Result Time,Granularity Period,Object Name,Reliability,"DOWNLINK TRAFFIC VOLUME","UPLINK TRAFFIC VOLUME"
,Minutes,,,MB,MB
2026-04-10 02:00,60,"PI_UIO_AMAZONAS_UL/Cell:eNodeB Function Name=PIC_UIO_AMAZONAS_L, Local Cell ID=1, Cell Name=PI_UIO_AMAZONAS_1, eNodeB ID=44080, Cell FDD TDD indication=CELL_FDD",Reliable,394.239,26.775
2026-04-10 02:00,60,"PI_UIO_AMAZONAS_UL/Cell:eNodeB Function Name=PIC_UIO_AMAZONAS_L, Local Cell ID=2, Cell Name=PI_UIO_AMAZONAS_2, eNodeB ID=44080, Cell FDD TDD indication=CELL_FDD",Reliable,6.821,1.374
2026-04-10 02:00,60,"PI_UIO_AMAZONAS_UL/Cell:eNodeB Function Name=PIC_UIO_AMAZONAS_L, Local Cell ID=3, Cell Name=PI_UIO_AMAZONAS_3, eNodeB ID=44080, Cell FDD TDD indication=CELL_FDD",Reliable,591.927,36.02
2026-04-10 02:00,60,"PI_UIO_AMAZONAS_UL/Cell:eNodeB Function Name=PIC_UIO_AMAZONAS_L, Local Cell ID=11, Cell Name=PI_UIO_AMAZONAS_11, eNodeB ID=44080, Cell FDD TDD indication=CELL_FDD",Reliable,0.007,0.015
2026-04-10 02:00,60,"PI_UIO_AMAZONAS_UL/Cell:eNodeB Function Name=PIC_UIO_AMAZONAS_L, Local Cell ID=12, Cell Name=PI_UIO_AMAZONAS_12, eNodeB ID=44080, Cell FDD TDD indication=CELL_FDD",Reliable,0.017,0.02
2026-04-10 02:00,60,"PI_UIO_AMAZONAS_UL/Cell:eNodeB Function Name=PIC_UIO_AMAZONAS_L, Local Cell ID=13, Cell Name=PI_UIO_AMAZONAS_13, eNodeB ID=44080, Cell FDD TDD indication=CELL_FDD",Reliable,0.002,0.004
2026-04-10 02:00,60,"PI_UIO_ISAAC_ALBENIZ_UL/Cell:eNodeB Function Name=PI_UIO_ISAAC_ALBENIZL21, Local Cell ID=1, Cell Name=PI_UIO_ISAAC_ALBENIZ_1, eNodeB ID=44133, Cell FDD TDD indication=CELL_FDD",Reliable,0.285,0.252
2026-04-10 02:00,60,"PI_UIO_ISAAC_ALBENIZ_UL/Cell:eNodeB Function Name=PI_UIO_ISAAC_ALBENIZL21, Local Cell ID=2, Cell Name=PI_UIO_ISAAC_ALBENIZ_2, eNodeB ID=44133, Cell FDD TDD indication=CELL_FDD",Reliable,39.763,4.829
2026-04-10 02:00,60,"PI_UIO_ISAAC_ALBENIZ_UL/Cell:eNodeB Function Name=PI_UIO_ISAAC_ALBENIZL21, Local Cell ID=3, Cell Name=PI_UIO_ISAAC_ALBENIZ_3, eNodeB ID=44133, Cell FDD TDD indication=CELL_FDD",Reliable,4.224,1.873
2026-04-10 02:00,60,"PI_UIO_BUGAMBILLAS_UL/Cell:eNodeB Function Name=PI_UIO_BUGAMBILLAS_L, Local Cell ID=1, Cell Name=PI_UIO_BUGAMBILLAS_1, eNodeB ID=44086, Cell FDD TDD indication=CELL_FDD",Reliable,1644.801,179.577
2026-04-10 02:00,60,"PI_UIO_BUGAMBILLAS_UL/Cell:eNodeB Function Name=PI_UIO_BUGAMBILLAS_L, Local Cell ID=2, Cell Name=PI_UIO_BUGAMBILLAS_2, eNodeB ID=44086, Cell FDD TDD indication=CELL_FDD",Reliable,1.211,0.539
2026-04-10 02:00,60,"PI_UIO_BUGAMBILLAS_UL/Cell:eNodeB Function Name=PI_UIO_BUGAMBILLAS_L, Local Cell ID=3, Cell Name=PI_UIO_BUGAMBILLAS_3, eNodeB ID=44086, Cell FDD TDD indication=CELL_FDD",Reliable,5.793,1.97
2026-04-10 02:00,60,"PI_UIO_BUGAMBILLAS_UL/Cell:eNodeB Function Name=PI_UIO_BUGAMBILLAS_L, Local Cell ID=11, Cell Name=PI_UIO_BUGAMBILLAS_11, eNodeB ID=44086, Cell FDD TDD indication=CELL_FDD",Reliable,2490.488,230.856
2026-04-10 02:00,60,"PI_UIO_BUGAMBILLAS_UL/Cell:eNodeB Function Name=PI_UIO_BUGAMBILLAS_L, Local Cell ID=12, Cell Name=PI_UIO_BUGAMBILLAS_12, eNodeB ID=44086, Cell FDD TDD indication=CELL_FDD",Reliable,0.004,0.003
2026-04-10 02:00,60,"PI_UIO_BUGAMBILLAS_UL/Cell:eNodeB Function Name=PI_UIO_BUGAMBILLAS_L, Local Cell ID=13, Cell Name=PI_UIO_BUGAMBILLAS_13, eNodeB ID=44086, Cell FDD TDD indication=CELL_FDD",Reliable,0.075,0.08
2026-04-10 02:00,60,"PI_UIO_GASPAR_DE_VILLAROEL_UL/Cell:eNodeB Function Name=PI_UIO_GASPAR_DE_VILLAROELL21, Local Cell ID=1, Cell Name=PI_UIO_GASPAR_DE_VILLAROEL_1, eNodeB ID=44127, Cell FDD TDD indication=CELL_FDD",Reliable,145.929,14.182
2026-04-10 02:00,60,"PI_UIO_GASPAR_DE_VILLAROEL_UL/Cell:eNodeB Function Name=PI_UIO_GASPAR_DE_VILLAROELL21, Local Cell ID=2, Cell Name=PI_UIO_GASPAR_DE_VILLAROEL_2, eNodeB ID=44127, Cell FDD TDD indication=CELL_FDD",Reliable,0.251,0.17
2026-04-10 02:00,60,"PI_UIO_GRANADOS_UL/Cell:eNodeB Function Name=PI_UIO_GRANADOSL21, Local Cell ID=1, Cell Name=PI_UIO_GRANADOS_1, eNodeB ID=44072, Cell FDD TDD indication=CELL_FDD",Reliable,59.601,6.891
2026-04-10 02:00,60,"PI_UIO_GRANADOS_UL/Cell:eNodeB Function Name=PI_UIO_GRANADOSL21, Local Cell ID=2, Cell Name=PI_UIO_GRANADOS_2, eNodeB ID=44072, Cell FDD TDD indication=CELL_FDD",Reliable,33.604,4.747
2026-04-10 02:00,60,"PIC_UIO_AMERICA_ULN/Cell:eNodeB Function Name=PIC_UIO_AMERICA_L, Local Cell ID=1, Cell Name=PIC_UIO_AMERICA_L21_1, eNodeB ID=44027, Cell FDD TDD indication=CELL_FDD",Reliable,2.301,3.104
2026-04-10 02:00,60,"PIC_UIO_AMERICA_ULN/Cell:eNodeB Function Name=PIC_UIO_AMERICA_L, Local Cell ID=2, Cell Name=PIC_UIO_AMERICA_L21_2, eNodeB ID=44027, Cell FDD TDD indication=CELL_FDD",Reliable,20.529,7.718
2026-04-10 02:00,60,"PIC_UIO_AMERICA_ULN/Cell:eNodeB Function Name=PIC_UIO_AMERICA_L, Local Cell ID=3, Cell Name=PIC_UIO_AMERICA_L21_3, eNodeB ID=44027, Cell FDD TDD indication=CELL_FDD",Reliable,108.666,8.56
2026-04-10 02:00,60,"PIC_UIO_AMERICA_ULN/Cell:eNodeB Function Name=PIC_UIO_AMERICA_L, Local Cell ID=7, Cell Name=PIC_UIO_AMERICA_L7_7, eNodeB ID=44027, Cell FDD TDD indication=CELL_FDD",Reliable,332.783,28.046
2026-04-10 02:00,60,"PIC_UIO_AMERICA_ULN/Cell:eNodeB Function Name=PIC_UIO_AMERICA_L, Local Cell ID=8, Cell Name=PIC_UIO_AMERICA_L7_8, eNodeB ID=44027, Cell FDD TDD indication=CELL_FDD",Reliable,5.88,1.331
2026-04-10 02:00,60,"PIC_UIO_AMERICA_ULN/Cell:eNodeB Function Name=PIC_UIO_AMERICA_L, Local Cell ID=9, Cell Name=PIC_UIO_AMERICA_L7_9, eNodeB ID=44027, Cell FDD TDD indication=CELL_FDD",Reliable,501.55,32.857
2026-04-10 02:00,60,"PIC_UIO_AMERICA_ULN/Cell:eNodeB Function Name=PIC_UIO_AMERICA_L, Local Cell ID=11, Cell Name=PIC_UIO_AMERICA_L19_11, eNodeB ID=44027, Cell FDD TDD indication=CELL_FDD",Reliable,6.598,2.325
2026-04-10 02:00,60,"PIC_UIO_AMERICA_ULN/Cell:eNodeB Function Name=PIC_UIO_AMERICA_L, Local Cell ID=12, Cell Name=PIC_UIO_AMERICA_L19_12, eNodeB ID=44027, Cell FDD TDD indication=CELL_FDD",Reliable,0.199,0.204
2026-04-10 02:00,60,"PIC_UIO_AMERICA_ULN/Cell:eNodeB Function Name=PIC_UIO_AMERICA_L, Local Cell ID=13, Cell Name=PIC_UIO_AMERICA_L19_13, eNodeB ID=44027, Cell FDD TDD indication=CELL_FDD",Reliable,0.018,0.011
2026-04-10 02:00,60,"PI_UIO_EL_LABRADOR_UL/Cell:eNodeB Function Name=PI_UIO_EL_LABRADORL21, Local Cell ID=1, Cell Name=PI_UIO_EL_LABRADOR_1, eNodeB ID=44119, Cell FDD TDD indication=CELL_FDD",Reliable,322.671,26.03
2026-04-10 02:00,60,"PI_UIO_EL_LABRADOR_UL/Cell:eNodeB Function Name=PI_UIO_EL_LABRADORL21, Local Cell ID=2, Cell Name=PI_UIO_EL_LABRADOR_2, eNodeB ID=44119, Cell FDD TDD indication=CELL_FDD",Reliable,0.928,0.218
2026-04-10 02:00,60,"PI_UIO_EL_LABRADOR_UL/Cell:eNodeB Function Name=PI_UIO_EL_LABRADORL21, Local Cell ID=3, Cell Name=PI_UIO_EL_LABRADOR_3, eNodeB ID=44119, Cell FDD TDD indication=CELL_FDD",Reliable,5.074,3.117
2026-04-10 02:00,60,"PIC_UIO_INAQUITO_UL/Cell:eNodeB Function Name=PIC_UIO_INAQUITO_L, Local Cell ID=1, Cell Name=PIC_UIO_INAQUITO_L21_1, eNodeB ID=44005, Cell FDD TDD indication=CELL_FDD",Reliable,42.281,5.024
2026-04-10 02:00,60,"PIC_UIO_INAQUITO_UL/Cell:eNodeB Function Name=PIC_UIO_INAQUITO_L, Local Cell ID=2, Cell Name=PIC_UIO_INAQUITO_L21_2, eNodeB ID=44005, Cell FDD TDD indication=CELL_FDD",Reliable,684.79,70.164
2026-04-10 02:00,60,"PIC_UIO_INAQUITO_UL/Cell:eNodeB Function Name=PIC_UIO_INAQUITO_L, Local Cell ID=3, Cell Name=PIC_UIO_INAQUITO_L21_3, eNodeB ID=44005, Cell FDD TDD indication=CELL_FDD",Reliable,10.315,1.428
2026-04-10 02:00,60,"PIC_UIO_INAQUITO_UL/Cell:eNodeB Function Name=PIC_UIO_INAQUITO_L, Local Cell ID=7, Cell Name=PIC_UIO_INAQUITO_L7_7, eNodeB ID=44005, Cell FDD TDD indication=CELL_FDD",Reliable,426.076,104.856
2026-04-10 02:00,60,"PIC_UIO_INAQUITO_UL/Cell:eNodeB Function Name=PIC_UIO_INAQUITO_L, Local Cell ID=8, Cell Name=PIC_UIO_INAQUITO_L7_8, eNodeB ID=44005, Cell FDD TDD indication=CELL_FDD",Reliable,4.57,0.483
2026-04-10 02:00,60,"PIC_UIO_INAQUITO_UL/Cell:eNodeB Function Name=PIC_UIO_INAQUITO_L, Local Cell ID=9, Cell Name=PIC_UIO_INAQUITO_L7_9, eNodeB ID=44005, Cell FDD TDD indication=CELL_FDD",Reliable,33.745,5.865
2026-04-10 02:00,60,"PIC_UIO_INAQUITO_UL/Cell:eNodeB Function Name=PIC_UIO_INAQUITO_L, Local Cell ID=11, Cell Name=PIC_UIO_INAQUITO_L19_11, eNodeB ID=44005, Cell FDD TDD indication=CELL_FDD",Reliable,5.102,2.601
2026-04-10 02:00,60,"PIC_UIO_INAQUITO_UL/Cell:eNodeB Function Name=PIC_UIO_INAQUITO_L, Local Cell ID=12, Cell Name=PIC_UIO_INAQUITO_L19_12, eNodeB ID=44005, Cell FDD TDD indication=CELL_FDD",Reliable,0.121,0.141
2026-04-10 02:00,60,"PIC_UIO_INAQUITO_UL/Cell:eNodeB Function Name=PIC_UIO_INAQUITO_L, Local Cell ID=13, Cell Name=PIC_UIO_INAQUITO_L19_13, eNodeB ID=44005, Cell FDD TDD indication=CELL_FDD",Reliable,3.259,0.17
2026-04-10 02:00,60,"PIC_UIO_BATAN_ALTO_ULN/Cell:eNodeB Function Name=PIC_UIO_BATAN_ALTO_L, Local Cell ID=1, Cell Name=PIC_UIO_BATAN_ALTO_L21_1, eNodeB ID=44062, Cell FDD TDD indication=CELL_FDD",Reliable,100.284,11.18
2026-04-10 02:00,60,"PIC_UIO_BATAN_ALTO_ULN/Cell:eNodeB Function Name=PIC_UIO_BATAN_ALTO_L, Local Cell ID=2, Cell Name=PIC_UIO_BATAN_ALTO_L21_2, eNodeB ID=44062, Cell FDD TDD indication=CELL_FDD",Reliable,551.606,23.292
2026-04-10 02:00,60,"PIC_UIO_BATAN_ALTO_ULN/Cell:eNodeB Function Name=PIC_UIO_BATAN_ALTO_L, Local Cell ID=3, Cell Name=PIC_UIO_BATAN_ALTO_L21_3, eNodeB ID=44062, Cell FDD TDD indication=CELL_FDD",Reliable,0,0
2026-04-10 02:00,60,"PIC_UIO_MANOSCA_ULN/Cell:eNodeB Function Name=PI_UIO_MANOSCAL21, Local Cell ID=1, Cell Name=PI_UIO_MANOSCA_1, eNodeB ID=44156, Cell FDD TDD indication=CELL_FDD",Reliable,247.837,99.303
2026-04-10 02:00,60,"PIC_UIO_MANOSCA_ULN/Cell:eNodeB Function Name=PI_UIO_MANOSCAL21, Local Cell ID=2, Cell Name=PI_UIO_MANOSCA_2, eNodeB ID=44156, Cell FDD TDD indication=CELL_FDD",Reliable,7.597,1.38
2026-04-10 02:00,60,"PIC_UIO_BELLAVISTA_ULN/Cell:eNodeB Function Name=PI_UIO_BELLAVISTAL21, Local Cell ID=1, Cell Name=PI_UIO_BELLAVISTA_1, eNodeB ID=44083, Cell FDD TDD indication=CELL_FDD",Reliable,2.295,0.825
2026-04-10 02:00,60,"PIC_UIO_BELLAVISTA_ULN/Cell:eNodeB Function Name=PI_UIO_BELLAVISTAL21, Local Cell ID=2, Cell Name=PI_UIO_BELLAVISTA_2, eNodeB ID=44083, Cell FDD TDD indication=CELL_FDD",Reliable,6.251,2.42
2026-04-10 02:00,60,"PI_UIO_PILLAGUA_UL/Cell:eNodeB Function Name=PIC_UIO_PILLAGUA_L, Local Cell ID=1, Cell Name=PIC_UIO_PILLAGUA_L21_1, eNodeB ID=44170, Cell FDD TDD indication=CELL_FDD",Reliable,226.246,7.055
2026-04-10 02:00,60,"PI_UIO_PILLAGUA_UL/Cell:eNodeB Function Name=PIC_UIO_PILLAGUA_L, Local Cell ID=2, Cell Name=PIC_UIO_PILLAGUA_L21_2, eNodeB ID=44170, Cell FDD TDD indication=CELL_FDD",Reliable,0.001,0.003
2026-04-10 02:00,60,"PI_UIO_REPUBLICA_DEL_SALVADOR_UL/Cell:eNodeB Function Name=PIC_UIO_REPUBLICA_DEL_SALVADOR_L, Local Cell ID=1, Cell Name=PI_UIO_REPUBLICA_DEL_SALVADOR_1, eNodeB ID=44182, Cell FDD TDD indication=CELL_FDD",Reliable,85.994,12.616
2026-04-10 02:00,60,"PI_UIO_REPUBLICA_DEL_SALVADOR_UL/Cell:eNodeB Function Name=PIC_UIO_REPUBLICA_DEL_SALVADOR_L, Local Cell ID=2, Cell Name=PI_UIO_REPUBLICA_DEL_SALVADOR_2, eNodeB ID=44182, Cell FDD TDD indication=CELL_FDD",Reliable,81.468,7.781
2026-04-10 02:00,60,"PIC_UIO_ATAHUALPA_ULN/Cell:eNodeB Function Name=PI_UIO_ATAHUALPA_L, Local Cell ID=1, Cell Name=PI_UIO_ATAHUALPA_1, eNodeB ID=44081, Cell FDD TDD indication=CELL_FDD",Reliable,81.793,17.577
2026-04-10 02:00,60,"PIC_UIO_ATAHUALPA_ULN/Cell:eNodeB Function Name=PI_UIO_ATAHUALPA_L, Local Cell ID=2, Cell Name=PI_UIO_ATAHUALPA_2, eNodeB ID=44081, Cell FDD TDD indication=CELL_FDD",Reliable,26.654,11.38
2026-04-10 02:00,60,"PIC_UIO_ATAHUALPA_ULN/Cell:eNodeB Function Name=PI_UIO_ATAHUALPA_L, Local Cell ID=3, Cell Name=PI_UIO_ATAHUALPA_3, eNodeB ID=44081, Cell FDD TDD indication=CELL_FDD",Reliable,1.618,1.187
2026-04-10 02:00,60,"PIC_UIO_ATAHUALPA_ULN/Cell:eNodeB Function Name=PI_UIO_ATAHUALPA_L, Local Cell ID=11, Cell Name=PI_UIO_ATAHUALPA_11, eNodeB ID=44081, Cell FDD TDD indication=CELL_FDD",Reliable,6.896,0.94
2026-04-10 02:00,60,"PIC_UIO_ATAHUALPA_ULN/Cell:eNodeB Function Name=PI_UIO_ATAHUALPA_L, Local Cell ID=12, Cell Name=PI_UIO_ATAHUALPA_12, eNodeB ID=44081, Cell FDD TDD indication=CELL_FDD",Reliable,0.886,0.567
2026-04-10 02:00,60,"PIC_UIO_ATAHUALPA_ULN/Cell:eNodeB Function Name=PI_UIO_ATAHUALPA_L, Local Cell ID=13, Cell Name=PI_UIO_ATAHUALPA_13, eNodeB ID=44081, Cell FDD TDD indication=CELL_FDD",Reliable,0.013,0.03
2026-04-10 02:00,60,"PI_UIO_RUMIPAMBA_UL/Cell:eNodeB Function Name=PI_UIO_RUMIPAMBAL21, Local Cell ID=1, Cell Name=PI_UIO_RUMIPAMBA_1, eNodeB ID=44028, Cell FDD TDD indication=CELL_FDD",Reliable,106.358,29.831
2026-04-10 02:00,60,"PI_UIO_RUMIPAMBA_UL/Cell:eNodeB Function Name=PI_UIO_RUMIPAMBAL21, Local Cell ID=2, Cell Name=PI_UIO_RUMIPAMBA_2, eNodeB ID=44028, Cell FDD TDD indication=CELL_FDD",Reliable,457.558,181.178
2026-04-10 02:00,60,"PI_UIO_RUMIPAMBA_UL/Cell:eNodeB Function Name=PI_UIO_RUMIPAMBAL21, Local Cell ID=3, Cell Name=PI_UIO_RUMIPAMBA_3, eNodeB ID=44028, Cell FDD TDD indication=CELL_FDD",Reliable,502.849,1280.006
2026-04-10 02:00,60,"PI_UIO_RIO_COCA_UL/Cell:eNodeB Function Name=PI_UIO_RIO_COCA_L, Local Cell ID=1, Cell Name=PI_UIO_RIO_COCA_1, eNodeB ID=44046, Cell FDD TDD indication=CELL_FDD",Reliable,7.265,3.325
2026-04-10 02:00,60,"PI_UIO_RIO_COCA_UL/Cell:eNodeB Function Name=PI_UIO_RIO_COCA_L, Local Cell ID=2, Cell Name=PI_UIO_RIO_COCA_2, eNodeB ID=44046, Cell FDD TDD indication=CELL_FDD",Reliable,0.681,0.385
2026-04-10 02:00,60,"PI_UIO_RIO_COCA_UL/Cell:eNodeB Function Name=PI_UIO_RIO_COCA_L, Local Cell ID=3, Cell Name=PI_UIO_RIO_COCA_3, eNodeB ID=44046, Cell FDD TDD indication=CELL_FDD",Reliable,232.362,19.248
2026-04-10 02:00,60,"PI_UIO_RIO_COCA_UL/Cell:eNodeB Function Name=PI_UIO_RIO_COCA_L, Local Cell ID=7, Cell Name=PI_UIO_RIO_COCA_7, eNodeB ID=44046, Cell FDD TDD indication=CELL_FDD",Reliable,445.181,9.84
2026-04-10 02:00,60,"PI_UIO_RIO_COCA_UL/Cell:eNodeB Function Name=PI_UIO_RIO_COCA_L, Local Cell ID=8, Cell Name=PI_UIO_RIO_COCA_8, eNodeB ID=44046, Cell FDD TDD indication=CELL_FDD",Reliable,3.652,0.598
2026-04-10 02:00,60,"PI_UIO_RIO_COCA_UL/Cell:eNodeB Function Name=PI_UIO_RIO_COCA_L, Local Cell ID=9, Cell Name=PI_UIO_RIO_COCA_9, eNodeB ID=44046, Cell FDD TDD indication=CELL_FDD",Reliable,120.789,9.039
2026-04-10 02:00,60,"PI_UIO_RIO_COCA_UL/Cell:eNodeB Function Name=PI_UIO_RIO_COCA_L, Local Cell ID=11, Cell Name=PI_UIO_RIO_COCA_11, eNodeB ID=44046, Cell FDD TDD indication=CELL_FDD",Reliable,0.048,0.011
2026-04-10 02:00,60,"PI_UIO_RIO_COCA_UL/Cell:eNodeB Function Name=PI_UIO_RIO_COCA_L, Local Cell ID=12, Cell Name=PI_UIO_RIO_COCA_12, eNodeB ID=44046, Cell FDD TDD indication=CELL_FDD",Reliable,0,0.002
2026-04-10 02:00,60,"PI_UIO_RIO_COCA_UL/Cell:eNodeB Function Name=PI_UIO_RIO_COCA_L, Local Cell ID=13, Cell Name=PI_UIO_RIO_COCA_13, eNodeB ID=44046, Cell FDD TDD indication=CELL_FDD",Reliable,0.066,0.046
2026-04-10 02:00,60,"PI_UIO_QUITO_TENIS_UL/Cell:eNodeB Function Name=PI_UIO_QUITO_TENISL21, Local Cell ID=1, Cell Name=PI_UIO_QUITO_TENIS_1, eNodeB ID=44016, Cell FDD TDD indication=CELL_FDD",Reliable,0.154,0.113
2026-04-10 02:00,60,"PI_UIO_QUITO_TENIS_UL/Cell:eNodeB Function Name=PI_UIO_QUITO_TENISL21, Local Cell ID=2, Cell Name=PI_UIO_QUITO_TENIS_2, eNodeB ID=44016, Cell FDD TDD indication=CELL_FDD",Reliable,6.769,2.262
2026-04-10 02:00,60,"PI_UIO_QUITO_TENIS_UL/Cell:eNodeB Function Name=PI_UIO_QUITO_TENISL21, Local Cell ID=3, Cell Name=PI_UIO_QUITO_TENIS_3, eNodeB ID=44016, Cell FDD TDD indication=CELL_FDD",Reliable,4.164,2.653
2026-04-10 02:00,60,"PI_UIO_QUITO_TENIS_UL/Cell:eNodeB Function Name=PI_UIO_QUITO_TENISL21, Local Cell ID=7, Cell Name=PI_UIO_QUITO_TENIS_APT_7, eNodeB ID=44016, Cell FDD TDD indication=CELL_FDD",Reliable,67.476,3.297
2026-04-10 02:00,60,"PI_UIO_QUITO_TENIS_UL/Cell:eNodeB Function Name=PI_UIO_QUITO_TENISL21, Local Cell ID=8, Cell Name=PI_UIO_QUITO_TENIS_APT_8, eNodeB ID=44016, Cell FDD TDD indication=CELL_FDD",Reliable,3.821,0.927
2026-04-10 02:00,60,"PI_UIO_QUITO_TENIS_UL/Cell:eNodeB Function Name=PI_UIO_QUITO_TENISL21, Local Cell ID=9, Cell Name=PI_UIO_QUITO_TENIS_APT_9, eNodeB ID=44016, Cell FDD TDD indication=CELL_FDD",Reliable,170.432,4.016
2026-04-10 02:00,60,"PI_UIO_LA_LUZ_UL/Cell:eNodeB Function Name=PI_UIO_LA_LUZ_L, Local Cell ID=1, Cell Name=PI_UIO_LA_LUZ_1, eNodeB ID=44038, Cell FDD TDD indication=CELL_FDD",Reliable,101.053,17.532
2026-04-10 02:00,60,"PI_UIO_LA_LUZ_UL/Cell:eNodeB Function Name=PI_UIO_LA_LUZ_L, Local Cell ID=2, Cell Name=PI_UIO_LA_LUZ_2, eNodeB ID=44038, Cell FDD TDD indication=CELL_FDD",Reliable,42.61,6.166
2026-04-10 02:00,60,"PI_UIO_LA_LUZ_UL/Cell:eNodeB Function Name=PI_UIO_LA_LUZ_L, Local Cell ID=3, Cell Name=PI_UIO_LA_LUZ_3, eNodeB ID=44038, Cell FDD TDD indication=CELL_FDD",Reliable,79.169,10.575
2026-04-10 02:00,60,"PI_UIO_LA_LUZ_UL/Cell:eNodeB Function Name=PI_UIO_LA_LUZ_L, Local Cell ID=11, Cell Name=PI_UIO_LA_LUZ_11, eNodeB ID=44038, Cell FDD TDD indication=CELL_FDD",Reliable,275.061,11.39
2026-04-10 02:00,60,"PI_UIO_LA_LUZ_UL/Cell:eNodeB Function Name=PI_UIO_LA_LUZ_L, Local Cell ID=12, Cell Name=PI_UIO_LA_LUZ_12, eNodeB ID=44038, Cell FDD TDD indication=CELL_FDD",Reliable,4.661,0.249
2026-04-10 02:00,60,"PI_UIO_LA_LUZ_UL/Cell:eNodeB Function Name=PI_UIO_LA_LUZ_L, Local Cell ID=13, Cell Name=PI_UIO_LA_LUZ_13, eNodeB ID=44038, Cell FDD TDD indication=CELL_FDD",Reliable,0.152,0.106
2026-04-10 02:00,60,"PI_UIO_CC_SAN_MARCOS_UL/Cell:eNodeB Function Name=PI_UIO_CC_SAN_MARCOSL21, Local Cell ID=1, Cell Name=PI_UIO_CC_SAN_MARCOS_1, eNodeB ID=44187, Cell FDD TDD indication=CELL_FDD",Reliable,2.933,0.886
2026-04-10 02:00,60,"PI_UIO_CC_SAN_MARCOS_UL/Cell:eNodeB Function Name=PI_UIO_CC_SAN_MARCOSL21, Local Cell ID=2, Cell Name=PI_UIO_CC_SAN_MARCOS_2, eNodeB ID=44187, Cell FDD TDD indication=CELL_FDD",Reliable,396.652,19.314
2026-04-10 02:00,60,"PI_UIO_CC_SAN_MARCOS_UL/Cell:eNodeB Function Name=PI_UIO_CC_SAN_MARCOSL21, Local Cell ID=3, Cell Name=PI_UIO_CC_SAN_MARCOS_3, eNodeB ID=44187, Cell FDD TDD indication=CELL_FDD",Reliable,60.435,8.098
2026-04-10 02:00,60,"PI_UIO_MURIALDO_UL/Cell:eNodeB Function Name=PIC_UIO_MURIALDO_L, Local Cell ID=1, Cell Name=PIC_UIO_MURIALDO_L1, eNodeB ID=44163, Cell FDD TDD indication=CELL_FDD",Reliable,9.21,3.891
2026-04-10 02:00,60,"PI_UIO_MURIALDO_UL/Cell:eNodeB Function Name=PIC_UIO_MURIALDO_L, Local Cell ID=2, Cell Name=PIC_UIO_MURIALDO_L2, eNodeB ID=44163, Cell FDD TDD indication=CELL_FDD",Reliable,135.223,3.971
2026-04-10 02:00,60,"PI_UIO_MURIALDO_UL/Cell:eNodeB Function Name=PIC_UIO_MURIALDO_L, Local Cell ID=7, Cell Name=PIC_UIO_MURIALDO_L7_7, eNodeB ID=44163, Cell FDD TDD indication=CELL_FDD",Reliable,180.926,13.89
2026-04-10 02:00,60,"PI_UIO_DE_LOS_PINOS_UL/Cell:eNodeB Function Name=PI_UIO_DE_LOS_PINOSL21, Local Cell ID=1, Cell Name=PI_UIO_DE_LOS_PINOS_1, eNodeB ID=44111, Cell FDD TDD indication=CELL_FDD",Reliable,17.699,3.399
2026-04-10 02:00,60,"PI_UIO_DE_LOS_PINOS_UL/Cell:eNodeB Function Name=PI_UIO_DE_LOS_PINOSL21, Local Cell ID=2, Cell Name=PI_UIO_DE_LOS_PINOS_2, eNodeB ID=44111, Cell FDD TDD indication=CELL_FDD",Reliable,462.071,25.246
2026-04-10 02:00,60,"PI_UIO_DE_LOS_ALAMOS_UL/Cell:eNodeB Function Name=PI_UIO_DE_LOS_ALAMOSL21, Local Cell ID=1, Cell Name=PI_UIO_DE_LOS_ALAMOS_1, eNodeB ID=44110, Cell FDD TDD indication=CELL_FDD",Reliable,88.02,53.103
2026-04-10 02:00,60,"PI_UIO_DE_LOS_ALAMOS_UL/Cell:eNodeB Function Name=PI_UIO_DE_LOS_ALAMOSL21, Local Cell ID=2, Cell Name=PI_UIO_DE_LOS_ALAMOS_2, eNodeB ID=44110, Cell FDD TDD indication=CELL_FDD",Reliable,61.147,8.008
2026-04-10 02:00,60,"PI_UIO_DE_LOS_ALAMOS_UL/Cell:eNodeB Function Name=PI_UIO_DE_LOS_ALAMOSL21, Local Cell ID=3, Cell Name=PI_UIO_DE_LOS_ALAMOS_3, eNodeB ID=44110, Cell FDD TDD indication=CELL_FDD",Reliable,656.377,19.634
2026-04-10 02:00,60,"PI_UIO_DE_LOS_ALAMOS_UL/Cell:eNodeB Function Name=PI_UIO_DE_LOS_ALAMOSL21, Local Cell ID=7, Cell Name=PI_UIO_DE_LOS_ALAMOS_APT_7, eNodeB ID=44110, Cell FDD TDD indication=CELL_FDD",Reliable,4.637,1.298
2026-04-10 02:00,60,"PI_UIO_DE_LOS_ALAMOS_UL/Cell:eNodeB Function Name=PI_UIO_DE_LOS_ALAMOSL21, Local Cell ID=8, Cell Name=PI_UIO_DE_LOS_ALAMOS_APT_8, eNodeB ID=44110, Cell FDD TDD indication=CELL_FDD",Reliable,475.058,41.209
2026-04-10 02:00,60,"PI_UIO_DE_LOS_ALAMOS_UL/Cell:eNodeB Function Name=PI_UIO_DE_LOS_ALAMOSL21, Local Cell ID=9, Cell Name=PI_UIO_DE_LOS_ALAMOS_APT_9, eNodeB ID=44110, Cell FDD TDD indication=CELL_FDD",Reliable,35.741,4.837
2026-04-10 02:00,60,"PI_UIO_SAN_JOSE_DEL_VALLE_UL/Cell:eNodeB Function Name=PIC_UIO_SAN_JOSE_DEL_VALLE_L, Local Cell ID=1, Cell Name=PIC_UIO_SAN_JOSE_DEL_VALLE_L21_1, eNodeB ID=44200, Cell FDD TDD indication=CELL_FDD",Reliable,57.58,3.246
2026-04-10 02:00,60,"PI_UIO_SAN_JOSE_DEL_VALLE_UL/Cell:eNodeB Function Name=PIC_UIO_SAN_JOSE_DEL_VALLE_L, Local Cell ID=2, Cell Name=PIC_UIO_SAN_JOSE_DEL_VALLE_L21_2, eNodeB ID=44200, Cell FDD TDD indication=CELL_FDD",Reliable,11.355,2.813
2026-04-10 02:00,60,"PI_UIO_SAN_JOSE_DEL_VALLE_UL/Cell:eNodeB Function Name=PIC_UIO_SAN_JOSE_DEL_VALLE_L, Local Cell ID=3, Cell Name=PIC_UIO_SAN_JOSE_DEL_VALLE_L21_3, eNodeB ID=44200, Cell FDD TDD indication=CELL_FDD",Reliable,325.764,32.133
2026-04-10 02:00,60,"PI_UIO_LA_MOYA_UL/Cell:eNodeB Function Name=PI_UIO_LA_MOYAL21, Local Cell ID=1, Cell Name=PI_UIO_LA_MOYA_1, eNodeB ID=44143, Cell FDD TDD indication=CELL_FDD",Reliable,24.637,4.592
2026-04-10 02:00,60,"PI_UIO_LA_MOYA_UL/Cell:eNodeB Function Name=PI_UIO_LA_MOYAL21, Local Cell ID=2, Cell Name=PI_UIO_LA_MOYA_2, eNodeB ID=44143, Cell FDD TDD indication=CELL_FDD",Reliable,132.977,16.109
2026-04-10 02:00,60,"PI_UIO_LA_MOYA_UL/Cell:eNodeB Function Name=PI_UIO_LA_MOYAL21, Local Cell ID=3, Cell Name=PI_UIO_LA_MOYA_3, eNodeB ID=44143, Cell FDD TDD indication=CELL_FDD",Reliable,39.005,14.25
2026-04-10 02:00,60,"PI_UIO_LA_MOYA_UL/Cell:eNodeB Function Name=PI_UIO_LA_MOYAL21, Local Cell ID=7, Cell Name=PI_UIO_LA_MOYA_APT_7, eNodeB ID=44143, Cell FDD TDD indication=CELL_FDD",Reliable,440.679,46.884
2026-04-10 02:00,60,"PI_UIO_LA_MOYA_UL/Cell:eNodeB Function Name=PI_UIO_LA_MOYAL21, Local Cell ID=8, Cell Name=PI_UIO_LA_MOYA_APT_8, eNodeB ID=44143, Cell FDD TDD indication=CELL_FDD",Reliable,1659.023,734.4
2026-04-10 02:00,60,"PI_UIO_LA_MOYA_UL/Cell:eNodeB Function Name=PI_UIO_LA_MOYAL21, Local Cell ID=9, Cell Name=PI_UIO_LA_MOYA_APT_9, eNodeB ID=44143, Cell FDD TDD indication=CELL_FDD",Reliable,114.978,12.452
2026-04-10 02:00,60,"PI_UIO_LUMBISI_UL/Cell:eNodeB Function Name=PI_UIO_LUMBISIL21, Local Cell ID=1, Cell Name=PIC_UIO_LUMBISI_L21_1, eNodeB ID=44154, Cell FDD TDD indication=CELL_FDD",Reliable,51.673,6.786
2026-04-10 02:00,60,"PI_UIO_LUMBISI_UL/Cell:eNodeB Function Name=PI_UIO_LUMBISIL21, Local Cell ID=2, Cell Name=PIC_UIO_LUMBISI_L21_2, eNodeB ID=44154, Cell FDD TDD indication=CELL_FDD",Reliable,33.812,4.229
2026-04-10 02:00,60,"PI_UIO_LUMBISI_UL/Cell:eNodeB Function Name=PI_UIO_LUMBISIL21, Local Cell ID=3, Cell Name=PIC_UIO_LUMBISI_L21_3, eNodeB ID=44154, Cell FDD TDD indication=CELL_FDD",Reliable,0.893,0.293
2026-04-10 02:00,60,"PI_UIO_LUMBISI_UL/Cell:eNodeB Function Name=PI_UIO_LUMBISIL21, Local Cell ID=7, Cell Name=PIC_UIO_LUMBISI_L7_7, eNodeB ID=44154, Cell FDD TDD indication=CELL_FDD",Reliable,10.094,2.109
2026-04-10 02:00,60,"PI_UIO_LUMBISI_UL/Cell:eNodeB Function Name=PI_UIO_LUMBISIL21, Local Cell ID=8, Cell Name=PIC_UIO_LUMBISI_L7_8, eNodeB ID=44154, Cell FDD TDD indication=CELL_FDD",Reliable,0.06,0.123
2026-04-10 02:00,60,"PI_UIO_LUMBISI_UL/Cell:eNodeB Function Name=PI_UIO_LUMBISIL21, Local Cell ID=9, Cell Name=PIC_UIO_LUMBISI_L7_9, eNodeB ID=44154, Cell FDD TDD indication=CELL_FDD",Reliable,86.791,24.189
2026-04-10 02:00,60,"PI_UIO_CC_SAN_LUIS_UL/Cell:eNodeB Function Name=PI_UIO_CC_SAN_LUIS_L, Local Cell ID=1, Cell Name=PI_UIO_CC_SAN_LUIS_1, eNodeB ID=44197, Cell FDD TDD indication=CELL_FDD",Reliable,13.136,0.618
2026-04-10 02:00,60,"PI_UIO_CC_SAN_LUIS_UL/Cell:eNodeB Function Name=PI_UIO_CC_SAN_LUIS_L, Local Cell ID=2, Cell Name=PI_UIO_CC_SAN_LUIS_2, eNodeB ID=44197, Cell FDD TDD indication=CELL_FDD",Reliable,82.086,3.917
2026-04-10 02:00,60,"PI_UIO_CC_SAN_LUIS_UL/Cell:eNodeB Function Name=PI_UIO_CC_SAN_LUIS_L, Local Cell ID=3, Cell Name=PI_UIO_CC_SAN_LUIS_3, eNodeB ID=44197, Cell FDD TDD indication=CELL_FDD",Reliable,55.07,5.9
2026-04-10 02:00,60,"PI_UIO_CC_SAN_LUIS_UL/Cell:eNodeB Function Name=PI_UIO_CC_SAN_LUIS_L, Local Cell ID=11, Cell Name=PI_UIO_CC_SAN_LUIS_11, eNodeB ID=44197, Cell FDD TDD indication=CELL_FDD",Reliable,2.272,21.414
2026-04-10 02:00,60,"PI_UIO_CC_SAN_LUIS_UL/Cell:eNodeB Function Name=PI_UIO_CC_SAN_LUIS_L, Local Cell ID=12, Cell Name=PI_UIO_CC_SAN_LUIS_12, eNodeB ID=44197, Cell FDD TDD indication=CELL_FDD",Reliable,4.316,13.748
2026-04-10 02:00,60,"PI_UIO_CC_SAN_LUIS_UL/Cell:eNodeB Function Name=PI_UIO_CC_SAN_LUIS_L, Local Cell ID=13, Cell Name=PI_UIO_CC_SAN_LUIS_13, eNodeB ID=44197, Cell FDD TDD indication=CELL_FDD",Reliable,0,0.321
2026-04-10 02:00,60,"PI_UIO_LA_COMUNA_UL/Cell:eNodeB Function Name=PI_UIO_LA_COMUNA_L, Local Cell ID=1, Cell Name=PI_UIO_LA_COMUNA_1, eNodeB ID=44138, Cell FDD TDD indication=CELL_FDD",Reliable,192.828,321.458
2026-04-10 02:00,60,"PI_UIO_LA_COMUNA_UL/Cell:eNodeB Function Name=PI_UIO_LA_COMUNA_L, Local Cell ID=2, Cell Name=PI_UIO_LA_COMUNA_2, eNodeB ID=44138, Cell FDD TDD indication=CELL_FDD",Reliable,27.328,3.535
2026-04-10 02:00,60,"PI_UIO_LA_COMUNA_UL/Cell:eNodeB Function Name=PI_UIO_LA_COMUNA_L, Local Cell ID=3, Cell Name=PI_UIO_LA_COMUNA_3, eNodeB ID=44138, Cell FDD TDD indication=CELL_FDD",Reliable,9.288,7.67
2026-04-10 02:00,60,"PI_UIO_LA_COMUNA_UL/Cell:eNodeB Function Name=PI_UIO_LA_COMUNA_L, Local Cell ID=11, Cell Name=PI_UIO_LA_COMUNA_11, eNodeB ID=44138, Cell FDD TDD indication=CELL_FDD",Reliable,15.531,0.304
2026-04-10 02:00,60,"PI_UIO_LA_COMUNA_UL/Cell:eNodeB Function Name=PI_UIO_LA_COMUNA_L, Local Cell ID=12, Cell Name=PI_UIO_LA_COMUNA_12, eNodeB ID=44138, Cell FDD TDD indication=CELL_FDD",Reliable,3.423,0.63
2026-04-10 02:00,60,"PI_UIO_LA_COMUNA_UL/Cell:eNodeB Function Name=PI_UIO_LA_COMUNA_L, Local Cell ID=13, Cell Name=PI_UIO_LA_COMUNA_13, eNodeB ID=44138, Cell FDD TDD indication=CELL_FDD",Reliable,1.359,1.193
2026-04-10 02:00,60,"PIC_UIO_TRIBUNAL_SUPREMO_ULN/Cell:eNodeB Function Name=PI_UIO_TRIBUNAL_SUPREMO_L, Local Cell ID=1, Cell Name=PI_UIO_TRIBUNAL_SUPREMO_1, eNodeB ID=44192, Cell FDD TDD indication=CELL_FDD",Reliable,82.388,8.186
2026-04-10 02:00,60,"PIC_UIO_TRIBUNAL_SUPREMO_ULN/Cell:eNodeB Function Name=PI_UIO_TRIBUNAL_SUPREMO_L, Local Cell ID=2, Cell Name=PI_UIO_TRIBUNAL_SUPREMO_2, eNodeB ID=44192, Cell FDD TDD indication=CELL_FDD",Reliable,8.865,3.056
2026-04-10 02:00,60,"PIC_UIO_TRIBUNAL_SUPREMO_ULN/Cell:eNodeB Function Name=PI_UIO_TRIBUNAL_SUPREMO_L, Local Cell ID=3, Cell Name=PI_UIO_TRIBUNAL_SUPREMO_3, eNodeB ID=44192, Cell FDD TDD indication=CELL_FDD",Reliable,127.014,19.037
2026-04-10 02:00,60,"PIC_UIO_TRIBUNAL_SUPREMO_ULN/Cell:eNodeB Function Name=PI_UIO_TRIBUNAL_SUPREMO_L, Local Cell ID=11, Cell Name=PI_UIO_TRIBUNAL_SUPREMO_11, eNodeB ID=44192, Cell FDD TDD indication=CELL_FDD",Reliable,1.667,0.44
2026-04-10 02:00,60,"PIC_UIO_TRIBUNAL_SUPREMO_ULN/Cell:eNodeB Function Name=PI_UIO_TRIBUNAL_SUPREMO_L, Local Cell ID=12, Cell Name=PI_UIO_TRIBUNAL_SUPREMO_12, eNodeB ID=44192, Cell FDD TDD indication=CELL_FDD",Reliable,0.039,0.021
2026-04-10 02:00,60,"PIC_UIO_TRIBUNAL_SUPREMO_ULN/Cell:eNodeB Function Name=PI_UIO_TRIBUNAL_SUPREMO_L, Local Cell ID=13, Cell Name=PI_UIO_TRIBUNAL_SUPREMO_13, eNodeB ID=44192, Cell FDD TDD indication=CELL_FDD",Reliable,2.436,0.188
2026-04-10 02:00,60,"PI_UIO_PARQUE_INGLES_UL/Cell:eNodeB Function Name=PI_UIO_PARQUE_INGLESL21, Local Cell ID=1, Cell Name=PI_UIO_PARQUE_INGLES_1, eNodeB ID=44167, Cell FDD TDD indication=CELL_FDD",Reliable,295.864,12.572
2026-04-10 02:00,60,"PI_UIO_PARQUE_INGLES_UL/Cell:eNodeB Function Name=PI_UIO_PARQUE_INGLESL21, Local Cell ID=2, Cell Name=PI_UIO_PARQUE_INGLES_2, eNodeB ID=44167, Cell FDD TDD indication=CELL_FDD",Reliable,3.948,2.296
2026-04-10 02:00,60,"PI_UIO_PARQUE_INGLES_UL/Cell:eNodeB Function Name=PI_UIO_PARQUE_INGLESL21, Local Cell ID=3, Cell Name=PI_UIO_PARQUE_INGLES_3, eNodeB ID=44167, Cell FDD TDD indication=CELL_FDD",Reliable,7.028,2.791
2026-04-10 02:00,60,"PI_UIO_CONOCOTO_UL/Cell:eNodeB Function Name=PI_UIO_CONOCOTOL21, Local Cell ID=1, Cell Name=PI_UIO_CONOCOTO_1, eNodeB ID=44022, Cell FDD TDD indication=CELL_FDD",Reliable,25.302,2.709
2026-04-10 02:00,60,"PI_UIO_CONOCOTO_UL/Cell:eNodeB Function Name=PI_UIO_CONOCOTOL21, Local Cell ID=2, Cell Name=PI_UIO_CONOCOTO_2, eNodeB ID=44022, Cell FDD TDD indication=CELL_FDD",Reliable,23.569,5.363
2026-04-10 02:00,60,"PI_UIO_CONOCOTO_UL/Cell:eNodeB Function Name=PI_UIO_CONOCOTOL21, Local Cell ID=3, Cell Name=PI_UIO_CONOCOTO_3, eNodeB ID=44022, Cell FDD TDD indication=CELL_FDD",Reliable,124.322,26.108
2026-04-10 02:00,60,"PI_UIO_CONOCOTO_UL/Cell:eNodeB Function Name=PI_UIO_CONOCOTOL21, Local Cell ID=7, Cell Name=PI_UIO_CONOCOTO_APT_7, eNodeB ID=44022, Cell FDD TDD indication=CELL_FDD",Reliable,75.674,3.505
2026-04-10 02:00,60,"PI_UIO_CONOCOTO_UL/Cell:eNodeB Function Name=PI_UIO_CONOCOTOL21, Local Cell ID=8, Cell Name=PI_UIO_CONOCOTO_APT_8, eNodeB ID=44022, Cell FDD TDD indication=CELL_FDD",Reliable,412.688,19.715
2026-04-10 02:00,60,"PI_UIO_CONOCOTO_UL/Cell:eNodeB Function Name=PI_UIO_CONOCOTOL21, Local Cell ID=9, Cell Name=PI_UIO_CONOCOTO_APT_9, eNodeB ID=44022, Cell FDD TDD indication=CELL_FDD",Reliable,411.485,73.236
2026-04-10 02:00,60,"PIC_UIO_ALAMEDA_ULN/Cell:eNodeB Function Name=PIC_UIO_ALAMEDA_L, Local Cell ID=1, Cell Name=PIC_UIO_ALAMEDA_L21_1, eNodeB ID=44030, Cell FDD TDD indication=CELL_FDD",Reliable,110.982,13.499
2026-04-10 02:00,60,"PIC_UIO_ALAMEDA_ULN/Cell:eNodeB Function Name=PIC_UIO_ALAMEDA_L, Local Cell ID=2, Cell Name=PIC_UIO_ALAMEDA_L21_2, eNodeB ID=44030, Cell FDD TDD indication=CELL_FDD",Reliable,87.818,2.304
2026-04-10 02:00,60,"PIC_UIO_ALAMEDA_ULN/Cell:eNodeB Function Name=PIC_UIO_ALAMEDA_L, Local Cell ID=3, Cell Name=PIC_UIO_ALAMEDA_L21_3, eNodeB ID=44030, Cell FDD TDD indication=CELL_FDD",Reliable,9.7,2.493
2026-04-10 02:00,60,"PIC_UIO_ALAMEDA_ULN/Cell:eNodeB Function Name=PIC_UIO_ALAMEDA_L, Local Cell ID=7, Cell Name=PIC_UIO_ALAMEDA_L7_7, eNodeB ID=44030, Cell FDD TDD indication=CELL_FDD",Reliable,733.044,84.608
2026-04-10 02:00,60,"PIC_UIO_ALAMEDA_ULN/Cell:eNodeB Function Name=PIC_UIO_ALAMEDA_L, Local Cell ID=8, Cell Name=PIC_UIO_ALAMEDA_L7_8, eNodeB ID=44030, Cell FDD TDD indication=CELL_FDD",Reliable,79.488,49.716
2026-04-10 02:00,60,"PIC_UIO_ALAMEDA_ULN/Cell:eNodeB Function Name=PIC_UIO_ALAMEDA_L, Local Cell ID=9, Cell Name=PIC_UIO_ALAMEDA_L7_9, eNodeB ID=44030, Cell FDD TDD indication=CELL_FDD",Reliable,34.641,7.506
2026-04-10 02:00,60,"PIC_UIO_ALAMEDA_ULN/Cell:eNodeB Function Name=PIC_UIO_ALAMEDA_L, Local Cell ID=11, Cell Name=PIC_UIO_ALAMEDA_L19_11, eNodeB ID=44030, Cell FDD TDD indication=CELL_FDD",Reliable,16.336,1.433
2026-04-10 02:00,60,"PIC_UIO_ALAMEDA_ULN/Cell:eNodeB Function Name=PIC_UIO_ALAMEDA_L, Local Cell ID=12, Cell Name=PIC_UIO_ALAMEDA_L19_12, eNodeB ID=44030, Cell FDD TDD indication=CELL_FDD",Reliable,2.308,0.396
2026-04-10 02:00,60,"PIC_UIO_ALAMEDA_ULN/Cell:eNodeB Function Name=PIC_UIO_ALAMEDA_L, Local Cell ID=13, Cell Name=PIC_UIO_ALAMEDA_L19_13, eNodeB ID=44030, Cell FDD TDD indication=CELL_FDD",Reliable,2.162,1.667
2026-04-10 02:00,60,"PI_UIO_VACA_DE_CASTRO_UL/Cell:eNodeB Function Name=PI_UIO_VACA_DE_CASTROL21, Local Cell ID=1, Cell Name=PI_UIO_VACA_DE_CASTRO_1, eNodeB ID=44194, Cell FDD TDD indication=CELL_FDD",Reliable,12.711,3.448
2026-04-10 02:00,60,"PI_UIO_VACA_DE_CASTRO_UL/Cell:eNodeB Function Name=PI_UIO_VACA_DE_CASTROL21, Local Cell ID=2, Cell Name=PI_UIO_VACA_DE_CASTRO_2, eNodeB ID=44194, Cell FDD TDD indication=CELL_FDD",Reliable,6.597,1.875
2026-04-10 02:00,60,"PI_UIO_VACA_DE_CASTRO_UL/Cell:eNodeB Function Name=PI_UIO_VACA_DE_CASTROL21, Local Cell ID=3, Cell Name=PI_UIO_VACA_DE_CASTRO_3, eNodeB ID=44194, Cell FDD TDD indication=CELL_FDD",Reliable,116.607,7.268
2026-04-10 02:00,60,"PIC_UIO_TOMAS_DE_BERLANGA_ULN/Cell:eNodeB Function Name=PI_UIO_TOMAS_DE_BERLANGA_L, Local Cell ID=1, Cell Name=PI_UIO_TOMAS_DE_BERLANGA_1, eNodeB ID=44191, Cell FDD TDD indication=CELL_FDD",Reliable,9.805,2.277
2026-04-10 02:00,60,"PIC_UIO_TOMAS_DE_BERLANGA_ULN/Cell:eNodeB Function Name=PI_UIO_TOMAS_DE_BERLANGA_L, Local Cell ID=2, Cell Name=PI_UIO_TOMAS_DE_BERLANGA_2, eNodeB ID=44191, Cell FDD TDD indication=CELL_FDD",Reliable,18.464,95.679
2026-04-10 02:00,60,"PIC_UIO_TOMAS_DE_BERLANGA_ULN/Cell:eNodeB Function Name=PI_UIO_TOMAS_DE_BERLANGA_L, Local Cell ID=3, Cell Name=PI_UIO_TOMAS_DE_BERLANGA_3, eNodeB ID=44191, Cell FDD TDD indication=CELL_FDD",Reliable,183.817,9.854
2026-04-10 02:00,60,"PIC_UIO_TOMAS_DE_BERLANGA_ULN/Cell:eNodeB Function Name=PI_UIO_TOMAS_DE_BERLANGA_L, Local Cell ID=11, Cell Name=PI_UIO_TOMAS_DE_BERLANGA_11, eNodeB ID=44191, Cell FDD TDD indication=CELL_FDD",Reliable,14.187,0.73
2026-04-10 02:00,60,"PIC_UIO_TOMAS_DE_BERLANGA_ULN/Cell:eNodeB Function Name=PI_UIO_TOMAS_DE_BERLANGA_L, Local Cell ID=12, Cell Name=PI_UIO_TOMAS_DE_BERLANGA_12, eNodeB ID=44191, Cell FDD TDD indication=CELL_FDD",Reliable,0,0
2026-04-10 02:00,60,"PIC_UIO_TOMAS_DE_BERLANGA_ULN/Cell:eNodeB Function Name=PI_UIO_TOMAS_DE_BERLANGA_L, Local Cell ID=13, Cell Name=PI_UIO_TOMAS_DE_BERLANGA_13, eNodeB ID=44191, Cell FDD TDD indication=CELL_FDD",Reliable,0.017,0.019
2026-04-10 02:00,60,"PI_UIO_LA_GASCA_UL/Cell:eNodeB Function Name=PI_UIO_LA_GASCAL21, Local Cell ID=1, Cell Name=PI_UIO_LA_GASCA_1, eNodeB ID=44139, Cell FDD TDD indication=CELL_FDD",Reliable,161.528,20.351
2026-04-10 02:00,60,"PI_UIO_LA_GASCA_UL/Cell:eNodeB Function Name=PI_UIO_LA_GASCAL21, Local Cell ID=2, Cell Name=PI_UIO_LA_GASCA_2, eNodeB ID=44139, Cell FDD TDD indication=CELL_FDD",Reliable,249.482,21.995
2026-04-10 02:00,60,"PI_UIO_LA_GASCA_UL/Cell:eNodeB Function Name=PI_UIO_LA_GASCAL21, Local Cell ID=3, Cell Name=PI_UIO_LA_GASCA_3, eNodeB ID=44139, Cell FDD TDD indication=CELL_FDD",Reliable,321.34,34.17
2026-04-10 02:00,60,"PIC_UIO_MARISCAL_SUCRE_ULN/Cell:eNodeB Function Name=PIC_UIO_MARISCAL_SUCRE_L, Local Cell ID=1, Cell Name=PIC_UIO_MARISCAL_SUCRE_L21_1, eNodeB ID=44008, Cell FDD TDD indication=CELL_FDD",Reliable,265.42,42.588
2026-04-10 02:00,60,"PIC_UIO_MARISCAL_SUCRE_ULN/Cell:eNodeB Function Name=PIC_UIO_MARISCAL_SUCRE_L, Local Cell ID=2, Cell Name=PIC_UIO_MARISCAL_SUCRE_L21_2, eNodeB ID=44008, Cell FDD TDD indication=CELL_FDD",Reliable,161.91,28.105
2026-04-10 02:00,60,"PIC_UIO_MARISCAL_SUCRE_ULN/Cell:eNodeB Function Name=PIC_UIO_MARISCAL_SUCRE_L, Local Cell ID=3, Cell Name=PIC_UIO_MARISCAL_SUCRE_L21_3, eNodeB ID=44008, Cell FDD TDD indication=CELL_FDD",Reliable,25.481,3.262
2026-04-10 02:00,60,"PIC_UIO_MARISCAL_SUCRE_ULN/Cell:eNodeB Function Name=PIC_UIO_MARISCAL_SUCRE_L, Local Cell ID=7, Cell Name=PIC_UIO_MARISCAL_SUCRE_L7_7, eNodeB ID=44008, Cell FDD TDD indication=CELL_FDD",Reliable,83.806,6.983
2026-04-10 02:00,60,"PIC_UIO_MARISCAL_SUCRE_ULN/Cell:eNodeB Function Name=PIC_UIO_MARISCAL_SUCRE_L, Local Cell ID=8, Cell Name=PIC_UIO_MARISCAL_SUCRE_L7_8, eNodeB ID=44008, Cell FDD TDD indication=CELL_FDD",Reliable,286.035,25.71
2026-04-10 02:00,60,"PIC_UIO_MARISCAL_SUCRE_ULN/Cell:eNodeB Function Name=PIC_UIO_MARISCAL_SUCRE_L, Local Cell ID=9, Cell Name=PIC_UIO_MARISCAL_SUCRE_L7_9, eNodeB ID=44008, Cell FDD TDD indication=CELL_FDD",Reliable,47.201,4.605
2026-04-10 02:00,60,"PIC_UIO_MARISCAL_SUCRE_ULN/Cell:eNodeB Function Name=PIC_UIO_MARISCAL_SUCRE_L, Local Cell ID=11, Cell Name=PIC_UIO_MARISCAL_SUCRE_L19_11, eNodeB ID=44008, Cell FDD TDD indication=CELL_FDD",Reliable,14.73,1.209
2026-04-10 02:00,60,"PIC_UIO_MARISCAL_SUCRE_ULN/Cell:eNodeB Function Name=PIC_UIO_MARISCAL_SUCRE_L, Local Cell ID=12, Cell Name=PIC_UIO_MARISCAL_SUCRE_L19_12, eNodeB ID=44008, Cell FDD TDD indication=CELL_FDD",Reliable,1.396,0.504
2026-04-10 02:00,60,"PIC_UIO_MARISCAL_SUCRE_ULN/Cell:eNodeB Function Name=PIC_UIO_MARISCAL_SUCRE_L, Local Cell ID=13, Cell Name=PIC_UIO_MARISCAL_SUCRE_L19_13, eNodeB ID=44008, Cell FDD TDD indication=CELL_FDD",Reliable,0.074,0.062
2026-04-10 02:00,60,"PI_UIO_PEDRO_ALVARADO_UL/Cell:eNodeB Function Name=PI_UIO_PEDRO_ALVARADOL21, Local Cell ID=1, Cell Name=PI_UIO_PEDRO_ALVARADO_1, eNodeB ID=44169, Cell FDD TDD indication=CELL_FDD",Reliable,79.003,5.858
2026-04-10 02:00,60,"PI_UIO_PEDRO_ALVARADO_UL/Cell:eNodeB Function Name=PI_UIO_PEDRO_ALVARADOL21, Local Cell ID=2, Cell Name=PI_UIO_PEDRO_ALVARADO_2, eNodeB ID=44169, Cell FDD TDD indication=CELL_FDD",Reliable,38.469,3.331
2026-04-10 02:00,60,"PI_UIO_PEDRO_ALVARADO_UL/Cell:eNodeB Function Name=PI_UIO_PEDRO_ALVARADOL21, Local Cell ID=3, Cell Name=PI_UIO_PEDRO_ALVARADO_3, eNodeB ID=44169, Cell FDD TDD indication=CELL_FDD",Reliable,11.884,1.232
2026-04-10 02:00,60,"PI_UIO_FLORIDA_UL/Cell:eNodeB Function Name=PI_UIO_FLORIDAL21, Local Cell ID=1, Cell Name=PI_UIO_FLORIDA_1, eNodeB ID=44126, Cell FDD TDD indication=CELL_FDD",Reliable,122.676,8.69
2026-04-10 02:00,60,"PI_UIO_FLORIDA_UL/Cell:eNodeB Function Name=PI_UIO_FLORIDAL21, Local Cell ID=2, Cell Name=PI_UIO_FLORIDA_2, eNodeB ID=44126, Cell FDD TDD indication=CELL_FDD",Reliable,10.663,5.031
2026-04-10 02:00,60,"PI_UIO_FLORIDA_UL/Cell:eNodeB Function Name=PI_UIO_FLORIDAL21, Local Cell ID=3, Cell Name=PI_UIO_FLORIDA_3, eNodeB ID=44126, Cell FDD TDD indication=CELL_FDD",Reliable,3.602,0.854
2026-04-10 02:00,60,"PI_UIO_HERMANO_MIGUEL_UL/Cell:eNodeB Function Name=PI_UIO_HERMANO_MIGUELL21, Local Cell ID=1, Cell Name=PI_UIO_HERMANO_MIGUEL_1, eNodeB ID=44104, Cell FDD TDD indication=CELL_FDD",Reliable,29.26,5.527
2026-04-10 02:00,60,"PI_UIO_HERMANO_MIGUEL_UL/Cell:eNodeB Function Name=PI_UIO_HERMANO_MIGUELL21, Local Cell ID=2, Cell Name=PI_UIO_HERMANO_MIGUEL_2, eNodeB ID=44104, Cell FDD TDD indication=CELL_FDD",Reliable,9.557,1.32
2026-04-10 02:00,60,"PI_UIO_HERMANO_MIGUEL_UL/Cell:eNodeB Function Name=PI_UIO_HERMANO_MIGUELL21, Local Cell ID=3, Cell Name=PI_UIO_HERMANO_MIGUEL_3, eNodeB ID=44104, Cell FDD TDD indication=CELL_FDD",Reliable,1.094,0.436
2026-04-10 02:00,60,"PI_UIO_ALONSO_DE_ANGULO_UL/Cell:eNodeB Function Name=PI_UIO_ALONSO_DE_ANGULO_L, Local Cell ID=1, Cell Name=PI_UIO_ALONSO_DE_ANGULO_1, eNodeB ID=44058, Cell FDD TDD indication=CELL_FDD",Reliable,451.466,43.033
2026-04-10 02:00,60,"PI_UIO_ALONSO_DE_ANGULO_UL/Cell:eNodeB Function Name=PI_UIO_ALONSO_DE_ANGULO_L, Local Cell ID=2, Cell Name=PI_UIO_ALONSO_DE_ANGULO_2, eNodeB ID=44058, Cell FDD TDD indication=CELL_FDD",Reliable,143.376,9.947
2026-04-10 02:00,60,"PI_UIO_ALONSO_DE_ANGULO_UL/Cell:eNodeB Function Name=PI_UIO_ALONSO_DE_ANGULO_L, Local Cell ID=3, Cell Name=PI_UIO_ALONSO_DE_ANGULO_3, eNodeB ID=44058, Cell FDD TDD indication=CELL_FDD",Reliable,203.039,13.112
2026-04-10 02:00,60,"PI_UIO_ALONSO_DE_ANGULO_UL/Cell:eNodeB Function Name=PI_UIO_ALONSO_DE_ANGULO_L, Local Cell ID=7, Cell Name=PI_UIO_ALONSO_DE_ANGULO_APT_7, eNodeB ID=44058, Cell FDD TDD indication=CELL_FDD",Reliable,28.397,9.72
2026-04-10 02:00,60,"PI_UIO_ALONSO_DE_ANGULO_UL/Cell:eNodeB Function Name=PI_UIO_ALONSO_DE_ANGULO_L, Local Cell ID=8, Cell Name=PI_UIO_ALONSO_DE_ANGULO_APT_8, eNodeB ID=44058, Cell FDD TDD indication=CELL_FDD",Reliable,213.278,14.196
2026-04-10 02:00,60,"PI_UIO_ALONSO_DE_ANGULO_UL/Cell:eNodeB Function Name=PI_UIO_ALONSO_DE_ANGULO_L, Local Cell ID=9, Cell Name=PI_UIO_ALONSO_DE_ANGULO_APT_9, eNodeB ID=44058, Cell FDD TDD indication=CELL_FDD",Reliable,249.412,24.731
2026-04-10 02:00,60,"PI_UIO_ALONSO_DE_ANGULO_UL/Cell:eNodeB Function Name=PI_UIO_ALONSO_DE_ANGULO_L, Local Cell ID=11, Cell Name=PI_UIO_ALONSO_DE_ANGULO_11, eNodeB ID=44058, Cell FDD TDD indication=CELL_FDD",Reliable,0,0
2026-04-10 02:00,60,"PI_UIO_ALONSO_DE_ANGULO_UL/Cell:eNodeB Function Name=PI_UIO_ALONSO_DE_ANGULO_L, Local Cell ID=12, Cell Name=PI_UIO_ALONSO_DE_ANGULO_12, eNodeB ID=44058, Cell FDD TDD indication=CELL_FDD",Reliable,0.016,0.022
2026-04-10 02:00,60,"PI_UIO_ALONSO_DE_ANGULO_UL/Cell:eNodeB Function Name=PI_UIO_ALONSO_DE_ANGULO_L, Local Cell ID=13, Cell Name=PI_UIO_ALONSO_DE_ANGULO_13, eNodeB ID=44058, Cell FDD TDD indication=CELL_FDD",Reliable,2.82,0.16
2026-04-10 02:00,60,"PI_UIO_EL_RECREO_UL/Cell:eNodeB Function Name=PI_UIO_EL_RECREO_L, Local Cell ID=1, Cell Name=PI_UIO_EL_RECREO_1, eNodeB ID=44121, Cell FDD TDD indication=CELL_FDD",Reliable,27.669,4.408
2026-04-10 02:00,60,"PI_UIO_EL_RECREO_UL/Cell:eNodeB Function Name=PI_UIO_EL_RECREO_L, Local Cell ID=2, Cell Name=PI_UIO_EL_RECREO_2, eNodeB ID=44121, Cell FDD TDD indication=CELL_FDD",Reliable,6.296,2.338
2026-04-10 02:00,60,"PI_UIO_EL_RECREO_UL/Cell:eNodeB Function Name=PI_UIO_EL_RECREO_L, Local Cell ID=3, Cell Name=PI_UIO_EL_RECREO_3, eNodeB ID=44121, Cell FDD TDD indication=CELL_FDD",Reliable,43.479,10.713
2026-04-10 02:00,60,"PI_UIO_EL_RECREO_UL/Cell:eNodeB Function Name=PI_UIO_EL_RECREO_L, Local Cell ID=11, Cell Name=PI_UIO_EL_RECREO_11, eNodeB ID=44121, Cell FDD TDD indication=CELL_FDD",Reliable,0.002,0.125
2026-04-10 02:00,60,"PI_UIO_EL_RECREO_UL/Cell:eNodeB Function Name=PI_UIO_EL_RECREO_L, Local Cell ID=12, Cell Name=PI_UIO_EL_RECREO_12, eNodeB ID=44121, Cell FDD TDD indication=CELL_FDD",Reliable,0.022,0.013
2026-04-10 02:00,60,"PI_UIO_EL_RECREO_UL/Cell:eNodeB Function Name=PI_UIO_EL_RECREO_L, Local Cell ID=13, Cell Name=PI_UIO_EL_RECREO_13, eNodeB ID=44121, Cell FDD TDD indication=CELL_FDD",Reliable,1.544,0.65
2026-04-10 02:00,60,"PI_UIO_CHIRIYACU_ALTO_UL/Cell:eNodeB Function Name=PI_UIO_CHIRIYACU_ALTO_UL, Local Cell ID=1, Cell Name=PI_UIO_CHIRIYACU_ALTO_1, eNodeB ID=44098, Cell FDD TDD indication=CELL_FDD",Reliable,14.714,3.179
2026-04-10 02:00,60,"PI_UIO_CHIRIYACU_ALTO_UL/Cell:eNodeB Function Name=PI_UIO_CHIRIYACU_ALTO_UL, Local Cell ID=2, Cell Name=PI_UIO_CHIRIYACU_ALTO_2, eNodeB ID=44098, Cell FDD TDD indication=CELL_FDD",Reliable,438.919,18.317
2026-04-10 02:00,60,"PI_UIO_CINCO_ESQUINAS_UL/Cell:eNodeB Function Name=PI_UIO_CINCO_ESQUINAS_UL, Local Cell ID=1, Cell Name=PI_UIO_CINCO_ESQUINAS_1, eNodeB ID=44099, Cell FDD TDD indication=CELL_FDD",Reliable,1260.167,14.301
2026-04-10 02:00,60,"PI_UIO_CINCO_ESQUINAS_UL/Cell:eNodeB Function Name=PI_UIO_CINCO_ESQUINAS_UL, Local Cell ID=2, Cell Name=PI_UIO_CINCO_ESQUINAS_2, eNodeB ID=44099, Cell FDD TDD indication=CELL_FDD",Reliable,181.447,13.489
2026-04-10 02:00,60,"PI_UIO_CINCO_ESQUINAS_UL/Cell:eNodeB Function Name=PI_UIO_CINCO_ESQUINAS_UL, Local Cell ID=3, Cell Name=PI_UIO_CINCO_ESQUINAS_3, eNodeB ID=44099, Cell FDD TDD indication=CELL_FDD",Reliable,14.105,0.92
2026-04-10 02:00,60,"PI_UIO_EL_TEJAR_UL/Cell:eNodeB Function Name=PI_UIO_EL_TEJARL21, Local Cell ID=1, Cell Name=PI_UIO_EL_TEJAR_1, eNodeB ID=44122, Cell FDD TDD indication=CELL_FDD",Reliable,99.886,18.417
2026-04-10 02:00,60,"PI_UIO_EL_TEJAR_UL/Cell:eNodeB Function Name=PI_UIO_EL_TEJARL21, Local Cell ID=2, Cell Name=PI_UIO_EL_TEJAR_2, eNodeB ID=44122, Cell FDD TDD indication=CELL_FDD",Reliable,16.621,4.162
2026-04-10 02:00,60,"PI_UIO_AGUA_CLARA_UL/Cell:eNodeB Function Name=PI_UIO_AGUA_CLARAL21, Local Cell ID=1, Cell Name=PI_UIO_AGUA_CLARA_1, eNodeB ID=44077, Cell FDD TDD indication=CELL_FDD",Reliable,88.484,12.324
2026-04-10 02:00,60,"PI_UIO_AGUA_CLARA_UL/Cell:eNodeB Function Name=PI_UIO_AGUA_CLARAL21, Local Cell ID=2, Cell Name=PI_UIO_AGUA_CLARA_2, eNodeB ID=44077, Cell FDD TDD indication=CELL_FDD",Reliable,60.108,8.573
2026-04-10 02:00,60,"PI_UIO_COTOCOLLAO_UL/Cell:eNodeB Function Name=PI_UIO_COTOCOLLAOL21, Local Cell ID=1, Cell Name=PI_UIO_COTOCOLLAO_1, eNodeB ID=44107, Cell FDD TDD indication=CELL_FDD",Reliable,76.839,5.728
2026-04-10 02:00,60,"PI_UIO_COTOCOLLAO_UL/Cell:eNodeB Function Name=PI_UIO_COTOCOLLAOL21, Local Cell ID=2, Cell Name=PI_UIO_COTOCOLLAO_2, eNodeB ID=44107, Cell FDD TDD indication=CELL_FDD",Reliable,0.754,0.455
2026-04-10 02:00,60,"PI_UIO_COTOCOLLAO_UL/Cell:eNodeB Function Name=PI_UIO_COTOCOLLAOL21, Local Cell ID=3, Cell Name=PI_UIO_COTOCOLLAO_3, eNodeB ID=44107, Cell FDD TDD indication=CELL_FDD",Reliable,6.847,2.314
2026-04-10 02:00,60,"PI_UIO_SAN_CARLOS_UL/Cell:eNodeB Function Name=PI_UIO_SAN_CARLOSL21, Local Cell ID=1, Cell Name=PI_UIO_SAN_CARLOS_1, eNodeB ID=44930, Cell FDD TDD indication=CELL_FDD",Reliable,82.262,11.778
2026-04-10 02:00,60,"PI_UIO_SAN_CARLOS_UL/Cell:eNodeB Function Name=PI_UIO_SAN_CARLOSL21, Local Cell ID=2, Cell Name=PI_UIO_SAN_CARLOS_2, eNodeB ID=44930, Cell FDD TDD indication=CELL_FDD",Reliable,39.254,8.511
2026-04-10 02:00,60,"PI_UIO_SAN_CARLOS_UL/Cell:eNodeB Function Name=PI_UIO_SAN_CARLOSL21, Local Cell ID=3, Cell Name=PI_UIO_SAN_CARLOS_3, eNodeB ID=44930, Cell FDD TDD indication=CELL_FDD",Reliable,291.761,15.565
2026-04-10 02:00,60,"PI_UIO_EL_CONDADO_UL/Cell:eNodeB Function Name=PI_UIO_EL_CONDADOL21, Local Cell ID=1, Cell Name=PI_UIO_EL_CONDADO_1, eNodeB ID=44003, Cell FDD TDD indication=CELL_FDD",Reliable,179.724,2291.871
2026-04-10 02:00,60,"PI_UIO_EL_CONDADO_UL/Cell:eNodeB Function Name=PI_UIO_EL_CONDADOL21, Local Cell ID=2, Cell Name=PI_UIO_EL_CONDADO_2, eNodeB ID=44003, Cell FDD TDD indication=CELL_FDD",Reliable,265.588,25.705
2026-04-10 02:00,60,"PI_UIO_EL_CONDADO_UL/Cell:eNodeB Function Name=PI_UIO_EL_CONDADOL21, Local Cell ID=3, Cell Name=PI_UIO_EL_CONDADO_3, eNodeB ID=44003, Cell FDD TDD indication=CELL_FDD",Reliable,47.952,9.874
2026-04-10 02:00,60,"PI_UIO_EL_CONDADO_UL/Cell:eNodeB Function Name=PI_UIO_EL_CONDADOL21, Local Cell ID=7, Cell Name=PI_UIO_EL_CONDADO_APT_7, eNodeB ID=44003, Cell FDD TDD indication=CELL_FDD",Reliable,40.737,10.5
2026-04-10 02:00,60,"PI_UIO_EL_CONDADO_UL/Cell:eNodeB Function Name=PI_UIO_EL_CONDADOL21, Local Cell ID=8, Cell Name=PI_UIO_EL_CONDADO_APT_8, eNodeB ID=44003, Cell FDD TDD indication=CELL_FDD",Reliable,421.009,53.664
2026-04-10 02:00,60,"PI_UIO_EL_CONDADO_UL/Cell:eNodeB Function Name=PI_UIO_EL_CONDADOL21, Local Cell ID=9, Cell Name=PI_UIO_EL_CONDADO_APT_9, eNodeB ID=44003, Cell FDD TDD indication=CELL_FDD",Reliable,4.12,1.397
2026-04-10 02:00,60,"PI_UIO_CHILIBULO_UL/Cell:eNodeB Function Name=PI_UIO_CHILIBULOL21, Local Cell ID=1, Cell Name=PI_UIO_CHILIBULO_1, eNodeB ID=44097, Cell FDD TDD indication=CELL_FDD",Reliable,104.224,5.693
2026-04-10 02:00,60,"PI_UIO_CHILIBULO_UL/Cell:eNodeB Function Name=PI_UIO_CHILIBULOL21, Local Cell ID=2, Cell Name=PI_UIO_CHILIBULO_2, eNodeB ID=44097, Cell FDD TDD indication=CELL_FDD",Reliable,230.441,22.032
2026-04-10 02:00,60,"PI_UIO_ABELARDO_MONCAYO_UL/Cell:eNodeB Function Name=PI_UIO_ABELARDO_MONCAYOL21, Local Cell ID=1, Cell Name=PI_UIO_ABELARDO_MONCAYO_1, eNodeB ID=44076, Cell FDD TDD indication=CELL_FDD",Reliable,5.489,1.282
2026-04-10 02:00,60,"PI_UIO_ABELARDO_MONCAYO_UL/Cell:eNodeB Function Name=PI_UIO_ABELARDO_MONCAYOL21, Local Cell ID=2, Cell Name=PI_UIO_ABELARDO_MONCAYO_2, eNodeB ID=44076, Cell FDD TDD indication=CELL_FDD",Reliable,10.222,3.32
2026-04-10 02:00,60,"PI_UIO_ABELARDO_MONCAYO_UL/Cell:eNodeB Function Name=PI_UIO_ABELARDO_MONCAYOL21, Local Cell ID=3, Cell Name=PI_UIO_ABELARDO_MONCAYO_3, eNodeB ID=44076, Cell FDD TDD indication=CELL_FDD",Reliable,10.584,45.739
2026-04-10 02:00,60,"PI_UIO_PUENTE_GUAJALO_UL/Cell:eNodeB Function Name=PI_UIO_PUENTE_GUAJALOL21, Local Cell ID=1, Cell Name=PIC_UIO_PUENTE_GUAJALO_L21_1, eNodeB ID=44178, Cell FDD TDD indication=CELL_FDD",Reliable,36.137,4.589
2026-04-10 02:00,60,"PI_UIO_PUENTE_GUAJALO_UL/Cell:eNodeB Function Name=PI_UIO_PUENTE_GUAJALOL21, Local Cell ID=2, Cell Name=PIC_UIO_PUENTE_GUAJALO_L21_2, eNodeB ID=44178, Cell FDD TDD indication=CELL_FDD",Reliable,21.742,3.761
2026-04-10 02:00,60,"PI_UIO_PUENTE_GUAJALO_UL/Cell:eNodeB Function Name=PI_UIO_PUENTE_GUAJALOL21, Local Cell ID=3, Cell Name=PIC_UIO_PUENTE_GUAJALO_L21_3, eNodeB ID=44178, Cell FDD TDD indication=CELL_FDD",Reliable,25.066,1.596
2026-04-10 02:00,60,"PI_UIO_WHIMPER_UL/Cell:eNodeB Function Name=PI_UIO_WHIMPER_L, Local Cell ID=1, Cell Name=PI_UIO_WHIMPER_1, eNodeB ID=44041, Cell FDD TDD indication=CELL_FDD",Reliable,100.252,4.103
2026-04-10 02:00,60,"PI_UIO_WHIMPER_UL/Cell:eNodeB Function Name=PI_UIO_WHIMPER_L, Local Cell ID=2, Cell Name=PI_UIO_WHIMPER_2, eNodeB ID=44041, Cell FDD TDD indication=CELL_FDD",Reliable,15.875,4.9
2026-04-10 02:00,60,"PI_UIO_WHIMPER_UL/Cell:eNodeB Function Name=PI_UIO_WHIMPER_L, Local Cell ID=3, Cell Name=PI_UIO_WHIMPER_3, eNodeB ID=44041, Cell FDD TDD indication=CELL_FDD",Reliable,32.669,9.798
2026-04-10 02:00,60,"PI_UIO_WHIMPER_UL/Cell:eNodeB Function Name=PI_UIO_WHIMPER_L, Local Cell ID=7, Cell Name=PI_UIO_WHIMPER_APT_7, eNodeB ID=44041, Cell FDD TDD indication=CELL_FDD",Reliable,28.917,17.638
2026-04-10 02:00,60,"PI_UIO_WHIMPER_UL/Cell:eNodeB Function Name=PI_UIO_WHIMPER_L, Local Cell ID=8, Cell Name=PI_UIO_WHIMPER_APT_8, eNodeB ID=44041, Cell FDD TDD indication=CELL_FDD",Reliable,39.254,6.363
2026-04-10 02:00,60,"PI_UIO_WHIMPER_UL/Cell:eNodeB Function Name=PI_UIO_WHIMPER_L, Local Cell ID=9, Cell Name=PI_UIO_WHIMPER_APT_9, eNodeB ID=44041, Cell FDD TDD indication=CELL_FDD",Reliable,87.26,6.832
2026-04-10 02:00,60,"PI_UIO_WHIMPER_UL/Cell:eNodeB Function Name=PI_UIO_WHIMPER_L, Local Cell ID=11, Cell Name=PI_UIO_WHIMPER_11, eNodeB ID=44041, Cell FDD TDD indication=CELL_FDD",Reliable,9.245,0.409
2026-04-10 02:00,60,"PI_UIO_WHIMPER_UL/Cell:eNodeB Function Name=PI_UIO_WHIMPER_L, Local Cell ID=12, Cell Name=PI_UIO_WHIMPER_12, eNodeB ID=44041, Cell FDD TDD indication=CELL_FDD",Reliable,128.73,9.611
2026-04-10 02:00,60,"PI_UIO_WHIMPER_UL/Cell:eNodeB Function Name=PI_UIO_WHIMPER_L, Local Cell ID=13, Cell Name=PI_UIO_WHIMPER_13, eNodeB ID=44041, Cell FDD TDD indication=CELL_FDD",Reliable,2.073,0.356
2026-04-10 02:00,60,"PIC_UIO_ALTOS_DEL_VALLE_ULN/Cell:eNodeB Function Name=PIC_UIO_ALTOS_DEL_VALLE_L, Local Cell ID=1, Cell Name=PIC_UIO_ALTOS_DEL_VALLE_L21_1, eNodeB ID=44079, Cell FDD TDD indication=CELL_FDD",Reliable,191.385,8.665
2026-04-10 02:00,60,"PIC_UIO_ALTOS_DEL_VALLE_ULN/Cell:eNodeB Function Name=PIC_UIO_ALTOS_DEL_VALLE_L, Local Cell ID=2, Cell Name=PIC_UIO_ALTOS_DEL_VALLE_L21_2, eNodeB ID=44079, Cell FDD TDD indication=CELL_FDD",Reliable,16.309,4.641
2026-04-10 02:00,60,"PIC_UIO_ALTOS_DEL_VALLE_ULN/Cell:eNodeB Function Name=PIC_UIO_ALTOS_DEL_VALLE_L, Local Cell ID=3, Cell Name=PIC_UIO_ALTOS_DEL_VALLE_L21_3, eNodeB ID=44079, Cell FDD TDD indication=CELL_FDD",Reliable,14.726,1.509
2026-04-10 02:00,60,"PIC_UIO_ALTOS_DEL_VALLE_ULN/Cell:eNodeB Function Name=PIC_UIO_ALTOS_DEL_VALLE_L, Local Cell ID=7, Cell Name=PIC_UIO_ALTOS_DEL_VALLE_L7_7, eNodeB ID=44079, Cell FDD TDD indication=CELL_FDD",Reliable,15.675,8.977
2026-04-10 02:00,60,"PIC_UIO_ALTOS_DEL_VALLE_ULN/Cell:eNodeB Function Name=PIC_UIO_ALTOS_DEL_VALLE_L, Local Cell ID=8, Cell Name=PIC_UIO_ALTOS_DEL_VALLE_L7_8, eNodeB ID=44079, Cell FDD TDD indication=CELL_FDD",Reliable,481.27,57.303
2026-04-10 02:00,60,"PIC_UIO_ALTOS_DEL_VALLE_ULN/Cell:eNodeB Function Name=PIC_UIO_ALTOS_DEL_VALLE_L, Local Cell ID=9, Cell Name=PIC_UIO_ALTOS_DEL_VALLE_L7_9, eNodeB ID=44079, Cell FDD TDD indication=CELL_FDD",Reliable,65.977,7.108
2026-04-10 02:00,60,"PIC_UIO_VIVALDI_UL/Cell:eNodeB Function Name=PIC_UIO_VIVALDI_L, Local Cell ID=9, Cell Name=PIC_UIO_VIVALDI_L7_9, eNodeB ID=44023, Cell FDD TDD indication=CELL_FDD",Reliable,214.882,29.967
2026-04-10 02:00,60,"PIC_UIO_VIVALDI_UL/Cell:eNodeB Function Name=PIC_UIO_VIVALDI_L, Local Cell ID=8, Cell Name=PIC_UIO_VIVALDI_L7_8, eNodeB ID=44023, Cell FDD TDD indication=CELL_FDD",Reliable,4.861,0.321
2026-04-10 02:00,60,"PIC_UIO_VIVALDI_UL/Cell:eNodeB Function Name=PIC_UIO_VIVALDI_L, Local Cell ID=7, Cell Name=PIC_UIO_VIVALDI_L7_7, eNodeB ID=44023, Cell FDD TDD indication=CELL_FDD",Reliable,337.654,13.162
2026-04-10 02:00,60,"PIC_UIO_VIVALDI_UL/Cell:eNodeB Function Name=PIC_UIO_VIVALDI_L, Local Cell ID=3, Cell Name=PIC_UIO_VIVALDI_L21_3, eNodeB ID=44023, Cell FDD TDD indication=CELL_FDD",Reliable,129.741,10.071
2026-04-10 02:00,60,"PIC_UIO_VIVALDI_UL/Cell:eNodeB Function Name=PIC_UIO_VIVALDI_L, Local Cell ID=2, Cell Name=PIC_UIO_VIVALDI_L21_2, eNodeB ID=44023, Cell FDD TDD indication=CELL_FDD",Reliable,193.816,10.538
2026-04-10 02:00,60,"PIC_UIO_VIVALDI_UL/Cell:eNodeB Function Name=PIC_UIO_VIVALDI_L, Local Cell ID=1, Cell Name=PIC_UIO_VIVALDI_L21_1, eNodeB ID=44023, Cell FDD TDD indication=CELL_FDD",Reliable,223.486,11.561
2026-04-10 02:00,60,"PIC_UIO_VIVALDI_UL/Cell:eNodeB Function Name=PIC_UIO_VIVALDI_L, Local Cell ID=11, Cell Name=PIC_UIO_VIVALDI_L19_11, eNodeB ID=44023, Cell FDD TDD indication=CELL_FDD",Reliable,12.426,1.566
2026-04-10 02:00,60,"PIC_UIO_VIVALDI_UL/Cell:eNodeB Function Name=PIC_UIO_VIVALDI_L, Local Cell ID=12, Cell Name=PIC_UIO_VIVALDI_L19_12, eNodeB ID=44023, Cell FDD TDD indication=CELL_FDD",Reliable,0.171,0.049
2026-04-10 02:00,60,"PIC_UIO_VIVALDI_UL/Cell:eNodeB Function Name=PIC_UIO_VIVALDI_L, Local Cell ID=13, Cell Name=PIC_UIO_VIVALDI_L19_13, eNodeB ID=44023, Cell FDD TDD indication=CELL_FDD",Reliable,0.046,0.038
2026-04-10 02:00,60,"PIC_UIO_MULTICENTRO_ULN/Cell:eNodeB Function Name=PI_UIO_MULTICENTRO_L, Local Cell ID=3, Cell Name=PI_UIO_MULTICENTRO_3, eNodeB ID=44064, Cell FDD TDD indication=CELL_FDD",Reliable,30.101,11.014
2026-04-10 02:00,60,"PIC_UIO_MULTICENTRO_ULN/Cell:eNodeB Function Name=PI_UIO_MULTICENTRO_L, Local Cell ID=2, Cell Name=PI_UIO_MULTICENTRO_2, eNodeB ID=44064, Cell FDD TDD indication=CELL_FDD",Reliable,116.766,17.189
2026-04-10 02:00,60,"PIC_UIO_MULTICENTRO_ULN/Cell:eNodeB Function Name=PI_UIO_MULTICENTRO_L, Local Cell ID=1, Cell Name=PI_UIO_MULTICENTRO_1, eNodeB ID=44064, Cell FDD TDD indication=CELL_FDD",Reliable,39.695,6.59
2026-04-10 02:00,60,"PIC_UIO_MULTICENTRO_ULN/Cell:eNodeB Function Name=PI_UIO_MULTICENTRO_L, Local Cell ID=11, Cell Name=PI_UIO_MULTICENTRO_11, eNodeB ID=44064, Cell FDD TDD indication=CELL_FDD",Reliable,76.722,3.746
2026-04-10 02:00,60,"PIC_UIO_MULTICENTRO_ULN/Cell:eNodeB Function Name=PI_UIO_MULTICENTRO_L, Local Cell ID=12, Cell Name=PI_UIO_MULTICENTRO_12, eNodeB ID=44064, Cell FDD TDD indication=CELL_FDD",Reliable,4.045,2.591
2026-04-10 02:00,60,"PIC_UIO_MULTICENTRO_ULN/Cell:eNodeB Function Name=PI_UIO_MULTICENTRO_L, Local Cell ID=13, Cell Name=PI_UIO_MULTICENTRO_13, eNodeB ID=44064, Cell FDD TDD indication=CELL_FDD",Reliable,0.013,0.016
2026-04-10 02:00,60,"PI_UIO_EL_BEATERIO_UL/Cell:eNodeB Function Name=PI_UIO_EL_BEATERIOL21, Local Cell ID=1, Cell Name=PIC_UIO_EL_BEATERIO_L21_1, eNodeB ID=44114, Cell FDD TDD indication=CELL_FDD",Reliable,26.404,4.485
2026-04-10 02:00,60,"PI_UIO_EL_BEATERIO_UL/Cell:eNodeB Function Name=PI_UIO_EL_BEATERIOL21, Local Cell ID=2, Cell Name=PIC_UIO_EL_BEATERIO_L21_2, eNodeB ID=44114, Cell FDD TDD indication=CELL_FDD",Reliable,756.976,8.339
2026-04-10 02:00,60,"PI_UIO_EL_BEATERIO_UL/Cell:eNodeB Function Name=PI_UIO_EL_BEATERIOL21, Local Cell ID=3, Cell Name=PIC_UIO_EL_BEATERIO_L21_3, eNodeB ID=44114, Cell FDD TDD indication=CELL_FDD",Reliable,99.52,5.09
2026-04-10 02:00,60,"PI_UIO_SOLANDA_UL/Cell:eNodeB Function Name=PI_UIO_SOLANDAL21, Local Cell ID=1, Cell Name=PI_UIO_SOLANDA_1, eNodeB ID=44189, Cell FDD TDD indication=CELL_FDD",Reliable,84.362,8.108
2026-04-10 02:00,60,"PI_UIO_SOLANDA_UL/Cell:eNodeB Function Name=PI_UIO_SOLANDAL21, Local Cell ID=2, Cell Name=PI_UIO_SOLANDA_2, eNodeB ID=44189, Cell FDD TDD indication=CELL_FDD",Reliable,144.236,20.987
2026-04-10 02:00,60,"PI_UIO_SOLANDA_UL/Cell:eNodeB Function Name=PI_UIO_SOLANDAL21, Local Cell ID=3, Cell Name=PI_UIO_SOLANDA_3, eNodeB ID=44189, Cell FDD TDD indication=CELL_FDD",Reliable,634.587,27.62
2026-04-10 02:00,60,"PI_UIO_BILOXI_UL/Cell:eNodeB Function Name=PI_UIO_BILOXIL21, Local Cell ID=1, Cell Name=PI_UIO_BILOXI_1, eNodeB ID=44085, Cell FDD TDD indication=CELL_FDD",Reliable,36.763,5.793
2026-04-10 02:00,60,"PI_UIO_BILOXI_UL/Cell:eNodeB Function Name=PI_UIO_BILOXIL21, Local Cell ID=2, Cell Name=PI_UIO_BILOXI_2, eNodeB ID=44085, Cell FDD TDD indication=CELL_FDD",Reliable,119.715,16.099
2026-04-10 02:00,60,"PI_UIO_BILOXI_UL/Cell:eNodeB Function Name=PI_UIO_BILOXIL21, Local Cell ID=3, Cell Name=PI_UIO_BILOXI_3, eNodeB ID=44085, Cell FDD TDD indication=CELL_FDD",Reliable,87.244,10.041
2026-04-10 02:00,60,"PI_UIO_EL_CALZADO_UL/Cell:eNodeB Function Name=PI_UIO_EL_CALZADOL21, Local Cell ID=1, Cell Name=PI_UIO_EL_CALZADO_1, eNodeB ID=44116, Cell FDD TDD indication=CELL_FDD",Reliable,674.048,48.412
2026-04-10 02:00,60,"PI_UIO_EL_CALZADO_UL/Cell:eNodeB Function Name=PI_UIO_EL_CALZADOL21, Local Cell ID=2, Cell Name=PI_UIO_EL_CALZADO_2, eNodeB ID=44116, Cell FDD TDD indication=CELL_FDD",Reliable,362.925,39.606
2026-04-10 02:00,60,"PI_UIO_EL_CALZADO_UL/Cell:eNodeB Function Name=PI_UIO_EL_CALZADOL21, Local Cell ID=3, Cell Name=PI_UIO_EL_CALZADO_3, eNodeB ID=44116, Cell FDD TDD indication=CELL_FDD",Reliable,221.737,16.306
2026-04-10 02:00,60,"PI_UIO_LA_ARMENIA_UL/Cell:eNodeB Function Name=PI_UIO_LA_ARMENIAL21, Local Cell ID=1, Cell Name=PI_UIO_LA_ARMENIA_1, eNodeB ID=44136, Cell FDD TDD indication=CELL_FDD",Reliable,146.927,11.323
2026-04-10 02:00,60,"PI_UIO_LA_ARMENIA_UL/Cell:eNodeB Function Name=PI_UIO_LA_ARMENIAL21, Local Cell ID=2, Cell Name=PI_UIO_LA_ARMENIA_2, eNodeB ID=44136, Cell FDD TDD indication=CELL_FDD",Reliable,12.281,3.183
2026-04-10 02:00,60,"PI_UIO_LA_ARMENIA_UL/Cell:eNodeB Function Name=PI_UIO_LA_ARMENIAL21, Local Cell ID=3, Cell Name=PI_UIO_LA_ARMENIA_3, eNodeB ID=44136, Cell FDD TDD indication=CELL_FDD",Reliable,6.758,1.299
2026-04-10 02:00,60,"PI_UIO_COL_CONS_PROVINCIAL_UL/Cell:eNodeB Function Name=PI_UIO_COL_CONS_PROVINCIALL21, Local Cell ID=1, Cell Name=PI_UIO_COL_CONS_PROVINCIAL_1, eNodeB ID=44101, Cell FDD TDD indication=CELL_FDD",Reliable,6.431,1.898
2026-04-10 02:00,60,"PI_UIO_COL_CONS_PROVINCIAL_UL/Cell:eNodeB Function Name=PI_UIO_COL_CONS_PROVINCIALL21, Local Cell ID=2, Cell Name=PI_UIO_COL_CONS_PROVINCIAL_2, eNodeB ID=44101, Cell FDD TDD indication=CELL_FDD",Reliable,133.969,12.789
2026-04-10 02:00,60,"PI_UIO_CDLA_IBARRA_UL/Cell:eNodeB Function Name=PI_UIO_CDLA_IBARRAL21, Local Cell ID=1, Cell Name=PIC_UIO_CDLA_IBARRA_L21_1, eNodeB ID=44096, Cell FDD TDD indication=CELL_FDD",Reliable,225.171,7.377
2026-04-10 02:00,60,"PI_UIO_CDLA_IBARRA_UL/Cell:eNodeB Function Name=PI_UIO_CDLA_IBARRAL21, Local Cell ID=2, Cell Name=PIC_UIO_CDLA_IBARRA_L21_2, eNodeB ID=44096, Cell FDD TDD indication=CELL_FDD",Reliable,101.435,7.107
2026-04-10 02:00,60,"PI_UIO_CDLA_IBARRA_UL/Cell:eNodeB Function Name=PI_UIO_CDLA_IBARRAL21, Local Cell ID=3, Cell Name=PIC_UIO_CDLA_IBARRA_L21_3, eNodeB ID=44096, Cell FDD TDD indication=CELL_FDD",Reliable,48.956,5.758
2026-04-10 02:00,60,"PI_UIO_PIO_DOCE_UL/Cell:eNodeB Function Name=PI_UIO_PIO_DOCEL21, Local Cell ID=1, Cell Name=PI_UIO_PIO_DOCE_1, eNodeB ID=44171, Cell FDD TDD indication=CELL_FDD",Reliable,4.229,2.503
2026-04-10 02:00,60,"PI_UIO_PIO_DOCE_UL/Cell:eNodeB Function Name=PI_UIO_PIO_DOCEL21, Local Cell ID=2, Cell Name=PI_UIO_PIO_DOCE_2, eNodeB ID=44171, Cell FDD TDD indication=CELL_FDD",Reliable,12.363,0.982
2026-04-10 02:00,60,"PI_UIO_PIO_DOCE_UL/Cell:eNodeB Function Name=PI_UIO_PIO_DOCEL21, Local Cell ID=3, Cell Name=PI_UIO_PIO_DOCE_3, eNodeB ID=44171, Cell FDD TDD indication=CELL_FDD",Reliable,11.665,4.052
2026-04-10 02:00,60,"PI_UIO_BRASIL_UL/Cell:eNodeB Function Name=PI_UIO_BRASIL_L, Local Cell ID=1, Cell Name=PI_UIO_BRASIL_1, eNodeB ID=44029, Cell FDD TDD indication=CELL_FDD",Reliable,10.237,3.8
2026-04-10 02:00,60,"PI_UIO_BRASIL_UL/Cell:eNodeB Function Name=PI_UIO_BRASIL_L, Local Cell ID=2, Cell Name=PI_UIO_BRASIL_2, eNodeB ID=44029, Cell FDD TDD indication=CELL_FDD",Reliable,136.336,24.736
2026-04-10 02:00,60,"PI_UIO_BRASIL_UL/Cell:eNodeB Function Name=PI_UIO_BRASIL_L, Local Cell ID=3, Cell Name=PI_UIO_BRASIL_3, eNodeB ID=44029, Cell FDD TDD indication=CELL_FDD",Reliable,5.175,20.963
2026-04-10 02:00,60,"PI_UIO_BRASIL_UL/Cell:eNodeB Function Name=PI_UIO_BRASIL_L, Local Cell ID=7, Cell Name=PI_UIO_BRASIL_APT_7, eNodeB ID=44029, Cell FDD TDD indication=CELL_FDD",Reliable,342.379,17.133
2026-04-10 02:00,60,"PI_UIO_BRASIL_UL/Cell:eNodeB Function Name=PI_UIO_BRASIL_L, Local Cell ID=8, Cell Name=PI_UIO_BRASIL_APT_8, eNodeB ID=44029, Cell FDD TDD indication=CELL_FDD",Reliable,43.793,7.557
2026-04-10 02:00,60,"PI_UIO_BRASIL_UL/Cell:eNodeB Function Name=PI_UIO_BRASIL_L, Local Cell ID=9, Cell Name=PI_UIO_BRASIL_APT_9, eNodeB ID=44029, Cell FDD TDD indication=CELL_FDD",Reliable,852.948,27.662
2026-04-10 02:00,60,"PI_UIO_BRASIL_UL/Cell:eNodeB Function Name=PI_UIO_BRASIL_L, Local Cell ID=11, Cell Name=PI_UIO_BRASIL_11, eNodeB ID=44029, Cell FDD TDD indication=CELL_FDD",Reliable,113.488,8.641
2026-04-10 02:00,60,"PI_UIO_BRASIL_UL/Cell:eNodeB Function Name=PI_UIO_BRASIL_L, Local Cell ID=12, Cell Name=PI_UIO_BRASIL_12, eNodeB ID=44029, Cell FDD TDD indication=CELL_FDD",Reliable,51.437,2.485
2026-04-10 02:00,60,"PI_UIO_BRASIL_UL/Cell:eNodeB Function Name=PI_UIO_BRASIL_L, Local Cell ID=13, Cell Name=PI_UIO_BRASIL_13, eNodeB ID=44029, Cell FDD TDD indication=CELL_FDD",Reliable,63.243,2.708
2026-04-10 02:00,60,"PI_UIO_AJAVI_UL/Cell:eNodeB Function Name=PI_UIO_AJAVIL21, Local Cell ID=1, Cell Name=PIC_UIO_AJAVI_L21_1, eNodeB ID=44078, Cell FDD TDD indication=CELL_FDD",Reliable,1092.005,70.309
2026-04-10 02:00,60,"PI_UIO_AJAVI_UL/Cell:eNodeB Function Name=PI_UIO_AJAVIL21, Local Cell ID=2, Cell Name=PIC_UIO_AJAVI_L21_2, eNodeB ID=44078, Cell FDD TDD indication=CELL_FDD",Reliable,326.194,18.14
2026-04-10 02:00,60,"PI_UIO_AJAVI_UL/Cell:eNodeB Function Name=PI_UIO_AJAVIL21, Local Cell ID=3, Cell Name=PIC_UIO_AJAVI_L21_3, eNodeB ID=44078, Cell FDD TDD indication=CELL_FDD",Reliable,116.355,216.937
2026-04-10 02:00,60,"PI_UIO_PATRONATO_SAN_JOSE_UL/Cell:eNodeB Function Name=PIC_UIO_PATRONATO_SAN_JOSE_L, Local Cell ID=1, Cell Name=PI_UIO_PATRONATO_SAN_JOSE_1, eNodeB ID=44168, Cell FDD TDD indication=CELL_FDD",Reliable,847.198,60.582
2026-04-10 02:00,60,"PI_UIO_PATRONATO_SAN_JOSE_UL/Cell:eNodeB Function Name=PIC_UIO_PATRONATO_SAN_JOSE_L, Local Cell ID=2, Cell Name=PI_UIO_PATRONATO_SAN_JOSE_2, eNodeB ID=44168, Cell FDD TDD indication=CELL_FDD",Reliable,17.283,4.714
2026-04-10 02:00,60,"PI_UIO_PATRONATO_SAN_JOSE_UL/Cell:eNodeB Function Name=PIC_UIO_PATRONATO_SAN_JOSE_L, Local Cell ID=3, Cell Name=PI_UIO_PATRONATO_SAN_JOSE_3, eNodeB ID=44168, Cell FDD TDD indication=CELL_FDD",Reliable,361.597,28.624
2026-04-10 02:00,60,"PI_UIO_ECUATORIANA_UL/Cell:eNodeB Function Name=PI_UIO_ECUATORIANAL21, Local Cell ID=1, Cell Name=PI_UIO_ECUATORIANA_1, eNodeB ID=44113, Cell FDD TDD indication=CELL_FDD",Reliable,26.581,37.187
2026-04-10 02:00,60,"PI_UIO_ECUATORIANA_UL/Cell:eNodeB Function Name=PI_UIO_ECUATORIANAL21, Local Cell ID=2, Cell Name=PI_UIO_ECUATORIANA_2, eNodeB ID=44113, Cell FDD TDD indication=CELL_FDD",Reliable,9.84,1.716
2026-04-10 02:00,60,"PI_UIO_ECUATORIANA_UL/Cell:eNodeB Function Name=PI_UIO_ECUATORIANAL21, Local Cell ID=3, Cell Name=PI_UIO_ECUATORIANA_3, eNodeB ID=44113, Cell FDD TDD indication=CELL_FDD",Reliable,663.195,423.914
2026-04-10 02:00,60,"PI_UIO_VILLAFLORA_UL/Cell:eNodeB Function Name=PI_UIO_VILLAFLORAL21, Local Cell ID=1, Cell Name=PI_UIO_VILLAFLORA_1, eNodeB ID=44020, Cell FDD TDD indication=CELL_FDD",Reliable,105.988,4.844
2026-04-10 02:00,60,"PI_UIO_VILLAFLORA_UL/Cell:eNodeB Function Name=PI_UIO_VILLAFLORAL21, Local Cell ID=2, Cell Name=PI_UIO_VILLAFLORA_2, eNodeB ID=44020, Cell FDD TDD indication=CELL_FDD",Reliable,88.08,30.195
2026-04-10 02:00,60,"PI_UIO_VILLAFLORA_UL/Cell:eNodeB Function Name=PI_UIO_VILLAFLORAL21, Local Cell ID=3, Cell Name=PI_UIO_VILLAFLORA_3, eNodeB ID=44020, Cell FDD TDD indication=CELL_FDD",Reliable,455.977,18.282
2026-04-10 02:00,60,"PI_UIO_VILLAFLORA_UL/Cell:eNodeB Function Name=PI_UIO_VILLAFLORAL21, Local Cell ID=7, Cell Name=PI_UIO_VILLAFLORA_APT_7, eNodeB ID=44020, Cell FDD TDD indication=CELL_FDD",Reliable,586.576,27.544
2026-04-10 02:00,60,"PI_UIO_VILLAFLORA_UL/Cell:eNodeB Function Name=PI_UIO_VILLAFLORAL21, Local Cell ID=8, Cell Name=PI_UIO_VILLAFLORA_APT_8, eNodeB ID=44020, Cell FDD TDD indication=CELL_FDD",Reliable,43.047,6.249
2026-04-10 02:00,60,"PI_UIO_VILLAFLORA_UL/Cell:eNodeB Function Name=PI_UIO_VILLAFLORAL21, Local Cell ID=9, Cell Name=PI_UIO_VILLAFLORA_APT_9, eNodeB ID=44020, Cell FDD TDD indication=CELL_FDD",Reliable,38.418,13.341
2026-04-10 02:00,60,"PI_UIO_PUENTE_NUEVE_UL/Cell:eNodeB Function Name=PIC_UIO_PUENTE_NUEVE_L, Local Cell ID=1, Cell Name=PI_UIO_PUENTE_NUEVE_1, eNodeB ID=44179, Cell FDD TDD indication=CELL_FDD",Reliable,7.148,3.146
2026-04-10 02:00,60,"PI_UIO_PUENTE_NUEVE_UL/Cell:eNodeB Function Name=PIC_UIO_PUENTE_NUEVE_L, Local Cell ID=2, Cell Name=PI_UIO_PUENTE_NUEVE_2, eNodeB ID=44179, Cell FDD TDD indication=CELL_FDD",Reliable,286.466,21.18
2026-04-10 02:00,60,"PI_UIO_PUENTE_NUEVE_UL/Cell:eNodeB Function Name=PIC_UIO_PUENTE_NUEVE_L, Local Cell ID=3, Cell Name=PI_UIO_PUENTE_NUEVE_3, eNodeB ID=44179, Cell FDD TDD indication=CELL_FDD",Reliable,29.893,2.308
2026-04-10 02:00,60,"PI_UIO_PLYWOOD_UL/Cell:eNodeB Function Name=PI_UIO_PLYWOODL21, Local Cell ID=1, Cell Name=PI_UIO_PLYWOOD_1, eNodeB ID=44174, Cell FDD TDD indication=CELL_FDD",Reliable,12.139,1.385
2026-04-10 02:00,60,"PI_UIO_PLYWOOD_UL/Cell:eNodeB Function Name=PI_UIO_PLYWOODL21, Local Cell ID=2, Cell Name=PI_UIO_PLYWOOD_2, eNodeB ID=44174, Cell FDD TDD indication=CELL_FDD",Reliable,26.789,44.697
2026-04-10 02:00,60,"PI_UIO_PLYWOOD_UL/Cell:eNodeB Function Name=PI_UIO_PLYWOODL21, Local Cell ID=3, Cell Name=PI_UIO_PLYWOOD_3, eNodeB ID=44174, Cell FDD TDD indication=CELL_FDD",Reliable,2.975,1.476
2026-04-10 02:00,60,"PI_UIO_GUAMANI_ALTO_UL/Cell:eNodeB Function Name=PIC_UIO_GUAMANI_ALTO_L, Local Cell ID=1, Cell Name=PIC_UIO_GUAMANI_ALTO_L21_1, eNodeB ID=44129, Cell FDD TDD indication=CELL_FDD",Reliable,28.387,6.594
2026-04-10 02:00,60,"PI_UIO_GUAMANI_ALTO_UL/Cell:eNodeB Function Name=PIC_UIO_GUAMANI_ALTO_L, Local Cell ID=2, Cell Name=PIC_UIO_GUAMANI_ALTO_L21_2, eNodeB ID=44129, Cell FDD TDD indication=CELL_FDD",Reliable,9.713,2.189
2026-04-10 02:00,60,"PI_UIO_GUAMANI_ALTO_UL/Cell:eNodeB Function Name=PIC_UIO_GUAMANI_ALTO_L, Local Cell ID=3, Cell Name=PIC_UIO_GUAMANI_ALTO_L21_3, eNodeB ID=44129, Cell FDD TDD indication=CELL_FDD",Reliable,21.782,8.057
2026-04-10 02:00,60,"PI_UIO_GUAMANI_ALTO_UL/Cell:eNodeB Function Name=PIC_UIO_GUAMANI_ALTO_L, Local Cell ID=7, Cell Name=PIC_UIO_GUAMANI_ALTO_L7_7, eNodeB ID=44129, Cell FDD TDD indication=CELL_FDD",Reliable,87.208,19.213
2026-04-10 02:00,60,"PI_UIO_GUAMANI_ALTO_UL/Cell:eNodeB Function Name=PIC_UIO_GUAMANI_ALTO_L, Local Cell ID=8, Cell Name=PIC_UIO_GUAMANI_ALTO_L7_8, eNodeB ID=44129, Cell FDD TDD indication=CELL_FDD",Reliable,306.027,16.984
2026-04-10 02:00,60,"PI_UIO_GUAMANI_ALTO_UL/Cell:eNodeB Function Name=PIC_UIO_GUAMANI_ALTO_L, Local Cell ID=9, Cell Name=PIC_UIO_GUAMANI_ALTO_L7_9, eNodeB ID=44129, Cell FDD TDD indication=CELL_FDD",Reliable,917.184,56.448
2026-04-10 02:00,60,"PI_UIO_GUAMANI_ALTO_UL/Cell:eNodeB Function Name=PIC_UIO_GUAMANI_ALTO_L, Local Cell ID=11, Cell Name=PIC_UIO_GUAMANI_ALTO_L19_11, eNodeB ID=44129, Cell FDD TDD indication=CELL_FDD",Reliable,16.378,2.483
2026-04-10 02:00,60,"PI_UIO_GUAMANI_ALTO_UL/Cell:eNodeB Function Name=PIC_UIO_GUAMANI_ALTO_L, Local Cell ID=12, Cell Name=PIC_UIO_GUAMANI_ALTO_L19_12, eNodeB ID=44129, Cell FDD TDD indication=CELL_FDD",Reliable,0.006,0.017
2026-04-10 02:00,60,"PI_UIO_GUAMANI_ALTO_UL/Cell:eNodeB Function Name=PIC_UIO_GUAMANI_ALTO_L, Local Cell ID=13, Cell Name=PIC_UIO_GUAMANI_ALTO_L19_13, eNodeB ID=44129, Cell FDD TDD indication=CELL_FDD",Reliable,349.933,21.739
2026-04-10 02:00,60,"PI_UIO_LA_PRENSA_UL/Cell:eNodeB Function Name=PIC_UIO_LA_PRENSA_L, Local Cell ID=1, Cell Name=PI_UIO_LA_PRENSA_1, eNodeB ID=44011, Cell FDD TDD indication=CELL_FDD",Reliable,528.637,18.898
2026-04-10 02:00,60,"PI_UIO_LA_PRENSA_UL/Cell:eNodeB Function Name=PIC_UIO_LA_PRENSA_L, Local Cell ID=2, Cell Name=PI_UIO_LA_PRENSA_2, eNodeB ID=44011, Cell FDD TDD indication=CELL_FDD",Reliable,629.787,31.824
2026-04-10 02:00,60,"PI_UIO_LA_PRENSA_UL/Cell:eNodeB Function Name=PIC_UIO_LA_PRENSA_L, Local Cell ID=3, Cell Name=PI_UIO_LA_PRENSA_3, eNodeB ID=44011, Cell FDD TDD indication=CELL_FDD",Reliable,9.449,2.604
2026-04-10 02:00,60,"PI_UIO_ESTACION_DE_TRENES_UL/Cell:eNodeB Function Name=PI_UIO_ESTACION_DE_TRENESL21, Local Cell ID=1, Cell Name=PI_UIO_ESTACION_DE_TRENES_1, eNodeB ID=44123, Cell FDD TDD indication=CELL_FDD",Reliable,20.858,5.846
2026-04-10 02:00,60,"PI_UIO_ESTACION_DE_TRENES_UL/Cell:eNodeB Function Name=PI_UIO_ESTACION_DE_TRENESL21, Local Cell ID=2, Cell Name=PI_UIO_ESTACION_DE_TRENES_2, eNodeB ID=44123, Cell FDD TDD indication=CELL_FDD",Reliable,173.611,12.782
2026-04-10 02:00,60,"PI_UIO_ESTACION_DE_TRENES_UL/Cell:eNodeB Function Name=PI_UIO_ESTACION_DE_TRENESL21, Local Cell ID=3, Cell Name=PI_UIO_ESTACION_DE_TRENES_3, eNodeB ID=44123, Cell FDD TDD indication=CELL_FDD",Reliable,325.175,161.624
2026-04-10 02:00,60,"PI_UIO_LEGARDA_UL/Cell:eNodeB Function Name=PI_UIO_LEGARDAL21, Local Cell ID=1, Cell Name=PI_UIO_LEGARDA_1, eNodeB ID=44065, Cell FDD TDD indication=CELL_FDD",Reliable,187.134,8.91
2026-04-10 02:00,60,"PI_UIO_LEGARDA_UL/Cell:eNodeB Function Name=PI_UIO_LEGARDAL21, Local Cell ID=2, Cell Name=PI_UIO_LEGARDA_2, eNodeB ID=44065, Cell FDD TDD indication=CELL_FDD",Reliable,73.269,7.238
2026-04-10 02:00,60,"PI_UIO_LEGARDA_UL/Cell:eNodeB Function Name=PI_UIO_LEGARDAL21, Local Cell ID=3, Cell Name=PI_UIO_LEGARDA_3, eNodeB ID=44065, Cell FDD TDD indication=CELL_FDD",Reliable,77.382,6.831
2026-04-10 02:00,60,"PI_UIO_EL_BOSQUE_UL/Cell:eNodeB Function Name=PI_UIO_EL_BOSQUEL21, Local Cell ID=1, Cell Name=PI_UIO_EL_BOSQUE_1, eNodeB ID=44115, Cell FDD TDD indication=CELL_FDD",Reliable,22.757,2.024
2026-04-10 02:00,60,"PI_UIO_EL_BOSQUE_UL/Cell:eNodeB Function Name=PI_UIO_EL_BOSQUEL21, Local Cell ID=2, Cell Name=PI_UIO_EL_BOSQUE_2, eNodeB ID=44115, Cell FDD TDD indication=CELL_FDD",Reliable,108.292,4.178
2026-04-10 02:00,60,"PI_UIO_EL_BOSQUE_UL/Cell:eNodeB Function Name=PI_UIO_EL_BOSQUEL21, Local Cell ID=3, Cell Name=PI_UIO_EL_BOSQUE_3, eNodeB ID=44115, Cell FDD TDD indication=CELL_FDD",Reliable,24.131,5.099
2026-04-10 02:00,60,"PI_UIO_NAIQ_UL/Cell:eNodeB Function Name=PI_UIO_NAIQL21, Local Cell ID=1, Cell Name=PIC_UIO_NAIQ_L21_1, eNodeB ID=44289, Cell FDD TDD indication=CELL_FDD",Reliable,1458.692,104.737
2026-04-10 02:00,60,"PI_UIO_NAIQ_UL/Cell:eNodeB Function Name=PI_UIO_NAIQL21, Local Cell ID=2, Cell Name=PIC_UIO_NAIQ_L21_2, eNodeB ID=44289, Cell FDD TDD indication=CELL_FDD",Reliable,350.583,26.355
2026-04-10 02:00,60,"PI_UIO_NAIQ_UL/Cell:eNodeB Function Name=PI_UIO_NAIQL21, Local Cell ID=3, Cell Name=PIC_UIO_NAIQ_L21_3, eNodeB ID=44289, Cell FDD TDD indication=CELL_FDD",Reliable,270.7,27.033
2026-04-10 02:00,60,"PI_UIO_NAIQ_UL/Cell:eNodeB Function Name=PI_UIO_NAIQL21, Local Cell ID=12, Cell Name=PIC_UIO_NAIQ_L19_12, eNodeB ID=44289, Cell FDD TDD indication=CELL_FDD",Reliable,0.771,0.452
2026-04-10 02:00,60,"PI_UIO_NAIQ_UL/Cell:eNodeB Function Name=PI_UIO_NAIQL21, Local Cell ID=11, Cell Name=PIC_UIO_NAIQ_L19_11, eNodeB ID=44289, Cell FDD TDD indication=CELL_FDD",Reliable,273.864,58.23
2026-04-10 02:00,60,"PI_UIO_NUEVO_AEROPUERTO_UL/Cell:eNodeB Function Name=PI_UIO_NUEVO_AEROPUERTO_L, Local Cell ID=1, Cell Name=PI_UIO_NUEVO_AEROPUERTO_1, eNodeB ID=44068, Cell FDD TDD indication=CELL_FDD",Reliable,1546.252,124.267
2026-04-10 02:00,60,"PI_UIO_NUEVO_AEROPUERTO_UL/Cell:eNodeB Function Name=PI_UIO_NUEVO_AEROPUERTO_L, Local Cell ID=2, Cell Name=PI_UIO_NUEVO_AEROPUERTO_2, eNodeB ID=44068, Cell FDD TDD indication=CELL_FDD",Reliable,38.38,7.447
2026-04-10 02:00,60,"PI_UIO_NUEVO_AEROPUERTO_UL/Cell:eNodeB Function Name=PI_UIO_NUEVO_AEROPUERTO_L, Local Cell ID=3, Cell Name=PI_UIO_NUEVO_AEROPUERTO_3, eNodeB ID=44068, Cell FDD TDD indication=CELL_FDD",Reliable,926.216,41.233
2026-04-10 02:00,60,"PI_UIO_NUEVO_AEROPUERTO_UL/Cell:eNodeB Function Name=PI_UIO_NUEVO_AEROPUERTO_L, Local Cell ID=7, Cell Name=PI_UIO_NUEVO_AEROPUERTO_APT_7, eNodeB ID=44068, Cell FDD TDD indication=CELL_FDD",Reliable,80.415,3.173
2026-04-10 02:00,60,"PI_UIO_NUEVO_AEROPUERTO_UL/Cell:eNodeB Function Name=PI_UIO_NUEVO_AEROPUERTO_L, Local Cell ID=8, Cell Name=PI_UIO_NUEVO_AEROPUERTO_APT_8, eNodeB ID=44068, Cell FDD TDD indication=CELL_FDD",Reliable,41.121,5.106
2026-04-10 02:00,60,"PI_UIO_NUEVO_AEROPUERTO_UL/Cell:eNodeB Function Name=PI_UIO_NUEVO_AEROPUERTO_L, Local Cell ID=9, Cell Name=PI_UIO_NUEVO_AEROPUERTO_APT_9, eNodeB ID=44068, Cell FDD TDD indication=CELL_FDD",Reliable,601.882,27.048
2026-04-10 02:00,60,"PI_UIO_NUEVO_AEROPUERTO_UL/Cell:eNodeB Function Name=PI_UIO_NUEVO_AEROPUERTO_L, Local Cell ID=11, Cell Name=PI_UIO_NUEVO_AEROPUERTO_11, eNodeB ID=44068, Cell FDD TDD indication=CELL_FDD",Reliable,5.753,4.266
2026-04-10 02:00,60,"PI_UIO_NUEVO_AEROPUERTO_UL/Cell:eNodeB Function Name=PI_UIO_NUEVO_AEROPUERTO_L, Local Cell ID=12, Cell Name=PI_UIO_NUEVO_AEROPUERTO_12, eNodeB ID=44068, Cell FDD TDD indication=CELL_FDD",Reliable,3.264,11.253
2026-04-10 02:00,60,"PI_UIO_NUEVO_AEROPUERTO_UL/Cell:eNodeB Function Name=PI_UIO_NUEVO_AEROPUERTO_L, Local Cell ID=13, Cell Name=PI_UIO_NUEVO_AEROPUERTO_13, eNodeB ID=44068, Cell FDD TDD indication=CELL_FDD",Reliable,100.737,78.076
2026-04-10 02:00,60,"PIC_UIO_COLEGIO_CERVANTES_ULN/Cell:eNodeB Function Name=PI_UIO_COLEGIO_CERVANTESL21, Local Cell ID=1, Cell Name=PI_UIO_COLEGIO_CERVANTES_1, eNodeB ID=44215, Cell FDD TDD indication=CELL_FDD",Reliable,13.932,2.765
2026-04-10 02:00,60,"PIC_UIO_COLEGIO_CERVANTES_ULN/Cell:eNodeB Function Name=PI_UIO_COLEGIO_CERVANTESL21, Local Cell ID=2, Cell Name=PI_UIO_COLEGIO_CERVANTES_2, eNodeB ID=44215, Cell FDD TDD indication=CELL_FDD",Reliable,19.023,6.489
2026-04-10 02:00,60,"PIC_UIO_COLEGIO_CERVANTES_ULN/Cell:eNodeB Function Name=PI_UIO_COLEGIO_CERVANTESL21, Local Cell ID=3, Cell Name=PI_UIO_COLEGIO_CERVANTES_3, eNodeB ID=44215, Cell FDD TDD indication=CELL_FDD",Reliable,1.658,0.792
2026-04-10 02:00,60,"PIC_UIO_COLEGIO_CERVANTES_ULN/Cell:eNodeB Function Name=PI_UIO_COLEGIO_CERVANTESL21, Local Cell ID=7, Cell Name=PI_UIO_COLEGIO_CERVANTES_APT_7, eNodeB ID=44215, Cell FDD TDD indication=CELL_FDD",Reliable,1214.942,73.988
2026-04-10 02:00,60,"PIC_UIO_COLEGIO_CERVANTES_ULN/Cell:eNodeB Function Name=PI_UIO_COLEGIO_CERVANTESL21, Local Cell ID=8, Cell Name=PI_UIO_COLEGIO_CERVANTES_APT_8, eNodeB ID=44215, Cell FDD TDD indication=CELL_FDD",Reliable,765.603,32.292
2026-04-10 02:00,60,"PIC_UIO_COLEGIO_CERVANTES_ULN/Cell:eNodeB Function Name=PI_UIO_COLEGIO_CERVANTESL21, Local Cell ID=9, Cell Name=PI_UIO_COLEGIO_CERVANTES_APT_9, eNodeB ID=44215, Cell FDD TDD indication=CELL_FDD",Reliable,410.801,147.206
2026-04-10 02:00,60,"PI_UIO_DIEGO_DE_VASQUEZ_UL/Cell:eNodeB Function Name=PI_UIO_DIEGO_DE_VASQUEZL21, Local Cell ID=1, Cell Name=PI_UIO_DIEGO_DE_VASQUEZ_1, eNodeB ID=44112, Cell FDD TDD indication=CELL_FDD",Reliable,0.226,0.377
2026-04-10 02:00,60,"PI_UIO_DIEGO_DE_VASQUEZ_UL/Cell:eNodeB Function Name=PI_UIO_DIEGO_DE_VASQUEZL21, Local Cell ID=2, Cell Name=PI_UIO_DIEGO_DE_VASQUEZ_2, eNodeB ID=44112, Cell FDD TDD indication=CELL_FDD",Reliable,24.22,3.77
2026-04-10 02:00,60,"PI_UIO_CARCELEN_INDUSTRIAL_UL/Cell:eNodeB Function Name=PI_UIO_CARCELEN_INDUSTRIALL21, Local Cell ID=1, Cell Name=PI_UIO_CARCELEN_INDUSTRIAL_1, eNodeB ID=44092, Cell FDD TDD indication=CELL_FDD",Reliable,2186.506,21.306
2026-04-10 02:00,60,"PI_UIO_CARCELEN_INDUSTRIAL_UL/Cell:eNodeB Function Name=PI_UIO_CARCELEN_INDUSTRIALL21, Local Cell ID=2, Cell Name=PI_UIO_CARCELEN_INDUSTRIAL_2, eNodeB ID=44092, Cell FDD TDD indication=CELL_FDD",Reliable,17.696,1.88
2026-04-10 02:00,60,"PI_UIO_TRIANGULO_UL/Cell:eNodeB Function Name=PI_UIO_TRIANGULOL21, Local Cell ID=1, Cell Name=PI_UIO_TRIANGULO_1, eNodeB ID=44244, Cell FDD TDD indication=CELL_FDD",Reliable,834.383,12.44
2026-04-10 02:00,60,"PI_UIO_TRIANGULO_UL/Cell:eNodeB Function Name=PI_UIO_TRIANGULOL21, Local Cell ID=2, Cell Name=PI_UIO_TRIANGULO_2, eNodeB ID=44244, Cell FDD TDD indication=CELL_FDD",Reliable,18.071,3.562
2026-04-10 02:00,60,"PI_UIO_TRIANGULO_UL/Cell:eNodeB Function Name=PI_UIO_TRIANGULOL21, Local Cell ID=3, Cell Name=PI_UIO_TRIANGULO_3, eNodeB ID=44244, Cell FDD TDD indication=CELL_FDD",Reliable,133.238,8.592
2026-04-10 02:00,60,"PI_UIO_KENNEDY_UL/Cell:eNodeB Function Name=PI_UIO_KENNEDYL21, Local Cell ID=1, Cell Name=PI_UIO_KENNEDY_1, eNodeB ID=44071, Cell FDD TDD indication=CELL_FDD",Reliable,660.305,27.795
2026-04-10 02:00,60,"PI_UIO_KENNEDY_UL/Cell:eNodeB Function Name=PI_UIO_KENNEDYL21, Local Cell ID=2, Cell Name=PI_UIO_KENNEDY_2, eNodeB ID=44071, Cell FDD TDD indication=CELL_FDD",Reliable,1.375,0.866
2026-04-10 02:00,60,"PI_UIO_BUSTAMANTE_UL/Cell:eNodeB Function Name=PI_UIO_BUSTAMANTEL21, Local Cell ID=1, Cell Name=PI_UIO_BUSTAMANTE_1, eNodeB ID=44075, Cell FDD TDD indication=CELL_FDD",Reliable,0.945,0.974
2026-04-10 02:00,60,"PI_UIO_BUSTAMANTE_UL/Cell:eNodeB Function Name=PI_UIO_BUSTAMANTEL21, Local Cell ID=2, Cell Name=PI_UIO_BUSTAMANTE_2, eNodeB ID=44075, Cell FDD TDD indication=CELL_FDD",Reliable,162.441,10.465
2026-04-10 02:00,60,"PI_UIO_TREBOL_UL/Cell:eNodeB Function Name=PI_UIO_TREBOL_L, Local Cell ID=3, Cell Name=PI_UIO_TREBOL_3, eNodeB ID=44073, Cell FDD TDD indication=CELL_FDD",Reliable,6.285,0.695
2026-04-10 02:00,60,"PI_UIO_TREBOL_UL/Cell:eNodeB Function Name=PI_UIO_TREBOL_L, Local Cell ID=2, Cell Name=PI_UIO_TREBOL_2, eNodeB ID=44073, Cell FDD TDD indication=CELL_FDD",Reliable,14.729,2.429
2026-04-10 02:00,60,"PI_UIO_TREBOL_UL/Cell:eNodeB Function Name=PI_UIO_TREBOL_L, Local Cell ID=1, Cell Name=PI_UIO_TREBOL_1, eNodeB ID=44073, Cell FDD TDD indication=CELL_FDD",Reliable,50.077,6.485
2026-04-10 02:00,60,"PI_UIO_TREBOL_UL/Cell:eNodeB Function Name=PI_UIO_TREBOL_L, Local Cell ID=11, Cell Name=PI_UIO_TREBOL_11, eNodeB ID=44073, Cell FDD TDD indication=CELL_FDD",Reliable,2.451,0.126
2026-04-10 02:00,60,"PI_UIO_TREBOL_UL/Cell:eNodeB Function Name=PI_UIO_TREBOL_L, Local Cell ID=12, Cell Name=PI_UIO_TREBOL_12, eNodeB ID=44073, Cell FDD TDD indication=CELL_FDD",Reliable,0,0.001
2026-04-10 02:00,60,"PI_UIO_TREBOL_UL/Cell:eNodeB Function Name=PI_UIO_TREBOL_L, Local Cell ID=13, Cell Name=PI_UIO_TREBOL_13, eNodeB ID=44073, Cell FDD TDD indication=CELL_FDD",Reliable,0,0
2026-04-10 02:00,60,"PIC_UIO_JACARANDA_ULN/Cell:eNodeB Function Name=PI_UIO_JACARANDA_L, Local Cell ID=1, Cell Name=PI_UIO_JACARANDA_1, eNodeB ID=44203, Cell FDD TDD indication=CELL_FDD",Reliable,9.916,1.282
2026-04-10 02:00,60,"PIC_UIO_JACARANDA_ULN/Cell:eNodeB Function Name=PI_UIO_JACARANDA_L, Local Cell ID=2, Cell Name=PI_UIO_JACARANDA_2, eNodeB ID=44203, Cell FDD TDD indication=CELL_FDD",Reliable,58.402,2.291
2026-04-10 02:00,60,"PIC_UIO_JACARANDA_ULN/Cell:eNodeB Function Name=PI_UIO_JACARANDA_L, Local Cell ID=3, Cell Name=PI_UIO_JACARANDA_3, eNodeB ID=44203, Cell FDD TDD indication=CELL_FDD",Reliable,0.241,0.126
2026-04-10 02:00,60,"PIC_UIO_JACARANDA_ULN/Cell:eNodeB Function Name=PI_UIO_JACARANDA_L, Local Cell ID=11, Cell Name=PI_UIO_JACARANDA_11, eNodeB ID=44203, Cell FDD TDD indication=CELL_FDD",Reliable,0.012,0.011
2026-04-10 02:00,60,"PIC_UIO_JACARANDA_ULN/Cell:eNodeB Function Name=PI_UIO_JACARANDA_L, Local Cell ID=12, Cell Name=PI_UIO_JACARANDA_12, eNodeB ID=44203, Cell FDD TDD indication=CELL_FDD",Reliable,33.856,13.447
2026-04-10 02:00,60,"PIC_UIO_JACARANDA_ULN/Cell:eNodeB Function Name=PI_UIO_JACARANDA_L, Local Cell ID=13, Cell Name=PI_UIO_JACARANDA_13, eNodeB ID=44203, Cell FDD TDD indication=CELL_FDD",Reliable,0.012,0.008
2026-04-10 02:00,60,"PI_UIO_VICENTINA_UL/Cell:eNodeB Function Name=PIC_UIO_VICENTINA_L, Local Cell ID=1, Cell Name=PIC_UIO_VICENTINA_L21_1, eNodeB ID=44195, Cell FDD TDD indication=CELL_FDD",Reliable,0.081,0.064
2026-04-10 02:00,60,"PI_UIO_VICENTINA_UL/Cell:eNodeB Function Name=PIC_UIO_VICENTINA_L, Local Cell ID=2, Cell Name=PIC_UIO_VICENTINA_L21_2, eNodeB ID=44195, Cell FDD TDD indication=CELL_FDD",Reliable,262.921,7.225
2026-04-10 02:00,60,"PI_UIO_VICENTINA_UL/Cell:eNodeB Function Name=PIC_UIO_VICENTINA_L, Local Cell ID=3, Cell Name=PIC_UIO_VICENTINA_L21_3, eNodeB ID=44195, Cell FDD TDD indication=CELL_FDD",Reliable,21.995,6.466
2026-04-10 02:00,60,"PI_UIO_VICENTINA_UL/Cell:eNodeB Function Name=PIC_UIO_VICENTINA_L, Local Cell ID=11, Cell Name=PIC_UIO_VICENTINA_L19_11, eNodeB ID=44195, Cell FDD TDD indication=CELL_FDD",Reliable,0.196,0.022
2026-04-10 02:00,60,"PI_UIO_VICENTINA_UL/Cell:eNodeB Function Name=PIC_UIO_VICENTINA_L, Local Cell ID=12, Cell Name=PIC_UIO_VICENTINA_L19_12, eNodeB ID=44195, Cell FDD TDD indication=CELL_FDD",Reliable,0.39,0.291
2026-04-10 02:00,60,"PI_UIO_VICENTINA_UL/Cell:eNodeB Function Name=PIC_UIO_VICENTINA_L, Local Cell ID=13, Cell Name=PIC_UIO_VICENTINA_L19_13, eNodeB ID=44195, Cell FDD TDD indication=CELL_FDD",Reliable,187.393,8.581
2026-04-10 02:00,60,"PI_UIO_JEFATURA_UL/Cell:eNodeB Function Name=PI_UIO_JEFATURAL21, Local Cell ID=1, Cell Name=PI_UIO_JEFATURA_1, eNodeB ID=44135, Cell FDD TDD indication=CELL_FDD",Reliable,27.557,4.409
2026-04-10 02:00,60,"PI_UIO_JEFATURA_UL/Cell:eNodeB Function Name=PI_UIO_JEFATURAL21, Local Cell ID=2, Cell Name=PI_UIO_JEFATURA_2, eNodeB ID=44135, Cell FDD TDD indication=CELL_FDD",Reliable,27.643,2.322
2026-04-10 02:00,60,"PI_UIO_LA_MAGDALENA_UL/Cell:eNodeB Function Name=PI_UIO_LA_MAGDALENAL21, Local Cell ID=1, Cell Name=PI_UIO_LA_MAGDALENA_1, eNodeB ID=44142, Cell FDD TDD indication=CELL_FDD",Reliable,63.155,4.297
2026-04-10 02:00,60,"PI_UIO_LA_MAGDALENA_UL/Cell:eNodeB Function Name=PI_UIO_LA_MAGDALENAL21, Local Cell ID=2, Cell Name=PI_UIO_LA_MAGDALENA_2, eNodeB ID=44142, Cell FDD TDD indication=CELL_FDD",Reliable,242.085,19.855
2026-04-10 02:00,60,"PI_UIO_LA_MAGDALENA_UL/Cell:eNodeB Function Name=PI_UIO_LA_MAGDALENAL21, Local Cell ID=3, Cell Name=PI_UIO_LA_MAGDALENA_3, eNodeB ID=44142, Cell FDD TDD indication=CELL_FDD",Reliable,68.935,6.491
2026-04-10 02:00,60,"PIC_UIO_BENALCAZAR_ULN/Cell:eNodeB Function Name=PI_UIO_BENALCAZAR_L, Local Cell ID=1, Cell Name=PI_UIO_BENALCAZAR_1, eNodeB ID=44084, Cell FDD TDD indication=CELL_FDD",Reliable,101.133,10.109
2026-04-10 02:00,60,"PIC_UIO_BENALCAZAR_ULN/Cell:eNodeB Function Name=PI_UIO_BENALCAZAR_L, Local Cell ID=2, Cell Name=PI_UIO_BENALCAZAR_2, eNodeB ID=44084, Cell FDD TDD indication=CELL_FDD",Reliable,28.721,4.622
2026-04-10 02:00,60,"PIC_UIO_BENALCAZAR_ULN/Cell:eNodeB Function Name=PI_UIO_BENALCAZAR_L, Local Cell ID=3, Cell Name=PI_UIO_BENALCAZAR_3, eNodeB ID=44084, Cell FDD TDD indication=CELL_FDD",Reliable,155.423,19.008
2026-04-10 02:00,60,"PIC_UIO_BENALCAZAR_ULN/Cell:eNodeB Function Name=PI_UIO_BENALCAZAR_L, Local Cell ID=11, Cell Name=PI_UIO_BENALCAZAR_11, eNodeB ID=44084, Cell FDD TDD indication=CELL_FDD",Reliable,3.358,19.829
2026-04-10 02:00,60,"PIC_UIO_BENALCAZAR_ULN/Cell:eNodeB Function Name=PI_UIO_BENALCAZAR_L, Local Cell ID=12, Cell Name=PI_UIO_BENALCAZAR_12, eNodeB ID=44084, Cell FDD TDD indication=CELL_FDD",Reliable,1.389,1.044
2026-04-10 02:00,60,"PIC_UIO_BENALCAZAR_ULN/Cell:eNodeB Function Name=PI_UIO_BENALCAZAR_L, Local Cell ID=13, Cell Name=PI_UIO_BENALCAZAR_13, eNodeB ID=44084, Cell FDD TDD indication=CELL_FDD",Reliable,0.156,0.228
2026-04-10 02:00,60,"PI_UIO_REAL_AUDIENCIA_UL/Cell:eNodeB Function Name=PI_UIO_REAL_AUDIENCIAL21, Local Cell ID=1, Cell Name=PI_UIO_REAL_AUDIENCIA_1, eNodeB ID=44148, Cell FDD TDD indication=CELL_FDD",Reliable,55.621,9.31
2026-04-10 02:00,60,"PI_UIO_REAL_AUDIENCIA_UL/Cell:eNodeB Function Name=PI_UIO_REAL_AUDIENCIAL21, Local Cell ID=2, Cell Name=PI_UIO_REAL_AUDIENCIA_2, eNodeB ID=44148, Cell FDD TDD indication=CELL_FDD",Reliable,3.7,0.699
2026-04-10 02:00,60,"PI_UIO_CORDERO_UL/Cell:eNodeB Function Name=PI_UIO_CORDERO_L, Local Cell ID=1, Cell Name=PI_UIO_CORDERO_1, eNodeB ID=44045, Cell FDD TDD indication=CELL_FDD",Reliable,5.535,1.527
2026-04-10 02:00,60,"PI_UIO_CORDERO_UL/Cell:eNodeB Function Name=PI_UIO_CORDERO_L, Local Cell ID=2, Cell Name=PI_UIO_CORDERO_2, eNodeB ID=44045, Cell FDD TDD indication=CELL_FDD",Reliable,8.716,2.647
2026-04-10 02:00,60,"PI_UIO_CORDERO_UL/Cell:eNodeB Function Name=PI_UIO_CORDERO_L, Local Cell ID=3, Cell Name=PI_UIO_CORDERO_3, eNodeB ID=44045, Cell FDD TDD indication=CELL_FDD",Reliable,179.582,17.217
2026-04-10 02:00,60,"PI_UIO_CORDERO_UL/Cell:eNodeB Function Name=PI_UIO_CORDERO_L, Local Cell ID=7, Cell Name=PI_UIO_CORDERO_APT_7, eNodeB ID=44045, Cell FDD TDD indication=CELL_FDD",Reliable,2.542,0.92
2026-04-10 02:00,60,"PI_UIO_CORDERO_UL/Cell:eNodeB Function Name=PI_UIO_CORDERO_L, Local Cell ID=8, Cell Name=PI_UIO_CORDERO_APT_8, eNodeB ID=44045, Cell FDD TDD indication=CELL_FDD",Reliable,1.502,0.513
2026-04-10 02:00,60,"PI_UIO_CORDERO_UL/Cell:eNodeB Function Name=PI_UIO_CORDERO_L, Local Cell ID=9, Cell Name=PI_UIO_CORDERO_APT_9, eNodeB ID=44045, Cell FDD TDD indication=CELL_FDD",Reliable,7.979,2.172
2026-04-10 02:00,60,"PI_UIO_CORDERO_UL/Cell:eNodeB Function Name=PI_UIO_CORDERO_L, Local Cell ID=11, Cell Name=PI_UIO_CORDERO_11, eNodeB ID=44045, Cell FDD TDD indication=CELL_FDD",Reliable,0.021,0.03
2026-04-10 02:00,60,"PI_UIO_CORDERO_UL/Cell:eNodeB Function Name=PI_UIO_CORDERO_L, Local Cell ID=12, Cell Name=PI_UIO_CORDERO_12, eNodeB ID=44045, Cell FDD TDD indication=CELL_FDD",Reliable,1.11,0.293
2026-04-10 02:00,60,"PI_UIO_CORDERO_UL/Cell:eNodeB Function Name=PI_UIO_CORDERO_L, Local Cell ID=13, Cell Name=PI_UIO_CORDERO_13, eNodeB ID=44045, Cell FDD TDD indication=CELL_FDD",Reliable,2.993,1.412
2026-04-10 02:00,60,"PI_UIO_MANUEL_VALDIVIESO_UL/Cell:eNodeB Function Name=PIC_UIO_MANUEL_VALDIVIESO_L, Local Cell ID=1, Cell Name=PIC_UIO_MANUEL_VALDIVIESO_L21_1, eNodeB ID=44157, Cell FDD TDD indication=CELL_FDD",Reliable,31.169,4.91
2026-04-10 02:00,60,"PI_UIO_MANUEL_VALDIVIESO_UL/Cell:eNodeB Function Name=PIC_UIO_MANUEL_VALDIVIESO_L, Local Cell ID=2, Cell Name=PIC_UIO_MANUEL_VALDIVIESO_L21_2, eNodeB ID=44157, Cell FDD TDD indication=CELL_FDD",Reliable,4.199,0.679
2026-04-10 02:00,60,"PI_UIO_CENTRAL_CARCELEN_CNT_UL/Cell:eNodeB Function Name=PI_UIO_CENTRAL_CARCELEN_CNTL21, Local Cell ID=1, Cell Name=PI_UIO_CENTRAL_CARCELEN_CNT_1, eNodeB ID=44162, Cell FDD TDD indication=CELL_FDD",Reliable,172.829,9.92
2026-04-10 02:00,60,"PI_UIO_CENTRAL_CARCELEN_CNT_UL/Cell:eNodeB Function Name=PI_UIO_CENTRAL_CARCELEN_CNTL21, Local Cell ID=2, Cell Name=PI_UIO_CENTRAL_CARCELEN_CNT_2, eNodeB ID=44162, Cell FDD TDD indication=CELL_FDD",Reliable,118.821,12.333
2026-04-10 02:00,60,"PI_UIO_RODRIGO_DE_CHAVEZ_UL/Cell:eNodeB Function Name=PI_UIO_RODRIGO_DE_CHAVEZL21, Local Cell ID=1, Cell Name=PI_UIO_RODRIGO_DE_CHAVEZ_1, eNodeB ID=44183, Cell FDD TDD indication=CELL_FDD",Reliable,43.509,5.057
2026-04-10 02:00,60,"PI_UIO_RODRIGO_DE_CHAVEZ_UL/Cell:eNodeB Function Name=PI_UIO_RODRIGO_DE_CHAVEZL21, Local Cell ID=2, Cell Name=PI_UIO_RODRIGO_DE_CHAVEZ_2, eNodeB ID=44183, Cell FDD TDD indication=CELL_FDD",Reliable,4.311,0.341
2026-04-10 02:00,60,"PI_UIO_RODRIGO_DE_CHAVEZ_UL/Cell:eNodeB Function Name=PI_UIO_RODRIGO_DE_CHAVEZL21, Local Cell ID=3, Cell Name=PI_UIO_RODRIGO_DE_CHAVEZ_3, eNodeB ID=44183, Cell FDD TDD indication=CELL_FDD",Reliable,6.21,2.046
2026-04-10 02:00,60,"PI_UIO_HOSP_MILITAR_UL/Cell:eNodeB Function Name=PI_UIO_HOSP_MILITARL21, Local Cell ID=1, Cell Name=PI_UIO_HOSP_MILITAR_1, eNodeB ID=44035, Cell FDD TDD indication=CELL_FDD",Reliable,0.19,0.205
2026-04-10 02:00,60,"PI_UIO_HOSP_MILITAR_UL/Cell:eNodeB Function Name=PI_UIO_HOSP_MILITARL21, Local Cell ID=2, Cell Name=PI_UIO_HOSP_MILITAR_2, eNodeB ID=44035, Cell FDD TDD indication=CELL_FDD",Reliable,51.549,10.703
2026-04-10 02:00,60,"PI_UIO_HOSP_MILITAR_UL/Cell:eNodeB Function Name=PI_UIO_HOSP_MILITARL21, Local Cell ID=3, Cell Name=PI_UIO_HOSP_MILITAR_3, eNodeB ID=44035, Cell FDD TDD indication=CELL_FDD",Reliable,13.383,2.954
2026-04-10 02:00,60,"PI_UIO_HOSP_MILITAR_UL/Cell:eNodeB Function Name=PI_UIO_HOSP_MILITARL21, Local Cell ID=7, Cell Name=PI_UIO_HOSP_MILITAR_APT_7, eNodeB ID=44035, Cell FDD TDD indication=CELL_FDD",Reliable,3.361,2.478
2026-04-10 02:00,60,"PI_UIO_HOSP_MILITAR_UL/Cell:eNodeB Function Name=PI_UIO_HOSP_MILITARL21, Local Cell ID=8, Cell Name=PI_UIO_HOSP_MILITAR_APT_8, eNodeB ID=44035, Cell FDD TDD indication=CELL_FDD",Reliable,647.924,24.939
2026-04-10 02:00,60,"PI_UIO_HOSP_MILITAR_UL/Cell:eNodeB Function Name=PI_UIO_HOSP_MILITARL21, Local Cell ID=9, Cell Name=PI_UIO_HOSP_MILITAR_APT_9, eNodeB ID=44035, Cell FDD TDD indication=CELL_FDD",Reliable,2.102,8.453
2026-04-10 02:00,60,"PI_UIO_NUEVA_AURORA_UL/Cell:eNodeB Function Name=PI_UIO_NUEVA_AURORAL21, Local Cell ID=1, Cell Name=PI_UIO_NUEVA_AURORA_1, eNodeB ID=44164, Cell FDD TDD indication=CELL_FDD",Reliable,6.143,6.735
2026-04-10 02:00,60,"PI_UIO_NUEVA_AURORA_UL/Cell:eNodeB Function Name=PI_UIO_NUEVA_AURORAL21, Local Cell ID=2, Cell Name=PI_UIO_NUEVA_AURORA_2, eNodeB ID=44164, Cell FDD TDD indication=CELL_FDD",Reliable,35.268,3.947
2026-04-10 02:00,60,"PI_UIO_NUEVA_AURORA_UL/Cell:eNodeB Function Name=PI_UIO_NUEVA_AURORAL21, Local Cell ID=3, Cell Name=PI_UIO_NUEVA_AURORA_3, eNodeB ID=44164, Cell FDD TDD indication=CELL_FDD",Reliable,64.434,6.291
2026-04-10 02:00,60,"PI_UIO_LULUNCOTO_UL/Cell:eNodeB Function Name=PI_UIO_LULUNCOTOL21, Local Cell ID=1, Cell Name=PIC_UIO_LULUNCOTO_L21_1, eNodeB ID=44040, Cell FDD TDD indication=CELL_FDD",Reliable,144.391,19.289
2026-04-10 02:00,60,"PI_UIO_LULUNCOTO_UL/Cell:eNodeB Function Name=PI_UIO_LULUNCOTOL21, Local Cell ID=2, Cell Name=PIC_UIO_LULUNCOTO_L21_2, eNodeB ID=44040, Cell FDD TDD indication=CELL_FDD",Reliable,124.006,61.266
2026-04-10 02:00,60,"PIC_UIO_NUEVO_AMANECER_SUR_UL/Cell:eNodeB Function Name=PIC_UIO_NUEVO_AMANECER_SUR_L, Local Cell ID=1, Cell Name=PIC_UIO_NUEVO_AMANECER_SUR_L21_1, eNodeB ID=44165, Cell FDD TDD indication=CELL_FDD",Reliable,11.904,3.281
2026-04-10 02:00,60,"PIC_UIO_NUEVO_AMANECER_SUR_UL/Cell:eNodeB Function Name=PIC_UIO_NUEVO_AMANECER_SUR_L, Local Cell ID=2, Cell Name=PIC_UIO_NUEVO_AMANECER_SUR_L21_2, eNodeB ID=44165, Cell FDD TDD indication=CELL_FDD",Reliable,191.381,114.02
2026-04-10 02:00,60,"PIC_UIO_NUEVO_AMANECER_SUR_UL/Cell:eNodeB Function Name=PIC_UIO_NUEVO_AMANECER_SUR_L, Local Cell ID=3, Cell Name=PIC_UIO_NUEVO_AMANECER_SUR_L21_3, eNodeB ID=44165, Cell FDD TDD indication=CELL_FDD",Reliable,54.34,5.199
2026-04-10 02:00,60,"PIC_UIO_NUEVO_AMANECER_SUR_UL/Cell:eNodeB Function Name=PIC_UIO_NUEVO_AMANECER_SUR_L, Local Cell ID=7, Cell Name=PIC_UIO_NUEVO_AMANECER_SUR_L7_7, eNodeB ID=44165, Cell FDD TDD indication=CELL_FDD",Reliable,109.851,19.899
2026-04-10 02:00,60,"PIC_UIO_NUEVO_AMANECER_SUR_UL/Cell:eNodeB Function Name=PIC_UIO_NUEVO_AMANECER_SUR_L, Local Cell ID=8, Cell Name=PIC_UIO_NUEVO_AMANECER_SUR_L8_8, eNodeB ID=44165, Cell FDD TDD indication=CELL_FDD",Reliable,1063.96,43.33
2026-04-10 02:00,60,"PIC_UIO_NUEVO_AMANECER_SUR_UL/Cell:eNodeB Function Name=PIC_UIO_NUEVO_AMANECER_SUR_L, Local Cell ID=9, Cell Name=PIC_UIO_NUEVO_AMANECER_SUR_L9_9, eNodeB ID=44165, Cell FDD TDD indication=CELL_FDD",Reliable,120.865,15.121
2026-04-10 02:00,60,"PI_UIO_DAMMER_UL/Cell:eNodeB Function Name=PI_UIO_DAMMERL21, Local Cell ID=1, Cell Name=PI_UIO_DAMMER_1, eNodeB ID=44033, Cell FDD TDD indication=CELL_FDD",Reliable,35.493,5.47
2026-04-10 02:00,60,"PI_UIO_DAMMER_UL/Cell:eNodeB Function Name=PI_UIO_DAMMERL21, Local Cell ID=2, Cell Name=PI_UIO_DAMMER_2, eNodeB ID=44033, Cell FDD TDD indication=CELL_FDD",Reliable,40.135,8.83
2026-04-10 02:00,60,"PI_UIO_DAMMER_UL/Cell:eNodeB Function Name=PI_UIO_DAMMERL21, Local Cell ID=7, Cell Name=PI_UIO_DAMMER_APT_7, eNodeB ID=44033, Cell FDD TDD indication=CELL_FDD",Reliable,603.525,33.432
2026-04-10 02:00,60,"PI_UIO_DAMMER_UL/Cell:eNodeB Function Name=PI_UIO_DAMMERL21, Local Cell ID=8, Cell Name=PI_UIO_DAMMER_APT_8, eNodeB ID=44033, Cell FDD TDD indication=CELL_FDD",Reliable,7.916,2.312
2026-04-10 02:00,60,"PI_UIO_SEK_UL/Cell:eNodeB Function Name=PIC_UIO_SEK_UL, Local Cell ID=1, Cell Name=PI_UIO_SEK_1, eNodeB ID=44242, Cell FDD TDD indication=CELL_FDD",Reliable,103.217,7.492
2026-04-10 02:00,60,"PI_UIO_SEK_UL/Cell:eNodeB Function Name=PIC_UIO_SEK_UL, Local Cell ID=2, Cell Name=PI_UIO_SEK_2, eNodeB ID=44242, Cell FDD TDD indication=CELL_FDD",Reliable,22.479,0.728
2026-04-10 02:00,60,"PI_UIO_SEK_UL/Cell:eNodeB Function Name=PIC_UIO_SEK_UL, Local Cell ID=3, Cell Name=PI_UIO_SEK_3, eNodeB ID=44242, Cell FDD TDD indication=CELL_FDD",Reliable,0.057,1.876
2026-04-10 02:00,60,"PI_UIO_NAYON_UL/Cell:eNodeB Function Name=PI_UIO_NAYONL21, Local Cell ID=1, Cell Name=PI_UIO_NAYON_1, eNodeB ID=44036, Cell FDD TDD indication=CELL_FDD",Reliable,1.433,0.377
2026-04-10 02:00,60,"PI_UIO_NAYON_UL/Cell:eNodeB Function Name=PI_UIO_NAYONL21, Local Cell ID=2, Cell Name=PI_UIO_NAYON_2, eNodeB ID=44036, Cell FDD TDD indication=CELL_FDD",Reliable,347.139,18.632
2026-04-10 02:00,60,"PI_UIO_NAYON_UL/Cell:eNodeB Function Name=PI_UIO_NAYONL21, Local Cell ID=3, Cell Name=PI_UIO_NAYON_3, eNodeB ID=44036, Cell FDD TDD indication=CELL_FDD",Reliable,1.912,1.099
2026-04-10 02:00,60,"PI_UIO_NAYON_UL/Cell:eNodeB Function Name=PI_UIO_NAYONL21, Local Cell ID=7, Cell Name=PI_UIO_NAYON_APT_7, eNodeB ID=44036, Cell FDD TDD indication=CELL_FDD",Reliable,433.476,35.093
2026-04-10 02:00,60,"PI_UIO_NAYON_UL/Cell:eNodeB Function Name=PI_UIO_NAYONL21, Local Cell ID=8, Cell Name=PI_UIO_NAYON_APT_8, eNodeB ID=44036, Cell FDD TDD indication=CELL_FDD",Reliable,8.414,4.303
2026-04-10 02:00,60,"PI_UIO_NAYON_UL/Cell:eNodeB Function Name=PI_UIO_NAYONL21, Local Cell ID=9, Cell Name=PI_UIO_NAYON_APT_9, eNodeB ID=44036, Cell FDD TDD indication=CELL_FDD",Reliable,25.205,7.691
2026-04-10 02:00,60,"PI_UIO_LAURELES_UL/Cell:eNodeB Function Name=PIC_UIO_LAURELES_L, Local Cell ID=1, Cell Name=PIC_UIO_LAURELES_L21_1, eNodeB ID=44051, Cell FDD TDD indication=CELL_FDD",Reliable,264.101,18.167
2026-04-10 02:00,60,"PI_UIO_LAURELES_UL/Cell:eNodeB Function Name=PIC_UIO_LAURELES_L, Local Cell ID=2, Cell Name=PIC_UIO_LAURELES_L21_2, eNodeB ID=44051, Cell FDD TDD indication=CELL_FDD",Reliable,37.71,17.547
2026-04-10 02:00,60,"PI_UIO_LAURELES_UL/Cell:eNodeB Function Name=PIC_UIO_LAURELES_L, Local Cell ID=3, Cell Name=PIC_UIO_LAURELES_L21_3, eNodeB ID=44051, Cell FDD TDD indication=CELL_FDD",Reliable,8030.937,582.758
2026-04-10 02:00,60,"PI_UIO_LAURELES_UL/Cell:eNodeB Function Name=PIC_UIO_LAURELES_L, Local Cell ID=7, Cell Name=PIC_UIO_LAURELES_L7_7, eNodeB ID=44051, Cell FDD TDD indication=CELL_FDD",Reliable,22.282,3.511
2026-04-10 02:00,60,"PI_UIO_LAURELES_UL/Cell:eNodeB Function Name=PIC_UIO_LAURELES_L, Local Cell ID=8, Cell Name=PIC_UIO_LAURELES_L7_8, eNodeB ID=44051, Cell FDD TDD indication=CELL_FDD",Reliable,150.773,9.926
2026-04-10 02:00,60,"PI_UIO_LAURELES_UL/Cell:eNodeB Function Name=PIC_UIO_LAURELES_L, Local Cell ID=9, Cell Name=PIC_UIO_LAURELES_L7_9, eNodeB ID=44051, Cell FDD TDD indication=CELL_FDD",Reliable,2619.472,257.831
2026-04-10 02:00,60,"PI_UIO_LAURELES_UL/Cell:eNodeB Function Name=PIC_UIO_LAURELES_L, Local Cell ID=11, Cell Name=PIC_UIO_LAURELES_L19_11, eNodeB ID=44051, Cell FDD TDD indication=CELL_FDD",Reliable,588.884,47.412
2026-04-10 02:00,60,"PI_UIO_LAURELES_UL/Cell:eNodeB Function Name=PIC_UIO_LAURELES_L, Local Cell ID=12, Cell Name=PIC_UIO_LAURELES_L19_12, eNodeB ID=44051, Cell FDD TDD indication=CELL_FDD",Reliable,0.175,0.06
2026-04-10 02:00,60,"PI_UIO_LAURELES_UL/Cell:eNodeB Function Name=PIC_UIO_LAURELES_L, Local Cell ID=13, Cell Name=PIC_UIO_LAURELES_L19_13, eNodeB ID=44051, Cell FDD TDD indication=CELL_FDD",Reliable,3883.097,331.018
2026-04-10 02:00,60,"PI_UIO_PINTADO_UL/Cell:eNodeB Function Name=PI_UIO_PINTADOL21, Local Cell ID=1, Cell Name=PI_UIO_PINTADO_1, eNodeB ID=44021, Cell FDD TDD indication=CELL_FDD",Reliable,205.151,89.967
2026-04-10 02:00,60,"PI_UIO_PINTADO_UL/Cell:eNodeB Function Name=PI_UIO_PINTADOL21, Local Cell ID=2, Cell Name=PI_UIO_PINTADO_2, eNodeB ID=44021, Cell FDD TDD indication=CELL_FDD",Reliable,21.954,3.987
2026-04-10 02:00,60,"PI_UIO_PINTADO_UL/Cell:eNodeB Function Name=PI_UIO_PINTADOL21, Local Cell ID=3, Cell Name=PI_UIO_PINTADO_3, eNodeB ID=44021, Cell FDD TDD indication=CELL_FDD",Reliable,78.125,4.745
2026-04-10 02:00,60,"PI_UIO_PINTADO_UL/Cell:eNodeB Function Name=PI_UIO_PINTADOL21, Local Cell ID=7, Cell Name=PI_UIO_PINTADO_APT_7, eNodeB ID=44021, Cell FDD TDD indication=CELL_FDD",Reliable,155.509,27.779
2026-04-10 02:00,60,"PI_UIO_PINTADO_UL/Cell:eNodeB Function Name=PI_UIO_PINTADOL21, Local Cell ID=8, Cell Name=PI_UIO_PINTADO_APT_8, eNodeB ID=44021, Cell FDD TDD indication=CELL_FDD",Reliable,159.596,59.439
2026-04-10 02:00,60,"PI_UIO_PINTADO_UL/Cell:eNodeB Function Name=PI_UIO_PINTADOL21, Local Cell ID=9, Cell Name=PI_UIO_PINTADO_APT_9, eNodeB ID=44021, Cell FDD TDD indication=CELL_FDD",Reliable,56.183,7.611
2026-04-10 02:00,60,"PI_UIO_PLAZA_ARENAS_UL/Cell:eNodeB Function Name=PI_UIO_PLAZA_ARENASL21, Local Cell ID=1, Cell Name=PI_UIO_PLAZA_ARENAS_1, eNodeB ID=44173, Cell FDD TDD indication=CELL_FDD",Reliable,0.182,0.155
2026-04-10 02:00,60,"PI_UIO_PLAZA_ARENAS_UL/Cell:eNodeB Function Name=PI_UIO_PLAZA_ARENASL21, Local Cell ID=2, Cell Name=PI_UIO_PLAZA_ARENAS_2, eNodeB ID=44173, Cell FDD TDD indication=CELL_FDD",Reliable,9.095,1.108
2026-04-10 02:00,60,"PI_UIO_PLAZA_ARENAS_UL/Cell:eNodeB Function Name=PI_UIO_PLAZA_ARENASL21, Local Cell ID=3, Cell Name=PI_UIO_PLAZA_ARENAS_3, eNodeB ID=44173, Cell FDD TDD indication=CELL_FDD",Reliable,183.323,14.162
2026-04-10 02:00,60,"PI_UIO_LOJA_UL/Cell:eNodeB Function Name=PI_UIO_LOJAL21, Local Cell ID=1, Cell Name=PIC_UIO_LOJA_L21_1, eNodeB ID=44224, Cell FDD TDD indication=CELL_FDD",Reliable,59.243,5.765
2026-04-10 02:00,60,"PI_UIO_LOJA_UL/Cell:eNodeB Function Name=PI_UIO_LOJAL21, Local Cell ID=2, Cell Name=PIC_UIO_LOJA_L21_2, eNodeB ID=44224, Cell FDD TDD indication=CELL_FDD",Reliable,39.495,8.663
2026-04-10 02:00,60,"PI_UIO_LOJA_UL/Cell:eNodeB Function Name=PI_UIO_LOJAL21, Local Cell ID=7, Cell Name=PIC_UIO_LOJA_L7_7, eNodeB ID=44224, Cell FDD TDD indication=CELL_FDD",Reliable,79.357,34.749
2026-04-10 02:00,60,"PI_UIO_LOJA_UL/Cell:eNodeB Function Name=PI_UIO_LOJAL21, Local Cell ID=8, Cell Name=PIC_UIO_LOJA_L7_8, eNodeB ID=44224, Cell FDD TDD indication=CELL_FDD",Reliable,146.712,52.216
2026-04-10 02:00,60,"PI_UIO_SAN_RAFAEL_UL/Cell:eNodeB Function Name=PI_UIO_SAN_RAFAELL21, Local Cell ID=1, Cell Name=PI_UIO_SAN_RAFAEL_1, eNodeB ID=44017, Cell FDD TDD indication=CELL_FDD",Reliable,41.891,7.59
2026-04-10 02:00,60,"PI_UIO_SAN_RAFAEL_UL/Cell:eNodeB Function Name=PI_UIO_SAN_RAFAELL21, Local Cell ID=2, Cell Name=PI_UIO_SAN_RAFAEL_2, eNodeB ID=44017, Cell FDD TDD indication=CELL_FDD",Reliable,1.004,0.634
2026-04-10 02:00,60,"PI_UIO_SAN_RAFAEL_UL/Cell:eNodeB Function Name=PI_UIO_SAN_RAFAELL21, Local Cell ID=3, Cell Name=PI_UIO_SAN_RAFAEL_3, eNodeB ID=44017, Cell FDD TDD indication=CELL_FDD",Reliable,1.581,1.033
2026-04-10 02:00,60,"PI_UIO_SAN_RAFAEL_UL/Cell:eNodeB Function Name=PI_UIO_SAN_RAFAELL21, Local Cell ID=7, Cell Name=PI_UIO_SAN_RAFAEL_APT_7, eNodeB ID=44017, Cell FDD TDD indication=CELL_FDD",Reliable,329.378,21.327
2026-04-10 02:00,60,"PI_UIO_SAN_RAFAEL_UL/Cell:eNodeB Function Name=PI_UIO_SAN_RAFAELL21, Local Cell ID=8, Cell Name=PI_UIO_SAN_RAFAEL_APT_8, eNodeB ID=44017, Cell FDD TDD indication=CELL_FDD",Reliable,210.434,55.579
2026-04-10 02:00,60,"PI_UIO_SAN_RAFAEL_UL/Cell:eNodeB Function Name=PI_UIO_SAN_RAFAELL21, Local Cell ID=9, Cell Name=PI_UIO_SAN_RAFAEL_APT_9, eNodeB ID=44017, Cell FDD TDD indication=CELL_FDD",Reliable,48.487,8.926
2026-04-10 02:00,60,"PI_UIO_SABANILLA_UL/Cell:eNodeB Function Name=PI_UIO_SABANILLAL21, Local Cell ID=1, Cell Name=PI_UIO_SABANILLA_1, eNodeB ID=44184, Cell FDD TDD indication=CELL_FDD",Reliable,124.422,23.313
2026-04-10 02:00,60,"PI_UIO_SABANILLA_UL/Cell:eNodeB Function Name=PI_UIO_SABANILLAL21, Local Cell ID=2, Cell Name=PI_UIO_SABANILLA_2, eNodeB ID=44184, Cell FDD TDD indication=CELL_FDD",Reliable,550.037,123.974
2026-04-10 02:00,60,"PI_UIO_AMAGASI_DEL_INCA_UL/Cell:eNodeB Function Name=PI_UIO_AMAGASI_DEL_INCAL21, Local Cell ID=1, Cell Name=PI_UIO_AMAGASI_DEL_INCA_1, eNodeB ID=44060, Cell FDD TDD indication=CELL_FDD",Reliable,9.512,2.371
2026-04-10 02:00,60,"PI_UIO_AMAGASI_DEL_INCA_UL/Cell:eNodeB Function Name=PI_UIO_AMAGASI_DEL_INCAL21, Local Cell ID=8, Cell Name=PI_UIO_AMAGASI_DEL_INCA_APT_8, eNodeB ID=44060, Cell FDD TDD indication=CELL_FDD",Reliable,11.41,4.893
2026-04-10 02:00,60,"PI_UIO_SOLCA_UL/Cell:eNodeB Function Name=PI_UIO_SOLCAL21, Local Cell ID=1, Cell Name=PI_UIO_SOLCA_1, eNodeB ID=44043, Cell FDD TDD indication=CELL_FDD",Reliable,26.044,18.772
2026-04-10 02:00,60,"PI_UIO_SOLCA_UL/Cell:eNodeB Function Name=PI_UIO_SOLCAL21, Local Cell ID=2, Cell Name=PI_UIO_SOLCA_2, eNodeB ID=44043, Cell FDD TDD indication=CELL_FDD",Reliable,312.08,20.27
2026-04-10 02:00,60,"PI_UIO_SOLCA_UL/Cell:eNodeB Function Name=PI_UIO_SOLCAL21, Local Cell ID=3, Cell Name=PI_UIO_SOLCA_3, eNodeB ID=44043, Cell FDD TDD indication=CELL_FDD",Reliable,98.312,15.561
2026-04-10 02:00,60,"PI_UIO_SOLCA_UL/Cell:eNodeB Function Name=PI_UIO_SOLCAL21, Local Cell ID=7, Cell Name=PI_UIO_SOLCA_APT_7, eNodeB ID=44043, Cell FDD TDD indication=CELL_FDD",Reliable,1533.5,53.217
2026-04-10 02:00,60,"PI_UIO_SOLCA_UL/Cell:eNodeB Function Name=PI_UIO_SOLCAL21, Local Cell ID=8, Cell Name=PI_UIO_SOLCA_APT_8, eNodeB ID=44043, Cell FDD TDD indication=CELL_FDD",Reliable,84.547,14.579
2026-04-10 02:00,60,"PI_UIO_SOLCA_UL/Cell:eNodeB Function Name=PI_UIO_SOLCAL21, Local Cell ID=9, Cell Name=PI_UIO_SOLCA_APT_9, eNodeB ID=44043, Cell FDD TDD indication=CELL_FDD",Reliable,94.517,8.63
2026-04-10 02:00,60,"PI_UIO_CARCELEN_BAJO_UL/Cell:eNodeB Function Name=PI_UIO_CARCELEN_BAJOL21, Local Cell ID=1, Cell Name=PI_UIO_CARCELEN_BAJO_1, eNodeB ID=44091, Cell FDD TDD indication=CELL_FDD",Reliable,68.719,10.644
2026-04-10 02:00,60,"PI_UIO_CARCELEN_BAJO_UL/Cell:eNodeB Function Name=PI_UIO_CARCELEN_BAJOL21, Local Cell ID=2, Cell Name=PI_UIO_CARCELEN_BAJO_2, eNodeB ID=44091, Cell FDD TDD indication=CELL_FDD",Reliable,164.32,11.765
2026-04-10 02:00,60,"PI_UIO_LDU_UL/Cell:eNodeB Function Name=PI_UIO_LDU_L, Local Cell ID=1, Cell Name=PI_UIO_LDU_1, eNodeB ID=44047, Cell FDD TDD indication=CELL_FDD",Reliable,5.362,2.455
2026-04-10 02:00,60,"PI_UIO_LDU_UL/Cell:eNodeB Function Name=PI_UIO_LDU_L, Local Cell ID=2, Cell Name=PI_UIO_LDU_2, eNodeB ID=44047, Cell FDD TDD indication=CELL_FDD",Reliable,17.751,4.204
2026-04-10 02:00,60,"PI_UIO_LDU_UL/Cell:eNodeB Function Name=PI_UIO_LDU_L, Local Cell ID=3, Cell Name=PI_UIO_LDU_3, eNodeB ID=44047, Cell FDD TDD indication=CELL_FDD",Reliable,0.412,0.287
2026-04-10 02:00,60,"PI_UIO_LDU_UL/Cell:eNodeB Function Name=PI_UIO_LDU_L, Local Cell ID=11, Cell Name=PI_UIO_LDU_11, eNodeB ID=44047, Cell FDD TDD indication=CELL_FDD",Reliable,0.01,0.011
2026-04-10 02:00,60,"PI_UIO_LDU_UL/Cell:eNodeB Function Name=PI_UIO_LDU_L, Local Cell ID=12, Cell Name=PI_UIO_LDU_12, eNodeB ID=44047, Cell FDD TDD indication=CELL_FDD",Reliable,2.921,0.223
2026-04-10 02:00,60,"PI_UIO_LDU_UL/Cell:eNodeB Function Name=PI_UIO_LDU_L, Local Cell ID=13, Cell Name=PI_UIO_LDU_13, eNodeB ID=44047, Cell FDD TDD indication=CELL_FDD",Reliable,0.002,0.001
2026-04-10 02:00,60,"PI_UIO_LOS_PLANETAS_UL/Cell:eNodeB Function Name=PI_UIO_LOS_PLANETAS_L, Local Cell ID=1, Cell Name=PI_UIO_LOS_PLANETAS_L21_1, eNodeB ID=44212, Cell FDD TDD indication=CELL_FDD",Reliable,32.826,5.488
2026-04-10 02:00,60,"PI_UIO_LOS_PLANETAS_UL/Cell:eNodeB Function Name=PI_UIO_LOS_PLANETAS_L, Local Cell ID=2, Cell Name=PI_UIO_LOS_PLANETAS_L21_2, eNodeB ID=44212, Cell FDD TDD indication=CELL_FDD",Reliable,8.532,2.215
2026-04-10 02:00,60,"PI_UIO_LOS_PLANETAS_UL/Cell:eNodeB Function Name=PI_UIO_LOS_PLANETAS_L, Local Cell ID=3, Cell Name=PI_UIO_LOS_PLANETAS_L21_3, eNodeB ID=44212, Cell FDD TDD indication=CELL_FDD",Reliable,0.659,0.261
2026-04-10 02:00,60,"PI_UIO_LOS_PLANETAS_UL/Cell:eNodeB Function Name=PI_UIO_LOS_PLANETAS_L, Local Cell ID=11, Cell Name=PI_UIO_LOS_PLANETAS_L19_11, eNodeB ID=44212, Cell FDD TDD indication=CELL_FDD",Reliable,0.002,0.001
2026-04-10 02:00,60,"PI_UIO_LOS_PLANETAS_UL/Cell:eNodeB Function Name=PI_UIO_LOS_PLANETAS_L, Local Cell ID=12, Cell Name=PI_UIO_LOS_PLANETAS_L19_12, eNodeB ID=44212, Cell FDD TDD indication=CELL_FDD",Reliable,0,0
2026-04-10 02:00,60,"PI_UIO_LOS_PLANETAS_UL/Cell:eNodeB Function Name=PI_UIO_LOS_PLANETAS_L, Local Cell ID=13, Cell Name=PI_UIO_LOS_PLANETAS_L19_13, eNodeB ID=44212, Cell FDD TDD indication=CELL_FDD",Reliable,0.005,0.006
2026-04-10 02:00,60,"TU_AMB_PUERTO_ARTURO_UL/Cell:eNodeB Function Name=TU_AMB_PUERTO_ARTUROL21, Local Cell ID=1, Cell Name=TU_AMB_PUERTO_ARTURO_1, eNodeB ID=44484, Cell FDD TDD indication=CELL_FDD",Reliable,118.076,7.147
2026-04-10 02:00,60,"TU_AMB_PUERTO_ARTURO_UL/Cell:eNodeB Function Name=TU_AMB_PUERTO_ARTUROL21, Local Cell ID=2, Cell Name=TU_AMB_PUERTO_ARTURO_2, eNodeB ID=44484, Cell FDD TDD indication=CELL_FDD",Reliable,8.785,4.979
2026-04-10 02:00,60,"TU_AMB_PUERTO_ARTURO_UL/Cell:eNodeB Function Name=TU_AMB_PUERTO_ARTUROL21, Local Cell ID=7, Cell Name=TU_AMB_PUERTO_ARTURO_APT_7, eNodeB ID=44484, Cell FDD TDD indication=CELL_FDD",Reliable,154.902,17.106
2026-04-10 02:00,60,"TU_AMB_PUERTO_ARTURO_UL/Cell:eNodeB Function Name=TU_AMB_PUERTO_ARTUROL21, Local Cell ID=8, Cell Name=TU_AMB_PUERTO_ARTURO_APT_8, eNodeB ID=44484, Cell FDD TDD indication=CELL_FDD",Reliable,83.444,21.365
2026-04-10 02:00,60,"TU_AMB_PUERTO_ARTURO_UL/Cell:eNodeB Function Name=TU_AMB_PUERTO_ARTUROL21, Local Cell ID=9, Cell Name=TU_AMB_PUERTO_ARTURO_APT_9, eNodeB ID=44484, Cell FDD TDD indication=CELL_FDD",Reliable,72.003,6.326
2026-04-10 02:00,60,"TU_AMB_PARQUE_INDUSTRIAL_UL/Cell:eNodeB Function Name=TU_AMB_PARQUE_INDUSTRIALL21, Local Cell ID=1, Cell Name=TU_AMB_PARQUE_INDUSTRIAL_1, eNodeB ID=44482, Cell FDD TDD indication=CELL_FDD",Reliable,19.838,7.819
2026-04-10 02:00,60,"TU_AMB_PARQUE_INDUSTRIAL_UL/Cell:eNodeB Function Name=TU_AMB_PARQUE_INDUSTRIALL21, Local Cell ID=2, Cell Name=TU_AMB_PARQUE_INDUSTRIAL_2, eNodeB ID=44482, Cell FDD TDD indication=CELL_FDD",Reliable,538.815,40.872
2026-04-10 02:00,60,"TU_AMB_PARQUE_INDUSTRIAL_UL/Cell:eNodeB Function Name=TU_AMB_PARQUE_INDUSTRIALL21, Local Cell ID=3, Cell Name=TU_AMB_PARQUE_INDUSTRIAL_3, eNodeB ID=44482, Cell FDD TDD indication=CELL_FDD",Reliable,8.478,0.855
2026-04-10 02:00,60,"TU_AMB_LA_PRADERA_UL/Cell:eNodeB Function Name=TU_AMB_LA_PRADERAL21, Local Cell ID=1, Cell Name=TU_AMB_LA_PRADERA_1, eNodeB ID=44452, Cell FDD TDD indication=CELL_FDD",Reliable,495.012,35.897
2026-04-10 02:00,60,"TU_AMB_LA_PRADERA_UL/Cell:eNodeB Function Name=TU_AMB_LA_PRADERAL21, Local Cell ID=2, Cell Name=TU_AMB_LA_PRADERA_2, eNodeB ID=44452, Cell FDD TDD indication=CELL_FDD",Reliable,25.224,7.466
2026-04-10 02:00,60,"TU_AMB_LA_PRADERA_UL/Cell:eNodeB Function Name=TU_AMB_LA_PRADERAL21, Local Cell ID=3, Cell Name=TU_AMB_LA_PRADERA_3, eNodeB ID=44452, Cell FDD TDD indication=CELL_FDD",Reliable,49.18,15.505
2026-04-10 02:00,60,"TU_AMB_LA_CONCEPCION_UL/Cell:eNodeB Function Name=TU_AMB_LA_CONCEPCIONL21, Local Cell ID=1, Cell Name=TU_AMB_LA_CONCEPCION_1, eNodeB ID=44473, Cell FDD TDD indication=CELL_FDD",Reliable,8.685,1.423
2026-04-10 02:00,60,"TU_AMB_LA_CONCEPCION_UL/Cell:eNodeB Function Name=TU_AMB_LA_CONCEPCIONL21, Local Cell ID=2, Cell Name=TU_AMB_LA_CONCEPCION_2, eNodeB ID=44473, Cell FDD TDD indication=CELL_FDD",Reliable,3.924,1.095
2026-04-10 02:00,60,"TU_AMB_LA_CONCEPCION_UL/Cell:eNodeB Function Name=TU_AMB_LA_CONCEPCIONL21, Local Cell ID=3, Cell Name=TU_AMB_LA_CONCEPCION_3, eNodeB ID=44473, Cell FDD TDD indication=CELL_FDD",Reliable,1.481,0.926
2026-04-10 02:00,60,"TU_AMB_LA_MERCED_UL/Cell:eNodeB Function Name=TU_AMB_LA_MERCEDL21, Local Cell ID=1, Cell Name=TU_AMB_LA_MERCED_1, eNodeB ID=44477, Cell FDD TDD indication=CELL_FDD",Reliable,127.825,11.552
2026-04-10 02:00,60,"TU_AMB_LA_MERCED_UL/Cell:eNodeB Function Name=TU_AMB_LA_MERCEDL21, Local Cell ID=2, Cell Name=TU_AMB_LA_MERCED_2, eNodeB ID=44477, Cell FDD TDD indication=CELL_FDD",Reliable,663.76,39.627
2026-04-10 02:00,60,"TU_AMB_LA_MERCED_UL/Cell:eNodeB Function Name=TU_AMB_LA_MERCEDL21, Local Cell ID=3, Cell Name=TU_AMB_LA_MERCED_3, eNodeB ID=44477, Cell FDD TDD indication=CELL_FDD",Reliable,252.943,22.391
2026-04-10 02:00,60,"TU_AMB_IZAMBA_UL/Cell:eNodeB Function Name=TU_AMB_IZAMBAL21, Local Cell ID=1, Cell Name=TU_AMB_IZAMBA_1, eNodeB ID=44474, Cell FDD TDD indication=CELL_FDD",Reliable,92.389,13.919
2026-04-10 02:00,60,"TU_AMB_IZAMBA_UL/Cell:eNodeB Function Name=TU_AMB_IZAMBAL21, Local Cell ID=2, Cell Name=TU_AMB_IZAMBA_2, eNodeB ID=44474, Cell FDD TDD indication=CELL_FDD",Reliable,278.857,24.932
2026-04-10 02:00,60,"TU_AMB_IZAMBA_UL/Cell:eNodeB Function Name=TU_AMB_IZAMBAL21, Local Cell ID=3, Cell Name=TU_AMB_IZAMBA_3, eNodeB ID=44474, Cell FDD TDD indication=CELL_FDD",Reliable,17.472,4.756
2026-04-10 02:00,60,"PI_UIO_FATIMA_UL/Cell:eNodeB Function Name=PIC_UIO_FATIMA_UL, Local Cell ID=1, Cell Name=PI_UIO_FATIMA_1, eNodeB ID=44125, Cell FDD TDD indication=CELL_FDD",Reliable,608.998,34.702
2026-04-10 02:00,60,"PI_UIO_FATIMA_UL/Cell:eNodeB Function Name=PIC_UIO_FATIMA_UL, Local Cell ID=2, Cell Name=PI_UIO_FATIMA_2, eNodeB ID=44125, Cell FDD TDD indication=CELL_FDD",Reliable,1206.483,30.349
2026-04-10 02:00,60,"PI_UIO_FATIMA_UL/Cell:eNodeB Function Name=PIC_UIO_FATIMA_UL, Local Cell ID=7, Cell Name=PIC_UIO_FATIMA_L7_7, eNodeB ID=44125, Cell FDD TDD indication=CELL_FDD",Reliable,786.962,51.165
2026-04-10 02:00,60,"PI_UIO_ESPE_UL/Cell:eNodeB Function Name=PI_UIO_ESPE_L, Local Cell ID=1, Cell Name=PI_UIO_ESPE_1, eNodeB ID=44067, Cell FDD TDD indication=CELL_FDD",Reliable,16.712,2.171
2026-04-10 02:00,60,"PI_UIO_ESPE_UL/Cell:eNodeB Function Name=PI_UIO_ESPE_L, Local Cell ID=2, Cell Name=PI_UIO_ESPE_2, eNodeB ID=44067, Cell FDD TDD indication=CELL_FDD",Reliable,21.399,3.12
2026-04-10 02:00,60,"PI_UIO_ESPE_UL/Cell:eNodeB Function Name=PI_UIO_ESPE_L, Local Cell ID=3, Cell Name=PI_UIO_ESPE_3, eNodeB ID=44067, Cell FDD TDD indication=CELL_FDD",Reliable,15.365,6.266
2026-04-10 02:00,60,"PI_UIO_ESPE_UL/Cell:eNodeB Function Name=PI_UIO_ESPE_L, Local Cell ID=11, Cell Name=PI_UIO_ESPE_11, eNodeB ID=44067, Cell FDD TDD indication=CELL_FDD",Reliable,2.342,28.89
2026-04-10 02:00,60,"PI_UIO_ESPE_UL/Cell:eNodeB Function Name=PI_UIO_ESPE_L, Local Cell ID=12, Cell Name=PI_UIO_ESPE_12, eNodeB ID=44067, Cell FDD TDD indication=CELL_FDD",Reliable,14.799,212.085
2026-04-10 02:00,60,"PI_UIO_ESPE_UL/Cell:eNodeB Function Name=PI_UIO_ESPE_L, Local Cell ID=13, Cell Name=PI_UIO_ESPE_13, eNodeB ID=44067, Cell FDD TDD indication=CELL_FDD",Reliable,0.04,0.042
2026-04-10 02:00,60,"TU_AMB_CC_CARACOL_UL/Cell:eNodeB Function Name=TU_AMB_CC_CARACOLL21, Local Cell ID=1, Cell Name=TU_AMB_CC_CARACOL_1, eNodeB ID=44478, Cell FDD TDD indication=CELL_FDD",Reliable,265.137,20.517
2026-04-10 02:00,60,"TU_AMB_CC_CARACOL_UL/Cell:eNodeB Function Name=TU_AMB_CC_CARACOLL21, Local Cell ID=2, Cell Name=TU_AMB_CC_CARACOL_2, eNodeB ID=44478, Cell FDD TDD indication=CELL_FDD",Reliable,15.638,5.453
2026-04-10 02:00,60,"TU_AMB_CC_CARACOL_UL/Cell:eNodeB Function Name=TU_AMB_CC_CARACOLL21, Local Cell ID=3, Cell Name=TU_AMB_CC_CARACOL_3, eNodeB ID=44478, Cell FDD TDD indication=CELL_FDD",Reliable,1.229,0.547
2026-04-10 02:00,60,"TU_AMB_FICOA_UL/Cell:eNodeB Function Name=TU_AMB_FICOAL21, Local Cell ID=1, Cell Name=TU_AMB_FICOA_1, eNodeB ID=44461, Cell FDD TDD indication=CELL_FDD",Reliable,315.199,17.679
2026-04-10 02:00,60,"TU_AMB_FICOA_UL/Cell:eNodeB Function Name=TU_AMB_FICOAL21, Local Cell ID=2, Cell Name=TU_AMB_FICOA_2, eNodeB ID=44461, Cell FDD TDD indication=CELL_FDD",Reliable,77.614,15.455
2026-04-10 02:00,60,"TU_AMB_FICOA_UL/Cell:eNodeB Function Name=TU_AMB_FICOAL21, Local Cell ID=3, Cell Name=TU_AMB_FICOA_3, eNodeB ID=44461, Cell FDD TDD indication=CELL_FDD",Reliable,94.567,9.27
2026-04-10 02:00,60,"TU_AMB_HUACHI_CHICO_UL/Cell:eNodeB Function Name=TU_AMB_HUACHI_CHICOL21, Local Cell ID=1, Cell Name=TU_AMB_HUACHI_CHICO_1, eNodeB ID=44456, Cell FDD TDD indication=CELL_FDD",Reliable,213.892,1128.315
2026-04-10 02:00,60,"TU_AMB_HUACHI_CHICO_UL/Cell:eNodeB Function Name=TU_AMB_HUACHI_CHICOL21, Local Cell ID=2, Cell Name=TU_AMB_HUACHI_CHICO_2, eNodeB ID=44456, Cell FDD TDD indication=CELL_FDD",Reliable,12.835,2.841
2026-04-10 02:00,60,"TU_AMB_HUACHI_CHICO_UL/Cell:eNodeB Function Name=TU_AMB_HUACHI_CHICOL21, Local Cell ID=3, Cell Name=TU_AMB_HUACHI_CHICO_3, eNodeB ID=44456, Cell FDD TDD indication=CELL_FDD",Reliable,32.486,126.982
2026-04-10 02:00,60,"TU_AMB_HUACHI_CHICO_UL/Cell:eNodeB Function Name=TU_AMB_HUACHI_CHICOL21, Local Cell ID=7, Cell Name=TU_AMB_HUACHI_CHICO_APT_7, eNodeB ID=44456, Cell FDD TDD indication=CELL_FDD",Reliable,231.798,14.797
2026-04-10 02:00,60,"TU_AMB_HUACHI_CHICO_UL/Cell:eNodeB Function Name=TU_AMB_HUACHI_CHICOL21, Local Cell ID=8, Cell Name=TU_AMB_HUACHI_CHICO_APT_8, eNodeB ID=44456, Cell FDD TDD indication=CELL_FDD",Reliable,289.01,41.897
2026-04-10 02:00,60,"TU_AMB_HUACHI_CHICO_UL/Cell:eNodeB Function Name=TU_AMB_HUACHI_CHICOL21, Local Cell ID=9, Cell Name=TU_AMB_HUACHI_CHICO_APT_9, eNodeB ID=44456, Cell FDD TDD indication=CELL_FDD",Reliable,278.628,12.634
2026-04-10 02:00,60,"TU_AMB_EL_OBRERO_UL/Cell:eNodeB Function Name=TU_AMB_EL_OBREROL21, Local Cell ID=1, Cell Name=TU_AMB_EL_OBRERO_1, eNodeB ID=44460, Cell FDD TDD indication=CELL_FDD",Reliable,48.747,5.023
2026-04-10 02:00,60,"TU_AMB_EL_OBRERO_UL/Cell:eNodeB Function Name=TU_AMB_EL_OBREROL21, Local Cell ID=2, Cell Name=TU_AMB_EL_OBRERO_2, eNodeB ID=44460, Cell FDD TDD indication=CELL_FDD",Reliable,17.175,6.642
2026-04-10 02:00,60,"TU_AMB_EL_OBRERO_UL/Cell:eNodeB Function Name=TU_AMB_EL_OBREROL21, Local Cell ID=3, Cell Name=TU_AMB_EL_OBRERO_3, eNodeB ID=44460, Cell FDD TDD indication=CELL_FDD",Reliable,443.089,143.725
2026-04-10 02:00,60,"TU_AMB_CC_ANDES_UL/Cell:eNodeB Function Name=TU_AMB_CC_ANDESL21, Local Cell ID=1, Cell Name=TU_AMB_CC_ANDES_1, eNodeB ID=44459, Cell FDD TDD indication=CELL_FDD",Reliable,31.604,3.473
2026-04-10 02:00,60,"TU_AMB_CC_ANDES_UL/Cell:eNodeB Function Name=TU_AMB_CC_ANDESL21, Local Cell ID=2, Cell Name=TU_AMB_CC_ANDES_2, eNodeB ID=44459, Cell FDD TDD indication=CELL_FDD",Reliable,107.553,43.033
2026-04-10 02:00,60,"TU_AMB_CC_ANDES_UL/Cell:eNodeB Function Name=TU_AMB_CC_ANDESL21, Local Cell ID=3, Cell Name=TU_AMB_CC_ANDES_3, eNodeB ID=44459, Cell FDD TDD indication=CELL_FDD",Reliable,16.397,3.967
2026-04-10 02:00,60,"TU_AMB_JARDIN_COLONIAL_UL/Cell:eNodeB Function Name=TU_AMB_JARDIN_COLONIALL21, Local Cell ID=1, Cell Name=TU_AMB_JARDIN_COLONIAL_1, eNodeB ID=44462, Cell FDD TDD indication=CELL_FDD",Reliable,14.4,5.26
2026-04-10 02:00,60,"TU_AMB_JARDIN_COLONIAL_UL/Cell:eNodeB Function Name=TU_AMB_JARDIN_COLONIALL21, Local Cell ID=2, Cell Name=TU_AMB_JARDIN_COLONIAL_2, eNodeB ID=44462, Cell FDD TDD indication=CELL_FDD",Reliable,1102.184,21.197
2026-04-10 02:00,60,"TU_AMB_JARDIN_COLONIAL_UL/Cell:eNodeB Function Name=TU_AMB_JARDIN_COLONIALL21, Local Cell ID=3, Cell Name=TU_AMB_JARDIN_COLONIAL_3, eNodeB ID=44462, Cell FDD TDD indication=CELL_FDD",Reliable,10.35,1.914
2026-04-10 02:00,60,"SD_SD_MERCADO_UNION_UL/Cell:eNodeB Function Name=SD_SD_MERCADO_UNIONL21, Local Cell ID=1, Cell Name=SD_SD_MERCADO_UNION_1, eNodeB ID=44775, Cell FDD TDD indication=CELL_FDD",Reliable,0.022,0.13
2026-04-10 02:00,60,"SD_SD_MERCADO_UNION_UL/Cell:eNodeB Function Name=SD_SD_MERCADO_UNIONL21, Local Cell ID=2, Cell Name=SD_SD_MERCADO_UNION_2, eNodeB ID=44775, Cell FDD TDD indication=CELL_FDD",Reliable,8.308,11.413
2026-04-10 02:00,60,"SD_SD_MERCADO_UNION_UL/Cell:eNodeB Function Name=SD_SD_MERCADO_UNIONL21, Local Cell ID=3, Cell Name=SD_SD_MERCADO_UNION_3, eNodeB ID=44775, Cell FDD TDD indication=CELL_FDD",Reliable,29.104,3.377
2026-04-10 02:00,60,"TU_AMB_U_CATOLICA_UL/Cell:eNodeB Function Name=TU_AMB_U_CATOLICAL21, Local Cell ID=1, Cell Name=TU_AMB_U_CATOLICA_1, eNodeB ID=44479, Cell FDD TDD indication=CELL_FDD",Reliable,22.946,15.276
2026-04-10 02:00,60,"TU_AMB_U_CATOLICA_UL/Cell:eNodeB Function Name=TU_AMB_U_CATOLICAL21, Local Cell ID=2, Cell Name=TU_AMB_U_CATOLICA_2, eNodeB ID=44479, Cell FDD TDD indication=CELL_FDD",Reliable,185.755,18.761
2026-04-10 02:00,60,"TU_AMB_U_CATOLICA_UL/Cell:eNodeB Function Name=TU_AMB_U_CATOLICAL21, Local Cell ID=3, Cell Name=TU_AMB_U_CATOLICA_3, eNodeB ID=44479, Cell FDD TDD indication=CELL_FDD",Reliable,34.266,8.751
2026-04-10 02:00,60,"SD_SD_COLORADO_UL/Cell:eNodeB Function Name=SD_SD_COLORADOL21, Local Cell ID=1, Cell Name=SD_SD_COLORADO_1, eNodeB ID=44761, Cell FDD TDD indication=CELL_FDD",Reliable,15.368,3.867
2026-04-10 02:00,60,"SD_SD_COLORADO_UL/Cell:eNodeB Function Name=SD_SD_COLORADOL21, Local Cell ID=2, Cell Name=SD_SD_COLORADO_2, eNodeB ID=44761, Cell FDD TDD indication=CELL_FDD",Reliable,205.218,10.615
2026-04-10 02:00,60,"SD_SD_COLORADO_UL/Cell:eNodeB Function Name=SD_SD_COLORADOL21, Local Cell ID=3, Cell Name=SD_SD_COLORADO_3, eNodeB ID=44761, Cell FDD TDD indication=CELL_FDD",Reliable,25.615,3.876
2026-04-10 02:00,60,"SD_SD_COLORADO_UL/Cell:eNodeB Function Name=SD_SD_COLORADOL21, Local Cell ID=7, Cell Name=SD_SD_COLORADO_APT_7, eNodeB ID=44761, Cell FDD TDD indication=CELL_FDD",Reliable,34.641,63.625
2026-04-10 02:00,60,"SD_SD_COLORADO_UL/Cell:eNodeB Function Name=SD_SD_COLORADOL21, Local Cell ID=8, Cell Name=SD_SD_COLORADO_APT_8, eNodeB ID=44761, Cell FDD TDD indication=CELL_FDD",Reliable,154.556,12.902
2026-04-10 02:00,60,"SD_SD_COLORADO_UL/Cell:eNodeB Function Name=SD_SD_COLORADOL21, Local Cell ID=9, Cell Name=SD_SD_COLORADO_APT_9, eNodeB ID=44761, Cell FDD TDD indication=CELL_FDD",Reliable,64.838,5.146
2026-04-10 02:00,60,"TU_AMB_LA_CAROLINA_UL/Cell:eNodeB Function Name=TU_AMB_LA_CAROLINAL21, Local Cell ID=1, Cell Name=TU_AMB_LA_CAROLINA_1, eNodeB ID=44463, Cell FDD TDD indication=CELL_FDD",Reliable,208.388,19.718
2026-04-10 02:00,60,"TU_AMB_LA_CAROLINA_UL/Cell:eNodeB Function Name=TU_AMB_LA_CAROLINAL21, Local Cell ID=2, Cell Name=TU_AMB_LA_CAROLINA_2, eNodeB ID=44463, Cell FDD TDD indication=CELL_FDD",Reliable,463.665,73.908
2026-04-10 02:00,60,"TU_AMB_LA_CAROLINA_UL/Cell:eNodeB Function Name=TU_AMB_LA_CAROLINAL21, Local Cell ID=3, Cell Name=TU_AMB_LA_CAROLINA_3, eNodeB ID=44463, Cell FDD TDD indication=CELL_FDD",Reliable,82.875,13.171
2026-04-10 02:00,60,"TUN_AMB_MIRAFLORES_UL/Cell:eNodeB Function Name=TUN_AMB_MIRAFLORES_L, Local Cell ID=1, Cell Name=TUN_AMB_MIRAFLORES_L21_1, eNodeB ID=44454, Cell FDD TDD indication=CELL_FDD",Reliable,116.011,7.755
2026-04-10 02:00,60,"TUN_AMB_MIRAFLORES_UL/Cell:eNodeB Function Name=TUN_AMB_MIRAFLORES_L, Local Cell ID=2, Cell Name=TUN_AMB_MIRAFLORES_L21_2, eNodeB ID=44454, Cell FDD TDD indication=CELL_FDD",Reliable,25.213,2.39
2026-04-10 02:00,60,"TUN_AMB_MIRAFLORES_UL/Cell:eNodeB Function Name=TUN_AMB_MIRAFLORES_L, Local Cell ID=3, Cell Name=TUN_AMB_MIRAFLORES_L21_3, eNodeB ID=44454, Cell FDD TDD indication=CELL_FDD",Reliable,8.821,2.245
2026-04-10 02:00,60,"SD_SD_SHOPPING_UL/Cell:eNodeB Function Name=SD_SD_SHOPPINGL21, Local Cell ID=1, Cell Name=SD_SD_SHOPPING_1, eNodeB ID=44774, Cell FDD TDD indication=CELL_FDD",Reliable,74.785,8.46
2026-04-10 02:00,60,"SD_SD_SHOPPING_UL/Cell:eNodeB Function Name=SD_SD_SHOPPINGL21, Local Cell ID=2, Cell Name=SD_SD_SHOPPING_2, eNodeB ID=44774, Cell FDD TDD indication=CELL_FDD",Reliable,387.376,23.555
2026-04-10 02:00,60,"SD_SD_SHOPPING_UL/Cell:eNodeB Function Name=SD_SD_SHOPPINGL21, Local Cell ID=3, Cell Name=SD_SD_SHOPPING_3, eNodeB ID=44774, Cell FDD TDD indication=CELL_FDD",Reliable,2.09,3.809
2026-04-10 02:00,60,"TU_AMB_MERCADO_MAYORISTA_UL/Cell:eNodeB Function Name=TU_AMB_MERCADO_MAYORISTAL21, Local Cell ID=1, Cell Name=TU_AMB_MERCADO_MAYORISTA_1, eNodeB ID=44471, Cell FDD TDD indication=CELL_FDD",Reliable,286.073,29.237
2026-04-10 02:00,60,"TU_AMB_MERCADO_MAYORISTA_UL/Cell:eNodeB Function Name=TU_AMB_MERCADO_MAYORISTAL21, Local Cell ID=2, Cell Name=TU_AMB_MERCADO_MAYORISTA_2, eNodeB ID=44471, Cell FDD TDD indication=CELL_FDD",Reliable,2998.034,178.323
2026-04-10 02:00,60,"TU_AMB_MERCADO_MAYORISTA_UL/Cell:eNodeB Function Name=TU_AMB_MERCADO_MAYORISTAL21, Local Cell ID=3, Cell Name=TU_AMB_MERCADO_MAYORISTA_3, eNodeB ID=44471, Cell FDD TDD indication=CELL_FDD",Reliable,42.934,7.727
2026-04-10 02:00,60,"TU_AMB_SAN_JUAN_UL/Cell:eNodeB Function Name=TU_AMB_SAN_JUANL21, Local Cell ID=1, Cell Name=TU_AMB_SAN_JUAN_1, eNodeB ID=44470, Cell FDD TDD indication=CELL_FDD",Reliable,143.5,17.591
2026-04-10 02:00,60,"TU_AMB_SAN_JUAN_UL/Cell:eNodeB Function Name=TU_AMB_SAN_JUANL21, Local Cell ID=2, Cell Name=TU_AMB_SAN_JUAN_2, eNodeB ID=44470, Cell FDD TDD indication=CELL_FDD",Reliable,82.041,7.153
2026-04-10 02:00,60,"TU_AMB_SAN_JUAN_UL/Cell:eNodeB Function Name=TU_AMB_SAN_JUANL21, Local Cell ID=3, Cell Name=TU_AMB_SAN_JUAN_3, eNodeB ID=44470, Cell FDD TDD indication=CELL_FDD",Reliable,120.283,18.179
2026-04-10 02:00,60,"SD_SD_VIRGEN_DEL_CISNE_UL/Cell:eNodeB Function Name=SD_SD_VIRGEN_DEL_CISNEL21, Local Cell ID=1, Cell Name=SD_SD_VIRGEN_DEL_CISNE_1, eNodeB ID=44769, Cell FDD TDD indication=CELL_FDD",Reliable,31.049,6.223
2026-04-10 02:00,60,"SD_SD_VIRGEN_DEL_CISNE_UL/Cell:eNodeB Function Name=SD_SD_VIRGEN_DEL_CISNEL21, Local Cell ID=2, Cell Name=SD_SD_VIRGEN_DEL_CISNE_2, eNodeB ID=44769, Cell FDD TDD indication=CELL_FDD",Reliable,758.561,103.267
2026-04-10 02:00,60,"SD_SD_VIRGEN_DEL_CISNE_UL/Cell:eNodeB Function Name=SD_SD_VIRGEN_DEL_CISNEL21, Local Cell ID=3, Cell Name=SD_SD_VIRGEN_DEL_CISNE_3, eNodeB ID=44769, Cell FDD TDD indication=CELL_FDD",Reliable,532.35,74.341
2026-04-10 02:00,60,"SD_SD_VIRGEN_DEL_CISNE_UL/Cell:eNodeB Function Name=SD_SD_VIRGEN_DEL_CISNEL21, Local Cell ID=7, Cell Name=SD_SD_VIRGEN_DEL_CISNE_APT_7, eNodeB ID=44769, Cell FDD TDD indication=CELL_FDD",Reliable,485.002,41.475
2026-04-10 02:00,60,"SD_SD_VIRGEN_DEL_CISNE_UL/Cell:eNodeB Function Name=SD_SD_VIRGEN_DEL_CISNEL21, Local Cell ID=8, Cell Name=SD_SD_VIRGEN_DEL_CISNE_APT_8, eNodeB ID=44769, Cell FDD TDD indication=CELL_FDD",Reliable,105.445,34.842
2026-04-10 02:00,60,"SD_SD_VIRGEN_DEL_CISNE_UL/Cell:eNodeB Function Name=SD_SD_VIRGEN_DEL_CISNEL21, Local Cell ID=9, Cell Name=SD_SD_VIRGEN_DEL_CISNE_APT_9, eNodeB ID=44769, Cell FDD TDD indication=CELL_FDD",Reliable,306.488,37.136
2026-04-10 02:00,60,"SD_SD_COOP_2_DE_MAYO_UL/Cell:eNodeB Function Name=STD_STD_COOP_2_DE_MAYO_L, Local Cell ID=1, Cell Name=STD_STD_COOP_2_DE_MAYO_L21_1, eNodeB ID=44770, Cell FDD TDD indication=CELL_FDD",Reliable,6.356,1.669
2026-04-10 02:00,60,"SD_SD_COOP_2_DE_MAYO_UL/Cell:eNodeB Function Name=STD_STD_COOP_2_DE_MAYO_L, Local Cell ID=3, Cell Name=STD_STD_COOP_2_DE_MAYO_L21_3, eNodeB ID=44770, Cell FDD TDD indication=CELL_FDD",Reliable,1.691,2.498
2026-04-10 02:00,60,"SD_SD_COOP_2_DE_MAYO_UL/Cell:eNodeB Function Name=STD_STD_COOP_2_DE_MAYO_L, Local Cell ID=7, Cell Name=STD_STD_COOP_2_DE_MAYO_L7_7, eNodeB ID=44770, Cell FDD TDD indication=CELL_FDD",Reliable,489.943,24.818
2026-04-10 02:00,60,"SD_SD_COOP_2_DE_MAYO_UL/Cell:eNodeB Function Name=STD_STD_COOP_2_DE_MAYO_L, Local Cell ID=8, Cell Name=STD_STD_COOP_2_DE_MAYO_L7_8, eNodeB ID=44770, Cell FDD TDD indication=CELL_FDD",Reliable,10.539,5.854
2026-04-10 02:00,60,"SD_SD_COOP_2_DE_MAYO_UL/Cell:eNodeB Function Name=STD_STD_COOP_2_DE_MAYO_L, Local Cell ID=9, Cell Name=STD_STD_COOP_2_DE_MAYO_L7_9, eNodeB ID=44770, Cell FDD TDD indication=CELL_FDD",Reliable,23.272,5.073
2026-04-10 02:00,60,"SD_SD_COOP_2_DE_MAYO_UL/Cell:eNodeB Function Name=STD_STD_COOP_2_DE_MAYO_L, Local Cell ID=2, Cell Name=STD_STD_COOP_2_DE_MAYO_L21_2, eNodeB ID=44770, Cell FDD TDD indication=CELL_FDD",Reliable,0.319,0.255
2026-04-10 02:00,60,"TU_AMB_REGISTRO_CIVIL_UL/Cell:eNodeB Function Name=TU_AMB_REGISTRO_CIVILL21, Local Cell ID=1, Cell Name=TU_AMB_REGISTRO_CIVIL_1, eNodeB ID=44481, Cell FDD TDD indication=CELL_FDD",Reliable,240.053,12.992
2026-04-10 02:00,60,"TU_AMB_REGISTRO_CIVIL_UL/Cell:eNodeB Function Name=TU_AMB_REGISTRO_CIVILL21, Local Cell ID=2, Cell Name=TU_AMB_REGISTRO_CIVIL_2, eNodeB ID=44481, Cell FDD TDD indication=CELL_FDD",Reliable,40.358,4.737
2026-04-10 02:00,60,"TU_AMB_REGISTRO_CIVIL_UL/Cell:eNodeB Function Name=TU_AMB_REGISTRO_CIVILL21, Local Cell ID=3, Cell Name=TU_AMB_REGISTRO_CIVIL_3, eNodeB ID=44481, Cell FDD TDD indication=CELL_FDD",Reliable,241.253,20.589
2026-04-10 02:00,60,"SD_SD_COOP_NUEVA_REPUBLICA_UL/Cell:eNodeB Function Name=SD_SD_COOP_NUEVA_REPUBLICAL21, Local Cell ID=1, Cell Name=SD_SD_COOP_NUEVA_REPUBLICA_1, eNodeB ID=44771, Cell FDD TDD indication=CELL_FDD",Reliable,3.086,0.674
2026-04-10 02:00,60,"SD_SD_COOP_NUEVA_REPUBLICA_UL/Cell:eNodeB Function Name=SD_SD_COOP_NUEVA_REPUBLICAL21, Local Cell ID=2, Cell Name=SD_SD_COOP_NUEVA_REPUBLICA_2, eNodeB ID=44771, Cell FDD TDD indication=CELL_FDD",Reliable,89.422,4.208
2026-04-10 02:00,60,"SD_SD_COOP_NUEVA_REPUBLICA_UL/Cell:eNodeB Function Name=SD_SD_COOP_NUEVA_REPUBLICAL21, Local Cell ID=3, Cell Name=SD_SD_COOP_NUEVA_REPUBLICA_3, eNodeB ID=44771, Cell FDD TDD indication=CELL_FDD",Reliable,0.329,0.554
2026-04-10 02:00,60,"SD_SD_LIBERTADOR_UL/Cell:eNodeB Function Name=SD_SD_LIBERTADORL21, Local Cell ID=1, Cell Name=SD_SD_LIBERTADOR_1, eNodeB ID=44767, Cell FDD TDD indication=CELL_FDD",Reliable,122.422,15.583
2026-04-10 02:00,60,"SD_SD_LIBERTADOR_UL/Cell:eNodeB Function Name=SD_SD_LIBERTADORL21, Local Cell ID=2, Cell Name=SD_SD_LIBERTADOR_2, eNodeB ID=44767, Cell FDD TDD indication=CELL_FDD",Reliable,6.405,1.43
2026-04-10 02:00,60,"SD_SD_LIBERTADOR_UL/Cell:eNodeB Function Name=SD_SD_LIBERTADORL21, Local Cell ID=3, Cell Name=SD_SD_LIBERTADOR_3, eNodeB ID=44767, Cell FDD TDD indication=CELL_FDD",Reliable,3.454,1.906
2026-04-10 02:00,60,"SD_SD_LIBERTADOR_UL/Cell:eNodeB Function Name=SD_SD_LIBERTADORL21, Local Cell ID=7, Cell Name=SD_SD_LIBERTADOR_APT_7, eNodeB ID=44767, Cell FDD TDD indication=CELL_FDD",Reliable,48.902,26.075
2026-04-10 02:00,60,"SD_SD_LIBERTADOR_UL/Cell:eNodeB Function Name=SD_SD_LIBERTADORL21, Local Cell ID=8, Cell Name=SD_SD_LIBERTADOR_APT_8, eNodeB ID=44767, Cell FDD TDD indication=CELL_FDD",Reliable,55.258,10.104
2026-04-10 02:00,60,"SD_SD_LIBERTADOR_UL/Cell:eNodeB Function Name=SD_SD_LIBERTADORL21, Local Cell ID=9, Cell Name=SD_SD_LIBERTADOR_APT_9, eNodeB ID=44767, Cell FDD TDD indication=CELL_FDD",Reliable,7.459,4.055
2026-04-10 02:00,60,"PI_UIO_POLIT_LASSO_UL/Cell:eNodeB Function Name=PI_UIO_POLIT_LASSOL21, Local Cell ID=1, Cell Name=PI_UIO_POLIT_LASSO_1, eNodeB ID=44176, Cell FDD TDD indication=CELL_FDD",Reliable,37.245,5.189
2026-04-10 02:00,60,"PI_UIO_POLIT_LASSO_UL/Cell:eNodeB Function Name=PI_UIO_POLIT_LASSOL21, Local Cell ID=2, Cell Name=PI_UIO_POLIT_LASSO_2, eNodeB ID=44176, Cell FDD TDD indication=CELL_FDD",Reliable,2.851,0.763
2026-04-10 02:00,60,"PI_UIO_CHILLOGALLO_UL/Cell:eNodeB Function Name=PI_UIO_CHILLOGALLO_UL, Local Cell ID=1, Cell Name=PIC_UIO_CHILLOGALLO_L21_1, eNodeB ID=44056, Cell FDD TDD indication=CELL_FDD",Reliable,9.865,2.612
2026-04-10 02:00,60,"PI_UIO_CHILLOGALLO_UL/Cell:eNodeB Function Name=PI_UIO_CHILLOGALLO_UL, Local Cell ID=2, Cell Name=PIC_UIO_CHILLOGALLO_L21_2, eNodeB ID=44056, Cell FDD TDD indication=CELL_FDD",Reliable,40.666,25.22
2026-04-10 02:00,60,"PI_UIO_CHILLOGALLO_UL/Cell:eNodeB Function Name=PI_UIO_CHILLOGALLO_UL, Local Cell ID=3, Cell Name=PIC_UIO_CHILLOGALLO_L21_3, eNodeB ID=44056, Cell FDD TDD indication=CELL_FDD",Reliable,51.295,7.723
2026-04-10 02:00,60,"PI_UIO_CHILLOGALLO_UL/Cell:eNodeB Function Name=PI_UIO_CHILLOGALLO_UL, Local Cell ID=7, Cell Name=PIC_UIO_CHILLOGALLO_L7_7, eNodeB ID=44056, Cell FDD TDD indication=CELL_FDD",Reliable,283.75,78.336
2026-04-10 02:00,60,"PI_UIO_CHILLOGALLO_UL/Cell:eNodeB Function Name=PI_UIO_CHILLOGALLO_UL, Local Cell ID=8, Cell Name=PIC_UIO_CHILLOGALLO_L7_8, eNodeB ID=44056, Cell FDD TDD indication=CELL_FDD",Reliable,120.92,12.865
2026-04-10 02:00,60,"PI_UIO_CHILLOGALLO_UL/Cell:eNodeB Function Name=PI_UIO_CHILLOGALLO_UL, Local Cell ID=9, Cell Name=PIC_UIO_CHILLOGALLO_L7_9, eNodeB ID=44056, Cell FDD TDD indication=CELL_FDD",Reliable,814.396,66.101
2026-04-10 02:00,60,"SD_SD_NORTE_UL/Cell:eNodeB Function Name=SD_SD_NORTEL21, Local Cell ID=1, Cell Name=SD_SD_NORTE_1, eNodeB ID=44773, Cell FDD TDD indication=CELL_FDD",Reliable,183.925,5.728
2026-04-10 02:00,60,"SD_SD_NORTE_UL/Cell:eNodeB Function Name=SD_SD_NORTEL21, Local Cell ID=2, Cell Name=SD_SD_NORTE_2, eNodeB ID=44773, Cell FDD TDD indication=CELL_FDD",Reliable,42.929,9.883
2026-04-10 02:00,60,"SD_SD_NORTE_UL/Cell:eNodeB Function Name=SD_SD_NORTEL21, Local Cell ID=3, Cell Name=SD_SD_NORTE_3, eNodeB ID=44773, Cell FDD TDD indication=CELL_FDD",Reliable,15.79,5.333
2026-04-10 02:00,60,"PI_UIO_IPIALES_UL/Cell:eNodeB Function Name=PI_UIO_IPIALESL21, Local Cell ID=1, Cell Name=PI_UIO_IPIALES_1, eNodeB ID=44266, Cell FDD TDD indication=CELL_FDD",Reliable,57.096,10.576
2026-04-10 02:00,60,"PI_UIO_IPIALES_UL/Cell:eNodeB Function Name=PI_UIO_IPIALESL21, Local Cell ID=2, Cell Name=PI_UIO_IPIALES_2, eNodeB ID=44266, Cell FDD TDD indication=CELL_FDD",Reliable,26.075,11.366
2026-04-10 02:00,60,"SD_SD_ZARACAY_UL/Cell:eNodeB Function Name=SD_SD_ZARACAYL21, Local Cell ID=1, Cell Name=SD_SD_ZARACAY_1, eNodeB ID=44781, Cell FDD TDD indication=CELL_FDD",Reliable,43.403,1.88
2026-04-10 02:00,60,"SD_SD_ZARACAY_UL/Cell:eNodeB Function Name=SD_SD_ZARACAYL21, Local Cell ID=2, Cell Name=SD_SD_ZARACAY_2, eNodeB ID=44781, Cell FDD TDD indication=CELL_FDD",Reliable,81.931,8.4
2026-04-10 02:00,60,"SD_SD_ZARACAY_UL/Cell:eNodeB Function Name=SD_SD_ZARACAYL21, Local Cell ID=3, Cell Name=SD_SD_ZARACAY_3, eNodeB ID=44781, Cell FDD TDD indication=CELL_FDD",Reliable,7.116,2.961
2026-04-10 02:00,60,"SD_SD_ANILLO_VIAL_UL/Cell:eNodeB Function Name=SD_SD_ANILLO_VIALL21, Local Cell ID=1, Cell Name=SD_SD_ANILLO_VIAL_1, eNodeB ID=44776, Cell FDD TDD indication=CELL_FDD",Reliable,166.04,11.37
2026-04-10 02:00,60,"SD_SD_ANILLO_VIAL_UL/Cell:eNodeB Function Name=SD_SD_ANILLO_VIALL21, Local Cell ID=2, Cell Name=SD_SD_ANILLO_VIAL_2, eNodeB ID=44776, Cell FDD TDD indication=CELL_FDD",Reliable,63.912,12.559
2026-04-10 02:00,60,"SD_SD_ANILLO_VIAL_UL/Cell:eNodeB Function Name=SD_SD_ANILLO_VIALL21, Local Cell ID=3, Cell Name=SD_SD_ANILLO_VIAL_3, eNodeB ID=44776, Cell FDD TDD indication=CELL_FDD",Reliable,0.374,1.273
2026-04-10 02:00,60,"PIC_UIO_LA_GRANJA_ULN/Cell:eNodeB Function Name=PI_UIO_LA_GRANJAL21, Local Cell ID=1, Cell Name=PI_UIO_LA_GRANJA_1, eNodeB ID=44141, Cell FDD TDD indication=CELL_FDD",Reliable,74.186,15.9
2026-04-10 02:00,60,"PIC_UIO_LA_GRANJA_ULN/Cell:eNodeB Function Name=PI_UIO_LA_GRANJAL21, Local Cell ID=2, Cell Name=PI_UIO_LA_GRANJA_2, eNodeB ID=44141, Cell FDD TDD indication=CELL_FDD",Reliable,71.532,8.719
2026-04-10 02:00,60,"PI_UIO_TERMINAL_QUITUMBE_UL/Cell:eNodeB Function Name=PIC_UIO_TERMINAL_QUITUMBE_L, Local Cell ID=1, Cell Name=PIC_UIO_TERMINAL_QUITUMBE_L21_1, eNodeB ID=44190, Cell FDD TDD indication=CELL_FDD",Reliable,226.812,52.15
2026-04-10 02:00,60,"PI_UIO_TERMINAL_QUITUMBE_UL/Cell:eNodeB Function Name=PIC_UIO_TERMINAL_QUITUMBE_L, Local Cell ID=2, Cell Name=PIC_UIO_TERMINAL_QUITUMBE_L21_2, eNodeB ID=44190, Cell FDD TDD indication=CELL_FDD",Reliable,490.078,26.302
2026-04-10 02:00,60,"PI_UIO_TERMINAL_QUITUMBE_UL/Cell:eNodeB Function Name=PIC_UIO_TERMINAL_QUITUMBE_L, Local Cell ID=3, Cell Name=PIC_UIO_TERMINAL_QUITUMBE_L21_3, eNodeB ID=44190, Cell FDD TDD indication=CELL_FDD",Reliable,651.667,46.816
2026-04-10 02:00,60,"PI_UIO_TERMINAL_QUITUMBE_UL/Cell:eNodeB Function Name=PIC_UIO_TERMINAL_QUITUMBE_L, Local Cell ID=13, Cell Name=PIC_UIO_TERMINAL_QUITUMBE_L19_13, eNodeB ID=44190, Cell FDD TDD indication=CELL_FDD",Reliable,0.642,0.521
2026-04-10 02:00,60,"PI_UIO_TERMINAL_QUITUMBE_UL/Cell:eNodeB Function Name=PIC_UIO_TERMINAL_QUITUMBE_L, Local Cell ID=11, Cell Name=PIC_UIO_TERMINAL_QUITUMBE_L19_11, eNodeB ID=44190, Cell FDD TDD indication=CELL_FDD",Reliable,1.837,0.499
2026-04-10 02:00,60,"PI_UIO_TERMINAL_QUITUMBE_UL/Cell:eNodeB Function Name=PIC_UIO_TERMINAL_QUITUMBE_L, Local Cell ID=12, Cell Name=PIC_UIO_TERMINAL_QUITUMBE_L19_12, eNodeB ID=44190, Cell FDD TDD indication=CELL_FDD",Reliable,3.213,0.895
2026-04-10 02:00,60,"PI_UIO_SAN_BARTOLO_UL/Cell:eNodeB Function Name=PIC_UIO_SAN_BARTOLO_L, Local Cell ID=1, Cell Name=PIC_UIO_SAN_BARTOLO_L21_1, eNodeB ID=44052, Cell FDD TDD indication=CELL_FDD",Reliable,557.131,48.263
2026-04-10 02:00,60,"PI_UIO_SAN_BARTOLO_UL/Cell:eNodeB Function Name=PIC_UIO_SAN_BARTOLO_L, Local Cell ID=2, Cell Name=PIC_UIO_SAN_BARTOLO_L21_2, eNodeB ID=44052, Cell FDD TDD indication=CELL_FDD",Reliable,238.101,19.641
2026-04-10 02:00,60,"PI_UIO_SAN_BARTOLO_UL/Cell:eNodeB Function Name=PIC_UIO_SAN_BARTOLO_L, Local Cell ID=3, Cell Name=PIC_UIO_SAN_BARTOLO_L21_3, eNodeB ID=44052, Cell FDD TDD indication=CELL_FDD",Reliable,1154.884,90.595
2026-04-10 02:00,60,"PI_UIO_SAN_BARTOLO_UL/Cell:eNodeB Function Name=PIC_UIO_SAN_BARTOLO_L, Local Cell ID=11, Cell Name=PIC_UIO_SAN_BARTOLO_L19_11, eNodeB ID=44052, Cell FDD TDD indication=CELL_FDD",Reliable,7.662,0.59
2026-04-10 02:00,60,"PI_UIO_SAN_BARTOLO_UL/Cell:eNodeB Function Name=PIC_UIO_SAN_BARTOLO_L, Local Cell ID=12, Cell Name=PIC_UIO_SAN_BARTOLO_L19_12, eNodeB ID=44052, Cell FDD TDD indication=CELL_FDD",Reliable,2.007,0.738
2026-04-10 02:00,60,"PI_UIO_SAN_BARTOLO_UL/Cell:eNodeB Function Name=PIC_UIO_SAN_BARTOLO_L, Local Cell ID=13, Cell Name=PIC_UIO_SAN_BARTOLO_L19_13, eNodeB ID=44052, Cell FDD TDD indication=CELL_FDD",Reliable,33.312,4.487
2026-04-10 02:00,60,"PI_UIO_EL_CAMAL_UL/Cell:eNodeB Function Name=PI_UIO_EL_CAMALL21, Local Cell ID=1, Cell Name=PI_UIO_EL_CAMAL_1, eNodeB ID=44026, Cell FDD TDD indication=CELL_FDD",Reliable,60.518,16.006
2026-04-10 02:00,60,"PI_UIO_EL_CAMAL_UL/Cell:eNodeB Function Name=PI_UIO_EL_CAMALL21, Local Cell ID=2, Cell Name=PI_UIO_EL_CAMAL_2, eNodeB ID=44026, Cell FDD TDD indication=CELL_FDD",Reliable,48.967,11.198
2026-04-10 02:00,60,"PI_UIO_EL_CAMAL_UL/Cell:eNodeB Function Name=PI_UIO_EL_CAMALL21, Local Cell ID=3, Cell Name=PI_UIO_EL_CAMAL_3, eNodeB ID=44026, Cell FDD TDD indication=CELL_FDD",Reliable,0.13,0.112
2026-04-10 02:00,60,"PI_UIO_EL_CAMAL_UL/Cell:eNodeB Function Name=PI_UIO_EL_CAMALL21, Local Cell ID=7, Cell Name=PI_UIO_EL_CAMAL_APT_7, eNodeB ID=44026, Cell FDD TDD indication=CELL_FDD",Reliable,38.191,3.907
2026-04-10 02:00,60,"PI_UIO_EL_CAMAL_UL/Cell:eNodeB Function Name=PI_UIO_EL_CAMALL21, Local Cell ID=8, Cell Name=PI_UIO_EL_CAMAL_APT_8, eNodeB ID=44026, Cell FDD TDD indication=CELL_FDD",Reliable,213.955,15.258
2026-04-10 02:00,60,"PI_UIO_EL_CAMAL_UL/Cell:eNodeB Function Name=PI_UIO_EL_CAMALL21, Local Cell ID=9, Cell Name=PI_UIO_EL_CAMAL_APT_9, eNodeB ID=44026, Cell FDD TDD indication=CELL_FDD",Reliable,992.913,58.287
2026-04-10 02:00,60,"TU_BAN_BANOS_UL/Cell:eNodeB Function Name=TUN_BAN_BANOS_L, Local Cell ID=1, Cell Name=TU_BAN_BANOS_1, eNodeB ID=44500, Cell FDD TDD indication=CELL_FDD",Reliable,461.95,114.72
2026-04-10 02:00,60,"TU_BAN_BANOS_UL/Cell:eNodeB Function Name=TUN_BAN_BANOS_L, Local Cell ID=2, Cell Name=TU_BAN_BANOS_2, eNodeB ID=44500, Cell FDD TDD indication=CELL_FDD",Reliable,791.725,122.625
2026-04-10 02:00,60,"TU_BAN_BANOS_UL/Cell:eNodeB Function Name=TUN_BAN_BANOS_L, Local Cell ID=3, Cell Name=TU_BAN_BANOS_3, eNodeB ID=44500, Cell FDD TDD indication=CELL_FDD",Reliable,2539.893,215.448
2026-04-10 02:00,60,"PI_UIO_PLAYA_CHICA_UL/Cell:eNodeB Function Name=PI_UIO_PLAYA_CHICAL21, Local Cell ID=1, Cell Name=PIC_UIO_PLAYA_CHICA_L21_1, eNodeB ID=44231, Cell FDD TDD indication=CELL_FDD",Reliable,85.849,10.261
2026-04-10 02:00,60,"PI_UIO_PLAYA_CHICA_UL/Cell:eNodeB Function Name=PI_UIO_PLAYA_CHICAL21, Local Cell ID=2, Cell Name=PIC_UIO_PLAYA_CHICA_L21_2, eNodeB ID=44231, Cell FDD TDD indication=CELL_FDD",Reliable,15.54,1.686
2026-04-10 02:00,60,"PI_UIO_PLAYA_CHICA_UL/Cell:eNodeB Function Name=PI_UIO_PLAYA_CHICAL21, Local Cell ID=3, Cell Name=PIC_UIO_PLAYA_CHICA_L21_3, eNodeB ID=44231, Cell FDD TDD indication=CELL_FDD",Reliable,20.284,1.855
2026-04-10 02:00,60,"TU_AMB_SEYMOUR_UL/Cell:eNodeB Function Name=TU_AMB_SEYMOURL21, Local Cell ID=1, Cell Name=TU_AMB_SEYMOUR_1, eNodeB ID=44468, Cell FDD TDD indication=CELL_FDD",Reliable,8.395,0.738
2026-04-10 02:00,60,"TU_AMB_SEYMOUR_UL/Cell:eNodeB Function Name=TU_AMB_SEYMOURL21, Local Cell ID=2, Cell Name=TU_AMB_SEYMOUR_2, eNodeB ID=44468, Cell FDD TDD indication=CELL_FDD",Reliable,186.135,8.939
2026-04-10 02:00,60,"TU_AMB_SEYMOUR_UL/Cell:eNodeB Function Name=TU_AMB_SEYMOURL21, Local Cell ID=3, Cell Name=TU_AMB_SEYMOUR_3, eNodeB ID=44468, Cell FDD TDD indication=CELL_FDD",Reliable,637.28,29.825
2026-04-10 02:00,60,"TU_AMB_INGAHURCO_UL/Cell:eNodeB Function Name=TU_AMB_INGAHURCOL21, Local Cell ID=1, Cell Name=TU_AMB_INGAHURCO_1, eNodeB ID=44475, Cell FDD TDD indication=CELL_FDD",Reliable,166.504,110.312
2026-04-10 02:00,60,"TU_AMB_INGAHURCO_UL/Cell:eNodeB Function Name=TU_AMB_INGAHURCOL21, Local Cell ID=2, Cell Name=TU_AMB_INGAHURCO_2, eNodeB ID=44475, Cell FDD TDD indication=CELL_FDD",Reliable,50.543,6.079
2026-04-10 02:00,60,"TU_AMB_INGAHURCO_UL/Cell:eNodeB Function Name=TU_AMB_INGAHURCOL21, Local Cell ID=3, Cell Name=TU_AMB_INGAHURCO_3, eNodeB ID=44475, Cell FDD TDD indication=CELL_FDD",Reliable,718.646,69.126
2026-04-10 02:00,60,"PI_UIO_FISCALIA_GENERAL_UL/Cell:eNodeB Function Name=PI_UIO_FISCALIA_GENERALL21, Local Cell ID=1, Cell Name=PI_UIO_FISCALIA_GENERAL_1, eNodeB ID=44263, Cell FDD TDD indication=CELL_FDD",Reliable,5.419,1.733
2026-04-10 02:00,60,"PI_UIO_FISCALIA_GENERAL_UL/Cell:eNodeB Function Name=PI_UIO_FISCALIA_GENERALL21, Local Cell ID=2, Cell Name=PI_UIO_FISCALIA_GENERAL_2, eNodeB ID=44263, Cell FDD TDD indication=CELL_FDD",Reliable,25.134,3.496
2026-04-10 02:00,60,"PI_UIO_FISCALIA_GENERAL_UL/Cell:eNodeB Function Name=PI_UIO_FISCALIA_GENERALL21, Local Cell ID=3, Cell Name=PI_UIO_FISCALIA_GENERAL_3, eNodeB ID=44263, Cell FDD TDD indication=CELL_FDD",Reliable,0.019,0.054
2026-04-10 02:00,60,"PI_UIO_FISCALIA_GENERAL_UL/Cell:eNodeB Function Name=PI_UIO_FISCALIA_GENERALL21, Local Cell ID=11, Cell Name=PI_UIO_FISCALIA_GENERAL_11, eNodeB ID=44263, Cell FDD TDD indication=CELL_FDD",Reliable,0,0
2026-04-10 02:00,60,"PI_UIO_FISCALIA_GENERAL_UL/Cell:eNodeB Function Name=PI_UIO_FISCALIA_GENERALL21, Local Cell ID=12, Cell Name=PI_UIO_FISCALIA_GENERAL_12, eNodeB ID=44263, Cell FDD TDD indication=CELL_FDD",Reliable,2.165,0.4
2026-04-10 02:00,60,"PI_UIO_FISCALIA_GENERAL_UL/Cell:eNodeB Function Name=PI_UIO_FISCALIA_GENERALL21, Local Cell ID=13, Cell Name=PI_UIO_FISCALIA_GENERAL_13, eNodeB ID=44263, Cell FDD TDD indication=CELL_FDD",Reliable,0,0
2026-04-10 02:00,60,"SD_SD_SUR_UL/Cell:eNodeB Function Name=SD_SD_SURL21, Local Cell ID=1, Cell Name=SD_SD_SUR_1, eNodeB ID=44765, Cell FDD TDD indication=CELL_FDD",Reliable,2.228,5.432
2026-04-10 02:00,60,"SD_SD_SUR_UL/Cell:eNodeB Function Name=SD_SD_SURL21, Local Cell ID=2, Cell Name=SD_SD_SUR_2, eNodeB ID=44765, Cell FDD TDD indication=CELL_FDD",Reliable,87.737,4.139
2026-04-10 02:00,60,"SD_SD_SUR_UL/Cell:eNodeB Function Name=SD_SD_SURL21, Local Cell ID=3, Cell Name=SD_SD_SUR_3, eNodeB ID=44765, Cell FDD TDD indication=CELL_FDD",Reliable,106.791,8.476
2026-04-10 02:00,60,"SD_SD_SUR_UL/Cell:eNodeB Function Name=SD_SD_SURL21, Local Cell ID=7, Cell Name=SD_SD_SUR_APT_7, eNodeB ID=44765, Cell FDD TDD indication=CELL_FDD",Reliable,91.914,34.57
2026-04-10 02:00,60,"SD_SD_SUR_UL/Cell:eNodeB Function Name=SD_SD_SURL21, Local Cell ID=8, Cell Name=SD_SD_SUR_APT_8, eNodeB ID=44765, Cell FDD TDD indication=CELL_FDD",Reliable,2.976,3.409
2026-04-10 02:00,60,"SD_SD_SUR_UL/Cell:eNodeB Function Name=SD_SD_SURL21, Local Cell ID=9, Cell Name=SD_SD_SUR_APT_9, eNodeB ID=44765, Cell FDD TDD indication=CELL_FDD",Reliable,99.421,11.764
2026-04-10 02:00,60,"SD_SD_ESTE_UL/Cell:eNodeB Function Name=SD_SD_ESTEL21, Local Cell ID=1, Cell Name=SD_SD_ESTE_1, eNodeB ID=44764, Cell FDD TDD indication=CELL_FDD",Reliable,64.295,12.517
2026-04-10 02:00,60,"SD_SD_ESTE_UL/Cell:eNodeB Function Name=SD_SD_ESTEL21, Local Cell ID=2, Cell Name=SD_SD_ESTE_2, eNodeB ID=44764, Cell FDD TDD indication=CELL_FDD",Reliable,62.777,30.201
2026-04-10 02:00,60,"SD_SD_ESTE_UL/Cell:eNodeB Function Name=SD_SD_ESTEL21, Local Cell ID=3, Cell Name=SD_SD_ESTE_3, eNodeB ID=44764, Cell FDD TDD indication=CELL_FDD",Reliable,406.062,25.854
2026-04-10 02:00,60,"TU_AMB_CASHAPAMBA_UL/Cell:eNodeB Function Name=TU_AMB_CASHAPAMBAL21, Local Cell ID=1, Cell Name=TU_AMB_CASHAPAMBA_1, eNodeB ID=44476, Cell FDD TDD indication=CELL_FDD",Reliable,104.58,19.672
2026-04-10 02:00,60,"TU_AMB_CASHAPAMBA_UL/Cell:eNodeB Function Name=TU_AMB_CASHAPAMBAL21, Local Cell ID=2, Cell Name=TU_AMB_CASHAPAMBA_2, eNodeB ID=44476, Cell FDD TDD indication=CELL_FDD",Reliable,679.711,31.649
2026-04-10 02:00,60,"TU_AMB_CASHAPAMBA_UL/Cell:eNodeB Function Name=TU_AMB_CASHAPAMBAL21, Local Cell ID=3, Cell Name=TU_AMB_CASHAPAMBA_3, eNodeB ID=44476, Cell FDD TDD indication=CELL_FDD",Reliable,1.551,1.897
2026-04-10 02:00,60,"PI_UIO_NODO_4_INAQUITO_MONTESERRIN_UL/Cell:eNodeB Function Name=PI_UIO_NODO_4_INAQUITO_MONTESERRINL21, Local Cell ID=1, Cell Name=PI_UIO_NODO_4_INAQUITO_MONTESERRIN_1, eNodeB ID=44326, Cell FDD TDD indication=CELL_FDD",Reliable,22.836,4.197
2026-04-10 02:00,60,"PI_UIO_NODO_4_INAQUITO_MONTESERRIN_UL/Cell:eNodeB Function Name=PI_UIO_NODO_4_INAQUITO_MONTESERRINL21, Local Cell ID=2, Cell Name=PI_UIO_NODO_4_INAQUITO_MONTESERRIN_2, eNodeB ID=44326, Cell FDD TDD indication=CELL_FDD",Reliable,130.059,175.14
2026-04-10 02:00,60,"PI_UIO_NODO_4_INAQUITO_MONTESERRIN_UL/Cell:eNodeB Function Name=PI_UIO_NODO_4_INAQUITO_MONTESERRINL21, Local Cell ID=3, Cell Name=PI_UIO_NODO_4_INAQUITO_MONTESERRIN_3, eNodeB ID=44326, Cell FDD TDD indication=CELL_FDD",Reliable,0.048,0.066
2026-04-10 02:00,60,"PIC_UIO_PLAZA_ARTIGAS_ULN/Cell:eNodeB Function Name=PIC_UIO_PLAZA_ARTIGAS_L, Local Cell ID=1, Cell Name=PI_UIO_PLAZA_ARTIGAS_1, eNodeB ID=44639, Cell FDD TDD indication=CELL_FDD",Reliable,175.006,11.509
2026-04-10 02:00,60,"PIC_UIO_PLAZA_ARTIGAS_ULN/Cell:eNodeB Function Name=PIC_UIO_PLAZA_ARTIGAS_L, Local Cell ID=2, Cell Name=PI_UIO_PLAZA_ARTIGAS_2, eNodeB ID=44639, Cell FDD TDD indication=CELL_FDD",Reliable,121.969,5.507
2026-04-10 02:00,60,"PIC_UIO_PLAZA_ARTIGAS_ULN/Cell:eNodeB Function Name=PIC_UIO_PLAZA_ARTIGAS_L, Local Cell ID=3, Cell Name=PI_UIO_PLAZA_ARTIGAS_3, eNodeB ID=44639, Cell FDD TDD indication=CELL_FDD",Reliable,394.361,11.947
2026-04-10 02:00,60,"PIC_UIO_PLAZA_ARTIGAS_ULN/Cell:eNodeB Function Name=PIC_UIO_PLAZA_ARTIGAS_L, Local Cell ID=11, Cell Name=PI_UIO_PLAZA_ARTIGAS_11, eNodeB ID=44639, Cell FDD TDD indication=CELL_FDD",Reliable,1.09,0.391
2026-04-10 02:00,60,"PIC_UIO_PLAZA_ARTIGAS_ULN/Cell:eNodeB Function Name=PIC_UIO_PLAZA_ARTIGAS_L, Local Cell ID=12, Cell Name=PI_UIO_PLAZA_ARTIGAS_12, eNodeB ID=44639, Cell FDD TDD indication=CELL_FDD",Reliable,0,0
2026-04-10 02:00,60,"PIC_UIO_PLAZA_ARTIGAS_ULN/Cell:eNodeB Function Name=PIC_UIO_PLAZA_ARTIGAS_L, Local Cell ID=13, Cell Name=PI_UIO_PLAZA_ARTIGAS_13, eNodeB ID=44639, Cell FDD TDD indication=CELL_FDD",Reliable,0,0.006
2026-04-10 02:00,60,"SD_SD_VIA_QUEVEDO_UL/Cell:eNodeB Function Name=SD_SD_VIA_QUEVEDOL21, Local Cell ID=1, Cell Name=SD_SD_VIA_QUEVEDO_1, eNodeB ID=44777, Cell FDD TDD indication=CELL_FDD",Reliable,613.913,18.917
2026-04-10 02:00,60,"SD_SD_VIA_QUEVEDO_UL/Cell:eNodeB Function Name=SD_SD_VIA_QUEVEDOL21, Local Cell ID=2, Cell Name=SD_SD_VIA_QUEVEDO_2, eNodeB ID=44777, Cell FDD TDD indication=CELL_FDD",Reliable,91.549,13.706
2026-04-10 02:00,60,"SD_SD_VIA_QUEVEDO_UL/Cell:eNodeB Function Name=SD_SD_VIA_QUEVEDOL21, Local Cell ID=3, Cell Name=SD_SD_VIA_QUEVEDO_3, eNodeB ID=44777, Cell FDD TDD indication=CELL_FDD",Reliable,10.997,4.333
2026-04-10 02:00,60,"PIC_UIO_EL_INCA_UL/Cell:eNodeB Function Name=PIC_UIO_EL_INCA_L, Local Cell ID=1, Cell Name=PI_UIO_EL_INCA_1, eNodeB ID=44118, Cell FDD TDD indication=CELL_FDD",Reliable,82.547,6.871
2026-04-10 02:00,60,"PIC_UIO_EL_INCA_UL/Cell:eNodeB Function Name=PIC_UIO_EL_INCA_L, Local Cell ID=2, Cell Name=PI_UIO_EL_INCA_2, eNodeB ID=44118, Cell FDD TDD indication=CELL_FDD",Reliable,11.389,3.737
2026-04-10 02:00,60,"PIC_UIO_EL_INCA_UL/Cell:eNodeB Function Name=PIC_UIO_EL_INCA_L, Local Cell ID=3, Cell Name=PI_UIO_EL_INCA_3, eNodeB ID=44118, Cell FDD TDD indication=CELL_FDD",Reliable,12.208,5.434
2026-04-10 02:00,60,"PI_UIO_CENTRO_COMERCIAL_ELBOSQUE_UL/Cell:eNodeB Function Name=PI_UIO_CENTRO_COMERCIAL_ELBOSQUEL21, Local Cell ID=1, Cell Name=PI_UIO_CENTRO_COMERCIAL_ELBOSQUE_1, eNodeB ID=44946, Cell FDD TDD indication=CELL_FDD",Reliable,0.01,0.008
2026-04-10 02:00,60,"PI_UIO_CENTRO_COMERCIAL_ELBOSQUE_UL/Cell:eNodeB Function Name=PI_UIO_CENTRO_COMERCIAL_ELBOSQUEL21, Local Cell ID=2, Cell Name=PI_UIO_CENTRO_COMERCIAL_ELBOSQUE_2, eNodeB ID=44946, Cell FDD TDD indication=CELL_FDD",Reliable,0,0
2026-04-10 02:00,60,"PI_UIO_MONTESERRIN_BAJO_UL/Cell:eNodeB Function Name=PI_UIO_MONTESERRIN_BAJOL21, Local Cell ID=1, Cell Name=PI_UIO_MONTESERRIN_BAJO_1, eNodeB ID=44255, Cell FDD TDD indication=CELL_FDD",Reliable,489.267,34.84
2026-04-10 02:00,60,"PI_UIO_MONTESERRIN_BAJO_UL/Cell:eNodeB Function Name=PI_UIO_MONTESERRIN_BAJOL21, Local Cell ID=2, Cell Name=PI_UIO_MONTESERRIN_BAJO_2, eNodeB ID=44255, Cell FDD TDD indication=CELL_FDD",Reliable,4.145,0.271
2026-04-10 02:00,60,"PI_UIO_PONCEANO_UL/Cell:eNodeB Function Name=PI_UIO_PONCEANOL21, Local Cell ID=1, Cell Name=PI_UIO_PONCEANO_1, eNodeB ID=44303, Cell FDD TDD indication=CELL_FDD",Reliable,2.868,0.884
2026-04-10 02:00,60,"PI_UIO_PONCEANO_UL/Cell:eNodeB Function Name=PI_UIO_PONCEANOL21, Local Cell ID=2, Cell Name=PI_UIO_PONCEANO_2, eNodeB ID=44303, Cell FDD TDD indication=CELL_FDD",Reliable,1.377,1.291
2026-04-10 02:00,60,"PI_UIO_PONCEANO_UL/Cell:eNodeB Function Name=PI_UIO_PONCEANOL21, Local Cell ID=3, Cell Name=PI_UIO_PONCEANO_3, eNodeB ID=44303, Cell FDD TDD indication=CELL_FDD",Reliable,336.032,31.695
2026-04-10 02:00,60,"PI_UIO_LA_INMACULADA_UL/Cell:eNodeB Function Name=PI_UIO_LA_INMACULADAL21, Local Cell ID=1, Cell Name=PI_UIO_LA_INMACULADA_1, eNodeB ID=44262, Cell FDD TDD indication=CELL_FDD",Reliable,290.342,21.039
2026-04-10 02:00,60,"PI_UIO_LA_INMACULADA_UL/Cell:eNodeB Function Name=PI_UIO_LA_INMACULADAL21, Local Cell ID=2, Cell Name=PI_UIO_LA_INMACULADA_2, eNodeB ID=44262, Cell FDD TDD indication=CELL_FDD",Reliable,5.411,0.769
2026-04-10 02:00,60,"PIC_UIO_ECHEVERRIA_ULN/Cell:eNodeB Function Name=PI_UIO_ECHEVERRIAL21, Local Cell ID=1, Cell Name=PI_UIO_ECHEVERRIA_1, eNodeB ID=44213, Cell FDD TDD indication=CELL_FDD",Reliable,301.713,30.622
2026-04-10 02:00,60,"PIC_UIO_ECHEVERRIA_ULN/Cell:eNodeB Function Name=PI_UIO_ECHEVERRIAL21, Local Cell ID=2, Cell Name=PI_UIO_ECHEVERRIA_2, eNodeB ID=44213, Cell FDD TDD indication=CELL_FDD",Reliable,868.626,36.122
2026-04-10 02:00,60,"PI_UIO_USHIMANA_UL/Cell:eNodeB Function Name=PIC_UIO_USHIMANA_L, Local Cell ID=1, Cell Name=PIC_UIO_USHIMANA_L21_1, eNodeB ID=44371, Cell FDD TDD indication=CELL_FDD",Reliable,42.904,5.543
2026-04-10 02:00,60,"PI_UIO_USHIMANA_UL/Cell:eNodeB Function Name=PIC_UIO_USHIMANA_L, Local Cell ID=2, Cell Name=PIC_UIO_USHIMANA_L21_2, eNodeB ID=44371, Cell FDD TDD indication=CELL_FDD",Reliable,58.96,6.539
2026-04-10 02:00,60,"PI_UIO_USHIMANA_UL/Cell:eNodeB Function Name=PIC_UIO_USHIMANA_L, Local Cell ID=3, Cell Name=PIC_UIO_USHIMANA_L21_3, eNodeB ID=44371, Cell FDD TDD indication=CELL_FDD",Reliable,62.048,8.04
2026-04-10 02:00,60,"PI_UIO_RAFAEL_RAMOS_UL/Cell:eNodeB Function Name=PI_UIO_RAFAEL_RAMOS_L, Local Cell ID=1, Cell Name=PI_UIO_RAFAEL_RAMOS_1, eNodeB ID=44382, Cell FDD TDD indication=CELL_FDD",Reliable,47.723,26.979
2026-04-10 02:00,60,"PI_UIO_RAFAEL_RAMOS_UL/Cell:eNodeB Function Name=PI_UIO_RAFAEL_RAMOS_L, Local Cell ID=2, Cell Name=PI_UIO_RAFAEL_RAMOS_2, eNodeB ID=44382, Cell FDD TDD indication=CELL_FDD",Reliable,20.239,6.726
2026-04-10 02:00,60,"PI_UIO_RAFAEL_RAMOS_UL/Cell:eNodeB Function Name=PI_UIO_RAFAEL_RAMOS_L, Local Cell ID=3, Cell Name=PI_UIO_RAFAEL_RAMOS_3, eNodeB ID=44382, Cell FDD TDD indication=CELL_FDD",Reliable,9.746,2.865
2026-04-10 02:00,60,"PI_UIO_RAFAEL_RAMOS_UL/Cell:eNodeB Function Name=PI_UIO_RAFAEL_RAMOS_L, Local Cell ID=11, Cell Name=PI_UIO_RAFAEL_RAMOS_11, eNodeB ID=44382, Cell FDD TDD indication=CELL_FDD",Reliable,79.121,7.434
2026-04-10 02:00,60,"PI_UIO_RAFAEL_RAMOS_UL/Cell:eNodeB Function Name=PI_UIO_RAFAEL_RAMOS_L, Local Cell ID=12, Cell Name=PI_UIO_RAFAEL_RAMOS_12, eNodeB ID=44382, Cell FDD TDD indication=CELL_FDD",Reliable,0.06,0.001
2026-04-10 02:00,60,"PI_UIO_RAFAEL_RAMOS_UL/Cell:eNodeB Function Name=PI_UIO_RAFAEL_RAMOS_L, Local Cell ID=13, Cell Name=PI_UIO_RAFAEL_RAMOS_13, eNodeB ID=44382, Cell FDD TDD indication=CELL_FDD",Reliable,0,0
2026-04-10 02:00,60,"PI_UIO_MOSQUERA_UL/Cell:eNodeB Function Name=PIC_UIO_MOSQUERA_L, Local Cell ID=1, Cell Name=PIC_UIO_MOSQUERA_L21_1, eNodeB ID=44323, Cell FDD TDD indication=CELL_FDD",Reliable,150.392,11.074
2026-04-10 02:00,60,"PI_UIO_MOSQUERA_UL/Cell:eNodeB Function Name=PIC_UIO_MOSQUERA_L, Local Cell ID=2, Cell Name=PIC_UIO_MOSQUERA_L21_2, eNodeB ID=44323, Cell FDD TDD indication=CELL_FDD",Reliable,5.331,1.701
2026-04-10 02:00,60,"PI_UIO_ASAMBLEA_NACIONAL_UL/Cell:eNodeB Function Name=PI_UIO_ASAMBLEA_NACIONALL21, Local Cell ID=1, Cell Name=PI_UIO_ASAMBLEA_NACIONAL_1, eNodeB ID=44942, Cell FDD TDD indication=CELL_FDD",Reliable,0,0
2026-04-10 02:00,60,"PI_UIO_ASAMBLEA_NACIONAL_UL/Cell:eNodeB Function Name=PI_UIO_ASAMBLEA_NACIONALL21, Local Cell ID=2, Cell Name=PI_UIO_ASAMBLEA_NACIONAL_2, eNodeB ID=44942, Cell FDD TDD indication=CELL_FDD",Reliable,0.005,0.012
2026-04-10 02:00,60,"PI_UIO_JQUERI_UL/Cell:eNodeB Function Name=PI_UIO_JQUERIL21, Local Cell ID=1, Cell Name=PI_UIO_JQUERI_1, eNodeB ID=44318, Cell FDD TDD indication=CELL_FDD",Reliable,30.798,6.74
2026-04-10 02:00,60,"PI_UIO_JQUERI_UL/Cell:eNodeB Function Name=PI_UIO_JQUERIL21, Local Cell ID=2, Cell Name=PI_UIO_JQUERI_2, eNodeB ID=44318, Cell FDD TDD indication=CELL_FDD",Reliable,9.928,3.124
2026-04-10 02:00,60,"PI_UIO_JQUERI_UL/Cell:eNodeB Function Name=PI_UIO_JQUERIL21, Local Cell ID=7, Cell Name=PI_UIO_JQUERI_APT_7, eNodeB ID=44318, Cell FDD TDD indication=CELL_FDD",Reliable,15.67,4
2026-04-10 02:00,60,"PI_UIO_JQUERI_UL/Cell:eNodeB Function Name=PI_UIO_JQUERIL21, Local Cell ID=8, Cell Name=PI_UIO_JQUERI_APT_8, eNodeB ID=44318, Cell FDD TDD indication=CELL_FDD",Reliable,32.337,3.115
2026-04-10 02:00,60,"PIC_UIO_MINISTERIO_FINANZAS_ULN/Cell:eNodeB Function Name=PI_UIO_MINISTERIO_FINANZASL21, Local Cell ID=1, Cell Name=PI_UIO_MINISTERIO_FINANZAS_1, eNodeB ID=44227, Cell FDD TDD indication=CELL_FDD",Reliable,8.207,18.622
2026-04-10 02:00,60,"PIC_UIO_MINISTERIO_FINANZAS_ULN/Cell:eNodeB Function Name=PI_UIO_MINISTERIO_FINANZASL21, Local Cell ID=2, Cell Name=PI_UIO_MINISTERIO_FINANZAS_2, eNodeB ID=44227, Cell FDD TDD indication=CELL_FDD",Reliable,17.752,3.352
2026-04-10 02:00,60,"PIC_UIO_MINISTERIO_FINANZAS_ULN/Cell:eNodeB Function Name=PI_UIO_MINISTERIO_FINANZASL21, Local Cell ID=3, Cell Name=PI_UIO_MINISTERIO_FINANZAS_3, eNodeB ID=44227, Cell FDD TDD indication=CELL_FDD",Reliable,22.117,7.028
2026-04-10 02:00,60,"PI_UIO_ESTACION_NORTE_UL/Cell:eNodeB Function Name=PI_UIO_ESTACION_NORTE_L, Local Cell ID=1, Cell Name=PI_UIO_ESTACION_NORTE_1, eNodeB ID=44317, Cell FDD TDD indication=CELL_FDD",Reliable,3.935,0.903
2026-04-10 02:00,60,"PI_UIO_ESTACION_NORTE_UL/Cell:eNodeB Function Name=PI_UIO_ESTACION_NORTE_L, Local Cell ID=2, Cell Name=PI_UIO_ESTACION_NORTE_2, eNodeB ID=44317, Cell FDD TDD indication=CELL_FDD",Reliable,1.038,0.466
2026-04-10 02:00,60,"PI_UIO_ESTACION_NORTE_UL/Cell:eNodeB Function Name=PI_UIO_ESTACION_NORTE_L, Local Cell ID=3, Cell Name=PI_UIO_ESTACION_NORTE_3, eNodeB ID=44317, Cell FDD TDD indication=CELL_FDD",Reliable,1.934,0.982
2026-04-10 02:00,60,"PI_UIO_ESTACION_NORTE_UL/Cell:eNodeB Function Name=PI_UIO_ESTACION_NORTE_L, Local Cell ID=11, Cell Name=PI_UIO_ESTACION_NORTE_11, eNodeB ID=44317, Cell FDD TDD indication=CELL_FDD",Reliable,0.063,0.094
2026-04-10 02:00,60,"PI_UIO_ESTACION_NORTE_UL/Cell:eNodeB Function Name=PI_UIO_ESTACION_NORTE_L, Local Cell ID=12, Cell Name=PI_UIO_ESTACION_NORTE_12, eNodeB ID=44317, Cell FDD TDD indication=CELL_FDD",Reliable,0,0
2026-04-10 02:00,60,"PI_UIO_ESTACION_NORTE_UL/Cell:eNodeB Function Name=PI_UIO_ESTACION_NORTE_L, Local Cell ID=13, Cell Name=PI_UIO_ESTACION_NORTE_13, eNodeB ID=44317, Cell FDD TDD indication=CELL_FDD",Reliable,21.746,0.955
2026-04-10 02:00,60,"PI_UIO_EL_CARMELO_UL/Cell:eNodeB Function Name=PIC_UIO_EL_CARMELO_L, Local Cell ID=1, Cell Name=PIC_UIO_EL_CARMELO_L21_1, eNodeB ID=44316, Cell FDD TDD indication=CELL_FDD",Reliable,13.107,2.943
2026-04-10 02:00,60,"PI_UIO_EL_CARMELO_UL/Cell:eNodeB Function Name=PIC_UIO_EL_CARMELO_L, Local Cell ID=2, Cell Name=PIC_UIO_EL_CARMELO_L21_2, eNodeB ID=44316, Cell FDD TDD indication=CELL_FDD",Reliable,259.366,20.633
2026-04-10 02:00,60,"PI_UIO_EL_CARMELO_UL/Cell:eNodeB Function Name=PIC_UIO_EL_CARMELO_L, Local Cell ID=3, Cell Name=PIC_UIO_EL_CARMELO_L21_3, eNodeB ID=44316, Cell FDD TDD indication=CELL_FDD",Reliable,12.489,5.759
2026-04-10 02:00,60,"PI_UIO_EL_CARMELO_UL/Cell:eNodeB Function Name=PIC_UIO_EL_CARMELO_L, Local Cell ID=7, Cell Name=PIC_UIO_EL_CARMELO_L7_7, eNodeB ID=44316, Cell FDD TDD indication=CELL_FDD",Reliable,22.885,2.702
2026-04-10 02:00,60,"PI_UIO_EL_CARMELO_UL/Cell:eNodeB Function Name=PIC_UIO_EL_CARMELO_L, Local Cell ID=8, Cell Name=PIC_UIO_EL_CARMELO_L7_8, eNodeB ID=44316, Cell FDD TDD indication=CELL_FDD",Reliable,214.244,17.405
2026-04-10 02:00,60,"PI_UIO_EL_CARMELO_UL/Cell:eNodeB Function Name=PIC_UIO_EL_CARMELO_L, Local Cell ID=9, Cell Name=PIC_UIO_EL_CARMELO_L7_9, eNodeB ID=44316, Cell FDD TDD indication=CELL_FDD",Reliable,49.786,10.61
2026-04-10 02:00,60,"PI_UIO_EL_CARMELO_UL/Cell:eNodeB Function Name=PIC_UIO_EL_CARMELO_L, Local Cell ID=13, Cell Name=PIC_UIO_EL_CARMELO_L19_13, eNodeB ID=44316, Cell FDD TDD indication=CELL_FDD",Reliable,0.004,0.005
2026-04-10 02:00,60,"PI_UIO_EL_CARMELO_UL/Cell:eNodeB Function Name=PIC_UIO_EL_CARMELO_L, Local Cell ID=11, Cell Name=PIC_UIO_EL_CARMELO_L19_11, eNodeB ID=44316, Cell FDD TDD indication=CELL_FDD",Reliable,0.036,0.033
2026-04-10 02:00,60,"PI_UIO_EL_CARMELO_UL/Cell:eNodeB Function Name=PIC_UIO_EL_CARMELO_L, Local Cell ID=12, Cell Name=PIC_UIO_EL_CARMELO_L19_12, eNodeB ID=44316, Cell FDD TDD indication=CELL_FDD",Reliable,0.315,0.013
2026-04-10 02:00,60,"PI_UIO_JARDINES_DEL_BOSQUE_UL/Cell:eNodeB Function Name=PIC_UIO_JARDINES_DEL_BOSQUE_L, Local Cell ID=1, Cell Name=PIC_UIO_JARDINES_DEL_BOSQUE_L21_1, eNodeB ID=44994, Cell FDD TDD indication=CELL_FDD",Reliable,181.362,9.632
2026-04-10 02:00,60,"PI_UIO_JARDINES_DEL_BOSQUE_UL/Cell:eNodeB Function Name=PIC_UIO_JARDINES_DEL_BOSQUE_L, Local Cell ID=2, Cell Name=PIC_UIO_JARDINES_DEL_BOSQUE_L21_2, eNodeB ID=44994, Cell FDD TDD indication=CELL_FDD",Reliable,3.712,2.315
2026-04-10 02:00,60,"PI_UIO_CARDENAL_DE_LA_TORRE_UL/Cell:eNodeB Function Name=PI_UIO_CARDENAL_DE_LA_TORREL21, Local Cell ID=1, Cell Name=PIC_UIO_CARDENAL_DE_LA_TORRE_L21_1, eNodeB ID=44059, Cell FDD TDD indication=CELL_FDD",Reliable,22.474,4.168
2026-04-10 02:00,60,"PI_UIO_CARDENAL_DE_LA_TORRE_UL/Cell:eNodeB Function Name=PI_UIO_CARDENAL_DE_LA_TORREL21, Local Cell ID=2, Cell Name=PIC_UIO_CARDENAL_DE_LA_TORRE_L21_2, eNodeB ID=44059, Cell FDD TDD indication=CELL_FDD",Reliable,290.299,11.395
2026-04-10 02:00,60,"PI_UIO_CARDENAL_DE_LA_TORRE_UL/Cell:eNodeB Function Name=PI_UIO_CARDENAL_DE_LA_TORREL21, Local Cell ID=3, Cell Name=PIC_UIO_CARDENAL_DE_LA_TORRE_L21_3, eNodeB ID=44059, Cell FDD TDD indication=CELL_FDD",Reliable,42.057,7.494
2026-04-10 02:00,60,"PIC_UIO_MTOP_ULN/Cell:eNodeB Function Name=PI_UIO_MTOP_L, Local Cell ID=1, Cell Name=PI_UIO_MTOP_1, eNodeB ID=44325, Cell FDD TDD indication=CELL_FDD",Reliable,24.434,3.427
2026-04-10 02:00,60,"PIC_UIO_MTOP_ULN/Cell:eNodeB Function Name=PI_UIO_MTOP_L, Local Cell ID=2, Cell Name=PI_UIO_MTOP_2, eNodeB ID=44325, Cell FDD TDD indication=CELL_FDD",Reliable,76.808,5.394
2026-04-10 02:00,60,"PIC_UIO_MTOP_ULN/Cell:eNodeB Function Name=PI_UIO_MTOP_L, Local Cell ID=3, Cell Name=PI_UIO_MTOP_3, eNodeB ID=44325, Cell FDD TDD indication=CELL_FDD",Reliable,8.411,17.245
2026-04-10 02:00,60,"PIC_UIO_MTOP_ULN/Cell:eNodeB Function Name=PI_UIO_MTOP_L, Local Cell ID=11, Cell Name=PI_UIO_MTOP_11, eNodeB ID=44325, Cell FDD TDD indication=CELL_FDD",Reliable,0.003,0.004
2026-04-10 02:00,60,"PIC_UIO_MTOP_ULN/Cell:eNodeB Function Name=PI_UIO_MTOP_L, Local Cell ID=12, Cell Name=PI_UIO_MTOP_12, eNodeB ID=44325, Cell FDD TDD indication=CELL_FDD",Reliable,0.202,0.378
2026-04-10 02:00,60,"PIC_UIO_MTOP_ULN/Cell:eNodeB Function Name=PI_UIO_MTOP_L, Local Cell ID=13, Cell Name=PI_UIO_MTOP_13, eNodeB ID=44325, Cell FDD TDD indication=CELL_FDD",Reliable,0.019,0.02
2026-04-10 02:00,60,"PI_UIO_MOSCU_UL/Cell:eNodeB Function Name=PIC_UIO_MOSCU_L, Local Cell ID=1, Cell Name=PIC_UIO_MOSCU_L21_1, eNodeB ID=44239, Cell FDD TDD indication=CELL_FDD",Reliable,10.114,2.744
2026-04-10 02:00,60,"PI_UIO_MOSCU_UL/Cell:eNodeB Function Name=PIC_UIO_MOSCU_L, Local Cell ID=2, Cell Name=PIC_UIO_MOSCU_L21_2, eNodeB ID=44239, Cell FDD TDD indication=CELL_FDD",Reliable,352.223,13.418
2026-04-10 02:00,60,"PIC_UIO_JARDIN_ULN/Cell:eNodeB Function Name=PI_UIO_JARDIN_L, Local Cell ID=1, Cell Name=PI_UIO_JARDIN_1, eNodeB ID=44377, Cell FDD TDD indication=CELL_FDD",Reliable,1.738,0.738
2026-04-10 02:00,60,"PIC_UIO_JARDIN_ULN/Cell:eNodeB Function Name=PI_UIO_JARDIN_L, Local Cell ID=2, Cell Name=PI_UIO_JARDIN_2, eNodeB ID=44377, Cell FDD TDD indication=CELL_FDD",Reliable,349.647,22.225
2026-04-10 02:00,60,"PIC_UIO_JARDIN_ULN/Cell:eNodeB Function Name=PI_UIO_JARDIN_L, Local Cell ID=3, Cell Name=PI_UIO_JARDIN_3, eNodeB ID=44377, Cell FDD TDD indication=CELL_FDD",Reliable,2.868,1.536
2026-04-10 02:00,60,"PIC_UIO_JARDIN_ULN/Cell:eNodeB Function Name=PI_UIO_JARDIN_L, Local Cell ID=11, Cell Name=PI_UIO_JARDIN_11, eNodeB ID=44377, Cell FDD TDD indication=CELL_FDD",Reliable,0.016,0.012
2026-04-10 02:00,60,"PIC_UIO_JARDIN_ULN/Cell:eNodeB Function Name=PI_UIO_JARDIN_L, Local Cell ID=12, Cell Name=PI_UIO_JARDIN_12, eNodeB ID=44377, Cell FDD TDD indication=CELL_FDD",Reliable,0.299,0.237
2026-04-10 02:00,60,"PIC_UIO_JARDIN_ULN/Cell:eNodeB Function Name=PI_UIO_JARDIN_L, Local Cell ID=13, Cell Name=PI_UIO_JARDIN_13, eNodeB ID=44377, Cell FDD TDD indication=CELL_FDD",Reliable,0.082,0.02
2026-04-10 02:00,60,"PIC_UIO_TUMBACO_PATAGUA_ULN/Cell:eNodeB Function Name=PI_UIO_TUMBACO_PATAGUAL21, Local Cell ID=1, Cell Name=PI_UIO_TUMBACO_PATAGUA_1, eNodeB ID=44245, Cell FDD TDD indication=CELL_FDD",Reliable,19.841,2.838
2026-04-10 02:00,60,"PIC_UIO_TUMBACO_PATAGUA_ULN/Cell:eNodeB Function Name=PI_UIO_TUMBACO_PATAGUAL21, Local Cell ID=2, Cell Name=PI_UIO_TUMBACO_PATAGUA_2, eNodeB ID=44245, Cell FDD TDD indication=CELL_FDD",Reliable,288.376,18.037
2026-04-10 02:00,60,"PIC_UIO_TUMBACO_PATAGUA_ULN/Cell:eNodeB Function Name=PI_UIO_TUMBACO_PATAGUAL21, Local Cell ID=3, Cell Name=PI_UIO_TUMBACO_PATAGUA_3, eNodeB ID=44245, Cell FDD TDD indication=CELL_FDD",Reliable,4.316,1.145
2026-04-10 02:00,60,"PIC_UIO_CUERO_CAICEDO_ULN/Cell:eNodeB Function Name=PI_UIO_CUERO_CAICEDO_L, Local Cell ID=1, Cell Name=PI_UIO_CUERO_CAICEDO_1, eNodeB ID=44376, Cell FDD TDD indication=CELL_FDD",Reliable,2.772,0.608
2026-04-10 02:00,60,"PIC_UIO_CUERO_CAICEDO_ULN/Cell:eNodeB Function Name=PI_UIO_CUERO_CAICEDO_L, Local Cell ID=2, Cell Name=PI_UIO_CUERO_CAICEDO_2, eNodeB ID=44376, Cell FDD TDD indication=CELL_FDD",Reliable,106.58,5.673
2026-04-10 02:00,60,"PIC_UIO_CUERO_CAICEDO_ULN/Cell:eNodeB Function Name=PI_UIO_CUERO_CAICEDO_L, Local Cell ID=3, Cell Name=PI_UIO_CUERO_CAICEDO_3, eNodeB ID=44376, Cell FDD TDD indication=CELL_FDD",Reliable,13.46,1.264
2026-04-10 02:00,60,"PIC_UIO_CUERO_CAICEDO_ULN/Cell:eNodeB Function Name=PI_UIO_CUERO_CAICEDO_L, Local Cell ID=11, Cell Name=PI_UIO_CUERO_CAICEDO_11, eNodeB ID=44376, Cell FDD TDD indication=CELL_FDD",Reliable,0.002,0.003
2026-04-10 02:00,60,"PIC_UIO_CUERO_CAICEDO_ULN/Cell:eNodeB Function Name=PI_UIO_CUERO_CAICEDO_L, Local Cell ID=12, Cell Name=PI_UIO_CUERO_CAICEDO_12, eNodeB ID=44376, Cell FDD TDD indication=CELL_FDD",Reliable,37.113,6.809
2026-04-10 02:00,60,"PIC_UIO_CUERO_CAICEDO_ULN/Cell:eNodeB Function Name=PI_UIO_CUERO_CAICEDO_L, Local Cell ID=13, Cell Name=PI_UIO_CUERO_CAICEDO_13, eNodeB ID=44376, Cell FDD TDD indication=CELL_FDD",Reliable,0.012,0.026
2026-04-10 02:00,60,"PI_UIO_MACHALA_UL/Cell:eNodeB Function Name=PI_UIO_MACHALAL21, Local Cell ID=1, Cell Name=PI_UIO_MACHALA_1, eNodeB ID=44380, Cell FDD TDD indication=CELL_FDD",Reliable,210.686,19.99
2026-04-10 02:00,60,"PI_UIO_MACHALA_UL/Cell:eNodeB Function Name=PI_UIO_MACHALAL21, Local Cell ID=2, Cell Name=PI_UIO_MACHALA_2, eNodeB ID=44380, Cell FDD TDD indication=CELL_FDD",Reliable,25.933,7.332
2026-04-10 02:00,60,"PI_UIO_MEGAMAXI_UL/Cell:eNodeB Function Name=PI_UIO_MEGAMAXIL21, Local Cell ID=1, Cell Name=PI_UIO_MEGAMAXI_1, eNodeB ID=44261, Cell FDD TDD indication=CELL_FDD",Reliable,260.577,13.009
2026-04-10 02:00,60,"PI_UIO_MEGAMAXI_UL/Cell:eNodeB Function Name=PI_UIO_MEGAMAXIL21, Local Cell ID=2, Cell Name=PI_UIO_MEGAMAXI_2, eNodeB ID=44261, Cell FDD TDD indication=CELL_FDD",Reliable,3.847,1.041
2026-04-10 02:00,60,"PI_UIO_MEGAMAXI_UL/Cell:eNodeB Function Name=PI_UIO_MEGAMAXIL21, Local Cell ID=3, Cell Name=PI_UIO_MEGAMAXI_3, eNodeB ID=44261, Cell FDD TDD indication=CELL_FDD",Reliable,41.929,10.516
2026-04-10 02:00,60,"PI_UIO_ENTRADA_ESTADIO_UL/Cell:eNodeB Function Name=PI_UIO_ENTRADA_ESTADIOL21, Local Cell ID=1, Cell Name=PI_UIO_ENTRADA_ESTADIO_1, eNodeB ID=44301, Cell FDD TDD indication=CELL_FDD",Reliable,1.313,0.405
2026-04-10 02:00,60,"PI_UIO_ENTRADA_ESTADIO_UL/Cell:eNodeB Function Name=PI_UIO_ENTRADA_ESTADIOL21, Local Cell ID=2, Cell Name=PI_UIO_ENTRADA_ESTADIO_2, eNodeB ID=44301, Cell FDD TDD indication=CELL_FDD",Reliable,10.868,2.567
2026-04-10 02:00,60,"PI_UIO_ENTRADA_ESTADIO_UL/Cell:eNodeB Function Name=PI_UIO_ENTRADA_ESTADIOL21, Local Cell ID=3, Cell Name=PI_UIO_ENTRADA_ESTADIO_3, eNodeB ID=44301, Cell FDD TDD indication=CELL_FDD",Reliable,534.102,30.609
2026-04-10 02:00,60,"PI_UIO_CHECOSLOVAQUIA_UL/Cell:eNodeB Function Name=PI_UIO_CHECOSLOVAQUIAL21, Local Cell ID=1, Cell Name=PI_UIO_CHECOSLOVAQUIA_1, eNodeB ID=44374, Cell FDD TDD indication=CELL_FDD",Reliable,6.446,2.03
2026-04-10 02:00,60,"PI_UIO_CHECOSLOVAQUIA_UL/Cell:eNodeB Function Name=PI_UIO_CHECOSLOVAQUIAL21, Local Cell ID=2, Cell Name=PI_UIO_CHECOSLOVAQUIA_2, eNodeB ID=44374, Cell FDD TDD indication=CELL_FDD",Reliable,374.937,14.141
2026-04-10 02:00,60,"PI_UIO_TRIBUNA_UL/Cell:eNodeB Function Name=PIC_UIO_TRIBUNA_L, Local Cell ID=1, Cell Name=PI_UIO_TRIBUNA_1, eNodeB ID=44321, Cell FDD TDD indication=CELL_FDD",Reliable,325.966,23.66
2026-04-10 02:00,60,"PI_UIO_TRIBUNA_UL/Cell:eNodeB Function Name=PIC_UIO_TRIBUNA_L, Local Cell ID=2, Cell Name=PI_UIO_TRIBUNA_2, eNodeB ID=44321, Cell FDD TDD indication=CELL_FDD",Reliable,2.21,1.618
2026-04-10 02:00,60,"PI_UIO_TRIBUNA_UL/Cell:eNodeB Function Name=PIC_UIO_TRIBUNA_L, Local Cell ID=3, Cell Name=PI_UIO_TRIBUNA_3, eNodeB ID=44321, Cell FDD TDD indication=CELL_FDD",Reliable,0.015,0.031
2026-04-10 02:00,60,"PI_UIO_TRIBUNA_UL/Cell:eNodeB Function Name=PIC_UIO_TRIBUNA_L, Local Cell ID=11, Cell Name=PI_UIO_TRIBUNA_11, eNodeB ID=44321, Cell FDD TDD indication=CELL_FDD",Reliable,0.08,0.064
2026-04-10 02:00,60,"PI_UIO_TRIBUNA_UL/Cell:eNodeB Function Name=PIC_UIO_TRIBUNA_L, Local Cell ID=12, Cell Name=PI_UIO_TRIBUNA_12, eNodeB ID=44321, Cell FDD TDD indication=CELL_FDD",Reliable,0,0.001
2026-04-10 02:00,60,"PI_UIO_TRIBUNA_UL/Cell:eNodeB Function Name=PIC_UIO_TRIBUNA_L, Local Cell ID=13, Cell Name=PI_UIO_TRIBUNA_13, eNodeB ID=44321, Cell FDD TDD indication=CELL_FDD",Reliable,0.147,0.012
2026-04-10 02:00,60,"PI_UIO_BICENTENARIO_UL/Cell:eNodeB Function Name=PIC_UIO_BICENTENARIO_L, Local Cell ID=1, Cell Name=PIC_UIO_BICENTENARIO_L21_1, eNodeB ID=44313, Cell FDD TDD indication=CELL_FDD",Reliable,398.361,48.288
2026-04-10 02:00,60,"PI_UIO_BICENTENARIO_UL/Cell:eNodeB Function Name=PIC_UIO_BICENTENARIO_L, Local Cell ID=2, Cell Name=PIC_UIO_BICENTENARIO_L21_2, eNodeB ID=44313, Cell FDD TDD indication=CELL_FDD",Reliable,30.266,3.858
2026-04-10 02:00,60,"PI_UIO_BICENTENARIO_UL/Cell:eNodeB Function Name=PIC_UIO_BICENTENARIO_L, Local Cell ID=3, Cell Name=PIC_UIO_BICENTENARIO_L21_3, eNodeB ID=44313, Cell FDD TDD indication=CELL_FDD",Reliable,52.075,9.807
2026-04-10 02:00,60,"PI_UIO_BICENTENARIO_UL/Cell:eNodeB Function Name=PIC_UIO_BICENTENARIO_L, Local Cell ID=11, Cell Name=PIC_UIO_BICENTENARIO_L21_11, eNodeB ID=44313, Cell FDD TDD indication=CELL_FDD",Reliable,162.892,5.021
2026-04-10 02:00,60,"PI_UIO_BICENTENARIO_UL/Cell:eNodeB Function Name=PIC_UIO_BICENTENARIO_L, Local Cell ID=12, Cell Name=PIC_UIO_BICENTENARIO_L21_12, eNodeB ID=44313, Cell FDD TDD indication=CELL_FDD",Reliable,0.59,0.316
2026-04-10 02:00,60,"PI_UIO_BICENTENARIO_UL/Cell:eNodeB Function Name=PIC_UIO_BICENTENARIO_L, Local Cell ID=13, Cell Name=PIC_UIO_BICENTENARIO_L21_13, eNodeB ID=44313, Cell FDD TDD indication=CELL_FDD",Reliable,0.005,0.085
2026-04-10 02:00,60,"PI_UIO_REINA_VICTORIA_UL/Cell:eNodeB Function Name=PI_UIO_REINA_VICTORIA_L, Local Cell ID=1, Cell Name=PI_UIO_REINA_VICTORIA_1, eNodeB ID=44329, Cell FDD TDD indication=CELL_FDD",Reliable,224.326,24.639
2026-04-10 02:00,60,"PI_UIO_REINA_VICTORIA_UL/Cell:eNodeB Function Name=PI_UIO_REINA_VICTORIA_L, Local Cell ID=2, Cell Name=PI_UIO_REINA_VICTORIA_2, eNodeB ID=44329, Cell FDD TDD indication=CELL_FDD",Reliable,64.154,12.033
2026-04-10 02:00,60,"PI_UIO_REINA_VICTORIA_UL/Cell:eNodeB Function Name=PI_UIO_REINA_VICTORIA_L, Local Cell ID=3, Cell Name=PI_UIO_REINA_VICTORIA_3, eNodeB ID=44329, Cell FDD TDD indication=CELL_FDD",Reliable,8.981,4.43
2026-04-10 02:00,60,"PI_UIO_REINA_VICTORIA_UL/Cell:eNodeB Function Name=PI_UIO_REINA_VICTORIA_L, Local Cell ID=11, Cell Name=PI_UIO_REINA_VICTORIA_11, eNodeB ID=44329, Cell FDD TDD indication=CELL_FDD",Reliable,0,0.055
2026-04-10 02:00,60,"PI_UIO_REINA_VICTORIA_UL/Cell:eNodeB Function Name=PI_UIO_REINA_VICTORIA_L, Local Cell ID=12, Cell Name=PI_UIO_REINA_VICTORIA_12, eNodeB ID=44329, Cell FDD TDD indication=CELL_FDD",Reliable,4.26,2.64
2026-04-10 02:00,60,"PI_UIO_REINA_VICTORIA_UL/Cell:eNodeB Function Name=PI_UIO_REINA_VICTORIA_L, Local Cell ID=13, Cell Name=PI_UIO_REINA_VICTORIA_13, eNodeB ID=44329, Cell FDD TDD indication=CELL_FDD",Reliable,0.002,0.005
2026-04-10 02:00,60,"PI_UIO_JOSE_BARREIRO_UL/Cell:eNodeB Function Name=PI_UIO_JOSE_BARREIROL21, Local Cell ID=1, Cell Name=PI_UIO_JOSE_BARREIRO_1, eNodeB ID=44260, Cell FDD TDD indication=CELL_FDD",Reliable,65.838,17.004
2026-04-10 02:00,60,"PI_UIO_JOSE_BARREIRO_UL/Cell:eNodeB Function Name=PI_UIO_JOSE_BARREIROL21, Local Cell ID=2, Cell Name=PI_UIO_JOSE_BARREIRO_2, eNodeB ID=44260, Cell FDD TDD indication=CELL_FDD",Reliable,276.019,21.343
2026-04-10 02:00,60,"PI_UIO_COL_ALEMAN_UL/Cell:eNodeB Function Name=PIC_UIO_COL_ALEMAN_L, Local Cell ID=1, Cell Name=PI_UIO_COL_ALEMAN_1, eNodeB ID=44070, Cell FDD TDD indication=CELL_FDD",Reliable,32.805,4.94
2026-04-10 02:00,60,"PI_UIO_COL_ALEMAN_UL/Cell:eNodeB Function Name=PIC_UIO_COL_ALEMAN_L, Local Cell ID=2, Cell Name=PI_UIO_COL_ALEMAN_2, eNodeB ID=44070, Cell FDD TDD indication=CELL_FDD",Reliable,19.533,1.704
2026-04-10 02:00,60,"PI_UIO_PARCAYACU_UL/Cell:eNodeB Function Name=PIC_UIO_PARCAYACU_L, Local Cell ID=1, Cell Name=PIC_UIO_PARCAYACU_L21_1, eNodeB ID=44166, Cell FDD TDD indication=CELL_FDD",Reliable,79.891,13.05
2026-04-10 02:00,60,"PI_UIO_PARCAYACU_UL/Cell:eNodeB Function Name=PIC_UIO_PARCAYACU_L, Local Cell ID=2, Cell Name=PIC_UIO_PARCAYACU_L21_2, eNodeB ID=44166, Cell FDD TDD indication=CELL_FDD",Reliable,103.174,15.289
2026-04-10 02:00,60,"PI_UIO_PARCAYACU_UL/Cell:eNodeB Function Name=PIC_UIO_PARCAYACU_L, Local Cell ID=7, Cell Name=PIC_UIO_PARCAYACU_L7_7, eNodeB ID=44166, Cell FDD TDD indication=CELL_FDD",Reliable,171.838,29.33
2026-04-10 02:00,60,"PI_UIO_PARCAYACU_UL/Cell:eNodeB Function Name=PIC_UIO_PARCAYACU_L, Local Cell ID=8, Cell Name=PIC_UIO_PARCAYACU_L7_8, eNodeB ID=44166, Cell FDD TDD indication=CELL_FDD",Reliable,20.056,178.824
2026-04-10 02:00,60,"PI_UIO_RAFAEL_AULESTIA_UL/Cell:eNodeB Function Name=PI_UIO_RAFAEL_AULESTIA_L, Local Cell ID=1, Cell Name=PI_UIO_RAFAEL_AULESTIA_1, eNodeB ID=44307, Cell FDD TDD indication=CELL_FDD",Reliable,8.639,1.742
2026-04-10 02:00,60,"PI_UIO_RAFAEL_AULESTIA_UL/Cell:eNodeB Function Name=PI_UIO_RAFAEL_AULESTIA_L, Local Cell ID=2, Cell Name=PI_UIO_RAFAEL_AULESTIA_2, eNodeB ID=44307, Cell FDD TDD indication=CELL_FDD",Reliable,48.267,6.201
2026-04-10 02:00,60,"PI_UIO_RAFAEL_AULESTIA_UL/Cell:eNodeB Function Name=PI_UIO_RAFAEL_AULESTIA_L, Local Cell ID=3, Cell Name=PI_UIO_RAFAEL_AULESTIA_3, eNodeB ID=44307, Cell FDD TDD indication=CELL_FDD",Reliable,10.173,1.87
2026-04-10 02:00,60,"PI_UIO_RAFAEL_AULESTIA_UL/Cell:eNodeB Function Name=PI_UIO_RAFAEL_AULESTIA_L, Local Cell ID=11, Cell Name=PI_UIO_RAFAEL_AULESTIA_11, eNodeB ID=44307, Cell FDD TDD indication=CELL_FDD",Reliable,0.068,0.084
2026-04-10 02:00,60,"PI_UIO_RAFAEL_AULESTIA_UL/Cell:eNodeB Function Name=PI_UIO_RAFAEL_AULESTIA_L, Local Cell ID=12, Cell Name=PI_UIO_RAFAEL_AULESTIA_12, eNodeB ID=44307, Cell FDD TDD indication=CELL_FDD",Reliable,51.755,4.89
2026-04-10 02:00,60,"PI_UIO_RAFAEL_AULESTIA_UL/Cell:eNodeB Function Name=PI_UIO_RAFAEL_AULESTIA_L, Local Cell ID=13, Cell Name=PI_UIO_RAFAEL_AULESTIA_13, eNodeB ID=44307, Cell FDD TDD indication=CELL_FDD",Reliable,0.001,0.005
2026-04-10 02:00,60,"PIC_UIO_CUMBAYA_ESTE_ULN/Cell:eNodeB Function Name=PI_UIO_CUMBAYA_ESTEL21, Local Cell ID=1, Cell Name=PI_UIO_CUMBAYA_ESTE_1, eNodeB ID=44066, Cell FDD TDD indication=CELL_FDD",Reliable,43.663,6.414
2026-04-10 02:00,60,"PIC_UIO_CUMBAYA_ESTE_ULN/Cell:eNodeB Function Name=PI_UIO_CUMBAYA_ESTEL21, Local Cell ID=2, Cell Name=PI_UIO_CUMBAYA_ESTE_2, eNodeB ID=44066, Cell FDD TDD indication=CELL_FDD",Reliable,1.839,0.948
2026-04-10 02:00,60,"PIC_UIO_CUMBAYA_ESTE_ULN/Cell:eNodeB Function Name=PI_UIO_CUMBAYA_ESTEL21, Local Cell ID=3, Cell Name=PI_UIO_CUMBAYA_ESTE_3, eNodeB ID=44066, Cell FDD TDD indication=CELL_FDD",Reliable,0.261,0.368
2026-04-10 02:00,60,"PI_UIO_CORUNA_UL/Cell:eNodeB Function Name=PI_UIO_CORUNAL21, Local Cell ID=1, Cell Name=PI_UIO_CORUNA_1, eNodeB ID=44327, Cell FDD TDD indication=CELL_FDD",Reliable,1.698,0.503
2026-04-10 02:00,60,"PI_UIO_CORUNA_UL/Cell:eNodeB Function Name=PI_UIO_CORUNAL21, Local Cell ID=2, Cell Name=PI_UIO_CORUNA_2, eNodeB ID=44327, Cell FDD TDD indication=CELL_FDD",Reliable,1.603,0.575
2026-04-10 02:00,60,"PI_UIO_CORUNA_UL/Cell:eNodeB Function Name=PI_UIO_CORUNAL21, Local Cell ID=7, Cell Name=PI_UIO_CORUNA_APT_7, eNodeB ID=44327, Cell FDD TDD indication=CELL_FDD",Reliable,196.596,32.894
2026-04-10 02:00,60,"PI_UIO_CORUNA_UL/Cell:eNodeB Function Name=PI_UIO_CORUNAL21, Local Cell ID=8, Cell Name=PI_UIO_CORUNA_APT_8, eNodeB ID=44327, Cell FDD TDD indication=CELL_FDD",Reliable,32.216,7.99
2026-04-10 02:00,60,"PIC_UIO_CALDAS_ULN/Cell:eNodeB Function Name=PI_UIO_CALDAS_L, Local Cell ID=1, Cell Name=PI_UIO_CALDAS_1, eNodeB ID=44103, Cell FDD TDD indication=CELL_FDD",Reliable,220.758,23.741
2026-04-10 02:00,60,"PIC_UIO_CALDAS_ULN/Cell:eNodeB Function Name=PI_UIO_CALDAS_L, Local Cell ID=2, Cell Name=PI_UIO_CALDAS_2, eNodeB ID=44103, Cell FDD TDD indication=CELL_FDD",Reliable,46.533,6.411
2026-04-10 02:00,60,"PIC_UIO_CALDAS_ULN/Cell:eNodeB Function Name=PI_UIO_CALDAS_L, Local Cell ID=11, Cell Name=PI_UIO_CALDAS_11, eNodeB ID=44103, Cell FDD TDD indication=CELL_FDD",Reliable,0.008,0.008
2026-04-10 02:00,60,"PIC_UIO_CALDAS_ULN/Cell:eNodeB Function Name=PI_UIO_CALDAS_L, Local Cell ID=12, Cell Name=PI_UIO_CALDAS_12, eNodeB ID=44103, Cell FDD TDD indication=CELL_FDD",Reliable,0.17,0.13
2026-04-10 02:00,60,"PIC_UIO_HOSP_CARLOS_ANDRADE_MARIN_ULN/Cell:eNodeB Function Name=PI_UIO_HOSP_CARLOS_ANDRADE_MARIN_L, Local Cell ID=1, Cell Name=PI_UIO_HOSP_CARLOS_ANDRADE_MARIN_1, eNodeB ID=44991, Cell FDD TDD indication=CELL_FDD",Reliable,9.913,4.571
2026-04-10 02:00,60,"PIC_UIO_HOSP_CARLOS_ANDRADE_MARIN_ULN/Cell:eNodeB Function Name=PI_UIO_HOSP_CARLOS_ANDRADE_MARIN_L, Local Cell ID=2, Cell Name=PI_UIO_HOSP_CARLOS_ANDRADE_MARIN_2, eNodeB ID=44991, Cell FDD TDD indication=CELL_FDD",Reliable,1330.142,240.69
2026-04-10 02:00,60,"PIC_UIO_HOSP_CARLOS_ANDRADE_MARIN_ULN/Cell:eNodeB Function Name=PI_UIO_HOSP_CARLOS_ANDRADE_MARIN_L, Local Cell ID=3, Cell Name=PI_UIO_HOSP_CARLOS_ANDRADE_MARIN_3, eNodeB ID=44991, Cell FDD TDD indication=CELL_FDD",Reliable,6.365,1.632
2026-04-10 02:00,60,"PIC_UIO_HOSP_CARLOS_ANDRADE_MARIN_ULN/Cell:eNodeB Function Name=PI_UIO_HOSP_CARLOS_ANDRADE_MARIN_L, Local Cell ID=7, Cell Name=PI_UIO_HOSP_CARLOS_ANDRADE_MARIN_APT_7, eNodeB ID=44991, Cell FDD TDD indication=CELL_FDD",Reliable,0.852,0.266
2026-04-10 02:00,60,"PIC_UIO_HOSP_CARLOS_ANDRADE_MARIN_ULN/Cell:eNodeB Function Name=PI_UIO_HOSP_CARLOS_ANDRADE_MARIN_L, Local Cell ID=8, Cell Name=PI_UIO_HOSP_CARLOS_ANDRADE_MARIN_APT_8, eNodeB ID=44991, Cell FDD TDD indication=CELL_FDD",Reliable,552.775,34.331
2026-04-10 02:00,60,"PIC_UIO_HOSP_CARLOS_ANDRADE_MARIN_ULN/Cell:eNodeB Function Name=PI_UIO_HOSP_CARLOS_ANDRADE_MARIN_L, Local Cell ID=9, Cell Name=PI_UIO_HOSP_CARLOS_ANDRADE_MARIN_APT_9, eNodeB ID=44991, Cell FDD TDD indication=CELL_FDD",Reliable,1.768,1.184
2026-04-10 02:00,60,"PIC_UIO_HOSP_CARLOS_ANDRADE_MARIN_ULN/Cell:eNodeB Function Name=PI_UIO_HOSP_CARLOS_ANDRADE_MARIN_L, Local Cell ID=11, Cell Name=PI_UIO_HOSP_CARLOS_ANDRADE_MARIN_11, eNodeB ID=44991, Cell FDD TDD indication=CELL_FDD",Reliable,0.006,0.005
2026-04-10 02:00,60,"PIC_UIO_HOSP_CARLOS_ANDRADE_MARIN_ULN/Cell:eNodeB Function Name=PI_UIO_HOSP_CARLOS_ANDRADE_MARIN_L, Local Cell ID=12, Cell Name=PI_UIO_HOSP_CARLOS_ANDRADE_MARIN_12, eNodeB ID=44991, Cell FDD TDD indication=CELL_FDD",Reliable,107.676,6.486
2026-04-10 02:00,60,"PIC_UIO_HOSP_CARLOS_ANDRADE_MARIN_ULN/Cell:eNodeB Function Name=PI_UIO_HOSP_CARLOS_ANDRADE_MARIN_L, Local Cell ID=13, Cell Name=PI_UIO_HOSP_CARLOS_ANDRADE_MARIN_13, eNodeB ID=44991, Cell FDD TDD indication=CELL_FDD",Reliable,10.633,5.477
2026-04-10 02:00,60,"PIC_UIO_LA_VINA_ULN/Cell:eNodeB Function Name=PI_UIO_LA_VINAL21, Local Cell ID=1, Cell Name=PI_UIO_LA_VINA_1, eNodeB ID=44379, Cell FDD TDD indication=CELL_FDD",Reliable,0,0
2026-04-10 02:00,60,"PIC_UIO_LA_VINA_ULN/Cell:eNodeB Function Name=PI_UIO_LA_VINAL21, Local Cell ID=2, Cell Name=PI_UIO_LA_VINA_2, eNodeB ID=44379, Cell FDD TDD indication=CELL_FDD",Reliable,0.58,0.273
2026-04-10 02:00,60,"PIC_UIO_LA_VINA_ULN/Cell:eNodeB Function Name=PI_UIO_LA_VINAL21, Local Cell ID=3, Cell Name=PI_UIO_LA_VINA_3, eNodeB ID=44379, Cell FDD TDD indication=CELL_FDD",Reliable,44.164,2.453
2026-04-10 02:00,60,"PIC_UIO_NACIONES_UNIDAS_ULN/Cell:eNodeB Function Name=PIC_UIO_NACIONES_UNIDAS_L, Local Cell ID=1, Cell Name=PIC_UIO_NACIONES_UNIDAS_L21_1, eNodeB ID=44364, Cell FDD TDD indication=CELL_FDD",Reliable,21.672,6.012
2026-04-10 02:00,60,"PIC_UIO_NACIONES_UNIDAS_ULN/Cell:eNodeB Function Name=PIC_UIO_NACIONES_UNIDAS_L, Local Cell ID=2, Cell Name=PIC_UIO_NACIONES_UNIDAS_L21_2, eNodeB ID=44364, Cell FDD TDD indication=CELL_FDD",Reliable,46.929,21.411
2026-04-10 02:00,60,"PIC_UIO_NACIONES_UNIDAS_ULN/Cell:eNodeB Function Name=PIC_UIO_NACIONES_UNIDAS_L, Local Cell ID=3, Cell Name=PIC_UIO_NACIONES_UNIDAS_L21_3, eNodeB ID=44364, Cell FDD TDD indication=CELL_FDD",Reliable,89.539,34.412
2026-04-10 02:00,60,"PIC_UIO_NACIONES_UNIDAS_ULN/Cell:eNodeB Function Name=PIC_UIO_NACIONES_UNIDAS_L, Local Cell ID=12, Cell Name=PIC_UIO_NACIONES_UNIDAS_L19_12, eNodeB ID=44364, Cell FDD TDD indication=CELL_FDD",Reliable,1.356,0.11
2026-04-10 02:00,60,"PIC_UIO_NACIONES_UNIDAS_ULN/Cell:eNodeB Function Name=PIC_UIO_NACIONES_UNIDAS_L, Local Cell ID=13, Cell Name=PIC_UIO_NACIONES_UNIDAS_L19_13, eNodeB ID=44364, Cell FDD TDD indication=CELL_FDD",Reliable,105.104,43.634
2026-04-10 02:00,60,"PIC_UIO_NACIONES_UNIDAS_ULN/Cell:eNodeB Function Name=PIC_UIO_NACIONES_UNIDAS_L, Local Cell ID=11, Cell Name=PIC_UIO_NACIONES_UNIDAS_L19_11, eNodeB ID=44364, Cell FDD TDD indication=CELL_FDD",Reliable,0.007,0.02
2026-04-10 02:00,60,"PI_UIO_NUEVO_POLANCO_UL/Cell:eNodeB Function Name=PI_UIO_NUEVO_POLANCOL21, Local Cell ID=1, Cell Name=PI_UIO_NUEVO_POLANCO_1, eNodeB ID=44997, Cell FDD TDD indication=CELL_FDD",Reliable,8.377,15.62
2026-04-10 02:00,60,"PI_UIO_NUEVO_POLANCO_UL/Cell:eNodeB Function Name=PI_UIO_NUEVO_POLANCOL21, Local Cell ID=2, Cell Name=PI_UIO_NUEVO_POLANCO_2, eNodeB ID=44997, Cell FDD TDD indication=CELL_FDD",Reliable,2.467,1.902
2026-04-10 02:00,60,"PIC_UIO_CONTRALORIA_ULN/Cell:eNodeB Function Name=PI_UIO_CONTRALORIA_L, Local Cell ID=1, Cell Name=PI_UIO_CONTRALORIA_1, eNodeB ID=44337, Cell FDD TDD indication=CELL_FDD",Reliable,15.673,2.372
2026-04-10 02:00,60,"PIC_UIO_CONTRALORIA_ULN/Cell:eNodeB Function Name=PI_UIO_CONTRALORIA_L, Local Cell ID=2, Cell Name=PI_UIO_CONTRALORIA_2, eNodeB ID=44337, Cell FDD TDD indication=CELL_FDD",Reliable,473.461,31.582
2026-04-10 02:00,60,"PIC_UIO_CONTRALORIA_ULN/Cell:eNodeB Function Name=PI_UIO_CONTRALORIA_L, Local Cell ID=3, Cell Name=PI_UIO_CONTRALORIA_3, eNodeB ID=44337, Cell FDD TDD indication=CELL_FDD",Reliable,118.271,9.407
2026-04-10 02:00,60,"PIC_UIO_CONTRALORIA_ULN/Cell:eNodeB Function Name=PI_UIO_CONTRALORIA_L, Local Cell ID=11, Cell Name=PI_UIO_CONTRALORIA_11, eNodeB ID=44337, Cell FDD TDD indication=CELL_FDD",Reliable,0.309,0.124
2026-04-10 02:00,60,"PIC_UIO_CONTRALORIA_ULN/Cell:eNodeB Function Name=PI_UIO_CONTRALORIA_L, Local Cell ID=12, Cell Name=PI_UIO_CONTRALORIA_12, eNodeB ID=44337, Cell FDD TDD indication=CELL_FDD",Reliable,0.026,0.02
2026-04-10 02:00,60,"PIC_UIO_CONTRALORIA_ULN/Cell:eNodeB Function Name=PI_UIO_CONTRALORIA_L, Local Cell ID=13, Cell Name=PI_UIO_CONTRALORIA_13, eNodeB ID=44337, Cell FDD TDD indication=CELL_FDD",Reliable,0.233,0.08
2026-04-10 02:00,60,"PI_UIO_REPUBLICA_COUB_UL/Cell:eNodeB Function Name=PI_UIO_REPUBLICA_COUBL21, Local Cell ID=1, Cell Name=PI_UIO_REPUBLICA_COUB_1, eNodeB ID=44320, Cell FDD TDD indication=CELL_FDD",Reliable,1.382,0.442
2026-04-10 02:00,60,"PI_UIO_REPUBLICA_COUB_UL/Cell:eNodeB Function Name=PI_UIO_REPUBLICA_COUBL21, Local Cell ID=2, Cell Name=PI_UIO_REPUBLICA_COUB_2, eNodeB ID=44320, Cell FDD TDD indication=CELL_FDD",Reliable,8.124,2.792
2026-04-10 02:00,60,"PI_UIO_REPUBLICA_COUB_UL/Cell:eNodeB Function Name=PI_UIO_REPUBLICA_COUBL21, Local Cell ID=3, Cell Name=PI_UIO_REPUBLICA_COUB_3, eNodeB ID=44320, Cell FDD TDD indication=CELL_FDD",Reliable,2.725,0.809
2026-04-10 02:00,60,"PIC_UIO_PATRIA_ULN/Cell:eNodeB Function Name=PI_UIO_PATRIA_L, Local Cell ID=1, Cell Name=PI_UIO_PATRIA_1, eNodeB ID=44381, Cell FDD TDD indication=CELL_FDD",Reliable,12.18,2.007
2026-04-10 02:00,60,"PIC_UIO_PATRIA_ULN/Cell:eNodeB Function Name=PI_UIO_PATRIA_L, Local Cell ID=2, Cell Name=PI_UIO_PATRIA_2, eNodeB ID=44381, Cell FDD TDD indication=CELL_FDD",Reliable,123.576,11.678
2026-04-10 02:00,60,"PIC_UIO_PATRIA_ULN/Cell:eNodeB Function Name=PI_UIO_PATRIA_L, Local Cell ID=3, Cell Name=PI_UIO_PATRIA_3, eNodeB ID=44381, Cell FDD TDD indication=CELL_FDD",Reliable,20.88,19.464
2026-04-10 02:00,60,"PIC_UIO_PATRIA_ULN/Cell:eNodeB Function Name=PI_UIO_PATRIA_L, Local Cell ID=11, Cell Name=PI_UIO_PATRIA_11, eNodeB ID=44381, Cell FDD TDD indication=CELL_FDD",Reliable,0.983,0.163
2026-04-10 02:00,60,"PIC_UIO_PATRIA_ULN/Cell:eNodeB Function Name=PI_UIO_PATRIA_L, Local Cell ID=12, Cell Name=PI_UIO_PATRIA_12, eNodeB ID=44381, Cell FDD TDD indication=CELL_FDD",Reliable,0.91,0.039
2026-04-10 02:00,60,"PIC_UIO_PATRIA_ULN/Cell:eNodeB Function Name=PI_UIO_PATRIA_L, Local Cell ID=13, Cell Name=PI_UIO_PATRIA_13, eNodeB ID=44381, Cell FDD TDD indication=CELL_FDD",Reliable,0.031,0.029
2026-04-10 02:00,60,"PIC_UIO_QUICENTRO_NORTE_UL/Cell:eNodeB Function Name=PIC_UIO_QUICENTRO_NORTE_L, Local Cell ID=1, Cell Name=PIC_UIO_QUICENTRO_NORTE_L21_1, eNodeB ID=44386, Cell FDD TDD indication=CELL_FDD",Reliable,191.316,9.019
2026-04-10 02:00,60,"PIC_UIO_QUICENTRO_NORTE_UL/Cell:eNodeB Function Name=PIC_UIO_QUICENTRO_NORTE_L, Local Cell ID=2, Cell Name=PIC_UIO_QUICENTRO_NORTE_L21_2, eNodeB ID=44386, Cell FDD TDD indication=CELL_FDD",Reliable,36.318,7.25
2026-04-10 02:00,60,"PIC_UIO_QUICENTRO_NORTE_UL/Cell:eNodeB Function Name=PIC_UIO_QUICENTRO_NORTE_L, Local Cell ID=3, Cell Name=PIC_UIO_QUICENTRO_NORTE_L21_3, eNodeB ID=44386, Cell FDD TDD indication=CELL_FDD",Reliable,4.291,0.376
2026-04-10 02:00,60,"PIC_UIO_QUICENTRO_NORTE_UL/Cell:eNodeB Function Name=PIC_UIO_QUICENTRO_NORTE_L, Local Cell ID=12, Cell Name=PIC_UIO_QUICENTRO_NORTE_L19_12, eNodeB ID=44386, Cell FDD TDD indication=CELL_FDD",Reliable,4.175,1.158
2026-04-10 02:00,60,"PIC_UIO_QUICENTRO_NORTE_UL/Cell:eNodeB Function Name=PIC_UIO_QUICENTRO_NORTE_L, Local Cell ID=13, Cell Name=PIC_UIO_QUICENTRO_NORTE_L19_13, eNodeB ID=44386, Cell FDD TDD indication=CELL_FDD",Reliable,0.003,0.005
2026-04-10 02:00,60,"PIC_UIO_QUICENTRO_NORTE_UL/Cell:eNodeB Function Name=PIC_UIO_QUICENTRO_NORTE_L, Local Cell ID=11, Cell Name=PIC_UIO_QUICENTRO_NORTE_L19_11, eNodeB ID=44386, Cell FDD TDD indication=CELL_FDD",Reliable,24.956,1.096
2026-04-10 02:00,60,"PI_UIO_NUEVA_UTE_UL/Cell:eNodeB Function Name=PI_UIO_NUEVA_UTEL21, Local Cell ID=1, Cell Name=PI_UIO_NUEVA_UTE_1, eNodeB ID=44319, Cell FDD TDD indication=CELL_FDD",Reliable,383.529,18.207
2026-04-10 02:00,60,"PI_UIO_NUEVA_UTE_UL/Cell:eNodeB Function Name=PI_UIO_NUEVA_UTEL21, Local Cell ID=2, Cell Name=PI_UIO_NUEVA_UTE_2, eNodeB ID=44319, Cell FDD TDD indication=CELL_FDD",Reliable,132.481,14.813
2026-04-10 02:00,60,"PI_UIO_NUEVA_UTE_UL/Cell:eNodeB Function Name=PI_UIO_NUEVA_UTEL21, Local Cell ID=7, Cell Name=PI_UIO_NUEVA_UTE_APT_7, eNodeB ID=44319, Cell FDD TDD indication=CELL_FDD",Reliable,638.185,358.023
2026-04-10 02:00,60,"PI_UIO_NUEVA_UTE_UL/Cell:eNodeB Function Name=PI_UIO_NUEVA_UTEL21, Local Cell ID=8, Cell Name=PI_UIO_NUEVA_UTE_APT_8, eNodeB ID=44319, Cell FDD TDD indication=CELL_FDD",Reliable,23.99,5.974
2026-04-10 02:00,60,"PI_UIO_MASTODONTES_UL/Cell:eNodeB Function Name=PI_UIO_MASTODONTESL21, Local Cell ID=1, Cell Name=PI_UIO_MASTODONTES_1, eNodeB ID=44308, Cell FDD TDD indication=CELL_FDD",Reliable,411.06,18.348
2026-04-10 02:00,60,"PI_UIO_MASTODONTES_UL/Cell:eNodeB Function Name=PI_UIO_MASTODONTESL21, Local Cell ID=2, Cell Name=PI_UIO_MASTODONTES_2, eNodeB ID=44308, Cell FDD TDD indication=CELL_FDD",Reliable,36.374,5.958
2026-04-10 02:00,60,"PI_UIO_PALACIO_PRESIDENCIAL_UL/Cell:eNodeB Function Name=PI_UIO_PALACIO_PRESIDENCIALL21, Local Cell ID=1, Cell Name=PI_UIO_PALACIO_PRESIDENCIAL_1, eNodeB ID=44943, Cell FDD TDD indication=CELL_FDD",Reliable,187.753,44.247
2026-04-10 02:00,60,"PI_UIO_PALACIO_PRESIDENCIAL_UL/Cell:eNodeB Function Name=PI_UIO_PALACIO_PRESIDENCIALL21, Local Cell ID=2, Cell Name=PI_UIO_PALACIO_PRESIDENCIAL_2, eNodeB ID=44943, Cell FDD TDD indication=CELL_FDD",Reliable,0.021,0.012
2026-04-10 02:00,60,"PI_UIO_PLAZA_FOCH_UL/Cell:eNodeB Function Name=PI_UIO_PLAZA_FOCHL21, Local Cell ID=1, Cell Name=PI_UIO_PLAZA_FOCH_1, eNodeB ID=44969, Cell FDD TDD indication=CELL_FDD",Reliable,14.967,4.315
2026-04-10 02:00,60,"PI_UIO_PLAZA_FOCH_UL/Cell:eNodeB Function Name=PI_UIO_PLAZA_FOCHL21, Local Cell ID=2, Cell Name=PI_UIO_PLAZA_FOCH_2, eNodeB ID=44969, Cell FDD TDD indication=CELL_FDD",Reliable,62.856,7.774
2026-04-10 02:00,60,"PI_UIO_PLAZA_FOCH_UL/Cell:eNodeB Function Name=PI_UIO_PLAZA_FOCHL21, Local Cell ID=3, Cell Name=PI_UIO_PLAZA_FOCH_3, eNodeB ID=44969, Cell FDD TDD indication=CELL_FDD",Reliable,26.196,3.973
2026-04-10 02:00,60,"PI_UIO_USFQ_UL/Cell:eNodeB Function Name=PI_UIO_USFQ_L, Local Cell ID=1, Cell Name=PI_UIO_USFQ_1, eNodeB ID=44436, Cell FDD TDD indication=CELL_FDD",Reliable,1.759,0.503
2026-04-10 02:00,60,"PI_UIO_USFQ_UL/Cell:eNodeB Function Name=PI_UIO_USFQ_L, Local Cell ID=2, Cell Name=PI_UIO_USFQ_2, eNodeB ID=44436, Cell FDD TDD indication=CELL_FDD",Reliable,1.7,0.697
2026-04-10 02:00,60,"PI_UIO_USFQ_UL/Cell:eNodeB Function Name=PI_UIO_USFQ_L, Local Cell ID=3, Cell Name=PI_UIO_USFQ_3, eNodeB ID=44436, Cell FDD TDD indication=CELL_FDD",Reliable,0.045,0.039
2026-04-10 02:00,60,"PI_UIO_USFQ_UL/Cell:eNodeB Function Name=PI_UIO_USFQ_L, Local Cell ID=11, Cell Name=PI_UIO_USFQ_11, eNodeB ID=44436, Cell FDD TDD indication=CELL_FDD",Reliable,0.002,0.011
2026-04-10 02:00,60,"PI_UIO_USFQ_UL/Cell:eNodeB Function Name=PI_UIO_USFQ_L, Local Cell ID=12, Cell Name=PI_UIO_USFQ_12, eNodeB ID=44436, Cell FDD TDD indication=CELL_FDD",Reliable,0,0
2026-04-10 02:00,60,"PI_UIO_USFQ_UL/Cell:eNodeB Function Name=PI_UIO_USFQ_L, Local Cell ID=13, Cell Name=PI_UIO_USFQ_13, eNodeB ID=44436, Cell FDD TDD indication=CELL_FDD",Reliable,0.001,0.001
2026-04-10 02:00,60,"PI_UIO_QUICENTRO_UL/Cell:eNodeB Function Name=PIC_UIO_QUICENTRO_L, Local Cell ID=1, Cell Name=PIC_UIO_QUICENTRO_L21_1, eNodeB ID=44272, Cell FDD TDD indication=CELL_FDD",Reliable,25.618,3.895
2026-04-10 02:00,60,"PI_UIO_QUICENTRO_UL/Cell:eNodeB Function Name=PIC_UIO_QUICENTRO_L, Local Cell ID=2, Cell Name=PIC_UIO_QUICENTRO_L21_2, eNodeB ID=44272, Cell FDD TDD indication=CELL_FDD",Reliable,156.561,19.498
2026-04-10 02:00,60,"PI_UIO_QUICENTRO_UL/Cell:eNodeB Function Name=PIC_UIO_QUICENTRO_L, Local Cell ID=3, Cell Name=PIC_UIO_QUICENTRO_L21_3, eNodeB ID=44272, Cell FDD TDD indication=CELL_FDD",Reliable,253.722,30.189
2026-04-10 02:00,60,"PI_UIO_QUICENTRO_UL/Cell:eNodeB Function Name=PIC_UIO_QUICENTRO_L, Local Cell ID=11, Cell Name=PIC_UIO_QUICENTRO_L19_11, eNodeB ID=44272, Cell FDD TDD indication=CELL_FDD",Reliable,0.016,0.016
2026-04-10 02:00,60,"PI_UIO_QUICENTRO_UL/Cell:eNodeB Function Name=PIC_UIO_QUICENTRO_L, Local Cell ID=12, Cell Name=PIC_UIO_QUICENTRO_L19_12, eNodeB ID=44272, Cell FDD TDD indication=CELL_FDD",Reliable,7.59,2.46
2026-04-10 02:00,60,"PI_UIO_QUICENTRO_UL/Cell:eNodeB Function Name=PIC_UIO_QUICENTRO_L, Local Cell ID=13, Cell Name=PIC_UIO_QUICENTRO_L19_13, eNodeB ID=44272, Cell FDD TDD indication=CELL_FDD",Reliable,3.616,1.687
2026-04-10 02:00,60,"PIC_UIO_TERRANOVA_ULN/Cell:eNodeB Function Name=PIC_UIO_TERRANOVA_L, Local Cell ID=1, Cell Name=PIC_UIO_TERRANOVA_L21_1, eNodeB ID=44995, Cell FDD TDD indication=CELL_FDD",Reliable,58.562,4.016
2026-04-10 02:00,60,"PIC_UIO_TERRANOVA_ULN/Cell:eNodeB Function Name=PIC_UIO_TERRANOVA_L, Local Cell ID=2, Cell Name=PIC_UIO_TERRANOVA_L21_2, eNodeB ID=44995, Cell FDD TDD indication=CELL_FDD",Reliable,11.395,3.286
2026-04-10 02:00,60,"PI_UIO_ARELLANO_UL/Cell:eNodeB Function Name=PI_UIO_ARELLANOL21, Local Cell ID=1, Cell Name=PI_UIO_ARELLANO_1, eNodeB ID=44324, Cell FDD TDD indication=CELL_FDD",Reliable,1.551,1.074
2026-04-10 02:00,60,"PI_UIO_ARELLANO_UL/Cell:eNodeB Function Name=PI_UIO_ARELLANOL21, Local Cell ID=2, Cell Name=PI_UIO_ARELLANO_2, eNodeB ID=44324, Cell FDD TDD indication=CELL_FDD",Reliable,132.131,4.618
2026-04-10 02:00,60,"PI_UIO_AV_AMAZONAS_TRR_UL/Cell:eNodeB Function Name=PI_UIO_AV_AMAZONAS_TRRL21, Local Cell ID=1, Cell Name=PI_UIO_AV_AMAZONAS_TRR_1, eNodeB ID=44965, Cell FDD TDD indication=CELL_FDD",Reliable,377.752,43.828
2026-04-10 02:00,60,"PI_UIO_AV_AMAZONAS_TRR_UL/Cell:eNodeB Function Name=PI_UIO_AV_AMAZONAS_TRRL21, Local Cell ID=2, Cell Name=PI_UIO_AV_AMAZONAS_TRR_2, eNodeB ID=44965, Cell FDD TDD indication=CELL_FDD",Reliable,11.774,2.739
2026-04-10 02:00,60,"PI_UIO_AV_AMAZONAS_TRR_UL/Cell:eNodeB Function Name=PI_UIO_AV_AMAZONAS_TRRL21, Local Cell ID=3, Cell Name=PI_UIO_AV_AMAZONAS_TRR_3, eNodeB ID=44965, Cell FDD TDD indication=CELL_FDD",Reliable,7.854,1.893
2026-04-10 02:00,60,"PI_UIO_REGIMIENTO_QUITO_UL/Cell:eNodeB Function Name=PI_UIO_REGIMIENTO_QUITOL21, Local Cell ID=1, Cell Name=PI_UIO_REGIMIENTO_QUITO_1, eNodeB ID=44383, Cell FDD TDD indication=CELL_FDD",Reliable,87.706,13.067
2026-04-10 02:00,60,"PI_UIO_REGIMIENTO_QUITO_UL/Cell:eNodeB Function Name=PI_UIO_REGIMIENTO_QUITOL21, Local Cell ID=2, Cell Name=PI_UIO_REGIMIENTO_QUITO_2, eNodeB ID=44383, Cell FDD TDD indication=CELL_FDD",Reliable,301.512,224.859
2026-04-10 02:00,60,"PI_UIO_TUFINO(PI)_UL/Cell:eNodeB Function Name=PI_UIO_TUFINO(PI)L21, Local Cell ID=1, Cell Name=PI_UIO_TUFINO(PI)_1, eNodeB ID=44306, Cell FDD TDD indication=CELL_FDD",Reliable,69.294,3.657
2026-04-10 02:00,60,"PI_UIO_TUFINO(PI)_UL/Cell:eNodeB Function Name=PI_UIO_TUFINO(PI)L21, Local Cell ID=2, Cell Name=PI_UIO_TUFINO(PI)_2, eNodeB ID=44306, Cell FDD TDD indication=CELL_FDD",Reliable,44.587,9.363
2026-04-10 02:00,60,"PI_UIO_TUFINO(PI)_UL/Cell:eNodeB Function Name=PI_UIO_TUFINO(PI)L21, Local Cell ID=3, Cell Name=PI_UIO_TUFINO(PI)_3, eNodeB ID=44306, Cell FDD TDD indication=CELL_FDD",Reliable,34.997,3.121
2026-04-10 02:00,60,"PI_UIO_COL_CENTRAL_TECNICO_TRR_UL/Cell:eNodeB Function Name=PI_UIO_COL_CENTRAL_TECNICO_TRRL21, Local Cell ID=1, Cell Name=PI_UIO_COL_CENTRAL_TECNICO_TRR_1, eNodeB ID=44808, Cell FDD TDD indication=CELL_FDD",Reliable,16.772,4.486
2026-04-10 02:00,60,"PI_UIO_COL_CENTRAL_TECNICO_TRR_UL/Cell:eNodeB Function Name=PI_UIO_COL_CENTRAL_TECNICO_TRRL21, Local Cell ID=2, Cell Name=PI_UIO_COL_CENTRAL_TECNICO_TRR_2, eNodeB ID=44808, Cell FDD TDD indication=CELL_FDD",Reliable,1.339,0.275
2026-04-10 02:00,60,"PI_UIO_COL_CENTRAL_TECNICO_TRR_UL/Cell:eNodeB Function Name=PI_UIO_COL_CENTRAL_TECNICO_TRRL21, Local Cell ID=3, Cell Name=PI_UIO_COL_CENTRAL_TECNICO_TRR_3, eNodeB ID=44808, Cell FDD TDD indication=CELL_FDD",Reliable,1.342,0.893
2026-04-10 02:00,60,"PI_UIO_CORDILLERA_UL/Cell:eNodeB Function Name=PI_UIO_CORDILLERA_L, Local Cell ID=1, Cell Name=PI_UIO_CORDILLERA_1, eNodeB ID=44315, Cell FDD TDD indication=CELL_FDD",Reliable,66.837,11.15
2026-04-10 02:00,60,"PI_UIO_CORDILLERA_UL/Cell:eNodeB Function Name=PI_UIO_CORDILLERA_L, Local Cell ID=2, Cell Name=PI_UIO_CORDILLERA_2, eNodeB ID=44315, Cell FDD TDD indication=CELL_FDD",Reliable,1.557,0.812
2026-04-10 02:00,60,"PI_UIO_CORDILLERA_UL/Cell:eNodeB Function Name=PI_UIO_CORDILLERA_L, Local Cell ID=3, Cell Name=PI_UIO_CORDILLERA_3, eNodeB ID=44315, Cell FDD TDD indication=CELL_FDD",Reliable,60.218,3.383
2026-04-10 02:00,60,"PI_UIO_CORDILLERA_UL/Cell:eNodeB Function Name=PI_UIO_CORDILLERA_L, Local Cell ID=11, Cell Name=PI_UIO_CORDILLERA_11, eNodeB ID=44315, Cell FDD TDD indication=CELL_FDD",Reliable,0,0
2026-04-10 02:00,60,"PI_UIO_CORDILLERA_UL/Cell:eNodeB Function Name=PI_UIO_CORDILLERA_L, Local Cell ID=12, Cell Name=PI_UIO_CORDILLERA_12, eNodeB ID=44315, Cell FDD TDD indication=CELL_FDD",Reliable,0.006,0.016
2026-04-10 02:00,60,"PI_UIO_CORDILLERA_UL/Cell:eNodeB Function Name=PI_UIO_CORDILLERA_L, Local Cell ID=13, Cell Name=PI_UIO_CORDILLERA_13, eNodeB ID=44315, Cell FDD TDD indication=CELL_FDD",Reliable,0,0
2026-04-10 02:00,60,"PI_UIO_ISLA_SAN_CRISTOBAL_UL/Cell:eNodeB Function Name=PI_UIO_ISLA_SAN_CRISTOBALL21, Local Cell ID=1, Cell Name=PI_UIO_ISLA_SAN_CRISTOBAL_1, eNodeB ID=44437, Cell FDD TDD indication=CELL_FDD",Reliable,2.57,0.64
2026-04-10 02:00,60,"PI_UIO_ISLA_SAN_CRISTOBAL_UL/Cell:eNodeB Function Name=PI_UIO_ISLA_SAN_CRISTOBALL21, Local Cell ID=2, Cell Name=PI_UIO_ISLA_SAN_CRISTOBAL_2, eNodeB ID=44437, Cell FDD TDD indication=CELL_FDD",Reliable,699.324,28.063
2026-04-10 02:00,60,"PI_UIO_ISLA_SAN_CRISTOBAL_UL/Cell:eNodeB Function Name=PI_UIO_ISLA_SAN_CRISTOBALL21, Local Cell ID=3, Cell Name=PI_UIO_ISLA_SAN_CRISTOBAL_3, eNodeB ID=44437, Cell FDD TDD indication=CELL_FDD",Reliable,3.369,0.391
2026-04-10 02:00,60,"PI_UIO_LA_MASCOTA_UL/Cell:eNodeB Function Name=PI_UIO_LA_MASCOTAL21, Local Cell ID=1, Cell Name=PI_UIO_LA_MASCOTA_1, eNodeB ID=44219, Cell FDD TDD indication=CELL_FDD",Reliable,65.681,30.058
2026-04-10 02:00,60,"PI_UIO_LA_MASCOTA_UL/Cell:eNodeB Function Name=PI_UIO_LA_MASCOTAL21, Local Cell ID=2, Cell Name=PI_UIO_LA_MASCOTA_2, eNodeB ID=44219, Cell FDD TDD indication=CELL_FDD",Reliable,29.742,8.899
2026-04-10 02:00,60,"PI_UIO_LA_MASCOTA_UL/Cell:eNodeB Function Name=PI_UIO_LA_MASCOTAL21, Local Cell ID=3, Cell Name=PI_UIO_LA_MASCOTA_3, eNodeB ID=44219, Cell FDD TDD indication=CELL_FDD",Reliable,116.302,395.227
2026-04-10 02:00,60,"PI_UIO_ECU911_UL/Cell:eNodeB Function Name=PI_UIO_ECU911L21, Local Cell ID=1, Cell Name=PI_UIO_ECU911_1, eNodeB ID=44940, Cell FDD TDD indication=CELL_FDD",Reliable,344.482,41.338
2026-04-10 02:00,60,"IM_URC_YACHAY_UL/Cell:eNodeB Function Name=IM_URC_YACHAYL21, Local Cell ID=1, Cell Name=IM_URC_YACHAY_1, eNodeB ID=44755, Cell FDD TDD indication=CELL_FDD",Reliable,11.143,3.552
2026-04-10 02:00,60,"IM_URC_YACHAY_UL/Cell:eNodeB Function Name=IM_URC_YACHAYL21, Local Cell ID=2, Cell Name=IM_URC_YACHAY_2, eNodeB ID=44755, Cell FDD TDD indication=CELL_FDD",Reliable,147.281,12.045
2026-04-10 02:00,60,"IM_URC_YACHAY_UL/Cell:eNodeB Function Name=IM_URC_YACHAYL21, Local Cell ID=3, Cell Name=IM_URC_YACHAY_3, eNodeB ID=44755, Cell FDD TDD indication=CELL_FDD",Reliable,53.27,6.538
2026-04-10 02:00,60,"PI_UIO_EL_EDEN_UL/Cell:eNodeB Function Name=PI_UIO_EL_EDENL21, Local Cell ID=1, Cell Name=PI_UIO_EL_EDEN_1, eNodeB ID=44117, Cell FDD TDD indication=CELL_FDD",Reliable,27.583,2.062
2026-04-10 02:00,60,"PI_UIO_EL_EDEN_UL/Cell:eNodeB Function Name=PI_UIO_EL_EDENL21, Local Cell ID=2, Cell Name=PI_UIO_EL_EDEN_2, eNodeB ID=44117, Cell FDD TDD indication=CELL_FDD",Reliable,0.155,0.161
2026-04-10 02:00,60,"PI_UIO_EL_EDEN_UL/Cell:eNodeB Function Name=PI_UIO_EL_EDENL21, Local Cell ID=3, Cell Name=PI_UIO_EL_EDEN_3, eNodeB ID=44117, Cell FDD TDD indication=CELL_FDD",Reliable,8.448,3.991
2026-04-10 02:00,60,"PI_UIO_FLACSO_TRR_UL/Cell:eNodeB Function Name=PI_UIO_FLACSO_TRRL21, Local Cell ID=1, Cell Name=PI_UIO_FLACSO_TRR_1, eNodeB ID=44967, Cell FDD TDD indication=CELL_FDD",Reliable,255.103,17.293
2026-04-10 02:00,60,"PI_UIO_FLACSO_TRR_UL/Cell:eNodeB Function Name=PI_UIO_FLACSO_TRRL21, Local Cell ID=2, Cell Name=PI_UIO_FLACSO_TRR_2, eNodeB ID=44967, Cell FDD TDD indication=CELL_FDD",Reliable,0.134,0.05
2026-04-10 02:00,60,"PI_UIO_FLACSO_TRR_UL/Cell:eNodeB Function Name=PI_UIO_FLACSO_TRRL21, Local Cell ID=3, Cell Name=PI_UIO_FLACSO_TRR_3, eNodeB ID=44967, Cell FDD TDD indication=CELL_FDD",Reliable,13.89,2.222
2026-04-10 02:00,60,"PI_UIO_WHIMPER_TRR_UL/Cell:eNodeB Function Name=PI_UIO_WHIMPER_TRR_L, Local Cell ID=1, Cell Name=PI_UIO_WHIMPER_TRR_1, eNodeB ID=44968, Cell FDD TDD indication=CELL_FDD",Reliable,5.818,0.239
2026-04-10 02:00,60,"PI_UIO_WHIMPER_TRR_UL/Cell:eNodeB Function Name=PI_UIO_WHIMPER_TRR_L, Local Cell ID=2, Cell Name=PI_UIO_WHIMPER_TRR_2, eNodeB ID=44968, Cell FDD TDD indication=CELL_FDD",Reliable,31.129,2.882
2026-04-10 02:00,60,"PI_UIO_WHIMPER_TRR_UL/Cell:eNodeB Function Name=PI_UIO_WHIMPER_TRR_L, Local Cell ID=3, Cell Name=PI_UIO_WHIMPER_TRR_3, eNodeB ID=44968, Cell FDD TDD indication=CELL_FDD",Reliable,282.132,16.045
2026-04-10 02:00,60,"PI_UIO_WHIMPER_TRR_UL/Cell:eNodeB Function Name=PI_UIO_WHIMPER_TRR_L, Local Cell ID=11, Cell Name=PI_UIO_WHIMPER_TRR_11, eNodeB ID=44968, Cell FDD TDD indication=CELL_FDD",Reliable,0,0
2026-04-10 02:00,60,"PI_UIO_WHIMPER_TRR_UL/Cell:eNodeB Function Name=PI_UIO_WHIMPER_TRR_L, Local Cell ID=12, Cell Name=PI_UIO_WHIMPER_TRR_12, eNodeB ID=44968, Cell FDD TDD indication=CELL_FDD",Reliable,15.306,2.347
2026-04-10 02:00,60,"PI_UIO_WHIMPER_TRR_UL/Cell:eNodeB Function Name=PI_UIO_WHIMPER_TRR_L, Local Cell ID=13, Cell Name=PI_UIO_WHIMPER_TRR_13, eNodeB ID=44968, Cell FDD TDD indication=CELL_FDD",Reliable,0,0
2026-04-10 02:00,60,"PI_UIO_BELLO_HORIZONTE_TRR_UL/Cell:eNodeB Function Name=PIC_UIO_BELLO_HORIZONTE_TRR_L, Local Cell ID=1, Cell Name=PIC_UIO_BELLO_HORIZONTE_TRR_L21_1, eNodeB ID=44966, Cell FDD TDD indication=CELL_FDD",Reliable,116.422,9.423
2026-04-10 02:00,60,"PI_UIO_BELLO_HORIZONTE_TRR_UL/Cell:eNodeB Function Name=PIC_UIO_BELLO_HORIZONTE_TRR_L, Local Cell ID=2, Cell Name=PIC_UIO_BELLO_HORIZONTE_TRR_L21_2, eNodeB ID=44966, Cell FDD TDD indication=CELL_FDD",Reliable,192.258,12.142
2026-04-10 02:00,60,"PI_UIO_BELLO_HORIZONTE_TRR_UL/Cell:eNodeB Function Name=PIC_UIO_BELLO_HORIZONTE_TRR_L, Local Cell ID=3, Cell Name=PIC_UIO_BELLO_HORIZONTE_TRR_L21_3, eNodeB ID=44966, Cell FDD TDD indication=CELL_FDD",Reliable,33.906,3.192
2026-04-10 02:00,60,"PI_UIO_BELLO_HORIZONTE_TRR_UL/Cell:eNodeB Function Name=PIC_UIO_BELLO_HORIZONTE_TRR_L, Local Cell ID=11, Cell Name=PIC_UIO_BELLO_HORIZONTE_TRR_L19_11, eNodeB ID=44966, Cell FDD TDD indication=CELL_FDD",Reliable,31.089,14.852
2026-04-10 02:00,60,"PI_UIO_BELLO_HORIZONTE_TRR_UL/Cell:eNodeB Function Name=PIC_UIO_BELLO_HORIZONTE_TRR_L, Local Cell ID=12, Cell Name=PIC_UIO_BELLO_HORIZONTE_TRR_L19_12, eNodeB ID=44966, Cell FDD TDD indication=CELL_FDD",Reliable,5.154,1.02
2026-04-10 02:00,60,"PI_UIO_BELLO_HORIZONTE_TRR_UL/Cell:eNodeB Function Name=PIC_UIO_BELLO_HORIZONTE_TRR_L, Local Cell ID=13, Cell Name=PIC_UIO_BELLO_HORIZONTE_TRR_L19_13, eNodeB ID=44966, Cell FDD TDD indication=CELL_FDD",Reliable,49.057,55.246
2026-04-10 02:00,60,"PI_UIO_PLAZA_ARGENTINA_UL/Cell:eNodeB Function Name=PI_UIO_PLAZA_ARGENTINA_L, Local Cell ID=1, Cell Name=PI_UIO_PLAZA_ARGENTINA_1, eNodeB ID=44328, Cell FDD TDD indication=CELL_FDD",Reliable,2.765,1.495
2026-04-10 02:00,60,"PI_UIO_PLAZA_ARGENTINA_UL/Cell:eNodeB Function Name=PI_UIO_PLAZA_ARGENTINA_L, Local Cell ID=2, Cell Name=PI_UIO_PLAZA_ARGENTINA_2, eNodeB ID=44328, Cell FDD TDD indication=CELL_FDD",Reliable,414.787,6.809
2026-04-10 02:00,60,"PI_UIO_PLAZA_ARGENTINA_UL/Cell:eNodeB Function Name=PI_UIO_PLAZA_ARGENTINA_L, Local Cell ID=3, Cell Name=PI_UIO_PLAZA_ARGENTINA_3, eNodeB ID=44328, Cell FDD TDD indication=CELL_FDD",Reliable,29.397,3.479
2026-04-10 02:00,60,"PI_UIO_PLAZA_ARGENTINA_UL/Cell:eNodeB Function Name=PI_UIO_PLAZA_ARGENTINA_L, Local Cell ID=11, Cell Name=PI_UIO_PLAZA_ARGENTINA_11, eNodeB ID=44328, Cell FDD TDD indication=CELL_FDD",Reliable,0.694,0.217
2026-04-10 02:00,60,"PI_UIO_PLAZA_ARGENTINA_UL/Cell:eNodeB Function Name=PI_UIO_PLAZA_ARGENTINA_L, Local Cell ID=12, Cell Name=PI_UIO_PLAZA_ARGENTINA_12, eNodeB ID=44328, Cell FDD TDD indication=CELL_FDD",Reliable,14.918,2.446
2026-04-10 02:00,60,"PI_UIO_PLAZA_ARGENTINA_UL/Cell:eNodeB Function Name=PI_UIO_PLAZA_ARGENTINA_L, Local Cell ID=13, Cell Name=PI_UIO_PLAZA_ARGENTINA_13, eNodeB ID=44328, Cell FDD TDD indication=CELL_FDD",Reliable,23.274,2.128
2026-04-10 02:00,60,"PI_UIO_NODO_1_EL_PINTADO_SIGCHOS_UL/Cell:eNodeB Function Name=PI_UIO_NODO_1_EL_PINTADO_SIGCHOSL21, Local Cell ID=1, Cell Name=PI_UIO_NODO_1_EL_PINTADO_SIGCHOS_1, eNodeB ID=44238, Cell FDD TDD indication=CELL_FDD",Reliable,6.003,2.227
2026-04-10 02:00,60,"PI_UIO_NODO_1_EL_PINTADO_SIGCHOS_UL/Cell:eNodeB Function Name=PI_UIO_NODO_1_EL_PINTADO_SIGCHOSL21, Local Cell ID=2, Cell Name=PI_UIO_NODO_1_EL_PINTADO_SIGCHOS_2, eNodeB ID=44238, Cell FDD TDD indication=CELL_FDD",Reliable,59.85,7.351
2026-04-10 02:00,60,"PI_UIO_NODO_1_EL_PINTADO_SIGCHOS_UL/Cell:eNodeB Function Name=PI_UIO_NODO_1_EL_PINTADO_SIGCHOSL21, Local Cell ID=3, Cell Name=PI_UIO_NODO_1_EL_PINTADO_SIGCHOS_3, eNodeB ID=44238, Cell FDD TDD indication=CELL_FDD",Reliable,18.192,3.547
2026-04-10 02:00,60,"PI_UIO_LA_RAYA_UL/Cell:eNodeB Function Name=PI_UIO_LA_RAYAL21, Local Cell ID=1, Cell Name=PI_UIO_LA_RAYA_1, eNodeB ID=44347, Cell FDD TDD indication=CELL_FDD",Reliable,81.799,6.57
2026-04-10 02:00,60,"PI_UIO_LA_RAYA_UL/Cell:eNodeB Function Name=PI_UIO_LA_RAYAL21, Local Cell ID=2, Cell Name=PI_UIO_LA_RAYA_2, eNodeB ID=44347, Cell FDD TDD indication=CELL_FDD",Reliable,4.153,0.609
2026-04-10 02:00,60,"SD_SD_LAS_PALMERAS_UL/Cell:eNodeB Function Name=SD_SD_LAS_PALMERASL21, Local Cell ID=1, Cell Name=SD_SD_LAS_PALMERAS_1, eNodeB ID=44782, Cell FDD TDD indication=CELL_FDD",Reliable,92.135,3.258
2026-04-10 02:00,60,"SD_SD_LAS_PALMERAS_UL/Cell:eNodeB Function Name=SD_SD_LAS_PALMERASL21, Local Cell ID=2, Cell Name=SD_SD_LAS_PALMERAS_2, eNodeB ID=44782, Cell FDD TDD indication=CELL_FDD",Reliable,12.105,6.891
2026-04-10 02:00,60,"SD_SD_LAS_PALMERAS_UL/Cell:eNodeB Function Name=SD_SD_LAS_PALMERASL21, Local Cell ID=3, Cell Name=SD_SD_LAS_PALMERAS_3, eNodeB ID=44782, Cell FDD TDD indication=CELL_FDD",Reliable,180.065,17.277
2026-04-10 02:00,60,"SD_SD_TSACHILAS_UL/Cell:eNodeB Function Name=STD_STD_TSACHILAS_L, Local Cell ID=1, Cell Name=SD_SD_TSACHILAS_1, eNodeB ID=44796, Cell FDD TDD indication=CELL_FDD",Reliable,21.752,457.046
2026-04-10 02:00,60,"SD_SD_TSACHILAS_UL/Cell:eNodeB Function Name=STD_STD_TSACHILAS_L, Local Cell ID=2, Cell Name=SD_SD_TSACHILAS_2, eNodeB ID=44796, Cell FDD TDD indication=CELL_FDD",Reliable,14.341,17.782
2026-04-10 02:00,60,"SD_SD_TSACHILAS_UL/Cell:eNodeB Function Name=STD_STD_TSACHILAS_L, Local Cell ID=3, Cell Name=SD_SD_TSACHILAS_3, eNodeB ID=44796, Cell FDD TDD indication=CELL_FDD",Reliable,18.013,3.893
2026-04-10 02:00,60,"PI_UIO_LA_BOTA_UL/Cell:eNodeB Function Name=PI_UIO_LA_BOTA_L, Local Cell ID=1, Cell Name=PI_UIO_LA_BOTA_1, eNodeB ID=44137, Cell FDD TDD indication=CELL_FDD",Reliable,50.015,8.48
2026-04-10 02:00,60,"PI_UIO_LA_BOTA_UL/Cell:eNodeB Function Name=PI_UIO_LA_BOTA_L, Local Cell ID=2, Cell Name=PI_UIO_LA_BOTA_2, eNodeB ID=44137, Cell FDD TDD indication=CELL_FDD",Reliable,22.784,6.234
2026-04-10 02:00,60,"PI_UIO_LA_BOTA_UL/Cell:eNodeB Function Name=PI_UIO_LA_BOTA_L, Local Cell ID=3, Cell Name=PI_UIO_LA_BOTA_3, eNodeB ID=44137, Cell FDD TDD indication=CELL_FDD",Reliable,66.599,11.676
2026-04-10 02:00,60,"PI_UIO_LA_BOTA_UL/Cell:eNodeB Function Name=PI_UIO_LA_BOTA_L, Local Cell ID=11, Cell Name=PI_UIO_LA_BOTA_11, eNodeB ID=44137, Cell FDD TDD indication=CELL_FDD",Reliable,0.003,0.056
2026-04-10 02:00,60,"PI_UIO_LA_BOTA_UL/Cell:eNodeB Function Name=PI_UIO_LA_BOTA_L, Local Cell ID=12, Cell Name=PI_UIO_LA_BOTA_12, eNodeB ID=44137, Cell FDD TDD indication=CELL_FDD",Reliable,0.664,0.595
2026-04-10 02:00,60,"PI_UIO_LA_BOTA_UL/Cell:eNodeB Function Name=PI_UIO_LA_BOTA_L, Local Cell ID=13, Cell Name=PI_UIO_LA_BOTA_13, eNodeB ID=44137, Cell FDD TDD indication=CELL_FDD",Reliable,0.004,0.07
2026-04-10 02:00,60,"PI_UIO_CARCELEN_UL/Cell:eNodeB Function Name=PI_UIO_CARCELENL21, Local Cell ID=1, Cell Name=PI_UIO_CARCELEN_1, eNodeB ID=44031, Cell FDD TDD indication=CELL_FDD",Reliable,67.362,17.357
2026-04-10 02:00,60,"PI_UIO_CARCELEN_UL/Cell:eNodeB Function Name=PI_UIO_CARCELENL21, Local Cell ID=2, Cell Name=PI_UIO_CARCELEN_2, eNodeB ID=44031, Cell FDD TDD indication=CELL_FDD",Reliable,8.45,1.642
2026-04-10 02:00,60,"PI_UIO_CARCELEN_UL/Cell:eNodeB Function Name=PI_UIO_CARCELENL21, Local Cell ID=3, Cell Name=PI_UIO_CARCELEN_3, eNodeB ID=44031, Cell FDD TDD indication=CELL_FDD",Reliable,4.835,2.467
2026-04-10 02:00,60,"PI_UIO_HOSP_SAN_FRANCISCO_UL/Cell:eNodeB Function Name=PI_UIO_HOSP_SAN_FRANCISCOL21, Local Cell ID=1, Cell Name=PI_UIO_HOSP_SAN_FRANCISCO_1, eNodeB ID=44998, Cell FDD TDD indication=CELL_FDD",Reliable,35.558,5.939
2026-04-10 02:00,60,"PI_UIO_HOSP_SAN_FRANCISCO_UL/Cell:eNodeB Function Name=PI_UIO_HOSP_SAN_FRANCISCOL21, Local Cell ID=2, Cell Name=PI_UIO_HOSP_SAN_FRANCISCO_2, eNodeB ID=44998, Cell FDD TDD indication=CELL_FDD",Reliable,213.602,35.631
2026-04-10 02:00,60,"PI_UIO_HOSP_SAN_FRANCISCO_UL/Cell:eNodeB Function Name=PI_UIO_HOSP_SAN_FRANCISCOL21, Local Cell ID=3, Cell Name=PI_UIO_HOSP_SAN_FRANCISCO_3, eNodeB ID=44998, Cell FDD TDD indication=CELL_FDD",Reliable,711.644,89.12
2026-04-10 02:00,60,"PI_UIO_LIZARAZU_UL/Cell:eNodeB Function Name=PI_UIO_LIZARAZUL21, Local Cell ID=1, Cell Name=PI_UIO_LIZARAZU_1, eNodeB ID=44223, Cell FDD TDD indication=CELL_FDD",Reliable,33.394,8.533
2026-04-10 02:00,60,"PI_UIO_LIZARAZU_UL/Cell:eNodeB Function Name=PI_UIO_LIZARAZUL21, Local Cell ID=2, Cell Name=PI_UIO_LIZARAZU_2, eNodeB ID=44223, Cell FDD TDD indication=CELL_FDD",Reliable,541.723,29.528
2026-04-10 02:00,60,"PI_UIO_MENA_DEL_HIERRO_UL/Cell:eNodeB Function Name=PIC_UIO_MENA_DEL_HIERRO_L, Local Cell ID=1, Cell Name=PIC_UIO_MENA_DEL_HIERRO_L21_1, eNodeB ID=44299, Cell FDD TDD indication=CELL_FDD",Reliable,534.051,14.55
2026-04-10 02:00,60,"PI_UIO_MENA_DEL_HIERRO_UL/Cell:eNodeB Function Name=PIC_UIO_MENA_DEL_HIERRO_L, Local Cell ID=2, Cell Name=PIC_UIO_MENA_DEL_HIERRO_L21_2, eNodeB ID=44299, Cell FDD TDD indication=CELL_FDD",Reliable,4.048,2.392
2026-04-10 02:00,60,"PI_UIO_ESMIL_UL/Cell:eNodeB Function Name=PI_UIO_ESMILL21, Local Cell ID=1, Cell Name=PI_UIO_ESMIL_1, eNodeB ID=44265, Cell FDD TDD indication=CELL_FDD",Reliable,135.201,4.773
2026-04-10 02:00,60,"PI_UIO_ESMIL_UL/Cell:eNodeB Function Name=PI_UIO_ESMILL21, Local Cell ID=2, Cell Name=PI_UIO_ESMIL_2, eNodeB ID=44265, Cell FDD TDD indication=CELL_FDD",Reliable,501.991,6.657
2026-04-10 02:00,60,"PI_UIO_ESMIL_UL/Cell:eNodeB Function Name=PI_UIO_ESMILL21, Local Cell ID=3, Cell Name=PI_UIO_ESMIL_3, eNodeB ID=44265, Cell FDD TDD indication=CELL_FDD",Reliable,11.257,3.707
2026-04-10 02:00,60,"PI_UIO_MONJAS(3G)_UL/Cell:eNodeB Function Name=PIC_UIO_MONJAS_3G_L, Local Cell ID=1, Cell Name=PIC_UIO_MONJAS_3G_L21_1, eNodeB ID=44039, Cell FDD TDD indication=CELL_FDD",Reliable,57.232,7.268
2026-04-10 02:00,60,"PI_UIO_MONJAS(3G)_UL/Cell:eNodeB Function Name=PIC_UIO_MONJAS_3G_L, Local Cell ID=2, Cell Name=PIC_UIO_MONJAS_3G_L21_2, eNodeB ID=44039, Cell FDD TDD indication=CELL_FDD",Reliable,212.851,11.064
2026-04-10 02:00,60,"PI_UIO_MONJAS(3G)_UL/Cell:eNodeB Function Name=PIC_UIO_MONJAS_3G_L, Local Cell ID=3, Cell Name=PIC_UIO_MONJAS_3G_L21_3, eNodeB ID=44039, Cell FDD TDD indication=CELL_FDD",Reliable,127.409,5.636
2026-04-10 02:00,60,"PI_UIO_MONJAS(3G)_UL/Cell:eNodeB Function Name=PIC_UIO_MONJAS_3G_L, Local Cell ID=7, Cell Name=PIC_UIO_MONJAS_3G_L7_7, eNodeB ID=44039, Cell FDD TDD indication=CELL_FDD",Reliable,5.378,1.8
2026-04-10 02:00,60,"PI_UIO_MONJAS(3G)_UL/Cell:eNodeB Function Name=PIC_UIO_MONJAS_3G_L, Local Cell ID=8, Cell Name=PIC_UIO_MONJAS_3G_L7_8, eNodeB ID=44039, Cell FDD TDD indication=CELL_FDD",Reliable,14.024,7.841
2026-04-10 02:00,60,"PI_UIO_MONJAS(3G)_UL/Cell:eNodeB Function Name=PIC_UIO_MONJAS_3G_L, Local Cell ID=9, Cell Name=PIC_UIO_MONJAS_3G_L7_9, eNodeB ID=44039, Cell FDD TDD indication=CELL_FDD",Reliable,596.709,28.419
2026-04-10 02:00,60,"PIC_UIO_VILLALENGUA_ULN/Cell:eNodeB Function Name=PI_UIO_VILLALENGUAL21, Local Cell ID=1, Cell Name=PI_UIO_VILLALENGUA_1, eNodeB ID=44385, Cell FDD TDD indication=CELL_FDD",Reliable,510.161,11.877
2026-04-10 02:00,60,"PIC_UIO_VILLALENGUA_ULN/Cell:eNodeB Function Name=PI_UIO_VILLALENGUAL21, Local Cell ID=2, Cell Name=PI_UIO_VILLALENGUA_2, eNodeB ID=44385, Cell FDD TDD indication=CELL_FDD",Reliable,237.301,26.787
2026-04-10 02:00,60,"PI_UIO_SANTA_RITA(3G)_UL/Cell:eNodeB Function Name=PI_UIO_SANTA_RITA(3G)_L, Local Cell ID=1, Cell Name=PI_UIO_SANTA_RITA(3G)_1, eNodeB ID=44044, Cell FDD TDD indication=CELL_FDD",Reliable,737.809,54.211
2026-04-10 02:00,60,"PI_UIO_SANTA_RITA(3G)_UL/Cell:eNodeB Function Name=PI_UIO_SANTA_RITA(3G)_L, Local Cell ID=2, Cell Name=PI_UIO_SANTA_RITA(3G)_2, eNodeB ID=44044, Cell FDD TDD indication=CELL_FDD",Reliable,133.716,18.568
2026-04-10 02:00,60,"PI_UIO_SANTA_RITA(3G)_UL/Cell:eNodeB Function Name=PI_UIO_SANTA_RITA(3G)_L, Local Cell ID=3, Cell Name=PI_UIO_SANTA_RITA(3G)_3, eNodeB ID=44044, Cell FDD TDD indication=CELL_FDD",Reliable,99.073,6.976
2026-04-10 02:00,60,"PI_UIO_SANTA_RITA(3G)_UL/Cell:eNodeB Function Name=PI_UIO_SANTA_RITA(3G)_L, Local Cell ID=7, Cell Name=PI_UIO_SANTA_RITA(3G)_APT_7, eNodeB ID=44044, Cell FDD TDD indication=CELL_FDD",Reliable,956.913,59.563
2026-04-10 02:00,60,"PI_UIO_SANTA_RITA(3G)_UL/Cell:eNodeB Function Name=PI_UIO_SANTA_RITA(3G)_L, Local Cell ID=8, Cell Name=PI_UIO_SANTA_RITA(3G)_APT_8, eNodeB ID=44044, Cell FDD TDD indication=CELL_FDD",Reliable,21.384,5.9
2026-04-10 02:00,60,"PI_UIO_SANTA_RITA(3G)_UL/Cell:eNodeB Function Name=PI_UIO_SANTA_RITA(3G)_L, Local Cell ID=9, Cell Name=PI_UIO_SANTA_RITA(3G)_APT_9, eNodeB ID=44044, Cell FDD TDD indication=CELL_FDD",Reliable,260.829,24.931
2026-04-10 02:00,60,"PI_UIO_SANTA_RITA(3G)_UL/Cell:eNodeB Function Name=PI_UIO_SANTA_RITA(3G)_L, Local Cell ID=11, Cell Name=PI_UIO_SANTA_RITA(3G)_11, eNodeB ID=44044, Cell FDD TDD indication=CELL_FDD",Reliable,0.66,0.339
2026-04-10 02:00,60,"PI_UIO_SANTA_RITA(3G)_UL/Cell:eNodeB Function Name=PI_UIO_SANTA_RITA(3G)_L, Local Cell ID=12, Cell Name=PI_UIO_SANTA_RITA(3G)_12, eNodeB ID=44044, Cell FDD TDD indication=CELL_FDD",Reliable,0.139,0.179
2026-04-10 02:00,60,"PI_UIO_SANTA_RITA(3G)_UL/Cell:eNodeB Function Name=PI_UIO_SANTA_RITA(3G)_L, Local Cell ID=13, Cell Name=PI_UIO_SANTA_RITA(3G)_13, eNodeB ID=44044, Cell FDD TDD indication=CELL_FDD",Reliable,0.215,0.198
2026-04-10 02:00,60,"PI_UIO_PLAZA_DEL_VALLE_UL/Cell:eNodeB Function Name=PI_UIO_PLAZA_DEL_VALLEL21, Local Cell ID=1, Cell Name=PI_UIO_PLAZA_DEL_VALLE_1, eNodeB ID=44932, Cell FDD TDD indication=CELL_FDD",Reliable,14.877,2.323
2026-04-10 02:00,60,"PI_UIO_PLAZA_DEL_VALLE_UL/Cell:eNodeB Function Name=PI_UIO_PLAZA_DEL_VALLEL21, Local Cell ID=2, Cell Name=PI_UIO_PLAZA_DEL_VALLE_2, eNodeB ID=44932, Cell FDD TDD indication=CELL_FDD",Reliable,48.981,7.04
2026-04-10 02:00,60,"PI_UIO_PLAZA_DEL_VALLE_UL/Cell:eNodeB Function Name=PI_UIO_PLAZA_DEL_VALLEL21, Local Cell ID=3, Cell Name=PI_UIO_PLAZA_DEL_VALLE_3, eNodeB ID=44932, Cell FDD TDD indication=CELL_FDD",Reliable,17.353,0.947
2026-04-10 02:00,60,"PI_UIO_CALDERON_QUIFATEX_UL/Cell:eNodeB Function Name=PI_UIO_CALDERON_QUIFATEX_L, Local Cell ID=1, Cell Name=PI_UIO_CALDERON_QUIFATEX_1, eNodeB ID=44087, Cell FDD TDD indication=CELL_FDD",Reliable,367.894,10.969
2026-04-10 02:00,60,"PI_UIO_CALDERON_QUIFATEX_UL/Cell:eNodeB Function Name=PI_UIO_CALDERON_QUIFATEX_L, Local Cell ID=2, Cell Name=PI_UIO_CALDERON_QUIFATEX_2, eNodeB ID=44087, Cell FDD TDD indication=CELL_FDD",Reliable,138.686,12.054
2026-04-10 02:00,60,"PI_UIO_CALDERON_QUIFATEX_UL/Cell:eNodeB Function Name=PI_UIO_CALDERON_QUIFATEX_L, Local Cell ID=3, Cell Name=PI_UIO_CALDERON_QUIFATEX_3, eNodeB ID=44087, Cell FDD TDD indication=CELL_FDD",Reliable,1484.709,86.338
2026-04-10 02:00,60,"PI_UIO_CALDERON_QUIFATEX_UL/Cell:eNodeB Function Name=PI_UIO_CALDERON_QUIFATEX_L, Local Cell ID=7, Cell Name=PI_UIO_CALDERON_QUIFATEX_APT_7, eNodeB ID=44087, Cell FDD TDD indication=CELL_FDD",Reliable,552.372,27.918
2026-04-10 02:00,60,"PI_UIO_CALDERON_QUIFATEX_UL/Cell:eNodeB Function Name=PI_UIO_CALDERON_QUIFATEX_L, Local Cell ID=8, Cell Name=PI_UIO_CALDERON_QUIFATEX_APT_8, eNodeB ID=44087, Cell FDD TDD indication=CELL_FDD",Reliable,54.324,7.32
2026-04-10 02:00,60,"PI_UIO_CALDERON_QUIFATEX_UL/Cell:eNodeB Function Name=PI_UIO_CALDERON_QUIFATEX_L, Local Cell ID=9, Cell Name=PI_UIO_CALDERON_QUIFATEX_APT_9, eNodeB ID=44087, Cell FDD TDD indication=CELL_FDD",Reliable,1662.078,239.183
2026-04-10 02:00,60,"PI_UIO_CALDERON_QUIFATEX_UL/Cell:eNodeB Function Name=PI_UIO_CALDERON_QUIFATEX_L, Local Cell ID=11, Cell Name=PI_UIO_CALDERON_QUIFATEX_11, eNodeB ID=44087, Cell FDD TDD indication=CELL_FDD",Reliable,0.073,0.069
2026-04-10 02:00,60,"PI_UIO_CALDERON_QUIFATEX_UL/Cell:eNodeB Function Name=PI_UIO_CALDERON_QUIFATEX_L, Local Cell ID=12, Cell Name=PI_UIO_CALDERON_QUIFATEX_12, eNodeB ID=44087, Cell FDD TDD indication=CELL_FDD",Reliable,0.003,0.004
2026-04-10 02:00,60,"PI_UIO_CALDERON_QUIFATEX_UL/Cell:eNodeB Function Name=PI_UIO_CALDERON_QUIFATEX_L, Local Cell ID=13, Cell Name=PI_UIO_CALDERON_QUIFATEX_13, eNodeB ID=44087, Cell FDD TDD indication=CELL_FDD",Reliable,3.305,0.446
2026-04-10 02:00,60,"PI_UIO_CARAPUNGO_UL/Cell:eNodeB Function Name=PI_UIO_CARAPUNGOL21, Local Cell ID=1, Cell Name=PI_UIO_CARAPUNGO_1, eNodeB ID=44090, Cell FDD TDD indication=CELL_FDD",Reliable,907.766,28.799
2026-04-10 02:00,60,"PI_UIO_CARAPUNGO_UL/Cell:eNodeB Function Name=PI_UIO_CARAPUNGOL21, Local Cell ID=2, Cell Name=PI_UIO_CARAPUNGO_2, eNodeB ID=44090, Cell FDD TDD indication=CELL_FDD",Reliable,126.932,13.576
2026-04-10 02:00,60,"PI_UIO_CARAPUNGO_UL/Cell:eNodeB Function Name=PI_UIO_CARAPUNGOL21, Local Cell ID=3, Cell Name=PI_UIO_CARAPUNGO_3, eNodeB ID=44090, Cell FDD TDD indication=CELL_FDD",Reliable,13.623,3.154
2026-04-10 02:00,60,"PIC_UIO_FLORON_TRR_ULN/Cell:eNodeB Function Name=PI_UIO_FLORON_TRR_L, Local Cell ID=1, Cell Name=PI_UIO_FLORON_TRR_1, eNodeB ID=44358, Cell FDD TDD indication=CELL_FDD",Reliable,37.685,5.847
2026-04-10 02:00,60,"PIC_UIO_FLORON_TRR_ULN/Cell:eNodeB Function Name=PI_UIO_FLORON_TRR_L, Local Cell ID=2, Cell Name=PI_UIO_FLORON_TRR_2, eNodeB ID=44358, Cell FDD TDD indication=CELL_FDD",Reliable,18.972,4.507
2026-04-10 02:00,60,"PIC_UIO_FLORON_TRR_ULN/Cell:eNodeB Function Name=PI_UIO_FLORON_TRR_L, Local Cell ID=3, Cell Name=PI_UIO_FLORON_TRR_3, eNodeB ID=44358, Cell FDD TDD indication=CELL_FDD",Reliable,17.375,4.65
2026-04-10 02:00,60,"PIC_UIO_FLORON_TRR_ULN/Cell:eNodeB Function Name=PI_UIO_FLORON_TRR_L, Local Cell ID=11, Cell Name=PI_UIO_FLORON_TRR_11, eNodeB ID=44358, Cell FDD TDD indication=CELL_FDD",Reliable,1.387,0.471
2026-04-10 02:00,60,"PIC_UIO_FLORON_TRR_ULN/Cell:eNodeB Function Name=PI_UIO_FLORON_TRR_L, Local Cell ID=12, Cell Name=PI_UIO_FLORON_TRR_12, eNodeB ID=44358, Cell FDD TDD indication=CELL_FDD",Reliable,0.017,0.044
2026-04-10 02:00,60,"PIC_UIO_FLORON_TRR_ULN/Cell:eNodeB Function Name=PI_UIO_FLORON_TRR_L, Local Cell ID=13, Cell Name=PI_UIO_FLORON_TRR_13, eNodeB ID=44358, Cell FDD TDD indication=CELL_FDD",Reliable,0.081,0.082
2026-04-10 02:00,60,"PI_UIO_CARAPUNGO_NORTE_UL/Cell:eNodeB Function Name=PI_UIO_CARAPUNGO_NORTEL21, Local Cell ID=1, Cell Name=PI_UIO_CARAPUNGO_NORTE_1, eNodeB ID=44089, Cell FDD TDD indication=CELL_FDD",Reliable,17.845,20.136
2026-04-10 02:00,60,"PI_UIO_CARAPUNGO_NORTE_UL/Cell:eNodeB Function Name=PI_UIO_CARAPUNGO_NORTEL21, Local Cell ID=2, Cell Name=PI_UIO_CARAPUNGO_NORTE_2, eNodeB ID=44089, Cell FDD TDD indication=CELL_FDD",Reliable,17.949,14.041
2026-04-10 02:00,60,"PI_UIO_CARAPUNGO_NORTE_UL/Cell:eNodeB Function Name=PI_UIO_CARAPUNGO_NORTEL21, Local Cell ID=3, Cell Name=PI_UIO_CARAPUNGO_NORTE_3, eNodeB ID=44089, Cell FDD TDD indication=CELL_FDD",Reliable,34.018,6.119
2026-04-10 02:00,60,"PI_UIO_CONCHA_ACUSTICA_TRR_UL/Cell:eNodeB Function Name=PI_UIO_CONCHA_ACUSTICA_TRR_L, Local Cell ID=1, Cell Name=PI_UIO_CONCHA_ACUSTICA_TRR_1, eNodeB ID=44293, Cell FDD TDD indication=CELL_FDD",Reliable,56.52,14.901
2026-04-10 02:00,60,"PI_UIO_CONCHA_ACUSTICA_TRR_UL/Cell:eNodeB Function Name=PI_UIO_CONCHA_ACUSTICA_TRR_L, Local Cell ID=2, Cell Name=PI_UIO_CONCHA_ACUSTICA_TRR_2, eNodeB ID=44293, Cell FDD TDD indication=CELL_FDD",Reliable,223.761,46.006
2026-04-10 02:00,60,"PI_UIO_CONCHA_ACUSTICA_TRR_UL/Cell:eNodeB Function Name=PI_UIO_CONCHA_ACUSTICA_TRR_L, Local Cell ID=3, Cell Name=PI_UIO_CONCHA_ACUSTICA_TRR_3, eNodeB ID=44293, Cell FDD TDD indication=CELL_FDD",Reliable,9.95,1.748
2026-04-10 02:00,60,"PI_UIO_CONCHA_ACUSTICA_TRR_UL/Cell:eNodeB Function Name=PI_UIO_CONCHA_ACUSTICA_TRR_L, Local Cell ID=11, Cell Name=PI_UIO_CONCHA_ACUSTICA_TRR_11, eNodeB ID=44293, Cell FDD TDD indication=CELL_FDD",Reliable,5.584,2.407
2026-04-10 02:00,60,"PI_UIO_CONCHA_ACUSTICA_TRR_UL/Cell:eNodeB Function Name=PI_UIO_CONCHA_ACUSTICA_TRR_L, Local Cell ID=12, Cell Name=PI_UIO_CONCHA_ACUSTICA_TRR_12, eNodeB ID=44293, Cell FDD TDD indication=CELL_FDD",Reliable,0.982,0.759
2026-04-10 02:00,60,"PI_UIO_CONCHA_ACUSTICA_TRR_UL/Cell:eNodeB Function Name=PI_UIO_CONCHA_ACUSTICA_TRR_L, Local Cell ID=13, Cell Name=PI_UIO_CONCHA_ACUSTICA_TRR_13, eNodeB ID=44293, Cell FDD TDD indication=CELL_FDD",Reliable,1.585,0.271
2026-04-10 02:00,60,"PIC_UIO_CALDERON_UL/Cell:eNodeB Function Name=PIC_UIO_CALDERON_L, Local Cell ID=1, Cell Name=PIC_UIO_CALDERON_L21_1, eNodeB ID=44049, Cell FDD TDD indication=CELL_FDD",Reliable,305.708,20.717
2026-04-10 02:00,60,"PIC_UIO_CALDERON_UL/Cell:eNodeB Function Name=PIC_UIO_CALDERON_L, Local Cell ID=2, Cell Name=PIC_UIO_CALDERON_L21_2, eNodeB ID=44049, Cell FDD TDD indication=CELL_FDD",Reliable,1383.717,35.212
2026-04-10 02:00,60,"PIC_UIO_CALDERON_UL/Cell:eNodeB Function Name=PIC_UIO_CALDERON_L, Local Cell ID=3, Cell Name=PIC_UIO_CALDERON_L21_3, eNodeB ID=44049, Cell FDD TDD indication=CELL_FDD",Reliable,110.949,23.872
2026-04-10 02:00,60,"PIC_UIO_CALDERON_UL/Cell:eNodeB Function Name=PIC_UIO_CALDERON_L, Local Cell ID=7, Cell Name=PIC_UIO_CALDERON_L7_7, eNodeB ID=44049, Cell FDD TDD indication=CELL_FDD",Reliable,1007.642,66.112
2026-04-10 02:00,60,"PIC_UIO_CALDERON_UL/Cell:eNodeB Function Name=PIC_UIO_CALDERON_L, Local Cell ID=8, Cell Name=PIC_UIO_CALDERON_L7_8, eNodeB ID=44049, Cell FDD TDD indication=CELL_FDD",Reliable,127.697,18.925
2026-04-10 02:00,60,"PIC_UIO_CALDERON_UL/Cell:eNodeB Function Name=PIC_UIO_CALDERON_L, Local Cell ID=9, Cell Name=PIC_UIO_CALDERON_L7_9, eNodeB ID=44049, Cell FDD TDD indication=CELL_FDD",Reliable,398.867,32.199
2026-04-10 02:00,60,"PIC_UIO_CALDERON_UL/Cell:eNodeB Function Name=PIC_UIO_CALDERON_L, Local Cell ID=11, Cell Name=PIC_UIO_CALDERON_L19_11, eNodeB ID=44049, Cell FDD TDD indication=CELL_FDD",Reliable,15.926,4.927
2026-04-10 02:00,60,"PIC_UIO_CALDERON_UL/Cell:eNodeB Function Name=PIC_UIO_CALDERON_L, Local Cell ID=12, Cell Name=PIC_UIO_CALDERON_L19_12, eNodeB ID=44049, Cell FDD TDD indication=CELL_FDD",Reliable,5.49,2.199
2026-04-10 02:00,60,"PIC_UIO_CALDERON_UL/Cell:eNodeB Function Name=PIC_UIO_CALDERON_L, Local Cell ID=13, Cell Name=PIC_UIO_CALDERON_L19_13, eNodeB ID=44049, Cell FDD TDD indication=CELL_FDD",Reliable,0.703,0.151
2026-04-10 02:00,60,"PI_UIO_LLANO_GRANDE_UL/Cell:eNodeB Function Name=PI_UIO_LLANO_GRANDE_L, Local Cell ID=1, Cell Name=PI_UIO_LLANO_GRANDE_1, eNodeB ID=44150, Cell FDD TDD indication=CELL_FDD",Reliable,440.897,30.216
2026-04-10 02:00,60,"PI_UIO_LLANO_GRANDE_UL/Cell:eNodeB Function Name=PI_UIO_LLANO_GRANDE_L, Local Cell ID=2, Cell Name=PI_UIO_LLANO_GRANDE_2, eNodeB ID=44150, Cell FDD TDD indication=CELL_FDD",Reliable,98.538,9.508
2026-04-10 02:00,60,"PI_UIO_LLANO_GRANDE_UL/Cell:eNodeB Function Name=PI_UIO_LLANO_GRANDE_L, Local Cell ID=3, Cell Name=PI_UIO_LLANO_GRANDE_3, eNodeB ID=44150, Cell FDD TDD indication=CELL_FDD",Reliable,85.693,9.618
2026-04-10 02:00,60,"PI_UIO_LLANO_GRANDE_UL/Cell:eNodeB Function Name=PI_UIO_LLANO_GRANDE_L, Local Cell ID=11, Cell Name=PI_UIO_LLANO_GRANDE_11, eNodeB ID=44150, Cell FDD TDD indication=CELL_FDD",Reliable,0.961,0.272
2026-04-10 02:00,60,"PI_UIO_LLANO_GRANDE_UL/Cell:eNodeB Function Name=PI_UIO_LLANO_GRANDE_L, Local Cell ID=12, Cell Name=PI_UIO_LLANO_GRANDE_12, eNodeB ID=44150, Cell FDD TDD indication=CELL_FDD",Reliable,1.601,1.38
2026-04-10 02:00,60,"PI_UIO_LLANO_GRANDE_UL/Cell:eNodeB Function Name=PI_UIO_LLANO_GRANDE_L, Local Cell ID=13, Cell Name=PI_UIO_LLANO_GRANDE_13, eNodeB ID=44150, Cell FDD TDD indication=CELL_FDD",Reliable,0.047,0.096
2026-04-10 02:00,60,"PI_UIO_SAN_ANTONIO_CENTRO_UL/Cell:eNodeB Function Name=PIC_UIO_SAN_ANTONIO_CENTRO_L, Local Cell ID=1, Cell Name=PIC_UIO_SAN_ANTONIO_CENTRO_L21_1, eNodeB ID=44234, Cell FDD TDD indication=CELL_FDD",Reliable,258.24,22.08
2026-04-10 02:00,60,"PI_UIO_SAN_ANTONIO_CENTRO_UL/Cell:eNodeB Function Name=PIC_UIO_SAN_ANTONIO_CENTRO_L, Local Cell ID=2, Cell Name=PIC_UIO_SAN_ANTONIO_CENTRO_L21_2, eNodeB ID=44234, Cell FDD TDD indication=CELL_FDD",Reliable,2.769,1.581
2026-04-10 02:00,60,"PI_UIO_SAN_ANTONIO_CENTRO_UL/Cell:eNodeB Function Name=PIC_UIO_SAN_ANTONIO_CENTRO_L, Local Cell ID=3, Cell Name=PIC_UIO_SAN_ANTONIO_CENTRO_L21_3, eNodeB ID=44234, Cell FDD TDD indication=CELL_FDD",Reliable,3.921,2.702
2026-04-10 02:00,60,"PI_UIO_CARCELEN_JOSEFINOS_UL/Cell:eNodeB Function Name=PI_UIO_CARCELEN_JOSEFINOS_L, Local Cell ID=1, Cell Name=PI_UIO_CARCELEN_JOSEFINOS_1, eNodeB ID=44093, Cell FDD TDD indication=CELL_FDD",Reliable,29.428,7.144
2026-04-10 02:00,60,"PI_UIO_CARCELEN_JOSEFINOS_UL/Cell:eNodeB Function Name=PI_UIO_CARCELEN_JOSEFINOS_L, Local Cell ID=2, Cell Name=PI_UIO_CARCELEN_JOSEFINOS_2, eNodeB ID=44093, Cell FDD TDD indication=CELL_FDD",Reliable,652.396,34.37
2026-04-10 02:00,60,"PI_UIO_CARCELEN_JOSEFINOS_UL/Cell:eNodeB Function Name=PI_UIO_CARCELEN_JOSEFINOS_L, Local Cell ID=3, Cell Name=PI_UIO_CARCELEN_JOSEFINOS_3, eNodeB ID=44093, Cell FDD TDD indication=CELL_FDD",Reliable,48.566,16.82
2026-04-10 02:00,60,"PI_UIO_CARCELEN_JOSEFINOS_UL/Cell:eNodeB Function Name=PI_UIO_CARCELEN_JOSEFINOS_L, Local Cell ID=11, Cell Name=PI_UIO_CARCELEN_JOSEFINOS_11, eNodeB ID=44093, Cell FDD TDD indication=CELL_FDD",Reliable,0.34,0.362
2026-04-10 02:00,60,"PI_UIO_CARCELEN_JOSEFINOS_UL/Cell:eNodeB Function Name=PI_UIO_CARCELEN_JOSEFINOS_L, Local Cell ID=12, Cell Name=PI_UIO_CARCELEN_JOSEFINOS_12, eNodeB ID=44093, Cell FDD TDD indication=CELL_FDD",Reliable,4.3,1.547
2026-04-10 02:00,60,"PI_UIO_CARCELEN_JOSEFINOS_UL/Cell:eNodeB Function Name=PI_UIO_CARCELEN_JOSEFINOS_L, Local Cell ID=13, Cell Name=PI_UIO_CARCELEN_JOSEFINOS_13, eNodeB ID=44093, Cell FDD TDD indication=CELL_FDD",Reliable,0.225,0.189
2026-04-10 02:00,60,"PI_UIO_GRANILANDIA_UL/Cell:eNodeB Function Name=PI_UIO_GRANILANDIA_L, Local Cell ID=1, Cell Name=PI_UIO_GRANILANDIA_1, eNodeB ID=44037, Cell FDD TDD indication=CELL_FDD",Reliable,323.866,11.371
2026-04-10 02:00,60,"PI_UIO_GRANILANDIA_UL/Cell:eNodeB Function Name=PI_UIO_GRANILANDIA_L, Local Cell ID=2, Cell Name=PI_UIO_GRANILANDIA_2, eNodeB ID=44037, Cell FDD TDD indication=CELL_FDD",Reliable,531.702,25.773
2026-04-10 02:00,60,"PI_UIO_GRANILANDIA_UL/Cell:eNodeB Function Name=PI_UIO_GRANILANDIA_L, Local Cell ID=3, Cell Name=PI_UIO_GRANILANDIA_3, eNodeB ID=44037, Cell FDD TDD indication=CELL_FDD",Reliable,263.172,9.012
2026-04-10 02:00,60,"PI_UIO_GRANILANDIA_UL/Cell:eNodeB Function Name=PI_UIO_GRANILANDIA_L, Local Cell ID=7, Cell Name=PI_UIO_GRANILANDIA_APT_7, eNodeB ID=44037, Cell FDD TDD indication=CELL_FDD",Reliable,65.599,9.113
2026-04-10 02:00,60,"PI_UIO_GRANILANDIA_UL/Cell:eNodeB Function Name=PI_UIO_GRANILANDIA_L, Local Cell ID=8, Cell Name=PI_UIO_GRANILANDIA_APT_8, eNodeB ID=44037, Cell FDD TDD indication=CELL_FDD",Reliable,603.039,69.9
2026-04-10 02:00,60,"PI_UIO_GRANILANDIA_UL/Cell:eNodeB Function Name=PI_UIO_GRANILANDIA_L, Local Cell ID=9, Cell Name=PI_UIO_GRANILANDIA_APT_9, eNodeB ID=44037, Cell FDD TDD indication=CELL_FDD",Reliable,40.134,5.543
2026-04-10 02:00,60,"PI_UIO_GRANILANDIA_UL/Cell:eNodeB Function Name=PI_UIO_GRANILANDIA_L, Local Cell ID=11, Cell Name=PI_UIO_GRANILANDIA_11, eNodeB ID=44037, Cell FDD TDD indication=CELL_FDD",Reliable,0,0
2026-04-10 02:00,60,"PI_UIO_GRANILANDIA_UL/Cell:eNodeB Function Name=PI_UIO_GRANILANDIA_L, Local Cell ID=12, Cell Name=PI_UIO_GRANILANDIA_12, eNodeB ID=44037, Cell FDD TDD indication=CELL_FDD",Reliable,3.506,1.108
2026-04-10 02:00,60,"PI_UIO_GRANILANDIA_UL/Cell:eNodeB Function Name=PI_UIO_GRANILANDIA_L, Local Cell ID=13, Cell Name=PI_UIO_GRANILANDIA_13, eNodeB ID=44037, Cell FDD TDD indication=CELL_FDD",Reliable,0,0
2026-04-10 02:00,60,"PIC_UIO_POMASQUI_UL/Cell:eNodeB Function Name=PIC_UIO_POMASQUI_L, Local Cell ID=1, Cell Name=PIC_UIO_POMASQUI_L21_1, eNodeB ID=44177, Cell FDD TDD indication=CELL_FDD",Reliable,7.493,2.891
2026-04-10 02:00,60,"PIC_UIO_POMASQUI_UL/Cell:eNodeB Function Name=PIC_UIO_POMASQUI_L, Local Cell ID=2, Cell Name=PIC_UIO_POMASQUI_L21_2, eNodeB ID=44177, Cell FDD TDD indication=CELL_FDD",Reliable,85.209,8.776
2026-04-10 02:00,60,"PIC_UIO_POMASQUI_UL/Cell:eNodeB Function Name=PIC_UIO_POMASQUI_L, Local Cell ID=3, Cell Name=PIC_UIO_POMASQUI_L21_3, eNodeB ID=44177, Cell FDD TDD indication=CELL_FDD",Reliable,15.975,5.717
2026-04-10 02:00,60,"PIC_UIO_POMASQUI_UL/Cell:eNodeB Function Name=PIC_UIO_POMASQUI_L, Local Cell ID=7, Cell Name=PIC_UIO_POMASQUI_L7_7, eNodeB ID=44177, Cell FDD TDD indication=CELL_FDD",Reliable,538.077,28.717
2026-04-10 02:00,60,"PIC_UIO_POMASQUI_UL/Cell:eNodeB Function Name=PIC_UIO_POMASQUI_L, Local Cell ID=8, Cell Name=PIC_UIO_POMASQUI_L7_8, eNodeB ID=44177, Cell FDD TDD indication=CELL_FDD",Reliable,131.79,11.224
2026-04-10 02:00,60,"PIC_UIO_POMASQUI_UL/Cell:eNodeB Function Name=PIC_UIO_POMASQUI_L, Local Cell ID=9, Cell Name=PIC_UIO_POMASQUI_L7_9, eNodeB ID=44177, Cell FDD TDD indication=CELL_FDD",Reliable,2.733,0.839
2026-04-10 02:00,60,"PI_UIO_RITHER_UL/Cell:eNodeB Function Name=PI_UIO_RITHERL21, Local Cell ID=1, Cell Name=PI_UIO_RITHER_1, eNodeB ID=44246, Cell FDD TDD indication=CELL_FDD",Reliable,26.831,17.045
2026-04-10 02:00,60,"PI_UIO_RITHER_UL/Cell:eNodeB Function Name=PI_UIO_RITHERL21, Local Cell ID=2, Cell Name=PI_UIO_RITHER_2, eNodeB ID=44246, Cell FDD TDD indication=CELL_FDD",Reliable,9.841,0.776
2026-04-10 02:00,60,"ES_ATA_ATACAMES_UL/Cell:eNodeB Function Name=ES_ATA_ATACAMESL21, Local Cell ID=1, Cell Name=ES_ATA_ATACAMES_1, eNodeB ID=44604, Cell FDD TDD indication=CELL_FDD",Reliable,2.728,0.808
2026-04-10 02:00,60,"ES_ATA_ATACAMES_UL/Cell:eNodeB Function Name=ES_ATA_ATACAMESL21, Local Cell ID=2, Cell Name=ES_ATA_ATACAMES_2, eNodeB ID=44604, Cell FDD TDD indication=CELL_FDD",Reliable,79.394,7.334
2026-04-10 02:00,60,"ES_ATA_ATACAMES_UL/Cell:eNodeB Function Name=ES_ATA_ATACAMESL21, Local Cell ID=3, Cell Name=ES_ATA_ATACAMES_3, eNodeB ID=44604, Cell FDD TDD indication=CELL_FDD",Reliable,0.065,0.078
2026-04-10 02:00,60,"ES_ATA_ATACAMES_UL/Cell:eNodeB Function Name=ES_ATA_ATACAMESL21, Local Cell ID=7, Cell Name=ES_ATA_ATACAMES_APT_7, eNodeB ID=44604, Cell FDD TDD indication=CELL_FDD",Reliable,52.009,7.796
2026-04-10 02:00,60,"ES_ATA_ATACAMES_UL/Cell:eNodeB Function Name=ES_ATA_ATACAMESL21, Local Cell ID=8, Cell Name=ES_ATA_ATACAMES_APT_8, eNodeB ID=44604, Cell FDD TDD indication=CELL_FDD",Reliable,125.51,9.268
2026-04-10 02:00,60,"ES_ATA_ATACAMES_UL/Cell:eNodeB Function Name=ES_ATA_ATACAMESL21, Local Cell ID=9, Cell Name=ES_ATA_ATACAMES_APT_9, eNodeB ID=44604, Cell FDD TDD indication=CELL_FDD",Reliable,0.706,0.448
2026-04-10 02:00,60,"ES_ATA_TONSUPA_MALECON_UL/Cell:eNodeB Function Name=ES_ATA_TONSUPA_MALECONL21, Local Cell ID=1, Cell Name=ES_ATA_TONSUPA_MALECON_1, eNodeB ID=44610, Cell FDD TDD indication=CELL_FDD",Reliable,127.724,6.695
2026-04-10 02:00,60,"ES_ATA_TONSUPA_MALECON_UL/Cell:eNodeB Function Name=ES_ATA_TONSUPA_MALECONL21, Local Cell ID=2, Cell Name=ES_ATA_TONSUPA_MALECON_2, eNodeB ID=44610, Cell FDD TDD indication=CELL_FDD",Reliable,150.783,42.569
2026-04-10 02:00,60,"ES_ATA_TONSUPA_MALECON_UL/Cell:eNodeB Function Name=ES_ATA_TONSUPA_MALECONL21, Local Cell ID=3, Cell Name=ES_ATA_TONSUPA_MALECON_3, eNodeB ID=44610, Cell FDD TDD indication=CELL_FDD",Reliable,3.165,0.774
2026-04-10 02:00,60,"PIC_UIO_BENALCAZAR_1000_TRR_ULN/Cell:eNodeB Function Name=PIC_UIO_BENALCAZAR_1000_TRR_L, Local Cell ID=1, Cell Name=PIC_UIO_BENALCAZAR_1000_TRR_L21_1, eNodeB ID=44961, Cell FDD TDD indication=CELL_FDD",Reliable,5.993,0.609
2026-04-10 02:00,60,"PIC_UIO_BENALCAZAR_1000_TRR_ULN/Cell:eNodeB Function Name=PIC_UIO_BENALCAZAR_1000_TRR_L, Local Cell ID=2, Cell Name=PIC_UIO_BENALCAZAR_1000_TRR_L21_2, eNodeB ID=44961, Cell FDD TDD indication=CELL_FDD",Reliable,508.932,47.356
2026-04-10 02:00,60,"PIC_UIO_BENALCAZAR_1000_TRR_ULN/Cell:eNodeB Function Name=PIC_UIO_BENALCAZAR_1000_TRR_L, Local Cell ID=3, Cell Name=PIC_UIO_BENALCAZAR_1000_TRR_L21_3, eNodeB ID=44961, Cell FDD TDD indication=CELL_FDD",Reliable,4.902,3.44
2026-04-10 02:00,60,"PIC_UIO_BENALCAZAR_1000_TRR_ULN/Cell:eNodeB Function Name=PIC_UIO_BENALCAZAR_1000_TRR_L, Local Cell ID=11, Cell Name=PIC_UIO_BENALCAZAR_1000_TRR_L19_11, eNodeB ID=44961, Cell FDD TDD indication=CELL_FDD",Reliable,0.251,0.013
2026-04-10 02:00,60,"PIC_UIO_BENALCAZAR_1000_TRR_ULN/Cell:eNodeB Function Name=PIC_UIO_BENALCAZAR_1000_TRR_L, Local Cell ID=12, Cell Name=PIC_UIO_BENALCAZAR_1000_TRR_L19_12, eNodeB ID=44961, Cell FDD TDD indication=CELL_FDD",Reliable,0.395,0.049
2026-04-10 02:00,60,"PIC_UIO_BENALCAZAR_1000_TRR_ULN/Cell:eNodeB Function Name=PIC_UIO_BENALCAZAR_1000_TRR_L, Local Cell ID=13, Cell Name=PIC_UIO_BENALCAZAR_1000_TRR_L19_13, eNodeB ID=44961, Cell FDD TDD indication=CELL_FDD",Reliable,0.126,0.092
2026-04-10 02:00,60,"ES_ATA_ATACAMES_CENTRO_UL/Cell:eNodeB Function Name=ESM_ATA_ATACAMES_CENTRO_L, Local Cell ID=1, Cell Name=ESM_ATA_ATACAMES_CENTRO_L21_1, eNodeB ID=44609, Cell FDD TDD indication=CELL_FDD",Reliable,17.124,1.087
2026-04-10 02:00,60,"ES_ATA_ATACAMES_CENTRO_UL/Cell:eNodeB Function Name=ESM_ATA_ATACAMES_CENTRO_L, Local Cell ID=2, Cell Name=ESM_ATA_ATACAMES_CENTRO_L21_2, eNodeB ID=44609, Cell FDD TDD indication=CELL_FDD",Reliable,8.654,2.586
2026-04-10 02:00,60,"ES_ATA_ATACAMES_CENTRO_UL/Cell:eNodeB Function Name=ESM_ATA_ATACAMES_CENTRO_L, Local Cell ID=3, Cell Name=ESM_ATA_ATACAMES_CENTRO_L21_3, eNodeB ID=44609, Cell FDD TDD indication=CELL_FDD",Reliable,751.595,81.024
2026-04-10 02:00,60,"ES_ESM_ESMERALDAS_CENTRO_UL/Cell:eNodeB Function Name=ES_ESM_ESMERALDAS_CENTROL21, Local Cell ID=1, Cell Name=ES_ESM_ESMERALDAS_CENTRO_1, eNodeB ID=44600, Cell FDD TDD indication=CELL_FDD",Reliable,63.025,3.932
2026-04-10 02:00,60,"ES_ESM_ESMERALDAS_CENTRO_UL/Cell:eNodeB Function Name=ES_ESM_ESMERALDAS_CENTROL21, Local Cell ID=2, Cell Name=ES_ESM_ESMERALDAS_CENTRO_2, eNodeB ID=44600, Cell FDD TDD indication=CELL_FDD",Reliable,87.42,9.709
2026-04-10 02:00,60,"ES_ESM_ESMERALDAS_CENTRO_UL/Cell:eNodeB Function Name=ES_ESM_ESMERALDAS_CENTROL21, Local Cell ID=3, Cell Name=ES_ESM_ESMERALDAS_CENTRO_3, eNodeB ID=44600, Cell FDD TDD indication=CELL_FDD",Reliable,292.008,32.379
2026-04-10 02:00,60,"ES_ESM_ESMERALDAS_CENTRO_UL/Cell:eNodeB Function Name=ES_ESM_ESMERALDAS_CENTROL21, Local Cell ID=7, Cell Name=ES_ESM_ESMERALDAS_CENTRO_APT_7, eNodeB ID=44600, Cell FDD TDD indication=CELL_FDD",Reliable,485.307,12.39
2026-04-10 02:00,60,"ES_ESM_ESMERALDAS_CENTRO_UL/Cell:eNodeB Function Name=ES_ESM_ESMERALDAS_CENTROL21, Local Cell ID=8, Cell Name=ES_ESM_ESMERALDAS_CENTRO_APT_8, eNodeB ID=44600, Cell FDD TDD indication=CELL_FDD",Reliable,542.064,32.618
2026-04-10 02:00,60,"ES_ESM_ESMERALDAS_CENTRO_UL/Cell:eNodeB Function Name=ES_ESM_ESMERALDAS_CENTROL21, Local Cell ID=9, Cell Name=ES_ESM_ESMERALDAS_CENTRO_APT_9, eNodeB ID=44600, Cell FDD TDD indication=CELL_FDD",Reliable,61.095,3.859
2026-04-10 02:00,60,"ES_ESM_CNT_CENTRAL_UL/Cell:eNodeB Function Name=ES_ESM_CNT_CENTRALL21, Local Cell ID=1, Cell Name=ES_ESM_CNT_CENTRAL_1, eNodeB ID=44606, Cell FDD TDD indication=CELL_FDD",Reliable,0.217,1.679
2026-04-10 02:00,60,"ES_ESM_CNT_CENTRAL_UL/Cell:eNodeB Function Name=ES_ESM_CNT_CENTRALL21, Local Cell ID=2, Cell Name=ES_ESM_CNT_CENTRAL_2, eNodeB ID=44606, Cell FDD TDD indication=CELL_FDD",Reliable,14.374,2.8
2026-04-10 02:00,60,"ES_ESM_CNT_CENTRAL_UL/Cell:eNodeB Function Name=ES_ESM_CNT_CENTRALL21, Local Cell ID=3, Cell Name=ES_ESM_CNT_CENTRAL_3, eNodeB ID=44606, Cell FDD TDD indication=CELL_FDD",Reliable,0.217,1.984
2026-04-10 02:00,60,"TU_AMB_COL_BOLIVAR_UL/Cell:eNodeB Function Name=TU_AMB_COL_BOLIVARL21, Local Cell ID=1, Cell Name=TU_AMB_COL_BOLIVAR_1, eNodeB ID=44466, Cell FDD TDD indication=CELL_FDD",Reliable,152.47,14.707
2026-04-10 02:00,60,"TU_AMB_COL_BOLIVAR_UL/Cell:eNodeB Function Name=TU_AMB_COL_BOLIVARL21, Local Cell ID=2, Cell Name=TU_AMB_COL_BOLIVAR_2, eNodeB ID=44466, Cell FDD TDD indication=CELL_FDD",Reliable,26.05,3.542
2026-04-10 02:00,60,"TU_AMB_COL_BOLIVAR_UL/Cell:eNodeB Function Name=TU_AMB_COL_BOLIVARL21, Local Cell ID=3, Cell Name=TU_AMB_COL_BOLIVAR_3, eNodeB ID=44466, Cell FDD TDD indication=CELL_FDD",Reliable,493.068,35.7
2026-04-10 02:00,60,"TUN_AMB_LETAMENDI_ULN/Cell:eNodeB Function Name=TU_AMB_LETAMENDIL21, Local Cell ID=1, Cell Name=TU_AMB_LETAMENDI_1, eNodeB ID=44515, Cell FDD TDD indication=CELL_FDD",Reliable,38.903,6.549
2026-04-10 02:00,60,"TUN_AMB_LETAMENDI_ULN/Cell:eNodeB Function Name=TU_AMB_LETAMENDIL21, Local Cell ID=2, Cell Name=TU_AMB_LETAMENDI_2, eNodeB ID=44515, Cell FDD TDD indication=CELL_FDD",Reliable,19.387,2.8
2026-04-10 02:00,60,"TU_AMB_CASINO_COUB_UL/Cell:eNodeB Function Name=TU_AMB_CASINO_COUBL21, Local Cell ID=1, Cell Name=TU_AMB_CASINO_COUB_1, eNodeB ID=44485, Cell FDD TDD indication=CELL_FDD",Reliable,87.553,3.932
2026-04-10 02:00,60,"TU_AMB_CASINO_COUB_UL/Cell:eNodeB Function Name=TU_AMB_CASINO_COUBL21, Local Cell ID=2, Cell Name=TU_AMB_CASINO_COUB_2, eNodeB ID=44485, Cell FDD TDD indication=CELL_FDD",Reliable,39.581,9.01
2026-04-10 02:00,60,"TU_AMB_CASINO_COUB_UL/Cell:eNodeB Function Name=TU_AMB_CASINO_COUBL21, Local Cell ID=3, Cell Name=TU_AMB_CASINO_COUB_3, eNodeB ID=44485, Cell FDD TDD indication=CELL_FDD",Reliable,9.594,1.865
2026-04-10 02:00,60,"TU_AMB_COLISEO_DEPORTES_UL/Cell:eNodeB Function Name=TU_AMB_COLISEO_DEPORTESL21, Local Cell ID=1, Cell Name=TU_AMB_COLISEO_DEPORTES_1, eNodeB ID=44467, Cell FDD TDD indication=CELL_FDD",Reliable,198.765,18.172
2026-04-10 02:00,60,"TU_AMB_COLISEO_DEPORTES_UL/Cell:eNodeB Function Name=TU_AMB_COLISEO_DEPORTESL21, Local Cell ID=2, Cell Name=TU_AMB_COLISEO_DEPORTES_2, eNodeB ID=44467, Cell FDD TDD indication=CELL_FDD",Reliable,333.335,13.918
2026-04-10 02:00,60,"TU_AMB_COLISEO_DEPORTES_UL/Cell:eNodeB Function Name=TU_AMB_COLISEO_DEPORTESL21, Local Cell ID=3, Cell Name=TU_AMB_COLISEO_DEPORTES_3, eNodeB ID=44467, Cell FDD TDD indication=CELL_FDD",Reliable,35.044,3.26
2026-04-10 02:00,60,"TU_AMB_ECU_911_UL/Cell:eNodeB Function Name=TU_AMB_ECU_911L21, Local Cell ID=1, Cell Name=TU_AMB_ECU_911_1, eNodeB ID=44511, Cell FDD TDD indication=CELL_FDD",Reliable,89.04,5.12
2026-04-10 02:00,60,"TU_AMB_ECU_911_UL/Cell:eNodeB Function Name=TU_AMB_ECU_911L21, Local Cell ID=2, Cell Name=TU_AMB_ECU_911_2, eNodeB ID=44511, Cell FDD TDD indication=CELL_FDD",Reliable,486.855,10.522
2026-04-10 02:00,60,"TU_AMB_ECU_911_UL/Cell:eNodeB Function Name=TU_AMB_ECU_911L21, Local Cell ID=3, Cell Name=TU_AMB_ECU_911_3, eNodeB ID=44511, Cell FDD TDD indication=CELL_FDD",Reliable,299.405,32.767
2026-04-10 02:00,60,"TU_AMB_HUACHI_SOLIS_TRR_UL/Cell:eNodeB Function Name=TU_AMB_HUACHI_SOLIS_TRRL21, Local Cell ID=1, Cell Name=TU_AMB_HUACHI_SOLIS_TRR_1, eNodeB ID=44805, Cell FDD TDD indication=CELL_FDD",Reliable,60.108,9.531
2026-04-10 02:00,60,"TU_AMB_HUACHI_SOLIS_TRR_UL/Cell:eNodeB Function Name=TU_AMB_HUACHI_SOLIS_TRRL21, Local Cell ID=2, Cell Name=TU_AMB_HUACHI_SOLIS_TRR_2, eNodeB ID=44805, Cell FDD TDD indication=CELL_FDD",Reliable,656.808,37.669
2026-04-10 02:00,60,"TU_AMB_HUACHI_SOLIS_TRR_UL/Cell:eNodeB Function Name=TU_AMB_HUACHI_SOLIS_TRRL21, Local Cell ID=3, Cell Name=TU_AMB_HUACHI_SOLIS_TRR_3, eNodeB ID=44805, Cell FDD TDD indication=CELL_FDD",Reliable,1288.788,65.166
2026-04-10 02:00,60,"IM_IBA_EL_EJIDO_UL/Cell:eNodeB Function Name=IM_IBA_EL_EJIDOL21, Local Cell ID=1, Cell Name=IM_IBA_EL_EJIDO_1, eNodeB ID=44717, Cell FDD TDD indication=CELL_FDD",Reliable,42.861,5.81
2026-04-10 02:00,60,"IM_IBA_EL_EJIDO_UL/Cell:eNodeB Function Name=IM_IBA_EL_EJIDOL21, Local Cell ID=2, Cell Name=IM_IBA_EL_EJIDO_2, eNodeB ID=44717, Cell FDD TDD indication=CELL_FDD",Reliable,2.019,2.381
2026-04-10 02:00,60,"IM_IBA_EL_EJIDO_UL/Cell:eNodeB Function Name=IM_IBA_EL_EJIDOL21, Local Cell ID=3, Cell Name=IM_IBA_EL_EJIDO_3, eNodeB ID=44717, Cell FDD TDD indication=CELL_FDD",Reliable,74.887,18.355
2026-04-10 02:00,60,"IM_IBA_TERMINAL_TERRESTRE_UL/Cell:eNodeB Function Name=IM_IBA_TERMINAL_TERRESTREL21, Local Cell ID=1, Cell Name=IM_IBA_TERMINAL_TERRESTRE_1, eNodeB ID=44718, Cell FDD TDD indication=CELL_FDD",Reliable,82.973,9.079
2026-04-10 02:00,60,"IM_IBA_TERMINAL_TERRESTRE_UL/Cell:eNodeB Function Name=IM_IBA_TERMINAL_TERRESTREL21, Local Cell ID=2, Cell Name=IM_IBA_TERMINAL_TERRESTRE_2, eNodeB ID=44718, Cell FDD TDD indication=CELL_FDD",Reliable,290.131,11.913
2026-04-10 02:00,60,"IM_IBA_TERMINAL_TERRESTRE_UL/Cell:eNodeB Function Name=IM_IBA_TERMINAL_TERRESTREL21, Local Cell ID=3, Cell Name=IM_IBA_TERMINAL_TERRESTRE_3, eNodeB ID=44718, Cell FDD TDD indication=CELL_FDD",Reliable,132.79,8.827
2026-04-10 02:00,60,"IM_IBA_PLAZOLETA_UL/Cell:eNodeB Function Name=IM_IBA_PLAZOLETAL21, Local Cell ID=1, Cell Name=IM_IBA_PLAZOLETA_1, eNodeB ID=44756, Cell FDD TDD indication=CELL_FDD",Reliable,113.835,11.36
2026-04-10 02:00,60,"IM_IBA_PLAZOLETA_UL/Cell:eNodeB Function Name=IM_IBA_PLAZOLETAL21, Local Cell ID=2, Cell Name=IM_IBA_PLAZOLETA_2, eNodeB ID=44756, Cell FDD TDD indication=CELL_FDD",Reliable,189.284,12.717
2026-04-10 02:00,60,"IM_IBA_PLAZOLETA_UL/Cell:eNodeB Function Name=IM_IBA_PLAZOLETAL21, Local Cell ID=3, Cell Name=IM_IBA_PLAZOLETA_3, eNodeB ID=44756, Cell FDD TDD indication=CELL_FDD",Reliable,20.858,8.004
2026-04-10 02:00,60,"IM_IBA_U_CATOLICA_UL/Cell:eNodeB Function Name=IM_IBA_U_CATOLICAL21, Local Cell ID=1, Cell Name=IM_IBA_U_CATOLICA_1, eNodeB ID=44722, Cell FDD TDD indication=CELL_FDD",Reliable,0.547,0.571
2026-04-10 02:00,60,"IM_IBA_U_CATOLICA_UL/Cell:eNodeB Function Name=IM_IBA_U_CATOLICAL21, Local Cell ID=2, Cell Name=IM_IBA_U_CATOLICA_2, eNodeB ID=44722, Cell FDD TDD indication=CELL_FDD",Reliable,26.555,13.476
2026-04-10 02:00,60,"IM_IBA_U_CATOLICA_UL/Cell:eNodeB Function Name=IM_IBA_U_CATOLICAL21, Local Cell ID=3, Cell Name=IM_IBA_U_CATOLICA_3, eNodeB ID=44722, Cell FDD TDD indication=CELL_FDD",Reliable,44.437,2.736
2026-04-10 02:00,60,"IM_IBA_TEODORO_GOMEZ_UL/Cell:eNodeB Function Name=IMB_IBA_TEODORO_GOMEZ_L, Local Cell ID=1, Cell Name=IMB_IBA_TEODORO_GOMEZ_L21_1, eNodeB ID=44720, Cell FDD TDD indication=CELL_FDD",Reliable,270.665,31.166
2026-04-10 02:00,60,"IM_IBA_TEODORO_GOMEZ_UL/Cell:eNodeB Function Name=IMB_IBA_TEODORO_GOMEZ_L, Local Cell ID=2, Cell Name=IMB_IBA_TEODORO_GOMEZ_L21_2, eNodeB ID=44720, Cell FDD TDD indication=CELL_FDD",Reliable,95.374,12.118
2026-04-10 02:00,60,"IM_IBA_TEODORO_GOMEZ_UL/Cell:eNodeB Function Name=IMB_IBA_TEODORO_GOMEZ_L, Local Cell ID=3, Cell Name=IMB_IBA_TEODORO_GOMEZ_L21_3, eNodeB ID=44720, Cell FDD TDD indication=CELL_FDD",Reliable,15.35,2.924
2026-04-10 02:00,60,"IM_IBA_IBARRA_SUR_UL/Cell:eNodeB Function Name=IM_IBA_IBARRA_SURL21, Local Cell ID=1, Cell Name=IM_IBA_IBARRA_SUR_1, eNodeB ID=44714, Cell FDD TDD indication=CELL_FDD",Reliable,194.34,59.157
2026-04-10 02:00,60,"IM_IBA_IBARRA_SUR_UL/Cell:eNodeB Function Name=IM_IBA_IBARRA_SURL21, Local Cell ID=2, Cell Name=IM_IBA_IBARRA_SUR_2, eNodeB ID=44714, Cell FDD TDD indication=CELL_FDD",Reliable,3.988,1.4
2026-04-10 02:00,60,"IM_IBA_IBARRA_SUR_UL/Cell:eNodeB Function Name=IM_IBA_IBARRA_SURL21, Local Cell ID=3, Cell Name=IM_IBA_IBARRA_SUR_3, eNodeB ID=44714, Cell FDD TDD indication=CELL_FDD",Reliable,187.517,13.752
2026-04-10 02:00,60,"IM_IBA_AZAYA_NORTE_UL/Cell:eNodeB Function Name=IM_IBA_AZAYA_NORTEL21, Local Cell ID=1, Cell Name=IM_IBA_AZAYA_NORTE_1, eNodeB ID=44721, Cell FDD TDD indication=CELL_FDD",Reliable,52.149,10.565
2026-04-10 02:00,60,"IM_IBA_AZAYA_NORTE_UL/Cell:eNodeB Function Name=IM_IBA_AZAYA_NORTEL21, Local Cell ID=2, Cell Name=IM_IBA_AZAYA_NORTE_2, eNodeB ID=44721, Cell FDD TDD indication=CELL_FDD",Reliable,215.621,6.509
2026-04-10 02:00,60,"IM_IBA_AZAYA_NORTE_UL/Cell:eNodeB Function Name=IM_IBA_AZAYA_NORTEL21, Local Cell ID=3, Cell Name=IM_IBA_AZAYA_NORTE_3, eNodeB ID=44721, Cell FDD TDD indication=CELL_FDD",Reliable,7.931,3.977
2026-04-10 02:00,60,"IM_IBA_COOP_CHOFERES_UL/Cell:eNodeB Function Name=IM_IBA_COOP_CHOFERESL21, Local Cell ID=1, Cell Name=IM_IBA_COOP_CHOFERES_1, eNodeB ID=44716, Cell FDD TDD indication=CELL_FDD",Reliable,122.481,13.312
2026-04-10 02:00,60,"IM_IBA_COOP_CHOFERES_UL/Cell:eNodeB Function Name=IM_IBA_COOP_CHOFERESL21, Local Cell ID=2, Cell Name=IM_IBA_COOP_CHOFERES_2, eNodeB ID=44716, Cell FDD TDD indication=CELL_FDD",Reliable,32.779,7.904
2026-04-10 02:00,60,"IM_IBA_COOP_CHOFERES_UL/Cell:eNodeB Function Name=IM_IBA_COOP_CHOFERESL21, Local Cell ID=3, Cell Name=IM_IBA_COOP_CHOFERES_3, eNodeB ID=44716, Cell FDD TDD indication=CELL_FDD",Reliable,33.818,9.294
2026-04-10 02:00,60,"IM_IBA_ESTADIO_UL/Cell:eNodeB Function Name=IM_IBA_ESTADIOL21, Local Cell ID=1, Cell Name=IM_IBA_ESTADIO_1, eNodeB ID=44730, Cell FDD TDD indication=CELL_FDD",Reliable,45.589,6.052
2026-04-10 02:00,60,"IM_IBA_ESTADIO_UL/Cell:eNodeB Function Name=IM_IBA_ESTADIOL21, Local Cell ID=2, Cell Name=IM_IBA_ESTADIO_2, eNodeB ID=44730, Cell FDD TDD indication=CELL_FDD",Reliable,96.146,6.077
2026-04-10 02:00,60,"IM_IBA_ESTADIO_UL/Cell:eNodeB Function Name=IM_IBA_ESTADIOL21, Local Cell ID=3, Cell Name=IM_IBA_ESTADIO_3, eNodeB ID=44730, Cell FDD TDD indication=CELL_FDD",Reliable,199.351,9.44
2026-04-10 02:00,60,"ES_ESM_ESMERALDAS_NORTE_UL/Cell:eNodeB Function Name=ES_ESM_ESMERALDAS_NORTEL21, Local Cell ID=1, Cell Name=ES_ESM_NORTE_1, eNodeB ID=44615, Cell FDD TDD indication=CELL_FDD",Reliable,66.705,166.973
2026-04-10 02:00,60,"ES_ESM_ESMERALDAS_NORTE_UL/Cell:eNodeB Function Name=ES_ESM_ESMERALDAS_NORTEL21, Local Cell ID=2, Cell Name=ES_ESM_NORTE_2, eNodeB ID=44615, Cell FDD TDD indication=CELL_FDD",Reliable,273.066,18.158
2026-04-10 02:00,60,"ES_ESM_ESMERALDAS_NORTE_UL/Cell:eNodeB Function Name=ES_ESM_ESMERALDAS_NORTEL21, Local Cell ID=3, Cell Name=ES_ESM_NORTE_3, eNodeB ID=44615, Cell FDD TDD indication=CELL_FDD",Reliable,8.1,50.549
2026-04-10 02:00,60,"ES_ESM_3(REFINERIA)_UL/Cell:eNodeB Function Name=ES_ESM_3(REFINERIA)L21, Local Cell ID=1, Cell Name=ES_ESM_3(REFINERIA)_1, eNodeB ID=44617, Cell FDD TDD indication=CELL_FDD",Reliable,362.865,31.779
2026-04-10 02:00,60,"ES_ESM_3(REFINERIA)_UL/Cell:eNodeB Function Name=ES_ESM_3(REFINERIA)L21, Local Cell ID=2, Cell Name=ES_ESM_3(REFINERIA)_2, eNodeB ID=44617, Cell FDD TDD indication=CELL_FDD",Reliable,496.202,52.315
2026-04-10 02:00,60,"ES_ESM_3(REFINERIA)_UL/Cell:eNodeB Function Name=ES_ESM_3(REFINERIA)L21, Local Cell ID=3, Cell Name=ES_ESM_3(REFINERIA)_3, eNodeB ID=44617, Cell FDD TDD indication=CELL_FDD",Reliable,477.288,42.065
2026-04-10 02:00,60,"ES_ESM_3(REFINERIA)_UL/Cell:eNodeB Function Name=ES_ESM_3(REFINERIA)L21, Local Cell ID=4, Cell Name=ES_ESM_3(REFINERIA)_4, eNodeB ID=44617, Cell FDD TDD indication=CELL_FDD",Reliable,210.999,4.371
2026-04-10 02:00,60,"ES_ESM_3(REFINERIA)_UL/Cell:eNodeB Function Name=ES_ESM_3(REFINERIA)L21, Local Cell ID=7, Cell Name=ES_ESM_3(REFINERIA)_APT_7, eNodeB ID=44617, Cell FDD TDD indication=CELL_FDD",Reliable,270.928,12.9
2026-04-10 02:00,60,"ES_ESM_3(REFINERIA)_UL/Cell:eNodeB Function Name=ES_ESM_3(REFINERIA)L21, Local Cell ID=8, Cell Name=ES_ESM_3(REFINERIA)_APT_8, eNodeB ID=44617, Cell FDD TDD indication=CELL_FDD",Reliable,215.173,23.126
2026-04-10 02:00,60,"ES_ESM_3(REFINERIA)_UL/Cell:eNodeB Function Name=ES_ESM_3(REFINERIA)L21, Local Cell ID=9, Cell Name=ES_ESM_3(REFINERIA)_APT_9, eNodeB ID=44617, Cell FDD TDD indication=CELL_FDD",Reliable,58.791,11.163
2026-04-10 02:00,60,"ES_ESM_PALMAS_UL/Cell:eNodeB Function Name=ES_ESM_PALMASL21, Local Cell ID=1, Cell Name=ES_ESM_PALMAS_1, eNodeB ID=44601, Cell FDD TDD indication=CELL_FDD",Reliable,1197.633,57.887
2026-04-10 02:00,60,"ES_ESM_PALMAS_UL/Cell:eNodeB Function Name=ES_ESM_PALMASL21, Local Cell ID=2, Cell Name=ES_ESM_PALMAS_2, eNodeB ID=44601, Cell FDD TDD indication=CELL_FDD",Reliable,81.789,9.475
2026-04-10 02:00,60,"ES_ESM_PALMAS_UL/Cell:eNodeB Function Name=ES_ESM_PALMASL21, Local Cell ID=3, Cell Name=ES_ESM_PALMAS_3, eNodeB ID=44601, Cell FDD TDD indication=CELL_FDD",Reliable,154.606,38.893
2026-04-10 02:00,60,"ES_ESM_PALMAS_UL/Cell:eNodeB Function Name=ES_ESM_PALMASL21, Local Cell ID=7, Cell Name=ES_ESM_PALMAS_APT_7, eNodeB ID=44601, Cell FDD TDD indication=CELL_FDD",Reliable,1254.456,408.783
2026-04-10 02:00,60,"ES_ESM_PALMAS_UL/Cell:eNodeB Function Name=ES_ESM_PALMASL21, Local Cell ID=8, Cell Name=ES_ESM_PALMAS_APT_8, eNodeB ID=44601, Cell FDD TDD indication=CELL_FDD",Reliable,12.949,3.337
2026-04-10 02:00,60,"ES_ESM_PALMAS_UL/Cell:eNodeB Function Name=ES_ESM_PALMASL21, Local Cell ID=9, Cell Name=ES_ESM_PALMAS_APT_9, eNodeB ID=44601, Cell FDD TDD indication=CELL_FDD",Reliable,2.842,2.437
2026-04-10 02:00,60,"ES_ATA_SAME_UL/Cell:eNodeB Function Name=ES_ATA_SAMEL21, Local Cell ID=1, Cell Name=ES_ATA_SAME_1, eNodeB ID=44605, Cell FDD TDD indication=CELL_FDD",Reliable,0.944,0.547
2026-04-10 02:00,60,"ES_ATA_SAME_UL/Cell:eNodeB Function Name=ES_ATA_SAMEL21, Local Cell ID=2, Cell Name=ES_ATA_SAME_2, eNodeB ID=44605, Cell FDD TDD indication=CELL_FDD",Reliable,16.296,4.935
2026-04-10 02:00,60,"ES_ATA_SAME_UL/Cell:eNodeB Function Name=ES_ATA_SAMEL21, Local Cell ID=3, Cell Name=ES_ATA_SAME_3, eNodeB ID=44605, Cell FDD TDD indication=CELL_FDD",Reliable,2.243,0.475
2026-04-10 02:00,60,"PI_UIO_MERCADO_MAYORISTA_UL/Cell:eNodeB Function Name=PI_UIO_MERCADO_MAYORISTAL21, Local Cell ID=1, Cell Name=PI_UIO_MERCADO_MAYORISTA_1, eNodeB ID=44251, Cell FDD TDD indication=CELL_FDD",Reliable,7.289,2.475
2026-04-10 02:00,60,"PI_UIO_MERCADO_MAYORISTA_UL/Cell:eNodeB Function Name=PI_UIO_MERCADO_MAYORISTAL21, Local Cell ID=2, Cell Name=PI_UIO_MERCADO_MAYORISTA_2, eNodeB ID=44251, Cell FDD TDD indication=CELL_FDD",Reliable,13.627,4.059
2026-04-10 02:00,60,"PI_UIO_MERCADO_MAYORISTA_UL/Cell:eNodeB Function Name=PI_UIO_MERCADO_MAYORISTAL21, Local Cell ID=3, Cell Name=PI_UIO_MERCADO_MAYORISTA_3, eNodeB ID=44251, Cell FDD TDD indication=CELL_FDD",Reliable,165.554,12.666
2026-04-10 02:00,60,"PI_UIO_CINCO_DE_JUNIO_UL/Cell:eNodeB Function Name=PI_UIO_CINCO_DE_JUNIO_UL, Local Cell ID=1, Cell Name=PI_UIO_CINCO_DE_JUNIO_1, eNodeB ID=44341, Cell FDD TDD indication=CELL_FDD",Reliable,43.483,4.591
2026-04-10 02:00,60,"PI_UIO_CINCO_DE_JUNIO_UL/Cell:eNodeB Function Name=PI_UIO_CINCO_DE_JUNIO_UL, Local Cell ID=2, Cell Name=PI_UIO_CINCO_DE_JUNIO_2, eNodeB ID=44341, Cell FDD TDD indication=CELL_FDD",Reliable,0.2,0.265
2026-04-10 02:00,60,"PI_UIO_CINCO_DE_JUNIO_UL/Cell:eNodeB Function Name=PI_UIO_CINCO_DE_JUNIO_UL, Local Cell ID=3, Cell Name=PI_UIO_CINCO_DE_JUNIO_3, eNodeB ID=44341, Cell FDD TDD indication=CELL_FDD",Reliable,163.82,5.899
2026-04-10 02:00,60,"ES_ATA_TONSUPA_UL/Cell:eNodeB Function Name=ES_ATA_TONSUPAL21, Local Cell ID=1, Cell Name=ES_ATA_TONSUPA_1, eNodeB ID=44603, Cell FDD TDD indication=CELL_FDD",Reliable,0,0
2026-04-10 02:00,60,"ES_ATA_TONSUPA_UL/Cell:eNodeB Function Name=ES_ATA_TONSUPAL21, Local Cell ID=2, Cell Name=ES_ATA_TONSUPA_2, eNodeB ID=44603, Cell FDD TDD indication=CELL_FDD",Reliable,0,0
2026-04-10 02:00,60,"ES_ATA_TONSUPA_UL/Cell:eNodeB Function Name=ES_ATA_TONSUPAL21, Local Cell ID=3, Cell Name=ES_ATA_TONSUPA_3, eNodeB ID=44603, Cell FDD TDD indication=CELL_FDD",Reliable,0,0
2026-04-10 02:00,60,"ES_ATA_CASTELNOVO_UL/Cell:eNodeB Function Name=ES_ATA_CASTELNOVOL21, Local Cell ID=1, Cell Name=ES_ATA_CASTELNOVO_1, eNodeB ID=44626, Cell FDD TDD indication=CELL_FDD",Reliable,155.805,8.63
2026-04-10 02:00,60,"ES_ATA_CASTELNOVO_UL/Cell:eNodeB Function Name=ES_ATA_CASTELNOVOL21, Local Cell ID=2, Cell Name=ES_ATA_CASTELNOVO_2, eNodeB ID=44626, Cell FDD TDD indication=CELL_FDD",Reliable,91.238,3.248
2026-04-10 02:00,60,"ES_ATA_CASTELNOVO_UL/Cell:eNodeB Function Name=ES_ATA_CASTELNOVOL21, Local Cell ID=3, Cell Name=ES_ATA_CASTELNOVO_3, eNodeB ID=44626, Cell FDD TDD indication=CELL_FDD",Reliable,14.916,3.289
2026-04-10 02:00,60,"ES_ATA_CASTELNOVO_UL/Cell:eNodeB Function Name=ES_ATA_CASTELNOVOL21, Local Cell ID=7, Cell Name=ES_ATA_CASTELNOVO_APT_7, eNodeB ID=44626, Cell FDD TDD indication=CELL_FDD",Reliable,44.38,5.142
2026-04-10 02:00,60,"ES_ATA_CASTELNOVO_UL/Cell:eNodeB Function Name=ES_ATA_CASTELNOVOL21, Local Cell ID=8, Cell Name=ES_ATA_CASTELNOVO_APT_8, eNodeB ID=44626, Cell FDD TDD indication=CELL_FDD",Reliable,98.041,9.993
2026-04-10 02:00,60,"ES_ATA_CASTELNOVO_UL/Cell:eNodeB Function Name=ES_ATA_CASTELNOVOL21, Local Cell ID=9, Cell Name=ES_ATA_CASTELNOVO_APT_9, eNodeB ID=44626, Cell FDD TDD indication=CELL_FDD",Reliable,1064.572,118.42
2026-04-10 02:00,60,"PI_UIO_LA_INTERNACIONAL_UL/Cell:eNodeB Function Name=PI_UIO_LA_INTERNACIONAL_L, Local Cell ID=1, Cell Name=PIC_UIO_LA_INTERNACIONAL_L21_1, eNodeB ID=44222, Cell FDD TDD indication=CELL_FDD",Reliable,153.374,10.44
2026-04-10 02:00,60,"PI_UIO_LA_INTERNACIONAL_UL/Cell:eNodeB Function Name=PI_UIO_LA_INTERNACIONAL_L, Local Cell ID=2, Cell Name=PIC_UIO_LA_INTERNACIONAL_L21_2, eNodeB ID=44222, Cell FDD TDD indication=CELL_FDD",Reliable,14.986,3.22
2026-04-10 02:00,60,"PI_UIO_LA_INTERNACIONAL_UL/Cell:eNodeB Function Name=PI_UIO_LA_INTERNACIONAL_L, Local Cell ID=3, Cell Name=PIC_UIO_LA_INTERNACIONAL_L21_3, eNodeB ID=44222, Cell FDD TDD indication=CELL_FDD",Reliable,127.169,213.304
2026-04-10 02:00,60,"PI_UIO_LA_INTERNACIONAL_UL/Cell:eNodeB Function Name=PI_UIO_LA_INTERNACIONAL_L, Local Cell ID=11, Cell Name=PIC_UIO_LA_INTERNACIONAL_L19_11, eNodeB ID=44222, Cell FDD TDD indication=CELL_FDD",Reliable,5.065,2.502
2026-04-10 02:00,60,"PI_UIO_LA_INTERNACIONAL_UL/Cell:eNodeB Function Name=PI_UIO_LA_INTERNACIONAL_L, Local Cell ID=12, Cell Name=PIC_UIO_LA_INTERNACIONAL_L19_12, eNodeB ID=44222, Cell FDD TDD indication=CELL_FDD",Reliable,5.158,3.014
2026-04-10 02:00,60,"PI_UIO_LA_INTERNACIONAL_UL/Cell:eNodeB Function Name=PI_UIO_LA_INTERNACIONAL_L, Local Cell ID=13, Cell Name=PIC_UIO_LA_INTERNACIONAL_L19_13, eNodeB ID=44222, Cell FDD TDD indication=CELL_FDD",Reliable,0.02,0.03
2026-04-10 02:00,60,"ES_ESM_PARAISO_UL/Cell:eNodeB Function Name=ES_ESM_PARAISOL21, Local Cell ID=1, Cell Name=ES_ESM_PARAISO_1, eNodeB ID=44635, Cell FDD TDD indication=CELL_FDD",Reliable,133.384,9.097
2026-04-10 02:00,60,"ES_ESM_PARAISO_UL/Cell:eNodeB Function Name=ES_ESM_PARAISOL21, Local Cell ID=2, Cell Name=ES_ESM_PARAISO_2, eNodeB ID=44635, Cell FDD TDD indication=CELL_FDD",Reliable,310.468,25.327
2026-04-10 02:00,60,"ES_ESM_PARAISO_UL/Cell:eNodeB Function Name=ES_ESM_PARAISOL21, Local Cell ID=3, Cell Name=ES_ESM_PARAISO_3, eNodeB ID=44635, Cell FDD TDD indication=CELL_FDD",Reliable,85.921,4.918
2026-04-10 02:00,60,"ES_ESM_PARAISO_UL/Cell:eNodeB Function Name=ES_ESM_PARAISOL21, Local Cell ID=7, Cell Name=ES_ESM_PARAISO_APT_7, eNodeB ID=44635, Cell FDD TDD indication=CELL_FDD",Reliable,2828.013,333.382
2026-04-10 02:00,60,"ES_ESM_PARAISO_UL/Cell:eNodeB Function Name=ES_ESM_PARAISOL21, Local Cell ID=8, Cell Name=ES_ESM_PARAISO_APT_8, eNodeB ID=44635, Cell FDD TDD indication=CELL_FDD",Reliable,2.361,0.62
2026-04-10 02:00,60,"ES_ESM_PARAISO_UL/Cell:eNodeB Function Name=ES_ESM_PARAISOL21, Local Cell ID=9, Cell Name=ES_ESM_PARAISO_APT_9, eNodeB ID=44635, Cell FDD TDD indication=CELL_FDD",Reliable,1.862,0.72
2026-04-10 02:00,60,"PI_UIO_GUANGOPOLO_UL/Cell:eNodeB Function Name=PI_UIO_GUANGOPOLOL21, Local Cell ID=1, Cell Name=PI_UIO_GUANGOPOLO_1, eNodeB ID=44230, Cell FDD TDD indication=CELL_FDD",Reliable,115.042,12.44
2026-04-10 02:00,60,"PI_UIO_GUANGOPOLO_UL/Cell:eNodeB Function Name=PI_UIO_GUANGOPOLOL21, Local Cell ID=2, Cell Name=PI_UIO_GUANGOPOLO_2, eNodeB ID=44230, Cell FDD TDD indication=CELL_FDD",Reliable,120.25,9.171
2026-04-10 02:00,60,"PI_UIO_GUANGOPOLO_UL/Cell:eNodeB Function Name=PI_UIO_GUANGOPOLOL21, Local Cell ID=3, Cell Name=PI_UIO_GUANGOPOLO_3, eNodeB ID=44230, Cell FDD TDD indication=CELL_FDD",Reliable,67.418,6.949
2026-04-10 02:00,60,"PI_UIO_GUANGOPOLO_UL/Cell:eNodeB Function Name=PI_UIO_GUANGOPOLOL21, Local Cell ID=7, Cell Name=PI_UIO_GUANGOPOLO_APT_7, eNodeB ID=44230, Cell FDD TDD indication=CELL_FDD",Reliable,12.929,3.275
2026-04-10 02:00,60,"PI_UIO_GUANGOPOLO_UL/Cell:eNodeB Function Name=PI_UIO_GUANGOPOLOL21, Local Cell ID=8, Cell Name=PI_UIO_GUANGOPOLO_APT_8, eNodeB ID=44230, Cell FDD TDD indication=CELL_FDD",Reliable,0.54,0.147
2026-04-10 02:00,60,"PI_UIO_GUANGOPOLO_UL/Cell:eNodeB Function Name=PI_UIO_GUANGOPOLOL21, Local Cell ID=9, Cell Name=PI_UIO_GUANGOPOLO_APT_9, eNodeB ID=44230, Cell FDD TDD indication=CELL_FDD",Reliable,114.768,12.664
2026-04-10 02:00,60,"PI_UIO_NAZACOTA_UL/Cell:eNodeB Function Name=PI_UIO_NAZACOTAL_L, Local Cell ID=1, Cell Name=PI_UIO_NAZACOTA_1, eNodeB ID=44304, Cell FDD TDD indication=CELL_FDD",Reliable,15.734,61.555
2026-04-10 02:00,60,"PI_UIO_NAZACOTA_UL/Cell:eNodeB Function Name=PI_UIO_NAZACOTAL_L, Local Cell ID=2, Cell Name=PI_UIO_NAZACOTA_2, eNodeB ID=44304, Cell FDD TDD indication=CELL_FDD",Reliable,81.846,5.337
2026-04-10 02:00,60,"PI_UIO_NAZACOTA_UL/Cell:eNodeB Function Name=PI_UIO_NAZACOTAL_L, Local Cell ID=3, Cell Name=PI_UIO_NAZACOTA_3, eNodeB ID=44304, Cell FDD TDD indication=CELL_FDD",Reliable,0.319,0.183
2026-04-10 02:00,60,"PI_UIO_NAZACOTA_UL/Cell:eNodeB Function Name=PI_UIO_NAZACOTAL_L, Local Cell ID=12, Cell Name=PI_UIO_NAZACOTA_12, eNodeB ID=44304, Cell FDD TDD indication=CELL_FDD",Reliable,3.781,0.923
2026-04-10 02:00,60,"PI_UIO_NAZACOTA_UL/Cell:eNodeB Function Name=PI_UIO_NAZACOTAL_L, Local Cell ID=13, Cell Name=PI_UIO_NAZACOTA_13, eNodeB ID=44304, Cell FDD TDD indication=CELL_FDD",Reliable,0.015,0.054
2026-04-10 02:00,60,"PI_UIO_NAZACOTA_UL/Cell:eNodeB Function Name=PI_UIO_NAZACOTAL_L, Local Cell ID=11, Cell Name=PI_UIO_NAZACOTA_11, eNodeB ID=44304, Cell FDD TDD indication=CELL_FDD",Reliable,1.161,0.539
2026-04-10 02:00,60,"ES_ESM_POTOSI_UL/Cell:eNodeB Function Name=ES_ESM_POTOSIL21, Local Cell ID=1, Cell Name=ES_ESM_POTOSI_1, eNodeB ID=44607, Cell FDD TDD indication=CELL_FDD",Reliable,8.528,1.611
2026-04-10 02:00,60,"ES_ESM_POTOSI_UL/Cell:eNodeB Function Name=ES_ESM_POTOSIL21, Local Cell ID=2, Cell Name=ES_ESM_POTOSI_2, eNodeB ID=44607, Cell FDD TDD indication=CELL_FDD",Reliable,709.477,74.906
2026-04-10 02:00,60,"ES_ESM_POTOSI_UL/Cell:eNodeB Function Name=ES_ESM_POTOSIL21, Local Cell ID=3, Cell Name=ES_ESM_POTOSI_3, eNodeB ID=44607, Cell FDD TDD indication=CELL_FDD",Reliable,14.321,4.816
2026-04-10 02:00,60,"PI_UIO_SANGOLQUI_SUR_UL/Cell:eNodeB Function Name=PI_UIO_SANGOLQUI_SURL21, Local Cell ID=1, Cell Name=PI_UIO_SANGOLQUI_SUR_1, eNodeB ID=44199, Cell FDD TDD indication=CELL_FDD",Reliable,615.68,30.6
2026-04-10 02:00,60,"PI_UIO_SANGOLQUI_SUR_UL/Cell:eNodeB Function Name=PI_UIO_SANGOLQUI_SURL21, Local Cell ID=2, Cell Name=PI_UIO_SANGOLQUI_SUR_2, eNodeB ID=44199, Cell FDD TDD indication=CELL_FDD",Reliable,232.228,12.773
2026-04-10 02:00,60,"PI_UIO_SANGOLQUI_SUR_UL/Cell:eNodeB Function Name=PI_UIO_SANGOLQUI_SURL21, Local Cell ID=3, Cell Name=PI_UIO_SANGOLQUI_SUR_3, eNodeB ID=44199, Cell FDD TDD indication=CELL_FDD",Reliable,131.854,15.371
2026-04-10 02:00,60,"PI_UIO_ESTADIO_DEL_AUCAS_UL/Cell:eNodeB Function Name=PI_UIO_ESTADIO_DEL_AUCAS_L, Local Cell ID=1, Cell Name=PI_UIO_ESTADIO_DEL_AUCAS_1, eNodeB ID=44232, Cell FDD TDD indication=CELL_FDD",Reliable,24.607,3.506
2026-04-10 02:00,60,"PI_UIO_ESTADIO_DEL_AUCAS_UL/Cell:eNodeB Function Name=PI_UIO_ESTADIO_DEL_AUCAS_L, Local Cell ID=2, Cell Name=PI_UIO_ESTADIO_DEL_AUCAS_2, eNodeB ID=44232, Cell FDD TDD indication=CELL_FDD",Reliable,8.039,3.832
2026-04-10 02:00,60,"PI_UIO_ESTADIO_DEL_AUCAS_UL/Cell:eNodeB Function Name=PI_UIO_ESTADIO_DEL_AUCAS_L, Local Cell ID=3, Cell Name=PI_UIO_ESTADIO_DEL_AUCAS_3, eNodeB ID=44232, Cell FDD TDD indication=CELL_FDD",Reliable,15.861,6.552
2026-04-10 02:00,60,"PI_UIO_ESTADIO_DEL_AUCAS_UL/Cell:eNodeB Function Name=PI_UIO_ESTADIO_DEL_AUCAS_L, Local Cell ID=11, Cell Name=PI_UIO_ESTADIO_DEL_AUCAS_11, eNodeB ID=44232, Cell FDD TDD indication=CELL_FDD",Reliable,0.347,0.519
2026-04-10 02:00,60,"PI_UIO_ESTADIO_DEL_AUCAS_UL/Cell:eNodeB Function Name=PI_UIO_ESTADIO_DEL_AUCAS_L, Local Cell ID=12, Cell Name=PI_UIO_ESTADIO_DEL_AUCAS_12, eNodeB ID=44232, Cell FDD TDD indication=CELL_FDD",Reliable,0.008,0.135
2026-04-10 02:00,60,"PI_UIO_ESTADIO_DEL_AUCAS_UL/Cell:eNodeB Function Name=PI_UIO_ESTADIO_DEL_AUCAS_L, Local Cell ID=13, Cell Name=PI_UIO_ESTADIO_DEL_AUCAS_13, eNodeB ID=44232, Cell FDD TDD indication=CELL_FDD",Reliable,0.002,0.006
2026-04-10 02:00,60,"PI_UIO_PIFO_UL/Cell:eNodeB Function Name=PIC_UIO_PIFO_L, Local Cell ID=1, Cell Name=PIC_UIO_PIFO_L21_1, eNodeB ID=44057, Cell FDD TDD indication=CELL_FDD",Reliable,438.085,28.374
2026-04-10 02:00,60,"PI_UIO_PIFO_UL/Cell:eNodeB Function Name=PIC_UIO_PIFO_L, Local Cell ID=2, Cell Name=PIC_UIO_PIFO_L21_2, eNodeB ID=44057, Cell FDD TDD indication=CELL_FDD",Reliable,123.119,12.35
2026-04-10 02:00,60,"PI_UIO_PIFO_UL/Cell:eNodeB Function Name=PIC_UIO_PIFO_L, Local Cell ID=3, Cell Name=PIC_UIO_PIFO_L21_3, eNodeB ID=44057, Cell FDD TDD indication=CELL_FDD",Reliable,367.392,23.663
2026-04-10 02:00,60,"PI_UIO_EL_PORVENIR_UL/Cell:eNodeB Function Name=PI_UIO_EL_PORVENIRL21, Local Cell ID=1, Cell Name=PI_UIO_EL_PORVENIR_1, eNodeB ID=44120, Cell FDD TDD indication=CELL_FDD",Reliable,123.562,21.789
2026-04-10 02:00,60,"PI_UIO_EL_PORVENIR_UL/Cell:eNodeB Function Name=PI_UIO_EL_PORVENIRL21, Local Cell ID=2, Cell Name=PI_UIO_EL_PORVENIR_2, eNodeB ID=44120, Cell FDD TDD indication=CELL_FDD",Reliable,264.379,23.226
2026-04-10 02:00,60,"PI_UIO_ONTANEDA_UL/Cell:eNodeB Function Name=PI_UIO_ONTANEDAL21, Local Cell ID=1, Cell Name=PIC_UIO_ONTANEDA_L21_1, eNodeB ID=44228, Cell FDD TDD indication=CELL_FDD",Reliable,129.051,7.185
2026-04-10 02:00,60,"PI_UIO_ONTANEDA_UL/Cell:eNodeB Function Name=PI_UIO_ONTANEDAL21, Local Cell ID=2, Cell Name=PIC_UIO_ONTANEDA_L21_2, eNodeB ID=44228, Cell FDD TDD indication=CELL_FDD",Reliable,3.85,1.892
2026-04-10 02:00,60,"PI_UIO_ONTANEDA_UL/Cell:eNodeB Function Name=PI_UIO_ONTANEDAL21, Local Cell ID=3, Cell Name=PIC_UIO_ONTANEDA_L21_3, eNodeB ID=44228, Cell FDD TDD indication=CELL_FDD",Reliable,18.854,5.338
2026-04-10 02:00,60,"ES_ESM_ALMENDROS_UL/Cell:eNodeB Function Name=ES_ESM_ALMENDROSL21, Local Cell ID=1, Cell Name=ES_ESM_ALMENDROS_1, eNodeB ID=44616, Cell FDD TDD indication=CELL_FDD",Reliable,0.507,0.461
2026-04-10 02:00,60,"ES_ESM_ALMENDROS_UL/Cell:eNodeB Function Name=ES_ESM_ALMENDROSL21, Local Cell ID=2, Cell Name=ES_ESM_ALMENDROS_2, eNodeB ID=44616, Cell FDD TDD indication=CELL_FDD",Reliable,303.6,7.814
2026-04-10 02:00,60,"ES_ESM_ALMENDROS_UL/Cell:eNodeB Function Name=ES_ESM_ALMENDROSL21, Local Cell ID=3, Cell Name=ES_ESM_ALMENDROS_3, eNodeB ID=44616, Cell FDD TDD indication=CELL_FDD",Reliable,785.682,46.688
2026-04-10 02:00,60,"ES_ATA_TON_PLAYA_ALMENDRO_UL/Cell:eNodeB Function Name=ES_ATA_TON_PLAYA_ALMENDROL21, Local Cell ID=1, Cell Name=ES_ATA_TON_PLAYA_ALMENDRO_1, eNodeB ID=44913, Cell FDD TDD indication=CELL_FDD",Reliable,5.517,0.863
2026-04-10 02:00,60,"ES_ATA_TON_PLAYA_ALMENDRO_UL/Cell:eNodeB Function Name=ES_ATA_TON_PLAYA_ALMENDROL21, Local Cell ID=2, Cell Name=ES_ATA_TON_PLAYA_ALMENDRO_2, eNodeB ID=44913, Cell FDD TDD indication=CELL_FDD",Reliable,114.268,6.514
2026-04-10 02:00,60,"ES_ATA_TON_PLAYA_ALMENDRO_UL/Cell:eNodeB Function Name=ES_ATA_TON_PLAYA_ALMENDROL21, Local Cell ID=3, Cell Name=ES_ATA_TON_PLAYA_ALMENDRO_3, eNodeB ID=44913, Cell FDD TDD indication=CELL_FDD",Reliable,27.778,3.683
2026-04-10 02:00,60,"ES_ATA_TON_PLAYA_ALMENDRO_UL/Cell:eNodeB Function Name=ES_ATA_TON_PLAYA_ALMENDROL21, Local Cell ID=7, Cell Name=ES_ATA_TON_PLAYA_ALMENDRO_APT_7, eNodeB ID=44913, Cell FDD TDD indication=CELL_FDD",Reliable,0.089,0.088
2026-04-10 02:00,60,"ES_ATA_TON_PLAYA_ALMENDRO_UL/Cell:eNodeB Function Name=ES_ATA_TON_PLAYA_ALMENDROL21, Local Cell ID=8, Cell Name=ES_ATA_TON_PLAYA_ALMENDRO_APT_8, eNodeB ID=44913, Cell FDD TDD indication=CELL_FDD",Reliable,3.521,2.116
2026-04-10 02:00,60,"ES_ATA_TON_PLAYA_ALMENDRO_UL/Cell:eNodeB Function Name=ES_ATA_TON_PLAYA_ALMENDROL21, Local Cell ID=9, Cell Name=ES_ATA_TON_PLAYA_ALMENDRO_APT_9, eNodeB ID=44913, Cell FDD TDD indication=CELL_FDD",Reliable,177.714,9.419
2026-04-10 02:00,60,"PI_UIO_NODO_4_PINTADO_3_UL/Cell:eNodeB Function Name=PIC_UIO_NODO_4_PINTADO_3_L, Local Cell ID=1, Cell Name=PIC_UIO_NODO_4_PINTADO_3_L21_1, eNodeB ID=44253, Cell FDD TDD indication=CELL_FDD",Reliable,28.44,7.286
2026-04-10 02:00,60,"PI_UIO_NODO_4_PINTADO_3_UL/Cell:eNodeB Function Name=PIC_UIO_NODO_4_PINTADO_3_L, Local Cell ID=2, Cell Name=PIC_UIO_NODO_4_PINTADO_3_L21_2, eNodeB ID=44253, Cell FDD TDD indication=CELL_FDD",Reliable,124.884,8.913
2026-04-10 02:00,60,"PI_UIO_NODO_4_PINTADO_3_UL/Cell:eNodeB Function Name=PIC_UIO_NODO_4_PINTADO_3_L, Local Cell ID=3, Cell Name=PIC_UIO_NODO_4_PINTADO_3_L21_3, eNodeB ID=44253, Cell FDD TDD indication=CELL_FDD",Reliable,25.717,24.949
2026-04-10 02:00,60,"TU_AMB_AMERICAN_PARK_UL/Cell:eNodeB Function Name=TU_AMB_AMERICAN_PARKL21, Local Cell ID=1, Cell Name=TU_AMB_AMERICAN_PARK_1, eNodeB ID=44472, Cell FDD TDD indication=CELL_FDD",Reliable,40.657,14.883
2026-04-10 02:00,60,"TU_AMB_AMERICAN_PARK_UL/Cell:eNodeB Function Name=TU_AMB_AMERICAN_PARKL21, Local Cell ID=2, Cell Name=TU_AMB_AMERICAN_PARK_2, eNodeB ID=44472, Cell FDD TDD indication=CELL_FDD",Reliable,680.03,46.453
2026-04-10 02:00,60,"TU_AMB_AMERICAN_PARK_UL/Cell:eNodeB Function Name=TU_AMB_AMERICAN_PARKL21, Local Cell ID=3, Cell Name=TU_AMB_AMERICAN_PARK_3, eNodeB ID=44472, Cell FDD TDD indication=CELL_FDD",Reliable,34.27,11.038
2026-04-10 02:00,60,"PI_UIO_LA_FLORESTA_UL/Cell:eNodeB Function Name=PI_UIO_LA_FLORESTA_L, Local Cell ID=1, Cell Name=PI_UIO_LA_FLORESTA_1, eNodeB ID=44336, Cell FDD TDD indication=CELL_FDD",Reliable,40.452,5.615
2026-04-10 02:00,60,"PI_UIO_LA_FLORESTA_UL/Cell:eNodeB Function Name=PI_UIO_LA_FLORESTA_L, Local Cell ID=2, Cell Name=PI_UIO_LA_FLORESTA_2, eNodeB ID=44336, Cell FDD TDD indication=CELL_FDD",Reliable,89.376,6.092
2026-04-10 02:00,60,"PI_UIO_LA_FLORESTA_UL/Cell:eNodeB Function Name=PI_UIO_LA_FLORESTA_L, Local Cell ID=3, Cell Name=PI_UIO_LA_FLORESTA_3, eNodeB ID=44336, Cell FDD TDD indication=CELL_FDD",Reliable,226.347,15.307
2026-04-10 02:00,60,"PI_UIO_LA_FLORESTA_UL/Cell:eNodeB Function Name=PI_UIO_LA_FLORESTA_L, Local Cell ID=11, Cell Name=PI_UIO_LA_FLORESTA_11, eNodeB ID=44336, Cell FDD TDD indication=CELL_FDD",Reliable,1.701,0.099
2026-04-10 02:00,60,"PI_UIO_LA_FLORESTA_UL/Cell:eNodeB Function Name=PI_UIO_LA_FLORESTA_L, Local Cell ID=12, Cell Name=PI_UIO_LA_FLORESTA_12, eNodeB ID=44336, Cell FDD TDD indication=CELL_FDD",Reliable,0.975,0.826
2026-04-10 02:00,60,"PI_UIO_LA_FLORESTA_UL/Cell:eNodeB Function Name=PI_UIO_LA_FLORESTA_L, Local Cell ID=13, Cell Name=PI_UIO_LA_FLORESTA_13, eNodeB ID=44336, Cell FDD TDD indication=CELL_FDD",Reliable,1.188,0.662
2026-04-10 02:00,60,"PI_UIO_TEODORO_SALEM_UL/Cell:eNodeB Function Name=PI_UIO_TEODORO_SALEML21, Local Cell ID=1, Cell Name=PI_UIO_TEODORO_SALEM_1, eNodeB ID=44312, Cell FDD TDD indication=CELL_FDD",Reliable,5.074,2.929
2026-04-10 02:00,60,"PI_UIO_TEODORO_SALEM_UL/Cell:eNodeB Function Name=PI_UIO_TEODORO_SALEML21, Local Cell ID=2, Cell Name=PI_UIO_TEODORO_SALEM_2, eNodeB ID=44312, Cell FDD TDD indication=CELL_FDD",Reliable,62.902,11.914
2026-04-10 02:00,60,"PI_UIO_TEODORO_SALEM_UL/Cell:eNodeB Function Name=PI_UIO_TEODORO_SALEML21, Local Cell ID=3, Cell Name=PI_UIO_TEODORO_SALEM_3, eNodeB ID=44312, Cell FDD TDD indication=CELL_FDD",Reliable,185.508,8.063
2026-04-10 02:00,60,"PIC_UIO_SANGOLQUI_CNT_UL/Cell:eNodeB Function Name=PIC_UIO_SANGOLQUI_CNT_L, Local Cell ID=1, Cell Name=PIC_UIO_SANGOLQUI_CNT_L21_1, eNodeB ID=44018, Cell FDD TDD indication=CELL_FDD",Reliable,139.652,40.167
2026-04-10 02:00,60,"PIC_UIO_SANGOLQUI_CNT_UL/Cell:eNodeB Function Name=PIC_UIO_SANGOLQUI_CNT_L, Local Cell ID=2, Cell Name=PIC_UIO_SANGOLQUI_CNT_L21_2, eNodeB ID=44018, Cell FDD TDD indication=CELL_FDD",Reliable,45.425,11.422
2026-04-10 02:00,60,"PIC_UIO_SANGOLQUI_CNT_UL/Cell:eNodeB Function Name=PIC_UIO_SANGOLQUI_CNT_L, Local Cell ID=3, Cell Name=PIC_UIO_SANGOLQUI_CNT_L21_3, eNodeB ID=44018, Cell FDD TDD indication=CELL_FDD",Reliable,327.21,26.258
2026-04-10 02:00,60,"PIC_UIO_SANGOLQUI_CNT_UL/Cell:eNodeB Function Name=PIC_UIO_SANGOLQUI_CNT_L, Local Cell ID=7, Cell Name=PIC_UIO_SANGOLQUI_CNT_L7_7, eNodeB ID=44018, Cell FDD TDD indication=CELL_FDD",Reliable,306.767,24.502
2026-04-10 02:00,60,"PIC_UIO_SANGOLQUI_CNT_UL/Cell:eNodeB Function Name=PIC_UIO_SANGOLQUI_CNT_L, Local Cell ID=8, Cell Name=PIC_UIO_SANGOLQUI_CNT_L7_8, eNodeB ID=44018, Cell FDD TDD indication=CELL_FDD",Reliable,241.981,31.213
2026-04-10 02:00,60,"PIC_UIO_SANGOLQUI_CNT_UL/Cell:eNodeB Function Name=PIC_UIO_SANGOLQUI_CNT_L, Local Cell ID=9, Cell Name=PIC_UIO_SANGOLQUI_CNT_L7_9, eNodeB ID=44018, Cell FDD TDD indication=CELL_FDD",Reliable,596.835,36.478
2026-04-10 02:00,60,"PIC_UIO_SANGOLQUI_CNT_UL/Cell:eNodeB Function Name=PIC_UIO_SANGOLQUI_CNT_L, Local Cell ID=11, Cell Name=PIC_UIO_SANGOLQUI_CNT_L19_11, eNodeB ID=44018, Cell FDD TDD indication=CELL_FDD",Reliable,166.596,128.223
2026-04-10 02:00,60,"PIC_UIO_SANGOLQUI_CNT_UL/Cell:eNodeB Function Name=PIC_UIO_SANGOLQUI_CNT_L, Local Cell ID=12, Cell Name=PIC_UIO_SANGOLQUI_CNT_L19_12, eNodeB ID=44018, Cell FDD TDD indication=CELL_FDD",Reliable,75.544,11.234
2026-04-10 02:00,60,"PIC_UIO_SANGOLQUI_CNT_UL/Cell:eNodeB Function Name=PIC_UIO_SANGOLQUI_CNT_L, Local Cell ID=13, Cell Name=PIC_UIO_SANGOLQUI_CNT_L19_13, eNodeB ID=44018, Cell FDD TDD indication=CELL_FDD",Reliable,152.355,10.309
2026-04-10 02:00,60,"TU_AMB_ESFORCE_TRR_UL/Cell:eNodeB Function Name=TU_AMB_ESFORCE_TRRL21, Local Cell ID=1, Cell Name=TU_AMB_ESFORCE_TRR_1, eNodeB ID=44806, Cell FDD TDD indication=CELL_FDD",Reliable,720.883,56.342
2026-04-10 02:00,60,"TU_AMB_ESFORCE_TRR_UL/Cell:eNodeB Function Name=TU_AMB_ESFORCE_TRRL21, Local Cell ID=2, Cell Name=TU_AMB_ESFORCE_TRR_2, eNodeB ID=44806, Cell FDD TDD indication=CELL_FDD",Reliable,277.912,23.988
2026-04-10 02:00,60,"TU_AMB_ESFORCE_TRR_UL/Cell:eNodeB Function Name=TU_AMB_ESFORCE_TRRL21, Local Cell ID=3, Cell Name=TU_AMB_ESFORCE_TRR_3, eNodeB ID=44806, Cell FDD TDD indication=CELL_FDD",Reliable,6.748,5.284
2026-04-10 02:00,60,"COT_LAT_LATACUNGA_NORTE_UL/Cell:eNodeB Function Name=COT_LAT_LATACUNGA_NORTE_L, Local Cell ID=1, Cell Name=CO_LAT_LATACUNGA_NORTE_1, eNodeB ID=44692, Cell FDD TDD indication=CELL_FDD",Reliable,53.047,6.293
2026-04-10 02:00,60,"COT_LAT_LATACUNGA_NORTE_UL/Cell:eNodeB Function Name=COT_LAT_LATACUNGA_NORTE_L, Local Cell ID=2, Cell Name=CO_LAT_LATACUNGA_NORTE_2, eNodeB ID=44692, Cell FDD TDD indication=CELL_FDD",Reliable,31.56,3.768
2026-04-10 02:00,60,"COT_LAT_LATACUNGA_NORTE_UL/Cell:eNodeB Function Name=COT_LAT_LATACUNGA_NORTE_L, Local Cell ID=3, Cell Name=CO_LAT_LATACUNGA_NORTE_3, eNodeB ID=44692, Cell FDD TDD indication=CELL_FDD",Reliable,2.432,3.711
2026-04-10 02:00,60,"COT_LAT_IESS_UL/Cell:eNodeB Function Name=COT_LAT_IESS_L, Local Cell ID=1, Cell Name=CO_LAT_IESS_1, eNodeB ID=44690, Cell FDD TDD indication=CELL_FDD",Unreliable,490.308,49.16
2026-04-10 02:00,60,"COT_LAT_IESS_UL/Cell:eNodeB Function Name=COT_LAT_IESS_L, Local Cell ID=2, Cell Name=CO_LAT_IESS_2, eNodeB ID=44690, Cell FDD TDD indication=CELL_FDD",Unreliable,19.171,85.14
2026-04-10 02:00,60,"COT_LAT_IESS_UL/Cell:eNodeB Function Name=COT_LAT_IESS_L, Local Cell ID=3, Cell Name=CO_LAT_IESS_3, eNodeB ID=44690, Cell FDD TDD indication=CELL_FDD",Unreliable,311.996,36.565
2026-04-10 02:00,60,"COT_LAT_LATACUNGA(3G)_UL/Cell:eNodeB Function Name=COT_LAT_LATACUNGA(3G)_L, Local Cell ID=1, Cell Name=CO_LAT_LATACUNGA(3G)_1, eNodeB ID=44661, Cell FDD TDD indication=CELL_FDD",Reliable,90.827,18.893
2026-04-10 02:00,60,"COT_LAT_LATACUNGA(3G)_UL/Cell:eNodeB Function Name=COT_LAT_LATACUNGA(3G)_L, Local Cell ID=2, Cell Name=CO_LAT_LATACUNGA(3G)_2, eNodeB ID=44661, Cell FDD TDD indication=CELL_FDD",Reliable,330.442,14.623
2026-04-10 02:00,60,"COT_LAT_LATACUNGA(3G)_UL/Cell:eNodeB Function Name=COT_LAT_LATACUNGA(3G)_L, Local Cell ID=3, Cell Name=CO_LAT_LATACUNGA(3G)_3, eNodeB ID=44661, Cell FDD TDD indication=CELL_FDD",Reliable,5.955,2.699
2026-04-10 02:00,60,"COT_LAT_LATACUNGA(3G)_UL/Cell:eNodeB Function Name=COT_LAT_LATACUNGA(3G)_L, Local Cell ID=7, Cell Name=CO_LAT_LATACUNGA(3G)_APT_7, eNodeB ID=44661, Cell FDD TDD indication=CELL_FDD",Reliable,19.25,15.183
2026-04-10 02:00,60,"COT_LAT_LATACUNGA(3G)_UL/Cell:eNodeB Function Name=COT_LAT_LATACUNGA(3G)_L, Local Cell ID=8, Cell Name=CO_LAT_LATACUNGA(3G)_APT_8, eNodeB ID=44661, Cell FDD TDD indication=CELL_FDD",Reliable,222.737,16.306
2026-04-10 02:00,60,"COT_LAT_LATACUNGA(3G)_UL/Cell:eNodeB Function Name=COT_LAT_LATACUNGA(3G)_L, Local Cell ID=9, Cell Name=CO_LAT_LATACUNGA(3G)_APT_9, eNodeB ID=44661, Cell FDD TDD indication=CELL_FDD",Reliable,53.1,3.831
2026-04-10 02:00,60,"COT_LAT_AEROPUERTO_UL/Cell:eNodeB Function Name=COT_LAT_AEROPUERTO_L, Local Cell ID=1, Cell Name=CO_LAT_AEROPUERTO_1, eNodeB ID=44664, Cell FDD TDD indication=CELL_FDD",Reliable,266.143,25.423
2026-04-10 02:00,60,"COT_LAT_AEROPUERTO_UL/Cell:eNodeB Function Name=COT_LAT_AEROPUERTO_L, Local Cell ID=2, Cell Name=CO_LAT_AEROPUERTO_2, eNodeB ID=44664, Cell FDD TDD indication=CELL_FDD",Reliable,49.697,4.64
2026-04-10 02:00,60,"COT_LAT_AEROPUERTO_UL/Cell:eNodeB Function Name=COT_LAT_AEROPUERTO_L, Local Cell ID=3, Cell Name=CO_LAT_AEROPUERTO_3, eNodeB ID=44664, Cell FDD TDD indication=CELL_FDD",Reliable,84.15,7.483
2026-04-10 02:00,60,"COT_LAT_AEROPUERTO_UL/Cell:eNodeB Function Name=COT_LAT_AEROPUERTO_L, Local Cell ID=7, Cell Name=CO_LAT_AEROPUERTO_APT_7, eNodeB ID=44664, Cell FDD TDD indication=CELL_FDD",Reliable,47.758,20.255
2026-04-10 02:00,60,"COT_LAT_AEROPUERTO_UL/Cell:eNodeB Function Name=COT_LAT_AEROPUERTO_L, Local Cell ID=8, Cell Name=CO_LAT_AEROPUERTO_APT_8, eNodeB ID=44664, Cell FDD TDD indication=CELL_FDD",Reliable,10.073,1.483
2026-04-10 02:00,60,"COT_LAT_AEROPUERTO_UL/Cell:eNodeB Function Name=COT_LAT_AEROPUERTO_L, Local Cell ID=9, Cell Name=CO_LAT_AEROPUERTO_APT_9, eNodeB ID=44664, Cell FDD TDD indication=CELL_FDD",Reliable,305.706,42.315
2026-04-10 02:00,60,"PI_UIO_CLINICA_SAN_RAFAEL_TRR_UL/Cell:eNodeB Function Name=PIC_UIO_CLINICA_SAN_RAFAEL_TRR_L, Local Cell ID=1, Cell Name=PIC_UIO_CLINICA_SAN_RAFAEL_TRR_L21_1, eNodeB ID=44807, Cell FDD TDD indication=CELL_FDD",Reliable,67.651,4.605
2026-04-10 02:00,60,"PI_UIO_CLINICA_SAN_RAFAEL_TRR_UL/Cell:eNodeB Function Name=PIC_UIO_CLINICA_SAN_RAFAEL_TRR_L, Local Cell ID=2, Cell Name=PIC_UIO_CLINICA_SAN_RAFAEL_TRR_L21_2, eNodeB ID=44807, Cell FDD TDD indication=CELL_FDD",Reliable,78.552,5.995
2026-04-10 02:00,60,"PI_UIO_CLINICA_SAN_RAFAEL_TRR_UL/Cell:eNodeB Function Name=PIC_UIO_CLINICA_SAN_RAFAEL_TRR_L, Local Cell ID=3, Cell Name=PIC_UIO_CLINICA_SAN_RAFAEL_TRR_L21_3, eNodeB ID=44807, Cell FDD TDD indication=CELL_FDD",Reliable,73.686,16.627
2026-04-10 02:00,60,"PI_UIO_SERAPIO_JAPERABI_UL/Cell:eNodeB Function Name=PI_UIO_SERAPIO_JAPERABIL21, Local Cell ID=1, Cell Name=PI_UIO_SERAPIO_JAPERABI_1, eNodeB ID=44243, Cell FDD TDD indication=CELL_FDD",Reliable,33.61,4.014
2026-04-10 02:00,60,"PI_UIO_SERAPIO_JAPERABI_UL/Cell:eNodeB Function Name=PI_UIO_SERAPIO_JAPERABIL21, Local Cell ID=2, Cell Name=PI_UIO_SERAPIO_JAPERABI_2, eNodeB ID=44243, Cell FDD TDD indication=CELL_FDD",Reliable,74.965,1.409
2026-04-10 02:00,60,"PI_UIO_SERAPIO_JAPERABI_UL/Cell:eNodeB Function Name=PI_UIO_SERAPIO_JAPERABIL21, Local Cell ID=3, Cell Name=PI_UIO_SERAPIO_JAPERABI_3, eNodeB ID=44243, Cell FDD TDD indication=CELL_FDD",Reliable,39.31,4.143
2026-04-10 02:00,60,"PI_UIO_LA_TOLA_BAJA_UL/Cell:eNodeB Function Name=PI_UIO_LA_TOLA_BAJAL21, Local Cell ID=1, Cell Name=PI_UIO_LA_TOLA_BAJA_1, eNodeB ID=44147, Cell FDD TDD indication=CELL_FDD",Reliable,42.224,5.005
2026-04-10 02:00,60,"PI_UIO_LA_TOLA_BAJA_UL/Cell:eNodeB Function Name=PI_UIO_LA_TOLA_BAJAL21, Local Cell ID=2, Cell Name=PI_UIO_LA_TOLA_BAJA_2, eNodeB ID=44147, Cell FDD TDD indication=CELL_FDD",Reliable,135.892,10.644
2026-04-10 02:00,60,"PI_UIO_LA_TOLA_BAJA_UL/Cell:eNodeB Function Name=PI_UIO_LA_TOLA_BAJAL21, Local Cell ID=3, Cell Name=PI_UIO_LA_TOLA_BAJA_3, eNodeB ID=44147, Cell FDD TDD indication=CELL_FDD",Reliable,106.24,7.019
2026-04-10 02:00,60,"PI_UIO_LA_TOLA_BAJA_UL/Cell:eNodeB Function Name=PI_UIO_LA_TOLA_BAJAL21, Local Cell ID=7, Cell Name=PI_UIO_LA_TOLA_BAJA_APT_7, eNodeB ID=44147, Cell FDD TDD indication=CELL_FDD",Reliable,18.312,3.358
2026-04-10 02:00,60,"PI_UIO_LA_TOLA_BAJA_UL/Cell:eNodeB Function Name=PI_UIO_LA_TOLA_BAJAL21, Local Cell ID=8, Cell Name=PI_UIO_LA_TOLA_BAJA_APT_8, eNodeB ID=44147, Cell FDD TDD indication=CELL_FDD",Reliable,19.402,3.02
2026-04-10 02:00,60,"PI_UIO_LA_TOLA_BAJA_UL/Cell:eNodeB Function Name=PI_UIO_LA_TOLA_BAJAL21, Local Cell ID=9, Cell Name=PI_UIO_LA_TOLA_BAJA_APT_9, eNodeB ID=44147, Cell FDD TDD indication=CELL_FDD",Reliable,53.313,4.032
2026-04-10 02:00,60,"SD_SD_NODO_1_STD4(VIA_QUEVEDO)_UL/Cell:eNodeB Function Name=SD_SD_NODO_1_STD4(VIA_QUEVEDO)L21, Local Cell ID=1, Cell Name=SD_SD_NODO_1_STD4(VIA_QUEVEDO)_1, eNodeB ID=44784, Cell FDD TDD indication=CELL_FDD",Reliable,123.364,14.693
2026-04-10 02:00,60,"SD_SD_NODO_1_STD4(VIA_QUEVEDO)_UL/Cell:eNodeB Function Name=SD_SD_NODO_1_STD4(VIA_QUEVEDO)L21, Local Cell ID=2, Cell Name=SD_SD_NODO_1_STD4(VIA_QUEVEDO)_2, eNodeB ID=44784, Cell FDD TDD indication=CELL_FDD",Reliable,158.171,19.446
2026-04-10 02:00,60,"SD_SD_NODO_1_STD4(VIA_QUEVEDO)_UL/Cell:eNodeB Function Name=SD_SD_NODO_1_STD4(VIA_QUEVEDO)L21, Local Cell ID=3, Cell Name=SD_SD_NODO_1_STD4(VIA_QUEVEDO)_3, eNodeB ID=44784, Cell FDD TDD indication=CELL_FDD",Reliable,44.779,30.172
2026-04-10 02:00,60,"SD_SD_NODO_1_STD4(VIA_QUEVEDO)_UL/Cell:eNodeB Function Name=SD_SD_NODO_1_STD4(VIA_QUEVEDO)L21, Local Cell ID=7, Cell Name=SD_SD_NODO_1_STD4(VIA_QUEVEDO)_APT_7, eNodeB ID=44784, Cell FDD TDD indication=CELL_FDD",Reliable,80.067,17.128
2026-04-10 02:00,60,"SD_SD_NODO_1_STD4(VIA_QUEVEDO)_UL/Cell:eNodeB Function Name=SD_SD_NODO_1_STD4(VIA_QUEVEDO)L21, Local Cell ID=8, Cell Name=SD_SD_NODO_1_STD4(VIA_QUEVEDO)_APT_8, eNodeB ID=44784, Cell FDD TDD indication=CELL_FDD",Reliable,94.802,13.622
2026-04-10 02:00,60,"SD_SD_NODO_1_STD4(VIA_QUEVEDO)_UL/Cell:eNodeB Function Name=SD_SD_NODO_1_STD4(VIA_QUEVEDO)L21, Local Cell ID=9, Cell Name=SD_SD_NODO_1_STD4(VIA_QUEVEDO)_APT_9, eNodeB ID=44784, Cell FDD TDD indication=CELL_FDD",Reliable,252.774,34.173
2026-04-10 02:00,60,"SD_SD_NODO_1_STD4(COCA_COLA)_UL/Cell:eNodeB Function Name=SD_SD_NODO_1_STD4(COCA_COLA)L21, Local Cell ID=1, Cell Name=SD_SD_NODO_1_STD4(COCA_COLA)_1, eNodeB ID=44783, Cell FDD TDD indication=CELL_FDD",Reliable,91.755,14.543
2026-04-10 02:00,60,"SD_SD_NODO_1_STD4(COCA_COLA)_UL/Cell:eNodeB Function Name=SD_SD_NODO_1_STD4(COCA_COLA)L21, Local Cell ID=2, Cell Name=SD_SD_NODO_1_STD4(COCA_COLA)_2, eNodeB ID=44783, Cell FDD TDD indication=CELL_FDD",Reliable,27.175,2.809
2026-04-10 02:00,60,"SD_SD_NODO_1_STD4(COCA_COLA)_UL/Cell:eNodeB Function Name=SD_SD_NODO_1_STD4(COCA_COLA)L21, Local Cell ID=3, Cell Name=SD_SD_NODO_1_STD4(COCA_COLA)_3, eNodeB ID=44783, Cell FDD TDD indication=CELL_FDD",Reliable,5.368,3.937
2026-04-10 02:00,60,"COT_LAT_U_TECNICA_UL/Cell:eNodeB Function Name=COT_LAT_U_TECNICA_L, Local Cell ID=1, Cell Name=CO_LAT_U_TECNICA_1, eNodeB ID=44693, Cell FDD TDD indication=CELL_FDD",Reliable,188.996,36.266
2026-04-10 02:00,60,"COT_LAT_U_TECNICA_UL/Cell:eNodeB Function Name=COT_LAT_U_TECNICA_L, Local Cell ID=2, Cell Name=CO_LAT_U_TECNICA_2, eNodeB ID=44693, Cell FDD TDD indication=CELL_FDD",Reliable,148.724,6.685
2026-04-10 02:00,60,"COT_LAT_U_TECNICA_UL/Cell:eNodeB Function Name=COT_LAT_U_TECNICA_L, Local Cell ID=3, Cell Name=CO_LAT_U_TECNICA_3, eNodeB ID=44693, Cell FDD TDD indication=CELL_FDD",Reliable,597.609,22.862
2026-04-10 02:00,60,"PI_UIO_SELVA_ALEGRE(3G)_UL/Cell:eNodeB Function Name=PI_UIO_SELVA_ALEGRE(3G)L21, Local Cell ID=1, Cell Name=PI_UIO_SELVA_ALEGRE(3G)_1, eNodeB ID=44277, Cell FDD TDD indication=CELL_FDD",Reliable,18.557,1.118
2026-04-10 02:00,60,"PI_UIO_SELVA_ALEGRE(3G)_UL/Cell:eNodeB Function Name=PI_UIO_SELVA_ALEGRE(3G)L21, Local Cell ID=2, Cell Name=PI_UIO_SELVA_ALEGRE(3G)_2, eNodeB ID=44277, Cell FDD TDD indication=CELL_FDD",Reliable,280.581,13.267
2026-04-10 02:00,60,"PI_UIO_SELVA_ALEGRE(3G)_UL/Cell:eNodeB Function Name=PI_UIO_SELVA_ALEGRE(3G)L21, Local Cell ID=3, Cell Name=PI_UIO_SELVA_ALEGRE(3G)_3, eNodeB ID=44277, Cell FDD TDD indication=CELL_FDD",Reliable,0.279,0.236
2026-04-10 02:00,60,"PIC_UIO_TUMBACO_ULN/Cell:eNodeB Function Name=PI_UIO_TUMBACOL21, Local Cell ID=1, Cell Name=PI_UIO_TUMBACO_1, eNodeB ID=44019, Cell FDD TDD indication=CELL_FDD",Unreliable,45.097,5.598
2026-04-10 02:00,60,"PIC_UIO_TUMBACO_ULN/Cell:eNodeB Function Name=PI_UIO_TUMBACOL21, Local Cell ID=2, Cell Name=PI_UIO_TUMBACO_2, eNodeB ID=44019, Cell FDD TDD indication=CELL_FDD",Reliable,29.69,2.825
2026-04-10 02:00,60,"PIC_UIO_TUMBACO_ULN/Cell:eNodeB Function Name=PI_UIO_TUMBACOL21, Local Cell ID=3, Cell Name=PI_UIO_TUMBACO_3, eNodeB ID=44019, Cell FDD TDD indication=CELL_FDD",Reliable,156.945,8.956
2026-04-10 02:00,60,"PIC_UIO_TUMBACO_ULN/Cell:eNodeB Function Name=PI_UIO_TUMBACOL21, Local Cell ID=7, Cell Name=PI_UIO_TUMBACO_APT_7, eNodeB ID=44019, Cell FDD TDD indication=CELL_FDD",Reliable,399.901,16.695
2026-04-10 02:00,60,"PIC_UIO_TUMBACO_ULN/Cell:eNodeB Function Name=PI_UIO_TUMBACOL21, Local Cell ID=8, Cell Name=PI_UIO_TUMBACO_APT_8, eNodeB ID=44019, Cell FDD TDD indication=CELL_FDD",Reliable,58.672,9.038
2026-04-10 02:00,60,"PIC_UIO_TUMBACO_ULN/Cell:eNodeB Function Name=PI_UIO_TUMBACOL21, Local Cell ID=9, Cell Name=PI_UIO_TUMBACO_APT_9, eNodeB ID=44019, Cell FDD TDD indication=CELL_FDD",Reliable,43.236,4.586
2026-04-10 02:00,60,"PIC_UIO_LA_CERAMICA_ULN/Cell:eNodeB Function Name=PI_UIO_LA_CERAMICAL21, Local Cell ID=1, Cell Name=PI_UIO_LA_CERAMICA_1, eNodeB ID=44378, Cell FDD TDD indication=CELL_FDD",Reliable,67.735,5.313
2026-04-10 02:00,60,"PIC_UIO_LA_CERAMICA_ULN/Cell:eNodeB Function Name=PI_UIO_LA_CERAMICAL21, Local Cell ID=2, Cell Name=PI_UIO_LA_CERAMICA_2, eNodeB ID=44378, Cell FDD TDD indication=CELL_FDD",Reliable,2.092,0.681
2026-04-10 02:00,60,"PIC_UIO_LA_CERAMICA_ULN/Cell:eNodeB Function Name=PI_UIO_LA_CERAMICAL21, Local Cell ID=3, Cell Name=PI_UIO_LA_CERAMICA_3, eNodeB ID=44378, Cell FDD TDD indication=CELL_FDD",Reliable,22.127,3.197
2026-04-10 02:00,60,"SMALL_UIO_REGISTRO_CIVILL21/Cell:eNodeB Function Name=SMALL_UIO_REGISTRO_CIVILL21, Local Cell ID=1, Cell Name=SMALL_UIO_REGISTRO_CIVIL_L21_1, eNodeB ID=43204, Cell FDD TDD indication=CELL_FDD",Reliable,0.006,0.015
2026-04-10 02:00,60,"SMALL_UIO_MADRIGALL21/Cell:eNodeB Function Name=SMALL_UIO_MADRIGALL21, Local Cell ID=1, Cell Name=SMALL_UIO_MADRIGAL_L21_1, eNodeB ID=43207, Cell FDD TDD indication=CELL_FDD",Reliable,8.253,2.778
2026-04-10 02:00,60,"SMALL_GYE_CENTRO_CIVICOL21/Cell:eNodeB Function Name=SMALL_GYE_CENTRO_CIVICOL21, Local Cell ID=1, Cell Name=SMALL_GYE_CENTRO_CIVICO_L21_1, eNodeB ID=43212, Cell FDD TDD indication=CELL_FDD",Reliable,0,0
2026-04-10 02:00,60,"SMALL_STD_BAHIAL21/Cell:eNodeB Function Name=SMALL_STD_BAHIAL21, Local Cell ID=1, Cell Name=SMALL_STD_BAHIA_L21_1, eNodeB ID=43224, Cell FDD TDD indication=CELL_FDD",Reliable,0.766,0.193
2026-04-10 02:00,60,"SMALL_BHY_ECU911L21/Cell:eNodeB Function Name=SMALL_BHY_ECU911L21, Local Cell ID=1, Cell Name=SMALL_BHY_ECU911_L21_1, eNodeB ID=43235, Cell FDD TDD indication=CELL_FDD",Reliable,91.462,8.835
2026-04-10 02:00,60,"SMALL_PTVJO_ECU_911L21/Cell:eNodeB Function Name=SMALL_PTVJO_ECU_911L21, Local Cell ID=1, Cell Name=SMALL_PTVJO_ECU_911_L21_1, eNodeB ID=43225, Cell FDD TDD indication=CELL_FDD",Reliable,0,0
2026-04-10 02:00,60,"SMALL_RIO_EMPRESA_ELECTRICAL21/Cell:eNodeB Function Name=SMALL_RIO_EMPRESA_ELECTRICAL21, Local Cell ID=1, Cell Name=SMALL_RIO_EMPRESA_ELECTRICA_L21_1, eNodeB ID=43202, Cell FDD TDD indication=CELL_FDD",Reliable,0,0
2026-04-10 02:00,60,"SMALL_UIO_NAYONL21/Cell:eNodeB Function Name=SMALL_UIO_NAYONL21, Local Cell ID=1, Cell Name=SMALL_UIO_NAYON_L21_1, eNodeB ID=43232, Cell FDD TDD indication=CELL_FDD",Reliable,1.309,0.311
2026-04-10 02:00,60,"SMALL_CUE_MALL_DEL_RIO_L/Cell:eNodeB Function Name=SMALL_CUE_MALL_DEL_RIO_L, Local Cell ID=1, Cell Name=SMALL_CUE_MALL_RIO_L21_1, eNodeB ID=43231, Cell FDD TDD indication=CELL_FDD",Reliable,0,0
2026-04-10 02:00,60,"SMALL_GYE_ORO_VERDEL21/Cell:eNodeB Function Name=SMALL_GYE_ORO_VERDEL21, Local Cell ID=1, Cell Name=SMALL_GYE_ORO_VERDE_L21_1, eNodeB ID=43210, Cell FDD TDD indication=CELL_FDD",Reliable,0,0
2026-04-10 02:00,60,"SMALL_UIO_HILTON_COLONL21/Cell:eNodeB Function Name=SMALL_UIO_HILTON_COLONL21, Local Cell ID=1, Cell Name=SMALL_UIO_HILTON_COLON_L21_1, eNodeB ID=43217, Cell FDD TDD indication=CELL_FDD",Reliable,0,0.002
2026-04-10 02:00,60,"SMALL_UIO_DTA_CENTERL21/Cell:eNodeB Function Name=SMALL_UIO_DTA_CENTERL21, Local Cell ID=1, Cell Name=SMALL_UIO_DTA_CENTER_L21_1, eNodeB ID=43229, Cell FDD TDD indication=CELL_FDD",Reliable,0,0
2026-04-10 02:00,60,"SMALL_UIO_MARRIOTL21/Cell:eNodeB Function Name=SMALL_UIO_MARRIOTL21, Local Cell ID=1, Cell Name=SMALL_UIO_MARRIOT_L21_1, eNodeB ID=43206, Cell FDD TDD indication=CELL_FDD",Reliable,0,0
2026-04-10 02:00,60,"PIC_UIO_LAMP_PLATFINANCIERA2_UL/Cell:eNodeB Function Name=PIC_UIO_LAMP_PLATFINANCIERA2_L, Local Cell ID=5, Cell Name=LAMP_UIO_PLATFINANCIERA2_5, eNodeB ID=43242, Cell FDD TDD indication=CELL_FDD",Reliable,0,0
2026-04-10 02:00,60,"PIC_UIO_LAMP_PLATFINANCIERA2_UL/Cell:eNodeB Function Name=PIC_UIO_LAMP_PLATFINANCIERA2_L, Local Cell ID=4, Cell Name=LAMP_UIO_PLATFINANCIERA2_4, eNodeB ID=43242, Cell FDD TDD indication=CELL_FDD",Reliable,1.961,0.155
2026-04-10 02:00,60,"PIC_UIO_LAMP_PLATFINANCIERA2_UL/Cell:eNodeB Function Name=PIC_UIO_LAMP_PLATFINANCIERA2_L, Local Cell ID=3, Cell Name=LAMP_UIO_PLATFINANCIERA2_3, eNodeB ID=43242, Cell FDD TDD indication=CELL_FDD",Reliable,0,0
2026-04-10 02:00,60,"PIC_UIO_LAMP_PLATFINANCIERA2_UL/Cell:eNodeB Function Name=PIC_UIO_LAMP_PLATFINANCIERA2_L, Local Cell ID=2, Cell Name=LAMP_UIO_PLATFINANCIERA2_2, eNodeB ID=43242, Cell FDD TDD indication=CELL_FDD",Reliable,0.007,0.01
2026-04-10 02:00,60,"PIC_UIO_LAMP_PLATFINANCIERA2_UL/Cell:eNodeB Function Name=PIC_UIO_LAMP_PLATFINANCIERA2_L, Local Cell ID=1, Cell Name=LAMP_UIO_PLATFINANCIERA2_1, eNodeB ID=43242, Cell FDD TDD indication=CELL_FDD",Reliable,0,0
2026-04-10 02:00,60,"PIC_UIO_LAMP_PLATFINANCIERA3_UL/Cell:eNodeB Function Name=PIC_UIO_LAMP_PLATFINANCIERA3_L, Local Cell ID=6, Cell Name=LAMP_UIO_PLATFINANCIERA3_6, eNodeB ID=43243, Cell FDD TDD indication=CELL_FDD",Reliable,0,0
2026-04-10 02:00,60,"PIC_UIO_LAMP_PLATFINANCIERA3_UL/Cell:eNodeB Function Name=PIC_UIO_LAMP_PLATFINANCIERA3_L, Local Cell ID=5, Cell Name=LAMP_UIO_PLATFINANCIERA3_5, eNodeB ID=43243, Cell FDD TDD indication=CELL_FDD",Reliable,0,0
2026-04-10 02:00,60,"PIC_UIO_LAMP_PLATFINANCIERA3_UL/Cell:eNodeB Function Name=PIC_UIO_LAMP_PLATFINANCIERA3_L, Local Cell ID=4, Cell Name=LAMP_UIO_PLATFINANCIERA3_4, eNodeB ID=43243, Cell FDD TDD indication=CELL_FDD",Reliable,0,0
2026-04-10 02:00,60,"PIC_UIO_LAMP_PLATFINANCIERA3_UL/Cell:eNodeB Function Name=PIC_UIO_LAMP_PLATFINANCIERA3_L, Local Cell ID=3, Cell Name=LAMP_UIO_PLATFINANCIERA3_3, eNodeB ID=43243, Cell FDD TDD indication=CELL_FDD",Reliable,0.027,0.014
2026-04-10 02:00,60,"PIC_UIO_LAMP_PLATFINANCIERA3_UL/Cell:eNodeB Function Name=PIC_UIO_LAMP_PLATFINANCIERA3_L, Local Cell ID=2, Cell Name=LAMP_UIO_PLATFINANCIERA3_2, eNodeB ID=43243, Cell FDD TDD indication=CELL_FDD",Reliable,0,0
2026-04-10 02:00,60,"PIC_UIO_LAMP_PLATFINANCIERA3_UL/Cell:eNodeB Function Name=PIC_UIO_LAMP_PLATFINANCIERA3_L, Local Cell ID=1, Cell Name=LAMP_UIO_PLATFINANCIERA3_1, eNodeB ID=43243, Cell FDD TDD indication=CELL_FDD",Reliable,0.012,0.03
2026-04-10 02:00,60,"PIC_UIO_LAMP_PLATFINANCIERA1_UL/Cell:eNodeB Function Name=PIC_UIO_LAMP_PLATFINANCIERA1_L, Local Cell ID=7, Cell Name=LAMP_UIO_PLATFINANCIERA1_7, eNodeB ID=43241, Cell FDD TDD indication=CELL_FDD",Reliable,0,0
2026-04-10 02:00,60,"PIC_UIO_LAMP_PLATFINANCIERA1_UL/Cell:eNodeB Function Name=PIC_UIO_LAMP_PLATFINANCIERA1_L, Local Cell ID=6, Cell Name=LAMP_UIO_PLATFINANCIERA1_6, eNodeB ID=43241, Cell FDD TDD indication=CELL_FDD",Reliable,36.351,3.543
2026-04-10 02:00,60,"PIC_UIO_LAMP_PLATFINANCIERA1_UL/Cell:eNodeB Function Name=PIC_UIO_LAMP_PLATFINANCIERA1_L, Local Cell ID=5, Cell Name=LAMP_UIO_PLATFINANCIERA1_5, eNodeB ID=43241, Cell FDD TDD indication=CELL_FDD",Reliable,0,0
2026-04-10 02:00,60,"PIC_UIO_LAMP_PLATFINANCIERA1_UL/Cell:eNodeB Function Name=PIC_UIO_LAMP_PLATFINANCIERA1_L, Local Cell ID=4, Cell Name=LAMP_UIO_PLATFINANCIERA1_4, eNodeB ID=43241, Cell FDD TDD indication=CELL_FDD",Reliable,0,0
2026-04-10 02:00,60,"PIC_UIO_LAMP_PLATFINANCIERA1_UL/Cell:eNodeB Function Name=PIC_UIO_LAMP_PLATFINANCIERA1_L, Local Cell ID=3, Cell Name=LAMP_UIO_PLATFINANCIERA1_3, eNodeB ID=43241, Cell FDD TDD indication=CELL_FDD",Reliable,0,0
2026-04-10 02:00,60,"PIC_UIO_LAMP_PLATFINANCIERA1_UL/Cell:eNodeB Function Name=PIC_UIO_LAMP_PLATFINANCIERA1_L, Local Cell ID=2, Cell Name=LAMP_UIO_PLATFINANCIERA1_2, eNodeB ID=43241, Cell FDD TDD indication=CELL_FDD",Reliable,0,0
2026-04-10 02:00,60,"PIC_UIO_LAMP_PLATFINANCIERA1_UL/Cell:eNodeB Function Name=PIC_UIO_LAMP_PLATFINANCIERA1_L, Local Cell ID=1, Cell Name=LAMP_UIO_PLATFINANCIERA1_1, eNodeB ID=43241, Cell FDD TDD indication=CELL_FDD",Reliable,0,0
2026-04-10 02:00,60,"PIC_UIO_LAMP_PLATFINANCIERA_UL/Cell:eNodeB Function Name=PIC_UIO_LAMP_PLATFINANCIERA_L, Local Cell ID=2, Cell Name=PIC_UIO_LAMP_PLATFINANCIERA_L21_2, eNodeB ID=43240, Cell FDD TDD indication=CELL_FDD",Reliable,0.015,0.028
2026-04-10 02:00,60,"PIC_UIO_LAMP_PLATFINANCIERA_UL/Cell:eNodeB Function Name=PIC_UIO_LAMP_PLATFINANCIERA_L, Local Cell ID=1, Cell Name=PIC_UIO_LAMP_PLATFINANCIERA_L21_1, eNodeB ID=43240, Cell FDD TDD indication=CELL_FDD",Reliable,0.006,0.012
2026-04-10 02:00,60,"PIC_UIO_LAMP_PLATFINANCIERA_UL/Cell:eNodeB Function Name=PIC_UIO_LAMP_PLATFINANCIERA_L, Local Cell ID=5, Cell Name=PIC_UIO_LAMP_PLATFINANCIERA_L21_5, eNodeB ID=43240, Cell FDD TDD indication=CELL_FDD",Reliable,0.001,0.001
2026-04-10 02:00,60,"PIC_UIO_LAMP_PLATFINANCIERA_UL/Cell:eNodeB Function Name=PIC_UIO_LAMP_PLATFINANCIERA_L, Local Cell ID=4, Cell Name=PIC_UIO_LAMP_PLATFINANCIERA_L21_4, eNodeB ID=43240, Cell FDD TDD indication=CELL_FDD",Reliable,0,0
2026-04-10 02:00,60,"PIC_UIO_LAMP_PLATFINANCIERA_UL/Cell:eNodeB Function Name=PIC_UIO_LAMP_PLATFINANCIERA_L, Local Cell ID=3, Cell Name=PIC_UIO_LAMP_PLATFINANCIERA_L21_3, eNodeB ID=43240, Cell FDD TDD indication=CELL_FDD",Reliable,0.009,0.014
2026-04-10 02:00,60,"SMALL_UIO_SHERATONL21/Cell:eNodeB Function Name=SMALL_UIO_SHERATONL21, Local Cell ID=1, Cell Name=SMALL_UIO_SHERATON_L21_1, eNodeB ID=43233, Cell FDD TDD indication=CELL_FDD",Reliable,6.223,0.827
2026-04-10 02:00,60,"STD_STD_SMALLCELL_BATALLON_MONTUFAR_UL/Cell:eNodeB Function Name=STD_STD_SC_BATALLON_MONTUFAR_L, Local Cell ID=0, Cell Name=STD_STD_SMALLCELL_BATALLON_MONTUFAR_L21_1, eNodeB ID=43273, Cell FDD TDD indication=CELL_FDD",Reliable,377.827,29.633
2026-04-10 02:00,60,"IMB_IBA_003_UL (IBA_ECU911)/Cell:eNodeB Function Name=IMB_IBA_003L21 (IBA_ECU911), Local Cell ID=1, Cell Name=IMB_IBA_003_1, eNodeB ID=43542, Cell FDD TDD indication=CELL_FDD",Reliable,36.485,3.583
2026-04-10 02:00,60,"IMB_IBA_003_UL (IBA_ECU911)/Cell:eNodeB Function Name=IMB_IBA_003L21 (IBA_ECU911), Local Cell ID=2, Cell Name=IMB_IBA_003_2, eNodeB ID=43542, Cell FDD TDD indication=CELL_FDD",Reliable,68.55,7.297
2026-04-10 02:00,60,"IMB_IBA_003_UL (IBA_ECU911)/Cell:eNodeB Function Name=IMB_IBA_003L21 (IBA_ECU911), Local Cell ID=3, Cell Name=IMB_IBA_003_3, eNodeB ID=43542, Cell FDD TDD indication=CELL_FDD",Reliable,165.003,11.002
2026-04-10 02:00,60,"PIC_UIO_CAPILLA_ULN/Cell:eNodeB Function Name=PIC_UIO_CAPILLA_L, Local Cell ID=1, Cell Name=PIC_UIO_CAPILLA_L21_1, eNodeB ID=44850, Cell FDD TDD indication=CELL_FDD",Reliable,0.045,9.921
2026-04-10 02:00,60,"PIC_UIO_CAPILLA_ULN/Cell:eNodeB Function Name=PIC_UIO_CAPILLA_L, Local Cell ID=2, Cell Name=PIC_UIO_CAPILLA_L21_2, eNodeB ID=44850, Cell FDD TDD indication=CELL_FDD",Reliable,189.863,509.126
2026-04-10 02:00,60,"PIC_UIO_CAPILLA_ULN/Cell:eNodeB Function Name=PIC_UIO_CAPILLA_L, Local Cell ID=3, Cell Name=PIC_UIO_CAPILLA_L21_3, eNodeB ID=44850, Cell FDD TDD indication=CELL_FDD",Reliable,6.641,2.314
2026-04-10 02:00,60,"PI_UIO_TANASA_UL/Cell:eNodeB Function Name=PIC_UIO_TANASA_L, Local Cell ID=1, Cell Name=PIC_UIO_TANASA_L21_1, eNodeB ID=44352, Cell FDD TDD indication=CELL_FDD",Reliable,2.673,3.686
2026-04-10 02:00,60,"PI_UIO_TANASA_UL/Cell:eNodeB Function Name=PIC_UIO_TANASA_L, Local Cell ID=2, Cell Name=PIC_UIO_TANASA_L21_2, eNodeB ID=44352, Cell FDD TDD indication=CELL_FDD",Reliable,15.585,1.839
2026-04-10 02:00,60,"SD_SD_BRISAS_UL/Cell:eNodeB Function Name=SD_SD_BRISASL21, Local Cell ID=1, Cell Name=SD_SD_BRISAS_1, eNodeB ID=43534, Cell FDD TDD indication=CELL_FDD",Reliable,79.759,26.413
2026-04-10 02:00,60,"SD_SD_BRISAS_UL/Cell:eNodeB Function Name=SD_SD_BRISASL21, Local Cell ID=2, Cell Name=SD_SD_BRISAS_2, eNodeB ID=43534, Cell FDD TDD indication=CELL_FDD",Reliable,307.499,11.616
2026-04-10 02:00,60,"SD_SD_BRISAS_UL/Cell:eNodeB Function Name=SD_SD_BRISASL21, Local Cell ID=3, Cell Name=SD_SD_BRISAS_3, eNodeB ID=43534, Cell FDD TDD indication=CELL_FDD",Reliable,149.991,16.915
2026-04-10 02:00,60,"SD_SD_GUAYAQUIL_UL/Cell:eNodeB Function Name=SD_SD_GUAYAQUILL21, Local Cell ID=1, Cell Name=SD_SD_GUAYAQUIL_1, eNodeB ID=43583, Cell FDD TDD indication=CELL_FDD",Reliable,24.013,2.552
2026-04-10 02:00,60,"SD_SD_GUAYAQUIL_UL/Cell:eNodeB Function Name=SD_SD_GUAYAQUILL21, Local Cell ID=2, Cell Name=SD_SD_GUAYAQUIL_2, eNodeB ID=43583, Cell FDD TDD indication=CELL_FDD",Reliable,5.231,0.444
2026-04-10 02:00,60,"SD_SD_GUAYAQUIL_UL/Cell:eNodeB Function Name=SD_SD_GUAYAQUILL21, Local Cell ID=3, Cell Name=SD_SD_GUAYAQUIL_3, eNodeB ID=43583, Cell FDD TDD indication=CELL_FDD",Reliable,15.07,5.145
2026-04-10 02:00,60,"PI_UIO_CONOCOTO_OESTE_UL/Cell:eNodeB Function Name=PI_UIO_CONOCOTO_OESTEL21, Local Cell ID=1, Cell Name=PI_UIO_CONOCOTO_OESTE_1, eNodeB ID=44209, Cell FDD TDD indication=CELL_FDD",Reliable,51.59,11.206
2026-04-10 02:00,60,"PI_UIO_CONOCOTO_OESTE_UL/Cell:eNodeB Function Name=PI_UIO_CONOCOTO_OESTEL21, Local Cell ID=2, Cell Name=PI_UIO_CONOCOTO_OESTE_2, eNodeB ID=44209, Cell FDD TDD indication=CELL_FDD",Reliable,64.119,8.079
2026-04-10 02:00,60,"PI_UIO_CONOCOTO_OESTE_UL/Cell:eNodeB Function Name=PI_UIO_CONOCOTO_OESTEL21, Local Cell ID=3, Cell Name=PI_UIO_CONOCOTO_OESTE_3, eNodeB ID=44209, Cell FDD TDD indication=CELL_FDD",Reliable,84.989,6.715
2026-04-10 02:00,60,"ES_ATA_ESME_ATACAMES_NORTE_UL/Cell:eNodeB Function Name=ES_ATA_ESME_ATACAMES_NORTEL21, Local Cell ID=1, Cell Name=ES_ATA_ESME_ATACAMES_NORTE_1, eNodeB ID=43540, Cell FDD TDD indication=CELL_FDD",Reliable,19.024,1.357
2026-04-10 02:00,60,"ES_ATA_ESME_ATACAMES_NORTE_UL/Cell:eNodeB Function Name=ES_ATA_ESME_ATACAMES_NORTEL21, Local Cell ID=2, Cell Name=ES_ATA_ESME_ATACAMES_NORTE_2, eNodeB ID=43540, Cell FDD TDD indication=CELL_FDD",Reliable,3.799,1.535
2026-04-10 02:00,60,"ES_ATA_ESME_ATACAMES_NORTE_UL/Cell:eNodeB Function Name=ES_ATA_ESME_ATACAMES_NORTEL21, Local Cell ID=3, Cell Name=ES_ATA_ESME_ATACAMES_NORTE_3, eNodeB ID=43540, Cell FDD TDD indication=CELL_FDD",Reliable,12.308,2.272
2026-04-10 02:00,60,"PI_UIO_CAMANO_UL/Cell:eNodeB Function Name=PI_UIO_CAMANOL21, Local Cell ID=1, Cell Name=PI_UIO_CAMANO_1, eNodeB ID=43522, Cell FDD TDD indication=CELL_FDD",Reliable,144.718,11.982
2026-04-10 02:00,60,"PI_UIO_CAMANO_UL/Cell:eNodeB Function Name=PI_UIO_CAMANOL21, Local Cell ID=2, Cell Name=PI_UIO_CAMANO_2, eNodeB ID=43522, Cell FDD TDD indication=CELL_FDD",Reliable,5.733,2.156
2026-04-10 02:00,60,"PI_UIO_CONFITECA_UL/Cell:eNodeB Function Name=PI_UIO_CONFITECA_L, Local Cell ID=1, Cell Name=PI_UIO_CONFITECA_1, eNodeB ID=44375, Cell FDD TDD indication=CELL_FDD",Reliable,232.59,25.572
2026-04-10 02:00,60,"PI_UIO_CONFITECA_UL/Cell:eNodeB Function Name=PI_UIO_CONFITECA_L, Local Cell ID=2, Cell Name=PI_UIO_CONFITECA_2, eNodeB ID=44375, Cell FDD TDD indication=CELL_FDD",Reliable,275.965,17.734
2026-04-10 02:00,60,"PI_UIO_CONFITECA_UL/Cell:eNodeB Function Name=PI_UIO_CONFITECA_L, Local Cell ID=3, Cell Name=PI_UIO_CONFITECA_3, eNodeB ID=44375, Cell FDD TDD indication=CELL_FDD",Reliable,33.36,360.843
2026-04-10 02:00,60,"PI_UIO_CONFITECA_UL/Cell:eNodeB Function Name=PI_UIO_CONFITECA_L, Local Cell ID=7, Cell Name=PI_UIO_CONFITECA_APT_7, eNodeB ID=44375, Cell FDD TDD indication=CELL_FDD",Reliable,863.175,40.138
2026-04-10 02:00,60,"PI_UIO_CONFITECA_UL/Cell:eNodeB Function Name=PI_UIO_CONFITECA_L, Local Cell ID=8, Cell Name=PI_UIO_CONFITECA_APT_8, eNodeB ID=44375, Cell FDD TDD indication=CELL_FDD",Reliable,163.915,8.69
2026-04-10 02:00,60,"PI_UIO_CONFITECA_UL/Cell:eNodeB Function Name=PI_UIO_CONFITECA_L, Local Cell ID=9, Cell Name=PI_UIO_CONFITECA_APT_9, eNodeB ID=44375, Cell FDD TDD indication=CELL_FDD",Reliable,294.663,45.552
2026-04-10 02:00,60,"PI_UIO_CONFITECA_UL/Cell:eNodeB Function Name=PI_UIO_CONFITECA_L, Local Cell ID=11, Cell Name=PI_UIO_CONFITECA_11, eNodeB ID=44375, Cell FDD TDD indication=CELL_FDD",Reliable,4.087,0.367
2026-04-10 02:00,60,"PI_UIO_CONFITECA_UL/Cell:eNodeB Function Name=PI_UIO_CONFITECA_L, Local Cell ID=12, Cell Name=PI_UIO_CONFITECA_12, eNodeB ID=44375, Cell FDD TDD indication=CELL_FDD",Reliable,166.442,12.463
2026-04-10 02:00,60,"PI_UIO_CONFITECA_UL/Cell:eNodeB Function Name=PI_UIO_CONFITECA_L, Local Cell ID=13, Cell Name=PI_UIO_CONFITECA_13, eNodeB ID=44375, Cell FDD TDD indication=CELL_FDD",Reliable,0.003,0.003
2026-04-10 02:00,60,"PI_UIO_LIZARZABURO_UL/Cell:eNodeB Function Name=PI_UIO_LIZARZABUROL21, Local Cell ID=1, Cell Name=PI_UIO_LIZARZABURO_1, eNodeB ID=43528, Cell FDD TDD indication=CELL_FDD",Reliable,321.407,36.374
2026-04-10 02:00,60,"PI_UIO_LIZARZABURO_UL/Cell:eNodeB Function Name=PI_UIO_LIZARZABUROL21, Local Cell ID=2, Cell Name=PI_UIO_LIZARZABURO_2, eNodeB ID=43528, Cell FDD TDD indication=CELL_FDD",Reliable,2178.666,345.671
2026-04-10 02:00,60,"PI_UIO_LIZARZABURO_UL/Cell:eNodeB Function Name=PI_UIO_LIZARZABUROL21, Local Cell ID=3, Cell Name=PI_UIO_LIZARZABURO_3, eNodeB ID=43528, Cell FDD TDD indication=CELL_FDD",Reliable,68.897,9.02
2026-04-10 02:00,60,"PI_UIO_NODO_1_GUAMANI_EL_EJERCITO_UL/Cell:eNodeB Function Name=PIC_UIO_NODO_1_GUAMANI_EL_EJERCITO_L, Local Cell ID=1, Cell Name=PI_UIO_NODO_1_GUAMANI_EL_EJERCITO_L21_1, eNodeB ID=44128, Cell FDD TDD indication=CELL_FDD",Reliable,6.443,1.974
2026-04-10 02:00,60,"PI_UIO_NODO_1_GUAMANI_EL_EJERCITO_UL/Cell:eNodeB Function Name=PIC_UIO_NODO_1_GUAMANI_EL_EJERCITO_L, Local Cell ID=2, Cell Name=PI_UIO_NODO_1_GUAMANI_EL_EJERCITO_L21_2, eNodeB ID=44128, Cell FDD TDD indication=CELL_FDD",Reliable,0.697,0.57
2026-04-10 02:00,60,"PI_UIO_NODO_1_GUAMANI_EL_EJERCITO_UL/Cell:eNodeB Function Name=PIC_UIO_NODO_1_GUAMANI_EL_EJERCITO_L, Local Cell ID=3, Cell Name=PI_UIO_NODO_1_GUAMANI_EL_EJERCITO_L21_3, eNodeB ID=44128, Cell FDD TDD indication=CELL_FDD",Reliable,24.129,4.376
2026-04-10 02:00,60,"PI_UIO_QUITUS_UL/Cell:eNodeB Function Name=PI_UIO_QUITUS_L, Local Cell ID=1, Cell Name=PI_UIO_QUITUS_1, eNodeB ID=43619, Cell FDD TDD indication=CELL_FDD",Reliable,726.158,27.989
2026-04-10 02:00,60,"PI_UIO_QUITUS_UL/Cell:eNodeB Function Name=PI_UIO_QUITUS_L, Local Cell ID=2, Cell Name=PI_UIO_QUITUS_2, eNodeB ID=43619, Cell FDD TDD indication=CELL_FDD",Reliable,6.198,1.466
2026-04-10 02:00,60,"PI_UIO_QUITUS_UL/Cell:eNodeB Function Name=PI_UIO_QUITUS_L, Local Cell ID=3, Cell Name=PI_UIO_QUITUS_3, eNodeB ID=43619, Cell FDD TDD indication=CELL_FDD",Reliable,2.478,0.746
2026-04-10 02:00,60,"PI_UIO_QUITUS_UL/Cell:eNodeB Function Name=PI_UIO_QUITUS_L, Local Cell ID=11, Cell Name=PI_UIO_QUITUS_11, eNodeB ID=43619, Cell FDD TDD indication=CELL_FDD",Reliable,1.248,0.681
2026-04-10 02:00,60,"PI_UIO_QUITUS_UL/Cell:eNodeB Function Name=PI_UIO_QUITUS_L, Local Cell ID=12, Cell Name=PI_UIO_QUITUS_12, eNodeB ID=43619, Cell FDD TDD indication=CELL_FDD",Reliable,1.775,0.233
2026-04-10 02:00,60,"PI_UIO_QUITUS_UL/Cell:eNodeB Function Name=PI_UIO_QUITUS_L, Local Cell ID=13, Cell Name=PI_UIO_QUITUS_13, eNodeB ID=43619, Cell FDD TDD indication=CELL_FDD",Reliable,0.075,0.069
2026-04-10 02:00,60,"PI_UIO_SANGOLQUI_UL/Cell:eNodeB Function Name=PIC_UIO_SANGOLQUI_L, Local Cell ID=1, Cell Name=PIC_UIO_SANGOLQUI_L21_1, eNodeB ID=44338, Cell FDD TDD indication=CELL_FDD",Reliable,12.828,4.951
2026-04-10 02:00,60,"PI_UIO_SANGOLQUI_UL/Cell:eNodeB Function Name=PIC_UIO_SANGOLQUI_L, Local Cell ID=2, Cell Name=PIC_UIO_SANGOLQUI_L21_2, eNodeB ID=44338, Cell FDD TDD indication=CELL_FDD",Reliable,287.061,27.441
2026-04-10 02:00,60,"PI_UIO_SANGOLQUI_UL/Cell:eNodeB Function Name=PIC_UIO_SANGOLQUI_L, Local Cell ID=3, Cell Name=PIC_UIO_SANGOLQUI_L21_3, eNodeB ID=44338, Cell FDD TDD indication=CELL_FDD",Reliable,2.645,2.368
2026-04-10 02:00,60,"PI_UIO_SCALA_MALL_UL/Cell:eNodeB Function Name=PI_UIO_SCALA_MALLL21, Local Cell ID=1, Cell Name=PI_UIO_SCALA_MALL_1, eNodeB ID=44941, Cell FDD TDD indication=CELL_FDD",Reliable,0,0
2026-04-10 02:00,60,"PI_UIO_SCALA_MALL_UL/Cell:eNodeB Function Name=PI_UIO_SCALA_MALLL21, Local Cell ID=2, Cell Name=PI_UIO_SCALA_MALL_2, eNodeB ID=44941, Cell FDD TDD indication=CELL_FDD",Reliable,0,0
2026-04-10 02:00,60,"PI_UIO_SELVA_ALEGRE_UL/Cell:eNodeB Function Name=PIC_UIO_SELVA_ALEGRE_L, Local Cell ID=1, Cell Name=PIC_UIO_SELVA_ALEGRE_L21_1, eNodeB ID=44363, Cell FDD TDD indication=CELL_FDD",Reliable,214.813,23.886
2026-04-10 02:00,60,"PI_UIO_SELVA_ALEGRE_UL/Cell:eNodeB Function Name=PIC_UIO_SELVA_ALEGRE_L, Local Cell ID=2, Cell Name=PIC_UIO_SELVA_ALEGRE_L21_2, eNodeB ID=44363, Cell FDD TDD indication=CELL_FDD",Reliable,10.609,3.156
2026-04-10 02:00,60,"PI_UIO_SELVA_ALEGRE_UL/Cell:eNodeB Function Name=PIC_UIO_SELVA_ALEGRE_L, Local Cell ID=3, Cell Name=PIC_UIO_SELVA_ALEGRE_L21_3, eNodeB ID=44363, Cell FDD TDD indication=CELL_FDD",Reliable,22.205,1.941
2026-04-10 02:00,60,"PI_UIO_SELVA_ALEGRE_UL/Cell:eNodeB Function Name=PIC_UIO_SELVA_ALEGRE_L, Local Cell ID=7, Cell Name=PIC_UIO_SELVA_ALEGRE_L7_7, eNodeB ID=44363, Cell FDD TDD indication=CELL_FDD",Reliable,153.657,15.187
2026-04-10 02:00,60,"PI_UIO_SELVA_ALEGRE_UL/Cell:eNodeB Function Name=PIC_UIO_SELVA_ALEGRE_L, Local Cell ID=8, Cell Name=PIC_UIO_SELVA_ALEGRE_L7_8, eNodeB ID=44363, Cell FDD TDD indication=CELL_FDD",Reliable,405.799,16.908
2026-04-10 02:00,60,"PI_UIO_SELVA_ALEGRE_UL/Cell:eNodeB Function Name=PIC_UIO_SELVA_ALEGRE_L, Local Cell ID=9, Cell Name=PIC_UIO_SELVA_ALEGRE_L7_9, eNodeB ID=44363, Cell FDD TDD indication=CELL_FDD",Reliable,301.343,21.994
2026-04-10 02:00,60,"SD_SD_TULCAN_UL/Cell:eNodeB Function Name=SD_SD_TULCANL21, Local Cell ID=1, Cell Name=SD_SD_TULCAN_1, eNodeB ID=43553, Cell FDD TDD indication=CELL_FDD",Reliable,5.853,3.133
2026-04-10 02:00,60,"SD_SD_TULCAN_UL/Cell:eNodeB Function Name=SD_SD_TULCANL21, Local Cell ID=2, Cell Name=SD_SD_TULCAN_2, eNodeB ID=43553, Cell FDD TDD indication=CELL_FDD",Reliable,0.934,3.913
2026-04-10 02:00,60,"SD_SD_TULCAN_UL/Cell:eNodeB Function Name=SD_SD_TULCANL21, Local Cell ID=3, Cell Name=SD_SD_TULCAN_3, eNodeB ID=43553, Cell FDD TDD indication=CELL_FDD",Reliable,178.744,11.003
2026-04-10 02:00,60,"STD_STD_002_UL(STD_LA_MADRE)/Cell:eNodeB Function Name=STD_STD_002L21 (STD_LA_MADRE), Local Cell ID=1, Cell Name=STD_STD_002_1, eNodeB ID=43535, Cell FDD TDD indication=CELL_FDD",Reliable,128.28,7.461
2026-04-10 02:00,60,"STD_STD_002_UL(STD_LA_MADRE)/Cell:eNodeB Function Name=STD_STD_002L21 (STD_LA_MADRE), Local Cell ID=2, Cell Name=STD_STD_002_2, eNodeB ID=43535, Cell FDD TDD indication=CELL_FDD",Reliable,1.178,3.168
2026-04-10 02:00,60,"STD_STD_002_UL(STD_LA_MADRE)/Cell:eNodeB Function Name=STD_STD_002L21 (STD_LA_MADRE), Local Cell ID=3, Cell Name=STD_STD_002_3, eNodeB ID=43535, Cell FDD TDD indication=CELL_FDD",Reliable,4.404,2.917
2026-04-10 02:00,60,"EASYMACRO_PILE/Cell:eNodeB Function Name=MA_MO_EASYMACRO_PILEL21, Local Cell ID=2, Cell Name=MA_MO_EASYMACRO_PILE2, eNodeB ID=43276, Cell FDD TDD indication=CELL_FDD",Reliable,1.792,1.461
2026-04-10 02:00,60,"EASYMACRO_PILE/Cell:eNodeB Function Name=MA_MO_EASYMACRO_PILEL21, Local Cell ID=1, Cell Name=MA_MO_EASYMACRO_PILE1, eNodeB ID=43276, Cell FDD TDD indication=CELL_FDD",Reliable,131.431,19.727
2026-04-10 02:00,60,"PIC_UIO_LAMP_SOCIAL1_UL/Cell:eNodeB Function Name=PIC_UIO_LAMP_SOCIAL1_L, Local Cell ID=7, Cell Name=PI_UIO_LAMP_SOCIAL1_7, eNodeB ID=43253, Cell FDD TDD indication=CELL_FDD",Reliable,0,0
2026-04-10 02:00,60,"PIC_UIO_LAMP_SOCIAL1_UL/Cell:eNodeB Function Name=PIC_UIO_LAMP_SOCIAL1_L, Local Cell ID=6, Cell Name=PI_UIO_LAMP_SOCIAL1_6, eNodeB ID=43253, Cell FDD TDD indication=CELL_FDD",Reliable,0,0
2026-04-10 02:00,60,"PIC_UIO_LAMP_SOCIAL1_UL/Cell:eNodeB Function Name=PIC_UIO_LAMP_SOCIAL1_L, Local Cell ID=5, Cell Name=PI_UIO_LAMP_SOCIAL1_5, eNodeB ID=43253, Cell FDD TDD indication=CELL_FDD",Reliable,0,0
2026-04-10 02:00,60,"PIC_UIO_LAMP_SOCIAL1_UL/Cell:eNodeB Function Name=PIC_UIO_LAMP_SOCIAL1_L, Local Cell ID=4, Cell Name=PI_UIO_LAMP_SOCIAL1_4, eNodeB ID=43253, Cell FDD TDD indication=CELL_FDD",Reliable,0,0
2026-04-10 02:00,60,"PIC_UIO_LAMP_SOCIAL1_UL/Cell:eNodeB Function Name=PIC_UIO_LAMP_SOCIAL1_L, Local Cell ID=3, Cell Name=PI_UIO_LAMP_SOCIAL1_3, eNodeB ID=43253, Cell FDD TDD indication=CELL_FDD",Reliable,0,0
2026-04-10 02:00,60,"PIC_UIO_LAMP_SOCIAL1_UL/Cell:eNodeB Function Name=PIC_UIO_LAMP_SOCIAL1_L, Local Cell ID=2, Cell Name=PI_UIO_LAMP_SOCIAL1_2, eNodeB ID=43253, Cell FDD TDD indication=CELL_FDD",Reliable,0,0
2026-04-10 02:00,60,"PIC_UIO_LAMP_SOCIAL1_UL/Cell:eNodeB Function Name=PIC_UIO_LAMP_SOCIAL1_L, Local Cell ID=1, Cell Name=PI_UIO_LAMP_SOCIAL1_1, eNodeB ID=43253, Cell FDD TDD indication=CELL_FDD",Reliable,0,0
2026-04-10 02:00,60,"PIC_UIO_LAMP_SOCIAL1_UL/Cell:eNodeB Function Name=PIC_UIO_LAMP_SOCIAL1_L, Local Cell ID=10, Cell Name=PI_UIO_LAMP_SOCIAL1_10, eNodeB ID=43253, Cell FDD TDD indication=CELL_FDD",Reliable,0,0
2026-04-10 02:00,60,"PIC_UIO_LAMP_SOCIAL1_UL/Cell:eNodeB Function Name=PIC_UIO_LAMP_SOCIAL1_L, Local Cell ID=11, Cell Name=PI_UIO_LAMP_SOCIAL1_11, eNodeB ID=43253, Cell FDD TDD indication=CELL_FDD",Reliable,0,0
2026-04-10 02:00,60,"PIC_UIO_LAMP_SOCIAL1_UL/Cell:eNodeB Function Name=PIC_UIO_LAMP_SOCIAL1_L, Local Cell ID=8, Cell Name=PI_UIO_LAMP_SOCIAL1_8, eNodeB ID=43253, Cell FDD TDD indication=CELL_FDD",Reliable,0.01,0.008
2026-04-10 02:00,60,"PIC_UIO_LAMP_SOCIAL1_UL/Cell:eNodeB Function Name=PIC_UIO_LAMP_SOCIAL1_L, Local Cell ID=9, Cell Name=PI_UIO_LAMP_SOCIAL1_9, eNodeB ID=43253, Cell FDD TDD indication=CELL_FDD",Reliable,0,0
2026-04-10 02:00,60,"PIC_UIO_LAMP_SOCIAL2_UL/Cell:eNodeB Function Name=PIC_UIO_LAMP_SOCIAL2_L, Local Cell ID=5, Cell Name=PIC_UIO_LAMP_SOCIAL2_L21_5, eNodeB ID=43254, Cell FDD TDD indication=CELL_FDD",Reliable,0.005,0.007
2026-04-10 02:00,60,"PIC_UIO_LAMP_SOCIAL2_UL/Cell:eNodeB Function Name=PIC_UIO_LAMP_SOCIAL2_L, Local Cell ID=4, Cell Name=PIC_UIO_LAMP_SOCIAL2_L21_4, eNodeB ID=43254, Cell FDD TDD indication=CELL_FDD",Reliable,0.061,0.073
2026-04-10 02:00,60,"PIC_UIO_LAMP_SOCIAL2_UL/Cell:eNodeB Function Name=PIC_UIO_LAMP_SOCIAL2_L, Local Cell ID=3, Cell Name=PIC_UIO_LAMP_SOCIAL2_L21_3, eNodeB ID=43254, Cell FDD TDD indication=CELL_FDD",Reliable,0,0
2026-04-10 02:00,60,"PIC_UIO_LAMP_SOCIAL2_UL/Cell:eNodeB Function Name=PIC_UIO_LAMP_SOCIAL2_L, Local Cell ID=2, Cell Name=PIC_UIO_LAMP_SOCIAL2_L21_2, eNodeB ID=43254, Cell FDD TDD indication=CELL_FDD",Reliable,0.005,0.012
2026-04-10 02:00,60,"PIC_UIO_LAMP_SOCIAL2_UL/Cell:eNodeB Function Name=PIC_UIO_LAMP_SOCIAL2_L, Local Cell ID=1, Cell Name=PIC_UIO_LAMP_SOCIAL2_L21_1, eNodeB ID=43254, Cell FDD TDD indication=CELL_FDD",Reliable,0,0
2026-04-10 02:00,60,"CIS_QUICENTRO_SUR_LTEL21/Cell:eNodeB Function Name=CIS_QUICENTRO_SUR_LTEL21, Local Cell ID=1, Cell Name=CIS_QUICENTRO_SUR_LTE_L21_1, eNodeB ID=43282, Cell FDD TDD indication=CELL_FDD",Reliable,0.139,0.117
2026-04-10 02:00,60,"PIC_UIO_CIUDAD_FUTURA_UL/Cell:eNodeB Function Name=PIC_UIO_CIUDAD_FUTURA_L, Local Cell ID=8, Cell Name=PIC_UIO_CIUDAD_FUTURA_APT_8, eNodeB ID=43560, Cell FDD TDD indication=CELL_FDD",Reliable,630.199,54.962
2026-04-10 02:00,60,"PIC_UIO_CIUDAD_FUTURA_UL/Cell:eNodeB Function Name=PIC_UIO_CIUDAD_FUTURA_L, Local Cell ID=7, Cell Name=PIC_UIO_CIUDAD_FUTURA_APT_7, eNodeB ID=43560, Cell FDD TDD indication=CELL_FDD",Reliable,214.166,17.606
2026-04-10 02:00,60,"PIC_UIO_QUITUMBE_NAN_UL/Cell:eNodeB Function Name=PIC_UIO_QUITUMBE_NAN_L, Local Cell ID=9, Cell Name=PIC_UIO_QUITUMBE_NAN_APT_9, eNodeB ID=43631, Cell FDD TDD indication=CELL_FDD",Reliable,143.642,15.489
2026-04-10 02:00,60,"PIC_UIO_QUITUMBE_NAN_UL/Cell:eNodeB Function Name=PIC_UIO_QUITUMBE_NAN_L, Local Cell ID=8, Cell Name=PIC_UIO_QUITUMBE_NAN_APT_8, eNodeB ID=43631, Cell FDD TDD indication=CELL_FDD",Reliable,588.075,225.66
2026-04-10 02:00,60,"PIC_UIO_QUITUMBE_NAN_UL/Cell:eNodeB Function Name=PIC_UIO_QUITUMBE_NAN_L, Local Cell ID=7, Cell Name=PIC_UIO_QUITUMBE_NAN_APT_7, eNodeB ID=43631, Cell FDD TDD indication=CELL_FDD",Reliable,651.424,142.631
2026-04-10 02:00,60,"PIC_UIO_LA_SANTIAGO_UL/Cell:eNodeB Function Name=PIC_UIO_LA_SANTIAGO_L, Local Cell ID=9, Cell Name=PIC_UIO_LA_SANTIAGO_APT_9, eNodeB ID=43629, Cell FDD TDD indication=CELL_FDD",Reliable,1955.653,66.85
2026-04-10 02:00,60,"PIC_UIO_LA_SANTIAGO_UL/Cell:eNodeB Function Name=PIC_UIO_LA_SANTIAGO_L, Local Cell ID=8, Cell Name=PIC_UIO_LA_SANTIAGO_APT_8, eNodeB ID=43629, Cell FDD TDD indication=CELL_FDD",Reliable,602.797,31.593
2026-04-10 02:00,60,"PIC_UIO_LA_SANTIAGO_UL/Cell:eNodeB Function Name=PIC_UIO_LA_SANTIAGO_L, Local Cell ID=7, Cell Name=PIC_UIO_LA_SANTIAGO_APT_7, eNodeB ID=43629, Cell FDD TDD indication=CELL_FDD",Reliable,106.603,14.642
2026-04-10 02:00,60,"PIC_UIO_LAS_CUADRAS_UL/Cell:eNodeB Function Name=PIC_UIO_LAS_CUADRAS_L, Local Cell ID=9, Cell Name=PIC_UIO_LAS_CUADRAS_APT_9, eNodeB ID=43548, Cell FDD TDD indication=CELL_FDD",Reliable,221.118,30.873
2026-04-10 02:00,60,"PIC_UIO_LAS_CUADRAS_UL/Cell:eNodeB Function Name=PIC_UIO_LAS_CUADRAS_L, Local Cell ID=8, Cell Name=PIC_UIO_LAS_CUADRAS_APT_8, eNodeB ID=43548, Cell FDD TDD indication=CELL_FDD",Reliable,173.4,26.417
2026-04-10 02:00,60,"PIC_UIO_LAS_CUADRAS_UL/Cell:eNodeB Function Name=PIC_UIO_LAS_CUADRAS_L, Local Cell ID=7, Cell Name=PIC_UIO_LAS_CUADRAS_APT_7, eNodeB ID=43548, Cell FDD TDD indication=CELL_FDD",Reliable,974.292,39.245
2026-04-10 02:00,60,"PIC_UIO_BORBON_UL/Cell:eNodeB Function Name=PIC_UIO_BORBON_L, Local Cell ID=9, Cell Name=PIC_UIO_BORBON_APT_9, eNodeB ID=43559, Cell FDD TDD indication=CELL_FDD",Reliable,260.863,24.025
2026-04-10 02:00,60,"PIC_UIO_BORBON_UL/Cell:eNodeB Function Name=PIC_UIO_BORBON_L, Local Cell ID=8, Cell Name=PIC_UIO_BORBON_APT_8, eNodeB ID=43559, Cell FDD TDD indication=CELL_FDD",Reliable,19.411,3.923
2026-04-10 02:00,60,"PIC_UIO_BORBON_UL/Cell:eNodeB Function Name=PIC_UIO_BORBON_L, Local Cell ID=7, Cell Name=PIC_UIO_BORBON_APT_7, eNodeB ID=43559, Cell FDD TDD indication=CELL_FDD",Reliable,498.837,84.008
2026-04-10 02:00,60,"PIC_UIO_ANA_PAREDES_UL/Cell:eNodeB Function Name=PIC_UIO_ANA_PAREDES_L, Local Cell ID=9, Cell Name=PIC_UIO_ANA_PAREDES_APT_9, eNodeB ID=43543, Cell FDD TDD indication=CELL_FDD",Reliable,24.944,3.895
2026-04-10 02:00,60,"PIC_UIO_ANA_PAREDES_UL/Cell:eNodeB Function Name=PIC_UIO_ANA_PAREDES_L, Local Cell ID=8, Cell Name=PIC_UIO_ANA_PAREDES_APT_8, eNodeB ID=43543, Cell FDD TDD indication=CELL_FDD",Reliable,1381.937,29.332
2026-04-10 02:00,60,"PIC_UIO_ANA_PAREDES_UL/Cell:eNodeB Function Name=PIC_UIO_ANA_PAREDES_L, Local Cell ID=7, Cell Name=PIC_UIO_ANA_PAREDES_APT_7, eNodeB ID=43543, Cell FDD TDD indication=CELL_FDD",Reliable,111.7,2.328
2026-04-10 02:00,60,"PIC_UIO_CUSCUNGO_UL/Cell:eNodeB Function Name=PIC_UIO_CUSCUNGO_L, Local Cell ID=9, Cell Name=PIC_UIO_CUSCUNGO_APT_9, eNodeB ID=43600, Cell FDD TDD indication=CELL_FDD",Reliable,2976.639,103.213
2026-04-10 02:00,60,"PIC_UIO_CUSCUNGO_UL/Cell:eNodeB Function Name=PIC_UIO_CUSCUNGO_L, Local Cell ID=8, Cell Name=PIC_UIO_CUSCUNGO_APT_8, eNodeB ID=43600, Cell FDD TDD indication=CELL_FDD",Reliable,343.039,23.706
2026-04-10 02:00,60,"PIC_UIO_CUSCUNGO_UL/Cell:eNodeB Function Name=PIC_UIO_CUSCUNGO_L, Local Cell ID=7, Cell Name=PIC_UIO_CUSCUNGO_APT_7, eNodeB ID=43600, Cell FDD TDD indication=CELL_FDD",Reliable,677.42,43.277
2026-04-10 02:00,60,"PIC_UIO_YAGUACHI_UL/Cell:eNodeB Function Name=PIC_UIO_YAGUACHI_L, Local Cell ID=8, Cell Name=PIC_UIO_YAGUACHI_APT_8, eNodeB ID=43539, Cell FDD TDD indication=CELL_FDD",Reliable,184.608,18.091
2026-04-10 02:00,60,"PIC_UIO_YAGUACHI_UL/Cell:eNodeB Function Name=PIC_UIO_YAGUACHI_L, Local Cell ID=7, Cell Name=PIC_UIO_YAGUACHI_APT_7, eNodeB ID=43539, Cell FDD TDD indication=CELL_FDD",Reliable,398.647,47.021
2026-04-10 02:00,60,"PIC_UIO_MONJAS_ALTO_UL/Cell:eNodeB Function Name=PIC_UIO_MONJAS_ALTO_L, Local Cell ID=8, Cell Name=PIC_UIO_MONJAS_ALTO_APT_8, eNodeB ID=43525, Cell FDD TDD indication=CELL_FDD",Reliable,298.616,86.647
2026-04-10 02:00,60,"PIC_UIO_MONJAS_ALTO_UL/Cell:eNodeB Function Name=PIC_UIO_MONJAS_ALTO_L, Local Cell ID=7, Cell Name=PIC_UIO_MONJAS_ALTO_APT_7, eNodeB ID=43525, Cell FDD TDD indication=CELL_FDD",Reliable,227.995,637.952
2026-04-10 02:00,60,"PIC_UIO_SOLANDA_NORTE_UL/Cell:eNodeB Function Name=PIC_UIO_SOLANDA_NORTE_L, Local Cell ID=9, Cell Name=PIC_UIO_SOLANDA_NORTE_APT_9, eNodeB ID=43609, Cell FDD TDD indication=CELL_FDD",Reliable,297.644,31.22
2026-04-10 02:00,60,"PIC_UIO_SOLANDA_NORTE_UL/Cell:eNodeB Function Name=PIC_UIO_SOLANDA_NORTE_L, Local Cell ID=8, Cell Name=PIC_UIO_SOLANDA_NORTE_APT_8, eNodeB ID=43609, Cell FDD TDD indication=CELL_FDD",Reliable,228.861,22.949
2026-04-10 02:00,60,"PIC_UIO_SOLANDA_NORTE_UL/Cell:eNodeB Function Name=PIC_UIO_SOLANDA_NORTE_L, Local Cell ID=7, Cell Name=PIC_UIO_SOLANDA_NORTE_APT_7, eNodeB ID=43609, Cell FDD TDD indication=CELL_FDD",Reliable,1059.126,1984.913
2026-04-10 02:00,60,"PIC_UIO_PUEBLO_UNIDO_UL/Cell:eNodeB Function Name=PIC_UIO_PUEBLO_UNIDO_L, Local Cell ID=8, Cell Name=PIC_UIO_PUEBLO_UNIDO_APT_8, eNodeB ID=43562, Cell FDD TDD indication=CELL_FDD",Reliable,89.11,13.666
2026-04-10 02:00,60,"PIC_UIO_PUEBLO_UNIDO_UL/Cell:eNodeB Function Name=PIC_UIO_PUEBLO_UNIDO_L, Local Cell ID=7, Cell Name=PIC_UIO_PUEBLO_UNIDO_APT_7, eNodeB ID=43562, Cell FDD TDD indication=CELL_FDD",Reliable,379.891,273.192
2026-04-10 02:00,60,"PIC_UIO_QUIMIAG_UL/Cell:eNodeB Function Name=PIC_UIO_QUIMIAG_L, Local Cell ID=9, Cell Name=PIC_UIO_QUIMIAG_APT_9, eNodeB ID=43563, Cell FDD TDD indication=CELL_FDD",Reliable,365.755,32.876
2026-04-10 02:00,60,"PIC_UIO_QUIMIAG_UL/Cell:eNodeB Function Name=PIC_UIO_QUIMIAG_L, Local Cell ID=8, Cell Name=PIC_UIO_QUIMIAG_APT_8, eNodeB ID=43563, Cell FDD TDD indication=CELL_FDD",Reliable,50.899,6.178
2026-04-10 02:00,60,"PIC_UIO_QUIMIAG_UL/Cell:eNodeB Function Name=PIC_UIO_QUIMIAG_L, Local Cell ID=7, Cell Name=PIC_UIO_QUIMIAG_APT_7, eNodeB ID=43563, Cell FDD TDD indication=CELL_FDD",Reliable,481.209,32.081
2026-04-10 02:00,60,"PIC_UIO_CONDOR_NAN_UL/Cell:eNodeB Function Name=PIC_UIO_CONDOR_NAN_L, Local Cell ID=7, Cell Name=PIC_UIO_CONDOR_NAN_APT_7, eNodeB ID=44217, Cell FDD TDD indication=CELL_FDD",Reliable,973.526,43.682
2026-04-10 02:00,60,"PIC_UIO_CONDOR_NAN_UL/Cell:eNodeB Function Name=PIC_UIO_CONDOR_NAN_L, Local Cell ID=8, Cell Name=PIC_UIO_CONDOR_NAN_APT_8, eNodeB ID=44217, Cell FDD TDD indication=CELL_FDD",Reliable,107.601,8.549
2026-04-10 02:00,60,"PIC_UIO_CONDOR_NAN_UL/Cell:eNodeB Function Name=PIC_UIO_CONDOR_NAN_L, Local Cell ID=9, Cell Name=PIC_UIO_CONDOR_NAN_APT_9, eNodeB ID=44217, Cell FDD TDD indication=CELL_FDD",Reliable,53.791,37.906
2026-04-10 02:00,60,"PIC_UIO_HACIENDA_ORTEGA_UL/Cell:eNodeB Function Name=PIC_UIO_HACIENDA_ORTEGA_L, Local Cell ID=7, Cell Name=PIC_UIO_HACIENDA_ORTEGA_L7_7, eNodeB ID=44252, Cell FDD TDD indication=CELL_FDD",Reliable,823.582,129.231
2026-04-10 02:00,60,"PIC_UIO_HACIENDA_ORTEGA_UL/Cell:eNodeB Function Name=PIC_UIO_HACIENDA_ORTEGA_L, Local Cell ID=8, Cell Name=PIC_UIO_HACIENDA_ORTEGA_L7_8, eNodeB ID=44252, Cell FDD TDD indication=CELL_FDD",Reliable,598.989,66.836
2026-04-10 02:00,60,"PIC_UIO_HACIENDA_ORTEGA_UL/Cell:eNodeB Function Name=PIC_UIO_HACIENDA_ORTEGA_L, Local Cell ID=9, Cell Name=PIC_UIO_HACIENDA_ORTEGA_L7_9, eNodeB ID=44252, Cell FDD TDD indication=CELL_FDD",Reliable,582.536,53.671
2026-04-10 02:00,60,"PIC_UIO_SALVADOR_ALLENDE_UL/Cell:eNodeB Function Name=PIC_UIO_SALVADOR_ALLENDE_L, Local Cell ID=7, Cell Name=PIC_UIO_SALVADOR_ALLENDE_L7_7, eNodeB ID=44185, Cell FDD TDD indication=CELL_FDD",Reliable,287.644,95.507
2026-04-10 02:00,60,"PIC_UIO_SALVADOR_ALLENDE_UL/Cell:eNodeB Function Name=PIC_UIO_SALVADOR_ALLENDE_L, Local Cell ID=8, Cell Name=PIC_UIO_SALVADOR_ALLENDE_L7_8, eNodeB ID=44185, Cell FDD TDD indication=CELL_FDD",Reliable,11.014,2.077
2026-04-10 02:00,60,"PIC_UIO_SALVADOR_ALLENDE_UL/Cell:eNodeB Function Name=PIC_UIO_SALVADOR_ALLENDE_L, Local Cell ID=9, Cell Name=PIC_UIO_SALVADOR_ALLENDE_L7_9, eNodeB ID=44185, Cell FDD TDD indication=CELL_FDD",Reliable,363.376,31.69
2026-04-10 02:00,60,"PIC_UIO_MARTHA_BUCARAM_UL/Cell:eNodeB Function Name=PIC_UIO_MARTHA_BUCARAM_L, Local Cell ID=7, Cell Name=PIC_UIO_MARTHA_BUCARAM_L7_7, eNodeB ID=44353, Cell FDD TDD indication=CELL_FDD",Reliable,798.022,21.554
2026-04-10 02:00,60,"PIC_UIO_MARTHA_BUCARAM_UL/Cell:eNodeB Function Name=PIC_UIO_MARTHA_BUCARAM_L, Local Cell ID=8, Cell Name=PIC_UIO_MARTHA_BUCARAM_L7_8, eNodeB ID=44353, Cell FDD TDD indication=CELL_FDD",Reliable,22.776,2.583
2026-04-10 02:00,60,"PIC_UIO_MARTHA_BUCARAM_UL/Cell:eNodeB Function Name=PIC_UIO_MARTHA_BUCARAM_L, Local Cell ID=9, Cell Name=PIC_UIO_MARTHA_BUCARAM_L7_9, eNodeB ID=44353, Cell FDD TDD indication=CELL_FDD",Reliable,664.58,82.076
2026-04-10 02:00,60,"PIC_UIO_CUTUGLAHUA_UL/Cell:eNodeB Function Name=PIC_MEJ_CUTUGLAHUA_L, Local Cell ID=7, Cell Name=PIC_MEJ_CUTUGLAHUA_L7_7, eNodeB ID=44109, Cell FDD TDD indication=CELL_FDD",Reliable,139.244,23.194
2026-04-10 02:00,60,"PIC_UIO_CUTUGLAHUA_UL/Cell:eNodeB Function Name=PIC_MEJ_CUTUGLAHUA_L, Local Cell ID=8, Cell Name=PIC_MEJ_CUTUGLAHUA_L7_8, eNodeB ID=44109, Cell FDD TDD indication=CELL_FDD",Reliable,46.062,26.106
2026-04-10 02:00,60,"PIC_UIO_CUTUGLAHUA_UL/Cell:eNodeB Function Name=PIC_MEJ_CUTUGLAHUA_L, Local Cell ID=9, Cell Name=PIC_MEJ_CUTUGLAHUA_L7_9, eNodeB ID=44109, Cell FDD TDD indication=CELL_FDD",Reliable,174.979,53.972
2026-04-10 02:00,60,"PIC_UIO_SAN_FERNANDO_UL/Cell:eNodeB Function Name=PIC_UIO_SAN_FERNANDO_L, Local Cell ID=7, Cell Name=PIC_UIO_SAN_FERNANDO_L7_7, eNodeB ID=44186, Cell FDD TDD indication=CELL_FDD",Reliable,45.214,8.257
2026-04-10 02:00,60,"PIC_UIO_SAN_FERNANDO_UL/Cell:eNodeB Function Name=PIC_UIO_SAN_FERNANDO_L, Local Cell ID=8, Cell Name=PIC_UIO_SAN_FERNANDO_L7_8, eNodeB ID=44186, Cell FDD TDD indication=CELL_FDD",Reliable,118.332,22.129
2026-04-10 02:00,60,"PIC_UIO_SAN_FERNANDO_UL/Cell:eNodeB Function Name=PIC_UIO_SAN_FERNANDO_L, Local Cell ID=9, Cell Name=PIC_UIO_SAN_FERNANDO_L7_9, eNodeB ID=44186, Cell FDD TDD indication=CELL_FDD",Reliable,73.184,15.808
2026-04-10 02:00,60,"PIC_UIO_EL_CONDE_UL/Cell:eNodeB Function Name=PIC_UIO_EL_CONDE_L, Local Cell ID=7, Cell Name=PIC_UIO_EL_CONDE_L7_7, eNodeB ID=44354, Cell FDD TDD indication=CELL_FDD",Reliable,4.789,3.508
2026-04-10 02:00,60,"PIC_UIO_EL_CONDE_UL/Cell:eNodeB Function Name=PIC_UIO_EL_CONDE_L, Local Cell ID=8, Cell Name=PIC_UIO_EL_CONDE_L7_8, eNodeB ID=44354, Cell FDD TDD indication=CELL_FDD",Reliable,16.356,2.062
2026-04-10 02:00,60,"PIC_UIO_EL_CONDE_UL/Cell:eNodeB Function Name=PIC_UIO_EL_CONDE_L, Local Cell ID=9, Cell Name=PIC_UIO_EL_CONDE_L7_9, eNodeB ID=44354, Cell FDD TDD indication=CELL_FDD",Reliable,78.309,9.419
2026-04-10 02:00,60,"PIC_UIO_FERROVIARIA_UL/Cell:eNodeB Function Name=PIC_UIO_FERROVIARIA_L, Local Cell ID=7, Cell Name=PIC_UIO_FERROVIARIA_APT_7, eNodeB ID=44284, Cell FDD TDD indication=CELL_FDD",Reliable,212.841,82.652
2026-04-10 02:00,60,"PIC_UIO_FERROVIARIA_UL/Cell:eNodeB Function Name=PIC_UIO_FERROVIARIA_L, Local Cell ID=8, Cell Name=PIC_UIO_FERROVIARIA_APT_8, eNodeB ID=44284, Cell FDD TDD indication=CELL_FDD",Reliable,53.514,35.636
2026-04-10 02:00,60,"PIC_UIO_FERROVIARIA_UL/Cell:eNodeB Function Name=PIC_UIO_FERROVIARIA_L, Local Cell ID=9, Cell Name=PIC_UIO_FERROVIARIA_APT_9, eNodeB ID=44284, Cell FDD TDD indication=CELL_FDD",Reliable,156.541,8.921
2026-04-10 02:00,60,"PIC_UIO_BUENA_AVENTURA_UL/Cell:eNodeB Function Name=PIC_UIO_BUENA_AVENTURA_L, Local Cell ID=7, Cell Name=PIC_UIO_BUENA_AVENTURA_APT_7, eNodeB ID=44350, Cell FDD TDD indication=CELL_FDD",Reliable,565.645,32.805
2026-04-10 02:00,60,"PIC_UIO_BUENA_AVENTURA_UL/Cell:eNodeB Function Name=PIC_UIO_BUENA_AVENTURA_L, Local Cell ID=8, Cell Name=PIC_UIO_BUENA_AVENTURA_APT_8, eNodeB ID=44350, Cell FDD TDD indication=CELL_FDD",Reliable,68.321,4.906
2026-04-10 02:00,60,"PIC_UIO_VIA_PINTAG_UL/Cell:eNodeB Function Name=PIC_UIO_VIA_PINTAGL21, Local Cell ID=7, Cell Name=PIC_UIO_VIA_PINTAG_APT_7, eNodeB ID=44280, Cell FDD TDD indication=CELL_FDD",Reliable,289.071,24.116
2026-04-10 02:00,60,"PIC_UIO_VIA_PINTAG_UL/Cell:eNodeB Function Name=PIC_UIO_VIA_PINTAGL21, Local Cell ID=8, Cell Name=PIC_UIO_VIA_PINTAG_APT_8, eNodeB ID=44280, Cell FDD TDD indication=CELL_FDD",Reliable,49.441,14.674
2026-04-10 02:00,60,"PIC_UIO_VIA_PINTAG_UL/Cell:eNodeB Function Name=PIC_UIO_VIA_PINTAGL21, Local Cell ID=9, Cell Name=PIC_UIO_VIA_PINTAG_APT_9, eNodeB ID=44280, Cell FDD TDD indication=CELL_FDD",Reliable,62.882,5.474
2026-04-10 02:00,60,"PIC_UIO_ANGOCHAGUA_TRR_UL/Cell:eNodeB Function Name=PIC_UIO_ANGOCHAGUA_TRR_L, Local Cell ID=7, Cell Name=PIC_UIO_ANGOCHAGUA_TRR_APT_7, eNodeB ID=44849, Cell FDD TDD indication=CELL_FDD",Reliable,42.208,13.623
2026-04-10 02:00,60,"PIC_UIO_ANGOCHAGUA_TRR_UL/Cell:eNodeB Function Name=PIC_UIO_ANGOCHAGUA_TRR_L, Local Cell ID=8, Cell Name=PIC_UIO_ANGOCHAGUA_TRR_APT_8, eNodeB ID=44849, Cell FDD TDD indication=CELL_FDD",Reliable,46.115,4.683
2026-04-10 02:00,60,"PIC_UIO_ANGOCHAGUA_TRR_UL/Cell:eNodeB Function Name=PIC_UIO_ANGOCHAGUA_TRR_L, Local Cell ID=9, Cell Name=PIC_UIO_ANGOCHAGUA_TRR_APT_9, eNodeB ID=44849, Cell FDD TDD indication=CELL_FDD",Reliable,379.976,29.186
2026-04-10 02:00,60,"PIC_UIO_PANECILLO_UL/Cell:eNodeB Function Name=PIC_UIO_PANECILLO_L, Local Cell ID=7, Cell Name=PIC_UIO_PANECILLO_APT_7, eNodeB ID=44014, Cell FDD TDD indication=CELL_FDD",Reliable,656.073,50.807
2026-04-10 02:00,60,"PIC_UIO_PANECILLO_UL/Cell:eNodeB Function Name=PIC_UIO_PANECILLO_L, Local Cell ID=8, Cell Name=PIC_UIO_PANECILLO_APT_8, eNodeB ID=44014, Cell FDD TDD indication=CELL_FDD",Reliable,680.754,51.642
2026-04-10 02:00,60,"PIC_CHI_COLIBRI_UL/Cell:eNodeB Function Name=PIC_RUM_COLIBRI_L, Local Cell ID=7, Cell Name=PIC_RUM_COLIBRI_L7_7, eNodeB ID=44130, Cell FDD TDD indication=CELL_FDD",Reliable,37.887,6.775
2026-04-10 02:00,60,"PIC_CHI_COLIBRI_UL/Cell:eNodeB Function Name=PIC_RUM_COLIBRI_L, Local Cell ID=8, Cell Name=PIC_RUM_COLIBRI_L7_8, eNodeB ID=44130, Cell FDD TDD indication=CELL_FDD",Reliable,740.389,682.056
2026-04-10 02:00,60,"PIC_CHI_COLIBRI_UL/Cell:eNodeB Function Name=PIC_RUM_COLIBRI_L, Local Cell ID=9, Cell Name=PIC_RUM_COLIBRI_L7_9, eNodeB ID=44130, Cell FDD TDD indication=CELL_FDD",Reliable,324.388,27.308
2026-04-10 02:00,60,"PIC_UIO_ZAPOTILLO_UL/Cell:eNodeB Function Name=PIC_UIO_ZAPOTILLOL21, Local Cell ID=7, Cell Name=PIC_UIO_ZAPOTILLO_APT_7, eNodeB ID=44342, Cell FDD TDD indication=CELL_FDD",Reliable,283.969,18.679
2026-04-10 02:00,60,"PIC_UIO_ZAPOTILLO_UL/Cell:eNodeB Function Name=PIC_UIO_ZAPOTILLOL21, Local Cell ID=8, Cell Name=PIC_UIO_ZAPOTILLO_APT_8, eNodeB ID=44342, Cell FDD TDD indication=CELL_FDD",Reliable,6.519,4.732
2026-04-10 02:00,60,"PIC_UIO_ZAPOTILLO_UL/Cell:eNodeB Function Name=PIC_UIO_ZAPOTILLOL21, Local Cell ID=9, Cell Name=PIC_UIO_ZAPOTILLO_APT_9, eNodeB ID=44342, Cell FDD TDD indication=CELL_FDD",Reliable,52.55,8.261
2026-04-10 02:00,60,"PIC_UIO_TAMBILLO_UL/Cell:eNodeB Function Name=PIC_UIO_TAMBILLO_L, Local Cell ID=7, Cell Name=PIC_UIO_TAMBILLO_APT_7, eNodeB ID=44241, Cell FDD TDD indication=CELL_FDD",Reliable,138.117,35.435
2026-04-10 02:00,60,"PIC_UIO_TAMBILLO_UL/Cell:eNodeB Function Name=PIC_UIO_TAMBILLO_L, Local Cell ID=8, Cell Name=PIC_UIO_TAMBILLO_APT_8, eNodeB ID=44241, Cell FDD TDD indication=CELL_FDD",Reliable,875.938,70.369
2026-04-10 02:00,60,"PIC_UIO_TAMBILLO_UL/Cell:eNodeB Function Name=PIC_UIO_TAMBILLO_L, Local Cell ID=9, Cell Name=PIC_UIO_TAMBILLO_APT_9, eNodeB ID=44241, Cell FDD TDD indication=CELL_FDD",Reliable,10.46,2.186
2026-04-10 02:00,60,"PIC_UIO_PLAYON_UL/Cell:eNodeB Function Name=PIC_UIO_PLAYON_L, Local Cell ID=7, Cell Name=PIC_UIO_PLAYON_APT_7, eNodeB ID=44268, Cell FDD TDD indication=CELL_FDD",Reliable,2.989,0.702
2026-04-10 02:00,60,"PIC_UIO_PLAYON_UL/Cell:eNodeB Function Name=PIC_UIO_PLAYON_L, Local Cell ID=8, Cell Name=PIC_UIO_PLAYON_APT_8, eNodeB ID=44268, Cell FDD TDD indication=CELL_FDD",Reliable,28.114,3.211
2026-04-10 02:00,60,"PIC_UIO_PLAYON_UL/Cell:eNodeB Function Name=PIC_UIO_PLAYON_L, Local Cell ID=9, Cell Name=PIC_UIO_PLAYON_APT_9, eNodeB ID=44268, Cell FDD TDD indication=CELL_FDD",Reliable,1.669,0.674
2026-04-10 02:00,60,"PIC_CHI_COTOGCHOA_UL/Cell:eNodeB Function Name=PIC_CHI_COTOGCHOA_L, Local Cell ID=7, Cell Name=PIC_CHI_COTOGCHOA_APT_7, eNodeB ID=44108, Cell FDD TDD indication=CELL_FDD",Reliable,678.004,76.662
2026-04-10 02:00,60,"PIC_CHI_COTOGCHOA_UL/Cell:eNodeB Function Name=PIC_CHI_COTOGCHOA_L, Local Cell ID=8, Cell Name=PIC_CHI_COTOGCHOA_APT_8, eNodeB ID=44108, Cell FDD TDD indication=CELL_FDD",Reliable,808.417,75.224
2026-04-10 02:00,60,"PIC_CHI_COTOGCHOA_UL/Cell:eNodeB Function Name=PIC_CHI_COTOGCHOA_L, Local Cell ID=9, Cell Name=PIC_CHI_COTOGCHOA_APT_9, eNodeB ID=44108, Cell FDD TDD indication=CELL_FDD",Reliable,431.596,34.773
2026-04-10 02:00,60,"PIC_UIO_LA_MERCED_UL/Cell:eNodeB Function Name=PIC_UIO_LA_MERCED_L, Local Cell ID=7, Cell Name=PIC_UIO_LA_MERCED_APT_7, eNodeB ID=44254, Cell FDD TDD indication=CELL_FDD",Reliable,152.465,9.31
2026-04-10 02:00,60,"PIC_UIO_LA_MERCED_UL/Cell:eNodeB Function Name=PIC_UIO_LA_MERCED_L, Local Cell ID=8, Cell Name=PIC_UIO_LA_MERCED_APT_8, eNodeB ID=44254, Cell FDD TDD indication=CELL_FDD",Reliable,29.637,19.204
2026-04-10 02:00,60,"PIC_UIO_LA_MERCED_UL/Cell:eNodeB Function Name=PIC_UIO_LA_MERCED_L, Local Cell ID=9, Cell Name=PIC_UIO_LA_MERCED_APT_9, eNodeB ID=44254, Cell FDD TDD indication=CELL_FDD",Reliable,0.301,3.032
2026-04-10 02:00,60,"PIC_MEJ_TESALIA_UL/Cell:eNodeB Function Name=PIC_MEJ_TESALIA_L, Local Cell ID=7, Cell Name=PIC_MEJ_TESALIA_APT_7, eNodeB ID=44428, Cell FDD TDD indication=CELL_FDD",Reliable,126.67,14.503
2026-04-10 02:00,60,"PIC_MEJ_TESALIA_UL/Cell:eNodeB Function Name=PIC_MEJ_TESALIA_L, Local Cell ID=8, Cell Name=PIC_MEJ_TESALIA_APT_8, eNodeB ID=44428, Cell FDD TDD indication=CELL_FDD",Reliable,120.463,18.183
2026-04-10 02:00,60,"PIC_MEJ_TESALIA_UL/Cell:eNodeB Function Name=PIC_MEJ_TESALIA_L, Local Cell ID=9, Cell Name=PIC_MEJ_TESALIA_APT_9, eNodeB ID=44428, Cell FDD TDD indication=CELL_FDD",Reliable,122.605,12.113
2026-04-10 02:00,60,"PIC_CHI_PASAJE_SAN_BLAS_UL/Cell:eNodeB Function Name=PIC_CHI_PASAJE_SAN_BLAS_L, Local Cell ID=9, Cell Name=PIC_CHI_PASAJE_SAN_BLAS_APT_9, eNodeB ID=43561, Cell FDD TDD indication=CELL_FDD",Reliable,22.914,7.58
2026-04-10 02:00,60,"PIC_CHI_PASAJE_SAN_BLAS_UL/Cell:eNodeB Function Name=PIC_CHI_PASAJE_SAN_BLAS_L, Local Cell ID=8, Cell Name=PIC_CHI_PASAJE_SAN_BLAS_APT_8, eNodeB ID=43561, Cell FDD TDD indication=CELL_FDD",Reliable,265.475,416.517
2026-04-10 02:00,60,"PIC_CHI_PASAJE_SAN_BLAS_UL/Cell:eNodeB Function Name=PIC_CHI_PASAJE_SAN_BLAS_L, Local Cell ID=7, Cell Name=PIC_CHI_PASAJE_SAN_BLAS_APT_7, eNodeB ID=43561, Cell FDD TDD indication=CELL_FDD",Reliable,104.122,12.629
2026-04-10 02:00,60,"PIC_CHI_COL_LA_SALLE_UL/Cell:eNodeB Function Name=PIC_CHI_COL_LA_SALLE_L, Local Cell ID=9, Cell Name=PIC_CHI_COL_LA_SALLE_APT_9, eNodeB ID=43506, Cell FDD TDD indication=CELL_FDD",Reliable,10.25,205.685
2026-04-10 02:00,60,"PIC_CHI_COL_LA_SALLE_UL/Cell:eNodeB Function Name=PIC_CHI_COL_LA_SALLE_L, Local Cell ID=8, Cell Name=PIC_CHI_COL_LA_SALLE_APT_8, eNodeB ID=43506, Cell FDD TDD indication=CELL_FDD",Reliable,62.964,12.539
2026-04-10 02:00,60,"PIC_CHI_COL_LA_SALLE_UL/Cell:eNodeB Function Name=PIC_CHI_COL_LA_SALLE_L, Local Cell ID=7, Cell Name=PIC_CHI_COL_LA_SALLE_APT_7, eNodeB ID=43506, Cell FDD TDD indication=CELL_FDD",Reliable,320.718,45.478
2026-04-10 02:00,60,"PIC_CHI_BALCON_DEL_VALLE_UL/Cell:eNodeB Function Name=PIC_CHI_BALCON_DEL_VALLE_L, Local Cell ID=8, Cell Name=PIC_CHI_BALCON_DEL_VALLE_APT_8, eNodeB ID=43558, Cell FDD TDD indication=CELL_FDD",Reliable,320.325,32.735
2026-04-10 02:00,60,"PIC_CHI_BALCON_DEL_VALLE_UL/Cell:eNodeB Function Name=PIC_CHI_BALCON_DEL_VALLE_L, Local Cell ID=7, Cell Name=PIC_CHI_BALCON_DEL_VALLE_APT_7, eNodeB ID=43558, Cell FDD TDD indication=CELL_FDD",Reliable,489.554,31.054
2026-04-10 02:00,60,"PIC_UIO_BURGUEOS_ULN/Cell:eNodeB Function Name=PIC_UIO_BURGUEOS_L, Local Cell ID=9, Cell Name=PIC_UIO_BURGUEOS_APT_9, eNodeB ID=43586, Cell FDD TDD indication=CELL_FDD",Reliable,61.076,6.263
2026-04-10 02:00,60,"PIC_UIO_BURGUEOS_ULN/Cell:eNodeB Function Name=PIC_UIO_BURGUEOS_L, Local Cell ID=8, Cell Name=PIC_UIO_BURGUEOS_APT_8, eNodeB ID=43586, Cell FDD TDD indication=CELL_FDD",Reliable,11.412,1.588
2026-04-10 02:00,60,"PIC_UIO_BURGUEOS_ULN/Cell:eNodeB Function Name=PIC_UIO_BURGUEOS_L, Local Cell ID=7, Cell Name=PIC_UIO_BURGUEOS_APT_7, eNodeB ID=43586, Cell FDD TDD indication=CELL_FDD",Reliable,72.33,4.169
2026-04-10 02:00,60,"PIC_ALO_ALOAG(3G)_UL/Cell:eNodeB Function Name=PIC_ALO_ALOAG_L, Local Cell ID=7, Cell Name=PIC_ALO_ALOAG_APT_7, eNodeB ID=44400, Cell FDD TDD indication=CELL_FDD",Reliable,1.345,0.515
2026-04-10 02:00,60,"PIC_ALO_ALOAG(3G)_UL/Cell:eNodeB Function Name=PIC_ALO_ALOAG_L, Local Cell ID=8, Cell Name=PIC_ALO_ALOAG_APT_8, eNodeB ID=44400, Cell FDD TDD indication=CELL_FDD",Reliable,940.451,272.666
2026-04-10 02:00,60,"PIC_ALO_ALOAG(3G)_UL/Cell:eNodeB Function Name=PIC_ALO_ALOAG_L, Local Cell ID=9, Cell Name=PIC_ALO_ALOAG_APT_9, eNodeB ID=44400, Cell FDD TDD indication=CELL_FDD",Reliable,536.799,114.935
2026-04-10 02:00,60,"PIC_UIO_CASHAPAMBA(PI)_UL/Cell:eNodeB Function Name=PIC_UIO_CASHAPAMBA_L, Local Cell ID=7, Cell Name=PIC_UIO_CASHAPAMBA_L7_7, eNodeB ID=44365, Cell FDD TDD indication=CELL_FDD",Reliable,120.287,10.644
2026-04-10 02:00,60,"PIC_UIO_CASHAPAMBA(PI)_UL/Cell:eNodeB Function Name=PIC_UIO_CASHAPAMBA_L, Local Cell ID=8, Cell Name=PIC_UIO_CASHAPAMBA_L7_8, eNodeB ID=44365, Cell FDD TDD indication=CELL_FDD",Reliable,565.774,39.132
2026-04-10 02:00,60,"PIC_UIO_CASHAPAMBA(PI)_UL/Cell:eNodeB Function Name=PIC_UIO_CASHAPAMBA_L, Local Cell ID=9, Cell Name=PIC_UIO_CASHAPAMBA_L7_9, eNodeB ID=44365, Cell FDD TDD indication=CELL_FDD",Reliable,237.891,50.466
2026-04-10 02:00,60,"PIC_CHI_PUEBLO_BLANCO_UL/Cell:eNodeB Function Name=PIC_CHI_PUEBLO_BLANCO_L, Local Cell ID=7, Cell Name=PIC_CHI_PUEBLO_BLANCO_APT_7, eNodeB ID=44348, Cell FDD TDD indication=CELL_FDD",Reliable,83.496,18.997
2026-04-10 02:00,60,"PIC_CHI_PUEBLO_BLANCO_UL/Cell:eNodeB Function Name=PIC_CHI_PUEBLO_BLANCO_L, Local Cell ID=8, Cell Name=PIC_CHI_PUEBLO_BLANCO_APT_8, eNodeB ID=44348, Cell FDD TDD indication=CELL_FDD",Reliable,644.514,37.234
2026-04-10 02:00,60,"PIC_CHI_PUEBLO_BLANCO_UL/Cell:eNodeB Function Name=PIC_CHI_PUEBLO_BLANCO_L, Local Cell ID=9, Cell Name=PIC_CHI_PUEBLO_BLANCO_APT_9, eNodeB ID=44348, Cell FDD TDD indication=CELL_FDD",Reliable,15.783,1.823
2026-04-10 02:00,60,"PIC_UIO_VIA_PAPALLACTA_QUITO_UL/Cell:eNodeB Function Name=PIC_UIO_VIA_PAPALLACTA_QUITOL7, Local Cell ID=7, Cell Name=PIC_UIO_VIA_PAPALLACTA_QUITO_APT_7, eNodeB ID=44367, Cell FDD TDD indication=CELL_FDD",Reliable,463.092,43.2
2026-04-10 02:00,60,"PIC_UIO_VIA_PAPALLACTA_QUITO_UL/Cell:eNodeB Function Name=PIC_UIO_VIA_PAPALLACTA_QUITOL7, Local Cell ID=8, Cell Name=PIC_UIO_VIA_PAPALLACTA_QUITO_APT_8, eNodeB ID=44367, Cell FDD TDD indication=CELL_FDD",Reliable,30.357,7.729
2026-04-10 02:00,60,"PIC_UIO_VIA_PAPALLACTA_QUITO_UL/Cell:eNodeB Function Name=PIC_UIO_VIA_PAPALLACTA_QUITOL7, Local Cell ID=9, Cell Name=PIC_UIO_VIA_PAPALLACTA_QUITO_APT_9, eNodeB ID=44367, Cell FDD TDD indication=CELL_FDD",Reliable,1026.197,70.383
2026-04-10 02:00,60,"PIC_UIO_SAN_ISIDRO_PUENGAS_UL/Cell:eNodeB Function Name=PIC_UIO_SAN_ISIDRO_PUENGAS_L, Local Cell ID=1, Cell Name=PIC_UIO_SAN_ISIDRO_PUENGAS_AWS_1, eNodeB ID=44344, Cell FDD TDD indication=CELL_FDD",Reliable,507.463,37.205
2026-04-10 02:00,60,"PIC_UIO_SAN_ISIDRO_PUENGAS_UL/Cell:eNodeB Function Name=PIC_UIO_SAN_ISIDRO_PUENGAS_L, Local Cell ID=8, Cell Name=PIC_UIO_SAN_ISIDRO_PUENGAS_APT_8, eNodeB ID=44344, Cell FDD TDD indication=CELL_FDD",Reliable,125.911,12.535
2026-04-10 02:00,60,"PIC_UIO_SAN_ISIDRO_PUENGAS_UL/Cell:eNodeB Function Name=PIC_UIO_SAN_ISIDRO_PUENGAS_L, Local Cell ID=9, Cell Name=PIC_UIO_SAN_ISIDRO_PUENGAS_APT_9, eNodeB ID=44344, Cell FDD TDD indication=CELL_FDD",Reliable,631.994,65.02
2026-04-10 02:00,60,"PIC_TUM_AURELIO_DAVILA_ULN/Cell:eNodeB Function Name=PIC_TUM_AURELIO_DAVILA_L, Local Cell ID=7, Cell Name=PIC_TUM_AURELIO_DAVILA_APT_7, eNodeB ID=43545, Cell FDD TDD indication=CELL_FDD",Reliable,213.904,16.581
2026-04-10 02:00,60,"PIC_TUM_AURELIO_DAVILA_ULN/Cell:eNodeB Function Name=PIC_TUM_AURELIO_DAVILA_L, Local Cell ID=8, Cell Name=PIC_TUM_AURELIO_DAVILA_APT_8, eNodeB ID=43545, Cell FDD TDD indication=CELL_FDD",Reliable,3.967,3.377
2026-04-10 02:00,60,"PIC_TUM_AURELIO_DAVILA_ULN/Cell:eNodeB Function Name=PIC_TUM_AURELIO_DAVILA_L, Local Cell ID=9, Cell Name=PIC_TUM_AURELIO_DAVILA_APT_9, eNodeB ID=43545, Cell FDD TDD indication=CELL_FDD",Reliable,8.603,3.88
2026-04-10 02:00,60,"PIC_UIO_ALANGASI_CENTRAL_UL/Cell:eNodeB Function Name=PIC_UIO_ALANGASI_CENTRAL_L, Local Cell ID=7, Cell Name=PIC_UIO_ALANGASI_CENTRAL_APT_7, eNodeB ID=44279, Cell FDD TDD indication=CELL_FDD",Reliable,11.17,5.698
2026-04-10 02:00,60,"PIC_UIO_ALANGASI_CENTRAL_UL/Cell:eNodeB Function Name=PIC_UIO_ALANGASI_CENTRAL_L, Local Cell ID=8, Cell Name=PIC_UIO_ALANGASI_CENTRAL_APT_8, eNodeB ID=44279, Cell FDD TDD indication=CELL_FDD",Reliable,162.223,11.18
2026-04-10 02:00,60,"PIC_UIO_ALANGASI_CENTRAL_UL/Cell:eNodeB Function Name=PIC_UIO_ALANGASI_CENTRAL_L, Local Cell ID=9, Cell Name=PIC_UIO_ALANGASI_CENTRAL_APT_9, eNodeB ID=44279, Cell FDD TDD indication=CELL_FDD",Reliable,629.293,42.842
2026-04-10 02:00,60,"PIC_UIO_PARQUE_ITALIA_UL/Cell:eNodeB Function Name=PIC_UIO_PARQUE_ITALIA_L, Local Cell ID=7, Cell Name=PIC_UIO_PARQUE_ITALIA_APT_7, eNodeB ID=43551, Cell FDD TDD indication=CELL_FDD",Reliable,266.015,29.539
2026-04-10 02:00,60,"PIC_UIO_PARQUE_ITALIA_UL/Cell:eNodeB Function Name=PIC_UIO_PARQUE_ITALIA_L, Local Cell ID=8, Cell Name=PIC_UIO_PARQUE_ITALIA_APT_8, eNodeB ID=43551, Cell FDD TDD indication=CELL_FDD",Reliable,522.013,35.146
2026-04-10 02:00,60,"PIC_UIO_PARQUE_ITALIA_UL/Cell:eNodeB Function Name=PIC_UIO_PARQUE_ITALIA_L, Local Cell ID=9, Cell Name=PIC_UIO_PARQUE_ITALIA_APT_9, eNodeB ID=43551, Cell FDD TDD indication=CELL_FDD",Reliable,549.492,74.485
2026-04-10 02:00,60,"PIC_CHI_SAN_FRANCISCO_DE_CONOCOTO_UL/Cell:eNodeB Function Name=PIC_CHI_SAN_FRANCISCO_DE_CONOCOTO_L, Local Cell ID=7, Cell Name=PIC_CHI_SAN_FRANCISCO_DE_CONOCOTO_L7_7, eNodeB ID=44237, Cell FDD TDD indication=CELL_FDD",Reliable,277.925,23.117
2026-04-10 02:00,60,"PIC_CHI_SAN_FRANCISCO_DE_CONOCOTO_UL/Cell:eNodeB Function Name=PIC_CHI_SAN_FRANCISCO_DE_CONOCOTO_L, Local Cell ID=8, Cell Name=PIC_CHI_SAN_FRANCISCO_DE_CONOCOTO_L7_8, eNodeB ID=44237, Cell FDD TDD indication=CELL_FDD",Reliable,32.653,10.789
2026-04-10 02:00,60,"PIC_CHI_SAN_FRANCISCO_DE_CONOCOTO_UL/Cell:eNodeB Function Name=PIC_CHI_SAN_FRANCISCO_DE_CONOCOTO_L, Local Cell ID=9, Cell Name=PIC_CHI_SAN_FRANCISCO_DE_CONOCOTO_L7_9, eNodeB ID=44237, Cell FDD TDD indication=CELL_FDD",Reliable,478.016,38.147
2026-04-10 02:00,60,"PIC_UIO_COW_INTER_CUMBAYA_UL/Cell:eNodeB Function Name=PIC_UIO_COW_INTER_CUMBAYA_L, Local Cell ID=7, Cell Name=PIC_UIO_COW_INTER_CUMBAYA_APT_7, eNodeB ID=44931, Cell FDD TDD indication=CELL_FDD",Reliable,93.403,53.621
2026-04-10 02:00,60,"PIC_UIO_COW_INTER_CUMBAYA_UL/Cell:eNodeB Function Name=PIC_UIO_COW_INTER_CUMBAYA_L, Local Cell ID=8, Cell Name=PIC_UIO_COW_INTER_CUMBAYA_APT_8, eNodeB ID=44931, Cell FDD TDD indication=CELL_FDD",Reliable,88.478,15.281
2026-04-10 02:00,60,"PIC_UIO_COW_INTER_CUMBAYA_UL/Cell:eNodeB Function Name=PIC_UIO_COW_INTER_CUMBAYA_L, Local Cell ID=9, Cell Name=PIC_UIO_COW_INTER_CUMBAYA_APT_9, eNodeB ID=44931, Cell FDD TDD indication=CELL_FDD",Reliable,75.519,10.667
2026-04-10 02:00,60,"PIC_UIO_EL_QUINCHE_UL/Cell:eNodeB Function Name=PIC_UIO_EL_QUINCHE_L, Local Cell ID=7, Cell Name=PIC_UIO_QUINCHE_APT_7, eNodeB ID=44401, Cell FDD TDD indication=CELL_FDD",Reliable,95.132,29.318
2026-04-10 02:00,60,"PIC_UIO_EL_QUINCHE_UL/Cell:eNodeB Function Name=PIC_UIO_EL_QUINCHE_L, Local Cell ID=8, Cell Name=PIC_UIO_QUINCHE_APT_8, eNodeB ID=44401, Cell FDD TDD indication=CELL_FDD",Reliable,109.061,17.825
2026-04-10 02:00,60,"PIC_UIO_EL_QUINCHE_UL/Cell:eNodeB Function Name=PIC_UIO_EL_QUINCHE_L, Local Cell ID=9, Cell Name=PIC_UIO_QUINCHE_APT_9, eNodeB ID=44401, Cell FDD TDD indication=CELL_FDD",Reliable,26.066,5.357
2026-04-10 02:00,60,"PIC_UIO_CALDERON_BELLAVISTA_UL/Cell:eNodeB Function Name=PIC_UIO_CALDERON_BELLAVISTA_L, Local Cell ID=7, Cell Name=PIC_UIO_CALDERON_BELLAVISTA_APT_7, eNodeB ID=44360, Cell FDD TDD indication=CELL_FDD",Reliable,9.009,3.556
2026-04-10 02:00,60,"PIC_UIO_CALDERON_BELLAVISTA_UL/Cell:eNodeB Function Name=PIC_UIO_CALDERON_BELLAVISTA_L, Local Cell ID=8, Cell Name=PIC_UIO_CALDERON_BELLAVISTA_APT_8, eNodeB ID=44360, Cell FDD TDD indication=CELL_FDD",Reliable,1556.709,48.66
2026-04-10 02:00,60,"PIC_UIO_CALDERON_BELLAVISTA_UL/Cell:eNodeB Function Name=PIC_UIO_CALDERON_BELLAVISTA_L, Local Cell ID=9, Cell Name=PIC_UIO_CALDERON_BELLAVISTA_APT_9, eNodeB ID=44360, Cell FDD TDD indication=CELL_FDD",Reliable,174.424,10.043
2026-04-10 02:00,60,"PIC_UIO_PISULI_UL/Cell:eNodeB Function Name=PIC_UIO_PISULI_L, Local Cell ID=7, Cell Name=PIC_UIO_PISULI_APT_7, eNodeB ID=44172, Cell FDD TDD indication=CELL_FDD",Reliable,184.858,29.32
2026-04-10 02:00,60,"PIC_UIO_PISULI_UL/Cell:eNodeB Function Name=PIC_UIO_PISULI_L, Local Cell ID=8, Cell Name=PIC_UIO_PISULI_APT_8, eNodeB ID=44172, Cell FDD TDD indication=CELL_FDD",Reliable,566.271,56.852
2026-04-10 02:00,60,"PIC_UIO_PISULI_UL/Cell:eNodeB Function Name=PIC_UIO_PISULI_L, Local Cell ID=9, Cell Name=PIC_UIO_PISULI_APT_9, eNodeB ID=44172, Cell FDD TDD indication=CELL_FDD",Reliable,24.016,10.094
2026-04-10 02:00,60,"PIC_UIO_URB_EL_CONDADO_UL/Cell:eNodeB Function Name=PIC_UIO_URB_EL_CONDADO_L, Local Cell ID=9, Cell Name=PIC_UIO_URB_EL_CONDADO_APT_9, eNodeB ID=43604, Cell FDD TDD indication=CELL_FDD",Reliable,496.075,21.405
2026-04-10 02:00,60,"PIC_UIO_URB_EL_CONDADO_UL/Cell:eNodeB Function Name=PIC_UIO_URB_EL_CONDADO_L, Local Cell ID=8, Cell Name=PIC_UIO_URB_EL_CONDADO_APT_8, eNodeB ID=43604, Cell FDD TDD indication=CELL_FDD",Reliable,236.276,19.248
2026-04-10 02:00,60,"PIC_UIO_URB_EL_CONDADO_UL/Cell:eNodeB Function Name=PIC_UIO_URB_EL_CONDADO_L, Local Cell ID=7, Cell Name=PIC_UIO_URB_EL_CONDADO_APT_7, eNodeB ID=43604, Cell FDD TDD indication=CELL_FDD",Reliable,218.778,548.204
2026-04-10 02:00,60,"CAR_TUL_19_DE_NOVIEMBRE_UL/Cell:eNodeB Function Name=CAR_TUL_19_DE_NOVIEMBRE_L, Local Cell ID=9, Cell Name=CAR_TUL_19_DE_NOVIEMBRE_APT_9, eNodeB ID=43531, Cell FDD TDD indication=CELL_FDD",Reliable,1262.022,80.755
2026-04-10 02:00,60,"CAR_TUL_19_DE_NOVIEMBRE_UL/Cell:eNodeB Function Name=CAR_TUL_19_DE_NOVIEMBRE_L, Local Cell ID=8, Cell Name=CAR_TUL_19_DE_NOVIEMBRE_APT_8, eNodeB ID=43531, Cell FDD TDD indication=CELL_FDD",Reliable,2206.122,314.004
2026-04-10 02:00,60,"CAR_TUL_19_DE_NOVIEMBRE_UL/Cell:eNodeB Function Name=CAR_TUL_19_DE_NOVIEMBRE_L, Local Cell ID=7, Cell Name=CAR_TUL_19_DE_NOVIEMBRE_APT_7, eNodeB ID=43531, Cell FDD TDD indication=CELL_FDD",Reliable,1006.184,72.984
2026-04-10 02:00,60,"CAR_TUL_LA_RIOJA_UL/Cell:eNodeB Function Name=CAR_TUL_LA_RIOJA_L, Local Cell ID=9, Cell Name=CAR_TUL_LA_RIOJA_APT_9, eNodeB ID=43580, Cell FDD TDD indication=CELL_FDD",Reliable,112.378,19.424
2026-04-10 02:00,60,"CAR_TUL_LA_RIOJA_UL/Cell:eNodeB Function Name=CAR_TUL_LA_RIOJA_L, Local Cell ID=8, Cell Name=CAR_TUL_LA_RIOJA_APT_8, eNodeB ID=43580, Cell FDD TDD indication=CELL_FDD",Reliable,93.411,10.007
2026-04-10 02:00,60,"CAR_TUL_LA_RIOJA_UL/Cell:eNodeB Function Name=CAR_TUL_LA_RIOJA_L, Local Cell ID=7, Cell Name=CAR_TUL_LA_RIOJA_APT_7, eNodeB ID=43580, Cell FDD TDD indication=CELL_FDD",Reliable,731.487,40.57
2026-04-10 02:00,60,"PIC_UIO_MARIANO_PAREDES_UL/Cell:eNodeB Function Name=PIC_UIO_MARIANO_PAREDES_L, Local Cell ID=9, Cell Name=PIC_UIO_MARIANO_PAREDES_APT_9, eNodeB ID=43527, Cell FDD TDD indication=CELL_FDD",Reliable,363.552,16.177
2026-04-10 02:00,60,"PIC_UIO_MARIANO_PAREDES_UL/Cell:eNodeB Function Name=PIC_UIO_MARIANO_PAREDES_L, Local Cell ID=8, Cell Name=PIC_UIO_MARIANO_PAREDES_APT_8, eNodeB ID=43527, Cell FDD TDD indication=CELL_FDD",Reliable,518.115,35.061
2026-04-10 02:00,60,"PIC_UIO_MARIANO_PAREDES_UL/Cell:eNodeB Function Name=PIC_UIO_MARIANO_PAREDES_L, Local Cell ID=7, Cell Name=PIC_UIO_MARIANO_PAREDES_APT_7, eNodeB ID=43527, Cell FDD TDD indication=CELL_FDD",Reliable,1770.085,137.666
2026-04-10 02:00,60,"PIC_UIO_CARAPUNGO_LOS_PELICANOS_UL/Cell:eNodeB Function Name=PIC_UIO_CARAPUNGO_LOS_PELICANOS_L, Local Cell ID=9, Cell Name=PIC_UIO_CARAPUNGO_LOS_PELICANOS_APT_9, eNodeB ID=43626, Cell FDD TDD indication=CELL_FDD",Reliable,35.375,6.793
2026-04-10 02:00,60,"PIC_UIO_CARAPUNGO_LOS_PELICANOS_UL/Cell:eNodeB Function Name=PIC_UIO_CARAPUNGO_LOS_PELICANOS_L, Local Cell ID=8, Cell Name=PIC_UIO_CARAPUNGO_LOS_PELICANOS_APT_8, eNodeB ID=43626, Cell FDD TDD indication=CELL_FDD",Reliable,35.987,2.949
2026-04-10 02:00,60,"PIC_UIO_CARAPUNGO_LOS_PELICANOS_UL/Cell:eNodeB Function Name=PIC_UIO_CARAPUNGO_LOS_PELICANOS_L, Local Cell ID=7, Cell Name=PIC_UIO_CARAPUNGO_LOS_PELICANOS_APT_7, eNodeB ID=43626, Cell FDD TDD indication=CELL_FDD",Reliable,269.298,31.612
2026-04-10 02:00,60,"PIC_UIO_29_DE_ABRIL_UL/Cell:eNodeB Function Name=PIC_UIO_29_DE_ABRIL_L, Local Cell ID=9, Cell Name=PIC_UIO_29_DE_ABRIL_APT_9, eNodeB ID=43601, Cell FDD TDD indication=CELL_FDD",Reliable,291.218,45.544
2026-04-10 02:00,60,"PIC_UIO_29_DE_ABRIL_UL/Cell:eNodeB Function Name=PIC_UIO_29_DE_ABRIL_L, Local Cell ID=8, Cell Name=PIC_UIO_29_DE_ABRIL_APT_8, eNodeB ID=43601, Cell FDD TDD indication=CELL_FDD",Reliable,77.366,12.191
2026-04-10 02:00,60,"PIC_UIO_29_DE_ABRIL_UL/Cell:eNodeB Function Name=PIC_UIO_29_DE_ABRIL_L, Local Cell ID=7, Cell Name=PIC_UIO_29_DE_ABRIL_APT_7, eNodeB ID=43601, Cell FDD TDD indication=CELL_FDD",Reliable,115.117,76.805
2026-04-10 02:00,60,"PIC_UIO_AREA_VERDE_UL/Cell:eNodeB Function Name=PIC_UIO_AREA_VERDE_L, Local Cell ID=9, Cell Name=PIC_UIO_AREA_VERDE_APT_9, eNodeB ID=43625, Cell FDD TDD indication=CELL_FDD",Reliable,4.654,1.532
2026-04-10 02:00,60,"PIC_UIO_AREA_VERDE_UL/Cell:eNodeB Function Name=PIC_UIO_AREA_VERDE_L, Local Cell ID=8, Cell Name=PIC_UIO_AREA_VERDE_APT_8, eNodeB ID=43625, Cell FDD TDD indication=CELL_FDD",Reliable,164.497,16.179
2026-04-10 02:00,60,"PIC_UIO_AREA_VERDE_UL/Cell:eNodeB Function Name=PIC_UIO_AREA_VERDE_L, Local Cell ID=7, Cell Name=PIC_UIO_AREA_VERDE_APT_7, eNodeB ID=43625, Cell FDD TDD indication=CELL_FDD",Reliable,284.057,26.05
2026-04-10 02:00,60,"PIC_UIO_FRANCISCO_DALMAU_UL/Cell:eNodeB Function Name=PIC_UIO_FRANCISCO_DALMAU_L, Local Cell ID=8, Cell Name=PIC_UIO_FRANCISCO_DALMAU_APT_8, eNodeB ID=43587, Cell FDD TDD indication=CELL_FDD",Reliable,135.673,16.515
2026-04-10 02:00,60,"PIC_UIO_FRANCISCO_DALMAU_UL/Cell:eNodeB Function Name=PIC_UIO_FRANCISCO_DALMAU_L, Local Cell ID=7, Cell Name=PIC_UIO_FRANCISCO_DALMAU_APT_7, eNodeB ID=43587, Cell FDD TDD indication=CELL_FDD",Reliable,21.679,2.868
2026-04-10 02:00,60,"PIC_UIO_BELLAVISTA_ALTA_UL/Cell:eNodeB Function Name=PIC_UIO_BELLAVISTA_ALTA_L, Local Cell ID=7, Cell Name=PIC_UIO_BELLAVISTA_ALTA_APT_7, eNodeB ID=44082, Cell FDD TDD indication=CELL_FDD",Reliable,69.552,19.452
2026-04-10 02:00,60,"PIC_UIO_BELLAVISTA_ALTA_UL/Cell:eNodeB Function Name=PIC_UIO_BELLAVISTA_ALTA_L, Local Cell ID=8, Cell Name=PIC_UIO_BELLAVISTA_ALTA_APT_8, eNodeB ID=44082, Cell FDD TDD indication=CELL_FDD",Reliable,61.7,4.484
2026-04-10 02:00,60,"PIC_UIO_BELLAVISTA_ALTA_UL/Cell:eNodeB Function Name=PIC_UIO_BELLAVISTA_ALTA_L, Local Cell ID=9, Cell Name=PIC_UIO_BELLAVISTA_ALTA_APT_9, eNodeB ID=44082, Cell FDD TDD indication=CELL_FDD",Reliable,247.982,19.733
2026-04-10 02:00,60,"PIC_UIO_ELOY_ALFARO_UL/Cell:eNodeB Function Name=PIC_UIO_ELOY_ALFARO_L, Local Cell ID=7, Cell Name=PIC_UIO_ELOY_ALFARO_APT_7, eNodeB ID=44034, Cell FDD TDD indication=CELL_FDD",Reliable,378.869,71.306
2026-04-10 02:00,60,"PIC_UIO_ELOY_ALFARO_UL/Cell:eNodeB Function Name=PIC_UIO_ELOY_ALFARO_L, Local Cell ID=8, Cell Name=PIC_UIO_ELOY_ALFARO_APT_8, eNodeB ID=44034, Cell FDD TDD indication=CELL_FDD",Reliable,55.407,15.573
2026-04-10 02:00,60,"PIC_UIO_ELOY_ALFARO_UL/Cell:eNodeB Function Name=PIC_UIO_ELOY_ALFARO_L, Local Cell ID=9, Cell Name=PIC_UIO_ELOY_ALFARO_APT_9, eNodeB ID=44034, Cell FDD TDD indication=CELL_FDD",Reliable,18.35,2.602
2026-04-10 02:00,60,"PIC_UIO_VIA_PIFO_UL/Cell:eNodeB Function Name=PIC_UIO_VIA_PIFO_L, Local Cell ID=7, Cell Name=PIC_UIO_VIA_PIFO_L7_7, eNodeB ID=44435, Cell FDD TDD indication=CELL_FDD",Reliable,31.393,7.081
2026-04-10 02:00,60,"PIC_UIO_VIA_PIFO_UL/Cell:eNodeB Function Name=PIC_UIO_VIA_PIFO_L, Local Cell ID=8, Cell Name=PIC_UIO_VIA_PIFO_L7_8, eNodeB ID=44435, Cell FDD TDD indication=CELL_FDD",Reliable,339.364,17.32
2026-04-10 02:00,60,"PIC_UIO_VIA_PIFO_UL/Cell:eNodeB Function Name=PIC_UIO_VIA_PIFO_L, Local Cell ID=9, Cell Name=PIC_UIO_VIA_PIFO_L7_9, eNodeB ID=44435, Cell FDD TDD indication=CELL_FDD",Reliable,183.01,10.702
2026-04-10 02:00,60,"PIC_UIO_GRAL_AGUIRRE_UL/Cell:eNodeB Function Name=PIC_UIO_GRAL_AGUIRRE_L, Local Cell ID=7, Cell Name=PIC_UIO_GRAL_AGUIRRE_APT_7, eNodeB ID=43547, Cell FDD TDD indication=CELL_FDD",Reliable,411.292,33.169
2026-04-10 02:00,60,"PIC_UIO_GRAL_AGUIRRE_UL/Cell:eNodeB Function Name=PIC_UIO_GRAL_AGUIRRE_L, Local Cell ID=8, Cell Name=PIC_UIO_GRAL_AGUIRRE_APT_8, eNodeB ID=43547, Cell FDD TDD indication=CELL_FDD",Reliable,361.432,22.56
2026-04-10 02:00,60,"PIC_UIO_GRAL_AGUIRRE_UL/Cell:eNodeB Function Name=PIC_UIO_GRAL_AGUIRRE_L, Local Cell ID=9, Cell Name=PIC_UIO_GRAL_AGUIRRE_APT_9, eNodeB ID=43547, Cell FDD TDD indication=CELL_FDD",Reliable,224.778,17.156
2026-04-10 02:00,60,"ESM_ESM_ESME_MIDUVI_UL/Cell:eNodeB Function Name=ESM_ESM_ESME_MIDUVI_L, Local Cell ID=7, Cell Name=ESM_ESM_ESME_MIDUVI_APT_7, eNodeB ID=44181, Cell FDD TDD indication=CELL_FDD",Reliable,208.222,18.054
2026-04-10 02:00,60,"ESM_ESM_ESME_MIDUVI_UL/Cell:eNodeB Function Name=ESM_ESM_ESME_MIDUVI_L, Local Cell ID=8, Cell Name=ESM_ESM_ESME_MIDUVI_APT_8, eNodeB ID=44181, Cell FDD TDD indication=CELL_FDD",Reliable,51.971,8.582
2026-04-10 02:00,60,"ESM_ESM_ESME_MIDUVI_UL/Cell:eNodeB Function Name=ESM_ESM_ESME_MIDUVI_L, Local Cell ID=9, Cell Name=ESM_ESM_ESME_MIDUVI_APT_9, eNodeB ID=44181, Cell FDD TDD indication=CELL_FDD",Reliable,533.977,64.665
2026-04-10 02:00,60,"PIC_UIO_VIA_PULULAHUA_UL/Cell:eNodeB Function Name=PIC_UIO_VIA_PULULAHUAL21, Local Cell ID=7, Cell Name=PIC_UIO_VIA_PULULAHUA_APT_7, eNodeB ID=44282, Cell FDD TDD indication=CELL_FDD",Reliable,5.93,2.135
2026-04-10 02:00,60,"PIC_UIO_VIA_PULULAHUA_UL/Cell:eNodeB Function Name=PIC_UIO_VIA_PULULAHUAL21, Local Cell ID=8, Cell Name=PIC_UIO_VIA_PULULAHUA_APT_8, eNodeB ID=44282, Cell FDD TDD indication=CELL_FDD",Reliable,26.55,3.254
2026-04-10 02:00,60,"PIC_UIO_VIA_PULULAHUA_UL/Cell:eNodeB Function Name=PIC_UIO_VIA_PULULAHUAL21, Local Cell ID=9, Cell Name=PIC_UIO_VIA_PULULAHUA_APT_9, eNodeB ID=44282, Cell FDD TDD indication=CELL_FDD",Reliable,22.076,7.145
2026-04-10 02:00,60,"PIC_UIO_YANBAL_UL/Cell:eNodeB Function Name=PIC_UIO_YANBAL_L, Local Cell ID=7, Cell Name=PIC_UIO_YANBAL_L7_1, eNodeB ID=44196, Cell FDD TDD indication=CELL_FDD",Reliable,348.344,27.437
2026-04-10 02:00,60,"PIC_UIO_YANBAL_UL/Cell:eNodeB Function Name=PIC_UIO_YANBAL_L, Local Cell ID=8, Cell Name=PIC_UIO_YANBAL_L7_2, eNodeB ID=44196, Cell FDD TDD indication=CELL_FDD",Reliable,120.975,7.683
2026-04-10 02:00,60,"PIC_UIO_YANBAL_UL/Cell:eNodeB Function Name=PIC_UIO_YANBAL_L, Local Cell ID=9, Cell Name=PIC_UIO_YANBAL_L7_3, eNodeB ID=44196, Cell FDD TDD indication=CELL_FDD",Reliable,329.661,24.609
2026-04-10 02:00,60,"PIC_UIO_CALDERON_SAN_JUAN_UL/Cell:eNodeB Function Name=PIC_UIO_CALDERON_SAN_JUAN_L, Local Cell ID=7, Cell Name=PIC_UIO_CALDERON_SAN_JUAN_APT_7, eNodeB ID=44359, Cell FDD TDD indication=CELL_FDD",Reliable,5.328,6.158
2026-04-10 02:00,60,"PIC_UIO_CALDERON_SAN_JUAN_UL/Cell:eNodeB Function Name=PIC_UIO_CALDERON_SAN_JUAN_L, Local Cell ID=8, Cell Name=PIC_UIO_CALDERON_SAN_JUAN_APT_8, eNodeB ID=44359, Cell FDD TDD indication=CELL_FDD",Reliable,7.626,2.631
2026-04-10 02:00,60,"PIC_UIO_CALDERON_SAN_JUAN_UL/Cell:eNodeB Function Name=PIC_UIO_CALDERON_SAN_JUAN_L, Local Cell ID=9, Cell Name=PIC_UIO_CALDERON_SAN_JUAN_APT_9, eNodeB ID=44359, Cell FDD TDD indication=CELL_FDD",Reliable,16.383,3.082
2026-04-10 02:00,60,"ESM_ESM_ESME_SANTA_VAINAS_UL/Cell:eNodeB Function Name=ESM_ESM_ESME_SANTA_VAINAS_L, Local Cell ID=7, Cell Name=ESM_ESM_ESME_SANTA_VAINAS_APT_7, eNodeB ID=43607, Cell FDD TDD indication=CELL_FDD",Reliable,0.939,0.927
2026-04-10 02:00,60,"ESM_ESM_ESME_SANTA_VAINAS_UL/Cell:eNodeB Function Name=ESM_ESM_ESME_SANTA_VAINAS_L, Local Cell ID=8, Cell Name=ESM_ESM_ESME_SANTA_VAINAS_APT_8, eNodeB ID=43607, Cell FDD TDD indication=CELL_FDD",Reliable,12.753,6.906
2026-04-10 02:00,60,"ESM_ESM_ESME_SANTA_VAINAS_UL/Cell:eNodeB Function Name=ESM_ESM_ESME_SANTA_VAINAS_L, Local Cell ID=9, Cell Name=ESM_ESM_ESME_SANTA_VAINAS_APT_9, eNodeB ID=43607, Cell FDD TDD indication=CELL_FDD",Reliable,0.012,0.011
2026-04-10 02:00,60,"PIC_UIO_CALDERON_QUITUS_UL/Cell:eNodeB Function Name=PIC_UIO_CALDERON_QUITUS_L, Local Cell ID=7, Cell Name=PIC_UIO_CALDERON_QUITUS_L7_7, eNodeB ID=44088, Cell FDD TDD indication=CELL_FDD",Reliable,762.935,87.277
2026-04-10 02:00,60,"PIC_UIO_CALDERON_QUITUS_UL/Cell:eNodeB Function Name=PIC_UIO_CALDERON_QUITUS_L, Local Cell ID=8, Cell Name=PIC_UIO_CALDERON_QUITUS_L7_8, eNodeB ID=44088, Cell FDD TDD indication=CELL_FDD",Reliable,826.604,85.455
2026-04-10 02:00,60,"PIC_UIO_CALDERON_QUITUS_UL/Cell:eNodeB Function Name=PIC_UIO_CALDERON_QUITUS_L, Local Cell ID=9, Cell Name=PIC_UIO_CALDERON_QUITUS_L7_9, eNodeB ID=44088, Cell FDD TDD indication=CELL_FDD",Reliable,36.965,19.636
2026-04-10 02:00,60,"PIC_UIO_MARIANITAS_UL/Cell:eNodeB Function Name=PIC_UIO_MARIANITAS_L, Local Cell ID=7, Cell Name=PIC_UIO_MARIANITAS_APT_7, eNodeB ID=44158, Cell FDD TDD indication=CELL_FDD",Reliable,265.415,52.712
2026-04-10 02:00,60,"PIC_UIO_MARIANITAS_UL/Cell:eNodeB Function Name=PIC_UIO_MARIANITAS_L, Local Cell ID=8, Cell Name=PIC_UIO_MARIANITAS_APT_8, eNodeB ID=44158, Cell FDD TDD indication=CELL_FDD",Reliable,169.263,27.511
2026-04-10 02:00,60,"PIC_UIO_MARIANITAS_UL/Cell:eNodeB Function Name=PIC_UIO_MARIANITAS_L, Local Cell ID=9, Cell Name=PIC_UIO_MARIANITAS_APT_9, eNodeB ID=44158, Cell FDD TDD indication=CELL_FDD",Reliable,13.033,3.389
2026-04-10 02:00,60,"ESM_ESM_ESME_LAS_AMERICAS_UL/Cell:eNodeB Function Name=ESM_ESM_ESME_LAS_AMERICAS_L, Local Cell ID=9, Cell Name=ESM_ESME_LAS_AMERICAS_APT_9, eNodeB ID=43605, Cell FDD TDD indication=CELL_FDD",Reliable,3.374,1.346
2026-04-10 02:00,60,"ESM_ESM_ESME_LAS_AMERICAS_UL/Cell:eNodeB Function Name=ESM_ESM_ESME_LAS_AMERICAS_L, Local Cell ID=8, Cell Name=ESM_ESME_LAS_AMERICAS_APT_8, eNodeB ID=43605, Cell FDD TDD indication=CELL_FDD",Reliable,503.391,15.347
2026-04-10 02:00,60,"ESM_ESM_ESME_LAS_AMERICAS_UL/Cell:eNodeB Function Name=ESM_ESM_ESME_LAS_AMERICAS_L, Local Cell ID=7, Cell Name=ESM_ESME_LAS_AMERICAS_APT_7, eNodeB ID=43605, Cell FDD TDD indication=CELL_FDD",Reliable,64.079,3.285
2026-04-10 02:00,60,"ESM_ESM_LA_TOLITA_UL/Cell:eNodeB Function Name=ESM_ESM_LA_TOLITA_L, Local Cell ID=7, Cell Name=ESM_ESM_LA_TOLITA_APT_7, eNodeB ID=44608, Cell FDD TDD indication=CELL_FDD",Reliable,2.464,1.727
2026-04-10 02:00,60,"ESM_ESM_LA_TOLITA_UL/Cell:eNodeB Function Name=ESM_ESM_LA_TOLITA_L, Local Cell ID=8, Cell Name=ESM_ESM_LA_TOLITA_APT_8, eNodeB ID=44608, Cell FDD TDD indication=CELL_FDD",Reliable,310.153,22.032
2026-04-10 02:00,60,"ESM_ESM_LA_TOLITA_UL/Cell:eNodeB Function Name=ESM_ESM_LA_TOLITA_L, Local Cell ID=9, Cell Name=ESM_ESM_LA_TOLITA_APT_9, eNodeB ID=44608, Cell FDD TDD indication=CELL_FDD",Reliable,8249.185,1241.582
2026-04-10 02:00,60,"IMB_IBA_LA_PRIMAVERA_UL/Cell:eNodeB Function Name=IMB_IBA_LA_PRIMAVERA_L, Local Cell ID=9, Cell Name=IMB_IBA_LA_PRIMAVERA_APT_9, eNodeB ID=43590, Cell FDD TDD indication=CELL_FDD",Reliable,43.23,13.106
2026-04-10 02:00,60,"IMB_IBA_LA_PRIMAVERA_UL/Cell:eNodeB Function Name=IMB_IBA_LA_PRIMAVERA_L, Local Cell ID=8, Cell Name=IMB_IBA_LA_PRIMAVERA_APT_8, eNodeB ID=43590, Cell FDD TDD indication=CELL_FDD",Reliable,296.592,11.147
2026-04-10 02:00,60,"IMB_IBA_LA_PRIMAVERA_UL/Cell:eNodeB Function Name=IMB_IBA_LA_PRIMAVERA_L, Local Cell ID=7, Cell Name=IMB_IBA_LA_PRIMAVERA_APT_7, eNodeB ID=43590, Cell FDD TDD indication=CELL_FDD",Reliable,293.297,35.398
2026-04-10 02:00,60,"IMB_IBA_ALPACHACA_UL/Cell:eNodeB Function Name=IMB_IBA_ALPACHACA_L, Local Cell ID=9, Cell Name=IMB_IBA_ALPACHACA_APT_9, eNodeB ID=43614, Cell FDD TDD indication=CELL_FDD",Reliable,14.352,6.3
2026-04-10 02:00,60,"IMB_IBA_ALPACHACA_UL/Cell:eNodeB Function Name=IMB_IBA_ALPACHACA_L, Local Cell ID=8, Cell Name=IMB_IBA_ALPACHACA_APT_8, eNodeB ID=43614, Cell FDD TDD indication=CELL_FDD",Reliable,421.136,21.289
2026-04-10 02:00,60,"IMB_IBA_ALPACHACA_UL/Cell:eNodeB Function Name=IMB_IBA_ALPACHACA_L, Local Cell ID=7, Cell Name=IMB_IBA_ALPACHACA_APT_7, eNodeB ID=43614, Cell FDD TDD indication=CELL_FDD",Reliable,656.796,45.936
2026-04-10 02:00,60,"IMB_IBA_013_UL (YAHUARCOCHA)/Cell:eNodeB Function Name=IMB_IBA_YAHUARCOCHA_L, Local Cell ID=9, Cell Name=IMB_IBA_YAHUARCOCHA_APT_9, eNodeB ID=43617, Cell FDD TDD indication=CELL_FDD",Reliable,8.451,1.116
2026-04-10 02:00,60,"IMB_IBA_013_UL (YAHUARCOCHA)/Cell:eNodeB Function Name=IMB_IBA_YAHUARCOCHA_L, Local Cell ID=8, Cell Name=IMB_IBA_YAHUARCOCHA_APT_8, eNodeB ID=43617, Cell FDD TDD indication=CELL_FDD",Reliable,42.224,4.369
2026-04-10 02:00,60,"IMB_IBA_013_UL (YAHUARCOCHA)/Cell:eNodeB Function Name=IMB_IBA_YAHUARCOCHA_L, Local Cell ID=7, Cell Name=IMB_IBA_YAHUARCOCHA_APT_7, eNodeB ID=43617, Cell FDD TDD indication=CELL_FDD",Reliable,0.891,0.733
2026-04-10 02:00,60,"IMB_IBA_YANAHURCO_UL/Cell:eNodeB Function Name=IMB_IBA_YANAHURCO_L, Local Cell ID=9, Cell Name=IMB_IBA_YANAHURCO_APT_9, eNodeB ID=43566, Cell FDD TDD indication=CELL_FDD",Reliable,30.172,4.751
2026-04-10 02:00,60,"IMB_IBA_YANAHURCO_UL/Cell:eNodeB Function Name=IMB_IBA_YANAHURCO_L, Local Cell ID=8, Cell Name=IMB_IBA_YANAHURCO_APT_8, eNodeB ID=43566, Cell FDD TDD indication=CELL_FDD",Reliable,455.225,10.897
2026-04-10 02:00,60,"IMB_IBA_YANAHURCO_UL/Cell:eNodeB Function Name=IMB_IBA_YANAHURCO_L, Local Cell ID=7, Cell Name=IMB_IBA_YANAHURCO_APT_7, eNodeB ID=43566, Cell FDD TDD indication=CELL_FDD",Reliable,846.824,27.165
2026-04-10 02:00,60,"STD_STD_CHOFER_2_UL/Cell:eNodeB Function Name=STD_STD_CHOFER_2_L, Local Cell ID=9, Cell Name=STD_STD_CHOFER_2_APT_9, eNodeB ID=43663, Cell FDD TDD indication=CELL_FDD",Reliable,151.202,49.459
2026-04-10 02:00,60,"STD_STD_CHOFER_2_UL/Cell:eNodeB Function Name=STD_STD_CHOFER_2_L, Local Cell ID=8, Cell Name=STD_STD_CHOFER_2_APT_8, eNodeB ID=43663, Cell FDD TDD indication=CELL_FDD",Reliable,0,0
2026-04-10 02:00,60,"STD_STD_CHOFER_2_UL/Cell:eNodeB Function Name=STD_STD_CHOFER_2_L, Local Cell ID=7, Cell Name=STD_STD_CHOFER_2_APT_7, eNodeB ID=43663, Cell FDD TDD indication=CELL_FDD",Reliable,0.863,0.306
2026-04-10 02:00,60,"PAS_PUY_LOJA_UL/Cell:eNodeB Function Name=PAS_PUY_LOJA_L, Local Cell ID=9, Cell Name=PAS_PUY_LOJA_L7_9, eNodeB ID=43613, Cell FDD TDD indication=CELL_FDD",Reliable,599.789,47.825
2026-04-10 02:00,60,"PAS_PUY_LOJA_UL/Cell:eNodeB Function Name=PAS_PUY_LOJA_L, Local Cell ID=8, Cell Name=PAS_PUY_LOJA_L7_8, eNodeB ID=43613, Cell FDD TDD indication=CELL_FDD",Reliable,334.369,31.197
2026-04-10 02:00,60,"PAS_PUY_LOJA_UL/Cell:eNodeB Function Name=PAS_PUY_LOJA_L, Local Cell ID=7, Cell Name=PAS_PUY_LOJA_L7_7, eNodeB ID=43613, Cell FDD TDD indication=CELL_FDD",Reliable,910.005,61.078
2026-04-10 02:00,60,"PAS_PUY_LOJA_UL/Cell:eNodeB Function Name=PAS_PUY_LOJA_L, Local Cell ID=2, Cell Name=PAS_PUY_LOJA_L21_2, eNodeB ID=43613, Cell FDD TDD indication=CELL_FDD",Reliable,47.384,9.494
2026-04-10 02:00,60,"PAS_PUY_LOJA_UL/Cell:eNodeB Function Name=PAS_PUY_LOJA_L, Local Cell ID=3, Cell Name=PAS_PUY_LOJA_L21_3, eNodeB ID=43613, Cell FDD TDD indication=CELL_FDD",Reliable,503.358,68.243
2026-04-10 02:00,60,"PAS_PUY_LOJA_UL/Cell:eNodeB Function Name=PAS_PUY_LOJA_L, Local Cell ID=1, Cell Name=PAS_PUY_LOJA_L21_1, eNodeB ID=43613, Cell FDD TDD indication=CELL_FDD",Reliable,208.714,42.931
2026-04-10 02:00,60,"STD_STD_SAN_RAFAEL_UL/Cell:eNodeB Function Name=STD_STD_SAN_RAFAEL_L, Local Cell ID=9, Cell Name=STD_STD_SAN_RAFAEL_APT_9, eNodeB ID=43536, Cell FDD TDD indication=CELL_FDD",Reliable,7.692,2.88
2026-04-10 02:00,60,"STD_STD_SAN_RAFAEL_UL/Cell:eNodeB Function Name=STD_STD_SAN_RAFAEL_L, Local Cell ID=8, Cell Name=STD_STD_SAN_RAFAEL_APT_8, eNodeB ID=43536, Cell FDD TDD indication=CELL_FDD",Reliable,36.341,7.121
2026-04-10 02:00,60,"STD_STD_SAN_RAFAEL_UL/Cell:eNodeB Function Name=STD_STD_SAN_RAFAEL_L, Local Cell ID=7, Cell Name=STD_STD_SAN_RAFAEL_APT_7, eNodeB ID=43536, Cell FDD TDD indication=CELL_FDD",Reliable,272.356,169.756
2026-04-10 02:00,60,"IMB_IBA_BOLA_AMARILLA_UL/Cell:eNodeB Function Name=IMB_IBA_BOLA_AMARILLA_L, Local Cell ID=9, Cell Name=IMB_IBA_BOLA_AMARILLA_APT_9, eNodeB ID=43567, Cell FDD TDD indication=CELL_FDD",Reliable,448.298,41.426
2026-04-10 02:00,60,"IMB_IBA_BOLA_AMARILLA_UL/Cell:eNodeB Function Name=IMB_IBA_BOLA_AMARILLA_L, Local Cell ID=8, Cell Name=IMB_IBA_BOLA_AMARILLA_APT_8, eNodeB ID=43567, Cell FDD TDD indication=CELL_FDD",Reliable,16.627,6.758
2026-04-10 02:00,60,"IMB_IBA_BOLA_AMARILLA_UL/Cell:eNodeB Function Name=IMB_IBA_BOLA_AMARILLA_L, Local Cell ID=7, Cell Name=IMB_IBA_BOLA_AMARILLA_APT_7, eNodeB ID=43567, Cell FDD TDD indication=CELL_FDD",Reliable,194.493,35.779
2026-04-10 02:00,60,"STD_STD_QUINCHES_UL/Cell:eNodeB Function Name=STD_STD_QUINCHES_L, Local Cell ID=9, Cell Name=STD_STD_QUINCHES_APT_9, eNodeB ID=43568, Cell FDD TDD indication=CELL_FDD",Reliable,948.266,17.933
2026-04-10 02:00,60,"STD_STD_QUINCHES_UL/Cell:eNodeB Function Name=STD_STD_QUINCHES_L, Local Cell ID=8, Cell Name=STD_STD_QUINCHES_APT_8, eNodeB ID=43568, Cell FDD TDD indication=CELL_FDD",Reliable,32.238,9.56
2026-04-10 02:00,60,"STD_STD_QUINCHES_UL/Cell:eNodeB Function Name=STD_STD_QUINCHES_L, Local Cell ID=7, Cell Name=STD_STD_QUINCHES_APT_7, eNodeB ID=43568, Cell FDD TDD indication=CELL_FDD",Reliable,16.255,340.982
2026-04-10 02:00,60,"TUN_AMB_LA_MADRE_ULN/Cell:eNodeB Function Name=TUN_AMB_LA_MADRE_L, Local Cell ID=8, Cell Name=TUN_AMB_LA_MADRE_APT_8, eNodeB ID=43538, Cell FDD TDD indication=CELL_FDD",Reliable,43.192,10.027
2026-04-10 02:00,60,"TUN_AMB_LA_MADRE_ULN/Cell:eNodeB Function Name=TUN_AMB_LA_MADRE_L, Local Cell ID=7, Cell Name=TUN_AMB_LA_MADRE_APT_7, eNodeB ID=43538, Cell FDD TDD indication=CELL_FDD",Reliable,17.587,5.636
2026-04-10 02:00,60,"TUN_AMB_AYLLON_UL/Cell:eNodeB Function Name=TUN_AMB_AYLLON_L, Local Cell ID=9, Cell Name=TUN_AMB_AYLLON_APT_9, eNodeB ID=43575, Cell FDD TDD indication=CELL_FDD",Reliable,337.164,22.733
2026-04-10 02:00,60,"TUN_AMB_AYLLON_UL/Cell:eNodeB Function Name=TUN_AMB_AYLLON_L, Local Cell ID=8, Cell Name=TUN_AMB_AYLLON_APT_8, eNodeB ID=43575, Cell FDD TDD indication=CELL_FDD",Reliable,735.785,36.925
2026-04-10 02:00,60,"TUN_AMB_AYLLON_UL/Cell:eNodeB Function Name=TUN_AMB_AYLLON_L, Local Cell ID=7, Cell Name=TUN_AMB_AYLLON_APT_7, eNodeB ID=43575, Cell FDD TDD indication=CELL_FDD",Reliable,964.066,87.189
2026-04-10 02:00,60,"CAR_TUL_NORTE_UL/Cell:eNodeB Function Name=CAR_TUL_NORTE_L, Local Cell ID=9, Cell Name=CAR_TUL_NORTE_APT_9, eNodeB ID=43530, Cell FDD TDD indication=CELL_FDD",Reliable,329.089,13.189
2026-04-10 02:00,60,"CAR_TUL_NORTE_UL/Cell:eNodeB Function Name=CAR_TUL_NORTE_L, Local Cell ID=8, Cell Name=CAR_TUL_NORTE_APT_8, eNodeB ID=43530, Cell FDD TDD indication=CELL_FDD",Reliable,187.365,18.761
2026-04-10 02:00,60,"CAR_TUL_NORTE_UL/Cell:eNodeB Function Name=CAR_TUL_NORTE_L, Local Cell ID=7, Cell Name=CAR_TUL_NORTE_APT_7, eNodeB ID=43530, Cell FDD TDD indication=CELL_FDD",Reliable,474.96,28.809
2026-04-10 02:00,60,"TUN_PIL_COLEGIO_JORGE_ALVAREZ_UL/Cell:eNodeB Function Name=TUN_PIL_COLEGIO_JORGE_ALVAREZ_L, Local Cell ID=9, Cell Name=TUN_PIL_COLEGIO_JORGE_ALVAREZ_APT_9, eNodeB ID=43611, Cell FDD TDD indication=CELL_FDD",Reliable,9.099,2.009
2026-04-10 02:00,60,"TUN_PIL_COLEGIO_JORGE_ALVAREZ_UL/Cell:eNodeB Function Name=TUN_PIL_COLEGIO_JORGE_ALVAREZ_L, Local Cell ID=8, Cell Name=TUN_PIL_COLEGIO_JORGE_ALVAREZ_APT_8, eNodeB ID=43611, Cell FDD TDD indication=CELL_FDD",Reliable,781.013,132.885
2026-04-10 02:00,60,"TUN_PIL_COLEGIO_JORGE_ALVAREZ_UL/Cell:eNodeB Function Name=TUN_PIL_COLEGIO_JORGE_ALVAREZ_L, Local Cell ID=7, Cell Name=TUN_PIL_COLEGIO_JORGE_ALVAREZ_APT_7, eNodeB ID=43611, Cell FDD TDD indication=CELL_FDD",Reliable,61.848,9.665
2026-04-10 02:00,60,"TUN_AMB_JUAN_LEON_MERA_UL/Cell:eNodeB Function Name=TUN_AMB_JUAN_LEON_MERA_L, Local Cell ID=9, Cell Name=TUN_AMB_JUAN_LEON_MERA_APT_9, eNodeB ID=43593, Cell FDD TDD indication=CELL_FDD",Reliable,69.29,11.917
2026-04-10 02:00,60,"TUN_AMB_JUAN_LEON_MERA_UL/Cell:eNodeB Function Name=TUN_AMB_JUAN_LEON_MERA_L, Local Cell ID=8, Cell Name=TUN_AMB_JUAN_LEON_MERA_APT_8, eNodeB ID=43593, Cell FDD TDD indication=CELL_FDD",Reliable,593.103,33.256
2026-04-10 02:00,60,"TUN_AMB_JUAN_LEON_MERA_UL/Cell:eNodeB Function Name=TUN_AMB_JUAN_LEON_MERA_L, Local Cell ID=7, Cell Name=TUN_AMB_JUAN_LEON_MERA_APT_7, eNodeB ID=43593, Cell FDD TDD indication=CELL_FDD",Reliable,583.911,19.581
2026-04-10 02:00,60,"PIC_UIO_LLANO_CHICO_UL/Cell:eNodeB Function Name=PIC_UIO_LLANO_CHICO_L, Local Cell ID=7, Cell Name=PIC_UIO_LLANO_CHICO_L7_7, eNodeB ID=44149, Cell FDD TDD indication=CELL_FDD",Reliable,72.711,15.967
2026-04-10 02:00,60,"PIC_UIO_LLANO_CHICO_UL/Cell:eNodeB Function Name=PIC_UIO_LLANO_CHICO_L, Local Cell ID=8, Cell Name=PIC_UIO_LLANO_CHICO_L7_8, eNodeB ID=44149, Cell FDD TDD indication=CELL_FDD",Reliable,34.18,7.896
2026-04-10 02:00,60,"PIC_UIO_LLANO_CHICO_UL/Cell:eNodeB Function Name=PIC_UIO_LLANO_CHICO_L, Local Cell ID=9, Cell Name=PIC_UIO_LLANO_CHICO_L7_9, eNodeB ID=44149, Cell FDD TDD indication=CELL_FDD",Reliable,131.847,23.772
2026-04-10 02:00,60,"L_GUA11069_BELLAVISTA_NORTE/Cell:eNodeB Function Name=L_GUA11069_BELLAVISTA_NORTE, Local Cell ID=9, Cell Name=L_GUA11069_BELLAVISTA_NORTE_9, eNodeB ID=11069, Cell FDD TDD indication=CELL_FDD",Reliable,14.21,7.131
2026-04-10 02:00,60,"L_GUA11069_BELLAVISTA_NORTE/Cell:eNodeB Function Name=L_GUA11069_BELLAVISTA_NORTE, Local Cell ID=8, Cell Name=L_GUA11069_BELLAVISTA_NORTE_8, eNodeB ID=11069, Cell FDD TDD indication=CELL_FDD",Reliable,0.57,0.799
2026-04-10 02:00,60,"L_GUA11069_BELLAVISTA_NORTE/Cell:eNodeB Function Name=L_GUA11069_BELLAVISTA_NORTE, Local Cell ID=7, Cell Name=L_GUA11069_BELLAVISTA_NORTE_7, eNodeB ID=11069, Cell FDD TDD indication=CELL_FDD",Reliable,1388.64,128.334
2026-04-10 02:00,60,"L_GUA11069_BELLAVISTA_NORTE/Cell:eNodeB Function Name=L_GUA11069_BELLAVISTA_NORTE, Local Cell ID=3, Cell Name=L_GUA11069_BELLAVISTA_NORTE_3, eNodeB ID=11069, Cell FDD TDD indication=CELL_FDD",Reliable,376.294,41.106
2026-04-10 02:00,60,"L_GUA11069_BELLAVISTA_NORTE/Cell:eNodeB Function Name=L_GUA11069_BELLAVISTA_NORTE, Local Cell ID=2, Cell Name=L_GUA11069_BELLAVISTA_NORTE_2, eNodeB ID=11069, Cell FDD TDD indication=CELL_FDD",Reliable,11.114,9.228
2026-04-10 02:00,60,"L_GUA11069_BELLAVISTA_NORTE/Cell:eNodeB Function Name=L_GUA11069_BELLAVISTA_NORTE, Local Cell ID=1, Cell Name=L_GUA11069_BELLAVISTA_NORTE_1, eNodeB ID=11069, Cell FDD TDD indication=CELL_FDD",Reliable,14.854,7.916
2026-04-10 02:00,60,"L_GUA11098_SALADO_OESTE/Cell:eNodeB Function Name=L_GUA11098_SALADO_OESTE, Local Cell ID=9, Cell Name=L_GUA11098_SALADO_OESTE_9, eNodeB ID=11098, Cell FDD TDD indication=CELL_FDD",Reliable,1.89,0.94
2026-04-10 02:00,60,"L_GUA11098_SALADO_OESTE/Cell:eNodeB Function Name=L_GUA11098_SALADO_OESTE, Local Cell ID=8, Cell Name=L_GUA11098_SALADO_OESTE_8, eNodeB ID=11098, Cell FDD TDD indication=CELL_FDD",Reliable,1.706,0.625
2026-04-10 02:00,60,"L_GUA11098_SALADO_OESTE/Cell:eNodeB Function Name=L_GUA11098_SALADO_OESTE, Local Cell ID=7, Cell Name=L_GUA11098_SALADO_OESTE_7, eNodeB ID=11098, Cell FDD TDD indication=CELL_FDD",Reliable,27.498,4.066
2026-04-10 02:00,60,"L_GUA11098_SALADO_OESTE/Cell:eNodeB Function Name=L_GUA11098_SALADO_OESTE, Local Cell ID=3, Cell Name=L_GUA11098_SALADO_OESTE_3, eNodeB ID=11098, Cell FDD TDD indication=CELL_FDD",Reliable,81.313,101.949
2026-04-10 02:00,60,"L_GUA11098_SALADO_OESTE/Cell:eNodeB Function Name=L_GUA11098_SALADO_OESTE, Local Cell ID=2, Cell Name=L_GUA11098_SALADO_OESTE_2, eNodeB ID=11098, Cell FDD TDD indication=CELL_FDD",Unreliable,0.891,0.085
2026-04-10 02:00,60,"L_GUA11098_SALADO_OESTE/Cell:eNodeB Function Name=L_GUA11098_SALADO_OESTE, Local Cell ID=1, Cell Name=L_GUA11098_SALADO_OESTE_1, eNodeB ID=11098, Cell FDD TDD indication=CELL_FDD",Reliable,87.423,8.751
2026-04-10 02:00,60,"L_GUA11136_CISNE_NORTE/Cell:eNodeB Function Name=L_GUA11136_CISNE_NORTE, Local Cell ID=9, Cell Name=L_GUA11136_CISNE_NORTE_9, eNodeB ID=11136, Cell FDD TDD indication=CELL_FDD",Reliable,1.8,1.289
2026-04-10 02:00,60,"L_GUA11136_CISNE_NORTE/Cell:eNodeB Function Name=L_GUA11136_CISNE_NORTE, Local Cell ID=8, Cell Name=L_GUA11136_CISNE_NORTE_8, eNodeB ID=11136, Cell FDD TDD indication=CELL_FDD",Reliable,187.694,9.978
2026-04-10 02:00,60,"L_GUA11136_CISNE_NORTE/Cell:eNodeB Function Name=L_GUA11136_CISNE_NORTE, Local Cell ID=7, Cell Name=L_GUA11136_CISNE_NORTE_7, eNodeB ID=11136, Cell FDD TDD indication=CELL_FDD",Reliable,0.036,0.086
2026-04-10 02:00,60,"L_GUA11136_CISNE_NORTE/Cell:eNodeB Function Name=L_GUA11136_CISNE_NORTE, Local Cell ID=3, Cell Name=L_GUA11136_CISNE_NORTE_3, eNodeB ID=11136, Cell FDD TDD indication=CELL_FDD",Reliable,40.626,6.483
2026-04-10 02:00,60,"L_GUA11136_CISNE_NORTE/Cell:eNodeB Function Name=L_GUA11136_CISNE_NORTE, Local Cell ID=2, Cell Name=L_GUA11136_CISNE_NORTE_2, eNodeB ID=11136, Cell FDD TDD indication=CELL_FDD",Reliable,379.151,36.433
2026-04-10 02:00,60,"L_GUA11136_CISNE_NORTE/Cell:eNodeB Function Name=L_GUA11136_CISNE_NORTE, Local Cell ID=1, Cell Name=L_GUA11136_CISNE_NORTE_1, eNodeB ID=11136, Cell FDD TDD indication=CELL_FDD",Reliable,44.417,7.577
2026-04-10 02:00,60,"PIC_UIO_MARIANO_POZO_UL/Cell:eNodeB Function Name=PIC_UIO_MARIANO_POZO_L, Local Cell ID=7, Cell Name=PIC_UIO_MARIANO_POZO_APT_7, eNodeB ID=43550, Cell FDD TDD indication=CELL_FDD",Reliable,492.155,37.366
2026-04-10 02:00,60,"PIC_UIO_MARIANO_POZO_UL/Cell:eNodeB Function Name=PIC_UIO_MARIANO_POZO_L, Local Cell ID=8, Cell Name=PIC_UIO_MARIANO_POZO_APT_8, eNodeB ID=43550, Cell FDD TDD indication=CELL_FDD",Reliable,22.58,3.93
2026-04-10 02:00,60,"PIC_UIO_MARIANO_POZO_UL/Cell:eNodeB Function Name=PIC_UIO_MARIANO_POZO_L, Local Cell ID=9, Cell Name=PIC_UIO_MARIANO_POZO_APT_9, eNodeB ID=43550, Cell FDD TDD indication=CELL_FDD",Reliable,99.608,15.694
2026-04-10 02:00,60,"PIC_UIO_UYUMBICHO_UL/Cell:eNodeB Function Name=PIC_UIO_UYUMBICHO_L, Local Cell ID=7, Cell Name=PIC_UIO_UYUMBICHO_L7_7, eNodeB ID=44278, Cell FDD TDD indication=CELL_FDD",Reliable,545.146,43.325
2026-04-10 02:00,60,"PIC_UIO_UYUMBICHO_UL/Cell:eNodeB Function Name=PIC_UIO_UYUMBICHO_L, Local Cell ID=8, Cell Name=PIC_UIO_UYUMBICHO_L7_8, eNodeB ID=44278, Cell FDD TDD indication=CELL_FDD",Reliable,35.673,4.039
2026-04-10 02:00,60,"PIC_UIO_UYUMBICHO_UL/Cell:eNodeB Function Name=PIC_UIO_UYUMBICHO_L, Local Cell ID=9, Cell Name=PIC_UIO_UYUMBICHO_L7_9, eNodeB ID=44278, Cell FDD TDD indication=CELL_FDD",Reliable,103.528,7.143
2026-04-10 02:00,60,"PIC_MEJ_MACHACHI_UL/Cell:eNodeB Function Name=PIC_MEJ_MACHACHI_L, Local Cell ID=7, Cell Name=PIC_MEJ_MACHACHI_L7_7, eNodeB ID=44402, Cell FDD TDD indication=CELL_FDD",Reliable,622.988,73.079
2026-04-10 02:00,60,"PIC_MEJ_MACHACHI_UL/Cell:eNodeB Function Name=PIC_MEJ_MACHACHI_L, Local Cell ID=8, Cell Name=PIC_MEJ_MACHACHI_L7_8, eNodeB ID=44402, Cell FDD TDD indication=CELL_FDD",Reliable,189.98,37.858
2026-04-10 02:00,60,"PIC_MEJ_MACHACHI_UL/Cell:eNodeB Function Name=PIC_MEJ_MACHACHI_L, Local Cell ID=9, Cell Name=PIC_MEJ_MACHACHI_L7_9, eNodeB ID=44402, Cell FDD TDD indication=CELL_FDD",Reliable,114.258,15.13
2026-04-10 02:00,60,"IMB_COT_COTACACHI(3G)_UL/Cell:eNodeB Function Name=IMB_COT_COTACACHI_L, Local Cell ID=7, Cell Name=IMB_COT_COTACACHI_APT_7, eNodeB ID=44735, Cell FDD TDD indication=CELL_FDD",Reliable,426.99,29.398
2026-04-10 02:00,60,"IMB_COT_COTACACHI(3G)_UL/Cell:eNodeB Function Name=IMB_COT_COTACACHI_L, Local Cell ID=8, Cell Name=IMB_COT_COTACACHI_APT_8, eNodeB ID=44735, Cell FDD TDD indication=CELL_FDD",Reliable,316.292,29.479
2026-04-10 02:00,60,"IMB_COT_COTACACHI(3G)_UL/Cell:eNodeB Function Name=IMB_COT_COTACACHI_L, Local Cell ID=9, Cell Name=IMB_COT_COTACACHI_APT_9, eNodeB ID=44735, Cell FDD TDD indication=CELL_FDD",Reliable,311.166,26.709
2026-04-10 02:00,60,"PIC_UIO_AMAGUANA_UL/Cell:eNodeB Function Name=PIC_UIO_AMAGUANA_L, Local Cell ID=7, Cell Name=PIC_UIO_AMAGUANA_L7_7, eNodeB ID=44055, Cell FDD TDD indication=CELL_FDD",Reliable,545.189,82.391
2026-04-10 02:00,60,"PIC_UIO_AMAGUANA_UL/Cell:eNodeB Function Name=PIC_UIO_AMAGUANA_L, Local Cell ID=8, Cell Name=PIC_UIO_AMAGUANA_L7_8, eNodeB ID=44055, Cell FDD TDD indication=CELL_FDD",Reliable,133.071,10.623
2026-04-10 02:00,60,"PIC_UIO_AMAGUANA_UL/Cell:eNodeB Function Name=PIC_UIO_AMAGUANA_L, Local Cell ID=9, Cell Name=PIC_UIO_AMAGUANA_L7_9, eNodeB ID=44055, Cell FDD TDD indication=CELL_FDD",Reliable,111.32,13.792
2026-04-10 02:00,60,"PIC_UIO_GUAMANI_UL/Cell:eNodeB Function Name=PIC_UIO_GUAMANI_L, Local Cell ID=7, Cell Name=PIC_UIO_GUAMANI_L7_7, eNodeB ID=44004, Cell FDD TDD indication=CELL_FDD",Reliable,288.822,125.013
2026-04-10 02:00,60,"PIC_UIO_GUAMANI_UL/Cell:eNodeB Function Name=PIC_UIO_GUAMANI_L, Local Cell ID=8, Cell Name=PIC_UIO_GUAMANI_L7_8, eNodeB ID=44004, Cell FDD TDD indication=CELL_FDD",Reliable,286.266,145.251
2026-04-10 02:00,60,"PIC_UIO_GUAMANI_UL/Cell:eNodeB Function Name=PIC_UIO_GUAMANI_L, Local Cell ID=9, Cell Name=PIC_UIO_GUAMANI_L7_9, eNodeB ID=44004, Cell FDD TDD indication=CELL_FDD",Reliable,280.277,10.491
2026-04-10 02:00,60,"STD_STD_PUERTO_LIMON_UL/Cell:eNodeB Function Name=STD_STD_PUERTO_LIMON_L, Local Cell ID=7, Cell Name=STD_STD_PUERTO_LIMON_APT_7, eNodeB ID=44787, Cell FDD TDD indication=CELL_FDD",Reliable,3.394,3.288
2026-04-10 02:00,60,"STD_STD_PUERTO_LIMON_UL/Cell:eNodeB Function Name=STD_STD_PUERTO_LIMON_L, Local Cell ID=8, Cell Name=STD_STD_PUERTO_LIMON_APT_8, eNodeB ID=44787, Cell FDD TDD indication=CELL_FDD",Reliable,53.542,15.925
2026-04-10 02:00,60,"STD_STD_PUERTO_LIMON_UL/Cell:eNodeB Function Name=STD_STD_PUERTO_LIMON_L, Local Cell ID=9, Cell Name=STD_STD_PUERTO_LIMON_APT_9, eNodeB ID=44787, Cell FDD TDD indication=CELL_FDD",Reliable,202.444,12.947
2026-04-10 02:00,60,"STD_CON_LA_CONCORDIA_UL/Cell:eNodeB Function Name=STD_CON_LA_CONCORDIA_L, Local Cell ID=7, Cell Name=STD_CON_LA_CONCORDIA_APT_7, eNodeB ID=44792, Cell FDD TDD indication=CELL_FDD",Reliable,13.38,3.36
2026-04-10 02:00,60,"STD_CON_LA_CONCORDIA_UL/Cell:eNodeB Function Name=STD_CON_LA_CONCORDIA_L, Local Cell ID=8, Cell Name=STD_CON_LA_CONCORDIA_APT_8, eNodeB ID=44792, Cell FDD TDD indication=CELL_FDD",Reliable,76.415,14.792
2026-04-10 02:00,60,"STD_CON_LA_CONCORDIA_UL/Cell:eNodeB Function Name=STD_CON_LA_CONCORDIA_L, Local Cell ID=9, Cell Name=STD_CON_LA_CONCORDIA_APT_9, eNodeB ID=44792, Cell FDD TDD indication=CELL_FDD",Reliable,643.961,29.344
2026-04-10 02:00,60,"STD_STD_SD_BOMBOLI_UL/Cell:eNodeB Function Name=STD_STD_SD_BOMBOLI_L, Local Cell ID=7, Cell Name=STD_STD_SD_BOMBOLI_APT_7, eNodeB ID=44762, Cell FDD TDD indication=CELL_FDD",Reliable,526.58,90.833
2026-04-10 02:00,60,"STD_STD_SD_BOMBOLI_UL/Cell:eNodeB Function Name=STD_STD_SD_BOMBOLI_L, Local Cell ID=8, Cell Name=STD_STD_SD_BOMBOLI_APT_8, eNodeB ID=44762, Cell FDD TDD indication=CELL_FDD",Reliable,61.92,27.37
2026-04-10 02:00,60,"STD_STD_SD_BOMBOLI_UL/Cell:eNodeB Function Name=STD_STD_SD_BOMBOLI_L, Local Cell ID=9, Cell Name=STD_STD_SD_BOMBOLI_APT_9, eNodeB ID=44762, Cell FDD TDD indication=CELL_FDD",Reliable,1626.106,87.94
2026-04-10 02:00,60,"PIC_CAY_CAYAMBE_CNT_UL/Cell:eNodeB Function Name=PIC_CAY_CAYAMBE_CNT_L, Local Cell ID=7, Cell Name=PIC_CAY_CAYAMBE_CNT_APT_7, eNodeB ID=44410, Cell FDD TDD indication=CELL_FDD",Reliable,400.278,39.332
2026-04-10 02:00,60,"PIC_CAY_CAYAMBE_CNT_UL/Cell:eNodeB Function Name=PIC_CAY_CAYAMBE_CNT_L, Local Cell ID=8, Cell Name=PIC_CAY_CAYAMBE_CNT_APT_8, eNodeB ID=44410, Cell FDD TDD indication=CELL_FDD",Reliable,39.784,5.306
2026-04-10 02:00,60,"PIC_CAY_CAYAMBE_CNT_UL/Cell:eNodeB Function Name=PIC_CAY_CAYAMBE_CNT_L, Local Cell ID=9, Cell Name=PIC_CAY_CAYAMBE_CNT_APT_9, eNodeB ID=44410, Cell FDD TDD indication=CELL_FDD",Reliable,74.094,8.326
2026-04-10 02:00,60,"IMB_GON_CAJAS_UL/Cell:eNodeB Function Name=IMB_GON_CAJAS_L, Local Cell ID=7, Cell Name=IMB_GON_CAJAS_APT_7, eNodeB ID=44752, Cell FDD TDD indication=CELL_FDD",Reliable,298.767,20.47
2026-04-10 02:00,60,"IMB_GON_CAJAS_UL/Cell:eNodeB Function Name=IMB_GON_CAJAS_L, Local Cell ID=8, Cell Name=IMB_GON_CAJAS_APT_8, eNodeB ID=44752, Cell FDD TDD indication=CELL_FDD",Reliable,585.778,62.984
2026-04-10 02:00,60,"IMB_GON_CAJAS_UL/Cell:eNodeB Function Name=IMB_GON_CAJAS_L, Local Cell ID=9, Cell Name=IMB_GON_CAJAS_APT_9, eNodeB ID=44752, Cell FDD TDD indication=CELL_FDD",Reliable,653.49,58.073
2026-04-10 02:00,60,"ORE_COC_PAYAMINO_UL/Cell:eNodeB Function Name=ORE_COC_PAYAMINO_L, Local Cell ID=9, Cell Name=ORE_COC_PAYAMINO_APT_9, eNodeB ID=43645, Cell FDD TDD indication=CELL_FDD",Reliable,479.562,66.371
2026-04-10 02:00,60,"ORE_COC_PAYAMINO_UL/Cell:eNodeB Function Name=ORE_COC_PAYAMINO_L, Local Cell ID=8, Cell Name=ORE_COC_PAYAMINO_APT_8, eNodeB ID=43645, Cell FDD TDD indication=CELL_FDD",Reliable,6.309,17.019
2026-04-10 02:00,60,"ORE_COC_PAYAMINO_UL/Cell:eNodeB Function Name=ORE_COC_PAYAMINO_L, Local Cell ID=7, Cell Name=ORE_COC_PAYAMINO_APT_7, eNodeB ID=43645, Cell FDD TDD indication=CELL_FDD",Reliable,408.636,39.294
2026-04-10 02:00,60,"PAS_PUY_U_ESTATAL_AMAZONICA_UL/Cell:eNodeB Function Name=PAS_PUY_U_ESTATAL_AMAZONICA_L, Local Cell ID=9, Cell Name=PAS_PUY_U_ESTATAL_AMAZONICA_APT_9, eNodeB ID=43647, Cell FDD TDD indication=CELL_FDD",Reliable,81.297,8.426
2026-04-10 02:00,60,"PAS_PUY_U_ESTATAL_AMAZONICA_UL/Cell:eNodeB Function Name=PAS_PUY_U_ESTATAL_AMAZONICA_L, Local Cell ID=8, Cell Name=PAS_PUY_U_ESTATAL_AMAZONICA_APT_8, eNodeB ID=43647, Cell FDD TDD indication=CELL_FDD",Reliable,123.517,6.492
2026-04-10 02:00,60,"PAS_PUY_U_ESTATAL_AMAZONICA_UL/Cell:eNodeB Function Name=PAS_PUY_U_ESTATAL_AMAZONICA_L, Local Cell ID=7, Cell Name=PAS_PUY_U_ESTATAL_AMAZONICA_APT_7, eNodeB ID=43647, Cell FDD TDD indication=CELL_FDD",Reliable,145.028,18.164
2026-04-10 02:00,60,"PAS_PUY_MARIN_UL/Cell:eNodeB Function Name=PAS_PUY_MARIN_L, Local Cell ID=9, Cell Name=PAS_PUY_MARIN_APT_9, eNodeB ID=43612, Cell FDD TDD indication=CELL_FDD",Reliable,1919.988,111.488
2026-04-10 02:00,60,"PAS_PUY_MARIN_UL/Cell:eNodeB Function Name=PAS_PUY_MARIN_L, Local Cell ID=8, Cell Name=PAS_PUY_MARIN_APT_8, eNodeB ID=43612, Cell FDD TDD indication=CELL_FDD",Reliable,522.177,34.042
2026-04-10 02:00,60,"PAS_PUY_MARIN_UL/Cell:eNodeB Function Name=PAS_PUY_MARIN_L, Local Cell ID=7, Cell Name=PAS_PUY_MARIN_APT_7, eNodeB ID=43612, Cell FDD TDD indication=CELL_FDD",Reliable,797.544,42.362
2026-04-10 02:00,60,"IMB_IBA_LA_FLORIDA_UL/Cell:eNodeB Function Name=IMB_IBA_LA_FLORIDA_L, Local Cell ID=9, Cell Name=IMB_IBA_LA_FLORIDA_APT_9, eNodeB ID=43589, Cell FDD TDD indication=CELL_FDD",Reliable,274.296,18.266
2026-04-10 02:00,60,"IMB_IBA_LA_FLORIDA_UL/Cell:eNodeB Function Name=IMB_IBA_LA_FLORIDA_L, Local Cell ID=8, Cell Name=IMB_IBA_LA_FLORIDA_APT_8, eNodeB ID=43589, Cell FDD TDD indication=CELL_FDD",Reliable,317.797,17.075
2026-04-10 02:00,60,"IMB_IBA_LA_FLORIDA_UL/Cell:eNodeB Function Name=IMB_IBA_LA_FLORIDA_L, Local Cell ID=7, Cell Name=IMB_IBA_LA_FLORIDA_APT_7, eNodeB ID=43589, Cell FDD TDD indication=CELL_FDD",Reliable,52.628,29.135
2026-04-10 02:00,60,"ORE_COC_TERMINAL_TERRESTRE_UL/Cell:eNodeB Function Name=ORE_COC_TERMINAL_TERRESTRE_L, Local Cell ID=9, Cell Name=ORE_COC_TERMINAL_TERRESTRE_APT_9, eNodeB ID=43643, Cell FDD TDD indication=CELL_FDD",Reliable,178.801,202.688
2026-04-10 02:00,60,"ORE_COC_TERMINAL_TERRESTRE_UL/Cell:eNodeB Function Name=ORE_COC_TERMINAL_TERRESTRE_L, Local Cell ID=8, Cell Name=ORE_COC_TERMINAL_TERRESTRE_APT_8, eNodeB ID=43643, Cell FDD TDD indication=CELL_FDD",Reliable,14.07,4.383
2026-04-10 02:00,60,"ORE_COC_TERMINAL_TERRESTRE_UL/Cell:eNodeB Function Name=ORE_COC_TERMINAL_TERRESTRE_L, Local Cell ID=7, Cell Name=ORE_COC_TERMINAL_TERRESTRE_APT_7, eNodeB ID=43643, Cell FDD TDD indication=CELL_FDD",Reliable,114.375,40.957
2026-04-10 02:00,60,"PIC_UIO_CICLISTA_UL/Cell:eNodeB Function Name=PIC_UIO_CICLISTA_L, Local Cell ID=9, Cell Name=PIC_UIO_CICLISTA_L7_9, eNodeB ID=43526, Cell FDD TDD indication=CELL_FDD",Reliable,325.069,29.158
2026-04-10 02:00,60,"PIC_UIO_CICLISTA_UL/Cell:eNodeB Function Name=PIC_UIO_CICLISTA_L, Local Cell ID=8, Cell Name=PIC_UIO_CICLISTA_L7_8, eNodeB ID=43526, Cell FDD TDD indication=CELL_FDD",Reliable,2.343,1.825
2026-04-10 02:00,60,"PIC_UIO_CICLISTA_UL/Cell:eNodeB Function Name=PIC_UIO_CICLISTA_L, Local Cell ID=7, Cell Name=PIC_UIO_CICLISTA_L7_7, eNodeB ID=43526, Cell FDD TDD indication=CELL_FDD",Reliable,129.257,11.296
2026-04-10 02:00,60,"PIC_UIO_FERNANDO_AYARZA_UL/Cell:eNodeB Function Name=PIC_UIO_FERNANDO_AYARZA_L, Local Cell ID=9, Cell Name=PIC_UIO_FERNANDO_AYARZA_APT_9, eNodeB ID=43602, Cell FDD TDD indication=CELL_FDD",Reliable,159.246,12.916
2026-04-10 02:00,60,"PIC_UIO_FERNANDO_AYARZA_UL/Cell:eNodeB Function Name=PIC_UIO_FERNANDO_AYARZA_L, Local Cell ID=8, Cell Name=PIC_UIO_FERNANDO_AYARZA_APT_8, eNodeB ID=43602, Cell FDD TDD indication=CELL_FDD",Reliable,86.809,4.268
2026-04-10 02:00,60,"PIC_UIO_FERNANDO_AYARZA_UL/Cell:eNodeB Function Name=PIC_UIO_FERNANDO_AYARZA_L, Local Cell ID=7, Cell Name=PIC_UIO_FERNANDO_AYARZA_APT_7, eNodeB ID=43602, Cell FDD TDD indication=CELL_FDD",Reliable,9.914,2.078
2026-04-10 02:00,60,"PIC_UIO_LA_PULIDA_UL/Cell:eNodeB Function Name=PIC_UIO_LA_PULIDA_L, Local Cell ID=9, Cell Name=PIC_UIO_LA_PULIDA_APT_9, eNodeB ID=43664, Cell FDD TDD indication=CELL_FDD",Reliable,45.352,10.697
2026-04-10 02:00,60,"PIC_UIO_LA_PULIDA_UL/Cell:eNodeB Function Name=PIC_UIO_LA_PULIDA_L, Local Cell ID=8, Cell Name=PIC_UIO_LA_PULIDA_APT_8, eNodeB ID=43664, Cell FDD TDD indication=CELL_FDD",Reliable,0.972,0.335
2026-04-10 02:00,60,"PIC_UIO_LA_PULIDA_UL/Cell:eNodeB Function Name=PIC_UIO_LA_PULIDA_L, Local Cell ID=7, Cell Name=PIC_UIO_LA_PULIDA_APT_7, eNodeB ID=43664, Cell FDD TDD indication=CELL_FDD",Reliable,33.518,14.382
2026-04-10 02:00,60,"STD_STD_SAN_GABRIEL_UL/Cell:eNodeB Function Name=STD_STD_SAN_GABRIEL_L, Local Cell ID=9, Cell Name=STD_STD_SAN_GABRIEL_APT_9, eNodeB ID=43638, Cell FDD TDD indication=CELL_FDD",Reliable,224.921,31.986
2026-04-10 02:00,60,"STD_STD_SAN_GABRIEL_UL/Cell:eNodeB Function Name=STD_STD_SAN_GABRIEL_L, Local Cell ID=8, Cell Name=STD_STD_SAN_GABRIEL_APT_8, eNodeB ID=43638, Cell FDD TDD indication=CELL_FDD",Reliable,152.762,16.269
2026-04-10 02:00,60,"STD_STD_SAN_GABRIEL_UL/Cell:eNodeB Function Name=STD_STD_SAN_GABRIEL_L, Local Cell ID=7, Cell Name=STD_STD_SAN_GABRIEL_APT_7, eNodeB ID=43638, Cell FDD TDD indication=CELL_FDD",Reliable,29.848,5.062
2026-04-10 02:00,60,"SUC_LAG_001_UL (LAGO SIMON BOLIVAR)/Cell:eNodeB Function Name=SUC_LAG_LAGO_SIMON_BOLIVAR_L, Local Cell ID=9, Cell Name=SUC_LAG_LAGO_SIMON_BOLIVAR_APT_9, eNodeB ID=43639, Cell FDD TDD indication=CELL_FDD",Reliable,300.463,73.41
2026-04-10 02:00,60,"SUC_LAG_001_UL (LAGO SIMON BOLIVAR)/Cell:eNodeB Function Name=SUC_LAG_LAGO_SIMON_BOLIVAR_L, Local Cell ID=8, Cell Name=SUC_LAG_LAGO_SIMON_BOLIVAR_APT_8, eNodeB ID=43639, Cell FDD TDD indication=CELL_FDD",Reliable,280.793,30.823
2026-04-10 02:00,60,"SUC_LAG_001_UL (LAGO SIMON BOLIVAR)/Cell:eNodeB Function Name=SUC_LAG_LAGO_SIMON_BOLIVAR_L, Local Cell ID=7, Cell Name=SUC_LAG_LAGO_SIMON_BOLIVAR_APT_7, eNodeB ID=43639, Cell FDD TDD indication=CELL_FDD",Reliable,314.935,41.803
2026-04-10 02:00,60,"SUC_LAG_003_UL (LAGO PETRO)/Cell:eNodeB Function Name=SUC_LAG_LAGO_PETRO_L, Local Cell ID=9, Cell Name=SUC_LAG_LAGO_PETRO_APT_9, eNodeB ID=43641, Cell FDD TDD indication=CELL_FDD",Reliable,1084.154,46.405
2026-04-10 02:00,60,"SUC_LAG_003_UL (LAGO PETRO)/Cell:eNodeB Function Name=SUC_LAG_LAGO_PETRO_L, Local Cell ID=8, Cell Name=SUC_LAG_LAGO_PETRO_APT_8, eNodeB ID=43641, Cell FDD TDD indication=CELL_FDD",Reliable,1090.417,70.744
2026-04-10 02:00,60,"SUC_LAG_003_UL (LAGO PETRO)/Cell:eNodeB Function Name=SUC_LAG_LAGO_PETRO_L, Local Cell ID=7, Cell Name=SUC_LAG_LAGO_PETRO_APT_7, eNodeB ID=43641, Cell FDD TDD indication=CELL_FDD",Reliable,246.236,36.023
2026-04-10 02:00,60,"TUN_AMB_MINARICA_UL/Cell:eNodeB Function Name=TUN_AMB_MINARICA_L, Local Cell ID=9, Cell Name=TUN_AMB_MINARICA_APT_9, eNodeB ID=43572, Cell FDD TDD indication=CELL_FDD",Reliable,94.57,16.438
2026-04-10 02:00,60,"TUN_AMB_MINARICA_UL/Cell:eNodeB Function Name=TUN_AMB_MINARICA_L, Local Cell ID=8, Cell Name=TUN_AMB_MINARICA_APT_8, eNodeB ID=43572, Cell FDD TDD indication=CELL_FDD",Reliable,497.498,159.918
2026-04-10 02:00,60,"TUN_AMB_MINARICA_UL/Cell:eNodeB Function Name=TUN_AMB_MINARICA_L, Local Cell ID=7, Cell Name=TUN_AMB_MINARICA_APT_7, eNodeB ID=43572, Cell FDD TDD indication=CELL_FDD",Reliable,484.677,55.51
2026-04-10 02:00,60,"TUN_AMB_SAN_ANTONIO_UL/Cell:eNodeB Function Name=TUN_AMB_SAN_ANTONIO_L, Local Cell ID=9, Cell Name=TUN_AMB_SAN_ANTONIO_APT_9, eNodeB ID=43571, Cell FDD TDD indication=CELL_FDD",Reliable,491.869,26.812
2026-04-10 02:00,60,"TUN_AMB_SAN_ANTONIO_UL/Cell:eNodeB Function Name=TUN_AMB_SAN_ANTONIO_L, Local Cell ID=8, Cell Name=TUN_AMB_SAN_ANTONIO_APT_8, eNodeB ID=43571, Cell FDD TDD indication=CELL_FDD",Reliable,4.342,1.464
2026-04-10 02:00,60,"TUN_AMB_SAN_ANTONIO_UL/Cell:eNodeB Function Name=TUN_AMB_SAN_ANTONIO_L, Local Cell ID=7, Cell Name=TUN_AMB_SAN_ANTONIO_APT_7, eNodeB ID=43571, Cell FDD TDD indication=CELL_FDD",Reliable,534.054,84.469
2026-04-10 02:00,60,"TUN_AMB_HUACHI_GRANDE_UL/Cell:eNodeB Function Name=TUN_AMB_HUACHI_GRANDE_L, Local Cell ID=7, Cell Name=TUN_AMB_HUACHI_GRANDE_APT_7, eNodeB ID=44509, Cell FDD TDD indication=CELL_FDD",Reliable,1593.895,71.919
2026-04-10 02:00,60,"TUN_AMB_HUACHI_GRANDE_UL/Cell:eNodeB Function Name=TUN_AMB_HUACHI_GRANDE_L, Local Cell ID=8, Cell Name=TUN_AMB_HUACHI_GRANDE_APT_8, eNodeB ID=44509, Cell FDD TDD indication=CELL_FDD",Reliable,428.067,31.339
2026-04-10 02:00,60,"TUN_AMB_HUACHI_GRANDE_UL/Cell:eNodeB Function Name=TUN_AMB_HUACHI_GRANDE_L, Local Cell ID=9, Cell Name=TUN_AMB_HUACHI_GRANDE_APT_9, eNodeB ID=44509, Cell FDD TDD indication=CELL_FDD",Reliable,447.775,63.901
2026-04-10 02:00,60,"IMB_IBA_EL_RETORNO_UL/Cell:eNodeB Function Name=IMB_IBA_EL_RETORNO_L, Local Cell ID=7, Cell Name=IMB_IBA_EL_RETORNO_APT_7, eNodeB ID=44753, Cell FDD TDD indication=CELL_FDD",Reliable,210.746,16.107
2026-04-10 02:00,60,"IMB_IBA_EL_RETORNO_UL/Cell:eNodeB Function Name=IMB_IBA_EL_RETORNO_L, Local Cell ID=8, Cell Name=IMB_IBA_EL_RETORNO_APT_8, eNodeB ID=44753, Cell FDD TDD indication=CELL_FDD",Reliable,87.449,5.018
2026-04-10 02:00,60,"IMB_IBA_EL_RETORNO_UL/Cell:eNodeB Function Name=IMB_IBA_EL_RETORNO_L, Local Cell ID=9, Cell Name=IMB_IBA_EL_RETORNO_APT_9, eNodeB ID=44753, Cell FDD TDD indication=CELL_FDD",Reliable,168.149,33.929
2026-04-10 02:00,60,"IMB_IBA_UTN_UL/Cell:eNodeB Function Name=IMB_IBA_UTN_L, Local Cell ID=7, Cell Name=IMB_IBA_UTN_APT_7, eNodeB ID=44754, Cell FDD TDD indication=CELL_FDD",Reliable,138.536,14.081
2026-04-10 02:00,60,"IMB_IBA_UTN_UL/Cell:eNodeB Function Name=IMB_IBA_UTN_L, Local Cell ID=8, Cell Name=IMB_IBA_UTN_APT_8, eNodeB ID=44754, Cell FDD TDD indication=CELL_FDD",Reliable,404.579,38.374
2026-04-10 02:00,60,"IMB_IBA_UTN_UL/Cell:eNodeB Function Name=IMB_IBA_UTN_L, Local Cell ID=9, Cell Name=IMB_IBA_UTN_APT_9, eNodeB ID=44754, Cell FDD TDD indication=CELL_FDD",Reliable,180.974,41.96
2026-04-10 02:00,60,"IMB_CHA_CHALTURA_UL/Cell:eNodeB Function Name=IMB_CHA_CHALTURA_L, Local Cell ID=7, Cell Name=IMB_CHA_CHALTURA_APT_7, eNodeB ID=44732, Cell FDD TDD indication=CELL_FDD",Reliable,158.662,12.367
2026-04-10 02:00,60,"IMB_CHA_CHALTURA_UL/Cell:eNodeB Function Name=IMB_CHA_CHALTURA_L, Local Cell ID=8, Cell Name=IMB_CHA_CHALTURA_APT_8, eNodeB ID=44732, Cell FDD TDD indication=CELL_FDD",Reliable,151.732,18.978
2026-04-10 02:00,60,"IMB_CHA_CHALTURA_UL/Cell:eNodeB Function Name=IMB_CHA_CHALTURA_L, Local Cell ID=9, Cell Name=IMB_CHA_CHALTURA_APT_9, eNodeB ID=44732, Cell FDD TDD indication=CELL_FDD",Reliable,219.443,25.621
2026-04-10 02:00,60,"IMB_ROQ_SAN_ROQUE_UL/Cell:eNodeB Function Name=IMB_ROQ_SAN_ROQUE_L, Local Cell ID=7, Cell Name=IMB_ROQ_SAN_ROQUE_APT_7, eNodeB ID=44734, Cell FDD TDD indication=CELL_FDD",Reliable,1477.988,49.713
2026-04-10 02:00,60,"IMB_ROQ_SAN_ROQUE_UL/Cell:eNodeB Function Name=IMB_ROQ_SAN_ROQUE_L, Local Cell ID=8, Cell Name=IMB_ROQ_SAN_ROQUE_APT_8, eNodeB ID=44734, Cell FDD TDD indication=CELL_FDD",Reliable,45.041,19.397
2026-04-10 02:00,60,"IMB_ROQ_SAN_ROQUE_UL/Cell:eNodeB Function Name=IMB_ROQ_SAN_ROQUE_L, Local Cell ID=9, Cell Name=IMB_ROQ_SAN_ROQUE_APT_9, eNodeB ID=44734, Cell FDD TDD indication=CELL_FDD",Reliable,170.589,19.686
2026-04-10 02:00,60,"ORE_COC_COCA_SRI_UL/Cell:eNodeB Function Name=ORE_COC_COCA_SRI_L, Local Cell ID=7, Cell Name=ORE_COC_COCA_SRI_APT_7, eNodeB ID=44862, Cell FDD TDD indication=CELL_FDD",Reliable,793.12,58.413
2026-04-10 02:00,60,"ORE_COC_COCA_SRI_UL/Cell:eNodeB Function Name=ORE_COC_COCA_SRI_L, Local Cell ID=8, Cell Name=ORE_COC_COCA_SRI_APT_8, eNodeB ID=44862, Cell FDD TDD indication=CELL_FDD",Reliable,237.158,26.697
2026-04-10 02:00,60,"ORE_COC_COCA_SRI_UL/Cell:eNodeB Function Name=ORE_COC_COCA_SRI_L, Local Cell ID=9, Cell Name=ORE_COC_COCA_SRI_APT_9, eNodeB ID=44862, Cell FDD TDD indication=CELL_FDD",Reliable,116.468,33.407
2026-04-10 02:00,60,"ORE_JOY_JOYA_DE_LOS_SACHAS_UL/Cell:eNodeB Function Name=ORE_JOY_JOYA_DE_LOS_SACHAS_L, Local Cell ID=7, Cell Name=ORE_JOY_JOYA_DE_LOS_SACHAS_L7_7, eNodeB ID=44863, Cell FDD TDD indication=CELL_FDD",Reliable,276.654,389.939
2026-04-10 02:00,60,"ORE_JOY_JOYA_DE_LOS_SACHAS_UL/Cell:eNodeB Function Name=ORE_JOY_JOYA_DE_LOS_SACHAS_L, Local Cell ID=8, Cell Name=ORE_JOY_JOYA_DE_LOS_SACHAS_L7_8, eNodeB ID=44863, Cell FDD TDD indication=CELL_FDD",Reliable,966.042,70.349
2026-04-10 02:00,60,"ORE_JOY_JOYA_DE_LOS_SACHAS_UL/Cell:eNodeB Function Name=ORE_JOY_JOYA_DE_LOS_SACHAS_L, Local Cell ID=9, Cell Name=ORE_JOY_JOYA_DE_LOS_SACHAS_L7_9, eNodeB ID=44863, Cell FDD TDD indication=CELL_FDD",Reliable,132.833,54.534
2026-04-10 02:00,60,"ORE_JOY_JOYA_DE_LOS_SACHAS_UL/Cell:eNodeB Function Name=ORE_JOY_JOYA_DE_LOS_SACHAS_L, Local Cell ID=1, Cell Name=ORE_JOY_JOYA_DE_LOS_SACHAS_L21_1, eNodeB ID=44863, Cell FDD TDD indication=CELL_FDD",Reliable,79.713,21.333
2026-04-10 02:00,60,"ORE_JOY_JOYA_DE_LOS_SACHAS_UL/Cell:eNodeB Function Name=ORE_JOY_JOYA_DE_LOS_SACHAS_L, Local Cell ID=2, Cell Name=ORE_JOY_JOYA_DE_LOS_SACHAS_L21_2, eNodeB ID=44863, Cell FDD TDD indication=CELL_FDD",Reliable,352.684,31.268
2026-04-10 02:00,60,"ORE_JOY_JOYA_DE_LOS_SACHAS_UL/Cell:eNodeB Function Name=ORE_JOY_JOYA_DE_LOS_SACHAS_L, Local Cell ID=3, Cell Name=ORE_JOY_JOYA_DE_LOS_SACHAS_L21_3, eNodeB ID=44863, Cell FDD TDD indication=CELL_FDD",Reliable,117.366,13.413
2026-04-10 02:00,60,"ORE_COC_COCA_CNT_UL/Cell:eNodeB Function Name=ORE_COC_COCA_CNT_L, Local Cell ID=7, Cell Name=ORE_COC_COCA_CNT_L7_7, eNodeB ID=44860, Cell FDD TDD indication=CELL_FDD",Reliable,305.137,25.564
2026-04-10 02:00,60,"ORE_COC_COCA_CNT_UL/Cell:eNodeB Function Name=ORE_COC_COCA_CNT_L, Local Cell ID=8, Cell Name=ORE_COC_COCA_CNT_L7_8, eNodeB ID=44860, Cell FDD TDD indication=CELL_FDD",Reliable,862.902,44.411
2026-04-10 02:00,60,"ORE_COC_COCA_CNT_UL/Cell:eNodeB Function Name=ORE_COC_COCA_CNT_L, Local Cell ID=9, Cell Name=ORE_COC_COCA_CNT_L7_9, eNodeB ID=44860, Cell FDD TDD indication=CELL_FDD",Reliable,143.783,16.293
2026-04-10 02:00,60,"ORE_COC_COCA_CNT_UL/Cell:eNodeB Function Name=ORE_COC_COCA_CNT_L, Local Cell ID=3, Cell Name=ORE_COC_COCA_CNT_L21_3, eNodeB ID=44860, Cell FDD TDD indication=CELL_FDD",Reliable,614.341,92.285
2026-04-10 02:00,60,"ORE_COC_COCA_CNT_UL/Cell:eNodeB Function Name=ORE_COC_COCA_CNT_L, Local Cell ID=2, Cell Name=ORE_COC_COCA_CNT_L21_2, eNodeB ID=44860, Cell FDD TDD indication=CELL_FDD",Reliable,155.797,22.563
2026-04-10 02:00,60,"ORE_COC_COCA_CNT_UL/Cell:eNodeB Function Name=ORE_COC_COCA_CNT_L, Local Cell ID=1, Cell Name=ORE_COC_COCA_CNT_L21_1, eNodeB ID=44860, Cell FDD TDD indication=CELL_FDD",Reliable,168.248,12.004
2026-04-10 02:00,60,"IMB_IBA_DIEZ_DE_AGOSTO_UL/Cell:eNodeB Function Name=IMB_IBA_DIEZ_DE_AGOSTO_L, Local Cell ID=7, Cell Name=IMB_IBA_DIEZ_DE_AGOSTO_APT_7, eNodeB ID=44728, Cell FDD TDD indication=CELL_FDD",Reliable,897.444,90.433
2026-04-10 02:00,60,"IMB_IBA_DIEZ_DE_AGOSTO_UL/Cell:eNodeB Function Name=IMB_IBA_DIEZ_DE_AGOSTO_L, Local Cell ID=8, Cell Name=IMB_IBA_DIEZ_DE_AGOSTO_APT_8, eNodeB ID=44728, Cell FDD TDD indication=CELL_FDD",Reliable,231.631,19.01
2026-04-10 02:00,60,"IMB_IBA_DIEZ_DE_AGOSTO_UL/Cell:eNodeB Function Name=IMB_IBA_DIEZ_DE_AGOSTO_L, Local Cell ID=9, Cell Name=IMB_IBA_DIEZ_DE_AGOSTO_APT_9, eNodeB ID=44728, Cell FDD TDD indication=CELL_FDD",Reliable,518.871,41.755
2026-04-10 02:00,60,"IMB_OTA_JACINTO_COLLAHUAZO_UL/Cell:eNodeB Function Name=IMB_OTA_JACINTO_COLLAHUAZO_L, Local Cell ID=7, Cell Name=IMB_OTA_JACINTO_COLLAHUAZO_APT_7, eNodeB ID=44726, Cell FDD TDD indication=CELL_FDD",Reliable,232.92,9.76
2026-04-10 02:00,60,"IMB_OTA_JACINTO_COLLAHUAZO_UL/Cell:eNodeB Function Name=IMB_OTA_JACINTO_COLLAHUAZO_L, Local Cell ID=8, Cell Name=IMB_OTA_JACINTO_COLLAHUAZO_APT_8, eNodeB ID=44726, Cell FDD TDD indication=CELL_FDD",Reliable,513.25,83.284
2026-04-10 02:00,60,"IMB_OTA_JACINTO_COLLAHUAZO_UL/Cell:eNodeB Function Name=IMB_OTA_JACINTO_COLLAHUAZO_L, Local Cell ID=9, Cell Name=IMB_OTA_JACINTO_COLLAHUAZO_APT_9, eNodeB ID=44726, Cell FDD TDD indication=CELL_FDD",Reliable,279.296,52.566
2026-04-10 02:00,60,"PIC_CHI_SAN_PEDRO_DE_TABOADA_UL/Cell:eNodeB Function Name=PIC_CHI_SAN_PEDRO_DE_TABOADA_L, Local Cell ID=7, Cell Name=PIC_CHI_SAN_PEDRO_DE_TABOADA_L7_7, eNodeB ID=44236, Cell FDD TDD indication=CELL_FDD",Reliable,62.148,19.635
2026-04-10 02:00,60,"PIC_CHI_SAN_PEDRO_DE_TABOADA_UL/Cell:eNodeB Function Name=PIC_CHI_SAN_PEDRO_DE_TABOADA_L, Local Cell ID=8, Cell Name=PIC_CHI_SAN_PEDRO_DE_TABOADA_L7_8, eNodeB ID=44236, Cell FDD TDD indication=CELL_FDD",Reliable,12.779,3.072
2026-04-10 02:00,60,"PIC_CHI_SAN_PEDRO_DE_TABOADA_UL/Cell:eNodeB Function Name=PIC_CHI_SAN_PEDRO_DE_TABOADA_L, Local Cell ID=9, Cell Name=PIC_CHI_SAN_PEDRO_DE_TABOADA_L7_9, eNodeB ID=44236, Cell FDD TDD indication=CELL_FDD",Reliable,391.867,164.389
2026-04-10 02:00,60,"COT_LAT_BRIGADA_PATRIA_UL/Cell:eNodeB Function Name=COT_LAT_BRIGADA_PATRIA_L, Local Cell ID=7, Cell Name=COT_LAT_BRIGADA_PATRIA_L7_7, eNodeB ID=44678, Cell FDD TDD indication=CELL_FDD",Reliable,91.694,6.594
2026-04-10 02:00,60,"COT_LAT_BRIGADA_PATRIA_UL/Cell:eNodeB Function Name=COT_LAT_BRIGADA_PATRIA_L, Local Cell ID=9, Cell Name=COT_LAT_BRIGADA_PATRIA_L7_9, eNodeB ID=44678, Cell FDD TDD indication=CELL_FDD",Reliable,56.628,7.237
2026-04-10 02:00,60,"COT_LAT_BRIGADA_PATRIA_UL/Cell:eNodeB Function Name=COT_LAT_BRIGADA_PATRIA_L, Local Cell ID=1, Cell Name=COT_LAT_BRIGADA_PATRIA_L21_1, eNodeB ID=44678, Cell FDD TDD indication=CELL_FDD",Reliable,382.389,45.257
2026-04-10 02:00,60,"COT_LAT_BRIGADA_PATRIA_UL/Cell:eNodeB Function Name=COT_LAT_BRIGADA_PATRIA_L, Local Cell ID=2, Cell Name=COT_LAT_BRIGADA_PATRIA_L21_2, eNodeB ID=44678, Cell FDD TDD indication=CELL_FDD",Reliable,77.229,26.342
2026-04-10 02:00,60,"COT_LAT_BRIGADA_PATRIA_UL/Cell:eNodeB Function Name=COT_LAT_BRIGADA_PATRIA_L, Local Cell ID=3, Cell Name=COT_LAT_BRIGADA_PATRIA_L21_3, eNodeB ID=44678, Cell FDD TDD indication=CELL_FDD",Reliable,2899.999,209.574
2026-04-10 02:00,60,"COT_SAL_SALCEDO_NORTE_UL/Cell:eNodeB Function Name=COT_SAL_SALCEDO_NORTE_L, Local Cell ID=7, Cell Name=COT_SAL_SALCEDO_NORTE_L7_7, eNodeB ID=44667, Cell FDD TDD indication=CELL_FDD",Reliable,246.767,24.35
2026-04-10 02:00,60,"COT_SAL_SALCEDO_NORTE_UL/Cell:eNodeB Function Name=COT_SAL_SALCEDO_NORTE_L, Local Cell ID=8, Cell Name=COT_SAL_SALCEDO_NORTE_L7_8, eNodeB ID=44667, Cell FDD TDD indication=CELL_FDD",Reliable,23.881,7.842
2026-04-10 02:00,60,"COT_SAL_SALCEDO_NORTE_UL/Cell:eNodeB Function Name=COT_SAL_SALCEDO_NORTE_L, Local Cell ID=9, Cell Name=COT_SAL_SALCEDO_NORTE_L7_9, eNodeB ID=44667, Cell FDD TDD indication=CELL_FDD",Reliable,355.593,36.169
2026-04-10 02:00,60,"COT_SAL_SALCEDO_NORTE_UL/Cell:eNodeB Function Name=COT_SAL_SALCEDO_NORTE_L, Local Cell ID=3, Cell Name=COT_LAT_SALCEDO_NORTE_L21_3, eNodeB ID=44667, Cell FDD TDD indication=CELL_FDD",Reliable,263.606,59.588
2026-04-10 02:00,60,"COT_SAL_SALCEDO_NORTE_UL/Cell:eNodeB Function Name=COT_SAL_SALCEDO_NORTE_L, Local Cell ID=2, Cell Name=COT_LAT_SALCEDO_NORTE_L21_2, eNodeB ID=44667, Cell FDD TDD indication=CELL_FDD",Reliable,80.805,29.399
2026-04-10 02:00,60,"COT_SAL_SALCEDO_NORTE_UL/Cell:eNodeB Function Name=COT_SAL_SALCEDO_NORTE_L, Local Cell ID=1, Cell Name=COT_LAT_SALCEDO_NORTE_L21_1, eNodeB ID=44667, Cell FDD TDD indication=CELL_FDD",Reliable,127.786,12.321
2026-04-10 02:00,60,"COT_LAT_LATACUNGA_UL/Cell:eNodeB Function Name=COT_LAT_LATACUNGA_L, Local Cell ID=7, Cell Name=COT_LAT_LATACUNGA_L7_7, eNodeB ID=44691, Cell FDD TDD indication=CELL_FDD",Reliable,183.103,11.255
2026-04-10 02:00,60,"COT_LAT_LATACUNGA_UL/Cell:eNodeB Function Name=COT_LAT_LATACUNGA_L, Local Cell ID=8, Cell Name=COT_LAT_LATACUNGA_L7_8, eNodeB ID=44691, Cell FDD TDD indication=CELL_FDD",Reliable,248.663,16.316
2026-04-10 02:00,60,"COT_LAT_LATACUNGA_UL/Cell:eNodeB Function Name=COT_LAT_LATACUNGA_L, Local Cell ID=9, Cell Name=COT_LAT_LATACUNGA_L7_9, eNodeB ID=44691, Cell FDD TDD indication=CELL_FDD",Reliable,20.246,5.273
2026-04-10 02:00,60,"COT_LAT_LATACUNGA_UL/Cell:eNodeB Function Name=COT_LAT_LATACUNGA_L, Local Cell ID=1, Cell Name=COT_LAT_LATACUNGA_L21_1, eNodeB ID=44691, Cell FDD TDD indication=CELL_FDD",Reliable,328.542,3919.776
2026-04-10 02:00,60,"COT_LAT_LATACUNGA_UL/Cell:eNodeB Function Name=COT_LAT_LATACUNGA_L, Local Cell ID=2, Cell Name=COT_LAT_LATACUNGA_L21_2, eNodeB ID=44691, Cell FDD TDD indication=CELL_FDD",Reliable,34.541,4.957
2026-04-10 02:00,60,"COT_LAT_LATACUNGA_UL/Cell:eNodeB Function Name=COT_LAT_LATACUNGA_L, Local Cell ID=3, Cell Name=COT_LAT_LATACUNGA_L21_3, eNodeB ID=44691, Cell FDD TDD indication=CELL_FDD",Reliable,90.935,7.396
2026-04-10 02:00,60,"TUN_AMB_ATAHUALPA_TRR_UL/Cell:eNodeB Function Name=TUN_AMB_ATAHUALPA_TRR_L, Local Cell ID=7, Cell Name=TUN_AMB_ATAHUALPA_TRR_APT_7, eNodeB ID=43010, Cell FDD TDD indication=CELL_FDD",Reliable,505.682,39.206
2026-04-10 02:00,60,"TUN_AMB_ATAHUALPA_TRR_UL/Cell:eNodeB Function Name=TUN_AMB_ATAHUALPA_TRR_L, Local Cell ID=8, Cell Name=TUN_AMB_ATAHUALPA_TRR_APT_8, eNodeB ID=43010, Cell FDD TDD indication=CELL_FDD",Reliable,12.293,2.859
2026-04-10 02:00,60,"TUN_AMB_ATAHUALPA_TRR_UL/Cell:eNodeB Function Name=TUN_AMB_ATAHUALPA_TRR_L, Local Cell ID=9, Cell Name=TUN_AMB_ATAHUALPA_TRR_APT_9, eNodeB ID=43010, Cell FDD TDD indication=CELL_FDD",Reliable,143.234,14.964
2026-04-10 02:00,60,"IMB_IBA_SAN_ANTONIO_UL/Cell:eNodeB Function Name=IMB_IBA_SAN_ANTONIO_L, Local Cell ID=7, Cell Name=IMB_IBA_SAN_ANTONIO_APT_7, eNodeB ID=44723, Cell FDD TDD indication=CELL_FDD",Reliable,66.717,11.82
2026-04-10 02:00,60,"IMB_IBA_SAN_ANTONIO_UL/Cell:eNodeB Function Name=IMB_IBA_SAN_ANTONIO_L, Local Cell ID=8, Cell Name=IMB_IBA_SAN_ANTONIO_APT_8, eNodeB ID=44723, Cell FDD TDD indication=CELL_FDD",Reliable,611.335,39.391
2026-04-10 02:00,60,"IMB_IBA_SAN_ANTONIO_UL/Cell:eNodeB Function Name=IMB_IBA_SAN_ANTONIO_L, Local Cell ID=9, Cell Name=IMB_IBA_SAN_ANTONIO_APT_9, eNodeB ID=44723, Cell FDD TDD indication=CELL_FDD",Reliable,73.267,7.189
2026-04-10 02:00,60,"NAP_TEN_TENA_CNT_UL/Cell:eNodeB Function Name=NAP_TEN_TENA_CNT_L, Local Cell ID=7, Cell Name=NAP_TEN_TENA_CNT_L7_7, eNodeB ID=44881, Cell FDD TDD indication=CELL_FDD",Reliable,105.159,2.632
2026-04-10 02:00,60,"NAP_TEN_TENA_CNT_UL/Cell:eNodeB Function Name=NAP_TEN_TENA_CNT_L, Local Cell ID=8, Cell Name=NAP_TEN_TENA_CNT_L7_8, eNodeB ID=44881, Cell FDD TDD indication=CELL_FDD",Reliable,947.594,50.029
2026-04-10 02:00,60,"NAP_TEN_TENA_CNT_UL/Cell:eNodeB Function Name=NAP_TEN_TENA_CNT_L, Local Cell ID=9, Cell Name=NAP_TEN_TENA_CNT_L7_9, eNodeB ID=44881, Cell FDD TDD indication=CELL_FDD",Reliable,198.811,16.246
2026-04-10 02:00,60,"NAP_TEN_TENA_CNT_UL/Cell:eNodeB Function Name=NAP_TEN_TENA_CNT_L, Local Cell ID=2, Cell Name=NAP_TEN_TENA_CNT_L21_2, eNodeB ID=44881, Cell FDD TDD indication=CELL_FDD",Reliable,170.936,22.414
2026-04-10 02:00,60,"NAP_TEN_TENA_CNT_UL/Cell:eNodeB Function Name=NAP_TEN_TENA_CNT_L, Local Cell ID=1, Cell Name=NAP_TEN_TENA_CNT_L21_1, eNodeB ID=44881, Cell FDD TDD indication=CELL_FDD",Reliable,363.843,1993.288
2026-04-10 02:00,60,"NAP_TEN_TENA_CNT_UL/Cell:eNodeB Function Name=NAP_TEN_TENA_CNT_L, Local Cell ID=3, Cell Name=NAP_TEN_TENA_CNT_L21_3, eNodeB ID=44881, Cell FDD TDD indication=CELL_FDD",Reliable,18.142,1.614
2026-04-10 02:00,60,"IMB_IBA_IBARRA_AZAYA_UL/Cell:eNodeB Function Name=IMB_IBA_IBARRA_AZAYA_L, Local Cell ID=7, Cell Name=IMB_IBA_IBARRA_AZAYA_APT_7, eNodeB ID=44715, Cell FDD TDD indication=CELL_FDD",Reliable,126.468,10.344
2026-04-10 02:00,60,"IMB_IBA_IBARRA_AZAYA_UL/Cell:eNodeB Function Name=IMB_IBA_IBARRA_AZAYA_L, Local Cell ID=8, Cell Name=IMB_IBA_IBARRA_AZAYA_APT_8, eNodeB ID=44715, Cell FDD TDD indication=CELL_FDD",Reliable,887.002,63.695
2026-04-10 02:00,60,"IMB_IBA_IBARRA_AZAYA_UL/Cell:eNodeB Function Name=IMB_IBA_IBARRA_AZAYA_L, Local Cell ID=9, Cell Name=IMB_IBA_IBARRA_AZAYA_APT_9, eNodeB ID=44715, Cell FDD TDD indication=CELL_FDD",Reliable,229.419,16.575
2026-04-10 02:00,60,"SUC_LAG_LAGO_AGUARICO_UL/Cell:eNodeB Function Name=SUC_LAG_LAGO_AGUARICO_L, Local Cell ID=7, Cell Name=SUC_LAG_LAGO_AGUARICO_APT_7, eNodeB ID=44817, Cell FDD TDD indication=CELL_FDD",Reliable,627.094,38.274
2026-04-10 02:00,60,"SUC_LAG_LAGO_AGUARICO_UL/Cell:eNodeB Function Name=SUC_LAG_LAGO_AGUARICO_L, Local Cell ID=8, Cell Name=SUC_LAG_LAGO_AGUARICO_APT_8, eNodeB ID=44817, Cell FDD TDD indication=CELL_FDD",Reliable,4.265,13.308
2026-04-10 02:00,60,"SUC_LAG_LAGO_AGUARICO_UL/Cell:eNodeB Function Name=SUC_LAG_LAGO_AGUARICO_L, Local Cell ID=9, Cell Name=SUC_LAG_LAGO_AGUARICO_APT_9, eNodeB ID=44817, Cell FDD TDD indication=CELL_FDD",Reliable,38.5,11.23
2026-04-10 02:00,60,"SUC_LAG_LAGO_AEROPUERTO_UL/Cell:eNodeB Function Name=SUC_LAG_LAGO_AEROPUERTO_L, Local Cell ID=7, Cell Name=SUC_LAG_LAGO_AEROPUERTO_APT_7, eNodeB ID=44814, Cell FDD TDD indication=CELL_FDD",Reliable,626.1,159.731
2026-04-10 02:00,60,"SUC_LAG_LAGO_AEROPUERTO_UL/Cell:eNodeB Function Name=SUC_LAG_LAGO_AEROPUERTO_L, Local Cell ID=8, Cell Name=SUC_LAG_LAGO_AEROPUERTO_APT_8, eNodeB ID=44814, Cell FDD TDD indication=CELL_FDD",Reliable,1256,79.57
2026-04-10 02:00,60,"SUC_LAG_LAGO_AEROPUERTO_UL/Cell:eNodeB Function Name=SUC_LAG_LAGO_AEROPUERTO_L, Local Cell ID=9, Cell Name=SUC_LAG_LAGO_AEROPUERTO_APT_9, eNodeB ID=44814, Cell FDD TDD indication=CELL_FDD",Reliable,2008.378,313.243
2026-04-10 02:00,60,"STD_STD_SD_VIA_QUITO_UL/Cell:eNodeB Function Name=STD_STD_SD_VIA_QUITO_L, Local Cell ID=7, Cell Name=STD_STD_SD_VIA_QUITO_APT_7, eNodeB ID=44778, Cell FDD TDD indication=CELL_FDD",Reliable,127.288,32.623
2026-04-10 02:00,60,"STD_STD_SD_VIA_QUITO_UL/Cell:eNodeB Function Name=STD_STD_SD_VIA_QUITO_L, Local Cell ID=8, Cell Name=STD_STD_SD_VIA_QUITO_APT_8, eNodeB ID=44778, Cell FDD TDD indication=CELL_FDD",Reliable,212.864,14.337
2026-04-10 02:00,60,"STD_STD_SD_VIA_QUITO_UL/Cell:eNodeB Function Name=STD_STD_SD_VIA_QUITO_L, Local Cell ID=9, Cell Name=STD_STD_SD_VIA_QUITO_APT_9, eNodeB ID=44778, Cell FDD TDD indication=CELL_FDD",Reliable,56.12,5.445
2026-04-10 02:00,60,"STD_STD_SD_LA_MERCED_UL/Cell:eNodeB Function Name=STD_STD_SD_LA_MERCED_L, Local Cell ID=7, Cell Name=STD_STD_SD_LA_MERCED_APT_7, eNodeB ID=44772, Cell FDD TDD indication=CELL_FDD",Reliable,6.713,1.625
2026-04-10 02:00,60,"STD_STD_SD_LA_MERCED_UL/Cell:eNodeB Function Name=STD_STD_SD_LA_MERCED_L, Local Cell ID=8, Cell Name=STD_STD_SD_LA_MERCED_APT_8, eNodeB ID=44772, Cell FDD TDD indication=CELL_FDD",Reliable,150.347,6.567
2026-04-10 02:00,60,"STD_STD_SD_LA_MERCED_UL/Cell:eNodeB Function Name=STD_STD_SD_LA_MERCED_L, Local Cell ID=9, Cell Name=STD_STD_SD_LA_MERCED_APT_9, eNodeB ID=44772, Cell FDD TDD indication=CELL_FDD",Reliable,34.086,15.066
2026-04-10 02:00,60,"IMB_ATU_ATUNTAQUI_UL/Cell:eNodeB Function Name=IMB_ATU_ATUNTAQUI_L, Local Cell ID=7, Cell Name=IMB_ATU_ATUNTAQUI_APT_7, eNodeB ID=44724, Cell FDD TDD indication=CELL_FDD",Reliable,1064.179,241.415
2026-04-10 02:00,60,"IMB_ATU_ATUNTAQUI_UL/Cell:eNodeB Function Name=IMB_ATU_ATUNTAQUI_L, Local Cell ID=8, Cell Name=IMB_ATU_ATUNTAQUI_APT_8, eNodeB ID=44724, Cell FDD TDD indication=CELL_FDD",Reliable,628.531,167.701
2026-04-10 02:00,60,"IMB_ATU_ATUNTAQUI_UL/Cell:eNodeB Function Name=IMB_ATU_ATUNTAQUI_L, Local Cell ID=9, Cell Name=IMB_ATU_ATUNTAQUI_APT_9, eNodeB ID=44724, Cell FDD TDD indication=CELL_FDD",Reliable,562.755,49.404
2026-04-10 02:00,60,"STD_STD_LUZ_DE_AMERICA_UL/Cell:eNodeB Function Name=STD_STD_LUZ_DE_AMERICA_L, Local Cell ID=7, Cell Name=STD_STD_LUZ_DE_AMERICA_APT_7, eNodeB ID=44766, Cell FDD TDD indication=CELL_FDD",Reliable,609.601,57.673
2026-04-10 02:00,60,"STD_STD_LUZ_DE_AMERICA_UL/Cell:eNodeB Function Name=STD_STD_LUZ_DE_AMERICA_L, Local Cell ID=8, Cell Name=STD_STD_LUZ_DE_AMERICA_APT_8, eNodeB ID=44766, Cell FDD TDD indication=CELL_FDD",Reliable,961.068,80.281
2026-04-10 02:00,60,"STD_STD_LUZ_DE_AMERICA_UL/Cell:eNodeB Function Name=STD_STD_LUZ_DE_AMERICA_L, Local Cell ID=9, Cell Name=STD_STD_LUZ_DE_AMERICA_APT_9, eNodeB ID=44766, Cell FDD TDD indication=CELL_FDD",Reliable,21.347,2.938
2026-04-10 02:00,60,"ORE_COC_COCA_NORTE_UL/Cell:eNodeB Function Name=ORE_COC_COCA_NORTE_L, Local Cell ID=7, Cell Name=ORE_COC_COCA_NORTE_L7_7, eNodeB ID=44864, Cell FDD TDD indication=CELL_FDD",Reliable,288.296,43.396
2026-04-10 02:00,60,"ORE_COC_COCA_NORTE_UL/Cell:eNodeB Function Name=ORE_COC_COCA_NORTE_L, Local Cell ID=8, Cell Name=ORE_COC_COCA_NORTE_L7_8, eNodeB ID=44864, Cell FDD TDD indication=CELL_FDD",Reliable,121.142,32.979
2026-04-10 02:00,60,"ORE_COC_COCA_NORTE_UL/Cell:eNodeB Function Name=ORE_COC_COCA_NORTE_L, Local Cell ID=9, Cell Name=ORE_COC_COCA_NORTE_L7_9, eNodeB ID=44864, Cell FDD TDD indication=CELL_FDD",Reliable,566.763,37.087
2026-04-10 02:00,60,"ORE_COC_COCA_NORTE_UL/Cell:eNodeB Function Name=ORE_COC_COCA_NORTE_L, Local Cell ID=1, Cell Name=ORE_COC_COCA_NORTE_L21_1, eNodeB ID=44864, Cell FDD TDD indication=CELL_FDD",Reliable,568.647,68.309
2026-04-10 02:00,60,"ORE_COC_COCA_NORTE_UL/Cell:eNodeB Function Name=ORE_COC_COCA_NORTE_L, Local Cell ID=3, Cell Name=ORE_COC_COCA_NORTE_L21_3, eNodeB ID=44864, Cell FDD TDD indication=CELL_FDD",Reliable,1301.521,23.37
2026-04-10 02:00,60,"NAP_TEN_TENA_SUR_UL/Cell:eNodeB Function Name=NAP_TEN_TENA_SUR_L, Local Cell ID=7, Cell Name=NAP_TEN_TENA_SUR_L7_7, eNodeB ID=44889, Cell FDD TDD indication=CELL_FDD",Reliable,471.665,47.733
2026-04-10 02:00,60,"NAP_TEN_TENA_SUR_UL/Cell:eNodeB Function Name=NAP_TEN_TENA_SUR_L, Local Cell ID=8, Cell Name=NAP_TEN_TENA_SUR_L7_8, eNodeB ID=44889, Cell FDD TDD indication=CELL_FDD",Reliable,324.836,35.973
2026-04-10 02:00,60,"NAP_TEN_TENA_SUR_UL/Cell:eNodeB Function Name=NAP_TEN_TENA_SUR_L, Local Cell ID=9, Cell Name=NAP_TEN_TENA_SUR_L7_9, eNodeB ID=44889, Cell FDD TDD indication=CELL_FDD",Reliable,1258.041,175.832
2026-04-10 02:00,60,"NAP_TEN_TENA_SUR_UL/Cell:eNodeB Function Name=NAP_TEN_TENA_SUR_L, Local Cell ID=3, Cell Name=NAP_TEN_TENA_SUR_L21_3, eNodeB ID=44889, Cell FDD TDD indication=CELL_FDD",Reliable,797.127,88.423
2026-04-10 02:00,60,"COT_LAT_LATACUNGA_SUR_UL/Cell:eNodeB Function Name=COT_LAT_LATACUNGA_SUR_L, Local Cell ID=7, Cell Name=COT_LAT_LATACUNGA_SUR_APT_7, eNodeB ID=44665, Cell FDD TDD indication=CELL_FDD",Reliable,332.002,34.111
2026-04-10 02:00,60,"COT_LAT_LATACUNGA_SUR_UL/Cell:eNodeB Function Name=COT_LAT_LATACUNGA_SUR_L, Local Cell ID=8, Cell Name=COT_LAT_LATACUNGA_SUR_APT_8, eNodeB ID=44665, Cell FDD TDD indication=CELL_FDD",Reliable,734.991,83.73
2026-04-10 02:00,60,"COT_LAT_LATACUNGA_SUR_UL/Cell:eNodeB Function Name=COT_LAT_LATACUNGA_SUR_L, Local Cell ID=9, Cell Name=COT_LAT_LATACUNGA_SUR_APT_9, eNodeB ID=44665, Cell FDD TDD indication=CELL_FDD",Reliable,373.096,421.577
2026-04-10 02:00,60,"L_GUA11204_TRES_BOCAS/Cell:eNodeB Function Name=L_GUA11204_TRES_BOCAS, Local Cell ID=3, Cell Name=L_GUA11204_TRES_BOCAS_3, eNodeB ID=11204, Cell FDD TDD indication=CELL_FDD",Reliable,14.649,1.08
2026-04-10 02:00,60,"L_GUA11204_TRES_BOCAS/Cell:eNodeB Function Name=L_GUA11204_TRES_BOCAS, Local Cell ID=2, Cell Name=L_GUA11204_TRES_BOCAS_2, eNodeB ID=11204, Cell FDD TDD indication=CELL_FDD",Reliable,391.039,15.288
2026-04-10 02:00,60,"L_GUA11204_TRES_BOCAS/Cell:eNodeB Function Name=L_GUA11204_TRES_BOCAS, Local Cell ID=1, Cell Name=L_GUA11204_TRES_BOCAS_1, eNodeB ID=11204, Cell FDD TDD indication=CELL_FDD",Reliable,3.035,0.541
2026-04-10 02:00,60,"COT_SAL_SALCEDO_UL/Cell:eNodeB Function Name=COT_SAL_SALCEDO_L, Local Cell ID=7, Cell Name=COT_SAL_SALCEDO_L7_7, eNodeB ID=44662, Cell FDD TDD indication=CELL_FDD",Reliable,673.909,32.472
2026-04-10 02:00,60,"COT_SAL_SALCEDO_UL/Cell:eNodeB Function Name=COT_SAL_SALCEDO_L, Local Cell ID=8, Cell Name=COT_SAL_SALCEDO_L7_8, eNodeB ID=44662, Cell FDD TDD indication=CELL_FDD",Reliable,429.124,37.742
2026-04-10 02:00,60,"COT_SAL_SALCEDO_UL/Cell:eNodeB Function Name=COT_SAL_SALCEDO_L, Local Cell ID=9, Cell Name=COT_SAL_SALCEDO_L7_9, eNodeB ID=44662, Cell FDD TDD indication=CELL_FDD",Reliable,183.783,23.917
2026-04-10 02:00,60,"COT_SAL_SALCEDO_UL/Cell:eNodeB Function Name=COT_SAL_SALCEDO_L, Local Cell ID=3, Cell Name=COT_LAT_SALCEDO_L21_3, eNodeB ID=44662, Cell FDD TDD indication=CELL_FDD",Reliable,88.433,14.671
2026-04-10 02:00,60,"COT_SAL_SALCEDO_UL/Cell:eNodeB Function Name=COT_SAL_SALCEDO_L, Local Cell ID=2, Cell Name=COT_LAT_SALCEDO_L21_2, eNodeB ID=44662, Cell FDD TDD indication=CELL_FDD",Reliable,37.52,1.176
2026-04-10 02:00,60,"COT_SAL_SALCEDO_UL/Cell:eNodeB Function Name=COT_SAL_SALCEDO_L, Local Cell ID=1, Cell Name=COT_LAT_SALCEDO_L21_1, eNodeB ID=44662, Cell FDD TDD indication=CELL_FDD",Reliable,196.165,16.48
2026-04-10 02:00,60,"L_GUA11013_PORTETE/Cell:eNodeB Function Name=L_GUA11013_PORTETE, Local Cell ID=9, Cell Name=L_GUA11013_PORTETE_9, eNodeB ID=11013, Cell FDD TDD indication=CELL_FDD",Reliable,3.052,0.641
2026-04-10 02:00,60,"L_GUA11013_PORTETE/Cell:eNodeB Function Name=L_GUA11013_PORTETE, Local Cell ID=8, Cell Name=L_GUA11013_PORTETE_8, eNodeB ID=11013, Cell FDD TDD indication=CELL_FDD",Reliable,6.007,0.755
2026-04-10 02:00,60,"L_GUA11013_PORTETE/Cell:eNodeB Function Name=L_GUA11013_PORTETE, Local Cell ID=7, Cell Name=L_GUA11013_PORTETE_7, eNodeB ID=11013, Cell FDD TDD indication=CELL_FDD",Reliable,20.995,1.222
2026-04-10 02:00,60,"L_GUA11013_PORTETE/Cell:eNodeB Function Name=L_GUA11013_PORTETE, Local Cell ID=3, Cell Name=L_GUA11013_PORTETE_3, eNodeB ID=11013, Cell FDD TDD indication=CELL_FDD",Reliable,450.999,39.548
2026-04-10 02:00,60,"L_GUA11013_PORTETE/Cell:eNodeB Function Name=L_GUA11013_PORTETE, Local Cell ID=2, Cell Name=L_GUA11013_PORTETE_2, eNodeB ID=11013, Cell FDD TDD indication=CELL_FDD",Reliable,325.248,20.965
2026-04-10 02:00,60,"L_GUA11013_PORTETE/Cell:eNodeB Function Name=L_GUA11013_PORTETE, Local Cell ID=1, Cell Name=L_GUA11013_PORTETE_1, eNodeB ID=11013, Cell FDD TDD indication=CELL_FDD",Reliable,297.785,20.795
2026-04-10 02:00,60,"IMB_IBA_QUIROGA_UL/Cell:eNodeB Function Name=IMB_IBA_QUIROGA_L, Local Cell ID=7, Cell Name=IMB_IBA_QUIROGA_APT_7, eNodeB ID=44737, Cell FDD TDD indication=CELL_FDD",Reliable,161.803,21.495
2026-04-10 02:00,60,"IMB_IBA_QUIROGA_UL/Cell:eNodeB Function Name=IMB_IBA_QUIROGA_L, Local Cell ID=8, Cell Name=IMB_IBA_QUIROGA_APT_8, eNodeB ID=44737, Cell FDD TDD indication=CELL_FDD",Reliable,41.629,7.391
2026-04-10 02:00,60,"IMB_IBA_QUIROGA_UL/Cell:eNodeB Function Name=IMB_IBA_QUIROGA_L, Local Cell ID=9, Cell Name=IMB_IBA_QUIROGA_APT_9, eNodeB ID=44737, Cell FDD TDD indication=CELL_FDD",Reliable,163.169,10.839
2026-04-10 02:00,60,"L_GUA11150_LA_FLORESTA_ESTE/Cell:eNodeB Function Name=L_GUA11150_LA_FLORESTA_ESTE, Local Cell ID=9, Cell Name=L_GUA11150_LA_FLORESTA_ESTE_9, eNodeB ID=11150, Cell FDD TDD indication=CELL_FDD",Reliable,34.429,7.966
2026-04-10 02:00,60,"L_GUA11150_LA_FLORESTA_ESTE/Cell:eNodeB Function Name=L_GUA11150_LA_FLORESTA_ESTE, Local Cell ID=8, Cell Name=L_GUA11150_LA_FLORESTA_ESTE_8, eNodeB ID=11150, Cell FDD TDD indication=CELL_FDD",Reliable,321.259,47.441
2026-04-10 02:00,60,"L_GUA11150_LA_FLORESTA_ESTE/Cell:eNodeB Function Name=L_GUA11150_LA_FLORESTA_ESTE, Local Cell ID=7, Cell Name=L_GUA11150_LA_FLORESTA_ESTE_7, eNodeB ID=11150, Cell FDD TDD indication=CELL_FDD",Reliable,27.327,2.876
2026-04-10 02:00,60,"L_GUA11150_LA_FLORESTA_ESTE/Cell:eNodeB Function Name=L_GUA11150_LA_FLORESTA_ESTE, Local Cell ID=3, Cell Name=L_GUA11150_LA_FLORESTA_ESTE_3, eNodeB ID=11150, Cell FDD TDD indication=CELL_FDD",Reliable,834.491,53.422
2026-04-10 02:00,60,"L_GUA11150_LA_FLORESTA_ESTE/Cell:eNodeB Function Name=L_GUA11150_LA_FLORESTA_ESTE, Local Cell ID=2, Cell Name=L_GUA11150_LA_FLORESTA_ESTE_2, eNodeB ID=11150, Cell FDD TDD indication=CELL_FDD",Reliable,1056.78,106.115
2026-04-10 02:00,60,"L_GUA11150_LA_FLORESTA_ESTE/Cell:eNodeB Function Name=L_GUA11150_LA_FLORESTA_ESTE, Local Cell ID=1, Cell Name=L_GUA11150_LA_FLORESTA_ESTE_1, eNodeB ID=11150, Cell FDD TDD indication=CELL_FDD",Reliable,546.181,35.324
2026-04-10 02:00,60,"L_GUA11159_LOS_ALMENDROS/Cell:eNodeB Function Name=L_GUA11159_LOS_ALMENDROS, Local Cell ID=9, Cell Name=L_GUA11159_LOS_ALMENDROS_9, eNodeB ID=11159, Cell FDD TDD indication=CELL_FDD",Reliable,0.138,0.055
2026-04-10 02:00,60,"L_GUA11159_LOS_ALMENDROS/Cell:eNodeB Function Name=L_GUA11159_LOS_ALMENDROS, Local Cell ID=8, Cell Name=L_GUA11159_LOS_ALMENDROS_8, eNodeB ID=11159, Cell FDD TDD indication=CELL_FDD",Reliable,0.113,0.176
2026-04-10 02:00,60,"L_GUA11159_LOS_ALMENDROS/Cell:eNodeB Function Name=L_GUA11159_LOS_ALMENDROS, Local Cell ID=7, Cell Name=L_GUA11159_LOS_ALMENDROS_7, eNodeB ID=11159, Cell FDD TDD indication=CELL_FDD",Reliable,0.322,0.136
2026-04-10 02:00,60,"L_GUA11159_LOS_ALMENDROS/Cell:eNodeB Function Name=L_GUA11159_LOS_ALMENDROS, Local Cell ID=3, Cell Name=L_GUA11159_LOS_ALMENDROS_3, eNodeB ID=11159, Cell FDD TDD indication=CELL_FDD",Reliable,840.714,89.229
2026-04-10 02:00,60,"L_GUA11159_LOS_ALMENDROS/Cell:eNodeB Function Name=L_GUA11159_LOS_ALMENDROS, Local Cell ID=2, Cell Name=L_GUA11159_LOS_ALMENDROS_2, eNodeB ID=11159, Cell FDD TDD indication=CELL_FDD",Reliable,86.634,4.988
2026-04-10 02:00,60,"L_GUA11159_LOS_ALMENDROS/Cell:eNodeB Function Name=L_GUA11159_LOS_ALMENDROS, Local Cell ID=1, Cell Name=L_GUA11159_LOS_ALMENDROS_1, eNodeB ID=11159, Cell FDD TDD indication=CELL_FDD",Reliable,91.503,7.855
2026-04-10 02:00,60,"L_GUA11093_PRADERA_SUR/Cell:eNodeB Function Name=L_GUA11093_PRADERA_SUR, Local Cell ID=9, Cell Name=L_GUA11093_PRADERA_SUR_9, eNodeB ID=11093, Cell FDD TDD indication=CELL_FDD",Reliable,155.189,24.634
2026-04-10 02:00,60,"L_GUA11093_PRADERA_SUR/Cell:eNodeB Function Name=L_GUA11093_PRADERA_SUR, Local Cell ID=8, Cell Name=L_GUA11093_PRADERA_SUR_8, eNodeB ID=11093, Cell FDD TDD indication=CELL_FDD",Reliable,228.296,19.653
2026-04-10 02:00,60,"L_GUA11093_PRADERA_SUR/Cell:eNodeB Function Name=L_GUA11093_PRADERA_SUR, Local Cell ID=7, Cell Name=L_GUA11093_PRADERA_SUR_7, eNodeB ID=11093, Cell FDD TDD indication=CELL_FDD",Reliable,2.715,1.137
2026-04-10 02:00,60,"L_GUA11093_PRADERA_SUR/Cell:eNodeB Function Name=L_GUA11093_PRADERA_SUR, Local Cell ID=3, Cell Name=L_GUA11093_PRADERA_SUR_3, eNodeB ID=11093, Cell FDD TDD indication=CELL_FDD",Reliable,15.171,6.228
2026-04-10 02:00,60,"L_GUA11093_PRADERA_SUR/Cell:eNodeB Function Name=L_GUA11093_PRADERA_SUR, Local Cell ID=2, Cell Name=L_GUA11093_PRADERA_SUR_2, eNodeB ID=11093, Cell FDD TDD indication=CELL_FDD",Reliable,153.695,18.078
2026-04-10 02:00,60,"L_GUA11093_PRADERA_SUR/Cell:eNodeB Function Name=L_GUA11093_PRADERA_SUR, Local Cell ID=1, Cell Name=L_GUA11093_PRADERA_SUR_1, eNodeB ID=11093, Cell FDD TDD indication=CELL_FDD",Reliable,293.054,19.736
2026-04-10 02:00,60,"L_GUA11187_VALDIVIA_GYE/Cell:eNodeB Function Name=L_GUA11187_VALDIVIA_GYE, Local Cell ID=9, Cell Name=L_GUA11187_VALDIVIA_GYE_9, eNodeB ID=11187, Cell FDD TDD indication=CELL_FDD",Reliable,21.484,3.642
2026-04-10 02:00,60,"L_GUA11187_VALDIVIA_GYE/Cell:eNodeB Function Name=L_GUA11187_VALDIVIA_GYE, Local Cell ID=8, Cell Name=L_GUA11187_VALDIVIA_GYE_8, eNodeB ID=11187, Cell FDD TDD indication=CELL_FDD",Reliable,504.952,26.936
2026-04-10 02:00,60,"L_GUA11187_VALDIVIA_GYE/Cell:eNodeB Function Name=L_GUA11187_VALDIVIA_GYE, Local Cell ID=7, Cell Name=L_GUA11187_VALDIVIA_GYE_7, eNodeB ID=11187, Cell FDD TDD indication=CELL_FDD",Reliable,107.458,6.592
2026-04-10 02:00,60,"L_GUA11187_VALDIVIA_GYE/Cell:eNodeB Function Name=L_GUA11187_VALDIVIA_GYE, Local Cell ID=3, Cell Name=L_GUA11187_VALDIVIA_GYE_3, eNodeB ID=11187, Cell FDD TDD indication=CELL_FDD",Reliable,579.409,28.088
2026-04-10 02:00,60,"L_GUA11187_VALDIVIA_GYE/Cell:eNodeB Function Name=L_GUA11187_VALDIVIA_GYE, Local Cell ID=2, Cell Name=L_GUA11187_VALDIVIA_GYE_2, eNodeB ID=11187, Cell FDD TDD indication=CELL_FDD",Reliable,119.774,16.765
2026-04-10 02:00,60,"L_GUA11187_VALDIVIA_GYE/Cell:eNodeB Function Name=L_GUA11187_VALDIVIA_GYE, Local Cell ID=1, Cell Name=L_GUA11187_VALDIVIA_GYE_1, eNodeB ID=11187, Cell FDD TDD indication=CELL_FDD",Reliable,193.345,30.517
2026-04-10 02:00,60,"L_GUA11175_PUERTO_MARITIMO_SUR/Cell:eNodeB Function Name=L_GUA11175_PUERTO_MARITIMO_SUR, Local Cell ID=9, Cell Name=L_GUA11175_PUERTO_MARITIMO_SUR_9, eNodeB ID=11175, Cell FDD TDD indication=CELL_FDD",Reliable,0.052,0.102
2026-04-10 02:00,60,"L_GUA11175_PUERTO_MARITIMO_SUR/Cell:eNodeB Function Name=L_GUA11175_PUERTO_MARITIMO_SUR, Local Cell ID=8, Cell Name=L_GUA11175_PUERTO_MARITIMO_SUR_8, eNodeB ID=11175, Cell FDD TDD indication=CELL_FDD",Reliable,16.468,3.733
2026-04-10 02:00,60,"L_GUA11175_PUERTO_MARITIMO_SUR/Cell:eNodeB Function Name=L_GUA11175_PUERTO_MARITIMO_SUR, Local Cell ID=7, Cell Name=L_GUA11175_PUERTO_MARITIMO_SUR_7, eNodeB ID=11175, Cell FDD TDD indication=CELL_FDD",Reliable,0.013,0.045
2026-04-10 02:00,60,"L_GUA11175_PUERTO_MARITIMO_SUR/Cell:eNodeB Function Name=L_GUA11175_PUERTO_MARITIMO_SUR, Local Cell ID=3, Cell Name=L_GUA11175_PUERTO_MARITIMO_SUR_3, eNodeB ID=11175, Cell FDD TDD indication=CELL_FDD",Reliable,50.541,1.743
2026-04-10 02:00,60,"L_GUA11175_PUERTO_MARITIMO_SUR/Cell:eNodeB Function Name=L_GUA11175_PUERTO_MARITIMO_SUR, Local Cell ID=2, Cell Name=L_GUA11175_PUERTO_MARITIMO_SUR_2, eNodeB ID=11175, Cell FDD TDD indication=CELL_FDD",Reliable,982.258,203.812
2026-04-10 02:00,60,"L_GUA11175_PUERTO_MARITIMO_SUR/Cell:eNodeB Function Name=L_GUA11175_PUERTO_MARITIMO_SUR, Local Cell ID=1, Cell Name=L_GUA11175_PUERTO_MARITIMO_SUR_1, eNodeB ID=11175, Cell FDD TDD indication=CELL_FDD",Reliable,147.126,7.783
2026-04-10 02:00,60,"L_GUA11097_SALADO_GYE/Cell:eNodeB Function Name=L_GUA11097_SALADO_GYE, Local Cell ID=9, Cell Name=L_GUA11097_SALADO_GYE_9, eNodeB ID=11097, Cell FDD TDD indication=CELL_FDD",Reliable,29.017,2.343
2026-04-10 02:00,60,"L_GUA11097_SALADO_GYE/Cell:eNodeB Function Name=L_GUA11097_SALADO_GYE, Local Cell ID=8, Cell Name=L_GUA11097_SALADO_GYE_8, eNodeB ID=11097, Cell FDD TDD indication=CELL_FDD",Reliable,145.624,10.173
2026-04-10 02:00,60,"L_GUA11097_SALADO_GYE/Cell:eNodeB Function Name=L_GUA11097_SALADO_GYE, Local Cell ID=7, Cell Name=L_GUA11097_SALADO_GYE_7, eNodeB ID=11097, Cell FDD TDD indication=CELL_FDD",Reliable,460.447,58.653
2026-04-10 02:00,60,"L_GUA11097_SALADO_GYE/Cell:eNodeB Function Name=L_GUA11097_SALADO_GYE, Local Cell ID=3, Cell Name=L_GUA11097_SALADO_GYE_3, eNodeB ID=11097, Cell FDD TDD indication=CELL_FDD",Reliable,173.191,13.174
2026-04-10 02:00,60,"L_GUA11097_SALADO_GYE/Cell:eNodeB Function Name=L_GUA11097_SALADO_GYE, Local Cell ID=2, Cell Name=L_GUA11097_SALADO_GYE_2, eNodeB ID=11097, Cell FDD TDD indication=CELL_FDD",Reliable,78.532,5.529
2026-04-10 02:00,60,"L_GUA11097_SALADO_GYE/Cell:eNodeB Function Name=L_GUA11097_SALADO_GYE, Local Cell ID=1, Cell Name=L_GUA11097_SALADO_GYE_1, eNodeB ID=11097, Cell FDD TDD indication=CELL_FDD",Reliable,71.954,23.652
2026-04-10 02:00,60,"L_GUA11099_SAN_EDUARDO_2/Cell:eNodeB Function Name=L_GUA11099_SAN_EDUARDO_2, Local Cell ID=9, Cell Name=L_GUA11099_SAN_EDUARDO_2_9, eNodeB ID=11099, Cell FDD TDD indication=CELL_FDD",Reliable,0.028,0.038
2026-04-10 02:00,60,"L_GUA11099_SAN_EDUARDO_2/Cell:eNodeB Function Name=L_GUA11099_SAN_EDUARDO_2, Local Cell ID=8, Cell Name=L_GUA11099_SAN_EDUARDO_2_8, eNodeB ID=11099, Cell FDD TDD indication=CELL_FDD",Reliable,0,0
2026-04-10 02:00,60,"L_GUA11099_SAN_EDUARDO_2/Cell:eNodeB Function Name=L_GUA11099_SAN_EDUARDO_2, Local Cell ID=7, Cell Name=L_GUA11099_SAN_EDUARDO_2_7, eNodeB ID=11099, Cell FDD TDD indication=CELL_FDD",Reliable,999.405,73.487
2026-04-10 02:00,60,"L_GUA11099_SAN_EDUARDO_2/Cell:eNodeB Function Name=L_GUA11099_SAN_EDUARDO_2, Local Cell ID=3, Cell Name=L_GUA11099_SAN_EDUARDO_2_3, eNodeB ID=11099, Cell FDD TDD indication=CELL_FDD",Reliable,1641.809,58.515
2026-04-10 02:00,60,"L_GUA11099_SAN_EDUARDO_2/Cell:eNodeB Function Name=L_GUA11099_SAN_EDUARDO_2, Local Cell ID=2, Cell Name=L_GUA11099_SAN_EDUARDO_2_2, eNodeB ID=11099, Cell FDD TDD indication=CELL_FDD",Reliable,53.529,5.976
2026-04-10 02:00,60,"L_GUA11099_SAN_EDUARDO_2/Cell:eNodeB Function Name=L_GUA11099_SAN_EDUARDO_2, Local Cell ID=1, Cell Name=L_GUA11099_SAN_EDUARDO_2_1, eNodeB ID=11099, Cell FDD TDD indication=CELL_FDD",Reliable,358.113,188.073
2026-04-10 02:00,60,"L_GUA11147_JARDINES_DEL_SALADO/Cell:eNodeB Function Name=L_GUA11147_JARDINES_DEL_SALADO, Local Cell ID=9, Cell Name=L_GUA11147_JARDINES_DEL_SALADO_9, eNodeB ID=11147, Cell FDD TDD indication=CELL_FDD",Reliable,37.115,9.294
2026-04-10 02:00,60,"L_GUA11147_JARDINES_DEL_SALADO/Cell:eNodeB Function Name=L_GUA11147_JARDINES_DEL_SALADO, Local Cell ID=8, Cell Name=L_GUA11147_JARDINES_DEL_SALADO_8, eNodeB ID=11147, Cell FDD TDD indication=CELL_FDD",Reliable,9.843,0.744
2026-04-10 02:00,60,"L_GUA11147_JARDINES_DEL_SALADO/Cell:eNodeB Function Name=L_GUA11147_JARDINES_DEL_SALADO, Local Cell ID=7, Cell Name=L_GUA11147_JARDINES_DEL_SALADO_7, eNodeB ID=11147, Cell FDD TDD indication=CELL_FDD",Reliable,5.589,1.892
2026-04-10 02:00,60,"L_GUA11147_JARDINES_DEL_SALADO/Cell:eNodeB Function Name=L_GUA11147_JARDINES_DEL_SALADO, Local Cell ID=3, Cell Name=L_GUA11147_JARDINES_DEL_SALADO_3, eNodeB ID=11147, Cell FDD TDD indication=CELL_FDD",Reliable,363.362,12.493
2026-04-10 02:00,60,"L_GUA11147_JARDINES_DEL_SALADO/Cell:eNodeB Function Name=L_GUA11147_JARDINES_DEL_SALADO, Local Cell ID=2, Cell Name=L_GUA11147_JARDINES_DEL_SALADO_2, eNodeB ID=11147, Cell FDD TDD indication=CELL_FDD",Reliable,1.479,0.571
2026-04-10 02:00,60,"L_GUA11147_JARDINES_DEL_SALADO/Cell:eNodeB Function Name=L_GUA11147_JARDINES_DEL_SALADO, Local Cell ID=1, Cell Name=L_GUA11147_JARDINES_DEL_SALADO_1, eNodeB ID=11147, Cell FDD TDD indication=CELL_FDD",Reliable,6.66,1.42
2026-04-10 02:00,60,"PIC_OLM_OLMEDO_COUB_UL/Cell:eNodeB Function Name=PIC_OLM_OLMEDO_COUB_L, Local Cell ID=7, Cell Name=PIC_OLM_OLMEDO_COUB_APT_7, eNodeB ID=44413, Cell FDD TDD indication=CELL_FDD",Reliable,38.319,3.825
2026-04-10 02:00,60,"PIC_OLM_OLMEDO_COUB_UL/Cell:eNodeB Function Name=PIC_OLM_OLMEDO_COUB_L, Local Cell ID=8, Cell Name=PIC_OLM_OLMEDO_COUB_APT_8, eNodeB ID=44413, Cell FDD TDD indication=CELL_FDD",Reliable,0.947,0.735
2026-04-10 02:00,60,"PIC_OLM_OLMEDO_COUB_UL/Cell:eNodeB Function Name=PIC_OLM_OLMEDO_COUB_L, Local Cell ID=9, Cell Name=PIC_OLM_OLMEDO_COUB_APT_9, eNodeB ID=44413, Cell FDD TDD indication=CELL_FDD",Reliable,255.506,14.363
2026-04-10 02:00,60,"ESM_QND_QUININDE_SUR_UL/Cell:eNodeB Function Name=ESM_QND_QUININDE_SUR_L, Local Cell ID=7, Cell Name=ESM_QND_QUININDE_SUR_APT_7, eNodeB ID=44628, Cell FDD TDD indication=CELL_FDD",Reliable,19.786,5.672
2026-04-10 02:00,60,"ESM_QND_QUININDE_SUR_UL/Cell:eNodeB Function Name=ESM_QND_QUININDE_SUR_L, Local Cell ID=8, Cell Name=ESM_QND_QUININDE_SUR_APT_8, eNodeB ID=44628, Cell FDD TDD indication=CELL_FDD",Reliable,17.483,6.834
2026-04-10 02:00,60,"ESM_QND_QUININDE_SUR_UL/Cell:eNodeB Function Name=ESM_QND_QUININDE_SUR_L, Local Cell ID=9, Cell Name=ESM_QND_QUININDE_SUR_APT_9, eNodeB ID=44628, Cell FDD TDD indication=CELL_FDD",Reliable,177.812,12.431
2026-04-10 02:00,60,"ESM_QND_QUININDE_UL/Cell:eNodeB Function Name=ESM_QND_QUININDE_L, Local Cell ID=7, Cell Name=ESM_QND_QUININDE_APT_7, eNodeB ID=44627, Cell FDD TDD indication=CELL_FDD",Reliable,1.046,0.313
2026-04-10 02:00,60,"ESM_QND_QUININDE_UL/Cell:eNodeB Function Name=ESM_QND_QUININDE_L, Local Cell ID=8, Cell Name=ESM_QND_QUININDE_APT_8, eNodeB ID=44627, Cell FDD TDD indication=CELL_FDD",Reliable,107.984,11.185
2026-04-10 02:00,60,"ESM_QND_QUININDE_UL/Cell:eNodeB Function Name=ESM_QND_QUININDE_L, Local Cell ID=9, Cell Name=ESM_QND_QUININDE_APT_9, eNodeB ID=44627, Cell FDD TDD indication=CELL_FDD",Reliable,180.46,21.635
2026-04-10 02:00,60,"L_GUA11078_LA_CHALA/Cell:eNodeB Function Name=L_GUA11078_LA_CHALA, Local Cell ID=9, Cell Name=L_GUA11078_LA_CHALA_9, eNodeB ID=11078, Cell FDD TDD indication=CELL_FDD",Reliable,23.827,3.27
2026-04-10 02:00,60,"L_GUA11078_LA_CHALA/Cell:eNodeB Function Name=L_GUA11078_LA_CHALA, Local Cell ID=8, Cell Name=L_GUA11078_LA_CHALA_8, eNodeB ID=11078, Cell FDD TDD indication=CELL_FDD",Reliable,0.508,3.208
2026-04-10 02:00,60,"L_GUA11078_LA_CHALA/Cell:eNodeB Function Name=L_GUA11078_LA_CHALA, Local Cell ID=7, Cell Name=L_GUA11078_LA_CHALA_7, eNodeB ID=11078, Cell FDD TDD indication=CELL_FDD",Reliable,227.835,12.822
2026-04-10 02:00,60,"L_GUA11078_LA_CHALA/Cell:eNodeB Function Name=L_GUA11078_LA_CHALA, Local Cell ID=3, Cell Name=L_GUA11078_LA_CHALA_3, eNodeB ID=11078, Cell FDD TDD indication=CELL_FDD",Reliable,35.686,3.484
2026-04-10 02:00,60,"L_GUA11078_LA_CHALA/Cell:eNodeB Function Name=L_GUA11078_LA_CHALA, Local Cell ID=2, Cell Name=L_GUA11078_LA_CHALA_2, eNodeB ID=11078, Cell FDD TDD indication=CELL_FDD",Reliable,29.97,5.503
2026-04-10 02:00,60,"L_GUA11078_LA_CHALA/Cell:eNodeB Function Name=L_GUA11078_LA_CHALA, Local Cell ID=1, Cell Name=L_GUA11078_LA_CHALA_1, eNodeB ID=11078, Cell FDD TDD indication=CELL_FDD",Reliable,107.083,145.256
2026-04-10 02:00,60,"COT_SAL_LOCOA_UL/Cell:eNodeB Function Name=COT_SAL_LOCOA_L, Local Cell ID=7, Cell Name=COT_SAL_LOCOA_APT_7, eNodeB ID=43503, Cell FDD TDD indication=CELL_FDD",Reliable,28.934,3.312
2026-04-10 02:00,60,"COT_SAL_LOCOA_UL/Cell:eNodeB Function Name=COT_SAL_LOCOA_L, Local Cell ID=8, Cell Name=COT_SAL_LOCOA_APT_8, eNodeB ID=43503, Cell FDD TDD indication=CELL_FDD",Reliable,13.244,3.672
2026-04-10 02:00,60,"COT_SAL_LOCOA_UL/Cell:eNodeB Function Name=COT_SAL_LOCOA_L, Local Cell ID=9, Cell Name=COT_SAL_LOCOA_APT_9, eNodeB ID=43503, Cell FDD TDD indication=CELL_FDD",Reliable,152.826,21.042
2026-04-10 02:00,60,"L_GUA11023_ESCLUSAS/Cell:eNodeB Function Name=L_GUA11023_ESCLUSAS, Local Cell ID=9, Cell Name=L_GUA11023_ESCLUSAS_9, eNodeB ID=11023, Cell FDD TDD indication=CELL_FDD",Reliable,14.327,0.785
2026-04-10 02:00,60,"L_GUA11023_ESCLUSAS/Cell:eNodeB Function Name=L_GUA11023_ESCLUSAS, Local Cell ID=8, Cell Name=L_GUA11023_ESCLUSAS_8, eNodeB ID=11023, Cell FDD TDD indication=CELL_FDD",Reliable,2.77,1.061
2026-04-10 02:00,60,"L_GUA11023_ESCLUSAS/Cell:eNodeB Function Name=L_GUA11023_ESCLUSAS, Local Cell ID=7, Cell Name=L_GUA11023_ESCLUSAS_7, eNodeB ID=11023, Cell FDD TDD indication=CELL_FDD",Reliable,134.185,12.137
2026-04-10 02:00,60,"L_GUA11023_ESCLUSAS/Cell:eNodeB Function Name=L_GUA11023_ESCLUSAS, Local Cell ID=3, Cell Name=L_GUA11023_ESCLUSAS_3, eNodeB ID=11023, Cell FDD TDD indication=CELL_FDD",Reliable,96.739,9.895
2026-04-10 02:00,60,"L_GUA11023_ESCLUSAS/Cell:eNodeB Function Name=L_GUA11023_ESCLUSAS, Local Cell ID=2, Cell Name=L_GUA11023_ESCLUSAS_2, eNodeB ID=11023, Cell FDD TDD indication=CELL_FDD",Reliable,278.334,12.052
2026-04-10 02:00,60,"L_GUA11023_ESCLUSAS/Cell:eNodeB Function Name=L_GUA11023_ESCLUSAS, Local Cell ID=1, Cell Name=L_GUA11023_ESCLUSAS_1, eNodeB ID=11023, Cell FDD TDD indication=CELL_FDD",Reliable,216.643,19.182
2026-04-10 02:00,60,"L_GUA11200_LAS_ACACIAS_NGYE/Cell:eNodeB Function Name=L_GUA11200_LAS_ACACIAS_NGYE, Local Cell ID=9, Cell Name=L_GUA11200_LAS_ACACIAS_NGYE_9, eNodeB ID=11200, Cell FDD TDD indication=CELL_FDD",Reliable,1.864,0.956
2026-04-10 02:00,60,"L_GUA11200_LAS_ACACIAS_NGYE/Cell:eNodeB Function Name=L_GUA11200_LAS_ACACIAS_NGYE, Local Cell ID=8, Cell Name=L_GUA11200_LAS_ACACIAS_NGYE_8, eNodeB ID=11200, Cell FDD TDD indication=CELL_FDD",Reliable,321.185,12.506
2026-04-10 02:00,60,"L_GUA11200_LAS_ACACIAS_NGYE/Cell:eNodeB Function Name=L_GUA11200_LAS_ACACIAS_NGYE, Local Cell ID=7, Cell Name=L_GUA11200_LAS_ACACIAS_NGYE_7, eNodeB ID=11200, Cell FDD TDD indication=CELL_FDD",Reliable,1.217,1.03
2026-04-10 02:00,60,"L_GUA11200_LAS_ACACIAS_NGYE/Cell:eNodeB Function Name=L_GUA11200_LAS_ACACIAS_NGYE, Local Cell ID=3, Cell Name=L_GUA11200_LAS_ACACIAS_NGYE_3, eNodeB ID=11200, Cell FDD TDD indication=CELL_FDD",Reliable,95.397,26.902
2026-04-10 02:00,60,"L_GUA11200_LAS_ACACIAS_NGYE/Cell:eNodeB Function Name=L_GUA11200_LAS_ACACIAS_NGYE, Local Cell ID=2, Cell Name=L_GUA11200_LAS_ACACIAS_NGYE_2, eNodeB ID=11200, Cell FDD TDD indication=CELL_FDD",Reliable,425.811,16.294
2026-04-10 02:00,60,"L_GUA11200_LAS_ACACIAS_NGYE/Cell:eNodeB Function Name=L_GUA11200_LAS_ACACIAS_NGYE, Local Cell ID=1, Cell Name=L_GUA11200_LAS_ACACIAS_NGYE_1, eNodeB ID=11200, Cell FDD TDD indication=CELL_FDD",Reliable,63.374,14.145
2026-04-10 02:00,60,"L_GUA11081_LA_PAZ/Cell:eNodeB Function Name=L_GUA11081_LA_PAZ, Local Cell ID=9, Cell Name=L_GUA11081_LA_PAZ_9, eNodeB ID=11081, Cell FDD TDD indication=CELL_FDD",Reliable,219.492,12.837
2026-04-10 02:00,60,"L_GUA11081_LA_PAZ/Cell:eNodeB Function Name=L_GUA11081_LA_PAZ, Local Cell ID=8, Cell Name=L_GUA11081_LA_PAZ_8, eNodeB ID=11081, Cell FDD TDD indication=CELL_FDD",Reliable,5.391,1.624
2026-04-10 02:00,60,"L_GUA11081_LA_PAZ/Cell:eNodeB Function Name=L_GUA11081_LA_PAZ, Local Cell ID=7, Cell Name=L_GUA11081_LA_PAZ_7, eNodeB ID=11081, Cell FDD TDD indication=CELL_FDD",Reliable,2.247,3.697
2026-04-10 02:00,60,"L_GUA11081_LA_PAZ/Cell:eNodeB Function Name=L_GUA11081_LA_PAZ, Local Cell ID=3, Cell Name=L_GUA11081_LA_PAZ_3, eNodeB ID=11081, Cell FDD TDD indication=CELL_FDD",Reliable,11.619,4.308
2026-04-10 02:00,60,"L_GUA11081_LA_PAZ/Cell:eNodeB Function Name=L_GUA11081_LA_PAZ, Local Cell ID=2, Cell Name=L_GUA11081_LA_PAZ_2, eNodeB ID=11081, Cell FDD TDD indication=CELL_FDD",Reliable,363.732,35.177
2026-04-10 02:00,60,"L_GUA11081_LA_PAZ/Cell:eNodeB Function Name=L_GUA11081_LA_PAZ, Local Cell ID=1, Cell Name=L_GUA11081_LA_PAZ_1, eNodeB ID=11081, Cell FDD TDD indication=CELL_FDD",Reliable,175.163,30.979
2026-04-10 02:00,60,"L_GUA11302_GUA_GYE_208/Cell:eNodeB Function Name=L_GUA11302_GUA_GYE_208, Local Cell ID=3, Cell Name=L_GUA11302_GUA_GYE_208_3, eNodeB ID=11302, Cell FDD TDD indication=CELL_FDD",Reliable,40.234,5.79
2026-04-10 02:00,60,"L_GUA11302_GUA_GYE_208/Cell:eNodeB Function Name=L_GUA11302_GUA_GYE_208, Local Cell ID=2, Cell Name=L_GUA11302_GUA_GYE_208_2, eNodeB ID=11302, Cell FDD TDD indication=CELL_FDD",Reliable,18.881,3.618
2026-04-10 02:00,60,"L_GUA11302_GUA_GYE_208/Cell:eNodeB Function Name=L_GUA11302_GUA_GYE_208, Local Cell ID=1, Cell Name=L_GUA11302_GUA_GYE_208_1, eNodeB ID=11302, Cell FDD TDD indication=CELL_FDD",Reliable,0.797,0.836
2026-04-10 02:00,60,"L_GUA11079_LA_FLORESTA_GYE/Cell:eNodeB Function Name=L_GUA11079_LA_FLORESTA_GYE, Local Cell ID=9, Cell Name=L_GUA11079_LA_FLORESTA_GYE_9, eNodeB ID=11079, Cell FDD TDD indication=CELL_FDD",Reliable,65.893,17.579
2026-04-10 02:00,60,"L_GUA11079_LA_FLORESTA_GYE/Cell:eNodeB Function Name=L_GUA11079_LA_FLORESTA_GYE, Local Cell ID=8, Cell Name=L_GUA11079_LA_FLORESTA_GYE_8, eNodeB ID=11079, Cell FDD TDD indication=CELL_FDD",Reliable,0.192,0.444
2026-04-10 02:00,60,"L_GUA11079_LA_FLORESTA_GYE/Cell:eNodeB Function Name=L_GUA11079_LA_FLORESTA_GYE, Local Cell ID=7, Cell Name=L_GUA11079_LA_FLORESTA_GYE_7, eNodeB ID=11079, Cell FDD TDD indication=CELL_FDD",Reliable,0.13,0.347
2026-04-10 02:00,60,"L_GUA11079_LA_FLORESTA_GYE/Cell:eNodeB Function Name=L_GUA11079_LA_FLORESTA_GYE, Local Cell ID=3, Cell Name=L_GUA11079_LA_FLORESTA_GYE_3, eNodeB ID=11079, Cell FDD TDD indication=CELL_FDD",Reliable,85.465,8.386
2026-04-10 02:00,60,"L_GUA11079_LA_FLORESTA_GYE/Cell:eNodeB Function Name=L_GUA11079_LA_FLORESTA_GYE, Local Cell ID=2, Cell Name=L_GUA11079_LA_FLORESTA_GYE_2, eNodeB ID=11079, Cell FDD TDD indication=CELL_FDD",Reliable,117.076,9.733
2026-04-10 02:00,60,"L_GUA11079_LA_FLORESTA_GYE/Cell:eNodeB Function Name=L_GUA11079_LA_FLORESTA_GYE, Local Cell ID=1, Cell Name=L_GUA11079_LA_FLORESTA_GYE_1, eNodeB ID=11079, Cell FDD TDD indication=CELL_FDD",Reliable,2.326,1.151
2026-04-10 02:00,60,"L_GUA11019_LETAMENDI/Cell:eNodeB Function Name=L_GUA11019_LETAMENDI, Local Cell ID=9, Cell Name=L_GUA11019_LETAMENDI_9, eNodeB ID=11019, Cell FDD TDD indication=CELL_FDD",Reliable,0.676,0.498
2026-04-10 02:00,60,"L_GUA11019_LETAMENDI/Cell:eNodeB Function Name=L_GUA11019_LETAMENDI, Local Cell ID=8, Cell Name=L_GUA11019_LETAMENDI_8, eNodeB ID=11019, Cell FDD TDD indication=CELL_FDD",Reliable,26.481,2.374
2026-04-10 02:00,60,"L_GUA11019_LETAMENDI/Cell:eNodeB Function Name=L_GUA11019_LETAMENDI, Local Cell ID=7, Cell Name=L_GUA11019_LETAMENDI_7, eNodeB ID=11019, Cell FDD TDD indication=CELL_FDD",Reliable,224.363,10.359
2026-04-10 02:00,60,"L_GUA11019_LETAMENDI/Cell:eNodeB Function Name=L_GUA11019_LETAMENDI, Local Cell ID=3, Cell Name=L_GUA11019_LETAMENDI_3, eNodeB ID=11019, Cell FDD TDD indication=CELL_FDD",Reliable,39.233,5.882
2026-04-10 02:00,60,"L_GUA11019_LETAMENDI/Cell:eNodeB Function Name=L_GUA11019_LETAMENDI, Local Cell ID=2, Cell Name=L_GUA11019_LETAMENDI_2, eNodeB ID=11019, Cell FDD TDD indication=CELL_FDD",Reliable,233.634,25.27
2026-04-10 02:00,60,"L_GUA11019_LETAMENDI/Cell:eNodeB Function Name=L_GUA11019_LETAMENDI, Local Cell ID=1, Cell Name=L_GUA11019_LETAMENDI_1, eNodeB ID=11019, Cell FDD TDD indication=CELL_FDD",Reliable,59.438,4.638
2026-04-10 02:00,60,"L_GUA11269_LOS_ESTEROS_GYE/Cell:eNodeB Function Name=L_GUA11269_LOS_ESTEROS_GYE, Local Cell ID=3, Cell Name=L_GUA11269_LOS_ESTEROS_GYE_3, eNodeB ID=11269, Cell FDD TDD indication=CELL_FDD",Reliable,575.974,51.004
2026-04-10 02:00,60,"L_GUA11269_LOS_ESTEROS_GYE/Cell:eNodeB Function Name=L_GUA11269_LOS_ESTEROS_GYE, Local Cell ID=2, Cell Name=L_GUA11269_LOS_ESTEROS_GYE_2, eNodeB ID=11269, Cell FDD TDD indication=CELL_FDD",Reliable,190.406,21.638
2026-04-10 02:00,60,"L_GUA11269_LOS_ESTEROS_GYE/Cell:eNodeB Function Name=L_GUA11269_LOS_ESTEROS_GYE, Local Cell ID=1, Cell Name=L_GUA11269_LOS_ESTEROS_GYE_1, eNodeB ID=11269, Cell FDD TDD indication=CELL_FDD",Reliable,29.777,5.305
2026-04-10 02:00,60,"L_GUA11082_LA_SAIBA/Cell:eNodeB Function Name=L_GUA11082_LA_SAIBA, Local Cell ID=9, Cell Name=L_GUA11082_LA_SAIBA_9, eNodeB ID=11082, Cell FDD TDD indication=CELL_FDD",Reliable,296.488,19.53
2026-04-10 02:00,60,"L_GUA11082_LA_SAIBA/Cell:eNodeB Function Name=L_GUA11082_LA_SAIBA, Local Cell ID=8, Cell Name=L_GUA11082_LA_SAIBA_8, eNodeB ID=11082, Cell FDD TDD indication=CELL_FDD",Reliable,24.675,7.893
2026-04-10 02:00,60,"L_GUA11082_LA_SAIBA/Cell:eNodeB Function Name=L_GUA11082_LA_SAIBA, Local Cell ID=7, Cell Name=L_GUA11082_LA_SAIBA_7, eNodeB ID=11082, Cell FDD TDD indication=CELL_FDD",Reliable,0.985,0.324
2026-04-10 02:00,60,"L_GUA11082_LA_SAIBA/Cell:eNodeB Function Name=L_GUA11082_LA_SAIBA, Local Cell ID=3, Cell Name=L_GUA11082_LA_SAIBA_3, eNodeB ID=11082, Cell FDD TDD indication=CELL_FDD",Reliable,9.843,2.78
2026-04-10 02:00,60,"L_GUA11082_LA_SAIBA/Cell:eNodeB Function Name=L_GUA11082_LA_SAIBA, Local Cell ID=2, Cell Name=L_GUA11082_LA_SAIBA_2, eNodeB ID=11082, Cell FDD TDD indication=CELL_FDD",Reliable,463.459,45.407
2026-04-10 02:00,60,"L_GUA11082_LA_SAIBA/Cell:eNodeB Function Name=L_GUA11082_LA_SAIBA, Local Cell ID=1, Cell Name=L_GUA11082_LA_SAIBA_1, eNodeB ID=11082, Cell FDD TDD indication=CELL_FDD",Reliable,33.805,3.856
2026-04-10 02:00,60,"L_GUA11015_PUERTO_NUEVO/Cell:eNodeB Function Name=L_GUA11015_PUERTO_NUEVO, Local Cell ID=9, Cell Name=L_GUA11015_PUERTO_NUEVO_9, eNodeB ID=11015, Cell FDD TDD indication=CELL_FDD",Reliable,1.699,0.796
2026-04-10 02:00,60,"L_GUA11015_PUERTO_NUEVO/Cell:eNodeB Function Name=L_GUA11015_PUERTO_NUEVO, Local Cell ID=8, Cell Name=L_GUA11015_PUERTO_NUEVO_8, eNodeB ID=11015, Cell FDD TDD indication=CELL_FDD",Reliable,36.55,4.225
2026-04-10 02:00,60,"L_GUA11015_PUERTO_NUEVO/Cell:eNodeB Function Name=L_GUA11015_PUERTO_NUEVO, Local Cell ID=7, Cell Name=L_GUA11015_PUERTO_NUEVO_7, eNodeB ID=11015, Cell FDD TDD indication=CELL_FDD",Reliable,38.701,7.968
2026-04-10 02:00,60,"L_GUA11015_PUERTO_NUEVO/Cell:eNodeB Function Name=L_GUA11015_PUERTO_NUEVO, Local Cell ID=3, Cell Name=L_GUA11015_PUERTO_NUEVO_3, eNodeB ID=11015, Cell FDD TDD indication=CELL_FDD",Reliable,212.584,18.615
2026-04-10 02:00,60,"L_GUA11015_PUERTO_NUEVO/Cell:eNodeB Function Name=L_GUA11015_PUERTO_NUEVO, Local Cell ID=2, Cell Name=L_GUA11015_PUERTO_NUEVO_2, eNodeB ID=11015, Cell FDD TDD indication=CELL_FDD",Reliable,95.055,19.487
2026-04-10 02:00,60,"L_GUA11015_PUERTO_NUEVO/Cell:eNodeB Function Name=L_GUA11015_PUERTO_NUEVO, Local Cell ID=1, Cell Name=L_GUA11015_PUERTO_NUEVO_1, eNodeB ID=11015, Cell FDD TDD indication=CELL_FDD",Reliable,556.114,46.205
2026-04-10 02:00,60,"L_GUA11083_LA_UNION_GYE/Cell:eNodeB Function Name=L_GUA11083_LA_UNION_GYE, Local Cell ID=3, Cell Name=L_GUA11083_LA_UNION_GYE_3, eNodeB ID=11083, Cell FDD TDD indication=CELL_FDD",Reliable,480.296,225.796
2026-04-10 02:00,60,"L_GUA11083_LA_UNION_GYE/Cell:eNodeB Function Name=L_GUA11083_LA_UNION_GYE, Local Cell ID=2, Cell Name=L_GUA11083_LA_UNION_GYE_2, eNodeB ID=11083, Cell FDD TDD indication=CELL_FDD",Reliable,33.599,6.324
2026-04-10 02:00,60,"L_GUA11083_LA_UNION_GYE/Cell:eNodeB Function Name=L_GUA11083_LA_UNION_GYE, Local Cell ID=1, Cell Name=L_GUA11083_LA_UNION_GYE_1, eNodeB ID=11083, Cell FDD TDD indication=CELL_FDD",Reliable,65.88,10.331
2026-04-10 02:00,60,"L_GUA11105_UNION_SUR/Cell:eNodeB Function Name=L_GUA11105_UNION_SUR, Local Cell ID=9, Cell Name=L_GUA11105_UNION_SUR_9, eNodeB ID=11105, Cell FDD TDD indication=CELL_FDD",Reliable,0.451,0.307
2026-04-10 02:00,60,"L_GUA11105_UNION_SUR/Cell:eNodeB Function Name=L_GUA11105_UNION_SUR, Local Cell ID=8, Cell Name=L_GUA11105_UNION_SUR_8, eNodeB ID=11105, Cell FDD TDD indication=CELL_FDD",Reliable,120.081,10.158
2026-04-10 02:00,60,"L_GUA11105_UNION_SUR/Cell:eNodeB Function Name=L_GUA11105_UNION_SUR, Local Cell ID=7, Cell Name=L_GUA11105_UNION_SUR_7, eNodeB ID=11105, Cell FDD TDD indication=CELL_FDD",Reliable,73.785,2.984
2026-04-10 02:00,60,"L_GUA11105_UNION_SUR/Cell:eNodeB Function Name=L_GUA11105_UNION_SUR, Local Cell ID=3, Cell Name=L_GUA11105_UNION_SUR_3, eNodeB ID=11105, Cell FDD TDD indication=CELL_FDD",Reliable,45.077,9.467
2026-04-10 02:00,60,"L_GUA11105_UNION_SUR/Cell:eNodeB Function Name=L_GUA11105_UNION_SUR, Local Cell ID=2, Cell Name=L_GUA11105_UNION_SUR_2, eNodeB ID=11105, Cell FDD TDD indication=CELL_FDD",Reliable,419.712,67.068
2026-04-10 02:00,60,"L_GUA11105_UNION_SUR/Cell:eNodeB Function Name=L_GUA11105_UNION_SUR, Local Cell ID=1, Cell Name=L_GUA11105_UNION_SUR_1, eNodeB ID=11105, Cell FDD TDD indication=CELL_FDD",Reliable,62.06,13.353
2026-04-10 02:00,60,"L_GUA11127_BASE_NAVAL/Cell:eNodeB Function Name=L_GUA11127_BASE_NAVAL, Local Cell ID=9, Cell Name=L_GUA11127_BASE_NAVAL_9, eNodeB ID=11127, Cell FDD TDD indication=CELL_FDD",Reliable,7.47,1.626
2026-04-10 02:00,60,"L_GUA11127_BASE_NAVAL/Cell:eNodeB Function Name=L_GUA11127_BASE_NAVAL, Local Cell ID=8, Cell Name=L_GUA11127_BASE_NAVAL_8, eNodeB ID=11127, Cell FDD TDD indication=CELL_FDD",Reliable,727.396,47.941
2026-04-10 02:00,60,"L_GUA11127_BASE_NAVAL/Cell:eNodeB Function Name=L_GUA11127_BASE_NAVAL, Local Cell ID=7, Cell Name=L_GUA11127_BASE_NAVAL_7, eNodeB ID=11127, Cell FDD TDD indication=CELL_FDD",Reliable,0,0.002
2026-04-10 02:00,60,"L_GUA11127_BASE_NAVAL/Cell:eNodeB Function Name=L_GUA11127_BASE_NAVAL, Local Cell ID=3, Cell Name=L_GUA11127_BASE_NAVAL_3, eNodeB ID=11127, Cell FDD TDD indication=CELL_FDD",Reliable,31.601,4.077
2026-04-10 02:00,60,"L_GUA11127_BASE_NAVAL/Cell:eNodeB Function Name=L_GUA11127_BASE_NAVAL, Local Cell ID=2, Cell Name=L_GUA11127_BASE_NAVAL_2, eNodeB ID=11127, Cell FDD TDD indication=CELL_FDD",Reliable,272.237,85.417
2026-04-10 02:00,60,"L_GUA11127_BASE_NAVAL/Cell:eNodeB Function Name=L_GUA11127_BASE_NAVAL, Local Cell ID=1, Cell Name=L_GUA11127_BASE_NAVAL_1, eNodeB ID=11127, Cell FDD TDD indication=CELL_FDD",Reliable,625.842,26.018
2026-04-10 02:00,60,"L_GUA11182_UNION_DE_BANANEROS/Cell:eNodeB Function Name=L_GUA11182_UNION_DE_BANANEROS, Local Cell ID=9, Cell Name=L_GUA11182_UNION_DE_BANANEROS_9, eNodeB ID=11182, Cell FDD TDD indication=CELL_FDD",Reliable,172.094,11.61
2026-04-10 02:00,60,"L_GUA11182_UNION_DE_BANANEROS/Cell:eNodeB Function Name=L_GUA11182_UNION_DE_BANANEROS, Local Cell ID=8, Cell Name=L_GUA11182_UNION_DE_BANANEROS_8, eNodeB ID=11182, Cell FDD TDD indication=CELL_FDD",Reliable,3.102,2.106
2026-04-10 02:00,60,"L_GUA11182_UNION_DE_BANANEROS/Cell:eNodeB Function Name=L_GUA11182_UNION_DE_BANANEROS, Local Cell ID=7, Cell Name=L_GUA11182_UNION_DE_BANANEROS_7, eNodeB ID=11182, Cell FDD TDD indication=CELL_FDD",Reliable,96.696,28.129
2026-04-10 02:00,60,"L_GUA11182_UNION_DE_BANANEROS/Cell:eNodeB Function Name=L_GUA11182_UNION_DE_BANANEROS, Local Cell ID=3, Cell Name=L_GUA11182_UNION_DE_BANANEROS_3, eNodeB ID=11182, Cell FDD TDD indication=CELL_FDD",Reliable,414.834,17.336
2026-04-10 02:00,60,"L_GUA11182_UNION_DE_BANANEROS/Cell:eNodeB Function Name=L_GUA11182_UNION_DE_BANANEROS, Local Cell ID=2, Cell Name=L_GUA11182_UNION_DE_BANANEROS_2, eNodeB ID=11182, Cell FDD TDD indication=CELL_FDD",Reliable,122.666,15.767
2026-04-10 02:00,60,"L_GUA11182_UNION_DE_BANANEROS/Cell:eNodeB Function Name=L_GUA11182_UNION_DE_BANANEROS, Local Cell ID=1, Cell Name=L_GUA11182_UNION_DE_BANANEROS_1, eNodeB ID=11182, Cell FDD TDD indication=CELL_FDD",Reliable,19.432,12.617
2026-04-10 02:00,60,"L_GUA11262_ESCLUSAS_OESTE/Cell:eNodeB Function Name=L_GUA11262_ESCLUSAS_OESTE, Local Cell ID=3, Cell Name=L_GUA11262_ESCLUSAS_OESTE_3, eNodeB ID=11262, Cell FDD TDD indication=CELL_FDD",Reliable,1.503,0.693
2026-04-10 02:00,60,"L_GUA11262_ESCLUSAS_OESTE/Cell:eNodeB Function Name=L_GUA11262_ESCLUSAS_OESTE, Local Cell ID=2, Cell Name=L_GUA11262_ESCLUSAS_OESTE_2, eNodeB ID=11262, Cell FDD TDD indication=CELL_FDD",Reliable,20.535,0.999
2026-04-10 02:00,60,"L_GUA11262_ESCLUSAS_OESTE/Cell:eNodeB Function Name=L_GUA11262_ESCLUSAS_OESTE, Local Cell ID=1, Cell Name=L_GUA11262_ESCLUSAS_OESTE_1, eNodeB ID=11262, Cell FDD TDD indication=CELL_FDD",Reliable,215.634,13.664
2026-04-10 02:00,60,"L_GUA11280_GUA_GYE_203/Cell:eNodeB Function Name=L_GUA11280_GUA_GYE_203, Local Cell ID=3, Cell Name=L_GUA11280_GUA_GYE_203_3, eNodeB ID=11280, Cell FDD TDD indication=CELL_FDD",Reliable,355.943,31.816
2026-04-10 02:00,60,"L_GUA11280_GUA_GYE_203/Cell:eNodeB Function Name=L_GUA11280_GUA_GYE_203, Local Cell ID=2, Cell Name=L_GUA11280_GUA_GYE_203_2, eNodeB ID=11280, Cell FDD TDD indication=CELL_FDD",Reliable,577.82,61.215
2026-04-10 02:00,60,"L_GUA11280_GUA_GYE_203/Cell:eNodeB Function Name=L_GUA11280_GUA_GYE_203, Local Cell ID=1, Cell Name=L_GUA11280_GUA_GYE_203_1, eNodeB ID=11280, Cell FDD TDD indication=CELL_FDD",Reliable,248.747,11.698
2026-04-10 02:00,60,"L_GUA11292_GUA_GYE_JULIO_POTES/Cell:eNodeB Function Name=L_GUA11292_GUA_GYE_JULIO_POTES, Local Cell ID=9, Cell Name=L_GUA11292_GUA_GYE_JULIO_POTES_9, eNodeB ID=11292, Cell FDD TDD indication=CELL_FDD",Reliable,0.026,0.118
2026-04-10 02:00,60,"L_GUA11292_GUA_GYE_JULIO_POTES/Cell:eNodeB Function Name=L_GUA11292_GUA_GYE_JULIO_POTES, Local Cell ID=8, Cell Name=L_GUA11292_GUA_GYE_JULIO_POTES_8, eNodeB ID=11292, Cell FDD TDD indication=CELL_FDD",Reliable,3.146,1.512
2026-04-10 02:00,60,"L_GUA11292_GUA_GYE_JULIO_POTES/Cell:eNodeB Function Name=L_GUA11292_GUA_GYE_JULIO_POTES, Local Cell ID=7, Cell Name=L_GUA11292_GUA_GYE_JULIO_POTES_7, eNodeB ID=11292, Cell FDD TDD indication=CELL_FDD",Reliable,2.634,0.351
2026-04-10 02:00,60,"L_GUA11292_GUA_GYE_JULIO_POTES/Cell:eNodeB Function Name=L_GUA11292_GUA_GYE_JULIO_POTES, Local Cell ID=3, Cell Name=L_GUA11292_GUA_GYE_JULIO_POTES_3, eNodeB ID=11292, Cell FDD TDD indication=CELL_FDD",Reliable,233.226,30.344
2026-04-10 02:00,60,"L_GUA11292_GUA_GYE_JULIO_POTES/Cell:eNodeB Function Name=L_GUA11292_GUA_GYE_JULIO_POTES, Local Cell ID=2, Cell Name=L_GUA11292_GUA_GYE_JULIO_POTES_2, eNodeB ID=11292, Cell FDD TDD indication=CELL_FDD",Reliable,15.785,6.415
2026-04-10 02:00,60,"L_GUA11292_GUA_GYE_JULIO_POTES/Cell:eNodeB Function Name=L_GUA11292_GUA_GYE_JULIO_POTES, Local Cell ID=1, Cell Name=L_GUA11292_GUA_GYE_JULIO_POTES_1, eNodeB ID=11292, Cell FDD TDD indication=CELL_FDD",Reliable,60.736,7.704
2026-04-10 02:00,60,"L_GUA11434_GUA_GYE_GUAYAS_Y_QUIL/Cell:eNodeB Function Name=L_GUA11434_GUA_GYE_GUAYAS_Y_QUIL, Local Cell ID=9, Cell Name=L_GUA11434_GUA_GYE_GUAYAS_Y_QUIL_9, eNodeB ID=11434, Cell FDD TDD indication=CELL_FDD",Reliable,2092.615,283.227
2026-04-10 02:00,60,"L_GUA11434_GUA_GYE_GUAYAS_Y_QUIL/Cell:eNodeB Function Name=L_GUA11434_GUA_GYE_GUAYAS_Y_QUIL, Local Cell ID=8, Cell Name=L_GUA11434_GUA_GYE_GUAYAS_Y_QUIL_8, eNodeB ID=11434, Cell FDD TDD indication=CELL_FDD",Reliable,335.213,29.727
2026-04-10 02:00,60,"L_GUA11434_GUA_GYE_GUAYAS_Y_QUIL/Cell:eNodeB Function Name=L_GUA11434_GUA_GYE_GUAYAS_Y_QUIL, Local Cell ID=7, Cell Name=L_GUA11434_GUA_GYE_GUAYAS_Y_QUIL_7, eNodeB ID=11434, Cell FDD TDD indication=CELL_FDD",Reliable,335.091,21.355
2026-04-10 02:00,60,"L_GUA11434_GUA_GYE_GUAYAS_Y_QUIL/Cell:eNodeB Function Name=L_GUA11434_GUA_GYE_GUAYAS_Y_QUIL, Local Cell ID=3, Cell Name=L_GUA11434_GUA_GYE_GUAYAS_Y_QUIL_3, eNodeB ID=11434, Cell FDD TDD indication=CELL_FDD",Reliable,1504.074,107.108
2026-04-10 02:00,60,"L_GUA11434_GUA_GYE_GUAYAS_Y_QUIL/Cell:eNodeB Function Name=L_GUA11434_GUA_GYE_GUAYAS_Y_QUIL, Local Cell ID=2, Cell Name=L_GUA11434_GUA_GYE_GUAYAS_Y_QUIL_2, eNodeB ID=11434, Cell FDD TDD indication=CELL_FDD",Reliable,142.64,14.623
2026-04-10 02:00,60,"L_GUA11434_GUA_GYE_GUAYAS_Y_QUIL/Cell:eNodeB Function Name=L_GUA11434_GUA_GYE_GUAYAS_Y_QUIL, Local Cell ID=1, Cell Name=L_GUA11434_GUA_GYE_GUAYAS_Y_QUIL_1, eNodeB ID=11434, Cell FDD TDD indication=CELL_FDD",Reliable,29.987,5.768
2026-04-10 02:00,60,"L_GUA11211_GUA_GYE_H_GUASM_S/Cell:eNodeB Function Name=L_GUA11211_GUA_GYE_H_GUASM_S, Local Cell ID=9, Cell Name=L_GUA11211_GUA_GYE_H_GUASM_S_9, eNodeB ID=11211, Cell FDD TDD indication=CELL_FDD",Reliable,184.048,17.966
2026-04-10 02:00,60,"L_GUA11211_GUA_GYE_H_GUASM_S/Cell:eNodeB Function Name=L_GUA11211_GUA_GYE_H_GUASM_S, Local Cell ID=8, Cell Name=L_GUA11211_GUA_GYE_H_GUASM_S_8, eNodeB ID=11211, Cell FDD TDD indication=CELL_FDD",Reliable,18.577,1.751
2026-04-10 02:00,60,"L_GUA11211_GUA_GYE_H_GUASM_S/Cell:eNodeB Function Name=L_GUA11211_GUA_GYE_H_GUASM_S, Local Cell ID=7, Cell Name=L_GUA11211_GUA_GYE_H_GUASM_S_7, eNodeB ID=11211, Cell FDD TDD indication=CELL_FDD",Reliable,533.879,59.017
2026-04-10 02:00,60,"L_GUA11211_GUA_GYE_H_GUASM_S/Cell:eNodeB Function Name=L_GUA11211_GUA_GYE_H_GUASM_S, Local Cell ID=3, Cell Name=L_GUA11211_GUA_GYE_H_GUASM_S_3, eNodeB ID=11211, Cell FDD TDD indication=CELL_FDD",Reliable,1296.696,122.094
2026-04-10 02:00,60,"L_GUA11211_GUA_GYE_H_GUASM_S/Cell:eNodeB Function Name=L_GUA11211_GUA_GYE_H_GUASM_S, Local Cell ID=2, Cell Name=L_GUA11211_GUA_GYE_H_GUASM_S_2, eNodeB ID=11211, Cell FDD TDD indication=CELL_FDD",Reliable,70.259,16.784
2026-04-10 02:00,60,"L_GUA11211_GUA_GYE_H_GUASM_S/Cell:eNodeB Function Name=L_GUA11211_GUA_GYE_H_GUASM_S, Local Cell ID=1, Cell Name=L_GUA11211_GUA_GYE_H_GUASM_S_1, eNodeB ID=11211, Cell FDD TDD indication=CELL_FDD",Reliable,180.923,13.152
2026-04-10 02:00,60,"L_GUA11009_EL_GUASMO/Cell:eNodeB Function Name=L_GUA11009_EL_GUASMO, Local Cell ID=9, Cell Name=L_GUA11009_EL_GUASMO_9, eNodeB ID=11009, Cell FDD TDD indication=CELL_FDD",Reliable,55.187,5.173
2026-04-10 02:00,60,"L_GUA11009_EL_GUASMO/Cell:eNodeB Function Name=L_GUA11009_EL_GUASMO, Local Cell ID=8, Cell Name=L_GUA11009_EL_GUASMO_8, eNodeB ID=11009, Cell FDD TDD indication=CELL_FDD",Reliable,21.582,2.029
2026-04-10 02:00,60,"L_GUA11009_EL_GUASMO/Cell:eNodeB Function Name=L_GUA11009_EL_GUASMO, Local Cell ID=7, Cell Name=L_GUA11009_EL_GUASMO_7, eNodeB ID=11009, Cell FDD TDD indication=CELL_FDD",Reliable,0.235,0.104
2026-04-10 02:00,60,"L_GUA11009_EL_GUASMO/Cell:eNodeB Function Name=L_GUA11009_EL_GUASMO, Local Cell ID=3, Cell Name=L_GUA11009_EL_GUASMO_3, eNodeB ID=11009, Cell FDD TDD indication=CELL_FDD",Reliable,158.828,12.561
2026-04-10 02:00,60,"L_GUA11009_EL_GUASMO/Cell:eNodeB Function Name=L_GUA11009_EL_GUASMO, Local Cell ID=2, Cell Name=L_GUA11009_EL_GUASMO_2, eNodeB ID=11009, Cell FDD TDD indication=CELL_FDD",Reliable,251.905,17.248
2026-04-10 02:00,60,"L_GUA11009_EL_GUASMO/Cell:eNodeB Function Name=L_GUA11009_EL_GUASMO, Local Cell ID=1, Cell Name=L_GUA11009_EL_GUASMO_1, eNodeB ID=11009, Cell FDD TDD indication=CELL_FDD",Reliable,25.637,3.541
2026-04-10 02:00,60,"L_GUA11037_GUASMO_SUR_TEM/Cell:eNodeB Function Name=L_GUA11037_GUASMO_SUR_TEM, Local Cell ID=9, Cell Name=L_GUA11037_GUASMO_SUR_TEM_9, eNodeB ID=11037, Cell FDD TDD indication=CELL_FDD",Reliable,345.511,30.347
2026-04-10 02:00,60,"L_GUA11037_GUASMO_SUR_TEM/Cell:eNodeB Function Name=L_GUA11037_GUASMO_SUR_TEM, Local Cell ID=8, Cell Name=L_GUA11037_GUASMO_SUR_TEM_8, eNodeB ID=11037, Cell FDD TDD indication=CELL_FDD",Reliable,0.486,0.685
2026-04-10 02:00,60,"L_GUA11037_GUASMO_SUR_TEM/Cell:eNodeB Function Name=L_GUA11037_GUASMO_SUR_TEM, Local Cell ID=7, Cell Name=L_GUA11037_GUASMO_SUR_TEM_7, eNodeB ID=11037, Cell FDD TDD indication=CELL_FDD",Reliable,4.193,1.418
2026-04-10 02:00,60,"L_GUA11037_GUASMO_SUR_TEM/Cell:eNodeB Function Name=L_GUA11037_GUASMO_SUR_TEM, Local Cell ID=3, Cell Name=L_GUA11037_GUASMO_SUR_TEM_3, eNodeB ID=11037, Cell FDD TDD indication=CELL_FDD",Reliable,212.624,40.165
2026-04-10 02:00,60,"L_GUA11037_GUASMO_SUR_TEM/Cell:eNodeB Function Name=L_GUA11037_GUASMO_SUR_TEM, Local Cell ID=2, Cell Name=L_GUA11037_GUASMO_SUR_TEM_2, eNodeB ID=11037, Cell FDD TDD indication=CELL_FDD",Reliable,128.954,219.115
2026-04-10 02:00,60,"L_GUA11037_GUASMO_SUR_TEM/Cell:eNodeB Function Name=L_GUA11037_GUASMO_SUR_TEM, Local Cell ID=1, Cell Name=L_GUA11037_GUASMO_SUR_TEM_1, eNodeB ID=11037, Cell FDD TDD indication=CELL_FDD",Reliable,46.032,6.904
2026-04-10 02:00,60,"L_GUA11048_MALL_DEL_SUR/Cell:eNodeB Function Name=L_GUA11048_MALL_DEL_SUR, Local Cell ID=9, Cell Name=L_GUA11048_MALL_DEL_SUR_9, eNodeB ID=11048, Cell FDD TDD indication=CELL_FDD",Reliable,221.301,6.563
2026-04-10 02:00,60,"L_GUA11048_MALL_DEL_SUR/Cell:eNodeB Function Name=L_GUA11048_MALL_DEL_SUR, Local Cell ID=8, Cell Name=L_GUA11048_MALL_DEL_SUR_8, eNodeB ID=11048, Cell FDD TDD indication=CELL_FDD",Reliable,294.844,18.095
2026-04-10 02:00,60,"L_GUA11048_MALL_DEL_SUR/Cell:eNodeB Function Name=L_GUA11048_MALL_DEL_SUR, Local Cell ID=7, Cell Name=L_GUA11048_MALL_DEL_SUR_7, eNodeB ID=11048, Cell FDD TDD indication=CELL_FDD",Reliable,7.986,1.538
2026-04-10 02:00,60,"L_GUA11048_MALL_DEL_SUR/Cell:eNodeB Function Name=L_GUA11048_MALL_DEL_SUR, Local Cell ID=3, Cell Name=L_GUA11048_MALL_DEL_SUR_3, eNodeB ID=11048, Cell FDD TDD indication=CELL_FDD",Reliable,69.684,4.967
2026-04-10 02:00,60,"L_GUA11048_MALL_DEL_SUR/Cell:eNodeB Function Name=L_GUA11048_MALL_DEL_SUR, Local Cell ID=2, Cell Name=L_GUA11048_MALL_DEL_SUR_2, eNodeB ID=11048, Cell FDD TDD indication=CELL_FDD",Reliable,616.398,60.518
2026-04-10 02:00,60,"L_GUA11048_MALL_DEL_SUR/Cell:eNodeB Function Name=L_GUA11048_MALL_DEL_SUR, Local Cell ID=1, Cell Name=L_GUA11048_MALL_DEL_SUR_1, eNodeB ID=11048, Cell FDD TDD indication=CELL_FDD",Reliable,205.798,10.959
2026-04-10 02:00,60,"L_GUA11072_FERTISA/Cell:eNodeB Function Name=L_GUA11072_FERTISA, Local Cell ID=9, Cell Name=L_GUA11072_FERTISA_9, eNodeB ID=11072, Cell FDD TDD indication=CELL_FDD",Reliable,1.69,1.164
2026-04-10 02:00,60,"L_GUA11072_FERTISA/Cell:eNodeB Function Name=L_GUA11072_FERTISA, Local Cell ID=8, Cell Name=L_GUA11072_FERTISA_8, eNodeB ID=11072, Cell FDD TDD indication=CELL_FDD",Reliable,22.191,6.765
2026-04-10 02:00,60,"L_GUA11072_FERTISA/Cell:eNodeB Function Name=L_GUA11072_FERTISA, Local Cell ID=7, Cell Name=L_GUA11072_FERTISA_7, eNodeB ID=11072, Cell FDD TDD indication=CELL_FDD",Reliable,0.852,0.715
2026-04-10 02:00,60,"L_GUA11072_FERTISA/Cell:eNodeB Function Name=L_GUA11072_FERTISA, Local Cell ID=3, Cell Name=L_GUA11072_FERTISA_3, eNodeB ID=11072, Cell FDD TDD indication=CELL_FDD",Reliable,30.838,5.904
2026-04-10 02:00,60,"L_GUA11072_FERTISA/Cell:eNodeB Function Name=L_GUA11072_FERTISA, Local Cell ID=2, Cell Name=L_GUA11072_FERTISA_2, eNodeB ID=11072, Cell FDD TDD indication=CELL_FDD",Reliable,6.996,1.745
2026-04-10 02:00,60,"L_GUA11072_FERTISA/Cell:eNodeB Function Name=L_GUA11072_FERTISA, Local Cell ID=1, Cell Name=L_GUA11072_FERTISA_1, eNodeB ID=11072, Cell FDD TDD indication=CELL_FDD",Reliable,408.365,20.899
2026-04-10 02:00,60,"L_GUA11266_GUA_GYE_204/Cell:eNodeB Function Name=L_GUA11266_GUA_GYE_204, Local Cell ID=3, Cell Name=L_GUA11266_GUA_GYE_LA_FLORESTA_TRES_3, eNodeB ID=11266, Cell FDD TDD indication=CELL_FDD",Reliable,33.295,3.358
2026-04-10 02:00,60,"L_GUA11266_GUA_GYE_204/Cell:eNodeB Function Name=L_GUA11266_GUA_GYE_204, Local Cell ID=2, Cell Name=L_GUA11266_GUA_GYE_LA_FLORESTA_TRES_2, eNodeB ID=11266, Cell FDD TDD indication=CELL_FDD",Reliable,22.984,14.194
2026-04-10 02:00,60,"L_GUA11266_GUA_GYE_204/Cell:eNodeB Function Name=L_GUA11266_GUA_GYE_204, Local Cell ID=1, Cell Name=L_GUA11266_GUA_GYE_LA_FLORESTA_TRES_1, eNodeB ID=11266, Cell FDD TDD indication=CELL_FDD",Reliable,321.406,23.029
2026-04-10 02:00,60,"L_GUA11007_GUAYAQUIL_CISNE/Cell:eNodeB Function Name=L_GUA11007_GUAYAQUIL_CISNE, Local Cell ID=9, Cell Name=L_GUA11007_GUAYAQUIL_CISNE_9, eNodeB ID=11007, Cell FDD TDD indication=CELL_FDD",Reliable,3.727,1.693
2026-04-10 02:00,60,"L_GUA11007_GUAYAQUIL_CISNE/Cell:eNodeB Function Name=L_GUA11007_GUAYAQUIL_CISNE, Local Cell ID=8, Cell Name=L_GUA11007_GUAYAQUIL_CISNE_8, eNodeB ID=11007, Cell FDD TDD indication=CELL_FDD",Reliable,412.184,121.317
2026-04-10 02:00,60,"L_GUA11007_GUAYAQUIL_CISNE/Cell:eNodeB Function Name=L_GUA11007_GUAYAQUIL_CISNE, Local Cell ID=7, Cell Name=L_GUA11007_GUAYAQUIL_CISNE_7, eNodeB ID=11007, Cell FDD TDD indication=CELL_FDD",Reliable,15.582,3.546
2026-04-10 02:00,60,"L_GUA11007_GUAYAQUIL_CISNE/Cell:eNodeB Function Name=L_GUA11007_GUAYAQUIL_CISNE, Local Cell ID=3, Cell Name=L_GUA11007_GUAYAQUIL_CISNE_3, eNodeB ID=11007, Cell FDD TDD indication=CELL_FDD",Reliable,61.012,9.789
2026-04-10 02:00,60,"L_GUA11007_GUAYAQUIL_CISNE/Cell:eNodeB Function Name=L_GUA11007_GUAYAQUIL_CISNE, Local Cell ID=2, Cell Name=L_GUA11007_GUAYAQUIL_CISNE_2, eNodeB ID=11007, Cell FDD TDD indication=CELL_FDD",Reliable,1640.528,97.5
2026-04-10 02:00,60,"L_GUA11007_GUAYAQUIL_CISNE/Cell:eNodeB Function Name=L_GUA11007_GUAYAQUIL_CISNE, Local Cell ID=1, Cell Name=L_GUA11007_GUAYAQUIL_CISNE_1, eNodeB ID=11007, Cell FDD TDD indication=CELL_FDD",Reliable,19.89,2.843
2026-04-10 02:00,60,"L_GUA11012_ISLA_TRINITARIA/Cell:eNodeB Function Name=L_GUA11012_ISLA_TRINITARIA, Local Cell ID=9, Cell Name=L_GUA11012_ISLA_TRINITARIA_9, eNodeB ID=11012, Cell FDD TDD indication=CELL_FDD",Reliable,862.012,51.698
2026-04-10 02:00,60,"L_GUA11012_ISLA_TRINITARIA/Cell:eNodeB Function Name=L_GUA11012_ISLA_TRINITARIA, Local Cell ID=8, Cell Name=L_GUA11012_ISLA_TRINITARIA_8, eNodeB ID=11012, Cell FDD TDD indication=CELL_FDD",Reliable,132.494,16.825
2026-04-10 02:00,60,"L_GUA11012_ISLA_TRINITARIA/Cell:eNodeB Function Name=L_GUA11012_ISLA_TRINITARIA, Local Cell ID=7, Cell Name=L_GUA11012_ISLA_TRINITARIA_7, eNodeB ID=11012, Cell FDD TDD indication=CELL_FDD",Reliable,8.289,4.553
2026-04-10 02:00,60,"L_GUA11012_ISLA_TRINITARIA/Cell:eNodeB Function Name=L_GUA11012_ISLA_TRINITARIA, Local Cell ID=3, Cell Name=L_GUA11012_ISLA_TRINITARIA_3, eNodeB ID=11012, Cell FDD TDD indication=CELL_FDD",Reliable,38.692,17.255
2026-04-10 02:00,60,"L_GUA11012_ISLA_TRINITARIA/Cell:eNodeB Function Name=L_GUA11012_ISLA_TRINITARIA, Local Cell ID=2, Cell Name=L_GUA11012_ISLA_TRINITARIA_2, eNodeB ID=11012, Cell FDD TDD indication=CELL_FDD",Reliable,34.134,6.348
2026-04-10 02:00,60,"L_GUA11012_ISLA_TRINITARIA/Cell:eNodeB Function Name=L_GUA11012_ISLA_TRINITARIA, Local Cell ID=1, Cell Name=L_GUA11012_ISLA_TRINITARIA_1, eNodeB ID=11012, Cell FDD TDD indication=CELL_FDD",Reliable,66.746,15.944
2026-04-10 02:00,60,"L_GUA11058_BATALLON/Cell:eNodeB Function Name=L_GUA11058_BATALLON, Local Cell ID=9, Cell Name=L_GUA11058_BATALLON_9, eNodeB ID=11058, Cell FDD TDD indication=CELL_FDD",Reliable,3.114,4.222
2026-04-10 02:00,60,"L_GUA11058_BATALLON/Cell:eNodeB Function Name=L_GUA11058_BATALLON, Local Cell ID=8, Cell Name=L_GUA11058_BATALLON_8, eNodeB ID=11058, Cell FDD TDD indication=CELL_FDD",Reliable,274.252,5.372
2026-04-10 02:00,60,"L_GUA11058_BATALLON/Cell:eNodeB Function Name=L_GUA11058_BATALLON, Local Cell ID=7, Cell Name=L_GUA11058_BATALLON_7, eNodeB ID=11058, Cell FDD TDD indication=CELL_FDD",Reliable,230.076,182.33
2026-04-10 02:00,60,"L_GUA11058_BATALLON/Cell:eNodeB Function Name=L_GUA11058_BATALLON, Local Cell ID=3, Cell Name=L_GUA11058_BATALLON_3, eNodeB ID=11058, Cell FDD TDD indication=CELL_FDD",Reliable,43.731,3.641
2026-04-10 02:00,60,"L_GUA11058_BATALLON/Cell:eNodeB Function Name=L_GUA11058_BATALLON, Local Cell ID=2, Cell Name=L_GUA11058_BATALLON_2, eNodeB ID=11058, Cell FDD TDD indication=CELL_FDD",Reliable,42.805,12.678
2026-04-10 02:00,60,"L_GUA11058_BATALLON/Cell:eNodeB Function Name=L_GUA11058_BATALLON, Local Cell ID=1, Cell Name=L_GUA11058_BATALLON_1, eNodeB ID=11058, Cell FDD TDD indication=CELL_FDD",Reliable,305.139,24.412
2026-04-10 02:00,60,"L_GUA11084_LETAMENDI_SUR/Cell:eNodeB Function Name=L_GUA11084_LETAMENDI_SUR, Local Cell ID=9, Cell Name=L_GUA11084_LETAMENDI_SUR_9, eNodeB ID=11084, Cell FDD TDD indication=CELL_FDD",Reliable,1.467,0.691
2026-04-10 02:00,60,"L_GUA11084_LETAMENDI_SUR/Cell:eNodeB Function Name=L_GUA11084_LETAMENDI_SUR, Local Cell ID=8, Cell Name=L_GUA11084_LETAMENDI_SUR_8, eNodeB ID=11084, Cell FDD TDD indication=CELL_FDD",Reliable,24.253,1.72
2026-04-10 02:00,60,"L_GUA11084_LETAMENDI_SUR/Cell:eNodeB Function Name=L_GUA11084_LETAMENDI_SUR, Local Cell ID=7, Cell Name=L_GUA11084_LETAMENDI_SUR_7, eNodeB ID=11084, Cell FDD TDD indication=CELL_FDD",Reliable,5.62,1.469
2026-04-10 02:00,60,"L_GUA11084_LETAMENDI_SUR/Cell:eNodeB Function Name=L_GUA11084_LETAMENDI_SUR, Local Cell ID=3, Cell Name=L_GUA11084_LETAMENDI_SUR_3, eNodeB ID=11084, Cell FDD TDD indication=CELL_FDD",Reliable,0.01,0.038
2026-04-10 02:00,60,"L_GUA11084_LETAMENDI_SUR/Cell:eNodeB Function Name=L_GUA11084_LETAMENDI_SUR, Local Cell ID=2, Cell Name=L_GUA11084_LETAMENDI_SUR_2, eNodeB ID=11084, Cell FDD TDD indication=CELL_FDD",Reliable,164.918,15.712
2026-04-10 02:00,60,"L_GUA11084_LETAMENDI_SUR/Cell:eNodeB Function Name=L_GUA11084_LETAMENDI_SUR, Local Cell ID=1, Cell Name=L_GUA11084_LETAMENDI_SUR_1, eNodeB ID=11084, Cell FDD TDD indication=CELL_FDD",Reliable,23.148,8.249
2026-04-10 02:00,60,"L_GUA11085_MADRIGAL/Cell:eNodeB Function Name=L_GUA11085_MADRIGAL, Local Cell ID=9, Cell Name=L_GUA11085_MADRIGAL_9, eNodeB ID=11085, Cell FDD TDD indication=CELL_FDD",Reliable,6.668,14.174
2026-04-10 02:00,60,"L_GUA11085_MADRIGAL/Cell:eNodeB Function Name=L_GUA11085_MADRIGAL, Local Cell ID=8, Cell Name=L_GUA11085_MADRIGAL_8, eNodeB ID=11085, Cell FDD TDD indication=CELL_FDD",Reliable,560.582,31.065
2026-04-10 02:00,60,"L_GUA11085_MADRIGAL/Cell:eNodeB Function Name=L_GUA11085_MADRIGAL, Local Cell ID=7, Cell Name=L_GUA11085_MADRIGAL_7, eNodeB ID=11085, Cell FDD TDD indication=CELL_FDD",Reliable,260.314,29.048
2026-04-10 02:00,60,"L_GUA11085_MADRIGAL/Cell:eNodeB Function Name=L_GUA11085_MADRIGAL, Local Cell ID=3, Cell Name=L_GUA11085_MADRIGAL_3, eNodeB ID=11085, Cell FDD TDD indication=CELL_FDD",Reliable,69.299,17.817
2026-04-10 02:00,60,"L_GUA11085_MADRIGAL/Cell:eNodeB Function Name=L_GUA11085_MADRIGAL, Local Cell ID=2, Cell Name=L_GUA11085_MADRIGAL_2, eNodeB ID=11085, Cell FDD TDD indication=CELL_FDD",Reliable,672.328,134.836
2026-04-10 02:00,60,"L_GUA11085_MADRIGAL/Cell:eNodeB Function Name=L_GUA11085_MADRIGAL, Local Cell ID=1, Cell Name=L_GUA11085_MADRIGAL_1, eNodeB ID=11085, Cell FDD TDD indication=CELL_FDD",Reliable,50.463,11.107
2026-04-10 02:00,60,"L_GUA11096_PUERTO_LISA/Cell:eNodeB Function Name=L_GUA11096_PUERTO_LISA, Local Cell ID=9, Cell Name=L_GUA11096_PUERTO_LISA_9, eNodeB ID=11096, Cell FDD TDD indication=CELL_FDD",Reliable,101.313,6.432
2026-04-10 02:00,60,"L_GUA11096_PUERTO_LISA/Cell:eNodeB Function Name=L_GUA11096_PUERTO_LISA, Local Cell ID=8, Cell Name=L_GUA11096_PUERTO_LISA_8, eNodeB ID=11096, Cell FDD TDD indication=CELL_FDD",Reliable,89.691,6.815
2026-04-10 02:00,60,"L_GUA11096_PUERTO_LISA/Cell:eNodeB Function Name=L_GUA11096_PUERTO_LISA, Local Cell ID=7, Cell Name=L_GUA11096_PUERTO_LISA_7, eNodeB ID=11096, Cell FDD TDD indication=CELL_FDD",Reliable,5.02,7.718
2026-04-10 02:00,60,"L_GUA11096_PUERTO_LISA/Cell:eNodeB Function Name=L_GUA11096_PUERTO_LISA, Local Cell ID=3, Cell Name=L_GUA11096_PUERTO_LISA_3, eNodeB ID=11096, Cell FDD TDD indication=CELL_FDD",Reliable,40.244,8.747
2026-04-10 02:00,60,"L_GUA11096_PUERTO_LISA/Cell:eNodeB Function Name=L_GUA11096_PUERTO_LISA, Local Cell ID=2, Cell Name=L_GUA11096_PUERTO_LISA_2, eNodeB ID=11096, Cell FDD TDD indication=CELL_FDD",Reliable,779.766,70.633
2026-04-10 02:00,60,"L_GUA11096_PUERTO_LISA/Cell:eNodeB Function Name=L_GUA11096_PUERTO_LISA, Local Cell ID=1, Cell Name=L_GUA11096_PUERTO_LISA_1, eNodeB ID=11096, Cell FDD TDD indication=CELL_FDD",Reliable,72.931,16.331
2026-04-10 02:00,60,"L_GUA11104_TRINIPUERTO/Cell:eNodeB Function Name=L_GUA11104_TRINIPUERTO, Local Cell ID=9, Cell Name=L_GUA11104_TRINIPUERTO_9, eNodeB ID=11104, Cell FDD TDD indication=CELL_FDD",Reliable,27.849,9.162
2026-04-10 02:00,60,"L_GUA11104_TRINIPUERTO/Cell:eNodeB Function Name=L_GUA11104_TRINIPUERTO, Local Cell ID=8, Cell Name=L_GUA11104_TRINIPUERTO_8, eNodeB ID=11104, Cell FDD TDD indication=CELL_FDD",Reliable,35.254,82.61
2026-04-10 02:00,60,"L_GUA11104_TRINIPUERTO/Cell:eNodeB Function Name=L_GUA11104_TRINIPUERTO, Local Cell ID=7, Cell Name=L_GUA11104_TRINIPUERTO_7, eNodeB ID=11104, Cell FDD TDD indication=CELL_FDD",Reliable,31.225,2.914
2026-04-10 02:00,60,"L_GUA11104_TRINIPUERTO/Cell:eNodeB Function Name=L_GUA11104_TRINIPUERTO, Local Cell ID=3, Cell Name=L_GUA11104_TRINIPUERTO_3, eNodeB ID=11104, Cell FDD TDD indication=CELL_FDD",Reliable,1722.982,136.145
2026-04-10 02:00,60,"L_GUA11104_TRINIPUERTO/Cell:eNodeB Function Name=L_GUA11104_TRINIPUERTO, Local Cell ID=2, Cell Name=L_GUA11104_TRINIPUERTO_2, eNodeB ID=11104, Cell FDD TDD indication=CELL_FDD",Reliable,287.788,34.839
2026-04-10 02:00,60,"L_GUA11104_TRINIPUERTO/Cell:eNodeB Function Name=L_GUA11104_TRINIPUERTO, Local Cell ID=1, Cell Name=L_GUA11104_TRINIPUERTO_1, eNodeB ID=11104, Cell FDD TDD indication=CELL_FDD",Reliable,814.936,80.068
2026-04-10 02:00,60,"L_GUA11129_BATALLON_CENTRO/Cell:eNodeB Function Name=L_GUA11129_BATALLON_CENTRO, Local Cell ID=9, Cell Name=L_GUA11129_BATALLON_CENTRO_9, eNodeB ID=11129, Cell FDD TDD indication=CELL_FDD",Reliable,1025.579,81.789
2026-04-10 02:00,60,"L_GUA11129_BATALLON_CENTRO/Cell:eNodeB Function Name=L_GUA11129_BATALLON_CENTRO, Local Cell ID=8, Cell Name=L_GUA11129_BATALLON_CENTRO_8, eNodeB ID=11129, Cell FDD TDD indication=CELL_FDD",Reliable,10.815,0.979
2026-04-10 02:00,60,"L_GUA11129_BATALLON_CENTRO/Cell:eNodeB Function Name=L_GUA11129_BATALLON_CENTRO, Local Cell ID=7, Cell Name=L_GUA11129_BATALLON_CENTRO_7, eNodeB ID=11129, Cell FDD TDD indication=CELL_FDD",Reliable,4.414,1.169
2026-04-10 02:00,60,"L_GUA11129_BATALLON_CENTRO/Cell:eNodeB Function Name=L_GUA11129_BATALLON_CENTRO, Local Cell ID=3, Cell Name=L_GUA11129_BATALLON_CENTRO_3, eNodeB ID=11129, Cell FDD TDD indication=CELL_FDD",Reliable,51.201,32.517
2026-04-10 02:00,60,"L_GUA11129_BATALLON_CENTRO/Cell:eNodeB Function Name=L_GUA11129_BATALLON_CENTRO, Local Cell ID=2, Cell Name=L_GUA11129_BATALLON_CENTRO_2, eNodeB ID=11129, Cell FDD TDD indication=CELL_FDD",Reliable,48.458,12.361
2026-04-10 02:00,60,"L_GUA11129_BATALLON_CENTRO/Cell:eNodeB Function Name=L_GUA11129_BATALLON_CENTRO, Local Cell ID=1, Cell Name=L_GUA11129_BATALLON_CENTRO_1, eNodeB ID=11129, Cell FDD TDD indication=CELL_FDD",Reliable,180.765,28.209
2026-04-10 02:00,60,"L_GUA11173_PORTETE_SUR/Cell:eNodeB Function Name=L_GUA11173_PORTETE_SUR, Local Cell ID=9, Cell Name=L_GUA11173_PORTETE_SUR_9, eNodeB ID=11173, Cell FDD TDD indication=CELL_FDD",Reliable,10.545,2.081
2026-04-10 02:00,60,"L_GUA11173_PORTETE_SUR/Cell:eNodeB Function Name=L_GUA11173_PORTETE_SUR, Local Cell ID=8, Cell Name=L_GUA11173_PORTETE_SUR_8, eNodeB ID=11173, Cell FDD TDD indication=CELL_FDD",Reliable,9.73,2.33
2026-04-10 02:00,60,"L_GUA11173_PORTETE_SUR/Cell:eNodeB Function Name=L_GUA11173_PORTETE_SUR, Local Cell ID=7, Cell Name=L_GUA11173_PORTETE_SUR_7, eNodeB ID=11173, Cell FDD TDD indication=CELL_FDD",Reliable,52.219,3.043
2026-04-10 02:00,60,"L_GUA11173_PORTETE_SUR/Cell:eNodeB Function Name=L_GUA11173_PORTETE_SUR, Local Cell ID=3, Cell Name=L_GUA11173_PORTETE_SUR_3, eNodeB ID=11173, Cell FDD TDD indication=CELL_FDD",Reliable,265.482,56.165
2026-04-10 02:00,60,"L_GUA11173_PORTETE_SUR/Cell:eNodeB Function Name=L_GUA11173_PORTETE_SUR, Local Cell ID=2, Cell Name=L_GUA11173_PORTETE_SUR_2, eNodeB ID=11173, Cell FDD TDD indication=CELL_FDD",Reliable,18.525,6.498
2026-04-10 02:00,60,"L_GUA11173_PORTETE_SUR/Cell:eNodeB Function Name=L_GUA11173_PORTETE_SUR, Local Cell ID=1, Cell Name=L_GUA11173_PORTETE_SUR_1, eNodeB ID=11173, Cell FDD TDD indication=CELL_FDD",Reliable,4.45,2.666
2026-04-10 02:00,60,"L_GUA11253_GUA_GYE_231/Cell:eNodeB Function Name=L_GUA11253_GUA_GYE_231, Local Cell ID=3, Cell Name=L_GUA11253_GUA_GYE_231_3, eNodeB ID=11253, Cell FDD TDD indication=CELL_FDD",Reliable,1.059,9.935
2026-04-10 02:00,60,"L_GUA11253_GUA_GYE_231/Cell:eNodeB Function Name=L_GUA11253_GUA_GYE_231, Local Cell ID=2, Cell Name=L_GUA11253_GUA_GYE_231_2, eNodeB ID=11253, Cell FDD TDD indication=CELL_FDD",Reliable,27.321,7.302
2026-04-10 02:00,60,"L_GUA11253_GUA_GYE_231/Cell:eNodeB Function Name=L_GUA11253_GUA_GYE_231, Local Cell ID=1, Cell Name=L_GUA11253_GUA_GYE_231_1, eNodeB ID=11253, Cell FDD TDD indication=CELL_FDD",Reliable,81.81,5.137
2026-04-10 02:00,60,"L_GUA11282_GUA_GYE_BARRIO_LINDO/Cell:eNodeB Function Name=L_GUA11282_GUA_GYE_BARRIO_LINDO, Local Cell ID=3, Cell Name=L_GUA11282_GUA_GYE_BARRIO_LINDO_3, eNodeB ID=11282, Cell FDD TDD indication=CELL_FDD",Reliable,26.686,3.96
2026-04-10 02:00,60,"L_GUA11282_GUA_GYE_BARRIO_LINDO/Cell:eNodeB Function Name=L_GUA11282_GUA_GYE_BARRIO_LINDO, Local Cell ID=2, Cell Name=L_GUA11282_GUA_GYE_BARRIO_LINDO_2, eNodeB ID=11282, Cell FDD TDD indication=CELL_FDD",Reliable,154.345,11.75
2026-04-10 02:00,60,"L_GUA11282_GUA_GYE_BARRIO_LINDO/Cell:eNodeB Function Name=L_GUA11282_GUA_GYE_BARRIO_LINDO, Local Cell ID=1, Cell Name=L_GUA11282_GUA_GYE_BARRIO_LINDO_1, eNodeB ID=11282, Cell FDD TDD indication=CELL_FDD",Reliable,18.837,4.437
2026-04-10 02:00,60,"L_GUA11338_GUA_GYE_PERIMETRAL/Cell:eNodeB Function Name=L_GUA11338_GUA_GYE_PERIMETRAL, Local Cell ID=3, Cell Name=L_GUA11338_GUA_GYE_PERIMETRAL_3, eNodeB ID=11338, Cell FDD TDD indication=CELL_FDD",Reliable,12.342,3.498
2026-04-10 02:00,60,"L_GUA11338_GUA_GYE_PERIMETRAL/Cell:eNodeB Function Name=L_GUA11338_GUA_GYE_PERIMETRAL, Local Cell ID=2, Cell Name=L_GUA11338_GUA_GYE_PERIMETRAL_2, eNodeB ID=11338, Cell FDD TDD indication=CELL_FDD",Reliable,3.552,1.913
2026-04-10 02:00,60,"L_GUA11338_GUA_GYE_PERIMETRAL/Cell:eNodeB Function Name=L_GUA11338_GUA_GYE_PERIMETRAL, Local Cell ID=1, Cell Name=L_GUA11338_GUA_GYE_PERIMETRAL_1, eNodeB ID=11338, Cell FDD TDD indication=CELL_FDD",Reliable,288.101,21.155
2026-04-10 02:00,60,"L_GUA11344_GUA_GYE_FUERZA_DE_LOS_POBRES/Cell:eNodeB Function Name=L_GUA11344_GUA_GYE_FUERZA_DE_LOS_POBRES, Local Cell ID=3, Cell Name=L_GUA11344_GUA_GYE_FUERZA_DE_LOS_POBRES_3, eNodeB ID=11344, Cell FDD TDD indication=CELL_FDD",Reliable,33.145,5.402
2026-04-10 02:00,60,"L_GUA11344_GUA_GYE_FUERZA_DE_LOS_POBRES/Cell:eNodeB Function Name=L_GUA11344_GUA_GYE_FUERZA_DE_LOS_POBRES, Local Cell ID=2, Cell Name=L_GUA11344_GUA_GYE_FUERZA_DE_LOS_POBRES_2, eNodeB ID=11344, Cell FDD TDD indication=CELL_FDD",Reliable,24.963,2.905
2026-04-10 02:00,60,"L_GUA11344_GUA_GYE_FUERZA_DE_LOS_POBRES/Cell:eNodeB Function Name=L_GUA11344_GUA_GYE_FUERZA_DE_LOS_POBRES, Local Cell ID=1, Cell Name=L_GUA11344_GUA_GYE_FUERZA_DE_LOS_POBRES_1, eNodeB ID=11344, Cell FDD TDD indication=CELL_FDD",Reliable,282.454,14.572
2026-04-10 02:00,60,"L_GUA11027_URDANETA/Cell:eNodeB Function Name=L_GUA11027_URDANETA, Local Cell ID=3, Cell Name=L_GUA11027_URDANETA_3, eNodeB ID=11027, Cell FDD TDD indication=CELL_FDD",Reliable,90.044,11.29
2026-04-10 02:00,60,"L_GUA11027_URDANETA/Cell:eNodeB Function Name=L_GUA11027_URDANETA, Local Cell ID=2, Cell Name=L_GUA11027_URDANETA_2, eNodeB ID=11027, Cell FDD TDD indication=CELL_FDD",Reliable,26.117,2.808
2026-04-10 02:00,60,"L_GUA11027_URDANETA/Cell:eNodeB Function Name=L_GUA11027_URDANETA, Local Cell ID=1, Cell Name=L_GUA11027_URDANETA_1, eNodeB ID=11027, Cell FDD TDD indication=CELL_FDD",Reliable,71.571,9.119
2026-04-10 02:00,60,"L_GUA11066_BARRIO_PUERTO_LISA/Cell:eNodeB Function Name=L_GUA11066_BARRIO_PUERTO_LISA, Local Cell ID=9, Cell Name=L_GUA11066_BARRIO_PUERTO_LISA_9, eNodeB ID=11066, Cell FDD TDD indication=CELL_FDD",Reliable,311.357,25.988
2026-04-10 02:00,60,"L_GUA11066_BARRIO_PUERTO_LISA/Cell:eNodeB Function Name=L_GUA11066_BARRIO_PUERTO_LISA, Local Cell ID=8, Cell Name=L_GUA11066_BARRIO_PUERTO_LISA_8, eNodeB ID=11066, Cell FDD TDD indication=CELL_FDD",Reliable,232.783,12.249
2026-04-10 02:00,60,"L_GUA11066_BARRIO_PUERTO_LISA/Cell:eNodeB Function Name=L_GUA11066_BARRIO_PUERTO_LISA, Local Cell ID=7, Cell Name=L_GUA11066_BARRIO_PUERTO_LISA_7, eNodeB ID=11066, Cell FDD TDD indication=CELL_FDD",Reliable,4.069,1.353
2026-04-10 02:00,60,"L_GUA11066_BARRIO_PUERTO_LISA/Cell:eNodeB Function Name=L_GUA11066_BARRIO_PUERTO_LISA, Local Cell ID=3, Cell Name=L_GUA11066_BARRIO_PUERTO_LISA_3, eNodeB ID=11066, Cell FDD TDD indication=CELL_FDD",Reliable,187.358,14.008
2026-04-10 02:00,60,"L_GUA11066_BARRIO_PUERTO_LISA/Cell:eNodeB Function Name=L_GUA11066_BARRIO_PUERTO_LISA, Local Cell ID=2, Cell Name=L_GUA11066_BARRIO_PUERTO_LISA_2, eNodeB ID=11066, Cell FDD TDD indication=CELL_FDD",Reliable,36.792,5.148
2026-04-10 02:00,60,"L_GUA11066_BARRIO_PUERTO_LISA/Cell:eNodeB Function Name=L_GUA11066_BARRIO_PUERTO_LISA, Local Cell ID=1, Cell Name=L_GUA11066_BARRIO_PUERTO_LISA_1, eNodeB ID=11066, Cell FDD TDD indication=CELL_FDD",Reliable,46.425,13.631
2026-04-10 02:00,60,"L_GUA11075_GARAY/Cell:eNodeB Function Name=L_GUA11075_GARAY, Local Cell ID=9, Cell Name=L_GUA11075_GARAY_9, eNodeB ID=11075, Cell FDD TDD indication=CELL_FDD",Reliable,143.004,11.878
2026-04-10 02:00,60,"L_GUA11075_GARAY/Cell:eNodeB Function Name=L_GUA11075_GARAY, Local Cell ID=8, Cell Name=L_GUA11075_GARAY_8, eNodeB ID=11075, Cell FDD TDD indication=CELL_FDD",Reliable,6.988,1.54
2026-04-10 02:00,60,"L_GUA11075_GARAY/Cell:eNodeB Function Name=L_GUA11075_GARAY, Local Cell ID=7, Cell Name=L_GUA11075_GARAY_7, eNodeB ID=11075, Cell FDD TDD indication=CELL_FDD",Reliable,156.052,8.489
2026-04-10 02:00,60,"L_GUA11075_GARAY/Cell:eNodeB Function Name=L_GUA11075_GARAY, Local Cell ID=3, Cell Name=L_GUA11075_GARAY_3, eNodeB ID=11075, Cell FDD TDD indication=CELL_FDD",Reliable,16.564,7.463
2026-04-10 02:00,60,"L_GUA11075_GARAY/Cell:eNodeB Function Name=L_GUA11075_GARAY, Local Cell ID=2, Cell Name=L_GUA11075_GARAY_2, eNodeB ID=11075, Cell FDD TDD indication=CELL_FDD",Reliable,124.108,14.991
2026-04-10 02:00,60,"L_GUA11075_GARAY/Cell:eNodeB Function Name=L_GUA11075_GARAY, Local Cell ID=1, Cell Name=L_GUA11075_GARAY_1, eNodeB ID=11075, Cell FDD TDD indication=CELL_FDD",Reliable,262.803,28.555
2026-04-10 02:00,60,"L_GUA11164_CAPWELL/Cell:eNodeB Function Name=L_GUA11164_CAPWELL, Local Cell ID=9, Cell Name=L_GUA11164_CAPWELL_9, eNodeB ID=11164, Cell FDD TDD indication=CELL_FDD",Reliable,0.021,0.029
2026-04-10 02:00,60,"L_GUA11164_CAPWELL/Cell:eNodeB Function Name=L_GUA11164_CAPWELL, Local Cell ID=8, Cell Name=L_GUA11164_CAPWELL_8, eNodeB ID=11164, Cell FDD TDD indication=CELL_FDD",Reliable,24.864,1.607
2026-04-10 02:00,60,"L_GUA11164_CAPWELL/Cell:eNodeB Function Name=L_GUA11164_CAPWELL, Local Cell ID=7, Cell Name=L_GUA11164_CAPWELL_7, eNodeB ID=11164, Cell FDD TDD indication=CELL_FDD",Reliable,3.498,0.098
2026-04-10 02:00,60,"L_GUA11164_CAPWELL/Cell:eNodeB Function Name=L_GUA11164_CAPWELL, Local Cell ID=3, Cell Name=L_GUA11164_CAPWELL_3, eNodeB ID=11164, Cell FDD TDD indication=CELL_FDD",Reliable,7.869,1.608
2026-04-10 02:00,60,"L_GUA11164_CAPWELL/Cell:eNodeB Function Name=L_GUA11164_CAPWELL, Local Cell ID=2, Cell Name=L_GUA11164_CAPWELL_2, eNodeB ID=11164, Cell FDD TDD indication=CELL_FDD",Reliable,13.171,1.386
2026-04-10 02:00,60,"L_GUA11164_CAPWELL/Cell:eNodeB Function Name=L_GUA11164_CAPWELL, Local Cell ID=1, Cell Name=L_GUA11164_CAPWELL_1, eNodeB ID=11164, Cell FDD TDD indication=CELL_FDD",Reliable,0.857,0.12
2026-04-10 02:00,60,"L_GUA11184_URDANETA_SUR/Cell:eNodeB Function Name=L_GUA11184_URDANETA_SUR, Local Cell ID=9, Cell Name=L_GUA11184_URDANETA_SUR_9, eNodeB ID=11184, Cell FDD TDD indication=CELL_FDD",Reliable,291.611,14.119
2026-04-10 02:00,60,"L_GUA11184_URDANETA_SUR/Cell:eNodeB Function Name=L_GUA11184_URDANETA_SUR, Local Cell ID=8, Cell Name=L_GUA11184_URDANETA_SUR_8, eNodeB ID=11184, Cell FDD TDD indication=CELL_FDD",Reliable,24.491,5.859
2026-04-10 02:00,60,"L_GUA11184_URDANETA_SUR/Cell:eNodeB Function Name=L_GUA11184_URDANETA_SUR, Local Cell ID=7, Cell Name=L_GUA11184_URDANETA_SUR_7, eNodeB ID=11184, Cell FDD TDD indication=CELL_FDD",Reliable,9.597,0.253
2026-04-10 02:00,60,"L_GUA11184_URDANETA_SUR/Cell:eNodeB Function Name=L_GUA11184_URDANETA_SUR, Local Cell ID=3, Cell Name=L_GUA11184_URDANETA_SUR_3, eNodeB ID=11184, Cell FDD TDD indication=CELL_FDD",Reliable,135.525,15.443
2026-04-10 02:00,60,"L_GUA11184_URDANETA_SUR/Cell:eNodeB Function Name=L_GUA11184_URDANETA_SUR, Local Cell ID=2, Cell Name=L_GUA11184_URDANETA_SUR_2, eNodeB ID=11184, Cell FDD TDD indication=CELL_FDD",Reliable,131.159,14.687
2026-04-10 02:00,60,"L_GUA11184_URDANETA_SUR/Cell:eNodeB Function Name=L_GUA11184_URDANETA_SUR, Local Cell ID=1, Cell Name=L_GUA11184_URDANETA_SUR_1, eNodeB ID=11184, Cell FDD TDD indication=CELL_FDD",Reliable,70.891,14.428
2026-04-10 02:00,60,"L_GUA11193_AYACUCHO_NORTE/Cell:eNodeB Function Name=L_GUA11193_AYACUCHO_NORTE, Local Cell ID=9, Cell Name=L_GUA11193_AYACUCHO_NORTE_9, eNodeB ID=11193, Cell FDD TDD indication=CELL_FDD",Reliable,14.048,3.377
2026-04-10 02:00,60,"L_GUA11193_AYACUCHO_NORTE/Cell:eNodeB Function Name=L_GUA11193_AYACUCHO_NORTE, Local Cell ID=8, Cell Name=L_GUA11193_AYACUCHO_NORTE_8, eNodeB ID=11193, Cell FDD TDD indication=CELL_FDD",Reliable,1.389,0.195
2026-04-10 02:00,60,"L_GUA11193_AYACUCHO_NORTE/Cell:eNodeB Function Name=L_GUA11193_AYACUCHO_NORTE, Local Cell ID=7, Cell Name=L_GUA11193_AYACUCHO_NORTE_7, eNodeB ID=11193, Cell FDD TDD indication=CELL_FDD",Reliable,353.928,40.084
2026-04-10 02:00,60,"L_GUA11193_AYACUCHO_NORTE/Cell:eNodeB Function Name=L_GUA11193_AYACUCHO_NORTE, Local Cell ID=3, Cell Name=L_GUA11193_AYACUCHO_NORTE_3, eNodeB ID=11193, Cell FDD TDD indication=CELL_FDD",Reliable,32.927,7.462
2026-04-10 02:00,60,"L_GUA11193_AYACUCHO_NORTE/Cell:eNodeB Function Name=L_GUA11193_AYACUCHO_NORTE, Local Cell ID=2, Cell Name=L_GUA11193_AYACUCHO_NORTE_2, eNodeB ID=11193, Cell FDD TDD indication=CELL_FDD",Reliable,15.45,3.175
2026-04-10 02:00,60,"L_GUA11193_AYACUCHO_NORTE/Cell:eNodeB Function Name=L_GUA11193_AYACUCHO_NORTE, Local Cell ID=1, Cell Name=L_GUA11193_AYACUCHO_NORTE_1, eNodeB ID=11193, Cell FDD TDD indication=CELL_FDD",Reliable,641.251,45.186
2026-04-10 02:00,60,"L_GUA11199_MILAGROGYE/Cell:eNodeB Function Name=L_GUA11199_MILAGROGYE, Local Cell ID=9, Cell Name=L_GUA11199_MILAGROGYE_9, eNodeB ID=11199, Cell FDD TDD indication=CELL_FDD",Reliable,49.559,9.578
2026-04-10 02:00,60,"L_GUA11199_MILAGROGYE/Cell:eNodeB Function Name=L_GUA11199_MILAGROGYE, Local Cell ID=8, Cell Name=L_GUA11199_MILAGROGYE_8, eNodeB ID=11199, Cell FDD TDD indication=CELL_FDD",Reliable,19.159,4.843
2026-04-10 02:00,60,"L_GUA11199_MILAGROGYE/Cell:eNodeB Function Name=L_GUA11199_MILAGROGYE, Local Cell ID=7, Cell Name=L_GUA11199_MILAGROGYE_7, eNodeB ID=11199, Cell FDD TDD indication=CELL_FDD",Reliable,16.329,4.178
2026-04-10 02:00,60,"L_GUA11199_MILAGROGYE/Cell:eNodeB Function Name=L_GUA11199_MILAGROGYE, Local Cell ID=3, Cell Name=L_GUA11199_MILAGROGYE_3, eNodeB ID=11199, Cell FDD TDD indication=CELL_FDD",Reliable,109.827,11.929
2026-04-10 02:00,60,"L_GUA11199_MILAGROGYE/Cell:eNodeB Function Name=L_GUA11199_MILAGROGYE, Local Cell ID=2, Cell Name=L_GUA11199_MILAGROGYE_2, eNodeB ID=11199, Cell FDD TDD indication=CELL_FDD",Reliable,15.859,3.121
2026-04-10 02:00,60,"L_GUA11199_MILAGROGYE/Cell:eNodeB Function Name=L_GUA11199_MILAGROGYE, Local Cell ID=1, Cell Name=L_GUA11199_MILAGROGYE_1, eNodeB ID=11199, Cell FDD TDD indication=CELL_FDD",Reliable,213.318,8.744
2026-04-10 02:00,60,"L_GUA11213_FORESTAL_GYE/Cell:eNodeB Function Name=L_GUA11213_FORESTAL_GYE, Local Cell ID=9, Cell Name=L_GUA11213_FORESTAL_GYE_9, eNodeB ID=11213, Cell FDD TDD indication=CELL_FDD",Reliable,0.007,0.013
2026-04-10 02:00,60,"L_GUA11213_FORESTAL_GYE/Cell:eNodeB Function Name=L_GUA11213_FORESTAL_GYE, Local Cell ID=8, Cell Name=L_GUA11213_FORESTAL_GYE_8, eNodeB ID=11213, Cell FDD TDD indication=CELL_FDD",Reliable,3.715,0.25
2026-04-10 02:00,60,"L_GUA11213_FORESTAL_GYE/Cell:eNodeB Function Name=L_GUA11213_FORESTAL_GYE, Local Cell ID=7, Cell Name=L_GUA11213_FORESTAL_GYE_7, eNodeB ID=11213, Cell FDD TDD indication=CELL_FDD",Reliable,19.387,1.067
2026-04-10 02:00,60,"L_GUA11213_FORESTAL_GYE/Cell:eNodeB Function Name=L_GUA11213_FORESTAL_GYE, Local Cell ID=3, Cell Name=L_GUA11213_FORESTAL_GYE_3, eNodeB ID=11213, Cell FDD TDD indication=CELL_FDD",Reliable,25.227,2.234
2026-04-10 02:00,60,"L_GUA11213_FORESTAL_GYE/Cell:eNodeB Function Name=L_GUA11213_FORESTAL_GYE, Local Cell ID=2, Cell Name=L_GUA11213_FORESTAL_GYE_2, eNodeB ID=11213, Cell FDD TDD indication=CELL_FDD",Reliable,8.65,3.256
2026-04-10 02:00,60,"L_GUA11213_FORESTAL_GYE/Cell:eNodeB Function Name=L_GUA11213_FORESTAL_GYE, Local Cell ID=1, Cell Name=L_GUA11213_FORESTAL_GYE_1, eNodeB ID=11213, Cell FDD TDD indication=CELL_FDD",Reliable,6.8,1.062
2026-04-10 02:00,60,"L_GUA11267_LA_UNIVERSAL/Cell:eNodeB Function Name=L_GUA11267_LA_UNIVERSAL, Local Cell ID=9, Cell Name=L_GUA11267_LA_UNIVERSAL_9, eNodeB ID=11267, Cell FDD TDD indication=CELL_FDD",Reliable,14.493,1.483
2026-04-10 02:00,60,"L_GUA11267_LA_UNIVERSAL/Cell:eNodeB Function Name=L_GUA11267_LA_UNIVERSAL, Local Cell ID=8, Cell Name=L_GUA11267_LA_UNIVERSAL_8, eNodeB ID=11267, Cell FDD TDD indication=CELL_FDD",Reliable,414.113,21.857
2026-04-10 02:00,60,"L_GUA11267_LA_UNIVERSAL/Cell:eNodeB Function Name=L_GUA11267_LA_UNIVERSAL, Local Cell ID=7, Cell Name=L_GUA11267_LA_UNIVERSAL_7, eNodeB ID=11267, Cell FDD TDD indication=CELL_FDD",Reliable,35.692,4.628
2026-04-10 02:00,60,"L_GUA11267_LA_UNIVERSAL/Cell:eNodeB Function Name=L_GUA11267_LA_UNIVERSAL, Local Cell ID=3, Cell Name=L_GUA11267_LA_UNIVERSAL_3, eNodeB ID=11267, Cell FDD TDD indication=CELL_FDD",Reliable,6.372,4.375
2026-04-10 02:00,60,"L_GUA11267_LA_UNIVERSAL/Cell:eNodeB Function Name=L_GUA11267_LA_UNIVERSAL, Local Cell ID=2, Cell Name=L_GUA11267_LA_UNIVERSAL_2, eNodeB ID=11267, Cell FDD TDD indication=CELL_FDD",Reliable,83.637,3.986
2026-04-10 02:00,60,"L_GUA11267_LA_UNIVERSAL/Cell:eNodeB Function Name=L_GUA11267_LA_UNIVERSAL, Local Cell ID=1, Cell Name=L_GUA11267_LA_UNIVERSAL_1, eNodeB ID=11267, Cell FDD TDD indication=CELL_FDD",Reliable,0.285,0.267
2026-04-10 02:00,60,"L_GUA11030_SAN_MARINO/Cell:eNodeB Function Name=L_GUA11030_SAN_MARINO, Local Cell ID=9, Cell Name=L_GUA11030_SAN_MARINO_9, eNodeB ID=11030, Cell FDD TDD indication=CELL_FDD",Reliable,1.273,0.529
2026-04-10 02:00,60,"L_GUA11030_SAN_MARINO/Cell:eNodeB Function Name=L_GUA11030_SAN_MARINO, Local Cell ID=8, Cell Name=L_GUA11030_SAN_MARINO_8, eNodeB ID=11030, Cell FDD TDD indication=CELL_FDD",Reliable,23.652,6.586
2026-04-10 02:00,60,"L_GUA11030_SAN_MARINO/Cell:eNodeB Function Name=L_GUA11030_SAN_MARINO, Local Cell ID=7, Cell Name=L_GUA11030_SAN_MARINO_7, eNodeB ID=11030, Cell FDD TDD indication=CELL_FDD",Reliable,0.52,0.38
2026-04-10 02:00,60,"L_GUA11030_SAN_MARINO/Cell:eNodeB Function Name=L_GUA11030_SAN_MARINO, Local Cell ID=3, Cell Name=L_GUA11030_SAN_MARINO_3, eNodeB ID=11030, Cell FDD TDD indication=CELL_FDD",Reliable,2.849,0.673
2026-04-10 02:00,60,"L_GUA11030_SAN_MARINO/Cell:eNodeB Function Name=L_GUA11030_SAN_MARINO, Local Cell ID=2, Cell Name=L_GUA11030_SAN_MARINO_2, eNodeB ID=11030, Cell FDD TDD indication=CELL_FDD",Reliable,45.376,8.646
2026-04-10 02:00,60,"L_GUA11030_SAN_MARINO/Cell:eNodeB Function Name=L_GUA11030_SAN_MARINO, Local Cell ID=1, Cell Name=L_GUA11030_SAN_MARINO_1, eNodeB ID=11030, Cell FDD TDD indication=CELL_FDD",Reliable,6.274,1.723
2026-04-10 02:00,60,"L_GUA11721_GUA_GYE_CEIBOS PERIMETRAL/Cell:eNodeB Function Name=L_GUA11721_GUA_GYE_CEIBOS PERIMETRAL, Local Cell ID=9, Cell Name=L_GUA11721_GUA_GYE_CEIBOS PERIMETRAL_9, eNodeB ID=11721, Cell FDD TDD indication=CELL_FDD",Reliable,195.804,9.307
2026-04-10 02:00,60,"L_GUA11721_GUA_GYE_CEIBOS PERIMETRAL/Cell:eNodeB Function Name=L_GUA11721_GUA_GYE_CEIBOS PERIMETRAL, Local Cell ID=8, Cell Name=L_GUA11721_GUA_GYE_CEIBOS PERIMETRAL_8, eNodeB ID=11721, Cell FDD TDD indication=CELL_FDD",Reliable,5.616,1.05
2026-04-10 02:00,60,"L_GUA11721_GUA_GYE_CEIBOS PERIMETRAL/Cell:eNodeB Function Name=L_GUA11721_GUA_GYE_CEIBOS PERIMETRAL, Local Cell ID=7, Cell Name=L_GUA11721_GUA_GYE_CEIBOS PERIMETRAL_7, eNodeB ID=11721, Cell FDD TDD indication=CELL_FDD",Reliable,374.775,31.949
2026-04-10 02:00,60,"L_GUA11721_GUA_GYE_CEIBOS PERIMETRAL/Cell:eNodeB Function Name=L_GUA11721_GUA_GYE_CEIBOS PERIMETRAL, Local Cell ID=3, Cell Name=L_GUA11721_GUA_GYE_CEIBOS PERIMETRAL_3, eNodeB ID=11721, Cell FDD TDD indication=CELL_FDD",Reliable,173.524,9.771
2026-04-10 02:00,60,"L_GUA11721_GUA_GYE_CEIBOS PERIMETRAL/Cell:eNodeB Function Name=L_GUA11721_GUA_GYE_CEIBOS PERIMETRAL, Local Cell ID=2, Cell Name=L_GUA11721_GUA_GYE_CEIBOS PERIMETRAL_2, eNodeB ID=11721, Cell FDD TDD indication=CELL_FDD",Reliable,42.049,9.807
2026-04-10 02:00,60,"L_GUA11721_GUA_GYE_CEIBOS PERIMETRAL/Cell:eNodeB Function Name=L_GUA11721_GUA_GYE_CEIBOS PERIMETRAL, Local Cell ID=1, Cell Name=L_GUA11721_GUA_GYE_CEIBOS PERIMETRAL_1, eNodeB ID=11721, Cell FDD TDD indication=CELL_FDD",Reliable,394.19,30.35
2026-04-10 02:00,60,"ORO_PAS_PASAJE_L/Cell:eNodeB Function Name=ORO_PAS_PASAJE_L, Local Cell ID=3, Cell Name=ORO_PAS_PASAJE_L21_3, eNodeB ID=22071, Cell FDD TDD indication=CELL_FDD",Reliable,140.311,6.436
2026-04-10 02:00,60,"ORO_PAS_PASAJE_L/Cell:eNodeB Function Name=ORO_PAS_PASAJE_L, Local Cell ID=2, Cell Name=ORO_PAS_PASAJE_L21_2, eNodeB ID=22071, Cell FDD TDD indication=CELL_FDD",Reliable,395.459,50.074
2026-04-10 02:00,60,"ORO_PAS_PASAJE_L/Cell:eNodeB Function Name=ORO_PAS_PASAJE_L, Local Cell ID=1, Cell Name=ORO_PAS_PASAJE_L21_1, eNodeB ID=22071, Cell FDD TDD indication=CELL_FDD",Reliable,264.415,20.719
2026-04-10 02:00,60,"L_GUA11245_GUA_GYE_053/Cell:eNodeB Function Name=L_GUA11245_GUA_GYE_053, Local Cell ID=9, Cell Name=L_GUA11245_GUA_GYE_053_9, eNodeB ID=11245, Cell FDD TDD indication=CELL_FDD",Reliable,0,0.012
2026-04-10 02:00,60,"L_GUA11245_GUA_GYE_053/Cell:eNodeB Function Name=L_GUA11245_GUA_GYE_053, Local Cell ID=8, Cell Name=L_GUA11245_GUA_GYE_053_8, eNodeB ID=11245, Cell FDD TDD indication=CELL_FDD",Reliable,53.138,3.539
2026-04-10 02:00,60,"L_GUA11245_GUA_GYE_053/Cell:eNodeB Function Name=L_GUA11245_GUA_GYE_053, Local Cell ID=7, Cell Name=L_GUA11245_GUA_GYE_053_7, eNodeB ID=11245, Cell FDD TDD indication=CELL_FDD",Reliable,0.001,0.001
2026-04-10 02:00,60,"L_GUA11245_GUA_GYE_053/Cell:eNodeB Function Name=L_GUA11245_GUA_GYE_053, Local Cell ID=3, Cell Name=L_GUA11245_GUA_GYE_053_3, eNodeB ID=11245, Cell FDD TDD indication=CELL_FDD",Reliable,4.236,1.694
2026-04-10 02:00,60,"L_GUA11245_GUA_GYE_053/Cell:eNodeB Function Name=L_GUA11245_GUA_GYE_053, Local Cell ID=2, Cell Name=L_GUA11245_GUA_GYE_053_2, eNodeB ID=11245, Cell FDD TDD indication=CELL_FDD",Reliable,92.439,12.425
2026-04-10 02:00,60,"L_GUA11245_GUA_GYE_053/Cell:eNodeB Function Name=L_GUA11245_GUA_GYE_053, Local Cell ID=1, Cell Name=L_GUA11245_GUA_GYE_053_1, eNodeB ID=11245, Cell FDD TDD indication=CELL_FDD",Reliable,33.329,4.606
2026-04-10 02:00,60,"L_GUA11112_MINISTERIO_DEL_LITORAL/Cell:eNodeB Function Name=L_GUA11112_MINISTERIO_DEL_LITORAL, Local Cell ID=9, Cell Name=L_GUA11112_MINISTERIO_DEL_LITORAL_9, eNodeB ID=11112, Cell FDD TDD indication=CELL_FDD",Reliable,3.193,0.14
2026-04-10 02:00,60,"L_GUA11112_MINISTERIO_DEL_LITORAL/Cell:eNodeB Function Name=L_GUA11112_MINISTERIO_DEL_LITORAL, Local Cell ID=8, Cell Name=L_GUA11112_MINISTERIO_DEL_LITORAL_8, eNodeB ID=11112, Cell FDD TDD indication=CELL_FDD",Reliable,0.037,0.015
2026-04-10 02:00,60,"L_GUA11112_MINISTERIO_DEL_LITORAL/Cell:eNodeB Function Name=L_GUA11112_MINISTERIO_DEL_LITORAL, Local Cell ID=7, Cell Name=L_GUA11112_MINISTERIO_DEL_LITORAL_7, eNodeB ID=11112, Cell FDD TDD indication=CELL_FDD",Reliable,0.004,0.006
2026-04-10 02:00,60,"L_GUA11112_MINISTERIO_DEL_LITORAL/Cell:eNodeB Function Name=L_GUA11112_MINISTERIO_DEL_LITORAL, Local Cell ID=3, Cell Name=L_GUA11112_MINISTERIO_DEL_LITORAL_3, eNodeB ID=11112, Cell FDD TDD indication=CELL_FDD",Reliable,0.972,1.094
2026-04-10 02:00,60,"L_GUA11112_MINISTERIO_DEL_LITORAL/Cell:eNodeB Function Name=L_GUA11112_MINISTERIO_DEL_LITORAL, Local Cell ID=2, Cell Name=L_GUA11112_MINISTERIO_DEL_LITORAL_2, eNodeB ID=11112, Cell FDD TDD indication=CELL_FDD",Reliable,0.32,0.493
2026-04-10 02:00,60,"L_GUA11112_MINISTERIO_DEL_LITORAL/Cell:eNodeB Function Name=L_GUA11112_MINISTERIO_DEL_LITORAL, Local Cell ID=1, Cell Name=L_GUA11112_MINISTERIO_DEL_LITORAL_1, eNodeB ID=11112, Cell FDD TDD indication=CELL_FDD",Reliable,0.289,0.227
2026-04-10 02:00,60,"L_GUA11102_TRMNL_TRRSTRE_GYE/Cell:eNodeB Function Name=L_GUA11102_TRMNL_TRRSTRE_GYE, Local Cell ID=9, Cell Name=L_GUA11102_TRMNL_TRRSTRE_GYE_9, eNodeB ID=11102, Cell FDD TDD indication=CELL_FDD",Reliable,372.014,281.641
2026-04-10 02:00,60,"L_GUA11102_TRMNL_TRRSTRE_GYE/Cell:eNodeB Function Name=L_GUA11102_TRMNL_TRRSTRE_GYE, Local Cell ID=8, Cell Name=L_GUA11102_TRMNL_TRRSTRE_GYE_8, eNodeB ID=11102, Cell FDD TDD indication=CELL_FDD",Reliable,44.566,6.061
2026-04-10 02:00,60,"L_GUA11102_TRMNL_TRRSTRE_GYE/Cell:eNodeB Function Name=L_GUA11102_TRMNL_TRRSTRE_GYE, Local Cell ID=7, Cell Name=L_GUA11102_TRMNL_TRRSTRE_GYE_7, eNodeB ID=11102, Cell FDD TDD indication=CELL_FDD",Reliable,483.748,30.524
2026-04-10 02:00,60,"L_GUA11110_MALL_DEL_SOL/Cell:eNodeB Function Name=L_GUA11110_MALL_DEL_SOL, Local Cell ID=9, Cell Name=L_GUA11110_MALL_DEL_SOL_9, eNodeB ID=11110, Cell FDD TDD indication=CELL_FDD",Reliable,0,0
2026-04-10 02:00,60,"L_GUA11110_MALL_DEL_SOL/Cell:eNodeB Function Name=L_GUA11110_MALL_DEL_SOL, Local Cell ID=8, Cell Name=L_GUA11110_MALL_DEL_SOL_8, eNodeB ID=11110, Cell FDD TDD indication=CELL_FDD",Reliable,0,0
2026-04-10 02:00,60,"L_GUA11110_MALL_DEL_SOL/Cell:eNodeB Function Name=L_GUA11110_MALL_DEL_SOL, Local Cell ID=7, Cell Name=L_GUA11110_MALL_DEL_SOL_7, eNodeB ID=11110, Cell FDD TDD indication=CELL_FDD",Reliable,0,0
2026-04-10 02:00,60,"L_GUA11110_MALL_DEL_SOL/Cell:eNodeB Function Name=L_GUA11110_MALL_DEL_SOL, Local Cell ID=3, Cell Name=L_GUA11110_MALL_DEL_SOL_3, eNodeB ID=11110, Cell FDD TDD indication=CELL_FDD",Reliable,0,0
2026-04-10 02:00,60,"L_GUA11110_MALL_DEL_SOL/Cell:eNodeB Function Name=L_GUA11110_MALL_DEL_SOL, Local Cell ID=2, Cell Name=L_GUA11110_MALL_DEL_SOL_2, eNodeB ID=11110, Cell FDD TDD indication=CELL_FDD",Reliable,0,0
2026-04-10 02:00,60,"L_GUA11110_MALL_DEL_SOL/Cell:eNodeB Function Name=L_GUA11110_MALL_DEL_SOL, Local Cell ID=1, Cell Name=L_GUA11110_MALL_DEL_SOL_1, eNodeB ID=11110, Cell FDD TDD indication=CELL_FDD",Reliable,0,0
2026-04-10 02:00,60,"L_GUA11110_MALL_DEL_SOL/Cell:eNodeB Function Name=L_GUA11110_MALL_DEL_SOL, Local Cell ID=5, Cell Name=L_GUA11110_MALL_DEL_SOL_5, eNodeB ID=11110, Cell FDD TDD indication=CELL_FDD",Reliable,0.178,0.145
2026-04-10 02:00,60,"L_GUA11110_MALL_DEL_SOL/Cell:eNodeB Function Name=L_GUA11110_MALL_DEL_SOL, Local Cell ID=4, Cell Name=L_GUA11110_MALL_DEL_SOL_4, eNodeB ID=11110, Cell FDD TDD indication=CELL_FDD",Reliable,0.021,0.03
2026-04-10 02:00,60,"L_GUA11059_COLINAS_DE_LA_FLORIDA/Cell:eNodeB Function Name=L_GUA11059_COLINAS_DE_LA_FLORIDA, Local Cell ID=9, Cell Name=L_GUA11059_COLINAS_DE_LA_FLORIDA_9, eNodeB ID=11059, Cell FDD TDD indication=CELL_FDD",Reliable,30.107,4.606
2026-04-10 02:00,60,"L_GUA11059_COLINAS_DE_LA_FLORIDA/Cell:eNodeB Function Name=L_GUA11059_COLINAS_DE_LA_FLORIDA, Local Cell ID=8, Cell Name=L_GUA11059_COLINAS_DE_LA_FLORIDA_8, eNodeB ID=11059, Cell FDD TDD indication=CELL_FDD",Reliable,1057.91,61.666
2026-04-10 02:00,60,"L_GUA11059_COLINAS_DE_LA_FLORIDA/Cell:eNodeB Function Name=L_GUA11059_COLINAS_DE_LA_FLORIDA, Local Cell ID=7, Cell Name=L_GUA11059_COLINAS_DE_LA_FLORIDA_7, eNodeB ID=11059, Cell FDD TDD indication=CELL_FDD",Reliable,0.108,0.097
2026-04-10 02:00,60,"L_GUA11059_COLINAS_DE_LA_FLORIDA/Cell:eNodeB Function Name=L_GUA11059_COLINAS_DE_LA_FLORIDA, Local Cell ID=3, Cell Name=L_GUA11059_COLINAS_DE_LA_FLORIDA_3, eNodeB ID=11059, Cell FDD TDD indication=CELL_FDD",Reliable,213.09,13.674
2026-04-10 02:00,60,"L_GUA11059_COLINAS_DE_LA_FLORIDA/Cell:eNodeB Function Name=L_GUA11059_COLINAS_DE_LA_FLORIDA, Local Cell ID=2, Cell Name=L_GUA11059_COLINAS_DE_LA_FLORIDA_2, eNodeB ID=11059, Cell FDD TDD indication=CELL_FDD",Reliable,416.757,22.846
2026-04-10 02:00,60,"L_GUA11059_COLINAS_DE_LA_FLORIDA/Cell:eNodeB Function Name=L_GUA11059_COLINAS_DE_LA_FLORIDA, Local Cell ID=1, Cell Name=L_GUA11059_COLINAS_DE_LA_FLORIDA_1, eNodeB ID=11059, Cell FDD TDD indication=CELL_FDD",Reliable,163.446,23.523
2026-04-10 02:00,60,"L_GUA11040_MONTEBELLO_SURESTE/Cell:eNodeB Function Name=L_GUA11040_MONTEBELLO_SURESTE, Local Cell ID=9, Cell Name=L_GUA11040_MONTEBELLO_SURESTE_9, eNodeB ID=11040, Cell FDD TDD indication=CELL_FDD",Reliable,139.381,24.27
2026-04-10 02:00,60,"L_GUA11040_MONTEBELLO_SURESTE/Cell:eNodeB Function Name=L_GUA11040_MONTEBELLO_SURESTE, Local Cell ID=8, Cell Name=L_GUA11040_MONTEBELLO_SURESTE_8, eNodeB ID=11040, Cell FDD TDD indication=CELL_FDD",Reliable,9.8,17.457
2026-04-10 02:00,60,"L_GUA11040_MONTEBELLO_SURESTE/Cell:eNodeB Function Name=L_GUA11040_MONTEBELLO_SURESTE, Local Cell ID=7, Cell Name=L_GUA11040_MONTEBELLO_SURESTE_7, eNodeB ID=11040, Cell FDD TDD indication=CELL_FDD",Reliable,109.692,19.936
2026-04-10 02:00,60,"L_GUA11040_MONTEBELLO_SURESTE/Cell:eNodeB Function Name=L_GUA11040_MONTEBELLO_SURESTE, Local Cell ID=3, Cell Name=L_GUA11040_MONTEBELLO_SURESTE_3, eNodeB ID=11040, Cell FDD TDD indication=CELL_FDD",Reliable,1392.554,74.854
2026-04-10 02:00,60,"L_GUA11040_MONTEBELLO_SURESTE/Cell:eNodeB Function Name=L_GUA11040_MONTEBELLO_SURESTE, Local Cell ID=2, Cell Name=L_GUA11040_MONTEBELLO_SURESTE_2, eNodeB ID=11040, Cell FDD TDD indication=CELL_FDD",Reliable,526.246,38.408
2026-04-10 02:00,60,"L_GUA11040_MONTEBELLO_SURESTE/Cell:eNodeB Function Name=L_GUA11040_MONTEBELLO_SURESTE, Local Cell ID=1, Cell Name=L_GUA11040_MONTEBELLO_SURESTE_1, eNodeB ID=11040, Cell FDD TDD indication=CELL_FDD",Reliable,1371.402,86.26
2026-04-10 02:00,60,"L_GUA11100_SAN_FELIPE_CTE/Cell:eNodeB Function Name=L_GUA11100_SAN_FELIPE_CTE, Local Cell ID=9, Cell Name=L_GUA11100_SAN_FELIPE_CTE_9, eNodeB ID=11100, Cell FDD TDD indication=CELL_FDD",Reliable,6.05,0.294
2026-04-10 02:00,60,"L_GUA11100_SAN_FELIPE_CTE/Cell:eNodeB Function Name=L_GUA11100_SAN_FELIPE_CTE, Local Cell ID=8, Cell Name=L_GUA11100_SAN_FELIPE_CTE_8, eNodeB ID=11100, Cell FDD TDD indication=CELL_FDD",Reliable,2.883,0.381
2026-04-10 02:00,60,"L_GUA11100_SAN_FELIPE_CTE/Cell:eNodeB Function Name=L_GUA11100_SAN_FELIPE_CTE, Local Cell ID=7, Cell Name=L_GUA11100_SAN_FELIPE_CTE_7, eNodeB ID=11100, Cell FDD TDD indication=CELL_FDD",Reliable,20.194,9.233
2026-04-10 02:00,60,"L_GUA11100_SAN_FELIPE_CTE/Cell:eNodeB Function Name=L_GUA11100_SAN_FELIPE_CTE, Local Cell ID=3, Cell Name=L_GUA11100_SAN_FELIPE_CTE_3, eNodeB ID=11100, Cell FDD TDD indication=CELL_FDD",Reliable,2.765,1.302
2026-04-10 02:00,60,"L_GUA11100_SAN_FELIPE_CTE/Cell:eNodeB Function Name=L_GUA11100_SAN_FELIPE_CTE, Local Cell ID=2, Cell Name=L_GUA11100_SAN_FELIPE_CTE_2, eNodeB ID=11100, Cell FDD TDD indication=CELL_FDD",Reliable,119.286,11.743
2026-04-10 02:00,60,"L_GUA11100_SAN_FELIPE_CTE/Cell:eNodeB Function Name=L_GUA11100_SAN_FELIPE_CTE, Local Cell ID=1, Cell Name=L_GUA11100_SAN_FELIPE_CTE_1, eNodeB ID=11100, Cell FDD TDD indication=CELL_FDD",Reliable,920.637,257.85
2026-04-10 02:00,60,"L_GUA11163_MAPASINGUE_OESTE/Cell:eNodeB Function Name=L_GUA11163_MAPASINGUE_OESTE, Local Cell ID=9, Cell Name=L_GUA11163_MAPASINGUE_OESTE_9, eNodeB ID=11163, Cell FDD TDD indication=CELL_FDD",Reliable,0.112,0.159
2026-04-10 02:00,60,"L_GUA11163_MAPASINGUE_OESTE/Cell:eNodeB Function Name=L_GUA11163_MAPASINGUE_OESTE, Local Cell ID=8, Cell Name=L_GUA11163_MAPASINGUE_OESTE_8, eNodeB ID=11163, Cell FDD TDD indication=CELL_FDD",Reliable,50.268,24.716
2026-04-10 02:00,60,"L_GUA11163_MAPASINGUE_OESTE/Cell:eNodeB Function Name=L_GUA11163_MAPASINGUE_OESTE, Local Cell ID=7, Cell Name=L_GUA11163_MAPASINGUE_OESTE_7, eNodeB ID=11163, Cell FDD TDD indication=CELL_FDD",Reliable,176.559,110.718
2026-04-10 02:00,60,"L_GUA11163_MAPASINGUE_OESTE/Cell:eNodeB Function Name=L_GUA11163_MAPASINGUE_OESTE, Local Cell ID=3, Cell Name=L_GUA11163_MAPASINGUE_OESTE_3, eNodeB ID=11163, Cell FDD TDD indication=CELL_FDD",Reliable,316.037,52.131
2026-04-10 02:00,60,"L_GUA11163_MAPASINGUE_OESTE/Cell:eNodeB Function Name=L_GUA11163_MAPASINGUE_OESTE, Local Cell ID=2, Cell Name=L_GUA11163_MAPASINGUE_OESTE_2, eNodeB ID=11163, Cell FDD TDD indication=CELL_FDD",Reliable,43.863,37.473
2026-04-10 02:00,60,"L_GUA11163_MAPASINGUE_OESTE/Cell:eNodeB Function Name=L_GUA11163_MAPASINGUE_OESTE, Local Cell ID=1, Cell Name=L_GUA11163_MAPASINGUE_OESTE_1, eNodeB ID=11163, Cell FDD TDD indication=CELL_FDD",Reliable,41.9,12.973
2026-04-10 02:00,60,"L_GUA11174_LOS_ANGELES_GYE/Cell:eNodeB Function Name=L_GUA11174_LOS_ANGELES_GYE, Local Cell ID=9, Cell Name=L_GUA11174_LOS_ANGELES_GYE_9, eNodeB ID=11174, Cell FDD TDD indication=CELL_FDD",Reliable,0,0
2026-04-10 02:00,60,"L_GUA11174_LOS_ANGELES_GYE/Cell:eNodeB Function Name=L_GUA11174_LOS_ANGELES_GYE, Local Cell ID=8, Cell Name=L_GUA11174_LOS_ANGELES_GYE_8, eNodeB ID=11174, Cell FDD TDD indication=CELL_FDD",Reliable,66.56,12.12
2026-04-10 02:00,60,"L_GUA11174_LOS_ANGELES_GYE/Cell:eNodeB Function Name=L_GUA11174_LOS_ANGELES_GYE, Local Cell ID=7, Cell Name=L_GUA11174_LOS_ANGELES_GYE_7, eNodeB ID=11174, Cell FDD TDD indication=CELL_FDD",Reliable,82.502,13.881
2026-04-10 02:00,60,"L_GUA11174_LOS_ANGELES_GYE/Cell:eNodeB Function Name=L_GUA11174_LOS_ANGELES_GYE, Local Cell ID=3, Cell Name=L_GUA11174_LOS_ANGELES_GYE_3, eNodeB ID=11174, Cell FDD TDD indication=CELL_FDD",Reliable,0,0
2026-04-10 02:00,60,"L_GUA11174_LOS_ANGELES_GYE/Cell:eNodeB Function Name=L_GUA11174_LOS_ANGELES_GYE, Local Cell ID=2, Cell Name=L_GUA11174_LOS_ANGELES_GYE_2, eNodeB ID=11174, Cell FDD TDD indication=CELL_FDD",Reliable,0,0
2026-04-10 02:00,60,"L_GUA11174_LOS_ANGELES_GYE/Cell:eNodeB Function Name=L_GUA11174_LOS_ANGELES_GYE, Local Cell ID=1, Cell Name=L_GUA11174_LOS_ANGELES_GYE_1, eNodeB ID=11174, Cell FDD TDD indication=CELL_FDD",Reliable,0,0
2026-04-10 02:00,60,"L_GUA11246_COOP_LA_CONCORDIA/Cell:eNodeB Function Name=L_GUA11246_COOP_LA_CONCORDIA, Local Cell ID=9, Cell Name=L_GUA11246_COOP_LA_CONCORDIA_9, eNodeB ID=11246, Cell FDD TDD indication=CELL_FDD",Reliable,25.049,5.432
2026-04-10 02:00,60,"L_GUA11246_COOP_LA_CONCORDIA/Cell:eNodeB Function Name=L_GUA11246_COOP_LA_CONCORDIA, Local Cell ID=8, Cell Name=L_GUA11246_COOP_LA_CONCORDIA_8, eNodeB ID=11246, Cell FDD TDD indication=CELL_FDD",Reliable,0.173,0.074
2026-04-10 02:00,60,"L_GUA11246_COOP_LA_CONCORDIA/Cell:eNodeB Function Name=L_GUA11246_COOP_LA_CONCORDIA, Local Cell ID=7, Cell Name=L_GUA11246_COOP_LA_CONCORDIA_7, eNodeB ID=11246, Cell FDD TDD indication=CELL_FDD",Reliable,3.668,3.434
2026-04-10 02:00,60,"L_GUA11246_COOP_LA_CONCORDIA/Cell:eNodeB Function Name=L_GUA11246_COOP_LA_CONCORDIA, Local Cell ID=3, Cell Name=L_GUA11246_COOP_LA_CONCORDIA_3, eNodeB ID=11246, Cell FDD TDD indication=CELL_FDD",Reliable,13.295,4.182
2026-04-10 02:00,60,"L_GUA11246_COOP_LA_CONCORDIA/Cell:eNodeB Function Name=L_GUA11246_COOP_LA_CONCORDIA, Local Cell ID=2, Cell Name=L_GUA11246_COOP_LA_CONCORDIA_2, eNodeB ID=11246, Cell FDD TDD indication=CELL_FDD",Reliable,3.169,1.336
2026-04-10 02:00,60,"L_GUA11246_COOP_LA_CONCORDIA/Cell:eNodeB Function Name=L_GUA11246_COOP_LA_CONCORDIA, Local Cell ID=1, Cell Name=L_GUA11246_COOP_LA_CONCORDIA_1, eNodeB ID=11246, Cell FDD TDD indication=CELL_FDD",Reliable,225.395,27.609
2026-04-10 02:00,60,"L_GUA11060_SAN_IGNACIO_DE_LOYOLA/Cell:eNodeB Function Name=L_GUA11060_SAN_IGNACIO_DE_LOYOLA, Local Cell ID=9, Cell Name=L_GUA11060_SAN_IGNACIO_DE_LOYOLA_9, eNodeB ID=11060, Cell FDD TDD indication=CELL_FDD",Reliable,39.271,6.164
2026-04-10 02:00,60,"L_GUA11060_SAN_IGNACIO_DE_LOYOLA/Cell:eNodeB Function Name=L_GUA11060_SAN_IGNACIO_DE_LOYOLA, Local Cell ID=8, Cell Name=L_GUA11060_SAN_IGNACIO_DE_LOYOLA_8, eNodeB ID=11060, Cell FDD TDD indication=CELL_FDD",Reliable,11.611,1.058
2026-04-10 02:00,60,"L_GUA11060_SAN_IGNACIO_DE_LOYOLA/Cell:eNodeB Function Name=L_GUA11060_SAN_IGNACIO_DE_LOYOLA, Local Cell ID=7, Cell Name=L_GUA11060_SAN_IGNACIO_DE_LOYOLA_7, eNodeB ID=11060, Cell FDD TDD indication=CELL_FDD",Reliable,2.883,0.777
2026-04-10 02:00,60,"L_GUA11060_SAN_IGNACIO_DE_LOYOLA/Cell:eNodeB Function Name=L_GUA11060_SAN_IGNACIO_DE_LOYOLA, Local Cell ID=3, Cell Name=L_GUA11060_SAN_IGNACIO_DE_LOYOLA_3, eNodeB ID=11060, Cell FDD TDD indication=CELL_FDD",Reliable,437.423,38.192
2026-04-10 02:00,60,"L_GUA11060_SAN_IGNACIO_DE_LOYOLA/Cell:eNodeB Function Name=L_GUA11060_SAN_IGNACIO_DE_LOYOLA, Local Cell ID=2, Cell Name=L_GUA11060_SAN_IGNACIO_DE_LOYOLA_2, eNodeB ID=11060, Cell FDD TDD indication=CELL_FDD",Reliable,79.734,8.349
2026-04-10 02:00,60,"L_GUA11060_SAN_IGNACIO_DE_LOYOLA/Cell:eNodeB Function Name=L_GUA11060_SAN_IGNACIO_DE_LOYOLA, Local Cell ID=1, Cell Name=L_GUA11060_SAN_IGNACIO_DE_LOYOLA_1, eNodeB ID=11060, Cell FDD TDD indication=CELL_FDD",Reliable,62.395,12.483
2026-04-10 02:00,60,"L_GUA11111_MONTE_SINAI/Cell:eNodeB Function Name=L_GUA11111_MONTE_SINAI, Local Cell ID=9, Cell Name=L_GUA11111_MONTE_SINAI_9, eNodeB ID=11111, Cell FDD TDD indication=CELL_FDD",Reliable,58.606,13.229
2026-04-10 02:00,60,"L_GUA11111_MONTE_SINAI/Cell:eNodeB Function Name=L_GUA11111_MONTE_SINAI, Local Cell ID=8, Cell Name=L_GUA11111_MONTE_SINAI_8, eNodeB ID=11111, Cell FDD TDD indication=CELL_FDD",Reliable,40.493,5.801
2026-04-10 02:00,60,"L_GUA11111_MONTE_SINAI/Cell:eNodeB Function Name=L_GUA11111_MONTE_SINAI, Local Cell ID=7, Cell Name=L_GUA11111_MONTE_SINAI_7, eNodeB ID=11111, Cell FDD TDD indication=CELL_FDD",Reliable,348.763,19.098
2026-04-10 02:00,60,"L_GUA11111_MONTE_SINAI/Cell:eNodeB Function Name=L_GUA11111_MONTE_SINAI, Local Cell ID=3, Cell Name=L_GUA11111_MONTE_SINAI_3, eNodeB ID=11111, Cell FDD TDD indication=CELL_FDD",Reliable,163.901,14.081
2026-04-10 02:00,60,"L_GUA11111_MONTE_SINAI/Cell:eNodeB Function Name=L_GUA11111_MONTE_SINAI, Local Cell ID=2, Cell Name=L_GUA11111_MONTE_SINAI_2, eNodeB ID=11111, Cell FDD TDD indication=CELL_FDD",Reliable,118.933,24.222
2026-04-10 02:00,60,"L_GUA11111_MONTE_SINAI/Cell:eNodeB Function Name=L_GUA11111_MONTE_SINAI, Local Cell ID=1, Cell Name=L_GUA11111_MONTE_SINAI_1, eNodeB ID=11111, Cell FDD TDD indication=CELL_FDD",Reliable,388.538,30.77
2026-04-10 02:00,60,"L_GUA11145_FLORIDA_NORTE/Cell:eNodeB Function Name=L_GUA11145_FLORIDA_NORTE, Local Cell ID=9, Cell Name=L_GUA11145_FLORIDA_NORTE_9, eNodeB ID=11145, Cell FDD TDD indication=CELL_FDD",Reliable,0.055,0.156
2026-04-10 02:00,60,"L_GUA11145_FLORIDA_NORTE/Cell:eNodeB Function Name=L_GUA11145_FLORIDA_NORTE, Local Cell ID=8, Cell Name=L_GUA11145_FLORIDA_NORTE_8, eNodeB ID=11145, Cell FDD TDD indication=CELL_FDD",Reliable,9.563,1.275
2026-04-10 02:00,60,"L_GUA11145_FLORIDA_NORTE/Cell:eNodeB Function Name=L_GUA11145_FLORIDA_NORTE, Local Cell ID=7, Cell Name=L_GUA11145_FLORIDA_NORTE_7, eNodeB ID=11145, Cell FDD TDD indication=CELL_FDD",Reliable,8.853,2.831
2026-04-10 02:00,60,"L_GUA11145_FLORIDA_NORTE/Cell:eNodeB Function Name=L_GUA11145_FLORIDA_NORTE, Local Cell ID=3, Cell Name=L_GUA11145_FLORIDA_NORTE_3, eNodeB ID=11145, Cell FDD TDD indication=CELL_FDD",Reliable,49.646,15.531
2026-04-10 02:00,60,"L_GUA11145_FLORIDA_NORTE/Cell:eNodeB Function Name=L_GUA11145_FLORIDA_NORTE, Local Cell ID=2, Cell Name=L_GUA11145_FLORIDA_NORTE_2, eNodeB ID=11145, Cell FDD TDD indication=CELL_FDD",Reliable,95.147,6.781
2026-04-10 02:00,60,"L_GUA11145_FLORIDA_NORTE/Cell:eNodeB Function Name=L_GUA11145_FLORIDA_NORTE, Local Cell ID=1, Cell Name=L_GUA11145_FLORIDA_NORTE_1, eNodeB ID=11145, Cell FDD TDD indication=CELL_FDD",Reliable,200.422,13.127
2026-04-10 02:00,60,"L_GUA11151_HORIZONTES_DEL_GUERRERO/Cell:eNodeB Function Name=L_GUA11151_HORIZONTES_DEL_GUERRERO, Local Cell ID=9, Cell Name=L_GUA11151_HORIZONTES_DEL_GUERRERO_9, eNodeB ID=11151, Cell FDD TDD indication=CELL_FDD",Reliable,6.242,6.189
2026-04-10 02:00,60,"L_GUA11151_HORIZONTES_DEL_GUERRERO/Cell:eNodeB Function Name=L_GUA11151_HORIZONTES_DEL_GUERRERO, Local Cell ID=8, Cell Name=L_GUA11151_HORIZONTES_DEL_GUERRERO_8, eNodeB ID=11151, Cell FDD TDD indication=CELL_FDD",Reliable,286.54,16.437
2026-04-10 02:00,60,"L_GUA11151_HORIZONTES_DEL_GUERRERO/Cell:eNodeB Function Name=L_GUA11151_HORIZONTES_DEL_GUERRERO, Local Cell ID=7, Cell Name=L_GUA11151_HORIZONTES_DEL_GUERRERO_7, eNodeB ID=11151, Cell FDD TDD indication=CELL_FDD",Reliable,3.005,0.27
2026-04-10 02:00,60,"L_GUA11151_HORIZONTES_DEL_GUERRERO/Cell:eNodeB Function Name=L_GUA11151_HORIZONTES_DEL_GUERRERO, Local Cell ID=3, Cell Name=L_GUA11151_HORIZONTES_DEL_GUERRERO_3, eNodeB ID=11151, Cell FDD TDD indication=CELL_FDD",Reliable,0.041,0.009
2026-04-10 02:00,60,"L_GUA11151_HORIZONTES_DEL_GUERRERO/Cell:eNodeB Function Name=L_GUA11151_HORIZONTES_DEL_GUERRERO, Local Cell ID=2, Cell Name=L_GUA11151_HORIZONTES_DEL_GUERRERO_2, eNodeB ID=11151, Cell FDD TDD indication=CELL_FDD",Reliable,17.322,3.105
2026-04-10 02:00,60,"L_GUA11151_HORIZONTES_DEL_GUERRERO/Cell:eNodeB Function Name=L_GUA11151_HORIZONTES_DEL_GUERRERO, Local Cell ID=1, Cell Name=L_GUA11151_HORIZONTES_DEL_GUERRERO_1, eNodeB ID=11151, Cell FDD TDD indication=CELL_FDD",Reliable,7.236,0.731
2026-04-10 02:00,60,"L_GUA11153_PANCHO_JACOME/Cell:eNodeB Function Name=L_GUA11153_PANCHO_JACOME, Local Cell ID=9, Cell Name=L_GUA11153_PANCHO_JACOME_9, eNodeB ID=11153, Cell FDD TDD indication=CELL_FDD",Reliable,23.402,1.999
2026-04-10 02:00,60,"L_GUA11153_PANCHO_JACOME/Cell:eNodeB Function Name=L_GUA11153_PANCHO_JACOME, Local Cell ID=8, Cell Name=L_GUA11153_PANCHO_JACOME_8, eNodeB ID=11153, Cell FDD TDD indication=CELL_FDD",Reliable,170.244,10.809
2026-04-10 02:00,60,"L_GUA11153_PANCHO_JACOME/Cell:eNodeB Function Name=L_GUA11153_PANCHO_JACOME, Local Cell ID=7, Cell Name=L_GUA11153_PANCHO_JACOME_7, eNodeB ID=11153, Cell FDD TDD indication=CELL_FDD",Reliable,320.743,33.743
2026-04-10 02:00,60,"L_GUA11153_PANCHO_JACOME/Cell:eNodeB Function Name=L_GUA11153_PANCHO_JACOME, Local Cell ID=3, Cell Name=L_GUA11153_PANCHO_JACOME_3, eNodeB ID=11153, Cell FDD TDD indication=CELL_FDD",Reliable,516.348,26.602
2026-04-10 02:00,60,"L_GUA11153_PANCHO_JACOME/Cell:eNodeB Function Name=L_GUA11153_PANCHO_JACOME, Local Cell ID=2, Cell Name=L_GUA11153_PANCHO_JACOME_2, eNodeB ID=11153, Cell FDD TDD indication=CELL_FDD",Reliable,1.077,0.798
2026-04-10 02:00,60,"L_GUA11153_PANCHO_JACOME/Cell:eNodeB Function Name=L_GUA11153_PANCHO_JACOME, Local Cell ID=1, Cell Name=L_GUA11153_PANCHO_JACOME_1, eNodeB ID=11153, Cell FDD TDD indication=CELL_FDD",Reliable,254.285,34.786
2026-04-10 02:00,60,"L_GUA11192_VOLUNTAD_DE_DIOS_NOROESTE/Cell:eNodeB Function Name=L_GUA11192_VOLUNTAD_DE_DIOS_NOROESTE, Local Cell ID=9, Cell Name=L_GUA11192_VOLUNTAD_DE_DIOS_NOROESTE_9, eNodeB ID=11192, Cell FDD TDD indication=CELL_FDD",Reliable,2.445,5.645
2026-04-10 02:00,60,"L_GUA11192_VOLUNTAD_DE_DIOS_NOROESTE/Cell:eNodeB Function Name=L_GUA11192_VOLUNTAD_DE_DIOS_NOROESTE, Local Cell ID=8, Cell Name=L_GUA11192_VOLUNTAD_DE_DIOS_NOROESTE_8, eNodeB ID=11192, Cell FDD TDD indication=CELL_FDD",Reliable,58.359,1.953
2026-04-10 02:00,60,"L_GUA11192_VOLUNTAD_DE_DIOS_NOROESTE/Cell:eNodeB Function Name=L_GUA11192_VOLUNTAD_DE_DIOS_NOROESTE, Local Cell ID=7, Cell Name=L_GUA11192_VOLUNTAD_DE_DIOS_NOROESTE_7, eNodeB ID=11192, Cell FDD TDD indication=CELL_FDD",Reliable,36.579,12.071
2026-04-10 02:00,60,"L_GUA11192_VOLUNTAD_DE_DIOS_NOROESTE/Cell:eNodeB Function Name=L_GUA11192_VOLUNTAD_DE_DIOS_NOROESTE, Local Cell ID=3, Cell Name=L_GUA11192_VOLUNTAD_DE_DIOS_NOROESTE_3, eNodeB ID=11192, Cell FDD TDD indication=CELL_FDD",Reliable,54.758,14.289
2026-04-10 02:00,60,"L_GUA11192_VOLUNTAD_DE_DIOS_NOROESTE/Cell:eNodeB Function Name=L_GUA11192_VOLUNTAD_DE_DIOS_NOROESTE, Local Cell ID=2, Cell Name=L_GUA11192_VOLUNTAD_DE_DIOS_NOROESTE_2, eNodeB ID=11192, Cell FDD TDD indication=CELL_FDD",Reliable,513.643,88.446
2026-04-10 02:00,60,"L_GUA11192_VOLUNTAD_DE_DIOS_NOROESTE/Cell:eNodeB Function Name=L_GUA11192_VOLUNTAD_DE_DIOS_NOROESTE, Local Cell ID=1, Cell Name=L_GUA11192_VOLUNTAD_DE_DIOS_NOROESTE_1, eNodeB ID=11192, Cell FDD TDD indication=CELL_FDD",Reliable,124.95,25.441
2026-04-10 02:00,60,"L_GUA11248_GUA_GYE_SOCIO_VIVIENDA/Cell:eNodeB Function Name=L_GUA11248_GUA_GYE_SOCIO_VIVIENDA, Local Cell ID=9, Cell Name=L_GUA11248_GUA_GYE_SOCIO_VIVIENDA_9, eNodeB ID=11248, Cell FDD TDD indication=CELL_FDD",Reliable,0,0.002
2026-04-10 02:00,60,"L_GUA11248_GUA_GYE_SOCIO_VIVIENDA/Cell:eNodeB Function Name=L_GUA11248_GUA_GYE_SOCIO_VIVIENDA, Local Cell ID=8, Cell Name=L_GUA11248_GUA_GYE_SOCIO_VIVIENDA_8, eNodeB ID=11248, Cell FDD TDD indication=CELL_FDD",Reliable,0,0
2026-04-10 02:00,60,"L_GUA11248_GUA_GYE_SOCIO_VIVIENDA/Cell:eNodeB Function Name=L_GUA11248_GUA_GYE_SOCIO_VIVIENDA, Local Cell ID=7, Cell Name=L_GUA11248_GUA_GYE_SOCIO_VIVIENDA_7, eNodeB ID=11248, Cell FDD TDD indication=CELL_FDD",Reliable,0.047,0.09
2026-04-10 02:00,60,"L_GUA11248_GUA_GYE_SOCIO_VIVIENDA/Cell:eNodeB Function Name=L_GUA11248_GUA_GYE_SOCIO_VIVIENDA, Local Cell ID=3, Cell Name=L_GUA11248_GUA_GYE_SOCIO_VIVIENDA_3, eNodeB ID=11248, Cell FDD TDD indication=CELL_FDD",Reliable,1.084,0.592
2026-04-10 02:00,60,"L_GUA11248_GUA_GYE_SOCIO_VIVIENDA/Cell:eNodeB Function Name=L_GUA11248_GUA_GYE_SOCIO_VIVIENDA, Local Cell ID=2, Cell Name=L_GUA11248_GUA_GYE_SOCIO_VIVIENDA_2, eNodeB ID=11248, Cell FDD TDD indication=CELL_FDD",Reliable,44.502,7.764
2026-04-10 02:00,60,"L_GUA11248_GUA_GYE_SOCIO_VIVIENDA/Cell:eNodeB Function Name=L_GUA11248_GUA_GYE_SOCIO_VIVIENDA, Local Cell ID=1, Cell Name=L_GUA11248_GUA_GYE_SOCIO_VIVIENDA_1, eNodeB ID=11248, Cell FDD TDD indication=CELL_FDD",Reliable,35.982,7.291
2026-04-10 02:00,60,"L_GUA11275_GUA_GYE_015/Cell:eNodeB Function Name=L_GUA11275_GUA_GYE_015, Local Cell ID=3, Cell Name=L_GUA11275_GUA_GYE_015_3, eNodeB ID=11275, Cell FDD TDD indication=CELL_FDD",Reliable,265.664,20.861
2026-04-10 02:00,60,"L_GUA11275_GUA_GYE_015/Cell:eNodeB Function Name=L_GUA11275_GUA_GYE_015, Local Cell ID=2, Cell Name=L_GUA11275_GUA_GYE_015_2, eNodeB ID=11275, Cell FDD TDD indication=CELL_FDD",Reliable,1097.034,57.686
2026-04-10 02:00,60,"L_GUA11275_GUA_GYE_015/Cell:eNodeB Function Name=L_GUA11275_GUA_GYE_015, Local Cell ID=1, Cell Name=L_GUA11275_GUA_GYE_015_1, eNodeB ID=11275, Cell FDD TDD indication=CELL_FDD",Reliable,1.975,0.368
2026-04-10 02:00,60,"L_GUA11320_GUA_GYE_SERGIO_TORAL_DOS/Cell:eNodeB Function Name=L_GUA11320_GUA_GYE_SERGIO_TORAL_DOS, Local Cell ID=9, Cell Name=L_GUA11320_GUA_GYE_SERGIO_TORAL_DOS_9, eNodeB ID=11320, Cell FDD TDD indication=CELL_FDD",Reliable,23.817,1.733
2026-04-10 02:00,60,"L_GUA11320_GUA_GYE_SERGIO_TORAL_DOS/Cell:eNodeB Function Name=L_GUA11320_GUA_GYE_SERGIO_TORAL_DOS, Local Cell ID=8, Cell Name=L_GUA11320_GUA_GYE_SERGIO_TORAL_DOS_8, eNodeB ID=11320, Cell FDD TDD indication=CELL_FDD",Reliable,13.114,15.358
2026-04-10 02:00,60,"L_GUA11320_GUA_GYE_SERGIO_TORAL_DOS/Cell:eNodeB Function Name=L_GUA11320_GUA_GYE_SERGIO_TORAL_DOS, Local Cell ID=7, Cell Name=L_GUA11320_GUA_GYE_SERGIO_TORAL_DOS_7, eNodeB ID=11320, Cell FDD TDD indication=CELL_FDD",Reliable,14.304,2.109
2026-04-10 02:00,60,"L_GUA11320_GUA_GYE_SERGIO_TORAL_DOS/Cell:eNodeB Function Name=L_GUA11320_GUA_GYE_SERGIO_TORAL_DOS, Local Cell ID=3, Cell Name=L_GUA11320_GUA_GYE_SERGIO_TORAL_DOS_3, eNodeB ID=11320, Cell FDD TDD indication=CELL_FDD",Reliable,158.348,19.254
2026-04-10 02:00,60,"L_GUA11320_GUA_GYE_SERGIO_TORAL_DOS/Cell:eNodeB Function Name=L_GUA11320_GUA_GYE_SERGIO_TORAL_DOS, Local Cell ID=2, Cell Name=L_GUA11320_GUA_GYE_SERGIO_TORAL_DOS_2, eNodeB ID=11320, Cell FDD TDD indication=CELL_FDD",Reliable,204.127,28.794
2026-04-10 02:00,60,"L_GUA11320_GUA_GYE_SERGIO_TORAL_DOS/Cell:eNodeB Function Name=L_GUA11320_GUA_GYE_SERGIO_TORAL_DOS, Local Cell ID=1, Cell Name=L_GUA11320_GUA_GYE_SERGIO_TORAL_DOS_1, eNodeB ID=11320, Cell FDD TDD indication=CELL_FDD",Reliable,8.382,5.669
2026-04-10 02:00,60,"L_GUA11664_GUA_GYE_TRINIDAD_DE_DIOS/Cell:eNodeB Function Name=L_GUA11664_GUA_GYE_TRINIDAD_DE_DIOS, Local Cell ID=9, Cell Name=L_GUA11664_GUA_GYE_TRINIDAD_DE_DIOS_9, eNodeB ID=11664, Cell FDD TDD indication=CELL_FDD",Reliable,115.459,20.605
2026-04-10 02:00,60,"L_GUA11664_GUA_GYE_TRINIDAD_DE_DIOS/Cell:eNodeB Function Name=L_GUA11664_GUA_GYE_TRINIDAD_DE_DIOS, Local Cell ID=8, Cell Name=L_GUA11664_GUA_GYE_TRINIDAD_DE_DIOS_8, eNodeB ID=11664, Cell FDD TDD indication=CELL_FDD",Reliable,15.611,2.911
2026-04-10 02:00,60,"L_GUA11664_GUA_GYE_TRINIDAD_DE_DIOS/Cell:eNodeB Function Name=L_GUA11664_GUA_GYE_TRINIDAD_DE_DIOS, Local Cell ID=7, Cell Name=L_GUA11664_GUA_GYE_TRINIDAD_DE_DIOS_7, eNodeB ID=11664, Cell FDD TDD indication=CELL_FDD",Reliable,93.887,14.952
2026-04-10 02:00,60,"L_GUA11664_GUA_GYE_TRINIDAD_DE_DIOS/Cell:eNodeB Function Name=L_GUA11664_GUA_GYE_TRINIDAD_DE_DIOS, Local Cell ID=3, Cell Name=L_GUA11664_GUA_GYE_TRINIDAD_DE_DIOS_3, eNodeB ID=11664, Cell FDD TDD indication=CELL_FDD",Reliable,175.792,18.877
2026-04-10 02:00,60,"L_GUA11664_GUA_GYE_TRINIDAD_DE_DIOS/Cell:eNodeB Function Name=L_GUA11664_GUA_GYE_TRINIDAD_DE_DIOS, Local Cell ID=2, Cell Name=L_GUA11664_GUA_GYE_TRINIDAD_DE_DIOS_2, eNodeB ID=11664, Cell FDD TDD indication=CELL_FDD",Reliable,202.971,19.616
2026-04-10 02:00,60,"L_GUA11664_GUA_GYE_TRINIDAD_DE_DIOS/Cell:eNodeB Function Name=L_GUA11664_GUA_GYE_TRINIDAD_DE_DIOS, Local Cell ID=1, Cell Name=L_GUA11664_GUA_GYE_TRINIDAD_DE_DIOS_1, eNodeB ID=11664, Cell FDD TDD indication=CELL_FDD",Reliable,112.501,10.551
2026-04-10 02:00,60,"L_GUA11674_GUA_HOSPITAL_SINAI/Cell:eNodeB Function Name=L_GUA11674_GUA_HOSPITAL_SINAI, Local Cell ID=9, Cell Name=L_GUA11674_GUA_GYE_HOSPITAL_SINAI_9, eNodeB ID=11674, Cell FDD TDD indication=CELL_FDD",Reliable,263.499,10.375
2026-04-10 02:00,60,"L_GUA11674_GUA_HOSPITAL_SINAI/Cell:eNodeB Function Name=L_GUA11674_GUA_HOSPITAL_SINAI, Local Cell ID=8, Cell Name=L_GUA11674_GUA_GYE_HOSPITAL_SINAI_8, eNodeB ID=11674, Cell FDD TDD indication=CELL_FDD",Reliable,373.774,316.779
2026-04-10 02:00,60,"L_GUA11674_GUA_HOSPITAL_SINAI/Cell:eNodeB Function Name=L_GUA11674_GUA_HOSPITAL_SINAI, Local Cell ID=7, Cell Name=L_GUA11674_GUA_GYE_HOSPITAL_SINAI_7, eNodeB ID=11674, Cell FDD TDD indication=CELL_FDD",Reliable,2.973,3.28
2026-04-10 02:00,60,"L_GUA11674_GUA_HOSPITAL_SINAI/Cell:eNodeB Function Name=L_GUA11674_GUA_HOSPITAL_SINAI, Local Cell ID=3, Cell Name=L_GUA11674_GUA_GYE_HOSPITAL_SINAI_3, eNodeB ID=11674, Cell FDD TDD indication=CELL_FDD",Reliable,451.33,29.837
2026-04-10 02:00,60,"L_GUA11674_GUA_HOSPITAL_SINAI/Cell:eNodeB Function Name=L_GUA11674_GUA_HOSPITAL_SINAI, Local Cell ID=2, Cell Name=L_GUA11674_GUA_GYE_HOSPITAL_SINAI_2, eNodeB ID=11674, Cell FDD TDD indication=CELL_FDD",Reliable,907.709,61.557
2026-04-10 02:00,60,"L_GUA11674_GUA_HOSPITAL_SINAI/Cell:eNodeB Function Name=L_GUA11674_GUA_HOSPITAL_SINAI, Local Cell ID=1, Cell Name=L_GUA11674_GUA_GYE_HOSPITAL_SINAI_1, eNodeB ID=11674, Cell FDD TDD indication=CELL_FDD",Reliable,126.746,19.38
2026-04-10 02:00,60,"L_GUA11050_SAMANES/Cell:eNodeB Function Name=L_GUA11050_SAMANES, Local Cell ID=9, Cell Name=L_GUA11050_SAMANES_9, eNodeB ID=11050, Cell FDD TDD indication=CELL_FDD",Reliable,16.627,4.264
2026-04-10 02:00,60,"L_GUA11050_SAMANES/Cell:eNodeB Function Name=L_GUA11050_SAMANES, Local Cell ID=8, Cell Name=L_GUA11050_SAMANES_8, eNodeB ID=11050, Cell FDD TDD indication=CELL_FDD",Reliable,58.859,3.308
2026-04-10 02:00,60,"L_GUA11050_SAMANES/Cell:eNodeB Function Name=L_GUA11050_SAMANES, Local Cell ID=7, Cell Name=L_GUA11050_SAMANES_7, eNodeB ID=11050, Cell FDD TDD indication=CELL_FDD",Reliable,2.5,1.366
2026-04-10 02:00,60,"L_GUA11050_SAMANES/Cell:eNodeB Function Name=L_GUA11050_SAMANES, Local Cell ID=3, Cell Name=L_GUA11050_SAMANES_3, eNodeB ID=11050, Cell FDD TDD indication=CELL_FDD",Reliable,18.557,4.305
2026-04-10 02:00,60,"L_GUA11050_SAMANES/Cell:eNodeB Function Name=L_GUA11050_SAMANES, Local Cell ID=2, Cell Name=L_GUA11050_SAMANES_2, eNodeB ID=11050, Cell FDD TDD indication=CELL_FDD",Reliable,66.436,4.538
2026-04-10 02:00,60,"L_GUA11050_SAMANES/Cell:eNodeB Function Name=L_GUA11050_SAMANES, Local Cell ID=1, Cell Name=L_GUA11050_SAMANES_1, eNodeB ID=11050, Cell FDD TDD indication=CELL_FDD",Reliable,36.523,6.896
2026-04-10 02:00,60,"L_GUA11683_GUA_DUR_HERRADURA/Cell:eNodeB Function Name=L_GUA11683_GUA_DUR_HERRADURA, Local Cell ID=9, Cell Name=L_GUA11683_GUA_DUR_HERRADURA_9, eNodeB ID=11683, Cell FDD TDD indication=CELL_FDD",Reliable,1.226,0.357
2026-04-10 02:00,60,"L_GUA11683_GUA_DUR_HERRADURA/Cell:eNodeB Function Name=L_GUA11683_GUA_DUR_HERRADURA, Local Cell ID=8, Cell Name=L_GUA11683_GUA_DUR_HERRADURA_8, eNodeB ID=11683, Cell FDD TDD indication=CELL_FDD",Reliable,314.127,46.43
2026-04-10 02:00,60,"L_GUA11683_GUA_DUR_HERRADURA/Cell:eNodeB Function Name=L_GUA11683_GUA_DUR_HERRADURA, Local Cell ID=7, Cell Name=L_GUA11683_GUA_DUR_HERRADURA_7, eNodeB ID=11683, Cell FDD TDD indication=CELL_FDD",Reliable,47.577,11.599
2026-04-10 02:00,60,"L_GUA11683_GUA_DUR_HERRADURA/Cell:eNodeB Function Name=L_GUA11683_GUA_DUR_HERRADURA, Local Cell ID=3, Cell Name=L_GUA11683_GUA_DUR_HERRADURA_3, eNodeB ID=11683, Cell FDD TDD indication=CELL_FDD",Reliable,23.413,7.723
2026-04-10 02:00,60,"L_GUA11683_GUA_DUR_HERRADURA/Cell:eNodeB Function Name=L_GUA11683_GUA_DUR_HERRADURA, Local Cell ID=2, Cell Name=L_GUA11683_GUA_DUR_HERRADURA_2, eNodeB ID=11683, Cell FDD TDD indication=CELL_FDD",Reliable,313.348,20.974
2026-04-10 02:00,60,"L_GUA11683_GUA_DUR_HERRADURA/Cell:eNodeB Function Name=L_GUA11683_GUA_DUR_HERRADURA, Local Cell ID=1, Cell Name=L_GUA11683_GUA_DUR_HERRADURA_1, eNodeB ID=11683, Cell FDD TDD indication=CELL_FDD",Reliable,311.409,39.484
2026-04-10 02:00,60,"L_GUA11223_PARQUE_CALIFORNIA/Cell:eNodeB Function Name=L_GUA11223_PARQUE_CALIFORNIA, Local Cell ID=3, Cell Name=L_GUA11223_PARQUE_CALIFORNIA_3, eNodeB ID=11223, Cell FDD TDD indication=CELL_FDD",Reliable,233.134,13.806
2026-04-10 02:00,60,"L_GUA11223_PARQUE_CALIFORNIA/Cell:eNodeB Function Name=L_GUA11223_PARQUE_CALIFORNIA, Local Cell ID=2, Cell Name=L_GUA11223_PARQUE_CALIFORNIA_2, eNodeB ID=11223, Cell FDD TDD indication=CELL_FDD",Reliable,241.346,19.988
2026-04-10 02:00,60,"L_GUA11223_PARQUE_CALIFORNIA/Cell:eNodeB Function Name=L_GUA11223_PARQUE_CALIFORNIA, Local Cell ID=1, Cell Name=L_GUA11223_PARQUE_CALIFORNIA_1, eNodeB ID=11223, Cell FDD TDD indication=CELL_FDD",Reliable,227.58,17.148
2026-04-10 02:00,60,"L_GUA11223_PARQUE_CALIFORNIA/Cell:eNodeB Function Name=L_GUA11223_PARQUE_CALIFORNIA, Local Cell ID=9, Cell Name=L_GUA11223_PARQUE_CALIFORNIA_9, eNodeB ID=11223, Cell FDD TDD indication=CELL_FDD",Reliable,96.909,10.575
2026-04-10 02:00,60,"L_GUA11223_PARQUE_CALIFORNIA/Cell:eNodeB Function Name=L_GUA11223_PARQUE_CALIFORNIA, Local Cell ID=8, Cell Name=L_GUA11223_PARQUE_CALIFORNIA_8, eNodeB ID=11223, Cell FDD TDD indication=CELL_FDD",Reliable,3.322,2.049
2026-04-10 02:00,60,"L_GUA11223_PARQUE_CALIFORNIA/Cell:eNodeB Function Name=L_GUA11223_PARQUE_CALIFORNIA, Local Cell ID=7, Cell Name=L_GUA11223_PARQUE_CALIFORNIA_7, eNodeB ID=11223, Cell FDD TDD indication=CELL_FDD",Reliable,41.604,2.935
2026-04-10 02:00,60,"L_GUA11168_MONTEBELLO_NORTE/Cell:eNodeB Function Name=L_GUA11168_MONTEBELLO_NORTE, Local Cell ID=9, Cell Name=L_GUA11168_MONTEBELLO_NORTE_9, eNodeB ID=11168, Cell FDD TDD indication=CELL_FDD",Reliable,0.093,0.09
2026-04-10 02:00,60,"L_GUA11168_MONTEBELLO_NORTE/Cell:eNodeB Function Name=L_GUA11168_MONTEBELLO_NORTE, Local Cell ID=8, Cell Name=L_GUA11168_MONTEBELLO_NORTE_8, eNodeB ID=11168, Cell FDD TDD indication=CELL_FDD",Reliable,0.177,0.126
2026-04-10 02:00,60,"L_GUA11168_MONTEBELLO_NORTE/Cell:eNodeB Function Name=L_GUA11168_MONTEBELLO_NORTE, Local Cell ID=7, Cell Name=L_GUA11168_MONTEBELLO_NORTE_7, eNodeB ID=11168, Cell FDD TDD indication=CELL_FDD",Reliable,793.172,31.118
2026-04-10 02:00,60,"L_GUA11168_MONTEBELLO_NORTE/Cell:eNodeB Function Name=L_GUA11168_MONTEBELLO_NORTE, Local Cell ID=3, Cell Name=L_GUA11168_MONTEBELLO_NORTE_3, eNodeB ID=11168, Cell FDD TDD indication=CELL_FDD",Reliable,14.173,2.038
2026-04-10 02:00,60,"L_GUA11168_MONTEBELLO_NORTE/Cell:eNodeB Function Name=L_GUA11168_MONTEBELLO_NORTE, Local Cell ID=2, Cell Name=L_GUA11168_MONTEBELLO_NORTE_2, eNodeB ID=11168, Cell FDD TDD indication=CELL_FDD",Reliable,1052.19,77.075
2026-04-10 02:00,60,"L_GUA11168_MONTEBELLO_NORTE/Cell:eNodeB Function Name=L_GUA11168_MONTEBELLO_NORTE, Local Cell ID=1, Cell Name=L_GUA11168_MONTEBELLO_NORTE_1, eNodeB ID=11168, Cell FDD TDD indication=CELL_FDD",Reliable,127.076,21.89
2026-04-10 02:00,60,"L_GUA11171_PASCUALES_NORTE/Cell:eNodeB Function Name=L_GUA11171_PASCUALES_NORTE, Local Cell ID=9, Cell Name=L_GUA11171_PASCUALES_NORTE_9, eNodeB ID=11171, Cell FDD TDD indication=CELL_FDD",Reliable,189.455,3.31
2026-04-10 02:00,60,"L_GUA11171_PASCUALES_NORTE/Cell:eNodeB Function Name=L_GUA11171_PASCUALES_NORTE, Local Cell ID=8, Cell Name=L_GUA11171_PASCUALES_NORTE_8, eNodeB ID=11171, Cell FDD TDD indication=CELL_FDD",Reliable,902.563,160.699
2026-04-10 02:00,60,"L_GUA11171_PASCUALES_NORTE/Cell:eNodeB Function Name=L_GUA11171_PASCUALES_NORTE, Local Cell ID=7, Cell Name=L_GUA11171_PASCUALES_NORTE_7, eNodeB ID=11171, Cell FDD TDD indication=CELL_FDD",Reliable,4739.686,825.642
2026-04-10 02:00,60,"L_GUA11171_PASCUALES_NORTE/Cell:eNodeB Function Name=L_GUA11171_PASCUALES_NORTE, Local Cell ID=3, Cell Name=L_GUA11171_PASCUALES_NORTE_3, eNodeB ID=11171, Cell FDD TDD indication=CELL_FDD",Reliable,38.57,3.165
2026-04-10 02:00,60,"L_GUA11171_PASCUALES_NORTE/Cell:eNodeB Function Name=L_GUA11171_PASCUALES_NORTE, Local Cell ID=2, Cell Name=L_GUA11171_PASCUALES_NORTE_2, eNodeB ID=11171, Cell FDD TDD indication=CELL_FDD",Reliable,5359.013,1358.459
2026-04-10 02:00,60,"L_GUA11171_PASCUALES_NORTE/Cell:eNodeB Function Name=L_GUA11171_PASCUALES_NORTE, Local Cell ID=1, Cell Name=L_GUA11171_PASCUALES_NORTE_1, eNodeB ID=11171, Cell FDD TDD indication=CELL_FDD",Reliable,7054.844,2185.008
2026-04-10 02:00,60,"L_GUA11177_SAN_IGNACIO_DE_LOYOLA_NORTE/Cell:eNodeB Function Name=L_GUA11177_SAN_IGNACIO_DE_LOYOLA_NORTE, Local Cell ID=9, Cell Name=L_GUA11177_SAN_IGNACIO_DE_LOYOLA_NORTE_9, eNodeB ID=11177, Cell FDD TDD indication=CELL_FDD",Reliable,189.848,17.248
2026-04-10 02:00,60,"L_GUA11177_SAN_IGNACIO_DE_LOYOLA_NORTE/Cell:eNodeB Function Name=L_GUA11177_SAN_IGNACIO_DE_LOYOLA_NORTE, Local Cell ID=8, Cell Name=L_GUA11177_SAN_IGNACIO_DE_LOYOLA_NORTE_8, eNodeB ID=11177, Cell FDD TDD indication=CELL_FDD",Reliable,55.049,9.024
2026-04-10 02:00,60,"L_GUA11177_SAN_IGNACIO_DE_LOYOLA_NORTE/Cell:eNodeB Function Name=L_GUA11177_SAN_IGNACIO_DE_LOYOLA_NORTE, Local Cell ID=7, Cell Name=L_GUA11177_SAN_IGNACIO_DE_LOYOLA_NORTE_7, eNodeB ID=11177, Cell FDD TDD indication=CELL_FDD",Reliable,3.061,0.547
2026-04-10 02:00,60,"L_GUA11177_SAN_IGNACIO_DE_LOYOLA_NORTE/Cell:eNodeB Function Name=L_GUA11177_SAN_IGNACIO_DE_LOYOLA_NORTE, Local Cell ID=3, Cell Name=L_GUA11177_SAN_IGNACIO_DE_LOYOLA_NORTE_3, eNodeB ID=11177, Cell FDD TDD indication=CELL_FDD",Reliable,592.139,34.781
2026-04-10 02:00,60,"L_GUA11177_SAN_IGNACIO_DE_LOYOLA_NORTE/Cell:eNodeB Function Name=L_GUA11177_SAN_IGNACIO_DE_LOYOLA_NORTE, Local Cell ID=2, Cell Name=L_GUA11177_SAN_IGNACIO_DE_LOYOLA_NORTE_2, eNodeB ID=11177, Cell FDD TDD indication=CELL_FDD",Reliable,158.392,15.365
2026-04-10 02:00,60,"L_GUA11177_SAN_IGNACIO_DE_LOYOLA_NORTE/Cell:eNodeB Function Name=L_GUA11177_SAN_IGNACIO_DE_LOYOLA_NORTE, Local Cell ID=1, Cell Name=L_GUA11177_SAN_IGNACIO_DE_LOYOLA_NORTE_1, eNodeB ID=11177, Cell FDD TDD indication=CELL_FDD",Reliable,33.539,3.056
2026-04-10 02:00,60,"L_GUA11197_EL_FORTIN/Cell:eNodeB Function Name=L_GUA11197_EL_FORTIN, Local Cell ID=9, Cell Name=L_GUA11197_EL_FORTIN_9, eNodeB ID=11197, Cell FDD TDD indication=CELL_FDD",Reliable,19.339,3.04
2026-04-10 02:00,60,"L_GUA11197_EL_FORTIN/Cell:eNodeB Function Name=L_GUA11197_EL_FORTIN, Local Cell ID=8, Cell Name=L_GUA11197_EL_FORTIN_8, eNodeB ID=11197, Cell FDD TDD indication=CELL_FDD",Reliable,11.164,8.014
2026-04-10 02:00,60,"L_GUA11197_EL_FORTIN/Cell:eNodeB Function Name=L_GUA11197_EL_FORTIN, Local Cell ID=7, Cell Name=L_GUA11197_EL_FORTIN_7, eNodeB ID=11197, Cell FDD TDD indication=CELL_FDD",Reliable,82.161,17.925
2026-04-10 02:00,60,"L_GUA11197_EL_FORTIN/Cell:eNodeB Function Name=L_GUA11197_EL_FORTIN, Local Cell ID=3, Cell Name=L_GUA11197_EL_FORTIN_3, eNodeB ID=11197, Cell FDD TDD indication=CELL_FDD",Reliable,96.114,12.091
2026-04-10 02:00,60,"L_GUA11197_EL_FORTIN/Cell:eNodeB Function Name=L_GUA11197_EL_FORTIN, Local Cell ID=2, Cell Name=L_GUA11197_EL_FORTIN_2, eNodeB ID=11197, Cell FDD TDD indication=CELL_FDD",Reliable,297.422,26.028
2026-04-10 02:00,60,"L_GUA11197_EL_FORTIN/Cell:eNodeB Function Name=L_GUA11197_EL_FORTIN, Local Cell ID=1, Cell Name=L_GUA11197_EL_FORTIN_1, eNodeB ID=11197, Cell FDD TDD indication=CELL_FDD",Reliable,14.349,6.05
2026-04-10 02:00,60,"L_GUA11198_MI_LOTE_2/Cell:eNodeB Function Name=L_GUA11198_MI_LOTE_2, Local Cell ID=9, Cell Name=L_GUA11198_MI_LOTE_2_9, eNodeB ID=11198, Cell FDD TDD indication=CELL_FDD",Reliable,1390.699,114.787
2026-04-10 02:00,60,"L_GUA11198_MI_LOTE_2/Cell:eNodeB Function Name=L_GUA11198_MI_LOTE_2, Local Cell ID=8, Cell Name=L_GUA11198_MI_LOTE_2_8, eNodeB ID=11198, Cell FDD TDD indication=CELL_FDD",Reliable,5.411,3.401
2026-04-10 02:00,60,"L_GUA11198_MI_LOTE_2/Cell:eNodeB Function Name=L_GUA11198_MI_LOTE_2, Local Cell ID=7, Cell Name=L_GUA11198_MI_LOTE_2_7, eNodeB ID=11198, Cell FDD TDD indication=CELL_FDD",Reliable,86.855,13.592
2026-04-10 02:00,60,"L_GUA11198_MI_LOTE_2/Cell:eNodeB Function Name=L_GUA11198_MI_LOTE_2, Local Cell ID=3, Cell Name=L_GUA11198_MI_LOTE_2_3, eNodeB ID=11198, Cell FDD TDD indication=CELL_FDD",Reliable,2285.855,117.208
2026-04-10 02:00,60,"L_GUA11198_MI_LOTE_2/Cell:eNodeB Function Name=L_GUA11198_MI_LOTE_2, Local Cell ID=2, Cell Name=L_GUA11198_MI_LOTE_2_2, eNodeB ID=11198, Cell FDD TDD indication=CELL_FDD",Reliable,71.411,11.725
2026-04-10 02:00,60,"L_GUA11198_MI_LOTE_2/Cell:eNodeB Function Name=L_GUA11198_MI_LOTE_2, Local Cell ID=1, Cell Name=L_GUA11198_MI_LOTE_2_1, eNodeB ID=11198, Cell FDD TDD indication=CELL_FDD",Reliable,302.662,20.769
2026-04-10 02:00,60,"L_GUA11289_FLOR_DE_BASTION_5/Cell:eNodeB Function Name=L_GUA11289_FLOR_DE_BASTION_5, Local Cell ID=9, Cell Name=L_GUA11289_FLOR_DE_BASTION_5_9, eNodeB ID=11289, Cell FDD TDD indication=CELL_FDD",Reliable,95.077,245.646
2026-04-10 02:00,60,"L_GUA11289_FLOR_DE_BASTION_5/Cell:eNodeB Function Name=L_GUA11289_FLOR_DE_BASTION_5, Local Cell ID=8, Cell Name=L_GUA11289_FLOR_DE_BASTION_5_8, eNodeB ID=11289, Cell FDD TDD indication=CELL_FDD",Reliable,1.448,0.395
2026-04-10 02:00,60,"L_GUA11289_FLOR_DE_BASTION_5/Cell:eNodeB Function Name=L_GUA11289_FLOR_DE_BASTION_5, Local Cell ID=7, Cell Name=L_GUA11289_FLOR_DE_BASTION_5_7, eNodeB ID=11289, Cell FDD TDD indication=CELL_FDD",Reliable,0.126,0.083
2026-04-10 02:00,60,"L_GUA11289_FLOR_DE_BASTION_5/Cell:eNodeB Function Name=L_GUA11289_FLOR_DE_BASTION_5, Local Cell ID=3, Cell Name=L_GUA11289_FLOR_DE_BASTION_5_3, eNodeB ID=11289, Cell FDD TDD indication=CELL_FDD",Reliable,332.631,28.829
2026-04-10 02:00,60,"L_GUA11289_FLOR_DE_BASTION_5/Cell:eNodeB Function Name=L_GUA11289_FLOR_DE_BASTION_5, Local Cell ID=2, Cell Name=L_GUA11289_FLOR_DE_BASTION_5_2, eNodeB ID=11289, Cell FDD TDD indication=CELL_FDD",Reliable,13.961,1.996
2026-04-10 02:00,60,"L_GUA11289_FLOR_DE_BASTION_5/Cell:eNodeB Function Name=L_GUA11289_FLOR_DE_BASTION_5, Local Cell ID=1, Cell Name=L_GUA11289_FLOR_DE_BASTION_5_1, eNodeB ID=11289, Cell FDD TDD indication=CELL_FDD",Reliable,33.373,7.794
2026-04-10 02:00,60,"L_GUA11291_IGUANAS_UNO/Cell:eNodeB Function Name=L_GUA11291_IGUANAS_UNO, Local Cell ID=9, Cell Name=L_GUA11291_IGUANAS_UNO_9, eNodeB ID=11291, Cell FDD TDD indication=CELL_FDD",Reliable,112.962,11.319
2026-04-10 02:00,60,"L_GUA11291_IGUANAS_UNO/Cell:eNodeB Function Name=L_GUA11291_IGUANAS_UNO, Local Cell ID=8, Cell Name=L_GUA11291_IGUANAS_UNO_8, eNodeB ID=11291, Cell FDD TDD indication=CELL_FDD",Reliable,11.658,17.541
2026-04-10 02:00,60,"L_GUA11291_IGUANAS_UNO/Cell:eNodeB Function Name=L_GUA11291_IGUANAS_UNO, Local Cell ID=7, Cell Name=L_GUA11291_IGUANAS_UNO_7, eNodeB ID=11291, Cell FDD TDD indication=CELL_FDD",Reliable,0.755,0.702
2026-04-10 02:00,60,"L_GUA11291_IGUANAS_UNO/Cell:eNodeB Function Name=L_GUA11291_IGUANAS_UNO, Local Cell ID=3, Cell Name=L_GUA11291_IGUANAS_UNO_3, eNodeB ID=11291, Cell FDD TDD indication=CELL_FDD",Reliable,0.228,0.433
2026-04-10 02:00,60,"L_GUA11291_IGUANAS_UNO/Cell:eNodeB Function Name=L_GUA11291_IGUANAS_UNO, Local Cell ID=2, Cell Name=L_GUA11291_IGUANAS_UNO_2, eNodeB ID=11291, Cell FDD TDD indication=CELL_FDD",Reliable,29.663,6.609
2026-04-10 02:00,60,"L_GUA11291_IGUANAS_UNO/Cell:eNodeB Function Name=L_GUA11291_IGUANAS_UNO, Local Cell ID=1, Cell Name=L_GUA11291_IGUANAS_UNO_1, eNodeB ID=11291, Cell FDD TDD indication=CELL_FDD",Reliable,284.185,49.365
2026-04-10 02:00,60,"L_GUA11676_GUA_GYE_LA_PLANADA/Cell:eNodeB Function Name=L_GUA11676_GUA_GYE_LA_PLANADA, Local Cell ID=9, Cell Name=L_GUA11676_GUA_GYE_LA_PLANADA_9, eNodeB ID=11676, Cell FDD TDD indication=CELL_FDD",Reliable,55.349,3.954
2026-04-10 02:00,60,"L_GUA11676_GUA_GYE_LA_PLANADA/Cell:eNodeB Function Name=L_GUA11676_GUA_GYE_LA_PLANADA, Local Cell ID=8, Cell Name=L_GUA11676_GUA_GYE_LA_PLANADA_8, eNodeB ID=11676, Cell FDD TDD indication=CELL_FDD",Reliable,7.991,3.499
2026-04-10 02:00,60,"L_GUA11676_GUA_GYE_LA_PLANADA/Cell:eNodeB Function Name=L_GUA11676_GUA_GYE_LA_PLANADA, Local Cell ID=7, Cell Name=L_GUA11676_GUA_GYE_LA_PLANADA_7, eNodeB ID=11676, Cell FDD TDD indication=CELL_FDD",Reliable,1882.262,64.586
2026-04-10 02:00,60,"L_GUA11676_GUA_GYE_LA_PLANADA/Cell:eNodeB Function Name=L_GUA11676_GUA_GYE_LA_PLANADA, Local Cell ID=3, Cell Name=L_GUA11676_GUA_GYE_LA_PLANADA_3, eNodeB ID=11676, Cell FDD TDD indication=CELL_FDD",Reliable,20.05,5.23
2026-04-10 02:00,60,"L_GUA11676_GUA_GYE_LA_PLANADA/Cell:eNodeB Function Name=L_GUA11676_GUA_GYE_LA_PLANADA, Local Cell ID=2, Cell Name=L_GUA11676_GUA_GYE_LA_PLANADA_2, eNodeB ID=11676, Cell FDD TDD indication=CELL_FDD",Reliable,617.173,181.352
2026-04-10 02:00,60,"L_GUA11676_GUA_GYE_LA_PLANADA/Cell:eNodeB Function Name=L_GUA11676_GUA_GYE_LA_PLANADA, Local Cell ID=1, Cell Name=L_GUA11676_GUA_GYE_LA_PLANADA_1, eNodeB ID=11676, Cell FDD TDD indication=CELL_FDD",Reliable,17.233,3.858
2026-04-10 02:00,60,"L_GUA11685_GUA_DUR_EL_RECREO_4/Cell:eNodeB Function Name=L_GUA11685_GUA_DUR_EL_RECREO_4, Local Cell ID=9, Cell Name=L_GUA11685_GUA_DUR_EL_RECREO_4_9, eNodeB ID=11685, Cell FDD TDD indication=CELL_FDD",Reliable,72.517,17.456
2026-04-10 02:00,60,"L_GUA11685_GUA_DUR_EL_RECREO_4/Cell:eNodeB Function Name=L_GUA11685_GUA_DUR_EL_RECREO_4, Local Cell ID=8, Cell Name=L_GUA11685_GUA_DUR_EL_RECREO_4_8, eNodeB ID=11685, Cell FDD TDD indication=CELL_FDD",Reliable,1300.677,78.207
2026-04-10 02:00,60,"L_GUA11685_GUA_DUR_EL_RECREO_4/Cell:eNodeB Function Name=L_GUA11685_GUA_DUR_EL_RECREO_4, Local Cell ID=7, Cell Name=L_GUA11685_GUA_DUR_EL_RECREO_4_7, eNodeB ID=11685, Cell FDD TDD indication=CELL_FDD",Reliable,8.438,12.459
2026-04-10 02:00,60,"L_GUA11685_GUA_DUR_EL_RECREO_4/Cell:eNodeB Function Name=L_GUA11685_GUA_DUR_EL_RECREO_4, Local Cell ID=3, Cell Name=L_GUA11685_GUA_DUR_EL_RECREO_4_3, eNodeB ID=11685, Cell FDD TDD indication=CELL_FDD",Reliable,11.584,6.556
2026-04-10 02:00,60,"L_GUA11685_GUA_DUR_EL_RECREO_4/Cell:eNodeB Function Name=L_GUA11685_GUA_DUR_EL_RECREO_4, Local Cell ID=2, Cell Name=L_GUA11685_GUA_DUR_EL_RECREO_4_2, eNodeB ID=11685, Cell FDD TDD indication=CELL_FDD",Reliable,124.797,6.598
2026-04-10 02:00,60,"L_GUA11685_GUA_DUR_EL_RECREO_4/Cell:eNodeB Function Name=L_GUA11685_GUA_DUR_EL_RECREO_4, Local Cell ID=1, Cell Name=L_GUA11685_GUA_DUR_EL_RECREO_4_1, eNodeB ID=11685, Cell FDD TDD indication=CELL_FDD",Reliable,1385.59,104.374
2026-04-10 02:00,60,"L_GUA11352_PRIMAVERA/Cell:eNodeB Function Name=L_GUA11352_PRIMAVERA, Local Cell ID=9, Cell Name=L_GUA11352_PRIMAVERA_9, eNodeB ID=11352, Cell FDD TDD indication=CELL_FDD",Reliable,6.828,5.721
2026-04-10 02:00,60,"L_GUA11352_PRIMAVERA/Cell:eNodeB Function Name=L_GUA11352_PRIMAVERA, Local Cell ID=8, Cell Name=L_GUA11352_PRIMAVERA_8, eNodeB ID=11352, Cell FDD TDD indication=CELL_FDD",Reliable,115.614,15.097
2026-04-10 02:00,60,"L_GUA11352_PRIMAVERA/Cell:eNodeB Function Name=L_GUA11352_PRIMAVERA, Local Cell ID=7, Cell Name=L_GUA11352_PRIMAVERA_7, eNodeB ID=11352, Cell FDD TDD indication=CELL_FDD",Reliable,559.193,43.005
2026-04-10 02:00,60,"L_GUA11352_PRIMAVERA/Cell:eNodeB Function Name=L_GUA11352_PRIMAVERA, Local Cell ID=3, Cell Name=L_GUA11352_PRIMAVERA_3, eNodeB ID=11352, Cell FDD TDD indication=CELL_FDD",Reliable,18.721,5.686
2026-04-10 02:00,60,"L_GUA11352_PRIMAVERA/Cell:eNodeB Function Name=L_GUA11352_PRIMAVERA, Local Cell ID=2, Cell Name=L_GUA11352_PRIMAVERA_2, eNodeB ID=11352, Cell FDD TDD indication=CELL_FDD",Reliable,127.493,12.897
2026-04-10 02:00,60,"L_GUA11352_PRIMAVERA/Cell:eNodeB Function Name=L_GUA11352_PRIMAVERA, Local Cell ID=1, Cell Name=L_GUA11352_PRIMAVERA_1, eNodeB ID=11352, Cell FDD TDD indication=CELL_FDD",Reliable,38.613,8.267
2026-04-10 02:00,60,"L_GUA11364_EL_RECREO_1/Cell:eNodeB Function Name=L_GUA11364_EL_RECREO_1, Local Cell ID=9, Cell Name=L_GUA11364_EL_RECREO_1_9, eNodeB ID=11364, Cell FDD TDD indication=CELL_FDD",Reliable,548.967,48.936
2026-04-10 02:00,60,"L_GUA11364_EL_RECREO_1/Cell:eNodeB Function Name=L_GUA11364_EL_RECREO_1, Local Cell ID=8, Cell Name=L_GUA11364_EL_RECREO_1_8, eNodeB ID=11364, Cell FDD TDD indication=CELL_FDD",Reliable,220.239,16.066
2026-04-10 02:00,60,"L_GUA11364_EL_RECREO_1/Cell:eNodeB Function Name=L_GUA11364_EL_RECREO_1, Local Cell ID=7, Cell Name=L_GUA11364_EL_RECREO_1_7, eNodeB ID=11364, Cell FDD TDD indication=CELL_FDD",Reliable,12.015,4.552
2026-04-10 02:00,60,"L_GUA11364_EL_RECREO_1/Cell:eNodeB Function Name=L_GUA11364_EL_RECREO_1, Local Cell ID=3, Cell Name=L_GUA11364_EL_RECREO_1_3, eNodeB ID=11364, Cell FDD TDD indication=CELL_FDD",Reliable,799.096,41.475
2026-04-10 02:00,60,"L_GUA11364_EL_RECREO_1/Cell:eNodeB Function Name=L_GUA11364_EL_RECREO_1, Local Cell ID=2, Cell Name=L_GUA11364_EL_RECREO_1_2, eNodeB ID=11364, Cell FDD TDD indication=CELL_FDD",Reliable,488.996,47.74
2026-04-10 02:00,60,"L_GUA11364_EL_RECREO_1/Cell:eNodeB Function Name=L_GUA11364_EL_RECREO_1, Local Cell ID=1, Cell Name=L_GUA11364_EL_RECREO_1_1, eNodeB ID=11364, Cell FDD TDD indication=CELL_FDD",Reliable,52.842,17.914
2026-04-10 02:00,60,"L_GUA11369_ARBOLITO/Cell:eNodeB Function Name=L_GUA11369_ARBOLITO, Local Cell ID=9, Cell Name=L_GUA11369_ARBOLITO_9, eNodeB ID=11369, Cell FDD TDD indication=CELL_FDD",Reliable,60.401,3.619
2026-04-10 02:00,60,"L_GUA11369_ARBOLITO/Cell:eNodeB Function Name=L_GUA11369_ARBOLITO, Local Cell ID=8, Cell Name=L_GUA11369_ARBOLITO_8, eNodeB ID=11369, Cell FDD TDD indication=CELL_FDD",Reliable,80.26,2.867
2026-04-10 02:00,60,"L_GUA11369_ARBOLITO/Cell:eNodeB Function Name=L_GUA11369_ARBOLITO, Local Cell ID=7, Cell Name=L_GUA11369_ARBOLITO_7, eNodeB ID=11369, Cell FDD TDD indication=CELL_FDD",Reliable,53.472,1.892
2026-04-10 02:00,60,"L_GUA11369_ARBOLITO/Cell:eNodeB Function Name=L_GUA11369_ARBOLITO, Local Cell ID=3, Cell Name=L_GUA11369_ARBOLITO_3, eNodeB ID=11369, Cell FDD TDD indication=CELL_FDD",Reliable,9.659,7.962
2026-04-10 02:00,60,"L_GUA11369_ARBOLITO/Cell:eNodeB Function Name=L_GUA11369_ARBOLITO, Local Cell ID=2, Cell Name=L_GUA11369_ARBOLITO_2, eNodeB ID=11369, Cell FDD TDD indication=CELL_FDD",Reliable,7.903,1.862
2026-04-10 02:00,60,"L_GUA11369_ARBOLITO/Cell:eNodeB Function Name=L_GUA11369_ARBOLITO, Local Cell ID=1, Cell Name=L_GUA11369_ARBOLITO_1, eNodeB ID=11369, Cell FDD TDD indication=CELL_FDD",Reliable,69.842,8.133
2026-04-10 02:00,60,"L_GUA11371_FERIA_DE_DURAN/Cell:eNodeB Function Name=L_GUA11371_FERIA_DE_DURAN, Local Cell ID=3, Cell Name=L_GUA11371_FERIA_DE_DURAN_3, eNodeB ID=11371, Cell FDD TDD indication=CELL_FDD",Reliable,209.958,12.768
2026-04-10 02:00,60,"L_GUA11371_FERIA_DE_DURAN/Cell:eNodeB Function Name=L_GUA11371_FERIA_DE_DURAN, Local Cell ID=2, Cell Name=L_GUA11371_FERIA_DE_DURAN_2, eNodeB ID=11371, Cell FDD TDD indication=CELL_FDD",Reliable,85.444,9.728
2026-04-10 02:00,60,"L_GUA11371_FERIA_DE_DURAN/Cell:eNodeB Function Name=L_GUA11371_FERIA_DE_DURAN, Local Cell ID=1, Cell Name=L_GUA11371_FERIA_DE_DURAN_1, eNodeB ID=11371, Cell FDD TDD indication=CELL_FDD",Reliable,267.58,22.942
2026-04-10 02:00,60,"L_GUA11372_PANORAMA/Cell:eNodeB Function Name=L_GUA11372_PANORAMA, Local Cell ID=9, Cell Name=L_GUA11372_PANORAMA_9, eNodeB ID=11372, Cell FDD TDD indication=CELL_FDD",Reliable,63.265,8.156
2026-04-10 02:00,60,"L_GUA11372_PANORAMA/Cell:eNodeB Function Name=L_GUA11372_PANORAMA, Local Cell ID=8, Cell Name=L_GUA11372_PANORAMA_8, eNodeB ID=11372, Cell FDD TDD indication=CELL_FDD",Reliable,43.56,4.151
2026-04-10 02:00,60,"L_GUA11372_PANORAMA/Cell:eNodeB Function Name=L_GUA11372_PANORAMA, Local Cell ID=7, Cell Name=L_GUA11372_PANORAMA_7, eNodeB ID=11372, Cell FDD TDD indication=CELL_FDD",Reliable,0.171,0.186
2026-04-10 02:00,60,"L_GUA11372_PANORAMA/Cell:eNodeB Function Name=L_GUA11372_PANORAMA, Local Cell ID=3, Cell Name=L_GUA11372_PANORAMA_3, eNodeB ID=11372, Cell FDD TDD indication=CELL_FDD",Reliable,404.911,25.357
2026-04-10 02:00,60,"L_GUA11372_PANORAMA/Cell:eNodeB Function Name=L_GUA11372_PANORAMA, Local Cell ID=2, Cell Name=L_GUA11372_PANORAMA_2, eNodeB ID=11372, Cell FDD TDD indication=CELL_FDD",Reliable,93.693,17.093
2026-04-10 02:00,60,"L_GUA11372_PANORAMA/Cell:eNodeB Function Name=L_GUA11372_PANORAMA, Local Cell ID=1, Cell Name=L_GUA11372_PANORAMA_1, eNodeB ID=11372, Cell FDD TDD indication=CELL_FDD",Reliable,33.855,5.835
2026-04-10 02:00,60,"L_GUA11373_SAN_GABRIEL_1/Cell:eNodeB Function Name=L_GUA11373_SAN_GABRIEL_1, Local Cell ID=9, Cell Name=L_GUA11373_SAN_GABRIEL_1_9, eNodeB ID=11373, Cell FDD TDD indication=CELL_FDD",Reliable,258.866,15.863
2026-04-10 02:00,60,"L_GUA11373_SAN_GABRIEL_1/Cell:eNodeB Function Name=L_GUA11373_SAN_GABRIEL_1, Local Cell ID=8, Cell Name=L_GUA11373_SAN_GABRIEL_1_8, eNodeB ID=11373, Cell FDD TDD indication=CELL_FDD",Reliable,6.311,2.606
2026-04-10 02:00,60,"L_GUA11373_SAN_GABRIEL_1/Cell:eNodeB Function Name=L_GUA11373_SAN_GABRIEL_1, Local Cell ID=7, Cell Name=L_GUA11373_SAN_GABRIEL_1_7, eNodeB ID=11373, Cell FDD TDD indication=CELL_FDD",Reliable,969.168,61.498
2026-04-10 02:00,60,"L_GUA11373_SAN_GABRIEL_1/Cell:eNodeB Function Name=L_GUA11373_SAN_GABRIEL_1, Local Cell ID=3, Cell Name=L_GUA11373_SAN_GABRIEL_1_3, eNodeB ID=11373, Cell FDD TDD indication=CELL_FDD",Reliable,960.483,43.51
2026-04-10 02:00,60,"L_GUA11373_SAN_GABRIEL_1/Cell:eNodeB Function Name=L_GUA11373_SAN_GABRIEL_1, Local Cell ID=2, Cell Name=L_GUA11373_SAN_GABRIEL_1_2, eNodeB ID=11373, Cell FDD TDD indication=CELL_FDD",Reliable,373.426,36.729
2026-04-10 02:00,60,"L_GUA11373_SAN_GABRIEL_1/Cell:eNodeB Function Name=L_GUA11373_SAN_GABRIEL_1, Local Cell ID=1, Cell Name=L_GUA11373_SAN_GABRIEL_1_1, eNodeB ID=11373, Cell FDD TDD indication=CELL_FDD",Reliable,679.006,105.411
2026-04-10 02:00,60,"L_GUA11392_PANORAMA_SUR/Cell:eNodeB Function Name=L_GUA11392_PANORAMA_SUR, Local Cell ID=9, Cell Name=L_GUA11392_PANORAMA_SUR_9, eNodeB ID=11392, Cell FDD TDD indication=CELL_FDD",Reliable,140.346,20.411
2026-04-10 02:00,60,"L_GUA11392_PANORAMA_SUR/Cell:eNodeB Function Name=L_GUA11392_PANORAMA_SUR, Local Cell ID=8, Cell Name=L_GUA11392_PANORAMA_SUR_8, eNodeB ID=11392, Cell FDD TDD indication=CELL_FDD",Reliable,40.053,6.617
2026-04-10 02:00,60,"L_GUA11392_PANORAMA_SUR/Cell:eNodeB Function Name=L_GUA11392_PANORAMA_SUR, Local Cell ID=7, Cell Name=L_GUA11392_PANORAMA_SUR_7, eNodeB ID=11392, Cell FDD TDD indication=CELL_FDD",Reliable,216.825,31.334
2026-04-10 02:00,60,"L_GUA11392_PANORAMA_SUR/Cell:eNodeB Function Name=L_GUA11392_PANORAMA_SUR, Local Cell ID=3, Cell Name=L_GUA11392_PANORAMA_SUR_3, eNodeB ID=11392, Cell FDD TDD indication=CELL_FDD",Reliable,887.335,80.38
2026-04-10 02:00,60,"L_GUA11392_PANORAMA_SUR/Cell:eNodeB Function Name=L_GUA11392_PANORAMA_SUR, Local Cell ID=2, Cell Name=L_GUA11392_PANORAMA_SUR_2, eNodeB ID=11392, Cell FDD TDD indication=CELL_FDD",Reliable,1688.815,165.947
2026-04-10 02:00,60,"L_GUA11392_PANORAMA_SUR/Cell:eNodeB Function Name=L_GUA11392_PANORAMA_SUR, Local Cell ID=1, Cell Name=L_GUA11392_PANORAMA_SUR_1, eNodeB ID=11392, Cell FDD TDD indication=CELL_FDD",Reliable,448.004,26.698
2026-04-10 02:00,60,"L_GUA11425_GUA_DUR_VIA_YAGUACHI/Cell:eNodeB Function Name=L_GUA11425_GUA_DUR_VIA_YAGUACHI, Local Cell ID=9, Cell Name=L_GUA11425_GUA_DUR_VIA_YAGUACHI_9, eNodeB ID=11425, Cell FDD TDD indication=CELL_FDD",Reliable,58.332,2.338
2026-04-10 02:00,60,"L_GUA11425_GUA_DUR_VIA_YAGUACHI/Cell:eNodeB Function Name=L_GUA11425_GUA_DUR_VIA_YAGUACHI, Local Cell ID=8, Cell Name=L_GUA11425_GUA_DUR_VIA_YAGUACHI_8, eNodeB ID=11425, Cell FDD TDD indication=CELL_FDD",Reliable,1.361,0.061
2026-04-10 02:00,60,"L_GUA11425_GUA_DUR_VIA_YAGUACHI/Cell:eNodeB Function Name=L_GUA11425_GUA_DUR_VIA_YAGUACHI, Local Cell ID=7, Cell Name=L_GUA11425_GUA_DUR_VIA_YAGUACHI_7, eNodeB ID=11425, Cell FDD TDD indication=CELL_FDD",Reliable,1.409,0.418
2026-04-10 02:00,60,"L_GUA11425_GUA_DUR_VIA_YAGUACHI/Cell:eNodeB Function Name=L_GUA11425_GUA_DUR_VIA_YAGUACHI, Local Cell ID=3, Cell Name=L_GUA11425_GUA_DUR_VIA_YAGUACHI_3, eNodeB ID=11425, Cell FDD TDD indication=CELL_FDD",Reliable,21.752,19.002
2026-04-10 02:00,60,"L_GUA11425_GUA_DUR_VIA_YAGUACHI/Cell:eNodeB Function Name=L_GUA11425_GUA_DUR_VIA_YAGUACHI, Local Cell ID=2, Cell Name=L_GUA11425_GUA_DUR_VIA_YAGUACHI_2, eNodeB ID=11425, Cell FDD TDD indication=CELL_FDD",Reliable,0.281,0.563
2026-04-10 02:00,60,"L_GUA11425_GUA_DUR_VIA_YAGUACHI/Cell:eNodeB Function Name=L_GUA11425_GUA_DUR_VIA_YAGUACHI, Local Cell ID=1, Cell Name=L_GUA11425_GUA_DUR_VIA_YAGUACHI_1, eNodeB ID=11425, Cell FDD TDD indication=CELL_FDD",Reliable,257.509,16.028
2026-04-10 02:00,60,"L_GUA11429_GUA_DUR_004/Cell:eNodeB Function Name=L_GUA11429_GUA_DUR_004, Local Cell ID=3, Cell Name=L_GUA11429_GUA_DUR_004_3, eNodeB ID=11429, Cell FDD TDD indication=CELL_FDD",Reliable,15.155,4.37
2026-04-10 02:00,60,"L_GUA11429_GUA_DUR_004/Cell:eNodeB Function Name=L_GUA11429_GUA_DUR_004, Local Cell ID=2, Cell Name=L_GUA11429_GUA_DUR_004_2, eNodeB ID=11429, Cell FDD TDD indication=CELL_FDD",Reliable,384.907,18.034
2026-04-10 02:00,60,"L_GUA11429_GUA_DUR_004/Cell:eNodeB Function Name=L_GUA11429_GUA_DUR_004, Local Cell ID=1, Cell Name=L_GUA11429_GUA_DUR_004_1, eNodeB ID=11429, Cell FDD TDD indication=CELL_FDD",Reliable,258.254,20.383
2026-04-10 02:00,60,"L_GUA11703_GUA_DUR_RECREO_NORTE/Cell:eNodeB Function Name=L_GUA11703_GUA_DUR_RECREO_NORTE, Local Cell ID=9, Cell Name=L_GUA11703_GUA_DUR_RECREO_NORTE_9, eNodeB ID=11703, Cell FDD TDD indication=CELL_FDD",Reliable,0,0
2026-04-10 02:00,60,"L_GUA11703_GUA_DUR_RECREO_NORTE/Cell:eNodeB Function Name=L_GUA11703_GUA_DUR_RECREO_NORTE, Local Cell ID=8, Cell Name=L_GUA11703_GUA_DUR_RECREO_NORTE_8, eNodeB ID=11703, Cell FDD TDD indication=CELL_FDD",Reliable,407.698,14.951
2026-04-10 02:00,60,"L_GUA11703_GUA_DUR_RECREO_NORTE/Cell:eNodeB Function Name=L_GUA11703_GUA_DUR_RECREO_NORTE, Local Cell ID=7, Cell Name=L_GUA11703_GUA_DUR_RECREO_NORTE_7, eNodeB ID=11703, Cell FDD TDD indication=CELL_FDD",Reliable,132.185,7.37
2026-04-10 02:00,60,"L_GUA11703_GUA_DUR_RECREO_NORTE/Cell:eNodeB Function Name=L_GUA11703_GUA_DUR_RECREO_NORTE, Local Cell ID=3, Cell Name=L_GUA11703_GUA_DUR_RECREO_NORTE_3, eNodeB ID=11703, Cell FDD TDD indication=CELL_FDD",Reliable,18.664,5.107
2026-04-10 02:00,60,"L_GUA11703_GUA_DUR_RECREO_NORTE/Cell:eNodeB Function Name=L_GUA11703_GUA_DUR_RECREO_NORTE, Local Cell ID=2, Cell Name=L_GUA11703_GUA_DUR_RECREO_NORTE_2, eNodeB ID=11703, Cell FDD TDD indication=CELL_FDD",Reliable,70.729,4.634
2026-04-10 02:00,60,"L_GUA11703_GUA_DUR_RECREO_NORTE/Cell:eNodeB Function Name=L_GUA11703_GUA_DUR_RECREO_NORTE, Local Cell ID=1, Cell Name=L_GUA11703_GUA_DUR_RECREO_NORTE_1, eNodeB ID=11703, Cell FDD TDD indication=CELL_FDD",Reliable,148.806,34.938
2026-04-10 02:00,60,"L_GUA11704_GUA_DUR_PRONACA/Cell:eNodeB Function Name=L_GUA11704_GUA_DUR_PRONACA, Local Cell ID=3, Cell Name=L_GUA11704_GUA_DUR_PRONACA_3, eNodeB ID=11704, Cell FDD TDD indication=CELL_FDD",Reliable,1819.559,114.978
2026-04-10 02:00,60,"L_GUA11704_GUA_DUR_PRONACA/Cell:eNodeB Function Name=L_GUA11704_GUA_DUR_PRONACA, Local Cell ID=2, Cell Name=L_GUA11704_GUA_DUR_PRONACA_2, eNodeB ID=11704, Cell FDD TDD indication=CELL_FDD",Reliable,281.684,26.649
2026-04-10 02:00,60,"L_GUA11704_GUA_DUR_PRONACA/Cell:eNodeB Function Name=L_GUA11704_GUA_DUR_PRONACA, Local Cell ID=1, Cell Name=L_GUA11704_GUA_DUR_PRONACA_1, eNodeB ID=11704, Cell FDD TDD indication=CELL_FDD",Reliable,576.379,45.646
2026-04-10 02:00,60,"L_GUA11340_GUA_MIL_BELLAVISTA_NORTE/Cell:eNodeB Function Name=L_GUA11340_GUA_MIL_BELLAVISTA_NORTE, Local Cell ID=3, Cell Name=L_GUA11340_GUA_MIL_BELLAVISTA_NORTE_3, eNodeB ID=11340, Cell FDD TDD indication=CELL_FDD",Reliable,37.57,7.086
2026-04-10 02:00,60,"L_GUA11340_GUA_MIL_BELLAVISTA_NORTE/Cell:eNodeB Function Name=L_GUA11340_GUA_MIL_BELLAVISTA_NORTE, Local Cell ID=2, Cell Name=L_GUA11340_GUA_MIL_BELLAVISTA_NORTE_2, eNodeB ID=11340, Cell FDD TDD indication=CELL_FDD",Reliable,87.057,15.596
2026-04-10 02:00,60,"L_GUA11340_GUA_MIL_BELLAVISTA_NORTE/Cell:eNodeB Function Name=L_GUA11340_GUA_MIL_BELLAVISTA_NORTE, Local Cell ID=1, Cell Name=L_GUA11340_GUA_MIL_BELLAVISTA_NORTE_1, eNodeB ID=11340, Cell FDD TDD indication=CELL_FDD",Reliable,209.126,15.474
2026-04-10 02:00,60,"L_GUA11340_GUA_MIL_BELLAVISTA_NORTE/Cell:eNodeB Function Name=L_GUA11340_GUA_MIL_BELLAVISTA_NORTE, Local Cell ID=9, Cell Name=L_GUA11340_GUA_MIL_BELLAVISTA_NORTE_9, eNodeB ID=11340, Cell FDD TDD indication=CELL_FDD",Reliable,16.482,2.969
2026-04-10 02:00,60,"L_GUA11340_GUA_MIL_BELLAVISTA_NORTE/Cell:eNodeB Function Name=L_GUA11340_GUA_MIL_BELLAVISTA_NORTE, Local Cell ID=8, Cell Name=L_GUA11340_GUA_MIL_BELLAVISTA_NORTE_8, eNodeB ID=11340, Cell FDD TDD indication=CELL_FDD",Reliable,43.593,11.153
2026-04-10 02:00,60,"L_GUA11340_GUA_MIL_BELLAVISTA_NORTE/Cell:eNodeB Function Name=L_GUA11340_GUA_MIL_BELLAVISTA_NORTE, Local Cell ID=7, Cell Name=L_GUA11340_GUA_MIL_BELLAVISTA_NORTE_7, eNodeB ID=11340, Cell FDD TDD indication=CELL_FDD",Reliable,23.353,8.411
2026-04-10 02:00,60,"L_GUA11362_MILAGRO_NORESTE/Cell:eNodeB Function Name=L_GUA11362_MILAGRO_NORESTE, Local Cell ID=9, Cell Name=L_GUA11362_MILAGRO_NORESTE_9, eNodeB ID=11362, Cell FDD TDD indication=CELL_FDD",Reliable,32.152,2.202
2026-04-10 02:00,60,"L_GUA11362_MILAGRO_NORESTE/Cell:eNodeB Function Name=L_GUA11362_MILAGRO_NORESTE, Local Cell ID=8, Cell Name=L_GUA11362_MILAGRO_NORESTE_8, eNodeB ID=11362, Cell FDD TDD indication=CELL_FDD",Reliable,26.163,2.662
2026-04-10 02:00,60,"L_GUA11362_MILAGRO_NORESTE/Cell:eNodeB Function Name=L_GUA11362_MILAGRO_NORESTE, Local Cell ID=7, Cell Name=L_GUA11362_MILAGRO_NORESTE_7, eNodeB ID=11362, Cell FDD TDD indication=CELL_FDD",Reliable,753.319,48.982
2026-04-10 02:00,60,"L_GUA11362_MILAGRO_NORESTE/Cell:eNodeB Function Name=L_GUA11362_MILAGRO_NORESTE, Local Cell ID=3, Cell Name=L_GUA11362_MILAGRO_NORESTE_3, eNodeB ID=11362, Cell FDD TDD indication=CELL_FDD",Reliable,98.797,8.348
2026-04-10 02:00,60,"L_GUA11362_MILAGRO_NORESTE/Cell:eNodeB Function Name=L_GUA11362_MILAGRO_NORESTE, Local Cell ID=2, Cell Name=L_GUA11362_MILAGRO_NORESTE_2, eNodeB ID=11362, Cell FDD TDD indication=CELL_FDD",Reliable,39.966,5.74
2026-04-10 02:00,60,"L_GUA11362_MILAGRO_NORESTE/Cell:eNodeB Function Name=L_GUA11362_MILAGRO_NORESTE, Local Cell ID=1, Cell Name=L_GUA11362_MILAGRO_NORESTE_1, eNodeB ID=11362, Cell FDD TDD indication=CELL_FDD",Reliable,58.68,25.124
2026-04-10 02:00,60,"L_GUA11363_MILAGRO_SUROESTE/Cell:eNodeB Function Name=L_GUA11363_MILAGRO_SUROESTE, Local Cell ID=9, Cell Name=L_GUA11363_MILAGRO_SUROESTE_9, eNodeB ID=11363, Cell FDD TDD indication=CELL_FDD",Reliable,149.194,13.332
2026-04-10 02:00,60,"L_GUA11363_MILAGRO_SUROESTE/Cell:eNodeB Function Name=L_GUA11363_MILAGRO_SUROESTE, Local Cell ID=8, Cell Name=L_GUA11363_MILAGRO_SUROESTE_8, eNodeB ID=11363, Cell FDD TDD indication=CELL_FDD",Reliable,204.742,13.416
2026-04-10 02:00,60,"L_GUA11363_MILAGRO_SUROESTE/Cell:eNodeB Function Name=L_GUA11363_MILAGRO_SUROESTE, Local Cell ID=7, Cell Name=L_GUA11363_MILAGRO_SUROESTE_7, eNodeB ID=11363, Cell FDD TDD indication=CELL_FDD",Reliable,34.693,6.309
2026-04-10 02:00,60,"L_GUA11363_MILAGRO_SUROESTE/Cell:eNodeB Function Name=L_GUA11363_MILAGRO_SUROESTE, Local Cell ID=3, Cell Name=L_GUA11363_MILAGRO_SUROESTE_3, eNodeB ID=11363, Cell FDD TDD indication=CELL_FDD",Reliable,26.435,4.492
2026-04-10 02:00,60,"L_GUA11363_MILAGRO_SUROESTE/Cell:eNodeB Function Name=L_GUA11363_MILAGRO_SUROESTE, Local Cell ID=2, Cell Name=L_GUA11363_MILAGRO_SUROESTE_2, eNodeB ID=11363, Cell FDD TDD indication=CELL_FDD",Reliable,119.497,17.244
2026-04-10 02:00,60,"L_GUA11363_MILAGRO_SUROESTE/Cell:eNodeB Function Name=L_GUA11363_MILAGRO_SUROESTE, Local Cell ID=1, Cell Name=L_GUA11363_MILAGRO_SUROESTE_1, eNodeB ID=11363, Cell FDD TDD indication=CELL_FDD",Reliable,4.593,2.91
2026-04-10 02:00,60,"L_GUA11375_MILAGRO_ESTE/Cell:eNodeB Function Name=L_GUA11375_MILAGRO_ESTE, Local Cell ID=9, Cell Name=L_GUA11375_MILAGRO_ESTE_9, eNodeB ID=11375, Cell FDD TDD indication=CELL_FDD",Reliable,193.153,12.017
2026-04-10 02:00,60,"L_GUA11375_MILAGRO_ESTE/Cell:eNodeB Function Name=L_GUA11375_MILAGRO_ESTE, Local Cell ID=8, Cell Name=L_GUA11375_MILAGRO_ESTE_8, eNodeB ID=11375, Cell FDD TDD indication=CELL_FDD",Reliable,82.43,10.612
2026-04-10 02:00,60,"L_GUA11375_MILAGRO_ESTE/Cell:eNodeB Function Name=L_GUA11375_MILAGRO_ESTE, Local Cell ID=7, Cell Name=L_GUA11375_MILAGRO_ESTE_7, eNodeB ID=11375, Cell FDD TDD indication=CELL_FDD",Reliable,3.779,2.485
2026-04-10 02:00,60,"L_GUA11375_MILAGRO_ESTE/Cell:eNodeB Function Name=L_GUA11375_MILAGRO_ESTE, Local Cell ID=3, Cell Name=L_GUA11375_MILAGRO_ESTE_3, eNodeB ID=11375, Cell FDD TDD indication=CELL_FDD",Reliable,39.991,4.706
2026-04-10 02:00,60,"L_GUA11375_MILAGRO_ESTE/Cell:eNodeB Function Name=L_GUA11375_MILAGRO_ESTE, Local Cell ID=2, Cell Name=L_GUA11375_MILAGRO_ESTE_2, eNodeB ID=11375, Cell FDD TDD indication=CELL_FDD",Reliable,33.426,3.93
2026-04-10 02:00,60,"L_GUA11375_MILAGRO_ESTE/Cell:eNodeB Function Name=L_GUA11375_MILAGRO_ESTE, Local Cell ID=1, Cell Name=L_GUA11375_MILAGRO_ESTE_1, eNodeB ID=11375, Cell FDD TDD indication=CELL_FDD",Reliable,54.922,3.894
2026-04-10 02:00,60,"L_GUA11376_MILAGRO_SUR/Cell:eNodeB Function Name=L_GUA11376_MILAGRO_SUR, Local Cell ID=9, Cell Name=L_GUA11376_MILAGRO_SUR_9, eNodeB ID=11376, Cell FDD TDD indication=CELL_FDD",Reliable,263.637,15.363
2026-04-10 02:00,60,"L_GUA11376_MILAGRO_SUR/Cell:eNodeB Function Name=L_GUA11376_MILAGRO_SUR, Local Cell ID=8, Cell Name=L_GUA11376_MILAGRO_SUR_8, eNodeB ID=11376, Cell FDD TDD indication=CELL_FDD",Reliable,526.029,37.36
2026-04-10 02:00,60,"L_GUA11376_MILAGRO_SUR/Cell:eNodeB Function Name=L_GUA11376_MILAGRO_SUR, Local Cell ID=7, Cell Name=L_GUA11376_MILAGRO_SUR_7, eNodeB ID=11376, Cell FDD TDD indication=CELL_FDD",Reliable,4.412,2.473
2026-04-10 02:00,60,"L_GUA11376_MILAGRO_SUR/Cell:eNodeB Function Name=L_GUA11376_MILAGRO_SUR, Local Cell ID=3, Cell Name=L_GUA11376_MILAGRO_SUR_3, eNodeB ID=11376, Cell FDD TDD indication=CELL_FDD",Reliable,50.237,4.317
2026-04-10 02:00,60,"L_GUA11376_MILAGRO_SUR/Cell:eNodeB Function Name=L_GUA11376_MILAGRO_SUR, Local Cell ID=2, Cell Name=L_GUA11376_MILAGRO_SUR_2, eNodeB ID=11376, Cell FDD TDD indication=CELL_FDD",Reliable,18.025,3.821
2026-04-10 02:00,60,"L_GUA11376_MILAGRO_SUR/Cell:eNodeB Function Name=L_GUA11376_MILAGRO_SUR, Local Cell ID=1, Cell Name=L_GUA11376_MILAGRO_SUR_1, eNodeB ID=11376, Cell FDD TDD indication=CELL_FDD",Reliable,31.084,9.579
2026-04-10 02:00,60,"L_GUA11377_MILAGRO_SURESTE/Cell:eNodeB Function Name=L_GUA11377_MILAGRO_SURESTE, Local Cell ID=9, Cell Name=L_GUA11377_MILAGRO_SURESTE_9, eNodeB ID=11377, Cell FDD TDD indication=CELL_FDD",Reliable,150.253,12.097
2026-04-10 02:00,60,"L_GUA11377_MILAGRO_SURESTE/Cell:eNodeB Function Name=L_GUA11377_MILAGRO_SURESTE, Local Cell ID=8, Cell Name=L_GUA11377_MILAGRO_SURESTE_8, eNodeB ID=11377, Cell FDD TDD indication=CELL_FDD",Reliable,196.565,63.867
2026-04-10 02:00,60,"L_GUA11377_MILAGRO_SURESTE/Cell:eNodeB Function Name=L_GUA11377_MILAGRO_SURESTE, Local Cell ID=7, Cell Name=L_GUA11377_MILAGRO_SURESTE_7, eNodeB ID=11377, Cell FDD TDD indication=CELL_FDD",Reliable,173.007,264.92
2026-04-10 02:00,60,"L_GUA11377_MILAGRO_SURESTE/Cell:eNodeB Function Name=L_GUA11377_MILAGRO_SURESTE, Local Cell ID=3, Cell Name=L_GUA11377_MILAGRO_SURESTE_3, eNodeB ID=11377, Cell FDD TDD indication=CELL_FDD",Reliable,809.243,59.269
2026-04-10 02:00,60,"L_GUA11377_MILAGRO_SURESTE/Cell:eNodeB Function Name=L_GUA11377_MILAGRO_SURESTE, Local Cell ID=2, Cell Name=L_GUA11377_MILAGRO_SURESTE_2, eNodeB ID=11377, Cell FDD TDD indication=CELL_FDD",Reliable,166.247,20.018
2026-04-10 02:00,60,"L_GUA11377_MILAGRO_SURESTE/Cell:eNodeB Function Name=L_GUA11377_MILAGRO_SURESTE, Local Cell ID=1, Cell Name=L_GUA11377_MILAGRO_SURESTE_1, eNodeB ID=11377, Cell FDD TDD indication=CELL_FDD",Reliable,427.997,42.575
2026-04-10 02:00,60,"L_GUA11332_GUA_PLA_PAQUISHA/Cell:eNodeB Function Name=L_GUA11332_GUA_PLA_PAQUISHA, Local Cell ID=9, Cell Name=L_GUA11332_GUA_PLA_PAQUISHA_9, eNodeB ID=11332, Cell FDD TDD indication=CELL_FDD",Reliable,0,0.004
2026-04-10 02:00,60,"L_GUA11332_GUA_PLA_PAQUISHA/Cell:eNodeB Function Name=L_GUA11332_GUA_PLA_PAQUISHA, Local Cell ID=8, Cell Name=L_GUA11332_GUA_PLA_PAQUISHA_8, eNodeB ID=11332, Cell FDD TDD indication=CELL_FDD",Reliable,59.981,11.475
2026-04-10 02:00,60,"L_GUA11332_GUA_PLA_PAQUISHA/Cell:eNodeB Function Name=L_GUA11332_GUA_PLA_PAQUISHA, Local Cell ID=7, Cell Name=L_GUA11332_GUA_PLA_PAQUISHA_7, eNodeB ID=11332, Cell FDD TDD indication=CELL_FDD",Reliable,95.022,11.459
2026-04-10 02:00,60,"L_GUA11332_GUA_PLA_PAQUISHA/Cell:eNodeB Function Name=L_GUA11332_GUA_PLA_PAQUISHA, Local Cell ID=3, Cell Name=L_GUA11332_GUA_PLA_PAQUISHA_3, eNodeB ID=11332, Cell FDD TDD indication=CELL_FDD",Reliable,13.578,2.141
2026-04-10 02:00,60,"L_GUA11332_GUA_PLA_PAQUISHA/Cell:eNodeB Function Name=L_GUA11332_GUA_PLA_PAQUISHA, Local Cell ID=2, Cell Name=L_GUA11332_GUA_PLA_PAQUISHA_2, eNodeB ID=11332, Cell FDD TDD indication=CELL_FDD",Reliable,26.172,7.054
2026-04-10 02:00,60,"L_GUA11332_GUA_PLA_PAQUISHA/Cell:eNodeB Function Name=L_GUA11332_GUA_PLA_PAQUISHA, Local Cell ID=1, Cell Name=L_GUA11332_GUA_PLA_PAQUISHA_1, eNodeB ID=11332, Cell FDD TDD indication=CELL_FDD",Reliable,264.4,14.107
2026-04-10 02:00,60,"L_GUA11361_PLAYAS_NOROESTE/Cell:eNodeB Function Name=L_GUA11361_PLAYAS_NOROESTE, Local Cell ID=9, Cell Name=L_GUA11361_PLAYAS_NOROESTE_9, eNodeB ID=11361, Cell FDD TDD indication=CELL_FDD",Reliable,0.309,0.178
2026-04-10 02:00,60,"L_GUA11361_PLAYAS_NOROESTE/Cell:eNodeB Function Name=L_GUA11361_PLAYAS_NOROESTE, Local Cell ID=8, Cell Name=L_GUA11361_PLAYAS_NOROESTE_8, eNodeB ID=11361, Cell FDD TDD indication=CELL_FDD",Reliable,0.205,0.44
2026-04-10 02:00,60,"L_GUA11361_PLAYAS_NOROESTE/Cell:eNodeB Function Name=L_GUA11361_PLAYAS_NOROESTE, Local Cell ID=7, Cell Name=L_GUA11361_PLAYAS_NOROESTE_7, eNodeB ID=11361, Cell FDD TDD indication=CELL_FDD",Reliable,71.891,8.505
2026-04-10 02:00,60,"L_GUA11361_PLAYAS_NOROESTE/Cell:eNodeB Function Name=L_GUA11361_PLAYAS_NOROESTE, Local Cell ID=3, Cell Name=L_GUA11361_PLAYAS_NOROESTE_3, eNodeB ID=11361, Cell FDD TDD indication=CELL_FDD",Reliable,107.964,6.416
2026-04-10 02:00,60,"L_GUA11361_PLAYAS_NOROESTE/Cell:eNodeB Function Name=L_GUA11361_PLAYAS_NOROESTE, Local Cell ID=2, Cell Name=L_GUA11361_PLAYAS_NOROESTE_2, eNodeB ID=11361, Cell FDD TDD indication=CELL_FDD",Reliable,118.648,8.367
2026-04-10 02:00,60,"L_GUA11361_PLAYAS_NOROESTE/Cell:eNodeB Function Name=L_GUA11361_PLAYAS_NOROESTE, Local Cell ID=1, Cell Name=L_GUA11361_PLAYAS_NOROESTE_1, eNodeB ID=11361, Cell FDD TDD indication=CELL_FDD",Reliable,33.433,5.376
2026-04-10 02:00,60,"L_GUA11378_PLAYAS_ESTE/Cell:eNodeB Function Name=L_GUA11378_PLAYAS_ESTE, Local Cell ID=9, Cell Name=L_GUA11378_PLAYAS_ESTE_9, eNodeB ID=11378, Cell FDD TDD indication=CELL_FDD",Reliable,1.22,0.257
2026-04-10 02:00,60,"L_GUA11378_PLAYAS_ESTE/Cell:eNodeB Function Name=L_GUA11378_PLAYAS_ESTE, Local Cell ID=8, Cell Name=L_GUA11378_PLAYAS_ESTE_8, eNodeB ID=11378, Cell FDD TDD indication=CELL_FDD",Reliable,368.002,24.274
2026-04-10 02:00,60,"L_GUA11378_PLAYAS_ESTE/Cell:eNodeB Function Name=L_GUA11378_PLAYAS_ESTE, Local Cell ID=7, Cell Name=L_GUA11378_PLAYAS_ESTE_7, eNodeB ID=11378, Cell FDD TDD indication=CELL_FDD",Reliable,161.03,30.56
2026-04-10 02:00,60,"L_GUA11378_PLAYAS_ESTE/Cell:eNodeB Function Name=L_GUA11378_PLAYAS_ESTE, Local Cell ID=3, Cell Name=L_GUA11378_PLAYAS_ESTE_3, eNodeB ID=11378, Cell FDD TDD indication=CELL_FDD",Reliable,128.991,14.223
2026-04-10 02:00,60,"L_GUA11378_PLAYAS_ESTE/Cell:eNodeB Function Name=L_GUA11378_PLAYAS_ESTE, Local Cell ID=2, Cell Name=L_GUA11378_PLAYAS_ESTE_2, eNodeB ID=11378, Cell FDD TDD indication=CELL_FDD",Reliable,19.981,11.228
2026-04-10 02:00,60,"L_GUA11378_PLAYAS_ESTE/Cell:eNodeB Function Name=L_GUA11378_PLAYAS_ESTE, Local Cell ID=1, Cell Name=L_GUA11378_PLAYAS_ESTE_1, eNodeB ID=11378, Cell FDD TDD indication=CELL_FDD",Reliable,20.278,5.522
2026-04-10 02:00,60,"TUN_AMB_MAYORISTA_AMBATO_UL/Cell:eNodeB Function Name=TUN_AMB_MAYORISTA_AMBATO_L, Local Cell ID=7, Cell Name=TUN_AMB_MAYORISTA_AMBATO_APT_7, eNodeB ID=44453, Cell FDD TDD indication=CELL_FDD",Reliable,2795.969,639.367
2026-04-10 02:00,60,"TUN_AMB_MAYORISTA_AMBATO_UL/Cell:eNodeB Function Name=TUN_AMB_MAYORISTA_AMBATO_L, Local Cell ID=8, Cell Name=TUN_AMB_MAYORISTA_AMBATO_APT_8, eNodeB ID=44453, Cell FDD TDD indication=CELL_FDD",Reliable,496.307,98.59
2026-04-10 02:00,60,"TUN_AMB_MAYORISTA_AMBATO_UL/Cell:eNodeB Function Name=TUN_AMB_MAYORISTA_AMBATO_L, Local Cell ID=9, Cell Name=TUN_AMB_MAYORISTA_AMBATO_APT_9, eNodeB ID=44453, Cell FDD TDD indication=CELL_FDD",Reliable,354.222,34.778
2026-04-10 02:00,60,"PIC_UIO_EASYMACRO_UNIVERS_CENTRAL_UL/Cell:eNodeB Function Name=PIC_UIO_EASYMACRO_UNIVERS_CENTRALL21, Local Cell ID=3, Cell Name=PIC_UIO_EASYMACRO_UNIVERS_CENTRAL_3, eNodeB ID=43269, Cell FDD TDD indication=CELL_FDD",Reliable,12.903,1.717
2026-04-10 02:00,60,"PIC_UIO_EASYMACRO_UNIVERS_CENTRAL_UL/Cell:eNodeB Function Name=PIC_UIO_EASYMACRO_UNIVERS_CENTRALL21, Local Cell ID=2, Cell Name=PIC_UIO_EASYMACRO_UNIVERS_CENTRAL_2, eNodeB ID=43269, Cell FDD TDD indication=CELL_FDD",Reliable,25.047,3.163
2026-04-10 02:00,60,"PIC_UIO_EASYMACRO_UNIVERS_CENTRAL_UL/Cell:eNodeB Function Name=PIC_UIO_EASYMACRO_UNIVERS_CENTRALL21, Local Cell ID=1, Cell Name=PIC_UIO_EASYMACRO_UNIVERS_CENTRAL_1, eNodeB ID=43269, Cell FDD TDD indication=CELL_FDD",Reliable,12.001,2.184
2026-04-10 02:00,60,"PIC_UIO_EASYMACRO_ENTR_POLITECNICA_UL/Cell:eNodeB Function Name=PIC_UIO_EASYMACRO_ENTR_POLITECNICAL21, Local Cell ID=3, Cell Name=PIC_UIO_EASYMACRO_ENTR_POLITECNICA_3, eNodeB ID=43268, Cell FDD TDD indication=CELL_FDD",Reliable,105.808,8.682
2026-04-10 02:00,60,"PIC_UIO_EASYMACRO_ENTR_POLITECNICA_UL/Cell:eNodeB Function Name=PIC_UIO_EASYMACRO_ENTR_POLITECNICAL21, Local Cell ID=2, Cell Name=PIC_UIO_EASYMACRO_ENTR_POLITECNICA_2, eNodeB ID=43268, Cell FDD TDD indication=CELL_FDD",Reliable,28.962,2.071
2026-04-10 02:00,60,"PIC_UIO_EASYMACRO_ENTR_POLITECNICA_UL/Cell:eNodeB Function Name=PIC_UIO_EASYMACRO_ENTR_POLITECNICAL21, Local Cell ID=1, Cell Name=PIC_UIO_EASYMACRO_ENTR_POLITECNICA_1, eNodeB ID=43268, Cell FDD TDD indication=CELL_FDD",Reliable,3.161,1.918
2026-04-10 02:00,60,"PIC_UIO_EASYMACRO_CENT_EXPO_QUITO_UL/Cell:eNodeB Function Name=PIC_UIO_EASYMACRO_CENT_EXPO_QUITOL21, Local Cell ID=2, Cell Name=PIC_UIO_EASYMACRO_CENT_EXPO_QUITO_2, eNodeB ID=44387, Cell FDD TDD indication=CELL_FDD",Reliable,70.434,6.692
2026-04-10 02:00,60,"PIC_UIO_EASYMACRO_CENT_EXPO_QUITO_UL/Cell:eNodeB Function Name=PIC_UIO_EASYMACRO_CENT_EXPO_QUITOL21, Local Cell ID=1, Cell Name=PIC_UIO_EASYMACRO_CENT_EXPO_QUITO_1, eNodeB ID=44387, Cell FDD TDD indication=CELL_FDD",Reliable,9.5,1.149
2026-04-10 02:00,60,"PIC_UIO_EASYMACRO_SECTOR_CUMANDA_UL/Cell:eNodeB Function Name=PIC_UIO_EASYMACRO_SECTOR_CUMANDAL21, Local Cell ID=3, Cell Name=PIC_UIO_EASYMACRO_SECTOR_CUMANDA3, eNodeB ID=43271, Cell FDD TDD indication=CELL_FDD",Reliable,9.623,0.298
2026-04-10 02:00,60,"PIC_UIO_EASYMACRO_SECTOR_CUMANDA_UL/Cell:eNodeB Function Name=PIC_UIO_EASYMACRO_SECTOR_CUMANDAL21, Local Cell ID=2, Cell Name=PIC_UIO_EASYMACRO_SECTOR_CUMANDA2, eNodeB ID=43271, Cell FDD TDD indication=CELL_FDD",Reliable,1.811,0.417
2026-04-10 02:00,60,"PIC_UIO_EASYMACRO_SECTOR_CUMANDA_UL/Cell:eNodeB Function Name=PIC_UIO_EASYMACRO_SECTOR_CUMANDAL21, Local Cell ID=1, Cell Name=PIC_UIO_EASYMACRO_SECTOR_CUMANDA1, eNodeB ID=43271, Cell FDD TDD indication=CELL_FDD",Reliable,10.327,3.781
2026-04-10 02:00,60,"IMB_GON_SAN_PABLO_UL/Cell:eNodeB Function Name=IMB_GON_SAN_PABLO_L, Local Cell ID=7, Cell Name=IMB_GON_SAN_PABLO_APT_7, eNodeB ID=44751, Cell FDD TDD indication=CELL_FDD",Reliable,1203.063,101.595
2026-04-10 02:00,60,"IMB_GON_SAN_PABLO_UL/Cell:eNodeB Function Name=IMB_GON_SAN_PABLO_L, Local Cell ID=8, Cell Name=IMB_GON_SAN_PABLO_APT_8, eNodeB ID=44751, Cell FDD TDD indication=CELL_FDD",Reliable,65.163,10.247
2026-04-10 02:00,60,"IMB_GON_SAN_PABLO_UL/Cell:eNodeB Function Name=IMB_GON_SAN_PABLO_L, Local Cell ID=9, Cell Name=IMB_GON_SAN_PABLO_APT_9, eNodeB ID=44751, Cell FDD TDD indication=CELL_FDD",Reliable,219.365,20.478
2026-04-10 02:00,60,"ORE_DAY_DAYUMA_UL/Cell:eNodeB Function Name=ORE_DAY_DAYUMA_L, Local Cell ID=9, Cell Name=ORE_DAY_DAYUMA_APT_9, eNodeB ID=43213, Cell FDD TDD indication=CELL_FDD",Reliable,841.526,113.831
2026-04-10 02:00,60,"ORE_DAY_DAYUMA_UL/Cell:eNodeB Function Name=ORE_DAY_DAYUMA_L, Local Cell ID=8, Cell Name=ORE_DAY_DAYUMA_APT_8, eNodeB ID=43213, Cell FDD TDD indication=CELL_FDD",Reliable,973.527,72.534
2026-04-10 02:00,60,"ORE_DAY_DAYUMA_UL/Cell:eNodeB Function Name=ORE_DAY_DAYUMA_L, Local Cell ID=7, Cell Name=ORE_DAY_DAYUMA_APT_7, eNodeB ID=43213, Cell FDD TDD indication=CELL_FDD",Reliable,16.252,4.127
2026-04-10 02:00,60,"SUC_PUT_BLOQUE_58_UL/Cell:eNodeB Function Name=SUC_PUT_BLOQUE_58_L, Local Cell ID=9, Cell Name=SUC_PUT_BLOQUE_58_APT_9, eNodeB ID=43214, Cell FDD TDD indication=CELL_FDD",Reliable,538.964,49.512
2026-04-10 02:00,60,"SUC_PUT_BLOQUE_58_UL/Cell:eNodeB Function Name=SUC_PUT_BLOQUE_58_L, Local Cell ID=8, Cell Name=SUC_PUT_BLOQUE_58_APT_8, eNodeB ID=43214, Cell FDD TDD indication=CELL_FDD",Reliable,41.294,7.361
2026-04-10 02:00,60,"SUC_PUT_BLOQUE_58_UL/Cell:eNodeB Function Name=SUC_PUT_BLOQUE_58_L, Local Cell ID=7, Cell Name=SUC_PUT_BLOQUE_58_APT_7, eNodeB ID=43214, Cell FDD TDD indication=CELL_FDD",Reliable,1328.457,512.311
2026-04-10 02:00,60,"PI_UIO_MONTESERRIN_UL/Cell:eNodeB Function Name=PI_UIO_MONTESERRINL21, Local Cell ID=3, Cell Name=PI_UIO_MONTESERRIN_3, eNodeB ID=44012, Cell FDD TDD indication=CELL_FDD",Reliable,11.049,2.643
2026-04-10 02:00,60,"PI_UIO_MONTESERRIN_UL/Cell:eNodeB Function Name=PI_UIO_MONTESERRINL21, Local Cell ID=1, Cell Name=PI_UIO_MONTESERRIN_1, eNodeB ID=44012, Cell FDD TDD indication=CELL_FDD",Reliable,2.703,0.713
2026-04-10 02:00,60,"PI_UIO_MONTESERRIN_UL/Cell:eNodeB Function Name=PI_UIO_MONTESERRINL21, Local Cell ID=2, Cell Name=PI_UIO_MONTESERRIN_2, eNodeB ID=44012, Cell FDD TDD indication=CELL_FDD",Reliable,75.388,10.271
2026-04-10 02:00,60,"PI_UIO_MONTESERRIN_UL/Cell:eNodeB Function Name=PI_UIO_MONTESERRINL21, Local Cell ID=7, Cell Name=PI_UIO_MONTESERRIN_APT_7, eNodeB ID=44012, Cell FDD TDD indication=CELL_FDD",Reliable,5.903,5.345
2026-04-10 02:00,60,"PI_UIO_MONTESERRIN_UL/Cell:eNodeB Function Name=PI_UIO_MONTESERRINL21, Local Cell ID=8, Cell Name=PI_UIO_MONTESERRIN_APT_8, eNodeB ID=44012, Cell FDD TDD indication=CELL_FDD",Reliable,122.911,5.248
2026-04-10 02:00,60,"PIC_CHI_LA_CHORRERA_UL/Cell:eNodeB Function Name=PIC_CHI_LA_CHORRERA_L, Local Cell ID=13, Cell Name=PIC_CHI_LA_CHORRERA_L19_13, eNodeB ID=43307, Cell FDD TDD indication=CELL_FDD",Reliable,14.961,2.44
2026-04-10 02:00,60,"PIC_CHI_LA_CHORRERA_UL/Cell:eNodeB Function Name=PIC_CHI_LA_CHORRERA_L, Local Cell ID=12, Cell Name=PIC_CHI_LA_CHORRERA_L19_12, eNodeB ID=43307, Cell FDD TDD indication=CELL_FDD",Reliable,28.853,3.038
2026-04-10 02:00,60,"PIC_CHI_LA_CHORRERA_UL/Cell:eNodeB Function Name=PIC_CHI_LA_CHORRERA_L, Local Cell ID=11, Cell Name=PIC_CHI_LA_CHORRERA_L19_11, eNodeB ID=43307, Cell FDD TDD indication=CELL_FDD",Reliable,0.037,0.385
2026-04-10 02:00,60,"PIC_CHI_LA_CHORRERA_UL/Cell:eNodeB Function Name=PIC_CHI_LA_CHORRERA_L, Local Cell ID=9, Cell Name=PIC_CHI_LA_CHORRERA_L7_9, eNodeB ID=43307, Cell FDD TDD indication=CELL_FDD",Reliable,206.293,14.038
2026-04-10 02:00,60,"PIC_CHI_LA_CHORRERA_UL/Cell:eNodeB Function Name=PIC_CHI_LA_CHORRERA_L, Local Cell ID=8, Cell Name=PIC_CHI_LA_CHORRERA_L7_8, eNodeB ID=43307, Cell FDD TDD indication=CELL_FDD",Reliable,168.211,12.906
2026-04-10 02:00,60,"PIC_CHI_LA_CHORRERA_UL/Cell:eNodeB Function Name=PIC_CHI_LA_CHORRERA_L, Local Cell ID=7, Cell Name=PIC_CHI_LA_CHORRERA_L7_7, eNodeB ID=43307, Cell FDD TDD indication=CELL_FDD",Reliable,29.571,3.926
2026-04-10 02:00,60,"SUC_LAG_VIA_A_COLOMBIA_UL/Cell:eNodeB Function Name=SUC_LAG_VIA_A_COLOMBIA_L, Local Cell ID=9, Cell Name=SUC_LAG_VIA_A_COLOMBIA_APT_9, eNodeB ID=43313, Cell FDD TDD indication=CELL_FDD",Reliable,157.288,17.282
2026-04-10 02:00,60,"SUC_LAG_VIA_A_COLOMBIA_UL/Cell:eNodeB Function Name=SUC_LAG_VIA_A_COLOMBIA_L, Local Cell ID=8, Cell Name=SUC_LAG_VIA_A_COLOMBIA_APT_8, eNodeB ID=43313, Cell FDD TDD indication=CELL_FDD",Reliable,507.643,40.6
2026-04-10 02:00,60,"SUC_LAG_VIA_A_COLOMBIA_UL/Cell:eNodeB Function Name=SUC_LAG_VIA_A_COLOMBIA_L, Local Cell ID=7, Cell Name=SUC_LAG_VIA_A_COLOMBIA_APT_7, eNodeB ID=43313, Cell FDD TDD indication=CELL_FDD",Reliable,71.18,16.949
2026-04-10 02:00,60,"PIC_CAY_JUAN_MONTALVO_UL/Cell:eNodeB Function Name=PIC_CAY_JUAN_MONTALVO_L, Local Cell ID=9, Cell Name=PIC_CAY_JUAN_MONTALVO_L7_9, eNodeB ID=43306, Cell FDD TDD indication=CELL_FDD",Reliable,194.938,17.45
2026-04-10 02:00,60,"PIC_CAY_JUAN_MONTALVO_UL/Cell:eNodeB Function Name=PIC_CAY_JUAN_MONTALVO_L, Local Cell ID=8, Cell Name=PIC_CAY_JUAN_MONTALVO_L7_8, eNodeB ID=43306, Cell FDD TDD indication=CELL_FDD",Reliable,511.754,35.43
2026-04-10 02:00,60,"PIC_CAY_JUAN_MONTALVO_UL/Cell:eNodeB Function Name=PIC_CAY_JUAN_MONTALVO_L, Local Cell ID=7, Cell Name=PIC_CAY_JUAN_MONTALVO_L7_7, eNodeB ID=43306, Cell FDD TDD indication=CELL_FDD",Reliable,970.618,49.482
2026-04-10 02:00,60,"PIC_MAC_FUERTE_MIL_ATAHUALPA_UL/Cell:eNodeB Function Name=PIC_MAC_FUERTE_MIL_ATAHUALPA_L, Local Cell ID=9, Cell Name=PIC_MAC_FUERTE_MIL_ATAHUALPA_L7_9, eNodeB ID=43309, Cell FDD TDD indication=CELL_FDD",Reliable,1396.944,196.58
2026-04-10 02:00,60,"PIC_MAC_FUERTE_MIL_ATAHUALPA_UL/Cell:eNodeB Function Name=PIC_MAC_FUERTE_MIL_ATAHUALPA_L, Local Cell ID=8, Cell Name=PIC_MAC_FUERTE_MIL_ATAHUALPA_L7_8, eNodeB ID=43309, Cell FDD TDD indication=CELL_FDD",Reliable,14.913,0.817
2026-04-10 02:00,60,"PIC_MAC_FUERTE_MIL_ATAHUALPA_UL/Cell:eNodeB Function Name=PIC_MAC_FUERTE_MIL_ATAHUALPA_L, Local Cell ID=7, Cell Name=PIC_MAC_FUERTE_MIL_ATAHUALPA_L7_7, eNodeB ID=43309, Cell FDD TDD indication=CELL_FDD",Reliable,2.083,0.991
2026-04-10 02:00,60,"PAS_PUY_VIA_A_MACAS_UL/Cell:eNodeB Function Name=PAS_PUY_VIA_A_MACAS_L, Local Cell ID=9, Cell Name=PAS_PUY_VIA_A_MACAS_L7_9, eNodeB ID=43284, Cell FDD TDD indication=CELL_FDD",Reliable,78.064,12.7
2026-04-10 02:00,60,"PAS_PUY_VIA_A_MACAS_UL/Cell:eNodeB Function Name=PAS_PUY_VIA_A_MACAS_L, Local Cell ID=8, Cell Name=PAS_PUY_VIA_A_MACAS_L7_8, eNodeB ID=43284, Cell FDD TDD indication=CELL_FDD",Reliable,8.183,7.166
2026-04-10 02:00,60,"PAS_PUY_VIA_A_MACAS_UL/Cell:eNodeB Function Name=PAS_PUY_VIA_A_MACAS_L, Local Cell ID=7, Cell Name=PAS_PUY_VIA_A_MACAS_L7_7, eNodeB ID=43284, Cell FDD TDD indication=CELL_FDD",Reliable,400.109,20.916
2026-04-10 02:00,60,"PIC_CHI_SAN_NICOLASL7/Cell:eNodeB Function Name=PIC_CHI_SAN_NICOLASL7, Local Cell ID=9, Cell Name=PIC_CHI_SAN_NICOLAS_L7_9, eNodeB ID=43100, Cell FDD TDD indication=CELL_FDD",Reliable,177.078,11.32
2026-04-10 02:00,60,"PIC_CHI_SAN_NICOLASL7/Cell:eNodeB Function Name=PIC_CHI_SAN_NICOLASL7, Local Cell ID=8, Cell Name=PIC_CHI_SAN_NICOLAS_L7_8, eNodeB ID=43100, Cell FDD TDD indication=CELL_FDD",Reliable,28.58,3.935
2026-04-10 02:00,60,"PIC_CHI_SAN_NICOLASL7/Cell:eNodeB Function Name=PIC_CHI_SAN_NICOLASL7, Local Cell ID=7, Cell Name=PIC_CHI_SAN_NICOLAS_L7_7, eNodeB ID=43100, Cell FDD TDD indication=CELL_FDD",Reliable,141.285,11.81
2026-04-10 02:00,60,"COT_LAT_BYPASS_UL/Cell:eNodeB Function Name=COT_LAT_BYPASS_L, Local Cell ID=9, Cell Name=COT_LAT_BYPASS_L7_9, eNodeB ID=43302, Cell FDD TDD indication=CELL_FDD",Reliable,259.128,63.484
2026-04-10 02:00,60,"COT_LAT_BYPASS_UL/Cell:eNodeB Function Name=COT_LAT_BYPASS_L, Local Cell ID=8, Cell Name=COT_LAT_BYPASS_L7_8, eNodeB ID=43302, Cell FDD TDD indication=CELL_FDD",Reliable,20.066,5.466
2026-04-10 02:00,60,"COT_LAT_BYPASS_UL/Cell:eNodeB Function Name=COT_LAT_BYPASS_L, Local Cell ID=7, Cell Name=COT_LAT_BYPASS_L7_7, eNodeB ID=43302, Cell FDD TDD indication=CELL_FDD",Reliable,101.854,7.008
2026-04-10 02:00,60,"COT_LAT_CHAN_CHICO_UL/Cell:eNodeB Function Name=COT_LAT_CHAN_CHICO_L, Local Cell ID=9, Cell Name=COT_LAT_CHAN_CHICO_L7_9, eNodeB ID=43294, Cell FDD TDD indication=CELL_FDD",Reliable,155.888,10.983
2026-04-10 02:00,60,"COT_LAT_CHAN_CHICO_UL/Cell:eNodeB Function Name=COT_LAT_CHAN_CHICO_L, Local Cell ID=8, Cell Name=COT_LAT_CHAN_CHICO_L7_8, eNodeB ID=43294, Cell FDD TDD indication=CELL_FDD",Reliable,0.076,0.133
2026-04-10 02:00,60,"COT_LAT_CHAN_CHICO_UL/Cell:eNodeB Function Name=COT_LAT_CHAN_CHICO_L, Local Cell ID=7, Cell Name=COT_LAT_CHAN_CHICO_L7_7, eNodeB ID=43294, Cell FDD TDD indication=CELL_FDD",Reliable,158.269,27.072
2026-04-10 02:00,60,"IMB_IBA_MIN_LABOL7/Cell:eNodeB Function Name=IMB_IBA_MIN_LABOL7, Local Cell ID=9, Cell Name=IMB_IBA_MIN_LABO_L7_9, eNodeB ID=43532, Cell FDD TDD indication=CELL_FDD",Reliable,212.138,20.116
2026-04-10 02:00,60,"IMB_IBA_MIN_LABOL7/Cell:eNodeB Function Name=IMB_IBA_MIN_LABOL7, Local Cell ID=8, Cell Name=IMB_IBA_MIN_LABO_L7_8, eNodeB ID=43532, Cell FDD TDD indication=CELL_FDD",Reliable,198.98,14.771
2026-04-10 02:00,60,"IMB_IBA_MIN_LABOL7/Cell:eNodeB Function Name=IMB_IBA_MIN_LABOL7, Local Cell ID=7, Cell Name=IMB_IBA_MIN_LABO_L7_7, eNodeB ID=43532, Cell FDD TDD indication=CELL_FDD",Reliable,77.237,10.635
2026-04-10 02:00,60,"PIC_CHI_SANTA_ISABEL_UL/Cell:eNodeB Function Name=PIC_CHI_SANTA_ISABEL_L, Local Cell ID=13, Cell Name=PIC_CHI_SANTA_ISABEL_L19_13, eNodeB ID=43320, Cell FDD TDD indication=CELL_FDD",Reliable,1.429,0.364
2026-04-10 02:00,60,"PIC_CHI_SANTA_ISABEL_UL/Cell:eNodeB Function Name=PIC_CHI_SANTA_ISABEL_L, Local Cell ID=12, Cell Name=PIC_CHI_SANTA_ISABEL_L19_12, eNodeB ID=43320, Cell FDD TDD indication=CELL_FDD",Reliable,844.786,47.991
2026-04-10 02:00,60,"PIC_CHI_SANTA_ISABEL_UL/Cell:eNodeB Function Name=PIC_CHI_SANTA_ISABEL_L, Local Cell ID=11, Cell Name=PIC_CHI_SANTA_ISABEL_L19_11, eNodeB ID=43320, Cell FDD TDD indication=CELL_FDD",Reliable,17.319,5.342
2026-04-10 02:00,60,"PIC_CHI_SANTA_ISABEL_UL/Cell:eNodeB Function Name=PIC_CHI_SANTA_ISABEL_L, Local Cell ID=8, Cell Name=PIC_CHI_SANTA_ISABEL_L7_8, eNodeB ID=43320, Cell FDD TDD indication=CELL_FDD",Reliable,1396.68,102.222
2026-04-10 02:00,60,"PIC_CHI_SANTA_ISABEL_UL/Cell:eNodeB Function Name=PIC_CHI_SANTA_ISABEL_L, Local Cell ID=7, Cell Name=PIC_CHI_SANTA_ISABEL_L7_7, eNodeB ID=43320, Cell FDD TDD indication=CELL_FDD",Reliable,303.871,67.992
2026-04-10 02:00,60,"IMB_SJQ_CEMENTO_SELVA_ALEGRE_UL/Cell:eNodeB Function Name=IMB_SJQ_CEMENTO_SELVA_ALEGRE_L, Local Cell ID=8, Cell Name=IMB_SJQ_CEMENTO_SELVA_ALEGRE_L7_8, eNodeB ID=43315, Cell FDD TDD indication=CELL_FDD",Reliable,17.727,2.73
2026-04-10 02:00,60,"IMB_SJQ_CEMENTO_SELVA_ALEGRE_UL/Cell:eNodeB Function Name=IMB_SJQ_CEMENTO_SELVA_ALEGRE_L, Local Cell ID=7, Cell Name=IMB_SJQ_CEMENTO_SELVA_ALEGRE_L7_7, eNodeB ID=43315, Cell FDD TDD indication=CELL_FDD",Reliable,338.249,25.433
2026-04-10 02:00,60,"PIC_UIO_SANTA_ROSA_UL/Cell:eNodeB Function Name=PIC_UIO_SANTA_ROSA_L, Local Cell ID=9, Cell Name=PIC_UIO_SANTA_ROSA_L7_9, eNodeB ID=43298, Cell FDD TDD indication=CELL_FDD",Reliable,168.662,18.702
2026-04-10 02:00,60,"PIC_UIO_SANTA_ROSA_UL/Cell:eNodeB Function Name=PIC_UIO_SANTA_ROSA_L, Local Cell ID=8, Cell Name=PIC_UIO_SANTA_ROSA_L7_8, eNodeB ID=43298, Cell FDD TDD indication=CELL_FDD",Reliable,218.817,13.561
2026-04-10 02:00,60,"PIC_UIO_SANTA_ROSA_UL/Cell:eNodeB Function Name=PIC_UIO_SANTA_ROSA_L, Local Cell ID=7, Cell Name=PIC_UIO_SANTA_ROSA_L7_7, eNodeB ID=43298, Cell FDD TDD indication=CELL_FDD",Reliable,493.712,30.808
2026-04-10 02:00,60,"CAR_BOL_CABRAS_UL/Cell:eNodeB Function Name=CAR_BOL_CABRAS_L, Local Cell ID=9, Cell Name=CAR_BOL_CABRAS_L7_9, eNodeB ID=43303, Cell FDD TDD indication=CELL_FDD",Reliable,452.627,204.277
2026-04-10 02:00,60,"CAR_BOL_CABRAS_UL/Cell:eNodeB Function Name=CAR_BOL_CABRAS_L, Local Cell ID=8, Cell Name=CAR_BOL_CABRAS_L7_8, eNodeB ID=43303, Cell FDD TDD indication=CELL_FDD",Reliable,510.457,43.649
2026-04-10 02:00,60,"CAR_BOL_CABRAS_UL/Cell:eNodeB Function Name=CAR_BOL_CABRAS_L, Local Cell ID=7, Cell Name=CAR_BOL_CABRAS_L7_7, eNodeB ID=43303, Cell FDD TDD indication=CELL_FDD",Reliable,44.16,8.276
2026-04-10 02:00,60,"NAP_TEN_NORTE_UL/Cell:eNodeB Function Name=NAP_TEN_NORTE_L, Local Cell ID=9, Cell Name=NAP_TEN_NORTE_L7_9, eNodeB ID=43295, Cell FDD TDD indication=CELL_FDD",Reliable,310.047,17.084
2026-04-10 02:00,60,"NAP_TEN_NORTE_UL/Cell:eNodeB Function Name=NAP_TEN_NORTE_L, Local Cell ID=8, Cell Name=NAP_TEN_NORTE_L7_8, eNodeB ID=43295, Cell FDD TDD indication=CELL_FDD",Reliable,1152.777,57.251
2026-04-10 02:00,60,"NAP_TEN_NORTE_UL/Cell:eNodeB Function Name=NAP_TEN_NORTE_L, Local Cell ID=7, Cell Name=NAP_TEN_NORTE_L7_7, eNodeB ID=43295, Cell FDD TDD indication=CELL_FDD",Reliable,429.408,39.093
2026-04-10 02:00,60,"PIC_UIO_ORIENTE_QUITENOL7/Cell:eNodeB Function Name=PIC_UIO_ORIENTE_QUITENOL7, Local Cell ID=9, Cell Name=PIC_UIO_ORIENTE_QUITENO_L7_9, eNodeB ID=43312, Cell FDD TDD indication=CELL_FDD",Reliable,19.512,2.084
2026-04-10 02:00,60,"PIC_UIO_ORIENTE_QUITENOL7/Cell:eNodeB Function Name=PIC_UIO_ORIENTE_QUITENOL7, Local Cell ID=8, Cell Name=PIC_UIO_ORIENTE_QUITENO_L7_8, eNodeB ID=43312, Cell FDD TDD indication=CELL_FDD",Reliable,20.268,3.708
2026-04-10 02:00,60,"PIC_UIO_ORIENTE_QUITENOL7/Cell:eNodeB Function Name=PIC_UIO_ORIENTE_QUITENOL7, Local Cell ID=7, Cell Name=PIC_UIO_ORIENTE_QUITENO_L7_7, eNodeB ID=43312, Cell FDD TDD indication=CELL_FDD",Reliable,124.901,11.643
2026-04-10 02:00,60,"PIC_YAR_OTON_UL/Cell:eNodeB Function Name=PIC_YAR_OTON_L, Local Cell ID=9, Cell Name=PIC_YAR_OTON_L7_9, eNodeB ID=43318, Cell FDD TDD indication=CELL_FDD",Reliable,9.265,1.715
2026-04-10 02:00,60,"PIC_YAR_OTON_UL/Cell:eNodeB Function Name=PIC_YAR_OTON_L, Local Cell ID=8, Cell Name=PIC_YAR_OTON_L7_8, eNodeB ID=43318, Cell FDD TDD indication=CELL_FDD",Reliable,782.084,59.334
2026-04-10 02:00,60,"PIC_YAR_OTON_UL/Cell:eNodeB Function Name=PIC_YAR_OTON_L, Local Cell ID=7, Cell Name=PIC_YAR_OTON_L7_7, eNodeB ID=43318, Cell FDD TDD indication=CELL_FDD",Reliable,17.895,6.314
2026-04-10 02:00,60,"STD_CON_CONCORDIA_NORTEL7/Cell:eNodeB Function Name=STD_CON_CONCORDIA_NORTEL7, Local Cell ID=9, Cell Name=STD_CON_CONCORDIA_NORTE_L7_9, eNodeB ID=43102, Cell FDD TDD indication=CELL_FDD",Reliable,164.876,30.801
2026-04-10 02:00,60,"STD_CON_CONCORDIA_NORTEL7/Cell:eNodeB Function Name=STD_CON_CONCORDIA_NORTEL7, Local Cell ID=8, Cell Name=STD_CON_CONCORDIA_NORTE_L7_8, eNodeB ID=43102, Cell FDD TDD indication=CELL_FDD",Reliable,6.691,14.137
2026-04-10 02:00,60,"STD_CON_CONCORDIA_NORTEL7/Cell:eNodeB Function Name=STD_CON_CONCORDIA_NORTEL7, Local Cell ID=7, Cell Name=STD_CON_CONCORDIA_NORTE_L7_7, eNodeB ID=43102, Cell FDD TDD indication=CELL_FDD",Reliable,19.731,4.294
2026-04-10 02:00,60,"PIC_CHI_SANTA_TERESITA_DEL_VALLE_UL/Cell:eNodeB Function Name=PIC_CHI_SANTA_TERESITA_DEL_VALLE_L, Local Cell ID=13, Cell Name=PIC_CHI_SANTA_TERESITA_DEL_VALLE_L19_13, eNodeB ID=43308, Cell FDD TDD indication=CELL_FDD",Reliable,10.567,2.426
2026-04-10 02:00,60,"PIC_CHI_SANTA_TERESITA_DEL_VALLE_UL/Cell:eNodeB Function Name=PIC_CHI_SANTA_TERESITA_DEL_VALLE_L, Local Cell ID=12, Cell Name=PIC_CHI_SANTA_TERESITA_DEL_VALLE_L19_12, eNodeB ID=43308, Cell FDD TDD indication=CELL_FDD",Reliable,4.321,1.234
2026-04-10 02:00,60,"PIC_CHI_SANTA_TERESITA_DEL_VALLE_UL/Cell:eNodeB Function Name=PIC_CHI_SANTA_TERESITA_DEL_VALLE_L, Local Cell ID=11, Cell Name=PIC_CHI_SANTA_TERESITA_DEL_VALLE_L19_11, eNodeB ID=43308, Cell FDD TDD indication=CELL_FDD",Reliable,124.568,17.817
2026-04-10 02:00,60,"PIC_CHI_SANTA_TERESITA_DEL_VALLE_UL/Cell:eNodeB Function Name=PIC_CHI_SANTA_TERESITA_DEL_VALLE_L, Local Cell ID=9, Cell Name=PIC_CHI_SANTA_TERESITA_DEL_VALLE_L7_9, eNodeB ID=43308, Cell FDD TDD indication=CELL_FDD",Reliable,308.325,25.024
2026-04-10 02:00,60,"PIC_CHI_SANTA_TERESITA_DEL_VALLE_UL/Cell:eNodeB Function Name=PIC_CHI_SANTA_TERESITA_DEL_VALLE_L, Local Cell ID=8, Cell Name=PIC_CHI_SANTA_TERESITA_DEL_VALLE_L7_8, eNodeB ID=43308, Cell FDD TDD indication=CELL_FDD",Reliable,569.251,36.072
2026-04-10 02:00,60,"PIC_CHI_SANTA_TERESITA_DEL_VALLE_UL/Cell:eNodeB Function Name=PIC_CHI_SANTA_TERESITA_DEL_VALLE_L, Local Cell ID=7, Cell Name=PIC_CHI_SANTA_TERESITA_DEL_VALLE_L7_7, eNodeB ID=43308, Cell FDD TDD indication=CELL_FDD",Reliable,4.972,0.8
2026-04-10 02:00,60,"PIC_TAB_TABACUNDO_OESTEL7/Cell:eNodeB Function Name=PIC_TAB_TABACUNDO_OESTEL7, Local Cell ID=9, Cell Name=PIC_TAB_TABACUNDO_OESTE_L7_9, eNodeB ID=43291, Cell FDD TDD indication=CELL_FDD",Reliable,62.81,10.176
2026-04-10 02:00,60,"PIC_TAB_TABACUNDO_OESTEL7/Cell:eNodeB Function Name=PIC_TAB_TABACUNDO_OESTEL7, Local Cell ID=8, Cell Name=PIC_TAB_TABACUNDO_OESTE_L7_8, eNodeB ID=43291, Cell FDD TDD indication=CELL_FDD",Reliable,60.281,12.144
2026-04-10 02:00,60,"PIC_TAB_TABACUNDO_OESTEL7/Cell:eNodeB Function Name=PIC_TAB_TABACUNDO_OESTEL7, Local Cell ID=7, Cell Name=PIC_TAB_TABACUNDO_OESTE_L7_7, eNodeB ID=43291, Cell FDD TDD indication=CELL_FDD",Reliable,165.991,24.047
2026-04-10 02:00,60,"PIC_UIO_COOP_COMITE_UL/Cell:eNodeB Function Name=PIC_UIO_COOP_COMITE_L, Local Cell ID=9, Cell Name=PIC_UIO_COOP_COMITE_L7_9, eNodeB ID=43310, Cell FDD TDD indication=CELL_FDD",Reliable,118.995,20.075
2026-04-10 02:00,60,"PIC_UIO_COOP_COMITE_UL/Cell:eNodeB Function Name=PIC_UIO_COOP_COMITE_L, Local Cell ID=8, Cell Name=PIC_UIO_COOP_COMITE_L7_8, eNodeB ID=43310, Cell FDD TDD indication=CELL_FDD",Reliable,35.198,6.188
2026-04-10 02:00,60,"PIC_UIO_COOP_COMITE_UL/Cell:eNodeB Function Name=PIC_UIO_COOP_COMITE_L, Local Cell ID=7, Cell Name=PIC_UIO_COOP_COMITE_L7_7, eNodeB ID=43310, Cell FDD TDD indication=CELL_FDD",Reliable,276.627,19.42
2026-04-10 02:00,60,"TUN_QUE_YANAYACU_UL/Cell:eNodeB Function Name=TUN_QUE_YANAYACU_L, Local Cell ID=8, Cell Name=TUN_QUE_YANAYACU_L7_8, eNodeB ID=43323, Cell FDD TDD indication=CELL_FDD",Reliable,34.061,5.136
2026-04-10 02:00,60,"TUN_QUE_YANAYACU_UL/Cell:eNodeB Function Name=TUN_QUE_YANAYACU_L, Local Cell ID=7, Cell Name=TUN_QUE_YANAYACU_L7_7, eNodeB ID=43323, Cell FDD TDD indication=CELL_FDD",Reliable,977.195,56.688
2026-04-10 02:00,60,"PIC_NAN_SAN_FRANCISCO_UL/Cell:eNodeB Function Name=PIC_NAN_SAN_FRANCISCO_L, Local Cell ID=9, Cell Name=PIC_NAN_SAN_FRANCISCO_L7_9, eNodeB ID=43317, Cell FDD TDD indication=CELL_FDD",Reliable,234.476,25.539
2026-04-10 02:00,60,"PIC_NAN_SAN_FRANCISCO_UL/Cell:eNodeB Function Name=PIC_NAN_SAN_FRANCISCO_L, Local Cell ID=8, Cell Name=PIC_NAN_SAN_FRANCISCO_L7_8, eNodeB ID=43317, Cell FDD TDD indication=CELL_FDD",Reliable,270.843,23.423
2026-04-10 02:00,60,"PIC_NAN_SAN_FRANCISCO_UL/Cell:eNodeB Function Name=PIC_NAN_SAN_FRANCISCO_L, Local Cell ID=7, Cell Name=PIC_NAN_SAN_FRANCISCO_L7_7, eNodeB ID=43317, Cell FDD TDD indication=CELL_FDD",Reliable,18.027,4.988
2026-04-10 02:00,60,"TUN_AMB_SOLCA_UL/Cell:eNodeB Function Name=TUN_AMB_SOLCA_L, Local Cell ID=9, Cell Name=TUN_AMB_SOLCA_L7_9, eNodeB ID=43285, Cell FDD TDD indication=CELL_FDD",Reliable,268.988,31.674
2026-04-10 02:00,60,"TUN_AMB_SOLCA_UL/Cell:eNodeB Function Name=TUN_AMB_SOLCA_L, Local Cell ID=8, Cell Name=TUN_AMB_SOLCA_L7_8, eNodeB ID=43285, Cell FDD TDD indication=CELL_FDD",Reliable,220.726,29.738
2026-04-10 02:00,60,"TUN_AMB_SOLCA_UL/Cell:eNodeB Function Name=TUN_AMB_SOLCA_L, Local Cell ID=7, Cell Name=TUN_AMB_SOLCA_L7_7, eNodeB ID=43285, Cell FDD TDD indication=CELL_FDD",Reliable,1082.194,57.116
2026-04-10 02:00,60,"TUN_AMB_HUACHI_BELEN_BAJO_UL/Cell:eNodeB Function Name=TUN_AMB_HUACHI_BELEN_BAJO_L, Local Cell ID=9, Cell Name=TUN_AMB_HUACHI_BELEN_BAJO_L7_9, eNodeB ID=43289, Cell FDD TDD indication=CELL_FDD",Reliable,68.698,15.615
2026-04-10 02:00,60,"TUN_AMB_HUACHI_BELEN_BAJO_UL/Cell:eNodeB Function Name=TUN_AMB_HUACHI_BELEN_BAJO_L, Local Cell ID=8, Cell Name=TUN_AMB_HUACHI_BELEN_BAJO_L7_8, eNodeB ID=43289, Cell FDD TDD indication=CELL_FDD",Reliable,470.794,64.076
2026-04-10 02:00,60,"TUN_AMB_HUACHI_BELEN_BAJO_UL/Cell:eNodeB Function Name=TUN_AMB_HUACHI_BELEN_BAJO_L, Local Cell ID=7, Cell Name=TUN_AMB_HUACHI_BELEN_BAJO_L7_7, eNodeB ID=43289, Cell FDD TDD indication=CELL_FDD",Reliable,187.347,24.522
2026-04-10 02:00,60,"STD_VHE_ENTR_VALLE_HERMOSO_UL/Cell:eNodeB Function Name=STD_VHE_ENTR_VALLE_HERMOSO_L, Local Cell ID=9, Cell Name=STD_VHE_ENTR_VALLE_HERMOSO_L7_9, eNodeB ID=43292, Cell FDD TDD indication=CELL_FDD",Reliable,253.415,41.436
2026-04-10 02:00,60,"STD_VHE_ENTR_VALLE_HERMOSO_UL/Cell:eNodeB Function Name=STD_VHE_ENTR_VALLE_HERMOSO_L, Local Cell ID=8, Cell Name=STD_VHE_ENTR_VALLE_HERMOSO_L7_8, eNodeB ID=43292, Cell FDD TDD indication=CELL_FDD",Reliable,371.1,59.372
2026-04-10 02:00,60,"STD_VHE_ENTR_VALLE_HERMOSO_UL/Cell:eNodeB Function Name=STD_VHE_ENTR_VALLE_HERMOSO_L, Local Cell ID=7, Cell Name=STD_VHE_ENTR_VALLE_HERMOSO_L7_7, eNodeB ID=43292, Cell FDD TDD indication=CELL_FDD",Reliable,138.309,25.379
2026-04-10 02:00,60,"COT_MAN_ENTR_LA_MANA_UL/Cell:eNodeB Function Name=COT_MAN_ENTR_LA_MANA_L, Local Cell ID=9, Cell Name=COT_MAN_ENTR_LA_MANA_L7_9, eNodeB ID=43304, Cell FDD TDD indication=CELL_FDD",Reliable,1099.193,50.029
2026-04-10 02:00,60,"COT_MAN_ENTR_LA_MANA_UL/Cell:eNodeB Function Name=COT_MAN_ENTR_LA_MANA_L, Local Cell ID=8, Cell Name=COT_MAN_ENTR_LA_MANA_L7_8, eNodeB ID=43304, Cell FDD TDD indication=CELL_FDD",Reliable,790.596,355.796
2026-04-10 02:00,60,"COT_MAN_ENTR_LA_MANA_UL/Cell:eNodeB Function Name=COT_MAN_ENTR_LA_MANA_L, Local Cell ID=7, Cell Name=COT_MAN_ENTR_LA_MANA_L7_7, eNodeB ID=43304, Cell FDD TDD indication=CELL_FDD",Reliable,0,0
2026-04-10 02:00,60,"L_GUA11152_LA_FLORIDA_OESTE/Cell:eNodeB Function Name=L_GUA11152_LA_FLORIDA_OESTE, Local Cell ID=9, Cell Name=L_GUA11152_LA_FLORIDA_OESTE_9, eNodeB ID=11152, Cell FDD TDD indication=CELL_FDD",Reliable,71.393,8.035
2026-04-10 02:00,60,"L_GUA11152_LA_FLORIDA_OESTE/Cell:eNodeB Function Name=L_GUA11152_LA_FLORIDA_OESTE, Local Cell ID=8, Cell Name=L_GUA11152_LA_FLORIDA_OESTE_8, eNodeB ID=11152, Cell FDD TDD indication=CELL_FDD",Reliable,20.812,5.864
2026-04-10 02:00,60,"L_GUA11152_LA_FLORIDA_OESTE/Cell:eNodeB Function Name=L_GUA11152_LA_FLORIDA_OESTE, Local Cell ID=7, Cell Name=L_GUA11152_LA_FLORIDA_OESTE_7, eNodeB ID=11152, Cell FDD TDD indication=CELL_FDD",Reliable,21.485,0.694
2026-04-10 02:00,60,"L_GUA11152_LA_FLORIDA_OESTE/Cell:eNodeB Function Name=L_GUA11152_LA_FLORIDA_OESTE, Local Cell ID=3, Cell Name=L_GUA11152_LA_FLORIDA_OESTE_3, eNodeB ID=11152, Cell FDD TDD indication=CELL_FDD",Reliable,38.311,2.924
2026-04-10 02:00,60,"L_GUA11152_LA_FLORIDA_OESTE/Cell:eNodeB Function Name=L_GUA11152_LA_FLORIDA_OESTE, Local Cell ID=2, Cell Name=L_GUA11152_LA_FLORIDA_OESTE_2, eNodeB ID=11152, Cell FDD TDD indication=CELL_FDD",Reliable,19.651,7.306
2026-04-10 02:00,60,"L_GUA11152_LA_FLORIDA_OESTE/Cell:eNodeB Function Name=L_GUA11152_LA_FLORIDA_OESTE, Local Cell ID=1, Cell Name=L_GUA11152_LA_FLORIDA_OESTE_1, eNodeB ID=11152, Cell FDD TDD indication=CELL_FDD",Reliable,8.147,0.641
2026-04-10 02:00,60,"STD_CON_EASYMACRO_CONCORDIA_NORTE_UL/Cell:eNodeB Function Name=STD_CON_CONCORDIA_NORTE_L, Local Cell ID=2, Cell Name=STD_CON_EASYMACRO_CONCORDIA_NORTE_L21_2, eNodeB ID=43299, Cell FDD TDD indication=CELL_FDD",Reliable,356.635,31.347
2026-04-10 02:00,60,"STD_CON_EASYMACRO_CONCORDIA_NORTE_UL/Cell:eNodeB Function Name=STD_CON_CONCORDIA_NORTE_L, Local Cell ID=1, Cell Name=STD_CON_EASYMACRO_CONCORDIA_NORTE_L21_1, eNodeB ID=43299, Cell FDD TDD indication=CELL_FDD",Reliable,32.397,6.42
2026-04-10 02:00,60,"PIC_CHI_EASYMACRO_SAN_NICOLAS_UL/Cell:eNodeB Function Name=PIC_CHI_EASYMACRO_SAN_NICOLAS, Local Cell ID=3, Cell Name=PIC_CHI_EASYMACRO_SAN_NICOLAS_L21_3, eNodeB ID=43288, Cell FDD TDD indication=CELL_FDD",Reliable,553.399,47.163
2026-04-10 02:00,60,"PIC_CHI_EASYMACRO_SAN_NICOLAS_UL/Cell:eNodeB Function Name=PIC_CHI_EASYMACRO_SAN_NICOLAS, Local Cell ID=2, Cell Name=PIC_CHI_EASYMACRO_SAN_NICOLAS_L21_2, eNodeB ID=43288, Cell FDD TDD indication=CELL_FDD",Reliable,383.287,26.232
2026-04-10 02:00,60,"PIC_CHI_EASYMACRO_SAN_NICOLAS_UL/Cell:eNodeB Function Name=PIC_CHI_EASYMACRO_SAN_NICOLAS, Local Cell ID=1, Cell Name=PIC_CHI_EASYMACRO_SAN_NICOLAS_L21_1, eNodeB ID=43288, Cell FDD TDD indication=CELL_FDD",Reliable,393.255,49.397
2026-04-10 02:00,60,"PIC_UIO_MARCOPAMBA_UL/Cell:eNodeB Function Name=PIC_UIO_EASYMACRO_MARCOPAMBA_L, Local Cell ID=2, Cell Name=PIC_UIO_EASYMACRO_MARCOPAMBA_L21_2, eNodeB ID=43286, Cell FDD TDD indication=CELL_FDD",Reliable,88.238,11.161
2026-04-10 02:00,60,"PIC_UIO_MARCOPAMBA_UL/Cell:eNodeB Function Name=PIC_UIO_EASYMACRO_MARCOPAMBA_L, Local Cell ID=1, Cell Name=PIC_UIO_EASYMACRO_MARCOPAMBA_L21_1, eNodeB ID=43286, Cell FDD TDD indication=CELL_FDD",Reliable,174.772,15.55
2026-04-10 02:00,60,"PIC_UIO_MARCOPAMBA_UL/Cell:eNodeB Function Name=PIC_UIO_EASYMACRO_MARCOPAMBA_L, Local Cell ID=8, Cell Name=PIC_UIO_MARCOPAMBA_L7_8, eNodeB ID=43286, Cell FDD TDD indication=CELL_FDD",Reliable,83.944,20.994
2026-04-10 02:00,60,"PIC_UIO_MARCOPAMBA_UL/Cell:eNodeB Function Name=PIC_UIO_EASYMACRO_MARCOPAMBA_L, Local Cell ID=7, Cell Name=PIC_UIO_MARCOPAMBA_L7_7, eNodeB ID=43286, Cell FDD TDD indication=CELL_FDD",Reliable,46.428,9.792
2026-04-10 02:00,60,"PIC_QUI_SAN_MIGUEL_ALTAPAMBA_UL/Cell:eNodeB Function Name=PIC_QUI_SAN_MIGUEL_ALTAPAMBA_L, Local Cell ID=9, Cell Name=PIC_QUI_SAN_MIGUEL_ALTAPAMBA_L7_9, eNodeB ID=43321, Cell FDD TDD indication=CELL_FDD",Reliable,251.081,14.858
2026-04-10 02:00,60,"PIC_QUI_SAN_MIGUEL_ALTAPAMBA_UL/Cell:eNodeB Function Name=PIC_QUI_SAN_MIGUEL_ALTAPAMBA_L, Local Cell ID=8, Cell Name=PIC_QUI_SAN_MIGUEL_ALTAPAMBA_L7_8, eNodeB ID=43321, Cell FDD TDD indication=CELL_FDD",Reliable,58.127,13.646
2026-04-10 02:00,60,"PIC_QUI_SAN_MIGUEL_ALTAPAMBA_UL/Cell:eNodeB Function Name=PIC_QUI_SAN_MIGUEL_ALTAPAMBA_L, Local Cell ID=7, Cell Name=PIC_QUI_SAN_MIGUEL_ALTAPAMBA_L7_7, eNodeB ID=43321, Cell FDD TDD indication=CELL_FDD",Reliable,273.749,18.647
2026-04-10 02:00,60,"ORE_COC_CAMP_PETROL_UL/Cell:eNodeB Function Name=ORE_COC_CAMP_PETROL_L, Local Cell ID=9, Cell Name=ORE_COC_CAMP_PETROL_L7_9, eNodeB ID=43305, Cell FDD TDD indication=CELL_FDD",Reliable,892.81,85.88
2026-04-10 02:00,60,"ORE_COC_CAMP_PETROL_UL/Cell:eNodeB Function Name=ORE_COC_CAMP_PETROL_L, Local Cell ID=8, Cell Name=ORE_COC_CAMP_PETROL_L7_8, eNodeB ID=43305, Cell FDD TDD indication=CELL_FDD",Reliable,95.723,39.188
2026-04-10 02:00,60,"ORE_COC_CAMP_PETROL_UL/Cell:eNodeB Function Name=ORE_COC_CAMP_PETROL_L, Local Cell ID=7, Cell Name=ORE_COC_CAMP_PETROL_L7_7, eNodeB ID=43305, Cell FDD TDD indication=CELL_FDD",Reliable,0,0
2026-04-10 02:00,60,"ORE_DAY_PINDO_UL/Cell:eNodeB Function Name=ORE_DAY_PINDO_L, Local Cell ID=9, Cell Name=ORE_DAY_PINDO_L7_9, eNodeB ID=43300, Cell FDD TDD indication=CELL_FDD",Reliable,680.689,137.552
2026-04-10 02:00,60,"ORE_DAY_PINDO_UL/Cell:eNodeB Function Name=ORE_DAY_PINDO_L, Local Cell ID=8, Cell Name=ORE_DAY_PINDO_L7_8, eNodeB ID=43300, Cell FDD TDD indication=CELL_FDD",Reliable,783.916,68.163
2026-04-10 02:00,60,"ORE_DAY_PINDO_UL/Cell:eNodeB Function Name=ORE_DAY_PINDO_L, Local Cell ID=7, Cell Name=ORE_DAY_PINDO_L7_7, eNodeB ID=43300, Cell FDD TDD indication=CELL_FDD",Reliable,914.862,65.166
2026-04-10 02:00,60,"PIC_PVM_ARASHA_UL/Cell:eNodeB Function Name=PIC_PVM_ARASHA_L, Local Cell ID=9, Cell Name=PIC_PVM_ARASHA_L7_9, eNodeB ID=43296, Cell FDD TDD indication=CELL_FDD",Reliable,340.253,27.433
2026-04-10 02:00,60,"PIC_PVM_ARASHA_UL/Cell:eNodeB Function Name=PIC_PVM_ARASHA_L, Local Cell ID=8, Cell Name=PIC_PVM_ARASHA_L7_8, eNodeB ID=43296, Cell FDD TDD indication=CELL_FDD",Reliable,549.198,36.835
2026-04-10 02:00,60,"PIC_PVM_ARASHA_UL/Cell:eNodeB Function Name=PIC_PVM_ARASHA_L, Local Cell ID=7, Cell Name=PIC_PVM_ARASHA_L7_7, eNodeB ID=43296, Cell FDD TDD indication=CELL_FDD",Reliable,36.121,6.178
2026-04-10 02:00,60,"NAP_CHO_YURALPA_UL/Cell:eNodeB Function Name=NAP_CHO_YURALPA_L, Local Cell ID=7, Cell Name=NAP_CHO_YURALPA_L7_7, eNodeB ID=43293, Cell FDD TDD indication=CELL_FDD",Reliable,27.337,3.31
2026-04-10 02:00,60,"NAP_CHO_YURALPA_UL/Cell:eNodeB Function Name=NAP_CHO_YURALPA_L, Local Cell ID=8, Cell Name=NAP_CHO_YURALPA_L7_8, eNodeB ID=43293, Cell FDD TDD indication=CELL_FDD",Reliable,291.47,23.647
2026-04-10 02:00,60,"NAP_CHO_YURALPA_UL/Cell:eNodeB Function Name=NAP_CHO_YURALPA_L, Local Cell ID=9, Cell Name=NAP_CHO_YURALPA_L7_9, eNodeB ID=43293, Cell FDD TDD indication=CELL_FDD",Reliable,11.37,4.393
2026-04-10 02:00,60,"PIC_GUA_REDONDEL_GUAYLLABAMBA_UL/Cell:eNodeB Function Name=PIC_GUA_REDONDEL_GUAYLLABAMBA_L, Local Cell ID=9, Cell Name=PIC_GUA_REDONDEL_GUAYLLABAMBA_L7_9, eNodeB ID=43319, Cell FDD TDD indication=CELL_FDD",Reliable,110.956,15.982
2026-04-10 02:00,60,"PIC_GUA_REDONDEL_GUAYLLABAMBA_UL/Cell:eNodeB Function Name=PIC_GUA_REDONDEL_GUAYLLABAMBA_L, Local Cell ID=8, Cell Name=PIC_GUA_REDONDEL_GUAYLLABAMBA_L7_8, eNodeB ID=43319, Cell FDD TDD indication=CELL_FDD",Reliable,137.637,44.768
2026-04-10 02:00,60,"PIC_GUA_REDONDEL_GUAYLLABAMBA_UL/Cell:eNodeB Function Name=PIC_GUA_REDONDEL_GUAYLLABAMBA_L, Local Cell ID=7, Cell Name=PIC_GUA_REDONDEL_GUAYLLABAMBA_L7_7, eNodeB ID=43319, Cell FDD TDD indication=CELL_FDD",Reliable,238.346,26.367
2026-04-10 02:00,60,"SUC_LIM_VICTORIA_UL/Cell:eNodeB Function Name=SUC_LIM_VICTORIA_L, Local Cell ID=9, Cell Name=SUC_LIM_VICTORIA_L7_9, eNodeB ID=43301, Cell FDD TDD indication=CELL_FDD",Reliable,439.019,57.069
2026-04-10 02:00,60,"SUC_LIM_VICTORIA_UL/Cell:eNodeB Function Name=SUC_LIM_VICTORIA_L, Local Cell ID=8, Cell Name=SUC_LIM_VICTORIA_L7_8, eNodeB ID=43301, Cell FDD TDD indication=CELL_FDD",Reliable,229.44,25.413
2026-04-10 02:00,60,"SUC_LIM_VICTORIA_UL/Cell:eNodeB Function Name=SUC_LIM_VICTORIA_L, Local Cell ID=7, Cell Name=SUC_LIM_VICTORIA_L7_7, eNodeB ID=43301, Cell FDD TDD indication=CELL_FDD",Reliable,229.885,28.003
2026-04-10 02:00,60,"ESM_ESM_SAN_MATEO_UL/Cell:eNodeB Function Name=ESM_ESM_SAN_MATEO_L, Local Cell ID=9, Cell Name=ESM_ESM_SAN_MATEO_L7_9, eNodeB ID=43283, Cell FDD TDD indication=CELL_FDD",Reliable,4.638,3.878
2026-04-10 02:00,60,"ESM_ESM_SAN_MATEO_UL/Cell:eNodeB Function Name=ESM_ESM_SAN_MATEO_L, Local Cell ID=8, Cell Name=ESM_ESM_SAN_MATEO_L7_8, eNodeB ID=43283, Cell FDD TDD indication=CELL_FDD",Reliable,172.308,12.871
2026-04-10 02:00,60,"ESM_ESM_SAN_MATEO_UL/Cell:eNodeB Function Name=ESM_ESM_SAN_MATEO_L, Local Cell ID=7, Cell Name=ESM_ESM_SAN_MATEO_L7_7, eNodeB ID=43283, Cell FDD TDD indication=CELL_FDD",Reliable,2.395,1.703
2026-04-10 02:00,60,"ESM_ESM_SANTA_CRUZ_UL/Cell:eNodeB Function Name=ESM_ESM_SANTA_CRUZ_L, Local Cell ID=9, Cell Name=ESM_ESM_SANTA_CRUZ_L7_9, eNodeB ID=43287, Cell FDD TDD indication=CELL_FDD",Reliable,142.224,3.864
2026-04-10 02:00,60,"ESM_ESM_SANTA_CRUZ_UL/Cell:eNodeB Function Name=ESM_ESM_SANTA_CRUZ_L, Local Cell ID=8, Cell Name=ESM_ESM_SANTA_CRUZ_L7_8, eNodeB ID=43287, Cell FDD TDD indication=CELL_FDD",Reliable,0.004,0.151
2026-04-10 02:00,60,"ESM_ESM_SANTA_CRUZ_UL/Cell:eNodeB Function Name=ESM_ESM_SANTA_CRUZ_L, Local Cell ID=7, Cell Name=ESM_ESM_SANTA_CRUZ_L7_7, eNodeB ID=43287, Cell FDD TDD indication=CELL_FDD",Reliable,14.299,2.606
2026-04-10 02:00,60,"ESM_MAL_MALIMPIA_UL/Cell:eNodeB Function Name=ESM_MAL_MALIMPIA_L, Local Cell ID=9, Cell Name=ESM_MAL_MALIMPIA_L7_9, eNodeB ID=43297, Cell FDD TDD indication=CELL_FDD",Reliable,90.247,8.149
2026-04-10 02:00,60,"ESM_MAL_MALIMPIA_UL/Cell:eNodeB Function Name=ESM_MAL_MALIMPIA_L, Local Cell ID=8, Cell Name=ESM_MAL_MALIMPIA_L7_8, eNodeB ID=43297, Cell FDD TDD indication=CELL_FDD",Reliable,3.278,1.138
2026-04-10 02:00,60,"ESM_MAL_MALIMPIA_UL/Cell:eNodeB Function Name=ESM_MAL_MALIMPIA_L, Local Cell ID=7, Cell Name=ESM_MAL_MALIMPIA_L7_7, eNodeB ID=43297, Cell FDD TDD indication=CELL_FDD",Reliable,216.455,27.927
2026-04-10 02:00,60,"ESM_SFR_EL_SALTO_UL/Cell:eNodeB Function Name=ESM_SFR_EL_SALTO_L, Local Cell ID=9, Cell Name=ESM_SFR_EL_SALTO_L7_9, eNodeB ID=43290, Cell FDD TDD indication=CELL_FDD",Reliable,1747.481,102.358
2026-04-10 02:00,60,"ESM_SFR_EL_SALTO_UL/Cell:eNodeB Function Name=ESM_SFR_EL_SALTO_L, Local Cell ID=8, Cell Name=ESM_SFR_EL_SALTO_L7_8, eNodeB ID=43290, Cell FDD TDD indication=CELL_FDD",Reliable,777.287,24.587
2026-04-10 02:00,60,"ESM_SFR_EL_SALTO_UL/Cell:eNodeB Function Name=ESM_SFR_EL_SALTO_L, Local Cell ID=7, Cell Name=ESM_SFR_EL_SALTO_L7_7, eNodeB ID=43290, Cell FDD TDD indication=CELL_FDD",Reliable,117.544,12.478
2026-04-10 02:00,60,"GAL_BEL_BELLAVISTA_UL/Cell:eNodeB Function Name=GAL_BEL_BELLAVISTA_L, Local Cell ID=9, Cell Name=GAL_BEL_BELLAVISTA_L7_9, eNodeB ID=43314, Cell FDD TDD indication=CELL_FDD",Reliable,292.905,22.729
2026-04-10 02:00,60,"GAL_BEL_BELLAVISTA_UL/Cell:eNodeB Function Name=GAL_BEL_BELLAVISTA_L, Local Cell ID=8, Cell Name=GAL_BEL_BELLAVISTA_L7_8, eNodeB ID=43314, Cell FDD TDD indication=CELL_FDD",Reliable,1577.028,302.647
2026-04-10 02:00,60,"GAL_BEL_BELLAVISTA_UL/Cell:eNodeB Function Name=GAL_BEL_BELLAVISTA_L, Local Cell ID=7, Cell Name=GAL_BEL_BELLAVISTA_L7_7, eNodeB ID=43314, Cell FDD TDD indication=CELL_FDD",Reliable,257.29,50.646
2026-04-10 02:00,60,"PIC_SJM_ENTR_SAN_JOSE_MINAS_UL/Cell:eNodeB Function Name=PIC_SJM_ENTR_SAN_JOSE_MINAS_L, Local Cell ID=9, Cell Name=PIC_SJM_ENTR_SAN_JOSE_MINAS_L7_9, eNodeB ID=44225, Cell FDD TDD indication=CELL_FDD",Reliable,0.061,0.079
2026-04-10 02:00,60,"PIC_SJM_ENTR_SAN_JOSE_MINAS_UL/Cell:eNodeB Function Name=PIC_SJM_ENTR_SAN_JOSE_MINAS_L, Local Cell ID=8, Cell Name=PIC_SJM_ENTR_SAN_JOSE_MINAS_L7_8, eNodeB ID=44225, Cell FDD TDD indication=CELL_FDD",Reliable,73.218,58.25
2026-04-10 02:00,60,"PIC_SJM_ENTR_SAN_JOSE_MINAS_UL/Cell:eNodeB Function Name=PIC_SJM_ENTR_SAN_JOSE_MINAS_L, Local Cell ID=7, Cell Name=PIC_SJM_ENTR_SAN_JOSE_MINAS_L7_7, eNodeB ID=44225, Cell FDD TDD indication=CELL_FDD",Reliable,16.832,24.239
2026-04-10 02:00,60,"PIC_UIO_PARQUE_CUMANDAL7/Cell:eNodeB Function Name=PIC_UIO_PARQUE_CUMANDAL7, Local Cell ID=7, Cell Name=PIC_UIO_PARQUE_CUMANDA_L7_7, eNodeB ID=43208, Cell FDD TDD indication=CELL_FDD",Reliable,138.402,5.699
2026-04-10 02:00,60,"PIC_UIO_PARQUE_CUMANDAL7/Cell:eNodeB Function Name=PIC_UIO_PARQUE_CUMANDAL7, Local Cell ID=8, Cell Name=PIC_UIO_PARQUE_CUMANDA_L7_8, eNodeB ID=43208, Cell FDD TDD indication=CELL_FDD",Reliable,3.036,0.587
2026-04-10 02:00,60,"PIC_UIO_PARQUE_CUMANDAL7/Cell:eNodeB Function Name=PIC_UIO_PARQUE_CUMANDAL7, Local Cell ID=9, Cell Name=PIC_UIO_PARQUE_CUMANDA_L7_9, eNodeB ID=43208, Cell FDD TDD indication=CELL_FDD",Reliable,15.513,4.605
2026-04-10 02:00,60,"SUC_SHU_SHUSHUFINDI_OESTE_UL/Cell:eNodeB Function Name=SUC_SHU_SHUSHUFINDI_OESTE_L, Local Cell ID=9, Cell Name=SUC_SHU_SUSHUFINDI_OESTE_L7_9, eNodeB ID=43322, Cell FDD TDD indication=CELL_FDD",Reliable,118.711,33.386
2026-04-10 02:00,60,"SUC_SHU_SHUSHUFINDI_OESTE_UL/Cell:eNodeB Function Name=SUC_SHU_SHUSHUFINDI_OESTE_L, Local Cell ID=8, Cell Name=SUC_SHU_SUSHUFINDI_OESTE_L7_8, eNodeB ID=43322, Cell FDD TDD indication=CELL_FDD",Reliable,1519.47,212.391
2026-04-10 02:00,60,"SUC_SHU_SHUSHUFINDI_OESTE_UL/Cell:eNodeB Function Name=SUC_SHU_SHUSHUFINDI_OESTE_L, Local Cell ID=7, Cell Name=SUC_SHU_SUSHUFINDI_OESTE_L7_7, eNodeB ID=43322, Cell FDD TDD indication=CELL_FDD",Reliable,765.388,159.932
2026-04-10 02:00,60,"PIC_CHI_FAJARDO_UL/Cell:eNodeB Function Name=PIC_CHI_FAJARDO_L, Local Cell ID=9, Cell Name=PIC_CHI_FAJARDO_L7_9, eNodeB ID=44247, Cell FDD TDD indication=CELL_FDD",Reliable,659.784,55.17
2026-04-10 02:00,60,"PIC_CHI_FAJARDO_UL/Cell:eNodeB Function Name=PIC_CHI_FAJARDO_L, Local Cell ID=8, Cell Name=PIC_CHI_FAJARDO_L7_8, eNodeB ID=44247, Cell FDD TDD indication=CELL_FDD",Reliable,399.264,2948.651
2026-04-10 02:00,60,"PIC_CHI_FAJARDO_UL/Cell:eNodeB Function Name=PIC_CHI_FAJARDO_L, Local Cell ID=7, Cell Name=PIC_CHI_FAJARDO_L7_7, eNodeB ID=44247, Cell FDD TDD indication=CELL_FDD",Reliable,561.564,74.997
2026-04-10 02:00,60,"ORE_LOR_LORETO_UL/Cell:eNodeB Function Name=ORE_LOR_LORETO_L, Local Cell ID=9, Cell Name=ORE_LOR_LORETO_L7_9, eNodeB ID=44866, Cell FDD TDD indication=CELL_FDD",Reliable,124.905,12.874
2026-04-10 02:00,60,"ORE_LOR_LORETO_UL/Cell:eNodeB Function Name=ORE_LOR_LORETO_L, Local Cell ID=8, Cell Name=ORE_LOR_LORETO_L7_8, eNodeB ID=44866, Cell FDD TDD indication=CELL_FDD",Reliable,8.449,3.705
2026-04-10 02:00,60,"ORE_LOR_LORETO_UL/Cell:eNodeB Function Name=ORE_LOR_LORETO_L, Local Cell ID=7, Cell Name=ORE_LOR_LORETO_L7_7, eNodeB ID=44866, Cell FDD TDD indication=CELL_FDD",Reliable,447.461,28.243
2026-04-10 02:00,60,"ORE_LOR_LORETO_UL/Cell:eNodeB Function Name=ORE_LOR_LORETO_L, Local Cell ID=10, Cell Name=ORE_LOR_LORETO_L7_10, eNodeB ID=44866, Cell FDD TDD indication=CELL_FDD",Reliable,272.798,24.467
2026-04-10 02:00,60,"PIC_UIO_JOAQUIN_MANCHENO_UL/Cell:eNodeB Function Name=PIC_UIO_JOAQUIN_MANCHENO_L, Local Cell ID=9, Cell Name=PIC_UIO_JOAQUIN_MANCHENO_9, eNodeB ID=43622, Cell FDD TDD indication=CELL_FDD",Reliable,179.169,18.303
2026-04-10 02:00,60,"PIC_UIO_JOAQUIN_MANCHENO_UL/Cell:eNodeB Function Name=PIC_UIO_JOAQUIN_MANCHENO_L, Local Cell ID=8, Cell Name=PIC_UIO_JOAQUIN_MANCHENO_8, eNodeB ID=43622, Cell FDD TDD indication=CELL_FDD",Reliable,20.918,5.572
2026-04-10 02:00,60,"PIC_UIO_JOAQUIN_MANCHENO_UL/Cell:eNodeB Function Name=PIC_UIO_JOAQUIN_MANCHENO_L, Local Cell ID=7, Cell Name=PIC_UIO_JOAQUIN_MANCHENO_7, eNodeB ID=43622, Cell FDD TDD indication=CELL_FDD",Reliable,645.438,50.617
2026-04-10 02:00,60,"COT_PUJ_PUJILI_UL/Cell:eNodeB Function Name=COT_PUJ_PUJILI_L, Local Cell ID=9, Cell Name=COT_PUJ_PUJILI_L7_9, eNodeB ID=44680, Cell FDD TDD indication=CELL_FDD",Reliable,315.465,129.145
2026-04-10 02:00,60,"COT_PUJ_PUJILI_UL/Cell:eNodeB Function Name=COT_PUJ_PUJILI_L, Local Cell ID=8, Cell Name=COT_PUJ_PUJILI_L7_8, eNodeB ID=44680, Cell FDD TDD indication=CELL_FDD",Reliable,488.375,36.676
2026-04-10 02:00,60,"COT_PUJ_PUJILI_UL/Cell:eNodeB Function Name=COT_PUJ_PUJILI_L, Local Cell ID=7, Cell Name=COT_PUJ_PUJILI_L7_7, eNodeB ID=44680, Cell FDD TDD indication=CELL_FDD",Reliable,247.891,22.076
2026-04-10 02:00,60,"TUN_AMB_HUACHI_BELEN_UL/Cell:eNodeB Function Name=TUN_AMB_HUACHI_BELEN_L, Local Cell ID=9, Cell Name=TUN_AMB_HUACHI_BELEN_L7_9, eNodeB ID=44488, Cell FDD TDD indication=CELL_FDD",Reliable,130.367,15.954
2026-04-10 02:00,60,"TUN_AMB_HUACHI_BELEN_UL/Cell:eNodeB Function Name=TUN_AMB_HUACHI_BELEN_L, Local Cell ID=8, Cell Name=TUN_AMB_HUACHI_BELEN_L7_8, eNodeB ID=44488, Cell FDD TDD indication=CELL_FDD",Reliable,424.432,29.433
2026-04-10 02:00,60,"TUN_AMB_HUACHI_BELEN_UL/Cell:eNodeB Function Name=TUN_AMB_HUACHI_BELEN_L, Local Cell ID=7, Cell Name=TUN_AMB_HUACHI_BELEN_L7_7, eNodeB ID=44488, Cell FDD TDD indication=CELL_FDD",Reliable,131.005,16.513
2026-04-10 02:00,60,"PIC_UIO_MACARENA_UL/Cell:eNodeB Function Name=PIC_UIO_MACARENA_L, Local Cell ID=9, Cell Name=PIC_UIO_MACARENA_L7_9, eNodeB ID=44226, Cell FDD TDD indication=CELL_FDD",Reliable,1093.827,135.396
2026-04-10 02:00,60,"PIC_UIO_MACARENA_UL/Cell:eNodeB Function Name=PIC_UIO_MACARENA_L, Local Cell ID=8, Cell Name=PIC_UIO_MACARENA_L7_8, eNodeB ID=44226, Cell FDD TDD indication=CELL_FDD",Reliable,75.072,13.768
2026-04-10 02:00,60,"PIC_UIO_MACARENA_UL/Cell:eNodeB Function Name=PIC_UIO_MACARENA_L, Local Cell ID=7, Cell Name=PIC_UIO_MACARENA_L7_7, eNodeB ID=44226, Cell FDD TDD indication=CELL_FDD",Reliable,395.614,35.201
2026-04-10 02:00,60,"SUC_LAG_LAGO_SALIDA_UL/Cell:eNodeB Function Name=SUC_LAG_LAGO_SALIDA_L, Local Cell ID=9, Cell Name=SUC_LAG_LAGO_SALIDA_L7_9, eNodeB ID=43640, Cell FDD TDD indication=CELL_FDD",Reliable,398.953,66.965
2026-04-10 02:00,60,"SUC_LAG_LAGO_SALIDA_UL/Cell:eNodeB Function Name=SUC_LAG_LAGO_SALIDA_L, Local Cell ID=8, Cell Name=SUC_LAG_LAGO_SALIDA_L7_8, eNodeB ID=43640, Cell FDD TDD indication=CELL_FDD",Reliable,17.333,14.485
2026-04-10 02:00,60,"SUC_LAG_LAGO_SALIDA_UL/Cell:eNodeB Function Name=SUC_LAG_LAGO_SALIDA_L, Local Cell ID=7, Cell Name=SUC_LAG_LAGO_SALIDA_L7_7, eNodeB ID=43640, Cell FDD TDD indication=CELL_FDD",Reliable,705.533,55.369
2026-04-10 02:00,60,"SUC_LAG_SANTA_CECILIA_UL/Cell:eNodeB Function Name=SUC_LAG_SANTA_CECILIA_L, Local Cell ID=9, Cell Name=SUC_LAG_SANTA_CECILIA_L7_9, eNodeB ID=44827, Cell FDD TDD indication=CELL_FDD",Reliable,8.217,6.064
2026-04-10 02:00,60,"SUC_LAG_SANTA_CECILIA_UL/Cell:eNodeB Function Name=SUC_LAG_SANTA_CECILIA_L, Local Cell ID=8, Cell Name=SUC_LAG_SANTA_CECILIA_L7_8, eNodeB ID=44827, Cell FDD TDD indication=CELL_FDD",Reliable,226.833,27.173
2026-04-10 02:00,60,"SUC_LAG_SANTA_CECILIA_UL/Cell:eNodeB Function Name=SUC_LAG_SANTA_CECILIA_L, Local Cell ID=7, Cell Name=SUC_LAG_SANTA_CECILIA_L7_7, eNodeB ID=44827, Cell FDD TDD indication=CELL_FDD",Reliable,418.822,225.909
2026-04-10 02:00,60,"PIC_UIO_109_UL (PARQUE_SUECIA)/Cell:eNodeB Function Name=PIC_UIO_PARQUE_SUECIA_L, Local Cell ID=7, Cell Name=PIC_UIO_PARQUE_SUECIA_APT_7, eNodeB ID=43552, Cell FDD TDD indication=CELL_FDD",Reliable,9.055,6.644
2026-04-10 02:00,60,"PIC_UIO_109_UL (PARQUE_SUECIA)/Cell:eNodeB Function Name=PIC_UIO_PARQUE_SUECIA_L, Local Cell ID=8, Cell Name=PIC_UIO_PARQUE_SUECIA_APT_8, eNodeB ID=43552, Cell FDD TDD indication=CELL_FDD",Reliable,131.4,13.716
2026-04-10 02:00,60,"COT_SIG_SIMAHURCO_UL/Cell:eNodeB Function Name=COT_SIG_SIMAHURCO_L, Local Cell ID=9, Cell Name=COT_SIG_SIMAHURCO_L7_9, eNodeB ID=44699, Cell FDD TDD indication=CELL_FDD",Reliable,54.883,10.983
2026-04-10 02:00,60,"COT_SIG_SIMAHURCO_UL/Cell:eNodeB Function Name=COT_SIG_SIMAHURCO_L, Local Cell ID=8, Cell Name=COT_SIG_SIMAHURCO_L7_8, eNodeB ID=44699, Cell FDD TDD indication=CELL_FDD",Reliable,9.419,13.098
2026-04-10 02:00,60,"COT_SIG_SIMAHURCO_UL/Cell:eNodeB Function Name=COT_SIG_SIMAHURCO_L, Local Cell ID=7, Cell Name=COT_SIG_SIMAHURCO_L7_7, eNodeB ID=44699, Cell FDD TDD indication=CELL_FDD",Reliable,60.367,57.003
2026-04-10 02:00,60,"ORE_JOY_ENOKANQUI_UL/Cell:eNodeB Function Name=ORE_JOY_ENOKANQUI_L, Local Cell ID=9, Cell Name=ORE_JOY_ENOKANQUI_L7_9, eNodeB ID=44865, Cell FDD TDD indication=CELL_FDD",Reliable,1.078,0.426
2026-04-10 02:00,60,"ORE_JOY_ENOKANQUI_UL/Cell:eNodeB Function Name=ORE_JOY_ENOKANQUI_L, Local Cell ID=8, Cell Name=ORE_JOY_ENOKANQUI_L7_8, eNodeB ID=44865, Cell FDD TDD indication=CELL_FDD",Reliable,310.949,57.709
2026-04-10 02:00,60,"ORE_JOY_ENOKANQUI_UL/Cell:eNodeB Function Name=ORE_JOY_ENOKANQUI_L, Local Cell ID=7, Cell Name=ORE_JOY_ENOKANQUI_L7_7, eNodeB ID=44865, Cell FDD TDD indication=CELL_FDD",Reliable,538.131,181.099
2026-04-10 02:00,60,"CAR_TUL_TANQUES_DE_AGUA_UL/Cell:eNodeB Function Name=CAR_TUL_TANQUES_DE_AGUA_L, Local Cell ID=7, Cell Name=CAR_TUL_TANQUES_DE_AGUA_APT_7, eNodeB ID=44838, Cell FDD TDD indication=CELL_FDD",Reliable,178.533,57.781
2026-04-10 02:00,60,"CAR_TUL_TANQUES_DE_AGUA_UL/Cell:eNodeB Function Name=CAR_TUL_TANQUES_DE_AGUA_L, Local Cell ID=8, Cell Name=CAR_TUL_TANQUES_DE_AGUA_APT_8, eNodeB ID=44838, Cell FDD TDD indication=CELL_FDD",Reliable,115.507,19.702
2026-04-10 02:00,60,"CAR_TUL_TANQUES_DE_AGUA_UL/Cell:eNodeB Function Name=CAR_TUL_TANQUES_DE_AGUA_L, Local Cell ID=9, Cell Name=CAR_TUL_TANQUES_DE_AGUA_APT_9, eNodeB ID=44838, Cell FDD TDD indication=CELL_FDD",Reliable,212.434,17.13
2026-04-10 02:00,60,"PIC_UIO_MIRALOMA_EL_INCA_UL/Cell:eNodeB Function Name=PIC_UIO_MIRALOMA_EL_INCA_L, Local Cell ID=8, Cell Name=PIC_UIO_MIRALOMA_EL_INCA_L7_8, eNodeB ID=44356, Cell FDD TDD indication=CELL_FDD",Reliable,462.235,114.79
2026-04-10 02:00,60,"PIC_UIO_MIRALOMA_EL_INCA_UL/Cell:eNodeB Function Name=PIC_UIO_MIRALOMA_EL_INCA_L, Local Cell ID=7, Cell Name=PIC_UIO_MIRALOMA_EL_INCA_L7_7, eNodeB ID=44356, Cell FDD TDD indication=CELL_FDD",Reliable,586.523,56.056
2026-04-10 02:00,60,"PI_UIO_CIPRESES_UL/Cell:eNodeB Function Name=PI_UIO_CIPRESESL21, Local Cell ID=1, Cell Name=PI_UIO_CIPRESES_1, eNodeB ID=44100, Cell FDD TDD indication=CELL_FDD",Reliable,4.78,1.572
2026-04-10 02:00,60,"PI_UIO_CIPRESES_UL/Cell:eNodeB Function Name=PI_UIO_CIPRESESL21, Local Cell ID=2, Cell Name=PI_UIO_CIPRESES_2, eNodeB ID=44100, Cell FDD TDD indication=CELL_FDD",Reliable,0.027,0.078
2026-04-10 02:00,60,"PIC_UIO_LOS_CABILDOS_ULN/Cell:eNodeB Function Name=PI_UIO_LOS_CABILDOSL21, Local Cell ID=1, Cell Name=PI_UIO_LOS_CABILDOS_1, eNodeB ID=44152, Cell FDD TDD indication=CELL_FDD",Reliable,152.799,6.666
2026-04-10 02:00,60,"PIC_UIO_LOS_CABILDOS_ULN/Cell:eNodeB Function Name=PI_UIO_LOS_CABILDOSL21, Local Cell ID=2, Cell Name=PI_UIO_LOS_CABILDOS_2, eNodeB ID=44152, Cell FDD TDD indication=CELL_FDD",Reliable,32.41,10.101
2026-04-10 02:00,60,"PI_UIO_LOS_TUNELES_UL/Cell:eNodeB Function Name=PI_UIO_LOS_TUNELESL21, Local Cell ID=1, Cell Name=PI_UIO_LOS_TUNELES_1, eNodeB ID=44153, Cell FDD TDD indication=CELL_FDD",Reliable,4.496,0.997
2026-04-10 02:00,60,"PI_UIO_LOS_TUNELES_UL/Cell:eNodeB Function Name=PI_UIO_LOS_TUNELESL21, Local Cell ID=2, Cell Name=PI_UIO_LOS_TUNELES_2, eNodeB ID=44153, Cell FDD TDD indication=CELL_FDD",Reliable,598.099,47.539
2026-04-10 02:00,60,"TU_AMB_COL_TEC_GUAYAQUIL_UL/Cell:eNodeB Function Name=TU_AMB_COL_TEC_GUAYAQUIL_L, Local Cell ID=3, Cell Name=TU_AMB_COL_TEC_GUAYAQUIL_3, eNodeB ID=44469, Cell FDD TDD indication=CELL_FDD",Reliable,81.396,10.117
2026-04-10 02:00,60,"TU_AMB_COL_TEC_GUAYAQUIL_UL/Cell:eNodeB Function Name=TU_AMB_COL_TEC_GUAYAQUIL_L, Local Cell ID=2, Cell Name=TU_AMB_COL_TEC_GUAYAQUIL_2, eNodeB ID=44469, Cell FDD TDD indication=CELL_FDD",Reliable,20.073,3.813
2026-04-10 02:00,60,"TU_AMB_COL_TEC_GUAYAQUIL_UL/Cell:eNodeB Function Name=TU_AMB_COL_TEC_GUAYAQUIL_L, Local Cell ID=1, Cell Name=TU_AMB_COL_TEC_GUAYAQUIL_1, eNodeB ID=44469, Cell FDD TDD indication=CELL_FDD",Reliable,32.517,3.167
2026-04-10 02:00,60,"AZU_CUE_HUAYNA_CAPAC_UL/Cell:eNodeB Function Name=AZU_CUE_HUAYNA_CAPAC_L, Local Cell ID=3, Cell Name=AZU_CUE_HUAYNA_CAPAC_L21_3, eNodeB ID=22149, Cell FDD TDD indication=CELL_FDD",Reliable,4.651,1.398
2026-04-10 02:00,60,"AZU_CUE_HUAYNA_CAPAC_UL/Cell:eNodeB Function Name=AZU_CUE_HUAYNA_CAPAC_L, Local Cell ID=2, Cell Name=AZU_CUE_HUAYNA_CAPAC_L21_2, eNodeB ID=22149, Cell FDD TDD indication=CELL_FDD",Reliable,276.202,22.331
2026-04-10 02:00,60,"AZU_CUE_HUAYNA_CAPAC_UL/Cell:eNodeB Function Name=AZU_CUE_HUAYNA_CAPAC_L, Local Cell ID=1, Cell Name=AZU_CUE_HUAYNA_CAPAC_L21_1, eNodeB ID=22149, Cell FDD TDD indication=CELL_FDD",Reliable,227.212,17.518
2026-04-10 02:00,60,"AZU_CUE_LA_SALLE_UL/Cell:eNodeB Function Name=AZU_CUE_LA_SALLE_L, Local Cell ID=9, Cell Name=AZU_CUE_LA_SALLE_L7_9, eNodeB ID=22168, Cell FDD TDD indication=CELL_FDD",Reliable,21.903,5.48
2026-04-10 02:00,60,"AZU_CUE_LA_SALLE_UL/Cell:eNodeB Function Name=AZU_CUE_LA_SALLE_L, Local Cell ID=8, Cell Name=AZU_CUE_LA_SALLE_L7_8, eNodeB ID=22168, Cell FDD TDD indication=CELL_FDD",Reliable,8.239,2.573
2026-04-10 02:00,60,"AZU_CUE_LA_SALLE_UL/Cell:eNodeB Function Name=AZU_CUE_LA_SALLE_L, Local Cell ID=7, Cell Name=AZU_CUE_LA_SALLE_L7_7, eNodeB ID=22168, Cell FDD TDD indication=CELL_FDD",Reliable,230.07,22.62
2026-04-10 02:00,60,"AZU_CUE_SOLCA_UL/Cell:eNodeB Function Name=AZU_CUE_SOLCA_L, Local Cell ID=9, Cell Name=AZU_CUE_SOLCA_L7_9, eNodeB ID=22131, Cell FDD TDD indication=CELL_FDD",Reliable,12.533,2.07
2026-04-10 02:00,60,"AZU_CUE_SOLCA_UL/Cell:eNodeB Function Name=AZU_CUE_SOLCA_L, Local Cell ID=8, Cell Name=AZU_CUE_SOLCA_L7_8, eNodeB ID=22131, Cell FDD TDD indication=CELL_FDD",Reliable,47.093,5.781
2026-04-10 02:00,60,"AZU_CUE_SOLCA_UL/Cell:eNodeB Function Name=AZU_CUE_SOLCA_L, Local Cell ID=7, Cell Name=AZU_CUE_SOLCA_L7_7, eNodeB ID=22131, Cell FDD TDD indication=CELL_FDD",Reliable,103.6,9.16
2026-04-10 02:00,60,"NAP_BAE_CUYUJA_UL/Cell:eNodeB Function Name=NAP_BAE_CUYUJA_L, Local Cell ID=8, Cell Name=NAP_BAE_CUYUJA_L7_8, eNodeB ID=44899, Cell FDD TDD indication=CELL_FDD",Reliable,36.101,4.97
2026-04-10 02:00,60,"NAP_BAE_CUYUJA_UL/Cell:eNodeB Function Name=NAP_BAE_CUYUJA_L, Local Cell ID=7, Cell Name=NAP_BAE_CUYUJA_L7_7, eNodeB ID=44899, Cell FDD TDD indication=CELL_FDD",Reliable,416.501,30.945
2026-04-10 02:00,60,"AZU_CUE_FATIMA_UL/Cell:eNodeB Function Name=AZU_CUE_FATIMA_L, Local Cell ID=3, Cell Name=AZU_CUE_FATIMA_L21_3, eNodeB ID=22132, Cell FDD TDD indication=CELL_FDD",Reliable,158.521,6.662
2026-04-10 02:00,60,"AZU_CUE_FATIMA_UL/Cell:eNodeB Function Name=AZU_CUE_FATIMA_L, Local Cell ID=2, Cell Name=AZU_CUE_FATIMA_L21_2, eNodeB ID=22132, Cell FDD TDD indication=CELL_FDD",Reliable,135.138,15.899
2026-04-10 02:00,60,"AZU_CUE_FATIMA_UL/Cell:eNodeB Function Name=AZU_CUE_FATIMA_L, Local Cell ID=1, Cell Name=AZU_CUE_FATIMA_L21_1, eNodeB ID=22132, Cell FDD TDD indication=CELL_FDD",Reliable,38.364,2.088
2026-04-10 02:00,60,"AZU_CUE_ORDONEZ_UL/Cell:eNodeB Function Name=AZU_CUE_ORDONEZ_L, Local Cell ID=9, Cell Name=AZU_CUE_ORDONEZ_L7_9, eNodeB ID=22216, Cell FDD TDD indication=CELL_FDD",Reliable,44.966,2.967
2026-04-10 02:00,60,"AZU_CUE_ORDONEZ_UL/Cell:eNodeB Function Name=AZU_CUE_ORDONEZ_L, Local Cell ID=8, Cell Name=AZU_CUE_ORDONEZ_L7_8, eNodeB ID=22216, Cell FDD TDD indication=CELL_FDD",Reliable,0.801,9.608
2026-04-10 02:00,60,"AZU_CUE_ORDONEZ_UL/Cell:eNodeB Function Name=AZU_CUE_ORDONEZ_L, Local Cell ID=7, Cell Name=AZU_CUE_ORDONEZ_L7_7, eNodeB ID=22216, Cell FDD TDD indication=CELL_FDD",Reliable,80.231,3.914
2026-04-10 02:00,60,"AZU_CUE_BATAN_UL/Cell:eNodeB Function Name=AZU_CUE_BATAN_L, Local Cell ID=9, Cell Name=AZU_CUE_BATAN_L7_9, eNodeB ID=22140, Cell FDD TDD indication=CELL_FDD",Reliable,50.446,14.186
2026-04-10 02:00,60,"AZU_CUE_BATAN_UL/Cell:eNodeB Function Name=AZU_CUE_BATAN_L, Local Cell ID=8, Cell Name=AZU_CUE_BATAN_L7_8, eNodeB ID=22140, Cell FDD TDD indication=CELL_FDD",Reliable,128.595,20.674
2026-04-10 02:00,60,"AZU_CUE_BATAN_UL/Cell:eNodeB Function Name=AZU_CUE_BATAN_L, Local Cell ID=7, Cell Name=AZU_CUE_BATAN_L7_7, eNodeB ID=22140, Cell FDD TDD indication=CELL_FDD",Reliable,519.88,601.217
2026-04-10 02:00,60,"AZU_CUE_BATAN_UL/Cell:eNodeB Function Name=AZU_CUE_BATAN_L, Local Cell ID=3, Cell Name=AZU_CUE_BATAN_L21_3, eNodeB ID=22140, Cell FDD TDD indication=CELL_FDD",Reliable,10.87,4.21
2026-04-10 02:00,60,"AZU_CUE_BATAN_UL/Cell:eNodeB Function Name=AZU_CUE_BATAN_L, Local Cell ID=2, Cell Name=AZU_CUE_BATAN_L21_2, eNodeB ID=22140, Cell FDD TDD indication=CELL_FDD",Reliable,36.613,2.862
2026-04-10 02:00,60,"AZU_CUE_BATAN_UL/Cell:eNodeB Function Name=AZU_CUE_BATAN_L, Local Cell ID=1, Cell Name=AZU_CUE_BATAN_L21_1, eNodeB ID=22140, Cell FDD TDD indication=CELL_FDD",Reliable,451.102,33.296
2026-04-10 02:00,60,"AZU_CUE_REMIGIO_UL/Cell:eNodeB Function Name=AZU_CUE_REMIGIO_L, Local Cell ID=3, Cell Name=AZU_CUE_REMIGIO_L21_3, eNodeB ID=22141, Cell FDD TDD indication=CELL_FDD",Reliable,0.239,0.265
2026-04-10 02:00,60,"AZU_CUE_REMIGIO_UL/Cell:eNodeB Function Name=AZU_CUE_REMIGIO_L, Local Cell ID=2, Cell Name=AZU_CUE_REMIGIO_L21_2, eNodeB ID=22141, Cell FDD TDD indication=CELL_FDD",Reliable,9.267,2.295
2026-04-10 02:00,60,"AZU_CUE_REMIGIO_UL/Cell:eNodeB Function Name=AZU_CUE_REMIGIO_L, Local Cell ID=1, Cell Name=AZU_CUE_REMIGIO_L21_1, eNodeB ID=22141, Cell FDD TDD indication=CELL_FDD",Reliable,4.083,1.685
2026-04-10 02:00,60,"AZU_CUE_ORO_VERDE_UL/Cell:eNodeB Function Name=AZU_CUE_ORO_VERDE_L, Local Cell ID=9, Cell Name=AZU_CUE_ORO_VERDE_L7_9, eNodeB ID=22158, Cell FDD TDD indication=CELL_FDD",Reliable,64.424,3.826
2026-04-10 02:00,60,"AZU_CUE_ORO_VERDE_UL/Cell:eNodeB Function Name=AZU_CUE_ORO_VERDE_L, Local Cell ID=8, Cell Name=AZU_CUE_ORO_VERDE_L7_8, eNodeB ID=22158, Cell FDD TDD indication=CELL_FDD",Reliable,44.403,5.07
2026-04-10 02:00,60,"AZU_CUE_ORO_VERDE_UL/Cell:eNodeB Function Name=AZU_CUE_ORO_VERDE_L, Local Cell ID=7, Cell Name=AZU_CUE_ORO_VERDE_L7_7, eNodeB ID=22158, Cell FDD TDD indication=CELL_FDD",Reliable,206.004,13.247
2026-04-10 02:00,60,"AZU_CUE_ORO_VERDE_UL/Cell:eNodeB Function Name=AZU_CUE_ORO_VERDE_L, Local Cell ID=3, Cell Name=AZU_CUE_ORO_VERDE_L21_3, eNodeB ID=22158, Cell FDD TDD indication=CELL_FDD",Reliable,24.232,4.987
2026-04-10 02:00,60,"AZU_CUE_ORO_VERDE_UL/Cell:eNodeB Function Name=AZU_CUE_ORO_VERDE_L, Local Cell ID=2, Cell Name=AZU_CUE_ORO_VERDE_L21_2, eNodeB ID=22158, Cell FDD TDD indication=CELL_FDD",Reliable,66.075,18.427
2026-04-10 02:00,60,"AZU_CUE_ORO_VERDE_UL/Cell:eNodeB Function Name=AZU_CUE_ORO_VERDE_L, Local Cell ID=1, Cell Name=AZU_CUE_ORO_VERDE_L21_1, eNodeB ID=22158, Cell FDD TDD indication=CELL_FDD",Reliable,118.018,3.366
2026-04-10 02:00,60,"AZU_CUE_DEL_ARRIERO_UL/Cell:eNodeB Function Name=AZU_CUE_DEL_ARRIERO_L, Local Cell ID=9, Cell Name=AZU_CUE_DELARRIERO_L7_9, eNodeB ID=22219, Cell FDD TDD indication=CELL_FDD",Reliable,44.177,9.583
2026-04-10 02:00,60,"AZU_CUE_DEL_ARRIERO_UL/Cell:eNodeB Function Name=AZU_CUE_DEL_ARRIERO_L, Local Cell ID=8, Cell Name=AZU_CUE_DELARRIERO_L7_8, eNodeB ID=22219, Cell FDD TDD indication=CELL_FDD",Reliable,31.466,5.382
2026-04-10 02:00,60,"AZU_CUE_DEL_ARRIERO_UL/Cell:eNodeB Function Name=AZU_CUE_DEL_ARRIERO_L, Local Cell ID=7, Cell Name=AZU_CUE_DELARRIERO_L7_7, eNodeB ID=22219, Cell FDD TDD indication=CELL_FDD",Reliable,255.693,19.314
2026-04-10 02:00,60,"AZU_CUE_DON_BOSCO_UL/Cell:eNodeB Function Name=AZU_CUE_DON_BOSCO_L, Local Cell ID=9, Cell Name=AZU_CUE_DON_BOSCO_L7_9, eNodeB ID=22174, Cell FDD TDD indication=CELL_FDD",Reliable,39.935,4.767
2026-04-10 02:00,60,"AZU_CUE_DON_BOSCO_UL/Cell:eNodeB Function Name=AZU_CUE_DON_BOSCO_L, Local Cell ID=8, Cell Name=AZU_CUE_DON_BOSCO_L7_8, eNodeB ID=22174, Cell FDD TDD indication=CELL_FDD",Reliable,6.001,2.685
2026-04-10 02:00,60,"AZU_CUE_DON_BOSCO_UL/Cell:eNodeB Function Name=AZU_CUE_DON_BOSCO_L, Local Cell ID=7, Cell Name=AZU_CUE_DON_BOSCO_L7_7, eNodeB ID=22174, Cell FDD TDD indication=CELL_FDD",Reliable,28.262,107.788
2026-04-10 02:00,60,"AZU_CUE_DON_BOSCO_UL/Cell:eNodeB Function Name=AZU_CUE_DON_BOSCO_L, Local Cell ID=3, Cell Name=AZU_CUE_DON_BOSCO_L21_3, eNodeB ID=22174, Cell FDD TDD indication=CELL_FDD",Reliable,0.438,0.308
2026-04-10 02:00,60,"AZU_CUE_DON_BOSCO_UL/Cell:eNodeB Function Name=AZU_CUE_DON_BOSCO_L, Local Cell ID=2, Cell Name=AZU_CUE_DON_BOSCO_L21_2, eNodeB ID=22174, Cell FDD TDD indication=CELL_FDD",Reliable,85.759,29.835
2026-04-10 02:00,60,"AZU_CUE_DON_BOSCO_UL/Cell:eNodeB Function Name=AZU_CUE_DON_BOSCO_L, Local Cell ID=1, Cell Name=AZU_CUE_DON_BOSCO_L21_1, eNodeB ID=22174, Cell FDD TDD indication=CELL_FDD",Reliable,71.049,13.941
2026-04-10 02:00,60,"AZU_CUE_LA_VICTORIA_UL/Cell:eNodeB Function Name=AZU_CUE_LA_VICTORIA_L, Local Cell ID=9, Cell Name=AZU_CUE_LA_VICTORIA_L7_9, eNodeB ID=22229, Cell FDD TDD indication=CELL_FDD",Reliable,4.312,1.914
2026-04-10 02:00,60,"AZU_CUE_LA_VICTORIA_UL/Cell:eNodeB Function Name=AZU_CUE_LA_VICTORIA_L, Local Cell ID=8, Cell Name=AZU_CUE_LA_VICTORIA_L7_8, eNodeB ID=22229, Cell FDD TDD indication=CELL_FDD",Reliable,86.629,7.334
2026-04-10 02:00,60,"AZU_CUE_LA_VICTORIA_UL/Cell:eNodeB Function Name=AZU_CUE_LA_VICTORIA_L, Local Cell ID=7, Cell Name=AZU_CUE_LA_VICTORIA_L7_7, eNodeB ID=22229, Cell FDD TDD indication=CELL_FDD",Reliable,0.923,0.465
2026-04-10 02:00,60,"AZU_CUE_MISICATA_UL/Cell:eNodeB Function Name=AZU_CUE_MISICATA_L, Local Cell ID=9, Cell Name=AZU_CUE_MISICATA_L7_9, eNodeB ID=22227, Cell FDD TDD indication=CELL_FDD",Reliable,10.319,3.397
2026-04-10 02:00,60,"AZU_CUE_MISICATA_UL/Cell:eNodeB Function Name=AZU_CUE_MISICATA_L, Local Cell ID=8, Cell Name=AZU_CUE_MISICATA_L7_8, eNodeB ID=22227, Cell FDD TDD indication=CELL_FDD",Reliable,0.068,0.052
2026-04-10 02:00,60,"AZU_CUE_MISICATA_UL/Cell:eNodeB Function Name=AZU_CUE_MISICATA_L, Local Cell ID=7, Cell Name=AZU_CUE_MISICATA_L7_7, eNodeB ID=22227, Cell FDD TDD indication=CELL_FDD",Reliable,440.831,26.944
2026-04-10 02:00,60,"AZU_CUE_YANUNCAY_UL/Cell:eNodeB Function Name=AZU_CUE_YANUNCAY_L, Local Cell ID=9, Cell Name=AZU_CUE_YANUNCAY_L7_9, eNodeB ID=22173, Cell FDD TDD indication=CELL_FDD",Reliable,1081.757,13.239
2026-04-10 02:00,60,"AZU_CUE_YANUNCAY_UL/Cell:eNodeB Function Name=AZU_CUE_YANUNCAY_L, Local Cell ID=8, Cell Name=AZU_CUE_YANUNCAY_L7_8, eNodeB ID=22173, Cell FDD TDD indication=CELL_FDD",Reliable,37.417,8.441
2026-04-10 02:00,60,"AZU_CUE_YANUNCAY_UL/Cell:eNodeB Function Name=AZU_CUE_YANUNCAY_L, Local Cell ID=7, Cell Name=AZU_CUE_YANUNCAY_L7_7, eNodeB ID=22173, Cell FDD TDD indication=CELL_FDD",Reliable,82.154,169.349
2026-04-10 02:00,60,"AZU_CUE_NARANCAY_UL/Cell:eNodeB Function Name=AZU_CUE_NARANCAY_L, Local Cell ID=9, Cell Name=AZU_CUE_NARANCAY_L7_9, eNodeB ID=22565, Cell FDD TDD indication=CELL_FDD",Reliable,0.576,0.442
2026-04-10 02:00,60,"AZU_CUE_NARANCAY_UL/Cell:eNodeB Function Name=AZU_CUE_NARANCAY_L, Local Cell ID=8, Cell Name=AZU_CUE_NARANCAY_L7_8, eNodeB ID=22565, Cell FDD TDD indication=CELL_FDD",Reliable,154.509,17.41
2026-04-10 02:00,60,"AZU_CUE_NARANCAY_UL/Cell:eNodeB Function Name=AZU_CUE_NARANCAY_L, Local Cell ID=7, Cell Name=AZU_CUE_NARANCAY_L7_7, eNodeB ID=22565, Cell FDD TDD indication=CELL_FDD",Reliable,1602.603,73.339
2026-04-10 02:00,60,"AZU_CUE_RIO_SOL_UL/Cell:eNodeB Function Name=AZU_CUE_RIO_SOL_L, Local Cell ID=9, Cell Name=AZU_CUE_RIO_SOL_L7_9, eNodeB ID=22152, Cell FDD TDD indication=CELL_FDD",Reliable,9.032,1.525
2026-04-10 02:00,60,"AZU_CUE_RIO_SOL_UL/Cell:eNodeB Function Name=AZU_CUE_RIO_SOL_L, Local Cell ID=8, Cell Name=AZU_CUE_RIO_SOL_L7_8, eNodeB ID=22152, Cell FDD TDD indication=CELL_FDD",Reliable,693.166,39.288
2026-04-10 02:00,60,"AZU_CUE_RIO_SOL_UL/Cell:eNodeB Function Name=AZU_CUE_RIO_SOL_L, Local Cell ID=7, Cell Name=AZU_CUE_RIO_SOL_L7_7, eNodeB ID=22152, Cell FDD TDD indication=CELL_FDD",Reliable,75.236,7.775
2026-04-10 02:00,60,"AZU_CUE_PARQUE_INDUSTRIAL_UL/Cell:eNodeB Function Name=AZU_CUE_PARQUE_INDUSTRIAL_L, Local Cell ID=9, Cell Name=AZU_CUE_PARQUE_INDUSTRIAL_L7_9, eNodeB ID=22170, Cell FDD TDD indication=CELL_FDD",Reliable,595.305,51.886
2026-04-10 02:00,60,"AZU_CUE_PARQUE_INDUSTRIAL_UL/Cell:eNodeB Function Name=AZU_CUE_PARQUE_INDUSTRIAL_L, Local Cell ID=8, Cell Name=AZU_CUE_PARQUE_INDUSTRIAL_L7_8, eNodeB ID=22170, Cell FDD TDD indication=CELL_FDD",Reliable,7.681,2.685
2026-04-10 02:00,60,"AZU_CUE_PARQUE_INDUSTRIAL_UL/Cell:eNodeB Function Name=AZU_CUE_PARQUE_INDUSTRIAL_L, Local Cell ID=7, Cell Name=AZU_CUE_PARQUE_INDUSTRIAL_L7_7, eNodeB ID=22170, Cell FDD TDD indication=CELL_FDD",Reliable,23.012,5.528
2026-04-10 02:00,60,"AZU_CUE_PARQUE_INDUSTRIAL_UL/Cell:eNodeB Function Name=AZU_CUE_PARQUE_INDUSTRIAL_L, Local Cell ID=3, Cell Name=AZU_CUE_PARQUE_INDUSTRIAL_L21_3, eNodeB ID=22170, Cell FDD TDD indication=CELL_FDD",Reliable,1698.903,279.96
2026-04-10 02:00,60,"AZU_CUE_PARQUE_INDUSTRIAL_UL/Cell:eNodeB Function Name=AZU_CUE_PARQUE_INDUSTRIAL_L, Local Cell ID=2, Cell Name=AZU_CUE_PARQUE_INDUSTRIAL_L21_2, eNodeB ID=22170, Cell FDD TDD indication=CELL_FDD",Reliable,10.878,14.934
2026-04-10 02:00,60,"AZU_CUE_PARQUE_INDUSTRIAL_UL/Cell:eNodeB Function Name=AZU_CUE_PARQUE_INDUSTRIAL_L, Local Cell ID=1, Cell Name=AZU_CUE_PARQUE_INDUSTRIAL_L21_1, eNodeB ID=22170, Cell FDD TDD indication=CELL_FDD",Reliable,653.432,74.507
2026-04-10 02:00,60,"AZU_CUE_PATAMARCA_UL/Cell:eNodeB Function Name=AZU_CUE_PATAMARCA_L, Local Cell ID=9, Cell Name=AZU_CUE_PATAMARCA_L7_9, eNodeB ID=22147, Cell FDD TDD indication=CELL_FDD",Reliable,473.786,47.437
2026-04-10 02:00,60,"AZU_CUE_PATAMARCA_UL/Cell:eNodeB Function Name=AZU_CUE_PATAMARCA_L, Local Cell ID=8, Cell Name=AZU_CUE_PATAMARCA_L7_8, eNodeB ID=22147, Cell FDD TDD indication=CELL_FDD",Reliable,0.787,0.48
2026-04-10 02:00,60,"AZU_CUE_PATAMARCA_UL/Cell:eNodeB Function Name=AZU_CUE_PATAMARCA_L, Local Cell ID=7, Cell Name=AZU_CUE_PATAMARCA_L7_7, eNodeB ID=22147, Cell FDD TDD indication=CELL_FDD",Reliable,54.639,3.566
2026-04-10 02:00,60,"AZU_CUE_UNE_CUENCA_UL/Cell:eNodeB Function Name=AZU_CUE_UNE_CUENCA_L, Local Cell ID=9, Cell Name=AZU_CUE_UNECUENCA_L7_9, eNodeB ID=22218, Cell FDD TDD indication=CELL_FDD",Reliable,8.91,2.679
2026-04-10 02:00,60,"AZU_CUE_UNE_CUENCA_UL/Cell:eNodeB Function Name=AZU_CUE_UNE_CUENCA_L, Local Cell ID=8, Cell Name=AZU_CUE_UNECUENCA_L7_8, eNodeB ID=22218, Cell FDD TDD indication=CELL_FDD",Reliable,416.977,27.403
2026-04-10 02:00,60,"AZU_CUE_UNE_CUENCA_UL/Cell:eNodeB Function Name=AZU_CUE_UNE_CUENCA_L, Local Cell ID=7, Cell Name=AZU_CUE_UNECUENCA_L7_7, eNodeB ID=22218, Cell FDD TDD indication=CELL_FDD",Reliable,1178.563,34.168
2026-04-10 02:00,60,"AZU_CUE_CHAULLABAMBA_UL/Cell:eNodeB Function Name=AZU_CUE_CHAULLABAMBA_L, Local Cell ID=9, Cell Name=AZU_CUE_CHAULLABAMBA_L7_9, eNodeB ID=22150, Cell FDD TDD indication=CELL_FDD",Reliable,93.089,5.414
2026-04-10 02:00,60,"AZU_CUE_CHAULLABAMBA_UL/Cell:eNodeB Function Name=AZU_CUE_CHAULLABAMBA_L, Local Cell ID=8, Cell Name=AZU_CUE_CHAULLABAMBA_L7_8, eNodeB ID=22150, Cell FDD TDD indication=CELL_FDD",Reliable,201.413,108.34
2026-04-10 02:00,60,"AZU_CUE_CHAULLABAMBA_UL/Cell:eNodeB Function Name=AZU_CUE_CHAULLABAMBA_L, Local Cell ID=7, Cell Name=AZU_CUE_CHAULLABAMBA_L7_7, eNodeB ID=22150, Cell FDD TDD indication=CELL_FDD",Reliable,24.578,1.271
2026-04-10 02:00,60,"AZU_CUE_CHAULLABAMBA_NORTE_UL/Cell:eNodeB Function Name=AZU_CUE_CHAULLABAMBA_NORTE_L, Local Cell ID=9, Cell Name=AZU_CUE_CHAULLABAMBA_NORTE_L7_9, eNodeB ID=22550, Cell FDD TDD indication=CELL_FDD",Reliable,29.222,2.442
2026-04-10 02:00,60,"AZU_CUE_CHAULLABAMBA_NORTE_UL/Cell:eNodeB Function Name=AZU_CUE_CHAULLABAMBA_NORTE_L, Local Cell ID=8, Cell Name=AZU_CUE_CHAULLABAMBA_NORTE_L7_8, eNodeB ID=22550, Cell FDD TDD indication=CELL_FDD",Reliable,2.905,2.199
2026-04-10 02:00,60,"AZU_CUE_CHAULLABAMBA_NORTE_UL/Cell:eNodeB Function Name=AZU_CUE_CHAULLABAMBA_NORTE_L, Local Cell ID=7, Cell Name=AZU_CUE_CHAULLABAMBA_NORTE_L7_7, eNodeB ID=22550, Cell FDD TDD indication=CELL_FDD",Reliable,24.273,2.667
2026-04-10 02:00,60,"AZU_CUE_RICACUENCA2_UL/Cell:eNodeB Function Name=AZU_CUE_RICACUENCA2_L, Local Cell ID=9, Cell Name=AZU_CUE_RICACUENCA2_L7_9, eNodeB ID=22211, Cell FDD TDD indication=CELL_FDD",Reliable,112.826,26.81
2026-04-10 02:00,60,"AZU_CUE_RICACUENCA2_UL/Cell:eNodeB Function Name=AZU_CUE_RICACUENCA2_L, Local Cell ID=8, Cell Name=AZU_CUE_RICACUENCA2_L7_8, eNodeB ID=22211, Cell FDD TDD indication=CELL_FDD",Reliable,50.415,8.384
2026-04-10 02:00,60,"AZU_CUE_RICACUENCA2_UL/Cell:eNodeB Function Name=AZU_CUE_RICACUENCA2_L, Local Cell ID=7, Cell Name=AZU_CUE_RICACUENCA2_L7_7, eNodeB ID=22211, Cell FDD TDD indication=CELL_FDD",Reliable,291.204,25.459
2026-04-10 02:00,60,"AZU_CUE_CHIQUINTAD_UL/Cell:eNodeB Function Name=AZU_CUE_CHIQUINTAD_L, Local Cell ID=9, Cell Name=AZU_CUE_CHIQUINTAD_L7_9, eNodeB ID=22547, Cell FDD TDD indication=CELL_FDD",Reliable,14.721,5.187
2026-04-10 02:00,60,"AZU_CUE_CHIQUINTAD_UL/Cell:eNodeB Function Name=AZU_CUE_CHIQUINTAD_L, Local Cell ID=8, Cell Name=AZU_CUE_CHIQUINTAD_L7_8, eNodeB ID=22547, Cell FDD TDD indication=CELL_FDD",Reliable,125.429,5.672
2026-04-10 02:00,60,"AZU_CUE_CHIQUINTAD_UL/Cell:eNodeB Function Name=AZU_CUE_CHIQUINTAD_L, Local Cell ID=7, Cell Name=AZU_CUE_CHIQUINTAD_L7_7, eNodeB ID=22547, Cell FDD TDD indication=CELL_FDD",Reliable,81.737,3.918
2026-04-10 02:00,60,"AZU_CUE_MAYANCELA_UL/Cell:eNodeB Function Name=AZU_CUE_MAYANCELA_L, Local Cell ID=9, Cell Name=AZU_CUE_MAYANCELA_L7_9, eNodeB ID=22558, Cell FDD TDD indication=CELL_FDD",Reliable,6.685,1.681
2026-04-10 02:00,60,"AZU_CUE_MAYANCELA_UL/Cell:eNodeB Function Name=AZU_CUE_MAYANCELA_L, Local Cell ID=8, Cell Name=AZU_CUE_MAYANCELA_L7_8, eNodeB ID=22558, Cell FDD TDD indication=CELL_FDD",Reliable,22.035,4.941
2026-04-10 02:00,60,"AZU_CUE_MAYANCELA_UL/Cell:eNodeB Function Name=AZU_CUE_MAYANCELA_L, Local Cell ID=7, Cell Name=AZU_CUE_MAYANCELA_L7_7, eNodeB ID=22558, Cell FDD TDD indication=CELL_FDD",Reliable,41.097,7.58
2026-04-10 02:00,60,"AZU_CUE_CAPULISPAMBA_UL/Cell:eNodeB Function Name=AZU_CUE_CAPULISPAMBA_L, Local Cell ID=9, Cell Name=AZU_CUE_CAPULISPAMBA_L7_9, eNodeB ID=22578, Cell FDD TDD indication=CELL_FDD",Reliable,193.482,746.235
2026-04-10 02:00,60,"AZU_CUE_CAPULISPAMBA_UL/Cell:eNodeB Function Name=AZU_CUE_CAPULISPAMBA_L, Local Cell ID=8, Cell Name=AZU_CUE_CAPULISPAMBA_L7_8, eNodeB ID=22578, Cell FDD TDD indication=CELL_FDD",Reliable,609.087,45.855
2026-04-10 02:00,60,"AZU_CUE_CAPULISPAMBA_UL/Cell:eNodeB Function Name=AZU_CUE_CAPULISPAMBA_L, Local Cell ID=7, Cell Name=AZU_CUE_CAPULISPAMBA_L7_7, eNodeB ID=22578, Cell FDD TDD indication=CELL_FDD",Reliable,29.805,2.935
2026-04-10 02:00,60,"ORO_MCH_ESTE_UL/Cell:eNodeB Function Name=ORO_MCH_ESTE_L, Local Cell ID=9, Cell Name=ORO_MCH_ESTE_L7_9, eNodeB ID=22051, Cell FDD TDD indication=CELL_FDD",Reliable,7.695,3.606
2026-04-10 02:00,60,"ORO_MCH_ESTE_UL/Cell:eNodeB Function Name=ORO_MCH_ESTE_L, Local Cell ID=8, Cell Name=ORO_MCH_ESTE_L7_8, eNodeB ID=22051, Cell FDD TDD indication=CELL_FDD",Reliable,19.8,4.54
2026-04-10 02:00,60,"ORO_MCH_ESTE_UL/Cell:eNodeB Function Name=ORO_MCH_ESTE_L, Local Cell ID=7, Cell Name=ORO_MCH_ESTE_L7_7, eNodeB ID=22051, Cell FDD TDD indication=CELL_FDD",Reliable,0.027,0.144
2026-04-10 02:00,60,"ORO_MCH_ESTE_UL/Cell:eNodeB Function Name=ORO_MCH_ESTE_L, Local Cell ID=3, Cell Name=ORO_MCH_ESTE_L21_3, eNodeB ID=22051, Cell FDD TDD indication=CELL_FDD",Reliable,7.196,0.903
2026-04-10 02:00,60,"ORO_MCH_ESTE_UL/Cell:eNodeB Function Name=ORO_MCH_ESTE_L, Local Cell ID=2, Cell Name=ORO_MCH_ESTE_L21_2, eNodeB ID=22051, Cell FDD TDD indication=CELL_FDD",Reliable,0.549,0.385
2026-04-10 02:00,60,"ORO_MCH_ESTE_UL/Cell:eNodeB Function Name=ORO_MCH_ESTE_L, Local Cell ID=1, Cell Name=ORO_MCH_ESTE_L21_1, eNodeB ID=22051, Cell FDD TDD indication=CELL_FDD",Reliable,1.577,0.292
2026-04-10 02:00,60,"ORO_MCH_SHOPPING_UL/Cell:eNodeB Function Name=ORO_MCH_SHOPPING_L, Local Cell ID=9, Cell Name=ORO_MCH_SHOPPING_L7_9, eNodeB ID=22052, Cell FDD TDD indication=CELL_FDD",Reliable,153.689,16.996
2026-04-10 02:00,60,"ORO_MCH_SHOPPING_UL/Cell:eNodeB Function Name=ORO_MCH_SHOPPING_L, Local Cell ID=8, Cell Name=ORO_MCH_SHOPPING_L7_8, eNodeB ID=22052, Cell FDD TDD indication=CELL_FDD",Reliable,0.049,0.122
2026-04-10 02:00,60,"ORO_MCH_SHOPPING_UL/Cell:eNodeB Function Name=ORO_MCH_SHOPPING_L, Local Cell ID=7, Cell Name=ORO_MCH_SHOPPING_L7_7, eNodeB ID=22052, Cell FDD TDD indication=CELL_FDD",Reliable,241.371,8.024
2026-04-10 02:00,60,"ORO_MCH_SHOPPING_UL/Cell:eNodeB Function Name=ORO_MCH_SHOPPING_L, Local Cell ID=3, Cell Name=ORO_MCH_SHOPPING_L21_3, eNodeB ID=22052, Cell FDD TDD indication=CELL_FDD",Reliable,34.759,3.797
2026-04-10 02:00,60,"ORO_MCH_SHOPPING_UL/Cell:eNodeB Function Name=ORO_MCH_SHOPPING_L, Local Cell ID=2, Cell Name=ORO_MCH_SHOPPING_L21_2, eNodeB ID=22052, Cell FDD TDD indication=CELL_FDD",Reliable,2.211,0.754
2026-04-10 02:00,60,"ORO_MCH_SHOPPING_UL/Cell:eNodeB Function Name=ORO_MCH_SHOPPING_L, Local Cell ID=1, Cell Name=ORO_MCH_SHOPPING_L21_1, eNodeB ID=22052, Cell FDD TDD indication=CELL_FDD",Reliable,53.526,4.423
2026-04-10 02:00,60,"ORO_MCH_BRISAS_UL/Cell:eNodeB Function Name=ORO_MCH_BRISAS_L, Local Cell ID=9, Cell Name=ORO_MCH_BRISAS_L7_9, eNodeB ID=22054, Cell FDD TDD indication=CELL_FDD",Reliable,0.873,0.476
2026-04-10 02:00,60,"ORO_MCH_BRISAS_UL/Cell:eNodeB Function Name=ORO_MCH_BRISAS_L, Local Cell ID=8, Cell Name=ORO_MCH_BRISAS_L7_8, eNodeB ID=22054, Cell FDD TDD indication=CELL_FDD",Reliable,390.809,27.393
2026-04-10 02:00,60,"ORO_MCH_BRISAS_UL/Cell:eNodeB Function Name=ORO_MCH_BRISAS_L, Local Cell ID=7, Cell Name=ORO_MCH_BRISAS_L7_7, eNodeB ID=22054, Cell FDD TDD indication=CELL_FDD",Reliable,0,0.001
2026-04-10 02:00,60,"ORO_MCH_BRISAS_UL/Cell:eNodeB Function Name=ORO_MCH_BRISAS_L, Local Cell ID=3, Cell Name=ORO_MCH_BRISAS_L21_3, eNodeB ID=22054, Cell FDD TDD indication=CELL_FDD",Reliable,780.088,32.418
2026-04-10 02:00,60,"ORO_MCH_BRISAS_UL/Cell:eNodeB Function Name=ORO_MCH_BRISAS_L, Local Cell ID=2, Cell Name=ORO_MCH_BRISAS_L21_2, eNodeB ID=22054, Cell FDD TDD indication=CELL_FDD",Reliable,503.182,26.671
2026-04-10 02:00,60,"ORO_MCH_BRISAS_UL/Cell:eNodeB Function Name=ORO_MCH_BRISAS_L, Local Cell ID=1, Cell Name=ORO_MCH_BRISAS_L21_1, eNodeB ID=22054, Cell FDD TDD indication=CELL_FDD",Reliable,74.934,12.73
2026-04-10 02:00,60,"ORO_MCH_URDESA_UL/Cell:eNodeB Function Name=ORO_MCH_URDESA_L, Local Cell ID=9, Cell Name=ORO_MCH_URDESA_L7_9, eNodeB ID=22055, Cell FDD TDD indication=CELL_FDD",Reliable,1.882,0.564
2026-04-10 02:00,60,"ORO_MCH_URDESA_UL/Cell:eNodeB Function Name=ORO_MCH_URDESA_L, Local Cell ID=8, Cell Name=ORO_MCH_URDESA_L7_8, eNodeB ID=22055, Cell FDD TDD indication=CELL_FDD",Reliable,0.019,0.058
2026-04-10 02:00,60,"ORO_MCH_URDESA_UL/Cell:eNodeB Function Name=ORO_MCH_URDESA_L, Local Cell ID=7, Cell Name=ORO_MCH_URDESA_L7_7, eNodeB ID=22055, Cell FDD TDD indication=CELL_FDD",Reliable,108.133,7.588
2026-04-10 02:00,60,"ORO_MCH_URDESA_UL/Cell:eNodeB Function Name=ORO_MCH_URDESA_L, Local Cell ID=3, Cell Name=ORO_MCH_URDESA_L21_3, eNodeB ID=22055, Cell FDD TDD indication=CELL_FDD",Reliable,3.13,1.443
2026-04-10 02:00,60,"ORO_MCH_URDESA_UL/Cell:eNodeB Function Name=ORO_MCH_URDESA_L, Local Cell ID=2, Cell Name=ORO_MCH_URDESA_L21_2, eNodeB ID=22055, Cell FDD TDD indication=CELL_FDD",Reliable,6.675,2.209
2026-04-10 02:00,60,"ORO_MCH_URDESA_UL/Cell:eNodeB Function Name=ORO_MCH_URDESA_L, Local Cell ID=1, Cell Name=ORO_MCH_URDESA_L21_1, eNodeB ID=22055, Cell FDD TDD indication=CELL_FDD",Reliable,6.476,3.805
2026-04-10 02:00,60,"ORO_MCH_NORTE_UL/Cell:eNodeB Function Name=ORO_MCH_NORTE_L, Local Cell ID=9, Cell Name=ORO_MCH_NORTE_L7_9, eNodeB ID=22056, Cell FDD TDD indication=CELL_FDD",Reliable,61.492,12.717
2026-04-10 02:00,60,"ORO_MCH_NORTE_UL/Cell:eNodeB Function Name=ORO_MCH_NORTE_L, Local Cell ID=8, Cell Name=ORO_MCH_NORTE_L7_8, eNodeB ID=22056, Cell FDD TDD indication=CELL_FDD",Reliable,0.231,0.119
2026-04-10 02:00,60,"ORO_MCH_NORTE_UL/Cell:eNodeB Function Name=ORO_MCH_NORTE_L, Local Cell ID=7, Cell Name=ORO_MCH_NORTE_L7_7, eNodeB ID=22056, Cell FDD TDD indication=CELL_FDD",Reliable,2.034,0.444
2026-04-10 02:00,60,"ORO_MCH_NORTE_UL/Cell:eNodeB Function Name=ORO_MCH_NORTE_L, Local Cell ID=3, Cell Name=ORO_MCH_NORTE_L21_3, eNodeB ID=22056, Cell FDD TDD indication=CELL_FDD",Reliable,103.24,10.14
2026-04-10 02:00,60,"ORO_MCH_NORTE_UL/Cell:eNodeB Function Name=ORO_MCH_NORTE_L, Local Cell ID=2, Cell Name=ORO_MCH_NORTE_L21_2, eNodeB ID=22056, Cell FDD TDD indication=CELL_FDD",Reliable,79.117,3.431
2026-04-10 02:00,60,"ORO_MCH_NORTE_UL/Cell:eNodeB Function Name=ORO_MCH_NORTE_L, Local Cell ID=1, Cell Name=ORO_MCH_NORTE_L21_1, eNodeB ID=22056, Cell FDD TDD indication=CELL_FDD",Reliable,65.832,5.212
2026-04-10 02:00,60,"ORO_MCH_NORESTE_UL/Cell:eNodeB Function Name=ORO_MCH_NORESTE_L, Local Cell ID=9, Cell Name=ORO_MCH_NORESTE_L7_9, eNodeB ID=22057, Cell FDD TDD indication=CELL_FDD",Reliable,6.616,0.938
2026-04-10 02:00,60,"ORO_MCH_NORESTE_UL/Cell:eNodeB Function Name=ORO_MCH_NORESTE_L, Local Cell ID=8, Cell Name=ORO_MCH_NORESTE_L7_8, eNodeB ID=22057, Cell FDD TDD indication=CELL_FDD",Reliable,3.27,1.808
2026-04-10 02:00,60,"ORO_MCH_NORESTE_UL/Cell:eNodeB Function Name=ORO_MCH_NORESTE_L, Local Cell ID=7, Cell Name=ORO_MCH_NORESTE_L7_7, eNodeB ID=22057, Cell FDD TDD indication=CELL_FDD",Reliable,85.904,26.178
2026-04-10 02:00,60,"ORO_MCH_NORESTE_UL/Cell:eNodeB Function Name=ORO_MCH_NORESTE_L, Local Cell ID=3, Cell Name=ORO_MCH_NORESTE_L21_3, eNodeB ID=22057, Cell FDD TDD indication=CELL_FDD",Reliable,8.71,1.757
2026-04-10 02:00,60,"ORO_MCH_NORESTE_UL/Cell:eNodeB Function Name=ORO_MCH_NORESTE_L, Local Cell ID=2, Cell Name=ORO_MCH_NORESTE_L21_2, eNodeB ID=22057, Cell FDD TDD indication=CELL_FDD",Reliable,0.072,0.197
2026-04-10 02:00,60,"ORO_MCH_NORESTE_UL/Cell:eNodeB Function Name=ORO_MCH_NORESTE_L, Local Cell ID=1, Cell Name=ORO_MCH_NORESTE_L21_1, eNodeB ID=22057, Cell FDD TDD indication=CELL_FDD",Reliable,11.773,2.755
2026-04-10 02:00,60,"ORO_MCH_MACHALA_UL/Cell:eNodeB Function Name=ORO_MCH_MACHALA_L, Local Cell ID=9, Cell Name=ORO_MCH_MACHALA_L7_9, eNodeB ID=22058, Cell FDD TDD indication=CELL_FDD",Reliable,29.468,2.989
2026-04-10 02:00,60,"ORO_MCH_MACHALA_UL/Cell:eNodeB Function Name=ORO_MCH_MACHALA_L, Local Cell ID=8, Cell Name=ORO_MCH_MACHALA_L7_8, eNodeB ID=22058, Cell FDD TDD indication=CELL_FDD",Reliable,223.288,8.15
2026-04-10 02:00,60,"ORO_MCH_MACHALA_UL/Cell:eNodeB Function Name=ORO_MCH_MACHALA_L, Local Cell ID=7, Cell Name=ORO_MCH_MACHALA_L7_7, eNodeB ID=22058, Cell FDD TDD indication=CELL_FDD",Reliable,2.917,0.723
2026-04-10 02:00,60,"ORO_MCH_MACHALA_UL/Cell:eNodeB Function Name=ORO_MCH_MACHALA_L, Local Cell ID=3, Cell Name=ORO_MCH_MACHALA_L21_3, eNodeB ID=22058, Cell FDD TDD indication=CELL_FDD",Reliable,36.286,4.456
2026-04-10 02:00,60,"ORO_MCH_MACHALA_UL/Cell:eNodeB Function Name=ORO_MCH_MACHALA_L, Local Cell ID=2, Cell Name=ORO_MCH_MACHALA_L21_2, eNodeB ID=22058, Cell FDD TDD indication=CELL_FDD",Reliable,262.937,19.46
2026-04-10 02:00,60,"ORO_MCH_MACHALA_UL/Cell:eNodeB Function Name=ORO_MCH_MACHALA_L, Local Cell ID=1, Cell Name=ORO_MCH_MACHALA_L21_1, eNodeB ID=22058, Cell FDD TDD indication=CELL_FDD",Reliable,314.036,42.468
2026-04-10 02:00,60,"ORO_MCH_CENTRO_DOS_UL/Cell:eNodeB Function Name=ORO_MCH_CENTRO_DOS_L, Local Cell ID=9, Cell Name=ORO_MCH_CENTRO_DOS_L7_9, eNodeB ID=22059, Cell FDD TDD indication=CELL_FDD",Reliable,1.705,1.068
2026-04-10 02:00,60,"ORO_MCH_CENTRO_DOS_UL/Cell:eNodeB Function Name=ORO_MCH_CENTRO_DOS_L, Local Cell ID=8, Cell Name=ORO_MCH_CENTRO_DOS_L7_8, eNodeB ID=22059, Cell FDD TDD indication=CELL_FDD",Reliable,1.917,4.525
2026-04-10 02:00,60,"ORO_MCH_CENTRO_DOS_UL/Cell:eNodeB Function Name=ORO_MCH_CENTRO_DOS_L, Local Cell ID=7, Cell Name=ORO_MCH_CENTRO_DOS_L7_7, eNodeB ID=22059, Cell FDD TDD indication=CELL_FDD",Reliable,41.191,7.479
2026-04-10 02:00,60,"ORO_MCH_CENTRO_DOS_UL/Cell:eNodeB Function Name=ORO_MCH_CENTRO_DOS_L, Local Cell ID=3, Cell Name=ORO_MCH_CENTRO_DOS_L21_3, eNodeB ID=22059, Cell FDD TDD indication=CELL_FDD",Reliable,4.541,2.403
2026-04-10 02:00,60,"ORO_MCH_CENTRO_DOS_UL/Cell:eNodeB Function Name=ORO_MCH_CENTRO_DOS_L, Local Cell ID=2, Cell Name=ORO_MCH_CENTRO_DOS_L21_2, eNodeB ID=22059, Cell FDD TDD indication=CELL_FDD",Reliable,277.003,6.973
2026-04-10 02:00,60,"ORO_MCH_CENTRO_DOS_UL/Cell:eNodeB Function Name=ORO_MCH_CENTRO_DOS_L, Local Cell ID=1, Cell Name=ORO_MCH_CENTRO_DOS_L21_1, eNodeB ID=22059, Cell FDD TDD indication=CELL_FDD",Reliable,288.203,22.865
2026-04-10 02:00,60,"ORO_MCH_EL_CAMBIO_UL/Cell:eNodeB Function Name=ORO_MCH_EL_CAMBIO_L, Local Cell ID=9, Cell Name=ORO_MCH_EL_CAMBIO_L7_9, eNodeB ID=22060, Cell FDD TDD indication=CELL_FDD",Reliable,177.2,23.183
2026-04-10 02:00,60,"ORO_MCH_EL_CAMBIO_UL/Cell:eNodeB Function Name=ORO_MCH_EL_CAMBIO_L, Local Cell ID=8, Cell Name=ORO_MCH_EL_CAMBIO_L7_8, eNodeB ID=22060, Cell FDD TDD indication=CELL_FDD",Reliable,9.547,7.522
2026-04-10 02:00,60,"ORO_MCH_EL_CAMBIO_UL/Cell:eNodeB Function Name=ORO_MCH_EL_CAMBIO_L, Local Cell ID=7, Cell Name=ORO_MCH_EL_CAMBIO_L7_7, eNodeB ID=22060, Cell FDD TDD indication=CELL_FDD",Reliable,159.296,21.264
2026-04-10 02:00,60,"ORO_MCH_EL_CAMBIO_UL/Cell:eNodeB Function Name=ORO_MCH_EL_CAMBIO_L, Local Cell ID=3, Cell Name=ORO_MCH_EL_CAMBIO_L21_3, eNodeB ID=22060, Cell FDD TDD indication=CELL_FDD",Reliable,761.9,66.874
2026-04-10 02:00,60,"ORO_MCH_EL_CAMBIO_UL/Cell:eNodeB Function Name=ORO_MCH_EL_CAMBIO_L, Local Cell ID=2, Cell Name=ORO_MCH_EL_CAMBIO_L21_2, eNodeB ID=22060, Cell FDD TDD indication=CELL_FDD",Reliable,12.981,5.553
2026-04-10 02:00,60,"ORO_MCH_EL_CAMBIO_UL/Cell:eNodeB Function Name=ORO_MCH_EL_CAMBIO_L, Local Cell ID=1, Cell Name=ORO_MCH_EL_CAMBIO_L21_1, eNodeB ID=22060, Cell FDD TDD indication=CELL_FDD",Reliable,6.003,2.115
2026-04-10 02:00,60,"ORO_MCH_AEROPUERTO_UL/Cell:eNodeB Function Name=ORO_MCH_AEROPUERTO_L, Local Cell ID=9, Cell Name=ORO_MCH_AEROPUERTO_L7_9, eNodeB ID=22061, Cell FDD TDD indication=CELL_FDD",Reliable,94.228,5.171
2026-04-10 02:00,60,"ORO_MCH_AEROPUERTO_UL/Cell:eNodeB Function Name=ORO_MCH_AEROPUERTO_L, Local Cell ID=8, Cell Name=ORO_MCH_AEROPUERTO_L7_8, eNodeB ID=22061, Cell FDD TDD indication=CELL_FDD",Reliable,2.962,4.169
2026-04-10 02:00,60,"ORO_MCH_AEROPUERTO_UL/Cell:eNodeB Function Name=ORO_MCH_AEROPUERTO_L, Local Cell ID=7, Cell Name=ORO_MCH_AEROPUERTO_L7_7, eNodeB ID=22061, Cell FDD TDD indication=CELL_FDD",Reliable,0.036,0.06
2026-04-10 02:00,60,"ORO_MCH_AEROPUERTO_UL/Cell:eNodeB Function Name=ORO_MCH_AEROPUERTO_L, Local Cell ID=3, Cell Name=ORO_MCH_AEROPUERTO_L21_3, eNodeB ID=22061, Cell FDD TDD indication=CELL_FDD",Reliable,368.76,18.885
2026-04-10 02:00,60,"ORO_MCH_AEROPUERTO_UL/Cell:eNodeB Function Name=ORO_MCH_AEROPUERTO_L, Local Cell ID=2, Cell Name=ORO_MCH_AEROPUERTO_L21_2, eNodeB ID=22061, Cell FDD TDD indication=CELL_FDD",Reliable,45.668,6.232
2026-04-10 02:00,60,"ORO_MCH_AEROPUERTO_UL/Cell:eNodeB Function Name=ORO_MCH_AEROPUERTO_L, Local Cell ID=1, Cell Name=ORO_MCH_AEROPUERTO_L21_1, eNodeB ID=22061, Cell FDD TDD indication=CELL_FDD",Reliable,72.422,8.206
2026-04-10 02:00,60,"ORO_MCH_ARIZAGA_UL/Cell:eNodeB Function Name=ORO_MCH_ARIZAGA_L, Local Cell ID=3, Cell Name=ORO_MCH_ARIZAGA_L21_3, eNodeB ID=22063, Cell FDD TDD indication=CELL_FDD",Reliable,89.777,8.69
2026-04-10 02:00,60,"ORO_MCH_ARIZAGA_UL/Cell:eNodeB Function Name=ORO_MCH_ARIZAGA_L, Local Cell ID=2, Cell Name=ORO_MCH_ARIZAGA_L21_2, eNodeB ID=22063, Cell FDD TDD indication=CELL_FDD",Reliable,721.21,70.911
2026-04-10 02:00,60,"ORO_MCH_ARIZAGA_UL/Cell:eNodeB Function Name=ORO_MCH_ARIZAGA_L, Local Cell ID=1, Cell Name=ORO_MCH_ARIZAGA_L21_1, eNodeB ID=22063, Cell FDD TDD indication=CELL_FDD",Reliable,89.065,5.5
2026-04-10 02:00,60,"ORO_MCH_OCTAVIA_UL/Cell:eNodeB Function Name=ORO_MCH_OCTAVIA_L, Local Cell ID=3, Cell Name=ORO_MCH_OCTAVIA_L21_3, eNodeB ID=22065, Cell FDD TDD indication=CELL_FDD",Reliable,416.774,71.477
2026-04-10 02:00,60,"ORO_MCH_OCTAVIA_UL/Cell:eNodeB Function Name=ORO_MCH_OCTAVIA_L, Local Cell ID=2, Cell Name=ORO_MCH_OCTAVIA_L21_2, eNodeB ID=22065, Cell FDD TDD indication=CELL_FDD",Reliable,534.835,25.946
2026-04-10 02:00,60,"ORO_MCH_OCTAVIA_UL/Cell:eNodeB Function Name=ORO_MCH_OCTAVIA_L, Local Cell ID=1, Cell Name=ORO_MCH_OCTAVIA_L21_1, eNodeB ID=22065, Cell FDD TDD indication=CELL_FDD",Reliable,19.498,2.966
2026-04-10 02:00,60,"ORO_MCH_PUERTO_BOLIVAR_UL/Cell:eNodeB Function Name=ORO_MCH_PUERTO_BOLIVAR_L, Local Cell ID=9, Cell Name=ORO_MCH_PUERTO_BOLIVAR_L7_9, eNodeB ID=22067, Cell FDD TDD indication=CELL_FDD",Reliable,0.02,0.001
2026-04-10 02:00,60,"ORO_MCH_PUERTO_BOLIVAR_UL/Cell:eNodeB Function Name=ORO_MCH_PUERTO_BOLIVAR_L, Local Cell ID=8, Cell Name=ORO_MCH_PUERTO_BOLIVAR_L7_8, eNodeB ID=22067, Cell FDD TDD indication=CELL_FDD",Reliable,85.689,18.103
2026-04-10 02:00,60,"ORO_MCH_PUERTO_BOLIVAR_UL/Cell:eNodeB Function Name=ORO_MCH_PUERTO_BOLIVAR_L, Local Cell ID=7, Cell Name=ORO_MCH_PUERTO_BOLIVAR_L7_7, eNodeB ID=22067, Cell FDD TDD indication=CELL_FDD",Reliable,107.548,5.402
2026-04-10 02:00,60,"ORO_MCH_PUERTO_BOLIVAR_UL/Cell:eNodeB Function Name=ORO_MCH_PUERTO_BOLIVAR_L, Local Cell ID=3, Cell Name=ORO_MCH_PUERTO_BOLIVAR_L21_3, eNodeB ID=22067, Cell FDD TDD indication=CELL_FDD",Reliable,247.379,25.012
2026-04-10 02:00,60,"ORO_MCH_PUERTO_BOLIVAR_UL/Cell:eNodeB Function Name=ORO_MCH_PUERTO_BOLIVAR_L, Local Cell ID=2, Cell Name=ORO_MCH_PUERTO_BOLIVAR_L21_2, eNodeB ID=22067, Cell FDD TDD indication=CELL_FDD",Reliable,821.109,130.317
2026-04-10 02:00,60,"ORO_MCH_PUERTO_BOLIVAR_UL/Cell:eNodeB Function Name=ORO_MCH_PUERTO_BOLIVAR_L, Local Cell ID=1, Cell Name=ORO_MCH_PUERTO_BOLIVAR_L21_1, eNodeB ID=22067, Cell FDD TDD indication=CELL_FDD",Reliable,32.649,3.365
2026-04-10 02:00,60,"ORO_MCH_LA_UNION_COLOMBIANA_UL/Cell:eNodeB Function Name=ORO_MCH_LA_UNION_COLOMBIANA_L, Local Cell ID=9, Cell Name=ORO_MCH_LA_UNION_COLOMBIANA_L7_9, eNodeB ID=22544, Cell FDD TDD indication=CELL_FDD",Reliable,29.659,5.377
2026-04-10 02:00,60,"ORO_MCH_LA_UNION_COLOMBIANA_UL/Cell:eNodeB Function Name=ORO_MCH_LA_UNION_COLOMBIANA_L, Local Cell ID=8, Cell Name=ORO_MCH_LA_UNION_COLOMBIANA_L7_8, eNodeB ID=22544, Cell FDD TDD indication=CELL_FDD",Reliable,0.588,0.755
2026-04-10 02:00,60,"ORO_MCH_LA_UNION_COLOMBIANA_UL/Cell:eNodeB Function Name=ORO_MCH_LA_UNION_COLOMBIANA_L, Local Cell ID=7, Cell Name=ORO_MCH_LA_UNION_COLOMBIANA_L7_7, eNodeB ID=22544, Cell FDD TDD indication=CELL_FDD",Reliable,4.003,0.312
2026-04-10 02:00,60,"ORO_PAS_LA_PEANA_UL/Cell:eNodeB Function Name=ORO_PAS_LA_PEANA_L, Local Cell ID=9, Cell Name=ORO_PAS_LA_PEANA_L7_9, eNodeB ID=22553, Cell FDD TDD indication=CELL_FDD",Reliable,14.677,4.435
2026-04-10 02:00,60,"ORO_PAS_LA_PEANA_UL/Cell:eNodeB Function Name=ORO_PAS_LA_PEANA_L, Local Cell ID=8, Cell Name=ORO_PAS_LA_PEANA_L7_8, eNodeB ID=22553, Cell FDD TDD indication=CELL_FDD",Reliable,8.182,1.254
2026-04-10 02:00,60,"ORO_PAS_LA_PEANA_UL/Cell:eNodeB Function Name=ORO_PAS_LA_PEANA_L, Local Cell ID=7, Cell Name=ORO_PAS_LA_PEANA_L7_7, eNodeB ID=22553, Cell FDD TDD indication=CELL_FDD",Reliable,171.354,21.023
2026-04-10 02:00,60,"ORO_MCH_CICOMACHALA_UL/Cell:eNodeB Function Name=ORO_MCH_CICOMCH_L, Local Cell ID=3, Cell Name=ORO_MCH_CICOMCH_L21_3, eNodeB ID=22311, Cell FDD TDD indication=CELL_FDD",Reliable,296.345,17.281
2026-04-10 02:00,60,"ORO_MCH_CICOMACHALA_UL/Cell:eNodeB Function Name=ORO_MCH_CICOMCH_L, Local Cell ID=2, Cell Name=ORO_MCH_CICOMCH_L21_2, eNodeB ID=22311, Cell FDD TDD indication=CELL_FDD",Reliable,4.165,1.912
2026-04-10 02:00,60,"ORO_MCH_CICOMACHALA_UL/Cell:eNodeB Function Name=ORO_MCH_CICOMCH_L, Local Cell ID=1, Cell Name=ORO_MCH_CICOMCH_L21_1, eNodeB ID=22311, Cell FDD TDD indication=CELL_FDD",Reliable,283.399,19.675
2026-04-10 02:00,60,"ORO_MCH_ARAUJO_UL/Cell:eNodeB Function Name=ORO_MCH_ ARAUJO_L, Local Cell ID=3, Cell Name=ORO_MCH_ARAUJO_L21_3, eNodeB ID=22329, Cell FDD TDD indication=CELL_FDD",Reliable,3.526,0.986
2026-04-10 02:00,60,"ORO_MCH_ARAUJO_UL/Cell:eNodeB Function Name=ORO_MCH_ ARAUJO_L, Local Cell ID=2, Cell Name=ORO_MCH_ARAUJO_L21_2, eNodeB ID=22329, Cell FDD TDD indication=CELL_FDD",Reliable,9.391,2.454
2026-04-10 02:00,60,"ORO_MCH_ARAUJO_UL/Cell:eNodeB Function Name=ORO_MCH_ ARAUJO_L, Local Cell ID=1, Cell Name=ORO_MCH_ARAUJO_L21_1, eNodeB ID=22329, Cell FDD TDD indication=CELL_FDD",Reliable,85.024,7.649
2026-04-10 02:00,60,"ORO_MCH_JUAN_MONTALVO_UL/Cell:eNodeB Function Name=ORO_MCH_ JUAN_MONTALVO_L, Local Cell ID=3, Cell Name=ORO_MCH_ JUAN_MONTALVO_L21_3, eNodeB ID=22330, Cell FDD TDD indication=CELL_FDD",Reliable,0.003,0.004
2026-04-10 02:00,60,"ORO_MCH_JUAN_MONTALVO_UL/Cell:eNodeB Function Name=ORO_MCH_ JUAN_MONTALVO_L, Local Cell ID=2, Cell Name=ORO_MCH_ JUAN_MONTALVO_L21_2, eNodeB ID=22330, Cell FDD TDD indication=CELL_FDD",Reliable,79.982,5.781
2026-04-10 02:00,60,"ORO_MCH_JUAN_MONTALVO_UL/Cell:eNodeB Function Name=ORO_MCH_ JUAN_MONTALVO_L, Local Cell ID=1, Cell Name=ORO_MCH_ JUAN_MONTALVO_L21_1, eNodeB ID=22330, Cell FDD TDD indication=CELL_FDD",Reliable,2.641,0.272
2026-04-10 02:00,60,"ORO_MCH_ PALMERAS_UL/Cell:eNodeB Function Name=ORO_MCH_ PALMERAS_L, Local Cell ID=3, Cell Name=ORO_MCH_PALMERAS_L21_3, eNodeB ID=22331, Cell FDD TDD indication=CELL_FDD",Reliable,92.929,6.181
2026-04-10 02:00,60,"ORO_MCH_ PALMERAS_UL/Cell:eNodeB Function Name=ORO_MCH_ PALMERAS_L, Local Cell ID=2, Cell Name=ORO_MCH_PALMERAS_L21_2, eNodeB ID=22331, Cell FDD TDD indication=CELL_FDD",Reliable,19.194,8.38
2026-04-10 02:00,60,"ORO_MCH_ PALMERAS_UL/Cell:eNodeB Function Name=ORO_MCH_ PALMERAS_L, Local Cell ID=1, Cell Name=ORO_MCH_PALMERAS_L21_1, eNodeB ID=22331, Cell FDD TDD indication=CELL_FDD",Reliable,48.493,10.011
2026-04-10 02:00,60,"ORO_IBE_IBERIA_UL/Cell:eNodeB Function Name=ORO_IBE_IBERIA_L, Local Cell ID=9, Cell Name=ORO_IBE_IBERIA_L7_9, eNodeB ID=22549, Cell FDD TDD indication=CELL_FDD",Reliable,121.864,1.456
2026-04-10 02:00,60,"ORO_IBE_IBERIA_UL/Cell:eNodeB Function Name=ORO_IBE_IBERIA_L, Local Cell ID=8, Cell Name=ORO_IBE_IBERIA_L7_8, eNodeB ID=22549, Cell FDD TDD indication=CELL_FDD",Reliable,6.853,0.646
2026-04-10 02:00,60,"ORO_IBE_IBERIA_UL/Cell:eNodeB Function Name=ORO_IBE_IBERIA_L, Local Cell ID=7, Cell Name=ORO_IBE_IBERIA_L7_7, eNodeB ID=22549, Cell FDD TDD indication=CELL_FDD",Reliable,27.386,5.488
2026-04-10 02:00,60,"ORO_MCH_VIA_BALOSA_UL/Cell:eNodeB Function Name=ORO_MCH_VIA_BALOSA_L, Local Cell ID=9, Cell Name=ORO_MCH_VIA_BALOSA_L7_9, eNodeB ID=22577, Cell FDD TDD indication=CELL_FDD",Reliable,97.733,19.627
2026-04-10 02:00,60,"ORO_MCH_VIA_BALOSA_UL/Cell:eNodeB Function Name=ORO_MCH_VIA_BALOSA_L, Local Cell ID=8, Cell Name=ORO_MCH_VIA_BALOSA_L7_8, eNodeB ID=22577, Cell FDD TDD indication=CELL_FDD",Reliable,14.756,2.547
2026-04-10 02:00,60,"ORO_MCH_VIA_BALOSA_UL/Cell:eNodeB Function Name=ORO_MCH_VIA_BALOSA_L, Local Cell ID=7, Cell Name=ORO_MCH_VIA_BALOSA_L7_7, eNodeB ID=22577, Cell FDD TDD indication=CELL_FDD",Reliable,1.826,0.331
2026-04-10 02:00,60,"AZU_CUE_TARQUI_UL/Cell:eNodeB Function Name=AZU_CUE_TARQUI_L, Local Cell ID=9, Cell Name=AZU_CUE_TARQUI_L7_9, eNodeB ID=22129, Cell FDD TDD indication=CELL_FDD",Reliable,27.357,5.653
2026-04-10 02:00,60,"AZU_CUE_TARQUI_UL/Cell:eNodeB Function Name=AZU_CUE_TARQUI_L, Local Cell ID=8, Cell Name=AZU_CUE_TARQUI_L7_8, eNodeB ID=22129, Cell FDD TDD indication=CELL_FDD",Reliable,77.44,9.916
2026-04-10 02:00,60,"AZU_CUE_TARQUI_UL/Cell:eNodeB Function Name=AZU_CUE_TARQUI_L, Local Cell ID=7, Cell Name=AZU_CUE_TARQUI_L7_7, eNodeB ID=22129, Cell FDD TDD indication=CELL_FDD",Reliable,180.547,31.42
