Result Time,Granularity Period,Object Name,Reliability,"DOWNLINK TRAFFIC VOLUME","UPLINK TRAFFIC VOLUME"
,Minutes,,,MB,MB
2026-04-10 06:00,60,"PI_UIO_AMAZONAS_UL/Cell:eNodeB Function Name=PIC_UIO_AMAZONAS_L, Local Cell ID=1, Cell Name=PI_UIO_AMAZONAS_1, eNodeB ID=44080, Cell FDD TDD indication=CELL_FDD",Reliable,470.839,35.487
2026-04-10 06:00,60,"PI_UIO_AMAZONAS_UL/Cell:eNodeB Function Name=PIC_UIO_AMAZONAS_L, Local Cell ID=2, Cell Name=PI_UIO_AMAZONAS_2, eNodeB ID=44080, Cell FDD TDD indication=CELL_FDD",Reliable,428.517,28.647
2026-04-10 06:00,60,"PI_UIO_AMAZONAS_UL/Cell:eNodeB Function Name=PIC_UIO_AMAZONAS_L, Local Cell ID=3, Cell Name=PI_UIO_AMAZONAS_3, eNodeB ID=44080, Cell FDD TDD indication=CELL_FDD",Reliable,808.747,40.373
2026-04-10 06:00,60,"PI_UIO_AMAZONAS_UL/Cell:eNodeB Function Name=PIC_UIO_AMAZONAS_L, Local Cell ID=11, Cell Name=PI_UIO_AMAZONAS_11, eNodeB ID=44080, Cell FDD TDD indication=CELL_FDD",Reliable,5.245,0.459
2026-04-10 06:00,60,"PI_UIO_AMAZONAS_UL/Cell:eNodeB Function Name=PIC_UIO_AMAZONAS_L, Local Cell ID=12, Cell Name=PI_UIO_AMAZONAS_12, eNodeB ID=44080, Cell FDD TDD indication=CELL_FDD",Reliable,9.743,0.991
2026-04-10 06:00,60,"PI_UIO_AMAZONAS_UL/Cell:eNodeB Function Name=PIC_UIO_AMAZONAS_L, Local Cell ID=13, Cell Name=PI_UIO_AMAZONAS_13, eNodeB ID=44080, Cell FDD TDD indication=CELL_FDD",Reliable,4.858,0.985
2026-04-10 06:00,60,"PI_UIO_ISAAC_ALBENIZ_UL/Cell:eNodeB Function Name=PI_UIO_ISAAC_ALBENIZL21, Local Cell ID=1, Cell Name=PI_UIO_ISAAC_ALBENIZ_1, eNodeB ID=44133, Cell FDD TDD indication=CELL_FDD",Reliable,72.156,6.48
2026-04-10 06:00,60,"PI_UIO_ISAAC_ALBENIZ_UL/Cell:eNodeB Function Name=PI_UIO_ISAAC_ALBENIZL21, Local Cell ID=2, Cell Name=PI_UIO_ISAAC_ALBENIZ_2, eNodeB ID=44133, Cell FDD TDD indication=CELL_FDD",Reliable,597.3,50.927
2026-04-10 06:00,60,"PI_UIO_ISAAC_ALBENIZ_UL/Cell:eNodeB Function Name=PI_UIO_ISAAC_ALBENIZL21, Local Cell ID=3, Cell Name=PI_UIO_ISAAC_ALBENIZ_3, eNodeB ID=44133, Cell FDD TDD indication=CELL_FDD",Reliable,187.402,19.853
2026-04-10 06:00,60,"PI_UIO_BUGAMBILLAS_UL/Cell:eNodeB Function Name=PI_UIO_BUGAMBILLAS_L, Local Cell ID=1, Cell Name=PI_UIO_BUGAMBILLAS_1, eNodeB ID=44086, Cell FDD TDD indication=CELL_FDD",Reliable,1612.494,263.369
2026-04-10 06:00,60,"PI_UIO_BUGAMBILLAS_UL/Cell:eNodeB Function Name=PI_UIO_BUGAMBILLAS_L, Local Cell ID=2, Cell Name=PI_UIO_BUGAMBILLAS_2, eNodeB ID=44086, Cell FDD TDD indication=CELL_FDD",Reliable,327.327,31.717
2026-04-10 06:00,60,"PI_UIO_BUGAMBILLAS_UL/Cell:eNodeB Function Name=PI_UIO_BUGAMBILLAS_L, Local Cell ID=3, Cell Name=PI_UIO_BUGAMBILLAS_3, eNodeB ID=44086, Cell FDD TDD indication=CELL_FDD",Reliable,273.477,23.018
2026-04-10 06:00,60,"PI_UIO_BUGAMBILLAS_UL/Cell:eNodeB Function Name=PI_UIO_BUGAMBILLAS_L, Local Cell ID=11, Cell Name=PI_UIO_BUGAMBILLAS_11, eNodeB ID=44086, Cell FDD TDD indication=CELL_FDD",Reliable,2249.884,187.249
2026-04-10 06:00,60,"PI_UIO_BUGAMBILLAS_UL/Cell:eNodeB Function Name=PI_UIO_BUGAMBILLAS_L, Local Cell ID=12, Cell Name=PI_UIO_BUGAMBILLAS_12, eNodeB ID=44086, Cell FDD TDD indication=CELL_FDD",Reliable,80.83,13.883
2026-04-10 06:00,60,"PI_UIO_BUGAMBILLAS_UL/Cell:eNodeB Function Name=PI_UIO_BUGAMBILLAS_L, Local Cell ID=13, Cell Name=PI_UIO_BUGAMBILLAS_13, eNodeB ID=44086, Cell FDD TDD indication=CELL_FDD",Reliable,125.552,9.895
2026-04-10 06:00,60,"PI_UIO_GASPAR_DE_VILLAROEL_UL/Cell:eNodeB Function Name=PI_UIO_GASPAR_DE_VILLAROELL21, Local Cell ID=1, Cell Name=PI_UIO_GASPAR_DE_VILLAROEL_1, eNodeB ID=44127, Cell FDD TDD indication=CELL_FDD",Reliable,123.119,10.141
2026-04-10 06:00,60,"PI_UIO_GASPAR_DE_VILLAROEL_UL/Cell:eNodeB Function Name=PI_UIO_GASPAR_DE_VILLAROELL21, Local Cell ID=2, Cell Name=PI_UIO_GASPAR_DE_VILLAROEL_2, eNodeB ID=44127, Cell FDD TDD indication=CELL_FDD",Reliable,298.081,30.884
2026-04-10 06:00,60,"PI_UIO_GRANADOS_UL/Cell:eNodeB Function Name=PI_UIO_GRANADOSL21, Local Cell ID=1, Cell Name=PI_UIO_GRANADOS_1, eNodeB ID=44072, Cell FDD TDD indication=CELL_FDD",Reliable,634.065,34.263
2026-04-10 06:00,60,"PI_UIO_GRANADOS_UL/Cell:eNodeB Function Name=PI_UIO_GRANADOSL21, Local Cell ID=2, Cell Name=PI_UIO_GRANADOS_2, eNodeB ID=44072, Cell FDD TDD indication=CELL_FDD",Reliable,1313.586,180.518
2026-04-10 06:00,60,"PIC_UIO_AMERICA_ULN/Cell:eNodeB Function Name=PIC_UIO_AMERICA_L, Local Cell ID=1, Cell Name=PIC_UIO_AMERICA_L21_1, eNodeB ID=44027, Cell FDD TDD indication=CELL_FDD",Reliable,1325.185,91.425
2026-04-10 06:00,60,"PIC_UIO_AMERICA_ULN/Cell:eNodeB Function Name=PIC_UIO_AMERICA_L, Local Cell ID=2, Cell Name=PIC_UIO_AMERICA_L21_2, eNodeB ID=44027, Cell FDD TDD indication=CELL_FDD",Reliable,2328.034,319.156
2026-04-10 06:00,60,"PIC_UIO_AMERICA_ULN/Cell:eNodeB Function Name=PIC_UIO_AMERICA_L, Local Cell ID=3, Cell Name=PIC_UIO_AMERICA_L21_3, eNodeB ID=44027, Cell FDD TDD indication=CELL_FDD",Reliable,1915.012,245.129
2026-04-10 06:00,60,"PIC_UIO_AMERICA_ULN/Cell:eNodeB Function Name=PIC_UIO_AMERICA_L, Local Cell ID=7, Cell Name=PIC_UIO_AMERICA_L7_7, eNodeB ID=44027, Cell FDD TDD indication=CELL_FDD",Reliable,566.767,46.426
2026-04-10 06:00,60,"PIC_UIO_AMERICA_ULN/Cell:eNodeB Function Name=PIC_UIO_AMERICA_L, Local Cell ID=8, Cell Name=PIC_UIO_AMERICA_L7_8, eNodeB ID=44027, Cell FDD TDD indication=CELL_FDD",Reliable,334.707,161.863
2026-04-10 06:00,60,"PIC_UIO_AMERICA_ULN/Cell:eNodeB Function Name=PIC_UIO_AMERICA_L, Local Cell ID=9, Cell Name=PIC_UIO_AMERICA_L7_9, eNodeB ID=44027, Cell FDD TDD indication=CELL_FDD",Reliable,1049.959,225.769
2026-04-10 06:00,60,"PIC_UIO_AMERICA_ULN/Cell:eNodeB Function Name=PIC_UIO_AMERICA_L, Local Cell ID=11, Cell Name=PIC_UIO_AMERICA_L19_11, eNodeB ID=44027, Cell FDD TDD indication=CELL_FDD",Reliable,211.492,21.113
2026-04-10 06:00,60,"PIC_UIO_AMERICA_ULN/Cell:eNodeB Function Name=PIC_UIO_AMERICA_L, Local Cell ID=12, Cell Name=PIC_UIO_AMERICA_L19_12, eNodeB ID=44027, Cell FDD TDD indication=CELL_FDD",Reliable,45.061,12.54
2026-04-10 06:00,60,"PIC_UIO_AMERICA_ULN/Cell:eNodeB Function Name=PIC_UIO_AMERICA_L, Local Cell ID=13, Cell Name=PIC_UIO_AMERICA_L19_13, eNodeB ID=44027, Cell FDD TDD indication=CELL_FDD",Reliable,152.501,15.446
2026-04-10 06:00,60,"PI_UIO_EL_LABRADOR_UL/Cell:eNodeB Function Name=PI_UIO_EL_LABRADORL21, Local Cell ID=1, Cell Name=PI_UIO_EL_LABRADOR_1, eNodeB ID=44119, Cell FDD TDD indication=CELL_FDD",Reliable,1144.691,337.235
2026-04-10 06:00,60,"PI_UIO_EL_LABRADOR_UL/Cell:eNodeB Function Name=PI_UIO_EL_LABRADORL21, Local Cell ID=2, Cell Name=PI_UIO_EL_LABRADOR_2, eNodeB ID=44119, Cell FDD TDD indication=CELL_FDD",Reliable,160.775,37.154
2026-04-10 06:00,60,"PI_UIO_EL_LABRADOR_UL/Cell:eNodeB Function Name=PI_UIO_EL_LABRADORL21, Local Cell ID=3, Cell Name=PI_UIO_EL_LABRADOR_3, eNodeB ID=44119, Cell FDD TDD indication=CELL_FDD",Reliable,197.026,46.165
2026-04-10 06:00,60,"PIC_UIO_INAQUITO_UL/Cell:eNodeB Function Name=PIC_UIO_INAQUITO_L, Local Cell ID=1, Cell Name=PIC_UIO_INAQUITO_L21_1, eNodeB ID=44005, Cell FDD TDD indication=CELL_FDD",Reliable,675.901,65.91
2026-04-10 06:00,60,"PIC_UIO_INAQUITO_UL/Cell:eNodeB Function Name=PIC_UIO_INAQUITO_L, Local Cell ID=2, Cell Name=PIC_UIO_INAQUITO_L21_2, eNodeB ID=44005, Cell FDD TDD indication=CELL_FDD",Reliable,1824.736,73.303
2026-04-10 06:00,60,"PIC_UIO_INAQUITO_UL/Cell:eNodeB Function Name=PIC_UIO_INAQUITO_L, Local Cell ID=3, Cell Name=PIC_UIO_INAQUITO_L21_3, eNodeB ID=44005, Cell FDD TDD indication=CELL_FDD",Reliable,655.046,78.416
2026-04-10 06:00,60,"PIC_UIO_INAQUITO_UL/Cell:eNodeB Function Name=PIC_UIO_INAQUITO_L, Local Cell ID=7, Cell Name=PIC_UIO_INAQUITO_L7_7, eNodeB ID=44005, Cell FDD TDD indication=CELL_FDD",Reliable,173.22,12.031
2026-04-10 06:00,60,"PIC_UIO_INAQUITO_UL/Cell:eNodeB Function Name=PIC_UIO_INAQUITO_L, Local Cell ID=8, Cell Name=PIC_UIO_INAQUITO_L7_8, eNodeB ID=44005, Cell FDD TDD indication=CELL_FDD",Reliable,221.708,230.022
2026-04-10 06:00,60,"PIC_UIO_INAQUITO_UL/Cell:eNodeB Function Name=PIC_UIO_INAQUITO_L, Local Cell ID=9, Cell Name=PIC_UIO_INAQUITO_L7_9, eNodeB ID=44005, Cell FDD TDD indication=CELL_FDD",Reliable,522.652,291.59
2026-04-10 06:00,60,"PIC_UIO_INAQUITO_UL/Cell:eNodeB Function Name=PIC_UIO_INAQUITO_L, Local Cell ID=11, Cell Name=PIC_UIO_INAQUITO_L19_11, eNodeB ID=44005, Cell FDD TDD indication=CELL_FDD",Reliable,120.262,9.072
2026-04-10 06:00,60,"PIC_UIO_INAQUITO_UL/Cell:eNodeB Function Name=PIC_UIO_INAQUITO_L, Local Cell ID=12, Cell Name=PIC_UIO_INAQUITO_L19_12, eNodeB ID=44005, Cell FDD TDD indication=CELL_FDD",Reliable,52.383,3.123
2026-04-10 06:00,60,"PIC_UIO_INAQUITO_UL/Cell:eNodeB Function Name=PIC_UIO_INAQUITO_L, Local Cell ID=13, Cell Name=PIC_UIO_INAQUITO_L19_13, eNodeB ID=44005, Cell FDD TDD indication=CELL_FDD",Reliable,112.283,6.721
2026-04-10 06:00,60,"PIC_UIO_BATAN_ALTO_ULN/Cell:eNodeB Function Name=PIC_UIO_BATAN_ALTO_L, Local Cell ID=1, Cell Name=PIC_UIO_BATAN_ALTO_L21_1, eNodeB ID=44062, Cell FDD TDD indication=CELL_FDD",Reliable,481.763,31.434
2026-04-10 06:00,60,"PIC_UIO_BATAN_ALTO_ULN/Cell:eNodeB Function Name=PIC_UIO_BATAN_ALTO_L, Local Cell ID=2, Cell Name=PIC_UIO_BATAN_ALTO_L21_2, eNodeB ID=44062, Cell FDD TDD indication=CELL_FDD",Reliable,365.192,23.313
2026-04-10 06:00,60,"PIC_UIO_BATAN_ALTO_ULN/Cell:eNodeB Function Name=PIC_UIO_BATAN_ALTO_L, Local Cell ID=3, Cell Name=PIC_UIO_BATAN_ALTO_L21_3, eNodeB ID=44062, Cell FDD TDD indication=CELL_FDD",Reliable,4.15,0.404
2026-04-10 06:00,60,"PIC_UIO_MANOSCA_ULN/Cell:eNodeB Function Name=PI_UIO_MANOSCAL21, Local Cell ID=1, Cell Name=PI_UIO_MANOSCA_1, eNodeB ID=44156, Cell FDD TDD indication=CELL_FDD",Reliable,551.824,530.058
2026-04-10 06:00,60,"PIC_UIO_MANOSCA_ULN/Cell:eNodeB Function Name=PI_UIO_MANOSCAL21, Local Cell ID=2, Cell Name=PI_UIO_MANOSCA_2, eNodeB ID=44156, Cell FDD TDD indication=CELL_FDD",Reliable,98.159,33.684
2026-04-10 06:00,60,"PIC_UIO_BELLAVISTA_ULN/Cell:eNodeB Function Name=PI_UIO_BELLAVISTAL21, Local Cell ID=1, Cell Name=PI_UIO_BELLAVISTA_1, eNodeB ID=44083, Cell FDD TDD indication=CELL_FDD",Reliable,608.765,32.26
2026-04-10 06:00,60,"PIC_UIO_BELLAVISTA_ULN/Cell:eNodeB Function Name=PI_UIO_BELLAVISTAL21, Local Cell ID=2, Cell Name=PI_UIO_BELLAVISTA_2, eNodeB ID=44083, Cell FDD TDD indication=CELL_FDD",Reliable,175.015,18.166
2026-04-10 06:00,60,"PI_UIO_PILLAGUA_UL/Cell:eNodeB Function Name=PIC_UIO_PILLAGUA_L, Local Cell ID=1, Cell Name=PIC_UIO_PILLAGUA_L21_1, eNodeB ID=44170, Cell FDD TDD indication=CELL_FDD",Reliable,19.306,10.207
2026-04-10 06:00,60,"PI_UIO_PILLAGUA_UL/Cell:eNodeB Function Name=PIC_UIO_PILLAGUA_L, Local Cell ID=2, Cell Name=PIC_UIO_PILLAGUA_L21_2, eNodeB ID=44170, Cell FDD TDD indication=CELL_FDD",Reliable,19.953,1.172
2026-04-10 06:00,60,"PI_UIO_REPUBLICA_DEL_SALVADOR_UL/Cell:eNodeB Function Name=PIC_UIO_REPUBLICA_DEL_SALVADOR_L, Local Cell ID=1, Cell Name=PI_UIO_REPUBLICA_DEL_SALVADOR_1, eNodeB ID=44182, Cell FDD TDD indication=CELL_FDD",Reliable,590.828,89.607
2026-04-10 06:00,60,"PI_UIO_REPUBLICA_DEL_SALVADOR_UL/Cell:eNodeB Function Name=PIC_UIO_REPUBLICA_DEL_SALVADOR_L, Local Cell ID=2, Cell Name=PI_UIO_REPUBLICA_DEL_SALVADOR_2, eNodeB ID=44182, Cell FDD TDD indication=CELL_FDD",Reliable,576.458,28.83
2026-04-10 06:00,60,"PIC_UIO_ATAHUALPA_ULN/Cell:eNodeB Function Name=PI_UIO_ATAHUALPA_L, Local Cell ID=1, Cell Name=PI_UIO_ATAHUALPA_1, eNodeB ID=44081, Cell FDD TDD indication=CELL_FDD",Reliable,1973.759,146.518
2026-04-10 06:00,60,"PIC_UIO_ATAHUALPA_ULN/Cell:eNodeB Function Name=PI_UIO_ATAHUALPA_L, Local Cell ID=2, Cell Name=PI_UIO_ATAHUALPA_2, eNodeB ID=44081, Cell FDD TDD indication=CELL_FDD",Reliable,392.328,53.476
2026-04-10 06:00,60,"PIC_UIO_ATAHUALPA_ULN/Cell:eNodeB Function Name=PI_UIO_ATAHUALPA_L, Local Cell ID=3, Cell Name=PI_UIO_ATAHUALPA_3, eNodeB ID=44081, Cell FDD TDD indication=CELL_FDD",Reliable,900.169,97.056
2026-04-10 06:00,60,"PIC_UIO_ATAHUALPA_ULN/Cell:eNodeB Function Name=PI_UIO_ATAHUALPA_L, Local Cell ID=11, Cell Name=PI_UIO_ATAHUALPA_11, eNodeB ID=44081, Cell FDD TDD indication=CELL_FDD",Reliable,220.352,13.11
2026-04-10 06:00,60,"PIC_UIO_ATAHUALPA_ULN/Cell:eNodeB Function Name=PI_UIO_ATAHUALPA_L, Local Cell ID=12, Cell Name=PI_UIO_ATAHUALPA_12, eNodeB ID=44081, Cell FDD TDD indication=CELL_FDD",Reliable,30.801,3.983
2026-04-10 06:00,60,"PIC_UIO_ATAHUALPA_ULN/Cell:eNodeB Function Name=PI_UIO_ATAHUALPA_L, Local Cell ID=13, Cell Name=PI_UIO_ATAHUALPA_13, eNodeB ID=44081, Cell FDD TDD indication=CELL_FDD",Reliable,50.478,7.762
2026-04-10 06:00,60,"PI_UIO_RUMIPAMBA_UL/Cell:eNodeB Function Name=PI_UIO_RUMIPAMBAL21, Local Cell ID=1, Cell Name=PI_UIO_RUMIPAMBA_1, eNodeB ID=44028, Cell FDD TDD indication=CELL_FDD",Reliable,735.254,82.013
2026-04-10 06:00,60,"PI_UIO_RUMIPAMBA_UL/Cell:eNodeB Function Name=PI_UIO_RUMIPAMBAL21, Local Cell ID=2, Cell Name=PI_UIO_RUMIPAMBA_2, eNodeB ID=44028, Cell FDD TDD indication=CELL_FDD",Reliable,553.949,50.004
2026-04-10 06:00,60,"PI_UIO_RUMIPAMBA_UL/Cell:eNodeB Function Name=PI_UIO_RUMIPAMBAL21, Local Cell ID=3, Cell Name=PI_UIO_RUMIPAMBA_3, eNodeB ID=44028, Cell FDD TDD indication=CELL_FDD",Reliable,2047.026,331.65
2026-04-10 06:00,60,"PI_UIO_RIO_COCA_UL/Cell:eNodeB Function Name=PI_UIO_RIO_COCA_L, Local Cell ID=1, Cell Name=PI_UIO_RIO_COCA_1, eNodeB ID=44046, Cell FDD TDD indication=CELL_FDD",Reliable,492.04,334.361
2026-04-10 06:00,60,"PI_UIO_RIO_COCA_UL/Cell:eNodeB Function Name=PI_UIO_RIO_COCA_L, Local Cell ID=2, Cell Name=PI_UIO_RIO_COCA_2, eNodeB ID=44046, Cell FDD TDD indication=CELL_FDD",Reliable,3529.853,270.258
2026-04-10 06:00,60,"PI_UIO_RIO_COCA_UL/Cell:eNodeB Function Name=PI_UIO_RIO_COCA_L, Local Cell ID=3, Cell Name=PI_UIO_RIO_COCA_3, eNodeB ID=44046, Cell FDD TDD indication=CELL_FDD",Reliable,2109.594,220.125
2026-04-10 06:00,60,"PI_UIO_RIO_COCA_UL/Cell:eNodeB Function Name=PI_UIO_RIO_COCA_L, Local Cell ID=7, Cell Name=PI_UIO_RIO_COCA_7, eNodeB ID=44046, Cell FDD TDD indication=CELL_FDD",Reliable,87.668,15.15
2026-04-10 06:00,60,"PI_UIO_RIO_COCA_UL/Cell:eNodeB Function Name=PI_UIO_RIO_COCA_L, Local Cell ID=8, Cell Name=PI_UIO_RIO_COCA_8, eNodeB ID=44046, Cell FDD TDD indication=CELL_FDD",Reliable,964.054,98.204
2026-04-10 06:00,60,"PI_UIO_RIO_COCA_UL/Cell:eNodeB Function Name=PI_UIO_RIO_COCA_L, Local Cell ID=9, Cell Name=PI_UIO_RIO_COCA_9, eNodeB ID=44046, Cell FDD TDD indication=CELL_FDD",Reliable,1141.699,111.157
2026-04-10 06:00,60,"PI_UIO_RIO_COCA_UL/Cell:eNodeB Function Name=PI_UIO_RIO_COCA_L, Local Cell ID=11, Cell Name=PI_UIO_RIO_COCA_11, eNodeB ID=44046, Cell FDD TDD indication=CELL_FDD",Reliable,15.882,1.318
2026-04-10 06:00,60,"PI_UIO_RIO_COCA_UL/Cell:eNodeB Function Name=PI_UIO_RIO_COCA_L, Local Cell ID=12, Cell Name=PI_UIO_RIO_COCA_12, eNodeB ID=44046, Cell FDD TDD indication=CELL_FDD",Reliable,26.253,3.288
2026-04-10 06:00,60,"PI_UIO_RIO_COCA_UL/Cell:eNodeB Function Name=PI_UIO_RIO_COCA_L, Local Cell ID=13, Cell Name=PI_UIO_RIO_COCA_13, eNodeB ID=44046, Cell FDD TDD indication=CELL_FDD",Reliable,115.657,12.899
2026-04-10 06:00,60,"PI_UIO_QUITO_TENIS_UL/Cell:eNodeB Function Name=PI_UIO_QUITO_TENISL21, Local Cell ID=1, Cell Name=PI_UIO_QUITO_TENIS_1, eNodeB ID=44016, Cell FDD TDD indication=CELL_FDD",Reliable,144.636,7.796
2026-04-10 06:00,60,"PI_UIO_QUITO_TENIS_UL/Cell:eNodeB Function Name=PI_UIO_QUITO_TENISL21, Local Cell ID=2, Cell Name=PI_UIO_QUITO_TENIS_2, eNodeB ID=44016, Cell FDD TDD indication=CELL_FDD",Reliable,251.485,17.283
2026-04-10 06:00,60,"PI_UIO_QUITO_TENIS_UL/Cell:eNodeB Function Name=PI_UIO_QUITO_TENISL21, Local Cell ID=3, Cell Name=PI_UIO_QUITO_TENIS_3, eNodeB ID=44016, Cell FDD TDD indication=CELL_FDD",Reliable,219.693,22.23
2026-04-10 06:00,60,"PI_UIO_QUITO_TENIS_UL/Cell:eNodeB Function Name=PI_UIO_QUITO_TENISL21, Local Cell ID=7, Cell Name=PI_UIO_QUITO_TENIS_APT_7, eNodeB ID=44016, Cell FDD TDD indication=CELL_FDD",Reliable,349.848,90.778
2026-04-10 06:00,60,"PI_UIO_QUITO_TENIS_UL/Cell:eNodeB Function Name=PI_UIO_QUITO_TENISL21, Local Cell ID=8, Cell Name=PI_UIO_QUITO_TENIS_APT_8, eNodeB ID=44016, Cell FDD TDD indication=CELL_FDD",Reliable,504.968,166.583
2026-04-10 06:00,60,"PI_UIO_QUITO_TENIS_UL/Cell:eNodeB Function Name=PI_UIO_QUITO_TENISL21, Local Cell ID=9, Cell Name=PI_UIO_QUITO_TENIS_APT_9, eNodeB ID=44016, Cell FDD TDD indication=CELL_FDD",Reliable,100.066,38.86
2026-04-10 06:00,60,"PI_UIO_LA_LUZ_UL/Cell:eNodeB Function Name=PI_UIO_LA_LUZ_L, Local Cell ID=1, Cell Name=PI_UIO_LA_LUZ_1, eNodeB ID=44038, Cell FDD TDD indication=CELL_FDD",Reliable,1895.16,168.097
2026-04-10 06:00,60,"PI_UIO_LA_LUZ_UL/Cell:eNodeB Function Name=PI_UIO_LA_LUZ_L, Local Cell ID=2, Cell Name=PI_UIO_LA_LUZ_2, eNodeB ID=44038, Cell FDD TDD indication=CELL_FDD",Reliable,1075.074,88.511
2026-04-10 06:00,60,"PI_UIO_LA_LUZ_UL/Cell:eNodeB Function Name=PI_UIO_LA_LUZ_L, Local Cell ID=3, Cell Name=PI_UIO_LA_LUZ_3, eNodeB ID=44038, Cell FDD TDD indication=CELL_FDD",Reliable,1263.771,174.516
2026-04-10 06:00,60,"PI_UIO_LA_LUZ_UL/Cell:eNodeB Function Name=PI_UIO_LA_LUZ_L, Local Cell ID=11, Cell Name=PI_UIO_LA_LUZ_11, eNodeB ID=44038, Cell FDD TDD indication=CELL_FDD",Reliable,82.819,9.225
2026-04-10 06:00,60,"PI_UIO_LA_LUZ_UL/Cell:eNodeB Function Name=PI_UIO_LA_LUZ_L, Local Cell ID=12, Cell Name=PI_UIO_LA_LUZ_12, eNodeB ID=44038, Cell FDD TDD indication=CELL_FDD",Reliable,179.261,18.571
2026-04-10 06:00,60,"PI_UIO_LA_LUZ_UL/Cell:eNodeB Function Name=PI_UIO_LA_LUZ_L, Local Cell ID=13, Cell Name=PI_UIO_LA_LUZ_13, eNodeB ID=44038, Cell FDD TDD indication=CELL_FDD",Reliable,74.245,5.418
2026-04-10 06:00,60,"PI_UIO_CC_SAN_MARCOS_UL/Cell:eNodeB Function Name=PI_UIO_CC_SAN_MARCOSL21, Local Cell ID=1, Cell Name=PI_UIO_CC_SAN_MARCOS_1, eNodeB ID=44187, Cell FDD TDD indication=CELL_FDD",Reliable,197.073,24.089
2026-04-10 06:00,60,"PI_UIO_CC_SAN_MARCOS_UL/Cell:eNodeB Function Name=PI_UIO_CC_SAN_MARCOSL21, Local Cell ID=2, Cell Name=PI_UIO_CC_SAN_MARCOS_2, eNodeB ID=44187, Cell FDD TDD indication=CELL_FDD",Reliable,1311.85,175.454
2026-04-10 06:00,60,"PI_UIO_CC_SAN_MARCOS_UL/Cell:eNodeB Function Name=PI_UIO_CC_SAN_MARCOSL21, Local Cell ID=3, Cell Name=PI_UIO_CC_SAN_MARCOS_3, eNodeB ID=44187, Cell FDD TDD indication=CELL_FDD",Reliable,1185.669,91.901
2026-04-10 06:00,60,"PI_UIO_MURIALDO_UL/Cell:eNodeB Function Name=PIC_UIO_MURIALDO_L, Local Cell ID=1, Cell Name=PIC_UIO_MURIALDO_L1, eNodeB ID=44163, Cell FDD TDD indication=CELL_FDD",Reliable,488.78,50.458
2026-04-10 06:00,60,"PI_UIO_MURIALDO_UL/Cell:eNodeB Function Name=PIC_UIO_MURIALDO_L, Local Cell ID=2, Cell Name=PIC_UIO_MURIALDO_L2, eNodeB ID=44163, Cell FDD TDD indication=CELL_FDD",Reliable,642.478,81.986
2026-04-10 06:00,60,"PI_UIO_MURIALDO_UL/Cell:eNodeB Function Name=PIC_UIO_MURIALDO_L, Local Cell ID=7, Cell Name=PIC_UIO_MURIALDO_L7_7, eNodeB ID=44163, Cell FDD TDD indication=CELL_FDD",Reliable,1718.996,162.826
2026-04-10 06:00,60,"PI_UIO_DE_LOS_PINOS_UL/Cell:eNodeB Function Name=PI_UIO_DE_LOS_PINOSL21, Local Cell ID=1, Cell Name=PI_UIO_DE_LOS_PINOS_1, eNodeB ID=44111, Cell FDD TDD indication=CELL_FDD",Reliable,979.792,79
2026-04-10 06:00,60,"PI_UIO_DE_LOS_PINOS_UL/Cell:eNodeB Function Name=PI_UIO_DE_LOS_PINOSL21, Local Cell ID=2, Cell Name=PI_UIO_DE_LOS_PINOS_2, eNodeB ID=44111, Cell FDD TDD indication=CELL_FDD",Reliable,1382.89,164.191
2026-04-10 06:00,60,"PI_UIO_DE_LOS_ALAMOS_UL/Cell:eNodeB Function Name=PI_UIO_DE_LOS_ALAMOSL21, Local Cell ID=1, Cell Name=PI_UIO_DE_LOS_ALAMOS_1, eNodeB ID=44110, Cell FDD TDD indication=CELL_FDD",Reliable,462.695,31.491
2026-04-10 06:00,60,"PI_UIO_DE_LOS_ALAMOS_UL/Cell:eNodeB Function Name=PI_UIO_DE_LOS_ALAMOSL21, Local Cell ID=2, Cell Name=PI_UIO_DE_LOS_ALAMOS_2, eNodeB ID=44110, Cell FDD TDD indication=CELL_FDD",Reliable,647.761,53.897
2026-04-10 06:00,60,"PI_UIO_DE_LOS_ALAMOS_UL/Cell:eNodeB Function Name=PI_UIO_DE_LOS_ALAMOSL21, Local Cell ID=3, Cell Name=PI_UIO_DE_LOS_ALAMOS_3, eNodeB ID=44110, Cell FDD TDD indication=CELL_FDD",Reliable,906.231,87.107
2026-04-10 06:00,60,"PI_UIO_DE_LOS_ALAMOS_UL/Cell:eNodeB Function Name=PI_UIO_DE_LOS_ALAMOSL21, Local Cell ID=7, Cell Name=PI_UIO_DE_LOS_ALAMOS_APT_7, eNodeB ID=44110, Cell FDD TDD indication=CELL_FDD",Reliable,160.065,30.443
2026-04-10 06:00,60,"PI_UIO_DE_LOS_ALAMOS_UL/Cell:eNodeB Function Name=PI_UIO_DE_LOS_ALAMOSL21, Local Cell ID=8, Cell Name=PI_UIO_DE_LOS_ALAMOS_APT_8, eNodeB ID=44110, Cell FDD TDD indication=CELL_FDD",Reliable,2291.387,186.702
2026-04-10 06:00,60,"PI_UIO_DE_LOS_ALAMOS_UL/Cell:eNodeB Function Name=PI_UIO_DE_LOS_ALAMOSL21, Local Cell ID=9, Cell Name=PI_UIO_DE_LOS_ALAMOS_APT_9, eNodeB ID=44110, Cell FDD TDD indication=CELL_FDD",Reliable,917.854,154.612
2026-04-10 06:00,60,"PI_UIO_SAN_JOSE_DEL_VALLE_UL/Cell:eNodeB Function Name=PIC_UIO_SAN_JOSE_DEL_VALLE_L, Local Cell ID=1, Cell Name=PIC_UIO_SAN_JOSE_DEL_VALLE_L21_1, eNodeB ID=44200, Cell FDD TDD indication=CELL_FDD",Reliable,568.195,32.342
2026-04-10 06:00,60,"PI_UIO_SAN_JOSE_DEL_VALLE_UL/Cell:eNodeB Function Name=PIC_UIO_SAN_JOSE_DEL_VALLE_L, Local Cell ID=2, Cell Name=PIC_UIO_SAN_JOSE_DEL_VALLE_L21_2, eNodeB ID=44200, Cell FDD TDD indication=CELL_FDD",Reliable,1654.856,130.936
2026-04-10 06:00,60,"PI_UIO_SAN_JOSE_DEL_VALLE_UL/Cell:eNodeB Function Name=PIC_UIO_SAN_JOSE_DEL_VALLE_L, Local Cell ID=3, Cell Name=PIC_UIO_SAN_JOSE_DEL_VALLE_L21_3, eNodeB ID=44200, Cell FDD TDD indication=CELL_FDD",Reliable,2380.746,181.591
2026-04-10 06:00,60,"PI_UIO_LA_MOYA_UL/Cell:eNodeB Function Name=PI_UIO_LA_MOYAL21, Local Cell ID=1, Cell Name=PI_UIO_LA_MOYA_1, eNodeB ID=44143, Cell FDD TDD indication=CELL_FDD",Reliable,1363.869,106.941
2026-04-10 06:00,60,"PI_UIO_LA_MOYA_UL/Cell:eNodeB Function Name=PI_UIO_LA_MOYAL21, Local Cell ID=2, Cell Name=PI_UIO_LA_MOYA_2, eNodeB ID=44143, Cell FDD TDD indication=CELL_FDD",Reliable,484.538,41.084
2026-04-10 06:00,60,"PI_UIO_LA_MOYA_UL/Cell:eNodeB Function Name=PI_UIO_LA_MOYAL21, Local Cell ID=3, Cell Name=PI_UIO_LA_MOYA_3, eNodeB ID=44143, Cell FDD TDD indication=CELL_FDD",Reliable,1905.603,125.299
2026-04-10 06:00,60,"PI_UIO_LA_MOYA_UL/Cell:eNodeB Function Name=PI_UIO_LA_MOYAL21, Local Cell ID=7, Cell Name=PI_UIO_LA_MOYA_APT_7, eNodeB ID=44143, Cell FDD TDD indication=CELL_FDD",Reliable,315.138,81.615
2026-04-10 06:00,60,"PI_UIO_LA_MOYA_UL/Cell:eNodeB Function Name=PI_UIO_LA_MOYAL21, Local Cell ID=8, Cell Name=PI_UIO_LA_MOYA_APT_8, eNodeB ID=44143, Cell FDD TDD indication=CELL_FDD",Reliable,2605.647,248.041
2026-04-10 06:00,60,"PI_UIO_LA_MOYA_UL/Cell:eNodeB Function Name=PI_UIO_LA_MOYAL21, Local Cell ID=9, Cell Name=PI_UIO_LA_MOYA_APT_9, eNodeB ID=44143, Cell FDD TDD indication=CELL_FDD",Reliable,1452.879,98.35
2026-04-10 06:00,60,"PI_UIO_LUMBISI_UL/Cell:eNodeB Function Name=PI_UIO_LUMBISIL21, Local Cell ID=1, Cell Name=PIC_UIO_LUMBISI_L21_1, eNodeB ID=44154, Cell FDD TDD indication=CELL_FDD",Reliable,842.363,46.979
2026-04-10 06:00,60,"PI_UIO_LUMBISI_UL/Cell:eNodeB Function Name=PI_UIO_LUMBISIL21, Local Cell ID=2, Cell Name=PIC_UIO_LUMBISI_L21_2, eNodeB ID=44154, Cell FDD TDD indication=CELL_FDD",Reliable,790.619,50.381
2026-04-10 06:00,60,"PI_UIO_LUMBISI_UL/Cell:eNodeB Function Name=PI_UIO_LUMBISIL21, Local Cell ID=3, Cell Name=PIC_UIO_LUMBISI_L21_3, eNodeB ID=44154, Cell FDD TDD indication=CELL_FDD",Reliable,337.774,20.984
2026-04-10 06:00,60,"PI_UIO_LUMBISI_UL/Cell:eNodeB Function Name=PI_UIO_LUMBISIL21, Local Cell ID=7, Cell Name=PIC_UIO_LUMBISI_L7_7, eNodeB ID=44154, Cell FDD TDD indication=CELL_FDD",Reliable,765.804,37.458
2026-04-10 06:00,60,"PI_UIO_LUMBISI_UL/Cell:eNodeB Function Name=PI_UIO_LUMBISIL21, Local Cell ID=8, Cell Name=PIC_UIO_LUMBISI_L7_8, eNodeB ID=44154, Cell FDD TDD indication=CELL_FDD",Reliable,64.402,5.476
2026-04-10 06:00,60,"PI_UIO_LUMBISI_UL/Cell:eNodeB Function Name=PI_UIO_LUMBISIL21, Local Cell ID=9, Cell Name=PIC_UIO_LUMBISI_L7_9, eNodeB ID=44154, Cell FDD TDD indication=CELL_FDD",Reliable,485.341,49.99
2026-04-10 06:00,60,"PI_UIO_CC_SAN_LUIS_UL/Cell:eNodeB Function Name=PI_UIO_CC_SAN_LUIS_L, Local Cell ID=1, Cell Name=PI_UIO_CC_SAN_LUIS_1, eNodeB ID=44197, Cell FDD TDD indication=CELL_FDD",Reliable,555.321,53.902
2026-04-10 06:00,60,"PI_UIO_CC_SAN_LUIS_UL/Cell:eNodeB Function Name=PI_UIO_CC_SAN_LUIS_L, Local Cell ID=2, Cell Name=PI_UIO_CC_SAN_LUIS_2, eNodeB ID=44197, Cell FDD TDD indication=CELL_FDD",Reliable,750.304,105.337
2026-04-10 06:00,60,"PI_UIO_CC_SAN_LUIS_UL/Cell:eNodeB Function Name=PI_UIO_CC_SAN_LUIS_L, Local Cell ID=3, Cell Name=PI_UIO_CC_SAN_LUIS_3, eNodeB ID=44197, Cell FDD TDD indication=CELL_FDD",Reliable,536.728,36.033
2026-04-10 06:00,60,"PI_UIO_CC_SAN_LUIS_UL/Cell:eNodeB Function Name=PI_UIO_CC_SAN_LUIS_L, Local Cell ID=11, Cell Name=PI_UIO_CC_SAN_LUIS_11, eNodeB ID=44197, Cell FDD TDD indication=CELL_FDD",Reliable,115.255,8.548
2026-04-10 06:00,60,"PI_UIO_CC_SAN_LUIS_UL/Cell:eNodeB Function Name=PI_UIO_CC_SAN_LUIS_L, Local Cell ID=12, Cell Name=PI_UIO_CC_SAN_LUIS_12, eNodeB ID=44197, Cell FDD TDD indication=CELL_FDD",Reliable,185.599,16.396
2026-04-10 06:00,60,"PI_UIO_CC_SAN_LUIS_UL/Cell:eNodeB Function Name=PI_UIO_CC_SAN_LUIS_L, Local Cell ID=13, Cell Name=PI_UIO_CC_SAN_LUIS_13, eNodeB ID=44197, Cell FDD TDD indication=CELL_FDD",Reliable,147.704,11.881
2026-04-10 06:00,60,"PI_UIO_LA_COMUNA_UL/Cell:eNodeB Function Name=PI_UIO_LA_COMUNA_L, Local Cell ID=1, Cell Name=PI_UIO_LA_COMUNA_1, eNodeB ID=44138, Cell FDD TDD indication=CELL_FDD",Reliable,606.331,60.188
2026-04-10 06:00,60,"PI_UIO_LA_COMUNA_UL/Cell:eNodeB Function Name=PI_UIO_LA_COMUNA_L, Local Cell ID=2, Cell Name=PI_UIO_LA_COMUNA_2, eNodeB ID=44138, Cell FDD TDD indication=CELL_FDD",Reliable,1352.745,66.273
2026-04-10 06:00,60,"PI_UIO_LA_COMUNA_UL/Cell:eNodeB Function Name=PI_UIO_LA_COMUNA_L, Local Cell ID=3, Cell Name=PI_UIO_LA_COMUNA_3, eNodeB ID=44138, Cell FDD TDD indication=CELL_FDD",Reliable,538.998,108.833
2026-04-10 06:00,60,"PI_UIO_LA_COMUNA_UL/Cell:eNodeB Function Name=PI_UIO_LA_COMUNA_L, Local Cell ID=11, Cell Name=PI_UIO_LA_COMUNA_11, eNodeB ID=44138, Cell FDD TDD indication=CELL_FDD",Reliable,187.157,15.234
2026-04-10 06:00,60,"PI_UIO_LA_COMUNA_UL/Cell:eNodeB Function Name=PI_UIO_LA_COMUNA_L, Local Cell ID=12, Cell Name=PI_UIO_LA_COMUNA_12, eNodeB ID=44138, Cell FDD TDD indication=CELL_FDD",Reliable,183.307,27.814
2026-04-10 06:00,60,"PI_UIO_LA_COMUNA_UL/Cell:eNodeB Function Name=PI_UIO_LA_COMUNA_L, Local Cell ID=13, Cell Name=PI_UIO_LA_COMUNA_13, eNodeB ID=44138, Cell FDD TDD indication=CELL_FDD",Reliable,98.512,11.005
2026-04-10 06:00,60,"PIC_UIO_TRIBUNAL_SUPREMO_ULN/Cell:eNodeB Function Name=PI_UIO_TRIBUNAL_SUPREMO_L, Local Cell ID=1, Cell Name=PI_UIO_TRIBUNAL_SUPREMO_1, eNodeB ID=44192, Cell FDD TDD indication=CELL_FDD",Reliable,1283.075,169.56
2026-04-10 06:00,60,"PIC_UIO_TRIBUNAL_SUPREMO_ULN/Cell:eNodeB Function Name=PI_UIO_TRIBUNAL_SUPREMO_L, Local Cell ID=2, Cell Name=PI_UIO_TRIBUNAL_SUPREMO_2, eNodeB ID=44192, Cell FDD TDD indication=CELL_FDD",Reliable,215.658,18.457
2026-04-10 06:00,60,"PIC_UIO_TRIBUNAL_SUPREMO_ULN/Cell:eNodeB Function Name=PI_UIO_TRIBUNAL_SUPREMO_L, Local Cell ID=3, Cell Name=PI_UIO_TRIBUNAL_SUPREMO_3, eNodeB ID=44192, Cell FDD TDD indication=CELL_FDD",Reliable,419.625,38.346
2026-04-10 06:00,60,"PIC_UIO_TRIBUNAL_SUPREMO_ULN/Cell:eNodeB Function Name=PI_UIO_TRIBUNAL_SUPREMO_L, Local Cell ID=11, Cell Name=PI_UIO_TRIBUNAL_SUPREMO_11, eNodeB ID=44192, Cell FDD TDD indication=CELL_FDD",Reliable,455.501,52.053
2026-04-10 06:00,60,"PIC_UIO_TRIBUNAL_SUPREMO_ULN/Cell:eNodeB Function Name=PI_UIO_TRIBUNAL_SUPREMO_L, Local Cell ID=12, Cell Name=PI_UIO_TRIBUNAL_SUPREMO_12, eNodeB ID=44192, Cell FDD TDD indication=CELL_FDD",Reliable,187.752,5.374
2026-04-10 06:00,60,"PIC_UIO_TRIBUNAL_SUPREMO_ULN/Cell:eNodeB Function Name=PI_UIO_TRIBUNAL_SUPREMO_L, Local Cell ID=13, Cell Name=PI_UIO_TRIBUNAL_SUPREMO_13, eNodeB ID=44192, Cell FDD TDD indication=CELL_FDD",Reliable,16.902,1.934
2026-04-10 06:00,60,"PI_UIO_PARQUE_INGLES_UL/Cell:eNodeB Function Name=PI_UIO_PARQUE_INGLESL21, Local Cell ID=1, Cell Name=PI_UIO_PARQUE_INGLES_1, eNodeB ID=44167, Cell FDD TDD indication=CELL_FDD",Reliable,635.756,51.613
2026-04-10 06:00,60,"PI_UIO_PARQUE_INGLES_UL/Cell:eNodeB Function Name=PI_UIO_PARQUE_INGLESL21, Local Cell ID=2, Cell Name=PI_UIO_PARQUE_INGLES_2, eNodeB ID=44167, Cell FDD TDD indication=CELL_FDD",Reliable,913.095,63.794
2026-04-10 06:00,60,"PI_UIO_PARQUE_INGLES_UL/Cell:eNodeB Function Name=PI_UIO_PARQUE_INGLESL21, Local Cell ID=3, Cell Name=PI_UIO_PARQUE_INGLES_3, eNodeB ID=44167, Cell FDD TDD indication=CELL_FDD",Reliable,544.652,33.388
2026-04-10 06:00,60,"PI_UIO_CONOCOTO_UL/Cell:eNodeB Function Name=PI_UIO_CONOCOTOL21, Local Cell ID=1, Cell Name=PI_UIO_CONOCOTO_1, eNodeB ID=44022, Cell FDD TDD indication=CELL_FDD",Reliable,751.192,80.504
2026-04-10 06:00,60,"PI_UIO_CONOCOTO_UL/Cell:eNodeB Function Name=PI_UIO_CONOCOTOL21, Local Cell ID=2, Cell Name=PI_UIO_CONOCOTO_2, eNodeB ID=44022, Cell FDD TDD indication=CELL_FDD",Reliable,1464.243,81.636
2026-04-10 06:00,60,"PI_UIO_CONOCOTO_UL/Cell:eNodeB Function Name=PI_UIO_CONOCOTOL21, Local Cell ID=3, Cell Name=PI_UIO_CONOCOTO_3, eNodeB ID=44022, Cell FDD TDD indication=CELL_FDD",Reliable,3534.974,262.552
2026-04-10 06:00,60,"PI_UIO_CONOCOTO_UL/Cell:eNodeB Function Name=PI_UIO_CONOCOTOL21, Local Cell ID=7, Cell Name=PI_UIO_CONOCOTO_APT_7, eNodeB ID=44022, Cell FDD TDD indication=CELL_FDD",Reliable,1595.9,270.05
2026-04-10 06:00,60,"PI_UIO_CONOCOTO_UL/Cell:eNodeB Function Name=PI_UIO_CONOCOTOL21, Local Cell ID=8, Cell Name=PI_UIO_CONOCOTO_APT_8, eNodeB ID=44022, Cell FDD TDD indication=CELL_FDD",Reliable,3664.137,526.627
2026-04-10 06:00,60,"PI_UIO_CONOCOTO_UL/Cell:eNodeB Function Name=PI_UIO_CONOCOTOL21, Local Cell ID=9, Cell Name=PI_UIO_CONOCOTO_APT_9, eNodeB ID=44022, Cell FDD TDD indication=CELL_FDD",Reliable,3997.49,276.843
2026-04-10 06:00,60,"PIC_UIO_ALAMEDA_ULN/Cell:eNodeB Function Name=PIC_UIO_ALAMEDA_L, Local Cell ID=1, Cell Name=PIC_UIO_ALAMEDA_L21_1, eNodeB ID=44030, Cell FDD TDD indication=CELL_FDD",Reliable,1362.752,173.592
2026-04-10 06:00,60,"PIC_UIO_ALAMEDA_ULN/Cell:eNodeB Function Name=PIC_UIO_ALAMEDA_L, Local Cell ID=2, Cell Name=PIC_UIO_ALAMEDA_L21_2, eNodeB ID=44030, Cell FDD TDD indication=CELL_FDD",Reliable,1579.695,156.603
2026-04-10 06:00,60,"PIC_UIO_ALAMEDA_ULN/Cell:eNodeB Function Name=PIC_UIO_ALAMEDA_L, Local Cell ID=3, Cell Name=PIC_UIO_ALAMEDA_L21_3, eNodeB ID=44030, Cell FDD TDD indication=CELL_FDD",Reliable,1163.402,109.488
2026-04-10 06:00,60,"PIC_UIO_ALAMEDA_ULN/Cell:eNodeB Function Name=PIC_UIO_ALAMEDA_L, Local Cell ID=7, Cell Name=PIC_UIO_ALAMEDA_L7_7, eNodeB ID=44030, Cell FDD TDD indication=CELL_FDD",Reliable,1384.687,176.552
2026-04-10 06:00,60,"PIC_UIO_ALAMEDA_ULN/Cell:eNodeB Function Name=PIC_UIO_ALAMEDA_L, Local Cell ID=8, Cell Name=PIC_UIO_ALAMEDA_L7_8, eNodeB ID=44030, Cell FDD TDD indication=CELL_FDD",Reliable,2087.481,208.477
2026-04-10 06:00,60,"PIC_UIO_ALAMEDA_ULN/Cell:eNodeB Function Name=PIC_UIO_ALAMEDA_L, Local Cell ID=9, Cell Name=PIC_UIO_ALAMEDA_L7_9, eNodeB ID=44030, Cell FDD TDD indication=CELL_FDD",Reliable,1949.97,496.441
2026-04-10 06:00,60,"PIC_UIO_ALAMEDA_ULN/Cell:eNodeB Function Name=PIC_UIO_ALAMEDA_L, Local Cell ID=11, Cell Name=PIC_UIO_ALAMEDA_L19_11, eNodeB ID=44030, Cell FDD TDD indication=CELL_FDD",Reliable,270.595,20.116
2026-04-10 06:00,60,"PIC_UIO_ALAMEDA_ULN/Cell:eNodeB Function Name=PIC_UIO_ALAMEDA_L, Local Cell ID=12, Cell Name=PIC_UIO_ALAMEDA_L19_12, eNodeB ID=44030, Cell FDD TDD indication=CELL_FDD",Reliable,384.301,26.096
2026-04-10 06:00,60,"PIC_UIO_ALAMEDA_ULN/Cell:eNodeB Function Name=PIC_UIO_ALAMEDA_L, Local Cell ID=13, Cell Name=PIC_UIO_ALAMEDA_L19_13, eNodeB ID=44030, Cell FDD TDD indication=CELL_FDD",Reliable,493.349,67.883
2026-04-10 06:00,60,"PI_UIO_VACA_DE_CASTRO_UL/Cell:eNodeB Function Name=PI_UIO_VACA_DE_CASTROL21, Local Cell ID=1, Cell Name=PI_UIO_VACA_DE_CASTRO_1, eNodeB ID=44194, Cell FDD TDD indication=CELL_FDD",Reliable,1334.483,92.854
2026-04-10 06:00,60,"PI_UIO_VACA_DE_CASTRO_UL/Cell:eNodeB Function Name=PI_UIO_VACA_DE_CASTROL21, Local Cell ID=2, Cell Name=PI_UIO_VACA_DE_CASTRO_2, eNodeB ID=44194, Cell FDD TDD indication=CELL_FDD",Reliable,176.579,14.988
2026-04-10 06:00,60,"PI_UIO_VACA_DE_CASTRO_UL/Cell:eNodeB Function Name=PI_UIO_VACA_DE_CASTROL21, Local Cell ID=3, Cell Name=PI_UIO_VACA_DE_CASTRO_3, eNodeB ID=44194, Cell FDD TDD indication=CELL_FDD",Reliable,766.347,64.332
2026-04-10 06:00,60,"PIC_UIO_TOMAS_DE_BERLANGA_ULN/Cell:eNodeB Function Name=PI_UIO_TOMAS_DE_BERLANGA_L, Local Cell ID=1, Cell Name=PI_UIO_TOMAS_DE_BERLANGA_1, eNodeB ID=44191, Cell FDD TDD indication=CELL_FDD",Reliable,351.855,28.978
2026-04-10 06:00,60,"PIC_UIO_TOMAS_DE_BERLANGA_ULN/Cell:eNodeB Function Name=PI_UIO_TOMAS_DE_BERLANGA_L, Local Cell ID=2, Cell Name=PI_UIO_TOMAS_DE_BERLANGA_2, eNodeB ID=44191, Cell FDD TDD indication=CELL_FDD",Reliable,404.99,186.111
2026-04-10 06:00,60,"PIC_UIO_TOMAS_DE_BERLANGA_ULN/Cell:eNodeB Function Name=PI_UIO_TOMAS_DE_BERLANGA_L, Local Cell ID=3, Cell Name=PI_UIO_TOMAS_DE_BERLANGA_3, eNodeB ID=44191, Cell FDD TDD indication=CELL_FDD",Reliable,469.72,63.678
2026-04-10 06:00,60,"PIC_UIO_TOMAS_DE_BERLANGA_ULN/Cell:eNodeB Function Name=PI_UIO_TOMAS_DE_BERLANGA_L, Local Cell ID=11, Cell Name=PI_UIO_TOMAS_DE_BERLANGA_11, eNodeB ID=44191, Cell FDD TDD indication=CELL_FDD",Reliable,12.724,2.69
2026-04-10 06:00,60,"PIC_UIO_TOMAS_DE_BERLANGA_ULN/Cell:eNodeB Function Name=PI_UIO_TOMAS_DE_BERLANGA_L, Local Cell ID=12, Cell Name=PI_UIO_TOMAS_DE_BERLANGA_12, eNodeB ID=44191, Cell FDD TDD indication=CELL_FDD",Reliable,53.359,2.321
2026-04-10 06:00,60,"PIC_UIO_TOMAS_DE_BERLANGA_ULN/Cell:eNodeB Function Name=PI_UIO_TOMAS_DE_BERLANGA_L, Local Cell ID=13, Cell Name=PI_UIO_TOMAS_DE_BERLANGA_13, eNodeB ID=44191, Cell FDD TDD indication=CELL_FDD",Reliable,163.482,10.691
2026-04-10 06:00,60,"PI_UIO_LA_GASCA_UL/Cell:eNodeB Function Name=PI_UIO_LA_GASCAL21, Local Cell ID=1, Cell Name=PI_UIO_LA_GASCA_1, eNodeB ID=44139, Cell FDD TDD indication=CELL_FDD",Reliable,486.783,72.733
2026-04-10 06:00,60,"PI_UIO_LA_GASCA_UL/Cell:eNodeB Function Name=PI_UIO_LA_GASCAL21, Local Cell ID=2, Cell Name=PI_UIO_LA_GASCA_2, eNodeB ID=44139, Cell FDD TDD indication=CELL_FDD",Reliable,771.942,91.805
2026-04-10 06:00,60,"PI_UIO_LA_GASCA_UL/Cell:eNodeB Function Name=PI_UIO_LA_GASCAL21, Local Cell ID=3, Cell Name=PI_UIO_LA_GASCA_3, eNodeB ID=44139, Cell FDD TDD indication=CELL_FDD",Reliable,710.127,140.949
2026-04-10 06:00,60,"PIC_UIO_MARISCAL_SUCRE_ULN/Cell:eNodeB Function Name=PIC_UIO_MARISCAL_SUCRE_L, Local Cell ID=1, Cell Name=PIC_UIO_MARISCAL_SUCRE_L21_1, eNodeB ID=44008, Cell FDD TDD indication=CELL_FDD",Reliable,975.915,531.184
2026-04-10 06:00,60,"PIC_UIO_MARISCAL_SUCRE_ULN/Cell:eNodeB Function Name=PIC_UIO_MARISCAL_SUCRE_L, Local Cell ID=2, Cell Name=PIC_UIO_MARISCAL_SUCRE_L21_2, eNodeB ID=44008, Cell FDD TDD indication=CELL_FDD",Reliable,1658.563,155.568
2026-04-10 06:00,60,"PIC_UIO_MARISCAL_SUCRE_ULN/Cell:eNodeB Function Name=PIC_UIO_MARISCAL_SUCRE_L, Local Cell ID=3, Cell Name=PIC_UIO_MARISCAL_SUCRE_L21_3, eNodeB ID=44008, Cell FDD TDD indication=CELL_FDD",Reliable,306.946,23.971
2026-04-10 06:00,60,"PIC_UIO_MARISCAL_SUCRE_ULN/Cell:eNodeB Function Name=PIC_UIO_MARISCAL_SUCRE_L, Local Cell ID=7, Cell Name=PIC_UIO_MARISCAL_SUCRE_L7_7, eNodeB ID=44008, Cell FDD TDD indication=CELL_FDD",Reliable,105.152,14.763
2026-04-10 06:00,60,"PIC_UIO_MARISCAL_SUCRE_ULN/Cell:eNodeB Function Name=PIC_UIO_MARISCAL_SUCRE_L, Local Cell ID=8, Cell Name=PIC_UIO_MARISCAL_SUCRE_L7_8, eNodeB ID=44008, Cell FDD TDD indication=CELL_FDD",Reliable,1168.16,135.2
2026-04-10 06:00,60,"PIC_UIO_MARISCAL_SUCRE_ULN/Cell:eNodeB Function Name=PIC_UIO_MARISCAL_SUCRE_L, Local Cell ID=9, Cell Name=PIC_UIO_MARISCAL_SUCRE_L7_9, eNodeB ID=44008, Cell FDD TDD indication=CELL_FDD",Reliable,331.667,38.971
2026-04-10 06:00,60,"PIC_UIO_MARISCAL_SUCRE_ULN/Cell:eNodeB Function Name=PIC_UIO_MARISCAL_SUCRE_L, Local Cell ID=11, Cell Name=PIC_UIO_MARISCAL_SUCRE_L19_11, eNodeB ID=44008, Cell FDD TDD indication=CELL_FDD",Reliable,148.737,89.898
2026-04-10 06:00,60,"PIC_UIO_MARISCAL_SUCRE_ULN/Cell:eNodeB Function Name=PIC_UIO_MARISCAL_SUCRE_L, Local Cell ID=12, Cell Name=PIC_UIO_MARISCAL_SUCRE_L19_12, eNodeB ID=44008, Cell FDD TDD indication=CELL_FDD",Reliable,467.843,39.604
2026-04-10 06:00,60,"PIC_UIO_MARISCAL_SUCRE_ULN/Cell:eNodeB Function Name=PIC_UIO_MARISCAL_SUCRE_L, Local Cell ID=13, Cell Name=PIC_UIO_MARISCAL_SUCRE_L19_13, eNodeB ID=44008, Cell FDD TDD indication=CELL_FDD",Reliable,36.273,5.282
2026-04-10 06:00,60,"PI_UIO_PEDRO_ALVARADO_UL/Cell:eNodeB Function Name=PI_UIO_PEDRO_ALVARADOL21, Local Cell ID=1, Cell Name=PI_UIO_PEDRO_ALVARADO_1, eNodeB ID=44169, Cell FDD TDD indication=CELL_FDD",Reliable,985.645,75.813
2026-04-10 06:00,60,"PI_UIO_PEDRO_ALVARADO_UL/Cell:eNodeB Function Name=PI_UIO_PEDRO_ALVARADOL21, Local Cell ID=2, Cell Name=PI_UIO_PEDRO_ALVARADO_2, eNodeB ID=44169, Cell FDD TDD indication=CELL_FDD",Reliable,221.218,30.605
2026-04-10 06:00,60,"PI_UIO_PEDRO_ALVARADO_UL/Cell:eNodeB Function Name=PI_UIO_PEDRO_ALVARADOL21, Local Cell ID=3, Cell Name=PI_UIO_PEDRO_ALVARADO_3, eNodeB ID=44169, Cell FDD TDD indication=CELL_FDD",Reliable,3.785,1.5
2026-04-10 06:00,60,"PI_UIO_FLORIDA_UL/Cell:eNodeB Function Name=PI_UIO_FLORIDAL21, Local Cell ID=1, Cell Name=PI_UIO_FLORIDA_1, eNodeB ID=44126, Cell FDD TDD indication=CELL_FDD",Reliable,861.051,62.316
2026-04-10 06:00,60,"PI_UIO_FLORIDA_UL/Cell:eNodeB Function Name=PI_UIO_FLORIDAL21, Local Cell ID=2, Cell Name=PI_UIO_FLORIDA_2, eNodeB ID=44126, Cell FDD TDD indication=CELL_FDD",Reliable,342.289,28.171
2026-04-10 06:00,60,"PI_UIO_FLORIDA_UL/Cell:eNodeB Function Name=PI_UIO_FLORIDAL21, Local Cell ID=3, Cell Name=PI_UIO_FLORIDA_3, eNodeB ID=44126, Cell FDD TDD indication=CELL_FDD",Reliable,382.46,17.041
2026-04-10 06:00,60,"PI_UIO_HERMANO_MIGUEL_UL/Cell:eNodeB Function Name=PI_UIO_HERMANO_MIGUELL21, Local Cell ID=1, Cell Name=PI_UIO_HERMANO_MIGUEL_1, eNodeB ID=44104, Cell FDD TDD indication=CELL_FDD",Reliable,1933.153,133.68
2026-04-10 06:00,60,"PI_UIO_HERMANO_MIGUEL_UL/Cell:eNodeB Function Name=PI_UIO_HERMANO_MIGUELL21, Local Cell ID=2, Cell Name=PI_UIO_HERMANO_MIGUEL_2, eNodeB ID=44104, Cell FDD TDD indication=CELL_FDD",Reliable,315.992,30.846
2026-04-10 06:00,60,"PI_UIO_HERMANO_MIGUEL_UL/Cell:eNodeB Function Name=PI_UIO_HERMANO_MIGUELL21, Local Cell ID=3, Cell Name=PI_UIO_HERMANO_MIGUEL_3, eNodeB ID=44104, Cell FDD TDD indication=CELL_FDD",Reliable,196.717,14.656
2026-04-10 06:00,60,"PI_UIO_ALONSO_DE_ANGULO_UL/Cell:eNodeB Function Name=PI_UIO_ALONSO_DE_ANGULO_L, Local Cell ID=1, Cell Name=PI_UIO_ALONSO_DE_ANGULO_1, eNodeB ID=44058, Cell FDD TDD indication=CELL_FDD",Reliable,391.289,38.548
2026-04-10 06:00,60,"PI_UIO_ALONSO_DE_ANGULO_UL/Cell:eNodeB Function Name=PI_UIO_ALONSO_DE_ANGULO_L, Local Cell ID=2, Cell Name=PI_UIO_ALONSO_DE_ANGULO_2, eNodeB ID=44058, Cell FDD TDD indication=CELL_FDD",Reliable,1225.266,107.684
2026-04-10 06:00,60,"PI_UIO_ALONSO_DE_ANGULO_UL/Cell:eNodeB Function Name=PI_UIO_ALONSO_DE_ANGULO_L, Local Cell ID=3, Cell Name=PI_UIO_ALONSO_DE_ANGULO_3, eNodeB ID=44058, Cell FDD TDD indication=CELL_FDD",Reliable,405.902,45.459
2026-04-10 06:00,60,"PI_UIO_ALONSO_DE_ANGULO_UL/Cell:eNodeB Function Name=PI_UIO_ALONSO_DE_ANGULO_L, Local Cell ID=7, Cell Name=PI_UIO_ALONSO_DE_ANGULO_APT_7, eNodeB ID=44058, Cell FDD TDD indication=CELL_FDD",Reliable,1055.466,166.229
2026-04-10 06:00,60,"PI_UIO_ALONSO_DE_ANGULO_UL/Cell:eNodeB Function Name=PI_UIO_ALONSO_DE_ANGULO_L, Local Cell ID=8, Cell Name=PI_UIO_ALONSO_DE_ANGULO_APT_8, eNodeB ID=44058, Cell FDD TDD indication=CELL_FDD",Reliable,792.631,147.328
2026-04-10 06:00,60,"PI_UIO_ALONSO_DE_ANGULO_UL/Cell:eNodeB Function Name=PI_UIO_ALONSO_DE_ANGULO_L, Local Cell ID=9, Cell Name=PI_UIO_ALONSO_DE_ANGULO_APT_9, eNodeB ID=44058, Cell FDD TDD indication=CELL_FDD",Reliable,2147.9,219.541
2026-04-10 06:00,60,"PI_UIO_ALONSO_DE_ANGULO_UL/Cell:eNodeB Function Name=PI_UIO_ALONSO_DE_ANGULO_L, Local Cell ID=11, Cell Name=PI_UIO_ALONSO_DE_ANGULO_11, eNodeB ID=44058, Cell FDD TDD indication=CELL_FDD",Reliable,2.336,0.559
2026-04-10 06:00,60,"PI_UIO_ALONSO_DE_ANGULO_UL/Cell:eNodeB Function Name=PI_UIO_ALONSO_DE_ANGULO_L, Local Cell ID=12, Cell Name=PI_UIO_ALONSO_DE_ANGULO_12, eNodeB ID=44058, Cell FDD TDD indication=CELL_FDD",Reliable,42.533,4.696
2026-04-10 06:00,60,"PI_UIO_ALONSO_DE_ANGULO_UL/Cell:eNodeB Function Name=PI_UIO_ALONSO_DE_ANGULO_L, Local Cell ID=13, Cell Name=PI_UIO_ALONSO_DE_ANGULO_13, eNodeB ID=44058, Cell FDD TDD indication=CELL_FDD",Reliable,53.359,7.198
2026-04-10 06:00,60,"PI_UIO_EL_RECREO_UL/Cell:eNodeB Function Name=PI_UIO_EL_RECREO_L, Local Cell ID=1, Cell Name=PI_UIO_EL_RECREO_1, eNodeB ID=44121, Cell FDD TDD indication=CELL_FDD",Reliable,1804.418,245.736
2026-04-10 06:00,60,"PI_UIO_EL_RECREO_UL/Cell:eNodeB Function Name=PI_UIO_EL_RECREO_L, Local Cell ID=2, Cell Name=PI_UIO_EL_RECREO_2, eNodeB ID=44121, Cell FDD TDD indication=CELL_FDD",Reliable,1944.251,274.825
2026-04-10 06:00,60,"PI_UIO_EL_RECREO_UL/Cell:eNodeB Function Name=PI_UIO_EL_RECREO_L, Local Cell ID=3, Cell Name=PI_UIO_EL_RECREO_3, eNodeB ID=44121, Cell FDD TDD indication=CELL_FDD",Reliable,3014.296,286.291
2026-04-10 06:00,60,"PI_UIO_EL_RECREO_UL/Cell:eNodeB Function Name=PI_UIO_EL_RECREO_L, Local Cell ID=11, Cell Name=PI_UIO_EL_RECREO_11, eNodeB ID=44121, Cell FDD TDD indication=CELL_FDD",Reliable,262.799,25.204
2026-04-10 06:00,60,"PI_UIO_EL_RECREO_UL/Cell:eNodeB Function Name=PI_UIO_EL_RECREO_L, Local Cell ID=12, Cell Name=PI_UIO_EL_RECREO_12, eNodeB ID=44121, Cell FDD TDD indication=CELL_FDD",Reliable,533.612,46.737
2026-04-10 06:00,60,"PI_UIO_EL_RECREO_UL/Cell:eNodeB Function Name=PI_UIO_EL_RECREO_L, Local Cell ID=13, Cell Name=PI_UIO_EL_RECREO_13, eNodeB ID=44121, Cell FDD TDD indication=CELL_FDD",Reliable,189.821,21.827
2026-04-10 06:00,60,"PI_UIO_CHIRIYACU_ALTO_UL/Cell:eNodeB Function Name=PI_UIO_CHIRIYACU_ALTO_UL, Local Cell ID=1, Cell Name=PI_UIO_CHIRIYACU_ALTO_1, eNodeB ID=44098, Cell FDD TDD indication=CELL_FDD",Reliable,372.011,42.542
2026-04-10 06:00,60,"PI_UIO_CHIRIYACU_ALTO_UL/Cell:eNodeB Function Name=PI_UIO_CHIRIYACU_ALTO_UL, Local Cell ID=2, Cell Name=PI_UIO_CHIRIYACU_ALTO_2, eNodeB ID=44098, Cell FDD TDD indication=CELL_FDD",Reliable,1177.713,62.006
2026-04-10 06:00,60,"PI_UIO_CINCO_ESQUINAS_UL/Cell:eNodeB Function Name=PI_UIO_CINCO_ESQUINAS_UL, Local Cell ID=1, Cell Name=PI_UIO_CINCO_ESQUINAS_1, eNodeB ID=44099, Cell FDD TDD indication=CELL_FDD",Reliable,1017.903,75.023
2026-04-10 06:00,60,"PI_UIO_CINCO_ESQUINAS_UL/Cell:eNodeB Function Name=PI_UIO_CINCO_ESQUINAS_UL, Local Cell ID=2, Cell Name=PI_UIO_CINCO_ESQUINAS_2, eNodeB ID=44099, Cell FDD TDD indication=CELL_FDD",Reliable,181.175,9.657
2026-04-10 06:00,60,"PI_UIO_CINCO_ESQUINAS_UL/Cell:eNodeB Function Name=PI_UIO_CINCO_ESQUINAS_UL, Local Cell ID=3, Cell Name=PI_UIO_CINCO_ESQUINAS_3, eNodeB ID=44099, Cell FDD TDD indication=CELL_FDD",Reliable,428.464,32.286
2026-04-10 06:00,60,"PI_UIO_EL_TEJAR_UL/Cell:eNodeB Function Name=PI_UIO_EL_TEJARL21, Local Cell ID=1, Cell Name=PI_UIO_EL_TEJAR_1, eNodeB ID=44122, Cell FDD TDD indication=CELL_FDD",Reliable,885.593,66.438
2026-04-10 06:00,60,"PI_UIO_EL_TEJAR_UL/Cell:eNodeB Function Name=PI_UIO_EL_TEJARL21, Local Cell ID=2, Cell Name=PI_UIO_EL_TEJAR_2, eNodeB ID=44122, Cell FDD TDD indication=CELL_FDD",Reliable,118.224,18.374
2026-04-10 06:00,60,"PI_UIO_AGUA_CLARA_UL/Cell:eNodeB Function Name=PI_UIO_AGUA_CLARAL21, Local Cell ID=1, Cell Name=PI_UIO_AGUA_CLARA_1, eNodeB ID=44077, Cell FDD TDD indication=CELL_FDD",Reliable,1316.693,92.564
2026-04-10 06:00,60,"PI_UIO_AGUA_CLARA_UL/Cell:eNodeB Function Name=PI_UIO_AGUA_CLARAL21, Local Cell ID=2, Cell Name=PI_UIO_AGUA_CLARA_2, eNodeB ID=44077, Cell FDD TDD indication=CELL_FDD",Reliable,2214.368,193.369
2026-04-10 06:00,60,"PI_UIO_COTOCOLLAO_UL/Cell:eNodeB Function Name=PI_UIO_COTOCOLLAOL21, Local Cell ID=1, Cell Name=PI_UIO_COTOCOLLAO_1, eNodeB ID=44107, Cell FDD TDD indication=CELL_FDD",Reliable,1778.169,140.657
2026-04-10 06:00,60,"PI_UIO_COTOCOLLAO_UL/Cell:eNodeB Function Name=PI_UIO_COTOCOLLAOL21, Local Cell ID=2, Cell Name=PI_UIO_COTOCOLLAO_2, eNodeB ID=44107, Cell FDD TDD indication=CELL_FDD",Reliable,737.357,49.67
2026-04-10 06:00,60,"PI_UIO_COTOCOLLAO_UL/Cell:eNodeB Function Name=PI_UIO_COTOCOLLAOL21, Local Cell ID=3, Cell Name=PI_UIO_COTOCOLLAO_3, eNodeB ID=44107, Cell FDD TDD indication=CELL_FDD",Reliable,335.084,31.896
2026-04-10 06:00,60,"PI_UIO_SAN_CARLOS_UL/Cell:eNodeB Function Name=PI_UIO_SAN_CARLOSL21, Local Cell ID=1, Cell Name=PI_UIO_SAN_CARLOS_1, eNodeB ID=44930, Cell FDD TDD indication=CELL_FDD",Reliable,2413.259,254.157
2026-04-10 06:00,60,"PI_UIO_SAN_CARLOS_UL/Cell:eNodeB Function Name=PI_UIO_SAN_CARLOSL21, Local Cell ID=2, Cell Name=PI_UIO_SAN_CARLOS_2, eNodeB ID=44930, Cell FDD TDD indication=CELL_FDD",Reliable,1006.518,201.129
2026-04-10 06:00,60,"PI_UIO_SAN_CARLOS_UL/Cell:eNodeB Function Name=PI_UIO_SAN_CARLOSL21, Local Cell ID=3, Cell Name=PI_UIO_SAN_CARLOS_3, eNodeB ID=44930, Cell FDD TDD indication=CELL_FDD",Reliable,1744.702,101.176
2026-04-10 06:00,60,"PI_UIO_EL_CONDADO_UL/Cell:eNodeB Function Name=PI_UIO_EL_CONDADOL21, Local Cell ID=1, Cell Name=PI_UIO_EL_CONDADO_1, eNodeB ID=44003, Cell FDD TDD indication=CELL_FDD",Reliable,4558.319,343.643
2026-04-10 06:00,60,"PI_UIO_EL_CONDADO_UL/Cell:eNodeB Function Name=PI_UIO_EL_CONDADOL21, Local Cell ID=2, Cell Name=PI_UIO_EL_CONDADO_2, eNodeB ID=44003, Cell FDD TDD indication=CELL_FDD",Reliable,2544.902,397.133
2026-04-10 06:00,60,"PI_UIO_EL_CONDADO_UL/Cell:eNodeB Function Name=PI_UIO_EL_CONDADOL21, Local Cell ID=3, Cell Name=PI_UIO_EL_CONDADO_3, eNodeB ID=44003, Cell FDD TDD indication=CELL_FDD",Reliable,1920.903,270.838
2026-04-10 06:00,60,"PI_UIO_EL_CONDADO_UL/Cell:eNodeB Function Name=PI_UIO_EL_CONDADOL21, Local Cell ID=7, Cell Name=PI_UIO_EL_CONDADO_APT_7, eNodeB ID=44003, Cell FDD TDD indication=CELL_FDD",Reliable,3169.659,331.851
2026-04-10 06:00,60,"PI_UIO_EL_CONDADO_UL/Cell:eNodeB Function Name=PI_UIO_EL_CONDADOL21, Local Cell ID=8, Cell Name=PI_UIO_EL_CONDADO_APT_8, eNodeB ID=44003, Cell FDD TDD indication=CELL_FDD",Reliable,3981.11,344.842
2026-04-10 06:00,60,"PI_UIO_EL_CONDADO_UL/Cell:eNodeB Function Name=PI_UIO_EL_CONDADOL21, Local Cell ID=9, Cell Name=PI_UIO_EL_CONDADO_APT_9, eNodeB ID=44003, Cell FDD TDD indication=CELL_FDD",Reliable,387.757,37.947
2026-04-10 06:00,60,"PI_UIO_CHILIBULO_UL/Cell:eNodeB Function Name=PI_UIO_CHILIBULOL21, Local Cell ID=1, Cell Name=PI_UIO_CHILIBULO_1, eNodeB ID=44097, Cell FDD TDD indication=CELL_FDD",Reliable,409.77,34.631
2026-04-10 06:00,60,"PI_UIO_CHILIBULO_UL/Cell:eNodeB Function Name=PI_UIO_CHILIBULOL21, Local Cell ID=2, Cell Name=PI_UIO_CHILIBULO_2, eNodeB ID=44097, Cell FDD TDD indication=CELL_FDD",Reliable,693.662,371.784
2026-04-10 06:00,60,"PI_UIO_ABELARDO_MONCAYO_UL/Cell:eNodeB Function Name=PI_UIO_ABELARDO_MONCAYOL21, Local Cell ID=1, Cell Name=PI_UIO_ABELARDO_MONCAYO_1, eNodeB ID=44076, Cell FDD TDD indication=CELL_FDD",Reliable,259.733,79.468
2026-04-10 06:00,60,"PI_UIO_ABELARDO_MONCAYO_UL/Cell:eNodeB Function Name=PI_UIO_ABELARDO_MONCAYOL21, Local Cell ID=2, Cell Name=PI_UIO_ABELARDO_MONCAYO_2, eNodeB ID=44076, Cell FDD TDD indication=CELL_FDD",Reliable,795.775,404.827
2026-04-10 06:00,60,"PI_UIO_ABELARDO_MONCAYO_UL/Cell:eNodeB Function Name=PI_UIO_ABELARDO_MONCAYOL21, Local Cell ID=3, Cell Name=PI_UIO_ABELARDO_MONCAYO_3, eNodeB ID=44076, Cell FDD TDD indication=CELL_FDD",Reliable,106.865,143.438
2026-04-10 06:00,60,"PI_UIO_PUENTE_GUAJALO_UL/Cell:eNodeB Function Name=PI_UIO_PUENTE_GUAJALOL21, Local Cell ID=1, Cell Name=PIC_UIO_PUENTE_GUAJALO_L21_1, eNodeB ID=44178, Cell FDD TDD indication=CELL_FDD",Reliable,1583.714,80.795
2026-04-10 06:00,60,"PI_UIO_PUENTE_GUAJALO_UL/Cell:eNodeB Function Name=PI_UIO_PUENTE_GUAJALOL21, Local Cell ID=2, Cell Name=PIC_UIO_PUENTE_GUAJALO_L21_2, eNodeB ID=44178, Cell FDD TDD indication=CELL_FDD",Reliable,2519.462,181.169
2026-04-10 06:00,60,"PI_UIO_PUENTE_GUAJALO_UL/Cell:eNodeB Function Name=PI_UIO_PUENTE_GUAJALOL21, Local Cell ID=3, Cell Name=PIC_UIO_PUENTE_GUAJALO_L21_3, eNodeB ID=44178, Cell FDD TDD indication=CELL_FDD",Reliable,863.571,106.522
2026-04-10 06:00,60,"PI_UIO_WHIMPER_UL/Cell:eNodeB Function Name=PI_UIO_WHIMPER_L, Local Cell ID=1, Cell Name=PI_UIO_WHIMPER_1, eNodeB ID=44041, Cell FDD TDD indication=CELL_FDD",Reliable,466.582,52.616
2026-04-10 06:00,60,"PI_UIO_WHIMPER_UL/Cell:eNodeB Function Name=PI_UIO_WHIMPER_L, Local Cell ID=2, Cell Name=PI_UIO_WHIMPER_2, eNodeB ID=44041, Cell FDD TDD indication=CELL_FDD",Reliable,719.045,175.138
2026-04-10 06:00,60,"PI_UIO_WHIMPER_UL/Cell:eNodeB Function Name=PI_UIO_WHIMPER_L, Local Cell ID=3, Cell Name=PI_UIO_WHIMPER_3, eNodeB ID=44041, Cell FDD TDD indication=CELL_FDD",Reliable,673.568,35.45
2026-04-10 06:00,60,"PI_UIO_WHIMPER_UL/Cell:eNodeB Function Name=PI_UIO_WHIMPER_L, Local Cell ID=7, Cell Name=PI_UIO_WHIMPER_APT_7, eNodeB ID=44041, Cell FDD TDD indication=CELL_FDD",Reliable,51.003,65.991
2026-04-10 06:00,60,"PI_UIO_WHIMPER_UL/Cell:eNodeB Function Name=PI_UIO_WHIMPER_L, Local Cell ID=8, Cell Name=PI_UIO_WHIMPER_APT_8, eNodeB ID=44041, Cell FDD TDD indication=CELL_FDD",Reliable,254.35,33.95
2026-04-10 06:00,60,"PI_UIO_WHIMPER_UL/Cell:eNodeB Function Name=PI_UIO_WHIMPER_L, Local Cell ID=9, Cell Name=PI_UIO_WHIMPER_APT_9, eNodeB ID=44041, Cell FDD TDD indication=CELL_FDD",Reliable,212.525,18.572
2026-04-10 06:00,60,"PI_UIO_WHIMPER_UL/Cell:eNodeB Function Name=PI_UIO_WHIMPER_L, Local Cell ID=11, Cell Name=PI_UIO_WHIMPER_11, eNodeB ID=44041, Cell FDD TDD indication=CELL_FDD",Reliable,195.809,12.218
2026-04-10 06:00,60,"PI_UIO_WHIMPER_UL/Cell:eNodeB Function Name=PI_UIO_WHIMPER_L, Local Cell ID=12, Cell Name=PI_UIO_WHIMPER_12, eNodeB ID=44041, Cell FDD TDD indication=CELL_FDD",Reliable,12.523,4.002
2026-04-10 06:00,60,"PI_UIO_WHIMPER_UL/Cell:eNodeB Function Name=PI_UIO_WHIMPER_L, Local Cell ID=13, Cell Name=PI_UIO_WHIMPER_13, eNodeB ID=44041, Cell FDD TDD indication=CELL_FDD",Reliable,185.131,12.738
2026-04-10 06:00,60,"PIC_UIO_ALTOS_DEL_VALLE_ULN/Cell:eNodeB Function Name=PIC_UIO_ALTOS_DEL_VALLE_L, Local Cell ID=1, Cell Name=PIC_UIO_ALTOS_DEL_VALLE_L21_1, eNodeB ID=44079, Cell FDD TDD indication=CELL_FDD",Reliable,223.747,13.347
2026-04-10 06:00,60,"PIC_UIO_ALTOS_DEL_VALLE_ULN/Cell:eNodeB Function Name=PIC_UIO_ALTOS_DEL_VALLE_L, Local Cell ID=2, Cell Name=PIC_UIO_ALTOS_DEL_VALLE_L21_2, eNodeB ID=44079, Cell FDD TDD indication=CELL_FDD",Reliable,317.592,20.276
2026-04-10 06:00,60,"PIC_UIO_ALTOS_DEL_VALLE_ULN/Cell:eNodeB Function Name=PIC_UIO_ALTOS_DEL_VALLE_L, Local Cell ID=3, Cell Name=PIC_UIO_ALTOS_DEL_VALLE_L21_3, eNodeB ID=44079, Cell FDD TDD indication=CELL_FDD",Reliable,85.216,5.632
2026-04-10 06:00,60,"PIC_UIO_ALTOS_DEL_VALLE_ULN/Cell:eNodeB Function Name=PIC_UIO_ALTOS_DEL_VALLE_L, Local Cell ID=7, Cell Name=PIC_UIO_ALTOS_DEL_VALLE_L7_7, eNodeB ID=44079, Cell FDD TDD indication=CELL_FDD",Reliable,439.87,42.382
2026-04-10 06:00,60,"PIC_UIO_ALTOS_DEL_VALLE_ULN/Cell:eNodeB Function Name=PIC_UIO_ALTOS_DEL_VALLE_L, Local Cell ID=8, Cell Name=PIC_UIO_ALTOS_DEL_VALLE_L7_8, eNodeB ID=44079, Cell FDD TDD indication=CELL_FDD",Reliable,1091.299,163.694
2026-04-10 06:00,60,"PIC_UIO_ALTOS_DEL_VALLE_ULN/Cell:eNodeB Function Name=PIC_UIO_ALTOS_DEL_VALLE_L, Local Cell ID=9, Cell Name=PIC_UIO_ALTOS_DEL_VALLE_L7_9, eNodeB ID=44079, Cell FDD TDD indication=CELL_FDD",Reliable,1113.66,123.357
2026-04-10 06:00,60,"PIC_UIO_VIVALDI_UL/Cell:eNodeB Function Name=PIC_UIO_VIVALDI_L, Local Cell ID=9, Cell Name=PIC_UIO_VIVALDI_L7_9, eNodeB ID=44023, Cell FDD TDD indication=CELL_FDD",Reliable,145.269,50.223
2026-04-10 06:00,60,"PIC_UIO_VIVALDI_UL/Cell:eNodeB Function Name=PIC_UIO_VIVALDI_L, Local Cell ID=8, Cell Name=PIC_UIO_VIVALDI_L7_8, eNodeB ID=44023, Cell FDD TDD indication=CELL_FDD",Reliable,150.267,36.646
2026-04-10 06:00,60,"PIC_UIO_VIVALDI_UL/Cell:eNodeB Function Name=PIC_UIO_VIVALDI_L, Local Cell ID=7, Cell Name=PIC_UIO_VIVALDI_L7_7, eNodeB ID=44023, Cell FDD TDD indication=CELL_FDD",Reliable,207.189,109.167
2026-04-10 06:00,60,"PIC_UIO_VIVALDI_UL/Cell:eNodeB Function Name=PIC_UIO_VIVALDI_L, Local Cell ID=3, Cell Name=PIC_UIO_VIVALDI_L21_3, eNodeB ID=44023, Cell FDD TDD indication=CELL_FDD",Reliable,416.199,22.347
2026-04-10 06:00,60,"PIC_UIO_VIVALDI_UL/Cell:eNodeB Function Name=PIC_UIO_VIVALDI_L, Local Cell ID=2, Cell Name=PIC_UIO_VIVALDI_L21_2, eNodeB ID=44023, Cell FDD TDD indication=CELL_FDD",Reliable,396.612,19.831
2026-04-10 06:00,60,"PIC_UIO_VIVALDI_UL/Cell:eNodeB Function Name=PIC_UIO_VIVALDI_L, Local Cell ID=1, Cell Name=PIC_UIO_VIVALDI_L21_1, eNodeB ID=44023, Cell FDD TDD indication=CELL_FDD",Reliable,937.774,74.35
2026-04-10 06:00,60,"PIC_UIO_VIVALDI_UL/Cell:eNodeB Function Name=PIC_UIO_VIVALDI_L, Local Cell ID=11, Cell Name=PIC_UIO_VIVALDI_L19_11, eNodeB ID=44023, Cell FDD TDD indication=CELL_FDD",Reliable,95.75,13.928
2026-04-10 06:00,60,"PIC_UIO_VIVALDI_UL/Cell:eNodeB Function Name=PIC_UIO_VIVALDI_L, Local Cell ID=12, Cell Name=PIC_UIO_VIVALDI_L19_12, eNodeB ID=44023, Cell FDD TDD indication=CELL_FDD",Reliable,6.463,0.749
2026-04-10 06:00,60,"PIC_UIO_VIVALDI_UL/Cell:eNodeB Function Name=PIC_UIO_VIVALDI_L, Local Cell ID=13, Cell Name=PIC_UIO_VIVALDI_L19_13, eNodeB ID=44023, Cell FDD TDD indication=CELL_FDD",Reliable,170.991,10.673
2026-04-10 06:00,60,"PIC_UIO_MULTICENTRO_ULN/Cell:eNodeB Function Name=PI_UIO_MULTICENTRO_L, Local Cell ID=3, Cell Name=PI_UIO_MULTICENTRO_3, eNodeB ID=44064, Cell FDD TDD indication=CELL_FDD",Reliable,422.802,31.013
2026-04-10 06:00,60,"PIC_UIO_MULTICENTRO_ULN/Cell:eNodeB Function Name=PI_UIO_MULTICENTRO_L, Local Cell ID=2, Cell Name=PI_UIO_MULTICENTRO_2, eNodeB ID=44064, Cell FDD TDD indication=CELL_FDD",Reliable,4986.963,711.824
2026-04-10 06:00,60,"PIC_UIO_MULTICENTRO_ULN/Cell:eNodeB Function Name=PI_UIO_MULTICENTRO_L, Local Cell ID=1, Cell Name=PI_UIO_MULTICENTRO_1, eNodeB ID=44064, Cell FDD TDD indication=CELL_FDD",Reliable,861.932,57.842
2026-04-10 06:00,60,"PIC_UIO_MULTICENTRO_ULN/Cell:eNodeB Function Name=PI_UIO_MULTICENTRO_L, Local Cell ID=11, Cell Name=PI_UIO_MULTICENTRO_11, eNodeB ID=44064, Cell FDD TDD indication=CELL_FDD",Reliable,542.87,53.788
2026-04-10 06:00,60,"PIC_UIO_MULTICENTRO_ULN/Cell:eNodeB Function Name=PI_UIO_MULTICENTRO_L, Local Cell ID=12, Cell Name=PI_UIO_MULTICENTRO_12, eNodeB ID=44064, Cell FDD TDD indication=CELL_FDD",Reliable,1452.435,140.737
2026-04-10 06:00,60,"PIC_UIO_MULTICENTRO_ULN/Cell:eNodeB Function Name=PI_UIO_MULTICENTRO_L, Local Cell ID=13, Cell Name=PI_UIO_MULTICENTRO_13, eNodeB ID=44064, Cell FDD TDD indication=CELL_FDD",Reliable,2.73,0.605
2026-04-10 06:00,60,"PI_UIO_EL_BEATERIO_UL/Cell:eNodeB Function Name=PI_UIO_EL_BEATERIOL21, Local Cell ID=1, Cell Name=PIC_UIO_EL_BEATERIO_L21_1, eNodeB ID=44114, Cell FDD TDD indication=CELL_FDD",Reliable,1393.532,84.361
2026-04-10 06:00,60,"PI_UIO_EL_BEATERIO_UL/Cell:eNodeB Function Name=PI_UIO_EL_BEATERIOL21, Local Cell ID=2, Cell Name=PIC_UIO_EL_BEATERIO_L21_2, eNodeB ID=44114, Cell FDD TDD indication=CELL_FDD",Reliable,745.064,57.207
2026-04-10 06:00,60,"PI_UIO_EL_BEATERIO_UL/Cell:eNodeB Function Name=PI_UIO_EL_BEATERIOL21, Local Cell ID=3, Cell Name=PIC_UIO_EL_BEATERIO_L21_3, eNodeB ID=44114, Cell FDD TDD indication=CELL_FDD",Reliable,617.576,72.317
2026-04-10 06:00,60,"PI_UIO_SOLANDA_UL/Cell:eNodeB Function Name=PI_UIO_SOLANDAL21, Local Cell ID=1, Cell Name=PI_UIO_SOLANDA_1, eNodeB ID=44189, Cell FDD TDD indication=CELL_FDD",Reliable,612.2,64.154
2026-04-10 06:00,60,"PI_UIO_SOLANDA_UL/Cell:eNodeB Function Name=PI_UIO_SOLANDAL21, Local Cell ID=2, Cell Name=PI_UIO_SOLANDA_2, eNodeB ID=44189, Cell FDD TDD indication=CELL_FDD",Reliable,353.139,36.167
2026-04-10 06:00,60,"PI_UIO_SOLANDA_UL/Cell:eNodeB Function Name=PI_UIO_SOLANDAL21, Local Cell ID=3, Cell Name=PI_UIO_SOLANDA_3, eNodeB ID=44189, Cell FDD TDD indication=CELL_FDD",Reliable,742.341,71.602
2026-04-10 06:00,60,"PI_UIO_BILOXI_UL/Cell:eNodeB Function Name=PI_UIO_BILOXIL21, Local Cell ID=1, Cell Name=PI_UIO_BILOXI_1, eNodeB ID=44085, Cell FDD TDD indication=CELL_FDD",Reliable,810.411,79.738
2026-04-10 06:00,60,"PI_UIO_BILOXI_UL/Cell:eNodeB Function Name=PI_UIO_BILOXIL21, Local Cell ID=2, Cell Name=PI_UIO_BILOXI_2, eNodeB ID=44085, Cell FDD TDD indication=CELL_FDD",Reliable,200.902,26.441
2026-04-10 06:00,60,"PI_UIO_BILOXI_UL/Cell:eNodeB Function Name=PI_UIO_BILOXIL21, Local Cell ID=3, Cell Name=PI_UIO_BILOXI_3, eNodeB ID=44085, Cell FDD TDD indication=CELL_FDD",Reliable,608.751,51.484
2026-04-10 06:00,60,"PI_UIO_EL_CALZADO_UL/Cell:eNodeB Function Name=PI_UIO_EL_CALZADOL21, Local Cell ID=1, Cell Name=PI_UIO_EL_CALZADO_1, eNodeB ID=44116, Cell FDD TDD indication=CELL_FDD",Reliable,2448.933,1943.742
2026-04-10 06:00,60,"PI_UIO_EL_CALZADO_UL/Cell:eNodeB Function Name=PI_UIO_EL_CALZADOL21, Local Cell ID=2, Cell Name=PI_UIO_EL_CALZADO_2, eNodeB ID=44116, Cell FDD TDD indication=CELL_FDD",Reliable,4023.789,325.602
2026-04-10 06:00,60,"PI_UIO_EL_CALZADO_UL/Cell:eNodeB Function Name=PI_UIO_EL_CALZADOL21, Local Cell ID=3, Cell Name=PI_UIO_EL_CALZADO_3, eNodeB ID=44116, Cell FDD TDD indication=CELL_FDD",Reliable,793.749,84.481
2026-04-10 06:00,60,"PI_UIO_LA_ARMENIA_UL/Cell:eNodeB Function Name=PI_UIO_LA_ARMENIAL21, Local Cell ID=1, Cell Name=PI_UIO_LA_ARMENIA_1, eNodeB ID=44136, Cell FDD TDD indication=CELL_FDD",Reliable,1062.067,83.416
2026-04-10 06:00,60,"PI_UIO_LA_ARMENIA_UL/Cell:eNodeB Function Name=PI_UIO_LA_ARMENIAL21, Local Cell ID=2, Cell Name=PI_UIO_LA_ARMENIA_2, eNodeB ID=44136, Cell FDD TDD indication=CELL_FDD",Reliable,1205.368,119.213
2026-04-10 06:00,60,"PI_UIO_LA_ARMENIA_UL/Cell:eNodeB Function Name=PI_UIO_LA_ARMENIAL21, Local Cell ID=3, Cell Name=PI_UIO_LA_ARMENIA_3, eNodeB ID=44136, Cell FDD TDD indication=CELL_FDD",Reliable,305.848,25.575
2026-04-10 06:00,60,"PI_UIO_COL_CONS_PROVINCIAL_UL/Cell:eNodeB Function Name=PI_UIO_COL_CONS_PROVINCIALL21, Local Cell ID=1, Cell Name=PI_UIO_COL_CONS_PROVINCIAL_1, eNodeB ID=44101, Cell FDD TDD indication=CELL_FDD",Reliable,507.618,50.048
2026-04-10 06:00,60,"PI_UIO_COL_CONS_PROVINCIAL_UL/Cell:eNodeB Function Name=PI_UIO_COL_CONS_PROVINCIALL21, Local Cell ID=2, Cell Name=PI_UIO_COL_CONS_PROVINCIAL_2, eNodeB ID=44101, Cell FDD TDD indication=CELL_FDD",Reliable,394.253,48.588
2026-04-10 06:00,60,"PI_UIO_CDLA_IBARRA_UL/Cell:eNodeB Function Name=PI_UIO_CDLA_IBARRAL21, Local Cell ID=1, Cell Name=PIC_UIO_CDLA_IBARRA_L21_1, eNodeB ID=44096, Cell FDD TDD indication=CELL_FDD",Reliable,506.266,49.724
2026-04-10 06:00,60,"PI_UIO_CDLA_IBARRA_UL/Cell:eNodeB Function Name=PI_UIO_CDLA_IBARRAL21, Local Cell ID=2, Cell Name=PIC_UIO_CDLA_IBARRA_L21_2, eNodeB ID=44096, Cell FDD TDD indication=CELL_FDD",Reliable,508.198,30.577
2026-04-10 06:00,60,"PI_UIO_CDLA_IBARRA_UL/Cell:eNodeB Function Name=PI_UIO_CDLA_IBARRAL21, Local Cell ID=3, Cell Name=PIC_UIO_CDLA_IBARRA_L21_3, eNodeB ID=44096, Cell FDD TDD indication=CELL_FDD",Reliable,316.676,25.194
2026-04-10 06:00,60,"PI_UIO_PIO_DOCE_UL/Cell:eNodeB Function Name=PI_UIO_PIO_DOCEL21, Local Cell ID=1, Cell Name=PI_UIO_PIO_DOCE_1, eNodeB ID=44171, Cell FDD TDD indication=CELL_FDD",Reliable,484.597,45.382
2026-04-10 06:00,60,"PI_UIO_PIO_DOCE_UL/Cell:eNodeB Function Name=PI_UIO_PIO_DOCEL21, Local Cell ID=2, Cell Name=PI_UIO_PIO_DOCE_2, eNodeB ID=44171, Cell FDD TDD indication=CELL_FDD",Reliable,488.786,36.587
2026-04-10 06:00,60,"PI_UIO_PIO_DOCE_UL/Cell:eNodeB Function Name=PI_UIO_PIO_DOCEL21, Local Cell ID=3, Cell Name=PI_UIO_PIO_DOCE_3, eNodeB ID=44171, Cell FDD TDD indication=CELL_FDD",Reliable,665.487,40.76
2026-04-10 06:00,60,"PI_UIO_BRASIL_UL/Cell:eNodeB Function Name=PI_UIO_BRASIL_L, Local Cell ID=1, Cell Name=PI_UIO_BRASIL_1, eNodeB ID=44029, Cell FDD TDD indication=CELL_FDD",Reliable,788.366,65.136
2026-04-10 06:00,60,"PI_UIO_BRASIL_UL/Cell:eNodeB Function Name=PI_UIO_BRASIL_L, Local Cell ID=2, Cell Name=PI_UIO_BRASIL_2, eNodeB ID=44029, Cell FDD TDD indication=CELL_FDD",Reliable,3369.423,311.658
2026-04-10 06:00,60,"PI_UIO_BRASIL_UL/Cell:eNodeB Function Name=PI_UIO_BRASIL_L, Local Cell ID=3, Cell Name=PI_UIO_BRASIL_3, eNodeB ID=44029, Cell FDD TDD indication=CELL_FDD",Reliable,520.635,35.188
2026-04-10 06:00,60,"PI_UIO_BRASIL_UL/Cell:eNodeB Function Name=PI_UIO_BRASIL_L, Local Cell ID=7, Cell Name=PI_UIO_BRASIL_APT_7, eNodeB ID=44029, Cell FDD TDD indication=CELL_FDD",Reliable,2387.757,824.539
2026-04-10 06:00,60,"PI_UIO_BRASIL_UL/Cell:eNodeB Function Name=PI_UIO_BRASIL_L, Local Cell ID=8, Cell Name=PI_UIO_BRASIL_APT_8, eNodeB ID=44029, Cell FDD TDD indication=CELL_FDD",Reliable,1083.947,216.805
2026-04-10 06:00,60,"PI_UIO_BRASIL_UL/Cell:eNodeB Function Name=PI_UIO_BRASIL_L, Local Cell ID=9, Cell Name=PI_UIO_BRASIL_APT_9, eNodeB ID=44029, Cell FDD TDD indication=CELL_FDD",Reliable,3064.471,259.4
2026-04-10 06:00,60,"PI_UIO_BRASIL_UL/Cell:eNodeB Function Name=PI_UIO_BRASIL_L, Local Cell ID=11, Cell Name=PI_UIO_BRASIL_11, eNodeB ID=44029, Cell FDD TDD indication=CELL_FDD",Reliable,175.532,13.448
2026-04-10 06:00,60,"PI_UIO_BRASIL_UL/Cell:eNodeB Function Name=PI_UIO_BRASIL_L, Local Cell ID=12, Cell Name=PI_UIO_BRASIL_12, eNodeB ID=44029, Cell FDD TDD indication=CELL_FDD",Reliable,665.013,39.319
2026-04-10 06:00,60,"PI_UIO_BRASIL_UL/Cell:eNodeB Function Name=PI_UIO_BRASIL_L, Local Cell ID=13, Cell Name=PI_UIO_BRASIL_13, eNodeB ID=44029, Cell FDD TDD indication=CELL_FDD",Reliable,165.907,9.574
2026-04-10 06:00,60,"PI_UIO_AJAVI_UL/Cell:eNodeB Function Name=PI_UIO_AJAVIL21, Local Cell ID=1, Cell Name=PIC_UIO_AJAVI_L21_1, eNodeB ID=44078, Cell FDD TDD indication=CELL_FDD",Reliable,2340.575,255.859
2026-04-10 06:00,60,"PI_UIO_AJAVI_UL/Cell:eNodeB Function Name=PI_UIO_AJAVIL21, Local Cell ID=2, Cell Name=PIC_UIO_AJAVI_L21_2, eNodeB ID=44078, Cell FDD TDD indication=CELL_FDD",Reliable,503.32,41.221
2026-04-10 06:00,60,"PI_UIO_AJAVI_UL/Cell:eNodeB Function Name=PI_UIO_AJAVIL21, Local Cell ID=3, Cell Name=PIC_UIO_AJAVI_L21_3, eNodeB ID=44078, Cell FDD TDD indication=CELL_FDD",Reliable,863.663,1149.923
2026-04-10 06:00,60,"PI_UIO_PATRONATO_SAN_JOSE_UL/Cell:eNodeB Function Name=PIC_UIO_PATRONATO_SAN_JOSE_L, Local Cell ID=1, Cell Name=PI_UIO_PATRONATO_SAN_JOSE_1, eNodeB ID=44168, Cell FDD TDD indication=CELL_FDD",Reliable,2487.52,217.493
2026-04-10 06:00,60,"PI_UIO_PATRONATO_SAN_JOSE_UL/Cell:eNodeB Function Name=PIC_UIO_PATRONATO_SAN_JOSE_L, Local Cell ID=2, Cell Name=PI_UIO_PATRONATO_SAN_JOSE_2, eNodeB ID=44168, Cell FDD TDD indication=CELL_FDD",Reliable,990.763,73.633
2026-04-10 06:00,60,"PI_UIO_PATRONATO_SAN_JOSE_UL/Cell:eNodeB Function Name=PIC_UIO_PATRONATO_SAN_JOSE_L, Local Cell ID=3, Cell Name=PI_UIO_PATRONATO_SAN_JOSE_3, eNodeB ID=44168, Cell FDD TDD indication=CELL_FDD",Reliable,3432.956,293.916
2026-04-10 06:00,60,"PI_UIO_ECUATORIANA_UL/Cell:eNodeB Function Name=PI_UIO_ECUATORIANAL21, Local Cell ID=1, Cell Name=PI_UIO_ECUATORIANA_1, eNodeB ID=44113, Cell FDD TDD indication=CELL_FDD",Reliable,1207.173,80.218
2026-04-10 06:00,60,"PI_UIO_ECUATORIANA_UL/Cell:eNodeB Function Name=PI_UIO_ECUATORIANAL21, Local Cell ID=2, Cell Name=PI_UIO_ECUATORIANA_2, eNodeB ID=44113, Cell FDD TDD indication=CELL_FDD",Reliable,167.741,18.926
2026-04-10 06:00,60,"PI_UIO_ECUATORIANA_UL/Cell:eNodeB Function Name=PI_UIO_ECUATORIANAL21, Local Cell ID=3, Cell Name=PI_UIO_ECUATORIANA_3, eNodeB ID=44113, Cell FDD TDD indication=CELL_FDD",Reliable,660.03,41.664
2026-04-10 06:00,60,"PI_UIO_VILLAFLORA_UL/Cell:eNodeB Function Name=PI_UIO_VILLAFLORAL21, Local Cell ID=1, Cell Name=PI_UIO_VILLAFLORA_1, eNodeB ID=44020, Cell FDD TDD indication=CELL_FDD",Reliable,635.358,73.789
2026-04-10 06:00,60,"PI_UIO_VILLAFLORA_UL/Cell:eNodeB Function Name=PI_UIO_VILLAFLORAL21, Local Cell ID=2, Cell Name=PI_UIO_VILLAFLORA_2, eNodeB ID=44020, Cell FDD TDD indication=CELL_FDD",Reliable,1106.238,109.844
2026-04-10 06:00,60,"PI_UIO_VILLAFLORA_UL/Cell:eNodeB Function Name=PI_UIO_VILLAFLORAL21, Local Cell ID=3, Cell Name=PI_UIO_VILLAFLORA_3, eNodeB ID=44020, Cell FDD TDD indication=CELL_FDD",Reliable,1156.425,90.921
2026-04-10 06:00,60,"PI_UIO_VILLAFLORA_UL/Cell:eNodeB Function Name=PI_UIO_VILLAFLORAL21, Local Cell ID=7, Cell Name=PI_UIO_VILLAFLORA_APT_7, eNodeB ID=44020, Cell FDD TDD indication=CELL_FDD",Reliable,1915.42,207.325
2026-04-10 06:00,60,"PI_UIO_VILLAFLORA_UL/Cell:eNodeB Function Name=PI_UIO_VILLAFLORAL21, Local Cell ID=8, Cell Name=PI_UIO_VILLAFLORA_APT_8, eNodeB ID=44020, Cell FDD TDD indication=CELL_FDD",Reliable,1226.715,337.495
2026-04-10 06:00,60,"PI_UIO_VILLAFLORA_UL/Cell:eNodeB Function Name=PI_UIO_VILLAFLORAL21, Local Cell ID=9, Cell Name=PI_UIO_VILLAFLORA_APT_9, eNodeB ID=44020, Cell FDD TDD indication=CELL_FDD",Reliable,2732.809,328.512
2026-04-10 06:00,60,"PI_UIO_PUENTE_NUEVE_UL/Cell:eNodeB Function Name=PIC_UIO_PUENTE_NUEVE_L, Local Cell ID=1, Cell Name=PI_UIO_PUENTE_NUEVE_1, eNodeB ID=44179, Cell FDD TDD indication=CELL_FDD",Reliable,679.341,55.119
2026-04-10 06:00,60,"PI_UIO_PUENTE_NUEVE_UL/Cell:eNodeB Function Name=PIC_UIO_PUENTE_NUEVE_L, Local Cell ID=2, Cell Name=PI_UIO_PUENTE_NUEVE_2, eNodeB ID=44179, Cell FDD TDD indication=CELL_FDD",Reliable,1979.485,215.671
2026-04-10 06:00,60,"PI_UIO_PUENTE_NUEVE_UL/Cell:eNodeB Function Name=PIC_UIO_PUENTE_NUEVE_L, Local Cell ID=3, Cell Name=PI_UIO_PUENTE_NUEVE_3, eNodeB ID=44179, Cell FDD TDD indication=CELL_FDD",Reliable,1268.571,116.598
2026-04-10 06:00,60,"PI_UIO_PLYWOOD_UL/Cell:eNodeB Function Name=PI_UIO_PLYWOODL21, Local Cell ID=1, Cell Name=PI_UIO_PLYWOOD_1, eNodeB ID=44174, Cell FDD TDD indication=CELL_FDD",Reliable,307.61,21.638
2026-04-10 06:00,60,"PI_UIO_PLYWOOD_UL/Cell:eNodeB Function Name=PI_UIO_PLYWOODL21, Local Cell ID=2, Cell Name=PI_UIO_PLYWOOD_2, eNodeB ID=44174, Cell FDD TDD indication=CELL_FDD",Reliable,594.184,41.81
2026-04-10 06:00,60,"PI_UIO_PLYWOOD_UL/Cell:eNodeB Function Name=PI_UIO_PLYWOODL21, Local Cell ID=3, Cell Name=PI_UIO_PLYWOOD_3, eNodeB ID=44174, Cell FDD TDD indication=CELL_FDD",Reliable,431.559,345.368
2026-04-10 06:00,60,"PI_UIO_GUAMANI_ALTO_UL/Cell:eNodeB Function Name=PIC_UIO_GUAMANI_ALTO_L, Local Cell ID=1, Cell Name=PIC_UIO_GUAMANI_ALTO_L21_1, eNodeB ID=44129, Cell FDD TDD indication=CELL_FDD",Reliable,1490.231,119.473
2026-04-10 06:00,60,"PI_UIO_GUAMANI_ALTO_UL/Cell:eNodeB Function Name=PIC_UIO_GUAMANI_ALTO_L, Local Cell ID=2, Cell Name=PIC_UIO_GUAMANI_ALTO_L21_2, eNodeB ID=44129, Cell FDD TDD indication=CELL_FDD",Reliable,250.349,28.09
2026-04-10 06:00,60,"PI_UIO_GUAMANI_ALTO_UL/Cell:eNodeB Function Name=PIC_UIO_GUAMANI_ALTO_L, Local Cell ID=3, Cell Name=PIC_UIO_GUAMANI_ALTO_L21_3, eNodeB ID=44129, Cell FDD TDD indication=CELL_FDD",Reliable,1236.376,162.384
2026-04-10 06:00,60,"PI_UIO_GUAMANI_ALTO_UL/Cell:eNodeB Function Name=PIC_UIO_GUAMANI_ALTO_L, Local Cell ID=7, Cell Name=PIC_UIO_GUAMANI_ALTO_L7_7, eNodeB ID=44129, Cell FDD TDD indication=CELL_FDD",Reliable,2236.111,148.426
2026-04-10 06:00,60,"PI_UIO_GUAMANI_ALTO_UL/Cell:eNodeB Function Name=PIC_UIO_GUAMANI_ALTO_L, Local Cell ID=8, Cell Name=PIC_UIO_GUAMANI_ALTO_L7_8, eNodeB ID=44129, Cell FDD TDD indication=CELL_FDD",Reliable,554.747,60.178
2026-04-10 06:00,60,"PI_UIO_GUAMANI_ALTO_UL/Cell:eNodeB Function Name=PIC_UIO_GUAMANI_ALTO_L, Local Cell ID=9, Cell Name=PIC_UIO_GUAMANI_ALTO_L7_9, eNodeB ID=44129, Cell FDD TDD indication=CELL_FDD",Reliable,3396.423,231.423
2026-04-10 06:00,60,"PI_UIO_GUAMANI_ALTO_UL/Cell:eNodeB Function Name=PIC_UIO_GUAMANI_ALTO_L, Local Cell ID=11, Cell Name=PIC_UIO_GUAMANI_ALTO_L19_11, eNodeB ID=44129, Cell FDD TDD indication=CELL_FDD",Reliable,616.197,46.171
2026-04-10 06:00,60,"PI_UIO_GUAMANI_ALTO_UL/Cell:eNodeB Function Name=PIC_UIO_GUAMANI_ALTO_L, Local Cell ID=12, Cell Name=PIC_UIO_GUAMANI_ALTO_L19_12, eNodeB ID=44129, Cell FDD TDD indication=CELL_FDD",Reliable,12.146,1.097
2026-04-10 06:00,60,"PI_UIO_GUAMANI_ALTO_UL/Cell:eNodeB Function Name=PIC_UIO_GUAMANI_ALTO_L, Local Cell ID=13, Cell Name=PIC_UIO_GUAMANI_ALTO_L19_13, eNodeB ID=44129, Cell FDD TDD indication=CELL_FDD",Reliable,1038.324,109.661
2026-04-10 06:00,60,"PI_UIO_LA_PRENSA_UL/Cell:eNodeB Function Name=PIC_UIO_LA_PRENSA_L, Local Cell ID=1, Cell Name=PI_UIO_LA_PRENSA_1, eNodeB ID=44011, Cell FDD TDD indication=CELL_FDD",Reliable,943.204,122.507
2026-04-10 06:00,60,"PI_UIO_LA_PRENSA_UL/Cell:eNodeB Function Name=PIC_UIO_LA_PRENSA_L, Local Cell ID=2, Cell Name=PI_UIO_LA_PRENSA_2, eNodeB ID=44011, Cell FDD TDD indication=CELL_FDD",Reliable,1304.537,132.006
2026-04-10 06:00,60,"PI_UIO_LA_PRENSA_UL/Cell:eNodeB Function Name=PIC_UIO_LA_PRENSA_L, Local Cell ID=3, Cell Name=PI_UIO_LA_PRENSA_3, eNodeB ID=44011, Cell FDD TDD indication=CELL_FDD",Reliable,996.164,114.599
2026-04-10 06:00,60,"PI_UIO_ESTACION_DE_TRENES_UL/Cell:eNodeB Function Name=PI_UIO_ESTACION_DE_TRENESL21, Local Cell ID=1, Cell Name=PI_UIO_ESTACION_DE_TRENES_1, eNodeB ID=44123, Cell FDD TDD indication=CELL_FDD",Reliable,668.952,58.489
2026-04-10 06:00,60,"PI_UIO_ESTACION_DE_TRENES_UL/Cell:eNodeB Function Name=PI_UIO_ESTACION_DE_TRENESL21, Local Cell ID=2, Cell Name=PI_UIO_ESTACION_DE_TRENES_2, eNodeB ID=44123, Cell FDD TDD indication=CELL_FDD",Reliable,2356.041,259.143
2026-04-10 06:00,60,"PI_UIO_ESTACION_DE_TRENES_UL/Cell:eNodeB Function Name=PI_UIO_ESTACION_DE_TRENESL21, Local Cell ID=3, Cell Name=PI_UIO_ESTACION_DE_TRENES_3, eNodeB ID=44123, Cell FDD TDD indication=CELL_FDD",Reliable,325.555,28.272
2026-04-10 06:00,60,"PI_UIO_LEGARDA_UL/Cell:eNodeB Function Name=PI_UIO_LEGARDAL21, Local Cell ID=1, Cell Name=PI_UIO_LEGARDA_1, eNodeB ID=44065, Cell FDD TDD indication=CELL_FDD",Reliable,344.985,30.421
2026-04-10 06:00,60,"PI_UIO_LEGARDA_UL/Cell:eNodeB Function Name=PI_UIO_LEGARDAL21, Local Cell ID=2, Cell Name=PI_UIO_LEGARDA_2, eNodeB ID=44065, Cell FDD TDD indication=CELL_FDD",Reliable,68.864,7.66
2026-04-10 06:00,60,"PI_UIO_LEGARDA_UL/Cell:eNodeB Function Name=PI_UIO_LEGARDAL21, Local Cell ID=3, Cell Name=PI_UIO_LEGARDA_3, eNodeB ID=44065, Cell FDD TDD indication=CELL_FDD",Reliable,204.546,18.23
2026-04-10 06:00,60,"PI_UIO_EL_BOSQUE_UL/Cell:eNodeB Function Name=PI_UIO_EL_BOSQUEL21, Local Cell ID=1, Cell Name=PI_UIO_EL_BOSQUE_1, eNodeB ID=44115, Cell FDD TDD indication=CELL_FDD",Reliable,900.63,274.673
2026-04-10 06:00,60,"PI_UIO_EL_BOSQUE_UL/Cell:eNodeB Function Name=PI_UIO_EL_BOSQUEL21, Local Cell ID=2, Cell Name=PI_UIO_EL_BOSQUE_2, eNodeB ID=44115, Cell FDD TDD indication=CELL_FDD",Reliable,154.395,11.756
2026-04-10 06:00,60,"PI_UIO_EL_BOSQUE_UL/Cell:eNodeB Function Name=PI_UIO_EL_BOSQUEL21, Local Cell ID=3, Cell Name=PI_UIO_EL_BOSQUE_3, eNodeB ID=44115, Cell FDD TDD indication=CELL_FDD",Reliable,534.599,184.555
2026-04-10 06:00,60,"PI_UIO_NAIQ_UL/Cell:eNodeB Function Name=PI_UIO_NAIQL21, Local Cell ID=1, Cell Name=PIC_UIO_NAIQ_L21_1, eNodeB ID=44289, Cell FDD TDD indication=CELL_FDD",Reliable,777.059,78.895
2026-04-10 06:00,60,"PI_UIO_NAIQ_UL/Cell:eNodeB Function Name=PI_UIO_NAIQL21, Local Cell ID=2, Cell Name=PIC_UIO_NAIQ_L21_2, eNodeB ID=44289, Cell FDD TDD indication=CELL_FDD",Reliable,389.436,166.551
2026-04-10 06:00,60,"PI_UIO_NAIQ_UL/Cell:eNodeB Function Name=PI_UIO_NAIQL21, Local Cell ID=3, Cell Name=PIC_UIO_NAIQ_L21_3, eNodeB ID=44289, Cell FDD TDD indication=CELL_FDD",Reliable,413.214,22.637
2026-04-10 06:00,60,"PI_UIO_NAIQ_UL/Cell:eNodeB Function Name=PI_UIO_NAIQL21, Local Cell ID=12, Cell Name=PIC_UIO_NAIQ_L19_12, eNodeB ID=44289, Cell FDD TDD indication=CELL_FDD",Reliable,6.662,1.058
2026-04-10 06:00,60,"PI_UIO_NAIQ_UL/Cell:eNodeB Function Name=PI_UIO_NAIQL21, Local Cell ID=11, Cell Name=PIC_UIO_NAIQ_L19_11, eNodeB ID=44289, Cell FDD TDD indication=CELL_FDD",Reliable,4.384,1.171
2026-04-10 06:00,60,"PI_UIO_NUEVO_AEROPUERTO_UL/Cell:eNodeB Function Name=PI_UIO_NUEVO_AEROPUERTO_L, Local Cell ID=1, Cell Name=PI_UIO_NUEVO_AEROPUERTO_1, eNodeB ID=44068, Cell FDD TDD indication=CELL_FDD",Reliable,3219.673,431.688
2026-04-10 06:00,60,"PI_UIO_NUEVO_AEROPUERTO_UL/Cell:eNodeB Function Name=PI_UIO_NUEVO_AEROPUERTO_L, Local Cell ID=2, Cell Name=PI_UIO_NUEVO_AEROPUERTO_2, eNodeB ID=44068, Cell FDD TDD indication=CELL_FDD",Reliable,471.05,54.085
2026-04-10 06:00,60,"PI_UIO_NUEVO_AEROPUERTO_UL/Cell:eNodeB Function Name=PI_UIO_NUEVO_AEROPUERTO_L, Local Cell ID=3, Cell Name=PI_UIO_NUEVO_AEROPUERTO_3, eNodeB ID=44068, Cell FDD TDD indication=CELL_FDD",Reliable,1266.622,78.136
2026-04-10 06:00,60,"PI_UIO_NUEVO_AEROPUERTO_UL/Cell:eNodeB Function Name=PI_UIO_NUEVO_AEROPUERTO_L, Local Cell ID=7, Cell Name=PI_UIO_NUEVO_AEROPUERTO_APT_7, eNodeB ID=44068, Cell FDD TDD indication=CELL_FDD",Reliable,248.84,23.434
2026-04-10 06:00,60,"PI_UIO_NUEVO_AEROPUERTO_UL/Cell:eNodeB Function Name=PI_UIO_NUEVO_AEROPUERTO_L, Local Cell ID=8, Cell Name=PI_UIO_NUEVO_AEROPUERTO_APT_8, eNodeB ID=44068, Cell FDD TDD indication=CELL_FDD",Reliable,258.536,23.591
2026-04-10 06:00,60,"PI_UIO_NUEVO_AEROPUERTO_UL/Cell:eNodeB Function Name=PI_UIO_NUEVO_AEROPUERTO_L, Local Cell ID=9, Cell Name=PI_UIO_NUEVO_AEROPUERTO_APT_9, eNodeB ID=44068, Cell FDD TDD indication=CELL_FDD",Reliable,355.135,78.871
2026-04-10 06:00,60,"PI_UIO_NUEVO_AEROPUERTO_UL/Cell:eNodeB Function Name=PI_UIO_NUEVO_AEROPUERTO_L, Local Cell ID=11, Cell Name=PI_UIO_NUEVO_AEROPUERTO_11, eNodeB ID=44068, Cell FDD TDD indication=CELL_FDD",Reliable,777.213,336.725
2026-04-10 06:00,60,"PI_UIO_NUEVO_AEROPUERTO_UL/Cell:eNodeB Function Name=PI_UIO_NUEVO_AEROPUERTO_L, Local Cell ID=12, Cell Name=PI_UIO_NUEVO_AEROPUERTO_12, eNodeB ID=44068, Cell FDD TDD indication=CELL_FDD",Reliable,552.682,60.375
2026-04-10 06:00,60,"PI_UIO_NUEVO_AEROPUERTO_UL/Cell:eNodeB Function Name=PI_UIO_NUEVO_AEROPUERTO_L, Local Cell ID=13, Cell Name=PI_UIO_NUEVO_AEROPUERTO_13, eNodeB ID=44068, Cell FDD TDD indication=CELL_FDD",Reliable,350.048,184.626
2026-04-10 06:00,60,"PIC_UIO_COLEGIO_CERVANTES_ULN/Cell:eNodeB Function Name=PI_UIO_COLEGIO_CERVANTESL21, Local Cell ID=1, Cell Name=PI_UIO_COLEGIO_CERVANTES_1, eNodeB ID=44215, Cell FDD TDD indication=CELL_FDD",Reliable,298.73,22.936
2026-04-10 06:00,60,"PIC_UIO_COLEGIO_CERVANTES_ULN/Cell:eNodeB Function Name=PI_UIO_COLEGIO_CERVANTESL21, Local Cell ID=2, Cell Name=PI_UIO_COLEGIO_CERVANTES_2, eNodeB ID=44215, Cell FDD TDD indication=CELL_FDD",Reliable,150.941,13.526
2026-04-10 06:00,60,"PIC_UIO_COLEGIO_CERVANTES_ULN/Cell:eNodeB Function Name=PI_UIO_COLEGIO_CERVANTESL21, Local Cell ID=3, Cell Name=PI_UIO_COLEGIO_CERVANTES_3, eNodeB ID=44215, Cell FDD TDD indication=CELL_FDD",Reliable,61.929,7.186
2026-04-10 06:00,60,"PIC_UIO_COLEGIO_CERVANTES_ULN/Cell:eNodeB Function Name=PI_UIO_COLEGIO_CERVANTESL21, Local Cell ID=7, Cell Name=PI_UIO_COLEGIO_CERVANTES_APT_7, eNodeB ID=44215, Cell FDD TDD indication=CELL_FDD",Reliable,465.115,87.376
2026-04-10 06:00,60,"PIC_UIO_COLEGIO_CERVANTES_ULN/Cell:eNodeB Function Name=PI_UIO_COLEGIO_CERVANTESL21, Local Cell ID=8, Cell Name=PI_UIO_COLEGIO_CERVANTES_APT_8, eNodeB ID=44215, Cell FDD TDD indication=CELL_FDD",Reliable,476.303,45.545
2026-04-10 06:00,60,"PIC_UIO_COLEGIO_CERVANTES_ULN/Cell:eNodeB Function Name=PI_UIO_COLEGIO_CERVANTESL21, Local Cell ID=9, Cell Name=PI_UIO_COLEGIO_CERVANTES_APT_9, eNodeB ID=44215, Cell FDD TDD indication=CELL_FDD",Reliable,2255.068,461.485
2026-04-10 06:00,60,"PI_UIO_DIEGO_DE_VASQUEZ_UL/Cell:eNodeB Function Name=PI_UIO_DIEGO_DE_VASQUEZL21, Local Cell ID=1, Cell Name=PI_UIO_DIEGO_DE_VASQUEZ_1, eNodeB ID=44112, Cell FDD TDD indication=CELL_FDD",Reliable,139.398,10.616
2026-04-10 06:00,60,"PI_UIO_DIEGO_DE_VASQUEZ_UL/Cell:eNodeB Function Name=PI_UIO_DIEGO_DE_VASQUEZL21, Local Cell ID=2, Cell Name=PI_UIO_DIEGO_DE_VASQUEZ_2, eNodeB ID=44112, Cell FDD TDD indication=CELL_FDD",Reliable,263.51,16.807
2026-04-10 06:00,60,"PI_UIO_CARCELEN_INDUSTRIAL_UL/Cell:eNodeB Function Name=PI_UIO_CARCELEN_INDUSTRIALL21, Local Cell ID=1, Cell Name=PI_UIO_CARCELEN_INDUSTRIAL_1, eNodeB ID=44092, Cell FDD TDD indication=CELL_FDD",Reliable,389.534,24.036
2026-04-10 06:00,60,"PI_UIO_CARCELEN_INDUSTRIAL_UL/Cell:eNodeB Function Name=PI_UIO_CARCELEN_INDUSTRIALL21, Local Cell ID=2, Cell Name=PI_UIO_CARCELEN_INDUSTRIAL_2, eNodeB ID=44092, Cell FDD TDD indication=CELL_FDD",Reliable,173.947,23.233
2026-04-10 06:00,60,"PI_UIO_TRIANGULO_UL/Cell:eNodeB Function Name=PI_UIO_TRIANGULOL21, Local Cell ID=1, Cell Name=PI_UIO_TRIANGULO_1, eNodeB ID=44244, Cell FDD TDD indication=CELL_FDD",Reliable,1038.209,58.931
2026-04-10 06:00,60,"PI_UIO_TRIANGULO_UL/Cell:eNodeB Function Name=PI_UIO_TRIANGULOL21, Local Cell ID=2, Cell Name=PI_UIO_TRIANGULO_2, eNodeB ID=44244, Cell FDD TDD indication=CELL_FDD",Reliable,816.546,58.897
2026-04-10 06:00,60,"PI_UIO_TRIANGULO_UL/Cell:eNodeB Function Name=PI_UIO_TRIANGULOL21, Local Cell ID=3, Cell Name=PI_UIO_TRIANGULO_3, eNodeB ID=44244, Cell FDD TDD indication=CELL_FDD",Reliable,316.184,26.916
2026-04-10 06:00,60,"PI_UIO_KENNEDY_UL/Cell:eNodeB Function Name=PI_UIO_KENNEDYL21, Local Cell ID=1, Cell Name=PI_UIO_KENNEDY_1, eNodeB ID=44071, Cell FDD TDD indication=CELL_FDD",Reliable,1592.224,410.508
2026-04-10 06:00,60,"PI_UIO_KENNEDY_UL/Cell:eNodeB Function Name=PI_UIO_KENNEDYL21, Local Cell ID=2, Cell Name=PI_UIO_KENNEDY_2, eNodeB ID=44071, Cell FDD TDD indication=CELL_FDD",Reliable,520.154,17.897
2026-04-10 06:00,60,"PI_UIO_BUSTAMANTE_UL/Cell:eNodeB Function Name=PI_UIO_BUSTAMANTEL21, Local Cell ID=1, Cell Name=PI_UIO_BUSTAMANTE_1, eNodeB ID=44075, Cell FDD TDD indication=CELL_FDD",Reliable,161.703,19.626
2026-04-10 06:00,60,"PI_UIO_BUSTAMANTE_UL/Cell:eNodeB Function Name=PI_UIO_BUSTAMANTEL21, Local Cell ID=2, Cell Name=PI_UIO_BUSTAMANTE_2, eNodeB ID=44075, Cell FDD TDD indication=CELL_FDD",Reliable,673.505,85.18
2026-04-10 06:00,60,"PI_UIO_TREBOL_UL/Cell:eNodeB Function Name=PI_UIO_TREBOL_L, Local Cell ID=3, Cell Name=PI_UIO_TREBOL_3, eNodeB ID=44073, Cell FDD TDD indication=CELL_FDD",Reliable,685.046,64.762
2026-04-10 06:00,60,"PI_UIO_TREBOL_UL/Cell:eNodeB Function Name=PI_UIO_TREBOL_L, Local Cell ID=2, Cell Name=PI_UIO_TREBOL_2, eNodeB ID=44073, Cell FDD TDD indication=CELL_FDD",Reliable,89.151,20.664
2026-04-10 06:00,60,"PI_UIO_TREBOL_UL/Cell:eNodeB Function Name=PI_UIO_TREBOL_L, Local Cell ID=1, Cell Name=PI_UIO_TREBOL_1, eNodeB ID=44073, Cell FDD TDD indication=CELL_FDD",Reliable,4413.405,458.716
2026-04-10 06:00,60,"PI_UIO_TREBOL_UL/Cell:eNodeB Function Name=PI_UIO_TREBOL_L, Local Cell ID=11, Cell Name=PI_UIO_TREBOL_11, eNodeB ID=44073, Cell FDD TDD indication=CELL_FDD",Reliable,223.803,17.964
2026-04-10 06:00,60,"PI_UIO_TREBOL_UL/Cell:eNodeB Function Name=PI_UIO_TREBOL_L, Local Cell ID=12, Cell Name=PI_UIO_TREBOL_12, eNodeB ID=44073, Cell FDD TDD indication=CELL_FDD",Reliable,9.571,1.967
2026-04-10 06:00,60,"PI_UIO_TREBOL_UL/Cell:eNodeB Function Name=PI_UIO_TREBOL_L, Local Cell ID=13, Cell Name=PI_UIO_TREBOL_13, eNodeB ID=44073, Cell FDD TDD indication=CELL_FDD",Reliable,34.337,2.951
2026-04-10 06:00,60,"PIC_UIO_JACARANDA_ULN/Cell:eNodeB Function Name=PI_UIO_JACARANDA_L, Local Cell ID=1, Cell Name=PI_UIO_JACARANDA_1, eNodeB ID=44203, Cell FDD TDD indication=CELL_FDD",Reliable,19.735,3.783
2026-04-10 06:00,60,"PIC_UIO_JACARANDA_ULN/Cell:eNodeB Function Name=PI_UIO_JACARANDA_L, Local Cell ID=2, Cell Name=PI_UIO_JACARANDA_2, eNodeB ID=44203, Cell FDD TDD indication=CELL_FDD",Reliable,69.687,17.816
2026-04-10 06:00,60,"PIC_UIO_JACARANDA_ULN/Cell:eNodeB Function Name=PI_UIO_JACARANDA_L, Local Cell ID=3, Cell Name=PI_UIO_JACARANDA_3, eNodeB ID=44203, Cell FDD TDD indication=CELL_FDD",Reliable,109.943,12.204
2026-04-10 06:00,60,"PIC_UIO_JACARANDA_ULN/Cell:eNodeB Function Name=PI_UIO_JACARANDA_L, Local Cell ID=11, Cell Name=PI_UIO_JACARANDA_11, eNodeB ID=44203, Cell FDD TDD indication=CELL_FDD",Reliable,0.183,0.089
2026-04-10 06:00,60,"PIC_UIO_JACARANDA_ULN/Cell:eNodeB Function Name=PI_UIO_JACARANDA_L, Local Cell ID=12, Cell Name=PI_UIO_JACARANDA_12, eNodeB ID=44203, Cell FDD TDD indication=CELL_FDD",Reliable,70.858,6.689
2026-04-10 06:00,60,"PIC_UIO_JACARANDA_ULN/Cell:eNodeB Function Name=PI_UIO_JACARANDA_L, Local Cell ID=13, Cell Name=PI_UIO_JACARANDA_13, eNodeB ID=44203, Cell FDD TDD indication=CELL_FDD",Reliable,45.804,5.631
2026-04-10 06:00,60,"PI_UIO_VICENTINA_UL/Cell:eNodeB Function Name=PIC_UIO_VICENTINA_L, Local Cell ID=1, Cell Name=PIC_UIO_VICENTINA_L21_1, eNodeB ID=44195, Cell FDD TDD indication=CELL_FDD",Reliable,286.716,28.933
2026-04-10 06:00,60,"PI_UIO_VICENTINA_UL/Cell:eNodeB Function Name=PIC_UIO_VICENTINA_L, Local Cell ID=2, Cell Name=PIC_UIO_VICENTINA_L21_2, eNodeB ID=44195, Cell FDD TDD indication=CELL_FDD",Reliable,653.406,52.9
2026-04-10 06:00,60,"PI_UIO_VICENTINA_UL/Cell:eNodeB Function Name=PIC_UIO_VICENTINA_L, Local Cell ID=3, Cell Name=PIC_UIO_VICENTINA_L21_3, eNodeB ID=44195, Cell FDD TDD indication=CELL_FDD",Reliable,579.834,52.727
2026-04-10 06:00,60,"PI_UIO_VICENTINA_UL/Cell:eNodeB Function Name=PIC_UIO_VICENTINA_L, Local Cell ID=11, Cell Name=PIC_UIO_VICENTINA_L19_11, eNodeB ID=44195, Cell FDD TDD indication=CELL_FDD",Reliable,41.768,5.502
2026-04-10 06:00,60,"PI_UIO_VICENTINA_UL/Cell:eNodeB Function Name=PIC_UIO_VICENTINA_L, Local Cell ID=12, Cell Name=PIC_UIO_VICENTINA_L19_12, eNodeB ID=44195, Cell FDD TDD indication=CELL_FDD",Reliable,180.333,15.602
2026-04-10 06:00,60,"PI_UIO_VICENTINA_UL/Cell:eNodeB Function Name=PIC_UIO_VICENTINA_L, Local Cell ID=13, Cell Name=PIC_UIO_VICENTINA_L19_13, eNodeB ID=44195, Cell FDD TDD indication=CELL_FDD",Reliable,108.902,9.822
2026-04-10 06:00,60,"PI_UIO_JEFATURA_UL/Cell:eNodeB Function Name=PI_UIO_JEFATURAL21, Local Cell ID=1, Cell Name=PI_UIO_JEFATURA_1, eNodeB ID=44135, Cell FDD TDD indication=CELL_FDD",Reliable,531.636,99.518
2026-04-10 06:00,60,"PI_UIO_JEFATURA_UL/Cell:eNodeB Function Name=PI_UIO_JEFATURAL21, Local Cell ID=2, Cell Name=PI_UIO_JEFATURA_2, eNodeB ID=44135, Cell FDD TDD indication=CELL_FDD",Reliable,505.122,43.866
2026-04-10 06:00,60,"PI_UIO_LA_MAGDALENA_UL/Cell:eNodeB Function Name=PI_UIO_LA_MAGDALENAL21, Local Cell ID=1, Cell Name=PI_UIO_LA_MAGDALENA_1, eNodeB ID=44142, Cell FDD TDD indication=CELL_FDD",Reliable,389.738,29.439
2026-04-10 06:00,60,"PI_UIO_LA_MAGDALENA_UL/Cell:eNodeB Function Name=PI_UIO_LA_MAGDALENAL21, Local Cell ID=2, Cell Name=PI_UIO_LA_MAGDALENA_2, eNodeB ID=44142, Cell FDD TDD indication=CELL_FDD",Reliable,227.063,22.599
2026-04-10 06:00,60,"PI_UIO_LA_MAGDALENA_UL/Cell:eNodeB Function Name=PI_UIO_LA_MAGDALENAL21, Local Cell ID=3, Cell Name=PI_UIO_LA_MAGDALENA_3, eNodeB ID=44142, Cell FDD TDD indication=CELL_FDD",Reliable,1701.978,103.04
2026-04-10 06:00,60,"PIC_UIO_BENALCAZAR_ULN/Cell:eNodeB Function Name=PI_UIO_BENALCAZAR_L, Local Cell ID=1, Cell Name=PI_UIO_BENALCAZAR_1, eNodeB ID=44084, Cell FDD TDD indication=CELL_FDD",Reliable,159.892,21.528
2026-04-10 06:00,60,"PIC_UIO_BENALCAZAR_ULN/Cell:eNodeB Function Name=PI_UIO_BENALCAZAR_L, Local Cell ID=2, Cell Name=PI_UIO_BENALCAZAR_2, eNodeB ID=44084, Cell FDD TDD indication=CELL_FDD",Reliable,1763.516,211.551
2026-04-10 06:00,60,"PIC_UIO_BENALCAZAR_ULN/Cell:eNodeB Function Name=PI_UIO_BENALCAZAR_L, Local Cell ID=3, Cell Name=PI_UIO_BENALCAZAR_3, eNodeB ID=44084, Cell FDD TDD indication=CELL_FDD",Reliable,931.345,110.463
2026-04-10 06:00,60,"PIC_UIO_BENALCAZAR_ULN/Cell:eNodeB Function Name=PI_UIO_BENALCAZAR_L, Local Cell ID=11, Cell Name=PI_UIO_BENALCAZAR_11, eNodeB ID=44084, Cell FDD TDD indication=CELL_FDD",Reliable,15.757,2.542
2026-04-10 06:00,60,"PIC_UIO_BENALCAZAR_ULN/Cell:eNodeB Function Name=PI_UIO_BENALCAZAR_L, Local Cell ID=12, Cell Name=PI_UIO_BENALCAZAR_12, eNodeB ID=44084, Cell FDD TDD indication=CELL_FDD",Reliable,44.199,85.574
2026-04-10 06:00,60,"PIC_UIO_BENALCAZAR_ULN/Cell:eNodeB Function Name=PI_UIO_BENALCAZAR_L, Local Cell ID=13, Cell Name=PI_UIO_BENALCAZAR_13, eNodeB ID=44084, Cell FDD TDD indication=CELL_FDD",Reliable,53.706,22.467
2026-04-10 06:00,60,"PI_UIO_REAL_AUDIENCIA_UL/Cell:eNodeB Function Name=PI_UIO_REAL_AUDIENCIAL21, Local Cell ID=1, Cell Name=PI_UIO_REAL_AUDIENCIA_1, eNodeB ID=44148, Cell FDD TDD indication=CELL_FDD",Reliable,1963.828,121.829
2026-04-10 06:00,60,"PI_UIO_REAL_AUDIENCIA_UL/Cell:eNodeB Function Name=PI_UIO_REAL_AUDIENCIAL21, Local Cell ID=2, Cell Name=PI_UIO_REAL_AUDIENCIA_2, eNodeB ID=44148, Cell FDD TDD indication=CELL_FDD",Reliable,234.838,19.562
2026-04-10 06:00,60,"PI_UIO_CORDERO_UL/Cell:eNodeB Function Name=PI_UIO_CORDERO_L, Local Cell ID=1, Cell Name=PI_UIO_CORDERO_1, eNodeB ID=44045, Cell FDD TDD indication=CELL_FDD",Reliable,245.351,39.196
2026-04-10 06:00,60,"PI_UIO_CORDERO_UL/Cell:eNodeB Function Name=PI_UIO_CORDERO_L, Local Cell ID=2, Cell Name=PI_UIO_CORDERO_2, eNodeB ID=44045, Cell FDD TDD indication=CELL_FDD",Reliable,71.844,11.187
2026-04-10 06:00,60,"PI_UIO_CORDERO_UL/Cell:eNodeB Function Name=PI_UIO_CORDERO_L, Local Cell ID=3, Cell Name=PI_UIO_CORDERO_3, eNodeB ID=44045, Cell FDD TDD indication=CELL_FDD",Reliable,1481.818,101.62
2026-04-10 06:00,60,"PI_UIO_CORDERO_UL/Cell:eNodeB Function Name=PI_UIO_CORDERO_L, Local Cell ID=7, Cell Name=PI_UIO_CORDERO_APT_7, eNodeB ID=44045, Cell FDD TDD indication=CELL_FDD",Reliable,236.622,15.687
2026-04-10 06:00,60,"PI_UIO_CORDERO_UL/Cell:eNodeB Function Name=PI_UIO_CORDERO_L, Local Cell ID=8, Cell Name=PI_UIO_CORDERO_APT_8, eNodeB ID=44045, Cell FDD TDD indication=CELL_FDD",Reliable,159.035,16.648
2026-04-10 06:00,60,"PI_UIO_CORDERO_UL/Cell:eNodeB Function Name=PI_UIO_CORDERO_L, Local Cell ID=9, Cell Name=PI_UIO_CORDERO_APT_9, eNodeB ID=44045, Cell FDD TDD indication=CELL_FDD",Reliable,1267.976,144.168
2026-04-10 06:00,60,"PI_UIO_CORDERO_UL/Cell:eNodeB Function Name=PI_UIO_CORDERO_L, Local Cell ID=11, Cell Name=PI_UIO_CORDERO_11, eNodeB ID=44045, Cell FDD TDD indication=CELL_FDD",Reliable,3.692,0.989
2026-04-10 06:00,60,"PI_UIO_CORDERO_UL/Cell:eNodeB Function Name=PI_UIO_CORDERO_L, Local Cell ID=12, Cell Name=PI_UIO_CORDERO_12, eNodeB ID=44045, Cell FDD TDD indication=CELL_FDD",Reliable,30.893,23.941
2026-04-10 06:00,60,"PI_UIO_CORDERO_UL/Cell:eNodeB Function Name=PI_UIO_CORDERO_L, Local Cell ID=13, Cell Name=PI_UIO_CORDERO_13, eNodeB ID=44045, Cell FDD TDD indication=CELL_FDD",Reliable,320.776,17.362
2026-04-10 06:00,60,"PI_UIO_MANUEL_VALDIVIESO_UL/Cell:eNodeB Function Name=PIC_UIO_MANUEL_VALDIVIESO_L, Local Cell ID=1, Cell Name=PIC_UIO_MANUEL_VALDIVIESO_L21_1, eNodeB ID=44157, Cell FDD TDD indication=CELL_FDD",Reliable,1062.141,388.559
2026-04-10 06:00,60,"PI_UIO_MANUEL_VALDIVIESO_UL/Cell:eNodeB Function Name=PIC_UIO_MANUEL_VALDIVIESO_L, Local Cell ID=2, Cell Name=PIC_UIO_MANUEL_VALDIVIESO_L21_2, eNodeB ID=44157, Cell FDD TDD indication=CELL_FDD",Reliable,548.604,232.219
2026-04-10 06:00,60,"PI_UIO_CENTRAL_CARCELEN_CNT_UL/Cell:eNodeB Function Name=PI_UIO_CENTRAL_CARCELEN_CNTL21, Local Cell ID=1, Cell Name=PI_UIO_CENTRAL_CARCELEN_CNT_1, eNodeB ID=44162, Cell FDD TDD indication=CELL_FDD",Reliable,848.436,43.492
2026-04-10 06:00,60,"PI_UIO_CENTRAL_CARCELEN_CNT_UL/Cell:eNodeB Function Name=PI_UIO_CENTRAL_CARCELEN_CNTL21, Local Cell ID=2, Cell Name=PI_UIO_CENTRAL_CARCELEN_CNT_2, eNodeB ID=44162, Cell FDD TDD indication=CELL_FDD",Reliable,515.42,30.69
2026-04-10 06:00,60,"PI_UIO_RODRIGO_DE_CHAVEZ_UL/Cell:eNodeB Function Name=PI_UIO_RODRIGO_DE_CHAVEZL21, Local Cell ID=1, Cell Name=PI_UIO_RODRIGO_DE_CHAVEZ_1, eNodeB ID=44183, Cell FDD TDD indication=CELL_FDD",Reliable,228.239,21.798
2026-04-10 06:00,60,"PI_UIO_RODRIGO_DE_CHAVEZ_UL/Cell:eNodeB Function Name=PI_UIO_RODRIGO_DE_CHAVEZL21, Local Cell ID=2, Cell Name=PI_UIO_RODRIGO_DE_CHAVEZ_2, eNodeB ID=44183, Cell FDD TDD indication=CELL_FDD",Reliable,74.291,11.912
2026-04-10 06:00,60,"PI_UIO_RODRIGO_DE_CHAVEZ_UL/Cell:eNodeB Function Name=PI_UIO_RODRIGO_DE_CHAVEZL21, Local Cell ID=3, Cell Name=PI_UIO_RODRIGO_DE_CHAVEZ_3, eNodeB ID=44183, Cell FDD TDD indication=CELL_FDD",Reliable,427.194,26.554
2026-04-10 06:00,60,"PI_UIO_HOSP_MILITAR_UL/Cell:eNodeB Function Name=PI_UIO_HOSP_MILITARL21, Local Cell ID=1, Cell Name=PI_UIO_HOSP_MILITAR_1, eNodeB ID=44035, Cell FDD TDD indication=CELL_FDD",Reliable,589.104,48.61
2026-04-10 06:00,60,"PI_UIO_HOSP_MILITAR_UL/Cell:eNodeB Function Name=PI_UIO_HOSP_MILITARL21, Local Cell ID=2, Cell Name=PI_UIO_HOSP_MILITAR_2, eNodeB ID=44035, Cell FDD TDD indication=CELL_FDD",Reliable,1737.417,223.704
2026-04-10 06:00,60,"PI_UIO_HOSP_MILITAR_UL/Cell:eNodeB Function Name=PI_UIO_HOSP_MILITARL21, Local Cell ID=3, Cell Name=PI_UIO_HOSP_MILITAR_3, eNodeB ID=44035, Cell FDD TDD indication=CELL_FDD",Reliable,1212.048,167.308
2026-04-10 06:00,60,"PI_UIO_HOSP_MILITAR_UL/Cell:eNodeB Function Name=PI_UIO_HOSP_MILITARL21, Local Cell ID=7, Cell Name=PI_UIO_HOSP_MILITAR_APT_7, eNodeB ID=44035, Cell FDD TDD indication=CELL_FDD",Reliable,1155.869,240.344
2026-04-10 06:00,60,"PI_UIO_HOSP_MILITAR_UL/Cell:eNodeB Function Name=PI_UIO_HOSP_MILITARL21, Local Cell ID=8, Cell Name=PI_UIO_HOSP_MILITAR_APT_8, eNodeB ID=44035, Cell FDD TDD indication=CELL_FDD",Reliable,1587.929,221.594
2026-04-10 06:00,60,"PI_UIO_HOSP_MILITAR_UL/Cell:eNodeB Function Name=PI_UIO_HOSP_MILITARL21, Local Cell ID=9, Cell Name=PI_UIO_HOSP_MILITAR_APT_9, eNodeB ID=44035, Cell FDD TDD indication=CELL_FDD",Reliable,273.048,137.347
2026-04-10 06:00,60,"PI_UIO_NUEVA_AURORA_UL/Cell:eNodeB Function Name=PI_UIO_NUEVA_AURORAL21, Local Cell ID=1, Cell Name=PI_UIO_NUEVA_AURORA_1, eNodeB ID=44164, Cell FDD TDD indication=CELL_FDD",Reliable,773.933,63.957
2026-04-10 06:00,60,"PI_UIO_NUEVA_AURORA_UL/Cell:eNodeB Function Name=PI_UIO_NUEVA_AURORAL21, Local Cell ID=2, Cell Name=PI_UIO_NUEVA_AURORA_2, eNodeB ID=44164, Cell FDD TDD indication=CELL_FDD",Reliable,707.163,45.185
2026-04-10 06:00,60,"PI_UIO_NUEVA_AURORA_UL/Cell:eNodeB Function Name=PI_UIO_NUEVA_AURORAL21, Local Cell ID=3, Cell Name=PI_UIO_NUEVA_AURORA_3, eNodeB ID=44164, Cell FDD TDD indication=CELL_FDD",Reliable,850.877,70.035
2026-04-10 06:00,60,"PI_UIO_LULUNCOTO_UL/Cell:eNodeB Function Name=PI_UIO_LULUNCOTOL21, Local Cell ID=1, Cell Name=PIC_UIO_LULUNCOTO_L21_1, eNodeB ID=44040, Cell FDD TDD indication=CELL_FDD",Reliable,740.232,86.888
2026-04-10 06:00,60,"PI_UIO_LULUNCOTO_UL/Cell:eNodeB Function Name=PI_UIO_LULUNCOTOL21, Local Cell ID=2, Cell Name=PIC_UIO_LULUNCOTO_L21_2, eNodeB ID=44040, Cell FDD TDD indication=CELL_FDD",Reliable,1400.184,350.56
2026-04-10 06:00,60,"PIC_UIO_NUEVO_AMANECER_SUR_UL/Cell:eNodeB Function Name=PIC_UIO_NUEVO_AMANECER_SUR_L, Local Cell ID=1, Cell Name=PIC_UIO_NUEVO_AMANECER_SUR_L21_1, eNodeB ID=44165, Cell FDD TDD indication=CELL_FDD",Reliable,465.356,51.042
2026-04-10 06:00,60,"PIC_UIO_NUEVO_AMANECER_SUR_UL/Cell:eNodeB Function Name=PIC_UIO_NUEVO_AMANECER_SUR_L, Local Cell ID=2, Cell Name=PIC_UIO_NUEVO_AMANECER_SUR_L21_2, eNodeB ID=44165, Cell FDD TDD indication=CELL_FDD",Reliable,734.762,38.578
2026-04-10 06:00,60,"PIC_UIO_NUEVO_AMANECER_SUR_UL/Cell:eNodeB Function Name=PIC_UIO_NUEVO_AMANECER_SUR_L, Local Cell ID=3, Cell Name=PIC_UIO_NUEVO_AMANECER_SUR_L21_3, eNodeB ID=44165, Cell FDD TDD indication=CELL_FDD",Reliable,667.445,59
2026-04-10 06:00,60,"PIC_UIO_NUEVO_AMANECER_SUR_UL/Cell:eNodeB Function Name=PIC_UIO_NUEVO_AMANECER_SUR_L, Local Cell ID=7, Cell Name=PIC_UIO_NUEVO_AMANECER_SUR_L7_7, eNodeB ID=44165, Cell FDD TDD indication=CELL_FDD",Reliable,1883.318,159.062
2026-04-10 06:00,60,"PIC_UIO_NUEVO_AMANECER_SUR_UL/Cell:eNodeB Function Name=PIC_UIO_NUEVO_AMANECER_SUR_L, Local Cell ID=8, Cell Name=PIC_UIO_NUEVO_AMANECER_SUR_L8_8, eNodeB ID=44165, Cell FDD TDD indication=CELL_FDD",Reliable,559.182,54.118
2026-04-10 06:00,60,"PIC_UIO_NUEVO_AMANECER_SUR_UL/Cell:eNodeB Function Name=PIC_UIO_NUEVO_AMANECER_SUR_L, Local Cell ID=9, Cell Name=PIC_UIO_NUEVO_AMANECER_SUR_L9_9, eNodeB ID=44165, Cell FDD TDD indication=CELL_FDD",Reliable,1733.423,173.969
2026-04-10 06:00,60,"PI_UIO_DAMMER_UL/Cell:eNodeB Function Name=PI_UIO_DAMMERL21, Local Cell ID=1, Cell Name=PI_UIO_DAMMER_1, eNodeB ID=44033, Cell FDD TDD indication=CELL_FDD",Reliable,586.996,42.57
2026-04-10 06:00,60,"PI_UIO_DAMMER_UL/Cell:eNodeB Function Name=PI_UIO_DAMMERL21, Local Cell ID=2, Cell Name=PI_UIO_DAMMER_2, eNodeB ID=44033, Cell FDD TDD indication=CELL_FDD",Reliable,1458.945,83.165
2026-04-10 06:00,60,"PI_UIO_DAMMER_UL/Cell:eNodeB Function Name=PI_UIO_DAMMERL21, Local Cell ID=7, Cell Name=PI_UIO_DAMMER_APT_7, eNodeB ID=44033, Cell FDD TDD indication=CELL_FDD",Reliable,2909.428,253.04
2026-04-10 06:00,60,"PI_UIO_DAMMER_UL/Cell:eNodeB Function Name=PI_UIO_DAMMERL21, Local Cell ID=8, Cell Name=PI_UIO_DAMMER_APT_8, eNodeB ID=44033, Cell FDD TDD indication=CELL_FDD",Reliable,493.074,150.19
2026-04-10 06:00,60,"PI_UIO_SEK_UL/Cell:eNodeB Function Name=PIC_UIO_SEK_UL, Local Cell ID=1, Cell Name=PI_UIO_SEK_1, eNodeB ID=44242, Cell FDD TDD indication=CELL_FDD",Reliable,119.286,10.303
2026-04-10 06:00,60,"PI_UIO_SEK_UL/Cell:eNodeB Function Name=PIC_UIO_SEK_UL, Local Cell ID=2, Cell Name=PI_UIO_SEK_2, eNodeB ID=44242, Cell FDD TDD indication=CELL_FDD",Reliable,129.131,8.293
2026-04-10 06:00,60,"PI_UIO_SEK_UL/Cell:eNodeB Function Name=PIC_UIO_SEK_UL, Local Cell ID=3, Cell Name=PI_UIO_SEK_3, eNodeB ID=44242, Cell FDD TDD indication=CELL_FDD",Reliable,35.599,3.833
2026-04-10 06:00,60,"PI_UIO_NAYON_UL/Cell:eNodeB Function Name=PI_UIO_NAYONL21, Local Cell ID=1, Cell Name=PI_UIO_NAYON_1, eNodeB ID=44036, Cell FDD TDD indication=CELL_FDD",Reliable,387.706,17.029
2026-04-10 06:00,60,"PI_UIO_NAYON_UL/Cell:eNodeB Function Name=PI_UIO_NAYONL21, Local Cell ID=2, Cell Name=PI_UIO_NAYON_2, eNodeB ID=44036, Cell FDD TDD indication=CELL_FDD",Reliable,778.94,60.925
2026-04-10 06:00,60,"PI_UIO_NAYON_UL/Cell:eNodeB Function Name=PI_UIO_NAYONL21, Local Cell ID=3, Cell Name=PI_UIO_NAYON_3, eNodeB ID=44036, Cell FDD TDD indication=CELL_FDD",Reliable,321.432,45.401
2026-04-10 06:00,60,"PI_UIO_NAYON_UL/Cell:eNodeB Function Name=PI_UIO_NAYONL21, Local Cell ID=7, Cell Name=PI_UIO_NAYON_APT_7, eNodeB ID=44036, Cell FDD TDD indication=CELL_FDD",Reliable,1184.114,103.258
2026-04-10 06:00,60,"PI_UIO_NAYON_UL/Cell:eNodeB Function Name=PI_UIO_NAYONL21, Local Cell ID=8, Cell Name=PI_UIO_NAYON_APT_8, eNodeB ID=44036, Cell FDD TDD indication=CELL_FDD",Reliable,1244.786,97.166
2026-04-10 06:00,60,"PI_UIO_NAYON_UL/Cell:eNodeB Function Name=PI_UIO_NAYONL21, Local Cell ID=9, Cell Name=PI_UIO_NAYON_APT_9, eNodeB ID=44036, Cell FDD TDD indication=CELL_FDD",Reliable,689.777,186.313
2026-04-10 06:00,60,"PI_UIO_LAURELES_UL/Cell:eNodeB Function Name=PIC_UIO_LAURELES_L, Local Cell ID=1, Cell Name=PIC_UIO_LAURELES_L21_1, eNodeB ID=44051, Cell FDD TDD indication=CELL_FDD",Reliable,108.987,19.811
2026-04-10 06:00,60,"PI_UIO_LAURELES_UL/Cell:eNodeB Function Name=PIC_UIO_LAURELES_L, Local Cell ID=2, Cell Name=PIC_UIO_LAURELES_L21_2, eNodeB ID=44051, Cell FDD TDD indication=CELL_FDD",Reliable,1675.205,121.623
2026-04-10 06:00,60,"PI_UIO_LAURELES_UL/Cell:eNodeB Function Name=PIC_UIO_LAURELES_L, Local Cell ID=3, Cell Name=PIC_UIO_LAURELES_L21_3, eNodeB ID=44051, Cell FDD TDD indication=CELL_FDD",Reliable,4112.563,588.084
2026-04-10 06:00,60,"PI_UIO_LAURELES_UL/Cell:eNodeB Function Name=PIC_UIO_LAURELES_L, Local Cell ID=7, Cell Name=PIC_UIO_LAURELES_L7_7, eNodeB ID=44051, Cell FDD TDD indication=CELL_FDD",Reliable,641.595,53.069
2026-04-10 06:00,60,"PI_UIO_LAURELES_UL/Cell:eNodeB Function Name=PIC_UIO_LAURELES_L, Local Cell ID=8, Cell Name=PIC_UIO_LAURELES_L7_8, eNodeB ID=44051, Cell FDD TDD indication=CELL_FDD",Reliable,1246.305,100.295
2026-04-10 06:00,60,"PI_UIO_LAURELES_UL/Cell:eNodeB Function Name=PIC_UIO_LAURELES_L, Local Cell ID=9, Cell Name=PIC_UIO_LAURELES_L7_9, eNodeB ID=44051, Cell FDD TDD indication=CELL_FDD",Reliable,1659.843,350.487
2026-04-10 06:00,60,"PI_UIO_LAURELES_UL/Cell:eNodeB Function Name=PIC_UIO_LAURELES_L, Local Cell ID=11, Cell Name=PIC_UIO_LAURELES_L19_11, eNodeB ID=44051, Cell FDD TDD indication=CELL_FDD",Reliable,287.777,34.935
2026-04-10 06:00,60,"PI_UIO_LAURELES_UL/Cell:eNodeB Function Name=PIC_UIO_LAURELES_L, Local Cell ID=12, Cell Name=PIC_UIO_LAURELES_L19_12, eNodeB ID=44051, Cell FDD TDD indication=CELL_FDD",Reliable,20.857,4.167
2026-04-10 06:00,60,"PI_UIO_LAURELES_UL/Cell:eNodeB Function Name=PIC_UIO_LAURELES_L, Local Cell ID=13, Cell Name=PIC_UIO_LAURELES_L19_13, eNodeB ID=44051, Cell FDD TDD indication=CELL_FDD",Reliable,852.646,103.087
2026-04-10 06:00,60,"PI_UIO_PINTADO_UL/Cell:eNodeB Function Name=PI_UIO_PINTADOL21, Local Cell ID=1, Cell Name=PI_UIO_PINTADO_1, eNodeB ID=44021, Cell FDD TDD indication=CELL_FDD",Reliable,5030.658,1179.256
2026-04-10 06:00,60,"PI_UIO_PINTADO_UL/Cell:eNodeB Function Name=PI_UIO_PINTADOL21, Local Cell ID=2, Cell Name=PI_UIO_PINTADO_2, eNodeB ID=44021, Cell FDD TDD indication=CELL_FDD",Reliable,1065.98,83.882
2026-04-10 06:00,60,"PI_UIO_PINTADO_UL/Cell:eNodeB Function Name=PI_UIO_PINTADOL21, Local Cell ID=3, Cell Name=PI_UIO_PINTADO_3, eNodeB ID=44021, Cell FDD TDD indication=CELL_FDD",Reliable,16.999,3.87
2026-04-10 06:00,60,"PI_UIO_PINTADO_UL/Cell:eNodeB Function Name=PI_UIO_PINTADOL21, Local Cell ID=7, Cell Name=PI_UIO_PINTADO_APT_7, eNodeB ID=44021, Cell FDD TDD indication=CELL_FDD",Reliable,3106.003,272.465
2026-04-10 06:00,60,"PI_UIO_PINTADO_UL/Cell:eNodeB Function Name=PI_UIO_PINTADOL21, Local Cell ID=8, Cell Name=PI_UIO_PINTADO_APT_8, eNodeB ID=44021, Cell FDD TDD indication=CELL_FDD",Reliable,1751.515,140.106
2026-04-10 06:00,60,"PI_UIO_PINTADO_UL/Cell:eNodeB Function Name=PI_UIO_PINTADOL21, Local Cell ID=9, Cell Name=PI_UIO_PINTADO_APT_9, eNodeB ID=44021, Cell FDD TDD indication=CELL_FDD",Reliable,2101.547,173.371
2026-04-10 06:00,60,"PI_UIO_PLAZA_ARENAS_UL/Cell:eNodeB Function Name=PI_UIO_PLAZA_ARENASL21, Local Cell ID=1, Cell Name=PI_UIO_PLAZA_ARENAS_1, eNodeB ID=44173, Cell FDD TDD indication=CELL_FDD",Reliable,216.219,24.373
2026-04-10 06:00,60,"PI_UIO_PLAZA_ARENAS_UL/Cell:eNodeB Function Name=PI_UIO_PLAZA_ARENASL21, Local Cell ID=2, Cell Name=PI_UIO_PLAZA_ARENAS_2, eNodeB ID=44173, Cell FDD TDD indication=CELL_FDD",Reliable,163.578,24.419
2026-04-10 06:00,60,"PI_UIO_PLAZA_ARENAS_UL/Cell:eNodeB Function Name=PI_UIO_PLAZA_ARENASL21, Local Cell ID=3, Cell Name=PI_UIO_PLAZA_ARENAS_3, eNodeB ID=44173, Cell FDD TDD indication=CELL_FDD",Reliable,466.43,40.655
2026-04-10 06:00,60,"PI_UIO_LOJA_UL/Cell:eNodeB Function Name=PI_UIO_LOJAL21, Local Cell ID=1, Cell Name=PIC_UIO_LOJA_L21_1, eNodeB ID=44224, Cell FDD TDD indication=CELL_FDD",Reliable,948.112,71.458
2026-04-10 06:00,60,"PI_UIO_LOJA_UL/Cell:eNodeB Function Name=PI_UIO_LOJAL21, Local Cell ID=2, Cell Name=PIC_UIO_LOJA_L21_2, eNodeB ID=44224, Cell FDD TDD indication=CELL_FDD",Reliable,731.908,98.959
2026-04-10 06:00,60,"PI_UIO_LOJA_UL/Cell:eNodeB Function Name=PI_UIO_LOJAL21, Local Cell ID=7, Cell Name=PIC_UIO_LOJA_L7_7, eNodeB ID=44224, Cell FDD TDD indication=CELL_FDD",Reliable,2608.458,215.713
2026-04-10 06:00,60,"PI_UIO_LOJA_UL/Cell:eNodeB Function Name=PI_UIO_LOJAL21, Local Cell ID=8, Cell Name=PIC_UIO_LOJA_L7_8, eNodeB ID=44224, Cell FDD TDD indication=CELL_FDD",Reliable,2068.616,237.16
2026-04-10 06:00,60,"PI_UIO_SAN_RAFAEL_UL/Cell:eNodeB Function Name=PI_UIO_SAN_RAFAELL21, Local Cell ID=1, Cell Name=PI_UIO_SAN_RAFAEL_1, eNodeB ID=44017, Cell FDD TDD indication=CELL_FDD",Reliable,570.553,54.025
2026-04-10 06:00,60,"PI_UIO_SAN_RAFAEL_UL/Cell:eNodeB Function Name=PI_UIO_SAN_RAFAELL21, Local Cell ID=2, Cell Name=PI_UIO_SAN_RAFAEL_2, eNodeB ID=44017, Cell FDD TDD indication=CELL_FDD",Reliable,123.425,16.306
2026-04-10 06:00,60,"PI_UIO_SAN_RAFAEL_UL/Cell:eNodeB Function Name=PI_UIO_SAN_RAFAELL21, Local Cell ID=3, Cell Name=PI_UIO_SAN_RAFAEL_3, eNodeB ID=44017, Cell FDD TDD indication=CELL_FDD",Reliable,412.558,33.736
2026-04-10 06:00,60,"PI_UIO_SAN_RAFAEL_UL/Cell:eNodeB Function Name=PI_UIO_SAN_RAFAELL21, Local Cell ID=7, Cell Name=PI_UIO_SAN_RAFAEL_APT_7, eNodeB ID=44017, Cell FDD TDD indication=CELL_FDD",Reliable,2930.993,285.467
2026-04-10 06:00,60,"PI_UIO_SAN_RAFAEL_UL/Cell:eNodeB Function Name=PI_UIO_SAN_RAFAELL21, Local Cell ID=8, Cell Name=PI_UIO_SAN_RAFAEL_APT_8, eNodeB ID=44017, Cell FDD TDD indication=CELL_FDD",Reliable,4258.381,482.589
2026-04-10 06:00,60,"PI_UIO_SAN_RAFAEL_UL/Cell:eNodeB Function Name=PI_UIO_SAN_RAFAELL21, Local Cell ID=9, Cell Name=PI_UIO_SAN_RAFAEL_APT_9, eNodeB ID=44017, Cell FDD TDD indication=CELL_FDD",Reliable,1052.055,198.105
2026-04-10 06:00,60,"PI_UIO_SABANILLA_UL/Cell:eNodeB Function Name=PI_UIO_SABANILLAL21, Local Cell ID=1, Cell Name=PI_UIO_SABANILLA_1, eNodeB ID=44184, Cell FDD TDD indication=CELL_FDD",Reliable,1124.217,248.601
2026-04-10 06:00,60,"PI_UIO_SABANILLA_UL/Cell:eNodeB Function Name=PI_UIO_SABANILLAL21, Local Cell ID=2, Cell Name=PI_UIO_SABANILLA_2, eNodeB ID=44184, Cell FDD TDD indication=CELL_FDD",Reliable,1388.626,139.497
2026-04-10 06:00,60,"PI_UIO_AMAGASI_DEL_INCA_UL/Cell:eNodeB Function Name=PI_UIO_AMAGASI_DEL_INCAL21, Local Cell ID=1, Cell Name=PI_UIO_AMAGASI_DEL_INCA_1, eNodeB ID=44060, Cell FDD TDD indication=CELL_FDD",Reliable,279.58,19.226
2026-04-10 06:00,60,"PI_UIO_AMAGASI_DEL_INCA_UL/Cell:eNodeB Function Name=PI_UIO_AMAGASI_DEL_INCAL21, Local Cell ID=8, Cell Name=PI_UIO_AMAGASI_DEL_INCA_APT_8, eNodeB ID=44060, Cell FDD TDD indication=CELL_FDD",Reliable,314.344,37.705
2026-04-10 06:00,60,"PI_UIO_SOLCA_UL/Cell:eNodeB Function Name=PI_UIO_SOLCAL21, Local Cell ID=1, Cell Name=PI_UIO_SOLCA_1, eNodeB ID=44043, Cell FDD TDD indication=CELL_FDD",Reliable,627.132,73.21
2026-04-10 06:00,60,"PI_UIO_SOLCA_UL/Cell:eNodeB Function Name=PI_UIO_SOLCAL21, Local Cell ID=2, Cell Name=PI_UIO_SOLCA_2, eNodeB ID=44043, Cell FDD TDD indication=CELL_FDD",Reliable,356.526,56.963
2026-04-10 06:00,60,"PI_UIO_SOLCA_UL/Cell:eNodeB Function Name=PI_UIO_SOLCAL21, Local Cell ID=3, Cell Name=PI_UIO_SOLCA_3, eNodeB ID=44043, Cell FDD TDD indication=CELL_FDD",Reliable,1801.731,122.005
2026-04-10 06:00,60,"PI_UIO_SOLCA_UL/Cell:eNodeB Function Name=PI_UIO_SOLCAL21, Local Cell ID=7, Cell Name=PI_UIO_SOLCA_APT_7, eNodeB ID=44043, Cell FDD TDD indication=CELL_FDD",Reliable,788.42,79.462
2026-04-10 06:00,60,"PI_UIO_SOLCA_UL/Cell:eNodeB Function Name=PI_UIO_SOLCAL21, Local Cell ID=8, Cell Name=PI_UIO_SOLCA_APT_8, eNodeB ID=44043, Cell FDD TDD indication=CELL_FDD",Reliable,822.575,93.91
2026-04-10 06:00,60,"PI_UIO_SOLCA_UL/Cell:eNodeB Function Name=PI_UIO_SOLCAL21, Local Cell ID=9, Cell Name=PI_UIO_SOLCA_APT_9, eNodeB ID=44043, Cell FDD TDD indication=CELL_FDD",Reliable,1465.033,151.246
2026-04-10 06:00,60,"PI_UIO_CARCELEN_BAJO_UL/Cell:eNodeB Function Name=PI_UIO_CARCELEN_BAJOL21, Local Cell ID=1, Cell Name=PI_UIO_CARCELEN_BAJO_1, eNodeB ID=44091, Cell FDD TDD indication=CELL_FDD",Reliable,385.372,40.704
2026-04-10 06:00,60,"PI_UIO_CARCELEN_BAJO_UL/Cell:eNodeB Function Name=PI_UIO_CARCELEN_BAJOL21, Local Cell ID=2, Cell Name=PI_UIO_CARCELEN_BAJO_2, eNodeB ID=44091, Cell FDD TDD indication=CELL_FDD",Reliable,369.381,69.136
2026-04-10 06:00,60,"PI_UIO_LDU_UL/Cell:eNodeB Function Name=PI_UIO_LDU_L, Local Cell ID=1, Cell Name=PI_UIO_LDU_1, eNodeB ID=44047, Cell FDD TDD indication=CELL_FDD",Reliable,513.938,38.301
2026-04-10 06:00,60,"PI_UIO_LDU_UL/Cell:eNodeB Function Name=PI_UIO_LDU_L, Local Cell ID=2, Cell Name=PI_UIO_LDU_2, eNodeB ID=44047, Cell FDD TDD indication=CELL_FDD",Reliable,990.105,63.653
2026-04-10 06:00,60,"PI_UIO_LDU_UL/Cell:eNodeB Function Name=PI_UIO_LDU_L, Local Cell ID=3, Cell Name=PI_UIO_LDU_3, eNodeB ID=44047, Cell FDD TDD indication=CELL_FDD",Reliable,1628.219,148.26
2026-04-10 06:00,60,"PI_UIO_LDU_UL/Cell:eNodeB Function Name=PI_UIO_LDU_L, Local Cell ID=11, Cell Name=PI_UIO_LDU_11, eNodeB ID=44047, Cell FDD TDD indication=CELL_FDD",Reliable,38.443,2.408
2026-04-10 06:00,60,"PI_UIO_LDU_UL/Cell:eNodeB Function Name=PI_UIO_LDU_L, Local Cell ID=12, Cell Name=PI_UIO_LDU_12, eNodeB ID=44047, Cell FDD TDD indication=CELL_FDD",Reliable,153.532,12.907
2026-04-10 06:00,60,"PI_UIO_LDU_UL/Cell:eNodeB Function Name=PI_UIO_LDU_L, Local Cell ID=13, Cell Name=PI_UIO_LDU_13, eNodeB ID=44047, Cell FDD TDD indication=CELL_FDD",Reliable,93.29,13.71
2026-04-10 06:00,60,"PI_UIO_LOS_PLANETAS_UL/Cell:eNodeB Function Name=PI_UIO_LOS_PLANETAS_L, Local Cell ID=1, Cell Name=PI_UIO_LOS_PLANETAS_L21_1, eNodeB ID=44212, Cell FDD TDD indication=CELL_FDD",Reliable,1070.204,93.185
2026-04-10 06:00,60,"PI_UIO_LOS_PLANETAS_UL/Cell:eNodeB Function Name=PI_UIO_LOS_PLANETAS_L, Local Cell ID=2, Cell Name=PI_UIO_LOS_PLANETAS_L21_2, eNodeB ID=44212, Cell FDD TDD indication=CELL_FDD",Reliable,404.731,21.766
2026-04-10 06:00,60,"PI_UIO_LOS_PLANETAS_UL/Cell:eNodeB Function Name=PI_UIO_LOS_PLANETAS_L, Local Cell ID=3, Cell Name=PI_UIO_LOS_PLANETAS_L21_3, eNodeB ID=44212, Cell FDD TDD indication=CELL_FDD",Reliable,232.277,12.631
2026-04-10 06:00,60,"PI_UIO_LOS_PLANETAS_UL/Cell:eNodeB Function Name=PI_UIO_LOS_PLANETAS_L, Local Cell ID=11, Cell Name=PI_UIO_LOS_PLANETAS_L19_11, eNodeB ID=44212, Cell FDD TDD indication=CELL_FDD",Reliable,101.587,8.801
2026-04-10 06:00,60,"PI_UIO_LOS_PLANETAS_UL/Cell:eNodeB Function Name=PI_UIO_LOS_PLANETAS_L, Local Cell ID=12, Cell Name=PI_UIO_LOS_PLANETAS_L19_12, eNodeB ID=44212, Cell FDD TDD indication=CELL_FDD",Reliable,21.546,2.209
2026-04-10 06:00,60,"PI_UIO_LOS_PLANETAS_UL/Cell:eNodeB Function Name=PI_UIO_LOS_PLANETAS_L, Local Cell ID=13, Cell Name=PI_UIO_LOS_PLANETAS_L19_13, eNodeB ID=44212, Cell FDD TDD indication=CELL_FDD",Reliable,2.425,0.749
2026-04-10 06:00,60,"TU_AMB_PUERTO_ARTURO_UL/Cell:eNodeB Function Name=TU_AMB_PUERTO_ARTUROL21, Local Cell ID=1, Cell Name=TU_AMB_PUERTO_ARTURO_1, eNodeB ID=44484, Cell FDD TDD indication=CELL_FDD",Reliable,294.985,44.007
2026-04-10 06:00,60,"TU_AMB_PUERTO_ARTURO_UL/Cell:eNodeB Function Name=TU_AMB_PUERTO_ARTUROL21, Local Cell ID=2, Cell Name=TU_AMB_PUERTO_ARTURO_2, eNodeB ID=44484, Cell FDD TDD indication=CELL_FDD",Reliable,186.994,22.786
2026-04-10 06:00,60,"TU_AMB_PUERTO_ARTURO_UL/Cell:eNodeB Function Name=TU_AMB_PUERTO_ARTUROL21, Local Cell ID=7, Cell Name=TU_AMB_PUERTO_ARTURO_APT_7, eNodeB ID=44484, Cell FDD TDD indication=CELL_FDD",Reliable,926.384,187.092
2026-04-10 06:00,60,"TU_AMB_PUERTO_ARTURO_UL/Cell:eNodeB Function Name=TU_AMB_PUERTO_ARTUROL21, Local Cell ID=8, Cell Name=TU_AMB_PUERTO_ARTURO_APT_8, eNodeB ID=44484, Cell FDD TDD indication=CELL_FDD",Reliable,1167.215,111.988
2026-04-10 06:00,60,"TU_AMB_PUERTO_ARTURO_UL/Cell:eNodeB Function Name=TU_AMB_PUERTO_ARTUROL21, Local Cell ID=9, Cell Name=TU_AMB_PUERTO_ARTURO_APT_9, eNodeB ID=44484, Cell FDD TDD indication=CELL_FDD",Reliable,563.118,43.909
2026-04-10 06:00,60,"TU_AMB_PARQUE_INDUSTRIAL_UL/Cell:eNodeB Function Name=TU_AMB_PARQUE_INDUSTRIALL21, Local Cell ID=1, Cell Name=TU_AMB_PARQUE_INDUSTRIAL_1, eNodeB ID=44482, Cell FDD TDD indication=CELL_FDD",Reliable,542.685,35.332
2026-04-10 06:00,60,"TU_AMB_PARQUE_INDUSTRIAL_UL/Cell:eNodeB Function Name=TU_AMB_PARQUE_INDUSTRIALL21, Local Cell ID=2, Cell Name=TU_AMB_PARQUE_INDUSTRIAL_2, eNodeB ID=44482, Cell FDD TDD indication=CELL_FDD",Reliable,2285.247,190.063
2026-04-10 06:00,60,"TU_AMB_PARQUE_INDUSTRIAL_UL/Cell:eNodeB Function Name=TU_AMB_PARQUE_INDUSTRIALL21, Local Cell ID=3, Cell Name=TU_AMB_PARQUE_INDUSTRIAL_3, eNodeB ID=44482, Cell FDD TDD indication=CELL_FDD",Reliable,192.609,19.081
2026-04-10 06:00,60,"TU_AMB_LA_PRADERA_UL/Cell:eNodeB Function Name=TU_AMB_LA_PRADERAL21, Local Cell ID=1, Cell Name=TU_AMB_LA_PRADERA_1, eNodeB ID=44452, Cell FDD TDD indication=CELL_FDD",Reliable,1192.717,81.542
2026-04-10 06:00,60,"TU_AMB_LA_PRADERA_UL/Cell:eNodeB Function Name=TU_AMB_LA_PRADERAL21, Local Cell ID=2, Cell Name=TU_AMB_LA_PRADERA_2, eNodeB ID=44452, Cell FDD TDD indication=CELL_FDD",Reliable,1487.699,100.705
2026-04-10 06:00,60,"TU_AMB_LA_PRADERA_UL/Cell:eNodeB Function Name=TU_AMB_LA_PRADERAL21, Local Cell ID=3, Cell Name=TU_AMB_LA_PRADERA_3, eNodeB ID=44452, Cell FDD TDD indication=CELL_FDD",Reliable,493.683,454.085
2026-04-10 06:00,60,"TU_AMB_LA_CONCEPCION_UL/Cell:eNodeB Function Name=TU_AMB_LA_CONCEPCIONL21, Local Cell ID=1, Cell Name=TU_AMB_LA_CONCEPCION_1, eNodeB ID=44473, Cell FDD TDD indication=CELL_FDD",Reliable,163.22,31.251
2026-04-10 06:00,60,"TU_AMB_LA_CONCEPCION_UL/Cell:eNodeB Function Name=TU_AMB_LA_CONCEPCIONL21, Local Cell ID=2, Cell Name=TU_AMB_LA_CONCEPCION_2, eNodeB ID=44473, Cell FDD TDD indication=CELL_FDD",Reliable,257.552,18.733
2026-04-10 06:00,60,"TU_AMB_LA_CONCEPCION_UL/Cell:eNodeB Function Name=TU_AMB_LA_CONCEPCIONL21, Local Cell ID=3, Cell Name=TU_AMB_LA_CONCEPCION_3, eNodeB ID=44473, Cell FDD TDD indication=CELL_FDD",Reliable,27.661,3.002
2026-04-10 06:00,60,"TU_AMB_LA_MERCED_UL/Cell:eNodeB Function Name=TU_AMB_LA_MERCEDL21, Local Cell ID=1, Cell Name=TU_AMB_LA_MERCED_1, eNodeB ID=44477, Cell FDD TDD indication=CELL_FDD",Reliable,1153.075,262.99
2026-04-10 06:00,60,"TU_AMB_LA_MERCED_UL/Cell:eNodeB Function Name=TU_AMB_LA_MERCEDL21, Local Cell ID=2, Cell Name=TU_AMB_LA_MERCED_2, eNodeB ID=44477, Cell FDD TDD indication=CELL_FDD",Reliable,1099.413,80.661
2026-04-10 06:00,60,"TU_AMB_LA_MERCED_UL/Cell:eNodeB Function Name=TU_AMB_LA_MERCEDL21, Local Cell ID=3, Cell Name=TU_AMB_LA_MERCED_3, eNodeB ID=44477, Cell FDD TDD indication=CELL_FDD",Reliable,1553.811,159.688
2026-04-10 06:00,60,"TU_AMB_IZAMBA_UL/Cell:eNodeB Function Name=TU_AMB_IZAMBAL21, Local Cell ID=1, Cell Name=TU_AMB_IZAMBA_1, eNodeB ID=44474, Cell FDD TDD indication=CELL_FDD",Reliable,1258.973,85.87
2026-04-10 06:00,60,"TU_AMB_IZAMBA_UL/Cell:eNodeB Function Name=TU_AMB_IZAMBAL21, Local Cell ID=2, Cell Name=TU_AMB_IZAMBA_2, eNodeB ID=44474, Cell FDD TDD indication=CELL_FDD",Reliable,2103.828,198.236
2026-04-10 06:00,60,"TU_AMB_IZAMBA_UL/Cell:eNodeB Function Name=TU_AMB_IZAMBAL21, Local Cell ID=3, Cell Name=TU_AMB_IZAMBA_3, eNodeB ID=44474, Cell FDD TDD indication=CELL_FDD",Reliable,1515.47,114.869
2026-04-10 06:00,60,"PI_UIO_FATIMA_UL/Cell:eNodeB Function Name=PIC_UIO_FATIMA_UL, Local Cell ID=1, Cell Name=PI_UIO_FATIMA_1, eNodeB ID=44125, Cell FDD TDD indication=CELL_FDD",Reliable,2908.746,1382.988
2026-04-10 06:00,60,"PI_UIO_FATIMA_UL/Cell:eNodeB Function Name=PIC_UIO_FATIMA_UL, Local Cell ID=2, Cell Name=PI_UIO_FATIMA_2, eNodeB ID=44125, Cell FDD TDD indication=CELL_FDD",Reliable,2935.195,694.658
2026-04-10 06:00,60,"PI_UIO_FATIMA_UL/Cell:eNodeB Function Name=PIC_UIO_FATIMA_UL, Local Cell ID=7, Cell Name=PIC_UIO_FATIMA_L7_7, eNodeB ID=44125, Cell FDD TDD indication=CELL_FDD",Reliable,6643.963,2352.323
2026-04-10 06:00,60,"PI_UIO_ESPE_UL/Cell:eNodeB Function Name=PI_UIO_ESPE_L, Local Cell ID=1, Cell Name=PI_UIO_ESPE_1, eNodeB ID=44067, Cell FDD TDD indication=CELL_FDD",Reliable,1596.803,150.457
2026-04-10 06:00,60,"PI_UIO_ESPE_UL/Cell:eNodeB Function Name=PI_UIO_ESPE_L, Local Cell ID=2, Cell Name=PI_UIO_ESPE_2, eNodeB ID=44067, Cell FDD TDD indication=CELL_FDD",Reliable,1133.292,90.093
2026-04-10 06:00,60,"PI_UIO_ESPE_UL/Cell:eNodeB Function Name=PI_UIO_ESPE_L, Local Cell ID=3, Cell Name=PI_UIO_ESPE_3, eNodeB ID=44067, Cell FDD TDD indication=CELL_FDD",Reliable,772.586,51.03
2026-04-10 06:00,60,"PI_UIO_ESPE_UL/Cell:eNodeB Function Name=PI_UIO_ESPE_L, Local Cell ID=11, Cell Name=PI_UIO_ESPE_11, eNodeB ID=44067, Cell FDD TDD indication=CELL_FDD",Reliable,213.173,24.218
2026-04-10 06:00,60,"PI_UIO_ESPE_UL/Cell:eNodeB Function Name=PI_UIO_ESPE_L, Local Cell ID=12, Cell Name=PI_UIO_ESPE_12, eNodeB ID=44067, Cell FDD TDD indication=CELL_FDD",Reliable,279.534,35.993
2026-04-10 06:00,60,"PI_UIO_ESPE_UL/Cell:eNodeB Function Name=PI_UIO_ESPE_L, Local Cell ID=13, Cell Name=PI_UIO_ESPE_13, eNodeB ID=44067, Cell FDD TDD indication=CELL_FDD",Reliable,144.913,7.742
2026-04-10 06:00,60,"TU_AMB_CC_CARACOL_UL/Cell:eNodeB Function Name=TU_AMB_CC_CARACOLL21, Local Cell ID=1, Cell Name=TU_AMB_CC_CARACOL_1, eNodeB ID=44478, Cell FDD TDD indication=CELL_FDD",Reliable,1220.379,96.989
2026-04-10 06:00,60,"TU_AMB_CC_CARACOL_UL/Cell:eNodeB Function Name=TU_AMB_CC_CARACOLL21, Local Cell ID=2, Cell Name=TU_AMB_CC_CARACOL_2, eNodeB ID=44478, Cell FDD TDD indication=CELL_FDD",Reliable,485.162,42.07
2026-04-10 06:00,60,"TU_AMB_CC_CARACOL_UL/Cell:eNodeB Function Name=TU_AMB_CC_CARACOLL21, Local Cell ID=3, Cell Name=TU_AMB_CC_CARACOL_3, eNodeB ID=44478, Cell FDD TDD indication=CELL_FDD",Reliable,100.779,11.371
2026-04-10 06:00,60,"TU_AMB_FICOA_UL/Cell:eNodeB Function Name=TU_AMB_FICOAL21, Local Cell ID=1, Cell Name=TU_AMB_FICOA_1, eNodeB ID=44461, Cell FDD TDD indication=CELL_FDD",Reliable,266.377,33.347
2026-04-10 06:00,60,"TU_AMB_FICOA_UL/Cell:eNodeB Function Name=TU_AMB_FICOAL21, Local Cell ID=2, Cell Name=TU_AMB_FICOA_2, eNodeB ID=44461, Cell FDD TDD indication=CELL_FDD",Reliable,1882.194,115.925
2026-04-10 06:00,60,"TU_AMB_FICOA_UL/Cell:eNodeB Function Name=TU_AMB_FICOAL21, Local Cell ID=3, Cell Name=TU_AMB_FICOA_3, eNodeB ID=44461, Cell FDD TDD indication=CELL_FDD",Reliable,184.909,21.602
2026-04-10 06:00,60,"TU_AMB_HUACHI_CHICO_UL/Cell:eNodeB Function Name=TU_AMB_HUACHI_CHICOL21, Local Cell ID=1, Cell Name=TU_AMB_HUACHI_CHICO_1, eNodeB ID=44456, Cell FDD TDD indication=CELL_FDD",Reliable,1459.86,208.782
2026-04-10 06:00,60,"TU_AMB_HUACHI_CHICO_UL/Cell:eNodeB Function Name=TU_AMB_HUACHI_CHICOL21, Local Cell ID=2, Cell Name=TU_AMB_HUACHI_CHICO_2, eNodeB ID=44456, Cell FDD TDD indication=CELL_FDD",Reliable,584.941,49.962
2026-04-10 06:00,60,"TU_AMB_HUACHI_CHICO_UL/Cell:eNodeB Function Name=TU_AMB_HUACHI_CHICOL21, Local Cell ID=3, Cell Name=TU_AMB_HUACHI_CHICO_3, eNodeB ID=44456, Cell FDD TDD indication=CELL_FDD",Reliable,800.075,65.774
2026-04-10 06:00,60,"TU_AMB_HUACHI_CHICO_UL/Cell:eNodeB Function Name=TU_AMB_HUACHI_CHICOL21, Local Cell ID=7, Cell Name=TU_AMB_HUACHI_CHICO_APT_7, eNodeB ID=44456, Cell FDD TDD indication=CELL_FDD",Reliable,1221.971,89.21
2026-04-10 06:00,60,"TU_AMB_HUACHI_CHICO_UL/Cell:eNodeB Function Name=TU_AMB_HUACHI_CHICOL21, Local Cell ID=8, Cell Name=TU_AMB_HUACHI_CHICO_APT_8, eNodeB ID=44456, Cell FDD TDD indication=CELL_FDD",Reliable,1366.899,102.153
2026-04-10 06:00,60,"TU_AMB_HUACHI_CHICO_UL/Cell:eNodeB Function Name=TU_AMB_HUACHI_CHICOL21, Local Cell ID=9, Cell Name=TU_AMB_HUACHI_CHICO_APT_9, eNodeB ID=44456, Cell FDD TDD indication=CELL_FDD",Reliable,525.852,46.149
2026-04-10 06:00,60,"TU_AMB_EL_OBRERO_UL/Cell:eNodeB Function Name=TU_AMB_EL_OBREROL21, Local Cell ID=1, Cell Name=TU_AMB_EL_OBRERO_1, eNodeB ID=44460, Cell FDD TDD indication=CELL_FDD",Reliable,526.536,55.172
2026-04-10 06:00,60,"TU_AMB_EL_OBRERO_UL/Cell:eNodeB Function Name=TU_AMB_EL_OBREROL21, Local Cell ID=2, Cell Name=TU_AMB_EL_OBRERO_2, eNodeB ID=44460, Cell FDD TDD indication=CELL_FDD",Reliable,544.106,60.236
2026-04-10 06:00,60,"TU_AMB_EL_OBRERO_UL/Cell:eNodeB Function Name=TU_AMB_EL_OBREROL21, Local Cell ID=3, Cell Name=TU_AMB_EL_OBRERO_3, eNodeB ID=44460, Cell FDD TDD indication=CELL_FDD",Reliable,1867.742,369.295
2026-04-10 06:00,60,"TU_AMB_CC_ANDES_UL/Cell:eNodeB Function Name=TU_AMB_CC_ANDESL21, Local Cell ID=1, Cell Name=TU_AMB_CC_ANDES_1, eNodeB ID=44459, Cell FDD TDD indication=CELL_FDD",Reliable,452.417,36.742
2026-04-10 06:00,60,"TU_AMB_CC_ANDES_UL/Cell:eNodeB Function Name=TU_AMB_CC_ANDESL21, Local Cell ID=2, Cell Name=TU_AMB_CC_ANDES_2, eNodeB ID=44459, Cell FDD TDD indication=CELL_FDD",Reliable,1423.872,105.346
2026-04-10 06:00,60,"TU_AMB_CC_ANDES_UL/Cell:eNodeB Function Name=TU_AMB_CC_ANDESL21, Local Cell ID=3, Cell Name=TU_AMB_CC_ANDES_3, eNodeB ID=44459, Cell FDD TDD indication=CELL_FDD",Reliable,558.725,82.026
2026-04-10 06:00,60,"TU_AMB_JARDIN_COLONIAL_UL/Cell:eNodeB Function Name=TU_AMB_JARDIN_COLONIALL21, Local Cell ID=1, Cell Name=TU_AMB_JARDIN_COLONIAL_1, eNodeB ID=44462, Cell FDD TDD indication=CELL_FDD",Reliable,316.875,48.571
2026-04-10 06:00,60,"TU_AMB_JARDIN_COLONIAL_UL/Cell:eNodeB Function Name=TU_AMB_JARDIN_COLONIALL21, Local Cell ID=2, Cell Name=TU_AMB_JARDIN_COLONIAL_2, eNodeB ID=44462, Cell FDD TDD indication=CELL_FDD",Reliable,1386.274,121.578
2026-04-10 06:00,60,"TU_AMB_JARDIN_COLONIAL_UL/Cell:eNodeB Function Name=TU_AMB_JARDIN_COLONIALL21, Local Cell ID=3, Cell Name=TU_AMB_JARDIN_COLONIAL_3, eNodeB ID=44462, Cell FDD TDD indication=CELL_FDD",Reliable,861.369,160.764
2026-04-10 06:00,60,"SD_SD_MERCADO_UNION_UL/Cell:eNodeB Function Name=SD_SD_MERCADO_UNIONL21, Local Cell ID=1, Cell Name=SD_SD_MERCADO_UNION_1, eNodeB ID=44775, Cell FDD TDD indication=CELL_FDD",Reliable,301.976,32.35
2026-04-10 06:00,60,"SD_SD_MERCADO_UNION_UL/Cell:eNodeB Function Name=SD_SD_MERCADO_UNIONL21, Local Cell ID=2, Cell Name=SD_SD_MERCADO_UNION_2, eNodeB ID=44775, Cell FDD TDD indication=CELL_FDD",Reliable,689.175,69.722
2026-04-10 06:00,60,"SD_SD_MERCADO_UNION_UL/Cell:eNodeB Function Name=SD_SD_MERCADO_UNIONL21, Local Cell ID=3, Cell Name=SD_SD_MERCADO_UNION_3, eNodeB ID=44775, Cell FDD TDD indication=CELL_FDD",Reliable,322.275,40.211
2026-04-10 06:00,60,"TU_AMB_U_CATOLICA_UL/Cell:eNodeB Function Name=TU_AMB_U_CATOLICAL21, Local Cell ID=1, Cell Name=TU_AMB_U_CATOLICA_1, eNodeB ID=44479, Cell FDD TDD indication=CELL_FDD",Reliable,801.839,68.24
2026-04-10 06:00,60,"TU_AMB_U_CATOLICA_UL/Cell:eNodeB Function Name=TU_AMB_U_CATOLICAL21, Local Cell ID=2, Cell Name=TU_AMB_U_CATOLICA_2, eNodeB ID=44479, Cell FDD TDD indication=CELL_FDD",Reliable,1385.56,164.702
2026-04-10 06:00,60,"TU_AMB_U_CATOLICA_UL/Cell:eNodeB Function Name=TU_AMB_U_CATOLICAL21, Local Cell ID=3, Cell Name=TU_AMB_U_CATOLICA_3, eNodeB ID=44479, Cell FDD TDD indication=CELL_FDD",Reliable,1678.756,150.656
2026-04-10 06:00,60,"SD_SD_COLORADO_UL/Cell:eNodeB Function Name=SD_SD_COLORADOL21, Local Cell ID=1, Cell Name=SD_SD_COLORADO_1, eNodeB ID=44761, Cell FDD TDD indication=CELL_FDD",Reliable,145.322,25.068
2026-04-10 06:00,60,"SD_SD_COLORADO_UL/Cell:eNodeB Function Name=SD_SD_COLORADOL21, Local Cell ID=2, Cell Name=SD_SD_COLORADO_2, eNodeB ID=44761, Cell FDD TDD indication=CELL_FDD",Reliable,306.428,29.125
2026-04-10 06:00,60,"SD_SD_COLORADO_UL/Cell:eNodeB Function Name=SD_SD_COLORADOL21, Local Cell ID=3, Cell Name=SD_SD_COLORADO_3, eNodeB ID=44761, Cell FDD TDD indication=CELL_FDD",Reliable,609.019,60.367
2026-04-10 06:00,60,"SD_SD_COLORADO_UL/Cell:eNodeB Function Name=SD_SD_COLORADOL21, Local Cell ID=7, Cell Name=SD_SD_COLORADO_APT_7, eNodeB ID=44761, Cell FDD TDD indication=CELL_FDD",Reliable,256.666,88.75
2026-04-10 06:00,60,"SD_SD_COLORADO_UL/Cell:eNodeB Function Name=SD_SD_COLORADOL21, Local Cell ID=8, Cell Name=SD_SD_COLORADO_APT_8, eNodeB ID=44761, Cell FDD TDD indication=CELL_FDD",Reliable,205.721,50.149
2026-04-10 06:00,60,"SD_SD_COLORADO_UL/Cell:eNodeB Function Name=SD_SD_COLORADOL21, Local Cell ID=9, Cell Name=SD_SD_COLORADO_APT_9, eNodeB ID=44761, Cell FDD TDD indication=CELL_FDD",Reliable,154.357,34.418
2026-04-10 06:00,60,"TU_AMB_LA_CAROLINA_UL/Cell:eNodeB Function Name=TU_AMB_LA_CAROLINAL21, Local Cell ID=1, Cell Name=TU_AMB_LA_CAROLINA_1, eNodeB ID=44463, Cell FDD TDD indication=CELL_FDD",Reliable,518.204,39.884
2026-04-10 06:00,60,"TU_AMB_LA_CAROLINA_UL/Cell:eNodeB Function Name=TU_AMB_LA_CAROLINAL21, Local Cell ID=2, Cell Name=TU_AMB_LA_CAROLINA_2, eNodeB ID=44463, Cell FDD TDD indication=CELL_FDD",Reliable,1465.822,152.283
2026-04-10 06:00,60,"TU_AMB_LA_CAROLINA_UL/Cell:eNodeB Function Name=TU_AMB_LA_CAROLINAL21, Local Cell ID=3, Cell Name=TU_AMB_LA_CAROLINA_3, eNodeB ID=44463, Cell FDD TDD indication=CELL_FDD",Reliable,433.003,37.336
2026-04-10 06:00,60,"TUN_AMB_MIRAFLORES_UL/Cell:eNodeB Function Name=TUN_AMB_MIRAFLORES_L, Local Cell ID=1, Cell Name=TUN_AMB_MIRAFLORES_L21_1, eNodeB ID=44454, Cell FDD TDD indication=CELL_FDD",Reliable,1625.88,89.3
2026-04-10 06:00,60,"TUN_AMB_MIRAFLORES_UL/Cell:eNodeB Function Name=TUN_AMB_MIRAFLORES_L, Local Cell ID=2, Cell Name=TUN_AMB_MIRAFLORES_L21_2, eNodeB ID=44454, Cell FDD TDD indication=CELL_FDD",Reliable,485.831,37.825
2026-04-10 06:00,60,"TUN_AMB_MIRAFLORES_UL/Cell:eNodeB Function Name=TUN_AMB_MIRAFLORES_L, Local Cell ID=3, Cell Name=TUN_AMB_MIRAFLORES_L21_3, eNodeB ID=44454, Cell FDD TDD indication=CELL_FDD",Reliable,465.251,40.827
2026-04-10 06:00,60,"SD_SD_SHOPPING_UL/Cell:eNodeB Function Name=SD_SD_SHOPPINGL21, Local Cell ID=1, Cell Name=SD_SD_SHOPPING_1, eNodeB ID=44774, Cell FDD TDD indication=CELL_FDD",Reliable,82.006,19.346
2026-04-10 06:00,60,"SD_SD_SHOPPING_UL/Cell:eNodeB Function Name=SD_SD_SHOPPINGL21, Local Cell ID=2, Cell Name=SD_SD_SHOPPING_2, eNodeB ID=44774, Cell FDD TDD indication=CELL_FDD",Reliable,69.078,24.387
2026-04-10 06:00,60,"SD_SD_SHOPPING_UL/Cell:eNodeB Function Name=SD_SD_SHOPPINGL21, Local Cell ID=3, Cell Name=SD_SD_SHOPPING_3, eNodeB ID=44774, Cell FDD TDD indication=CELL_FDD",Reliable,151.374,30.318
2026-04-10 06:00,60,"TU_AMB_MERCADO_MAYORISTA_UL/Cell:eNodeB Function Name=TU_AMB_MERCADO_MAYORISTAL21, Local Cell ID=1, Cell Name=TU_AMB_MERCADO_MAYORISTA_1, eNodeB ID=44471, Cell FDD TDD indication=CELL_FDD",Reliable,2138.138,217.036
2026-04-10 06:00,60,"TU_AMB_MERCADO_MAYORISTA_UL/Cell:eNodeB Function Name=TU_AMB_MERCADO_MAYORISTAL21, Local Cell ID=2, Cell Name=TU_AMB_MERCADO_MAYORISTA_2, eNodeB ID=44471, Cell FDD TDD indication=CELL_FDD",Reliable,7769.587,666.788
2026-04-10 06:00,60,"TU_AMB_MERCADO_MAYORISTA_UL/Cell:eNodeB Function Name=TU_AMB_MERCADO_MAYORISTAL21, Local Cell ID=3, Cell Name=TU_AMB_MERCADO_MAYORISTA_3, eNodeB ID=44471, Cell FDD TDD indication=CELL_FDD",Reliable,455.786,41.379
2026-04-10 06:00,60,"TU_AMB_SAN_JUAN_UL/Cell:eNodeB Function Name=TU_AMB_SAN_JUANL21, Local Cell ID=1, Cell Name=TU_AMB_SAN_JUAN_1, eNodeB ID=44470, Cell FDD TDD indication=CELL_FDD",Reliable,952.593,107.675
2026-04-10 06:00,60,"TU_AMB_SAN_JUAN_UL/Cell:eNodeB Function Name=TU_AMB_SAN_JUANL21, Local Cell ID=2, Cell Name=TU_AMB_SAN_JUAN_2, eNodeB ID=44470, Cell FDD TDD indication=CELL_FDD",Reliable,296.111,34.768
2026-04-10 06:00,60,"TU_AMB_SAN_JUAN_UL/Cell:eNodeB Function Name=TU_AMB_SAN_JUANL21, Local Cell ID=3, Cell Name=TU_AMB_SAN_JUAN_3, eNodeB ID=44470, Cell FDD TDD indication=CELL_FDD",Reliable,842.494,64.448
2026-04-10 06:00,60,"SD_SD_VIRGEN_DEL_CISNE_UL/Cell:eNodeB Function Name=SD_SD_VIRGEN_DEL_CISNEL21, Local Cell ID=1, Cell Name=SD_SD_VIRGEN_DEL_CISNE_1, eNodeB ID=44769, Cell FDD TDD indication=CELL_FDD",Reliable,68.155,15.257
2026-04-10 06:00,60,"SD_SD_VIRGEN_DEL_CISNE_UL/Cell:eNodeB Function Name=SD_SD_VIRGEN_DEL_CISNEL21, Local Cell ID=2, Cell Name=SD_SD_VIRGEN_DEL_CISNE_2, eNodeB ID=44769, Cell FDD TDD indication=CELL_FDD",Reliable,2622.807,378.772
2026-04-10 06:00,60,"SD_SD_VIRGEN_DEL_CISNE_UL/Cell:eNodeB Function Name=SD_SD_VIRGEN_DEL_CISNEL21, Local Cell ID=3, Cell Name=SD_SD_VIRGEN_DEL_CISNE_3, eNodeB ID=44769, Cell FDD TDD indication=CELL_FDD",Reliable,736.127,89.359
2026-04-10 06:00,60,"SD_SD_VIRGEN_DEL_CISNE_UL/Cell:eNodeB Function Name=SD_SD_VIRGEN_DEL_CISNEL21, Local Cell ID=7, Cell Name=SD_SD_VIRGEN_DEL_CISNE_APT_7, eNodeB ID=44769, Cell FDD TDD indication=CELL_FDD",Reliable,334.593,117.947
2026-04-10 06:00,60,"SD_SD_VIRGEN_DEL_CISNE_UL/Cell:eNodeB Function Name=SD_SD_VIRGEN_DEL_CISNEL21, Local Cell ID=8, Cell Name=SD_SD_VIRGEN_DEL_CISNE_APT_8, eNodeB ID=44769, Cell FDD TDD indication=CELL_FDD",Reliable,861.413,183.679
2026-04-10 06:00,60,"SD_SD_VIRGEN_DEL_CISNE_UL/Cell:eNodeB Function Name=SD_SD_VIRGEN_DEL_CISNEL21, Local Cell ID=9, Cell Name=SD_SD_VIRGEN_DEL_CISNE_APT_9, eNodeB ID=44769, Cell FDD TDD indication=CELL_FDD",Reliable,477.378,129.217
2026-04-10 06:00,60,"SD_SD_COOP_2_DE_MAYO_UL/Cell:eNodeB Function Name=STD_STD_COOP_2_DE_MAYO_L, Local Cell ID=1, Cell Name=STD_STD_COOP_2_DE_MAYO_L21_1, eNodeB ID=44770, Cell FDD TDD indication=CELL_FDD",Reliable,48.128,9.244
2026-04-10 06:00,60,"SD_SD_COOP_2_DE_MAYO_UL/Cell:eNodeB Function Name=STD_STD_COOP_2_DE_MAYO_L, Local Cell ID=3, Cell Name=STD_STD_COOP_2_DE_MAYO_L21_3, eNodeB ID=44770, Cell FDD TDD indication=CELL_FDD",Reliable,146.738,8.826
2026-04-10 06:00,60,"SD_SD_COOP_2_DE_MAYO_UL/Cell:eNodeB Function Name=STD_STD_COOP_2_DE_MAYO_L, Local Cell ID=7, Cell Name=STD_STD_COOP_2_DE_MAYO_L7_7, eNodeB ID=44770, Cell FDD TDD indication=CELL_FDD",Reliable,238.488,54.735
2026-04-10 06:00,60,"SD_SD_COOP_2_DE_MAYO_UL/Cell:eNodeB Function Name=STD_STD_COOP_2_DE_MAYO_L, Local Cell ID=8, Cell Name=STD_STD_COOP_2_DE_MAYO_L7_8, eNodeB ID=44770, Cell FDD TDD indication=CELL_FDD",Reliable,655.426,56.023
2026-04-10 06:00,60,"SD_SD_COOP_2_DE_MAYO_UL/Cell:eNodeB Function Name=STD_STD_COOP_2_DE_MAYO_L, Local Cell ID=9, Cell Name=STD_STD_COOP_2_DE_MAYO_L7_9, eNodeB ID=44770, Cell FDD TDD indication=CELL_FDD",Reliable,59.019,34.775
2026-04-10 06:00,60,"SD_SD_COOP_2_DE_MAYO_UL/Cell:eNodeB Function Name=STD_STD_COOP_2_DE_MAYO_L, Local Cell ID=2, Cell Name=STD_STD_COOP_2_DE_MAYO_L21_2, eNodeB ID=44770, Cell FDD TDD indication=CELL_FDD",Reliable,13.126,2.173
2026-04-10 06:00,60,"TU_AMB_REGISTRO_CIVIL_UL/Cell:eNodeB Function Name=TU_AMB_REGISTRO_CIVILL21, Local Cell ID=1, Cell Name=TU_AMB_REGISTRO_CIVIL_1, eNodeB ID=44481, Cell FDD TDD indication=CELL_FDD",Reliable,885.068,92.023
2026-04-10 06:00,60,"TU_AMB_REGISTRO_CIVIL_UL/Cell:eNodeB Function Name=TU_AMB_REGISTRO_CIVILL21, Local Cell ID=2, Cell Name=TU_AMB_REGISTRO_CIVIL_2, eNodeB ID=44481, Cell FDD TDD indication=CELL_FDD",Reliable,632.285,46.181
2026-04-10 06:00,60,"TU_AMB_REGISTRO_CIVIL_UL/Cell:eNodeB Function Name=TU_AMB_REGISTRO_CIVILL21, Local Cell ID=3, Cell Name=TU_AMB_REGISTRO_CIVIL_3, eNodeB ID=44481, Cell FDD TDD indication=CELL_FDD",Reliable,718.169,89.543
2026-04-10 06:00,60,"SD_SD_COOP_NUEVA_REPUBLICA_UL/Cell:eNodeB Function Name=SD_SD_COOP_NUEVA_REPUBLICAL21, Local Cell ID=1, Cell Name=SD_SD_COOP_NUEVA_REPUBLICA_1, eNodeB ID=44771, Cell FDD TDD indication=CELL_FDD",Reliable,9.91,3.043
2026-04-10 06:00,60,"SD_SD_COOP_NUEVA_REPUBLICA_UL/Cell:eNodeB Function Name=SD_SD_COOP_NUEVA_REPUBLICAL21, Local Cell ID=2, Cell Name=SD_SD_COOP_NUEVA_REPUBLICA_2, eNodeB ID=44771, Cell FDD TDD indication=CELL_FDD",Reliable,757.547,776.984
2026-04-10 06:00,60,"SD_SD_COOP_NUEVA_REPUBLICA_UL/Cell:eNodeB Function Name=SD_SD_COOP_NUEVA_REPUBLICAL21, Local Cell ID=3, Cell Name=SD_SD_COOP_NUEVA_REPUBLICA_3, eNodeB ID=44771, Cell FDD TDD indication=CELL_FDD",Reliable,288.468,24.273
2026-04-10 06:00,60,"SD_SD_LIBERTADOR_UL/Cell:eNodeB Function Name=SD_SD_LIBERTADORL21, Local Cell ID=1, Cell Name=SD_SD_LIBERTADOR_1, eNodeB ID=44767, Cell FDD TDD indication=CELL_FDD",Reliable,317.892,77.853
2026-04-10 06:00,60,"SD_SD_LIBERTADOR_UL/Cell:eNodeB Function Name=SD_SD_LIBERTADORL21, Local Cell ID=2, Cell Name=SD_SD_LIBERTADOR_2, eNodeB ID=44767, Cell FDD TDD indication=CELL_FDD",Reliable,323.638,17.753
2026-04-10 06:00,60,"SD_SD_LIBERTADOR_UL/Cell:eNodeB Function Name=SD_SD_LIBERTADORL21, Local Cell ID=3, Cell Name=SD_SD_LIBERTADOR_3, eNodeB ID=44767, Cell FDD TDD indication=CELL_FDD",Reliable,113.539,14.424
2026-04-10 06:00,60,"SD_SD_LIBERTADOR_UL/Cell:eNodeB Function Name=SD_SD_LIBERTADORL21, Local Cell ID=7, Cell Name=SD_SD_LIBERTADOR_APT_7, eNodeB ID=44767, Cell FDD TDD indication=CELL_FDD",Reliable,906.145,150.577
2026-04-10 06:00,60,"SD_SD_LIBERTADOR_UL/Cell:eNodeB Function Name=SD_SD_LIBERTADORL21, Local Cell ID=8, Cell Name=SD_SD_LIBERTADOR_APT_8, eNodeB ID=44767, Cell FDD TDD indication=CELL_FDD",Reliable,382.54,45.341
2026-04-10 06:00,60,"SD_SD_LIBERTADOR_UL/Cell:eNodeB Function Name=SD_SD_LIBERTADORL21, Local Cell ID=9, Cell Name=SD_SD_LIBERTADOR_APT_9, eNodeB ID=44767, Cell FDD TDD indication=CELL_FDD",Reliable,180.581,16.599
2026-04-10 06:00,60,"PI_UIO_POLIT_LASSO_UL/Cell:eNodeB Function Name=PI_UIO_POLIT_LASSOL21, Local Cell ID=1, Cell Name=PI_UIO_POLIT_LASSO_1, eNodeB ID=44176, Cell FDD TDD indication=CELL_FDD",Reliable,369.089,25.304
2026-04-10 06:00,60,"PI_UIO_POLIT_LASSO_UL/Cell:eNodeB Function Name=PI_UIO_POLIT_LASSOL21, Local Cell ID=2, Cell Name=PI_UIO_POLIT_LASSO_2, eNodeB ID=44176, Cell FDD TDD indication=CELL_FDD",Reliable,206.371,22.672
2026-04-10 06:00,60,"PI_UIO_CHILLOGALLO_UL/Cell:eNodeB Function Name=PI_UIO_CHILLOGALLO_UL, Local Cell ID=1, Cell Name=PIC_UIO_CHILLOGALLO_L21_1, eNodeB ID=44056, Cell FDD TDD indication=CELL_FDD",Reliable,642.904,44.306
2026-04-10 06:00,60,"PI_UIO_CHILLOGALLO_UL/Cell:eNodeB Function Name=PI_UIO_CHILLOGALLO_UL, Local Cell ID=2, Cell Name=PIC_UIO_CHILLOGALLO_L21_2, eNodeB ID=44056, Cell FDD TDD indication=CELL_FDD",Reliable,451.43,66.516
2026-04-10 06:00,60,"PI_UIO_CHILLOGALLO_UL/Cell:eNodeB Function Name=PI_UIO_CHILLOGALLO_UL, Local Cell ID=3, Cell Name=PIC_UIO_CHILLOGALLO_L21_3, eNodeB ID=44056, Cell FDD TDD indication=CELL_FDD",Reliable,1482.102,80.772
2026-04-10 06:00,60,"PI_UIO_CHILLOGALLO_UL/Cell:eNodeB Function Name=PI_UIO_CHILLOGALLO_UL, Local Cell ID=7, Cell Name=PIC_UIO_CHILLOGALLO_L7_7, eNodeB ID=44056, Cell FDD TDD indication=CELL_FDD",Reliable,3227.938,338.692
2026-04-10 06:00,60,"PI_UIO_CHILLOGALLO_UL/Cell:eNodeB Function Name=PI_UIO_CHILLOGALLO_UL, Local Cell ID=8, Cell Name=PIC_UIO_CHILLOGALLO_L7_8, eNodeB ID=44056, Cell FDD TDD indication=CELL_FDD",Reliable,925.097,89.031
2026-04-10 06:00,60,"PI_UIO_CHILLOGALLO_UL/Cell:eNodeB Function Name=PI_UIO_CHILLOGALLO_UL, Local Cell ID=9, Cell Name=PIC_UIO_CHILLOGALLO_L7_9, eNodeB ID=44056, Cell FDD TDD indication=CELL_FDD",Reliable,2578.652,231.621
2026-04-10 06:00,60,"SD_SD_NORTE_UL/Cell:eNodeB Function Name=SD_SD_NORTEL21, Local Cell ID=1, Cell Name=SD_SD_NORTE_1, eNodeB ID=44773, Cell FDD TDD indication=CELL_FDD",Reliable,114.404,19.924
2026-04-10 06:00,60,"SD_SD_NORTE_UL/Cell:eNodeB Function Name=SD_SD_NORTEL21, Local Cell ID=2, Cell Name=SD_SD_NORTE_2, eNodeB ID=44773, Cell FDD TDD indication=CELL_FDD",Reliable,763.745,86.372
2026-04-10 06:00,60,"SD_SD_NORTE_UL/Cell:eNodeB Function Name=SD_SD_NORTEL21, Local Cell ID=3, Cell Name=SD_SD_NORTE_3, eNodeB ID=44773, Cell FDD TDD indication=CELL_FDD",Reliable,486.249,36.364
2026-04-10 06:00,60,"PI_UIO_IPIALES_UL/Cell:eNodeB Function Name=PI_UIO_IPIALESL21, Local Cell ID=1, Cell Name=PI_UIO_IPIALES_1, eNodeB ID=44266, Cell FDD TDD indication=CELL_FDD",Reliable,1239.327,257.438
2026-04-10 06:00,60,"PI_UIO_IPIALES_UL/Cell:eNodeB Function Name=PI_UIO_IPIALESL21, Local Cell ID=2, Cell Name=PI_UIO_IPIALES_2, eNodeB ID=44266, Cell FDD TDD indication=CELL_FDD",Reliable,482.075,39.167
2026-04-10 06:00,60,"SD_SD_ZARACAY_UL/Cell:eNodeB Function Name=SD_SD_ZARACAYL21, Local Cell ID=1, Cell Name=SD_SD_ZARACAY_1, eNodeB ID=44781, Cell FDD TDD indication=CELL_FDD",Reliable,340.333,74.013
2026-04-10 06:00,60,"SD_SD_ZARACAY_UL/Cell:eNodeB Function Name=SD_SD_ZARACAYL21, Local Cell ID=2, Cell Name=SD_SD_ZARACAY_2, eNodeB ID=44781, Cell FDD TDD indication=CELL_FDD",Reliable,139.881,19.894
2026-04-10 06:00,60,"SD_SD_ZARACAY_UL/Cell:eNodeB Function Name=SD_SD_ZARACAYL21, Local Cell ID=3, Cell Name=SD_SD_ZARACAY_3, eNodeB ID=44781, Cell FDD TDD indication=CELL_FDD",Reliable,23.548,27.026
2026-04-10 06:00,60,"SD_SD_ANILLO_VIAL_UL/Cell:eNodeB Function Name=SD_SD_ANILLO_VIALL21, Local Cell ID=1, Cell Name=SD_SD_ANILLO_VIAL_1, eNodeB ID=44776, Cell FDD TDD indication=CELL_FDD",Reliable,181.404,35.81
2026-04-10 06:00,60,"SD_SD_ANILLO_VIAL_UL/Cell:eNodeB Function Name=SD_SD_ANILLO_VIALL21, Local Cell ID=2, Cell Name=SD_SD_ANILLO_VIAL_2, eNodeB ID=44776, Cell FDD TDD indication=CELL_FDD",Reliable,64.994,21.745
2026-04-10 06:00,60,"SD_SD_ANILLO_VIAL_UL/Cell:eNodeB Function Name=SD_SD_ANILLO_VIALL21, Local Cell ID=3, Cell Name=SD_SD_ANILLO_VIAL_3, eNodeB ID=44776, Cell FDD TDD indication=CELL_FDD",Reliable,66.031,11.968
2026-04-10 06:00,60,"PIC_UIO_LA_GRANJA_ULN/Cell:eNodeB Function Name=PI_UIO_LA_GRANJAL21, Local Cell ID=1, Cell Name=PI_UIO_LA_GRANJA_1, eNodeB ID=44141, Cell FDD TDD indication=CELL_FDD",Reliable,360.313,27.312
2026-04-10 06:00,60,"PIC_UIO_LA_GRANJA_ULN/Cell:eNodeB Function Name=PI_UIO_LA_GRANJAL21, Local Cell ID=2, Cell Name=PI_UIO_LA_GRANJA_2, eNodeB ID=44141, Cell FDD TDD indication=CELL_FDD",Reliable,1937.268,380.059
2026-04-10 06:00,60,"PI_UIO_TERMINAL_QUITUMBE_UL/Cell:eNodeB Function Name=PIC_UIO_TERMINAL_QUITUMBE_L, Local Cell ID=1, Cell Name=PIC_UIO_TERMINAL_QUITUMBE_L21_1, eNodeB ID=44190, Cell FDD TDD indication=CELL_FDD",Reliable,3414.778,467.636
2026-04-10 06:00,60,"PI_UIO_TERMINAL_QUITUMBE_UL/Cell:eNodeB Function Name=PIC_UIO_TERMINAL_QUITUMBE_L, Local Cell ID=2, Cell Name=PIC_UIO_TERMINAL_QUITUMBE_L21_2, eNodeB ID=44190, Cell FDD TDD indication=CELL_FDD",Reliable,2428.6,197.133
2026-04-10 06:00,60,"PI_UIO_TERMINAL_QUITUMBE_UL/Cell:eNodeB Function Name=PIC_UIO_TERMINAL_QUITUMBE_L, Local Cell ID=3, Cell Name=PIC_UIO_TERMINAL_QUITUMBE_L21_3, eNodeB ID=44190, Cell FDD TDD indication=CELL_FDD",Reliable,5133.735,433.595
2026-04-10 06:00,60,"PI_UIO_TERMINAL_QUITUMBE_UL/Cell:eNodeB Function Name=PIC_UIO_TERMINAL_QUITUMBE_L, Local Cell ID=13, Cell Name=PIC_UIO_TERMINAL_QUITUMBE_L19_13, eNodeB ID=44190, Cell FDD TDD indication=CELL_FDD",Reliable,290.166,29.301
2026-04-10 06:00,60,"PI_UIO_TERMINAL_QUITUMBE_UL/Cell:eNodeB Function Name=PIC_UIO_TERMINAL_QUITUMBE_L, Local Cell ID=11, Cell Name=PIC_UIO_TERMINAL_QUITUMBE_L19_11, eNodeB ID=44190, Cell FDD TDD indication=CELL_FDD",Reliable,113.76,18.374
2026-04-10 06:00,60,"PI_UIO_TERMINAL_QUITUMBE_UL/Cell:eNodeB Function Name=PIC_UIO_TERMINAL_QUITUMBE_L, Local Cell ID=12, Cell Name=PIC_UIO_TERMINAL_QUITUMBE_L19_12, eNodeB ID=44190, Cell FDD TDD indication=CELL_FDD",Reliable,246.524,32.491
2026-04-10 06:00,60,"PI_UIO_SAN_BARTOLO_UL/Cell:eNodeB Function Name=PIC_UIO_SAN_BARTOLO_L, Local Cell ID=1, Cell Name=PIC_UIO_SAN_BARTOLO_L21_1, eNodeB ID=44052, Cell FDD TDD indication=CELL_FDD",Reliable,2387.478,660.849
2026-04-10 06:00,60,"PI_UIO_SAN_BARTOLO_UL/Cell:eNodeB Function Name=PIC_UIO_SAN_BARTOLO_L, Local Cell ID=2, Cell Name=PIC_UIO_SAN_BARTOLO_L21_2, eNodeB ID=44052, Cell FDD TDD indication=CELL_FDD",Reliable,501.127,159.322
2026-04-10 06:00,60,"PI_UIO_SAN_BARTOLO_UL/Cell:eNodeB Function Name=PIC_UIO_SAN_BARTOLO_L, Local Cell ID=3, Cell Name=PIC_UIO_SAN_BARTOLO_L21_3, eNodeB ID=44052, Cell FDD TDD indication=CELL_FDD",Reliable,3318.722,491.289
2026-04-10 06:00,60,"PI_UIO_SAN_BARTOLO_UL/Cell:eNodeB Function Name=PIC_UIO_SAN_BARTOLO_L, Local Cell ID=11, Cell Name=PIC_UIO_SAN_BARTOLO_L19_11, eNodeB ID=44052, Cell FDD TDD indication=CELL_FDD",Reliable,1231.082,88.006
2026-04-10 06:00,60,"PI_UIO_SAN_BARTOLO_UL/Cell:eNodeB Function Name=PIC_UIO_SAN_BARTOLO_L, Local Cell ID=12, Cell Name=PIC_UIO_SAN_BARTOLO_L19_12, eNodeB ID=44052, Cell FDD TDD indication=CELL_FDD",Reliable,192.03,22.605
2026-04-10 06:00,60,"PI_UIO_SAN_BARTOLO_UL/Cell:eNodeB Function Name=PIC_UIO_SAN_BARTOLO_L, Local Cell ID=13, Cell Name=PIC_UIO_SAN_BARTOLO_L19_13, eNodeB ID=44052, Cell FDD TDD indication=CELL_FDD",Reliable,450.341,197.665
2026-04-10 06:00,60,"PI_UIO_EL_CAMAL_UL/Cell:eNodeB Function Name=PI_UIO_EL_CAMALL21, Local Cell ID=1, Cell Name=PI_UIO_EL_CAMAL_1, eNodeB ID=44026, Cell FDD TDD indication=CELL_FDD",Reliable,2358.041,211.886
2026-04-10 06:00,60,"PI_UIO_EL_CAMAL_UL/Cell:eNodeB Function Name=PI_UIO_EL_CAMALL21, Local Cell ID=2, Cell Name=PI_UIO_EL_CAMAL_2, eNodeB ID=44026, Cell FDD TDD indication=CELL_FDD",Reliable,1462.445,119.483
2026-04-10 06:00,60,"PI_UIO_EL_CAMAL_UL/Cell:eNodeB Function Name=PI_UIO_EL_CAMALL21, Local Cell ID=3, Cell Name=PI_UIO_EL_CAMAL_3, eNodeB ID=44026, Cell FDD TDD indication=CELL_FDD",Reliable,172.81,14.128
2026-04-10 06:00,60,"PI_UIO_EL_CAMAL_UL/Cell:eNodeB Function Name=PI_UIO_EL_CAMALL21, Local Cell ID=7, Cell Name=PI_UIO_EL_CAMAL_APT_7, eNodeB ID=44026, Cell FDD TDD indication=CELL_FDD",Reliable,779.819,287.802
2026-04-10 06:00,60,"PI_UIO_EL_CAMAL_UL/Cell:eNodeB Function Name=PI_UIO_EL_CAMALL21, Local Cell ID=8, Cell Name=PI_UIO_EL_CAMAL_APT_8, eNodeB ID=44026, Cell FDD TDD indication=CELL_FDD",Reliable,741.289,72.291
2026-04-10 06:00,60,"PI_UIO_EL_CAMAL_UL/Cell:eNodeB Function Name=PI_UIO_EL_CAMALL21, Local Cell ID=9, Cell Name=PI_UIO_EL_CAMAL_APT_9, eNodeB ID=44026, Cell FDD TDD indication=CELL_FDD",Reliable,1724.42,217.207
2026-04-10 06:00,60,"TU_BAN_BANOS_UL/Cell:eNodeB Function Name=TUN_BAN_BANOS_L, Local Cell ID=1, Cell Name=TU_BAN_BANOS_1, eNodeB ID=44500, Cell FDD TDD indication=CELL_FDD",Reliable,4507.694,430.031
2026-04-10 06:00,60,"TU_BAN_BANOS_UL/Cell:eNodeB Function Name=TUN_BAN_BANOS_L, Local Cell ID=2, Cell Name=TU_BAN_BANOS_2, eNodeB ID=44500, Cell FDD TDD indication=CELL_FDD",Reliable,5067.336,341.956
2026-04-10 06:00,60,"TU_BAN_BANOS_UL/Cell:eNodeB Function Name=TUN_BAN_BANOS_L, Local Cell ID=3, Cell Name=TU_BAN_BANOS_3, eNodeB ID=44500, Cell FDD TDD indication=CELL_FDD",Reliable,4594.881,415.798
2026-04-10 06:00,60,"PI_UIO_PLAYA_CHICA_UL/Cell:eNodeB Function Name=PI_UIO_PLAYA_CHICAL21, Local Cell ID=1, Cell Name=PIC_UIO_PLAYA_CHICA_L21_1, eNodeB ID=44231, Cell FDD TDD indication=CELL_FDD",Reliable,342.686,29.451
2026-04-10 06:00,60,"PI_UIO_PLAYA_CHICA_UL/Cell:eNodeB Function Name=PI_UIO_PLAYA_CHICAL21, Local Cell ID=2, Cell Name=PIC_UIO_PLAYA_CHICA_L21_2, eNodeB ID=44231, Cell FDD TDD indication=CELL_FDD",Reliable,256.776,34.708
2026-04-10 06:00,60,"PI_UIO_PLAYA_CHICA_UL/Cell:eNodeB Function Name=PI_UIO_PLAYA_CHICAL21, Local Cell ID=3, Cell Name=PIC_UIO_PLAYA_CHICA_L21_3, eNodeB ID=44231, Cell FDD TDD indication=CELL_FDD",Reliable,540.915,29.957
2026-04-10 06:00,60,"TU_AMB_SEYMOUR_UL/Cell:eNodeB Function Name=TU_AMB_SEYMOURL21, Local Cell ID=1, Cell Name=TU_AMB_SEYMOUR_1, eNodeB ID=44468, Cell FDD TDD indication=CELL_FDD",Reliable,133.839,16.214
2026-04-10 06:00,60,"TU_AMB_SEYMOUR_UL/Cell:eNodeB Function Name=TU_AMB_SEYMOURL21, Local Cell ID=2, Cell Name=TU_AMB_SEYMOUR_2, eNodeB ID=44468, Cell FDD TDD indication=CELL_FDD",Reliable,213.863,21.295
2026-04-10 06:00,60,"TU_AMB_SEYMOUR_UL/Cell:eNodeB Function Name=TU_AMB_SEYMOURL21, Local Cell ID=3, Cell Name=TU_AMB_SEYMOUR_3, eNodeB ID=44468, Cell FDD TDD indication=CELL_FDD",Reliable,496.954,52.588
2026-04-10 06:00,60,"TU_AMB_INGAHURCO_UL/Cell:eNodeB Function Name=TU_AMB_INGAHURCOL21, Local Cell ID=1, Cell Name=TU_AMB_INGAHURCO_1, eNodeB ID=44475, Cell FDD TDD indication=CELL_FDD",Reliable,1683.073,249.518
2026-04-10 06:00,60,"TU_AMB_INGAHURCO_UL/Cell:eNodeB Function Name=TU_AMB_INGAHURCOL21, Local Cell ID=2, Cell Name=TU_AMB_INGAHURCO_2, eNodeB ID=44475, Cell FDD TDD indication=CELL_FDD",Reliable,561.271,48.442
2026-04-10 06:00,60,"TU_AMB_INGAHURCO_UL/Cell:eNodeB Function Name=TU_AMB_INGAHURCOL21, Local Cell ID=3, Cell Name=TU_AMB_INGAHURCO_3, eNodeB ID=44475, Cell FDD TDD indication=CELL_FDD",Reliable,3878.013,305.965
2026-04-10 06:00,60,"PI_UIO_FISCALIA_GENERAL_UL/Cell:eNodeB Function Name=PI_UIO_FISCALIA_GENERALL21, Local Cell ID=1, Cell Name=PI_UIO_FISCALIA_GENERAL_1, eNodeB ID=44263, Cell FDD TDD indication=CELL_FDD",Reliable,868.092,112.367
2026-04-10 06:00,60,"PI_UIO_FISCALIA_GENERAL_UL/Cell:eNodeB Function Name=PI_UIO_FISCALIA_GENERALL21, Local Cell ID=2, Cell Name=PI_UIO_FISCALIA_GENERAL_2, eNodeB ID=44263, Cell FDD TDD indication=CELL_FDD",Reliable,1142.348,104.608
2026-04-10 06:00,60,"PI_UIO_FISCALIA_GENERAL_UL/Cell:eNodeB Function Name=PI_UIO_FISCALIA_GENERALL21, Local Cell ID=3, Cell Name=PI_UIO_FISCALIA_GENERAL_3, eNodeB ID=44263, Cell FDD TDD indication=CELL_FDD",Reliable,280.529,23.043
2026-04-10 06:00,60,"PI_UIO_FISCALIA_GENERAL_UL/Cell:eNodeB Function Name=PI_UIO_FISCALIA_GENERALL21, Local Cell ID=11, Cell Name=PI_UIO_FISCALIA_GENERAL_11, eNodeB ID=44263, Cell FDD TDD indication=CELL_FDD",Reliable,78.494,6.186
2026-04-10 06:00,60,"PI_UIO_FISCALIA_GENERAL_UL/Cell:eNodeB Function Name=PI_UIO_FISCALIA_GENERALL21, Local Cell ID=12, Cell Name=PI_UIO_FISCALIA_GENERAL_12, eNodeB ID=44263, Cell FDD TDD indication=CELL_FDD",Reliable,75.75,5.902
2026-04-10 06:00,60,"PI_UIO_FISCALIA_GENERAL_UL/Cell:eNodeB Function Name=PI_UIO_FISCALIA_GENERALL21, Local Cell ID=13, Cell Name=PI_UIO_FISCALIA_GENERAL_13, eNodeB ID=44263, Cell FDD TDD indication=CELL_FDD",Reliable,43.2,2.538
2026-04-10 06:00,60,"SD_SD_SUR_UL/Cell:eNodeB Function Name=SD_SD_SURL21, Local Cell ID=1, Cell Name=SD_SD_SUR_1, eNodeB ID=44765, Cell FDD TDD indication=CELL_FDD",Reliable,193.636,41.159
2026-04-10 06:00,60,"SD_SD_SUR_UL/Cell:eNodeB Function Name=SD_SD_SURL21, Local Cell ID=2, Cell Name=SD_SD_SUR_2, eNodeB ID=44765, Cell FDD TDD indication=CELL_FDD",Reliable,475.139,30.041
2026-04-10 06:00,60,"SD_SD_SUR_UL/Cell:eNodeB Function Name=SD_SD_SURL21, Local Cell ID=3, Cell Name=SD_SD_SUR_3, eNodeB ID=44765, Cell FDD TDD indication=CELL_FDD",Reliable,510.982,107.453
2026-04-10 06:00,60,"SD_SD_SUR_UL/Cell:eNodeB Function Name=SD_SD_SURL21, Local Cell ID=7, Cell Name=SD_SD_SUR_APT_7, eNodeB ID=44765, Cell FDD TDD indication=CELL_FDD",Reliable,607.904,175.946
2026-04-10 06:00,60,"SD_SD_SUR_UL/Cell:eNodeB Function Name=SD_SD_SURL21, Local Cell ID=8, Cell Name=SD_SD_SUR_APT_8, eNodeB ID=44765, Cell FDD TDD indication=CELL_FDD",Reliable,53.153,42.15
2026-04-10 06:00,60,"SD_SD_SUR_UL/Cell:eNodeB Function Name=SD_SD_SURL21, Local Cell ID=9, Cell Name=SD_SD_SUR_APT_9, eNodeB ID=44765, Cell FDD TDD indication=CELL_FDD",Reliable,451.137,111.702
2026-04-10 06:00,60,"SD_SD_ESTE_UL/Cell:eNodeB Function Name=SD_SD_ESTEL21, Local Cell ID=1, Cell Name=SD_SD_ESTE_1, eNodeB ID=44764, Cell FDD TDD indication=CELL_FDD",Reliable,600.568,63.948
2026-04-10 06:00,60,"SD_SD_ESTE_UL/Cell:eNodeB Function Name=SD_SD_ESTEL21, Local Cell ID=2, Cell Name=SD_SD_ESTE_2, eNodeB ID=44764, Cell FDD TDD indication=CELL_FDD",Reliable,793.449,59.133
2026-04-10 06:00,60,"SD_SD_ESTE_UL/Cell:eNodeB Function Name=SD_SD_ESTEL21, Local Cell ID=3, Cell Name=SD_SD_ESTE_3, eNodeB ID=44764, Cell FDD TDD indication=CELL_FDD",Reliable,857.943,116.024
2026-04-10 06:00,60,"TU_AMB_CASHAPAMBA_UL/Cell:eNodeB Function Name=TU_AMB_CASHAPAMBAL21, Local Cell ID=1, Cell Name=TU_AMB_CASHAPAMBA_1, eNodeB ID=44476, Cell FDD TDD indication=CELL_FDD",Reliable,2784.828,936.414
2026-04-10 06:00,60,"TU_AMB_CASHAPAMBA_UL/Cell:eNodeB Function Name=TU_AMB_CASHAPAMBAL21, Local Cell ID=2, Cell Name=TU_AMB_CASHAPAMBA_2, eNodeB ID=44476, Cell FDD TDD indication=CELL_FDD",Reliable,1645.846,172.971
2026-04-10 06:00,60,"TU_AMB_CASHAPAMBA_UL/Cell:eNodeB Function Name=TU_AMB_CASHAPAMBAL21, Local Cell ID=3, Cell Name=TU_AMB_CASHAPAMBA_3, eNodeB ID=44476, Cell FDD TDD indication=CELL_FDD",Reliable,968.536,111.354
2026-04-10 06:00,60,"PI_UIO_NODO_4_INAQUITO_MONTESERRIN_UL/Cell:eNodeB Function Name=PI_UIO_NODO_4_INAQUITO_MONTESERRINL21, Local Cell ID=1, Cell Name=PI_UIO_NODO_4_INAQUITO_MONTESERRIN_1, eNodeB ID=44326, Cell FDD TDD indication=CELL_FDD",Reliable,406.942,68.743
2026-04-10 06:00,60,"PI_UIO_NODO_4_INAQUITO_MONTESERRIN_UL/Cell:eNodeB Function Name=PI_UIO_NODO_4_INAQUITO_MONTESERRINL21, Local Cell ID=2, Cell Name=PI_UIO_NODO_4_INAQUITO_MONTESERRIN_2, eNodeB ID=44326, Cell FDD TDD indication=CELL_FDD",Reliable,1727.846,153.216
2026-04-10 06:00,60,"PI_UIO_NODO_4_INAQUITO_MONTESERRIN_UL/Cell:eNodeB Function Name=PI_UIO_NODO_4_INAQUITO_MONTESERRINL21, Local Cell ID=3, Cell Name=PI_UIO_NODO_4_INAQUITO_MONTESERRIN_3, eNodeB ID=44326, Cell FDD TDD indication=CELL_FDD",Reliable,67.269,6.665
2026-04-10 06:00,60,"PIC_UIO_PLAZA_ARTIGAS_ULN/Cell:eNodeB Function Name=PIC_UIO_PLAZA_ARTIGAS_L, Local Cell ID=1, Cell Name=PI_UIO_PLAZA_ARTIGAS_1, eNodeB ID=44639, Cell FDD TDD indication=CELL_FDD",Reliable,537.114,64.131
2026-04-10 06:00,60,"PIC_UIO_PLAZA_ARTIGAS_ULN/Cell:eNodeB Function Name=PIC_UIO_PLAZA_ARTIGAS_L, Local Cell ID=2, Cell Name=PI_UIO_PLAZA_ARTIGAS_2, eNodeB ID=44639, Cell FDD TDD indication=CELL_FDD",Reliable,434.296,30.667
2026-04-10 06:00,60,"PIC_UIO_PLAZA_ARTIGAS_ULN/Cell:eNodeB Function Name=PIC_UIO_PLAZA_ARTIGAS_L, Local Cell ID=3, Cell Name=PI_UIO_PLAZA_ARTIGAS_3, eNodeB ID=44639, Cell FDD TDD indication=CELL_FDD",Reliable,1466.929,351.195
2026-04-10 06:00,60,"PIC_UIO_PLAZA_ARTIGAS_ULN/Cell:eNodeB Function Name=PIC_UIO_PLAZA_ARTIGAS_L, Local Cell ID=11, Cell Name=PI_UIO_PLAZA_ARTIGAS_11, eNodeB ID=44639, Cell FDD TDD indication=CELL_FDD",Reliable,12.242,15.423
2026-04-10 06:00,60,"PIC_UIO_PLAZA_ARTIGAS_ULN/Cell:eNodeB Function Name=PIC_UIO_PLAZA_ARTIGAS_L, Local Cell ID=12, Cell Name=PI_UIO_PLAZA_ARTIGAS_12, eNodeB ID=44639, Cell FDD TDD indication=CELL_FDD",Reliable,29.086,18.773
2026-04-10 06:00,60,"PIC_UIO_PLAZA_ARTIGAS_ULN/Cell:eNodeB Function Name=PIC_UIO_PLAZA_ARTIGAS_L, Local Cell ID=13, Cell Name=PI_UIO_PLAZA_ARTIGAS_13, eNodeB ID=44639, Cell FDD TDD indication=CELL_FDD",Reliable,51.776,6.314
2026-04-10 06:00,60,"SD_SD_VIA_QUEVEDO_UL/Cell:eNodeB Function Name=SD_SD_VIA_QUEVEDOL21, Local Cell ID=1, Cell Name=SD_SD_VIA_QUEVEDO_1, eNodeB ID=44777, Cell FDD TDD indication=CELL_FDD",Reliable,471,49.39
2026-04-10 06:00,60,"SD_SD_VIA_QUEVEDO_UL/Cell:eNodeB Function Name=SD_SD_VIA_QUEVEDOL21, Local Cell ID=2, Cell Name=SD_SD_VIA_QUEVEDO_2, eNodeB ID=44777, Cell FDD TDD indication=CELL_FDD",Reliable,312.792,61.294
2026-04-10 06:00,60,"SD_SD_VIA_QUEVEDO_UL/Cell:eNodeB Function Name=SD_SD_VIA_QUEVEDOL21, Local Cell ID=3, Cell Name=SD_SD_VIA_QUEVEDO_3, eNodeB ID=44777, Cell FDD TDD indication=CELL_FDD",Reliable,309.282,45.346
2026-04-10 06:00,60,"PIC_UIO_EL_INCA_UL/Cell:eNodeB Function Name=PIC_UIO_EL_INCA_L, Local Cell ID=1, Cell Name=PI_UIO_EL_INCA_1, eNodeB ID=44118, Cell FDD TDD indication=CELL_FDD",Reliable,1193.76,133.281
2026-04-10 06:00,60,"PIC_UIO_EL_INCA_UL/Cell:eNodeB Function Name=PIC_UIO_EL_INCA_L, Local Cell ID=2, Cell Name=PI_UIO_EL_INCA_2, eNodeB ID=44118, Cell FDD TDD indication=CELL_FDD",Reliable,748.542,73.198
2026-04-10 06:00,60,"PIC_UIO_EL_INCA_UL/Cell:eNodeB Function Name=PIC_UIO_EL_INCA_L, Local Cell ID=3, Cell Name=PI_UIO_EL_INCA_3, eNodeB ID=44118, Cell FDD TDD indication=CELL_FDD",Reliable,491.651,36.889
2026-04-10 06:00,60,"PI_UIO_CENTRO_COMERCIAL_ELBOSQUE_UL/Cell:eNodeB Function Name=PI_UIO_CENTRO_COMERCIAL_ELBOSQUEL21, Local Cell ID=1, Cell Name=PI_UIO_CENTRO_COMERCIAL_ELBOSQUE_1, eNodeB ID=44946, Cell FDD TDD indication=CELL_FDD",Reliable,0.033,0.028
2026-04-10 06:00,60,"PI_UIO_CENTRO_COMERCIAL_ELBOSQUE_UL/Cell:eNodeB Function Name=PI_UIO_CENTRO_COMERCIAL_ELBOSQUEL21, Local Cell ID=2, Cell Name=PI_UIO_CENTRO_COMERCIAL_ELBOSQUE_2, eNodeB ID=44946, Cell FDD TDD indication=CELL_FDD",Reliable,0.03,0.008
2026-04-10 06:00,60,"PI_UIO_MONTESERRIN_BAJO_UL/Cell:eNodeB Function Name=PI_UIO_MONTESERRIN_BAJOL21, Local Cell ID=1, Cell Name=PI_UIO_MONTESERRIN_BAJO_1, eNodeB ID=44255, Cell FDD TDD indication=CELL_FDD",Reliable,250.279,39.856
2026-04-10 06:00,60,"PI_UIO_MONTESERRIN_BAJO_UL/Cell:eNodeB Function Name=PI_UIO_MONTESERRIN_BAJOL21, Local Cell ID=2, Cell Name=PI_UIO_MONTESERRIN_BAJO_2, eNodeB ID=44255, Cell FDD TDD indication=CELL_FDD",Reliable,181.771,19.874
2026-04-10 06:00,60,"PI_UIO_PONCEANO_UL/Cell:eNodeB Function Name=PI_UIO_PONCEANOL21, Local Cell ID=1, Cell Name=PI_UIO_PONCEANO_1, eNodeB ID=44303, Cell FDD TDD indication=CELL_FDD",Reliable,42.844,5.896
2026-04-10 06:00,60,"PI_UIO_PONCEANO_UL/Cell:eNodeB Function Name=PI_UIO_PONCEANOL21, Local Cell ID=2, Cell Name=PI_UIO_PONCEANO_2, eNodeB ID=44303, Cell FDD TDD indication=CELL_FDD",Reliable,22.055,2.15
2026-04-10 06:00,60,"PI_UIO_PONCEANO_UL/Cell:eNodeB Function Name=PI_UIO_PONCEANOL21, Local Cell ID=3, Cell Name=PI_UIO_PONCEANO_3, eNodeB ID=44303, Cell FDD TDD indication=CELL_FDD",Reliable,1058.807,145.571
2026-04-10 06:00,60,"PI_UIO_LA_INMACULADA_UL/Cell:eNodeB Function Name=PI_UIO_LA_INMACULADAL21, Local Cell ID=1, Cell Name=PI_UIO_LA_INMACULADA_1, eNodeB ID=44262, Cell FDD TDD indication=CELL_FDD",Reliable,780.684,177.034
2026-04-10 06:00,60,"PI_UIO_LA_INMACULADA_UL/Cell:eNodeB Function Name=PI_UIO_LA_INMACULADAL21, Local Cell ID=2, Cell Name=PI_UIO_LA_INMACULADA_2, eNodeB ID=44262, Cell FDD TDD indication=CELL_FDD",Reliable,1858.4,157.668
2026-04-10 06:00,60,"PIC_UIO_ECHEVERRIA_ULN/Cell:eNodeB Function Name=PI_UIO_ECHEVERRIAL21, Local Cell ID=1, Cell Name=PI_UIO_ECHEVERRIA_1, eNodeB ID=44213, Cell FDD TDD indication=CELL_FDD",Reliable,169.168,18.93
2026-04-10 06:00,60,"PIC_UIO_ECHEVERRIA_ULN/Cell:eNodeB Function Name=PI_UIO_ECHEVERRIAL21, Local Cell ID=2, Cell Name=PI_UIO_ECHEVERRIA_2, eNodeB ID=44213, Cell FDD TDD indication=CELL_FDD",Reliable,482.293,42.405
2026-04-10 06:00,60,"PI_UIO_USHIMANA_UL/Cell:eNodeB Function Name=PIC_UIO_USHIMANA_L, Local Cell ID=1, Cell Name=PIC_UIO_USHIMANA_L21_1, eNodeB ID=44371, Cell FDD TDD indication=CELL_FDD",Reliable,504.437,35.849
2026-04-10 06:00,60,"PI_UIO_USHIMANA_UL/Cell:eNodeB Function Name=PIC_UIO_USHIMANA_L, Local Cell ID=2, Cell Name=PIC_UIO_USHIMANA_L21_2, eNodeB ID=44371, Cell FDD TDD indication=CELL_FDD",Reliable,1388.816,134.905
2026-04-10 06:00,60,"PI_UIO_USHIMANA_UL/Cell:eNodeB Function Name=PIC_UIO_USHIMANA_L, Local Cell ID=3, Cell Name=PIC_UIO_USHIMANA_L21_3, eNodeB ID=44371, Cell FDD TDD indication=CELL_FDD",Reliable,1530.143,57.396
2026-04-10 06:00,60,"PI_UIO_RAFAEL_RAMOS_UL/Cell:eNodeB Function Name=PI_UIO_RAFAEL_RAMOS_L, Local Cell ID=1, Cell Name=PI_UIO_RAFAEL_RAMOS_1, eNodeB ID=44382, Cell FDD TDD indication=CELL_FDD",Reliable,1666.69,172.882
2026-04-10 06:00,60,"PI_UIO_RAFAEL_RAMOS_UL/Cell:eNodeB Function Name=PI_UIO_RAFAEL_RAMOS_L, Local Cell ID=2, Cell Name=PI_UIO_RAFAEL_RAMOS_2, eNodeB ID=44382, Cell FDD TDD indication=CELL_FDD",Reliable,307.703,22.662
2026-04-10 06:00,60,"PI_UIO_RAFAEL_RAMOS_UL/Cell:eNodeB Function Name=PI_UIO_RAFAEL_RAMOS_L, Local Cell ID=3, Cell Name=PI_UIO_RAFAEL_RAMOS_3, eNodeB ID=44382, Cell FDD TDD indication=CELL_FDD",Reliable,768.424,112.546
2026-04-10 06:00,60,"PI_UIO_RAFAEL_RAMOS_UL/Cell:eNodeB Function Name=PI_UIO_RAFAEL_RAMOS_L, Local Cell ID=11, Cell Name=PI_UIO_RAFAEL_RAMOS_11, eNodeB ID=44382, Cell FDD TDD indication=CELL_FDD",Reliable,637.854,60.68
2026-04-10 06:00,60,"PI_UIO_RAFAEL_RAMOS_UL/Cell:eNodeB Function Name=PI_UIO_RAFAEL_RAMOS_L, Local Cell ID=12, Cell Name=PI_UIO_RAFAEL_RAMOS_12, eNodeB ID=44382, Cell FDD TDD indication=CELL_FDD",Reliable,119.581,3.766
2026-04-10 06:00,60,"PI_UIO_RAFAEL_RAMOS_UL/Cell:eNodeB Function Name=PI_UIO_RAFAEL_RAMOS_L, Local Cell ID=13, Cell Name=PI_UIO_RAFAEL_RAMOS_13, eNodeB ID=44382, Cell FDD TDD indication=CELL_FDD",Reliable,20.912,4.968
2026-04-10 06:00,60,"PI_UIO_MOSQUERA_UL/Cell:eNodeB Function Name=PIC_UIO_MOSQUERA_L, Local Cell ID=1, Cell Name=PIC_UIO_MOSQUERA_L21_1, eNodeB ID=44323, Cell FDD TDD indication=CELL_FDD",Reliable,1273.434,149.134
2026-04-10 06:00,60,"PI_UIO_MOSQUERA_UL/Cell:eNodeB Function Name=PIC_UIO_MOSQUERA_L, Local Cell ID=2, Cell Name=PIC_UIO_MOSQUERA_L21_2, eNodeB ID=44323, Cell FDD TDD indication=CELL_FDD",Reliable,467.027,39.168
2026-04-10 06:00,60,"PI_UIO_ASAMBLEA_NACIONAL_UL/Cell:eNodeB Function Name=PI_UIO_ASAMBLEA_NACIONALL21, Local Cell ID=1, Cell Name=PI_UIO_ASAMBLEA_NACIONAL_1, eNodeB ID=44942, Cell FDD TDD indication=CELL_FDD",Reliable,3.268,0.493
2026-04-10 06:00,60,"PI_UIO_ASAMBLEA_NACIONAL_UL/Cell:eNodeB Function Name=PI_UIO_ASAMBLEA_NACIONALL21, Local Cell ID=2, Cell Name=PI_UIO_ASAMBLEA_NACIONAL_2, eNodeB ID=44942, Cell FDD TDD indication=CELL_FDD",Reliable,0.736,0.672
2026-04-10 06:00,60,"PI_UIO_JQUERI_UL/Cell:eNodeB Function Name=PI_UIO_JQUERIL21, Local Cell ID=1, Cell Name=PI_UIO_JQUERI_1, eNodeB ID=44318, Cell FDD TDD indication=CELL_FDD",Reliable,869.561,69.472
2026-04-10 06:00,60,"PI_UIO_JQUERI_UL/Cell:eNodeB Function Name=PI_UIO_JQUERIL21, Local Cell ID=2, Cell Name=PI_UIO_JQUERI_2, eNodeB ID=44318, Cell FDD TDD indication=CELL_FDD",Reliable,1045.573,132.648
2026-04-10 06:00,60,"PI_UIO_JQUERI_UL/Cell:eNodeB Function Name=PI_UIO_JQUERIL21, Local Cell ID=7, Cell Name=PI_UIO_JQUERI_APT_7, eNodeB ID=44318, Cell FDD TDD indication=CELL_FDD",Reliable,515.111,29.435
2026-04-10 06:00,60,"PI_UIO_JQUERI_UL/Cell:eNodeB Function Name=PI_UIO_JQUERIL21, Local Cell ID=8, Cell Name=PI_UIO_JQUERI_APT_8, eNodeB ID=44318, Cell FDD TDD indication=CELL_FDD",Reliable,472.187,47.362
2026-04-10 06:00,60,"PIC_UIO_MINISTERIO_FINANZAS_ULN/Cell:eNodeB Function Name=PI_UIO_MINISTERIO_FINANZASL21, Local Cell ID=1, Cell Name=PI_UIO_MINISTERIO_FINANZAS_1, eNodeB ID=44227, Cell FDD TDD indication=CELL_FDD",Reliable,622.14,55.631
2026-04-10 06:00,60,"PIC_UIO_MINISTERIO_FINANZAS_ULN/Cell:eNodeB Function Name=PI_UIO_MINISTERIO_FINANZASL21, Local Cell ID=2, Cell Name=PI_UIO_MINISTERIO_FINANZAS_2, eNodeB ID=44227, Cell FDD TDD indication=CELL_FDD",Reliable,491.658,40.542
2026-04-10 06:00,60,"PIC_UIO_MINISTERIO_FINANZAS_ULN/Cell:eNodeB Function Name=PI_UIO_MINISTERIO_FINANZASL21, Local Cell ID=3, Cell Name=PI_UIO_MINISTERIO_FINANZAS_3, eNodeB ID=44227, Cell FDD TDD indication=CELL_FDD",Reliable,1019.799,116.568
2026-04-10 06:00,60,"PI_UIO_ESTACION_NORTE_UL/Cell:eNodeB Function Name=PI_UIO_ESTACION_NORTE_L, Local Cell ID=1, Cell Name=PI_UIO_ESTACION_NORTE_1, eNodeB ID=44317, Cell FDD TDD indication=CELL_FDD",Reliable,850.014,90.445
2026-04-10 06:00,60,"PI_UIO_ESTACION_NORTE_UL/Cell:eNodeB Function Name=PI_UIO_ESTACION_NORTE_L, Local Cell ID=2, Cell Name=PI_UIO_ESTACION_NORTE_2, eNodeB ID=44317, Cell FDD TDD indication=CELL_FDD",Reliable,200.795,31.941
2026-04-10 06:00,60,"PI_UIO_ESTACION_NORTE_UL/Cell:eNodeB Function Name=PI_UIO_ESTACION_NORTE_L, Local Cell ID=3, Cell Name=PI_UIO_ESTACION_NORTE_3, eNodeB ID=44317, Cell FDD TDD indication=CELL_FDD",Reliable,467.783,44.643
2026-04-10 06:00,60,"PI_UIO_ESTACION_NORTE_UL/Cell:eNodeB Function Name=PI_UIO_ESTACION_NORTE_L, Local Cell ID=11, Cell Name=PI_UIO_ESTACION_NORTE_11, eNodeB ID=44317, Cell FDD TDD indication=CELL_FDD",Reliable,133.458,7.631
2026-04-10 06:00,60,"PI_UIO_ESTACION_NORTE_UL/Cell:eNodeB Function Name=PI_UIO_ESTACION_NORTE_L, Local Cell ID=12, Cell Name=PI_UIO_ESTACION_NORTE_12, eNodeB ID=44317, Cell FDD TDD indication=CELL_FDD",Reliable,2.92,0.727
2026-04-10 06:00,60,"PI_UIO_ESTACION_NORTE_UL/Cell:eNodeB Function Name=PI_UIO_ESTACION_NORTE_L, Local Cell ID=13, Cell Name=PI_UIO_ESTACION_NORTE_13, eNodeB ID=44317, Cell FDD TDD indication=CELL_FDD",Reliable,203.606,12.056
2026-04-10 06:00,60,"PI_UIO_EL_CARMELO_UL/Cell:eNodeB Function Name=PIC_UIO_EL_CARMELO_L, Local Cell ID=1, Cell Name=PIC_UIO_EL_CARMELO_L21_1, eNodeB ID=44316, Cell FDD TDD indication=CELL_FDD",Reliable,242.885,23.194
2026-04-10 06:00,60,"PI_UIO_EL_CARMELO_UL/Cell:eNodeB Function Name=PIC_UIO_EL_CARMELO_L, Local Cell ID=2, Cell Name=PIC_UIO_EL_CARMELO_L21_2, eNodeB ID=44316, Cell FDD TDD indication=CELL_FDD",Reliable,575.935,86.788
2026-04-10 06:00,60,"PI_UIO_EL_CARMELO_UL/Cell:eNodeB Function Name=PIC_UIO_EL_CARMELO_L, Local Cell ID=3, Cell Name=PIC_UIO_EL_CARMELO_L21_3, eNodeB ID=44316, Cell FDD TDD indication=CELL_FDD",Reliable,1096.766,139.534
2026-04-10 06:00,60,"PI_UIO_EL_CARMELO_UL/Cell:eNodeB Function Name=PIC_UIO_EL_CARMELO_L, Local Cell ID=7, Cell Name=PIC_UIO_EL_CARMELO_L7_7, eNodeB ID=44316, Cell FDD TDD indication=CELL_FDD",Reliable,23.08,3.207
2026-04-10 06:00,60,"PI_UIO_EL_CARMELO_UL/Cell:eNodeB Function Name=PIC_UIO_EL_CARMELO_L, Local Cell ID=8, Cell Name=PIC_UIO_EL_CARMELO_L7_8, eNodeB ID=44316, Cell FDD TDD indication=CELL_FDD",Reliable,1002.079,98.646
2026-04-10 06:00,60,"PI_UIO_EL_CARMELO_UL/Cell:eNodeB Function Name=PIC_UIO_EL_CARMELO_L, Local Cell ID=9, Cell Name=PIC_UIO_EL_CARMELO_L7_9, eNodeB ID=44316, Cell FDD TDD indication=CELL_FDD",Reliable,1948.331,292.334
2026-04-10 06:00,60,"PI_UIO_EL_CARMELO_UL/Cell:eNodeB Function Name=PIC_UIO_EL_CARMELO_L, Local Cell ID=13, Cell Name=PIC_UIO_EL_CARMELO_L19_13, eNodeB ID=44316, Cell FDD TDD indication=CELL_FDD",Reliable,80.687,8.93
2026-04-10 06:00,60,"PI_UIO_EL_CARMELO_UL/Cell:eNodeB Function Name=PIC_UIO_EL_CARMELO_L, Local Cell ID=11, Cell Name=PIC_UIO_EL_CARMELO_L19_11, eNodeB ID=44316, Cell FDD TDD indication=CELL_FDD",Reliable,0.008,0.005
2026-04-10 06:00,60,"PI_UIO_EL_CARMELO_UL/Cell:eNodeB Function Name=PIC_UIO_EL_CARMELO_L, Local Cell ID=12, Cell Name=PIC_UIO_EL_CARMELO_L19_12, eNodeB ID=44316, Cell FDD TDD indication=CELL_FDD",Reliable,45.036,2.109
2026-04-10 06:00,60,"PI_UIO_JARDINES_DEL_BOSQUE_UL/Cell:eNodeB Function Name=PIC_UIO_JARDINES_DEL_BOSQUE_L, Local Cell ID=1, Cell Name=PIC_UIO_JARDINES_DEL_BOSQUE_L21_1, eNodeB ID=44994, Cell FDD TDD indication=CELL_FDD",Reliable,572.555,55.569
2026-04-10 06:00,60,"PI_UIO_JARDINES_DEL_BOSQUE_UL/Cell:eNodeB Function Name=PIC_UIO_JARDINES_DEL_BOSQUE_L, Local Cell ID=2, Cell Name=PIC_UIO_JARDINES_DEL_BOSQUE_L21_2, eNodeB ID=44994, Cell FDD TDD indication=CELL_FDD",Reliable,289.59,22.678
2026-04-10 06:00,60,"PI_UIO_CARDENAL_DE_LA_TORRE_UL/Cell:eNodeB Function Name=PI_UIO_CARDENAL_DE_LA_TORREL21, Local Cell ID=1, Cell Name=PIC_UIO_CARDENAL_DE_LA_TORRE_L21_1, eNodeB ID=44059, Cell FDD TDD indication=CELL_FDD",Reliable,721.139,60.195
2026-04-10 06:00,60,"PI_UIO_CARDENAL_DE_LA_TORRE_UL/Cell:eNodeB Function Name=PI_UIO_CARDENAL_DE_LA_TORREL21, Local Cell ID=2, Cell Name=PIC_UIO_CARDENAL_DE_LA_TORRE_L21_2, eNodeB ID=44059, Cell FDD TDD indication=CELL_FDD",Reliable,1087.584,68.967
2026-04-10 06:00,60,"PI_UIO_CARDENAL_DE_LA_TORRE_UL/Cell:eNodeB Function Name=PI_UIO_CARDENAL_DE_LA_TORREL21, Local Cell ID=3, Cell Name=PIC_UIO_CARDENAL_DE_LA_TORRE_L21_3, eNodeB ID=44059, Cell FDD TDD indication=CELL_FDD",Reliable,474.79,38.566
2026-04-10 06:00,60,"PIC_UIO_MTOP_ULN/Cell:eNodeB Function Name=PI_UIO_MTOP_L, Local Cell ID=1, Cell Name=PI_UIO_MTOP_1, eNodeB ID=44325, Cell FDD TDD indication=CELL_FDD",Reliable,1253.542,58.303
2026-04-10 06:00,60,"PIC_UIO_MTOP_ULN/Cell:eNodeB Function Name=PI_UIO_MTOP_L, Local Cell ID=2, Cell Name=PI_UIO_MTOP_2, eNodeB ID=44325, Cell FDD TDD indication=CELL_FDD",Reliable,278.917,23.831
2026-04-10 06:00,60,"PIC_UIO_MTOP_ULN/Cell:eNodeB Function Name=PI_UIO_MTOP_L, Local Cell ID=3, Cell Name=PI_UIO_MTOP_3, eNodeB ID=44325, Cell FDD TDD indication=CELL_FDD",Reliable,1828.141,161.797
2026-04-10 06:00,60,"PIC_UIO_MTOP_ULN/Cell:eNodeB Function Name=PI_UIO_MTOP_L, Local Cell ID=11, Cell Name=PI_UIO_MTOP_11, eNodeB ID=44325, Cell FDD TDD indication=CELL_FDD",Reliable,10.443,61.899
2026-04-10 06:00,60,"PIC_UIO_MTOP_ULN/Cell:eNodeB Function Name=PI_UIO_MTOP_L, Local Cell ID=12, Cell Name=PI_UIO_MTOP_12, eNodeB ID=44325, Cell FDD TDD indication=CELL_FDD",Reliable,15.498,3.565
2026-04-10 06:00,60,"PIC_UIO_MTOP_ULN/Cell:eNodeB Function Name=PI_UIO_MTOP_L, Local Cell ID=13, Cell Name=PI_UIO_MTOP_13, eNodeB ID=44325, Cell FDD TDD indication=CELL_FDD",Reliable,40.982,55.46
2026-04-10 06:00,60,"PI_UIO_MOSCU_UL/Cell:eNodeB Function Name=PIC_UIO_MOSCU_L, Local Cell ID=1, Cell Name=PIC_UIO_MOSCU_L21_1, eNodeB ID=44239, Cell FDD TDD indication=CELL_FDD",Reliable,726.213,151.557
2026-04-10 06:00,60,"PI_UIO_MOSCU_UL/Cell:eNodeB Function Name=PIC_UIO_MOSCU_L, Local Cell ID=2, Cell Name=PIC_UIO_MOSCU_L21_2, eNodeB ID=44239, Cell FDD TDD indication=CELL_FDD",Reliable,107.51,12.737
2026-04-10 06:00,60,"PIC_UIO_JARDIN_ULN/Cell:eNodeB Function Name=PI_UIO_JARDIN_L, Local Cell ID=1, Cell Name=PI_UIO_JARDIN_1, eNodeB ID=44377, Cell FDD TDD indication=CELL_FDD",Reliable,48.8,10.112
2026-04-10 06:00,60,"PIC_UIO_JARDIN_ULN/Cell:eNodeB Function Name=PI_UIO_JARDIN_L, Local Cell ID=2, Cell Name=PI_UIO_JARDIN_2, eNodeB ID=44377, Cell FDD TDD indication=CELL_FDD",Reliable,560.8,55.494
2026-04-10 06:00,60,"PIC_UIO_JARDIN_ULN/Cell:eNodeB Function Name=PI_UIO_JARDIN_L, Local Cell ID=3, Cell Name=PI_UIO_JARDIN_3, eNodeB ID=44377, Cell FDD TDD indication=CELL_FDD",Reliable,396.04,46.761
2026-04-10 06:00,60,"PIC_UIO_JARDIN_ULN/Cell:eNodeB Function Name=PI_UIO_JARDIN_L, Local Cell ID=11, Cell Name=PI_UIO_JARDIN_11, eNodeB ID=44377, Cell FDD TDD indication=CELL_FDD",Reliable,13.587,1.766
2026-04-10 06:00,60,"PIC_UIO_JARDIN_ULN/Cell:eNodeB Function Name=PI_UIO_JARDIN_L, Local Cell ID=12, Cell Name=PI_UIO_JARDIN_12, eNodeB ID=44377, Cell FDD TDD indication=CELL_FDD",Reliable,16.162,2.947
2026-04-10 06:00,60,"PIC_UIO_JARDIN_ULN/Cell:eNodeB Function Name=PI_UIO_JARDIN_L, Local Cell ID=13, Cell Name=PI_UIO_JARDIN_13, eNodeB ID=44377, Cell FDD TDD indication=CELL_FDD",Reliable,26.725,2.931
2026-04-10 06:00,60,"PIC_UIO_TUMBACO_PATAGUA_ULN/Cell:eNodeB Function Name=PI_UIO_TUMBACO_PATAGUAL21, Local Cell ID=1, Cell Name=PI_UIO_TUMBACO_PATAGUA_1, eNodeB ID=44245, Cell FDD TDD indication=CELL_FDD",Reliable,492.016,30.298
2026-04-10 06:00,60,"PIC_UIO_TUMBACO_PATAGUA_ULN/Cell:eNodeB Function Name=PI_UIO_TUMBACO_PATAGUAL21, Local Cell ID=2, Cell Name=PI_UIO_TUMBACO_PATAGUA_2, eNodeB ID=44245, Cell FDD TDD indication=CELL_FDD",Reliable,170.928,230.821
2026-04-10 06:00,60,"PIC_UIO_TUMBACO_PATAGUA_ULN/Cell:eNodeB Function Name=PI_UIO_TUMBACO_PATAGUAL21, Local Cell ID=3, Cell Name=PI_UIO_TUMBACO_PATAGUA_3, eNodeB ID=44245, Cell FDD TDD indication=CELL_FDD",Reliable,123.186,24.108
2026-04-10 06:00,60,"PIC_UIO_CUERO_CAICEDO_ULN/Cell:eNodeB Function Name=PI_UIO_CUERO_CAICEDO_L, Local Cell ID=1, Cell Name=PI_UIO_CUERO_CAICEDO_1, eNodeB ID=44376, Cell FDD TDD indication=CELL_FDD",Reliable,711.697,62.19
2026-04-10 06:00,60,"PIC_UIO_CUERO_CAICEDO_ULN/Cell:eNodeB Function Name=PI_UIO_CUERO_CAICEDO_L, Local Cell ID=2, Cell Name=PI_UIO_CUERO_CAICEDO_2, eNodeB ID=44376, Cell FDD TDD indication=CELL_FDD",Reliable,347.778,26.974
2026-04-10 06:00,60,"PIC_UIO_CUERO_CAICEDO_ULN/Cell:eNodeB Function Name=PI_UIO_CUERO_CAICEDO_L, Local Cell ID=3, Cell Name=PI_UIO_CUERO_CAICEDO_3, eNodeB ID=44376, Cell FDD TDD indication=CELL_FDD",Reliable,205.493,14.597
2026-04-10 06:00,60,"PIC_UIO_CUERO_CAICEDO_ULN/Cell:eNodeB Function Name=PI_UIO_CUERO_CAICEDO_L, Local Cell ID=11, Cell Name=PI_UIO_CUERO_CAICEDO_11, eNodeB ID=44376, Cell FDD TDD indication=CELL_FDD",Reliable,459.166,89.714
2026-04-10 06:00,60,"PIC_UIO_CUERO_CAICEDO_ULN/Cell:eNodeB Function Name=PI_UIO_CUERO_CAICEDO_L, Local Cell ID=12, Cell Name=PI_UIO_CUERO_CAICEDO_12, eNodeB ID=44376, Cell FDD TDD indication=CELL_FDD",Reliable,323.301,45.564
2026-04-10 06:00,60,"PIC_UIO_CUERO_CAICEDO_ULN/Cell:eNodeB Function Name=PI_UIO_CUERO_CAICEDO_L, Local Cell ID=13, Cell Name=PI_UIO_CUERO_CAICEDO_13, eNodeB ID=44376, Cell FDD TDD indication=CELL_FDD",Reliable,57.207,15.121
2026-04-10 06:00,60,"PI_UIO_MACHALA_UL/Cell:eNodeB Function Name=PI_UIO_MACHALAL21, Local Cell ID=1, Cell Name=PI_UIO_MACHALA_1, eNodeB ID=44380, Cell FDD TDD indication=CELL_FDD",Reliable,2734.256,232.669
2026-04-10 06:00,60,"PI_UIO_MACHALA_UL/Cell:eNodeB Function Name=PI_UIO_MACHALAL21, Local Cell ID=2, Cell Name=PI_UIO_MACHALA_2, eNodeB ID=44380, Cell FDD TDD indication=CELL_FDD",Reliable,1071.699,202.603
2026-04-10 06:00,60,"PI_UIO_MEGAMAXI_UL/Cell:eNodeB Function Name=PI_UIO_MEGAMAXIL21, Local Cell ID=1, Cell Name=PI_UIO_MEGAMAXI_1, eNodeB ID=44261, Cell FDD TDD indication=CELL_FDD",Reliable,361.74,305.588
2026-04-10 06:00,60,"PI_UIO_MEGAMAXI_UL/Cell:eNodeB Function Name=PI_UIO_MEGAMAXIL21, Local Cell ID=2, Cell Name=PI_UIO_MEGAMAXI_2, eNodeB ID=44261, Cell FDD TDD indication=CELL_FDD",Reliable,39.43,12.543
2026-04-10 06:00,60,"PI_UIO_MEGAMAXI_UL/Cell:eNodeB Function Name=PI_UIO_MEGAMAXIL21, Local Cell ID=3, Cell Name=PI_UIO_MEGAMAXI_3, eNodeB ID=44261, Cell FDD TDD indication=CELL_FDD",Reliable,1003.835,92.189
2026-04-10 06:00,60,"PI_UIO_ENTRADA_ESTADIO_UL/Cell:eNodeB Function Name=PI_UIO_ENTRADA_ESTADIOL21, Local Cell ID=1, Cell Name=PI_UIO_ENTRADA_ESTADIO_1, eNodeB ID=44301, Cell FDD TDD indication=CELL_FDD",Reliable,401.971,21.449
2026-04-10 06:00,60,"PI_UIO_ENTRADA_ESTADIO_UL/Cell:eNodeB Function Name=PI_UIO_ENTRADA_ESTADIOL21, Local Cell ID=2, Cell Name=PI_UIO_ENTRADA_ESTADIO_2, eNodeB ID=44301, Cell FDD TDD indication=CELL_FDD",Reliable,387.623,25.201
2026-04-10 06:00,60,"PI_UIO_ENTRADA_ESTADIO_UL/Cell:eNodeB Function Name=PI_UIO_ENTRADA_ESTADIOL21, Local Cell ID=3, Cell Name=PI_UIO_ENTRADA_ESTADIO_3, eNodeB ID=44301, Cell FDD TDD indication=CELL_FDD",Reliable,1438.18,124.583
2026-04-10 06:00,60,"PI_UIO_CHECOSLOVAQUIA_UL/Cell:eNodeB Function Name=PI_UIO_CHECOSLOVAQUIAL21, Local Cell ID=1, Cell Name=PI_UIO_CHECOSLOVAQUIA_1, eNodeB ID=44374, Cell FDD TDD indication=CELL_FDD",Reliable,964.383,52.848
2026-04-10 06:00,60,"PI_UIO_CHECOSLOVAQUIA_UL/Cell:eNodeB Function Name=PI_UIO_CHECOSLOVAQUIAL21, Local Cell ID=2, Cell Name=PI_UIO_CHECOSLOVAQUIA_2, eNodeB ID=44374, Cell FDD TDD indication=CELL_FDD",Reliable,833.018,51.937
2026-04-10 06:00,60,"PI_UIO_TRIBUNA_UL/Cell:eNodeB Function Name=PIC_UIO_TRIBUNA_L, Local Cell ID=1, Cell Name=PI_UIO_TRIBUNA_1, eNodeB ID=44321, Cell FDD TDD indication=CELL_FDD",Reliable,687.054,49.044
2026-04-10 06:00,60,"PI_UIO_TRIBUNA_UL/Cell:eNodeB Function Name=PIC_UIO_TRIBUNA_L, Local Cell ID=2, Cell Name=PI_UIO_TRIBUNA_2, eNodeB ID=44321, Cell FDD TDD indication=CELL_FDD",Reliable,56.599,15.706
2026-04-10 06:00,60,"PI_UIO_TRIBUNA_UL/Cell:eNodeB Function Name=PIC_UIO_TRIBUNA_L, Local Cell ID=3, Cell Name=PI_UIO_TRIBUNA_3, eNodeB ID=44321, Cell FDD TDD indication=CELL_FDD",Reliable,74.544,14.989
2026-04-10 06:00,60,"PI_UIO_TRIBUNA_UL/Cell:eNodeB Function Name=PIC_UIO_TRIBUNA_L, Local Cell ID=11, Cell Name=PI_UIO_TRIBUNA_11, eNodeB ID=44321, Cell FDD TDD indication=CELL_FDD",Reliable,64.175,3.956
2026-04-10 06:00,60,"PI_UIO_TRIBUNA_UL/Cell:eNodeB Function Name=PIC_UIO_TRIBUNA_L, Local Cell ID=12, Cell Name=PI_UIO_TRIBUNA_12, eNodeB ID=44321, Cell FDD TDD indication=CELL_FDD",Reliable,11.032,1.193
2026-04-10 06:00,60,"PI_UIO_TRIBUNA_UL/Cell:eNodeB Function Name=PIC_UIO_TRIBUNA_L, Local Cell ID=13, Cell Name=PI_UIO_TRIBUNA_13, eNodeB ID=44321, Cell FDD TDD indication=CELL_FDD",Reliable,0.294,0.096
2026-04-10 06:00,60,"PI_UIO_BICENTENARIO_UL/Cell:eNodeB Function Name=PIC_UIO_BICENTENARIO_L, Local Cell ID=1, Cell Name=PIC_UIO_BICENTENARIO_L21_1, eNodeB ID=44313, Cell FDD TDD indication=CELL_FDD",Reliable,1210.37,102.038
2026-04-10 06:00,60,"PI_UIO_BICENTENARIO_UL/Cell:eNodeB Function Name=PIC_UIO_BICENTENARIO_L, Local Cell ID=2, Cell Name=PIC_UIO_BICENTENARIO_L21_2, eNodeB ID=44313, Cell FDD TDD indication=CELL_FDD",Reliable,903.677,113.059
2026-04-10 06:00,60,"PI_UIO_BICENTENARIO_UL/Cell:eNodeB Function Name=PIC_UIO_BICENTENARIO_L, Local Cell ID=3, Cell Name=PIC_UIO_BICENTENARIO_L21_3, eNodeB ID=44313, Cell FDD TDD indication=CELL_FDD",Reliable,1006.565,133.497
2026-04-10 06:00,60,"PI_UIO_BICENTENARIO_UL/Cell:eNodeB Function Name=PIC_UIO_BICENTENARIO_L, Local Cell ID=11, Cell Name=PIC_UIO_BICENTENARIO_L21_11, eNodeB ID=44313, Cell FDD TDD indication=CELL_FDD",Reliable,78.197,4.814
2026-04-10 06:00,60,"PI_UIO_BICENTENARIO_UL/Cell:eNodeB Function Name=PIC_UIO_BICENTENARIO_L, Local Cell ID=12, Cell Name=PIC_UIO_BICENTENARIO_L21_12, eNodeB ID=44313, Cell FDD TDD indication=CELL_FDD",Reliable,110.982,9.296
2026-04-10 06:00,60,"PI_UIO_BICENTENARIO_UL/Cell:eNodeB Function Name=PIC_UIO_BICENTENARIO_L, Local Cell ID=13, Cell Name=PIC_UIO_BICENTENARIO_L21_13, eNodeB ID=44313, Cell FDD TDD indication=CELL_FDD",Reliable,86.739,6.344
2026-04-10 06:00,60,"PI_UIO_REINA_VICTORIA_UL/Cell:eNodeB Function Name=PI_UIO_REINA_VICTORIA_L, Local Cell ID=1, Cell Name=PI_UIO_REINA_VICTORIA_1, eNodeB ID=44329, Cell FDD TDD indication=CELL_FDD",Reliable,1238.025,112.48
2026-04-10 06:00,60,"PI_UIO_REINA_VICTORIA_UL/Cell:eNodeB Function Name=PI_UIO_REINA_VICTORIA_L, Local Cell ID=2, Cell Name=PI_UIO_REINA_VICTORIA_2, eNodeB ID=44329, Cell FDD TDD indication=CELL_FDD",Reliable,837.153,70.321
2026-04-10 06:00,60,"PI_UIO_REINA_VICTORIA_UL/Cell:eNodeB Function Name=PI_UIO_REINA_VICTORIA_L, Local Cell ID=3, Cell Name=PI_UIO_REINA_VICTORIA_3, eNodeB ID=44329, Cell FDD TDD indication=CELL_FDD",Reliable,464.546,39.134
2026-04-10 06:00,60,"PI_UIO_REINA_VICTORIA_UL/Cell:eNodeB Function Name=PI_UIO_REINA_VICTORIA_L, Local Cell ID=11, Cell Name=PI_UIO_REINA_VICTORIA_11, eNodeB ID=44329, Cell FDD TDD indication=CELL_FDD",Reliable,92.534,3.548
2026-04-10 06:00,60,"PI_UIO_REINA_VICTORIA_UL/Cell:eNodeB Function Name=PI_UIO_REINA_VICTORIA_L, Local Cell ID=12, Cell Name=PI_UIO_REINA_VICTORIA_12, eNodeB ID=44329, Cell FDD TDD indication=CELL_FDD",Reliable,136.859,1570.209
2026-04-10 06:00,60,"PI_UIO_REINA_VICTORIA_UL/Cell:eNodeB Function Name=PI_UIO_REINA_VICTORIA_L, Local Cell ID=13, Cell Name=PI_UIO_REINA_VICTORIA_13, eNodeB ID=44329, Cell FDD TDD indication=CELL_FDD",Reliable,14.209,107.817
2026-04-10 06:00,60,"PI_UIO_JOSE_BARREIRO_UL/Cell:eNodeB Function Name=PI_UIO_JOSE_BARREIROL21, Local Cell ID=1, Cell Name=PI_UIO_JOSE_BARREIRO_1, eNodeB ID=44260, Cell FDD TDD indication=CELL_FDD",Reliable,1107.876,201.082
2026-04-10 06:00,60,"PI_UIO_JOSE_BARREIRO_UL/Cell:eNodeB Function Name=PI_UIO_JOSE_BARREIROL21, Local Cell ID=2, Cell Name=PI_UIO_JOSE_BARREIRO_2, eNodeB ID=44260, Cell FDD TDD indication=CELL_FDD",Reliable,665.316,55.406
2026-04-10 06:00,60,"PI_UIO_COL_ALEMAN_UL/Cell:eNodeB Function Name=PIC_UIO_COL_ALEMAN_L, Local Cell ID=1, Cell Name=PI_UIO_COL_ALEMAN_1, eNodeB ID=44070, Cell FDD TDD indication=CELL_FDD",Reliable,1426.892,108.712
2026-04-10 06:00,60,"PI_UIO_COL_ALEMAN_UL/Cell:eNodeB Function Name=PIC_UIO_COL_ALEMAN_L, Local Cell ID=2, Cell Name=PI_UIO_COL_ALEMAN_2, eNodeB ID=44070, Cell FDD TDD indication=CELL_FDD",Reliable,455.573,130.608
2026-04-10 06:00,60,"PI_UIO_PARCAYACU_UL/Cell:eNodeB Function Name=PIC_UIO_PARCAYACU_L, Local Cell ID=1, Cell Name=PIC_UIO_PARCAYACU_L21_1, eNodeB ID=44166, Cell FDD TDD indication=CELL_FDD",Reliable,2249.932,288.752
2026-04-10 06:00,60,"PI_UIO_PARCAYACU_UL/Cell:eNodeB Function Name=PIC_UIO_PARCAYACU_L, Local Cell ID=2, Cell Name=PIC_UIO_PARCAYACU_L21_2, eNodeB ID=44166, Cell FDD TDD indication=CELL_FDD",Reliable,2536.861,177.895
2026-04-10 06:00,60,"PI_UIO_PARCAYACU_UL/Cell:eNodeB Function Name=PIC_UIO_PARCAYACU_L, Local Cell ID=7, Cell Name=PIC_UIO_PARCAYACU_L7_7, eNodeB ID=44166, Cell FDD TDD indication=CELL_FDD",Reliable,1495.254,130.012
2026-04-10 06:00,60,"PI_UIO_PARCAYACU_UL/Cell:eNodeB Function Name=PIC_UIO_PARCAYACU_L, Local Cell ID=8, Cell Name=PIC_UIO_PARCAYACU_L7_8, eNodeB ID=44166, Cell FDD TDD indication=CELL_FDD",Reliable,2417.071,165.343
2026-04-10 06:00,60,"PI_UIO_RAFAEL_AULESTIA_UL/Cell:eNodeB Function Name=PI_UIO_RAFAEL_AULESTIA_L, Local Cell ID=1, Cell Name=PI_UIO_RAFAEL_AULESTIA_1, eNodeB ID=44307, Cell FDD TDD indication=CELL_FDD",Reliable,88.479,21.537
2026-04-10 06:00,60,"PI_UIO_RAFAEL_AULESTIA_UL/Cell:eNodeB Function Name=PI_UIO_RAFAEL_AULESTIA_L, Local Cell ID=2, Cell Name=PI_UIO_RAFAEL_AULESTIA_2, eNodeB ID=44307, Cell FDD TDD indication=CELL_FDD",Reliable,134.698,47.647
2026-04-10 06:00,60,"PI_UIO_RAFAEL_AULESTIA_UL/Cell:eNodeB Function Name=PI_UIO_RAFAEL_AULESTIA_L, Local Cell ID=3, Cell Name=PI_UIO_RAFAEL_AULESTIA_3, eNodeB ID=44307, Cell FDD TDD indication=CELL_FDD",Reliable,260.017,19.591
2026-04-10 06:00,60,"PI_UIO_RAFAEL_AULESTIA_UL/Cell:eNodeB Function Name=PI_UIO_RAFAEL_AULESTIA_L, Local Cell ID=11, Cell Name=PI_UIO_RAFAEL_AULESTIA_11, eNodeB ID=44307, Cell FDD TDD indication=CELL_FDD",Reliable,26.23,0.464
2026-04-10 06:00,60,"PI_UIO_RAFAEL_AULESTIA_UL/Cell:eNodeB Function Name=PI_UIO_RAFAEL_AULESTIA_L, Local Cell ID=12, Cell Name=PI_UIO_RAFAEL_AULESTIA_12, eNodeB ID=44307, Cell FDD TDD indication=CELL_FDD",Reliable,13.434,6.277
2026-04-10 06:00,60,"PI_UIO_RAFAEL_AULESTIA_UL/Cell:eNodeB Function Name=PI_UIO_RAFAEL_AULESTIA_L, Local Cell ID=13, Cell Name=PI_UIO_RAFAEL_AULESTIA_13, eNodeB ID=44307, Cell FDD TDD indication=CELL_FDD",Reliable,94.842,2.15
2026-04-10 06:00,60,"PIC_UIO_CUMBAYA_ESTE_ULN/Cell:eNodeB Function Name=PI_UIO_CUMBAYA_ESTEL21, Local Cell ID=1, Cell Name=PI_UIO_CUMBAYA_ESTE_1, eNodeB ID=44066, Cell FDD TDD indication=CELL_FDD",Reliable,1006.2,79.785
2026-04-10 06:00,60,"PIC_UIO_CUMBAYA_ESTE_ULN/Cell:eNodeB Function Name=PI_UIO_CUMBAYA_ESTEL21, Local Cell ID=2, Cell Name=PI_UIO_CUMBAYA_ESTE_2, eNodeB ID=44066, Cell FDD TDD indication=CELL_FDD",Reliable,34.925,6.884
2026-04-10 06:00,60,"PIC_UIO_CUMBAYA_ESTE_ULN/Cell:eNodeB Function Name=PI_UIO_CUMBAYA_ESTEL21, Local Cell ID=3, Cell Name=PI_UIO_CUMBAYA_ESTE_3, eNodeB ID=44066, Cell FDD TDD indication=CELL_FDD",Reliable,57.698,6.28
2026-04-10 06:00,60,"PI_UIO_CORUNA_UL/Cell:eNodeB Function Name=PI_UIO_CORUNAL21, Local Cell ID=1, Cell Name=PI_UIO_CORUNA_1, eNodeB ID=44327, Cell FDD TDD indication=CELL_FDD",Reliable,215.918,12.808
2026-04-10 06:00,60,"PI_UIO_CORUNA_UL/Cell:eNodeB Function Name=PI_UIO_CORUNAL21, Local Cell ID=2, Cell Name=PI_UIO_CORUNA_2, eNodeB ID=44327, Cell FDD TDD indication=CELL_FDD",Reliable,60.371,7.147
2026-04-10 06:00,60,"PI_UIO_CORUNA_UL/Cell:eNodeB Function Name=PI_UIO_CORUNAL21, Local Cell ID=7, Cell Name=PI_UIO_CORUNA_APT_7, eNodeB ID=44327, Cell FDD TDD indication=CELL_FDD",Reliable,348.946,24.524
2026-04-10 06:00,60,"PI_UIO_CORUNA_UL/Cell:eNodeB Function Name=PI_UIO_CORUNAL21, Local Cell ID=8, Cell Name=PI_UIO_CORUNA_APT_8, eNodeB ID=44327, Cell FDD TDD indication=CELL_FDD",Reliable,228.713,25.65
2026-04-10 06:00,60,"PIC_UIO_CALDAS_ULN/Cell:eNodeB Function Name=PI_UIO_CALDAS_L, Local Cell ID=1, Cell Name=PI_UIO_CALDAS_1, eNodeB ID=44103, Cell FDD TDD indication=CELL_FDD",Reliable,2578.762,172.175
2026-04-10 06:00,60,"PIC_UIO_CALDAS_ULN/Cell:eNodeB Function Name=PI_UIO_CALDAS_L, Local Cell ID=2, Cell Name=PI_UIO_CALDAS_2, eNodeB ID=44103, Cell FDD TDD indication=CELL_FDD",Reliable,672.873,53.454
2026-04-10 06:00,60,"PIC_UIO_CALDAS_ULN/Cell:eNodeB Function Name=PI_UIO_CALDAS_L, Local Cell ID=11, Cell Name=PI_UIO_CALDAS_11, eNodeB ID=44103, Cell FDD TDD indication=CELL_FDD",Reliable,171.19,17.862
2026-04-10 06:00,60,"PIC_UIO_CALDAS_ULN/Cell:eNodeB Function Name=PI_UIO_CALDAS_L, Local Cell ID=12, Cell Name=PI_UIO_CALDAS_12, eNodeB ID=44103, Cell FDD TDD indication=CELL_FDD",Reliable,67.363,9.655
2026-04-10 06:00,60,"PIC_UIO_HOSP_CARLOS_ANDRADE_MARIN_ULN/Cell:eNodeB Function Name=PI_UIO_HOSP_CARLOS_ANDRADE_MARIN_L, Local Cell ID=1, Cell Name=PI_UIO_HOSP_CARLOS_ANDRADE_MARIN_1, eNodeB ID=44991, Cell FDD TDD indication=CELL_FDD",Reliable,2230.102,166.072
2026-04-10 06:00,60,"PIC_UIO_HOSP_CARLOS_ANDRADE_MARIN_ULN/Cell:eNodeB Function Name=PI_UIO_HOSP_CARLOS_ANDRADE_MARIN_L, Local Cell ID=2, Cell Name=PI_UIO_HOSP_CARLOS_ANDRADE_MARIN_2, eNodeB ID=44991, Cell FDD TDD indication=CELL_FDD",Reliable,5151.245,580.033
2026-04-10 06:00,60,"PIC_UIO_HOSP_CARLOS_ANDRADE_MARIN_ULN/Cell:eNodeB Function Name=PI_UIO_HOSP_CARLOS_ANDRADE_MARIN_L, Local Cell ID=3, Cell Name=PI_UIO_HOSP_CARLOS_ANDRADE_MARIN_3, eNodeB ID=44991, Cell FDD TDD indication=CELL_FDD",Reliable,956.949,126.584
2026-04-10 06:00,60,"PIC_UIO_HOSP_CARLOS_ANDRADE_MARIN_ULN/Cell:eNodeB Function Name=PI_UIO_HOSP_CARLOS_ANDRADE_MARIN_L, Local Cell ID=7, Cell Name=PI_UIO_HOSP_CARLOS_ANDRADE_MARIN_APT_7, eNodeB ID=44991, Cell FDD TDD indication=CELL_FDD",Reliable,246.759,49.963
2026-04-10 06:00,60,"PIC_UIO_HOSP_CARLOS_ANDRADE_MARIN_ULN/Cell:eNodeB Function Name=PI_UIO_HOSP_CARLOS_ANDRADE_MARIN_L, Local Cell ID=8, Cell Name=PI_UIO_HOSP_CARLOS_ANDRADE_MARIN_APT_8, eNodeB ID=44991, Cell FDD TDD indication=CELL_FDD",Reliable,3948.16,376.14
2026-04-10 06:00,60,"PIC_UIO_HOSP_CARLOS_ANDRADE_MARIN_ULN/Cell:eNodeB Function Name=PI_UIO_HOSP_CARLOS_ANDRADE_MARIN_L, Local Cell ID=9, Cell Name=PI_UIO_HOSP_CARLOS_ANDRADE_MARIN_APT_9, eNodeB ID=44991, Cell FDD TDD indication=CELL_FDD",Reliable,251.221,57.201
2026-04-10 06:00,60,"PIC_UIO_HOSP_CARLOS_ANDRADE_MARIN_ULN/Cell:eNodeB Function Name=PI_UIO_HOSP_CARLOS_ANDRADE_MARIN_L, Local Cell ID=11, Cell Name=PI_UIO_HOSP_CARLOS_ANDRADE_MARIN_11, eNodeB ID=44991, Cell FDD TDD indication=CELL_FDD",Reliable,13.056,1.919
2026-04-10 06:00,60,"PIC_UIO_HOSP_CARLOS_ANDRADE_MARIN_ULN/Cell:eNodeB Function Name=PI_UIO_HOSP_CARLOS_ANDRADE_MARIN_L, Local Cell ID=12, Cell Name=PI_UIO_HOSP_CARLOS_ANDRADE_MARIN_12, eNodeB ID=44991, Cell FDD TDD indication=CELL_FDD",Reliable,622.215,31.9
2026-04-10 06:00,60,"PIC_UIO_HOSP_CARLOS_ANDRADE_MARIN_ULN/Cell:eNodeB Function Name=PI_UIO_HOSP_CARLOS_ANDRADE_MARIN_L, Local Cell ID=13, Cell Name=PI_UIO_HOSP_CARLOS_ANDRADE_MARIN_13, eNodeB ID=44991, Cell FDD TDD indication=CELL_FDD",Reliable,60.398,6.732
2026-04-10 06:00,60,"PIC_UIO_LA_VINA_ULN/Cell:eNodeB Function Name=PI_UIO_LA_VINAL21, Local Cell ID=1, Cell Name=PI_UIO_LA_VINA_1, eNodeB ID=44379, Cell FDD TDD indication=CELL_FDD",Reliable,62.927,2.671
2026-04-10 06:00,60,"PIC_UIO_LA_VINA_ULN/Cell:eNodeB Function Name=PI_UIO_LA_VINAL21, Local Cell ID=2, Cell Name=PI_UIO_LA_VINA_2, eNodeB ID=44379, Cell FDD TDD indication=CELL_FDD",Reliable,4.93,1.506
2026-04-10 06:00,60,"PIC_UIO_LA_VINA_ULN/Cell:eNodeB Function Name=PI_UIO_LA_VINAL21, Local Cell ID=3, Cell Name=PI_UIO_LA_VINA_3, eNodeB ID=44379, Cell FDD TDD indication=CELL_FDD",Reliable,7.231,1.625
2026-04-10 06:00,60,"PIC_UIO_NACIONES_UNIDAS_ULN/Cell:eNodeB Function Name=PIC_UIO_NACIONES_UNIDAS_L, Local Cell ID=1, Cell Name=PIC_UIO_NACIONES_UNIDAS_L21_1, eNodeB ID=44364, Cell FDD TDD indication=CELL_FDD",Reliable,499.314,46.952
2026-04-10 06:00,60,"PIC_UIO_NACIONES_UNIDAS_ULN/Cell:eNodeB Function Name=PIC_UIO_NACIONES_UNIDAS_L, Local Cell ID=2, Cell Name=PIC_UIO_NACIONES_UNIDAS_L21_2, eNodeB ID=44364, Cell FDD TDD indication=CELL_FDD",Reliable,923.539,92.261
2026-04-10 06:00,60,"PIC_UIO_NACIONES_UNIDAS_ULN/Cell:eNodeB Function Name=PIC_UIO_NACIONES_UNIDAS_L, Local Cell ID=3, Cell Name=PIC_UIO_NACIONES_UNIDAS_L21_3, eNodeB ID=44364, Cell FDD TDD indication=CELL_FDD",Reliable,1307.183,159.427
2026-04-10 06:00,60,"PIC_UIO_NACIONES_UNIDAS_ULN/Cell:eNodeB Function Name=PIC_UIO_NACIONES_UNIDAS_L, Local Cell ID=12, Cell Name=PIC_UIO_NACIONES_UNIDAS_L19_12, eNodeB ID=44364, Cell FDD TDD indication=CELL_FDD",Reliable,50.977,5.338
2026-04-10 06:00,60,"PIC_UIO_NACIONES_UNIDAS_ULN/Cell:eNodeB Function Name=PIC_UIO_NACIONES_UNIDAS_L, Local Cell ID=13, Cell Name=PIC_UIO_NACIONES_UNIDAS_L19_13, eNodeB ID=44364, Cell FDD TDD indication=CELL_FDD",Reliable,332.607,37.85
2026-04-10 06:00,60,"PIC_UIO_NACIONES_UNIDAS_ULN/Cell:eNodeB Function Name=PIC_UIO_NACIONES_UNIDAS_L, Local Cell ID=11, Cell Name=PIC_UIO_NACIONES_UNIDAS_L19_11, eNodeB ID=44364, Cell FDD TDD indication=CELL_FDD",Reliable,18.674,1.386
2026-04-10 06:00,60,"PI_UIO_NUEVO_POLANCO_UL/Cell:eNodeB Function Name=PI_UIO_NUEVO_POLANCOL21, Local Cell ID=1, Cell Name=PI_UIO_NUEVO_POLANCO_1, eNodeB ID=44997, Cell FDD TDD indication=CELL_FDD",Reliable,1637.529,163.822
2026-04-10 06:00,60,"PI_UIO_NUEVO_POLANCO_UL/Cell:eNodeB Function Name=PI_UIO_NUEVO_POLANCOL21, Local Cell ID=2, Cell Name=PI_UIO_NUEVO_POLANCO_2, eNodeB ID=44997, Cell FDD TDD indication=CELL_FDD",Reliable,655.371,52.943
2026-04-10 06:00,60,"PIC_UIO_CONTRALORIA_ULN/Cell:eNodeB Function Name=PI_UIO_CONTRALORIA_L, Local Cell ID=1, Cell Name=PI_UIO_CONTRALORIA_1, eNodeB ID=44337, Cell FDD TDD indication=CELL_FDD",Reliable,753.863,84.734
2026-04-10 06:00,60,"PIC_UIO_CONTRALORIA_ULN/Cell:eNodeB Function Name=PI_UIO_CONTRALORIA_L, Local Cell ID=2, Cell Name=PI_UIO_CONTRALORIA_2, eNodeB ID=44337, Cell FDD TDD indication=CELL_FDD",Reliable,2310.126,368.664
2026-04-10 06:00,60,"PIC_UIO_CONTRALORIA_ULN/Cell:eNodeB Function Name=PI_UIO_CONTRALORIA_L, Local Cell ID=3, Cell Name=PI_UIO_CONTRALORIA_3, eNodeB ID=44337, Cell FDD TDD indication=CELL_FDD",Reliable,512.912,60.158
2026-04-10 06:00,60,"PIC_UIO_CONTRALORIA_ULN/Cell:eNodeB Function Name=PI_UIO_CONTRALORIA_L, Local Cell ID=11, Cell Name=PI_UIO_CONTRALORIA_11, eNodeB ID=44337, Cell FDD TDD indication=CELL_FDD",Reliable,135.152,10.429
2026-04-10 06:00,60,"PIC_UIO_CONTRALORIA_ULN/Cell:eNodeB Function Name=PI_UIO_CONTRALORIA_L, Local Cell ID=12, Cell Name=PI_UIO_CONTRALORIA_12, eNodeB ID=44337, Cell FDD TDD indication=CELL_FDD",Reliable,109.889,11.202
2026-04-10 06:00,60,"PIC_UIO_CONTRALORIA_ULN/Cell:eNodeB Function Name=PI_UIO_CONTRALORIA_L, Local Cell ID=13, Cell Name=PI_UIO_CONTRALORIA_13, eNodeB ID=44337, Cell FDD TDD indication=CELL_FDD",Reliable,2.974,1.046
2026-04-10 06:00,60,"PI_UIO_REPUBLICA_COUB_UL/Cell:eNodeB Function Name=PI_UIO_REPUBLICA_COUBL21, Local Cell ID=1, Cell Name=PI_UIO_REPUBLICA_COUB_1, eNodeB ID=44320, Cell FDD TDD indication=CELL_FDD",Reliable,227.597,19.215
2026-04-10 06:00,60,"PI_UIO_REPUBLICA_COUB_UL/Cell:eNodeB Function Name=PI_UIO_REPUBLICA_COUBL21, Local Cell ID=2, Cell Name=PI_UIO_REPUBLICA_COUB_2, eNodeB ID=44320, Cell FDD TDD indication=CELL_FDD",Reliable,265.909,20.983
2026-04-10 06:00,60,"PI_UIO_REPUBLICA_COUB_UL/Cell:eNodeB Function Name=PI_UIO_REPUBLICA_COUBL21, Local Cell ID=3, Cell Name=PI_UIO_REPUBLICA_COUB_3, eNodeB ID=44320, Cell FDD TDD indication=CELL_FDD",Reliable,264.791,20.162
2026-04-10 06:00,60,"PIC_UIO_PATRIA_ULN/Cell:eNodeB Function Name=PI_UIO_PATRIA_L, Local Cell ID=1, Cell Name=PI_UIO_PATRIA_1, eNodeB ID=44381, Cell FDD TDD indication=CELL_FDD",Reliable,116.954,12.412
2026-04-10 06:00,60,"PIC_UIO_PATRIA_ULN/Cell:eNodeB Function Name=PI_UIO_PATRIA_L, Local Cell ID=2, Cell Name=PI_UIO_PATRIA_2, eNodeB ID=44381, Cell FDD TDD indication=CELL_FDD",Reliable,861.94,87.774
2026-04-10 06:00,60,"PIC_UIO_PATRIA_ULN/Cell:eNodeB Function Name=PI_UIO_PATRIA_L, Local Cell ID=3, Cell Name=PI_UIO_PATRIA_3, eNodeB ID=44381, Cell FDD TDD indication=CELL_FDD",Reliable,287.744,30.224
2026-04-10 06:00,60,"PIC_UIO_PATRIA_ULN/Cell:eNodeB Function Name=PI_UIO_PATRIA_L, Local Cell ID=11, Cell Name=PI_UIO_PATRIA_11, eNodeB ID=44381, Cell FDD TDD indication=CELL_FDD",Reliable,27.243,3.069
2026-04-10 06:00,60,"PIC_UIO_PATRIA_ULN/Cell:eNodeB Function Name=PI_UIO_PATRIA_L, Local Cell ID=12, Cell Name=PI_UIO_PATRIA_12, eNodeB ID=44381, Cell FDD TDD indication=CELL_FDD",Reliable,75.524,10.81
2026-04-10 06:00,60,"PIC_UIO_PATRIA_ULN/Cell:eNodeB Function Name=PI_UIO_PATRIA_L, Local Cell ID=13, Cell Name=PI_UIO_PATRIA_13, eNodeB ID=44381, Cell FDD TDD indication=CELL_FDD",Reliable,209.182,6.647
2026-04-10 06:00,60,"PIC_UIO_QUICENTRO_NORTE_UL/Cell:eNodeB Function Name=PIC_UIO_QUICENTRO_NORTE_L, Local Cell ID=1, Cell Name=PIC_UIO_QUICENTRO_NORTE_L21_1, eNodeB ID=44386, Cell FDD TDD indication=CELL_FDD",Reliable,638.169,66.962
2026-04-10 06:00,60,"PIC_UIO_QUICENTRO_NORTE_UL/Cell:eNodeB Function Name=PIC_UIO_QUICENTRO_NORTE_L, Local Cell ID=2, Cell Name=PIC_UIO_QUICENTRO_NORTE_L21_2, eNodeB ID=44386, Cell FDD TDD indication=CELL_FDD",Reliable,627.428,82.991
2026-04-10 06:00,60,"PIC_UIO_QUICENTRO_NORTE_UL/Cell:eNodeB Function Name=PIC_UIO_QUICENTRO_NORTE_L, Local Cell ID=3, Cell Name=PIC_UIO_QUICENTRO_NORTE_L21_3, eNodeB ID=44386, Cell FDD TDD indication=CELL_FDD",Reliable,118.646,13.697
2026-04-10 06:00,60,"PIC_UIO_QUICENTRO_NORTE_UL/Cell:eNodeB Function Name=PIC_UIO_QUICENTRO_NORTE_L, Local Cell ID=12, Cell Name=PIC_UIO_QUICENTRO_NORTE_L19_12, eNodeB ID=44386, Cell FDD TDD indication=CELL_FDD",Reliable,2.175,1.398
2026-04-10 06:00,60,"PIC_UIO_QUICENTRO_NORTE_UL/Cell:eNodeB Function Name=PIC_UIO_QUICENTRO_NORTE_L, Local Cell ID=13, Cell Name=PIC_UIO_QUICENTRO_NORTE_L19_13, eNodeB ID=44386, Cell FDD TDD indication=CELL_FDD",Reliable,0.054,0.234
2026-04-10 06:00,60,"PIC_UIO_QUICENTRO_NORTE_UL/Cell:eNodeB Function Name=PIC_UIO_QUICENTRO_NORTE_L, Local Cell ID=11, Cell Name=PIC_UIO_QUICENTRO_NORTE_L19_11, eNodeB ID=44386, Cell FDD TDD indication=CELL_FDD",Reliable,12.972,2.215
2026-04-10 06:00,60,"PI_UIO_NUEVA_UTE_UL/Cell:eNodeB Function Name=PI_UIO_NUEVA_UTEL21, Local Cell ID=1, Cell Name=PI_UIO_NUEVA_UTE_1, eNodeB ID=44319, Cell FDD TDD indication=CELL_FDD",Reliable,3149.108,441.721
2026-04-10 06:00,60,"PI_UIO_NUEVA_UTE_UL/Cell:eNodeB Function Name=PI_UIO_NUEVA_UTEL21, Local Cell ID=2, Cell Name=PI_UIO_NUEVA_UTE_2, eNodeB ID=44319, Cell FDD TDD indication=CELL_FDD",Reliable,2019.126,233.142
2026-04-10 06:00,60,"PI_UIO_NUEVA_UTE_UL/Cell:eNodeB Function Name=PI_UIO_NUEVA_UTEL21, Local Cell ID=7, Cell Name=PI_UIO_NUEVA_UTE_APT_7, eNodeB ID=44319, Cell FDD TDD indication=CELL_FDD",Reliable,4044.382,372.108
2026-04-10 06:00,60,"PI_UIO_NUEVA_UTE_UL/Cell:eNodeB Function Name=PI_UIO_NUEVA_UTEL21, Local Cell ID=8, Cell Name=PI_UIO_NUEVA_UTE_APT_8, eNodeB ID=44319, Cell FDD TDD indication=CELL_FDD",Reliable,1026.245,123.738
2026-04-10 06:00,60,"PI_UIO_MASTODONTES_UL/Cell:eNodeB Function Name=PI_UIO_MASTODONTESL21, Local Cell ID=1, Cell Name=PI_UIO_MASTODONTES_1, eNodeB ID=44308, Cell FDD TDD indication=CELL_FDD",Reliable,209.341,27.114
2026-04-10 06:00,60,"PI_UIO_MASTODONTES_UL/Cell:eNodeB Function Name=PI_UIO_MASTODONTESL21, Local Cell ID=2, Cell Name=PI_UIO_MASTODONTES_2, eNodeB ID=44308, Cell FDD TDD indication=CELL_FDD",Reliable,820.487,65.876
2026-04-10 06:00,60,"PI_UIO_PALACIO_PRESIDENCIAL_UL/Cell:eNodeB Function Name=PI_UIO_PALACIO_PRESIDENCIALL21, Local Cell ID=1, Cell Name=PI_UIO_PALACIO_PRESIDENCIAL_1, eNodeB ID=44943, Cell FDD TDD indication=CELL_FDD",Reliable,131.694,6.961
2026-04-10 06:00,60,"PI_UIO_PALACIO_PRESIDENCIAL_UL/Cell:eNodeB Function Name=PI_UIO_PALACIO_PRESIDENCIALL21, Local Cell ID=2, Cell Name=PI_UIO_PALACIO_PRESIDENCIAL_2, eNodeB ID=44943, Cell FDD TDD indication=CELL_FDD",Reliable,0.263,0.891
2026-04-10 06:00,60,"PI_UIO_PLAZA_FOCH_UL/Cell:eNodeB Function Name=PI_UIO_PLAZA_FOCHL21, Local Cell ID=1, Cell Name=PI_UIO_PLAZA_FOCH_1, eNodeB ID=44969, Cell FDD TDD indication=CELL_FDD",Reliable,153.622,12.509
2026-04-10 06:00,60,"PI_UIO_PLAZA_FOCH_UL/Cell:eNodeB Function Name=PI_UIO_PLAZA_FOCHL21, Local Cell ID=2, Cell Name=PI_UIO_PLAZA_FOCH_2, eNodeB ID=44969, Cell FDD TDD indication=CELL_FDD",Reliable,868.662,162.86
2026-04-10 06:00,60,"PI_UIO_PLAZA_FOCH_UL/Cell:eNodeB Function Name=PI_UIO_PLAZA_FOCHL21, Local Cell ID=3, Cell Name=PI_UIO_PLAZA_FOCH_3, eNodeB ID=44969, Cell FDD TDD indication=CELL_FDD",Reliable,249.707,11.912
2026-04-10 06:00,60,"PI_UIO_USFQ_UL/Cell:eNodeB Function Name=PI_UIO_USFQ_L, Local Cell ID=1, Cell Name=PI_UIO_USFQ_1, eNodeB ID=44436, Cell FDD TDD indication=CELL_FDD",Reliable,50.507,3.362
2026-04-10 06:00,60,"PI_UIO_USFQ_UL/Cell:eNodeB Function Name=PI_UIO_USFQ_L, Local Cell ID=2, Cell Name=PI_UIO_USFQ_2, eNodeB ID=44436, Cell FDD TDD indication=CELL_FDD",Reliable,51.275,2.36
2026-04-10 06:00,60,"PI_UIO_USFQ_UL/Cell:eNodeB Function Name=PI_UIO_USFQ_L, Local Cell ID=3, Cell Name=PI_UIO_USFQ_3, eNodeB ID=44436, Cell FDD TDD indication=CELL_FDD",Reliable,173.547,9.124
2026-04-10 06:00,60,"PI_UIO_USFQ_UL/Cell:eNodeB Function Name=PI_UIO_USFQ_L, Local Cell ID=11, Cell Name=PI_UIO_USFQ_11, eNodeB ID=44436, Cell FDD TDD indication=CELL_FDD",Reliable,7.141,0.468
2026-04-10 06:00,60,"PI_UIO_USFQ_UL/Cell:eNodeB Function Name=PI_UIO_USFQ_L, Local Cell ID=12, Cell Name=PI_UIO_USFQ_12, eNodeB ID=44436, Cell FDD TDD indication=CELL_FDD",Reliable,3.596,0.683
2026-04-10 06:00,60,"PI_UIO_USFQ_UL/Cell:eNodeB Function Name=PI_UIO_USFQ_L, Local Cell ID=13, Cell Name=PI_UIO_USFQ_13, eNodeB ID=44436, Cell FDD TDD indication=CELL_FDD",Reliable,183.803,6.677
2026-04-10 06:00,60,"PI_UIO_QUICENTRO_UL/Cell:eNodeB Function Name=PIC_UIO_QUICENTRO_L, Local Cell ID=1, Cell Name=PIC_UIO_QUICENTRO_L21_1, eNodeB ID=44272, Cell FDD TDD indication=CELL_FDD",Reliable,185.531,13.544
2026-04-10 06:00,60,"PI_UIO_QUICENTRO_UL/Cell:eNodeB Function Name=PIC_UIO_QUICENTRO_L, Local Cell ID=2, Cell Name=PIC_UIO_QUICENTRO_L21_2, eNodeB ID=44272, Cell FDD TDD indication=CELL_FDD",Reliable,178.738,22.861
2026-04-10 06:00,60,"PI_UIO_QUICENTRO_UL/Cell:eNodeB Function Name=PIC_UIO_QUICENTRO_L, Local Cell ID=3, Cell Name=PIC_UIO_QUICENTRO_L21_3, eNodeB ID=44272, Cell FDD TDD indication=CELL_FDD",Reliable,1258.519,143.419
2026-04-10 06:00,60,"PI_UIO_QUICENTRO_UL/Cell:eNodeB Function Name=PIC_UIO_QUICENTRO_L, Local Cell ID=11, Cell Name=PIC_UIO_QUICENTRO_L19_11, eNodeB ID=44272, Cell FDD TDD indication=CELL_FDD",Reliable,8.902,3.034
2026-04-10 06:00,60,"PI_UIO_QUICENTRO_UL/Cell:eNodeB Function Name=PIC_UIO_QUICENTRO_L, Local Cell ID=12, Cell Name=PIC_UIO_QUICENTRO_L19_12, eNodeB ID=44272, Cell FDD TDD indication=CELL_FDD",Reliable,69.517,8.042
2026-04-10 06:00,60,"PI_UIO_QUICENTRO_UL/Cell:eNodeB Function Name=PIC_UIO_QUICENTRO_L, Local Cell ID=13, Cell Name=PIC_UIO_QUICENTRO_L19_13, eNodeB ID=44272, Cell FDD TDD indication=CELL_FDD",Reliable,155.246,16.75
2026-04-10 06:00,60,"PIC_UIO_TERRANOVA_ULN/Cell:eNodeB Function Name=PIC_UIO_TERRANOVA_L, Local Cell ID=1, Cell Name=PIC_UIO_TERRANOVA_L21_1, eNodeB ID=44995, Cell FDD TDD indication=CELL_FDD",Reliable,127.454,11.851
2026-04-10 06:00,60,"PIC_UIO_TERRANOVA_ULN/Cell:eNodeB Function Name=PIC_UIO_TERRANOVA_L, Local Cell ID=2, Cell Name=PIC_UIO_TERRANOVA_L21_2, eNodeB ID=44995, Cell FDD TDD indication=CELL_FDD",Reliable,421.491,46.108
2026-04-10 06:00,60,"PI_UIO_ARELLANO_UL/Cell:eNodeB Function Name=PI_UIO_ARELLANOL21, Local Cell ID=1, Cell Name=PI_UIO_ARELLANO_1, eNodeB ID=44324, Cell FDD TDD indication=CELL_FDD",Reliable,24.789,4.069
2026-04-10 06:00,60,"PI_UIO_ARELLANO_UL/Cell:eNodeB Function Name=PI_UIO_ARELLANOL21, Local Cell ID=2, Cell Name=PI_UIO_ARELLANO_2, eNodeB ID=44324, Cell FDD TDD indication=CELL_FDD",Reliable,717.168,49.229
2026-04-10 06:00,60,"PI_UIO_AV_AMAZONAS_TRR_UL/Cell:eNodeB Function Name=PI_UIO_AV_AMAZONAS_TRRL21, Local Cell ID=1, Cell Name=PI_UIO_AV_AMAZONAS_TRR_1, eNodeB ID=44965, Cell FDD TDD indication=CELL_FDD",Reliable,788.786,51.843
2026-04-10 06:00,60,"PI_UIO_AV_AMAZONAS_TRR_UL/Cell:eNodeB Function Name=PI_UIO_AV_AMAZONAS_TRRL21, Local Cell ID=2, Cell Name=PI_UIO_AV_AMAZONAS_TRR_2, eNodeB ID=44965, Cell FDD TDD indication=CELL_FDD",Reliable,213.055,19.21
2026-04-10 06:00,60,"PI_UIO_AV_AMAZONAS_TRR_UL/Cell:eNodeB Function Name=PI_UIO_AV_AMAZONAS_TRRL21, Local Cell ID=3, Cell Name=PI_UIO_AV_AMAZONAS_TRR_3, eNodeB ID=44965, Cell FDD TDD indication=CELL_FDD",Reliable,307.86,25.704
2026-04-10 06:00,60,"PI_UIO_REGIMIENTO_QUITO_UL/Cell:eNodeB Function Name=PI_UIO_REGIMIENTO_QUITOL21, Local Cell ID=1, Cell Name=PI_UIO_REGIMIENTO_QUITO_1, eNodeB ID=44383, Cell FDD TDD indication=CELL_FDD",Reliable,1127.725,168.591
2026-04-10 06:00,60,"PI_UIO_REGIMIENTO_QUITO_UL/Cell:eNodeB Function Name=PI_UIO_REGIMIENTO_QUITOL21, Local Cell ID=2, Cell Name=PI_UIO_REGIMIENTO_QUITO_2, eNodeB ID=44383, Cell FDD TDD indication=CELL_FDD",Reliable,1910.458,128.296
2026-04-10 06:00,60,"PI_UIO_TUFINO(PI)_UL/Cell:eNodeB Function Name=PI_UIO_TUFINO(PI)L21, Local Cell ID=1, Cell Name=PI_UIO_TUFINO(PI)_1, eNodeB ID=44306, Cell FDD TDD indication=CELL_FDD",Reliable,836.224,51.466
2026-04-10 06:00,60,"PI_UIO_TUFINO(PI)_UL/Cell:eNodeB Function Name=PI_UIO_TUFINO(PI)L21, Local Cell ID=2, Cell Name=PI_UIO_TUFINO(PI)_2, eNodeB ID=44306, Cell FDD TDD indication=CELL_FDD",Reliable,1178.864,128.9
2026-04-10 06:00,60,"PI_UIO_TUFINO(PI)_UL/Cell:eNodeB Function Name=PI_UIO_TUFINO(PI)L21, Local Cell ID=3, Cell Name=PI_UIO_TUFINO(PI)_3, eNodeB ID=44306, Cell FDD TDD indication=CELL_FDD",Reliable,386.451,31.038
2026-04-10 06:00,60,"PI_UIO_COL_CENTRAL_TECNICO_TRR_UL/Cell:eNodeB Function Name=PI_UIO_COL_CENTRAL_TECNICO_TRRL21, Local Cell ID=1, Cell Name=PI_UIO_COL_CENTRAL_TECNICO_TRR_1, eNodeB ID=44808, Cell FDD TDD indication=CELL_FDD",Reliable,744.334,55.495
2026-04-10 06:00,60,"PI_UIO_COL_CENTRAL_TECNICO_TRR_UL/Cell:eNodeB Function Name=PI_UIO_COL_CENTRAL_TECNICO_TRRL21, Local Cell ID=2, Cell Name=PI_UIO_COL_CENTRAL_TECNICO_TRR_2, eNodeB ID=44808, Cell FDD TDD indication=CELL_FDD",Reliable,690.077,154.021
2026-04-10 06:00,60,"PI_UIO_COL_CENTRAL_TECNICO_TRR_UL/Cell:eNodeB Function Name=PI_UIO_COL_CENTRAL_TECNICO_TRRL21, Local Cell ID=3, Cell Name=PI_UIO_COL_CENTRAL_TECNICO_TRR_3, eNodeB ID=44808, Cell FDD TDD indication=CELL_FDD",Reliable,179.115,18.639
2026-04-10 06:00,60,"PI_UIO_CORDILLERA_UL/Cell:eNodeB Function Name=PI_UIO_CORDILLERA_L, Local Cell ID=1, Cell Name=PI_UIO_CORDILLERA_1, eNodeB ID=44315, Cell FDD TDD indication=CELL_FDD",Reliable,589.577,96.079
2026-04-10 06:00,60,"PI_UIO_CORDILLERA_UL/Cell:eNodeB Function Name=PI_UIO_CORDILLERA_L, Local Cell ID=2, Cell Name=PI_UIO_CORDILLERA_2, eNodeB ID=44315, Cell FDD TDD indication=CELL_FDD",Reliable,1226.177,125.447
2026-04-10 06:00,60,"PI_UIO_CORDILLERA_UL/Cell:eNodeB Function Name=PI_UIO_CORDILLERA_L, Local Cell ID=3, Cell Name=PI_UIO_CORDILLERA_3, eNodeB ID=44315, Cell FDD TDD indication=CELL_FDD",Reliable,165.777,69.231
2026-04-10 06:00,60,"PI_UIO_CORDILLERA_UL/Cell:eNodeB Function Name=PI_UIO_CORDILLERA_L, Local Cell ID=11, Cell Name=PI_UIO_CORDILLERA_11, eNodeB ID=44315, Cell FDD TDD indication=CELL_FDD",Reliable,2.947,0.78
2026-04-10 06:00,60,"PI_UIO_CORDILLERA_UL/Cell:eNodeB Function Name=PI_UIO_CORDILLERA_L, Local Cell ID=12, Cell Name=PI_UIO_CORDILLERA_12, eNodeB ID=44315, Cell FDD TDD indication=CELL_FDD",Reliable,46.311,5.968
2026-04-10 06:00,60,"PI_UIO_CORDILLERA_UL/Cell:eNodeB Function Name=PI_UIO_CORDILLERA_L, Local Cell ID=13, Cell Name=PI_UIO_CORDILLERA_13, eNodeB ID=44315, Cell FDD TDD indication=CELL_FDD",Reliable,5.353,1.342
2026-04-10 06:00,60,"PI_UIO_ISLA_SAN_CRISTOBAL_UL/Cell:eNodeB Function Name=PI_UIO_ISLA_SAN_CRISTOBALL21, Local Cell ID=1, Cell Name=PI_UIO_ISLA_SAN_CRISTOBAL_1, eNodeB ID=44437, Cell FDD TDD indication=CELL_FDD",Reliable,245.101,23.696
2026-04-10 06:00,60,"PI_UIO_ISLA_SAN_CRISTOBAL_UL/Cell:eNodeB Function Name=PI_UIO_ISLA_SAN_CRISTOBALL21, Local Cell ID=2, Cell Name=PI_UIO_ISLA_SAN_CRISTOBAL_2, eNodeB ID=44437, Cell FDD TDD indication=CELL_FDD",Reliable,478.685,54.199
2026-04-10 06:00,60,"PI_UIO_ISLA_SAN_CRISTOBAL_UL/Cell:eNodeB Function Name=PI_UIO_ISLA_SAN_CRISTOBALL21, Local Cell ID=3, Cell Name=PI_UIO_ISLA_SAN_CRISTOBAL_3, eNodeB ID=44437, Cell FDD TDD indication=CELL_FDD",Reliable,204.789,13.866
2026-04-10 06:00,60,"PI_UIO_LA_MASCOTA_UL/Cell:eNodeB Function Name=PI_UIO_LA_MASCOTAL21, Local Cell ID=1, Cell Name=PI_UIO_LA_MASCOTA_1, eNodeB ID=44219, Cell FDD TDD indication=CELL_FDD",Reliable,588.556,40.648
2026-04-10 06:00,60,"PI_UIO_LA_MASCOTA_UL/Cell:eNodeB Function Name=PI_UIO_LA_MASCOTAL21, Local Cell ID=2, Cell Name=PI_UIO_LA_MASCOTA_2, eNodeB ID=44219, Cell FDD TDD indication=CELL_FDD",Reliable,954.429,97.433
2026-04-10 06:00,60,"PI_UIO_LA_MASCOTA_UL/Cell:eNodeB Function Name=PI_UIO_LA_MASCOTAL21, Local Cell ID=3, Cell Name=PI_UIO_LA_MASCOTA_3, eNodeB ID=44219, Cell FDD TDD indication=CELL_FDD",Reliable,627.694,76.866
2026-04-10 06:00,60,"PI_UIO_ECU911_UL/Cell:eNodeB Function Name=PI_UIO_ECU911L21, Local Cell ID=1, Cell Name=PI_UIO_ECU911_1, eNodeB ID=44940, Cell FDD TDD indication=CELL_FDD",Reliable,407.693,39.453
2026-04-10 06:00,60,"IM_URC_YACHAY_UL/Cell:eNodeB Function Name=IM_URC_YACHAYL21, Local Cell ID=1, Cell Name=IM_URC_YACHAY_1, eNodeB ID=44755, Cell FDD TDD indication=CELL_FDD",Reliable,264.67,58.499
2026-04-10 06:00,60,"IM_URC_YACHAY_UL/Cell:eNodeB Function Name=IM_URC_YACHAYL21, Local Cell ID=2, Cell Name=IM_URC_YACHAY_2, eNodeB ID=44755, Cell FDD TDD indication=CELL_FDD",Reliable,365.611,26.426
2026-04-10 06:00,60,"IM_URC_YACHAY_UL/Cell:eNodeB Function Name=IM_URC_YACHAYL21, Local Cell ID=3, Cell Name=IM_URC_YACHAY_3, eNodeB ID=44755, Cell FDD TDD indication=CELL_FDD",Reliable,140.623,14.454
2026-04-10 06:00,60,"PI_UIO_EL_EDEN_UL/Cell:eNodeB Function Name=PI_UIO_EL_EDENL21, Local Cell ID=1, Cell Name=PI_UIO_EL_EDEN_1, eNodeB ID=44117, Cell FDD TDD indication=CELL_FDD",Reliable,260.098,62.056
2026-04-10 06:00,60,"PI_UIO_EL_EDEN_UL/Cell:eNodeB Function Name=PI_UIO_EL_EDENL21, Local Cell ID=2, Cell Name=PI_UIO_EL_EDEN_2, eNodeB ID=44117, Cell FDD TDD indication=CELL_FDD",Reliable,63.276,28.916
2026-04-10 06:00,60,"PI_UIO_EL_EDEN_UL/Cell:eNodeB Function Name=PI_UIO_EL_EDENL21, Local Cell ID=3, Cell Name=PI_UIO_EL_EDEN_3, eNodeB ID=44117, Cell FDD TDD indication=CELL_FDD",Reliable,992.581,130.72
2026-04-10 06:00,60,"PI_UIO_FLACSO_TRR_UL/Cell:eNodeB Function Name=PI_UIO_FLACSO_TRRL21, Local Cell ID=1, Cell Name=PI_UIO_FLACSO_TRR_1, eNodeB ID=44967, Cell FDD TDD indication=CELL_FDD",Reliable,675.046,163.731
2026-04-10 06:00,60,"PI_UIO_FLACSO_TRR_UL/Cell:eNodeB Function Name=PI_UIO_FLACSO_TRRL21, Local Cell ID=2, Cell Name=PI_UIO_FLACSO_TRR_2, eNodeB ID=44967, Cell FDD TDD indication=CELL_FDD",Reliable,8.561,2.602
2026-04-10 06:00,60,"PI_UIO_FLACSO_TRR_UL/Cell:eNodeB Function Name=PI_UIO_FLACSO_TRRL21, Local Cell ID=3, Cell Name=PI_UIO_FLACSO_TRR_3, eNodeB ID=44967, Cell FDD TDD indication=CELL_FDD",Reliable,1027.971,39.147
2026-04-10 06:00,60,"PI_UIO_WHIMPER_TRR_UL/Cell:eNodeB Function Name=PI_UIO_WHIMPER_TRR_L, Local Cell ID=1, Cell Name=PI_UIO_WHIMPER_TRR_1, eNodeB ID=44968, Cell FDD TDD indication=CELL_FDD",Reliable,44.561,7.057
2026-04-10 06:00,60,"PI_UIO_WHIMPER_TRR_UL/Cell:eNodeB Function Name=PI_UIO_WHIMPER_TRR_L, Local Cell ID=2, Cell Name=PI_UIO_WHIMPER_TRR_2, eNodeB ID=44968, Cell FDD TDD indication=CELL_FDD",Reliable,171.412,8.079
2026-04-10 06:00,60,"PI_UIO_WHIMPER_TRR_UL/Cell:eNodeB Function Name=PI_UIO_WHIMPER_TRR_L, Local Cell ID=3, Cell Name=PI_UIO_WHIMPER_TRR_3, eNodeB ID=44968, Cell FDD TDD indication=CELL_FDD",Reliable,448.755,109.834
2026-04-10 06:00,60,"PI_UIO_WHIMPER_TRR_UL/Cell:eNodeB Function Name=PI_UIO_WHIMPER_TRR_L, Local Cell ID=11, Cell Name=PI_UIO_WHIMPER_TRR_11, eNodeB ID=44968, Cell FDD TDD indication=CELL_FDD",Reliable,0,0
2026-04-10 06:00,60,"PI_UIO_WHIMPER_TRR_UL/Cell:eNodeB Function Name=PI_UIO_WHIMPER_TRR_L, Local Cell ID=12, Cell Name=PI_UIO_WHIMPER_TRR_12, eNodeB ID=44968, Cell FDD TDD indication=CELL_FDD",Reliable,16.221,0.552
2026-04-10 06:00,60,"PI_UIO_WHIMPER_TRR_UL/Cell:eNodeB Function Name=PI_UIO_WHIMPER_TRR_L, Local Cell ID=13, Cell Name=PI_UIO_WHIMPER_TRR_13, eNodeB ID=44968, Cell FDD TDD indication=CELL_FDD",Reliable,30.006,2.177
2026-04-10 06:00,60,"PI_UIO_BELLO_HORIZONTE_TRR_UL/Cell:eNodeB Function Name=PIC_UIO_BELLO_HORIZONTE_TRR_L, Local Cell ID=1, Cell Name=PIC_UIO_BELLO_HORIZONTE_TRR_L21_1, eNodeB ID=44966, Cell FDD TDD indication=CELL_FDD",Reliable,522.703,79.727
2026-04-10 06:00,60,"PI_UIO_BELLO_HORIZONTE_TRR_UL/Cell:eNodeB Function Name=PIC_UIO_BELLO_HORIZONTE_TRR_L, Local Cell ID=2, Cell Name=PIC_UIO_BELLO_HORIZONTE_TRR_L21_2, eNodeB ID=44966, Cell FDD TDD indication=CELL_FDD",Reliable,1388.212,123.763
2026-04-10 06:00,60,"PI_UIO_BELLO_HORIZONTE_TRR_UL/Cell:eNodeB Function Name=PIC_UIO_BELLO_HORIZONTE_TRR_L, Local Cell ID=3, Cell Name=PIC_UIO_BELLO_HORIZONTE_TRR_L21_3, eNodeB ID=44966, Cell FDD TDD indication=CELL_FDD",Reliable,331.821,27.434
2026-04-10 06:00,60,"PI_UIO_BELLO_HORIZONTE_TRR_UL/Cell:eNodeB Function Name=PIC_UIO_BELLO_HORIZONTE_TRR_L, Local Cell ID=11, Cell Name=PIC_UIO_BELLO_HORIZONTE_TRR_L19_11, eNodeB ID=44966, Cell FDD TDD indication=CELL_FDD",Reliable,124.277,17.662
2026-04-10 06:00,60,"PI_UIO_BELLO_HORIZONTE_TRR_UL/Cell:eNodeB Function Name=PIC_UIO_BELLO_HORIZONTE_TRR_L, Local Cell ID=12, Cell Name=PIC_UIO_BELLO_HORIZONTE_TRR_L19_12, eNodeB ID=44966, Cell FDD TDD indication=CELL_FDD",Reliable,105.941,12.24
2026-04-10 06:00,60,"PI_UIO_BELLO_HORIZONTE_TRR_UL/Cell:eNodeB Function Name=PIC_UIO_BELLO_HORIZONTE_TRR_L, Local Cell ID=13, Cell Name=PIC_UIO_BELLO_HORIZONTE_TRR_L19_13, eNodeB ID=44966, Cell FDD TDD indication=CELL_FDD",Reliable,14.541,1.183
2026-04-10 06:00,60,"PI_UIO_PLAZA_ARGENTINA_UL/Cell:eNodeB Function Name=PI_UIO_PLAZA_ARGENTINA_L, Local Cell ID=1, Cell Name=PI_UIO_PLAZA_ARGENTINA_1, eNodeB ID=44328, Cell FDD TDD indication=CELL_FDD",Reliable,648.307,75.483
2026-04-10 06:00,60,"PI_UIO_PLAZA_ARGENTINA_UL/Cell:eNodeB Function Name=PI_UIO_PLAZA_ARGENTINA_L, Local Cell ID=2, Cell Name=PI_UIO_PLAZA_ARGENTINA_2, eNodeB ID=44328, Cell FDD TDD indication=CELL_FDD",Reliable,950.017,104.78
2026-04-10 06:00,60,"PI_UIO_PLAZA_ARGENTINA_UL/Cell:eNodeB Function Name=PI_UIO_PLAZA_ARGENTINA_L, Local Cell ID=3, Cell Name=PI_UIO_PLAZA_ARGENTINA_3, eNodeB ID=44328, Cell FDD TDD indication=CELL_FDD",Reliable,454.567,41.932
2026-04-10 06:00,60,"PI_UIO_PLAZA_ARGENTINA_UL/Cell:eNodeB Function Name=PI_UIO_PLAZA_ARGENTINA_L, Local Cell ID=11, Cell Name=PI_UIO_PLAZA_ARGENTINA_11, eNodeB ID=44328, Cell FDD TDD indication=CELL_FDD",Reliable,82.616,12.022
2026-04-10 06:00,60,"PI_UIO_PLAZA_ARGENTINA_UL/Cell:eNodeB Function Name=PI_UIO_PLAZA_ARGENTINA_L, Local Cell ID=12, Cell Name=PI_UIO_PLAZA_ARGENTINA_12, eNodeB ID=44328, Cell FDD TDD indication=CELL_FDD",Reliable,697.813,63.864
2026-04-10 06:00,60,"PI_UIO_PLAZA_ARGENTINA_UL/Cell:eNodeB Function Name=PI_UIO_PLAZA_ARGENTINA_L, Local Cell ID=13, Cell Name=PI_UIO_PLAZA_ARGENTINA_13, eNodeB ID=44328, Cell FDD TDD indication=CELL_FDD",Reliable,58.858,27.819
2026-04-10 06:00,60,"PI_UIO_NODO_1_EL_PINTADO_SIGCHOS_UL/Cell:eNodeB Function Name=PI_UIO_NODO_1_EL_PINTADO_SIGCHOSL21, Local Cell ID=1, Cell Name=PI_UIO_NODO_1_EL_PINTADO_SIGCHOS_1, eNodeB ID=44238, Cell FDD TDD indication=CELL_FDD",Reliable,372.513,34.454
2026-04-10 06:00,60,"PI_UIO_NODO_1_EL_PINTADO_SIGCHOS_UL/Cell:eNodeB Function Name=PI_UIO_NODO_1_EL_PINTADO_SIGCHOSL21, Local Cell ID=2, Cell Name=PI_UIO_NODO_1_EL_PINTADO_SIGCHOS_2, eNodeB ID=44238, Cell FDD TDD indication=CELL_FDD",Reliable,44.915,6.377
2026-04-10 06:00,60,"PI_UIO_NODO_1_EL_PINTADO_SIGCHOS_UL/Cell:eNodeB Function Name=PI_UIO_NODO_1_EL_PINTADO_SIGCHOSL21, Local Cell ID=3, Cell Name=PI_UIO_NODO_1_EL_PINTADO_SIGCHOS_3, eNodeB ID=44238, Cell FDD TDD indication=CELL_FDD",Reliable,1127.584,87.519
2026-04-10 06:00,60,"PI_UIO_LA_RAYA_UL/Cell:eNodeB Function Name=PI_UIO_LA_RAYAL21, Local Cell ID=1, Cell Name=PI_UIO_LA_RAYA_1, eNodeB ID=44347, Cell FDD TDD indication=CELL_FDD",Reliable,111.201,14.885
2026-04-10 06:00,60,"PI_UIO_LA_RAYA_UL/Cell:eNodeB Function Name=PI_UIO_LA_RAYAL21, Local Cell ID=2, Cell Name=PI_UIO_LA_RAYA_2, eNodeB ID=44347, Cell FDD TDD indication=CELL_FDD",Reliable,549.334,38.476
2026-04-10 06:00,60,"SD_SD_LAS_PALMERAS_UL/Cell:eNodeB Function Name=SD_SD_LAS_PALMERASL21, Local Cell ID=1, Cell Name=SD_SD_LAS_PALMERAS_1, eNodeB ID=44782, Cell FDD TDD indication=CELL_FDD",Reliable,159.317,24.439
2026-04-10 06:00,60,"SD_SD_LAS_PALMERAS_UL/Cell:eNodeB Function Name=SD_SD_LAS_PALMERASL21, Local Cell ID=2, Cell Name=SD_SD_LAS_PALMERAS_2, eNodeB ID=44782, Cell FDD TDD indication=CELL_FDD",Reliable,215.799,41.253
2026-04-10 06:00,60,"SD_SD_LAS_PALMERAS_UL/Cell:eNodeB Function Name=SD_SD_LAS_PALMERASL21, Local Cell ID=3, Cell Name=SD_SD_LAS_PALMERAS_3, eNodeB ID=44782, Cell FDD TDD indication=CELL_FDD",Reliable,1182.503,100.858
2026-04-10 06:00,60,"SD_SD_TSACHILAS_UL/Cell:eNodeB Function Name=STD_STD_TSACHILAS_L, Local Cell ID=1, Cell Name=SD_SD_TSACHILAS_1, eNodeB ID=44796, Cell FDD TDD indication=CELL_FDD",Reliable,226.894,26.671
2026-04-10 06:00,60,"SD_SD_TSACHILAS_UL/Cell:eNodeB Function Name=STD_STD_TSACHILAS_L, Local Cell ID=2, Cell Name=SD_SD_TSACHILAS_2, eNodeB ID=44796, Cell FDD TDD indication=CELL_FDD",Reliable,708.946,65.472
2026-04-10 06:00,60,"SD_SD_TSACHILAS_UL/Cell:eNodeB Function Name=STD_STD_TSACHILAS_L, Local Cell ID=3, Cell Name=SD_SD_TSACHILAS_3, eNodeB ID=44796, Cell FDD TDD indication=CELL_FDD",Reliable,157.156,32.047
2026-04-10 06:00,60,"PI_UIO_LA_BOTA_UL/Cell:eNodeB Function Name=PI_UIO_LA_BOTA_L, Local Cell ID=1, Cell Name=PI_UIO_LA_BOTA_1, eNodeB ID=44137, Cell FDD TDD indication=CELL_FDD",Reliable,1642.483,145.154
2026-04-10 06:00,60,"PI_UIO_LA_BOTA_UL/Cell:eNodeB Function Name=PI_UIO_LA_BOTA_L, Local Cell ID=2, Cell Name=PI_UIO_LA_BOTA_2, eNodeB ID=44137, Cell FDD TDD indication=CELL_FDD",Reliable,607.873,44.035
2026-04-10 06:00,60,"PI_UIO_LA_BOTA_UL/Cell:eNodeB Function Name=PI_UIO_LA_BOTA_L, Local Cell ID=3, Cell Name=PI_UIO_LA_BOTA_3, eNodeB ID=44137, Cell FDD TDD indication=CELL_FDD",Reliable,3491.327,359.607
2026-04-10 06:00,60,"PI_UIO_LA_BOTA_UL/Cell:eNodeB Function Name=PI_UIO_LA_BOTA_L, Local Cell ID=11, Cell Name=PI_UIO_LA_BOTA_11, eNodeB ID=44137, Cell FDD TDD indication=CELL_FDD",Reliable,214.628,12.105
2026-04-10 06:00,60,"PI_UIO_LA_BOTA_UL/Cell:eNodeB Function Name=PI_UIO_LA_BOTA_L, Local Cell ID=12, Cell Name=PI_UIO_LA_BOTA_12, eNodeB ID=44137, Cell FDD TDD indication=CELL_FDD",Reliable,22.348,2.623
2026-04-10 06:00,60,"PI_UIO_LA_BOTA_UL/Cell:eNodeB Function Name=PI_UIO_LA_BOTA_L, Local Cell ID=13, Cell Name=PI_UIO_LA_BOTA_13, eNodeB ID=44137, Cell FDD TDD indication=CELL_FDD",Reliable,237.159,151.688
2026-04-10 06:00,60,"PI_UIO_CARCELEN_UL/Cell:eNodeB Function Name=PI_UIO_CARCELENL21, Local Cell ID=1, Cell Name=PI_UIO_CARCELEN_1, eNodeB ID=44031, Cell FDD TDD indication=CELL_FDD",Reliable,1610.981,178.698
2026-04-10 06:00,60,"PI_UIO_CARCELEN_UL/Cell:eNodeB Function Name=PI_UIO_CARCELENL21, Local Cell ID=2, Cell Name=PI_UIO_CARCELEN_2, eNodeB ID=44031, Cell FDD TDD indication=CELL_FDD",Reliable,329.664,34.42
2026-04-10 06:00,60,"PI_UIO_CARCELEN_UL/Cell:eNodeB Function Name=PI_UIO_CARCELENL21, Local Cell ID=3, Cell Name=PI_UIO_CARCELEN_3, eNodeB ID=44031, Cell FDD TDD indication=CELL_FDD",Reliable,1137.387,63.557
2026-04-10 06:00,60,"PI_UIO_HOSP_SAN_FRANCISCO_UL/Cell:eNodeB Function Name=PI_UIO_HOSP_SAN_FRANCISCOL21, Local Cell ID=1, Cell Name=PI_UIO_HOSP_SAN_FRANCISCO_1, eNodeB ID=44998, Cell FDD TDD indication=CELL_FDD",Reliable,737.023,64.344
2026-04-10 06:00,60,"PI_UIO_HOSP_SAN_FRANCISCO_UL/Cell:eNodeB Function Name=PI_UIO_HOSP_SAN_FRANCISCOL21, Local Cell ID=2, Cell Name=PI_UIO_HOSP_SAN_FRANCISCO_2, eNodeB ID=44998, Cell FDD TDD indication=CELL_FDD",Reliable,3364.531,323.876
2026-04-10 06:00,60,"PI_UIO_HOSP_SAN_FRANCISCO_UL/Cell:eNodeB Function Name=PI_UIO_HOSP_SAN_FRANCISCOL21, Local Cell ID=3, Cell Name=PI_UIO_HOSP_SAN_FRANCISCO_3, eNodeB ID=44998, Cell FDD TDD indication=CELL_FDD",Reliable,368.296,38.6
2026-04-10 06:00,60,"PI_UIO_LIZARAZU_UL/Cell:eNodeB Function Name=PI_UIO_LIZARAZUL21, Local Cell ID=1, Cell Name=PI_UIO_LIZARAZU_1, eNodeB ID=44223, Cell FDD TDD indication=CELL_FDD",Reliable,815.953,122.228
2026-04-10 06:00,60,"PI_UIO_LIZARAZU_UL/Cell:eNodeB Function Name=PI_UIO_LIZARAZUL21, Local Cell ID=2, Cell Name=PI_UIO_LIZARAZU_2, eNodeB ID=44223, Cell FDD TDD indication=CELL_FDD",Reliable,856.897,55.389
2026-04-10 06:00,60,"PI_UIO_MENA_DEL_HIERRO_UL/Cell:eNodeB Function Name=PIC_UIO_MENA_DEL_HIERRO_L, Local Cell ID=1, Cell Name=PIC_UIO_MENA_DEL_HIERRO_L21_1, eNodeB ID=44299, Cell FDD TDD indication=CELL_FDD",Reliable,267.948,438.832
2026-04-10 06:00,60,"PI_UIO_MENA_DEL_HIERRO_UL/Cell:eNodeB Function Name=PIC_UIO_MENA_DEL_HIERRO_L, Local Cell ID=2, Cell Name=PIC_UIO_MENA_DEL_HIERRO_L21_2, eNodeB ID=44299, Cell FDD TDD indication=CELL_FDD",Reliable,419.56,31.973
2026-04-10 06:00,60,"PI_UIO_ESMIL_UL/Cell:eNodeB Function Name=PI_UIO_ESMILL21, Local Cell ID=1, Cell Name=PI_UIO_ESMIL_1, eNodeB ID=44265, Cell FDD TDD indication=CELL_FDD",Reliable,207.856,34.99
2026-04-10 06:00,60,"PI_UIO_ESMIL_UL/Cell:eNodeB Function Name=PI_UIO_ESMILL21, Local Cell ID=2, Cell Name=PI_UIO_ESMIL_2, eNodeB ID=44265, Cell FDD TDD indication=CELL_FDD",Reliable,807.13,54.657
2026-04-10 06:00,60,"PI_UIO_ESMIL_UL/Cell:eNodeB Function Name=PI_UIO_ESMILL21, Local Cell ID=3, Cell Name=PI_UIO_ESMIL_3, eNodeB ID=44265, Cell FDD TDD indication=CELL_FDD",Reliable,332.564,33.205
2026-04-10 06:00,60,"PI_UIO_MONJAS(3G)_UL/Cell:eNodeB Function Name=PIC_UIO_MONJAS_3G_L, Local Cell ID=1, Cell Name=PIC_UIO_MONJAS_3G_L21_1, eNodeB ID=44039, Cell FDD TDD indication=CELL_FDD",Reliable,539.001,552.19
2026-04-10 06:00,60,"PI_UIO_MONJAS(3G)_UL/Cell:eNodeB Function Name=PIC_UIO_MONJAS_3G_L, Local Cell ID=2, Cell Name=PIC_UIO_MONJAS_3G_L21_2, eNodeB ID=44039, Cell FDD TDD indication=CELL_FDD",Reliable,1092.742,57.927
2026-04-10 06:00,60,"PI_UIO_MONJAS(3G)_UL/Cell:eNodeB Function Name=PIC_UIO_MONJAS_3G_L, Local Cell ID=3, Cell Name=PIC_UIO_MONJAS_3G_L21_3, eNodeB ID=44039, Cell FDD TDD indication=CELL_FDD",Reliable,196.287,42.419
2026-04-10 06:00,60,"PI_UIO_MONJAS(3G)_UL/Cell:eNodeB Function Name=PIC_UIO_MONJAS_3G_L, Local Cell ID=7, Cell Name=PIC_UIO_MONJAS_3G_L7_7, eNodeB ID=44039, Cell FDD TDD indication=CELL_FDD",Reliable,426.285,31.808
2026-04-10 06:00,60,"PI_UIO_MONJAS(3G)_UL/Cell:eNodeB Function Name=PIC_UIO_MONJAS_3G_L, Local Cell ID=8, Cell Name=PIC_UIO_MONJAS_3G_L7_8, eNodeB ID=44039, Cell FDD TDD indication=CELL_FDD",Reliable,1086.372,77.385
2026-04-10 06:00,60,"PI_UIO_MONJAS(3G)_UL/Cell:eNodeB Function Name=PIC_UIO_MONJAS_3G_L, Local Cell ID=9, Cell Name=PIC_UIO_MONJAS_3G_L7_9, eNodeB ID=44039, Cell FDD TDD indication=CELL_FDD",Reliable,1221.191,161.12
2026-04-10 06:00,60,"PIC_UIO_VILLALENGUA_ULN/Cell:eNodeB Function Name=PI_UIO_VILLALENGUAL21, Local Cell ID=1, Cell Name=PI_UIO_VILLALENGUA_1, eNodeB ID=44385, Cell FDD TDD indication=CELL_FDD",Reliable,162.506,12.118
2026-04-10 06:00,60,"PIC_UIO_VILLALENGUA_ULN/Cell:eNodeB Function Name=PI_UIO_VILLALENGUAL21, Local Cell ID=2, Cell Name=PI_UIO_VILLALENGUA_2, eNodeB ID=44385, Cell FDD TDD indication=CELL_FDD",Reliable,393.6,945.49
2026-04-10 06:00,60,"PI_UIO_SANTA_RITA(3G)_UL/Cell:eNodeB Function Name=PI_UIO_SANTA_RITA(3G)_L, Local Cell ID=1, Cell Name=PI_UIO_SANTA_RITA(3G)_1, eNodeB ID=44044, Cell FDD TDD indication=CELL_FDD",Reliable,2934.502,166.427
2026-04-10 06:00,60,"PI_UIO_SANTA_RITA(3G)_UL/Cell:eNodeB Function Name=PI_UIO_SANTA_RITA(3G)_L, Local Cell ID=2, Cell Name=PI_UIO_SANTA_RITA(3G)_2, eNodeB ID=44044, Cell FDD TDD indication=CELL_FDD",Reliable,3879.232,286.286
2026-04-10 06:00,60,"PI_UIO_SANTA_RITA(3G)_UL/Cell:eNodeB Function Name=PI_UIO_SANTA_RITA(3G)_L, Local Cell ID=3, Cell Name=PI_UIO_SANTA_RITA(3G)_3, eNodeB ID=44044, Cell FDD TDD indication=CELL_FDD",Reliable,961.763,134.489
2026-04-10 06:00,60,"PI_UIO_SANTA_RITA(3G)_UL/Cell:eNodeB Function Name=PI_UIO_SANTA_RITA(3G)_L, Local Cell ID=7, Cell Name=PI_UIO_SANTA_RITA(3G)_APT_7, eNodeB ID=44044, Cell FDD TDD indication=CELL_FDD",Reliable,3205.439,205.888
2026-04-10 06:00,60,"PI_UIO_SANTA_RITA(3G)_UL/Cell:eNodeB Function Name=PI_UIO_SANTA_RITA(3G)_L, Local Cell ID=8, Cell Name=PI_UIO_SANTA_RITA(3G)_APT_8, eNodeB ID=44044, Cell FDD TDD indication=CELL_FDD",Reliable,786.916,205.292
2026-04-10 06:00,60,"PI_UIO_SANTA_RITA(3G)_UL/Cell:eNodeB Function Name=PI_UIO_SANTA_RITA(3G)_L, Local Cell ID=9, Cell Name=PI_UIO_SANTA_RITA(3G)_APT_9, eNodeB ID=44044, Cell FDD TDD indication=CELL_FDD",Reliable,1832.732,151.836
2026-04-10 06:00,60,"PI_UIO_SANTA_RITA(3G)_UL/Cell:eNodeB Function Name=PI_UIO_SANTA_RITA(3G)_L, Local Cell ID=11, Cell Name=PI_UIO_SANTA_RITA(3G)_11, eNodeB ID=44044, Cell FDD TDD indication=CELL_FDD",Reliable,46.193,2.207
2026-04-10 06:00,60,"PI_UIO_SANTA_RITA(3G)_UL/Cell:eNodeB Function Name=PI_UIO_SANTA_RITA(3G)_L, Local Cell ID=12, Cell Name=PI_UIO_SANTA_RITA(3G)_12, eNodeB ID=44044, Cell FDD TDD indication=CELL_FDD",Reliable,14.729,2.338
2026-04-10 06:00,60,"PI_UIO_SANTA_RITA(3G)_UL/Cell:eNodeB Function Name=PI_UIO_SANTA_RITA(3G)_L, Local Cell ID=13, Cell Name=PI_UIO_SANTA_RITA(3G)_13, eNodeB ID=44044, Cell FDD TDD indication=CELL_FDD",Reliable,30.176,1.713
2026-04-10 06:00,60,"PI_UIO_PLAZA_DEL_VALLE_UL/Cell:eNodeB Function Name=PI_UIO_PLAZA_DEL_VALLEL21, Local Cell ID=1, Cell Name=PI_UIO_PLAZA_DEL_VALLE_1, eNodeB ID=44932, Cell FDD TDD indication=CELL_FDD",Reliable,1740.489,127.512
2026-04-10 06:00,60,"PI_UIO_PLAZA_DEL_VALLE_UL/Cell:eNodeB Function Name=PI_UIO_PLAZA_DEL_VALLEL21, Local Cell ID=2, Cell Name=PI_UIO_PLAZA_DEL_VALLE_2, eNodeB ID=44932, Cell FDD TDD indication=CELL_FDD",Reliable,1857.504,239.316
2026-04-10 06:00,60,"PI_UIO_PLAZA_DEL_VALLE_UL/Cell:eNodeB Function Name=PI_UIO_PLAZA_DEL_VALLEL21, Local Cell ID=3, Cell Name=PI_UIO_PLAZA_DEL_VALLE_3, eNodeB ID=44932, Cell FDD TDD indication=CELL_FDD",Reliable,2586.812,240.719
2026-04-10 06:00,60,"PI_UIO_CALDERON_QUIFATEX_UL/Cell:eNodeB Function Name=PI_UIO_CALDERON_QUIFATEX_L, Local Cell ID=1, Cell Name=PI_UIO_CALDERON_QUIFATEX_1, eNodeB ID=44087, Cell FDD TDD indication=CELL_FDD",Reliable,1660.335,124.166
2026-04-10 06:00,60,"PI_UIO_CALDERON_QUIFATEX_UL/Cell:eNodeB Function Name=PI_UIO_CALDERON_QUIFATEX_L, Local Cell ID=2, Cell Name=PI_UIO_CALDERON_QUIFATEX_2, eNodeB ID=44087, Cell FDD TDD indication=CELL_FDD",Reliable,717.582,63.081
2026-04-10 06:00,60,"PI_UIO_CALDERON_QUIFATEX_UL/Cell:eNodeB Function Name=PI_UIO_CALDERON_QUIFATEX_L, Local Cell ID=3, Cell Name=PI_UIO_CALDERON_QUIFATEX_3, eNodeB ID=44087, Cell FDD TDD indication=CELL_FDD",Reliable,6840.791,737.752
2026-04-10 06:00,60,"PI_UIO_CALDERON_QUIFATEX_UL/Cell:eNodeB Function Name=PI_UIO_CALDERON_QUIFATEX_L, Local Cell ID=7, Cell Name=PI_UIO_CALDERON_QUIFATEX_APT_7, eNodeB ID=44087, Cell FDD TDD indication=CELL_FDD",Reliable,2442.022,390.729
2026-04-10 06:00,60,"PI_UIO_CALDERON_QUIFATEX_UL/Cell:eNodeB Function Name=PI_UIO_CALDERON_QUIFATEX_L, Local Cell ID=8, Cell Name=PI_UIO_CALDERON_QUIFATEX_APT_8, eNodeB ID=44087, Cell FDD TDD indication=CELL_FDD",Reliable,462.091,31.666
2026-04-10 06:00,60,"PI_UIO_CALDERON_QUIFATEX_UL/Cell:eNodeB Function Name=PI_UIO_CALDERON_QUIFATEX_L, Local Cell ID=9, Cell Name=PI_UIO_CALDERON_QUIFATEX_APT_9, eNodeB ID=44087, Cell FDD TDD indication=CELL_FDD",Reliable,2642.289,806.372
2026-04-10 06:00,60,"PI_UIO_CALDERON_QUIFATEX_UL/Cell:eNodeB Function Name=PI_UIO_CALDERON_QUIFATEX_L, Local Cell ID=11, Cell Name=PI_UIO_CALDERON_QUIFATEX_11, eNodeB ID=44087, Cell FDD TDD indication=CELL_FDD",Reliable,21.144,1.548
2026-04-10 06:00,60,"PI_UIO_CALDERON_QUIFATEX_UL/Cell:eNodeB Function Name=PI_UIO_CALDERON_QUIFATEX_L, Local Cell ID=12, Cell Name=PI_UIO_CALDERON_QUIFATEX_12, eNodeB ID=44087, Cell FDD TDD indication=CELL_FDD",Reliable,38.569,3.576
2026-04-10 06:00,60,"PI_UIO_CALDERON_QUIFATEX_UL/Cell:eNodeB Function Name=PI_UIO_CALDERON_QUIFATEX_L, Local Cell ID=13, Cell Name=PI_UIO_CALDERON_QUIFATEX_13, eNodeB ID=44087, Cell FDD TDD indication=CELL_FDD",Reliable,193.27,16.21
2026-04-10 06:00,60,"PI_UIO_CARAPUNGO_UL/Cell:eNodeB Function Name=PI_UIO_CARAPUNGOL21, Local Cell ID=1, Cell Name=PI_UIO_CARAPUNGO_1, eNodeB ID=44090, Cell FDD TDD indication=CELL_FDD",Reliable,1568.227,174.927
2026-04-10 06:00,60,"PI_UIO_CARAPUNGO_UL/Cell:eNodeB Function Name=PI_UIO_CARAPUNGOL21, Local Cell ID=2, Cell Name=PI_UIO_CARAPUNGO_2, eNodeB ID=44090, Cell FDD TDD indication=CELL_FDD",Reliable,1129.459,93.242
2026-04-10 06:00,60,"PI_UIO_CARAPUNGO_UL/Cell:eNodeB Function Name=PI_UIO_CARAPUNGOL21, Local Cell ID=3, Cell Name=PI_UIO_CARAPUNGO_3, eNodeB ID=44090, Cell FDD TDD indication=CELL_FDD",Reliable,1656.052,167.564
2026-04-10 06:00,60,"PIC_UIO_FLORON_TRR_ULN/Cell:eNodeB Function Name=PI_UIO_FLORON_TRR_L, Local Cell ID=1, Cell Name=PI_UIO_FLORON_TRR_1, eNodeB ID=44358, Cell FDD TDD indication=CELL_FDD",Reliable,359.132,36.332
2026-04-10 06:00,60,"PIC_UIO_FLORON_TRR_ULN/Cell:eNodeB Function Name=PI_UIO_FLORON_TRR_L, Local Cell ID=2, Cell Name=PI_UIO_FLORON_TRR_2, eNodeB ID=44358, Cell FDD TDD indication=CELL_FDD",Reliable,459.036,30.345
2026-04-10 06:00,60,"PIC_UIO_FLORON_TRR_ULN/Cell:eNodeB Function Name=PI_UIO_FLORON_TRR_L, Local Cell ID=3, Cell Name=PI_UIO_FLORON_TRR_3, eNodeB ID=44358, Cell FDD TDD indication=CELL_FDD",Reliable,461.408,48.621
2026-04-10 06:00,60,"PIC_UIO_FLORON_TRR_ULN/Cell:eNodeB Function Name=PI_UIO_FLORON_TRR_L, Local Cell ID=11, Cell Name=PI_UIO_FLORON_TRR_11, eNodeB ID=44358, Cell FDD TDD indication=CELL_FDD",Reliable,97.369,5.546
2026-04-10 06:00,60,"PIC_UIO_FLORON_TRR_ULN/Cell:eNodeB Function Name=PI_UIO_FLORON_TRR_L, Local Cell ID=12, Cell Name=PI_UIO_FLORON_TRR_12, eNodeB ID=44358, Cell FDD TDD indication=CELL_FDD",Reliable,52.968,4.092
2026-04-10 06:00,60,"PIC_UIO_FLORON_TRR_ULN/Cell:eNodeB Function Name=PI_UIO_FLORON_TRR_L, Local Cell ID=13, Cell Name=PI_UIO_FLORON_TRR_13, eNodeB ID=44358, Cell FDD TDD indication=CELL_FDD",Reliable,57.482,7.519
2026-04-10 06:00,60,"PI_UIO_CARAPUNGO_NORTE_UL/Cell:eNodeB Function Name=PI_UIO_CARAPUNGO_NORTEL21, Local Cell ID=1, Cell Name=PI_UIO_CARAPUNGO_NORTE_1, eNodeB ID=44089, Cell FDD TDD indication=CELL_FDD",Reliable,530.109,36.88
2026-04-10 06:00,60,"PI_UIO_CARAPUNGO_NORTE_UL/Cell:eNodeB Function Name=PI_UIO_CARAPUNGO_NORTEL21, Local Cell ID=2, Cell Name=PI_UIO_CARAPUNGO_NORTE_2, eNodeB ID=44089, Cell FDD TDD indication=CELL_FDD",Reliable,658.258,51.919
2026-04-10 06:00,60,"PI_UIO_CARAPUNGO_NORTE_UL/Cell:eNodeB Function Name=PI_UIO_CARAPUNGO_NORTEL21, Local Cell ID=3, Cell Name=PI_UIO_CARAPUNGO_NORTE_3, eNodeB ID=44089, Cell FDD TDD indication=CELL_FDD",Reliable,1325.604,100.787
2026-04-10 06:00,60,"PI_UIO_CONCHA_ACUSTICA_TRR_UL/Cell:eNodeB Function Name=PI_UIO_CONCHA_ACUSTICA_TRR_L, Local Cell ID=1, Cell Name=PI_UIO_CONCHA_ACUSTICA_TRR_1, eNodeB ID=44293, Cell FDD TDD indication=CELL_FDD",Reliable,1635.925,147.965
2026-04-10 06:00,60,"PI_UIO_CONCHA_ACUSTICA_TRR_UL/Cell:eNodeB Function Name=PI_UIO_CONCHA_ACUSTICA_TRR_L, Local Cell ID=2, Cell Name=PI_UIO_CONCHA_ACUSTICA_TRR_2, eNodeB ID=44293, Cell FDD TDD indication=CELL_FDD",Reliable,885.27,76.897
2026-04-10 06:00,60,"PI_UIO_CONCHA_ACUSTICA_TRR_UL/Cell:eNodeB Function Name=PI_UIO_CONCHA_ACUSTICA_TRR_L, Local Cell ID=3, Cell Name=PI_UIO_CONCHA_ACUSTICA_TRR_3, eNodeB ID=44293, Cell FDD TDD indication=CELL_FDD",Reliable,431.541,59.491
2026-04-10 06:00,60,"PI_UIO_CONCHA_ACUSTICA_TRR_UL/Cell:eNodeB Function Name=PI_UIO_CONCHA_ACUSTICA_TRR_L, Local Cell ID=11, Cell Name=PI_UIO_CONCHA_ACUSTICA_TRR_11, eNodeB ID=44293, Cell FDD TDD indication=CELL_FDD",Reliable,171.412,17.532
2026-04-10 06:00,60,"PI_UIO_CONCHA_ACUSTICA_TRR_UL/Cell:eNodeB Function Name=PI_UIO_CONCHA_ACUSTICA_TRR_L, Local Cell ID=12, Cell Name=PI_UIO_CONCHA_ACUSTICA_TRR_12, eNodeB ID=44293, Cell FDD TDD indication=CELL_FDD",Reliable,257.078,15.801
2026-04-10 06:00,60,"PI_UIO_CONCHA_ACUSTICA_TRR_UL/Cell:eNodeB Function Name=PI_UIO_CONCHA_ACUSTICA_TRR_L, Local Cell ID=13, Cell Name=PI_UIO_CONCHA_ACUSTICA_TRR_13, eNodeB ID=44293, Cell FDD TDD indication=CELL_FDD",Reliable,25.17,2.169
2026-04-10 06:00,60,"PIC_UIO_CALDERON_UL/Cell:eNodeB Function Name=PIC_UIO_CALDERON_L, Local Cell ID=1, Cell Name=PIC_UIO_CALDERON_L21_1, eNodeB ID=44049, Cell FDD TDD indication=CELL_FDD",Reliable,2011.295,173.531
2026-04-10 06:00,60,"PIC_UIO_CALDERON_UL/Cell:eNodeB Function Name=PIC_UIO_CALDERON_L, Local Cell ID=2, Cell Name=PIC_UIO_CALDERON_L21_2, eNodeB ID=44049, Cell FDD TDD indication=CELL_FDD",Reliable,1186.991,154.987
2026-04-10 06:00,60,"PIC_UIO_CALDERON_UL/Cell:eNodeB Function Name=PIC_UIO_CALDERON_L, Local Cell ID=3, Cell Name=PIC_UIO_CALDERON_L21_3, eNodeB ID=44049, Cell FDD TDD indication=CELL_FDD",Reliable,2081.128,227.507
2026-04-10 06:00,60,"PIC_UIO_CALDERON_UL/Cell:eNodeB Function Name=PIC_UIO_CALDERON_L, Local Cell ID=7, Cell Name=PIC_UIO_CALDERON_L7_7, eNodeB ID=44049, Cell FDD TDD indication=CELL_FDD",Reliable,2644.547,548.416
2026-04-10 06:00,60,"PIC_UIO_CALDERON_UL/Cell:eNodeB Function Name=PIC_UIO_CALDERON_L, Local Cell ID=8, Cell Name=PIC_UIO_CALDERON_L7_8, eNodeB ID=44049, Cell FDD TDD indication=CELL_FDD",Reliable,3047.494,401.084
2026-04-10 06:00,60,"PIC_UIO_CALDERON_UL/Cell:eNodeB Function Name=PIC_UIO_CALDERON_L, Local Cell ID=9, Cell Name=PIC_UIO_CALDERON_L7_9, eNodeB ID=44049, Cell FDD TDD indication=CELL_FDD",Reliable,1327.177,308.135
2026-04-10 06:00,60,"PIC_UIO_CALDERON_UL/Cell:eNodeB Function Name=PIC_UIO_CALDERON_L, Local Cell ID=11, Cell Name=PIC_UIO_CALDERON_L19_11, eNodeB ID=44049, Cell FDD TDD indication=CELL_FDD",Reliable,254.242,22.109
2026-04-10 06:00,60,"PIC_UIO_CALDERON_UL/Cell:eNodeB Function Name=PIC_UIO_CALDERON_L, Local Cell ID=12, Cell Name=PIC_UIO_CALDERON_L19_12, eNodeB ID=44049, Cell FDD TDD indication=CELL_FDD",Reliable,428.741,65.4
2026-04-10 06:00,60,"PIC_UIO_CALDERON_UL/Cell:eNodeB Function Name=PIC_UIO_CALDERON_L, Local Cell ID=13, Cell Name=PIC_UIO_CALDERON_L19_13, eNodeB ID=44049, Cell FDD TDD indication=CELL_FDD",Reliable,254.463,23.758
2026-04-10 06:00,60,"PI_UIO_LLANO_GRANDE_UL/Cell:eNodeB Function Name=PI_UIO_LLANO_GRANDE_L, Local Cell ID=1, Cell Name=PI_UIO_LLANO_GRANDE_1, eNodeB ID=44150, Cell FDD TDD indication=CELL_FDD",Reliable,824.388,74.809
2026-04-10 06:00,60,"PI_UIO_LLANO_GRANDE_UL/Cell:eNodeB Function Name=PI_UIO_LLANO_GRANDE_L, Local Cell ID=2, Cell Name=PI_UIO_LLANO_GRANDE_2, eNodeB ID=44150, Cell FDD TDD indication=CELL_FDD",Reliable,713.701,59.917
2026-04-10 06:00,60,"PI_UIO_LLANO_GRANDE_UL/Cell:eNodeB Function Name=PI_UIO_LLANO_GRANDE_L, Local Cell ID=3, Cell Name=PI_UIO_LLANO_GRANDE_3, eNodeB ID=44150, Cell FDD TDD indication=CELL_FDD",Reliable,1037.212,177.514
2026-04-10 06:00,60,"PI_UIO_LLANO_GRANDE_UL/Cell:eNodeB Function Name=PI_UIO_LLANO_GRANDE_L, Local Cell ID=11, Cell Name=PI_UIO_LLANO_GRANDE_11, eNodeB ID=44150, Cell FDD TDD indication=CELL_FDD",Reliable,21.775,2.142
2026-04-10 06:00,60,"PI_UIO_LLANO_GRANDE_UL/Cell:eNodeB Function Name=PI_UIO_LLANO_GRANDE_L, Local Cell ID=12, Cell Name=PI_UIO_LLANO_GRANDE_12, eNodeB ID=44150, Cell FDD TDD indication=CELL_FDD",Reliable,143.42,17.976
2026-04-10 06:00,60,"PI_UIO_LLANO_GRANDE_UL/Cell:eNodeB Function Name=PI_UIO_LLANO_GRANDE_L, Local Cell ID=13, Cell Name=PI_UIO_LLANO_GRANDE_13, eNodeB ID=44150, Cell FDD TDD indication=CELL_FDD",Reliable,35.762,3.602
2026-04-10 06:00,60,"PI_UIO_SAN_ANTONIO_CENTRO_UL/Cell:eNodeB Function Name=PIC_UIO_SAN_ANTONIO_CENTRO_L, Local Cell ID=1, Cell Name=PIC_UIO_SAN_ANTONIO_CENTRO_L21_1, eNodeB ID=44234, Cell FDD TDD indication=CELL_FDD",Reliable,1126.785,171.609
2026-04-10 06:00,60,"PI_UIO_SAN_ANTONIO_CENTRO_UL/Cell:eNodeB Function Name=PIC_UIO_SAN_ANTONIO_CENTRO_L, Local Cell ID=2, Cell Name=PIC_UIO_SAN_ANTONIO_CENTRO_L21_2, eNodeB ID=44234, Cell FDD TDD indication=CELL_FDD",Reliable,693.489,57.265
2026-04-10 06:00,60,"PI_UIO_SAN_ANTONIO_CENTRO_UL/Cell:eNodeB Function Name=PIC_UIO_SAN_ANTONIO_CENTRO_L, Local Cell ID=3, Cell Name=PIC_UIO_SAN_ANTONIO_CENTRO_L21_3, eNodeB ID=44234, Cell FDD TDD indication=CELL_FDD",Reliable,917.055,62.968
2026-04-10 06:00,60,"PI_UIO_CARCELEN_JOSEFINOS_UL/Cell:eNodeB Function Name=PI_UIO_CARCELEN_JOSEFINOS_L, Local Cell ID=1, Cell Name=PI_UIO_CARCELEN_JOSEFINOS_1, eNodeB ID=44093, Cell FDD TDD indication=CELL_FDD",Reliable,1480.043,108.938
2026-04-10 06:00,60,"PI_UIO_CARCELEN_JOSEFINOS_UL/Cell:eNodeB Function Name=PI_UIO_CARCELEN_JOSEFINOS_L, Local Cell ID=2, Cell Name=PI_UIO_CARCELEN_JOSEFINOS_2, eNodeB ID=44093, Cell FDD TDD indication=CELL_FDD",Reliable,1344.02,87.194
2026-04-10 06:00,60,"PI_UIO_CARCELEN_JOSEFINOS_UL/Cell:eNodeB Function Name=PI_UIO_CARCELEN_JOSEFINOS_L, Local Cell ID=3, Cell Name=PI_UIO_CARCELEN_JOSEFINOS_3, eNodeB ID=44093, Cell FDD TDD indication=CELL_FDD",Reliable,1646.62,143.046
2026-04-10 06:00,60,"PI_UIO_CARCELEN_JOSEFINOS_UL/Cell:eNodeB Function Name=PI_UIO_CARCELEN_JOSEFINOS_L, Local Cell ID=11, Cell Name=PI_UIO_CARCELEN_JOSEFINOS_11, eNodeB ID=44093, Cell FDD TDD indication=CELL_FDD",Reliable,47.47,10.406
2026-04-10 06:00,60,"PI_UIO_CARCELEN_JOSEFINOS_UL/Cell:eNodeB Function Name=PI_UIO_CARCELEN_JOSEFINOS_L, Local Cell ID=12, Cell Name=PI_UIO_CARCELEN_JOSEFINOS_12, eNodeB ID=44093, Cell FDD TDD indication=CELL_FDD",Reliable,91.205,5.899
2026-04-10 06:00,60,"PI_UIO_CARCELEN_JOSEFINOS_UL/Cell:eNodeB Function Name=PI_UIO_CARCELEN_JOSEFINOS_L, Local Cell ID=13, Cell Name=PI_UIO_CARCELEN_JOSEFINOS_13, eNodeB ID=44093, Cell FDD TDD indication=CELL_FDD",Reliable,63.778,8.168
2026-04-10 06:00,60,"PI_UIO_GRANILANDIA_UL/Cell:eNodeB Function Name=PI_UIO_GRANILANDIA_L, Local Cell ID=1, Cell Name=PI_UIO_GRANILANDIA_1, eNodeB ID=44037, Cell FDD TDD indication=CELL_FDD",Reliable,720.439,62.613
2026-04-10 06:00,60,"PI_UIO_GRANILANDIA_UL/Cell:eNodeB Function Name=PI_UIO_GRANILANDIA_L, Local Cell ID=2, Cell Name=PI_UIO_GRANILANDIA_2, eNodeB ID=44037, Cell FDD TDD indication=CELL_FDD",Reliable,3703.364,403.222
2026-04-10 06:00,60,"PI_UIO_GRANILANDIA_UL/Cell:eNodeB Function Name=PI_UIO_GRANILANDIA_L, Local Cell ID=3, Cell Name=PI_UIO_GRANILANDIA_3, eNodeB ID=44037, Cell FDD TDD indication=CELL_FDD",Reliable,2973.928,279.974
2026-04-10 06:00,60,"PI_UIO_GRANILANDIA_UL/Cell:eNodeB Function Name=PI_UIO_GRANILANDIA_L, Local Cell ID=7, Cell Name=PI_UIO_GRANILANDIA_APT_7, eNodeB ID=44037, Cell FDD TDD indication=CELL_FDD",Reliable,1563.84,185.918
2026-04-10 06:00,60,"PI_UIO_GRANILANDIA_UL/Cell:eNodeB Function Name=PI_UIO_GRANILANDIA_L, Local Cell ID=8, Cell Name=PI_UIO_GRANILANDIA_APT_8, eNodeB ID=44037, Cell FDD TDD indication=CELL_FDD",Reliable,947.901,114.809
2026-04-10 06:00,60,"PI_UIO_GRANILANDIA_UL/Cell:eNodeB Function Name=PI_UIO_GRANILANDIA_L, Local Cell ID=9, Cell Name=PI_UIO_GRANILANDIA_APT_9, eNodeB ID=44037, Cell FDD TDD indication=CELL_FDD",Reliable,604.504,72.744
2026-04-10 06:00,60,"PI_UIO_GRANILANDIA_UL/Cell:eNodeB Function Name=PI_UIO_GRANILANDIA_L, Local Cell ID=11, Cell Name=PI_UIO_GRANILANDIA_11, eNodeB ID=44037, Cell FDD TDD indication=CELL_FDD",Reliable,6.256,13.45
2026-04-10 06:00,60,"PI_UIO_GRANILANDIA_UL/Cell:eNodeB Function Name=PI_UIO_GRANILANDIA_L, Local Cell ID=12, Cell Name=PI_UIO_GRANILANDIA_12, eNodeB ID=44037, Cell FDD TDD indication=CELL_FDD",Reliable,331.175,30.34
2026-04-10 06:00,60,"PI_UIO_GRANILANDIA_UL/Cell:eNodeB Function Name=PI_UIO_GRANILANDIA_L, Local Cell ID=13, Cell Name=PI_UIO_GRANILANDIA_13, eNodeB ID=44037, Cell FDD TDD indication=CELL_FDD",Reliable,25.468,51.315
2026-04-10 06:00,60,"PIC_UIO_POMASQUI_UL/Cell:eNodeB Function Name=PIC_UIO_POMASQUI_L, Local Cell ID=1, Cell Name=PIC_UIO_POMASQUI_L21_1, eNodeB ID=44177, Cell FDD TDD indication=CELL_FDD",Reliable,576.931,66.242
2026-04-10 06:00,60,"PIC_UIO_POMASQUI_UL/Cell:eNodeB Function Name=PIC_UIO_POMASQUI_L, Local Cell ID=2, Cell Name=PIC_UIO_POMASQUI_L21_2, eNodeB ID=44177, Cell FDD TDD indication=CELL_FDD",Reliable,1173.419,231.344
2026-04-10 06:00,60,"PIC_UIO_POMASQUI_UL/Cell:eNodeB Function Name=PIC_UIO_POMASQUI_L, Local Cell ID=3, Cell Name=PIC_UIO_POMASQUI_L21_3, eNodeB ID=44177, Cell FDD TDD indication=CELL_FDD",Reliable,705.569,47.854
2026-04-10 06:00,60,"PIC_UIO_POMASQUI_UL/Cell:eNodeB Function Name=PIC_UIO_POMASQUI_L, Local Cell ID=7, Cell Name=PIC_UIO_POMASQUI_L7_7, eNodeB ID=44177, Cell FDD TDD indication=CELL_FDD",Reliable,182.348,24.824
2026-04-10 06:00,60,"PIC_UIO_POMASQUI_UL/Cell:eNodeB Function Name=PIC_UIO_POMASQUI_L, Local Cell ID=8, Cell Name=PIC_UIO_POMASQUI_L7_8, eNodeB ID=44177, Cell FDD TDD indication=CELL_FDD",Reliable,1483.287,156.298
2026-04-10 06:00,60,"PIC_UIO_POMASQUI_UL/Cell:eNodeB Function Name=PIC_UIO_POMASQUI_L, Local Cell ID=9, Cell Name=PIC_UIO_POMASQUI_L7_9, eNodeB ID=44177, Cell FDD TDD indication=CELL_FDD",Reliable,146.598,17.786
2026-04-10 06:00,60,"PI_UIO_RITHER_UL/Cell:eNodeB Function Name=PI_UIO_RITHERL21, Local Cell ID=1, Cell Name=PI_UIO_RITHER_1, eNodeB ID=44246, Cell FDD TDD indication=CELL_FDD",Reliable,1260.358,143.83
2026-04-10 06:00,60,"PI_UIO_RITHER_UL/Cell:eNodeB Function Name=PI_UIO_RITHERL21, Local Cell ID=2, Cell Name=PI_UIO_RITHER_2, eNodeB ID=44246, Cell FDD TDD indication=CELL_FDD",Reliable,368.424,62.592
2026-04-10 06:00,60,"ES_ATA_ATACAMES_UL/Cell:eNodeB Function Name=ES_ATA_ATACAMESL21, Local Cell ID=1, Cell Name=ES_ATA_ATACAMES_1, eNodeB ID=44604, Cell FDD TDD indication=CELL_FDD",Reliable,165.483,6.048
2026-04-10 06:00,60,"ES_ATA_ATACAMES_UL/Cell:eNodeB Function Name=ES_ATA_ATACAMESL21, Local Cell ID=2, Cell Name=ES_ATA_ATACAMES_2, eNodeB ID=44604, Cell FDD TDD indication=CELL_FDD",Reliable,264.434,31.554
2026-04-10 06:00,60,"ES_ATA_ATACAMES_UL/Cell:eNodeB Function Name=ES_ATA_ATACAMESL21, Local Cell ID=3, Cell Name=ES_ATA_ATACAMES_3, eNodeB ID=44604, Cell FDD TDD indication=CELL_FDD",Reliable,11.787,3.226
2026-04-10 06:00,60,"ES_ATA_ATACAMES_UL/Cell:eNodeB Function Name=ES_ATA_ATACAMESL21, Local Cell ID=7, Cell Name=ES_ATA_ATACAMES_APT_7, eNodeB ID=44604, Cell FDD TDD indication=CELL_FDD",Reliable,500.892,55.847
2026-04-10 06:00,60,"ES_ATA_ATACAMES_UL/Cell:eNodeB Function Name=ES_ATA_ATACAMESL21, Local Cell ID=8, Cell Name=ES_ATA_ATACAMES_APT_8, eNodeB ID=44604, Cell FDD TDD indication=CELL_FDD",Reliable,166.317,30.522
2026-04-10 06:00,60,"ES_ATA_ATACAMES_UL/Cell:eNodeB Function Name=ES_ATA_ATACAMESL21, Local Cell ID=9, Cell Name=ES_ATA_ATACAMES_APT_9, eNodeB ID=44604, Cell FDD TDD indication=CELL_FDD",Reliable,587.316,27.428
2026-04-10 06:00,60,"ES_ATA_TONSUPA_MALECON_UL/Cell:eNodeB Function Name=ES_ATA_TONSUPA_MALECONL21, Local Cell ID=1, Cell Name=ES_ATA_TONSUPA_MALECON_1, eNodeB ID=44610, Cell FDD TDD indication=CELL_FDD",Reliable,319.815,20.933
2026-04-10 06:00,60,"ES_ATA_TONSUPA_MALECON_UL/Cell:eNodeB Function Name=ES_ATA_TONSUPA_MALECONL21, Local Cell ID=2, Cell Name=ES_ATA_TONSUPA_MALECON_2, eNodeB ID=44610, Cell FDD TDD indication=CELL_FDD",Reliable,454.915,60.044
2026-04-10 06:00,60,"ES_ATA_TONSUPA_MALECON_UL/Cell:eNodeB Function Name=ES_ATA_TONSUPA_MALECONL21, Local Cell ID=3, Cell Name=ES_ATA_TONSUPA_MALECON_3, eNodeB ID=44610, Cell FDD TDD indication=CELL_FDD",Reliable,257.843,37.138
2026-04-10 06:00,60,"PIC_UIO_BENALCAZAR_1000_TRR_ULN/Cell:eNodeB Function Name=PIC_UIO_BENALCAZAR_1000_TRR_L, Local Cell ID=1, Cell Name=PIC_UIO_BENALCAZAR_1000_TRR_L21_1, eNodeB ID=44961, Cell FDD TDD indication=CELL_FDD",Reliable,303.849,30.124
2026-04-10 06:00,60,"PIC_UIO_BENALCAZAR_1000_TRR_ULN/Cell:eNodeB Function Name=PIC_UIO_BENALCAZAR_1000_TRR_L, Local Cell ID=2, Cell Name=PIC_UIO_BENALCAZAR_1000_TRR_L21_2, eNodeB ID=44961, Cell FDD TDD indication=CELL_FDD",Reliable,708.175,155.744
2026-04-10 06:00,60,"PIC_UIO_BENALCAZAR_1000_TRR_ULN/Cell:eNodeB Function Name=PIC_UIO_BENALCAZAR_1000_TRR_L, Local Cell ID=3, Cell Name=PIC_UIO_BENALCAZAR_1000_TRR_L21_3, eNodeB ID=44961, Cell FDD TDD indication=CELL_FDD",Reliable,178.418,15.465
2026-04-10 06:00,60,"PIC_UIO_BENALCAZAR_1000_TRR_ULN/Cell:eNodeB Function Name=PIC_UIO_BENALCAZAR_1000_TRR_L, Local Cell ID=11, Cell Name=PIC_UIO_BENALCAZAR_1000_TRR_L19_11, eNodeB ID=44961, Cell FDD TDD indication=CELL_FDD",Reliable,25.312,1.684
2026-04-10 06:00,60,"PIC_UIO_BENALCAZAR_1000_TRR_ULN/Cell:eNodeB Function Name=PIC_UIO_BENALCAZAR_1000_TRR_L, Local Cell ID=12, Cell Name=PIC_UIO_BENALCAZAR_1000_TRR_L19_12, eNodeB ID=44961, Cell FDD TDD indication=CELL_FDD",Reliable,20.153,3.83
2026-04-10 06:00,60,"PIC_UIO_BENALCAZAR_1000_TRR_ULN/Cell:eNodeB Function Name=PIC_UIO_BENALCAZAR_1000_TRR_L, Local Cell ID=13, Cell Name=PIC_UIO_BENALCAZAR_1000_TRR_L19_13, eNodeB ID=44961, Cell FDD TDD indication=CELL_FDD",Reliable,39.329,2.351
2026-04-10 06:00,60,"ES_ATA_ATACAMES_CENTRO_UL/Cell:eNodeB Function Name=ESM_ATA_ATACAMES_CENTRO_L, Local Cell ID=1, Cell Name=ESM_ATA_ATACAMES_CENTRO_L21_1, eNodeB ID=44609, Cell FDD TDD indication=CELL_FDD",Reliable,2613.092,129.743
2026-04-10 06:00,60,"ES_ATA_ATACAMES_CENTRO_UL/Cell:eNodeB Function Name=ESM_ATA_ATACAMES_CENTRO_L, Local Cell ID=2, Cell Name=ESM_ATA_ATACAMES_CENTRO_L21_2, eNodeB ID=44609, Cell FDD TDD indication=CELL_FDD",Reliable,534.938,40.895
2026-04-10 06:00,60,"ES_ATA_ATACAMES_CENTRO_UL/Cell:eNodeB Function Name=ESM_ATA_ATACAMES_CENTRO_L, Local Cell ID=3, Cell Name=ESM_ATA_ATACAMES_CENTRO_L21_3, eNodeB ID=44609, Cell FDD TDD indication=CELL_FDD",Reliable,733.727,84.136
2026-04-10 06:00,60,"ES_ESM_ESMERALDAS_CENTRO_UL/Cell:eNodeB Function Name=ES_ESM_ESMERALDAS_CENTROL21, Local Cell ID=1, Cell Name=ES_ESM_ESMERALDAS_CENTRO_1, eNodeB ID=44600, Cell FDD TDD indication=CELL_FDD",Reliable,126.525,10.469
2026-04-10 06:00,60,"ES_ESM_ESMERALDAS_CENTRO_UL/Cell:eNodeB Function Name=ES_ESM_ESMERALDAS_CENTROL21, Local Cell ID=2, Cell Name=ES_ESM_ESMERALDAS_CENTRO_2, eNodeB ID=44600, Cell FDD TDD indication=CELL_FDD",Reliable,259.03,22.671
2026-04-10 06:00,60,"ES_ESM_ESMERALDAS_CENTRO_UL/Cell:eNodeB Function Name=ES_ESM_ESMERALDAS_CENTROL21, Local Cell ID=3, Cell Name=ES_ESM_ESMERALDAS_CENTRO_3, eNodeB ID=44600, Cell FDD TDD indication=CELL_FDD",Reliable,507.269,158.72
2026-04-10 06:00,60,"ES_ESM_ESMERALDAS_CENTRO_UL/Cell:eNodeB Function Name=ES_ESM_ESMERALDAS_CENTROL21, Local Cell ID=7, Cell Name=ES_ESM_ESMERALDAS_CENTRO_APT_7, eNodeB ID=44600, Cell FDD TDD indication=CELL_FDD",Reliable,322.403,46.377
2026-04-10 06:00,60,"ES_ESM_ESMERALDAS_CENTRO_UL/Cell:eNodeB Function Name=ES_ESM_ESMERALDAS_CENTROL21, Local Cell ID=8, Cell Name=ES_ESM_ESMERALDAS_CENTRO_APT_8, eNodeB ID=44600, Cell FDD TDD indication=CELL_FDD",Reliable,151.561,79.709
2026-04-10 06:00,60,"ES_ESM_ESMERALDAS_CENTRO_UL/Cell:eNodeB Function Name=ES_ESM_ESMERALDAS_CENTROL21, Local Cell ID=9, Cell Name=ES_ESM_ESMERALDAS_CENTRO_APT_9, eNodeB ID=44600, Cell FDD TDD indication=CELL_FDD",Reliable,897.233,49.918
2026-04-10 06:00,60,"ES_ESM_CNT_CENTRAL_UL/Cell:eNodeB Function Name=ES_ESM_CNT_CENTRALL21, Local Cell ID=1, Cell Name=ES_ESM_CNT_CENTRAL_1, eNodeB ID=44606, Cell FDD TDD indication=CELL_FDD",Reliable,9.28,0.977
2026-04-10 06:00,60,"ES_ESM_CNT_CENTRAL_UL/Cell:eNodeB Function Name=ES_ESM_CNT_CENTRALL21, Local Cell ID=2, Cell Name=ES_ESM_CNT_CENTRAL_2, eNodeB ID=44606, Cell FDD TDD indication=CELL_FDD",Reliable,85.949,9.426
2026-04-10 06:00,60,"ES_ESM_CNT_CENTRAL_UL/Cell:eNodeB Function Name=ES_ESM_CNT_CENTRALL21, Local Cell ID=3, Cell Name=ES_ESM_CNT_CENTRAL_3, eNodeB ID=44606, Cell FDD TDD indication=CELL_FDD",Reliable,35.858,16.425
2026-04-10 06:00,60,"TU_AMB_COL_BOLIVAR_UL/Cell:eNodeB Function Name=TU_AMB_COL_BOLIVARL21, Local Cell ID=1, Cell Name=TU_AMB_COL_BOLIVAR_1, eNodeB ID=44466, Cell FDD TDD indication=CELL_FDD",Reliable,1287.333,106.166
2026-04-10 06:00,60,"TU_AMB_COL_BOLIVAR_UL/Cell:eNodeB Function Name=TU_AMB_COL_BOLIVARL21, Local Cell ID=2, Cell Name=TU_AMB_COL_BOLIVAR_2, eNodeB ID=44466, Cell FDD TDD indication=CELL_FDD",Reliable,694.478,64.618
2026-04-10 06:00,60,"TU_AMB_COL_BOLIVAR_UL/Cell:eNodeB Function Name=TU_AMB_COL_BOLIVARL21, Local Cell ID=3, Cell Name=TU_AMB_COL_BOLIVAR_3, eNodeB ID=44466, Cell FDD TDD indication=CELL_FDD",Reliable,1661.291,106.068
2026-04-10 06:00,60,"TUN_AMB_LETAMENDI_ULN/Cell:eNodeB Function Name=TU_AMB_LETAMENDIL21, Local Cell ID=1, Cell Name=TU_AMB_LETAMENDI_1, eNodeB ID=44515, Cell FDD TDD indication=CELL_FDD",Reliable,721.579,67.567
2026-04-10 06:00,60,"TUN_AMB_LETAMENDI_ULN/Cell:eNodeB Function Name=TU_AMB_LETAMENDIL21, Local Cell ID=2, Cell Name=TU_AMB_LETAMENDI_2, eNodeB ID=44515, Cell FDD TDD indication=CELL_FDD",Reliable,68.94,8.805
2026-04-10 06:00,60,"TU_AMB_CASINO_COUB_UL/Cell:eNodeB Function Name=TU_AMB_CASINO_COUBL21, Local Cell ID=1, Cell Name=TU_AMB_CASINO_COUB_1, eNodeB ID=44485, Cell FDD TDD indication=CELL_FDD",Reliable,379.913,23.21
2026-04-10 06:00,60,"TU_AMB_CASINO_COUB_UL/Cell:eNodeB Function Name=TU_AMB_CASINO_COUBL21, Local Cell ID=2, Cell Name=TU_AMB_CASINO_COUB_2, eNodeB ID=44485, Cell FDD TDD indication=CELL_FDD",Reliable,842.733,76.134
2026-04-10 06:00,60,"TU_AMB_CASINO_COUB_UL/Cell:eNodeB Function Name=TU_AMB_CASINO_COUBL21, Local Cell ID=3, Cell Name=TU_AMB_CASINO_COUB_3, eNodeB ID=44485, Cell FDD TDD indication=CELL_FDD",Reliable,1274.275,93.92
2026-04-10 06:00,60,"TU_AMB_COLISEO_DEPORTES_UL/Cell:eNodeB Function Name=TU_AMB_COLISEO_DEPORTESL21, Local Cell ID=1, Cell Name=TU_AMB_COLISEO_DEPORTES_1, eNodeB ID=44467, Cell FDD TDD indication=CELL_FDD",Reliable,948.41,74.605
2026-04-10 06:00,60,"TU_AMB_COLISEO_DEPORTES_UL/Cell:eNodeB Function Name=TU_AMB_COLISEO_DEPORTESL21, Local Cell ID=2, Cell Name=TU_AMB_COLISEO_DEPORTES_2, eNodeB ID=44467, Cell FDD TDD indication=CELL_FDD",Reliable,1316.743,175.11
2026-04-10 06:00,60,"TU_AMB_COLISEO_DEPORTES_UL/Cell:eNodeB Function Name=TU_AMB_COLISEO_DEPORTESL21, Local Cell ID=3, Cell Name=TU_AMB_COLISEO_DEPORTES_3, eNodeB ID=44467, Cell FDD TDD indication=CELL_FDD",Reliable,420.86,54.228
2026-04-10 06:00,60,"TU_AMB_ECU_911_UL/Cell:eNodeB Function Name=TU_AMB_ECU_911L21, Local Cell ID=1, Cell Name=TU_AMB_ECU_911_1, eNodeB ID=44511, Cell FDD TDD indication=CELL_FDD",Reliable,680.153,132.854
2026-04-10 06:00,60,"TU_AMB_ECU_911_UL/Cell:eNodeB Function Name=TU_AMB_ECU_911L21, Local Cell ID=2, Cell Name=TU_AMB_ECU_911_2, eNodeB ID=44511, Cell FDD TDD indication=CELL_FDD",Reliable,1752.132,80.08
2026-04-10 06:00,60,"TU_AMB_ECU_911_UL/Cell:eNodeB Function Name=TU_AMB_ECU_911L21, Local Cell ID=3, Cell Name=TU_AMB_ECU_911_3, eNodeB ID=44511, Cell FDD TDD indication=CELL_FDD",Reliable,1151.913,119.163
2026-04-10 06:00,60,"TU_AMB_HUACHI_SOLIS_TRR_UL/Cell:eNodeB Function Name=TU_AMB_HUACHI_SOLIS_TRRL21, Local Cell ID=1, Cell Name=TU_AMB_HUACHI_SOLIS_TRR_1, eNodeB ID=44805, Cell FDD TDD indication=CELL_FDD",Reliable,1036.758,70.828
2026-04-10 06:00,60,"TU_AMB_HUACHI_SOLIS_TRR_UL/Cell:eNodeB Function Name=TU_AMB_HUACHI_SOLIS_TRRL21, Local Cell ID=2, Cell Name=TU_AMB_HUACHI_SOLIS_TRR_2, eNodeB ID=44805, Cell FDD TDD indication=CELL_FDD",Reliable,615.894,70.601
2026-04-10 06:00,60,"TU_AMB_HUACHI_SOLIS_TRR_UL/Cell:eNodeB Function Name=TU_AMB_HUACHI_SOLIS_TRRL21, Local Cell ID=3, Cell Name=TU_AMB_HUACHI_SOLIS_TRR_3, eNodeB ID=44805, Cell FDD TDD indication=CELL_FDD",Reliable,1257.98,114.313
2026-04-10 06:00,60,"IM_IBA_EL_EJIDO_UL/Cell:eNodeB Function Name=IM_IBA_EL_EJIDOL21, Local Cell ID=1, Cell Name=IM_IBA_EL_EJIDO_1, eNodeB ID=44717, Cell FDD TDD indication=CELL_FDD",Reliable,1149.957,103.451
2026-04-10 06:00,60,"IM_IBA_EL_EJIDO_UL/Cell:eNodeB Function Name=IM_IBA_EL_EJIDOL21, Local Cell ID=2, Cell Name=IM_IBA_EL_EJIDO_2, eNodeB ID=44717, Cell FDD TDD indication=CELL_FDD",Reliable,325.043,31.689
2026-04-10 06:00,60,"IM_IBA_EL_EJIDO_UL/Cell:eNodeB Function Name=IM_IBA_EL_EJIDOL21, Local Cell ID=3, Cell Name=IM_IBA_EL_EJIDO_3, eNodeB ID=44717, Cell FDD TDD indication=CELL_FDD",Reliable,623.581,53.271
2026-04-10 06:00,60,"IM_IBA_TERMINAL_TERRESTRE_UL/Cell:eNodeB Function Name=IM_IBA_TERMINAL_TERRESTREL21, Local Cell ID=1, Cell Name=IM_IBA_TERMINAL_TERRESTRE_1, eNodeB ID=44718, Cell FDD TDD indication=CELL_FDD",Reliable,2309.578,211.34
2026-04-10 06:00,60,"IM_IBA_TERMINAL_TERRESTRE_UL/Cell:eNodeB Function Name=IM_IBA_TERMINAL_TERRESTREL21, Local Cell ID=2, Cell Name=IM_IBA_TERMINAL_TERRESTRE_2, eNodeB ID=44718, Cell FDD TDD indication=CELL_FDD",Reliable,724.541,64.984
2026-04-10 06:00,60,"IM_IBA_TERMINAL_TERRESTRE_UL/Cell:eNodeB Function Name=IM_IBA_TERMINAL_TERRESTREL21, Local Cell ID=3, Cell Name=IM_IBA_TERMINAL_TERRESTRE_3, eNodeB ID=44718, Cell FDD TDD indication=CELL_FDD",Reliable,793.938,66.577
2026-04-10 06:00,60,"IM_IBA_PLAZOLETA_UL/Cell:eNodeB Function Name=IM_IBA_PLAZOLETAL21, Local Cell ID=1, Cell Name=IM_IBA_PLAZOLETA_1, eNodeB ID=44756, Cell FDD TDD indication=CELL_FDD",Reliable,896.45,79.576
2026-04-10 06:00,60,"IM_IBA_PLAZOLETA_UL/Cell:eNodeB Function Name=IM_IBA_PLAZOLETAL21, Local Cell ID=2, Cell Name=IM_IBA_PLAZOLETA_2, eNodeB ID=44756, Cell FDD TDD indication=CELL_FDD",Reliable,1334.08,97.569
2026-04-10 06:00,60,"IM_IBA_PLAZOLETA_UL/Cell:eNodeB Function Name=IM_IBA_PLAZOLETAL21, Local Cell ID=3, Cell Name=IM_IBA_PLAZOLETA_3, eNodeB ID=44756, Cell FDD TDD indication=CELL_FDD",Reliable,556.53,67.487
2026-04-10 06:00,60,"IM_IBA_U_CATOLICA_UL/Cell:eNodeB Function Name=IM_IBA_U_CATOLICAL21, Local Cell ID=1, Cell Name=IM_IBA_U_CATOLICA_1, eNodeB ID=44722, Cell FDD TDD indication=CELL_FDD",Reliable,73.853,8.049
2026-04-10 06:00,60,"IM_IBA_U_CATOLICA_UL/Cell:eNodeB Function Name=IM_IBA_U_CATOLICAL21, Local Cell ID=2, Cell Name=IM_IBA_U_CATOLICA_2, eNodeB ID=44722, Cell FDD TDD indication=CELL_FDD",Reliable,623.767,346.685
2026-04-10 06:00,60,"IM_IBA_U_CATOLICA_UL/Cell:eNodeB Function Name=IM_IBA_U_CATOLICAL21, Local Cell ID=3, Cell Name=IM_IBA_U_CATOLICA_3, eNodeB ID=44722, Cell FDD TDD indication=CELL_FDD",Reliable,503.558,59.814
2026-04-10 06:00,60,"IM_IBA_TEODORO_GOMEZ_UL/Cell:eNodeB Function Name=IMB_IBA_TEODORO_GOMEZ_L, Local Cell ID=1, Cell Name=IMB_IBA_TEODORO_GOMEZ_L21_1, eNodeB ID=44720, Cell FDD TDD indication=CELL_FDD",Reliable,672.761,67.318
2026-04-10 06:00,60,"IM_IBA_TEODORO_GOMEZ_UL/Cell:eNodeB Function Name=IMB_IBA_TEODORO_GOMEZ_L, Local Cell ID=2, Cell Name=IMB_IBA_TEODORO_GOMEZ_L21_2, eNodeB ID=44720, Cell FDD TDD indication=CELL_FDD",Reliable,1813.793,173.342
2026-04-10 06:00,60,"IM_IBA_TEODORO_GOMEZ_UL/Cell:eNodeB Function Name=IMB_IBA_TEODORO_GOMEZ_L, Local Cell ID=3, Cell Name=IMB_IBA_TEODORO_GOMEZ_L21_3, eNodeB ID=44720, Cell FDD TDD indication=CELL_FDD",Reliable,306.41,25.736
2026-04-10 06:00,60,"IM_IBA_IBARRA_SUR_UL/Cell:eNodeB Function Name=IM_IBA_IBARRA_SURL21, Local Cell ID=1, Cell Name=IM_IBA_IBARRA_SUR_1, eNodeB ID=44714, Cell FDD TDD indication=CELL_FDD",Reliable,1174.323,121.415
2026-04-10 06:00,60,"IM_IBA_IBARRA_SUR_UL/Cell:eNodeB Function Name=IM_IBA_IBARRA_SURL21, Local Cell ID=2, Cell Name=IM_IBA_IBARRA_SUR_2, eNodeB ID=44714, Cell FDD TDD indication=CELL_FDD",Reliable,375.129,34.323
2026-04-10 06:00,60,"IM_IBA_IBARRA_SUR_UL/Cell:eNodeB Function Name=IM_IBA_IBARRA_SURL21, Local Cell ID=3, Cell Name=IM_IBA_IBARRA_SUR_3, eNodeB ID=44714, Cell FDD TDD indication=CELL_FDD",Reliable,526.081,34.533
2026-04-10 06:00,60,"IM_IBA_AZAYA_NORTE_UL/Cell:eNodeB Function Name=IM_IBA_AZAYA_NORTEL21, Local Cell ID=1, Cell Name=IM_IBA_AZAYA_NORTE_1, eNodeB ID=44721, Cell FDD TDD indication=CELL_FDD",Reliable,828.199,72.413
2026-04-10 06:00,60,"IM_IBA_AZAYA_NORTE_UL/Cell:eNodeB Function Name=IM_IBA_AZAYA_NORTEL21, Local Cell ID=2, Cell Name=IM_IBA_AZAYA_NORTE_2, eNodeB ID=44721, Cell FDD TDD indication=CELL_FDD",Reliable,714.966,62.144
2026-04-10 06:00,60,"IM_IBA_AZAYA_NORTE_UL/Cell:eNodeB Function Name=IM_IBA_AZAYA_NORTEL21, Local Cell ID=3, Cell Name=IM_IBA_AZAYA_NORTE_3, eNodeB ID=44721, Cell FDD TDD indication=CELL_FDD",Reliable,232.15,26.605
2026-04-10 06:00,60,"IM_IBA_COOP_CHOFERES_UL/Cell:eNodeB Function Name=IM_IBA_COOP_CHOFERESL21, Local Cell ID=1, Cell Name=IM_IBA_COOP_CHOFERES_1, eNodeB ID=44716, Cell FDD TDD indication=CELL_FDD",Reliable,882.206,83.3
2026-04-10 06:00,60,"IM_IBA_COOP_CHOFERES_UL/Cell:eNodeB Function Name=IM_IBA_COOP_CHOFERESL21, Local Cell ID=2, Cell Name=IM_IBA_COOP_CHOFERES_2, eNodeB ID=44716, Cell FDD TDD indication=CELL_FDD",Reliable,459.206,34.449
2026-04-10 06:00,60,"IM_IBA_COOP_CHOFERES_UL/Cell:eNodeB Function Name=IM_IBA_COOP_CHOFERESL21, Local Cell ID=3, Cell Name=IM_IBA_COOP_CHOFERES_3, eNodeB ID=44716, Cell FDD TDD indication=CELL_FDD",Reliable,531.899,43.972
2026-04-10 06:00,60,"IM_IBA_ESTADIO_UL/Cell:eNodeB Function Name=IM_IBA_ESTADIOL21, Local Cell ID=1, Cell Name=IM_IBA_ESTADIO_1, eNodeB ID=44730, Cell FDD TDD indication=CELL_FDD",Reliable,3002.505,137.961
2026-04-10 06:00,60,"IM_IBA_ESTADIO_UL/Cell:eNodeB Function Name=IM_IBA_ESTADIOL21, Local Cell ID=2, Cell Name=IM_IBA_ESTADIO_2, eNodeB ID=44730, Cell FDD TDD indication=CELL_FDD",Reliable,732.882,51.85
2026-04-10 06:00,60,"IM_IBA_ESTADIO_UL/Cell:eNodeB Function Name=IM_IBA_ESTADIOL21, Local Cell ID=3, Cell Name=IM_IBA_ESTADIO_3, eNodeB ID=44730, Cell FDD TDD indication=CELL_FDD",Reliable,1711.643,159.033
2026-04-10 06:00,60,"ES_ESM_ESMERALDAS_NORTE_UL/Cell:eNodeB Function Name=ES_ESM_ESMERALDAS_NORTEL21, Local Cell ID=1, Cell Name=ES_ESM_NORTE_1, eNodeB ID=44615, Cell FDD TDD indication=CELL_FDD",Reliable,302.804,55.052
2026-04-10 06:00,60,"ES_ESM_ESMERALDAS_NORTE_UL/Cell:eNodeB Function Name=ES_ESM_ESMERALDAS_NORTEL21, Local Cell ID=2, Cell Name=ES_ESM_NORTE_2, eNodeB ID=44615, Cell FDD TDD indication=CELL_FDD",Reliable,201.883,20.81
2026-04-10 06:00,60,"ES_ESM_ESMERALDAS_NORTE_UL/Cell:eNodeB Function Name=ES_ESM_ESMERALDAS_NORTEL21, Local Cell ID=3, Cell Name=ES_ESM_NORTE_3, eNodeB ID=44615, Cell FDD TDD indication=CELL_FDD",Reliable,86.643,9.793
2026-04-10 06:00,60,"ES_ESM_3(REFINERIA)_UL/Cell:eNodeB Function Name=ES_ESM_3(REFINERIA)L21, Local Cell ID=1, Cell Name=ES_ESM_3(REFINERIA)_1, eNodeB ID=44617, Cell FDD TDD indication=CELL_FDD",Unreliable,76.982,9.236
2026-04-10 06:00,60,"ES_ESM_3(REFINERIA)_UL/Cell:eNodeB Function Name=ES_ESM_3(REFINERIA)L21, Local Cell ID=2, Cell Name=ES_ESM_3(REFINERIA)_2, eNodeB ID=44617, Cell FDD TDD indication=CELL_FDD",Unreliable,92.25,10.896
2026-04-10 06:00,60,"ES_ESM_3(REFINERIA)_UL/Cell:eNodeB Function Name=ES_ESM_3(REFINERIA)L21, Local Cell ID=3, Cell Name=ES_ESM_3(REFINERIA)_3, eNodeB ID=44617, Cell FDD TDD indication=CELL_FDD",Unreliable,32.782,1.71
2026-04-10 06:00,60,"ES_ESM_3(REFINERIA)_UL/Cell:eNodeB Function Name=ES_ESM_3(REFINERIA)L21, Local Cell ID=4, Cell Name=ES_ESM_3(REFINERIA)_4, eNodeB ID=44617, Cell FDD TDD indication=CELL_FDD",Unreliable,0.851,0.479
2026-04-10 06:00,60,"ES_ESM_3(REFINERIA)_UL/Cell:eNodeB Function Name=ES_ESM_3(REFINERIA)L21, Local Cell ID=7, Cell Name=ES_ESM_3(REFINERIA)_APT_7, eNodeB ID=44617, Cell FDD TDD indication=CELL_FDD",Unreliable,51.055,5.902
2026-04-10 06:00,60,"ES_ESM_3(REFINERIA)_UL/Cell:eNodeB Function Name=ES_ESM_3(REFINERIA)L21, Local Cell ID=8, Cell Name=ES_ESM_3(REFINERIA)_APT_8, eNodeB ID=44617, Cell FDD TDD indication=CELL_FDD",Unreliable,228.214,35.962
2026-04-10 06:00,60,"ES_ESM_3(REFINERIA)_UL/Cell:eNodeB Function Name=ES_ESM_3(REFINERIA)L21, Local Cell ID=9, Cell Name=ES_ESM_3(REFINERIA)_APT_9, eNodeB ID=44617, Cell FDD TDD indication=CELL_FDD",Unreliable,49.948,6.76
2026-04-10 06:00,60,"ES_ESM_PALMAS_UL/Cell:eNodeB Function Name=ES_ESM_PALMASL21, Local Cell ID=1, Cell Name=ES_ESM_PALMAS_1, eNodeB ID=44601, Cell FDD TDD indication=CELL_FDD",Reliable,1761.888,230.961
2026-04-10 06:00,60,"ES_ESM_PALMAS_UL/Cell:eNodeB Function Name=ES_ESM_PALMASL21, Local Cell ID=2, Cell Name=ES_ESM_PALMAS_2, eNodeB ID=44601, Cell FDD TDD indication=CELL_FDD",Reliable,124.422,10.975
2026-04-10 06:00,60,"ES_ESM_PALMAS_UL/Cell:eNodeB Function Name=ES_ESM_PALMASL21, Local Cell ID=3, Cell Name=ES_ESM_PALMAS_3, eNodeB ID=44601, Cell FDD TDD indication=CELL_FDD",Reliable,666.951,65.694
2026-04-10 06:00,60,"ES_ESM_PALMAS_UL/Cell:eNodeB Function Name=ES_ESM_PALMASL21, Local Cell ID=7, Cell Name=ES_ESM_PALMAS_APT_7, eNodeB ID=44601, Cell FDD TDD indication=CELL_FDD",Reliable,1615.869,136.386
2026-04-10 06:00,60,"ES_ESM_PALMAS_UL/Cell:eNodeB Function Name=ES_ESM_PALMASL21, Local Cell ID=8, Cell Name=ES_ESM_PALMAS_APT_8, eNodeB ID=44601, Cell FDD TDD indication=CELL_FDD",Reliable,429.377,26.083
2026-04-10 06:00,60,"ES_ESM_PALMAS_UL/Cell:eNodeB Function Name=ES_ESM_PALMASL21, Local Cell ID=9, Cell Name=ES_ESM_PALMAS_APT_9, eNodeB ID=44601, Cell FDD TDD indication=CELL_FDD",Reliable,141.651,16.678
2026-04-10 06:00,60,"ES_ATA_SAME_UL/Cell:eNodeB Function Name=ES_ATA_SAMEL21, Local Cell ID=1, Cell Name=ES_ATA_SAME_1, eNodeB ID=44605, Cell FDD TDD indication=CELL_FDD",Reliable,35.097,11.856
2026-04-10 06:00,60,"ES_ATA_SAME_UL/Cell:eNodeB Function Name=ES_ATA_SAMEL21, Local Cell ID=2, Cell Name=ES_ATA_SAME_2, eNodeB ID=44605, Cell FDD TDD indication=CELL_FDD",Reliable,420.764,25.437
2026-04-10 06:00,60,"ES_ATA_SAME_UL/Cell:eNodeB Function Name=ES_ATA_SAMEL21, Local Cell ID=3, Cell Name=ES_ATA_SAME_3, eNodeB ID=44605, Cell FDD TDD indication=CELL_FDD",Reliable,31.812,2.276
2026-04-10 06:00,60,"PI_UIO_MERCADO_MAYORISTA_UL/Cell:eNodeB Function Name=PI_UIO_MERCADO_MAYORISTAL21, Local Cell ID=1, Cell Name=PI_UIO_MERCADO_MAYORISTA_1, eNodeB ID=44251, Cell FDD TDD indication=CELL_FDD",Reliable,469.576,58.863
2026-04-10 06:00,60,"PI_UIO_MERCADO_MAYORISTA_UL/Cell:eNodeB Function Name=PI_UIO_MERCADO_MAYORISTAL21, Local Cell ID=2, Cell Name=PI_UIO_MERCADO_MAYORISTA_2, eNodeB ID=44251, Cell FDD TDD indication=CELL_FDD",Reliable,897.852,73.01
2026-04-10 06:00,60,"PI_UIO_MERCADO_MAYORISTA_UL/Cell:eNodeB Function Name=PI_UIO_MERCADO_MAYORISTAL21, Local Cell ID=3, Cell Name=PI_UIO_MERCADO_MAYORISTA_3, eNodeB ID=44251, Cell FDD TDD indication=CELL_FDD",Reliable,582.342,52.508
2026-04-10 06:00,60,"PI_UIO_CINCO_DE_JUNIO_UL/Cell:eNodeB Function Name=PI_UIO_CINCO_DE_JUNIO_UL, Local Cell ID=1, Cell Name=PI_UIO_CINCO_DE_JUNIO_1, eNodeB ID=44341, Cell FDD TDD indication=CELL_FDD",Reliable,328.66,32.01
2026-04-10 06:00,60,"PI_UIO_CINCO_DE_JUNIO_UL/Cell:eNodeB Function Name=PI_UIO_CINCO_DE_JUNIO_UL, Local Cell ID=2, Cell Name=PI_UIO_CINCO_DE_JUNIO_2, eNodeB ID=44341, Cell FDD TDD indication=CELL_FDD",Reliable,156.794,15.285
2026-04-10 06:00,60,"PI_UIO_CINCO_DE_JUNIO_UL/Cell:eNodeB Function Name=PI_UIO_CINCO_DE_JUNIO_UL, Local Cell ID=3, Cell Name=PI_UIO_CINCO_DE_JUNIO_3, eNodeB ID=44341, Cell FDD TDD indication=CELL_FDD",Reliable,506.442,39.729
2026-04-10 06:00,60,"ES_ATA_TONSUPA_UL/Cell:eNodeB Function Name=ES_ATA_TONSUPAL21, Local Cell ID=1, Cell Name=ES_ATA_TONSUPA_1, eNodeB ID=44603, Cell FDD TDD indication=CELL_FDD",Reliable,0,0
2026-04-10 06:00,60,"ES_ATA_TONSUPA_UL/Cell:eNodeB Function Name=ES_ATA_TONSUPAL21, Local Cell ID=2, Cell Name=ES_ATA_TONSUPA_2, eNodeB ID=44603, Cell FDD TDD indication=CELL_FDD",Reliable,0,0
2026-04-10 06:00,60,"ES_ATA_TONSUPA_UL/Cell:eNodeB Function Name=ES_ATA_TONSUPAL21, Local Cell ID=3, Cell Name=ES_ATA_TONSUPA_3, eNodeB ID=44603, Cell FDD TDD indication=CELL_FDD",Reliable,0,0
2026-04-10 06:00,60,"ES_ATA_CASTELNOVO_UL/Cell:eNodeB Function Name=ES_ATA_CASTELNOVOL21, Local Cell ID=1, Cell Name=ES_ATA_CASTELNOVO_1, eNodeB ID=44626, Cell FDD TDD indication=CELL_FDD",Reliable,529.994,39.021
2026-04-10 06:00,60,"ES_ATA_CASTELNOVO_UL/Cell:eNodeB Function Name=ES_ATA_CASTELNOVOL21, Local Cell ID=2, Cell Name=ES_ATA_CASTELNOVO_2, eNodeB ID=44626, Cell FDD TDD indication=CELL_FDD",Reliable,259.973,15.016
2026-04-10 06:00,60,"ES_ATA_CASTELNOVO_UL/Cell:eNodeB Function Name=ES_ATA_CASTELNOVOL21, Local Cell ID=3, Cell Name=ES_ATA_CASTELNOVO_3, eNodeB ID=44626, Cell FDD TDD indication=CELL_FDD",Reliable,7.931,2.424
2026-04-10 06:00,60,"ES_ATA_CASTELNOVO_UL/Cell:eNodeB Function Name=ES_ATA_CASTELNOVOL21, Local Cell ID=7, Cell Name=ES_ATA_CASTELNOVO_APT_7, eNodeB ID=44626, Cell FDD TDD indication=CELL_FDD",Reliable,315.494,36.954
2026-04-10 06:00,60,"ES_ATA_CASTELNOVO_UL/Cell:eNodeB Function Name=ES_ATA_CASTELNOVOL21, Local Cell ID=8, Cell Name=ES_ATA_CASTELNOVO_APT_8, eNodeB ID=44626, Cell FDD TDD indication=CELL_FDD",Reliable,90.96,17.316
2026-04-10 06:00,60,"ES_ATA_CASTELNOVO_UL/Cell:eNodeB Function Name=ES_ATA_CASTELNOVOL21, Local Cell ID=9, Cell Name=ES_ATA_CASTELNOVO_APT_9, eNodeB ID=44626, Cell FDD TDD indication=CELL_FDD",Reliable,8.951,1.737
2026-04-10 06:00,60,"PI_UIO_LA_INTERNACIONAL_UL/Cell:eNodeB Function Name=PI_UIO_LA_INTERNACIONAL_L, Local Cell ID=1, Cell Name=PIC_UIO_LA_INTERNACIONAL_L21_1, eNodeB ID=44222, Cell FDD TDD indication=CELL_FDD",Reliable,1235.064,102.65
2026-04-10 06:00,60,"PI_UIO_LA_INTERNACIONAL_UL/Cell:eNodeB Function Name=PI_UIO_LA_INTERNACIONAL_L, Local Cell ID=2, Cell Name=PIC_UIO_LA_INTERNACIONAL_L21_2, eNodeB ID=44222, Cell FDD TDD indication=CELL_FDD",Reliable,156.164,20.748
2026-04-10 06:00,60,"PI_UIO_LA_INTERNACIONAL_UL/Cell:eNodeB Function Name=PI_UIO_LA_INTERNACIONAL_L, Local Cell ID=3, Cell Name=PIC_UIO_LA_INTERNACIONAL_L21_3, eNodeB ID=44222, Cell FDD TDD indication=CELL_FDD",Reliable,877.555,345.292
2026-04-10 06:00,60,"PI_UIO_LA_INTERNACIONAL_UL/Cell:eNodeB Function Name=PI_UIO_LA_INTERNACIONAL_L, Local Cell ID=11, Cell Name=PIC_UIO_LA_INTERNACIONAL_L19_11, eNodeB ID=44222, Cell FDD TDD indication=CELL_FDD",Reliable,100.874,9.935
2026-04-10 06:00,60,"PI_UIO_LA_INTERNACIONAL_UL/Cell:eNodeB Function Name=PI_UIO_LA_INTERNACIONAL_L, Local Cell ID=12, Cell Name=PIC_UIO_LA_INTERNACIONAL_L19_12, eNodeB ID=44222, Cell FDD TDD indication=CELL_FDD",Reliable,113.228,14.485
2026-04-10 06:00,60,"PI_UIO_LA_INTERNACIONAL_UL/Cell:eNodeB Function Name=PI_UIO_LA_INTERNACIONAL_L, Local Cell ID=13, Cell Name=PIC_UIO_LA_INTERNACIONAL_L19_13, eNodeB ID=44222, Cell FDD TDD indication=CELL_FDD",Reliable,69.508,7.621
2026-04-10 06:00,60,"ES_ESM_PARAISO_UL/Cell:eNodeB Function Name=ES_ESM_PARAISOL21, Local Cell ID=1, Cell Name=ES_ESM_PARAISO_1, eNodeB ID=44635, Cell FDD TDD indication=CELL_FDD",Reliable,453.772,35.203
2026-04-10 06:00,60,"ES_ESM_PARAISO_UL/Cell:eNodeB Function Name=ES_ESM_PARAISOL21, Local Cell ID=2, Cell Name=ES_ESM_PARAISO_2, eNodeB ID=44635, Cell FDD TDD indication=CELL_FDD",Reliable,1287.852,116.911
2026-04-10 06:00,60,"ES_ESM_PARAISO_UL/Cell:eNodeB Function Name=ES_ESM_PARAISOL21, Local Cell ID=3, Cell Name=ES_ESM_PARAISO_3, eNodeB ID=44635, Cell FDD TDD indication=CELL_FDD",Reliable,208.274,18.838
2026-04-10 06:00,60,"ES_ESM_PARAISO_UL/Cell:eNodeB Function Name=ES_ESM_PARAISOL21, Local Cell ID=7, Cell Name=ES_ESM_PARAISO_APT_7, eNodeB ID=44635, Cell FDD TDD indication=CELL_FDD",Reliable,11794.791,3199.482
2026-04-10 06:00,60,"ES_ESM_PARAISO_UL/Cell:eNodeB Function Name=ES_ESM_PARAISOL21, Local Cell ID=8, Cell Name=ES_ESM_PARAISO_APT_8, eNodeB ID=44635, Cell FDD TDD indication=CELL_FDD",Reliable,695.91,69.197
2026-04-10 06:00,60,"ES_ESM_PARAISO_UL/Cell:eNodeB Function Name=ES_ESM_PARAISOL21, Local Cell ID=9, Cell Name=ES_ESM_PARAISO_APT_9, eNodeB ID=44635, Cell FDD TDD indication=CELL_FDD",Reliable,157.671,19.756
2026-04-10 06:00,60,"PI_UIO_GUANGOPOLO_UL/Cell:eNodeB Function Name=PI_UIO_GUANGOPOLOL21, Local Cell ID=1, Cell Name=PI_UIO_GUANGOPOLO_1, eNodeB ID=44230, Cell FDD TDD indication=CELL_FDD",Reliable,1665.58,111.411
2026-04-10 06:00,60,"PI_UIO_GUANGOPOLO_UL/Cell:eNodeB Function Name=PI_UIO_GUANGOPOLOL21, Local Cell ID=2, Cell Name=PI_UIO_GUANGOPOLO_2, eNodeB ID=44230, Cell FDD TDD indication=CELL_FDD",Reliable,1170.899,104.359
2026-04-10 06:00,60,"PI_UIO_GUANGOPOLO_UL/Cell:eNodeB Function Name=PI_UIO_GUANGOPOLOL21, Local Cell ID=3, Cell Name=PI_UIO_GUANGOPOLO_3, eNodeB ID=44230, Cell FDD TDD indication=CELL_FDD",Reliable,691.564,117.633
2026-04-10 06:00,60,"PI_UIO_GUANGOPOLO_UL/Cell:eNodeB Function Name=PI_UIO_GUANGOPOLOL21, Local Cell ID=7, Cell Name=PI_UIO_GUANGOPOLO_APT_7, eNodeB ID=44230, Cell FDD TDD indication=CELL_FDD",Reliable,823.443,106.342
2026-04-10 06:00,60,"PI_UIO_GUANGOPOLO_UL/Cell:eNodeB Function Name=PI_UIO_GUANGOPOLOL21, Local Cell ID=8, Cell Name=PI_UIO_GUANGOPOLO_APT_8, eNodeB ID=44230, Cell FDD TDD indication=CELL_FDD",Reliable,435.078,46.942
2026-04-10 06:00,60,"PI_UIO_GUANGOPOLO_UL/Cell:eNodeB Function Name=PI_UIO_GUANGOPOLOL21, Local Cell ID=9, Cell Name=PI_UIO_GUANGOPOLO_APT_9, eNodeB ID=44230, Cell FDD TDD indication=CELL_FDD",Reliable,603.619,74.944
2026-04-10 06:00,60,"PI_UIO_NAZACOTA_UL/Cell:eNodeB Function Name=PI_UIO_NAZACOTAL_L, Local Cell ID=1, Cell Name=PI_UIO_NAZACOTA_1, eNodeB ID=44304, Cell FDD TDD indication=CELL_FDD",Reliable,988.953,63.833
2026-04-10 06:00,60,"PI_UIO_NAZACOTA_UL/Cell:eNodeB Function Name=PI_UIO_NAZACOTAL_L, Local Cell ID=2, Cell Name=PI_UIO_NAZACOTA_2, eNodeB ID=44304, Cell FDD TDD indication=CELL_FDD",Reliable,650.475,65.417
2026-04-10 06:00,60,"PI_UIO_NAZACOTA_UL/Cell:eNodeB Function Name=PI_UIO_NAZACOTAL_L, Local Cell ID=3, Cell Name=PI_UIO_NAZACOTA_3, eNodeB ID=44304, Cell FDD TDD indication=CELL_FDD",Reliable,14.209,2.971
2026-04-10 06:00,60,"PI_UIO_NAZACOTA_UL/Cell:eNodeB Function Name=PI_UIO_NAZACOTAL_L, Local Cell ID=12, Cell Name=PI_UIO_NAZACOTA_12, eNodeB ID=44304, Cell FDD TDD indication=CELL_FDD",Reliable,147.879,12.284
2026-04-10 06:00,60,"PI_UIO_NAZACOTA_UL/Cell:eNodeB Function Name=PI_UIO_NAZACOTAL_L, Local Cell ID=13, Cell Name=PI_UIO_NAZACOTA_13, eNodeB ID=44304, Cell FDD TDD indication=CELL_FDD",Reliable,12.003,1.451
2026-04-10 06:00,60,"PI_UIO_NAZACOTA_UL/Cell:eNodeB Function Name=PI_UIO_NAZACOTAL_L, Local Cell ID=11, Cell Name=PI_UIO_NAZACOTA_11, eNodeB ID=44304, Cell FDD TDD indication=CELL_FDD",Reliable,147.716,13.24
2026-04-10 06:00,60,"ES_ESM_POTOSI_UL/Cell:eNodeB Function Name=ES_ESM_POTOSIL21, Local Cell ID=1, Cell Name=ES_ESM_POTOSI_1, eNodeB ID=44607, Cell FDD TDD indication=CELL_FDD",Reliable,76.326,5.851
2026-04-10 06:00,60,"ES_ESM_POTOSI_UL/Cell:eNodeB Function Name=ES_ESM_POTOSIL21, Local Cell ID=2, Cell Name=ES_ESM_POTOSI_2, eNodeB ID=44607, Cell FDD TDD indication=CELL_FDD",Reliable,603.934,46.523
2026-04-10 06:00,60,"ES_ESM_POTOSI_UL/Cell:eNodeB Function Name=ES_ESM_POTOSIL21, Local Cell ID=3, Cell Name=ES_ESM_POTOSI_3, eNodeB ID=44607, Cell FDD TDD indication=CELL_FDD",Reliable,52.968,2.894
2026-04-10 06:00,60,"PI_UIO_SANGOLQUI_SUR_UL/Cell:eNodeB Function Name=PI_UIO_SANGOLQUI_SURL21, Local Cell ID=1, Cell Name=PI_UIO_SANGOLQUI_SUR_1, eNodeB ID=44199, Cell FDD TDD indication=CELL_FDD",Reliable,3590.929,476.971
2026-04-10 06:00,60,"PI_UIO_SANGOLQUI_SUR_UL/Cell:eNodeB Function Name=PI_UIO_SANGOLQUI_SURL21, Local Cell ID=2, Cell Name=PI_UIO_SANGOLQUI_SUR_2, eNodeB ID=44199, Cell FDD TDD indication=CELL_FDD",Reliable,1262.026,95.037
2026-04-10 06:00,60,"PI_UIO_SANGOLQUI_SUR_UL/Cell:eNodeB Function Name=PI_UIO_SANGOLQUI_SURL21, Local Cell ID=3, Cell Name=PI_UIO_SANGOLQUI_SUR_3, eNodeB ID=44199, Cell FDD TDD indication=CELL_FDD",Reliable,2370.835,401.298
2026-04-10 06:00,60,"PI_UIO_ESTADIO_DEL_AUCAS_UL/Cell:eNodeB Function Name=PI_UIO_ESTADIO_DEL_AUCAS_L, Local Cell ID=1, Cell Name=PI_UIO_ESTADIO_DEL_AUCAS_1, eNodeB ID=44232, Cell FDD TDD indication=CELL_FDD",Reliable,654.981,75.2
2026-04-10 06:00,60,"PI_UIO_ESTADIO_DEL_AUCAS_UL/Cell:eNodeB Function Name=PI_UIO_ESTADIO_DEL_AUCAS_L, Local Cell ID=2, Cell Name=PI_UIO_ESTADIO_DEL_AUCAS_2, eNodeB ID=44232, Cell FDD TDD indication=CELL_FDD",Reliable,591.938,40.361
2026-04-10 06:00,60,"PI_UIO_ESTADIO_DEL_AUCAS_UL/Cell:eNodeB Function Name=PI_UIO_ESTADIO_DEL_AUCAS_L, Local Cell ID=3, Cell Name=PI_UIO_ESTADIO_DEL_AUCAS_3, eNodeB ID=44232, Cell FDD TDD indication=CELL_FDD",Reliable,1217.684,91.146
2026-04-10 06:00,60,"PI_UIO_ESTADIO_DEL_AUCAS_UL/Cell:eNodeB Function Name=PI_UIO_ESTADIO_DEL_AUCAS_L, Local Cell ID=11, Cell Name=PI_UIO_ESTADIO_DEL_AUCAS_11, eNodeB ID=44232, Cell FDD TDD indication=CELL_FDD",Reliable,2.789,0.989
2026-04-10 06:00,60,"PI_UIO_ESTADIO_DEL_AUCAS_UL/Cell:eNodeB Function Name=PI_UIO_ESTADIO_DEL_AUCAS_L, Local Cell ID=12, Cell Name=PI_UIO_ESTADIO_DEL_AUCAS_12, eNodeB ID=44232, Cell FDD TDD indication=CELL_FDD",Reliable,8.21,1.174
2026-04-10 06:00,60,"PI_UIO_ESTADIO_DEL_AUCAS_UL/Cell:eNodeB Function Name=PI_UIO_ESTADIO_DEL_AUCAS_L, Local Cell ID=13, Cell Name=PI_UIO_ESTADIO_DEL_AUCAS_13, eNodeB ID=44232, Cell FDD TDD indication=CELL_FDD",Reliable,61.245,4.241
2026-04-10 06:00,60,"PI_UIO_PIFO_UL/Cell:eNodeB Function Name=PIC_UIO_PIFO_L, Local Cell ID=1, Cell Name=PIC_UIO_PIFO_L21_1, eNodeB ID=44057, Cell FDD TDD indication=CELL_FDD",Reliable,2403.757,403.803
2026-04-10 06:00,60,"PI_UIO_PIFO_UL/Cell:eNodeB Function Name=PIC_UIO_PIFO_L, Local Cell ID=2, Cell Name=PIC_UIO_PIFO_L21_2, eNodeB ID=44057, Cell FDD TDD indication=CELL_FDD",Reliable,860.675,82.952
2026-04-10 06:00,60,"PI_UIO_PIFO_UL/Cell:eNodeB Function Name=PIC_UIO_PIFO_L, Local Cell ID=3, Cell Name=PIC_UIO_PIFO_L21_3, eNodeB ID=44057, Cell FDD TDD indication=CELL_FDD",Reliable,1767.608,196.284
2026-04-10 06:00,60,"PI_UIO_EL_PORVENIR_UL/Cell:eNodeB Function Name=PI_UIO_EL_PORVENIRL21, Local Cell ID=1, Cell Name=PI_UIO_EL_PORVENIR_1, eNodeB ID=44120, Cell FDD TDD indication=CELL_FDD",Reliable,1503.379,124.552
2026-04-10 06:00,60,"PI_UIO_EL_PORVENIR_UL/Cell:eNodeB Function Name=PI_UIO_EL_PORVENIRL21, Local Cell ID=2, Cell Name=PI_UIO_EL_PORVENIR_2, eNodeB ID=44120, Cell FDD TDD indication=CELL_FDD",Reliable,887.475,73.372
2026-04-10 06:00,60,"PI_UIO_ONTANEDA_UL/Cell:eNodeB Function Name=PI_UIO_ONTANEDAL21, Local Cell ID=1, Cell Name=PIC_UIO_ONTANEDA_L21_1, eNodeB ID=44228, Cell FDD TDD indication=CELL_FDD",Reliable,899.313,318.019
2026-04-10 06:00,60,"PI_UIO_ONTANEDA_UL/Cell:eNodeB Function Name=PI_UIO_ONTANEDAL21, Local Cell ID=2, Cell Name=PIC_UIO_ONTANEDA_L21_2, eNodeB ID=44228, Cell FDD TDD indication=CELL_FDD",Reliable,76.763,23.448
2026-04-10 06:00,60,"PI_UIO_ONTANEDA_UL/Cell:eNodeB Function Name=PI_UIO_ONTANEDAL21, Local Cell ID=3, Cell Name=PIC_UIO_ONTANEDA_L21_3, eNodeB ID=44228, Cell FDD TDD indication=CELL_FDD",Reliable,612.354,45.918
2026-04-10 06:00,60,"ES_ESM_ALMENDROS_UL/Cell:eNodeB Function Name=ES_ESM_ALMENDROSL21, Local Cell ID=1, Cell Name=ES_ESM_ALMENDROS_1, eNodeB ID=44616, Cell FDD TDD indication=CELL_FDD",Reliable,44.425,4.114
2026-04-10 06:00,60,"ES_ESM_ALMENDROS_UL/Cell:eNodeB Function Name=ES_ESM_ALMENDROSL21, Local Cell ID=2, Cell Name=ES_ESM_ALMENDROS_2, eNodeB ID=44616, Cell FDD TDD indication=CELL_FDD",Reliable,405.141,14.671
2026-04-10 06:00,60,"ES_ESM_ALMENDROS_UL/Cell:eNodeB Function Name=ES_ESM_ALMENDROSL21, Local Cell ID=3, Cell Name=ES_ESM_ALMENDROS_3, eNodeB ID=44616, Cell FDD TDD indication=CELL_FDD",Reliable,661.107,32.903
2026-04-10 06:00,60,"ES_ATA_TON_PLAYA_ALMENDRO_UL/Cell:eNodeB Function Name=ES_ATA_TON_PLAYA_ALMENDROL21, Local Cell ID=1, Cell Name=ES_ATA_TON_PLAYA_ALMENDRO_1, eNodeB ID=44913, Cell FDD TDD indication=CELL_FDD",Reliable,5.527,0.959
2026-04-10 06:00,60,"ES_ATA_TON_PLAYA_ALMENDRO_UL/Cell:eNodeB Function Name=ES_ATA_TON_PLAYA_ALMENDROL21, Local Cell ID=2, Cell Name=ES_ATA_TON_PLAYA_ALMENDRO_2, eNodeB ID=44913, Cell FDD TDD indication=CELL_FDD",Reliable,33.191,7.736
2026-04-10 06:00,60,"ES_ATA_TON_PLAYA_ALMENDRO_UL/Cell:eNodeB Function Name=ES_ATA_TON_PLAYA_ALMENDROL21, Local Cell ID=3, Cell Name=ES_ATA_TON_PLAYA_ALMENDRO_3, eNodeB ID=44913, Cell FDD TDD indication=CELL_FDD",Reliable,166.698,16.443
2026-04-10 06:00,60,"ES_ATA_TON_PLAYA_ALMENDRO_UL/Cell:eNodeB Function Name=ES_ATA_TON_PLAYA_ALMENDROL21, Local Cell ID=7, Cell Name=ES_ATA_TON_PLAYA_ALMENDRO_APT_7, eNodeB ID=44913, Cell FDD TDD indication=CELL_FDD",Reliable,0.979,0.281
2026-04-10 06:00,60,"ES_ATA_TON_PLAYA_ALMENDRO_UL/Cell:eNodeB Function Name=ES_ATA_TON_PLAYA_ALMENDROL21, Local Cell ID=8, Cell Name=ES_ATA_TON_PLAYA_ALMENDRO_APT_8, eNodeB ID=44913, Cell FDD TDD indication=CELL_FDD",Reliable,198.551,15.707
2026-04-10 06:00,60,"ES_ATA_TON_PLAYA_ALMENDRO_UL/Cell:eNodeB Function Name=ES_ATA_TON_PLAYA_ALMENDROL21, Local Cell ID=9, Cell Name=ES_ATA_TON_PLAYA_ALMENDRO_APT_9, eNodeB ID=44913, Cell FDD TDD indication=CELL_FDD",Reliable,255.732,19.655
2026-04-10 06:00,60,"PI_UIO_NODO_4_PINTADO_3_UL/Cell:eNodeB Function Name=PIC_UIO_NODO_4_PINTADO_3_L, Local Cell ID=1, Cell Name=PIC_UIO_NODO_4_PINTADO_3_L21_1, eNodeB ID=44253, Cell FDD TDD indication=CELL_FDD",Reliable,594.665,46.844
2026-04-10 06:00,60,"PI_UIO_NODO_4_PINTADO_3_UL/Cell:eNodeB Function Name=PIC_UIO_NODO_4_PINTADO_3_L, Local Cell ID=2, Cell Name=PIC_UIO_NODO_4_PINTADO_3_L21_2, eNodeB ID=44253, Cell FDD TDD indication=CELL_FDD",Reliable,561.412,37.645
2026-04-10 06:00,60,"PI_UIO_NODO_4_PINTADO_3_UL/Cell:eNodeB Function Name=PIC_UIO_NODO_4_PINTADO_3_L, Local Cell ID=3, Cell Name=PIC_UIO_NODO_4_PINTADO_3_L21_3, eNodeB ID=44253, Cell FDD TDD indication=CELL_FDD",Reliable,215.616,26.166
2026-04-10 06:00,60,"TU_AMB_AMERICAN_PARK_UL/Cell:eNodeB Function Name=TU_AMB_AMERICAN_PARKL21, Local Cell ID=1, Cell Name=TU_AMB_AMERICAN_PARK_1, eNodeB ID=44472, Cell FDD TDD indication=CELL_FDD",Reliable,2021.09,125.934
2026-04-10 06:00,60,"TU_AMB_AMERICAN_PARK_UL/Cell:eNodeB Function Name=TU_AMB_AMERICAN_PARKL21, Local Cell ID=2, Cell Name=TU_AMB_AMERICAN_PARK_2, eNodeB ID=44472, Cell FDD TDD indication=CELL_FDD",Reliable,1884.877,140.971
2026-04-10 06:00,60,"TU_AMB_AMERICAN_PARK_UL/Cell:eNodeB Function Name=TU_AMB_AMERICAN_PARKL21, Local Cell ID=3, Cell Name=TU_AMB_AMERICAN_PARK_3, eNodeB ID=44472, Cell FDD TDD indication=CELL_FDD",Reliable,502.343,52.117
2026-04-10 06:00,60,"PI_UIO_LA_FLORESTA_UL/Cell:eNodeB Function Name=PI_UIO_LA_FLORESTA_L, Local Cell ID=1, Cell Name=PI_UIO_LA_FLORESTA_1, eNodeB ID=44336, Cell FDD TDD indication=CELL_FDD",Reliable,592.962,41.881
2026-04-10 06:00,60,"PI_UIO_LA_FLORESTA_UL/Cell:eNodeB Function Name=PI_UIO_LA_FLORESTA_L, Local Cell ID=2, Cell Name=PI_UIO_LA_FLORESTA_2, eNodeB ID=44336, Cell FDD TDD indication=CELL_FDD",Reliable,289.227,23.098
2026-04-10 06:00,60,"PI_UIO_LA_FLORESTA_UL/Cell:eNodeB Function Name=PI_UIO_LA_FLORESTA_L, Local Cell ID=3, Cell Name=PI_UIO_LA_FLORESTA_3, eNodeB ID=44336, Cell FDD TDD indication=CELL_FDD",Reliable,198.543,16.363
2026-04-10 06:00,60,"PI_UIO_LA_FLORESTA_UL/Cell:eNodeB Function Name=PI_UIO_LA_FLORESTA_L, Local Cell ID=11, Cell Name=PI_UIO_LA_FLORESTA_11, eNodeB ID=44336, Cell FDD TDD indication=CELL_FDD",Reliable,981.699,31.191
2026-04-10 06:00,60,"PI_UIO_LA_FLORESTA_UL/Cell:eNodeB Function Name=PI_UIO_LA_FLORESTA_L, Local Cell ID=12, Cell Name=PI_UIO_LA_FLORESTA_12, eNodeB ID=44336, Cell FDD TDD indication=CELL_FDD",Reliable,169.607,14.57
2026-04-10 06:00,60,"PI_UIO_LA_FLORESTA_UL/Cell:eNodeB Function Name=PI_UIO_LA_FLORESTA_L, Local Cell ID=13, Cell Name=PI_UIO_LA_FLORESTA_13, eNodeB ID=44336, Cell FDD TDD indication=CELL_FDD",Reliable,54.809,4.522
2026-04-10 06:00,60,"PI_UIO_TEODORO_SALEM_UL/Cell:eNodeB Function Name=PI_UIO_TEODORO_SALEML21, Local Cell ID=1, Cell Name=PI_UIO_TEODORO_SALEM_1, eNodeB ID=44312, Cell FDD TDD indication=CELL_FDD",Reliable,386.606,37.501
2026-04-10 06:00,60,"PI_UIO_TEODORO_SALEM_UL/Cell:eNodeB Function Name=PI_UIO_TEODORO_SALEML21, Local Cell ID=2, Cell Name=PI_UIO_TEODORO_SALEM_2, eNodeB ID=44312, Cell FDD TDD indication=CELL_FDD",Reliable,296.697,23.649
2026-04-10 06:00,60,"PI_UIO_TEODORO_SALEM_UL/Cell:eNodeB Function Name=PI_UIO_TEODORO_SALEML21, Local Cell ID=3, Cell Name=PI_UIO_TEODORO_SALEM_3, eNodeB ID=44312, Cell FDD TDD indication=CELL_FDD",Reliable,873.374,60.778
2026-04-10 06:00,60,"PIC_UIO_SANGOLQUI_CNT_UL/Cell:eNodeB Function Name=PIC_UIO_SANGOLQUI_CNT_L, Local Cell ID=1, Cell Name=PIC_UIO_SANGOLQUI_CNT_L21_1, eNodeB ID=44018, Cell FDD TDD indication=CELL_FDD",Reliable,3196.623,230.998
2026-04-10 06:00,60,"PIC_UIO_SANGOLQUI_CNT_UL/Cell:eNodeB Function Name=PIC_UIO_SANGOLQUI_CNT_L, Local Cell ID=2, Cell Name=PIC_UIO_SANGOLQUI_CNT_L21_2, eNodeB ID=44018, Cell FDD TDD indication=CELL_FDD",Reliable,1331.53,95.266
2026-04-10 06:00,60,"PIC_UIO_SANGOLQUI_CNT_UL/Cell:eNodeB Function Name=PIC_UIO_SANGOLQUI_CNT_L, Local Cell ID=3, Cell Name=PIC_UIO_SANGOLQUI_CNT_L21_3, eNodeB ID=44018, Cell FDD TDD indication=CELL_FDD",Reliable,1953.396,185.233
2026-04-10 06:00,60,"PIC_UIO_SANGOLQUI_CNT_UL/Cell:eNodeB Function Name=PIC_UIO_SANGOLQUI_CNT_L, Local Cell ID=7, Cell Name=PIC_UIO_SANGOLQUI_CNT_L7_7, eNodeB ID=44018, Cell FDD TDD indication=CELL_FDD",Reliable,1854.999,178.175
2026-04-10 06:00,60,"PIC_UIO_SANGOLQUI_CNT_UL/Cell:eNodeB Function Name=PIC_UIO_SANGOLQUI_CNT_L, Local Cell ID=8, Cell Name=PIC_UIO_SANGOLQUI_CNT_L7_8, eNodeB ID=44018, Cell FDD TDD indication=CELL_FDD",Reliable,1699.896,266.849
2026-04-10 06:00,60,"PIC_UIO_SANGOLQUI_CNT_UL/Cell:eNodeB Function Name=PIC_UIO_SANGOLQUI_CNT_L, Local Cell ID=9, Cell Name=PIC_UIO_SANGOLQUI_CNT_L7_9, eNodeB ID=44018, Cell FDD TDD indication=CELL_FDD",Reliable,1951.551,147.607
2026-04-10 06:00,60,"PIC_UIO_SANGOLQUI_CNT_UL/Cell:eNodeB Function Name=PIC_UIO_SANGOLQUI_CNT_L, Local Cell ID=11, Cell Name=PIC_UIO_SANGOLQUI_CNT_L19_11, eNodeB ID=44018, Cell FDD TDD indication=CELL_FDD",Reliable,2421.705,172.979
2026-04-10 06:00,60,"PIC_UIO_SANGOLQUI_CNT_UL/Cell:eNodeB Function Name=PIC_UIO_SANGOLQUI_CNT_L, Local Cell ID=12, Cell Name=PIC_UIO_SANGOLQUI_CNT_L19_12, eNodeB ID=44018, Cell FDD TDD indication=CELL_FDD",Reliable,1691.959,141.225
2026-04-10 06:00,60,"PIC_UIO_SANGOLQUI_CNT_UL/Cell:eNodeB Function Name=PIC_UIO_SANGOLQUI_CNT_L, Local Cell ID=13, Cell Name=PIC_UIO_SANGOLQUI_CNT_L19_13, eNodeB ID=44018, Cell FDD TDD indication=CELL_FDD",Reliable,1634.791,96.973
2026-04-10 06:00,60,"TU_AMB_ESFORCE_TRR_UL/Cell:eNodeB Function Name=TU_AMB_ESFORCE_TRRL21, Local Cell ID=1, Cell Name=TU_AMB_ESFORCE_TRR_1, eNodeB ID=44806, Cell FDD TDD indication=CELL_FDD",Reliable,2845.57,219.673
2026-04-10 06:00,60,"TU_AMB_ESFORCE_TRR_UL/Cell:eNodeB Function Name=TU_AMB_ESFORCE_TRRL21, Local Cell ID=2, Cell Name=TU_AMB_ESFORCE_TRR_2, eNodeB ID=44806, Cell FDD TDD indication=CELL_FDD",Reliable,1488.434,151.096
2026-04-10 06:00,60,"TU_AMB_ESFORCE_TRR_UL/Cell:eNodeB Function Name=TU_AMB_ESFORCE_TRRL21, Local Cell ID=3, Cell Name=TU_AMB_ESFORCE_TRR_3, eNodeB ID=44806, Cell FDD TDD indication=CELL_FDD",Reliable,176.485,29.552
2026-04-10 06:00,60,"COT_LAT_LATACUNGA_NORTE_UL/Cell:eNodeB Function Name=COT_LAT_LATACUNGA_NORTE_L, Local Cell ID=1, Cell Name=CO_LAT_LATACUNGA_NORTE_1, eNodeB ID=44692, Cell FDD TDD indication=CELL_FDD",Reliable,459.564,33.122
2026-04-10 06:00,60,"COT_LAT_LATACUNGA_NORTE_UL/Cell:eNodeB Function Name=COT_LAT_LATACUNGA_NORTE_L, Local Cell ID=2, Cell Name=CO_LAT_LATACUNGA_NORTE_2, eNodeB ID=44692, Cell FDD TDD indication=CELL_FDD",Reliable,167.877,150.083
2026-04-10 06:00,60,"COT_LAT_LATACUNGA_NORTE_UL/Cell:eNodeB Function Name=COT_LAT_LATACUNGA_NORTE_L, Local Cell ID=3, Cell Name=CO_LAT_LATACUNGA_NORTE_3, eNodeB ID=44692, Cell FDD TDD indication=CELL_FDD",Reliable,680.465,48.831
2026-04-10 06:00,60,"COT_LAT_IESS_UL/Cell:eNodeB Function Name=COT_LAT_IESS_L, Local Cell ID=1, Cell Name=CO_LAT_IESS_1, eNodeB ID=44690, Cell FDD TDD indication=CELL_FDD",Unreliable,2616.928,297.604
2026-04-10 06:00,60,"COT_LAT_IESS_UL/Cell:eNodeB Function Name=COT_LAT_IESS_L, Local Cell ID=2, Cell Name=CO_LAT_IESS_2, eNodeB ID=44690, Cell FDD TDD indication=CELL_FDD",Unreliable,1408.764,174.794
2026-04-10 06:00,60,"COT_LAT_IESS_UL/Cell:eNodeB Function Name=COT_LAT_IESS_L, Local Cell ID=3, Cell Name=CO_LAT_IESS_3, eNodeB ID=44690, Cell FDD TDD indication=CELL_FDD",Unreliable,3256.207,267.822
2026-04-10 06:00,60,"COT_LAT_LATACUNGA(3G)_UL/Cell:eNodeB Function Name=COT_LAT_LATACUNGA(3G)_L, Local Cell ID=1, Cell Name=CO_LAT_LATACUNGA(3G)_1, eNodeB ID=44661, Cell FDD TDD indication=CELL_FDD",Reliable,3098.158,347.026
2026-04-10 06:00,60,"COT_LAT_LATACUNGA(3G)_UL/Cell:eNodeB Function Name=COT_LAT_LATACUNGA(3G)_L, Local Cell ID=2, Cell Name=CO_LAT_LATACUNGA(3G)_2, eNodeB ID=44661, Cell FDD TDD indication=CELL_FDD",Reliable,547.191,64.594
2026-04-10 06:00,60,"COT_LAT_LATACUNGA(3G)_UL/Cell:eNodeB Function Name=COT_LAT_LATACUNGA(3G)_L, Local Cell ID=3, Cell Name=CO_LAT_LATACUNGA(3G)_3, eNodeB ID=44661, Cell FDD TDD indication=CELL_FDD",Reliable,1008.444,73.152
2026-04-10 06:00,60,"COT_LAT_LATACUNGA(3G)_UL/Cell:eNodeB Function Name=COT_LAT_LATACUNGA(3G)_L, Local Cell ID=7, Cell Name=CO_LAT_LATACUNGA(3G)_APT_7, eNodeB ID=44661, Cell FDD TDD indication=CELL_FDD",Reliable,399.04,47.064
2026-04-10 06:00,60,"COT_LAT_LATACUNGA(3G)_UL/Cell:eNodeB Function Name=COT_LAT_LATACUNGA(3G)_L, Local Cell ID=8, Cell Name=CO_LAT_LATACUNGA(3G)_APT_8, eNodeB ID=44661, Cell FDD TDD indication=CELL_FDD",Reliable,1609.228,977.289
2026-04-10 06:00,60,"COT_LAT_LATACUNGA(3G)_UL/Cell:eNodeB Function Name=COT_LAT_LATACUNGA(3G)_L, Local Cell ID=9, Cell Name=CO_LAT_LATACUNGA(3G)_APT_9, eNodeB ID=44661, Cell FDD TDD indication=CELL_FDD",Reliable,1296.731,251.478
2026-04-10 06:00,60,"COT_LAT_AEROPUERTO_UL/Cell:eNodeB Function Name=COT_LAT_AEROPUERTO_L, Local Cell ID=1, Cell Name=CO_LAT_AEROPUERTO_1, eNodeB ID=44664, Cell FDD TDD indication=CELL_FDD",Reliable,3847.865,820.494
2026-04-10 06:00,60,"COT_LAT_AEROPUERTO_UL/Cell:eNodeB Function Name=COT_LAT_AEROPUERTO_L, Local Cell ID=2, Cell Name=CO_LAT_AEROPUERTO_2, eNodeB ID=44664, Cell FDD TDD indication=CELL_FDD",Reliable,663.451,73.754
2026-04-10 06:00,60,"COT_LAT_AEROPUERTO_UL/Cell:eNodeB Function Name=COT_LAT_AEROPUERTO_L, Local Cell ID=3, Cell Name=CO_LAT_AEROPUERTO_3, eNodeB ID=44664, Cell FDD TDD indication=CELL_FDD",Reliable,1103.995,98.253
2026-04-10 06:00,60,"COT_LAT_AEROPUERTO_UL/Cell:eNodeB Function Name=COT_LAT_AEROPUERTO_L, Local Cell ID=7, Cell Name=CO_LAT_AEROPUERTO_APT_7, eNodeB ID=44664, Cell FDD TDD indication=CELL_FDD",Reliable,1347.282,291.518
2026-04-10 06:00,60,"COT_LAT_AEROPUERTO_UL/Cell:eNodeB Function Name=COT_LAT_AEROPUERTO_L, Local Cell ID=8, Cell Name=CO_LAT_AEROPUERTO_APT_8, eNodeB ID=44664, Cell FDD TDD indication=CELL_FDD",Reliable,304.972,125.88
2026-04-10 06:00,60,"COT_LAT_AEROPUERTO_UL/Cell:eNodeB Function Name=COT_LAT_AEROPUERTO_L, Local Cell ID=9, Cell Name=CO_LAT_AEROPUERTO_APT_9, eNodeB ID=44664, Cell FDD TDD indication=CELL_FDD",Reliable,2201.333,1126.599
2026-04-10 06:00,60,"PI_UIO_CLINICA_SAN_RAFAEL_TRR_UL/Cell:eNodeB Function Name=PIC_UIO_CLINICA_SAN_RAFAEL_TRR_L, Local Cell ID=1, Cell Name=PIC_UIO_CLINICA_SAN_RAFAEL_TRR_L21_1, eNodeB ID=44807, Cell FDD TDD indication=CELL_FDD",Reliable,1331.468,95.489
2026-04-10 06:00,60,"PI_UIO_CLINICA_SAN_RAFAEL_TRR_UL/Cell:eNodeB Function Name=PIC_UIO_CLINICA_SAN_RAFAEL_TRR_L, Local Cell ID=2, Cell Name=PIC_UIO_CLINICA_SAN_RAFAEL_TRR_L21_2, eNodeB ID=44807, Cell FDD TDD indication=CELL_FDD",Reliable,470.118,216.324
2026-04-10 06:00,60,"PI_UIO_CLINICA_SAN_RAFAEL_TRR_UL/Cell:eNodeB Function Name=PIC_UIO_CLINICA_SAN_RAFAEL_TRR_L, Local Cell ID=3, Cell Name=PIC_UIO_CLINICA_SAN_RAFAEL_TRR_L21_3, eNodeB ID=44807, Cell FDD TDD indication=CELL_FDD",Reliable,895.715,135.079
2026-04-10 06:00,60,"PI_UIO_SERAPIO_JAPERABI_UL/Cell:eNodeB Function Name=PI_UIO_SERAPIO_JAPERABIL21, Local Cell ID=1, Cell Name=PI_UIO_SERAPIO_JAPERABI_1, eNodeB ID=44243, Cell FDD TDD indication=CELL_FDD",Reliable,248.783,30.858
2026-04-10 06:00,60,"PI_UIO_SERAPIO_JAPERABI_UL/Cell:eNodeB Function Name=PI_UIO_SERAPIO_JAPERABIL21, Local Cell ID=2, Cell Name=PI_UIO_SERAPIO_JAPERABI_2, eNodeB ID=44243, Cell FDD TDD indication=CELL_FDD",Reliable,177.609,65.598
2026-04-10 06:00,60,"PI_UIO_SERAPIO_JAPERABI_UL/Cell:eNodeB Function Name=PI_UIO_SERAPIO_JAPERABIL21, Local Cell ID=3, Cell Name=PI_UIO_SERAPIO_JAPERABI_3, eNodeB ID=44243, Cell FDD TDD indication=CELL_FDD",Reliable,228.059,7.803
2026-04-10 06:00,60,"PI_UIO_LA_TOLA_BAJA_UL/Cell:eNodeB Function Name=PI_UIO_LA_TOLA_BAJAL21, Local Cell ID=1, Cell Name=PI_UIO_LA_TOLA_BAJA_1, eNodeB ID=44147, Cell FDD TDD indication=CELL_FDD",Reliable,1114.723,125.246
2026-04-10 06:00,60,"PI_UIO_LA_TOLA_BAJA_UL/Cell:eNodeB Function Name=PI_UIO_LA_TOLA_BAJAL21, Local Cell ID=2, Cell Name=PI_UIO_LA_TOLA_BAJA_2, eNodeB ID=44147, Cell FDD TDD indication=CELL_FDD",Reliable,1200.215,147.988
2026-04-10 06:00,60,"PI_UIO_LA_TOLA_BAJA_UL/Cell:eNodeB Function Name=PI_UIO_LA_TOLA_BAJAL21, Local Cell ID=3, Cell Name=PI_UIO_LA_TOLA_BAJA_3, eNodeB ID=44147, Cell FDD TDD indication=CELL_FDD",Reliable,134.739,17.512
2026-04-10 06:00,60,"PI_UIO_LA_TOLA_BAJA_UL/Cell:eNodeB Function Name=PI_UIO_LA_TOLA_BAJAL21, Local Cell ID=7, Cell Name=PI_UIO_LA_TOLA_BAJA_APT_7, eNodeB ID=44147, Cell FDD TDD indication=CELL_FDD",Reliable,3237.703,286.895
2026-04-10 06:00,60,"PI_UIO_LA_TOLA_BAJA_UL/Cell:eNodeB Function Name=PI_UIO_LA_TOLA_BAJAL21, Local Cell ID=8, Cell Name=PI_UIO_LA_TOLA_BAJA_APT_8, eNodeB ID=44147, Cell FDD TDD indication=CELL_FDD",Reliable,3886.716,372.372
2026-04-10 06:00,60,"PI_UIO_LA_TOLA_BAJA_UL/Cell:eNodeB Function Name=PI_UIO_LA_TOLA_BAJAL21, Local Cell ID=9, Cell Name=PI_UIO_LA_TOLA_BAJA_APT_9, eNodeB ID=44147, Cell FDD TDD indication=CELL_FDD",Reliable,182.809,10.502
2026-04-10 06:00,60,"SD_SD_NODO_1_STD4(VIA_QUEVEDO)_UL/Cell:eNodeB Function Name=SD_SD_NODO_1_STD4(VIA_QUEVEDO)L21, Local Cell ID=1, Cell Name=SD_SD_NODO_1_STD4(VIA_QUEVEDO)_1, eNodeB ID=44784, Cell FDD TDD indication=CELL_FDD",Reliable,240.182,36.303
2026-04-10 06:00,60,"SD_SD_NODO_1_STD4(VIA_QUEVEDO)_UL/Cell:eNodeB Function Name=SD_SD_NODO_1_STD4(VIA_QUEVEDO)L21, Local Cell ID=2, Cell Name=SD_SD_NODO_1_STD4(VIA_QUEVEDO)_2, eNodeB ID=44784, Cell FDD TDD indication=CELL_FDD",Reliable,405.369,60.475
2026-04-10 06:00,60,"SD_SD_NODO_1_STD4(VIA_QUEVEDO)_UL/Cell:eNodeB Function Name=SD_SD_NODO_1_STD4(VIA_QUEVEDO)L21, Local Cell ID=3, Cell Name=SD_SD_NODO_1_STD4(VIA_QUEVEDO)_3, eNodeB ID=44784, Cell FDD TDD indication=CELL_FDD",Reliable,197.792,43.677
2026-04-10 06:00,60,"SD_SD_NODO_1_STD4(VIA_QUEVEDO)_UL/Cell:eNodeB Function Name=SD_SD_NODO_1_STD4(VIA_QUEVEDO)L21, Local Cell ID=7, Cell Name=SD_SD_NODO_1_STD4(VIA_QUEVEDO)_APT_7, eNodeB ID=44784, Cell FDD TDD indication=CELL_FDD",Reliable,134.949,44.375
2026-04-10 06:00,60,"SD_SD_NODO_1_STD4(VIA_QUEVEDO)_UL/Cell:eNodeB Function Name=SD_SD_NODO_1_STD4(VIA_QUEVEDO)L21, Local Cell ID=8, Cell Name=SD_SD_NODO_1_STD4(VIA_QUEVEDO)_APT_8, eNodeB ID=44784, Cell FDD TDD indication=CELL_FDD",Reliable,46.084,34.041
2026-04-10 06:00,60,"SD_SD_NODO_1_STD4(VIA_QUEVEDO)_UL/Cell:eNodeB Function Name=SD_SD_NODO_1_STD4(VIA_QUEVEDO)L21, Local Cell ID=9, Cell Name=SD_SD_NODO_1_STD4(VIA_QUEVEDO)_APT_9, eNodeB ID=44784, Cell FDD TDD indication=CELL_FDD",Reliable,535.935,80.397
2026-04-10 06:00,60,"SD_SD_NODO_1_STD4(COCA_COLA)_UL/Cell:eNodeB Function Name=SD_SD_NODO_1_STD4(COCA_COLA)L21, Local Cell ID=1, Cell Name=SD_SD_NODO_1_STD4(COCA_COLA)_1, eNodeB ID=44783, Cell FDD TDD indication=CELL_FDD",Reliable,301.519,64.257
2026-04-10 06:00,60,"SD_SD_NODO_1_STD4(COCA_COLA)_UL/Cell:eNodeB Function Name=SD_SD_NODO_1_STD4(COCA_COLA)L21, Local Cell ID=2, Cell Name=SD_SD_NODO_1_STD4(COCA_COLA)_2, eNodeB ID=44783, Cell FDD TDD indication=CELL_FDD",Reliable,164.295,22.595
2026-04-10 06:00,60,"SD_SD_NODO_1_STD4(COCA_COLA)_UL/Cell:eNodeB Function Name=SD_SD_NODO_1_STD4(COCA_COLA)L21, Local Cell ID=3, Cell Name=SD_SD_NODO_1_STD4(COCA_COLA)_3, eNodeB ID=44783, Cell FDD TDD indication=CELL_FDD",Reliable,238.062,35.792
2026-04-10 06:00,60,"COT_LAT_U_TECNICA_UL/Cell:eNodeB Function Name=COT_LAT_U_TECNICA_L, Local Cell ID=1, Cell Name=CO_LAT_U_TECNICA_1, eNodeB ID=44693, Cell FDD TDD indication=CELL_FDD",Reliable,1729.213,156.658
2026-04-10 06:00,60,"COT_LAT_U_TECNICA_UL/Cell:eNodeB Function Name=COT_LAT_U_TECNICA_L, Local Cell ID=2, Cell Name=CO_LAT_U_TECNICA_2, eNodeB ID=44693, Cell FDD TDD indication=CELL_FDD",Reliable,213.107,25.225
2026-04-10 06:00,60,"COT_LAT_U_TECNICA_UL/Cell:eNodeB Function Name=COT_LAT_U_TECNICA_L, Local Cell ID=3, Cell Name=CO_LAT_U_TECNICA_3, eNodeB ID=44693, Cell FDD TDD indication=CELL_FDD",Reliable,3269.086,349.62
2026-04-10 06:00,60,"PI_UIO_SELVA_ALEGRE(3G)_UL/Cell:eNodeB Function Name=PI_UIO_SELVA_ALEGRE(3G)L21, Local Cell ID=1, Cell Name=PI_UIO_SELVA_ALEGRE(3G)_1, eNodeB ID=44277, Cell FDD TDD indication=CELL_FDD",Reliable,64.814,18.582
2026-04-10 06:00,60,"PI_UIO_SELVA_ALEGRE(3G)_UL/Cell:eNodeB Function Name=PI_UIO_SELVA_ALEGRE(3G)L21, Local Cell ID=2, Cell Name=PI_UIO_SELVA_ALEGRE(3G)_2, eNodeB ID=44277, Cell FDD TDD indication=CELL_FDD",Reliable,189.869,16.533
2026-04-10 06:00,60,"PI_UIO_SELVA_ALEGRE(3G)_UL/Cell:eNodeB Function Name=PI_UIO_SELVA_ALEGRE(3G)L21, Local Cell ID=3, Cell Name=PI_UIO_SELVA_ALEGRE(3G)_3, eNodeB ID=44277, Cell FDD TDD indication=CELL_FDD",Reliable,70.109,5.25
2026-04-10 06:00,60,"PIC_UIO_TUMBACO_ULN/Cell:eNodeB Function Name=PI_UIO_TUMBACOL21, Local Cell ID=1, Cell Name=PI_UIO_TUMBACO_1, eNodeB ID=44019, Cell FDD TDD indication=CELL_FDD",Reliable,608.114,46.987
2026-04-10 06:00,60,"PIC_UIO_TUMBACO_ULN/Cell:eNodeB Function Name=PI_UIO_TUMBACOL21, Local Cell ID=2, Cell Name=PI_UIO_TUMBACO_2, eNodeB ID=44019, Cell FDD TDD indication=CELL_FDD",Reliable,852.525,68.695
2026-04-10 06:00,60,"PIC_UIO_TUMBACO_ULN/Cell:eNodeB Function Name=PI_UIO_TUMBACOL21, Local Cell ID=3, Cell Name=PI_UIO_TUMBACO_3, eNodeB ID=44019, Cell FDD TDD indication=CELL_FDD",Reliable,1293.607,119.342
2026-04-10 06:00,60,"PIC_UIO_TUMBACO_ULN/Cell:eNodeB Function Name=PI_UIO_TUMBACOL21, Local Cell ID=7, Cell Name=PI_UIO_TUMBACO_APT_7, eNodeB ID=44019, Cell FDD TDD indication=CELL_FDD",Reliable,1736.003,161.231
2026-04-10 06:00,60,"PIC_UIO_TUMBACO_ULN/Cell:eNodeB Function Name=PI_UIO_TUMBACOL21, Local Cell ID=8, Cell Name=PI_UIO_TUMBACO_APT_8, eNodeB ID=44019, Cell FDD TDD indication=CELL_FDD",Reliable,797.872,105.127
2026-04-10 06:00,60,"PIC_UIO_TUMBACO_ULN/Cell:eNodeB Function Name=PI_UIO_TUMBACOL21, Local Cell ID=9, Cell Name=PI_UIO_TUMBACO_APT_9, eNodeB ID=44019, Cell FDD TDD indication=CELL_FDD",Reliable,860.027,66.55
2026-04-10 06:00,60,"PIC_UIO_LA_CERAMICA_ULN/Cell:eNodeB Function Name=PI_UIO_LA_CERAMICAL21, Local Cell ID=1, Cell Name=PI_UIO_LA_CERAMICA_1, eNodeB ID=44378, Cell FDD TDD indication=CELL_FDD",Reliable,503.118,53.646
2026-04-10 06:00,60,"PIC_UIO_LA_CERAMICA_ULN/Cell:eNodeB Function Name=PI_UIO_LA_CERAMICAL21, Local Cell ID=2, Cell Name=PI_UIO_LA_CERAMICA_2, eNodeB ID=44378, Cell FDD TDD indication=CELL_FDD",Reliable,349.638,17.196
2026-04-10 06:00,60,"PIC_UIO_LA_CERAMICA_ULN/Cell:eNodeB Function Name=PI_UIO_LA_CERAMICAL21, Local Cell ID=3, Cell Name=PI_UIO_LA_CERAMICA_3, eNodeB ID=44378, Cell FDD TDD indication=CELL_FDD",Reliable,765.248,74.158
2026-04-10 06:00,60,"SMALL_UIO_REGISTRO_CIVILL21/Cell:eNodeB Function Name=SMALL_UIO_REGISTRO_CIVILL21, Local Cell ID=1, Cell Name=SMALL_UIO_REGISTRO_CIVIL_L21_1, eNodeB ID=43204, Cell FDD TDD indication=CELL_FDD",Reliable,0.567,0.408
2026-04-10 06:00,60,"SMALL_UIO_MADRIGALL21/Cell:eNodeB Function Name=SMALL_UIO_MADRIGALL21, Local Cell ID=1, Cell Name=SMALL_UIO_MADRIGAL_L21_1, eNodeB ID=43207, Cell FDD TDD indication=CELL_FDD",Reliable,19.733,3.032
2026-04-10 06:00,60,"SMALL_GYE_CENTRO_CIVICOL21/Cell:eNodeB Function Name=SMALL_GYE_CENTRO_CIVICOL21, Local Cell ID=1, Cell Name=SMALL_GYE_CENTRO_CIVICO_L21_1, eNodeB ID=43212, Cell FDD TDD indication=CELL_FDD",Reliable,0,0
2026-04-10 06:00,60,"SMALL_STD_BAHIAL21/Cell:eNodeB Function Name=SMALL_STD_BAHIAL21, Local Cell ID=1, Cell Name=SMALL_STD_BAHIA_L21_1, eNodeB ID=43224, Cell FDD TDD indication=CELL_FDD",Reliable,58.681,8.519
2026-04-10 06:00,60,"SMALL_BHY_ECU911L21/Cell:eNodeB Function Name=SMALL_BHY_ECU911L21, Local Cell ID=1, Cell Name=SMALL_BHY_ECU911_L21_1, eNodeB ID=43235, Cell FDD TDD indication=CELL_FDD",Reliable,1720.615,102.223
2026-04-10 06:00,60,"SMALL_PTVJO_ECU_911L21/Cell:eNodeB Function Name=SMALL_PTVJO_ECU_911L21, Local Cell ID=1, Cell Name=SMALL_PTVJO_ECU_911_L21_1, eNodeB ID=43225, Cell FDD TDD indication=CELL_FDD",Reliable,7.879,1.191
2026-04-10 06:00,60,"SMALL_RIO_EMPRESA_ELECTRICAL21/Cell:eNodeB Function Name=SMALL_RIO_EMPRESA_ELECTRICAL21, Local Cell ID=1, Cell Name=SMALL_RIO_EMPRESA_ELECTRICA_L21_1, eNodeB ID=43202, Cell FDD TDD indication=CELL_FDD",Reliable,0,0
2026-04-10 06:00,60,"SMALL_UIO_NAYONL21/Cell:eNodeB Function Name=SMALL_UIO_NAYONL21, Local Cell ID=1, Cell Name=SMALL_UIO_NAYON_L21_1, eNodeB ID=43232, Cell FDD TDD indication=CELL_FDD",Reliable,31.429,0.998
2026-04-10 06:00,60,"SMALL_CUE_MALL_DEL_RIO_L/Cell:eNodeB Function Name=SMALL_CUE_MALL_DEL_RIO_L, Local Cell ID=1, Cell Name=SMALL_CUE_MALL_RIO_L21_1, eNodeB ID=43231, Cell FDD TDD indication=CELL_FDD",Reliable,0,0
2026-04-10 06:00,60,"SMALL_GYE_ORO_VERDEL21/Cell:eNodeB Function Name=SMALL_GYE_ORO_VERDEL21, Local Cell ID=1, Cell Name=SMALL_GYE_ORO_VERDE_L21_1, eNodeB ID=43210, Cell FDD TDD indication=CELL_FDD",Reliable,0,0
2026-04-10 06:00,60,"SMALL_UIO_HILTON_COLONL21/Cell:eNodeB Function Name=SMALL_UIO_HILTON_COLONL21, Local Cell ID=1, Cell Name=SMALL_UIO_HILTON_COLON_L21_1, eNodeB ID=43217, Cell FDD TDD indication=CELL_FDD",Reliable,1.38,0.149
2026-04-10 06:00,60,"SMALL_UIO_DTA_CENTERL21/Cell:eNodeB Function Name=SMALL_UIO_DTA_CENTERL21, Local Cell ID=1, Cell Name=SMALL_UIO_DTA_CENTER_L21_1, eNodeB ID=43229, Cell FDD TDD indication=CELL_FDD",Reliable,0,0
2026-04-10 06:00,60,"SMALL_UIO_MARRIOTL21/Cell:eNodeB Function Name=SMALL_UIO_MARRIOTL21, Local Cell ID=1, Cell Name=SMALL_UIO_MARRIOT_L21_1, eNodeB ID=43206, Cell FDD TDD indication=CELL_FDD",Reliable,0.186,0.113
2026-04-10 06:00,60,"PIC_UIO_LAMP_PLATFINANCIERA2_UL/Cell:eNodeB Function Name=PIC_UIO_LAMP_PLATFINANCIERA2_L, Local Cell ID=5, Cell Name=LAMP_UIO_PLATFINANCIERA2_5, eNodeB ID=43242, Cell FDD TDD indication=CELL_FDD",Reliable,0.015,0.006
2026-04-10 06:00,60,"PIC_UIO_LAMP_PLATFINANCIERA2_UL/Cell:eNodeB Function Name=PIC_UIO_LAMP_PLATFINANCIERA2_L, Local Cell ID=4, Cell Name=LAMP_UIO_PLATFINANCIERA2_4, eNodeB ID=43242, Cell FDD TDD indication=CELL_FDD",Reliable,0.003,0.011
2026-04-10 06:00,60,"PIC_UIO_LAMP_PLATFINANCIERA2_UL/Cell:eNodeB Function Name=PIC_UIO_LAMP_PLATFINANCIERA2_L, Local Cell ID=3, Cell Name=LAMP_UIO_PLATFINANCIERA2_3, eNodeB ID=43242, Cell FDD TDD indication=CELL_FDD",Reliable,0,0
2026-04-10 06:00,60,"PIC_UIO_LAMP_PLATFINANCIERA2_UL/Cell:eNodeB Function Name=PIC_UIO_LAMP_PLATFINANCIERA2_L, Local Cell ID=2, Cell Name=LAMP_UIO_PLATFINANCIERA2_2, eNodeB ID=43242, Cell FDD TDD indication=CELL_FDD",Reliable,0.027,0.043
2026-04-10 06:00,60,"PIC_UIO_LAMP_PLATFINANCIERA2_UL/Cell:eNodeB Function Name=PIC_UIO_LAMP_PLATFINANCIERA2_L, Local Cell ID=1, Cell Name=LAMP_UIO_PLATFINANCIERA2_1, eNodeB ID=43242, Cell FDD TDD indication=CELL_FDD",Reliable,0,0
2026-04-10 06:00,60,"PIC_UIO_LAMP_PLATFINANCIERA3_UL/Cell:eNodeB Function Name=PIC_UIO_LAMP_PLATFINANCIERA3_L, Local Cell ID=6, Cell Name=LAMP_UIO_PLATFINANCIERA3_6, eNodeB ID=43243, Cell FDD TDD indication=CELL_FDD",Reliable,0.016,0.003
2026-04-10 06:00,60,"PIC_UIO_LAMP_PLATFINANCIERA3_UL/Cell:eNodeB Function Name=PIC_UIO_LAMP_PLATFINANCIERA3_L, Local Cell ID=5, Cell Name=LAMP_UIO_PLATFINANCIERA3_5, eNodeB ID=43243, Cell FDD TDD indication=CELL_FDD",Reliable,0.009,0.005
2026-04-10 06:00,60,"PIC_UIO_LAMP_PLATFINANCIERA3_UL/Cell:eNodeB Function Name=PIC_UIO_LAMP_PLATFINANCIERA3_L, Local Cell ID=4, Cell Name=LAMP_UIO_PLATFINANCIERA3_4, eNodeB ID=43243, Cell FDD TDD indication=CELL_FDD",Reliable,0.01,0.018
2026-04-10 06:00,60,"PIC_UIO_LAMP_PLATFINANCIERA3_UL/Cell:eNodeB Function Name=PIC_UIO_LAMP_PLATFINANCIERA3_L, Local Cell ID=3, Cell Name=LAMP_UIO_PLATFINANCIERA3_3, eNodeB ID=43243, Cell FDD TDD indication=CELL_FDD",Reliable,47.165,2.135
2026-04-10 06:00,60,"PIC_UIO_LAMP_PLATFINANCIERA3_UL/Cell:eNodeB Function Name=PIC_UIO_LAMP_PLATFINANCIERA3_L, Local Cell ID=2, Cell Name=LAMP_UIO_PLATFINANCIERA3_2, eNodeB ID=43243, Cell FDD TDD indication=CELL_FDD",Reliable,1.416,2
2026-04-10 06:00,60,"PIC_UIO_LAMP_PLATFINANCIERA3_UL/Cell:eNodeB Function Name=PIC_UIO_LAMP_PLATFINANCIERA3_L, Local Cell ID=1, Cell Name=LAMP_UIO_PLATFINANCIERA3_1, eNodeB ID=43243, Cell FDD TDD indication=CELL_FDD",Reliable,0,0.002
2026-04-10 06:00,60,"PIC_UIO_LAMP_PLATFINANCIERA1_UL/Cell:eNodeB Function Name=PIC_UIO_LAMP_PLATFINANCIERA1_L, Local Cell ID=7, Cell Name=LAMP_UIO_PLATFINANCIERA1_7, eNodeB ID=43241, Cell FDD TDD indication=CELL_FDD",Reliable,0,0.001
2026-04-10 06:00,60,"PIC_UIO_LAMP_PLATFINANCIERA1_UL/Cell:eNodeB Function Name=PIC_UIO_LAMP_PLATFINANCIERA1_L, Local Cell ID=6, Cell Name=LAMP_UIO_PLATFINANCIERA1_6, eNodeB ID=43241, Cell FDD TDD indication=CELL_FDD",Reliable,0,0
2026-04-10 06:00,60,"PIC_UIO_LAMP_PLATFINANCIERA1_UL/Cell:eNodeB Function Name=PIC_UIO_LAMP_PLATFINANCIERA1_L, Local Cell ID=5, Cell Name=LAMP_UIO_PLATFINANCIERA1_5, eNodeB ID=43241, Cell FDD TDD indication=CELL_FDD",Reliable,0,0
2026-04-10 06:00,60,"PIC_UIO_LAMP_PLATFINANCIERA1_UL/Cell:eNodeB Function Name=PIC_UIO_LAMP_PLATFINANCIERA1_L, Local Cell ID=4, Cell Name=LAMP_UIO_PLATFINANCIERA1_4, eNodeB ID=43241, Cell FDD TDD indication=CELL_FDD",Reliable,0.052,0.039
2026-04-10 06:00,60,"PIC_UIO_LAMP_PLATFINANCIERA1_UL/Cell:eNodeB Function Name=PIC_UIO_LAMP_PLATFINANCIERA1_L, Local Cell ID=3, Cell Name=LAMP_UIO_PLATFINANCIERA1_3, eNodeB ID=43241, Cell FDD TDD indication=CELL_FDD",Reliable,0,0.001
2026-04-10 06:00,60,"PIC_UIO_LAMP_PLATFINANCIERA1_UL/Cell:eNodeB Function Name=PIC_UIO_LAMP_PLATFINANCIERA1_L, Local Cell ID=2, Cell Name=LAMP_UIO_PLATFINANCIERA1_2, eNodeB ID=43241, Cell FDD TDD indication=CELL_FDD",Reliable,0,0
2026-04-10 06:00,60,"PIC_UIO_LAMP_PLATFINANCIERA1_UL/Cell:eNodeB Function Name=PIC_UIO_LAMP_PLATFINANCIERA1_L, Local Cell ID=1, Cell Name=LAMP_UIO_PLATFINANCIERA1_1, eNodeB ID=43241, Cell FDD TDD indication=CELL_FDD",Reliable,0.034,0.036
2026-04-10 06:00,60,"PIC_UIO_LAMP_PLATFINANCIERA_UL/Cell:eNodeB Function Name=PIC_UIO_LAMP_PLATFINANCIERA_L, Local Cell ID=2, Cell Name=PIC_UIO_LAMP_PLATFINANCIERA_L21_2, eNodeB ID=43240, Cell FDD TDD indication=CELL_FDD",Reliable,64.62,3.15
2026-04-10 06:00,60,"PIC_UIO_LAMP_PLATFINANCIERA_UL/Cell:eNodeB Function Name=PIC_UIO_LAMP_PLATFINANCIERA_L, Local Cell ID=1, Cell Name=PIC_UIO_LAMP_PLATFINANCIERA_L21_1, eNodeB ID=43240, Cell FDD TDD indication=CELL_FDD",Reliable,18.489,1.656
2026-04-10 06:00,60,"PIC_UIO_LAMP_PLATFINANCIERA_UL/Cell:eNodeB Function Name=PIC_UIO_LAMP_PLATFINANCIERA_L, Local Cell ID=5, Cell Name=PIC_UIO_LAMP_PLATFINANCIERA_L21_5, eNodeB ID=43240, Cell FDD TDD indication=CELL_FDD",Reliable,0.001,0.001
2026-04-10 06:00,60,"PIC_UIO_LAMP_PLATFINANCIERA_UL/Cell:eNodeB Function Name=PIC_UIO_LAMP_PLATFINANCIERA_L, Local Cell ID=4, Cell Name=PIC_UIO_LAMP_PLATFINANCIERA_L21_4, eNodeB ID=43240, Cell FDD TDD indication=CELL_FDD",Reliable,0,0
2026-04-10 06:00,60,"PIC_UIO_LAMP_PLATFINANCIERA_UL/Cell:eNodeB Function Name=PIC_UIO_LAMP_PLATFINANCIERA_L, Local Cell ID=3, Cell Name=PIC_UIO_LAMP_PLATFINANCIERA_L21_3, eNodeB ID=43240, Cell FDD TDD indication=CELL_FDD",Reliable,0.001,0.002
2026-04-10 06:00,60,"SMALL_UIO_SHERATONL21/Cell:eNodeB Function Name=SMALL_UIO_SHERATONL21, Local Cell ID=1, Cell Name=SMALL_UIO_SHERATON_L21_1, eNodeB ID=43233, Cell FDD TDD indication=CELL_FDD",Reliable,10.452,0.495
2026-04-10 06:00,60,"STD_STD_SMALLCELL_BATALLON_MONTUFAR_UL/Cell:eNodeB Function Name=STD_STD_SC_BATALLON_MONTUFAR_L, Local Cell ID=0, Cell Name=STD_STD_SMALLCELL_BATALLON_MONTUFAR_L21_1, eNodeB ID=43273, Cell FDD TDD indication=CELL_FDD",Reliable,2950.225,466.163
2026-04-10 06:00,60,"IMB_IBA_003_UL (IBA_ECU911)/Cell:eNodeB Function Name=IMB_IBA_003L21 (IBA_ECU911), Local Cell ID=1, Cell Name=IMB_IBA_003_1, eNodeB ID=43542, Cell FDD TDD indication=CELL_FDD",Reliable,194.572,28.411
2026-04-10 06:00,60,"IMB_IBA_003_UL (IBA_ECU911)/Cell:eNodeB Function Name=IMB_IBA_003L21 (IBA_ECU911), Local Cell ID=2, Cell Name=IMB_IBA_003_2, eNodeB ID=43542, Cell FDD TDD indication=CELL_FDD",Reliable,164.989,18.733
2026-04-10 06:00,60,"IMB_IBA_003_UL (IBA_ECU911)/Cell:eNodeB Function Name=IMB_IBA_003L21 (IBA_ECU911), Local Cell ID=3, Cell Name=IMB_IBA_003_3, eNodeB ID=43542, Cell FDD TDD indication=CELL_FDD",Reliable,317.283,29.419
2026-04-10 06:00,60,"PIC_UIO_CAPILLA_ULN/Cell:eNodeB Function Name=PIC_UIO_CAPILLA_L, Local Cell ID=1, Cell Name=PIC_UIO_CAPILLA_L21_1, eNodeB ID=44850, Cell FDD TDD indication=CELL_FDD",Reliable,21.451,0.692
2026-04-10 06:00,60,"PIC_UIO_CAPILLA_ULN/Cell:eNodeB Function Name=PIC_UIO_CAPILLA_L, Local Cell ID=2, Cell Name=PIC_UIO_CAPILLA_L21_2, eNodeB ID=44850, Cell FDD TDD indication=CELL_FDD",Reliable,214.484,14.464
2026-04-10 06:00,60,"PIC_UIO_CAPILLA_ULN/Cell:eNodeB Function Name=PIC_UIO_CAPILLA_L, Local Cell ID=3, Cell Name=PIC_UIO_CAPILLA_L21_3, eNodeB ID=44850, Cell FDD TDD indication=CELL_FDD",Reliable,96.187,10.789
2026-04-10 06:00,60,"PI_UIO_TANASA_UL/Cell:eNodeB Function Name=PIC_UIO_TANASA_L, Local Cell ID=1, Cell Name=PIC_UIO_TANASA_L21_1, eNodeB ID=44352, Cell FDD TDD indication=CELL_FDD",Reliable,1084.687,78.383
2026-04-10 06:00,60,"PI_UIO_TANASA_UL/Cell:eNodeB Function Name=PIC_UIO_TANASA_L, Local Cell ID=2, Cell Name=PIC_UIO_TANASA_L21_2, eNodeB ID=44352, Cell FDD TDD indication=CELL_FDD",Reliable,1010.303,292.009
2026-04-10 06:00,60,"SD_SD_BRISAS_UL/Cell:eNodeB Function Name=SD_SD_BRISASL21, Local Cell ID=1, Cell Name=SD_SD_BRISAS_1, eNodeB ID=43534, Cell FDD TDD indication=CELL_FDD",Reliable,684.624,89.373
2026-04-10 06:00,60,"SD_SD_BRISAS_UL/Cell:eNodeB Function Name=SD_SD_BRISASL21, Local Cell ID=2, Cell Name=SD_SD_BRISAS_2, eNodeB ID=43534, Cell FDD TDD indication=CELL_FDD",Reliable,75.126,26.173
2026-04-10 06:00,60,"SD_SD_BRISAS_UL/Cell:eNodeB Function Name=SD_SD_BRISASL21, Local Cell ID=3, Cell Name=SD_SD_BRISAS_3, eNodeB ID=43534, Cell FDD TDD indication=CELL_FDD",Reliable,833.152,99.978
2026-04-10 06:00,60,"SD_SD_GUAYAQUIL_UL/Cell:eNodeB Function Name=SD_SD_GUAYAQUILL21, Local Cell ID=1, Cell Name=SD_SD_GUAYAQUIL_1, eNodeB ID=43583, Cell FDD TDD indication=CELL_FDD",Reliable,148.183,21.577
2026-04-10 06:00,60,"SD_SD_GUAYAQUIL_UL/Cell:eNodeB Function Name=SD_SD_GUAYAQUILL21, Local Cell ID=2, Cell Name=SD_SD_GUAYAQUIL_2, eNodeB ID=43583, Cell FDD TDD indication=CELL_FDD",Reliable,139.046,19.965
2026-04-10 06:00,60,"SD_SD_GUAYAQUIL_UL/Cell:eNodeB Function Name=SD_SD_GUAYAQUILL21, Local Cell ID=3, Cell Name=SD_SD_GUAYAQUIL_3, eNodeB ID=43583, Cell FDD TDD indication=CELL_FDD",Reliable,149.621,20.785
2026-04-10 06:00,60,"PI_UIO_CONOCOTO_OESTE_UL/Cell:eNodeB Function Name=PI_UIO_CONOCOTO_OESTEL21, Local Cell ID=1, Cell Name=PI_UIO_CONOCOTO_OESTE_1, eNodeB ID=44209, Cell FDD TDD indication=CELL_FDD",Reliable,1861.461,152.002
2026-04-10 06:00,60,"PI_UIO_CONOCOTO_OESTE_UL/Cell:eNodeB Function Name=PI_UIO_CONOCOTO_OESTEL21, Local Cell ID=2, Cell Name=PI_UIO_CONOCOTO_OESTE_2, eNodeB ID=44209, Cell FDD TDD indication=CELL_FDD",Reliable,405.338,54.201
2026-04-10 06:00,60,"PI_UIO_CONOCOTO_OESTE_UL/Cell:eNodeB Function Name=PI_UIO_CONOCOTO_OESTEL21, Local Cell ID=3, Cell Name=PI_UIO_CONOCOTO_OESTE_3, eNodeB ID=44209, Cell FDD TDD indication=CELL_FDD",Reliable,538.755,49.047
2026-04-10 06:00,60,"ES_ATA_ESME_ATACAMES_NORTE_UL/Cell:eNodeB Function Name=ES_ATA_ESME_ATACAMES_NORTEL21, Local Cell ID=1, Cell Name=ES_ATA_ESME_ATACAMES_NORTE_1, eNodeB ID=43540, Cell FDD TDD indication=CELL_FDD",Reliable,216.224,12.503
2026-04-10 06:00,60,"ES_ATA_ESME_ATACAMES_NORTE_UL/Cell:eNodeB Function Name=ES_ATA_ESME_ATACAMES_NORTEL21, Local Cell ID=2, Cell Name=ES_ATA_ESME_ATACAMES_NORTE_2, eNodeB ID=43540, Cell FDD TDD indication=CELL_FDD",Reliable,35.4,4.474
2026-04-10 06:00,60,"ES_ATA_ESME_ATACAMES_NORTE_UL/Cell:eNodeB Function Name=ES_ATA_ESME_ATACAMES_NORTEL21, Local Cell ID=3, Cell Name=ES_ATA_ESME_ATACAMES_NORTE_3, eNodeB ID=43540, Cell FDD TDD indication=CELL_FDD",Reliable,84.94,5.106
2026-04-10 06:00,60,"PI_UIO_CAMANO_UL/Cell:eNodeB Function Name=PI_UIO_CAMANOL21, Local Cell ID=1, Cell Name=PI_UIO_CAMANO_1, eNodeB ID=43522, Cell FDD TDD indication=CELL_FDD",Reliable,140.263,15.533
2026-04-10 06:00,60,"PI_UIO_CAMANO_UL/Cell:eNodeB Function Name=PI_UIO_CAMANOL21, Local Cell ID=2, Cell Name=PI_UIO_CAMANO_2, eNodeB ID=43522, Cell FDD TDD indication=CELL_FDD",Reliable,65.033,10.511
2026-04-10 06:00,60,"PI_UIO_CONFITECA_UL/Cell:eNodeB Function Name=PI_UIO_CONFITECA_L, Local Cell ID=1, Cell Name=PI_UIO_CONFITECA_1, eNodeB ID=44375, Cell FDD TDD indication=CELL_FDD",Reliable,1705.469,143.254
2026-04-10 06:00,60,"PI_UIO_CONFITECA_UL/Cell:eNodeB Function Name=PI_UIO_CONFITECA_L, Local Cell ID=2, Cell Name=PI_UIO_CONFITECA_2, eNodeB ID=44375, Cell FDD TDD indication=CELL_FDD",Reliable,1673.12,823.526
2026-04-10 06:00,60,"PI_UIO_CONFITECA_UL/Cell:eNodeB Function Name=PI_UIO_CONFITECA_L, Local Cell ID=3, Cell Name=PI_UIO_CONFITECA_3, eNodeB ID=44375, Cell FDD TDD indication=CELL_FDD",Reliable,312.754,40.102
2026-04-10 06:00,60,"PI_UIO_CONFITECA_UL/Cell:eNodeB Function Name=PI_UIO_CONFITECA_L, Local Cell ID=7, Cell Name=PI_UIO_CONFITECA_APT_7, eNodeB ID=44375, Cell FDD TDD indication=CELL_FDD",Reliable,547.567,61.142
2026-04-10 06:00,60,"PI_UIO_CONFITECA_UL/Cell:eNodeB Function Name=PI_UIO_CONFITECA_L, Local Cell ID=8, Cell Name=PI_UIO_CONFITECA_APT_8, eNodeB ID=44375, Cell FDD TDD indication=CELL_FDD",Reliable,119.779,12.483
2026-04-10 06:00,60,"PI_UIO_CONFITECA_UL/Cell:eNodeB Function Name=PI_UIO_CONFITECA_L, Local Cell ID=9, Cell Name=PI_UIO_CONFITECA_APT_9, eNodeB ID=44375, Cell FDD TDD indication=CELL_FDD",Reliable,2782.666,384.542
2026-04-10 06:00,60,"PI_UIO_CONFITECA_UL/Cell:eNodeB Function Name=PI_UIO_CONFITECA_L, Local Cell ID=11, Cell Name=PI_UIO_CONFITECA_11, eNodeB ID=44375, Cell FDD TDD indication=CELL_FDD",Reliable,262.636,30.66
2026-04-10 06:00,60,"PI_UIO_CONFITECA_UL/Cell:eNodeB Function Name=PI_UIO_CONFITECA_L, Local Cell ID=12, Cell Name=PI_UIO_CONFITECA_12, eNodeB ID=44375, Cell FDD TDD indication=CELL_FDD",Reliable,36.857,3.485
2026-04-10 06:00,60,"PI_UIO_CONFITECA_UL/Cell:eNodeB Function Name=PI_UIO_CONFITECA_L, Local Cell ID=13, Cell Name=PI_UIO_CONFITECA_13, eNodeB ID=44375, Cell FDD TDD indication=CELL_FDD",Reliable,37.357,4.389
2026-04-10 06:00,60,"PI_UIO_LIZARZABURO_UL/Cell:eNodeB Function Name=PI_UIO_LIZARZABUROL21, Local Cell ID=1, Cell Name=PI_UIO_LIZARZABURO_1, eNodeB ID=43528, Cell FDD TDD indication=CELL_FDD",Reliable,828.107,112.069
2026-04-10 06:00,60,"PI_UIO_LIZARZABURO_UL/Cell:eNodeB Function Name=PI_UIO_LIZARZABUROL21, Local Cell ID=2, Cell Name=PI_UIO_LIZARZABURO_2, eNodeB ID=43528, Cell FDD TDD indication=CELL_FDD",Reliable,2235.849,448.08
2026-04-10 06:00,60,"PI_UIO_LIZARZABURO_UL/Cell:eNodeB Function Name=PI_UIO_LIZARZABUROL21, Local Cell ID=3, Cell Name=PI_UIO_LIZARZABURO_3, eNodeB ID=43528, Cell FDD TDD indication=CELL_FDD",Reliable,990.145,77.737
2026-04-10 06:00,60,"PI_UIO_NODO_1_GUAMANI_EL_EJERCITO_UL/Cell:eNodeB Function Name=PIC_UIO_NODO_1_GUAMANI_EL_EJERCITO_L, Local Cell ID=1, Cell Name=PI_UIO_NODO_1_GUAMANI_EL_EJERCITO_L21_1, eNodeB ID=44128, Cell FDD TDD indication=CELL_FDD",Reliable,188.278,23.988
2026-04-10 06:00,60,"PI_UIO_NODO_1_GUAMANI_EL_EJERCITO_UL/Cell:eNodeB Function Name=PIC_UIO_NODO_1_GUAMANI_EL_EJERCITO_L, Local Cell ID=2, Cell Name=PI_UIO_NODO_1_GUAMANI_EL_EJERCITO_L21_2, eNodeB ID=44128, Cell FDD TDD indication=CELL_FDD",Reliable,43.4,4.981
2026-04-10 06:00,60,"PI_UIO_NODO_1_GUAMANI_EL_EJERCITO_UL/Cell:eNodeB Function Name=PIC_UIO_NODO_1_GUAMANI_EL_EJERCITO_L, Local Cell ID=3, Cell Name=PI_UIO_NODO_1_GUAMANI_EL_EJERCITO_L21_3, eNodeB ID=44128, Cell FDD TDD indication=CELL_FDD",Reliable,241.011,33.399
2026-04-10 06:00,60,"PI_UIO_QUITUS_UL/Cell:eNodeB Function Name=PI_UIO_QUITUS_L, Local Cell ID=1, Cell Name=PI_UIO_QUITUS_1, eNodeB ID=43619, Cell FDD TDD indication=CELL_FDD",Reliable,2897.524,270.552
2026-04-10 06:00,60,"PI_UIO_QUITUS_UL/Cell:eNodeB Function Name=PI_UIO_QUITUS_L, Local Cell ID=2, Cell Name=PI_UIO_QUITUS_2, eNodeB ID=43619, Cell FDD TDD indication=CELL_FDD",Reliable,440.8,1103.286
2026-04-10 06:00,60,"PI_UIO_QUITUS_UL/Cell:eNodeB Function Name=PI_UIO_QUITUS_L, Local Cell ID=3, Cell Name=PI_UIO_QUITUS_3, eNodeB ID=43619, Cell FDD TDD indication=CELL_FDD",Reliable,192.044,13.793
2026-04-10 06:00,60,"PI_UIO_QUITUS_UL/Cell:eNodeB Function Name=PI_UIO_QUITUS_L, Local Cell ID=11, Cell Name=PI_UIO_QUITUS_11, eNodeB ID=43619, Cell FDD TDD indication=CELL_FDD",Reliable,186.104,26.054
2026-04-10 06:00,60,"PI_UIO_QUITUS_UL/Cell:eNodeB Function Name=PI_UIO_QUITUS_L, Local Cell ID=12, Cell Name=PI_UIO_QUITUS_12, eNodeB ID=43619, Cell FDD TDD indication=CELL_FDD",Reliable,205.329,6.197
2026-04-10 06:00,60,"PI_UIO_QUITUS_UL/Cell:eNodeB Function Name=PI_UIO_QUITUS_L, Local Cell ID=13, Cell Name=PI_UIO_QUITUS_13, eNodeB ID=43619, Cell FDD TDD indication=CELL_FDD",Reliable,13.297,0.492
2026-04-10 06:00,60,"PI_UIO_SANGOLQUI_UL/Cell:eNodeB Function Name=PIC_UIO_SANGOLQUI_L, Local Cell ID=1, Cell Name=PIC_UIO_SANGOLQUI_L21_1, eNodeB ID=44338, Cell FDD TDD indication=CELL_FDD",Reliable,527.539,38.227
2026-04-10 06:00,60,"PI_UIO_SANGOLQUI_UL/Cell:eNodeB Function Name=PIC_UIO_SANGOLQUI_L, Local Cell ID=2, Cell Name=PIC_UIO_SANGOLQUI_L21_2, eNodeB ID=44338, Cell FDD TDD indication=CELL_FDD",Reliable,692.009,34.999
2026-04-10 06:00,60,"PI_UIO_SANGOLQUI_UL/Cell:eNodeB Function Name=PIC_UIO_SANGOLQUI_L, Local Cell ID=3, Cell Name=PIC_UIO_SANGOLQUI_L21_3, eNodeB ID=44338, Cell FDD TDD indication=CELL_FDD",Reliable,268.834,19.152
2026-04-10 06:00,60,"PI_UIO_SCALA_MALL_UL/Cell:eNodeB Function Name=PI_UIO_SCALA_MALLL21, Local Cell ID=1, Cell Name=PI_UIO_SCALA_MALL_1, eNodeB ID=44941, Cell FDD TDD indication=CELL_FDD",Reliable,0.658,0.141
2026-04-10 06:00,60,"PI_UIO_SCALA_MALL_UL/Cell:eNodeB Function Name=PI_UIO_SCALA_MALLL21, Local Cell ID=2, Cell Name=PI_UIO_SCALA_MALL_2, eNodeB ID=44941, Cell FDD TDD indication=CELL_FDD",Reliable,4.527,3.147
2026-04-10 06:00,60,"PI_UIO_SELVA_ALEGRE_UL/Cell:eNodeB Function Name=PIC_UIO_SELVA_ALEGRE_L, Local Cell ID=1, Cell Name=PIC_UIO_SELVA_ALEGRE_L21_1, eNodeB ID=44363, Cell FDD TDD indication=CELL_FDD",Reliable,1276.326,159.609
2026-04-10 06:00,60,"PI_UIO_SELVA_ALEGRE_UL/Cell:eNodeB Function Name=PIC_UIO_SELVA_ALEGRE_L, Local Cell ID=2, Cell Name=PIC_UIO_SELVA_ALEGRE_L21_2, eNodeB ID=44363, Cell FDD TDD indication=CELL_FDD",Reliable,384.764,112.312
2026-04-10 06:00,60,"PI_UIO_SELVA_ALEGRE_UL/Cell:eNodeB Function Name=PIC_UIO_SELVA_ALEGRE_L, Local Cell ID=3, Cell Name=PIC_UIO_SELVA_ALEGRE_L21_3, eNodeB ID=44363, Cell FDD TDD indication=CELL_FDD",Reliable,103.952,8.98
2026-04-10 06:00,60,"PI_UIO_SELVA_ALEGRE_UL/Cell:eNodeB Function Name=PIC_UIO_SELVA_ALEGRE_L, Local Cell ID=7, Cell Name=PIC_UIO_SELVA_ALEGRE_L7_7, eNodeB ID=44363, Cell FDD TDD indication=CELL_FDD",Reliable,2594.449,224.523
2026-04-10 06:00,60,"PI_UIO_SELVA_ALEGRE_UL/Cell:eNodeB Function Name=PIC_UIO_SELVA_ALEGRE_L, Local Cell ID=8, Cell Name=PIC_UIO_SELVA_ALEGRE_L7_8, eNodeB ID=44363, Cell FDD TDD indication=CELL_FDD",Reliable,376.399,41.472
2026-04-10 06:00,60,"PI_UIO_SELVA_ALEGRE_UL/Cell:eNodeB Function Name=PIC_UIO_SELVA_ALEGRE_L, Local Cell ID=9, Cell Name=PIC_UIO_SELVA_ALEGRE_L7_9, eNodeB ID=44363, Cell FDD TDD indication=CELL_FDD",Reliable,1286.665,118.149
2026-04-10 06:00,60,"SD_SD_TULCAN_UL/Cell:eNodeB Function Name=SD_SD_TULCANL21, Local Cell ID=1, Cell Name=SD_SD_TULCAN_1, eNodeB ID=43553, Cell FDD TDD indication=CELL_FDD",Reliable,138.676,18.458
2026-04-10 06:00,60,"SD_SD_TULCAN_UL/Cell:eNodeB Function Name=SD_SD_TULCANL21, Local Cell ID=2, Cell Name=SD_SD_TULCAN_2, eNodeB ID=43553, Cell FDD TDD indication=CELL_FDD",Reliable,261.18,38.792
2026-04-10 06:00,60,"SD_SD_TULCAN_UL/Cell:eNodeB Function Name=SD_SD_TULCANL21, Local Cell ID=3, Cell Name=SD_SD_TULCAN_3, eNodeB ID=43553, Cell FDD TDD indication=CELL_FDD",Reliable,37.257,11.599
2026-04-10 06:00,60,"STD_STD_002_UL(STD_LA_MADRE)/Cell:eNodeB Function Name=STD_STD_002L21 (STD_LA_MADRE), Local Cell ID=1, Cell Name=STD_STD_002_1, eNodeB ID=43535, Cell FDD TDD indication=CELL_FDD",Reliable,123.541,21.339
2026-04-10 06:00,60,"STD_STD_002_UL(STD_LA_MADRE)/Cell:eNodeB Function Name=STD_STD_002L21 (STD_LA_MADRE), Local Cell ID=2, Cell Name=STD_STD_002_2, eNodeB ID=43535, Cell FDD TDD indication=CELL_FDD",Reliable,298.739,49.629
2026-04-10 06:00,60,"STD_STD_002_UL(STD_LA_MADRE)/Cell:eNodeB Function Name=STD_STD_002L21 (STD_LA_MADRE), Local Cell ID=3, Cell Name=STD_STD_002_3, eNodeB ID=43535, Cell FDD TDD indication=CELL_FDD",Reliable,81.447,21.665
2026-04-10 06:00,60,"EASYMACRO_PILE/Cell:eNodeB Function Name=MA_MO_EASYMACRO_PILEL21, Local Cell ID=2, Cell Name=MA_MO_EASYMACRO_PILE2, eNodeB ID=43276, Cell FDD TDD indication=CELL_FDD",Reliable,56.48,3.881
2026-04-10 06:00,60,"EASYMACRO_PILE/Cell:eNodeB Function Name=MA_MO_EASYMACRO_PILEL21, Local Cell ID=1, Cell Name=MA_MO_EASYMACRO_PILE1, eNodeB ID=43276, Cell FDD TDD indication=CELL_FDD",Reliable,252.13,24.962
2026-04-10 06:00,60,"PIC_UIO_LAMP_SOCIAL1_UL/Cell:eNodeB Function Name=PIC_UIO_LAMP_SOCIAL1_L, Local Cell ID=7, Cell Name=PI_UIO_LAMP_SOCIAL1_7, eNodeB ID=43253, Cell FDD TDD indication=CELL_FDD",Reliable,0.254,0.123
2026-04-10 06:00,60,"PIC_UIO_LAMP_SOCIAL1_UL/Cell:eNodeB Function Name=PIC_UIO_LAMP_SOCIAL1_L, Local Cell ID=6, Cell Name=PI_UIO_LAMP_SOCIAL1_6, eNodeB ID=43253, Cell FDD TDD indication=CELL_FDD",Reliable,0.35,0.23
2026-04-10 06:00,60,"PIC_UIO_LAMP_SOCIAL1_UL/Cell:eNodeB Function Name=PIC_UIO_LAMP_SOCIAL1_L, Local Cell ID=5, Cell Name=PI_UIO_LAMP_SOCIAL1_5, eNodeB ID=43253, Cell FDD TDD indication=CELL_FDD",Reliable,10.891,1.456
2026-04-10 06:00,60,"PIC_UIO_LAMP_SOCIAL1_UL/Cell:eNodeB Function Name=PIC_UIO_LAMP_SOCIAL1_L, Local Cell ID=4, Cell Name=PI_UIO_LAMP_SOCIAL1_4, eNodeB ID=43253, Cell FDD TDD indication=CELL_FDD",Reliable,1.314,0.618
2026-04-10 06:00,60,"PIC_UIO_LAMP_SOCIAL1_UL/Cell:eNodeB Function Name=PIC_UIO_LAMP_SOCIAL1_L, Local Cell ID=3, Cell Name=PI_UIO_LAMP_SOCIAL1_3, eNodeB ID=43253, Cell FDD TDD indication=CELL_FDD",Reliable,3.217,0.286
2026-04-10 06:00,60,"PIC_UIO_LAMP_SOCIAL1_UL/Cell:eNodeB Function Name=PIC_UIO_LAMP_SOCIAL1_L, Local Cell ID=2, Cell Name=PI_UIO_LAMP_SOCIAL1_2, eNodeB ID=43253, Cell FDD TDD indication=CELL_FDD",Reliable,15.014,3.604
2026-04-10 06:00,60,"PIC_UIO_LAMP_SOCIAL1_UL/Cell:eNodeB Function Name=PIC_UIO_LAMP_SOCIAL1_L, Local Cell ID=1, Cell Name=PI_UIO_LAMP_SOCIAL1_1, eNodeB ID=43253, Cell FDD TDD indication=CELL_FDD",Reliable,13.651,2.205
2026-04-10 06:00,60,"PIC_UIO_LAMP_SOCIAL1_UL/Cell:eNodeB Function Name=PIC_UIO_LAMP_SOCIAL1_L, Local Cell ID=10, Cell Name=PI_UIO_LAMP_SOCIAL1_10, eNodeB ID=43253, Cell FDD TDD indication=CELL_FDD",Reliable,1.91,0.156
2026-04-10 06:00,60,"PIC_UIO_LAMP_SOCIAL1_UL/Cell:eNodeB Function Name=PIC_UIO_LAMP_SOCIAL1_L, Local Cell ID=11, Cell Name=PI_UIO_LAMP_SOCIAL1_11, eNodeB ID=43253, Cell FDD TDD indication=CELL_FDD",Reliable,0.013,0.005
2026-04-10 06:00,60,"PIC_UIO_LAMP_SOCIAL1_UL/Cell:eNodeB Function Name=PIC_UIO_LAMP_SOCIAL1_L, Local Cell ID=8, Cell Name=PI_UIO_LAMP_SOCIAL1_8, eNodeB ID=43253, Cell FDD TDD indication=CELL_FDD",Reliable,0.722,0.132
2026-04-10 06:00,60,"PIC_UIO_LAMP_SOCIAL1_UL/Cell:eNodeB Function Name=PIC_UIO_LAMP_SOCIAL1_L, Local Cell ID=9, Cell Name=PI_UIO_LAMP_SOCIAL1_9, eNodeB ID=43253, Cell FDD TDD indication=CELL_FDD",Reliable,4.672,0.331
2026-04-10 06:00,60,"PIC_UIO_LAMP_SOCIAL2_UL/Cell:eNodeB Function Name=PIC_UIO_LAMP_SOCIAL2_L, Local Cell ID=5, Cell Name=PIC_UIO_LAMP_SOCIAL2_L21_5, eNodeB ID=43254, Cell FDD TDD indication=CELL_FDD",Reliable,0.054,0.041
2026-04-10 06:00,60,"PIC_UIO_LAMP_SOCIAL2_UL/Cell:eNodeB Function Name=PIC_UIO_LAMP_SOCIAL2_L, Local Cell ID=4, Cell Name=PIC_UIO_LAMP_SOCIAL2_L21_4, eNodeB ID=43254, Cell FDD TDD indication=CELL_FDD",Reliable,88.689,4.775
2026-04-10 06:00,60,"PIC_UIO_LAMP_SOCIAL2_UL/Cell:eNodeB Function Name=PIC_UIO_LAMP_SOCIAL2_L, Local Cell ID=3, Cell Name=PIC_UIO_LAMP_SOCIAL2_L21_3, eNodeB ID=43254, Cell FDD TDD indication=CELL_FDD",Reliable,3.275,0.498
2026-04-10 06:00,60,"PIC_UIO_LAMP_SOCIAL2_UL/Cell:eNodeB Function Name=PIC_UIO_LAMP_SOCIAL2_L, Local Cell ID=2, Cell Name=PIC_UIO_LAMP_SOCIAL2_L21_2, eNodeB ID=43254, Cell FDD TDD indication=CELL_FDD",Reliable,13.579,2.464
2026-04-10 06:00,60,"PIC_UIO_LAMP_SOCIAL2_UL/Cell:eNodeB Function Name=PIC_UIO_LAMP_SOCIAL2_L, Local Cell ID=1, Cell Name=PIC_UIO_LAMP_SOCIAL2_L21_1, eNodeB ID=43254, Cell FDD TDD indication=CELL_FDD",Reliable,11.734,1.229
2026-04-10 06:00,60,"CIS_QUICENTRO_SUR_LTEL21/Cell:eNodeB Function Name=CIS_QUICENTRO_SUR_LTEL21, Local Cell ID=1, Cell Name=CIS_QUICENTRO_SUR_LTE_L21_1, eNodeB ID=43282, Cell FDD TDD indication=CELL_FDD",Reliable,4.944,1.283
2026-04-10 06:00,60,"PIC_UIO_CIUDAD_FUTURA_UL/Cell:eNodeB Function Name=PIC_UIO_CIUDAD_FUTURA_L, Local Cell ID=8, Cell Name=PIC_UIO_CIUDAD_FUTURA_APT_8, eNodeB ID=43560, Cell FDD TDD indication=CELL_FDD",Reliable,3863.367,289.354
2026-04-10 06:00,60,"PIC_UIO_CIUDAD_FUTURA_UL/Cell:eNodeB Function Name=PIC_UIO_CIUDAD_FUTURA_L, Local Cell ID=7, Cell Name=PIC_UIO_CIUDAD_FUTURA_APT_7, eNodeB ID=43560, Cell FDD TDD indication=CELL_FDD",Reliable,1773.529,645.419
2026-04-10 06:00,60,"PIC_UIO_QUITUMBE_NAN_UL/Cell:eNodeB Function Name=PIC_UIO_QUITUMBE_NAN_L, Local Cell ID=9, Cell Name=PIC_UIO_QUITUMBE_NAN_APT_9, eNodeB ID=43631, Cell FDD TDD indication=CELL_FDD",Reliable,789.79,74.434
2026-04-10 06:00,60,"PIC_UIO_QUITUMBE_NAN_UL/Cell:eNodeB Function Name=PIC_UIO_QUITUMBE_NAN_L, Local Cell ID=8, Cell Name=PIC_UIO_QUITUMBE_NAN_APT_8, eNodeB ID=43631, Cell FDD TDD indication=CELL_FDD",Reliable,2248.267,157.939
2026-04-10 06:00,60,"PIC_UIO_QUITUMBE_NAN_UL/Cell:eNodeB Function Name=PIC_UIO_QUITUMBE_NAN_L, Local Cell ID=7, Cell Name=PIC_UIO_QUITUMBE_NAN_APT_7, eNodeB ID=43631, Cell FDD TDD indication=CELL_FDD",Reliable,2474.085,256.379
2026-04-10 06:00,60,"PIC_UIO_LA_SANTIAGO_UL/Cell:eNodeB Function Name=PIC_UIO_LA_SANTIAGO_L, Local Cell ID=9, Cell Name=PIC_UIO_LA_SANTIAGO_APT_9, eNodeB ID=43629, Cell FDD TDD indication=CELL_FDD",Reliable,2175.431,253.523
2026-04-10 06:00,60,"PIC_UIO_LA_SANTIAGO_UL/Cell:eNodeB Function Name=PIC_UIO_LA_SANTIAGO_L, Local Cell ID=8, Cell Name=PIC_UIO_LA_SANTIAGO_APT_8, eNodeB ID=43629, Cell FDD TDD indication=CELL_FDD",Reliable,2183.798,191.585
2026-04-10 06:00,60,"PIC_UIO_LA_SANTIAGO_UL/Cell:eNodeB Function Name=PIC_UIO_LA_SANTIAGO_L, Local Cell ID=7, Cell Name=PIC_UIO_LA_SANTIAGO_APT_7, eNodeB ID=43629, Cell FDD TDD indication=CELL_FDD",Reliable,1616.255,140.05
2026-04-10 06:00,60,"PIC_UIO_LAS_CUADRAS_UL/Cell:eNodeB Function Name=PIC_UIO_LAS_CUADRAS_L, Local Cell ID=9, Cell Name=PIC_UIO_LAS_CUADRAS_APT_9, eNodeB ID=43548, Cell FDD TDD indication=CELL_FDD",Reliable,2283.91,186.761
2026-04-10 06:00,60,"PIC_UIO_LAS_CUADRAS_UL/Cell:eNodeB Function Name=PIC_UIO_LAS_CUADRAS_L, Local Cell ID=8, Cell Name=PIC_UIO_LAS_CUADRAS_APT_8, eNodeB ID=43548, Cell FDD TDD indication=CELL_FDD",Reliable,1540.496,145.146
2026-04-10 06:00,60,"PIC_UIO_LAS_CUADRAS_UL/Cell:eNodeB Function Name=PIC_UIO_LAS_CUADRAS_L, Local Cell ID=7, Cell Name=PIC_UIO_LAS_CUADRAS_APT_7, eNodeB ID=43548, Cell FDD TDD indication=CELL_FDD",Reliable,1904.068,217.945
2026-04-10 06:00,60,"PIC_UIO_BORBON_UL/Cell:eNodeB Function Name=PIC_UIO_BORBON_L, Local Cell ID=9, Cell Name=PIC_UIO_BORBON_APT_9, eNodeB ID=43559, Cell FDD TDD indication=CELL_FDD",Reliable,3808.035,360.233
2026-04-10 06:00,60,"PIC_UIO_BORBON_UL/Cell:eNodeB Function Name=PIC_UIO_BORBON_L, Local Cell ID=8, Cell Name=PIC_UIO_BORBON_APT_8, eNodeB ID=43559, Cell FDD TDD indication=CELL_FDD",Reliable,1279.188,116.002
2026-04-10 06:00,60,"PIC_UIO_BORBON_UL/Cell:eNodeB Function Name=PIC_UIO_BORBON_L, Local Cell ID=7, Cell Name=PIC_UIO_BORBON_APT_7, eNodeB ID=43559, Cell FDD TDD indication=CELL_FDD",Reliable,1068.49,114.698
2026-04-10 06:00,60,"PIC_UIO_ANA_PAREDES_UL/Cell:eNodeB Function Name=PIC_UIO_ANA_PAREDES_L, Local Cell ID=9, Cell Name=PIC_UIO_ANA_PAREDES_APT_9, eNodeB ID=43543, Cell FDD TDD indication=CELL_FDD",Reliable,171.07,29.333
2026-04-10 06:00,60,"PIC_UIO_ANA_PAREDES_UL/Cell:eNodeB Function Name=PIC_UIO_ANA_PAREDES_L, Local Cell ID=8, Cell Name=PIC_UIO_ANA_PAREDES_APT_8, eNodeB ID=43543, Cell FDD TDD indication=CELL_FDD",Reliable,863.303,117.856
2026-04-10 06:00,60,"PIC_UIO_ANA_PAREDES_UL/Cell:eNodeB Function Name=PIC_UIO_ANA_PAREDES_L, Local Cell ID=7, Cell Name=PIC_UIO_ANA_PAREDES_APT_7, eNodeB ID=43543, Cell FDD TDD indication=CELL_FDD",Reliable,782.537,180.708
2026-04-10 06:00,60,"PIC_UIO_CUSCUNGO_UL/Cell:eNodeB Function Name=PIC_UIO_CUSCUNGO_L, Local Cell ID=9, Cell Name=PIC_UIO_CUSCUNGO_APT_9, eNodeB ID=43600, Cell FDD TDD indication=CELL_FDD",Reliable,4173.564,430.671
2026-04-10 06:00,60,"PIC_UIO_CUSCUNGO_UL/Cell:eNodeB Function Name=PIC_UIO_CUSCUNGO_L, Local Cell ID=8, Cell Name=PIC_UIO_CUSCUNGO_APT_8, eNodeB ID=43600, Cell FDD TDD indication=CELL_FDD",Reliable,5118.934,680.685
2026-04-10 06:00,60,"PIC_UIO_CUSCUNGO_UL/Cell:eNodeB Function Name=PIC_UIO_CUSCUNGO_L, Local Cell ID=7, Cell Name=PIC_UIO_CUSCUNGO_APT_7, eNodeB ID=43600, Cell FDD TDD indication=CELL_FDD",Reliable,1684.601,140.133
2026-04-10 06:00,60,"PIC_UIO_YAGUACHI_UL/Cell:eNodeB Function Name=PIC_UIO_YAGUACHI_L, Local Cell ID=8, Cell Name=PIC_UIO_YAGUACHI_APT_8, eNodeB ID=43539, Cell FDD TDD indication=CELL_FDD",Reliable,3226.511,235.093
2026-04-10 06:00,60,"PIC_UIO_YAGUACHI_UL/Cell:eNodeB Function Name=PIC_UIO_YAGUACHI_L, Local Cell ID=7, Cell Name=PIC_UIO_YAGUACHI_APT_7, eNodeB ID=43539, Cell FDD TDD indication=CELL_FDD",Reliable,1159.178,93.804
2026-04-10 06:00,60,"PIC_UIO_MONJAS_ALTO_UL/Cell:eNodeB Function Name=PIC_UIO_MONJAS_ALTO_L, Local Cell ID=8, Cell Name=PIC_UIO_MONJAS_ALTO_APT_8, eNodeB ID=43525, Cell FDD TDD indication=CELL_FDD",Reliable,874.341,402.048
2026-04-10 06:00,60,"PIC_UIO_MONJAS_ALTO_UL/Cell:eNodeB Function Name=PIC_UIO_MONJAS_ALTO_L, Local Cell ID=7, Cell Name=PIC_UIO_MONJAS_ALTO_APT_7, eNodeB ID=43525, Cell FDD TDD indication=CELL_FDD",Reliable,1728.929,202.75
2026-04-10 06:00,60,"PIC_UIO_SOLANDA_NORTE_UL/Cell:eNodeB Function Name=PIC_UIO_SOLANDA_NORTE_L, Local Cell ID=9, Cell Name=PIC_UIO_SOLANDA_NORTE_APT_9, eNodeB ID=43609, Cell FDD TDD indication=CELL_FDD",Reliable,1531.34,145.845
2026-04-10 06:00,60,"PIC_UIO_SOLANDA_NORTE_UL/Cell:eNodeB Function Name=PIC_UIO_SOLANDA_NORTE_L, Local Cell ID=8, Cell Name=PIC_UIO_SOLANDA_NORTE_APT_8, eNodeB ID=43609, Cell FDD TDD indication=CELL_FDD",Reliable,1713.63,115.214
2026-04-10 06:00,60,"PIC_UIO_SOLANDA_NORTE_UL/Cell:eNodeB Function Name=PIC_UIO_SOLANDA_NORTE_L, Local Cell ID=7, Cell Name=PIC_UIO_SOLANDA_NORTE_APT_7, eNodeB ID=43609, Cell FDD TDD indication=CELL_FDD",Reliable,3088.558,369.803
2026-04-10 06:00,60,"PIC_UIO_PUEBLO_UNIDO_UL/Cell:eNodeB Function Name=PIC_UIO_PUEBLO_UNIDO_L, Local Cell ID=8, Cell Name=PIC_UIO_PUEBLO_UNIDO_APT_8, eNodeB ID=43562, Cell FDD TDD indication=CELL_FDD",Reliable,1444.791,152.937
2026-04-10 06:00,60,"PIC_UIO_PUEBLO_UNIDO_UL/Cell:eNodeB Function Name=PIC_UIO_PUEBLO_UNIDO_L, Local Cell ID=7, Cell Name=PIC_UIO_PUEBLO_UNIDO_APT_7, eNodeB ID=43562, Cell FDD TDD indication=CELL_FDD",Reliable,2000.381,286.351
2026-04-10 06:00,60,"PIC_UIO_QUIMIAG_UL/Cell:eNodeB Function Name=PIC_UIO_QUIMIAG_L, Local Cell ID=9, Cell Name=PIC_UIO_QUIMIAG_APT_9, eNodeB ID=43563, Cell FDD TDD indication=CELL_FDD",Reliable,2988.713,284.363
2026-04-10 06:00,60,"PIC_UIO_QUIMIAG_UL/Cell:eNodeB Function Name=PIC_UIO_QUIMIAG_L, Local Cell ID=8, Cell Name=PIC_UIO_QUIMIAG_APT_8, eNodeB ID=43563, Cell FDD TDD indication=CELL_FDD",Reliable,1866.669,123.066
2026-04-10 06:00,60,"PIC_UIO_QUIMIAG_UL/Cell:eNodeB Function Name=PIC_UIO_QUIMIAG_L, Local Cell ID=7, Cell Name=PIC_UIO_QUIMIAG_APT_7, eNodeB ID=43563, Cell FDD TDD indication=CELL_FDD",Reliable,1026.049,118.646
2026-04-10 06:00,60,"PIC_UIO_CONDOR_NAN_UL/Cell:eNodeB Function Name=PIC_UIO_CONDOR_NAN_L, Local Cell ID=7, Cell Name=PIC_UIO_CONDOR_NAN_APT_7, eNodeB ID=44217, Cell FDD TDD indication=CELL_FDD",Reliable,1130.699,105.271
2026-04-10 06:00,60,"PIC_UIO_CONDOR_NAN_UL/Cell:eNodeB Function Name=PIC_UIO_CONDOR_NAN_L, Local Cell ID=8, Cell Name=PIC_UIO_CONDOR_NAN_APT_8, eNodeB ID=44217, Cell FDD TDD indication=CELL_FDD",Reliable,419.122,58.145
2026-04-10 06:00,60,"PIC_UIO_CONDOR_NAN_UL/Cell:eNodeB Function Name=PIC_UIO_CONDOR_NAN_L, Local Cell ID=9, Cell Name=PIC_UIO_CONDOR_NAN_APT_9, eNodeB ID=44217, Cell FDD TDD indication=CELL_FDD",Reliable,1320.069,164.258
2026-04-10 06:00,60,"PIC_UIO_HACIENDA_ORTEGA_UL/Cell:eNodeB Function Name=PIC_UIO_HACIENDA_ORTEGA_L, Local Cell ID=7, Cell Name=PIC_UIO_HACIENDA_ORTEGA_L7_7, eNodeB ID=44252, Cell FDD TDD indication=CELL_FDD",Reliable,2747.219,219.777
2026-04-10 06:00,60,"PIC_UIO_HACIENDA_ORTEGA_UL/Cell:eNodeB Function Name=PIC_UIO_HACIENDA_ORTEGA_L, Local Cell ID=8, Cell Name=PIC_UIO_HACIENDA_ORTEGA_L7_8, eNodeB ID=44252, Cell FDD TDD indication=CELL_FDD",Reliable,2130.178,230.631
2026-04-10 06:00,60,"PIC_UIO_HACIENDA_ORTEGA_UL/Cell:eNodeB Function Name=PIC_UIO_HACIENDA_ORTEGA_L, Local Cell ID=9, Cell Name=PIC_UIO_HACIENDA_ORTEGA_L7_9, eNodeB ID=44252, Cell FDD TDD indication=CELL_FDD",Reliable,1200.153,106.162
2026-04-10 06:00,60,"PIC_UIO_SALVADOR_ALLENDE_UL/Cell:eNodeB Function Name=PIC_UIO_SALVADOR_ALLENDE_L, Local Cell ID=7, Cell Name=PIC_UIO_SALVADOR_ALLENDE_L7_7, eNodeB ID=44185, Cell FDD TDD indication=CELL_FDD",Reliable,1642.031,133.854
2026-04-10 06:00,60,"PIC_UIO_SALVADOR_ALLENDE_UL/Cell:eNodeB Function Name=PIC_UIO_SALVADOR_ALLENDE_L, Local Cell ID=8, Cell Name=PIC_UIO_SALVADOR_ALLENDE_L7_8, eNodeB ID=44185, Cell FDD TDD indication=CELL_FDD",Reliable,511.817,49.876
2026-04-10 06:00,60,"PIC_UIO_SALVADOR_ALLENDE_UL/Cell:eNodeB Function Name=PIC_UIO_SALVADOR_ALLENDE_L, Local Cell ID=9, Cell Name=PIC_UIO_SALVADOR_ALLENDE_L7_9, eNodeB ID=44185, Cell FDD TDD indication=CELL_FDD",Reliable,3406.525,323.085
2026-04-10 06:00,60,"PIC_UIO_MARTHA_BUCARAM_UL/Cell:eNodeB Function Name=PIC_UIO_MARTHA_BUCARAM_L, Local Cell ID=7, Cell Name=PIC_UIO_MARTHA_BUCARAM_L7_7, eNodeB ID=44353, Cell FDD TDD indication=CELL_FDD",Reliable,498.099,60.189
2026-04-10 06:00,60,"PIC_UIO_MARTHA_BUCARAM_UL/Cell:eNodeB Function Name=PIC_UIO_MARTHA_BUCARAM_L, Local Cell ID=8, Cell Name=PIC_UIO_MARTHA_BUCARAM_L7_8, eNodeB ID=44353, Cell FDD TDD indication=CELL_FDD",Reliable,125.304,16.972
2026-04-10 06:00,60,"PIC_UIO_MARTHA_BUCARAM_UL/Cell:eNodeB Function Name=PIC_UIO_MARTHA_BUCARAM_L, Local Cell ID=9, Cell Name=PIC_UIO_MARTHA_BUCARAM_L7_9, eNodeB ID=44353, Cell FDD TDD indication=CELL_FDD",Reliable,2765.316,195.783
2026-04-10 06:00,60,"PIC_UIO_CUTUGLAHUA_UL/Cell:eNodeB Function Name=PIC_MEJ_CUTUGLAHUA_L, Local Cell ID=7, Cell Name=PIC_MEJ_CUTUGLAHUA_L7_7, eNodeB ID=44109, Cell FDD TDD indication=CELL_FDD",Reliable,334.186,43.513
2026-04-10 06:00,60,"PIC_UIO_CUTUGLAHUA_UL/Cell:eNodeB Function Name=PIC_MEJ_CUTUGLAHUA_L, Local Cell ID=8, Cell Name=PIC_MEJ_CUTUGLAHUA_L7_8, eNodeB ID=44109, Cell FDD TDD indication=CELL_FDD",Reliable,1099.74,411.699
2026-04-10 06:00,60,"PIC_UIO_CUTUGLAHUA_UL/Cell:eNodeB Function Name=PIC_MEJ_CUTUGLAHUA_L, Local Cell ID=9, Cell Name=PIC_MEJ_CUTUGLAHUA_L7_9, eNodeB ID=44109, Cell FDD TDD indication=CELL_FDD",Reliable,592.939,125.207
2026-04-10 06:00,60,"PIC_UIO_SAN_FERNANDO_UL/Cell:eNodeB Function Name=PIC_UIO_SAN_FERNANDO_L, Local Cell ID=7, Cell Name=PIC_UIO_SAN_FERNANDO_L7_7, eNodeB ID=44186, Cell FDD TDD indication=CELL_FDD",Reliable,1616.564,233.165
2026-04-10 06:00,60,"PIC_UIO_SAN_FERNANDO_UL/Cell:eNodeB Function Name=PIC_UIO_SAN_FERNANDO_L, Local Cell ID=8, Cell Name=PIC_UIO_SAN_FERNANDO_L7_8, eNodeB ID=44186, Cell FDD TDD indication=CELL_FDD",Reliable,1135.663,124.568
2026-04-10 06:00,60,"PIC_UIO_SAN_FERNANDO_UL/Cell:eNodeB Function Name=PIC_UIO_SAN_FERNANDO_L, Local Cell ID=9, Cell Name=PIC_UIO_SAN_FERNANDO_L7_9, eNodeB ID=44186, Cell FDD TDD indication=CELL_FDD",Reliable,735.535,77.842
2026-04-10 06:00,60,"PIC_UIO_EL_CONDE_UL/Cell:eNodeB Function Name=PIC_UIO_EL_CONDE_L, Local Cell ID=7, Cell Name=PIC_UIO_EL_CONDE_L7_7, eNodeB ID=44354, Cell FDD TDD indication=CELL_FDD",Reliable,460.667,41.008
2026-04-10 06:00,60,"PIC_UIO_EL_CONDE_UL/Cell:eNodeB Function Name=PIC_UIO_EL_CONDE_L, Local Cell ID=8, Cell Name=PIC_UIO_EL_CONDE_L7_8, eNodeB ID=44354, Cell FDD TDD indication=CELL_FDD",Reliable,486.843,69.107
2026-04-10 06:00,60,"PIC_UIO_EL_CONDE_UL/Cell:eNodeB Function Name=PIC_UIO_EL_CONDE_L, Local Cell ID=9, Cell Name=PIC_UIO_EL_CONDE_L7_9, eNodeB ID=44354, Cell FDD TDD indication=CELL_FDD",Reliable,891.299,59.961
2026-04-10 06:00,60,"PIC_UIO_FERROVIARIA_UL/Cell:eNodeB Function Name=PIC_UIO_FERROVIARIA_L, Local Cell ID=7, Cell Name=PIC_UIO_FERROVIARIA_APT_7, eNodeB ID=44284, Cell FDD TDD indication=CELL_FDD",Reliable,2502.278,377.24
2026-04-10 06:00,60,"PIC_UIO_FERROVIARIA_UL/Cell:eNodeB Function Name=PIC_UIO_FERROVIARIA_L, Local Cell ID=8, Cell Name=PIC_UIO_FERROVIARIA_APT_8, eNodeB ID=44284, Cell FDD TDD indication=CELL_FDD",Reliable,359.014,66.438
2026-04-10 06:00,60,"PIC_UIO_FERROVIARIA_UL/Cell:eNodeB Function Name=PIC_UIO_FERROVIARIA_L, Local Cell ID=9, Cell Name=PIC_UIO_FERROVIARIA_APT_9, eNodeB ID=44284, Cell FDD TDD indication=CELL_FDD",Reliable,830.319,62.94
2026-04-10 06:00,60,"PIC_UIO_BUENA_AVENTURA_UL/Cell:eNodeB Function Name=PIC_UIO_BUENA_AVENTURA_L, Local Cell ID=7, Cell Name=PIC_UIO_BUENA_AVENTURA_APT_7, eNodeB ID=44350, Cell FDD TDD indication=CELL_FDD",Reliable,183.49,19.82
2026-04-10 06:00,60,"PIC_UIO_BUENA_AVENTURA_UL/Cell:eNodeB Function Name=PIC_UIO_BUENA_AVENTURA_L, Local Cell ID=8, Cell Name=PIC_UIO_BUENA_AVENTURA_APT_8, eNodeB ID=44350, Cell FDD TDD indication=CELL_FDD",Reliable,198.28,18.372
2026-04-10 06:00,60,"PIC_UIO_VIA_PINTAG_UL/Cell:eNodeB Function Name=PIC_UIO_VIA_PINTAGL21, Local Cell ID=7, Cell Name=PIC_UIO_VIA_PINTAG_APT_7, eNodeB ID=44280, Cell FDD TDD indication=CELL_FDD",Reliable,1369.193,204.357
2026-04-10 06:00,60,"PIC_UIO_VIA_PINTAG_UL/Cell:eNodeB Function Name=PIC_UIO_VIA_PINTAGL21, Local Cell ID=8, Cell Name=PIC_UIO_VIA_PINTAG_APT_8, eNodeB ID=44280, Cell FDD TDD indication=CELL_FDD",Reliable,3044.915,239.626
2026-04-10 06:00,60,"PIC_UIO_VIA_PINTAG_UL/Cell:eNodeB Function Name=PIC_UIO_VIA_PINTAGL21, Local Cell ID=9, Cell Name=PIC_UIO_VIA_PINTAG_APT_9, eNodeB ID=44280, Cell FDD TDD indication=CELL_FDD",Reliable,886.15,156.263
2026-04-10 06:00,60,"PIC_UIO_ANGOCHAGUA_TRR_UL/Cell:eNodeB Function Name=PIC_UIO_ANGOCHAGUA_TRR_L, Local Cell ID=7, Cell Name=PIC_UIO_ANGOCHAGUA_TRR_APT_7, eNodeB ID=44849, Cell FDD TDD indication=CELL_FDD",Reliable,3049.365,249.15
2026-04-10 06:00,60,"PIC_UIO_ANGOCHAGUA_TRR_UL/Cell:eNodeB Function Name=PIC_UIO_ANGOCHAGUA_TRR_L, Local Cell ID=8, Cell Name=PIC_UIO_ANGOCHAGUA_TRR_APT_8, eNodeB ID=44849, Cell FDD TDD indication=CELL_FDD",Reliable,613.741,67.741
2026-04-10 06:00,60,"PIC_UIO_ANGOCHAGUA_TRR_UL/Cell:eNodeB Function Name=PIC_UIO_ANGOCHAGUA_TRR_L, Local Cell ID=9, Cell Name=PIC_UIO_ANGOCHAGUA_TRR_APT_9, eNodeB ID=44849, Cell FDD TDD indication=CELL_FDD",Reliable,1705.998,1052.45
2026-04-10 06:00,60,"PIC_UIO_PANECILLO_UL/Cell:eNodeB Function Name=PIC_UIO_PANECILLO_L, Local Cell ID=7, Cell Name=PIC_UIO_PANECILLO_APT_7, eNodeB ID=44014, Cell FDD TDD indication=CELL_FDD",Reliable,1922.228,182.427
2026-04-10 06:00,60,"PIC_UIO_PANECILLO_UL/Cell:eNodeB Function Name=PIC_UIO_PANECILLO_L, Local Cell ID=8, Cell Name=PIC_UIO_PANECILLO_APT_8, eNodeB ID=44014, Cell FDD TDD indication=CELL_FDD",Reliable,1758.753,148.964
2026-04-10 06:00,60,"PIC_CHI_COLIBRI_UL/Cell:eNodeB Function Name=PIC_RUM_COLIBRI_L, Local Cell ID=7, Cell Name=PIC_RUM_COLIBRI_L7_7, eNodeB ID=44130, Cell FDD TDD indication=CELL_FDD",Reliable,1331.676,113.734
2026-04-10 06:00,60,"PIC_CHI_COLIBRI_UL/Cell:eNodeB Function Name=PIC_RUM_COLIBRI_L, Local Cell ID=8, Cell Name=PIC_RUM_COLIBRI_L7_8, eNodeB ID=44130, Cell FDD TDD indication=CELL_FDD",Reliable,4724.591,409.375
2026-04-10 06:00,60,"PIC_CHI_COLIBRI_UL/Cell:eNodeB Function Name=PIC_RUM_COLIBRI_L, Local Cell ID=9, Cell Name=PIC_RUM_COLIBRI_L7_9, eNodeB ID=44130, Cell FDD TDD indication=CELL_FDD",Reliable,1776.104,156.341
2026-04-10 06:00,60,"PIC_UIO_ZAPOTILLO_UL/Cell:eNodeB Function Name=PIC_UIO_ZAPOTILLOL21, Local Cell ID=7, Cell Name=PIC_UIO_ZAPOTILLO_APT_7, eNodeB ID=44342, Cell FDD TDD indication=CELL_FDD",Reliable,3099.732,459.192
2026-04-10 06:00,60,"PIC_UIO_ZAPOTILLO_UL/Cell:eNodeB Function Name=PIC_UIO_ZAPOTILLOL21, Local Cell ID=8, Cell Name=PIC_UIO_ZAPOTILLO_APT_8, eNodeB ID=44342, Cell FDD TDD indication=CELL_FDD",Reliable,831.932,75.403
2026-04-10 06:00,60,"PIC_UIO_ZAPOTILLO_UL/Cell:eNodeB Function Name=PIC_UIO_ZAPOTILLOL21, Local Cell ID=9, Cell Name=PIC_UIO_ZAPOTILLO_APT_9, eNodeB ID=44342, Cell FDD TDD indication=CELL_FDD",Reliable,2061.533,308.532
2026-04-10 06:00,60,"PIC_UIO_TAMBILLO_UL/Cell:eNodeB Function Name=PIC_UIO_TAMBILLO_L, Local Cell ID=7, Cell Name=PIC_UIO_TAMBILLO_APT_7, eNodeB ID=44241, Cell FDD TDD indication=CELL_FDD",Reliable,1548.084,175.556
2026-04-10 06:00,60,"PIC_UIO_TAMBILLO_UL/Cell:eNodeB Function Name=PIC_UIO_TAMBILLO_L, Local Cell ID=8, Cell Name=PIC_UIO_TAMBILLO_APT_8, eNodeB ID=44241, Cell FDD TDD indication=CELL_FDD",Reliable,5117.206,433.45
2026-04-10 06:00,60,"PIC_UIO_TAMBILLO_UL/Cell:eNodeB Function Name=PIC_UIO_TAMBILLO_L, Local Cell ID=9, Cell Name=PIC_UIO_TAMBILLO_APT_9, eNodeB ID=44241, Cell FDD TDD indication=CELL_FDD",Reliable,329.414,71.129
2026-04-10 06:00,60,"PIC_UIO_PLAYON_UL/Cell:eNodeB Function Name=PIC_UIO_PLAYON_L, Local Cell ID=7, Cell Name=PIC_UIO_PLAYON_APT_7, eNodeB ID=44268, Cell FDD TDD indication=CELL_FDD",Reliable,591.361,51.105
2026-04-10 06:00,60,"PIC_UIO_PLAYON_UL/Cell:eNodeB Function Name=PIC_UIO_PLAYON_L, Local Cell ID=8, Cell Name=PIC_UIO_PLAYON_APT_8, eNodeB ID=44268, Cell FDD TDD indication=CELL_FDD",Reliable,118.692,12.174
2026-04-10 06:00,60,"PIC_UIO_PLAYON_UL/Cell:eNodeB Function Name=PIC_UIO_PLAYON_L, Local Cell ID=9, Cell Name=PIC_UIO_PLAYON_APT_9, eNodeB ID=44268, Cell FDD TDD indication=CELL_FDD",Reliable,935.761,82.266
2026-04-10 06:00,60,"PIC_CHI_COTOGCHOA_UL/Cell:eNodeB Function Name=PIC_CHI_COTOGCHOA_L, Local Cell ID=7, Cell Name=PIC_CHI_COTOGCHOA_APT_7, eNodeB ID=44108, Cell FDD TDD indication=CELL_FDD",Reliable,3254.085,303.99
2026-04-10 06:00,60,"PIC_CHI_COTOGCHOA_UL/Cell:eNodeB Function Name=PIC_CHI_COTOGCHOA_L, Local Cell ID=8, Cell Name=PIC_CHI_COTOGCHOA_APT_8, eNodeB ID=44108, Cell FDD TDD indication=CELL_FDD",Reliable,3560.191,330.567
2026-04-10 06:00,60,"PIC_CHI_COTOGCHOA_UL/Cell:eNodeB Function Name=PIC_CHI_COTOGCHOA_L, Local Cell ID=9, Cell Name=PIC_CHI_COTOGCHOA_APT_9, eNodeB ID=44108, Cell FDD TDD indication=CELL_FDD",Reliable,3222.586,267.165
2026-04-10 06:00,60,"PIC_UIO_LA_MERCED_UL/Cell:eNodeB Function Name=PIC_UIO_LA_MERCED_L, Local Cell ID=7, Cell Name=PIC_UIO_LA_MERCED_APT_7, eNodeB ID=44254, Cell FDD TDD indication=CELL_FDD",Reliable,453.368,40.383
2026-04-10 06:00,60,"PIC_UIO_LA_MERCED_UL/Cell:eNodeB Function Name=PIC_UIO_LA_MERCED_L, Local Cell ID=8, Cell Name=PIC_UIO_LA_MERCED_APT_8, eNodeB ID=44254, Cell FDD TDD indication=CELL_FDD",Reliable,578.727,52.729
2026-04-10 06:00,60,"PIC_UIO_LA_MERCED_UL/Cell:eNodeB Function Name=PIC_UIO_LA_MERCED_L, Local Cell ID=9, Cell Name=PIC_UIO_LA_MERCED_APT_9, eNodeB ID=44254, Cell FDD TDD indication=CELL_FDD",Reliable,248.422,18.769
2026-04-10 06:00,60,"PIC_MEJ_TESALIA_UL/Cell:eNodeB Function Name=PIC_MEJ_TESALIA_L, Local Cell ID=7, Cell Name=PIC_MEJ_TESALIA_APT_7, eNodeB ID=44428, Cell FDD TDD indication=CELL_FDD",Reliable,1135.42,99.681
2026-04-10 06:00,60,"PIC_MEJ_TESALIA_UL/Cell:eNodeB Function Name=PIC_MEJ_TESALIA_L, Local Cell ID=8, Cell Name=PIC_MEJ_TESALIA_APT_8, eNodeB ID=44428, Cell FDD TDD indication=CELL_FDD",Reliable,794.534,57.685
2026-04-10 06:00,60,"PIC_MEJ_TESALIA_UL/Cell:eNodeB Function Name=PIC_MEJ_TESALIA_L, Local Cell ID=9, Cell Name=PIC_MEJ_TESALIA_APT_9, eNodeB ID=44428, Cell FDD TDD indication=CELL_FDD",Reliable,896.258,83.35
2026-04-10 06:00,60,"PIC_CHI_PASAJE_SAN_BLAS_UL/Cell:eNodeB Function Name=PIC_CHI_PASAJE_SAN_BLAS_L, Local Cell ID=9, Cell Name=PIC_CHI_PASAJE_SAN_BLAS_APT_9, eNodeB ID=43561, Cell FDD TDD indication=CELL_FDD",Reliable,1824.182,205.674
2026-04-10 06:00,60,"PIC_CHI_PASAJE_SAN_BLAS_UL/Cell:eNodeB Function Name=PIC_CHI_PASAJE_SAN_BLAS_L, Local Cell ID=8, Cell Name=PIC_CHI_PASAJE_SAN_BLAS_APT_8, eNodeB ID=43561, Cell FDD TDD indication=CELL_FDD",Reliable,4012.206,417.716
2026-04-10 06:00,60,"PIC_CHI_PASAJE_SAN_BLAS_UL/Cell:eNodeB Function Name=PIC_CHI_PASAJE_SAN_BLAS_L, Local Cell ID=7, Cell Name=PIC_CHI_PASAJE_SAN_BLAS_APT_7, eNodeB ID=43561, Cell FDD TDD indication=CELL_FDD",Reliable,4009.777,475.831
2026-04-10 06:00,60,"PIC_CHI_COL_LA_SALLE_UL/Cell:eNodeB Function Name=PIC_CHI_COL_LA_SALLE_L, Local Cell ID=9, Cell Name=PIC_CHI_COL_LA_SALLE_APT_9, eNodeB ID=43506, Cell FDD TDD indication=CELL_FDD",Reliable,533.216,39.422
2026-04-10 06:00,60,"PIC_CHI_COL_LA_SALLE_UL/Cell:eNodeB Function Name=PIC_CHI_COL_LA_SALLE_L, Local Cell ID=8, Cell Name=PIC_CHI_COL_LA_SALLE_APT_8, eNodeB ID=43506, Cell FDD TDD indication=CELL_FDD",Reliable,990.489,86.297
2026-04-10 06:00,60,"PIC_CHI_COL_LA_SALLE_UL/Cell:eNodeB Function Name=PIC_CHI_COL_LA_SALLE_L, Local Cell ID=7, Cell Name=PIC_CHI_COL_LA_SALLE_APT_7, eNodeB ID=43506, Cell FDD TDD indication=CELL_FDD",Reliable,5439.056,526.331
2026-04-10 06:00,60,"PIC_CHI_BALCON_DEL_VALLE_UL/Cell:eNodeB Function Name=PIC_CHI_BALCON_DEL_VALLE_L, Local Cell ID=8, Cell Name=PIC_CHI_BALCON_DEL_VALLE_APT_8, eNodeB ID=43558, Cell FDD TDD indication=CELL_FDD",Reliable,1426.281,198.981
2026-04-10 06:00,60,"PIC_CHI_BALCON_DEL_VALLE_UL/Cell:eNodeB Function Name=PIC_CHI_BALCON_DEL_VALLE_L, Local Cell ID=7, Cell Name=PIC_CHI_BALCON_DEL_VALLE_APT_7, eNodeB ID=43558, Cell FDD TDD indication=CELL_FDD",Reliable,2389.372,360.972
2026-04-10 06:00,60,"PIC_UIO_BURGUEOS_ULN/Cell:eNodeB Function Name=PIC_UIO_BURGUEOS_L, Local Cell ID=9, Cell Name=PIC_UIO_BURGUEOS_APT_9, eNodeB ID=43586, Cell FDD TDD indication=CELL_FDD",Reliable,1128.686,177.056
2026-04-10 06:00,60,"PIC_UIO_BURGUEOS_ULN/Cell:eNodeB Function Name=PIC_UIO_BURGUEOS_L, Local Cell ID=8, Cell Name=PIC_UIO_BURGUEOS_APT_8, eNodeB ID=43586, Cell FDD TDD indication=CELL_FDD",Reliable,2257.033,222.414
2026-04-10 06:00,60,"PIC_UIO_BURGUEOS_ULN/Cell:eNodeB Function Name=PIC_UIO_BURGUEOS_L, Local Cell ID=7, Cell Name=PIC_UIO_BURGUEOS_APT_7, eNodeB ID=43586, Cell FDD TDD indication=CELL_FDD",Reliable,340.474,52.238
2026-04-10 06:00,60,"PIC_ALO_ALOAG(3G)_UL/Cell:eNodeB Function Name=PIC_ALO_ALOAG_L, Local Cell ID=7, Cell Name=PIC_ALO_ALOAG_APT_7, eNodeB ID=44400, Cell FDD TDD indication=CELL_FDD",Reliable,269.82,19.66
2026-04-10 06:00,60,"PIC_ALO_ALOAG(3G)_UL/Cell:eNodeB Function Name=PIC_ALO_ALOAG_L, Local Cell ID=8, Cell Name=PIC_ALO_ALOAG_APT_8, eNodeB ID=44400, Cell FDD TDD indication=CELL_FDD",Reliable,3325.576,532.384
2026-04-10 06:00,60,"PIC_ALO_ALOAG(3G)_UL/Cell:eNodeB Function Name=PIC_ALO_ALOAG_L, Local Cell ID=9, Cell Name=PIC_ALO_ALOAG_APT_9, eNodeB ID=44400, Cell FDD TDD indication=CELL_FDD",Reliable,3489.325,402.211
2026-04-10 06:00,60,"PIC_UIO_CASHAPAMBA(PI)_UL/Cell:eNodeB Function Name=PIC_UIO_CASHAPAMBA_L, Local Cell ID=7, Cell Name=PIC_UIO_CASHAPAMBA_L7_7, eNodeB ID=44365, Cell FDD TDD indication=CELL_FDD",Reliable,846.176,93.885
2026-04-10 06:00,60,"PIC_UIO_CASHAPAMBA(PI)_UL/Cell:eNodeB Function Name=PIC_UIO_CASHAPAMBA_L, Local Cell ID=8, Cell Name=PIC_UIO_CASHAPAMBA_L7_8, eNodeB ID=44365, Cell FDD TDD indication=CELL_FDD",Reliable,3277.922,395.702
2026-04-10 06:00,60,"PIC_UIO_CASHAPAMBA(PI)_UL/Cell:eNodeB Function Name=PIC_UIO_CASHAPAMBA_L, Local Cell ID=9, Cell Name=PIC_UIO_CASHAPAMBA_L7_9, eNodeB ID=44365, Cell FDD TDD indication=CELL_FDD",Reliable,528.862,40.576
2026-04-10 06:00,60,"PIC_CHI_PUEBLO_BLANCO_UL/Cell:eNodeB Function Name=PIC_CHI_PUEBLO_BLANCO_L, Local Cell ID=7, Cell Name=PIC_CHI_PUEBLO_BLANCO_APT_7, eNodeB ID=44348, Cell FDD TDD indication=CELL_FDD",Reliable,1431.958,124.458
2026-04-10 06:00,60,"PIC_CHI_PUEBLO_BLANCO_UL/Cell:eNodeB Function Name=PIC_CHI_PUEBLO_BLANCO_L, Local Cell ID=8, Cell Name=PIC_CHI_PUEBLO_BLANCO_APT_8, eNodeB ID=44348, Cell FDD TDD indication=CELL_FDD",Reliable,314.066,55.675
2026-04-10 06:00,60,"PIC_CHI_PUEBLO_BLANCO_UL/Cell:eNodeB Function Name=PIC_CHI_PUEBLO_BLANCO_L, Local Cell ID=9, Cell Name=PIC_CHI_PUEBLO_BLANCO_APT_9, eNodeB ID=44348, Cell FDD TDD indication=CELL_FDD",Reliable,210.575,70.951
2026-04-10 06:00,60,"PIC_UIO_VIA_PAPALLACTA_QUITO_UL/Cell:eNodeB Function Name=PIC_UIO_VIA_PAPALLACTA_QUITOL7, Local Cell ID=7, Cell Name=PIC_UIO_VIA_PAPALLACTA_QUITO_APT_7, eNodeB ID=44367, Cell FDD TDD indication=CELL_FDD",Reliable,876.554,91.176
2026-04-10 06:00,60,"PIC_UIO_VIA_PAPALLACTA_QUITO_UL/Cell:eNodeB Function Name=PIC_UIO_VIA_PAPALLACTA_QUITOL7, Local Cell ID=8, Cell Name=PIC_UIO_VIA_PAPALLACTA_QUITO_APT_8, eNodeB ID=44367, Cell FDD TDD indication=CELL_FDD",Reliable,673.465,129.104
2026-04-10 06:00,60,"PIC_UIO_VIA_PAPALLACTA_QUITO_UL/Cell:eNodeB Function Name=PIC_UIO_VIA_PAPALLACTA_QUITOL7, Local Cell ID=9, Cell Name=PIC_UIO_VIA_PAPALLACTA_QUITO_APT_9, eNodeB ID=44367, Cell FDD TDD indication=CELL_FDD",Reliable,2971.215,447.155
2026-04-10 06:00,60,"PIC_UIO_SAN_ISIDRO_PUENGAS_UL/Cell:eNodeB Function Name=PIC_UIO_SAN_ISIDRO_PUENGAS_L, Local Cell ID=1, Cell Name=PIC_UIO_SAN_ISIDRO_PUENGAS_AWS_1, eNodeB ID=44344, Cell FDD TDD indication=CELL_FDD",Reliable,3566.849,354.713
2026-04-10 06:00,60,"PIC_UIO_SAN_ISIDRO_PUENGAS_UL/Cell:eNodeB Function Name=PIC_UIO_SAN_ISIDRO_PUENGAS_L, Local Cell ID=8, Cell Name=PIC_UIO_SAN_ISIDRO_PUENGAS_APT_8, eNodeB ID=44344, Cell FDD TDD indication=CELL_FDD",Reliable,1339.281,122.988
2026-04-10 06:00,60,"PIC_UIO_SAN_ISIDRO_PUENGAS_UL/Cell:eNodeB Function Name=PIC_UIO_SAN_ISIDRO_PUENGAS_L, Local Cell ID=9, Cell Name=PIC_UIO_SAN_ISIDRO_PUENGAS_APT_9, eNodeB ID=44344, Cell FDD TDD indication=CELL_FDD",Reliable,4471.424,929.467
2026-04-10 06:00,60,"PIC_TUM_AURELIO_DAVILA_ULN/Cell:eNodeB Function Name=PIC_TUM_AURELIO_DAVILA_L, Local Cell ID=7, Cell Name=PIC_TUM_AURELIO_DAVILA_APT_7, eNodeB ID=43545, Cell FDD TDD indication=CELL_FDD",Reliable,1512.606,76.71
2026-04-10 06:00,60,"PIC_TUM_AURELIO_DAVILA_ULN/Cell:eNodeB Function Name=PIC_TUM_AURELIO_DAVILA_L, Local Cell ID=8, Cell Name=PIC_TUM_AURELIO_DAVILA_APT_8, eNodeB ID=43545, Cell FDD TDD indication=CELL_FDD",Reliable,1073.84,94.708
2026-04-10 06:00,60,"PIC_TUM_AURELIO_DAVILA_ULN/Cell:eNodeB Function Name=PIC_TUM_AURELIO_DAVILA_L, Local Cell ID=9, Cell Name=PIC_TUM_AURELIO_DAVILA_APT_9, eNodeB ID=43545, Cell FDD TDD indication=CELL_FDD",Reliable,748.052,173.727
2026-04-10 06:00,60,"PIC_UIO_ALANGASI_CENTRAL_UL/Cell:eNodeB Function Name=PIC_UIO_ALANGASI_CENTRAL_L, Local Cell ID=7, Cell Name=PIC_UIO_ALANGASI_CENTRAL_APT_7, eNodeB ID=44279, Cell FDD TDD indication=CELL_FDD",Reliable,678.663,133.946
2026-04-10 06:00,60,"PIC_UIO_ALANGASI_CENTRAL_UL/Cell:eNodeB Function Name=PIC_UIO_ALANGASI_CENTRAL_L, Local Cell ID=8, Cell Name=PIC_UIO_ALANGASI_CENTRAL_APT_8, eNodeB ID=44279, Cell FDD TDD indication=CELL_FDD",Reliable,572.884,93.862
2026-04-10 06:00,60,"PIC_UIO_ALANGASI_CENTRAL_UL/Cell:eNodeB Function Name=PIC_UIO_ALANGASI_CENTRAL_L, Local Cell ID=9, Cell Name=PIC_UIO_ALANGASI_CENTRAL_APT_9, eNodeB ID=44279, Cell FDD TDD indication=CELL_FDD",Reliable,2144.33,321.42
2026-04-10 06:00,60,"PIC_UIO_PARQUE_ITALIA_UL/Cell:eNodeB Function Name=PIC_UIO_PARQUE_ITALIA_L, Local Cell ID=7, Cell Name=PIC_UIO_PARQUE_ITALIA_APT_7, eNodeB ID=43551, Cell FDD TDD indication=CELL_FDD",Reliable,1049.315,206.708
2026-04-10 06:00,60,"PIC_UIO_PARQUE_ITALIA_UL/Cell:eNodeB Function Name=PIC_UIO_PARQUE_ITALIA_L, Local Cell ID=8, Cell Name=PIC_UIO_PARQUE_ITALIA_APT_8, eNodeB ID=43551, Cell FDD TDD indication=CELL_FDD",Reliable,2340.242,323.374
2026-04-10 06:00,60,"PIC_UIO_PARQUE_ITALIA_UL/Cell:eNodeB Function Name=PIC_UIO_PARQUE_ITALIA_L, Local Cell ID=9, Cell Name=PIC_UIO_PARQUE_ITALIA_APT_9, eNodeB ID=43551, Cell FDD TDD indication=CELL_FDD",Reliable,850.732,132.022
2026-04-10 06:00,60,"PIC_CHI_SAN_FRANCISCO_DE_CONOCOTO_UL/Cell:eNodeB Function Name=PIC_CHI_SAN_FRANCISCO_DE_CONOCOTO_L, Local Cell ID=7, Cell Name=PIC_CHI_SAN_FRANCISCO_DE_CONOCOTO_L7_7, eNodeB ID=44237, Cell FDD TDD indication=CELL_FDD",Reliable,3502.817,255.303
2026-04-10 06:00,60,"PIC_CHI_SAN_FRANCISCO_DE_CONOCOTO_UL/Cell:eNodeB Function Name=PIC_CHI_SAN_FRANCISCO_DE_CONOCOTO_L, Local Cell ID=8, Cell Name=PIC_CHI_SAN_FRANCISCO_DE_CONOCOTO_L7_8, eNodeB ID=44237, Cell FDD TDD indication=CELL_FDD",Reliable,1569.055,159.953
2026-04-10 06:00,60,"PIC_CHI_SAN_FRANCISCO_DE_CONOCOTO_UL/Cell:eNodeB Function Name=PIC_CHI_SAN_FRANCISCO_DE_CONOCOTO_L, Local Cell ID=9, Cell Name=PIC_CHI_SAN_FRANCISCO_DE_CONOCOTO_L7_9, eNodeB ID=44237, Cell FDD TDD indication=CELL_FDD",Reliable,3407.961,356.825
2026-04-10 06:00,60,"PIC_UIO_COW_INTER_CUMBAYA_UL/Cell:eNodeB Function Name=PIC_UIO_COW_INTER_CUMBAYA_L, Local Cell ID=7, Cell Name=PIC_UIO_COW_INTER_CUMBAYA_APT_7, eNodeB ID=44931, Cell FDD TDD indication=CELL_FDD",Reliable,1281.874,157.525
2026-04-10 06:00,60,"PIC_UIO_COW_INTER_CUMBAYA_UL/Cell:eNodeB Function Name=PIC_UIO_COW_INTER_CUMBAYA_L, Local Cell ID=8, Cell Name=PIC_UIO_COW_INTER_CUMBAYA_APT_8, eNodeB ID=44931, Cell FDD TDD indication=CELL_FDD",Reliable,2112.32,172.775
2026-04-10 06:00,60,"PIC_UIO_COW_INTER_CUMBAYA_UL/Cell:eNodeB Function Name=PIC_UIO_COW_INTER_CUMBAYA_L, Local Cell ID=9, Cell Name=PIC_UIO_COW_INTER_CUMBAYA_APT_9, eNodeB ID=44931, Cell FDD TDD indication=CELL_FDD",Reliable,2830.412,329.561
2026-04-10 06:00,60,"PIC_UIO_EL_QUINCHE_UL/Cell:eNodeB Function Name=PIC_UIO_EL_QUINCHE_L, Local Cell ID=7, Cell Name=PIC_UIO_QUINCHE_APT_7, eNodeB ID=44401, Cell FDD TDD indication=CELL_FDD",Reliable,1867.569,462.531
2026-04-10 06:00,60,"PIC_UIO_EL_QUINCHE_UL/Cell:eNodeB Function Name=PIC_UIO_EL_QUINCHE_L, Local Cell ID=8, Cell Name=PIC_UIO_QUINCHE_APT_8, eNodeB ID=44401, Cell FDD TDD indication=CELL_FDD",Reliable,2413.437,248.054
2026-04-10 06:00,60,"PIC_UIO_EL_QUINCHE_UL/Cell:eNodeB Function Name=PIC_UIO_EL_QUINCHE_L, Local Cell ID=9, Cell Name=PIC_UIO_QUINCHE_APT_9, eNodeB ID=44401, Cell FDD TDD indication=CELL_FDD",Reliable,1162.32,502.954
2026-04-10 06:00,60,"PIC_UIO_CALDERON_BELLAVISTA_UL/Cell:eNodeB Function Name=PIC_UIO_CALDERON_BELLAVISTA_L, Local Cell ID=7, Cell Name=PIC_UIO_CALDERON_BELLAVISTA_APT_7, eNodeB ID=44360, Cell FDD TDD indication=CELL_FDD",Reliable,597.138,47.703
2026-04-10 06:00,60,"PIC_UIO_CALDERON_BELLAVISTA_UL/Cell:eNodeB Function Name=PIC_UIO_CALDERON_BELLAVISTA_L, Local Cell ID=8, Cell Name=PIC_UIO_CALDERON_BELLAVISTA_APT_8, eNodeB ID=44360, Cell FDD TDD indication=CELL_FDD",Reliable,315.059,32.303
2026-04-10 06:00,60,"PIC_UIO_CALDERON_BELLAVISTA_UL/Cell:eNodeB Function Name=PIC_UIO_CALDERON_BELLAVISTA_L, Local Cell ID=9, Cell Name=PIC_UIO_CALDERON_BELLAVISTA_APT_9, eNodeB ID=44360, Cell FDD TDD indication=CELL_FDD",Reliable,1397.393,98.575
2026-04-10 06:00,60,"PIC_UIO_PISULI_UL/Cell:eNodeB Function Name=PIC_UIO_PISULI_L, Local Cell ID=7, Cell Name=PIC_UIO_PISULI_APT_7, eNodeB ID=44172, Cell FDD TDD indication=CELL_FDD",Reliable,3190.031,277.719
2026-04-10 06:00,60,"PIC_UIO_PISULI_UL/Cell:eNodeB Function Name=PIC_UIO_PISULI_L, Local Cell ID=8, Cell Name=PIC_UIO_PISULI_APT_8, eNodeB ID=44172, Cell FDD TDD indication=CELL_FDD",Reliable,3903.789,295.838
2026-04-10 06:00,60,"PIC_UIO_PISULI_UL/Cell:eNodeB Function Name=PIC_UIO_PISULI_L, Local Cell ID=9, Cell Name=PIC_UIO_PISULI_APT_9, eNodeB ID=44172, Cell FDD TDD indication=CELL_FDD",Reliable,853.098,96.523
2026-04-10 06:00,60,"PIC_UIO_URB_EL_CONDADO_UL/Cell:eNodeB Function Name=PIC_UIO_URB_EL_CONDADO_L, Local Cell ID=9, Cell Name=PIC_UIO_URB_EL_CONDADO_APT_9, eNodeB ID=43604, Cell FDD TDD indication=CELL_FDD",Reliable,2310.418,191.654
2026-04-10 06:00,60,"PIC_UIO_URB_EL_CONDADO_UL/Cell:eNodeB Function Name=PIC_UIO_URB_EL_CONDADO_L, Local Cell ID=8, Cell Name=PIC_UIO_URB_EL_CONDADO_APT_8, eNodeB ID=43604, Cell FDD TDD indication=CELL_FDD",Reliable,2959.914,250.984
2026-04-10 06:00,60,"PIC_UIO_URB_EL_CONDADO_UL/Cell:eNodeB Function Name=PIC_UIO_URB_EL_CONDADO_L, Local Cell ID=7, Cell Name=PIC_UIO_URB_EL_CONDADO_APT_7, eNodeB ID=43604, Cell FDD TDD indication=CELL_FDD",Reliable,2731.868,269.04
2026-04-10 06:00,60,"CAR_TUL_19_DE_NOVIEMBRE_UL/Cell:eNodeB Function Name=CAR_TUL_19_DE_NOVIEMBRE_L, Local Cell ID=9, Cell Name=CAR_TUL_19_DE_NOVIEMBRE_APT_9, eNodeB ID=43531, Cell FDD TDD indication=CELL_FDD",Reliable,3926.496,387.812
2026-04-10 06:00,60,"CAR_TUL_19_DE_NOVIEMBRE_UL/Cell:eNodeB Function Name=CAR_TUL_19_DE_NOVIEMBRE_L, Local Cell ID=8, Cell Name=CAR_TUL_19_DE_NOVIEMBRE_APT_8, eNodeB ID=43531, Cell FDD TDD indication=CELL_FDD",Reliable,3364.622,261.087
2026-04-10 06:00,60,"CAR_TUL_19_DE_NOVIEMBRE_UL/Cell:eNodeB Function Name=CAR_TUL_19_DE_NOVIEMBRE_L, Local Cell ID=7, Cell Name=CAR_TUL_19_DE_NOVIEMBRE_APT_7, eNodeB ID=43531, Cell FDD TDD indication=CELL_FDD",Reliable,2963.743,244.175
2026-04-10 06:00,60,"CAR_TUL_LA_RIOJA_UL/Cell:eNodeB Function Name=CAR_TUL_LA_RIOJA_L, Local Cell ID=9, Cell Name=CAR_TUL_LA_RIOJA_APT_9, eNodeB ID=43580, Cell FDD TDD indication=CELL_FDD",Reliable,637.586,45.093
2026-04-10 06:00,60,"CAR_TUL_LA_RIOJA_UL/Cell:eNodeB Function Name=CAR_TUL_LA_RIOJA_L, Local Cell ID=8, Cell Name=CAR_TUL_LA_RIOJA_APT_8, eNodeB ID=43580, Cell FDD TDD indication=CELL_FDD",Reliable,367.726,59.224
2026-04-10 06:00,60,"CAR_TUL_LA_RIOJA_UL/Cell:eNodeB Function Name=CAR_TUL_LA_RIOJA_L, Local Cell ID=7, Cell Name=CAR_TUL_LA_RIOJA_APT_7, eNodeB ID=43580, Cell FDD TDD indication=CELL_FDD",Reliable,549.458,22.467
2026-04-10 06:00,60,"PIC_UIO_MARIANO_PAREDES_UL/Cell:eNodeB Function Name=PIC_UIO_MARIANO_PAREDES_L, Local Cell ID=9, Cell Name=PIC_UIO_MARIANO_PAREDES_APT_9, eNodeB ID=43527, Cell FDD TDD indication=CELL_FDD",Reliable,575.742,58.311
2026-04-10 06:00,60,"PIC_UIO_MARIANO_PAREDES_UL/Cell:eNodeB Function Name=PIC_UIO_MARIANO_PAREDES_L, Local Cell ID=8, Cell Name=PIC_UIO_MARIANO_PAREDES_APT_8, eNodeB ID=43527, Cell FDD TDD indication=CELL_FDD",Reliable,3246.572,738.153
2026-04-10 06:00,60,"PIC_UIO_MARIANO_PAREDES_UL/Cell:eNodeB Function Name=PIC_UIO_MARIANO_PAREDES_L, Local Cell ID=7, Cell Name=PIC_UIO_MARIANO_PAREDES_APT_7, eNodeB ID=43527, Cell FDD TDD indication=CELL_FDD",Reliable,6844.185,750.804
2026-04-10 06:00,60,"PIC_UIO_CARAPUNGO_LOS_PELICANOS_UL/Cell:eNodeB Function Name=PIC_UIO_CARAPUNGO_LOS_PELICANOS_L, Local Cell ID=9, Cell Name=PIC_UIO_CARAPUNGO_LOS_PELICANOS_APT_9, eNodeB ID=43626, Cell FDD TDD indication=CELL_FDD",Reliable,1489.781,274.853
2026-04-10 06:00,60,"PIC_UIO_CARAPUNGO_LOS_PELICANOS_UL/Cell:eNodeB Function Name=PIC_UIO_CARAPUNGO_LOS_PELICANOS_L, Local Cell ID=8, Cell Name=PIC_UIO_CARAPUNGO_LOS_PELICANOS_APT_8, eNodeB ID=43626, Cell FDD TDD indication=CELL_FDD",Reliable,1215.007,343.309
2026-04-10 06:00,60,"PIC_UIO_CARAPUNGO_LOS_PELICANOS_UL/Cell:eNodeB Function Name=PIC_UIO_CARAPUNGO_LOS_PELICANOS_L, Local Cell ID=7, Cell Name=PIC_UIO_CARAPUNGO_LOS_PELICANOS_APT_7, eNodeB ID=43626, Cell FDD TDD indication=CELL_FDD",Reliable,1690.886,451.708
2026-04-10 06:00,60,"PIC_UIO_29_DE_ABRIL_UL/Cell:eNodeB Function Name=PIC_UIO_29_DE_ABRIL_L, Local Cell ID=9, Cell Name=PIC_UIO_29_DE_ABRIL_APT_9, eNodeB ID=43601, Cell FDD TDD indication=CELL_FDD",Reliable,1622.492,465.206
2026-04-10 06:00,60,"PIC_UIO_29_DE_ABRIL_UL/Cell:eNodeB Function Name=PIC_UIO_29_DE_ABRIL_L, Local Cell ID=8, Cell Name=PIC_UIO_29_DE_ABRIL_APT_8, eNodeB ID=43601, Cell FDD TDD indication=CELL_FDD",Reliable,766.988,109.795
2026-04-10 06:00,60,"PIC_UIO_29_DE_ABRIL_UL/Cell:eNodeB Function Name=PIC_UIO_29_DE_ABRIL_L, Local Cell ID=7, Cell Name=PIC_UIO_29_DE_ABRIL_APT_7, eNodeB ID=43601, Cell FDD TDD indication=CELL_FDD",Reliable,326.697,21.52
2026-04-10 06:00,60,"PIC_UIO_AREA_VERDE_UL/Cell:eNodeB Function Name=PIC_UIO_AREA_VERDE_L, Local Cell ID=9, Cell Name=PIC_UIO_AREA_VERDE_APT_9, eNodeB ID=43625, Cell FDD TDD indication=CELL_FDD",Reliable,556.185,51.354
2026-04-10 06:00,60,"PIC_UIO_AREA_VERDE_UL/Cell:eNodeB Function Name=PIC_UIO_AREA_VERDE_L, Local Cell ID=8, Cell Name=PIC_UIO_AREA_VERDE_APT_8, eNodeB ID=43625, Cell FDD TDD indication=CELL_FDD",Reliable,1035.273,61.347
2026-04-10 06:00,60,"PIC_UIO_AREA_VERDE_UL/Cell:eNodeB Function Name=PIC_UIO_AREA_VERDE_L, Local Cell ID=7, Cell Name=PIC_UIO_AREA_VERDE_APT_7, eNodeB ID=43625, Cell FDD TDD indication=CELL_FDD",Reliable,1392.878,313.259
2026-04-10 06:00,60,"PIC_UIO_FRANCISCO_DALMAU_UL/Cell:eNodeB Function Name=PIC_UIO_FRANCISCO_DALMAU_L, Local Cell ID=8, Cell Name=PIC_UIO_FRANCISCO_DALMAU_APT_8, eNodeB ID=43587, Cell FDD TDD indication=CELL_FDD",Reliable,2459.26,386.274
2026-04-10 06:00,60,"PIC_UIO_FRANCISCO_DALMAU_UL/Cell:eNodeB Function Name=PIC_UIO_FRANCISCO_DALMAU_L, Local Cell ID=7, Cell Name=PIC_UIO_FRANCISCO_DALMAU_APT_7, eNodeB ID=43587, Cell FDD TDD indication=CELL_FDD",Reliable,859.273,154.039
2026-04-10 06:00,60,"PIC_UIO_BELLAVISTA_ALTA_UL/Cell:eNodeB Function Name=PIC_UIO_BELLAVISTA_ALTA_L, Local Cell ID=7, Cell Name=PIC_UIO_BELLAVISTA_ALTA_APT_7, eNodeB ID=44082, Cell FDD TDD indication=CELL_FDD",Reliable,1378.761,143.337
2026-04-10 06:00,60,"PIC_UIO_BELLAVISTA_ALTA_UL/Cell:eNodeB Function Name=PIC_UIO_BELLAVISTA_ALTA_L, Local Cell ID=8, Cell Name=PIC_UIO_BELLAVISTA_ALTA_APT_8, eNodeB ID=44082, Cell FDD TDD indication=CELL_FDD",Reliable,739.12,50.698
2026-04-10 06:00,60,"PIC_UIO_BELLAVISTA_ALTA_UL/Cell:eNodeB Function Name=PIC_UIO_BELLAVISTA_ALTA_L, Local Cell ID=9, Cell Name=PIC_UIO_BELLAVISTA_ALTA_APT_9, eNodeB ID=44082, Cell FDD TDD indication=CELL_FDD",Reliable,2608.53,218.826
2026-04-10 06:00,60,"PIC_UIO_ELOY_ALFARO_UL/Cell:eNodeB Function Name=PIC_UIO_ELOY_ALFARO_L, Local Cell ID=7, Cell Name=PIC_UIO_ELOY_ALFARO_APT_7, eNodeB ID=44034, Cell FDD TDD indication=CELL_FDD",Reliable,2807.56,424.062
2026-04-10 06:00,60,"PIC_UIO_ELOY_ALFARO_UL/Cell:eNodeB Function Name=PIC_UIO_ELOY_ALFARO_L, Local Cell ID=8, Cell Name=PIC_UIO_ELOY_ALFARO_APT_8, eNodeB ID=44034, Cell FDD TDD indication=CELL_FDD",Reliable,600.883,39.525
2026-04-10 06:00,60,"PIC_UIO_ELOY_ALFARO_UL/Cell:eNodeB Function Name=PIC_UIO_ELOY_ALFARO_L, Local Cell ID=9, Cell Name=PIC_UIO_ELOY_ALFARO_APT_9, eNodeB ID=44034, Cell FDD TDD indication=CELL_FDD",Reliable,346.815,42.065
2026-04-10 06:00,60,"PIC_UIO_VIA_PIFO_UL/Cell:eNodeB Function Name=PIC_UIO_VIA_PIFO_L, Local Cell ID=7, Cell Name=PIC_UIO_VIA_PIFO_L7_7, eNodeB ID=44435, Cell FDD TDD indication=CELL_FDD",Reliable,271.972,25.168
2026-04-10 06:00,60,"PIC_UIO_VIA_PIFO_UL/Cell:eNodeB Function Name=PIC_UIO_VIA_PIFO_L, Local Cell ID=8, Cell Name=PIC_UIO_VIA_PIFO_L7_8, eNodeB ID=44435, Cell FDD TDD indication=CELL_FDD",Reliable,1556.898,123.843
2026-04-10 06:00,60,"PIC_UIO_VIA_PIFO_UL/Cell:eNodeB Function Name=PIC_UIO_VIA_PIFO_L, Local Cell ID=9, Cell Name=PIC_UIO_VIA_PIFO_L7_9, eNodeB ID=44435, Cell FDD TDD indication=CELL_FDD",Reliable,361.425,17.214
2026-04-10 06:00,60,"PIC_UIO_GRAL_AGUIRRE_UL/Cell:eNodeB Function Name=PIC_UIO_GRAL_AGUIRRE_L, Local Cell ID=7, Cell Name=PIC_UIO_GRAL_AGUIRRE_APT_7, eNodeB ID=43547, Cell FDD TDD indication=CELL_FDD",Reliable,3426.016,331.141
2026-04-10 06:00,60,"PIC_UIO_GRAL_AGUIRRE_UL/Cell:eNodeB Function Name=PIC_UIO_GRAL_AGUIRRE_L, Local Cell ID=8, Cell Name=PIC_UIO_GRAL_AGUIRRE_APT_8, eNodeB ID=43547, Cell FDD TDD indication=CELL_FDD",Reliable,1240.188,164.951
2026-04-10 06:00,60,"PIC_UIO_GRAL_AGUIRRE_UL/Cell:eNodeB Function Name=PIC_UIO_GRAL_AGUIRRE_L, Local Cell ID=9, Cell Name=PIC_UIO_GRAL_AGUIRRE_APT_9, eNodeB ID=43547, Cell FDD TDD indication=CELL_FDD",Reliable,1811.43,155.043
2026-04-10 06:00,60,"ESM_ESM_ESME_MIDUVI_UL/Cell:eNodeB Function Name=ESM_ESM_ESME_MIDUVI_L, Local Cell ID=7, Cell Name=ESM_ESM_ESME_MIDUVI_APT_7, eNodeB ID=44181, Cell FDD TDD indication=CELL_FDD",Reliable,584.305,70.404
2026-04-10 06:00,60,"ESM_ESM_ESME_MIDUVI_UL/Cell:eNodeB Function Name=ESM_ESM_ESME_MIDUVI_L, Local Cell ID=8, Cell Name=ESM_ESM_ESME_MIDUVI_APT_8, eNodeB ID=44181, Cell FDD TDD indication=CELL_FDD",Reliable,227.628,20.182
2026-04-10 06:00,60,"ESM_ESM_ESME_MIDUVI_UL/Cell:eNodeB Function Name=ESM_ESM_ESME_MIDUVI_L, Local Cell ID=9, Cell Name=ESM_ESM_ESME_MIDUVI_APT_9, eNodeB ID=44181, Cell FDD TDD indication=CELL_FDD",Reliable,133.098,12.507
2026-04-10 06:00,60,"PIC_UIO_VIA_PULULAHUA_UL/Cell:eNodeB Function Name=PIC_UIO_VIA_PULULAHUAL21, Local Cell ID=7, Cell Name=PIC_UIO_VIA_PULULAHUA_APT_7, eNodeB ID=44282, Cell FDD TDD indication=CELL_FDD",Reliable,717.833,39.231
2026-04-10 06:00,60,"PIC_UIO_VIA_PULULAHUA_UL/Cell:eNodeB Function Name=PIC_UIO_VIA_PULULAHUAL21, Local Cell ID=8, Cell Name=PIC_UIO_VIA_PULULAHUA_APT_8, eNodeB ID=44282, Cell FDD TDD indication=CELL_FDD",Reliable,879.492,61.231
2026-04-10 06:00,60,"PIC_UIO_VIA_PULULAHUA_UL/Cell:eNodeB Function Name=PIC_UIO_VIA_PULULAHUAL21, Local Cell ID=9, Cell Name=PIC_UIO_VIA_PULULAHUA_APT_9, eNodeB ID=44282, Cell FDD TDD indication=CELL_FDD",Reliable,598.376,44.002
2026-04-10 06:00,60,"PIC_UIO_YANBAL_UL/Cell:eNodeB Function Name=PIC_UIO_YANBAL_L, Local Cell ID=7, Cell Name=PIC_UIO_YANBAL_L7_1, eNodeB ID=44196, Cell FDD TDD indication=CELL_FDD",Reliable,1485.535,424.096
2026-04-10 06:00,60,"PIC_UIO_YANBAL_UL/Cell:eNodeB Function Name=PIC_UIO_YANBAL_L, Local Cell ID=8, Cell Name=PIC_UIO_YANBAL_L7_2, eNodeB ID=44196, Cell FDD TDD indication=CELL_FDD",Reliable,759.416,99.713
2026-04-10 06:00,60,"PIC_UIO_YANBAL_UL/Cell:eNodeB Function Name=PIC_UIO_YANBAL_L, Local Cell ID=9, Cell Name=PIC_UIO_YANBAL_L7_3, eNodeB ID=44196, Cell FDD TDD indication=CELL_FDD",Reliable,1190.379,325.038
2026-04-10 06:00,60,"PIC_UIO_CALDERON_SAN_JUAN_UL/Cell:eNodeB Function Name=PIC_UIO_CALDERON_SAN_JUAN_L, Local Cell ID=7, Cell Name=PIC_UIO_CALDERON_SAN_JUAN_APT_7, eNodeB ID=44359, Cell FDD TDD indication=CELL_FDD",Reliable,100.337,12.358
2026-04-10 06:00,60,"PIC_UIO_CALDERON_SAN_JUAN_UL/Cell:eNodeB Function Name=PIC_UIO_CALDERON_SAN_JUAN_L, Local Cell ID=8, Cell Name=PIC_UIO_CALDERON_SAN_JUAN_APT_8, eNodeB ID=44359, Cell FDD TDD indication=CELL_FDD",Reliable,315.82,31.097
2026-04-10 06:00,60,"PIC_UIO_CALDERON_SAN_JUAN_UL/Cell:eNodeB Function Name=PIC_UIO_CALDERON_SAN_JUAN_L, Local Cell ID=9, Cell Name=PIC_UIO_CALDERON_SAN_JUAN_APT_9, eNodeB ID=44359, Cell FDD TDD indication=CELL_FDD",Reliable,509.384,64.192
2026-04-10 06:00,60,"ESM_ESM_ESME_SANTA_VAINAS_UL/Cell:eNodeB Function Name=ESM_ESM_ESME_SANTA_VAINAS_L, Local Cell ID=7, Cell Name=ESM_ESM_ESME_SANTA_VAINAS_APT_7, eNodeB ID=43607, Cell FDD TDD indication=CELL_FDD",Reliable,17.014,1.98
2026-04-10 06:00,60,"ESM_ESM_ESME_SANTA_VAINAS_UL/Cell:eNodeB Function Name=ESM_ESM_ESME_SANTA_VAINAS_L, Local Cell ID=8, Cell Name=ESM_ESM_ESME_SANTA_VAINAS_APT_8, eNodeB ID=43607, Cell FDD TDD indication=CELL_FDD",Reliable,275.895,48.949
2026-04-10 06:00,60,"ESM_ESM_ESME_SANTA_VAINAS_UL/Cell:eNodeB Function Name=ESM_ESM_ESME_SANTA_VAINAS_L, Local Cell ID=9, Cell Name=ESM_ESM_ESME_SANTA_VAINAS_APT_9, eNodeB ID=43607, Cell FDD TDD indication=CELL_FDD",Reliable,4.307,1.835
2026-04-10 06:00,60,"PIC_UIO_CALDERON_QUITUS_UL/Cell:eNodeB Function Name=PIC_UIO_CALDERON_QUITUS_L, Local Cell ID=7, Cell Name=PIC_UIO_CALDERON_QUITUS_L7_7, eNodeB ID=44088, Cell FDD TDD indication=CELL_FDD",Reliable,2235.839,358.573
2026-04-10 06:00,60,"PIC_UIO_CALDERON_QUITUS_UL/Cell:eNodeB Function Name=PIC_UIO_CALDERON_QUITUS_L, Local Cell ID=8, Cell Name=PIC_UIO_CALDERON_QUITUS_L7_8, eNodeB ID=44088, Cell FDD TDD indication=CELL_FDD",Reliable,4527.425,1539.014
2026-04-10 06:00,60,"PIC_UIO_CALDERON_QUITUS_UL/Cell:eNodeB Function Name=PIC_UIO_CALDERON_QUITUS_L, Local Cell ID=9, Cell Name=PIC_UIO_CALDERON_QUITUS_L7_9, eNodeB ID=44088, Cell FDD TDD indication=CELL_FDD",Reliable,1128.698,73.236
2026-04-10 06:00,60,"PIC_UIO_MARIANITAS_UL/Cell:eNodeB Function Name=PIC_UIO_MARIANITAS_L, Local Cell ID=7, Cell Name=PIC_UIO_MARIANITAS_APT_7, eNodeB ID=44158, Cell FDD TDD indication=CELL_FDD",Reliable,3502.899,206.675
2026-04-10 06:00,60,"PIC_UIO_MARIANITAS_UL/Cell:eNodeB Function Name=PIC_UIO_MARIANITAS_L, Local Cell ID=8, Cell Name=PIC_UIO_MARIANITAS_APT_8, eNodeB ID=44158, Cell FDD TDD indication=CELL_FDD",Reliable,1608.708,142.44
2026-04-10 06:00,60,"PIC_UIO_MARIANITAS_UL/Cell:eNodeB Function Name=PIC_UIO_MARIANITAS_L, Local Cell ID=9, Cell Name=PIC_UIO_MARIANITAS_APT_9, eNodeB ID=44158, Cell FDD TDD indication=CELL_FDD",Reliable,510.558,46.96
2026-04-10 06:00,60,"ESM_ESM_ESME_LAS_AMERICAS_UL/Cell:eNodeB Function Name=ESM_ESM_ESME_LAS_AMERICAS_L, Local Cell ID=9, Cell Name=ESM_ESME_LAS_AMERICAS_APT_9, eNodeB ID=43605, Cell FDD TDD indication=CELL_FDD",Reliable,196.107,12.358
2026-04-10 06:00,60,"ESM_ESM_ESME_LAS_AMERICAS_UL/Cell:eNodeB Function Name=ESM_ESM_ESME_LAS_AMERICAS_L, Local Cell ID=8, Cell Name=ESM_ESME_LAS_AMERICAS_APT_8, eNodeB ID=43605, Cell FDD TDD indication=CELL_FDD",Reliable,449.513,37.361
2026-04-10 06:00,60,"ESM_ESM_ESME_LAS_AMERICAS_UL/Cell:eNodeB Function Name=ESM_ESM_ESME_LAS_AMERICAS_L, Local Cell ID=7, Cell Name=ESM_ESME_LAS_AMERICAS_APT_7, eNodeB ID=43605, Cell FDD TDD indication=CELL_FDD",Reliable,249.411,19.659
2026-04-10 06:00,60,"ESM_ESM_LA_TOLITA_UL/Cell:eNodeB Function Name=ESM_ESM_LA_TOLITA_L, Local Cell ID=7, Cell Name=ESM_ESM_LA_TOLITA_APT_7, eNodeB ID=44608, Cell FDD TDD indication=CELL_FDD",Reliable,243.289,18.015
2026-04-10 06:00,60,"ESM_ESM_LA_TOLITA_UL/Cell:eNodeB Function Name=ESM_ESM_LA_TOLITA_L, Local Cell ID=8, Cell Name=ESM_ESM_LA_TOLITA_APT_8, eNodeB ID=44608, Cell FDD TDD indication=CELL_FDD",Reliable,1427.54,104.965
2026-04-10 06:00,60,"ESM_ESM_LA_TOLITA_UL/Cell:eNodeB Function Name=ESM_ESM_LA_TOLITA_L, Local Cell ID=9, Cell Name=ESM_ESM_LA_TOLITA_APT_9, eNodeB ID=44608, Cell FDD TDD indication=CELL_FDD",Reliable,5417.923,1032.372
2026-04-10 06:00,60,"IMB_IBA_LA_PRIMAVERA_UL/Cell:eNodeB Function Name=IMB_IBA_LA_PRIMAVERA_L, Local Cell ID=9, Cell Name=IMB_IBA_LA_PRIMAVERA_APT_9, eNodeB ID=43590, Cell FDD TDD indication=CELL_FDD",Reliable,1502.851,106.778
2026-04-10 06:00,60,"IMB_IBA_LA_PRIMAVERA_UL/Cell:eNodeB Function Name=IMB_IBA_LA_PRIMAVERA_L, Local Cell ID=8, Cell Name=IMB_IBA_LA_PRIMAVERA_APT_8, eNodeB ID=43590, Cell FDD TDD indication=CELL_FDD",Reliable,212.871,20.609
2026-04-10 06:00,60,"IMB_IBA_LA_PRIMAVERA_UL/Cell:eNodeB Function Name=IMB_IBA_LA_PRIMAVERA_L, Local Cell ID=7, Cell Name=IMB_IBA_LA_PRIMAVERA_APT_7, eNodeB ID=43590, Cell FDD TDD indication=CELL_FDD",Reliable,1060.61,115.258
2026-04-10 06:00,60,"IMB_IBA_ALPACHACA_UL/Cell:eNodeB Function Name=IMB_IBA_ALPACHACA_L, Local Cell ID=9, Cell Name=IMB_IBA_ALPACHACA_APT_9, eNodeB ID=43614, Cell FDD TDD indication=CELL_FDD",Reliable,781.309,56.346
2026-04-10 06:00,60,"IMB_IBA_ALPACHACA_UL/Cell:eNodeB Function Name=IMB_IBA_ALPACHACA_L, Local Cell ID=8, Cell Name=IMB_IBA_ALPACHACA_APT_8, eNodeB ID=43614, Cell FDD TDD indication=CELL_FDD",Reliable,457.834,51.616
2026-04-10 06:00,60,"IMB_IBA_ALPACHACA_UL/Cell:eNodeB Function Name=IMB_IBA_ALPACHACA_L, Local Cell ID=7, Cell Name=IMB_IBA_ALPACHACA_APT_7, eNodeB ID=43614, Cell FDD TDD indication=CELL_FDD",Reliable,3063.877,221.141
2026-04-10 06:00,60,"IMB_IBA_013_UL (YAHUARCOCHA)/Cell:eNodeB Function Name=IMB_IBA_YAHUARCOCHA_L, Local Cell ID=9, Cell Name=IMB_IBA_YAHUARCOCHA_APT_9, eNodeB ID=43617, Cell FDD TDD indication=CELL_FDD",Reliable,339.541,24.829
2026-04-10 06:00,60,"IMB_IBA_013_UL (YAHUARCOCHA)/Cell:eNodeB Function Name=IMB_IBA_YAHUARCOCHA_L, Local Cell ID=8, Cell Name=IMB_IBA_YAHUARCOCHA_APT_8, eNodeB ID=43617, Cell FDD TDD indication=CELL_FDD",Reliable,272.691,42.96
2026-04-10 06:00,60,"IMB_IBA_013_UL (YAHUARCOCHA)/Cell:eNodeB Function Name=IMB_IBA_YAHUARCOCHA_L, Local Cell ID=7, Cell Name=IMB_IBA_YAHUARCOCHA_APT_7, eNodeB ID=43617, Cell FDD TDD indication=CELL_FDD",Reliable,784.89,28.795
2026-04-10 06:00,60,"IMB_IBA_YANAHURCO_UL/Cell:eNodeB Function Name=IMB_IBA_YANAHURCO_L, Local Cell ID=9, Cell Name=IMB_IBA_YANAHURCO_APT_9, eNodeB ID=43566, Cell FDD TDD indication=CELL_FDD",Reliable,439.673,51.419
2026-04-10 06:00,60,"IMB_IBA_YANAHURCO_UL/Cell:eNodeB Function Name=IMB_IBA_YANAHURCO_L, Local Cell ID=8, Cell Name=IMB_IBA_YANAHURCO_APT_8, eNodeB ID=43566, Cell FDD TDD indication=CELL_FDD",Reliable,1718.235,204.117
2026-04-10 06:00,60,"IMB_IBA_YANAHURCO_UL/Cell:eNodeB Function Name=IMB_IBA_YANAHURCO_L, Local Cell ID=7, Cell Name=IMB_IBA_YANAHURCO_APT_7, eNodeB ID=43566, Cell FDD TDD indication=CELL_FDD",Reliable,958.891,72.011
2026-04-10 06:00,60,"STD_STD_CHOFER_2_UL/Cell:eNodeB Function Name=STD_STD_CHOFER_2_L, Local Cell ID=9, Cell Name=STD_STD_CHOFER_2_APT_9, eNodeB ID=43663, Cell FDD TDD indication=CELL_FDD",Reliable,685.47,156.957
2026-04-10 06:00,60,"STD_STD_CHOFER_2_UL/Cell:eNodeB Function Name=STD_STD_CHOFER_2_L, Local Cell ID=8, Cell Name=STD_STD_CHOFER_2_APT_8, eNodeB ID=43663, Cell FDD TDD indication=CELL_FDD",Reliable,0.29,0.863
2026-04-10 06:00,60,"STD_STD_CHOFER_2_UL/Cell:eNodeB Function Name=STD_STD_CHOFER_2_L, Local Cell ID=7, Cell Name=STD_STD_CHOFER_2_APT_7, eNodeB ID=43663, Cell FDD TDD indication=CELL_FDD",Reliable,13.215,12.445
2026-04-10 06:00,60,"PAS_PUY_LOJA_UL/Cell:eNodeB Function Name=PAS_PUY_LOJA_L, Local Cell ID=9, Cell Name=PAS_PUY_LOJA_L7_9, eNodeB ID=43613, Cell FDD TDD indication=CELL_FDD",Reliable,391.701,49.027
2026-04-10 06:00,60,"PAS_PUY_LOJA_UL/Cell:eNodeB Function Name=PAS_PUY_LOJA_L, Local Cell ID=8, Cell Name=PAS_PUY_LOJA_L7_8, eNodeB ID=43613, Cell FDD TDD indication=CELL_FDD",Reliable,1270.756,704.682
2026-04-10 06:00,60,"PAS_PUY_LOJA_UL/Cell:eNodeB Function Name=PAS_PUY_LOJA_L, Local Cell ID=7, Cell Name=PAS_PUY_LOJA_L7_7, eNodeB ID=43613, Cell FDD TDD indication=CELL_FDD",Reliable,1744.502,150.079
2026-04-10 06:00,60,"PAS_PUY_LOJA_UL/Cell:eNodeB Function Name=PAS_PUY_LOJA_L, Local Cell ID=2, Cell Name=PAS_PUY_LOJA_L21_2, eNodeB ID=43613, Cell FDD TDD indication=CELL_FDD",Reliable,1007.439,97.755
2026-04-10 06:00,60,"PAS_PUY_LOJA_UL/Cell:eNodeB Function Name=PAS_PUY_LOJA_L, Local Cell ID=3, Cell Name=PAS_PUY_LOJA_L21_3, eNodeB ID=43613, Cell FDD TDD indication=CELL_FDD",Reliable,265.758,58.814
2026-04-10 06:00,60,"PAS_PUY_LOJA_UL/Cell:eNodeB Function Name=PAS_PUY_LOJA_L, Local Cell ID=1, Cell Name=PAS_PUY_LOJA_L21_1, eNodeB ID=43613, Cell FDD TDD indication=CELL_FDD",Reliable,919.891,86.261
2026-04-10 06:00,60,"STD_STD_SAN_RAFAEL_UL/Cell:eNodeB Function Name=STD_STD_SAN_RAFAEL_L, Local Cell ID=9, Cell Name=STD_STD_SAN_RAFAEL_APT_9, eNodeB ID=43536, Cell FDD TDD indication=CELL_FDD",Reliable,77.831,29.299
2026-04-10 06:00,60,"STD_STD_SAN_RAFAEL_UL/Cell:eNodeB Function Name=STD_STD_SAN_RAFAEL_L, Local Cell ID=8, Cell Name=STD_STD_SAN_RAFAEL_APT_8, eNodeB ID=43536, Cell FDD TDD indication=CELL_FDD",Reliable,147.496,62.897
2026-04-10 06:00,60,"STD_STD_SAN_RAFAEL_UL/Cell:eNodeB Function Name=STD_STD_SAN_RAFAEL_L, Local Cell ID=7, Cell Name=STD_STD_SAN_RAFAEL_APT_7, eNodeB ID=43536, Cell FDD TDD indication=CELL_FDD",Reliable,920.53,60.154
2026-04-10 06:00,60,"IMB_IBA_BOLA_AMARILLA_UL/Cell:eNodeB Function Name=IMB_IBA_BOLA_AMARILLA_L, Local Cell ID=9, Cell Name=IMB_IBA_BOLA_AMARILLA_APT_9, eNodeB ID=43567, Cell FDD TDD indication=CELL_FDD",Reliable,2847.813,218.59
2026-04-10 06:00,60,"IMB_IBA_BOLA_AMARILLA_UL/Cell:eNodeB Function Name=IMB_IBA_BOLA_AMARILLA_L, Local Cell ID=8, Cell Name=IMB_IBA_BOLA_AMARILLA_APT_8, eNodeB ID=43567, Cell FDD TDD indication=CELL_FDD",Reliable,1826.872,136.311
2026-04-10 06:00,60,"IMB_IBA_BOLA_AMARILLA_UL/Cell:eNodeB Function Name=IMB_IBA_BOLA_AMARILLA_L, Local Cell ID=7, Cell Name=IMB_IBA_BOLA_AMARILLA_APT_7, eNodeB ID=43567, Cell FDD TDD indication=CELL_FDD",Reliable,2810.57,270.931
2026-04-10 06:00,60,"STD_STD_QUINCHES_UL/Cell:eNodeB Function Name=STD_STD_QUINCHES_L, Local Cell ID=9, Cell Name=STD_STD_QUINCHES_APT_9, eNodeB ID=43568, Cell FDD TDD indication=CELL_FDD",Reliable,146.766,27.195
2026-04-10 06:00,60,"STD_STD_QUINCHES_UL/Cell:eNodeB Function Name=STD_STD_QUINCHES_L, Local Cell ID=8, Cell Name=STD_STD_QUINCHES_APT_8, eNodeB ID=43568, Cell FDD TDD indication=CELL_FDD",Reliable,135.689,23.375
2026-04-10 06:00,60,"STD_STD_QUINCHES_UL/Cell:eNodeB Function Name=STD_STD_QUINCHES_L, Local Cell ID=7, Cell Name=STD_STD_QUINCHES_APT_7, eNodeB ID=43568, Cell FDD TDD indication=CELL_FDD",Reliable,885.068,116.974
2026-04-10 06:00,60,"TUN_AMB_LA_MADRE_ULN/Cell:eNodeB Function Name=TUN_AMB_LA_MADRE_L, Local Cell ID=8, Cell Name=TUN_AMB_LA_MADRE_APT_8, eNodeB ID=43538, Cell FDD TDD indication=CELL_FDD",Reliable,1626.744,128.968
2026-04-10 06:00,60,"TUN_AMB_LA_MADRE_ULN/Cell:eNodeB Function Name=TUN_AMB_LA_MADRE_L, Local Cell ID=7, Cell Name=TUN_AMB_LA_MADRE_APT_7, eNodeB ID=43538, Cell FDD TDD indication=CELL_FDD",Reliable,630.981,45.873
2026-04-10 06:00,60,"TUN_AMB_AYLLON_UL/Cell:eNodeB Function Name=TUN_AMB_AYLLON_L, Local Cell ID=9, Cell Name=TUN_AMB_AYLLON_APT_9, eNodeB ID=43575, Cell FDD TDD indication=CELL_FDD",Reliable,2437.634,219.249
2026-04-10 06:00,60,"TUN_AMB_AYLLON_UL/Cell:eNodeB Function Name=TUN_AMB_AYLLON_L, Local Cell ID=8, Cell Name=TUN_AMB_AYLLON_APT_8, eNodeB ID=43575, Cell FDD TDD indication=CELL_FDD",Reliable,583.772,66.528
2026-04-10 06:00,60,"TUN_AMB_AYLLON_UL/Cell:eNodeB Function Name=TUN_AMB_AYLLON_L, Local Cell ID=7, Cell Name=TUN_AMB_AYLLON_APT_7, eNodeB ID=43575, Cell FDD TDD indication=CELL_FDD",Reliable,5514.414,588.188
2026-04-10 06:00,60,"CAR_TUL_NORTE_UL/Cell:eNodeB Function Name=CAR_TUL_NORTE_L, Local Cell ID=9, Cell Name=CAR_TUL_NORTE_APT_9, eNodeB ID=43530, Cell FDD TDD indication=CELL_FDD",Reliable,1354.695,69.424
2026-04-10 06:00,60,"CAR_TUL_NORTE_UL/Cell:eNodeB Function Name=CAR_TUL_NORTE_L, Local Cell ID=8, Cell Name=CAR_TUL_NORTE_APT_8, eNodeB ID=43530, Cell FDD TDD indication=CELL_FDD",Reliable,1557.648,110.862
2026-04-10 06:00,60,"CAR_TUL_NORTE_UL/Cell:eNodeB Function Name=CAR_TUL_NORTE_L, Local Cell ID=7, Cell Name=CAR_TUL_NORTE_APT_7, eNodeB ID=43530, Cell FDD TDD indication=CELL_FDD",Reliable,616.367,46.778
2026-04-10 06:00,60,"TUN_PIL_COLEGIO_JORGE_ALVAREZ_UL/Cell:eNodeB Function Name=TUN_PIL_COLEGIO_JORGE_ALVAREZ_L, Local Cell ID=9, Cell Name=TUN_PIL_COLEGIO_JORGE_ALVAREZ_APT_9, eNodeB ID=43611, Cell FDD TDD indication=CELL_FDD",Reliable,968.936,66.599
2026-04-10 06:00,60,"TUN_PIL_COLEGIO_JORGE_ALVAREZ_UL/Cell:eNodeB Function Name=TUN_PIL_COLEGIO_JORGE_ALVAREZ_L, Local Cell ID=8, Cell Name=TUN_PIL_COLEGIO_JORGE_ALVAREZ_APT_8, eNodeB ID=43611, Cell FDD TDD indication=CELL_FDD",Reliable,4765.97,496.622
2026-04-10 06:00,60,"TUN_PIL_COLEGIO_JORGE_ALVAREZ_UL/Cell:eNodeB Function Name=TUN_PIL_COLEGIO_JORGE_ALVAREZ_L, Local Cell ID=7, Cell Name=TUN_PIL_COLEGIO_JORGE_ALVAREZ_APT_7, eNodeB ID=43611, Cell FDD TDD indication=CELL_FDD",Reliable,1024.8,142.178
2026-04-10 06:00,60,"TUN_AMB_JUAN_LEON_MERA_UL/Cell:eNodeB Function Name=TUN_AMB_JUAN_LEON_MERA_L, Local Cell ID=9, Cell Name=TUN_AMB_JUAN_LEON_MERA_APT_9, eNodeB ID=43593, Cell FDD TDD indication=CELL_FDD",Reliable,149.132,17.204
2026-04-10 06:00,60,"TUN_AMB_JUAN_LEON_MERA_UL/Cell:eNodeB Function Name=TUN_AMB_JUAN_LEON_MERA_L, Local Cell ID=8, Cell Name=TUN_AMB_JUAN_LEON_MERA_APT_8, eNodeB ID=43593, Cell FDD TDD indication=CELL_FDD",Reliable,1430.637,117.84
2026-04-10 06:00,60,"TUN_AMB_JUAN_LEON_MERA_UL/Cell:eNodeB Function Name=TUN_AMB_JUAN_LEON_MERA_L, Local Cell ID=7, Cell Name=TUN_AMB_JUAN_LEON_MERA_APT_7, eNodeB ID=43593, Cell FDD TDD indication=CELL_FDD",Reliable,715.535,135.982
2026-04-10 06:00,60,"PIC_UIO_LLANO_CHICO_UL/Cell:eNodeB Function Name=PIC_UIO_LLANO_CHICO_L, Local Cell ID=7, Cell Name=PIC_UIO_LLANO_CHICO_L7_7, eNodeB ID=44149, Cell FDD TDD indication=CELL_FDD",Reliable,999.26,207.212
2026-04-10 06:00,60,"PIC_UIO_LLANO_CHICO_UL/Cell:eNodeB Function Name=PIC_UIO_LLANO_CHICO_L, Local Cell ID=8, Cell Name=PIC_UIO_LLANO_CHICO_L7_8, eNodeB ID=44149, Cell FDD TDD indication=CELL_FDD",Reliable,2787.752,253.785
2026-04-10 06:00,60,"PIC_UIO_LLANO_CHICO_UL/Cell:eNodeB Function Name=PIC_UIO_LLANO_CHICO_L, Local Cell ID=9, Cell Name=PIC_UIO_LLANO_CHICO_L7_9, eNodeB ID=44149, Cell FDD TDD indication=CELL_FDD",Reliable,1837.486,254.663
2026-04-10 06:00,60,"L_GUA11069_BELLAVISTA_NORTE/Cell:eNodeB Function Name=L_GUA11069_BELLAVISTA_NORTE, Local Cell ID=9, Cell Name=L_GUA11069_BELLAVISTA_NORTE_9, eNodeB ID=11069, Cell FDD TDD indication=CELL_FDD",Reliable,140.315,13.599
2026-04-10 06:00,60,"L_GUA11069_BELLAVISTA_NORTE/Cell:eNodeB Function Name=L_GUA11069_BELLAVISTA_NORTE, Local Cell ID=8, Cell Name=L_GUA11069_BELLAVISTA_NORTE_8, eNodeB ID=11069, Cell FDD TDD indication=CELL_FDD",Reliable,73.379,12.091
2026-04-10 06:00,60,"L_GUA11069_BELLAVISTA_NORTE/Cell:eNodeB Function Name=L_GUA11069_BELLAVISTA_NORTE, Local Cell ID=7, Cell Name=L_GUA11069_BELLAVISTA_NORTE_7, eNodeB ID=11069, Cell FDD TDD indication=CELL_FDD",Reliable,5419.072,520.911
2026-04-10 06:00,60,"L_GUA11069_BELLAVISTA_NORTE/Cell:eNodeB Function Name=L_GUA11069_BELLAVISTA_NORTE, Local Cell ID=3, Cell Name=L_GUA11069_BELLAVISTA_NORTE_3, eNodeB ID=11069, Cell FDD TDD indication=CELL_FDD",Reliable,246.398,24.749
2026-04-10 06:00,60,"L_GUA11069_BELLAVISTA_NORTE/Cell:eNodeB Function Name=L_GUA11069_BELLAVISTA_NORTE, Local Cell ID=2, Cell Name=L_GUA11069_BELLAVISTA_NORTE_2, eNodeB ID=11069, Cell FDD TDD indication=CELL_FDD",Reliable,267.073,20.911
2026-04-10 06:00,60,"L_GUA11069_BELLAVISTA_NORTE/Cell:eNodeB Function Name=L_GUA11069_BELLAVISTA_NORTE, Local Cell ID=1, Cell Name=L_GUA11069_BELLAVISTA_NORTE_1, eNodeB ID=11069, Cell FDD TDD indication=CELL_FDD",Reliable,222.19,24.535
2026-04-10 06:00,60,"L_GUA11098_SALADO_OESTE/Cell:eNodeB Function Name=L_GUA11098_SALADO_OESTE, Local Cell ID=9, Cell Name=L_GUA11098_SALADO_OESTE_9, eNodeB ID=11098, Cell FDD TDD indication=CELL_FDD",Reliable,16.504,3.397
2026-04-10 06:00,60,"L_GUA11098_SALADO_OESTE/Cell:eNodeB Function Name=L_GUA11098_SALADO_OESTE, Local Cell ID=8, Cell Name=L_GUA11098_SALADO_OESTE_8, eNodeB ID=11098, Cell FDD TDD indication=CELL_FDD",Reliable,14.013,2.52
2026-04-10 06:00,60,"L_GUA11098_SALADO_OESTE/Cell:eNodeB Function Name=L_GUA11098_SALADO_OESTE, Local Cell ID=7, Cell Name=L_GUA11098_SALADO_OESTE_7, eNodeB ID=11098, Cell FDD TDD indication=CELL_FDD",Reliable,11.124,3.199
2026-04-10 06:00,60,"L_GUA11098_SALADO_OESTE/Cell:eNodeB Function Name=L_GUA11098_SALADO_OESTE, Local Cell ID=3, Cell Name=L_GUA11098_SALADO_OESTE_3, eNodeB ID=11098, Cell FDD TDD indication=CELL_FDD",Reliable,612.103,52.674
2026-04-10 06:00,60,"L_GUA11098_SALADO_OESTE/Cell:eNodeB Function Name=L_GUA11098_SALADO_OESTE, Local Cell ID=2, Cell Name=L_GUA11098_SALADO_OESTE_2, eNodeB ID=11098, Cell FDD TDD indication=CELL_FDD",Reliable,295.627,17.86
2026-04-10 06:00,60,"L_GUA11098_SALADO_OESTE/Cell:eNodeB Function Name=L_GUA11098_SALADO_OESTE, Local Cell ID=1, Cell Name=L_GUA11098_SALADO_OESTE_1, eNodeB ID=11098, Cell FDD TDD indication=CELL_FDD",Reliable,273.795,31.558
2026-04-10 06:00,60,"L_GUA11136_CISNE_NORTE/Cell:eNodeB Function Name=L_GUA11136_CISNE_NORTE, Local Cell ID=9, Cell Name=L_GUA11136_CISNE_NORTE_9, eNodeB ID=11136, Cell FDD TDD indication=CELL_FDD",Reliable,40.34,3.399
2026-04-10 06:00,60,"L_GUA11136_CISNE_NORTE/Cell:eNodeB Function Name=L_GUA11136_CISNE_NORTE, Local Cell ID=8, Cell Name=L_GUA11136_CISNE_NORTE_8, eNodeB ID=11136, Cell FDD TDD indication=CELL_FDD",Reliable,23.369,8.052
2026-04-10 06:00,60,"L_GUA11136_CISNE_NORTE/Cell:eNodeB Function Name=L_GUA11136_CISNE_NORTE, Local Cell ID=7, Cell Name=L_GUA11136_CISNE_NORTE_7, eNodeB ID=11136, Cell FDD TDD indication=CELL_FDD",Reliable,59.201,2.395
2026-04-10 06:00,60,"L_GUA11136_CISNE_NORTE/Cell:eNodeB Function Name=L_GUA11136_CISNE_NORTE, Local Cell ID=3, Cell Name=L_GUA11136_CISNE_NORTE_3, eNodeB ID=11136, Cell FDD TDD indication=CELL_FDD",Reliable,2056.9,315.715
2026-04-10 06:00,60,"L_GUA11136_CISNE_NORTE/Cell:eNodeB Function Name=L_GUA11136_CISNE_NORTE, Local Cell ID=2, Cell Name=L_GUA11136_CISNE_NORTE_2, eNodeB ID=11136, Cell FDD TDD indication=CELL_FDD",Reliable,656.355,146.221
2026-04-10 06:00,60,"L_GUA11136_CISNE_NORTE/Cell:eNodeB Function Name=L_GUA11136_CISNE_NORTE, Local Cell ID=1, Cell Name=L_GUA11136_CISNE_NORTE_1, eNodeB ID=11136, Cell FDD TDD indication=CELL_FDD",Reliable,131.747,19.502
2026-04-10 06:00,60,"PIC_UIO_MARIANO_POZO_UL/Cell:eNodeB Function Name=PIC_UIO_MARIANO_POZO_L, Local Cell ID=7, Cell Name=PIC_UIO_MARIANO_POZO_APT_7, eNodeB ID=43550, Cell FDD TDD indication=CELL_FDD",Reliable,2946.059,301.595
2026-04-10 06:00,60,"PIC_UIO_MARIANO_POZO_UL/Cell:eNodeB Function Name=PIC_UIO_MARIANO_POZO_L, Local Cell ID=8, Cell Name=PIC_UIO_MARIANO_POZO_APT_8, eNodeB ID=43550, Cell FDD TDD indication=CELL_FDD",Reliable,256.606,43.585
2026-04-10 06:00,60,"PIC_UIO_MARIANO_POZO_UL/Cell:eNodeB Function Name=PIC_UIO_MARIANO_POZO_L, Local Cell ID=9, Cell Name=PIC_UIO_MARIANO_POZO_APT_9, eNodeB ID=43550, Cell FDD TDD indication=CELL_FDD",Reliable,2633.97,247.045
2026-04-10 06:00,60,"PIC_UIO_UYUMBICHO_UL/Cell:eNodeB Function Name=PIC_UIO_UYUMBICHO_L, Local Cell ID=7, Cell Name=PIC_UIO_UYUMBICHO_L7_7, eNodeB ID=44278, Cell FDD TDD indication=CELL_FDD",Reliable,1839.973,148.807
2026-04-10 06:00,60,"PIC_UIO_UYUMBICHO_UL/Cell:eNodeB Function Name=PIC_UIO_UYUMBICHO_L, Local Cell ID=8, Cell Name=PIC_UIO_UYUMBICHO_L7_8, eNodeB ID=44278, Cell FDD TDD indication=CELL_FDD",Reliable,890.218,171.626
2026-04-10 06:00,60,"PIC_UIO_UYUMBICHO_UL/Cell:eNodeB Function Name=PIC_UIO_UYUMBICHO_L, Local Cell ID=9, Cell Name=PIC_UIO_UYUMBICHO_L7_9, eNodeB ID=44278, Cell FDD TDD indication=CELL_FDD",Reliable,337.699,273.696
2026-04-10 06:00,60,"PIC_MEJ_MACHACHI_UL/Cell:eNodeB Function Name=PIC_MEJ_MACHACHI_L, Local Cell ID=7, Cell Name=PIC_MEJ_MACHACHI_L7_7, eNodeB ID=44402, Cell FDD TDD indication=CELL_FDD",Reliable,4375.362,463.434
2026-04-10 06:00,60,"PIC_MEJ_MACHACHI_UL/Cell:eNodeB Function Name=PIC_MEJ_MACHACHI_L, Local Cell ID=8, Cell Name=PIC_MEJ_MACHACHI_L7_8, eNodeB ID=44402, Cell FDD TDD indication=CELL_FDD",Reliable,3932.727,365.398
2026-04-10 06:00,60,"PIC_MEJ_MACHACHI_UL/Cell:eNodeB Function Name=PIC_MEJ_MACHACHI_L, Local Cell ID=9, Cell Name=PIC_MEJ_MACHACHI_L7_9, eNodeB ID=44402, Cell FDD TDD indication=CELL_FDD",Reliable,1725.252,170.297
2026-04-10 06:00,60,"IMB_COT_COTACACHI(3G)_UL/Cell:eNodeB Function Name=IMB_COT_COTACACHI_L, Local Cell ID=7, Cell Name=IMB_COT_COTACACHI_APT_7, eNodeB ID=44735, Cell FDD TDD indication=CELL_FDD",Reliable,2948.528,246.98
2026-04-10 06:00,60,"IMB_COT_COTACACHI(3G)_UL/Cell:eNodeB Function Name=IMB_COT_COTACACHI_L, Local Cell ID=8, Cell Name=IMB_COT_COTACACHI_APT_8, eNodeB ID=44735, Cell FDD TDD indication=CELL_FDD",Reliable,3196.397,305.928
2026-04-10 06:00,60,"IMB_COT_COTACACHI(3G)_UL/Cell:eNodeB Function Name=IMB_COT_COTACACHI_L, Local Cell ID=9, Cell Name=IMB_COT_COTACACHI_APT_9, eNodeB ID=44735, Cell FDD TDD indication=CELL_FDD",Reliable,2402.678,772.502
2026-04-10 06:00,60,"PIC_UIO_AMAGUANA_UL/Cell:eNodeB Function Name=PIC_UIO_AMAGUANA_L, Local Cell ID=7, Cell Name=PIC_UIO_AMAGUANA_L7_7, eNodeB ID=44055, Cell FDD TDD indication=CELL_FDD",Reliable,2505.304,275.011
2026-04-10 06:00,60,"PIC_UIO_AMAGUANA_UL/Cell:eNodeB Function Name=PIC_UIO_AMAGUANA_L, Local Cell ID=8, Cell Name=PIC_UIO_AMAGUANA_L7_8, eNodeB ID=44055, Cell FDD TDD indication=CELL_FDD",Reliable,782.706,162.351
2026-04-10 06:00,60,"PIC_UIO_AMAGUANA_UL/Cell:eNodeB Function Name=PIC_UIO_AMAGUANA_L, Local Cell ID=9, Cell Name=PIC_UIO_AMAGUANA_L7_9, eNodeB ID=44055, Cell FDD TDD indication=CELL_FDD",Reliable,1591.265,1415.294
2026-04-10 06:00,60,"PIC_UIO_GUAMANI_UL/Cell:eNodeB Function Name=PIC_UIO_GUAMANI_L, Local Cell ID=7, Cell Name=PIC_UIO_GUAMANI_L7_7, eNodeB ID=44004, Cell FDD TDD indication=CELL_FDD",Reliable,802.873,146.473
2026-04-10 06:00,60,"PIC_UIO_GUAMANI_UL/Cell:eNodeB Function Name=PIC_UIO_GUAMANI_L, Local Cell ID=8, Cell Name=PIC_UIO_GUAMANI_L7_8, eNodeB ID=44004, Cell FDD TDD indication=CELL_FDD",Reliable,1416.771,220.85
2026-04-10 06:00,60,"PIC_UIO_GUAMANI_UL/Cell:eNodeB Function Name=PIC_UIO_GUAMANI_L, Local Cell ID=9, Cell Name=PIC_UIO_GUAMANI_L7_9, eNodeB ID=44004, Cell FDD TDD indication=CELL_FDD",Reliable,1482.676,266.553
2026-04-10 06:00,60,"STD_STD_PUERTO_LIMON_UL/Cell:eNodeB Function Name=STD_STD_PUERTO_LIMON_L, Local Cell ID=7, Cell Name=STD_STD_PUERTO_LIMON_APT_7, eNodeB ID=44787, Cell FDD TDD indication=CELL_FDD",Reliable,107.614,100.88
2026-04-10 06:00,60,"STD_STD_PUERTO_LIMON_UL/Cell:eNodeB Function Name=STD_STD_PUERTO_LIMON_L, Local Cell ID=8, Cell Name=STD_STD_PUERTO_LIMON_APT_8, eNodeB ID=44787, Cell FDD TDD indication=CELL_FDD",Reliable,375.145,37.431
2026-04-10 06:00,60,"STD_STD_PUERTO_LIMON_UL/Cell:eNodeB Function Name=STD_STD_PUERTO_LIMON_L, Local Cell ID=9, Cell Name=STD_STD_PUERTO_LIMON_APT_9, eNodeB ID=44787, Cell FDD TDD indication=CELL_FDD",Reliable,1081.166,55.793
2026-04-10 06:00,60,"STD_CON_LA_CONCORDIA_UL/Cell:eNodeB Function Name=STD_CON_LA_CONCORDIA_L, Local Cell ID=7, Cell Name=STD_CON_LA_CONCORDIA_APT_7, eNodeB ID=44792, Cell FDD TDD indication=CELL_FDD",Reliable,596.028,49.671
2026-04-10 06:00,60,"STD_CON_LA_CONCORDIA_UL/Cell:eNodeB Function Name=STD_CON_LA_CONCORDIA_L, Local Cell ID=8, Cell Name=STD_CON_LA_CONCORDIA_APT_8, eNodeB ID=44792, Cell FDD TDD indication=CELL_FDD",Reliable,666.281,225.765
2026-04-10 06:00,60,"STD_CON_LA_CONCORDIA_UL/Cell:eNodeB Function Name=STD_CON_LA_CONCORDIA_L, Local Cell ID=9, Cell Name=STD_CON_LA_CONCORDIA_APT_9, eNodeB ID=44792, Cell FDD TDD indication=CELL_FDD",Reliable,950.442,92.762
2026-04-10 06:00,60,"STD_STD_SD_BOMBOLI_UL/Cell:eNodeB Function Name=STD_STD_SD_BOMBOLI_L, Local Cell ID=7, Cell Name=STD_STD_SD_BOMBOLI_APT_7, eNodeB ID=44762, Cell FDD TDD indication=CELL_FDD",Reliable,1490.978,364.19
2026-04-10 06:00,60,"STD_STD_SD_BOMBOLI_UL/Cell:eNodeB Function Name=STD_STD_SD_BOMBOLI_L, Local Cell ID=8, Cell Name=STD_STD_SD_BOMBOLI_APT_8, eNodeB ID=44762, Cell FDD TDD indication=CELL_FDD",Reliable,1218.913,207.323
2026-04-10 06:00,60,"STD_STD_SD_BOMBOLI_UL/Cell:eNodeB Function Name=STD_STD_SD_BOMBOLI_L, Local Cell ID=9, Cell Name=STD_STD_SD_BOMBOLI_APT_9, eNodeB ID=44762, Cell FDD TDD indication=CELL_FDD",Reliable,1244.646,307.839
2026-04-10 06:00,60,"PIC_CAY_CAYAMBE_CNT_UL/Cell:eNodeB Function Name=PIC_CAY_CAYAMBE_CNT_L, Local Cell ID=7, Cell Name=PIC_CAY_CAYAMBE_CNT_APT_7, eNodeB ID=44410, Cell FDD TDD indication=CELL_FDD",Reliable,1157.789,117.109
2026-04-10 06:00,60,"PIC_CAY_CAYAMBE_CNT_UL/Cell:eNodeB Function Name=PIC_CAY_CAYAMBE_CNT_L, Local Cell ID=8, Cell Name=PIC_CAY_CAYAMBE_CNT_APT_8, eNodeB ID=44410, Cell FDD TDD indication=CELL_FDD",Reliable,1014.973,98.985
2026-04-10 06:00,60,"PIC_CAY_CAYAMBE_CNT_UL/Cell:eNodeB Function Name=PIC_CAY_CAYAMBE_CNT_L, Local Cell ID=9, Cell Name=PIC_CAY_CAYAMBE_CNT_APT_9, eNodeB ID=44410, Cell FDD TDD indication=CELL_FDD",Reliable,2080.158,187.488
2026-04-10 06:00,60,"IMB_GON_CAJAS_UL/Cell:eNodeB Function Name=IMB_GON_CAJAS_L, Local Cell ID=7, Cell Name=IMB_GON_CAJAS_APT_7, eNodeB ID=44752, Cell FDD TDD indication=CELL_FDD",Reliable,1986.955,228.545
2026-04-10 06:00,60,"IMB_GON_CAJAS_UL/Cell:eNodeB Function Name=IMB_GON_CAJAS_L, Local Cell ID=8, Cell Name=IMB_GON_CAJAS_APT_8, eNodeB ID=44752, Cell FDD TDD indication=CELL_FDD",Reliable,3201.281,412.594
2026-04-10 06:00,60,"IMB_GON_CAJAS_UL/Cell:eNodeB Function Name=IMB_GON_CAJAS_L, Local Cell ID=9, Cell Name=IMB_GON_CAJAS_APT_9, eNodeB ID=44752, Cell FDD TDD indication=CELL_FDD",Reliable,4341.569,414.592
2026-04-10 06:00,60,"ORE_COC_PAYAMINO_UL/Cell:eNodeB Function Name=ORE_COC_PAYAMINO_L, Local Cell ID=9, Cell Name=ORE_COC_PAYAMINO_APT_9, eNodeB ID=43645, Cell FDD TDD indication=CELL_FDD",Reliable,1425.954,167.121
2026-04-10 06:00,60,"ORE_COC_PAYAMINO_UL/Cell:eNodeB Function Name=ORE_COC_PAYAMINO_L, Local Cell ID=8, Cell Name=ORE_COC_PAYAMINO_APT_8, eNodeB ID=43645, Cell FDD TDD indication=CELL_FDD",Reliable,766.374,58.336
2026-04-10 06:00,60,"ORE_COC_PAYAMINO_UL/Cell:eNodeB Function Name=ORE_COC_PAYAMINO_L, Local Cell ID=7, Cell Name=ORE_COC_PAYAMINO_APT_7, eNodeB ID=43645, Cell FDD TDD indication=CELL_FDD",Reliable,1339.57,124.996
2026-04-10 06:00,60,"PAS_PUY_U_ESTATAL_AMAZONICA_UL/Cell:eNodeB Function Name=PAS_PUY_U_ESTATAL_AMAZONICA_L, Local Cell ID=9, Cell Name=PAS_PUY_U_ESTATAL_AMAZONICA_APT_9, eNodeB ID=43647, Cell FDD TDD indication=CELL_FDD",Reliable,529.43,41.253
2026-04-10 06:00,60,"PAS_PUY_U_ESTATAL_AMAZONICA_UL/Cell:eNodeB Function Name=PAS_PUY_U_ESTATAL_AMAZONICA_L, Local Cell ID=8, Cell Name=PAS_PUY_U_ESTATAL_AMAZONICA_APT_8, eNodeB ID=43647, Cell FDD TDD indication=CELL_FDD",Reliable,732.472,81.291
2026-04-10 06:00,60,"PAS_PUY_U_ESTATAL_AMAZONICA_UL/Cell:eNodeB Function Name=PAS_PUY_U_ESTATAL_AMAZONICA_L, Local Cell ID=7, Cell Name=PAS_PUY_U_ESTATAL_AMAZONICA_APT_7, eNodeB ID=43647, Cell FDD TDD indication=CELL_FDD",Reliable,1471.672,108.535
2026-04-10 06:00,60,"PAS_PUY_MARIN_UL/Cell:eNodeB Function Name=PAS_PUY_MARIN_L, Local Cell ID=9, Cell Name=PAS_PUY_MARIN_APT_9, eNodeB ID=43612, Cell FDD TDD indication=CELL_FDD",Reliable,3794.638,761.549
2026-04-10 06:00,60,"PAS_PUY_MARIN_UL/Cell:eNodeB Function Name=PAS_PUY_MARIN_L, Local Cell ID=8, Cell Name=PAS_PUY_MARIN_APT_8, eNodeB ID=43612, Cell FDD TDD indication=CELL_FDD",Reliable,2765.7,328.755
2026-04-10 06:00,60,"PAS_PUY_MARIN_UL/Cell:eNodeB Function Name=PAS_PUY_MARIN_L, Local Cell ID=7, Cell Name=PAS_PUY_MARIN_APT_7, eNodeB ID=43612, Cell FDD TDD indication=CELL_FDD",Reliable,1616.121,544.198
2026-04-10 06:00,60,"IMB_IBA_LA_FLORIDA_UL/Cell:eNodeB Function Name=IMB_IBA_LA_FLORIDA_L, Local Cell ID=9, Cell Name=IMB_IBA_LA_FLORIDA_APT_9, eNodeB ID=43589, Cell FDD TDD indication=CELL_FDD",Reliable,1648.151,103.987
2026-04-10 06:00,60,"IMB_IBA_LA_FLORIDA_UL/Cell:eNodeB Function Name=IMB_IBA_LA_FLORIDA_L, Local Cell ID=8, Cell Name=IMB_IBA_LA_FLORIDA_APT_8, eNodeB ID=43589, Cell FDD TDD indication=CELL_FDD",Reliable,1339.742,101.893
2026-04-10 06:00,60,"IMB_IBA_LA_FLORIDA_UL/Cell:eNodeB Function Name=IMB_IBA_LA_FLORIDA_L, Local Cell ID=7, Cell Name=IMB_IBA_LA_FLORIDA_APT_7, eNodeB ID=43589, Cell FDD TDD indication=CELL_FDD",Reliable,1837.515,580.788
2026-04-10 06:00,60,"ORE_COC_TERMINAL_TERRESTRE_UL/Cell:eNodeB Function Name=ORE_COC_TERMINAL_TERRESTRE_L, Local Cell ID=9, Cell Name=ORE_COC_TERMINAL_TERRESTRE_APT_9, eNodeB ID=43643, Cell FDD TDD indication=CELL_FDD",Reliable,5308.244,1118.7
2026-04-10 06:00,60,"ORE_COC_TERMINAL_TERRESTRE_UL/Cell:eNodeB Function Name=ORE_COC_TERMINAL_TERRESTRE_L, Local Cell ID=8, Cell Name=ORE_COC_TERMINAL_TERRESTRE_APT_8, eNodeB ID=43643, Cell FDD TDD indication=CELL_FDD",Reliable,880.454,62.865
2026-04-10 06:00,60,"ORE_COC_TERMINAL_TERRESTRE_UL/Cell:eNodeB Function Name=ORE_COC_TERMINAL_TERRESTRE_L, Local Cell ID=7, Cell Name=ORE_COC_TERMINAL_TERRESTRE_APT_7, eNodeB ID=43643, Cell FDD TDD indication=CELL_FDD",Reliable,3076.052,314.689
2026-04-10 06:00,60,"PIC_UIO_CICLISTA_UL/Cell:eNodeB Function Name=PIC_UIO_CICLISTA_L, Local Cell ID=9, Cell Name=PIC_UIO_CICLISTA_L7_9, eNodeB ID=43526, Cell FDD TDD indication=CELL_FDD",Reliable,1515.643,116.949
2026-04-10 06:00,60,"PIC_UIO_CICLISTA_UL/Cell:eNodeB Function Name=PIC_UIO_CICLISTA_L, Local Cell ID=8, Cell Name=PIC_UIO_CICLISTA_L7_8, eNodeB ID=43526, Cell FDD TDD indication=CELL_FDD",Reliable,70.943,6.383
2026-04-10 06:00,60,"PIC_UIO_CICLISTA_UL/Cell:eNodeB Function Name=PIC_UIO_CICLISTA_L, Local Cell ID=7, Cell Name=PIC_UIO_CICLISTA_L7_7, eNodeB ID=43526, Cell FDD TDD indication=CELL_FDD",Reliable,689.856,54.121
2026-04-10 06:00,60,"PIC_UIO_FERNANDO_AYARZA_UL/Cell:eNodeB Function Name=PIC_UIO_FERNANDO_AYARZA_L, Local Cell ID=9, Cell Name=PIC_UIO_FERNANDO_AYARZA_APT_9, eNodeB ID=43602, Cell FDD TDD indication=CELL_FDD",Reliable,943.981,116.902
2026-04-10 06:00,60,"PIC_UIO_FERNANDO_AYARZA_UL/Cell:eNodeB Function Name=PIC_UIO_FERNANDO_AYARZA_L, Local Cell ID=8, Cell Name=PIC_UIO_FERNANDO_AYARZA_APT_8, eNodeB ID=43602, Cell FDD TDD indication=CELL_FDD",Reliable,889.048,158.155
2026-04-10 06:00,60,"PIC_UIO_FERNANDO_AYARZA_UL/Cell:eNodeB Function Name=PIC_UIO_FERNANDO_AYARZA_L, Local Cell ID=7, Cell Name=PIC_UIO_FERNANDO_AYARZA_APT_7, eNodeB ID=43602, Cell FDD TDD indication=CELL_FDD",Reliable,580.05,82.032
2026-04-10 06:00,60,"PIC_UIO_LA_PULIDA_UL/Cell:eNodeB Function Name=PIC_UIO_LA_PULIDA_L, Local Cell ID=9, Cell Name=PIC_UIO_LA_PULIDA_APT_9, eNodeB ID=43664, Cell FDD TDD indication=CELL_FDD",Reliable,736.078,91.918
2026-04-10 06:00,60,"PIC_UIO_LA_PULIDA_UL/Cell:eNodeB Function Name=PIC_UIO_LA_PULIDA_L, Local Cell ID=8, Cell Name=PIC_UIO_LA_PULIDA_APT_8, eNodeB ID=43664, Cell FDD TDD indication=CELL_FDD",Reliable,142.337,198.155
2026-04-10 06:00,60,"PIC_UIO_LA_PULIDA_UL/Cell:eNodeB Function Name=PIC_UIO_LA_PULIDA_L, Local Cell ID=7, Cell Name=PIC_UIO_LA_PULIDA_APT_7, eNodeB ID=43664, Cell FDD TDD indication=CELL_FDD",Reliable,1663.736,133.663
2026-04-10 06:00,60,"STD_STD_SAN_GABRIEL_UL/Cell:eNodeB Function Name=STD_STD_SAN_GABRIEL_L, Local Cell ID=9, Cell Name=STD_STD_SAN_GABRIEL_APT_9, eNodeB ID=43638, Cell FDD TDD indication=CELL_FDD",Reliable,708.104,106.928
2026-04-10 06:00,60,"STD_STD_SAN_GABRIEL_UL/Cell:eNodeB Function Name=STD_STD_SAN_GABRIEL_L, Local Cell ID=8, Cell Name=STD_STD_SAN_GABRIEL_APT_8, eNodeB ID=43638, Cell FDD TDD indication=CELL_FDD",Reliable,381.349,47.98
2026-04-10 06:00,60,"STD_STD_SAN_GABRIEL_UL/Cell:eNodeB Function Name=STD_STD_SAN_GABRIEL_L, Local Cell ID=7, Cell Name=STD_STD_SAN_GABRIEL_APT_7, eNodeB ID=43638, Cell FDD TDD indication=CELL_FDD",Reliable,449.294,51.375
2026-04-10 06:00,60,"SUC_LAG_001_UL (LAGO SIMON BOLIVAR)/Cell:eNodeB Function Name=SUC_LAG_LAGO_SIMON_BOLIVAR_L, Local Cell ID=9, Cell Name=SUC_LAG_LAGO_SIMON_BOLIVAR_APT_9, eNodeB ID=43639, Cell FDD TDD indication=CELL_FDD",Reliable,2379.742,258.671
2026-04-10 06:00,60,"SUC_LAG_001_UL (LAGO SIMON BOLIVAR)/Cell:eNodeB Function Name=SUC_LAG_LAGO_SIMON_BOLIVAR_L, Local Cell ID=8, Cell Name=SUC_LAG_LAGO_SIMON_BOLIVAR_APT_8, eNodeB ID=43639, Cell FDD TDD indication=CELL_FDD",Reliable,4787.007,540.898
2026-04-10 06:00,60,"SUC_LAG_001_UL (LAGO SIMON BOLIVAR)/Cell:eNodeB Function Name=SUC_LAG_LAGO_SIMON_BOLIVAR_L, Local Cell ID=7, Cell Name=SUC_LAG_LAGO_SIMON_BOLIVAR_APT_7, eNodeB ID=43639, Cell FDD TDD indication=CELL_FDD",Reliable,2477.906,188.367
2026-04-10 06:00,60,"SUC_LAG_003_UL (LAGO PETRO)/Cell:eNodeB Function Name=SUC_LAG_LAGO_PETRO_L, Local Cell ID=9, Cell Name=SUC_LAG_LAGO_PETRO_APT_9, eNodeB ID=43641, Cell FDD TDD indication=CELL_FDD",Reliable,2458.026,293.449
2026-04-10 06:00,60,"SUC_LAG_003_UL (LAGO PETRO)/Cell:eNodeB Function Name=SUC_LAG_LAGO_PETRO_L, Local Cell ID=8, Cell Name=SUC_LAG_LAGO_PETRO_APT_8, eNodeB ID=43641, Cell FDD TDD indication=CELL_FDD",Reliable,1662.743,226.4
2026-04-10 06:00,60,"SUC_LAG_003_UL (LAGO PETRO)/Cell:eNodeB Function Name=SUC_LAG_LAGO_PETRO_L, Local Cell ID=7, Cell Name=SUC_LAG_LAGO_PETRO_APT_7, eNodeB ID=43641, Cell FDD TDD indication=CELL_FDD",Reliable,2561.593,168.118
2026-04-10 06:00,60,"TUN_AMB_MINARICA_UL/Cell:eNodeB Function Name=TUN_AMB_MINARICA_L, Local Cell ID=9, Cell Name=TUN_AMB_MINARICA_APT_9, eNodeB ID=43572, Cell FDD TDD indication=CELL_FDD",Reliable,1336.775,93.72
2026-04-10 06:00,60,"TUN_AMB_MINARICA_UL/Cell:eNodeB Function Name=TUN_AMB_MINARICA_L, Local Cell ID=8, Cell Name=TUN_AMB_MINARICA_APT_8, eNodeB ID=43572, Cell FDD TDD indication=CELL_FDD",Reliable,2924.999,455.47
2026-04-10 06:00,60,"TUN_AMB_MINARICA_UL/Cell:eNodeB Function Name=TUN_AMB_MINARICA_L, Local Cell ID=7, Cell Name=TUN_AMB_MINARICA_APT_7, eNodeB ID=43572, Cell FDD TDD indication=CELL_FDD",Reliable,2086.335,161.683
2026-04-10 06:00,60,"TUN_AMB_SAN_ANTONIO_UL/Cell:eNodeB Function Name=TUN_AMB_SAN_ANTONIO_L, Local Cell ID=9, Cell Name=TUN_AMB_SAN_ANTONIO_APT_9, eNodeB ID=43571, Cell FDD TDD indication=CELL_FDD",Reliable,813.614,117.126
2026-04-10 06:00,60,"TUN_AMB_SAN_ANTONIO_UL/Cell:eNodeB Function Name=TUN_AMB_SAN_ANTONIO_L, Local Cell ID=8, Cell Name=TUN_AMB_SAN_ANTONIO_APT_8, eNodeB ID=43571, Cell FDD TDD indication=CELL_FDD",Reliable,577.813,81.079
2026-04-10 06:00,60,"TUN_AMB_SAN_ANTONIO_UL/Cell:eNodeB Function Name=TUN_AMB_SAN_ANTONIO_L, Local Cell ID=7, Cell Name=TUN_AMB_SAN_ANTONIO_APT_7, eNodeB ID=43571, Cell FDD TDD indication=CELL_FDD",Reliable,1417.943,264.627
2026-04-10 06:00,60,"TUN_AMB_HUACHI_GRANDE_UL/Cell:eNodeB Function Name=TUN_AMB_HUACHI_GRANDE_L, Local Cell ID=7, Cell Name=TUN_AMB_HUACHI_GRANDE_APT_7, eNodeB ID=44509, Cell FDD TDD indication=CELL_FDD",Reliable,3079.564,348.995
2026-04-10 06:00,60,"TUN_AMB_HUACHI_GRANDE_UL/Cell:eNodeB Function Name=TUN_AMB_HUACHI_GRANDE_L, Local Cell ID=8, Cell Name=TUN_AMB_HUACHI_GRANDE_APT_8, eNodeB ID=44509, Cell FDD TDD indication=CELL_FDD",Reliable,2523.771,232.999
2026-04-10 06:00,60,"TUN_AMB_HUACHI_GRANDE_UL/Cell:eNodeB Function Name=TUN_AMB_HUACHI_GRANDE_L, Local Cell ID=9, Cell Name=TUN_AMB_HUACHI_GRANDE_APT_9, eNodeB ID=44509, Cell FDD TDD indication=CELL_FDD",Reliable,2914.795,238.269
2026-04-10 06:00,60,"IMB_IBA_EL_RETORNO_UL/Cell:eNodeB Function Name=IMB_IBA_EL_RETORNO_L, Local Cell ID=7, Cell Name=IMB_IBA_EL_RETORNO_APT_7, eNodeB ID=44753, Cell FDD TDD indication=CELL_FDD",Reliable,1751.875,102.006
2026-04-10 06:00,60,"IMB_IBA_EL_RETORNO_UL/Cell:eNodeB Function Name=IMB_IBA_EL_RETORNO_L, Local Cell ID=8, Cell Name=IMB_IBA_EL_RETORNO_APT_8, eNodeB ID=44753, Cell FDD TDD indication=CELL_FDD",Reliable,1053.352,80.14
2026-04-10 06:00,60,"IMB_IBA_EL_RETORNO_UL/Cell:eNodeB Function Name=IMB_IBA_EL_RETORNO_L, Local Cell ID=9, Cell Name=IMB_IBA_EL_RETORNO_APT_9, eNodeB ID=44753, Cell FDD TDD indication=CELL_FDD",Reliable,1649.816,145.592
2026-04-10 06:00,60,"IMB_IBA_UTN_UL/Cell:eNodeB Function Name=IMB_IBA_UTN_L, Local Cell ID=7, Cell Name=IMB_IBA_UTN_APT_7, eNodeB ID=44754, Cell FDD TDD indication=CELL_FDD",Reliable,2418.404,176.02
2026-04-10 06:00,60,"IMB_IBA_UTN_UL/Cell:eNodeB Function Name=IMB_IBA_UTN_L, Local Cell ID=8, Cell Name=IMB_IBA_UTN_APT_8, eNodeB ID=44754, Cell FDD TDD indication=CELL_FDD",Reliable,1963.836,147.695
2026-04-10 06:00,60,"IMB_IBA_UTN_UL/Cell:eNodeB Function Name=IMB_IBA_UTN_L, Local Cell ID=9, Cell Name=IMB_IBA_UTN_APT_9, eNodeB ID=44754, Cell FDD TDD indication=CELL_FDD",Reliable,1680.426,120.81
2026-04-10 06:00,60,"IMB_CHA_CHALTURA_UL/Cell:eNodeB Function Name=IMB_CHA_CHALTURA_L, Local Cell ID=7, Cell Name=IMB_CHA_CHALTURA_APT_7, eNodeB ID=44732, Cell FDD TDD indication=CELL_FDD",Reliable,1474.9,133.707
2026-04-10 06:00,60,"IMB_CHA_CHALTURA_UL/Cell:eNodeB Function Name=IMB_CHA_CHALTURA_L, Local Cell ID=8, Cell Name=IMB_CHA_CHALTURA_APT_8, eNodeB ID=44732, Cell FDD TDD indication=CELL_FDD",Reliable,2495.573,221.896
2026-04-10 06:00,60,"IMB_CHA_CHALTURA_UL/Cell:eNodeB Function Name=IMB_CHA_CHALTURA_L, Local Cell ID=9, Cell Name=IMB_CHA_CHALTURA_APT_9, eNodeB ID=44732, Cell FDD TDD indication=CELL_FDD",Reliable,1569.867,115.514
2026-04-10 06:00,60,"IMB_ROQ_SAN_ROQUE_UL/Cell:eNodeB Function Name=IMB_ROQ_SAN_ROQUE_L, Local Cell ID=7, Cell Name=IMB_ROQ_SAN_ROQUE_APT_7, eNodeB ID=44734, Cell FDD TDD indication=CELL_FDD",Reliable,2269.631,309.312
2026-04-10 06:00,60,"IMB_ROQ_SAN_ROQUE_UL/Cell:eNodeB Function Name=IMB_ROQ_SAN_ROQUE_L, Local Cell ID=8, Cell Name=IMB_ROQ_SAN_ROQUE_APT_8, eNodeB ID=44734, Cell FDD TDD indication=CELL_FDD",Reliable,1090.719,90.528
2026-04-10 06:00,60,"IMB_ROQ_SAN_ROQUE_UL/Cell:eNodeB Function Name=IMB_ROQ_SAN_ROQUE_L, Local Cell ID=9, Cell Name=IMB_ROQ_SAN_ROQUE_APT_9, eNodeB ID=44734, Cell FDD TDD indication=CELL_FDD",Reliable,2268.868,149.778
2026-04-10 06:00,60,"ORE_COC_COCA_SRI_UL/Cell:eNodeB Function Name=ORE_COC_COCA_SRI_L, Local Cell ID=7, Cell Name=ORE_COC_COCA_SRI_APT_7, eNodeB ID=44862, Cell FDD TDD indication=CELL_FDD",Reliable,3205.303,250.834
2026-04-10 06:00,60,"ORE_COC_COCA_SRI_UL/Cell:eNodeB Function Name=ORE_COC_COCA_SRI_L, Local Cell ID=8, Cell Name=ORE_COC_COCA_SRI_APT_8, eNodeB ID=44862, Cell FDD TDD indication=CELL_FDD",Reliable,2904.183,309.898
2026-04-10 06:00,60,"ORE_COC_COCA_SRI_UL/Cell:eNodeB Function Name=ORE_COC_COCA_SRI_L, Local Cell ID=9, Cell Name=ORE_COC_COCA_SRI_APT_9, eNodeB ID=44862, Cell FDD TDD indication=CELL_FDD",Reliable,4115.827,232.715
2026-04-10 06:00,60,"ORE_JOY_JOYA_DE_LOS_SACHAS_UL/Cell:eNodeB Function Name=ORE_JOY_JOYA_DE_LOS_SACHAS_L, Local Cell ID=7, Cell Name=ORE_JOY_JOYA_DE_LOS_SACHAS_L7_7, eNodeB ID=44863, Cell FDD TDD indication=CELL_FDD",Reliable,2769.093,277.818
2026-04-10 06:00,60,"ORE_JOY_JOYA_DE_LOS_SACHAS_UL/Cell:eNodeB Function Name=ORE_JOY_JOYA_DE_LOS_SACHAS_L, Local Cell ID=8, Cell Name=ORE_JOY_JOYA_DE_LOS_SACHAS_L7_8, eNodeB ID=44863, Cell FDD TDD indication=CELL_FDD",Reliable,2096.15,177.102
2026-04-10 06:00,60,"ORE_JOY_JOYA_DE_LOS_SACHAS_UL/Cell:eNodeB Function Name=ORE_JOY_JOYA_DE_LOS_SACHAS_L, Local Cell ID=9, Cell Name=ORE_JOY_JOYA_DE_LOS_SACHAS_L7_9, eNodeB ID=44863, Cell FDD TDD indication=CELL_FDD",Reliable,4175.36,723.264
2026-04-10 06:00,60,"ORE_JOY_JOYA_DE_LOS_SACHAS_UL/Cell:eNodeB Function Name=ORE_JOY_JOYA_DE_LOS_SACHAS_L, Local Cell ID=1, Cell Name=ORE_JOY_JOYA_DE_LOS_SACHAS_L21_1, eNodeB ID=44863, Cell FDD TDD indication=CELL_FDD",Reliable,5940.676,625.209
2026-04-10 06:00,60,"ORE_JOY_JOYA_DE_LOS_SACHAS_UL/Cell:eNodeB Function Name=ORE_JOY_JOYA_DE_LOS_SACHAS_L, Local Cell ID=2, Cell Name=ORE_JOY_JOYA_DE_LOS_SACHAS_L21_2, eNodeB ID=44863, Cell FDD TDD indication=CELL_FDD",Reliable,3825.584,281.067
2026-04-10 06:00,60,"ORE_JOY_JOYA_DE_LOS_SACHAS_UL/Cell:eNodeB Function Name=ORE_JOY_JOYA_DE_LOS_SACHAS_L, Local Cell ID=3, Cell Name=ORE_JOY_JOYA_DE_LOS_SACHAS_L21_3, eNodeB ID=44863, Cell FDD TDD indication=CELL_FDD",Reliable,3574.244,370.597
2026-04-10 06:00,60,"ORE_COC_COCA_CNT_UL/Cell:eNodeB Function Name=ORE_COC_COCA_CNT_L, Local Cell ID=7, Cell Name=ORE_COC_COCA_CNT_L7_7, eNodeB ID=44860, Cell FDD TDD indication=CELL_FDD",Reliable,3225.866,267.059
2026-04-10 06:00,60,"ORE_COC_COCA_CNT_UL/Cell:eNodeB Function Name=ORE_COC_COCA_CNT_L, Local Cell ID=8, Cell Name=ORE_COC_COCA_CNT_L7_8, eNodeB ID=44860, Cell FDD TDD indication=CELL_FDD",Reliable,5481.374,331.186
2026-04-10 06:00,60,"ORE_COC_COCA_CNT_UL/Cell:eNodeB Function Name=ORE_COC_COCA_CNT_L, Local Cell ID=9, Cell Name=ORE_COC_COCA_CNT_L7_9, eNodeB ID=44860, Cell FDD TDD indication=CELL_FDD",Reliable,2105.992,168.752
2026-04-10 06:00,60,"ORE_COC_COCA_CNT_UL/Cell:eNodeB Function Name=ORE_COC_COCA_CNT_L, Local Cell ID=3, Cell Name=ORE_COC_COCA_CNT_L21_3, eNodeB ID=44860, Cell FDD TDD indication=CELL_FDD",Reliable,7850.521,911.02
2026-04-10 06:00,60,"ORE_COC_COCA_CNT_UL/Cell:eNodeB Function Name=ORE_COC_COCA_CNT_L, Local Cell ID=2, Cell Name=ORE_COC_COCA_CNT_L21_2, eNodeB ID=44860, Cell FDD TDD indication=CELL_FDD",Reliable,2294.546,222.958
2026-04-10 06:00,60,"ORE_COC_COCA_CNT_UL/Cell:eNodeB Function Name=ORE_COC_COCA_CNT_L, Local Cell ID=1, Cell Name=ORE_COC_COCA_CNT_L21_1, eNodeB ID=44860, Cell FDD TDD indication=CELL_FDD",Reliable,1057.906,81.695
2026-04-10 06:00,60,"IMB_IBA_DIEZ_DE_AGOSTO_UL/Cell:eNodeB Function Name=IMB_IBA_DIEZ_DE_AGOSTO_L, Local Cell ID=7, Cell Name=IMB_IBA_DIEZ_DE_AGOSTO_APT_7, eNodeB ID=44728, Cell FDD TDD indication=CELL_FDD",Reliable,1637.239,341.052
2026-04-10 06:00,60,"IMB_IBA_DIEZ_DE_AGOSTO_UL/Cell:eNodeB Function Name=IMB_IBA_DIEZ_DE_AGOSTO_L, Local Cell ID=8, Cell Name=IMB_IBA_DIEZ_DE_AGOSTO_APT_8, eNodeB ID=44728, Cell FDD TDD indication=CELL_FDD",Reliable,842.418,73.554
2026-04-10 06:00,60,"IMB_IBA_DIEZ_DE_AGOSTO_UL/Cell:eNodeB Function Name=IMB_IBA_DIEZ_DE_AGOSTO_L, Local Cell ID=9, Cell Name=IMB_IBA_DIEZ_DE_AGOSTO_APT_9, eNodeB ID=44728, Cell FDD TDD indication=CELL_FDD",Reliable,960.898,99.829
2026-04-10 06:00,60,"IMB_OTA_JACINTO_COLLAHUAZO_UL/Cell:eNodeB Function Name=IMB_OTA_JACINTO_COLLAHUAZO_L, Local Cell ID=7, Cell Name=IMB_OTA_JACINTO_COLLAHUAZO_APT_7, eNodeB ID=44726, Cell FDD TDD indication=CELL_FDD",Reliable,1756.937,116.298
2026-04-10 06:00,60,"IMB_OTA_JACINTO_COLLAHUAZO_UL/Cell:eNodeB Function Name=IMB_OTA_JACINTO_COLLAHUAZO_L, Local Cell ID=8, Cell Name=IMB_OTA_JACINTO_COLLAHUAZO_APT_8, eNodeB ID=44726, Cell FDD TDD indication=CELL_FDD",Reliable,2712.601,492.078
2026-04-10 06:00,60,"IMB_OTA_JACINTO_COLLAHUAZO_UL/Cell:eNodeB Function Name=IMB_OTA_JACINTO_COLLAHUAZO_L, Local Cell ID=9, Cell Name=IMB_OTA_JACINTO_COLLAHUAZO_APT_9, eNodeB ID=44726, Cell FDD TDD indication=CELL_FDD",Reliable,1211.01,111.407
2026-04-10 06:00,60,"PIC_CHI_SAN_PEDRO_DE_TABOADA_UL/Cell:eNodeB Function Name=PIC_CHI_SAN_PEDRO_DE_TABOADA_L, Local Cell ID=7, Cell Name=PIC_CHI_SAN_PEDRO_DE_TABOADA_L7_7, eNodeB ID=44236, Cell FDD TDD indication=CELL_FDD",Reliable,1827.858,164.439
2026-04-10 06:00,60,"PIC_CHI_SAN_PEDRO_DE_TABOADA_UL/Cell:eNodeB Function Name=PIC_CHI_SAN_PEDRO_DE_TABOADA_L, Local Cell ID=8, Cell Name=PIC_CHI_SAN_PEDRO_DE_TABOADA_L7_8, eNodeB ID=44236, Cell FDD TDD indication=CELL_FDD",Reliable,1661.205,146.594
2026-04-10 06:00,60,"PIC_CHI_SAN_PEDRO_DE_TABOADA_UL/Cell:eNodeB Function Name=PIC_CHI_SAN_PEDRO_DE_TABOADA_L, Local Cell ID=9, Cell Name=PIC_CHI_SAN_PEDRO_DE_TABOADA_L7_9, eNodeB ID=44236, Cell FDD TDD indication=CELL_FDD",Reliable,3558.261,1216.473
2026-04-10 06:00,60,"COT_LAT_BRIGADA_PATRIA_UL/Cell:eNodeB Function Name=COT_LAT_BRIGADA_PATRIA_L, Local Cell ID=7, Cell Name=COT_LAT_BRIGADA_PATRIA_L7_7, eNodeB ID=44678, Cell FDD TDD indication=CELL_FDD",Reliable,1737.564,276.456
2026-04-10 06:00,60,"COT_LAT_BRIGADA_PATRIA_UL/Cell:eNodeB Function Name=COT_LAT_BRIGADA_PATRIA_L, Local Cell ID=9, Cell Name=COT_LAT_BRIGADA_PATRIA_L7_9, eNodeB ID=44678, Cell FDD TDD indication=CELL_FDD",Reliable,441.461,56.141
2026-04-10 06:00,60,"COT_LAT_BRIGADA_PATRIA_UL/Cell:eNodeB Function Name=COT_LAT_BRIGADA_PATRIA_L, Local Cell ID=1, Cell Name=COT_LAT_BRIGADA_PATRIA_L21_1, eNodeB ID=44678, Cell FDD TDD indication=CELL_FDD",Reliable,1483.533,129.508
2026-04-10 06:00,60,"COT_LAT_BRIGADA_PATRIA_UL/Cell:eNodeB Function Name=COT_LAT_BRIGADA_PATRIA_L, Local Cell ID=2, Cell Name=COT_LAT_BRIGADA_PATRIA_L21_2, eNodeB ID=44678, Cell FDD TDD indication=CELL_FDD",Reliable,658.828,65.887
2026-04-10 06:00,60,"COT_LAT_BRIGADA_PATRIA_UL/Cell:eNodeB Function Name=COT_LAT_BRIGADA_PATRIA_L, Local Cell ID=3, Cell Name=COT_LAT_BRIGADA_PATRIA_L21_3, eNodeB ID=44678, Cell FDD TDD indication=CELL_FDD",Reliable,5537.485,848.24
2026-04-10 06:00,60,"COT_SAL_SALCEDO_NORTE_UL/Cell:eNodeB Function Name=COT_SAL_SALCEDO_NORTE_L, Local Cell ID=7, Cell Name=COT_SAL_SALCEDO_NORTE_L7_7, eNodeB ID=44667, Cell FDD TDD indication=CELL_FDD",Reliable,887.513,129.112
2026-04-10 06:00,60,"COT_SAL_SALCEDO_NORTE_UL/Cell:eNodeB Function Name=COT_SAL_SALCEDO_NORTE_L, Local Cell ID=8, Cell Name=COT_SAL_SALCEDO_NORTE_L7_8, eNodeB ID=44667, Cell FDD TDD indication=CELL_FDD",Reliable,2162.744,178.659
2026-04-10 06:00,60,"COT_SAL_SALCEDO_NORTE_UL/Cell:eNodeB Function Name=COT_SAL_SALCEDO_NORTE_L, Local Cell ID=9, Cell Name=COT_SAL_SALCEDO_NORTE_L7_9, eNodeB ID=44667, Cell FDD TDD indication=CELL_FDD",Reliable,2081.849,222.139
2026-04-10 06:00,60,"COT_SAL_SALCEDO_NORTE_UL/Cell:eNodeB Function Name=COT_SAL_SALCEDO_NORTE_L, Local Cell ID=3, Cell Name=COT_LAT_SALCEDO_NORTE_L21_3, eNodeB ID=44667, Cell FDD TDD indication=CELL_FDD",Reliable,2813.6,214.095
2026-04-10 06:00,60,"COT_SAL_SALCEDO_NORTE_UL/Cell:eNodeB Function Name=COT_SAL_SALCEDO_NORTE_L, Local Cell ID=2, Cell Name=COT_LAT_SALCEDO_NORTE_L21_2, eNodeB ID=44667, Cell FDD TDD indication=CELL_FDD",Reliable,2410.783,232.064
2026-04-10 06:00,60,"COT_SAL_SALCEDO_NORTE_UL/Cell:eNodeB Function Name=COT_SAL_SALCEDO_NORTE_L, Local Cell ID=1, Cell Name=COT_LAT_SALCEDO_NORTE_L21_1, eNodeB ID=44667, Cell FDD TDD indication=CELL_FDD",Reliable,990.034,133.656
2026-04-10 06:00,60,"COT_LAT_LATACUNGA_UL/Cell:eNodeB Function Name=COT_LAT_LATACUNGA_L, Local Cell ID=7, Cell Name=COT_LAT_LATACUNGA_L7_7, eNodeB ID=44691, Cell FDD TDD indication=CELL_FDD",Reliable,109.227,63.912
2026-04-10 06:00,60,"COT_LAT_LATACUNGA_UL/Cell:eNodeB Function Name=COT_LAT_LATACUNGA_L, Local Cell ID=8, Cell Name=COT_LAT_LATACUNGA_L7_8, eNodeB ID=44691, Cell FDD TDD indication=CELL_FDD",Reliable,513.134,190.873
2026-04-10 06:00,60,"COT_LAT_LATACUNGA_UL/Cell:eNodeB Function Name=COT_LAT_LATACUNGA_L, Local Cell ID=9, Cell Name=COT_LAT_LATACUNGA_L7_9, eNodeB ID=44691, Cell FDD TDD indication=CELL_FDD",Reliable,151.764,18.665
2026-04-10 06:00,60,"COT_LAT_LATACUNGA_UL/Cell:eNodeB Function Name=COT_LAT_LATACUNGA_L, Local Cell ID=1, Cell Name=COT_LAT_LATACUNGA_L21_1, eNodeB ID=44691, Cell FDD TDD indication=CELL_FDD",Reliable,2281.413,327.458
2026-04-10 06:00,60,"COT_LAT_LATACUNGA_UL/Cell:eNodeB Function Name=COT_LAT_LATACUNGA_L, Local Cell ID=2, Cell Name=COT_LAT_LATACUNGA_L21_2, eNodeB ID=44691, Cell FDD TDD indication=CELL_FDD",Reliable,2122.671,195.717
2026-04-10 06:00,60,"COT_LAT_LATACUNGA_UL/Cell:eNodeB Function Name=COT_LAT_LATACUNGA_L, Local Cell ID=3, Cell Name=COT_LAT_LATACUNGA_L21_3, eNodeB ID=44691, Cell FDD TDD indication=CELL_FDD",Reliable,420.622,36.205
2026-04-10 06:00,60,"TUN_AMB_ATAHUALPA_TRR_UL/Cell:eNodeB Function Name=TUN_AMB_ATAHUALPA_TRR_L, Local Cell ID=7, Cell Name=TUN_AMB_ATAHUALPA_TRR_APT_7, eNodeB ID=43010, Cell FDD TDD indication=CELL_FDD",Reliable,1509.561,268.89
2026-04-10 06:00,60,"TUN_AMB_ATAHUALPA_TRR_UL/Cell:eNodeB Function Name=TUN_AMB_ATAHUALPA_TRR_L, Local Cell ID=8, Cell Name=TUN_AMB_ATAHUALPA_TRR_APT_8, eNodeB ID=43010, Cell FDD TDD indication=CELL_FDD",Reliable,861.763,59.945
2026-04-10 06:00,60,"TUN_AMB_ATAHUALPA_TRR_UL/Cell:eNodeB Function Name=TUN_AMB_ATAHUALPA_TRR_L, Local Cell ID=9, Cell Name=TUN_AMB_ATAHUALPA_TRR_APT_9, eNodeB ID=43010, Cell FDD TDD indication=CELL_FDD",Reliable,1422.534,147.555
2026-04-10 06:00,60,"IMB_IBA_SAN_ANTONIO_UL/Cell:eNodeB Function Name=IMB_IBA_SAN_ANTONIO_L, Local Cell ID=7, Cell Name=IMB_IBA_SAN_ANTONIO_APT_7, eNodeB ID=44723, Cell FDD TDD indication=CELL_FDD",Reliable,1071.345,86.825
2026-04-10 06:00,60,"IMB_IBA_SAN_ANTONIO_UL/Cell:eNodeB Function Name=IMB_IBA_SAN_ANTONIO_L, Local Cell ID=8, Cell Name=IMB_IBA_SAN_ANTONIO_APT_8, eNodeB ID=44723, Cell FDD TDD indication=CELL_FDD",Reliable,2188.378,203.581
2026-04-10 06:00,60,"IMB_IBA_SAN_ANTONIO_UL/Cell:eNodeB Function Name=IMB_IBA_SAN_ANTONIO_L, Local Cell ID=9, Cell Name=IMB_IBA_SAN_ANTONIO_APT_9, eNodeB ID=44723, Cell FDD TDD indication=CELL_FDD",Reliable,1265.555,106.093
2026-04-10 06:00,60,"NAP_TEN_TENA_CNT_UL/Cell:eNodeB Function Name=NAP_TEN_TENA_CNT_L, Local Cell ID=7, Cell Name=NAP_TEN_TENA_CNT_L7_7, eNodeB ID=44881, Cell FDD TDD indication=CELL_FDD",Reliable,510.655,80.793
2026-04-10 06:00,60,"NAP_TEN_TENA_CNT_UL/Cell:eNodeB Function Name=NAP_TEN_TENA_CNT_L, Local Cell ID=8, Cell Name=NAP_TEN_TENA_CNT_L7_8, eNodeB ID=44881, Cell FDD TDD indication=CELL_FDD",Reliable,2258.008,236.89
2026-04-10 06:00,60,"NAP_TEN_TENA_CNT_UL/Cell:eNodeB Function Name=NAP_TEN_TENA_CNT_L, Local Cell ID=9, Cell Name=NAP_TEN_TENA_CNT_L7_9, eNodeB ID=44881, Cell FDD TDD indication=CELL_FDD",Reliable,2502.98,237.828
2026-04-10 06:00,60,"NAP_TEN_TENA_CNT_UL/Cell:eNodeB Function Name=NAP_TEN_TENA_CNT_L, Local Cell ID=2, Cell Name=NAP_TEN_TENA_CNT_L21_2, eNodeB ID=44881, Cell FDD TDD indication=CELL_FDD",Reliable,1693.71,211.354
2026-04-10 06:00,60,"NAP_TEN_TENA_CNT_UL/Cell:eNodeB Function Name=NAP_TEN_TENA_CNT_L, Local Cell ID=1, Cell Name=NAP_TEN_TENA_CNT_L21_1, eNodeB ID=44881, Cell FDD TDD indication=CELL_FDD",Reliable,5581.176,338.384
2026-04-10 06:00,60,"NAP_TEN_TENA_CNT_UL/Cell:eNodeB Function Name=NAP_TEN_TENA_CNT_L, Local Cell ID=3, Cell Name=NAP_TEN_TENA_CNT_L21_3, eNodeB ID=44881, Cell FDD TDD indication=CELL_FDD",Reliable,822.075,74.555
2026-04-10 06:00,60,"IMB_IBA_IBARRA_AZAYA_UL/Cell:eNodeB Function Name=IMB_IBA_IBARRA_AZAYA_L, Local Cell ID=7, Cell Name=IMB_IBA_IBARRA_AZAYA_APT_7, eNodeB ID=44715, Cell FDD TDD indication=CELL_FDD",Reliable,980.578,112.705
2026-04-10 06:00,60,"IMB_IBA_IBARRA_AZAYA_UL/Cell:eNodeB Function Name=IMB_IBA_IBARRA_AZAYA_L, Local Cell ID=8, Cell Name=IMB_IBA_IBARRA_AZAYA_APT_8, eNodeB ID=44715, Cell FDD TDD indication=CELL_FDD",Reliable,2530.634,202.214
2026-04-10 06:00,60,"IMB_IBA_IBARRA_AZAYA_UL/Cell:eNodeB Function Name=IMB_IBA_IBARRA_AZAYA_L, Local Cell ID=9, Cell Name=IMB_IBA_IBARRA_AZAYA_APT_9, eNodeB ID=44715, Cell FDD TDD indication=CELL_FDD",Reliable,1203.889,102.746
2026-04-10 06:00,60,"SUC_LAG_LAGO_AGUARICO_UL/Cell:eNodeB Function Name=SUC_LAG_LAGO_AGUARICO_L, Local Cell ID=7, Cell Name=SUC_LAG_LAGO_AGUARICO_APT_7, eNodeB ID=44817, Cell FDD TDD indication=CELL_FDD",Reliable,866.921,80.76
2026-04-10 06:00,60,"SUC_LAG_LAGO_AGUARICO_UL/Cell:eNodeB Function Name=SUC_LAG_LAGO_AGUARICO_L, Local Cell ID=8, Cell Name=SUC_LAG_LAGO_AGUARICO_APT_8, eNodeB ID=44817, Cell FDD TDD indication=CELL_FDD",Reliable,266.935,22.793
2026-04-10 06:00,60,"SUC_LAG_LAGO_AGUARICO_UL/Cell:eNodeB Function Name=SUC_LAG_LAGO_AGUARICO_L, Local Cell ID=9, Cell Name=SUC_LAG_LAGO_AGUARICO_APT_9, eNodeB ID=44817, Cell FDD TDD indication=CELL_FDD",Reliable,925.616,112.27
2026-04-10 06:00,60,"SUC_LAG_LAGO_AEROPUERTO_UL/Cell:eNodeB Function Name=SUC_LAG_LAGO_AEROPUERTO_L, Local Cell ID=7, Cell Name=SUC_LAG_LAGO_AEROPUERTO_APT_7, eNodeB ID=44814, Cell FDD TDD indication=CELL_FDD",Reliable,6848.421,572.084
2026-04-10 06:00,60,"SUC_LAG_LAGO_AEROPUERTO_UL/Cell:eNodeB Function Name=SUC_LAG_LAGO_AEROPUERTO_L, Local Cell ID=8, Cell Name=SUC_LAG_LAGO_AEROPUERTO_APT_8, eNodeB ID=44814, Cell FDD TDD indication=CELL_FDD",Reliable,4304.157,410.511
2026-04-10 06:00,60,"SUC_LAG_LAGO_AEROPUERTO_UL/Cell:eNodeB Function Name=SUC_LAG_LAGO_AEROPUERTO_L, Local Cell ID=9, Cell Name=SUC_LAG_LAGO_AEROPUERTO_APT_9, eNodeB ID=44814, Cell FDD TDD indication=CELL_FDD",Reliable,3416.555,282.863
2026-04-10 06:00,60,"STD_STD_SD_VIA_QUITO_UL/Cell:eNodeB Function Name=STD_STD_SD_VIA_QUITO_L, Local Cell ID=7, Cell Name=STD_STD_SD_VIA_QUITO_APT_7, eNodeB ID=44778, Cell FDD TDD indication=CELL_FDD",Reliable,629.221,56.087
2026-04-10 06:00,60,"STD_STD_SD_VIA_QUITO_UL/Cell:eNodeB Function Name=STD_STD_SD_VIA_QUITO_L, Local Cell ID=8, Cell Name=STD_STD_SD_VIA_QUITO_APT_8, eNodeB ID=44778, Cell FDD TDD indication=CELL_FDD",Reliable,187.103,19.441
2026-04-10 06:00,60,"STD_STD_SD_VIA_QUITO_UL/Cell:eNodeB Function Name=STD_STD_SD_VIA_QUITO_L, Local Cell ID=9, Cell Name=STD_STD_SD_VIA_QUITO_APT_9, eNodeB ID=44778, Cell FDD TDD indication=CELL_FDD",Reliable,471.299,63.656
2026-04-10 06:00,60,"STD_STD_SD_LA_MERCED_UL/Cell:eNodeB Function Name=STD_STD_SD_LA_MERCED_L, Local Cell ID=7, Cell Name=STD_STD_SD_LA_MERCED_APT_7, eNodeB ID=44772, Cell FDD TDD indication=CELL_FDD",Reliable,552.88,30.395
2026-04-10 06:00,60,"STD_STD_SD_LA_MERCED_UL/Cell:eNodeB Function Name=STD_STD_SD_LA_MERCED_L, Local Cell ID=8, Cell Name=STD_STD_SD_LA_MERCED_APT_8, eNodeB ID=44772, Cell FDD TDD indication=CELL_FDD",Reliable,49.133,8.465
2026-04-10 06:00,60,"STD_STD_SD_LA_MERCED_UL/Cell:eNodeB Function Name=STD_STD_SD_LA_MERCED_L, Local Cell ID=9, Cell Name=STD_STD_SD_LA_MERCED_APT_9, eNodeB ID=44772, Cell FDD TDD indication=CELL_FDD",Reliable,594.819,171.48
2026-04-10 06:00,60,"IMB_ATU_ATUNTAQUI_UL/Cell:eNodeB Function Name=IMB_ATU_ATUNTAQUI_L, Local Cell ID=7, Cell Name=IMB_ATU_ATUNTAQUI_APT_7, eNodeB ID=44724, Cell FDD TDD indication=CELL_FDD",Reliable,3724.685,264.422
2026-04-10 06:00,60,"IMB_ATU_ATUNTAQUI_UL/Cell:eNodeB Function Name=IMB_ATU_ATUNTAQUI_L, Local Cell ID=8, Cell Name=IMB_ATU_ATUNTAQUI_APT_8, eNodeB ID=44724, Cell FDD TDD indication=CELL_FDD",Reliable,2305.878,236.381
2026-04-10 06:00,60,"IMB_ATU_ATUNTAQUI_UL/Cell:eNodeB Function Name=IMB_ATU_ATUNTAQUI_L, Local Cell ID=9, Cell Name=IMB_ATU_ATUNTAQUI_APT_9, eNodeB ID=44724, Cell FDD TDD indication=CELL_FDD",Reliable,1878.563,142.199
2026-04-10 06:00,60,"STD_STD_LUZ_DE_AMERICA_UL/Cell:eNodeB Function Name=STD_STD_LUZ_DE_AMERICA_L, Local Cell ID=7, Cell Name=STD_STD_LUZ_DE_AMERICA_APT_7, eNodeB ID=44766, Cell FDD TDD indication=CELL_FDD",Reliable,599.004,48.37
2026-04-10 06:00,60,"STD_STD_LUZ_DE_AMERICA_UL/Cell:eNodeB Function Name=STD_STD_LUZ_DE_AMERICA_L, Local Cell ID=8, Cell Name=STD_STD_LUZ_DE_AMERICA_APT_8, eNodeB ID=44766, Cell FDD TDD indication=CELL_FDD",Reliable,1068.601,71.313
2026-04-10 06:00,60,"STD_STD_LUZ_DE_AMERICA_UL/Cell:eNodeB Function Name=STD_STD_LUZ_DE_AMERICA_L, Local Cell ID=9, Cell Name=STD_STD_LUZ_DE_AMERICA_APT_9, eNodeB ID=44766, Cell FDD TDD indication=CELL_FDD",Reliable,98.22,15.257
2026-04-10 06:00,60,"ORE_COC_COCA_NORTE_UL/Cell:eNodeB Function Name=ORE_COC_COCA_NORTE_L, Local Cell ID=7, Cell Name=ORE_COC_COCA_NORTE_L7_7, eNodeB ID=44864, Cell FDD TDD indication=CELL_FDD",Reliable,4807.439,455.656
2026-04-10 06:00,60,"ORE_COC_COCA_NORTE_UL/Cell:eNodeB Function Name=ORE_COC_COCA_NORTE_L, Local Cell ID=8, Cell Name=ORE_COC_COCA_NORTE_L7_8, eNodeB ID=44864, Cell FDD TDD indication=CELL_FDD",Reliable,2869.976,314.625
2026-04-10 06:00,60,"ORE_COC_COCA_NORTE_UL/Cell:eNodeB Function Name=ORE_COC_COCA_NORTE_L, Local Cell ID=9, Cell Name=ORE_COC_COCA_NORTE_L7_9, eNodeB ID=44864, Cell FDD TDD indication=CELL_FDD",Reliable,4208.561,491.198
2026-04-10 06:00,60,"ORE_COC_COCA_NORTE_UL/Cell:eNodeB Function Name=ORE_COC_COCA_NORTE_L, Local Cell ID=1, Cell Name=ORE_COC_COCA_NORTE_L21_1, eNodeB ID=44864, Cell FDD TDD indication=CELL_FDD",Reliable,4360.627,382.916
2026-04-10 06:00,60,"ORE_COC_COCA_NORTE_UL/Cell:eNodeB Function Name=ORE_COC_COCA_NORTE_L, Local Cell ID=3, Cell Name=ORE_COC_COCA_NORTE_L21_3, eNodeB ID=44864, Cell FDD TDD indication=CELL_FDD",Reliable,420.186,50.463
2026-04-10 06:00,60,"NAP_TEN_TENA_SUR_UL/Cell:eNodeB Function Name=NAP_TEN_TENA_SUR_L, Local Cell ID=7, Cell Name=NAP_TEN_TENA_SUR_L7_7, eNodeB ID=44889, Cell FDD TDD indication=CELL_FDD",Reliable,1837.558,217.017
2026-04-10 06:00,60,"NAP_TEN_TENA_SUR_UL/Cell:eNodeB Function Name=NAP_TEN_TENA_SUR_L, Local Cell ID=8, Cell Name=NAP_TEN_TENA_SUR_L7_8, eNodeB ID=44889, Cell FDD TDD indication=CELL_FDD",Reliable,2565.89,216.608
2026-04-10 06:00,60,"NAP_TEN_TENA_SUR_UL/Cell:eNodeB Function Name=NAP_TEN_TENA_SUR_L, Local Cell ID=9, Cell Name=NAP_TEN_TENA_SUR_L7_9, eNodeB ID=44889, Cell FDD TDD indication=CELL_FDD",Reliable,2806.626,268.682
2026-04-10 06:00,60,"NAP_TEN_TENA_SUR_UL/Cell:eNodeB Function Name=NAP_TEN_TENA_SUR_L, Local Cell ID=3, Cell Name=NAP_TEN_TENA_SUR_L21_3, eNodeB ID=44889, Cell FDD TDD indication=CELL_FDD",Reliable,7338.874,615.037
2026-04-10 06:00,60,"COT_LAT_LATACUNGA_SUR_UL/Cell:eNodeB Function Name=COT_LAT_LATACUNGA_SUR_L, Local Cell ID=7, Cell Name=COT_LAT_LATACUNGA_SUR_APT_7, eNodeB ID=44665, Cell FDD TDD indication=CELL_FDD",Reliable,1298.829,117.107
2026-04-10 06:00,60,"COT_LAT_LATACUNGA_SUR_UL/Cell:eNodeB Function Name=COT_LAT_LATACUNGA_SUR_L, Local Cell ID=8, Cell Name=COT_LAT_LATACUNGA_SUR_APT_8, eNodeB ID=44665, Cell FDD TDD indication=CELL_FDD",Reliable,3953.914,846.64
2026-04-10 06:00,60,"COT_LAT_LATACUNGA_SUR_UL/Cell:eNodeB Function Name=COT_LAT_LATACUNGA_SUR_L, Local Cell ID=9, Cell Name=COT_LAT_LATACUNGA_SUR_APT_9, eNodeB ID=44665, Cell FDD TDD indication=CELL_FDD",Reliable,4071.125,967.67
2026-04-10 06:00,60,"L_GUA11204_TRES_BOCAS/Cell:eNodeB Function Name=L_GUA11204_TRES_BOCAS, Local Cell ID=3, Cell Name=L_GUA11204_TRES_BOCAS_3, eNodeB ID=11204, Cell FDD TDD indication=CELL_FDD",Reliable,92.327,20.365
2026-04-10 06:00,60,"L_GUA11204_TRES_BOCAS/Cell:eNodeB Function Name=L_GUA11204_TRES_BOCAS, Local Cell ID=2, Cell Name=L_GUA11204_TRES_BOCAS_2, eNodeB ID=11204, Cell FDD TDD indication=CELL_FDD",Reliable,257.891,17.489
2026-04-10 06:00,60,"L_GUA11204_TRES_BOCAS/Cell:eNodeB Function Name=L_GUA11204_TRES_BOCAS, Local Cell ID=1, Cell Name=L_GUA11204_TRES_BOCAS_1, eNodeB ID=11204, Cell FDD TDD indication=CELL_FDD",Reliable,145.557,23.468
2026-04-10 06:00,60,"COT_SAL_SALCEDO_UL/Cell:eNodeB Function Name=COT_SAL_SALCEDO_L, Local Cell ID=7, Cell Name=COT_SAL_SALCEDO_L7_7, eNodeB ID=44662, Cell FDD TDD indication=CELL_FDD",Reliable,2085.451,261.858
2026-04-10 06:00,60,"COT_SAL_SALCEDO_UL/Cell:eNodeB Function Name=COT_SAL_SALCEDO_L, Local Cell ID=8, Cell Name=COT_SAL_SALCEDO_L7_8, eNodeB ID=44662, Cell FDD TDD indication=CELL_FDD",Reliable,2581.061,276.45
2026-04-10 06:00,60,"COT_SAL_SALCEDO_UL/Cell:eNodeB Function Name=COT_SAL_SALCEDO_L, Local Cell ID=9, Cell Name=COT_SAL_SALCEDO_L7_9, eNodeB ID=44662, Cell FDD TDD indication=CELL_FDD",Reliable,2262.012,245.49
2026-04-10 06:00,60,"COT_SAL_SALCEDO_UL/Cell:eNodeB Function Name=COT_SAL_SALCEDO_L, Local Cell ID=3, Cell Name=COT_LAT_SALCEDO_L21_3, eNodeB ID=44662, Cell FDD TDD indication=CELL_FDD",Reliable,1871.522,143.806
2026-04-10 06:00,60,"COT_SAL_SALCEDO_UL/Cell:eNodeB Function Name=COT_SAL_SALCEDO_L, Local Cell ID=2, Cell Name=COT_LAT_SALCEDO_L21_2, eNodeB ID=44662, Cell FDD TDD indication=CELL_FDD",Reliable,81.496,15.361
2026-04-10 06:00,60,"COT_SAL_SALCEDO_UL/Cell:eNodeB Function Name=COT_SAL_SALCEDO_L, Local Cell ID=1, Cell Name=COT_LAT_SALCEDO_L21_1, eNodeB ID=44662, Cell FDD TDD indication=CELL_FDD",Reliable,1540.325,144.49
2026-04-10 06:00,60,"L_GUA11013_PORTETE/Cell:eNodeB Function Name=L_GUA11013_PORTETE, Local Cell ID=9, Cell Name=L_GUA11013_PORTETE_9, eNodeB ID=11013, Cell FDD TDD indication=CELL_FDD",Reliable,14.215,2.255
2026-04-10 06:00,60,"L_GUA11013_PORTETE/Cell:eNodeB Function Name=L_GUA11013_PORTETE, Local Cell ID=8, Cell Name=L_GUA11013_PORTETE_8, eNodeB ID=11013, Cell FDD TDD indication=CELL_FDD",Reliable,29.26,7.029
2026-04-10 06:00,60,"L_GUA11013_PORTETE/Cell:eNodeB Function Name=L_GUA11013_PORTETE, Local Cell ID=7, Cell Name=L_GUA11013_PORTETE_7, eNodeB ID=11013, Cell FDD TDD indication=CELL_FDD",Reliable,4.569,1.404
2026-04-10 06:00,60,"L_GUA11013_PORTETE/Cell:eNodeB Function Name=L_GUA11013_PORTETE, Local Cell ID=3, Cell Name=L_GUA11013_PORTETE_3, eNodeB ID=11013, Cell FDD TDD indication=CELL_FDD",Reliable,622.29,60.445
2026-04-10 06:00,60,"L_GUA11013_PORTETE/Cell:eNodeB Function Name=L_GUA11013_PORTETE, Local Cell ID=2, Cell Name=L_GUA11013_PORTETE_2, eNodeB ID=11013, Cell FDD TDD indication=CELL_FDD",Reliable,350.077,39.983
2026-04-10 06:00,60,"L_GUA11013_PORTETE/Cell:eNodeB Function Name=L_GUA11013_PORTETE, Local Cell ID=1, Cell Name=L_GUA11013_PORTETE_1, eNodeB ID=11013, Cell FDD TDD indication=CELL_FDD",Reliable,612.359,299.424
2026-04-10 06:00,60,"IMB_IBA_QUIROGA_UL/Cell:eNodeB Function Name=IMB_IBA_QUIROGA_L, Local Cell ID=7, Cell Name=IMB_IBA_QUIROGA_APT_7, eNodeB ID=44737, Cell FDD TDD indication=CELL_FDD",Reliable,1853.827,245.152
2026-04-10 06:00,60,"IMB_IBA_QUIROGA_UL/Cell:eNodeB Function Name=IMB_IBA_QUIROGA_L, Local Cell ID=8, Cell Name=IMB_IBA_QUIROGA_APT_8, eNodeB ID=44737, Cell FDD TDD indication=CELL_FDD",Reliable,1320.582,98.449
2026-04-10 06:00,60,"IMB_IBA_QUIROGA_UL/Cell:eNodeB Function Name=IMB_IBA_QUIROGA_L, Local Cell ID=9, Cell Name=IMB_IBA_QUIROGA_APT_9, eNodeB ID=44737, Cell FDD TDD indication=CELL_FDD",Reliable,2060.768,264.609
2026-04-10 06:00,60,"L_GUA11150_LA_FLORESTA_ESTE/Cell:eNodeB Function Name=L_GUA11150_LA_FLORESTA_ESTE, Local Cell ID=9, Cell Name=L_GUA11150_LA_FLORESTA_ESTE_9, eNodeB ID=11150, Cell FDD TDD indication=CELL_FDD",Reliable,283.645,23.573
2026-04-10 06:00,60,"L_GUA11150_LA_FLORESTA_ESTE/Cell:eNodeB Function Name=L_GUA11150_LA_FLORESTA_ESTE, Local Cell ID=8, Cell Name=L_GUA11150_LA_FLORESTA_ESTE_8, eNodeB ID=11150, Cell FDD TDD indication=CELL_FDD",Reliable,758.261,44.699
2026-04-10 06:00,60,"L_GUA11150_LA_FLORESTA_ESTE/Cell:eNodeB Function Name=L_GUA11150_LA_FLORESTA_ESTE, Local Cell ID=7, Cell Name=L_GUA11150_LA_FLORESTA_ESTE_7, eNodeB ID=11150, Cell FDD TDD indication=CELL_FDD",Reliable,118.243,8.492
2026-04-10 06:00,60,"L_GUA11150_LA_FLORESTA_ESTE/Cell:eNodeB Function Name=L_GUA11150_LA_FLORESTA_ESTE, Local Cell ID=3, Cell Name=L_GUA11150_LA_FLORESTA_ESTE_3, eNodeB ID=11150, Cell FDD TDD indication=CELL_FDD",Reliable,877.984,84.859
2026-04-10 06:00,60,"L_GUA11150_LA_FLORESTA_ESTE/Cell:eNodeB Function Name=L_GUA11150_LA_FLORESTA_ESTE, Local Cell ID=2, Cell Name=L_GUA11150_LA_FLORESTA_ESTE_2, eNodeB ID=11150, Cell FDD TDD indication=CELL_FDD",Reliable,1594.696,145.177
2026-04-10 06:00,60,"L_GUA11150_LA_FLORESTA_ESTE/Cell:eNodeB Function Name=L_GUA11150_LA_FLORESTA_ESTE, Local Cell ID=1, Cell Name=L_GUA11150_LA_FLORESTA_ESTE_1, eNodeB ID=11150, Cell FDD TDD indication=CELL_FDD",Reliable,463.466,39.632
2026-04-10 06:00,60,"L_GUA11159_LOS_ALMENDROS/Cell:eNodeB Function Name=L_GUA11159_LOS_ALMENDROS, Local Cell ID=9, Cell Name=L_GUA11159_LOS_ALMENDROS_9, eNodeB ID=11159, Cell FDD TDD indication=CELL_FDD",Reliable,194.618,392.585
2026-04-10 06:00,60,"L_GUA11159_LOS_ALMENDROS/Cell:eNodeB Function Name=L_GUA11159_LOS_ALMENDROS, Local Cell ID=8, Cell Name=L_GUA11159_LOS_ALMENDROS_8, eNodeB ID=11159, Cell FDD TDD indication=CELL_FDD",Reliable,102.908,7.637
2026-04-10 06:00,60,"L_GUA11159_LOS_ALMENDROS/Cell:eNodeB Function Name=L_GUA11159_LOS_ALMENDROS, Local Cell ID=7, Cell Name=L_GUA11159_LOS_ALMENDROS_7, eNodeB ID=11159, Cell FDD TDD indication=CELL_FDD",Reliable,6.594,2.144
2026-04-10 06:00,60,"L_GUA11159_LOS_ALMENDROS/Cell:eNodeB Function Name=L_GUA11159_LOS_ALMENDROS, Local Cell ID=3, Cell Name=L_GUA11159_LOS_ALMENDROS_3, eNodeB ID=11159, Cell FDD TDD indication=CELL_FDD",Reliable,486.892,54.236
2026-04-10 06:00,60,"L_GUA11159_LOS_ALMENDROS/Cell:eNodeB Function Name=L_GUA11159_LOS_ALMENDROS, Local Cell ID=2, Cell Name=L_GUA11159_LOS_ALMENDROS_2, eNodeB ID=11159, Cell FDD TDD indication=CELL_FDD",Reliable,379.49,52.569
2026-04-10 06:00,60,"L_GUA11159_LOS_ALMENDROS/Cell:eNodeB Function Name=L_GUA11159_LOS_ALMENDROS, Local Cell ID=1, Cell Name=L_GUA11159_LOS_ALMENDROS_1, eNodeB ID=11159, Cell FDD TDD indication=CELL_FDD",Reliable,302.442,33.42
2026-04-10 06:00,60,"L_GUA11093_PRADERA_SUR/Cell:eNodeB Function Name=L_GUA11093_PRADERA_SUR, Local Cell ID=9, Cell Name=L_GUA11093_PRADERA_SUR_9, eNodeB ID=11093, Cell FDD TDD indication=CELL_FDD",Reliable,431.175,124.189
2026-04-10 06:00,60,"L_GUA11093_PRADERA_SUR/Cell:eNodeB Function Name=L_GUA11093_PRADERA_SUR, Local Cell ID=8, Cell Name=L_GUA11093_PRADERA_SUR_8, eNodeB ID=11093, Cell FDD TDD indication=CELL_FDD",Reliable,888.491,80.971
2026-04-10 06:00,60,"L_GUA11093_PRADERA_SUR/Cell:eNodeB Function Name=L_GUA11093_PRADERA_SUR, Local Cell ID=7, Cell Name=L_GUA11093_PRADERA_SUR_7, eNodeB ID=11093, Cell FDD TDD indication=CELL_FDD",Reliable,54.351,9.189
2026-04-10 06:00,60,"L_GUA11093_PRADERA_SUR/Cell:eNodeB Function Name=L_GUA11093_PRADERA_SUR, Local Cell ID=3, Cell Name=L_GUA11093_PRADERA_SUR_3, eNodeB ID=11093, Cell FDD TDD indication=CELL_FDD",Reliable,372.005,35.609
2026-04-10 06:00,60,"L_GUA11093_PRADERA_SUR/Cell:eNodeB Function Name=L_GUA11093_PRADERA_SUR, Local Cell ID=2, Cell Name=L_GUA11093_PRADERA_SUR_2, eNodeB ID=11093, Cell FDD TDD indication=CELL_FDD",Reliable,457.074,224.745
2026-04-10 06:00,60,"L_GUA11093_PRADERA_SUR/Cell:eNodeB Function Name=L_GUA11093_PRADERA_SUR, Local Cell ID=1, Cell Name=L_GUA11093_PRADERA_SUR_1, eNodeB ID=11093, Cell FDD TDD indication=CELL_FDD",Reliable,324.327,144.96
2026-04-10 06:00,60,"L_GUA11187_VALDIVIA_GYE/Cell:eNodeB Function Name=L_GUA11187_VALDIVIA_GYE, Local Cell ID=9, Cell Name=L_GUA11187_VALDIVIA_GYE_9, eNodeB ID=11187, Cell FDD TDD indication=CELL_FDD",Reliable,165.55,18.836
2026-04-10 06:00,60,"L_GUA11187_VALDIVIA_GYE/Cell:eNodeB Function Name=L_GUA11187_VALDIVIA_GYE, Local Cell ID=8, Cell Name=L_GUA11187_VALDIVIA_GYE_8, eNodeB ID=11187, Cell FDD TDD indication=CELL_FDD",Reliable,361.527,27.259
2026-04-10 06:00,60,"L_GUA11187_VALDIVIA_GYE/Cell:eNodeB Function Name=L_GUA11187_VALDIVIA_GYE, Local Cell ID=7, Cell Name=L_GUA11187_VALDIVIA_GYE_7, eNodeB ID=11187, Cell FDD TDD indication=CELL_FDD",Reliable,137.597,15.493
2026-04-10 06:00,60,"L_GUA11187_VALDIVIA_GYE/Cell:eNodeB Function Name=L_GUA11187_VALDIVIA_GYE, Local Cell ID=3, Cell Name=L_GUA11187_VALDIVIA_GYE_3, eNodeB ID=11187, Cell FDD TDD indication=CELL_FDD",Reliable,337.067,64.155
2026-04-10 06:00,60,"L_GUA11187_VALDIVIA_GYE/Cell:eNodeB Function Name=L_GUA11187_VALDIVIA_GYE, Local Cell ID=2, Cell Name=L_GUA11187_VALDIVIA_GYE_2, eNodeB ID=11187, Cell FDD TDD indication=CELL_FDD",Reliable,1332.465,111.88
2026-04-10 06:00,60,"L_GUA11187_VALDIVIA_GYE/Cell:eNodeB Function Name=L_GUA11187_VALDIVIA_GYE, Local Cell ID=1, Cell Name=L_GUA11187_VALDIVIA_GYE_1, eNodeB ID=11187, Cell FDD TDD indication=CELL_FDD",Reliable,2366.267,231.508
2026-04-10 06:00,60,"L_GUA11175_PUERTO_MARITIMO_SUR/Cell:eNodeB Function Name=L_GUA11175_PUERTO_MARITIMO_SUR, Local Cell ID=9, Cell Name=L_GUA11175_PUERTO_MARITIMO_SUR_9, eNodeB ID=11175, Cell FDD TDD indication=CELL_FDD",Reliable,0.07,0.04
2026-04-10 06:00,60,"L_GUA11175_PUERTO_MARITIMO_SUR/Cell:eNodeB Function Name=L_GUA11175_PUERTO_MARITIMO_SUR, Local Cell ID=8, Cell Name=L_GUA11175_PUERTO_MARITIMO_SUR_8, eNodeB ID=11175, Cell FDD TDD indication=CELL_FDD",Reliable,23.108,2.447
2026-04-10 06:00,60,"L_GUA11175_PUERTO_MARITIMO_SUR/Cell:eNodeB Function Name=L_GUA11175_PUERTO_MARITIMO_SUR, Local Cell ID=7, Cell Name=L_GUA11175_PUERTO_MARITIMO_SUR_7, eNodeB ID=11175, Cell FDD TDD indication=CELL_FDD",Reliable,17.784,0.84
2026-04-10 06:00,60,"L_GUA11175_PUERTO_MARITIMO_SUR/Cell:eNodeB Function Name=L_GUA11175_PUERTO_MARITIMO_SUR, Local Cell ID=3, Cell Name=L_GUA11175_PUERTO_MARITIMO_SUR_3, eNodeB ID=11175, Cell FDD TDD indication=CELL_FDD",Reliable,186.132,16.496
2026-04-10 06:00,60,"L_GUA11175_PUERTO_MARITIMO_SUR/Cell:eNodeB Function Name=L_GUA11175_PUERTO_MARITIMO_SUR, Local Cell ID=2, Cell Name=L_GUA11175_PUERTO_MARITIMO_SUR_2, eNodeB ID=11175, Cell FDD TDD indication=CELL_FDD",Reliable,1270.506,77.683
2026-04-10 06:00,60,"L_GUA11175_PUERTO_MARITIMO_SUR/Cell:eNodeB Function Name=L_GUA11175_PUERTO_MARITIMO_SUR, Local Cell ID=1, Cell Name=L_GUA11175_PUERTO_MARITIMO_SUR_1, eNodeB ID=11175, Cell FDD TDD indication=CELL_FDD",Reliable,418.411,30.407
2026-04-10 06:00,60,"L_GUA11097_SALADO_GYE/Cell:eNodeB Function Name=L_GUA11097_SALADO_GYE, Local Cell ID=9, Cell Name=L_GUA11097_SALADO_GYE_9, eNodeB ID=11097, Cell FDD TDD indication=CELL_FDD",Reliable,53.606,6.43
2026-04-10 06:00,60,"L_GUA11097_SALADO_GYE/Cell:eNodeB Function Name=L_GUA11097_SALADO_GYE, Local Cell ID=8, Cell Name=L_GUA11097_SALADO_GYE_8, eNodeB ID=11097, Cell FDD TDD indication=CELL_FDD",Reliable,44.19,7.262
2026-04-10 06:00,60,"L_GUA11097_SALADO_GYE/Cell:eNodeB Function Name=L_GUA11097_SALADO_GYE, Local Cell ID=7, Cell Name=L_GUA11097_SALADO_GYE_7, eNodeB ID=11097, Cell FDD TDD indication=CELL_FDD",Reliable,67.585,13.286
2026-04-10 06:00,60,"L_GUA11097_SALADO_GYE/Cell:eNodeB Function Name=L_GUA11097_SALADO_GYE, Local Cell ID=3, Cell Name=L_GUA11097_SALADO_GYE_3, eNodeB ID=11097, Cell FDD TDD indication=CELL_FDD",Reliable,685.762,59.31
2026-04-10 06:00,60,"L_GUA11097_SALADO_GYE/Cell:eNodeB Function Name=L_GUA11097_SALADO_GYE, Local Cell ID=2, Cell Name=L_GUA11097_SALADO_GYE_2, eNodeB ID=11097, Cell FDD TDD indication=CELL_FDD",Reliable,762.662,195.109
2026-04-10 06:00,60,"L_GUA11097_SALADO_GYE/Cell:eNodeB Function Name=L_GUA11097_SALADO_GYE, Local Cell ID=1, Cell Name=L_GUA11097_SALADO_GYE_1, eNodeB ID=11097, Cell FDD TDD indication=CELL_FDD",Reliable,945.416,86.567
2026-04-10 06:00,60,"L_GUA11099_SAN_EDUARDO_2/Cell:eNodeB Function Name=L_GUA11099_SAN_EDUARDO_2, Local Cell ID=9, Cell Name=L_GUA11099_SAN_EDUARDO_2_9, eNodeB ID=11099, Cell FDD TDD indication=CELL_FDD",Reliable,20.688,1.31
2026-04-10 06:00,60,"L_GUA11099_SAN_EDUARDO_2/Cell:eNodeB Function Name=L_GUA11099_SAN_EDUARDO_2, Local Cell ID=8, Cell Name=L_GUA11099_SAN_EDUARDO_2_8, eNodeB ID=11099, Cell FDD TDD indication=CELL_FDD",Reliable,29.165,4.034
2026-04-10 06:00,60,"L_GUA11099_SAN_EDUARDO_2/Cell:eNodeB Function Name=L_GUA11099_SAN_EDUARDO_2, Local Cell ID=7, Cell Name=L_GUA11099_SAN_EDUARDO_2_7, eNodeB ID=11099, Cell FDD TDD indication=CELL_FDD",Reliable,398.694,30.087
2026-04-10 06:00,60,"L_GUA11099_SAN_EDUARDO_2/Cell:eNodeB Function Name=L_GUA11099_SAN_EDUARDO_2, Local Cell ID=3, Cell Name=L_GUA11099_SAN_EDUARDO_2_3, eNodeB ID=11099, Cell FDD TDD indication=CELL_FDD",Reliable,1027.037,79.951
2026-04-10 06:00,60,"L_GUA11099_SAN_EDUARDO_2/Cell:eNodeB Function Name=L_GUA11099_SAN_EDUARDO_2, Local Cell ID=2, Cell Name=L_GUA11099_SAN_EDUARDO_2_2, eNodeB ID=11099, Cell FDD TDD indication=CELL_FDD",Reliable,1061.137,92.094
2026-04-10 06:00,60,"L_GUA11099_SAN_EDUARDO_2/Cell:eNodeB Function Name=L_GUA11099_SAN_EDUARDO_2, Local Cell ID=1, Cell Name=L_GUA11099_SAN_EDUARDO_2_1, eNodeB ID=11099, Cell FDD TDD indication=CELL_FDD",Reliable,2637.149,231.383
2026-04-10 06:00,60,"L_GUA11147_JARDINES_DEL_SALADO/Cell:eNodeB Function Name=L_GUA11147_JARDINES_DEL_SALADO, Local Cell ID=9, Cell Name=L_GUA11147_JARDINES_DEL_SALADO_9, eNodeB ID=11147, Cell FDD TDD indication=CELL_FDD",Reliable,379.513,37.476
2026-04-10 06:00,60,"L_GUA11147_JARDINES_DEL_SALADO/Cell:eNodeB Function Name=L_GUA11147_JARDINES_DEL_SALADO, Local Cell ID=8, Cell Name=L_GUA11147_JARDINES_DEL_SALADO_8, eNodeB ID=11147, Cell FDD TDD indication=CELL_FDD",Reliable,11.573,4.614
2026-04-10 06:00,60,"L_GUA11147_JARDINES_DEL_SALADO/Cell:eNodeB Function Name=L_GUA11147_JARDINES_DEL_SALADO, Local Cell ID=7, Cell Name=L_GUA11147_JARDINES_DEL_SALADO_7, eNodeB ID=11147, Cell FDD TDD indication=CELL_FDD",Reliable,148.997,16.024
2026-04-10 06:00,60,"L_GUA11147_JARDINES_DEL_SALADO/Cell:eNodeB Function Name=L_GUA11147_JARDINES_DEL_SALADO, Local Cell ID=3, Cell Name=L_GUA11147_JARDINES_DEL_SALADO_3, eNodeB ID=11147, Cell FDD TDD indication=CELL_FDD",Reliable,937.42,60.689
2026-04-10 06:00,60,"L_GUA11147_JARDINES_DEL_SALADO/Cell:eNodeB Function Name=L_GUA11147_JARDINES_DEL_SALADO, Local Cell ID=2, Cell Name=L_GUA11147_JARDINES_DEL_SALADO_2, eNodeB ID=11147, Cell FDD TDD indication=CELL_FDD",Reliable,541.82,43.984
2026-04-10 06:00,60,"L_GUA11147_JARDINES_DEL_SALADO/Cell:eNodeB Function Name=L_GUA11147_JARDINES_DEL_SALADO, Local Cell ID=1, Cell Name=L_GUA11147_JARDINES_DEL_SALADO_1, eNodeB ID=11147, Cell FDD TDD indication=CELL_FDD",Reliable,423.645,43.607
2026-04-10 06:00,60,"PIC_OLM_OLMEDO_COUB_UL/Cell:eNodeB Function Name=PIC_OLM_OLMEDO_COUB_L, Local Cell ID=7, Cell Name=PIC_OLM_OLMEDO_COUB_APT_7, eNodeB ID=44413, Cell FDD TDD indication=CELL_FDD",Reliable,674.659,35.255
2026-04-10 06:00,60,"PIC_OLM_OLMEDO_COUB_UL/Cell:eNodeB Function Name=PIC_OLM_OLMEDO_COUB_L, Local Cell ID=8, Cell Name=PIC_OLM_OLMEDO_COUB_APT_8, eNodeB ID=44413, Cell FDD TDD indication=CELL_FDD",Reliable,405.274,27.341
2026-04-10 06:00,60,"PIC_OLM_OLMEDO_COUB_UL/Cell:eNodeB Function Name=PIC_OLM_OLMEDO_COUB_L, Local Cell ID=9, Cell Name=PIC_OLM_OLMEDO_COUB_APT_9, eNodeB ID=44413, Cell FDD TDD indication=CELL_FDD",Reliable,1434.375,78.673
2026-04-10 06:00,60,"ESM_QND_QUININDE_SUR_UL/Cell:eNodeB Function Name=ESM_QND_QUININDE_SUR_L, Local Cell ID=7, Cell Name=ESM_QND_QUININDE_SUR_APT_7, eNodeB ID=44628, Cell FDD TDD indication=CELL_FDD",Reliable,856.382,45.98
2026-04-10 06:00,60,"ESM_QND_QUININDE_SUR_UL/Cell:eNodeB Function Name=ESM_QND_QUININDE_SUR_L, Local Cell ID=8, Cell Name=ESM_QND_QUININDE_SUR_APT_8, eNodeB ID=44628, Cell FDD TDD indication=CELL_FDD",Reliable,793.038,94.082
2026-04-10 06:00,60,"ESM_QND_QUININDE_SUR_UL/Cell:eNodeB Function Name=ESM_QND_QUININDE_SUR_L, Local Cell ID=9, Cell Name=ESM_QND_QUININDE_SUR_APT_9, eNodeB ID=44628, Cell FDD TDD indication=CELL_FDD",Reliable,355.257,33.328
2026-04-10 06:00,60,"ESM_QND_QUININDE_UL/Cell:eNodeB Function Name=ESM_QND_QUININDE_L, Local Cell ID=7, Cell Name=ESM_QND_QUININDE_APT_7, eNodeB ID=44627, Cell FDD TDD indication=CELL_FDD",Reliable,53.373,4.807
2026-04-10 06:00,60,"ESM_QND_QUININDE_UL/Cell:eNodeB Function Name=ESM_QND_QUININDE_L, Local Cell ID=8, Cell Name=ESM_QND_QUININDE_APT_8, eNodeB ID=44627, Cell FDD TDD indication=CELL_FDD",Reliable,402.489,47.859
2026-04-10 06:00,60,"ESM_QND_QUININDE_UL/Cell:eNodeB Function Name=ESM_QND_QUININDE_L, Local Cell ID=9, Cell Name=ESM_QND_QUININDE_APT_9, eNodeB ID=44627, Cell FDD TDD indication=CELL_FDD",Reliable,757.118,102.229
2026-04-10 06:00,60,"L_GUA11078_LA_CHALA/Cell:eNodeB Function Name=L_GUA11078_LA_CHALA, Local Cell ID=9, Cell Name=L_GUA11078_LA_CHALA_9, eNodeB ID=11078, Cell FDD TDD indication=CELL_FDD",Reliable,8.115,1.983
2026-04-10 06:00,60,"L_GUA11078_LA_CHALA/Cell:eNodeB Function Name=L_GUA11078_LA_CHALA, Local Cell ID=8, Cell Name=L_GUA11078_LA_CHALA_8, eNodeB ID=11078, Cell FDD TDD indication=CELL_FDD",Reliable,250.752,24.409
2026-04-10 06:00,60,"L_GUA11078_LA_CHALA/Cell:eNodeB Function Name=L_GUA11078_LA_CHALA, Local Cell ID=7, Cell Name=L_GUA11078_LA_CHALA_7, eNodeB ID=11078, Cell FDD TDD indication=CELL_FDD",Reliable,112.076,8.663
2026-04-10 06:00,60,"L_GUA11078_LA_CHALA/Cell:eNodeB Function Name=L_GUA11078_LA_CHALA, Local Cell ID=3, Cell Name=L_GUA11078_LA_CHALA_3, eNodeB ID=11078, Cell FDD TDD indication=CELL_FDD",Reliable,264.612,16.776
2026-04-10 06:00,60,"L_GUA11078_LA_CHALA/Cell:eNodeB Function Name=L_GUA11078_LA_CHALA, Local Cell ID=2, Cell Name=L_GUA11078_LA_CHALA_2, eNodeB ID=11078, Cell FDD TDD indication=CELL_FDD",Reliable,362.885,56.722
2026-04-10 06:00,60,"L_GUA11078_LA_CHALA/Cell:eNodeB Function Name=L_GUA11078_LA_CHALA, Local Cell ID=1, Cell Name=L_GUA11078_LA_CHALA_1, eNodeB ID=11078, Cell FDD TDD indication=CELL_FDD",Reliable,374.497,50.125
2026-04-10 06:00,60,"COT_SAL_LOCOA_UL/Cell:eNodeB Function Name=COT_SAL_LOCOA_L, Local Cell ID=7, Cell Name=COT_SAL_LOCOA_APT_7, eNodeB ID=43503, Cell FDD TDD indication=CELL_FDD",Reliable,179.893,11.661
2026-04-10 06:00,60,"COT_SAL_LOCOA_UL/Cell:eNodeB Function Name=COT_SAL_LOCOA_L, Local Cell ID=8, Cell Name=COT_SAL_LOCOA_APT_8, eNodeB ID=43503, Cell FDD TDD indication=CELL_FDD",Reliable,1370.996,109.017
2026-04-10 06:00,60,"COT_SAL_LOCOA_UL/Cell:eNodeB Function Name=COT_SAL_LOCOA_L, Local Cell ID=9, Cell Name=COT_SAL_LOCOA_APT_9, eNodeB ID=43503, Cell FDD TDD indication=CELL_FDD",Reliable,1783.403,130.688
2026-04-10 06:00,60,"L_GUA11023_ESCLUSAS/Cell:eNodeB Function Name=L_GUA11023_ESCLUSAS, Local Cell ID=9, Cell Name=L_GUA11023_ESCLUSAS_9, eNodeB ID=11023, Cell FDD TDD indication=CELL_FDD",Reliable,52.591,5.009
2026-04-10 06:00,60,"L_GUA11023_ESCLUSAS/Cell:eNodeB Function Name=L_GUA11023_ESCLUSAS, Local Cell ID=8, Cell Name=L_GUA11023_ESCLUSAS_8, eNodeB ID=11023, Cell FDD TDD indication=CELL_FDD",Reliable,182.153,12.696
2026-04-10 06:00,60,"L_GUA11023_ESCLUSAS/Cell:eNodeB Function Name=L_GUA11023_ESCLUSAS, Local Cell ID=7, Cell Name=L_GUA11023_ESCLUSAS_7, eNodeB ID=11023, Cell FDD TDD indication=CELL_FDD",Reliable,222.623,24.106
2026-04-10 06:00,60,"L_GUA11023_ESCLUSAS/Cell:eNodeB Function Name=L_GUA11023_ESCLUSAS, Local Cell ID=3, Cell Name=L_GUA11023_ESCLUSAS_3, eNodeB ID=11023, Cell FDD TDD indication=CELL_FDD",Reliable,131.32,17.068
2026-04-10 06:00,60,"L_GUA11023_ESCLUSAS/Cell:eNodeB Function Name=L_GUA11023_ESCLUSAS, Local Cell ID=2, Cell Name=L_GUA11023_ESCLUSAS_2, eNodeB ID=11023, Cell FDD TDD indication=CELL_FDD",Reliable,856.564,58.723
2026-04-10 06:00,60,"L_GUA11023_ESCLUSAS/Cell:eNodeB Function Name=L_GUA11023_ESCLUSAS, Local Cell ID=1, Cell Name=L_GUA11023_ESCLUSAS_1, eNodeB ID=11023, Cell FDD TDD indication=CELL_FDD",Reliable,312.818,21.998
2026-04-10 06:00,60,"L_GUA11200_LAS_ACACIAS_NGYE/Cell:eNodeB Function Name=L_GUA11200_LAS_ACACIAS_NGYE, Local Cell ID=9, Cell Name=L_GUA11200_LAS_ACACIAS_NGYE_9, eNodeB ID=11200, Cell FDD TDD indication=CELL_FDD",Reliable,196.194,19.718
2026-04-10 06:00,60,"L_GUA11200_LAS_ACACIAS_NGYE/Cell:eNodeB Function Name=L_GUA11200_LAS_ACACIAS_NGYE, Local Cell ID=8, Cell Name=L_GUA11200_LAS_ACACIAS_NGYE_8, eNodeB ID=11200, Cell FDD TDD indication=CELL_FDD",Reliable,141.319,58.61
2026-04-10 06:00,60,"L_GUA11200_LAS_ACACIAS_NGYE/Cell:eNodeB Function Name=L_GUA11200_LAS_ACACIAS_NGYE, Local Cell ID=7, Cell Name=L_GUA11200_LAS_ACACIAS_NGYE_7, eNodeB ID=11200, Cell FDD TDD indication=CELL_FDD",Reliable,48.658,5.293
2026-04-10 06:00,60,"L_GUA11200_LAS_ACACIAS_NGYE/Cell:eNodeB Function Name=L_GUA11200_LAS_ACACIAS_NGYE, Local Cell ID=3, Cell Name=L_GUA11200_LAS_ACACIAS_NGYE_3, eNodeB ID=11200, Cell FDD TDD indication=CELL_FDD",Reliable,641.805,227.221
2026-04-10 06:00,60,"L_GUA11200_LAS_ACACIAS_NGYE/Cell:eNodeB Function Name=L_GUA11200_LAS_ACACIAS_NGYE, Local Cell ID=2, Cell Name=L_GUA11200_LAS_ACACIAS_NGYE_2, eNodeB ID=11200, Cell FDD TDD indication=CELL_FDD",Reliable,158.599,25.853
2026-04-10 06:00,60,"L_GUA11200_LAS_ACACIAS_NGYE/Cell:eNodeB Function Name=L_GUA11200_LAS_ACACIAS_NGYE, Local Cell ID=1, Cell Name=L_GUA11200_LAS_ACACIAS_NGYE_1, eNodeB ID=11200, Cell FDD TDD indication=CELL_FDD",Reliable,463.394,94.856
2026-04-10 06:00,60,"L_GUA11081_LA_PAZ/Cell:eNodeB Function Name=L_GUA11081_LA_PAZ, Local Cell ID=9, Cell Name=L_GUA11081_LA_PAZ_9, eNodeB ID=11081, Cell FDD TDD indication=CELL_FDD",Reliable,111.888,25.079
2026-04-10 06:00,60,"L_GUA11081_LA_PAZ/Cell:eNodeB Function Name=L_GUA11081_LA_PAZ, Local Cell ID=8, Cell Name=L_GUA11081_LA_PAZ_8, eNodeB ID=11081, Cell FDD TDD indication=CELL_FDD",Reliable,535.603,53.896
2026-04-10 06:00,60,"L_GUA11081_LA_PAZ/Cell:eNodeB Function Name=L_GUA11081_LA_PAZ, Local Cell ID=7, Cell Name=L_GUA11081_LA_PAZ_7, eNodeB ID=11081, Cell FDD TDD indication=CELL_FDD",Reliable,180.642,37.366
2026-04-10 06:00,60,"L_GUA11081_LA_PAZ/Cell:eNodeB Function Name=L_GUA11081_LA_PAZ, Local Cell ID=3, Cell Name=L_GUA11081_LA_PAZ_3, eNodeB ID=11081, Cell FDD TDD indication=CELL_FDD",Reliable,226.013,38.506
2026-04-10 06:00,60,"L_GUA11081_LA_PAZ/Cell:eNodeB Function Name=L_GUA11081_LA_PAZ, Local Cell ID=2, Cell Name=L_GUA11081_LA_PAZ_2, eNodeB ID=11081, Cell FDD TDD indication=CELL_FDD",Reliable,143.594,76.017
2026-04-10 06:00,60,"L_GUA11081_LA_PAZ/Cell:eNodeB Function Name=L_GUA11081_LA_PAZ, Local Cell ID=1, Cell Name=L_GUA11081_LA_PAZ_1, eNodeB ID=11081, Cell FDD TDD indication=CELL_FDD",Reliable,142.247,22.496
2026-04-10 06:00,60,"L_GUA11302_GUA_GYE_208/Cell:eNodeB Function Name=L_GUA11302_GUA_GYE_208, Local Cell ID=3, Cell Name=L_GUA11302_GUA_GYE_208_3, eNodeB ID=11302, Cell FDD TDD indication=CELL_FDD",Reliable,1111.008,70.7
2026-04-10 06:00,60,"L_GUA11302_GUA_GYE_208/Cell:eNodeB Function Name=L_GUA11302_GUA_GYE_208, Local Cell ID=2, Cell Name=L_GUA11302_GUA_GYE_208_2, eNodeB ID=11302, Cell FDD TDD indication=CELL_FDD",Reliable,396.891,20.258
2026-04-10 06:00,60,"L_GUA11302_GUA_GYE_208/Cell:eNodeB Function Name=L_GUA11302_GUA_GYE_208, Local Cell ID=1, Cell Name=L_GUA11302_GUA_GYE_208_1, eNodeB ID=11302, Cell FDD TDD indication=CELL_FDD",Reliable,141.184,162.302
2026-04-10 06:00,60,"L_GUA11079_LA_FLORESTA_GYE/Cell:eNodeB Function Name=L_GUA11079_LA_FLORESTA_GYE, Local Cell ID=9, Cell Name=L_GUA11079_LA_FLORESTA_GYE_9, eNodeB ID=11079, Cell FDD TDD indication=CELL_FDD",Reliable,36.808,7.275
2026-04-10 06:00,60,"L_GUA11079_LA_FLORESTA_GYE/Cell:eNodeB Function Name=L_GUA11079_LA_FLORESTA_GYE, Local Cell ID=8, Cell Name=L_GUA11079_LA_FLORESTA_GYE_8, eNodeB ID=11079, Cell FDD TDD indication=CELL_FDD",Reliable,599.474,42.121
2026-04-10 06:00,60,"L_GUA11079_LA_FLORESTA_GYE/Cell:eNodeB Function Name=L_GUA11079_LA_FLORESTA_GYE, Local Cell ID=7, Cell Name=L_GUA11079_LA_FLORESTA_GYE_7, eNodeB ID=11079, Cell FDD TDD indication=CELL_FDD",Reliable,16.418,16.187
2026-04-10 06:00,60,"L_GUA11079_LA_FLORESTA_GYE/Cell:eNodeB Function Name=L_GUA11079_LA_FLORESTA_GYE, Local Cell ID=3, Cell Name=L_GUA11079_LA_FLORESTA_GYE_3, eNodeB ID=11079, Cell FDD TDD indication=CELL_FDD",Reliable,236.792,27.412
2026-04-10 06:00,60,"L_GUA11079_LA_FLORESTA_GYE/Cell:eNodeB Function Name=L_GUA11079_LA_FLORESTA_GYE, Local Cell ID=2, Cell Name=L_GUA11079_LA_FLORESTA_GYE_2, eNodeB ID=11079, Cell FDD TDD indication=CELL_FDD",Reliable,209.908,22.74
2026-04-10 06:00,60,"L_GUA11079_LA_FLORESTA_GYE/Cell:eNodeB Function Name=L_GUA11079_LA_FLORESTA_GYE, Local Cell ID=1, Cell Name=L_GUA11079_LA_FLORESTA_GYE_1, eNodeB ID=11079, Cell FDD TDD indication=CELL_FDD",Reliable,361.279,35.282
2026-04-10 06:00,60,"L_GUA11019_LETAMENDI/Cell:eNodeB Function Name=L_GUA11019_LETAMENDI, Local Cell ID=9, Cell Name=L_GUA11019_LETAMENDI_9, eNodeB ID=11019, Cell FDD TDD indication=CELL_FDD",Reliable,47.701,4.654
2026-04-10 06:00,60,"L_GUA11019_LETAMENDI/Cell:eNodeB Function Name=L_GUA11019_LETAMENDI, Local Cell ID=8, Cell Name=L_GUA11019_LETAMENDI_8, eNodeB ID=11019, Cell FDD TDD indication=CELL_FDD",Reliable,2.809,0.641
2026-04-10 06:00,60,"L_GUA11019_LETAMENDI/Cell:eNodeB Function Name=L_GUA11019_LETAMENDI, Local Cell ID=7, Cell Name=L_GUA11019_LETAMENDI_7, eNodeB ID=11019, Cell FDD TDD indication=CELL_FDD",Reliable,152.005,10.291
2026-04-10 06:00,60,"L_GUA11019_LETAMENDI/Cell:eNodeB Function Name=L_GUA11019_LETAMENDI, Local Cell ID=3, Cell Name=L_GUA11019_LETAMENDI_3, eNodeB ID=11019, Cell FDD TDD indication=CELL_FDD",Reliable,640.959,48.814
2026-04-10 06:00,60,"L_GUA11019_LETAMENDI/Cell:eNodeB Function Name=L_GUA11019_LETAMENDI, Local Cell ID=2, Cell Name=L_GUA11019_LETAMENDI_2, eNodeB ID=11019, Cell FDD TDD indication=CELL_FDD",Reliable,383.825,37.405
2026-04-10 06:00,60,"L_GUA11019_LETAMENDI/Cell:eNodeB Function Name=L_GUA11019_LETAMENDI, Local Cell ID=1, Cell Name=L_GUA11019_LETAMENDI_1, eNodeB ID=11019, Cell FDD TDD indication=CELL_FDD",Reliable,424.61,63.097
2026-04-10 06:00,60,"L_GUA11269_LOS_ESTEROS_GYE/Cell:eNodeB Function Name=L_GUA11269_LOS_ESTEROS_GYE, Local Cell ID=3, Cell Name=L_GUA11269_LOS_ESTEROS_GYE_3, eNodeB ID=11269, Cell FDD TDD indication=CELL_FDD",Reliable,1017.837,255.158
2026-04-10 06:00,60,"L_GUA11269_LOS_ESTEROS_GYE/Cell:eNodeB Function Name=L_GUA11269_LOS_ESTEROS_GYE, Local Cell ID=2, Cell Name=L_GUA11269_LOS_ESTEROS_GYE_2, eNodeB ID=11269, Cell FDD TDD indication=CELL_FDD",Reliable,578.807,76.156
2026-04-10 06:00,60,"L_GUA11269_LOS_ESTEROS_GYE/Cell:eNodeB Function Name=L_GUA11269_LOS_ESTEROS_GYE, Local Cell ID=1, Cell Name=L_GUA11269_LOS_ESTEROS_GYE_1, eNodeB ID=11269, Cell FDD TDD indication=CELL_FDD",Reliable,882.961,77.573
2026-04-10 06:00,60,"L_GUA11082_LA_SAIBA/Cell:eNodeB Function Name=L_GUA11082_LA_SAIBA, Local Cell ID=9, Cell Name=L_GUA11082_LA_SAIBA_9, eNodeB ID=11082, Cell FDD TDD indication=CELL_FDD",Reliable,68.249,4.564
2026-04-10 06:00,60,"L_GUA11082_LA_SAIBA/Cell:eNodeB Function Name=L_GUA11082_LA_SAIBA, Local Cell ID=8, Cell Name=L_GUA11082_LA_SAIBA_8, eNodeB ID=11082, Cell FDD TDD indication=CELL_FDD",Reliable,203.62,25.77
2026-04-10 06:00,60,"L_GUA11082_LA_SAIBA/Cell:eNodeB Function Name=L_GUA11082_LA_SAIBA, Local Cell ID=7, Cell Name=L_GUA11082_LA_SAIBA_7, eNodeB ID=11082, Cell FDD TDD indication=CELL_FDD",Reliable,28.926,2.429
2026-04-10 06:00,60,"L_GUA11082_LA_SAIBA/Cell:eNodeB Function Name=L_GUA11082_LA_SAIBA, Local Cell ID=3, Cell Name=L_GUA11082_LA_SAIBA_3, eNodeB ID=11082, Cell FDD TDD indication=CELL_FDD",Reliable,209.497,18.179
2026-04-10 06:00,60,"L_GUA11082_LA_SAIBA/Cell:eNodeB Function Name=L_GUA11082_LA_SAIBA, Local Cell ID=2, Cell Name=L_GUA11082_LA_SAIBA_2, eNodeB ID=11082, Cell FDD TDD indication=CELL_FDD",Reliable,1387.194,115.181
2026-04-10 06:00,60,"L_GUA11082_LA_SAIBA/Cell:eNodeB Function Name=L_GUA11082_LA_SAIBA, Local Cell ID=1, Cell Name=L_GUA11082_LA_SAIBA_1, eNodeB ID=11082, Cell FDD TDD indication=CELL_FDD",Reliable,588.482,50.212
2026-04-10 06:00,60,"L_GUA11015_PUERTO_NUEVO/Cell:eNodeB Function Name=L_GUA11015_PUERTO_NUEVO, Local Cell ID=9, Cell Name=L_GUA11015_PUERTO_NUEVO_9, eNodeB ID=11015, Cell FDD TDD indication=CELL_FDD",Reliable,83.727,7.134
2026-04-10 06:00,60,"L_GUA11015_PUERTO_NUEVO/Cell:eNodeB Function Name=L_GUA11015_PUERTO_NUEVO, Local Cell ID=8, Cell Name=L_GUA11015_PUERTO_NUEVO_8, eNodeB ID=11015, Cell FDD TDD indication=CELL_FDD",Reliable,157.832,15.506
2026-04-10 06:00,60,"L_GUA11015_PUERTO_NUEVO/Cell:eNodeB Function Name=L_GUA11015_PUERTO_NUEVO, Local Cell ID=7, Cell Name=L_GUA11015_PUERTO_NUEVO_7, eNodeB ID=11015, Cell FDD TDD indication=CELL_FDD",Reliable,156.443,13.864
2026-04-10 06:00,60,"L_GUA11015_PUERTO_NUEVO/Cell:eNodeB Function Name=L_GUA11015_PUERTO_NUEVO, Local Cell ID=3, Cell Name=L_GUA11015_PUERTO_NUEVO_3, eNodeB ID=11015, Cell FDD TDD indication=CELL_FDD",Reliable,552.798,70.956
2026-04-10 06:00,60,"L_GUA11015_PUERTO_NUEVO/Cell:eNodeB Function Name=L_GUA11015_PUERTO_NUEVO, Local Cell ID=2, Cell Name=L_GUA11015_PUERTO_NUEVO_2, eNodeB ID=11015, Cell FDD TDD indication=CELL_FDD",Reliable,651.791,71.173
2026-04-10 06:00,60,"L_GUA11015_PUERTO_NUEVO/Cell:eNodeB Function Name=L_GUA11015_PUERTO_NUEVO, Local Cell ID=1, Cell Name=L_GUA11015_PUERTO_NUEVO_1, eNodeB ID=11015, Cell FDD TDD indication=CELL_FDD",Reliable,1483.584,126.356
2026-04-10 06:00,60,"L_GUA11083_LA_UNION_GYE/Cell:eNodeB Function Name=L_GUA11083_LA_UNION_GYE, Local Cell ID=3, Cell Name=L_GUA11083_LA_UNION_GYE_3, eNodeB ID=11083, Cell FDD TDD indication=CELL_FDD",Reliable,320.762,39.492
2026-04-10 06:00,60,"L_GUA11083_LA_UNION_GYE/Cell:eNodeB Function Name=L_GUA11083_LA_UNION_GYE, Local Cell ID=2, Cell Name=L_GUA11083_LA_UNION_GYE_2, eNodeB ID=11083, Cell FDD TDD indication=CELL_FDD",Reliable,83.677,10.457
2026-04-10 06:00,60,"L_GUA11083_LA_UNION_GYE/Cell:eNodeB Function Name=L_GUA11083_LA_UNION_GYE, Local Cell ID=1, Cell Name=L_GUA11083_LA_UNION_GYE_1, eNodeB ID=11083, Cell FDD TDD indication=CELL_FDD",Reliable,412.987,28.428
2026-04-10 06:00,60,"L_GUA11105_UNION_SUR/Cell:eNodeB Function Name=L_GUA11105_UNION_SUR, Local Cell ID=9, Cell Name=L_GUA11105_UNION_SUR_9, eNodeB ID=11105, Cell FDD TDD indication=CELL_FDD",Reliable,50.008,7.079
2026-04-10 06:00,60,"L_GUA11105_UNION_SUR/Cell:eNodeB Function Name=L_GUA11105_UNION_SUR, Local Cell ID=8, Cell Name=L_GUA11105_UNION_SUR_8, eNodeB ID=11105, Cell FDD TDD indication=CELL_FDD",Reliable,614.543,75.245
2026-04-10 06:00,60,"L_GUA11105_UNION_SUR/Cell:eNodeB Function Name=L_GUA11105_UNION_SUR, Local Cell ID=7, Cell Name=L_GUA11105_UNION_SUR_7, eNodeB ID=11105, Cell FDD TDD indication=CELL_FDD",Reliable,78.783,10.148
2026-04-10 06:00,60,"L_GUA11105_UNION_SUR/Cell:eNodeB Function Name=L_GUA11105_UNION_SUR, Local Cell ID=3, Cell Name=L_GUA11105_UNION_SUR_3, eNodeB ID=11105, Cell FDD TDD indication=CELL_FDD",Reliable,123.67,12.608
2026-04-10 06:00,60,"L_GUA11105_UNION_SUR/Cell:eNodeB Function Name=L_GUA11105_UNION_SUR, Local Cell ID=2, Cell Name=L_GUA11105_UNION_SUR_2, eNodeB ID=11105, Cell FDD TDD indication=CELL_FDD",Reliable,1661.143,155.92
2026-04-10 06:00,60,"L_GUA11105_UNION_SUR/Cell:eNodeB Function Name=L_GUA11105_UNION_SUR, Local Cell ID=1, Cell Name=L_GUA11105_UNION_SUR_1, eNodeB ID=11105, Cell FDD TDD indication=CELL_FDD",Reliable,827.549,63.729
2026-04-10 06:00,60,"L_GUA11127_BASE_NAVAL/Cell:eNodeB Function Name=L_GUA11127_BASE_NAVAL, Local Cell ID=9, Cell Name=L_GUA11127_BASE_NAVAL_9, eNodeB ID=11127, Cell FDD TDD indication=CELL_FDD",Reliable,902.192,51.97
2026-04-10 06:00,60,"L_GUA11127_BASE_NAVAL/Cell:eNodeB Function Name=L_GUA11127_BASE_NAVAL, Local Cell ID=8, Cell Name=L_GUA11127_BASE_NAVAL_8, eNodeB ID=11127, Cell FDD TDD indication=CELL_FDD",Reliable,644.419,63.011
2026-04-10 06:00,60,"L_GUA11127_BASE_NAVAL/Cell:eNodeB Function Name=L_GUA11127_BASE_NAVAL, Local Cell ID=7, Cell Name=L_GUA11127_BASE_NAVAL_7, eNodeB ID=11127, Cell FDD TDD indication=CELL_FDD",Reliable,39.808,1.975
2026-04-10 06:00,60,"L_GUA11127_BASE_NAVAL/Cell:eNodeB Function Name=L_GUA11127_BASE_NAVAL, Local Cell ID=3, Cell Name=L_GUA11127_BASE_NAVAL_3, eNodeB ID=11127, Cell FDD TDD indication=CELL_FDD",Reliable,684.098,91.65
2026-04-10 06:00,60,"L_GUA11127_BASE_NAVAL/Cell:eNodeB Function Name=L_GUA11127_BASE_NAVAL, Local Cell ID=2, Cell Name=L_GUA11127_BASE_NAVAL_2, eNodeB ID=11127, Cell FDD TDD indication=CELL_FDD",Reliable,2874.958,346.036
2026-04-10 06:00,60,"L_GUA11127_BASE_NAVAL/Cell:eNodeB Function Name=L_GUA11127_BASE_NAVAL, Local Cell ID=1, Cell Name=L_GUA11127_BASE_NAVAL_1, eNodeB ID=11127, Cell FDD TDD indication=CELL_FDD",Reliable,1494.374,141.826
2026-04-10 06:00,60,"L_GUA11182_UNION_DE_BANANEROS/Cell:eNodeB Function Name=L_GUA11182_UNION_DE_BANANEROS, Local Cell ID=9, Cell Name=L_GUA11182_UNION_DE_BANANEROS_9, eNodeB ID=11182, Cell FDD TDD indication=CELL_FDD",Reliable,2.553,0.921
2026-04-10 06:00,60,"L_GUA11182_UNION_DE_BANANEROS/Cell:eNodeB Function Name=L_GUA11182_UNION_DE_BANANEROS, Local Cell ID=8, Cell Name=L_GUA11182_UNION_DE_BANANEROS_8, eNodeB ID=11182, Cell FDD TDD indication=CELL_FDD",Reliable,31.954,3.967
2026-04-10 06:00,60,"L_GUA11182_UNION_DE_BANANEROS/Cell:eNodeB Function Name=L_GUA11182_UNION_DE_BANANEROS, Local Cell ID=7, Cell Name=L_GUA11182_UNION_DE_BANANEROS_7, eNodeB ID=11182, Cell FDD TDD indication=CELL_FDD",Reliable,222.036,18.601
2026-04-10 06:00,60,"L_GUA11182_UNION_DE_BANANEROS/Cell:eNodeB Function Name=L_GUA11182_UNION_DE_BANANEROS, Local Cell ID=3, Cell Name=L_GUA11182_UNION_DE_BANANEROS_3, eNodeB ID=11182, Cell FDD TDD indication=CELL_FDD",Reliable,472.085,247.354
2026-04-10 06:00,60,"L_GUA11182_UNION_DE_BANANEROS/Cell:eNodeB Function Name=L_GUA11182_UNION_DE_BANANEROS, Local Cell ID=2, Cell Name=L_GUA11182_UNION_DE_BANANEROS_2, eNodeB ID=11182, Cell FDD TDD indication=CELL_FDD",Reliable,201.629,583.882
2026-04-10 06:00,60,"L_GUA11182_UNION_DE_BANANEROS/Cell:eNodeB Function Name=L_GUA11182_UNION_DE_BANANEROS, Local Cell ID=1, Cell Name=L_GUA11182_UNION_DE_BANANEROS_1, eNodeB ID=11182, Cell FDD TDD indication=CELL_FDD",Reliable,72.24,154.091
2026-04-10 06:00,60,"L_GUA11262_ESCLUSAS_OESTE/Cell:eNodeB Function Name=L_GUA11262_ESCLUSAS_OESTE, Local Cell ID=3, Cell Name=L_GUA11262_ESCLUSAS_OESTE_3, eNodeB ID=11262, Cell FDD TDD indication=CELL_FDD",Reliable,76.401,13.576
2026-04-10 06:00,60,"L_GUA11262_ESCLUSAS_OESTE/Cell:eNodeB Function Name=L_GUA11262_ESCLUSAS_OESTE, Local Cell ID=2, Cell Name=L_GUA11262_ESCLUSAS_OESTE_2, eNodeB ID=11262, Cell FDD TDD indication=CELL_FDD",Reliable,78.521,15.213
2026-04-10 06:00,60,"L_GUA11262_ESCLUSAS_OESTE/Cell:eNodeB Function Name=L_GUA11262_ESCLUSAS_OESTE, Local Cell ID=1, Cell Name=L_GUA11262_ESCLUSAS_OESTE_1, eNodeB ID=11262, Cell FDD TDD indication=CELL_FDD",Reliable,64.759,11.335
2026-04-10 06:00,60,"L_GUA11280_GUA_GYE_203/Cell:eNodeB Function Name=L_GUA11280_GUA_GYE_203, Local Cell ID=3, Cell Name=L_GUA11280_GUA_GYE_203_3, eNodeB ID=11280, Cell FDD TDD indication=CELL_FDD",Reliable,904.661,79.541
2026-04-10 06:00,60,"L_GUA11280_GUA_GYE_203/Cell:eNodeB Function Name=L_GUA11280_GUA_GYE_203, Local Cell ID=2, Cell Name=L_GUA11280_GUA_GYE_203_2, eNodeB ID=11280, Cell FDD TDD indication=CELL_FDD",Reliable,1454.225,132.592
2026-04-10 06:00,60,"L_GUA11280_GUA_GYE_203/Cell:eNodeB Function Name=L_GUA11280_GUA_GYE_203, Local Cell ID=1, Cell Name=L_GUA11280_GUA_GYE_203_1, eNodeB ID=11280, Cell FDD TDD indication=CELL_FDD",Reliable,374.413,27.911
2026-04-10 06:00,60,"L_GUA11292_GUA_GYE_JULIO_POTES/Cell:eNodeB Function Name=L_GUA11292_GUA_GYE_JULIO_POTES, Local Cell ID=9, Cell Name=L_GUA11292_GUA_GYE_JULIO_POTES_9, eNodeB ID=11292, Cell FDD TDD indication=CELL_FDD",Reliable,105.137,10.134
2026-04-10 06:00,60,"L_GUA11292_GUA_GYE_JULIO_POTES/Cell:eNodeB Function Name=L_GUA11292_GUA_GYE_JULIO_POTES, Local Cell ID=8, Cell Name=L_GUA11292_GUA_GYE_JULIO_POTES_8, eNodeB ID=11292, Cell FDD TDD indication=CELL_FDD",Reliable,669.635,28.357
2026-04-10 06:00,60,"L_GUA11292_GUA_GYE_JULIO_POTES/Cell:eNodeB Function Name=L_GUA11292_GUA_GYE_JULIO_POTES, Local Cell ID=7, Cell Name=L_GUA11292_GUA_GYE_JULIO_POTES_7, eNodeB ID=11292, Cell FDD TDD indication=CELL_FDD",Reliable,79.47,7.06
2026-04-10 06:00,60,"L_GUA11292_GUA_GYE_JULIO_POTES/Cell:eNodeB Function Name=L_GUA11292_GUA_GYE_JULIO_POTES, Local Cell ID=3, Cell Name=L_GUA11292_GUA_GYE_JULIO_POTES_3, eNodeB ID=11292, Cell FDD TDD indication=CELL_FDD",Reliable,535.659,39.515
2026-04-10 06:00,60,"L_GUA11292_GUA_GYE_JULIO_POTES/Cell:eNodeB Function Name=L_GUA11292_GUA_GYE_JULIO_POTES, Local Cell ID=2, Cell Name=L_GUA11292_GUA_GYE_JULIO_POTES_2, eNodeB ID=11292, Cell FDD TDD indication=CELL_FDD",Reliable,207.579,27.944
2026-04-10 06:00,60,"L_GUA11292_GUA_GYE_JULIO_POTES/Cell:eNodeB Function Name=L_GUA11292_GUA_GYE_JULIO_POTES, Local Cell ID=1, Cell Name=L_GUA11292_GUA_GYE_JULIO_POTES_1, eNodeB ID=11292, Cell FDD TDD indication=CELL_FDD",Reliable,639.486,29.264
2026-04-10 06:00,60,"L_GUA11434_GUA_GYE_GUAYAS_Y_QUIL/Cell:eNodeB Function Name=L_GUA11434_GUA_GYE_GUAYAS_Y_QUIL, Local Cell ID=9, Cell Name=L_GUA11434_GUA_GYE_GUAYAS_Y_QUIL_9, eNodeB ID=11434, Cell FDD TDD indication=CELL_FDD",Reliable,1849.673,195.754
2026-04-10 06:00,60,"L_GUA11434_GUA_GYE_GUAYAS_Y_QUIL/Cell:eNodeB Function Name=L_GUA11434_GUA_GYE_GUAYAS_Y_QUIL, Local Cell ID=8, Cell Name=L_GUA11434_GUA_GYE_GUAYAS_Y_QUIL_8, eNodeB ID=11434, Cell FDD TDD indication=CELL_FDD",Reliable,1201.549,94.004
2026-04-10 06:00,60,"L_GUA11434_GUA_GYE_GUAYAS_Y_QUIL/Cell:eNodeB Function Name=L_GUA11434_GUA_GYE_GUAYAS_Y_QUIL, Local Cell ID=7, Cell Name=L_GUA11434_GUA_GYE_GUAYAS_Y_QUIL_7, eNodeB ID=11434, Cell FDD TDD indication=CELL_FDD",Reliable,16.562,1.755
2026-04-10 06:00,60,"L_GUA11434_GUA_GYE_GUAYAS_Y_QUIL/Cell:eNodeB Function Name=L_GUA11434_GUA_GYE_GUAYAS_Y_QUIL, Local Cell ID=3, Cell Name=L_GUA11434_GUA_GYE_GUAYAS_Y_QUIL_3, eNodeB ID=11434, Cell FDD TDD indication=CELL_FDD",Reliable,2173.885,364.875
2026-04-10 06:00,60,"L_GUA11434_GUA_GYE_GUAYAS_Y_QUIL/Cell:eNodeB Function Name=L_GUA11434_GUA_GYE_GUAYAS_Y_QUIL, Local Cell ID=2, Cell Name=L_GUA11434_GUA_GYE_GUAYAS_Y_QUIL_2, eNodeB ID=11434, Cell FDD TDD indication=CELL_FDD",Reliable,556.943,40.168
2026-04-10 06:00,60,"L_GUA11434_GUA_GYE_GUAYAS_Y_QUIL/Cell:eNodeB Function Name=L_GUA11434_GUA_GYE_GUAYAS_Y_QUIL, Local Cell ID=1, Cell Name=L_GUA11434_GUA_GYE_GUAYAS_Y_QUIL_1, eNodeB ID=11434, Cell FDD TDD indication=CELL_FDD",Reliable,340.954,58.261
2026-04-10 06:00,60,"L_GUA11211_GUA_GYE_H_GUASM_S/Cell:eNodeB Function Name=L_GUA11211_GUA_GYE_H_GUASM_S, Local Cell ID=9, Cell Name=L_GUA11211_GUA_GYE_H_GUASM_S_9, eNodeB ID=11211, Cell FDD TDD indication=CELL_FDD",Reliable,739.991,146.617
2026-04-10 06:00,60,"L_GUA11211_GUA_GYE_H_GUASM_S/Cell:eNodeB Function Name=L_GUA11211_GUA_GYE_H_GUASM_S, Local Cell ID=8, Cell Name=L_GUA11211_GUA_GYE_H_GUASM_S_8, eNodeB ID=11211, Cell FDD TDD indication=CELL_FDD",Reliable,156.649,16.363
2026-04-10 06:00,60,"L_GUA11211_GUA_GYE_H_GUASM_S/Cell:eNodeB Function Name=L_GUA11211_GUA_GYE_H_GUASM_S, Local Cell ID=7, Cell Name=L_GUA11211_GUA_GYE_H_GUASM_S_7, eNodeB ID=11211, Cell FDD TDD indication=CELL_FDD",Reliable,468.943,85.868
2026-04-10 06:00,60,"L_GUA11211_GUA_GYE_H_GUASM_S/Cell:eNodeB Function Name=L_GUA11211_GUA_GYE_H_GUASM_S, Local Cell ID=3, Cell Name=L_GUA11211_GUA_GYE_H_GUASM_S_3, eNodeB ID=11211, Cell FDD TDD indication=CELL_FDD",Reliable,1136.055,235.448
2026-04-10 06:00,60,"L_GUA11211_GUA_GYE_H_GUASM_S/Cell:eNodeB Function Name=L_GUA11211_GUA_GYE_H_GUASM_S, Local Cell ID=2, Cell Name=L_GUA11211_GUA_GYE_H_GUASM_S_2, eNodeB ID=11211, Cell FDD TDD indication=CELL_FDD",Reliable,549.825,64.173
2026-04-10 06:00,60,"L_GUA11211_GUA_GYE_H_GUASM_S/Cell:eNodeB Function Name=L_GUA11211_GUA_GYE_H_GUASM_S, Local Cell ID=1, Cell Name=L_GUA11211_GUA_GYE_H_GUASM_S_1, eNodeB ID=11211, Cell FDD TDD indication=CELL_FDD",Reliable,668.209,128.012
2026-04-10 06:00,60,"L_GUA11009_EL_GUASMO/Cell:eNodeB Function Name=L_GUA11009_EL_GUASMO, Local Cell ID=9, Cell Name=L_GUA11009_EL_GUASMO_9, eNodeB ID=11009, Cell FDD TDD indication=CELL_FDD",Reliable,1058.412,278.044
2026-04-10 06:00,60,"L_GUA11009_EL_GUASMO/Cell:eNodeB Function Name=L_GUA11009_EL_GUASMO, Local Cell ID=8, Cell Name=L_GUA11009_EL_GUASMO_8, eNodeB ID=11009, Cell FDD TDD indication=CELL_FDD",Reliable,352.134,32.339
2026-04-10 06:00,60,"L_GUA11009_EL_GUASMO/Cell:eNodeB Function Name=L_GUA11009_EL_GUASMO, Local Cell ID=7, Cell Name=L_GUA11009_EL_GUASMO_7, eNodeB ID=11009, Cell FDD TDD indication=CELL_FDD",Reliable,74.267,14.396
2026-04-10 06:00,60,"L_GUA11009_EL_GUASMO/Cell:eNodeB Function Name=L_GUA11009_EL_GUASMO, Local Cell ID=3, Cell Name=L_GUA11009_EL_GUASMO_3, eNodeB ID=11009, Cell FDD TDD indication=CELL_FDD",Reliable,1268.516,126.167
2026-04-10 06:00,60,"L_GUA11009_EL_GUASMO/Cell:eNodeB Function Name=L_GUA11009_EL_GUASMO, Local Cell ID=2, Cell Name=L_GUA11009_EL_GUASMO_2, eNodeB ID=11009, Cell FDD TDD indication=CELL_FDD",Reliable,840.086,72.277
2026-04-10 06:00,60,"L_GUA11009_EL_GUASMO/Cell:eNodeB Function Name=L_GUA11009_EL_GUASMO, Local Cell ID=1, Cell Name=L_GUA11009_EL_GUASMO_1, eNodeB ID=11009, Cell FDD TDD indication=CELL_FDD",Reliable,686.668,65.94
2026-04-10 06:00,60,"L_GUA11037_GUASMO_SUR_TEM/Cell:eNodeB Function Name=L_GUA11037_GUASMO_SUR_TEM, Local Cell ID=9, Cell Name=L_GUA11037_GUASMO_SUR_TEM_9, eNodeB ID=11037, Cell FDD TDD indication=CELL_FDD",Reliable,603.4,82.929
2026-04-10 06:00,60,"L_GUA11037_GUASMO_SUR_TEM/Cell:eNodeB Function Name=L_GUA11037_GUASMO_SUR_TEM, Local Cell ID=8, Cell Name=L_GUA11037_GUASMO_SUR_TEM_8, eNodeB ID=11037, Cell FDD TDD indication=CELL_FDD",Reliable,55.998,51.528
2026-04-10 06:00,60,"L_GUA11037_GUASMO_SUR_TEM/Cell:eNodeB Function Name=L_GUA11037_GUASMO_SUR_TEM, Local Cell ID=7, Cell Name=L_GUA11037_GUASMO_SUR_TEM_7, eNodeB ID=11037, Cell FDD TDD indication=CELL_FDD",Reliable,97.18,128.813
2026-04-10 06:00,60,"L_GUA11037_GUASMO_SUR_TEM/Cell:eNodeB Function Name=L_GUA11037_GUASMO_SUR_TEM, Local Cell ID=3, Cell Name=L_GUA11037_GUASMO_SUR_TEM_3, eNodeB ID=11037, Cell FDD TDD indication=CELL_FDD",Reliable,951.571,832.551
2026-04-10 06:00,60,"L_GUA11037_GUASMO_SUR_TEM/Cell:eNodeB Function Name=L_GUA11037_GUASMO_SUR_TEM, Local Cell ID=2, Cell Name=L_GUA11037_GUASMO_SUR_TEM_2, eNodeB ID=11037, Cell FDD TDD indication=CELL_FDD",Reliable,337.623,68.513
2026-04-10 06:00,60,"L_GUA11037_GUASMO_SUR_TEM/Cell:eNodeB Function Name=L_GUA11037_GUASMO_SUR_TEM, Local Cell ID=1, Cell Name=L_GUA11037_GUASMO_SUR_TEM_1, eNodeB ID=11037, Cell FDD TDD indication=CELL_FDD",Reliable,274.711,36.931
2026-04-10 06:00,60,"L_GUA11048_MALL_DEL_SUR/Cell:eNodeB Function Name=L_GUA11048_MALL_DEL_SUR, Local Cell ID=9, Cell Name=L_GUA11048_MALL_DEL_SUR_9, eNodeB ID=11048, Cell FDD TDD indication=CELL_FDD",Reliable,58.788,21.31
2026-04-10 06:00,60,"L_GUA11048_MALL_DEL_SUR/Cell:eNodeB Function Name=L_GUA11048_MALL_DEL_SUR, Local Cell ID=8, Cell Name=L_GUA11048_MALL_DEL_SUR_8, eNodeB ID=11048, Cell FDD TDD indication=CELL_FDD",Reliable,1564.251,162.19
2026-04-10 06:00,60,"L_GUA11048_MALL_DEL_SUR/Cell:eNodeB Function Name=L_GUA11048_MALL_DEL_SUR, Local Cell ID=7, Cell Name=L_GUA11048_MALL_DEL_SUR_7, eNodeB ID=11048, Cell FDD TDD indication=CELL_FDD",Reliable,136.037,10.088
2026-04-10 06:00,60,"L_GUA11048_MALL_DEL_SUR/Cell:eNodeB Function Name=L_GUA11048_MALL_DEL_SUR, Local Cell ID=3, Cell Name=L_GUA11048_MALL_DEL_SUR_3, eNodeB ID=11048, Cell FDD TDD indication=CELL_FDD",Reliable,249.671,50.322
2026-04-10 06:00,60,"L_GUA11048_MALL_DEL_SUR/Cell:eNodeB Function Name=L_GUA11048_MALL_DEL_SUR, Local Cell ID=2, Cell Name=L_GUA11048_MALL_DEL_SUR_2, eNodeB ID=11048, Cell FDD TDD indication=CELL_FDD",Reliable,3171.672,429.604
2026-04-10 06:00,60,"L_GUA11048_MALL_DEL_SUR/Cell:eNodeB Function Name=L_GUA11048_MALL_DEL_SUR, Local Cell ID=1, Cell Name=L_GUA11048_MALL_DEL_SUR_1, eNodeB ID=11048, Cell FDD TDD indication=CELL_FDD",Reliable,1481.159,170.893
2026-04-10 06:00,60,"L_GUA11072_FERTISA/Cell:eNodeB Function Name=L_GUA11072_FERTISA, Local Cell ID=9, Cell Name=L_GUA11072_FERTISA_9, eNodeB ID=11072, Cell FDD TDD indication=CELL_FDD",Reliable,250.272,34.085
2026-04-10 06:00,60,"L_GUA11072_FERTISA/Cell:eNodeB Function Name=L_GUA11072_FERTISA, Local Cell ID=8, Cell Name=L_GUA11072_FERTISA_8, eNodeB ID=11072, Cell FDD TDD indication=CELL_FDD",Reliable,189.615,59.098
2026-04-10 06:00,60,"L_GUA11072_FERTISA/Cell:eNodeB Function Name=L_GUA11072_FERTISA, Local Cell ID=7, Cell Name=L_GUA11072_FERTISA_7, eNodeB ID=11072, Cell FDD TDD indication=CELL_FDD",Reliable,181.668,26.97
2026-04-10 06:00,60,"L_GUA11072_FERTISA/Cell:eNodeB Function Name=L_GUA11072_FERTISA, Local Cell ID=3, Cell Name=L_GUA11072_FERTISA_3, eNodeB ID=11072, Cell FDD TDD indication=CELL_FDD",Reliable,523.276,44.298
2026-04-10 06:00,60,"L_GUA11072_FERTISA/Cell:eNodeB Function Name=L_GUA11072_FERTISA, Local Cell ID=2, Cell Name=L_GUA11072_FERTISA_2, eNodeB ID=11072, Cell FDD TDD indication=CELL_FDD",Reliable,121.717,20.826
2026-04-10 06:00,60,"L_GUA11072_FERTISA/Cell:eNodeB Function Name=L_GUA11072_FERTISA, Local Cell ID=1, Cell Name=L_GUA11072_FERTISA_1, eNodeB ID=11072, Cell FDD TDD indication=CELL_FDD",Reliable,482.199,61.202
2026-04-10 06:00,60,"L_GUA11266_GUA_GYE_204/Cell:eNodeB Function Name=L_GUA11266_GUA_GYE_204, Local Cell ID=3, Cell Name=L_GUA11266_GUA_GYE_LA_FLORESTA_TRES_3, eNodeB ID=11266, Cell FDD TDD indication=CELL_FDD",Reliable,133.462,20.739
2026-04-10 06:00,60,"L_GUA11266_GUA_GYE_204/Cell:eNodeB Function Name=L_GUA11266_GUA_GYE_204, Local Cell ID=2, Cell Name=L_GUA11266_GUA_GYE_LA_FLORESTA_TRES_2, eNodeB ID=11266, Cell FDD TDD indication=CELL_FDD",Reliable,701.389,58.962
2026-04-10 06:00,60,"L_GUA11266_GUA_GYE_204/Cell:eNodeB Function Name=L_GUA11266_GUA_GYE_204, Local Cell ID=1, Cell Name=L_GUA11266_GUA_GYE_LA_FLORESTA_TRES_1, eNodeB ID=11266, Cell FDD TDD indication=CELL_FDD",Reliable,1433.989,91.009
2026-04-10 06:00,60,"L_GUA11007_GUAYAQUIL_CISNE/Cell:eNodeB Function Name=L_GUA11007_GUAYAQUIL_CISNE, Local Cell ID=9, Cell Name=L_GUA11007_GUAYAQUIL_CISNE_9, eNodeB ID=11007, Cell FDD TDD indication=CELL_FDD",Reliable,687.759,45.44
2026-04-10 06:00,60,"L_GUA11007_GUAYAQUIL_CISNE/Cell:eNodeB Function Name=L_GUA11007_GUAYAQUIL_CISNE, Local Cell ID=8, Cell Name=L_GUA11007_GUAYAQUIL_CISNE_8, eNodeB ID=11007, Cell FDD TDD indication=CELL_FDD",Reliable,545.89,990.407
2026-04-10 06:00,60,"L_GUA11007_GUAYAQUIL_CISNE/Cell:eNodeB Function Name=L_GUA11007_GUAYAQUIL_CISNE, Local Cell ID=7, Cell Name=L_GUA11007_GUAYAQUIL_CISNE_7, eNodeB ID=11007, Cell FDD TDD indication=CELL_FDD",Reliable,953.045,47.654
2026-04-10 06:00,60,"L_GUA11007_GUAYAQUIL_CISNE/Cell:eNodeB Function Name=L_GUA11007_GUAYAQUIL_CISNE, Local Cell ID=3, Cell Name=L_GUA11007_GUAYAQUIL_CISNE_3, eNodeB ID=11007, Cell FDD TDD indication=CELL_FDD",Reliable,784.254,66.311
2026-04-10 06:00,60,"L_GUA11007_GUAYAQUIL_CISNE/Cell:eNodeB Function Name=L_GUA11007_GUAYAQUIL_CISNE, Local Cell ID=2, Cell Name=L_GUA11007_GUAYAQUIL_CISNE_2, eNodeB ID=11007, Cell FDD TDD indication=CELL_FDD",Reliable,1918.011,364.934
2026-04-10 06:00,60,"L_GUA11007_GUAYAQUIL_CISNE/Cell:eNodeB Function Name=L_GUA11007_GUAYAQUIL_CISNE, Local Cell ID=1, Cell Name=L_GUA11007_GUAYAQUIL_CISNE_1, eNodeB ID=11007, Cell FDD TDD indication=CELL_FDD",Reliable,154.081,61.449
2026-04-10 06:00,60,"L_GUA11012_ISLA_TRINITARIA/Cell:eNodeB Function Name=L_GUA11012_ISLA_TRINITARIA, Local Cell ID=9, Cell Name=L_GUA11012_ISLA_TRINITARIA_9, eNodeB ID=11012, Cell FDD TDD indication=CELL_FDD",Reliable,2109.12,156.983
2026-04-10 06:00,60,"L_GUA11012_ISLA_TRINITARIA/Cell:eNodeB Function Name=L_GUA11012_ISLA_TRINITARIA, Local Cell ID=8, Cell Name=L_GUA11012_ISLA_TRINITARIA_8, eNodeB ID=11012, Cell FDD TDD indication=CELL_FDD",Reliable,531.128,76.163
2026-04-10 06:00,60,"L_GUA11012_ISLA_TRINITARIA/Cell:eNodeB Function Name=L_GUA11012_ISLA_TRINITARIA, Local Cell ID=7, Cell Name=L_GUA11012_ISLA_TRINITARIA_7, eNodeB ID=11012, Cell FDD TDD indication=CELL_FDD",Reliable,1027.728,99.504
2026-04-10 06:00,60,"L_GUA11012_ISLA_TRINITARIA/Cell:eNodeB Function Name=L_GUA11012_ISLA_TRINITARIA, Local Cell ID=3, Cell Name=L_GUA11012_ISLA_TRINITARIA_3, eNodeB ID=11012, Cell FDD TDD indication=CELL_FDD",Reliable,894.134,100.98
2026-04-10 06:00,60,"L_GUA11012_ISLA_TRINITARIA/Cell:eNodeB Function Name=L_GUA11012_ISLA_TRINITARIA, Local Cell ID=2, Cell Name=L_GUA11012_ISLA_TRINITARIA_2, eNodeB ID=11012, Cell FDD TDD indication=CELL_FDD",Reliable,689.206,80.468
2026-04-10 06:00,60,"L_GUA11012_ISLA_TRINITARIA/Cell:eNodeB Function Name=L_GUA11012_ISLA_TRINITARIA, Local Cell ID=1, Cell Name=L_GUA11012_ISLA_TRINITARIA_1, eNodeB ID=11012, Cell FDD TDD indication=CELL_FDD",Reliable,507.184,91.413
2026-04-10 06:00,60,"L_GUA11058_BATALLON/Cell:eNodeB Function Name=L_GUA11058_BATALLON, Local Cell ID=9, Cell Name=L_GUA11058_BATALLON_9, eNodeB ID=11058, Cell FDD TDD indication=CELL_FDD",Reliable,34.74,5.362
2026-04-10 06:00,60,"L_GUA11058_BATALLON/Cell:eNodeB Function Name=L_GUA11058_BATALLON, Local Cell ID=8, Cell Name=L_GUA11058_BATALLON_8, eNodeB ID=11058, Cell FDD TDD indication=CELL_FDD",Reliable,18.092,4.537
2026-04-10 06:00,60,"L_GUA11058_BATALLON/Cell:eNodeB Function Name=L_GUA11058_BATALLON, Local Cell ID=7, Cell Name=L_GUA11058_BATALLON_7, eNodeB ID=11058, Cell FDD TDD indication=CELL_FDD",Reliable,852.956,66.283
2026-04-10 06:00,60,"L_GUA11058_BATALLON/Cell:eNodeB Function Name=L_GUA11058_BATALLON, Local Cell ID=3, Cell Name=L_GUA11058_BATALLON_3, eNodeB ID=11058, Cell FDD TDD indication=CELL_FDD",Reliable,125.804,12.315
2026-04-10 06:00,60,"L_GUA11058_BATALLON/Cell:eNodeB Function Name=L_GUA11058_BATALLON, Local Cell ID=2, Cell Name=L_GUA11058_BATALLON_2, eNodeB ID=11058, Cell FDD TDD indication=CELL_FDD",Reliable,329.253,32.478
2026-04-10 06:00,60,"L_GUA11058_BATALLON/Cell:eNodeB Function Name=L_GUA11058_BATALLON, Local Cell ID=1, Cell Name=L_GUA11058_BATALLON_1, eNodeB ID=11058, Cell FDD TDD indication=CELL_FDD",Reliable,791.889,117.733
2026-04-10 06:00,60,"L_GUA11084_LETAMENDI_SUR/Cell:eNodeB Function Name=L_GUA11084_LETAMENDI_SUR, Local Cell ID=9, Cell Name=L_GUA11084_LETAMENDI_SUR_9, eNodeB ID=11084, Cell FDD TDD indication=CELL_FDD",Reliable,251.594,14.506
2026-04-10 06:00,60,"L_GUA11084_LETAMENDI_SUR/Cell:eNodeB Function Name=L_GUA11084_LETAMENDI_SUR, Local Cell ID=8, Cell Name=L_GUA11084_LETAMENDI_SUR_8, eNodeB ID=11084, Cell FDD TDD indication=CELL_FDD",Reliable,165.876,20.457
2026-04-10 06:00,60,"L_GUA11084_LETAMENDI_SUR/Cell:eNodeB Function Name=L_GUA11084_LETAMENDI_SUR, Local Cell ID=7, Cell Name=L_GUA11084_LETAMENDI_SUR_7, eNodeB ID=11084, Cell FDD TDD indication=CELL_FDD",Reliable,122.538,14.367
2026-04-10 06:00,60,"L_GUA11084_LETAMENDI_SUR/Cell:eNodeB Function Name=L_GUA11084_LETAMENDI_SUR, Local Cell ID=3, Cell Name=L_GUA11084_LETAMENDI_SUR_3, eNodeB ID=11084, Cell FDD TDD indication=CELL_FDD",Reliable,1.269,0.56
2026-04-10 06:00,60,"L_GUA11084_LETAMENDI_SUR/Cell:eNodeB Function Name=L_GUA11084_LETAMENDI_SUR, Local Cell ID=2, Cell Name=L_GUA11084_LETAMENDI_SUR_2, eNodeB ID=11084, Cell FDD TDD indication=CELL_FDD",Reliable,724.488,45.915
2026-04-10 06:00,60,"L_GUA11084_LETAMENDI_SUR/Cell:eNodeB Function Name=L_GUA11084_LETAMENDI_SUR, Local Cell ID=1, Cell Name=L_GUA11084_LETAMENDI_SUR_1, eNodeB ID=11084, Cell FDD TDD indication=CELL_FDD",Reliable,129.853,18.034
2026-04-10 06:00,60,"L_GUA11085_MADRIGAL/Cell:eNodeB Function Name=L_GUA11085_MADRIGAL, Local Cell ID=9, Cell Name=L_GUA11085_MADRIGAL_9, eNodeB ID=11085, Cell FDD TDD indication=CELL_FDD",Reliable,149.804,11.011
2026-04-10 06:00,60,"L_GUA11085_MADRIGAL/Cell:eNodeB Function Name=L_GUA11085_MADRIGAL, Local Cell ID=8, Cell Name=L_GUA11085_MADRIGAL_8, eNodeB ID=11085, Cell FDD TDD indication=CELL_FDD",Reliable,154.568,15.517
2026-04-10 06:00,60,"L_GUA11085_MADRIGAL/Cell:eNodeB Function Name=L_GUA11085_MADRIGAL, Local Cell ID=7, Cell Name=L_GUA11085_MADRIGAL_7, eNodeB ID=11085, Cell FDD TDD indication=CELL_FDD",Reliable,970.11,72.09
2026-04-10 06:00,60,"L_GUA11085_MADRIGAL/Cell:eNodeB Function Name=L_GUA11085_MADRIGAL, Local Cell ID=3, Cell Name=L_GUA11085_MADRIGAL_3, eNodeB ID=11085, Cell FDD TDD indication=CELL_FDD",Reliable,529.123,54.961
2026-04-10 06:00,60,"L_GUA11085_MADRIGAL/Cell:eNodeB Function Name=L_GUA11085_MADRIGAL, Local Cell ID=2, Cell Name=L_GUA11085_MADRIGAL_2, eNodeB ID=11085, Cell FDD TDD indication=CELL_FDD",Reliable,354.877,43.816
2026-04-10 06:00,60,"L_GUA11085_MADRIGAL/Cell:eNodeB Function Name=L_GUA11085_MADRIGAL, Local Cell ID=1, Cell Name=L_GUA11085_MADRIGAL_1, eNodeB ID=11085, Cell FDD TDD indication=CELL_FDD",Reliable,605.869,68.91
2026-04-10 06:00,60,"L_GUA11096_PUERTO_LISA/Cell:eNodeB Function Name=L_GUA11096_PUERTO_LISA, Local Cell ID=9, Cell Name=L_GUA11096_PUERTO_LISA_9, eNodeB ID=11096, Cell FDD TDD indication=CELL_FDD",Reliable,124.915,10.429
2026-04-10 06:00,60,"L_GUA11096_PUERTO_LISA/Cell:eNodeB Function Name=L_GUA11096_PUERTO_LISA, Local Cell ID=8, Cell Name=L_GUA11096_PUERTO_LISA_8, eNodeB ID=11096, Cell FDD TDD indication=CELL_FDD",Reliable,540.572,63.97
2026-04-10 06:00,60,"L_GUA11096_PUERTO_LISA/Cell:eNodeB Function Name=L_GUA11096_PUERTO_LISA, Local Cell ID=7, Cell Name=L_GUA11096_PUERTO_LISA_7, eNodeB ID=11096, Cell FDD TDD indication=CELL_FDD",Reliable,559.701,55.166
2026-04-10 06:00,60,"L_GUA11096_PUERTO_LISA/Cell:eNodeB Function Name=L_GUA11096_PUERTO_LISA, Local Cell ID=3, Cell Name=L_GUA11096_PUERTO_LISA_3, eNodeB ID=11096, Cell FDD TDD indication=CELL_FDD",Reliable,478.69,46.46
2026-04-10 06:00,60,"L_GUA11096_PUERTO_LISA/Cell:eNodeB Function Name=L_GUA11096_PUERTO_LISA, Local Cell ID=2, Cell Name=L_GUA11096_PUERTO_LISA_2, eNodeB ID=11096, Cell FDD TDD indication=CELL_FDD",Reliable,927.805,105.644
2026-04-10 06:00,60,"L_GUA11096_PUERTO_LISA/Cell:eNodeB Function Name=L_GUA11096_PUERTO_LISA, Local Cell ID=1, Cell Name=L_GUA11096_PUERTO_LISA_1, eNodeB ID=11096, Cell FDD TDD indication=CELL_FDD",Reliable,281.636,48.808
2026-04-10 06:00,60,"L_GUA11104_TRINIPUERTO/Cell:eNodeB Function Name=L_GUA11104_TRINIPUERTO, Local Cell ID=9, Cell Name=L_GUA11104_TRINIPUERTO_9, eNodeB ID=11104, Cell FDD TDD indication=CELL_FDD",Reliable,877.542,83.508
2026-04-10 06:00,60,"L_GUA11104_TRINIPUERTO/Cell:eNodeB Function Name=L_GUA11104_TRINIPUERTO, Local Cell ID=8, Cell Name=L_GUA11104_TRINIPUERTO_8, eNodeB ID=11104, Cell FDD TDD indication=CELL_FDD",Reliable,758.71,80.954
2026-04-10 06:00,60,"L_GUA11104_TRINIPUERTO/Cell:eNodeB Function Name=L_GUA11104_TRINIPUERTO, Local Cell ID=7, Cell Name=L_GUA11104_TRINIPUERTO_7, eNodeB ID=11104, Cell FDD TDD indication=CELL_FDD",Reliable,28.393,2.409
2026-04-10 06:00,60,"L_GUA11104_TRINIPUERTO/Cell:eNodeB Function Name=L_GUA11104_TRINIPUERTO, Local Cell ID=3, Cell Name=L_GUA11104_TRINIPUERTO_3, eNodeB ID=11104, Cell FDD TDD indication=CELL_FDD",Reliable,3149.881,466.739
2026-04-10 06:00,60,"L_GUA11104_TRINIPUERTO/Cell:eNodeB Function Name=L_GUA11104_TRINIPUERTO, Local Cell ID=2, Cell Name=L_GUA11104_TRINIPUERTO_2, eNodeB ID=11104, Cell FDD TDD indication=CELL_FDD",Reliable,247.893,44.497
2026-04-10 06:00,60,"L_GUA11104_TRINIPUERTO/Cell:eNodeB Function Name=L_GUA11104_TRINIPUERTO, Local Cell ID=1, Cell Name=L_GUA11104_TRINIPUERTO_1, eNodeB ID=11104, Cell FDD TDD indication=CELL_FDD",Reliable,576.306,52.972
2026-04-10 06:00,60,"L_GUA11129_BATALLON_CENTRO/Cell:eNodeB Function Name=L_GUA11129_BATALLON_CENTRO, Local Cell ID=9, Cell Name=L_GUA11129_BATALLON_CENTRO_9, eNodeB ID=11129, Cell FDD TDD indication=CELL_FDD",Reliable,1930.592,87.411
2026-04-10 06:00,60,"L_GUA11129_BATALLON_CENTRO/Cell:eNodeB Function Name=L_GUA11129_BATALLON_CENTRO, Local Cell ID=8, Cell Name=L_GUA11129_BATALLON_CENTRO_8, eNodeB ID=11129, Cell FDD TDD indication=CELL_FDD",Reliable,164.023,11.231
2026-04-10 06:00,60,"L_GUA11129_BATALLON_CENTRO/Cell:eNodeB Function Name=L_GUA11129_BATALLON_CENTRO, Local Cell ID=7, Cell Name=L_GUA11129_BATALLON_CENTRO_7, eNodeB ID=11129, Cell FDD TDD indication=CELL_FDD",Reliable,480.715,25.53
2026-04-10 06:00,60,"L_GUA11129_BATALLON_CENTRO/Cell:eNodeB Function Name=L_GUA11129_BATALLON_CENTRO, Local Cell ID=3, Cell Name=L_GUA11129_BATALLON_CENTRO_3, eNodeB ID=11129, Cell FDD TDD indication=CELL_FDD",Reliable,360.816,63.053
2026-04-10 06:00,60,"L_GUA11129_BATALLON_CENTRO/Cell:eNodeB Function Name=L_GUA11129_BATALLON_CENTRO, Local Cell ID=2, Cell Name=L_GUA11129_BATALLON_CENTRO_2, eNodeB ID=11129, Cell FDD TDD indication=CELL_FDD",Reliable,1009.534,221.021
2026-04-10 06:00,60,"L_GUA11129_BATALLON_CENTRO/Cell:eNodeB Function Name=L_GUA11129_BATALLON_CENTRO, Local Cell ID=1, Cell Name=L_GUA11129_BATALLON_CENTRO_1, eNodeB ID=11129, Cell FDD TDD indication=CELL_FDD",Reliable,1095.99,174.471
2026-04-10 06:00,60,"L_GUA11173_PORTETE_SUR/Cell:eNodeB Function Name=L_GUA11173_PORTETE_SUR, Local Cell ID=9, Cell Name=L_GUA11173_PORTETE_SUR_9, eNodeB ID=11173, Cell FDD TDD indication=CELL_FDD",Reliable,107.379,5.449
2026-04-10 06:00,60,"L_GUA11173_PORTETE_SUR/Cell:eNodeB Function Name=L_GUA11173_PORTETE_SUR, Local Cell ID=8, Cell Name=L_GUA11173_PORTETE_SUR_8, eNodeB ID=11173, Cell FDD TDD indication=CELL_FDD",Reliable,85.993,12.279
2026-04-10 06:00,60,"L_GUA11173_PORTETE_SUR/Cell:eNodeB Function Name=L_GUA11173_PORTETE_SUR, Local Cell ID=7, Cell Name=L_GUA11173_PORTETE_SUR_7, eNodeB ID=11173, Cell FDD TDD indication=CELL_FDD",Reliable,30.841,4.935
2026-04-10 06:00,60,"L_GUA11173_PORTETE_SUR/Cell:eNodeB Function Name=L_GUA11173_PORTETE_SUR, Local Cell ID=3, Cell Name=L_GUA11173_PORTETE_SUR_3, eNodeB ID=11173, Cell FDD TDD indication=CELL_FDD",Reliable,1215.308,142.098
2026-04-10 06:00,60,"L_GUA11173_PORTETE_SUR/Cell:eNodeB Function Name=L_GUA11173_PORTETE_SUR, Local Cell ID=2, Cell Name=L_GUA11173_PORTETE_SUR_2, eNodeB ID=11173, Cell FDD TDD indication=CELL_FDD",Reliable,219.995,32.075
2026-04-10 06:00,60,"L_GUA11173_PORTETE_SUR/Cell:eNodeB Function Name=L_GUA11173_PORTETE_SUR, Local Cell ID=1, Cell Name=L_GUA11173_PORTETE_SUR_1, eNodeB ID=11173, Cell FDD TDD indication=CELL_FDD",Reliable,376.066,95.147
2026-04-10 06:00,60,"L_GUA11253_GUA_GYE_231/Cell:eNodeB Function Name=L_GUA11253_GUA_GYE_231, Local Cell ID=3, Cell Name=L_GUA11253_GUA_GYE_231_3, eNodeB ID=11253, Cell FDD TDD indication=CELL_FDD",Reliable,25.084,3.752
2026-04-10 06:00,60,"L_GUA11253_GUA_GYE_231/Cell:eNodeB Function Name=L_GUA11253_GUA_GYE_231, Local Cell ID=2, Cell Name=L_GUA11253_GUA_GYE_231_2, eNodeB ID=11253, Cell FDD TDD indication=CELL_FDD",Reliable,465.192,31.431
2026-04-10 06:00,60,"L_GUA11253_GUA_GYE_231/Cell:eNodeB Function Name=L_GUA11253_GUA_GYE_231, Local Cell ID=1, Cell Name=L_GUA11253_GUA_GYE_231_1, eNodeB ID=11253, Cell FDD TDD indication=CELL_FDD",Reliable,290.661,25.686
2026-04-10 06:00,60,"L_GUA11282_GUA_GYE_BARRIO_LINDO/Cell:eNodeB Function Name=L_GUA11282_GUA_GYE_BARRIO_LINDO, Local Cell ID=3, Cell Name=L_GUA11282_GUA_GYE_BARRIO_LINDO_3, eNodeB ID=11282, Cell FDD TDD indication=CELL_FDD",Reliable,71.711,8.426
2026-04-10 06:00,60,"L_GUA11282_GUA_GYE_BARRIO_LINDO/Cell:eNodeB Function Name=L_GUA11282_GUA_GYE_BARRIO_LINDO, Local Cell ID=2, Cell Name=L_GUA11282_GUA_GYE_BARRIO_LINDO_2, eNodeB ID=11282, Cell FDD TDD indication=CELL_FDD",Reliable,288.257,31.589
2026-04-10 06:00,60,"L_GUA11282_GUA_GYE_BARRIO_LINDO/Cell:eNodeB Function Name=L_GUA11282_GUA_GYE_BARRIO_LINDO, Local Cell ID=1, Cell Name=L_GUA11282_GUA_GYE_BARRIO_LINDO_1, eNodeB ID=11282, Cell FDD TDD indication=CELL_FDD",Reliable,361.335,20.413
2026-04-10 06:00,60,"L_GUA11338_GUA_GYE_PERIMETRAL/Cell:eNodeB Function Name=L_GUA11338_GUA_GYE_PERIMETRAL, Local Cell ID=3, Cell Name=L_GUA11338_GUA_GYE_PERIMETRAL_3, eNodeB ID=11338, Cell FDD TDD indication=CELL_FDD",Reliable,307.025,28.18
2026-04-10 06:00,60,"L_GUA11338_GUA_GYE_PERIMETRAL/Cell:eNodeB Function Name=L_GUA11338_GUA_GYE_PERIMETRAL, Local Cell ID=2, Cell Name=L_GUA11338_GUA_GYE_PERIMETRAL_2, eNodeB ID=11338, Cell FDD TDD indication=CELL_FDD",Reliable,178.465,26.806
2026-04-10 06:00,60,"L_GUA11338_GUA_GYE_PERIMETRAL/Cell:eNodeB Function Name=L_GUA11338_GUA_GYE_PERIMETRAL, Local Cell ID=1, Cell Name=L_GUA11338_GUA_GYE_PERIMETRAL_1, eNodeB ID=11338, Cell FDD TDD indication=CELL_FDD",Reliable,1007.616,54.146
2026-04-10 06:00,60,"L_GUA11344_GUA_GYE_FUERZA_DE_LOS_POBRES/Cell:eNodeB Function Name=L_GUA11344_GUA_GYE_FUERZA_DE_LOS_POBRES, Local Cell ID=3, Cell Name=L_GUA11344_GUA_GYE_FUERZA_DE_LOS_POBRES_3, eNodeB ID=11344, Cell FDD TDD indication=CELL_FDD",Reliable,248.152,26.456
2026-04-10 06:00,60,"L_GUA11344_GUA_GYE_FUERZA_DE_LOS_POBRES/Cell:eNodeB Function Name=L_GUA11344_GUA_GYE_FUERZA_DE_LOS_POBRES, Local Cell ID=2, Cell Name=L_GUA11344_GUA_GYE_FUERZA_DE_LOS_POBRES_2, eNodeB ID=11344, Cell FDD TDD indication=CELL_FDD",Reliable,87.014,11.687
2026-04-10 06:00,60,"L_GUA11344_GUA_GYE_FUERZA_DE_LOS_POBRES/Cell:eNodeB Function Name=L_GUA11344_GUA_GYE_FUERZA_DE_LOS_POBRES, Local Cell ID=1, Cell Name=L_GUA11344_GUA_GYE_FUERZA_DE_LOS_POBRES_1, eNodeB ID=11344, Cell FDD TDD indication=CELL_FDD",Reliable,1027.314,102.328
2026-04-10 06:00,60,"L_GUA11027_URDANETA/Cell:eNodeB Function Name=L_GUA11027_URDANETA, Local Cell ID=3, Cell Name=L_GUA11027_URDANETA_3, eNodeB ID=11027, Cell FDD TDD indication=CELL_FDD",Reliable,504.219,61.986
2026-04-10 06:00,60,"L_GUA11027_URDANETA/Cell:eNodeB Function Name=L_GUA11027_URDANETA, Local Cell ID=2, Cell Name=L_GUA11027_URDANETA_2, eNodeB ID=11027, Cell FDD TDD indication=CELL_FDD",Reliable,192.456,20.594
2026-04-10 06:00,60,"L_GUA11027_URDANETA/Cell:eNodeB Function Name=L_GUA11027_URDANETA, Local Cell ID=1, Cell Name=L_GUA11027_URDANETA_1, eNodeB ID=11027, Cell FDD TDD indication=CELL_FDD",Reliable,127.69,12.954
2026-04-10 06:00,60,"L_GUA11066_BARRIO_PUERTO_LISA/Cell:eNodeB Function Name=L_GUA11066_BARRIO_PUERTO_LISA, Local Cell ID=9, Cell Name=L_GUA11066_BARRIO_PUERTO_LISA_9, eNodeB ID=11066, Cell FDD TDD indication=CELL_FDD",Reliable,165.354,12.907
2026-04-10 06:00,60,"L_GUA11066_BARRIO_PUERTO_LISA/Cell:eNodeB Function Name=L_GUA11066_BARRIO_PUERTO_LISA, Local Cell ID=8, Cell Name=L_GUA11066_BARRIO_PUERTO_LISA_8, eNodeB ID=11066, Cell FDD TDD indication=CELL_FDD",Reliable,70.693,6.792
2026-04-10 06:00,60,"L_GUA11066_BARRIO_PUERTO_LISA/Cell:eNodeB Function Name=L_GUA11066_BARRIO_PUERTO_LISA, Local Cell ID=7, Cell Name=L_GUA11066_BARRIO_PUERTO_LISA_7, eNodeB ID=11066, Cell FDD TDD indication=CELL_FDD",Reliable,287.323,22.977
2026-04-10 06:00,60,"L_GUA11066_BARRIO_PUERTO_LISA/Cell:eNodeB Function Name=L_GUA11066_BARRIO_PUERTO_LISA, Local Cell ID=3, Cell Name=L_GUA11066_BARRIO_PUERTO_LISA_3, eNodeB ID=11066, Cell FDD TDD indication=CELL_FDD",Reliable,218.97,18.063
2026-04-10 06:00,60,"L_GUA11066_BARRIO_PUERTO_LISA/Cell:eNodeB Function Name=L_GUA11066_BARRIO_PUERTO_LISA, Local Cell ID=2, Cell Name=L_GUA11066_BARRIO_PUERTO_LISA_2, eNodeB ID=11066, Cell FDD TDD indication=CELL_FDD",Reliable,587.619,52.684
2026-04-10 06:00,60,"L_GUA11066_BARRIO_PUERTO_LISA/Cell:eNodeB Function Name=L_GUA11066_BARRIO_PUERTO_LISA, Local Cell ID=1, Cell Name=L_GUA11066_BARRIO_PUERTO_LISA_1, eNodeB ID=11066, Cell FDD TDD indication=CELL_FDD",Reliable,238.567,22.752
2026-04-10 06:00,60,"L_GUA11075_GARAY/Cell:eNodeB Function Name=L_GUA11075_GARAY, Local Cell ID=9, Cell Name=L_GUA11075_GARAY_9, eNodeB ID=11075, Cell FDD TDD indication=CELL_FDD",Reliable,72.233,8.206
2026-04-10 06:00,60,"L_GUA11075_GARAY/Cell:eNodeB Function Name=L_GUA11075_GARAY, Local Cell ID=8, Cell Name=L_GUA11075_GARAY_8, eNodeB ID=11075, Cell FDD TDD indication=CELL_FDD",Reliable,247.641,13.265
2026-04-10 06:00,60,"L_GUA11075_GARAY/Cell:eNodeB Function Name=L_GUA11075_GARAY, Local Cell ID=7, Cell Name=L_GUA11075_GARAY_7, eNodeB ID=11075, Cell FDD TDD indication=CELL_FDD",Reliable,710.254,57.178
2026-04-10 06:00,60,"L_GUA11075_GARAY/Cell:eNodeB Function Name=L_GUA11075_GARAY, Local Cell ID=3, Cell Name=L_GUA11075_GARAY_3, eNodeB ID=11075, Cell FDD TDD indication=CELL_FDD",Reliable,321.754,27.571
2026-04-10 06:00,60,"L_GUA11075_GARAY/Cell:eNodeB Function Name=L_GUA11075_GARAY, Local Cell ID=2, Cell Name=L_GUA11075_GARAY_2, eNodeB ID=11075, Cell FDD TDD indication=CELL_FDD",Reliable,317.749,32.956
2026-04-10 06:00,60,"L_GUA11075_GARAY/Cell:eNodeB Function Name=L_GUA11075_GARAY, Local Cell ID=1, Cell Name=L_GUA11075_GARAY_1, eNodeB ID=11075, Cell FDD TDD indication=CELL_FDD",Reliable,1710.435,145.479
2026-04-10 06:00,60,"L_GUA11164_CAPWELL/Cell:eNodeB Function Name=L_GUA11164_CAPWELL, Local Cell ID=9, Cell Name=L_GUA11164_CAPWELL_9, eNodeB ID=11164, Cell FDD TDD indication=CELL_FDD",Reliable,115.405,126.043
2026-04-10 06:00,60,"L_GUA11164_CAPWELL/Cell:eNodeB Function Name=L_GUA11164_CAPWELL, Local Cell ID=8, Cell Name=L_GUA11164_CAPWELL_8, eNodeB ID=11164, Cell FDD TDD indication=CELL_FDD",Reliable,16.984,5.201
2026-04-10 06:00,60,"L_GUA11164_CAPWELL/Cell:eNodeB Function Name=L_GUA11164_CAPWELL, Local Cell ID=7, Cell Name=L_GUA11164_CAPWELL_7, eNodeB ID=11164, Cell FDD TDD indication=CELL_FDD",Reliable,44.983,2.999
2026-04-10 06:00,60,"L_GUA11164_CAPWELL/Cell:eNodeB Function Name=L_GUA11164_CAPWELL, Local Cell ID=3, Cell Name=L_GUA11164_CAPWELL_3, eNodeB ID=11164, Cell FDD TDD indication=CELL_FDD",Reliable,472.877,31.909
2026-04-10 06:00,60,"L_GUA11164_CAPWELL/Cell:eNodeB Function Name=L_GUA11164_CAPWELL, Local Cell ID=2, Cell Name=L_GUA11164_CAPWELL_2, eNodeB ID=11164, Cell FDD TDD indication=CELL_FDD",Reliable,27.792,3.942
2026-04-10 06:00,60,"L_GUA11164_CAPWELL/Cell:eNodeB Function Name=L_GUA11164_CAPWELL, Local Cell ID=1, Cell Name=L_GUA11164_CAPWELL_1, eNodeB ID=11164, Cell FDD TDD indication=CELL_FDD",Reliable,222.088,14.368
2026-04-10 06:00,60,"L_GUA11184_URDANETA_SUR/Cell:eNodeB Function Name=L_GUA11184_URDANETA_SUR, Local Cell ID=9, Cell Name=L_GUA11184_URDANETA_SUR_9, eNodeB ID=11184, Cell FDD TDD indication=CELL_FDD",Reliable,187.987,13.534
2026-04-10 06:00,60,"L_GUA11184_URDANETA_SUR/Cell:eNodeB Function Name=L_GUA11184_URDANETA_SUR, Local Cell ID=8, Cell Name=L_GUA11184_URDANETA_SUR_8, eNodeB ID=11184, Cell FDD TDD indication=CELL_FDD",Reliable,463.753,47.839
2026-04-10 06:00,60,"L_GUA11184_URDANETA_SUR/Cell:eNodeB Function Name=L_GUA11184_URDANETA_SUR, Local Cell ID=7, Cell Name=L_GUA11184_URDANETA_SUR_7, eNodeB ID=11184, Cell FDD TDD indication=CELL_FDD",Reliable,6.132,1.55
2026-04-10 06:00,60,"L_GUA11184_URDANETA_SUR/Cell:eNodeB Function Name=L_GUA11184_URDANETA_SUR, Local Cell ID=3, Cell Name=L_GUA11184_URDANETA_SUR_3, eNodeB ID=11184, Cell FDD TDD indication=CELL_FDD",Reliable,467.825,205.789
2026-04-10 06:00,60,"L_GUA11184_URDANETA_SUR/Cell:eNodeB Function Name=L_GUA11184_URDANETA_SUR, Local Cell ID=2, Cell Name=L_GUA11184_URDANETA_SUR_2, eNodeB ID=11184, Cell FDD TDD indication=CELL_FDD",Reliable,596.588,109.141
2026-04-10 06:00,60,"L_GUA11184_URDANETA_SUR/Cell:eNodeB Function Name=L_GUA11184_URDANETA_SUR, Local Cell ID=1, Cell Name=L_GUA11184_URDANETA_SUR_1, eNodeB ID=11184, Cell FDD TDD indication=CELL_FDD",Reliable,169.994,15.745
2026-04-10 06:00,60,"L_GUA11193_AYACUCHO_NORTE/Cell:eNodeB Function Name=L_GUA11193_AYACUCHO_NORTE, Local Cell ID=9, Cell Name=L_GUA11193_AYACUCHO_NORTE_9, eNodeB ID=11193, Cell FDD TDD indication=CELL_FDD",Reliable,153.276,14.056
2026-04-10 06:00,60,"L_GUA11193_AYACUCHO_NORTE/Cell:eNodeB Function Name=L_GUA11193_AYACUCHO_NORTE, Local Cell ID=8, Cell Name=L_GUA11193_AYACUCHO_NORTE_8, eNodeB ID=11193, Cell FDD TDD indication=CELL_FDD",Reliable,5.263,1.663
2026-04-10 06:00,60,"L_GUA11193_AYACUCHO_NORTE/Cell:eNodeB Function Name=L_GUA11193_AYACUCHO_NORTE, Local Cell ID=7, Cell Name=L_GUA11193_AYACUCHO_NORTE_7, eNodeB ID=11193, Cell FDD TDD indication=CELL_FDD",Reliable,559.217,87.928
2026-04-10 06:00,60,"L_GUA11193_AYACUCHO_NORTE/Cell:eNodeB Function Name=L_GUA11193_AYACUCHO_NORTE, Local Cell ID=3, Cell Name=L_GUA11193_AYACUCHO_NORTE_3, eNodeB ID=11193, Cell FDD TDD indication=CELL_FDD",Reliable,710.907,57.661
2026-04-10 06:00,60,"L_GUA11193_AYACUCHO_NORTE/Cell:eNodeB Function Name=L_GUA11193_AYACUCHO_NORTE, Local Cell ID=2, Cell Name=L_GUA11193_AYACUCHO_NORTE_2, eNodeB ID=11193, Cell FDD TDD indication=CELL_FDD",Reliable,54.869,8.52
2026-04-10 06:00,60,"L_GUA11193_AYACUCHO_NORTE/Cell:eNodeB Function Name=L_GUA11193_AYACUCHO_NORTE, Local Cell ID=1, Cell Name=L_GUA11193_AYACUCHO_NORTE_1, eNodeB ID=11193, Cell FDD TDD indication=CELL_FDD",Reliable,980.447,81.031
2026-04-10 06:00,60,"L_GUA11199_MILAGROGYE/Cell:eNodeB Function Name=L_GUA11199_MILAGROGYE, Local Cell ID=9, Cell Name=L_GUA11199_MILAGROGYE_9, eNodeB ID=11199, Cell FDD TDD indication=CELL_FDD",Reliable,174.379,17.884
2026-04-10 06:00,60,"L_GUA11199_MILAGROGYE/Cell:eNodeB Function Name=L_GUA11199_MILAGROGYE, Local Cell ID=8, Cell Name=L_GUA11199_MILAGROGYE_8, eNodeB ID=11199, Cell FDD TDD indication=CELL_FDD",Reliable,208.457,18.018
2026-04-10 06:00,60,"L_GUA11199_MILAGROGYE/Cell:eNodeB Function Name=L_GUA11199_MILAGROGYE, Local Cell ID=7, Cell Name=L_GUA11199_MILAGROGYE_7, eNodeB ID=11199, Cell FDD TDD indication=CELL_FDD",Reliable,233.785,17.894
2026-04-10 06:00,60,"L_GUA11199_MILAGROGYE/Cell:eNodeB Function Name=L_GUA11199_MILAGROGYE, Local Cell ID=3, Cell Name=L_GUA11199_MILAGROGYE_3, eNodeB ID=11199, Cell FDD TDD indication=CELL_FDD",Reliable,612.919,49.102
2026-04-10 06:00,60,"L_GUA11199_MILAGROGYE/Cell:eNodeB Function Name=L_GUA11199_MILAGROGYE, Local Cell ID=2, Cell Name=L_GUA11199_MILAGROGYE_2, eNodeB ID=11199, Cell FDD TDD indication=CELL_FDD",Reliable,222.785,44.36
2026-04-10 06:00,60,"L_GUA11199_MILAGROGYE/Cell:eNodeB Function Name=L_GUA11199_MILAGROGYE, Local Cell ID=1, Cell Name=L_GUA11199_MILAGROGYE_1, eNodeB ID=11199, Cell FDD TDD indication=CELL_FDD",Reliable,425.063,83.114
2026-04-10 06:00,60,"L_GUA11213_FORESTAL_GYE/Cell:eNodeB Function Name=L_GUA11213_FORESTAL_GYE, Local Cell ID=9, Cell Name=L_GUA11213_FORESTAL_GYE_9, eNodeB ID=11213, Cell FDD TDD indication=CELL_FDD",Reliable,13.298,1.144
2026-04-10 06:00,60,"L_GUA11213_FORESTAL_GYE/Cell:eNodeB Function Name=L_GUA11213_FORESTAL_GYE, Local Cell ID=8, Cell Name=L_GUA11213_FORESTAL_GYE_8, eNodeB ID=11213, Cell FDD TDD indication=CELL_FDD",Reliable,28.222,2.717
2026-04-10 06:00,60,"L_GUA11213_FORESTAL_GYE/Cell:eNodeB Function Name=L_GUA11213_FORESTAL_GYE, Local Cell ID=7, Cell Name=L_GUA11213_FORESTAL_GYE_7, eNodeB ID=11213, Cell FDD TDD indication=CELL_FDD",Reliable,28.829,57.654
2026-04-10 06:00,60,"L_GUA11213_FORESTAL_GYE/Cell:eNodeB Function Name=L_GUA11213_FORESTAL_GYE, Local Cell ID=3, Cell Name=L_GUA11213_FORESTAL_GYE_3, eNodeB ID=11213, Cell FDD TDD indication=CELL_FDD",Reliable,125.221,113.619
2026-04-10 06:00,60,"L_GUA11213_FORESTAL_GYE/Cell:eNodeB Function Name=L_GUA11213_FORESTAL_GYE, Local Cell ID=2, Cell Name=L_GUA11213_FORESTAL_GYE_2, eNodeB ID=11213, Cell FDD TDD indication=CELL_FDD",Reliable,444.555,87.912
2026-04-10 06:00,60,"L_GUA11213_FORESTAL_GYE/Cell:eNodeB Function Name=L_GUA11213_FORESTAL_GYE, Local Cell ID=1, Cell Name=L_GUA11213_FORESTAL_GYE_1, eNodeB ID=11213, Cell FDD TDD indication=CELL_FDD",Reliable,573.173,54.714
2026-04-10 06:00,60,"L_GUA11267_LA_UNIVERSAL/Cell:eNodeB Function Name=L_GUA11267_LA_UNIVERSAL, Local Cell ID=9, Cell Name=L_GUA11267_LA_UNIVERSAL_9, eNodeB ID=11267, Cell FDD TDD indication=CELL_FDD",Reliable,175.934,15.205
2026-04-10 06:00,60,"L_GUA11267_LA_UNIVERSAL/Cell:eNodeB Function Name=L_GUA11267_LA_UNIVERSAL, Local Cell ID=8, Cell Name=L_GUA11267_LA_UNIVERSAL_8, eNodeB ID=11267, Cell FDD TDD indication=CELL_FDD",Reliable,748.767,69.485
2026-04-10 06:00,60,"L_GUA11267_LA_UNIVERSAL/Cell:eNodeB Function Name=L_GUA11267_LA_UNIVERSAL, Local Cell ID=7, Cell Name=L_GUA11267_LA_UNIVERSAL_7, eNodeB ID=11267, Cell FDD TDD indication=CELL_FDD",Reliable,87.343,10.988
2026-04-10 06:00,60,"L_GUA11267_LA_UNIVERSAL/Cell:eNodeB Function Name=L_GUA11267_LA_UNIVERSAL, Local Cell ID=3, Cell Name=L_GUA11267_LA_UNIVERSAL_3, eNodeB ID=11267, Cell FDD TDD indication=CELL_FDD",Reliable,69.507,12.872
2026-04-10 06:00,60,"L_GUA11267_LA_UNIVERSAL/Cell:eNodeB Function Name=L_GUA11267_LA_UNIVERSAL, Local Cell ID=2, Cell Name=L_GUA11267_LA_UNIVERSAL_2, eNodeB ID=11267, Cell FDD TDD indication=CELL_FDD",Reliable,245.658,20.64
2026-04-10 06:00,60,"L_GUA11267_LA_UNIVERSAL/Cell:eNodeB Function Name=L_GUA11267_LA_UNIVERSAL, Local Cell ID=1, Cell Name=L_GUA11267_LA_UNIVERSAL_1, eNodeB ID=11267, Cell FDD TDD indication=CELL_FDD",Reliable,49.128,5.617
2026-04-10 06:00,60,"L_GUA11030_SAN_MARINO/Cell:eNodeB Function Name=L_GUA11030_SAN_MARINO, Local Cell ID=9, Cell Name=L_GUA11030_SAN_MARINO_9, eNodeB ID=11030, Cell FDD TDD indication=CELL_FDD",Reliable,87.198,41.932
2026-04-10 06:00,60,"L_GUA11030_SAN_MARINO/Cell:eNodeB Function Name=L_GUA11030_SAN_MARINO, Local Cell ID=8, Cell Name=L_GUA11030_SAN_MARINO_8, eNodeB ID=11030, Cell FDD TDD indication=CELL_FDD",Reliable,370.607,26.35
2026-04-10 06:00,60,"L_GUA11030_SAN_MARINO/Cell:eNodeB Function Name=L_GUA11030_SAN_MARINO, Local Cell ID=7, Cell Name=L_GUA11030_SAN_MARINO_7, eNodeB ID=11030, Cell FDD TDD indication=CELL_FDD",Reliable,4.681,0.844
2026-04-10 06:00,60,"L_GUA11030_SAN_MARINO/Cell:eNodeB Function Name=L_GUA11030_SAN_MARINO, Local Cell ID=3, Cell Name=L_GUA11030_SAN_MARINO_3, eNodeB ID=11030, Cell FDD TDD indication=CELL_FDD",Reliable,851.103,151.358
2026-04-10 06:00,60,"L_GUA11030_SAN_MARINO/Cell:eNodeB Function Name=L_GUA11030_SAN_MARINO, Local Cell ID=2, Cell Name=L_GUA11030_SAN_MARINO_2, eNodeB ID=11030, Cell FDD TDD indication=CELL_FDD",Reliable,320.29,46.722
2026-04-10 06:00,60,"L_GUA11030_SAN_MARINO/Cell:eNodeB Function Name=L_GUA11030_SAN_MARINO, Local Cell ID=1, Cell Name=L_GUA11030_SAN_MARINO_1, eNodeB ID=11030, Cell FDD TDD indication=CELL_FDD",Reliable,156.119,15.103
2026-04-10 06:00,60,"L_GUA11721_GUA_GYE_CEIBOS PERIMETRAL/Cell:eNodeB Function Name=L_GUA11721_GUA_GYE_CEIBOS PERIMETRAL, Local Cell ID=9, Cell Name=L_GUA11721_GUA_GYE_CEIBOS PERIMETRAL_9, eNodeB ID=11721, Cell FDD TDD indication=CELL_FDD",Reliable,425.105,60.118
2026-04-10 06:00,60,"L_GUA11721_GUA_GYE_CEIBOS PERIMETRAL/Cell:eNodeB Function Name=L_GUA11721_GUA_GYE_CEIBOS PERIMETRAL, Local Cell ID=8, Cell Name=L_GUA11721_GUA_GYE_CEIBOS PERIMETRAL_8, eNodeB ID=11721, Cell FDD TDD indication=CELL_FDD",Reliable,99.89,8.924
2026-04-10 06:00,60,"L_GUA11721_GUA_GYE_CEIBOS PERIMETRAL/Cell:eNodeB Function Name=L_GUA11721_GUA_GYE_CEIBOS PERIMETRAL, Local Cell ID=7, Cell Name=L_GUA11721_GUA_GYE_CEIBOS PERIMETRAL_7, eNodeB ID=11721, Cell FDD TDD indication=CELL_FDD",Reliable,781.886,48.948
2026-04-10 06:00,60,"L_GUA11721_GUA_GYE_CEIBOS PERIMETRAL/Cell:eNodeB Function Name=L_GUA11721_GUA_GYE_CEIBOS PERIMETRAL, Local Cell ID=3, Cell Name=L_GUA11721_GUA_GYE_CEIBOS PERIMETRAL_3, eNodeB ID=11721, Cell FDD TDD indication=CELL_FDD",Reliable,504.772,86.708
2026-04-10 06:00,60,"L_GUA11721_GUA_GYE_CEIBOS PERIMETRAL/Cell:eNodeB Function Name=L_GUA11721_GUA_GYE_CEIBOS PERIMETRAL, Local Cell ID=2, Cell Name=L_GUA11721_GUA_GYE_CEIBOS PERIMETRAL_2, eNodeB ID=11721, Cell FDD TDD indication=CELL_FDD",Reliable,701.102,62.777
2026-04-10 06:00,60,"L_GUA11721_GUA_GYE_CEIBOS PERIMETRAL/Cell:eNodeB Function Name=L_GUA11721_GUA_GYE_CEIBOS PERIMETRAL, Local Cell ID=1, Cell Name=L_GUA11721_GUA_GYE_CEIBOS PERIMETRAL_1, eNodeB ID=11721, Cell FDD TDD indication=CELL_FDD",Reliable,1539.149,174.752
2026-04-10 06:00,60,"ORO_PAS_PASAJE_L/Cell:eNodeB Function Name=ORO_PAS_PASAJE_L, Local Cell ID=3, Cell Name=ORO_PAS_PASAJE_L21_3, eNodeB ID=22071, Cell FDD TDD indication=CELL_FDD",Reliable,890.301,83.819
2026-04-10 06:00,60,"ORO_PAS_PASAJE_L/Cell:eNodeB Function Name=ORO_PAS_PASAJE_L, Local Cell ID=2, Cell Name=ORO_PAS_PASAJE_L21_2, eNodeB ID=22071, Cell FDD TDD indication=CELL_FDD",Reliable,1719.172,339.692
2026-04-10 06:00,60,"ORO_PAS_PASAJE_L/Cell:eNodeB Function Name=ORO_PAS_PASAJE_L, Local Cell ID=1, Cell Name=ORO_PAS_PASAJE_L21_1, eNodeB ID=22071, Cell FDD TDD indication=CELL_FDD",Reliable,1191.265,79.609
2026-04-10 06:00,60,"L_GUA11245_GUA_GYE_053/Cell:eNodeB Function Name=L_GUA11245_GUA_GYE_053, Local Cell ID=9, Cell Name=L_GUA11245_GUA_GYE_053_9, eNodeB ID=11245, Cell FDD TDD indication=CELL_FDD",Reliable,0.502,0.166
2026-04-10 06:00,60,"L_GUA11245_GUA_GYE_053/Cell:eNodeB Function Name=L_GUA11245_GUA_GYE_053, Local Cell ID=8, Cell Name=L_GUA11245_GUA_GYE_053_8, eNodeB ID=11245, Cell FDD TDD indication=CELL_FDD",Reliable,23.947,3.572
2026-04-10 06:00,60,"L_GUA11245_GUA_GYE_053/Cell:eNodeB Function Name=L_GUA11245_GUA_GYE_053, Local Cell ID=7, Cell Name=L_GUA11245_GUA_GYE_053_7, eNodeB ID=11245, Cell FDD TDD indication=CELL_FDD",Reliable,299.304,20.092
2026-04-10 06:00,60,"L_GUA11245_GUA_GYE_053/Cell:eNodeB Function Name=L_GUA11245_GUA_GYE_053, Local Cell ID=3, Cell Name=L_GUA11245_GUA_GYE_053_3, eNodeB ID=11245, Cell FDD TDD indication=CELL_FDD",Reliable,52.352,9.565
2026-04-10 06:00,60,"L_GUA11245_GUA_GYE_053/Cell:eNodeB Function Name=L_GUA11245_GUA_GYE_053, Local Cell ID=2, Cell Name=L_GUA11245_GUA_GYE_053_2, eNodeB ID=11245, Cell FDD TDD indication=CELL_FDD",Reliable,539.873,47.044
2026-04-10 06:00,60,"L_GUA11245_GUA_GYE_053/Cell:eNodeB Function Name=L_GUA11245_GUA_GYE_053, Local Cell ID=1, Cell Name=L_GUA11245_GUA_GYE_053_1, eNodeB ID=11245, Cell FDD TDD indication=CELL_FDD",Reliable,714.238,44.247
2026-04-10 06:00,60,"L_GUA11112_MINISTERIO_DEL_LITORAL/Cell:eNodeB Function Name=L_GUA11112_MINISTERIO_DEL_LITORAL, Local Cell ID=9, Cell Name=L_GUA11112_MINISTERIO_DEL_LITORAL_9, eNodeB ID=11112, Cell FDD TDD indication=CELL_FDD",Reliable,17.794,3.388
2026-04-10 06:00,60,"L_GUA11112_MINISTERIO_DEL_LITORAL/Cell:eNodeB Function Name=L_GUA11112_MINISTERIO_DEL_LITORAL, Local Cell ID=8, Cell Name=L_GUA11112_MINISTERIO_DEL_LITORAL_8, eNodeB ID=11112, Cell FDD TDD indication=CELL_FDD",Reliable,13.331,3.45
2026-04-10 06:00,60,"L_GUA11112_MINISTERIO_DEL_LITORAL/Cell:eNodeB Function Name=L_GUA11112_MINISTERIO_DEL_LITORAL, Local Cell ID=7, Cell Name=L_GUA11112_MINISTERIO_DEL_LITORAL_7, eNodeB ID=11112, Cell FDD TDD indication=CELL_FDD",Reliable,27.022,6.203
2026-04-10 06:00,60,"L_GUA11112_MINISTERIO_DEL_LITORAL/Cell:eNodeB Function Name=L_GUA11112_MINISTERIO_DEL_LITORAL, Local Cell ID=3, Cell Name=L_GUA11112_MINISTERIO_DEL_LITORAL_3, eNodeB ID=11112, Cell FDD TDD indication=CELL_FDD",Reliable,42.993,7.397
2026-04-10 06:00,60,"L_GUA11112_MINISTERIO_DEL_LITORAL/Cell:eNodeB Function Name=L_GUA11112_MINISTERIO_DEL_LITORAL, Local Cell ID=2, Cell Name=L_GUA11112_MINISTERIO_DEL_LITORAL_2, eNodeB ID=11112, Cell FDD TDD indication=CELL_FDD",Reliable,310.887,32.957
2026-04-10 06:00,60,"L_GUA11112_MINISTERIO_DEL_LITORAL/Cell:eNodeB Function Name=L_GUA11112_MINISTERIO_DEL_LITORAL, Local Cell ID=1, Cell Name=L_GUA11112_MINISTERIO_DEL_LITORAL_1, eNodeB ID=11112, Cell FDD TDD indication=CELL_FDD",Reliable,230.413,16.274
2026-04-10 06:00,60,"L_GUA11102_TRMNL_TRRSTRE_GYE/Cell:eNodeB Function Name=L_GUA11102_TRMNL_TRRSTRE_GYE, Local Cell ID=9, Cell Name=L_GUA11102_TRMNL_TRRSTRE_GYE_9, eNodeB ID=11102, Cell FDD TDD indication=CELL_FDD",Reliable,600.093,70.499
2026-04-10 06:00,60,"L_GUA11102_TRMNL_TRRSTRE_GYE/Cell:eNodeB Function Name=L_GUA11102_TRMNL_TRRSTRE_GYE, Local Cell ID=8, Cell Name=L_GUA11102_TRMNL_TRRSTRE_GYE_8, eNodeB ID=11102, Cell FDD TDD indication=CELL_FDD",Reliable,707.733,148.298
2026-04-10 06:00,60,"L_GUA11102_TRMNL_TRRSTRE_GYE/Cell:eNodeB Function Name=L_GUA11102_TRMNL_TRRSTRE_GYE, Local Cell ID=7, Cell Name=L_GUA11102_TRMNL_TRRSTRE_GYE_7, eNodeB ID=11102, Cell FDD TDD indication=CELL_FDD",Reliable,993.993,155.007
2026-04-10 06:00,60,"L_GUA11110_MALL_DEL_SOL/Cell:eNodeB Function Name=L_GUA11110_MALL_DEL_SOL, Local Cell ID=9, Cell Name=L_GUA11110_MALL_DEL_SOL_9, eNodeB ID=11110, Cell FDD TDD indication=CELL_FDD",Reliable,0,0
2026-04-10 06:00,60,"L_GUA11110_MALL_DEL_SOL/Cell:eNodeB Function Name=L_GUA11110_MALL_DEL_SOL, Local Cell ID=8, Cell Name=L_GUA11110_MALL_DEL_SOL_8, eNodeB ID=11110, Cell FDD TDD indication=CELL_FDD",Reliable,0,0
2026-04-10 06:00,60,"L_GUA11110_MALL_DEL_SOL/Cell:eNodeB Function Name=L_GUA11110_MALL_DEL_SOL, Local Cell ID=7, Cell Name=L_GUA11110_MALL_DEL_SOL_7, eNodeB ID=11110, Cell FDD TDD indication=CELL_FDD",Reliable,0,0
2026-04-10 06:00,60,"L_GUA11110_MALL_DEL_SOL/Cell:eNodeB Function Name=L_GUA11110_MALL_DEL_SOL, Local Cell ID=3, Cell Name=L_GUA11110_MALL_DEL_SOL_3, eNodeB ID=11110, Cell FDD TDD indication=CELL_FDD",Reliable,0,0
2026-04-10 06:00,60,"L_GUA11110_MALL_DEL_SOL/Cell:eNodeB Function Name=L_GUA11110_MALL_DEL_SOL, Local Cell ID=2, Cell Name=L_GUA11110_MALL_DEL_SOL_2, eNodeB ID=11110, Cell FDD TDD indication=CELL_FDD",Reliable,0,0
2026-04-10 06:00,60,"L_GUA11110_MALL_DEL_SOL/Cell:eNodeB Function Name=L_GUA11110_MALL_DEL_SOL, Local Cell ID=1, Cell Name=L_GUA11110_MALL_DEL_SOL_1, eNodeB ID=11110, Cell FDD TDD indication=CELL_FDD",Reliable,0,0
2026-04-10 06:00,60,"L_GUA11110_MALL_DEL_SOL/Cell:eNodeB Function Name=L_GUA11110_MALL_DEL_SOL, Local Cell ID=5, Cell Name=L_GUA11110_MALL_DEL_SOL_5, eNodeB ID=11110, Cell FDD TDD indication=CELL_FDD",Reliable,1.212,0.564
2026-04-10 06:00,60,"L_GUA11110_MALL_DEL_SOL/Cell:eNodeB Function Name=L_GUA11110_MALL_DEL_SOL, Local Cell ID=4, Cell Name=L_GUA11110_MALL_DEL_SOL_4, eNodeB ID=11110, Cell FDD TDD indication=CELL_FDD",Reliable,0.184,0.186
2026-04-10 06:00,60,"L_GUA11059_COLINAS_DE_LA_FLORIDA/Cell:eNodeB Function Name=L_GUA11059_COLINAS_DE_LA_FLORIDA, Local Cell ID=9, Cell Name=L_GUA11059_COLINAS_DE_LA_FLORIDA_9, eNodeB ID=11059, Cell FDD TDD indication=CELL_FDD",Reliable,202.183,36.863
2026-04-10 06:00,60,"L_GUA11059_COLINAS_DE_LA_FLORIDA/Cell:eNodeB Function Name=L_GUA11059_COLINAS_DE_LA_FLORIDA, Local Cell ID=8, Cell Name=L_GUA11059_COLINAS_DE_LA_FLORIDA_8, eNodeB ID=11059, Cell FDD TDD indication=CELL_FDD",Reliable,784.829,162.752
2026-04-10 06:00,60,"L_GUA11059_COLINAS_DE_LA_FLORIDA/Cell:eNodeB Function Name=L_GUA11059_COLINAS_DE_LA_FLORIDA, Local Cell ID=7, Cell Name=L_GUA11059_COLINAS_DE_LA_FLORIDA_7, eNodeB ID=11059, Cell FDD TDD indication=CELL_FDD",Reliable,79.321,4.322
2026-04-10 06:00,60,"L_GUA11059_COLINAS_DE_LA_FLORIDA/Cell:eNodeB Function Name=L_GUA11059_COLINAS_DE_LA_FLORIDA, Local Cell ID=3, Cell Name=L_GUA11059_COLINAS_DE_LA_FLORIDA_3, eNodeB ID=11059, Cell FDD TDD indication=CELL_FDD",Reliable,827.623,100.859
2026-04-10 06:00,60,"L_GUA11059_COLINAS_DE_LA_FLORIDA/Cell:eNodeB Function Name=L_GUA11059_COLINAS_DE_LA_FLORIDA, Local Cell ID=2, Cell Name=L_GUA11059_COLINAS_DE_LA_FLORIDA_2, eNodeB ID=11059, Cell FDD TDD indication=CELL_FDD",Reliable,855.537,172.423
2026-04-10 06:00,60,"L_GUA11059_COLINAS_DE_LA_FLORIDA/Cell:eNodeB Function Name=L_GUA11059_COLINAS_DE_LA_FLORIDA, Local Cell ID=1, Cell Name=L_GUA11059_COLINAS_DE_LA_FLORIDA_1, eNodeB ID=11059, Cell FDD TDD indication=CELL_FDD",Reliable,552.745,40.714
2026-04-10 06:00,60,"L_GUA11040_MONTEBELLO_SURESTE/Cell:eNodeB Function Name=L_GUA11040_MONTEBELLO_SURESTE, Local Cell ID=9, Cell Name=L_GUA11040_MONTEBELLO_SURESTE_9, eNodeB ID=11040, Cell FDD TDD indication=CELL_FDD",Reliable,476.183,32.854
2026-04-10 06:00,60,"L_GUA11040_MONTEBELLO_SURESTE/Cell:eNodeB Function Name=L_GUA11040_MONTEBELLO_SURESTE, Local Cell ID=8, Cell Name=L_GUA11040_MONTEBELLO_SURESTE_8, eNodeB ID=11040, Cell FDD TDD indication=CELL_FDD",Reliable,161.417,504.311
2026-04-10 06:00,60,"L_GUA11040_MONTEBELLO_SURESTE/Cell:eNodeB Function Name=L_GUA11040_MONTEBELLO_SURESTE, Local Cell ID=7, Cell Name=L_GUA11040_MONTEBELLO_SURESTE_7, eNodeB ID=11040, Cell FDD TDD indication=CELL_FDD",Reliable,527.845,35.186
2026-04-10 06:00,60,"L_GUA11040_MONTEBELLO_SURESTE/Cell:eNodeB Function Name=L_GUA11040_MONTEBELLO_SURESTE, Local Cell ID=3, Cell Name=L_GUA11040_MONTEBELLO_SURESTE_3, eNodeB ID=11040, Cell FDD TDD indication=CELL_FDD",Reliable,2465.042,186.846
2026-04-10 06:00,60,"L_GUA11040_MONTEBELLO_SURESTE/Cell:eNodeB Function Name=L_GUA11040_MONTEBELLO_SURESTE, Local Cell ID=2, Cell Name=L_GUA11040_MONTEBELLO_SURESTE_2, eNodeB ID=11040, Cell FDD TDD indication=CELL_FDD",Reliable,1021.856,85.888
2026-04-10 06:00,60,"L_GUA11040_MONTEBELLO_SURESTE/Cell:eNodeB Function Name=L_GUA11040_MONTEBELLO_SURESTE, Local Cell ID=1, Cell Name=L_GUA11040_MONTEBELLO_SURESTE_1, eNodeB ID=11040, Cell FDD TDD indication=CELL_FDD",Reliable,1857.979,89.53
2026-04-10 06:00,60,"L_GUA11100_SAN_FELIPE_CTE/Cell:eNodeB Function Name=L_GUA11100_SAN_FELIPE_CTE, Local Cell ID=9, Cell Name=L_GUA11100_SAN_FELIPE_CTE_9, eNodeB ID=11100, Cell FDD TDD indication=CELL_FDD",Reliable,6.783,6.271
2026-04-10 06:00,60,"L_GUA11100_SAN_FELIPE_CTE/Cell:eNodeB Function Name=L_GUA11100_SAN_FELIPE_CTE, Local Cell ID=8, Cell Name=L_GUA11100_SAN_FELIPE_CTE_8, eNodeB ID=11100, Cell FDD TDD indication=CELL_FDD",Reliable,568.338,85.335
2026-04-10 06:00,60,"L_GUA11100_SAN_FELIPE_CTE/Cell:eNodeB Function Name=L_GUA11100_SAN_FELIPE_CTE, Local Cell ID=7, Cell Name=L_GUA11100_SAN_FELIPE_CTE_7, eNodeB ID=11100, Cell FDD TDD indication=CELL_FDD",Reliable,93.139,31.369
2026-04-10 06:00,60,"L_GUA11100_SAN_FELIPE_CTE/Cell:eNodeB Function Name=L_GUA11100_SAN_FELIPE_CTE, Local Cell ID=3, Cell Name=L_GUA11100_SAN_FELIPE_CTE_3, eNodeB ID=11100, Cell FDD TDD indication=CELL_FDD",Reliable,65.894,8.289
2026-04-10 06:00,60,"L_GUA11100_SAN_FELIPE_CTE/Cell:eNodeB Function Name=L_GUA11100_SAN_FELIPE_CTE, Local Cell ID=2, Cell Name=L_GUA11100_SAN_FELIPE_CTE_2, eNodeB ID=11100, Cell FDD TDD indication=CELL_FDD",Reliable,990.943,123.185
2026-04-10 06:00,60,"L_GUA11100_SAN_FELIPE_CTE/Cell:eNodeB Function Name=L_GUA11100_SAN_FELIPE_CTE, Local Cell ID=1, Cell Name=L_GUA11100_SAN_FELIPE_CTE_1, eNodeB ID=11100, Cell FDD TDD indication=CELL_FDD",Reliable,2557.473,336.715
2026-04-10 06:00,60,"L_GUA11163_MAPASINGUE_OESTE/Cell:eNodeB Function Name=L_GUA11163_MAPASINGUE_OESTE, Local Cell ID=9, Cell Name=L_GUA11163_MAPASINGUE_OESTE_9, eNodeB ID=11163, Cell FDD TDD indication=CELL_FDD",Reliable,335.908,24.804
2026-04-10 06:00,60,"L_GUA11163_MAPASINGUE_OESTE/Cell:eNodeB Function Name=L_GUA11163_MAPASINGUE_OESTE, Local Cell ID=8, Cell Name=L_GUA11163_MAPASINGUE_OESTE_8, eNodeB ID=11163, Cell FDD TDD indication=CELL_FDD",Reliable,846.986,51.668
2026-04-10 06:00,60,"L_GUA11163_MAPASINGUE_OESTE/Cell:eNodeB Function Name=L_GUA11163_MAPASINGUE_OESTE, Local Cell ID=7, Cell Name=L_GUA11163_MAPASINGUE_OESTE_7, eNodeB ID=11163, Cell FDD TDD indication=CELL_FDD",Reliable,944.687,80.108
2026-04-10 06:00,60,"L_GUA11163_MAPASINGUE_OESTE/Cell:eNodeB Function Name=L_GUA11163_MAPASINGUE_OESTE, Local Cell ID=3, Cell Name=L_GUA11163_MAPASINGUE_OESTE_3, eNodeB ID=11163, Cell FDD TDD indication=CELL_FDD",Reliable,694.223,49.377
2026-04-10 06:00,60,"L_GUA11163_MAPASINGUE_OESTE/Cell:eNodeB Function Name=L_GUA11163_MAPASINGUE_OESTE, Local Cell ID=2, Cell Name=L_GUA11163_MAPASINGUE_OESTE_2, eNodeB ID=11163, Cell FDD TDD indication=CELL_FDD",Reliable,547.587,40.871
2026-04-10 06:00,60,"L_GUA11163_MAPASINGUE_OESTE/Cell:eNodeB Function Name=L_GUA11163_MAPASINGUE_OESTE, Local Cell ID=1, Cell Name=L_GUA11163_MAPASINGUE_OESTE_1, eNodeB ID=11163, Cell FDD TDD indication=CELL_FDD",Reliable,1208.786,246.892
2026-04-10 06:00,60,"L_GUA11174_LOS_ANGELES_GYE/Cell:eNodeB Function Name=L_GUA11174_LOS_ANGELES_GYE, Local Cell ID=9, Cell Name=L_GUA11174_LOS_ANGELES_GYE_9, eNodeB ID=11174, Cell FDD TDD indication=CELL_FDD",Reliable,0,0
2026-04-10 06:00,60,"L_GUA11174_LOS_ANGELES_GYE/Cell:eNodeB Function Name=L_GUA11174_LOS_ANGELES_GYE, Local Cell ID=8, Cell Name=L_GUA11174_LOS_ANGELES_GYE_8, eNodeB ID=11174, Cell FDD TDD indication=CELL_FDD",Reliable,659.566,64.347
2026-04-10 06:00,60,"L_GUA11174_LOS_ANGELES_GYE/Cell:eNodeB Function Name=L_GUA11174_LOS_ANGELES_GYE, Local Cell ID=7, Cell Name=L_GUA11174_LOS_ANGELES_GYE_7, eNodeB ID=11174, Cell FDD TDD indication=CELL_FDD",Reliable,692.675,71.013
2026-04-10 06:00,60,"L_GUA11174_LOS_ANGELES_GYE/Cell:eNodeB Function Name=L_GUA11174_LOS_ANGELES_GYE, Local Cell ID=3, Cell Name=L_GUA11174_LOS_ANGELES_GYE_3, eNodeB ID=11174, Cell FDD TDD indication=CELL_FDD",Reliable,0,0
2026-04-10 06:00,60,"L_GUA11174_LOS_ANGELES_GYE/Cell:eNodeB Function Name=L_GUA11174_LOS_ANGELES_GYE, Local Cell ID=2, Cell Name=L_GUA11174_LOS_ANGELES_GYE_2, eNodeB ID=11174, Cell FDD TDD indication=CELL_FDD",Reliable,0,0
2026-04-10 06:00,60,"L_GUA11174_LOS_ANGELES_GYE/Cell:eNodeB Function Name=L_GUA11174_LOS_ANGELES_GYE, Local Cell ID=1, Cell Name=L_GUA11174_LOS_ANGELES_GYE_1, eNodeB ID=11174, Cell FDD TDD indication=CELL_FDD",Reliable,0,0
2026-04-10 06:00,60,"L_GUA11246_COOP_LA_CONCORDIA/Cell:eNodeB Function Name=L_GUA11246_COOP_LA_CONCORDIA, Local Cell ID=9, Cell Name=L_GUA11246_COOP_LA_CONCORDIA_9, eNodeB ID=11246, Cell FDD TDD indication=CELL_FDD",Reliable,261.162,18.37
2026-04-10 06:00,60,"L_GUA11246_COOP_LA_CONCORDIA/Cell:eNodeB Function Name=L_GUA11246_COOP_LA_CONCORDIA, Local Cell ID=8, Cell Name=L_GUA11246_COOP_LA_CONCORDIA_8, eNodeB ID=11246, Cell FDD TDD indication=CELL_FDD",Reliable,5.942,0.327
2026-04-10 06:00,60,"L_GUA11246_COOP_LA_CONCORDIA/Cell:eNodeB Function Name=L_GUA11246_COOP_LA_CONCORDIA, Local Cell ID=7, Cell Name=L_GUA11246_COOP_LA_CONCORDIA_7, eNodeB ID=11246, Cell FDD TDD indication=CELL_FDD",Reliable,329.493,22.208
2026-04-10 06:00,60,"L_GUA11246_COOP_LA_CONCORDIA/Cell:eNodeB Function Name=L_GUA11246_COOP_LA_CONCORDIA, Local Cell ID=3, Cell Name=L_GUA11246_COOP_LA_CONCORDIA_3, eNodeB ID=11246, Cell FDD TDD indication=CELL_FDD",Reliable,212.23,22.283
2026-04-10 06:00,60,"L_GUA11246_COOP_LA_CONCORDIA/Cell:eNodeB Function Name=L_GUA11246_COOP_LA_CONCORDIA, Local Cell ID=2, Cell Name=L_GUA11246_COOP_LA_CONCORDIA_2, eNodeB ID=11246, Cell FDD TDD indication=CELL_FDD",Reliable,59.162,6.412
2026-04-10 06:00,60,"L_GUA11246_COOP_LA_CONCORDIA/Cell:eNodeB Function Name=L_GUA11246_COOP_LA_CONCORDIA, Local Cell ID=1, Cell Name=L_GUA11246_COOP_LA_CONCORDIA_1, eNodeB ID=11246, Cell FDD TDD indication=CELL_FDD",Reliable,252.604,90.269
2026-04-10 06:00,60,"L_GUA11060_SAN_IGNACIO_DE_LOYOLA/Cell:eNodeB Function Name=L_GUA11060_SAN_IGNACIO_DE_LOYOLA, Local Cell ID=9, Cell Name=L_GUA11060_SAN_IGNACIO_DE_LOYOLA_9, eNodeB ID=11060, Cell FDD TDD indication=CELL_FDD",Reliable,1700.794,419.557
2026-04-10 06:00,60,"L_GUA11060_SAN_IGNACIO_DE_LOYOLA/Cell:eNodeB Function Name=L_GUA11060_SAN_IGNACIO_DE_LOYOLA, Local Cell ID=8, Cell Name=L_GUA11060_SAN_IGNACIO_DE_LOYOLA_8, eNodeB ID=11060, Cell FDD TDD indication=CELL_FDD",Reliable,354.926,24.967
2026-04-10 06:00,60,"L_GUA11060_SAN_IGNACIO_DE_LOYOLA/Cell:eNodeB Function Name=L_GUA11060_SAN_IGNACIO_DE_LOYOLA, Local Cell ID=7, Cell Name=L_GUA11060_SAN_IGNACIO_DE_LOYOLA_7, eNodeB ID=11060, Cell FDD TDD indication=CELL_FDD",Reliable,383.941,30.616
2026-04-10 06:00,60,"L_GUA11060_SAN_IGNACIO_DE_LOYOLA/Cell:eNodeB Function Name=L_GUA11060_SAN_IGNACIO_DE_LOYOLA, Local Cell ID=3, Cell Name=L_GUA11060_SAN_IGNACIO_DE_LOYOLA_3, eNodeB ID=11060, Cell FDD TDD indication=CELL_FDD",Reliable,1481.145,132.49
2026-04-10 06:00,60,"L_GUA11060_SAN_IGNACIO_DE_LOYOLA/Cell:eNodeB Function Name=L_GUA11060_SAN_IGNACIO_DE_LOYOLA, Local Cell ID=2, Cell Name=L_GUA11060_SAN_IGNACIO_DE_LOYOLA_2, eNodeB ID=11060, Cell FDD TDD indication=CELL_FDD",Reliable,344.171,36.856
2026-04-10 06:00,60,"L_GUA11060_SAN_IGNACIO_DE_LOYOLA/Cell:eNodeB Function Name=L_GUA11060_SAN_IGNACIO_DE_LOYOLA, Local Cell ID=1, Cell Name=L_GUA11060_SAN_IGNACIO_DE_LOYOLA_1, eNodeB ID=11060, Cell FDD TDD indication=CELL_FDD",Reliable,293.613,27.416
2026-04-10 06:00,60,"L_GUA11111_MONTE_SINAI/Cell:eNodeB Function Name=L_GUA11111_MONTE_SINAI, Local Cell ID=9, Cell Name=L_GUA11111_MONTE_SINAI_9, eNodeB ID=11111, Cell FDD TDD indication=CELL_FDD",Reliable,182.988,45.498
2026-04-10 06:00,60,"L_GUA11111_MONTE_SINAI/Cell:eNodeB Function Name=L_GUA11111_MONTE_SINAI, Local Cell ID=8, Cell Name=L_GUA11111_MONTE_SINAI_8, eNodeB ID=11111, Cell FDD TDD indication=CELL_FDD",Reliable,62.318,25.678
2026-04-10 06:00,60,"L_GUA11111_MONTE_SINAI/Cell:eNodeB Function Name=L_GUA11111_MONTE_SINAI, Local Cell ID=7, Cell Name=L_GUA11111_MONTE_SINAI_7, eNodeB ID=11111, Cell FDD TDD indication=CELL_FDD",Reliable,83.266,77.804
2026-04-10 06:00,60,"L_GUA11111_MONTE_SINAI/Cell:eNodeB Function Name=L_GUA11111_MONTE_SINAI, Local Cell ID=3, Cell Name=L_GUA11111_MONTE_SINAI_3, eNodeB ID=11111, Cell FDD TDD indication=CELL_FDD",Reliable,507.574,266.462
2026-04-10 06:00,60,"L_GUA11111_MONTE_SINAI/Cell:eNodeB Function Name=L_GUA11111_MONTE_SINAI, Local Cell ID=2, Cell Name=L_GUA11111_MONTE_SINAI_2, eNodeB ID=11111, Cell FDD TDD indication=CELL_FDD",Reliable,374.406,70.16
2026-04-10 06:00,60,"L_GUA11111_MONTE_SINAI/Cell:eNodeB Function Name=L_GUA11111_MONTE_SINAI, Local Cell ID=1, Cell Name=L_GUA11111_MONTE_SINAI_1, eNodeB ID=11111, Cell FDD TDD indication=CELL_FDD",Reliable,686.417,260.771
2026-04-10 06:00,60,"L_GUA11145_FLORIDA_NORTE/Cell:eNodeB Function Name=L_GUA11145_FLORIDA_NORTE, Local Cell ID=9, Cell Name=L_GUA11145_FLORIDA_NORTE_9, eNodeB ID=11145, Cell FDD TDD indication=CELL_FDD",Reliable,112.04,10.89
2026-04-10 06:00,60,"L_GUA11145_FLORIDA_NORTE/Cell:eNodeB Function Name=L_GUA11145_FLORIDA_NORTE, Local Cell ID=8, Cell Name=L_GUA11145_FLORIDA_NORTE_8, eNodeB ID=11145, Cell FDD TDD indication=CELL_FDD",Reliable,376.852,147.517
2026-04-10 06:00,60,"L_GUA11145_FLORIDA_NORTE/Cell:eNodeB Function Name=L_GUA11145_FLORIDA_NORTE, Local Cell ID=7, Cell Name=L_GUA11145_FLORIDA_NORTE_7, eNodeB ID=11145, Cell FDD TDD indication=CELL_FDD",Reliable,227.207,44.465
2026-04-10 06:00,60,"L_GUA11145_FLORIDA_NORTE/Cell:eNodeB Function Name=L_GUA11145_FLORIDA_NORTE, Local Cell ID=3, Cell Name=L_GUA11145_FLORIDA_NORTE_3, eNodeB ID=11145, Cell FDD TDD indication=CELL_FDD",Reliable,296.029,98.507
2026-04-10 06:00,60,"L_GUA11145_FLORIDA_NORTE/Cell:eNodeB Function Name=L_GUA11145_FLORIDA_NORTE, Local Cell ID=2, Cell Name=L_GUA11145_FLORIDA_NORTE_2, eNodeB ID=11145, Cell FDD TDD indication=CELL_FDD",Reliable,994.57,93.843
2026-04-10 06:00,60,"L_GUA11145_FLORIDA_NORTE/Cell:eNodeB Function Name=L_GUA11145_FLORIDA_NORTE, Local Cell ID=1, Cell Name=L_GUA11145_FLORIDA_NORTE_1, eNodeB ID=11145, Cell FDD TDD indication=CELL_FDD",Reliable,2178.959,146.868
2026-04-10 06:00,60,"L_GUA11151_HORIZONTES_DEL_GUERRERO/Cell:eNodeB Function Name=L_GUA11151_HORIZONTES_DEL_GUERRERO, Local Cell ID=9, Cell Name=L_GUA11151_HORIZONTES_DEL_GUERRERO_9, eNodeB ID=11151, Cell FDD TDD indication=CELL_FDD",Reliable,27.498,11.713
2026-04-10 06:00,60,"L_GUA11151_HORIZONTES_DEL_GUERRERO/Cell:eNodeB Function Name=L_GUA11151_HORIZONTES_DEL_GUERRERO, Local Cell ID=8, Cell Name=L_GUA11151_HORIZONTES_DEL_GUERRERO_8, eNodeB ID=11151, Cell FDD TDD indication=CELL_FDD",Reliable,1218.975,78.531
2026-04-10 06:00,60,"L_GUA11151_HORIZONTES_DEL_GUERRERO/Cell:eNodeB Function Name=L_GUA11151_HORIZONTES_DEL_GUERRERO, Local Cell ID=7, Cell Name=L_GUA11151_HORIZONTES_DEL_GUERRERO_7, eNodeB ID=11151, Cell FDD TDD indication=CELL_FDD",Reliable,0.83,0.393
2026-04-10 06:00,60,"L_GUA11151_HORIZONTES_DEL_GUERRERO/Cell:eNodeB Function Name=L_GUA11151_HORIZONTES_DEL_GUERRERO, Local Cell ID=3, Cell Name=L_GUA11151_HORIZONTES_DEL_GUERRERO_3, eNodeB ID=11151, Cell FDD TDD indication=CELL_FDD",Reliable,23.604,3.938
2026-04-10 06:00,60,"L_GUA11151_HORIZONTES_DEL_GUERRERO/Cell:eNodeB Function Name=L_GUA11151_HORIZONTES_DEL_GUERRERO, Local Cell ID=2, Cell Name=L_GUA11151_HORIZONTES_DEL_GUERRERO_2, eNodeB ID=11151, Cell FDD TDD indication=CELL_FDD",Reliable,370.124,30.91
2026-04-10 06:00,60,"L_GUA11151_HORIZONTES_DEL_GUERRERO/Cell:eNodeB Function Name=L_GUA11151_HORIZONTES_DEL_GUERRERO, Local Cell ID=1, Cell Name=L_GUA11151_HORIZONTES_DEL_GUERRERO_1, eNodeB ID=11151, Cell FDD TDD indication=CELL_FDD",Reliable,198.791,36.065
2026-04-10 06:00,60,"L_GUA11153_PANCHO_JACOME/Cell:eNodeB Function Name=L_GUA11153_PANCHO_JACOME, Local Cell ID=9, Cell Name=L_GUA11153_PANCHO_JACOME_9, eNodeB ID=11153, Cell FDD TDD indication=CELL_FDD",Reliable,624.082,98.939
2026-04-10 06:00,60,"L_GUA11153_PANCHO_JACOME/Cell:eNodeB Function Name=L_GUA11153_PANCHO_JACOME, Local Cell ID=8, Cell Name=L_GUA11153_PANCHO_JACOME_8, eNodeB ID=11153, Cell FDD TDD indication=CELL_FDD",Reliable,202.211,15.835
2026-04-10 06:00,60,"L_GUA11153_PANCHO_JACOME/Cell:eNodeB Function Name=L_GUA11153_PANCHO_JACOME, Local Cell ID=7, Cell Name=L_GUA11153_PANCHO_JACOME_7, eNodeB ID=11153, Cell FDD TDD indication=CELL_FDD",Reliable,109.471,9.4
2026-04-10 06:00,60,"L_GUA11153_PANCHO_JACOME/Cell:eNodeB Function Name=L_GUA11153_PANCHO_JACOME, Local Cell ID=3, Cell Name=L_GUA11153_PANCHO_JACOME_3, eNodeB ID=11153, Cell FDD TDD indication=CELL_FDD",Reliable,2060.317,207.602
2026-04-10 06:00,60,"L_GUA11153_PANCHO_JACOME/Cell:eNodeB Function Name=L_GUA11153_PANCHO_JACOME, Local Cell ID=2, Cell Name=L_GUA11153_PANCHO_JACOME_2, eNodeB ID=11153, Cell FDD TDD indication=CELL_FDD",Reliable,40.736,4.735
2026-04-10 06:00,60,"L_GUA11153_PANCHO_JACOME/Cell:eNodeB Function Name=L_GUA11153_PANCHO_JACOME, Local Cell ID=1, Cell Name=L_GUA11153_PANCHO_JACOME_1, eNodeB ID=11153, Cell FDD TDD indication=CELL_FDD",Reliable,200.081,14.842
2026-04-10 06:00,60,"L_GUA11192_VOLUNTAD_DE_DIOS_NOROESTE/Cell:eNodeB Function Name=L_GUA11192_VOLUNTAD_DE_DIOS_NOROESTE, Local Cell ID=9, Cell Name=L_GUA11192_VOLUNTAD_DE_DIOS_NOROESTE_9, eNodeB ID=11192, Cell FDD TDD indication=CELL_FDD",Reliable,2.951,3.709
2026-04-10 06:00,60,"L_GUA11192_VOLUNTAD_DE_DIOS_NOROESTE/Cell:eNodeB Function Name=L_GUA11192_VOLUNTAD_DE_DIOS_NOROESTE, Local Cell ID=8, Cell Name=L_GUA11192_VOLUNTAD_DE_DIOS_NOROESTE_8, eNodeB ID=11192, Cell FDD TDD indication=CELL_FDD",Reliable,180.862,12.68
2026-04-10 06:00,60,"L_GUA11192_VOLUNTAD_DE_DIOS_NOROESTE/Cell:eNodeB Function Name=L_GUA11192_VOLUNTAD_DE_DIOS_NOROESTE, Local Cell ID=7, Cell Name=L_GUA11192_VOLUNTAD_DE_DIOS_NOROESTE_7, eNodeB ID=11192, Cell FDD TDD indication=CELL_FDD",Reliable,869.675,64.463
2026-04-10 06:00,60,"L_GUA11192_VOLUNTAD_DE_DIOS_NOROESTE/Cell:eNodeB Function Name=L_GUA11192_VOLUNTAD_DE_DIOS_NOROESTE, Local Cell ID=3, Cell Name=L_GUA11192_VOLUNTAD_DE_DIOS_NOROESTE_3, eNodeB ID=11192, Cell FDD TDD indication=CELL_FDD",Reliable,303.45,33.488
2026-04-10 06:00,60,"L_GUA11192_VOLUNTAD_DE_DIOS_NOROESTE/Cell:eNodeB Function Name=L_GUA11192_VOLUNTAD_DE_DIOS_NOROESTE, Local Cell ID=2, Cell Name=L_GUA11192_VOLUNTAD_DE_DIOS_NOROESTE_2, eNodeB ID=11192, Cell FDD TDD indication=CELL_FDD",Reliable,2198.158,189.93
2026-04-10 06:00,60,"L_GUA11192_VOLUNTAD_DE_DIOS_NOROESTE/Cell:eNodeB Function Name=L_GUA11192_VOLUNTAD_DE_DIOS_NOROESTE, Local Cell ID=1, Cell Name=L_GUA11192_VOLUNTAD_DE_DIOS_NOROESTE_1, eNodeB ID=11192, Cell FDD TDD indication=CELL_FDD",Reliable,176.087,29.01
2026-04-10 06:00,60,"L_GUA11248_GUA_GYE_SOCIO_VIVIENDA/Cell:eNodeB Function Name=L_GUA11248_GUA_GYE_SOCIO_VIVIENDA, Local Cell ID=9, Cell Name=L_GUA11248_GUA_GYE_SOCIO_VIVIENDA_9, eNodeB ID=11248, Cell FDD TDD indication=CELL_FDD",Reliable,0.481,0.192
2026-04-10 06:00,60,"L_GUA11248_GUA_GYE_SOCIO_VIVIENDA/Cell:eNodeB Function Name=L_GUA11248_GUA_GYE_SOCIO_VIVIENDA, Local Cell ID=8, Cell Name=L_GUA11248_GUA_GYE_SOCIO_VIVIENDA_8, eNodeB ID=11248, Cell FDD TDD indication=CELL_FDD",Reliable,0.02,0.05
2026-04-10 06:00,60,"L_GUA11248_GUA_GYE_SOCIO_VIVIENDA/Cell:eNodeB Function Name=L_GUA11248_GUA_GYE_SOCIO_VIVIENDA, Local Cell ID=7, Cell Name=L_GUA11248_GUA_GYE_SOCIO_VIVIENDA_7, eNodeB ID=11248, Cell FDD TDD indication=CELL_FDD",Reliable,79.125,4.037
2026-04-10 06:00,60,"L_GUA11248_GUA_GYE_SOCIO_VIVIENDA/Cell:eNodeB Function Name=L_GUA11248_GUA_GYE_SOCIO_VIVIENDA, Local Cell ID=3, Cell Name=L_GUA11248_GUA_GYE_SOCIO_VIVIENDA_3, eNodeB ID=11248, Cell FDD TDD indication=CELL_FDD",Reliable,77.086,10.344
2026-04-10 06:00,60,"L_GUA11248_GUA_GYE_SOCIO_VIVIENDA/Cell:eNodeB Function Name=L_GUA11248_GUA_GYE_SOCIO_VIVIENDA, Local Cell ID=2, Cell Name=L_GUA11248_GUA_GYE_SOCIO_VIVIENDA_2, eNodeB ID=11248, Cell FDD TDD indication=CELL_FDD",Reliable,85.714,5.264
2026-04-10 06:00,60,"L_GUA11248_GUA_GYE_SOCIO_VIVIENDA/Cell:eNodeB Function Name=L_GUA11248_GUA_GYE_SOCIO_VIVIENDA, Local Cell ID=1, Cell Name=L_GUA11248_GUA_GYE_SOCIO_VIVIENDA_1, eNodeB ID=11248, Cell FDD TDD indication=CELL_FDD",Reliable,101.609,12.012
2026-04-10 06:00,60,"L_GUA11275_GUA_GYE_015/Cell:eNodeB Function Name=L_GUA11275_GUA_GYE_015, Local Cell ID=3, Cell Name=L_GUA11275_GUA_GYE_015_3, eNodeB ID=11275, Cell FDD TDD indication=CELL_FDD",Reliable,3350.412,337.789
2026-04-10 06:00,60,"L_GUA11275_GUA_GYE_015/Cell:eNodeB Function Name=L_GUA11275_GUA_GYE_015, Local Cell ID=2, Cell Name=L_GUA11275_GUA_GYE_015_2, eNodeB ID=11275, Cell FDD TDD indication=CELL_FDD",Reliable,2022.351,140.608
2026-04-10 06:00,60,"L_GUA11275_GUA_GYE_015/Cell:eNodeB Function Name=L_GUA11275_GUA_GYE_015, Local Cell ID=1, Cell Name=L_GUA11275_GUA_GYE_015_1, eNodeB ID=11275, Cell FDD TDD indication=CELL_FDD",Reliable,17.554,10.975
2026-04-10 06:00,60,"L_GUA11320_GUA_GYE_SERGIO_TORAL_DOS/Cell:eNodeB Function Name=L_GUA11320_GUA_GYE_SERGIO_TORAL_DOS, Local Cell ID=9, Cell Name=L_GUA11320_GUA_GYE_SERGIO_TORAL_DOS_9, eNodeB ID=11320, Cell FDD TDD indication=CELL_FDD",Reliable,104.71,8.892
2026-04-10 06:00,60,"L_GUA11320_GUA_GYE_SERGIO_TORAL_DOS/Cell:eNodeB Function Name=L_GUA11320_GUA_GYE_SERGIO_TORAL_DOS, Local Cell ID=8, Cell Name=L_GUA11320_GUA_GYE_SERGIO_TORAL_DOS_8, eNodeB ID=11320, Cell FDD TDD indication=CELL_FDD",Reliable,116.594,11.74
2026-04-10 06:00,60,"L_GUA11320_GUA_GYE_SERGIO_TORAL_DOS/Cell:eNodeB Function Name=L_GUA11320_GUA_GYE_SERGIO_TORAL_DOS, Local Cell ID=7, Cell Name=L_GUA11320_GUA_GYE_SERGIO_TORAL_DOS_7, eNodeB ID=11320, Cell FDD TDD indication=CELL_FDD",Reliable,35.075,4.796
2026-04-10 06:00,60,"L_GUA11320_GUA_GYE_SERGIO_TORAL_DOS/Cell:eNodeB Function Name=L_GUA11320_GUA_GYE_SERGIO_TORAL_DOS, Local Cell ID=3, Cell Name=L_GUA11320_GUA_GYE_SERGIO_TORAL_DOS_3, eNodeB ID=11320, Cell FDD TDD indication=CELL_FDD",Reliable,407.392,67.862
2026-04-10 06:00,60,"L_GUA11320_GUA_GYE_SERGIO_TORAL_DOS/Cell:eNodeB Function Name=L_GUA11320_GUA_GYE_SERGIO_TORAL_DOS, Local Cell ID=2, Cell Name=L_GUA11320_GUA_GYE_SERGIO_TORAL_DOS_2, eNodeB ID=11320, Cell FDD TDD indication=CELL_FDD",Reliable,969.509,172.188
2026-04-10 06:00,60,"L_GUA11320_GUA_GYE_SERGIO_TORAL_DOS/Cell:eNodeB Function Name=L_GUA11320_GUA_GYE_SERGIO_TORAL_DOS, Local Cell ID=1, Cell Name=L_GUA11320_GUA_GYE_SERGIO_TORAL_DOS_1, eNodeB ID=11320, Cell FDD TDD indication=CELL_FDD",Reliable,228.439,22.08
2026-04-10 06:00,60,"L_GUA11664_GUA_GYE_TRINIDAD_DE_DIOS/Cell:eNodeB Function Name=L_GUA11664_GUA_GYE_TRINIDAD_DE_DIOS, Local Cell ID=9, Cell Name=L_GUA11664_GUA_GYE_TRINIDAD_DE_DIOS_9, eNodeB ID=11664, Cell FDD TDD indication=CELL_FDD",Reliable,1131.427,118.192
2026-04-10 06:00,60,"L_GUA11664_GUA_GYE_TRINIDAD_DE_DIOS/Cell:eNodeB Function Name=L_GUA11664_GUA_GYE_TRINIDAD_DE_DIOS, Local Cell ID=8, Cell Name=L_GUA11664_GUA_GYE_TRINIDAD_DE_DIOS_8, eNodeB ID=11664, Cell FDD TDD indication=CELL_FDD",Reliable,106.972,7.613
2026-04-10 06:00,60,"L_GUA11664_GUA_GYE_TRINIDAD_DE_DIOS/Cell:eNodeB Function Name=L_GUA11664_GUA_GYE_TRINIDAD_DE_DIOS, Local Cell ID=7, Cell Name=L_GUA11664_GUA_GYE_TRINIDAD_DE_DIOS_7, eNodeB ID=11664, Cell FDD TDD indication=CELL_FDD",Reliable,285.022,56.762
2026-04-10 06:00,60,"L_GUA11664_GUA_GYE_TRINIDAD_DE_DIOS/Cell:eNodeB Function Name=L_GUA11664_GUA_GYE_TRINIDAD_DE_DIOS, Local Cell ID=3, Cell Name=L_GUA11664_GUA_GYE_TRINIDAD_DE_DIOS_3, eNodeB ID=11664, Cell FDD TDD indication=CELL_FDD",Reliable,1127.654,227.315
2026-04-10 06:00,60,"L_GUA11664_GUA_GYE_TRINIDAD_DE_DIOS/Cell:eNodeB Function Name=L_GUA11664_GUA_GYE_TRINIDAD_DE_DIOS, Local Cell ID=2, Cell Name=L_GUA11664_GUA_GYE_TRINIDAD_DE_DIOS_2, eNodeB ID=11664, Cell FDD TDD indication=CELL_FDD",Reliable,637.536,44.753
2026-04-10 06:00,60,"L_GUA11664_GUA_GYE_TRINIDAD_DE_DIOS/Cell:eNodeB Function Name=L_GUA11664_GUA_GYE_TRINIDAD_DE_DIOS, Local Cell ID=1, Cell Name=L_GUA11664_GUA_GYE_TRINIDAD_DE_DIOS_1, eNodeB ID=11664, Cell FDD TDD indication=CELL_FDD",Reliable,603.311,88.674
2026-04-10 06:00,60,"L_GUA11674_GUA_HOSPITAL_SINAI/Cell:eNodeB Function Name=L_GUA11674_GUA_HOSPITAL_SINAI, Local Cell ID=9, Cell Name=L_GUA11674_GUA_GYE_HOSPITAL_SINAI_9, eNodeB ID=11674, Cell FDD TDD indication=CELL_FDD",Reliable,155.822,14.328
2026-04-10 06:00,60,"L_GUA11674_GUA_HOSPITAL_SINAI/Cell:eNodeB Function Name=L_GUA11674_GUA_HOSPITAL_SINAI, Local Cell ID=8, Cell Name=L_GUA11674_GUA_GYE_HOSPITAL_SINAI_8, eNodeB ID=11674, Cell FDD TDD indication=CELL_FDD",Reliable,1593.259,372.194
2026-04-10 06:00,60,"L_GUA11674_GUA_HOSPITAL_SINAI/Cell:eNodeB Function Name=L_GUA11674_GUA_HOSPITAL_SINAI, Local Cell ID=7, Cell Name=L_GUA11674_GUA_GYE_HOSPITAL_SINAI_7, eNodeB ID=11674, Cell FDD TDD indication=CELL_FDD",Reliable,223.444,14.539
2026-04-10 06:00,60,"L_GUA11674_GUA_HOSPITAL_SINAI/Cell:eNodeB Function Name=L_GUA11674_GUA_HOSPITAL_SINAI, Local Cell ID=3, Cell Name=L_GUA11674_GUA_GYE_HOSPITAL_SINAI_3, eNodeB ID=11674, Cell FDD TDD indication=CELL_FDD",Reliable,611.038,77.292
2026-04-10 06:00,60,"L_GUA11674_GUA_HOSPITAL_SINAI/Cell:eNodeB Function Name=L_GUA11674_GUA_HOSPITAL_SINAI, Local Cell ID=2, Cell Name=L_GUA11674_GUA_GYE_HOSPITAL_SINAI_2, eNodeB ID=11674, Cell FDD TDD indication=CELL_FDD",Reliable,1933.303,355.437
2026-04-10 06:00,60,"L_GUA11674_GUA_HOSPITAL_SINAI/Cell:eNodeB Function Name=L_GUA11674_GUA_HOSPITAL_SINAI, Local Cell ID=1, Cell Name=L_GUA11674_GUA_GYE_HOSPITAL_SINAI_1, eNodeB ID=11674, Cell FDD TDD indication=CELL_FDD",Reliable,587.225,37.347
2026-04-10 06:00,60,"L_GUA11050_SAMANES/Cell:eNodeB Function Name=L_GUA11050_SAMANES, Local Cell ID=9, Cell Name=L_GUA11050_SAMANES_9, eNodeB ID=11050, Cell FDD TDD indication=CELL_FDD",Reliable,206.388,17.777
2026-04-10 06:00,60,"L_GUA11050_SAMANES/Cell:eNodeB Function Name=L_GUA11050_SAMANES, Local Cell ID=8, Cell Name=L_GUA11050_SAMANES_8, eNodeB ID=11050, Cell FDD TDD indication=CELL_FDD",Reliable,430.306,35.302
2026-04-10 06:00,60,"L_GUA11050_SAMANES/Cell:eNodeB Function Name=L_GUA11050_SAMANES, Local Cell ID=7, Cell Name=L_GUA11050_SAMANES_7, eNodeB ID=11050, Cell FDD TDD indication=CELL_FDD",Reliable,427.393,35.005
2026-04-10 06:00,60,"L_GUA11050_SAMANES/Cell:eNodeB Function Name=L_GUA11050_SAMANES, Local Cell ID=3, Cell Name=L_GUA11050_SAMANES_3, eNodeB ID=11050, Cell FDD TDD indication=CELL_FDD",Reliable,186.238,21.624
2026-04-10 06:00,60,"L_GUA11050_SAMANES/Cell:eNodeB Function Name=L_GUA11050_SAMANES, Local Cell ID=2, Cell Name=L_GUA11050_SAMANES_2, eNodeB ID=11050, Cell FDD TDD indication=CELL_FDD",Reliable,109.849,8.052
2026-04-10 06:00,60,"L_GUA11050_SAMANES/Cell:eNodeB Function Name=L_GUA11050_SAMANES, Local Cell ID=1, Cell Name=L_GUA11050_SAMANES_1, eNodeB ID=11050, Cell FDD TDD indication=CELL_FDD",Reliable,555.988,35.012
2026-04-10 06:00,60,"L_GUA11683_GUA_DUR_HERRADURA/Cell:eNodeB Function Name=L_GUA11683_GUA_DUR_HERRADURA, Local Cell ID=9, Cell Name=L_GUA11683_GUA_DUR_HERRADURA_9, eNodeB ID=11683, Cell FDD TDD indication=CELL_FDD",Reliable,34.734,2.099
2026-04-10 06:00,60,"L_GUA11683_GUA_DUR_HERRADURA/Cell:eNodeB Function Name=L_GUA11683_GUA_DUR_HERRADURA, Local Cell ID=8, Cell Name=L_GUA11683_GUA_DUR_HERRADURA_8, eNodeB ID=11683, Cell FDD TDD indication=CELL_FDD",Reliable,1397.31,220.846
2026-04-10 06:00,60,"L_GUA11683_GUA_DUR_HERRADURA/Cell:eNodeB Function Name=L_GUA11683_GUA_DUR_HERRADURA, Local Cell ID=7, Cell Name=L_GUA11683_GUA_DUR_HERRADURA_7, eNodeB ID=11683, Cell FDD TDD indication=CELL_FDD",Reliable,273.92,35.467
2026-04-10 06:00,60,"L_GUA11683_GUA_DUR_HERRADURA/Cell:eNodeB Function Name=L_GUA11683_GUA_DUR_HERRADURA, Local Cell ID=3, Cell Name=L_GUA11683_GUA_DUR_HERRADURA_3, eNodeB ID=11683, Cell FDD TDD indication=CELL_FDD",Reliable,381.911,45.121
2026-04-10 06:00,60,"L_GUA11683_GUA_DUR_HERRADURA/Cell:eNodeB Function Name=L_GUA11683_GUA_DUR_HERRADURA, Local Cell ID=2, Cell Name=L_GUA11683_GUA_DUR_HERRADURA_2, eNodeB ID=11683, Cell FDD TDD indication=CELL_FDD",Reliable,234.556,28.355
2026-04-10 06:00,60,"L_GUA11683_GUA_DUR_HERRADURA/Cell:eNodeB Function Name=L_GUA11683_GUA_DUR_HERRADURA, Local Cell ID=1, Cell Name=L_GUA11683_GUA_DUR_HERRADURA_1, eNodeB ID=11683, Cell FDD TDD indication=CELL_FDD",Reliable,338.03,68.02
2026-04-10 06:00,60,"L_GUA11223_PARQUE_CALIFORNIA/Cell:eNodeB Function Name=L_GUA11223_PARQUE_CALIFORNIA, Local Cell ID=3, Cell Name=L_GUA11223_PARQUE_CALIFORNIA_3, eNodeB ID=11223, Cell FDD TDD indication=CELL_FDD",Reliable,823.185,73.707
2026-04-10 06:00,60,"L_GUA11223_PARQUE_CALIFORNIA/Cell:eNodeB Function Name=L_GUA11223_PARQUE_CALIFORNIA, Local Cell ID=2, Cell Name=L_GUA11223_PARQUE_CALIFORNIA_2, eNodeB ID=11223, Cell FDD TDD indication=CELL_FDD",Reliable,253.191,23.741
2026-04-10 06:00,60,"L_GUA11223_PARQUE_CALIFORNIA/Cell:eNodeB Function Name=L_GUA11223_PARQUE_CALIFORNIA, Local Cell ID=1, Cell Name=L_GUA11223_PARQUE_CALIFORNIA_1, eNodeB ID=11223, Cell FDD TDD indication=CELL_FDD",Reliable,251.498,32.524
2026-04-10 06:00,60,"L_GUA11223_PARQUE_CALIFORNIA/Cell:eNodeB Function Name=L_GUA11223_PARQUE_CALIFORNIA, Local Cell ID=9, Cell Name=L_GUA11223_PARQUE_CALIFORNIA_9, eNodeB ID=11223, Cell FDD TDD indication=CELL_FDD",Reliable,42.5,6.015
2026-04-10 06:00,60,"L_GUA11223_PARQUE_CALIFORNIA/Cell:eNodeB Function Name=L_GUA11223_PARQUE_CALIFORNIA, Local Cell ID=8, Cell Name=L_GUA11223_PARQUE_CALIFORNIA_8, eNodeB ID=11223, Cell FDD TDD indication=CELL_FDD",Reliable,63.818,6.085
2026-04-10 06:00,60,"L_GUA11223_PARQUE_CALIFORNIA/Cell:eNodeB Function Name=L_GUA11223_PARQUE_CALIFORNIA, Local Cell ID=7, Cell Name=L_GUA11223_PARQUE_CALIFORNIA_7, eNodeB ID=11223, Cell FDD TDD indication=CELL_FDD",Reliable,131.352,172.878
2026-04-10 06:00,60,"L_GUA11168_MONTEBELLO_NORTE/Cell:eNodeB Function Name=L_GUA11168_MONTEBELLO_NORTE, Local Cell ID=9, Cell Name=L_GUA11168_MONTEBELLO_NORTE_9, eNodeB ID=11168, Cell FDD TDD indication=CELL_FDD",Reliable,149.588,10.452
2026-04-10 06:00,60,"L_GUA11168_MONTEBELLO_NORTE/Cell:eNodeB Function Name=L_GUA11168_MONTEBELLO_NORTE, Local Cell ID=8, Cell Name=L_GUA11168_MONTEBELLO_NORTE_8, eNodeB ID=11168, Cell FDD TDD indication=CELL_FDD",Reliable,7.093,0.816
2026-04-10 06:00,60,"L_GUA11168_MONTEBELLO_NORTE/Cell:eNodeB Function Name=L_GUA11168_MONTEBELLO_NORTE, Local Cell ID=7, Cell Name=L_GUA11168_MONTEBELLO_NORTE_7, eNodeB ID=11168, Cell FDD TDD indication=CELL_FDD",Reliable,485.029,29.619
2026-04-10 06:00,60,"L_GUA11168_MONTEBELLO_NORTE/Cell:eNodeB Function Name=L_GUA11168_MONTEBELLO_NORTE, Local Cell ID=3, Cell Name=L_GUA11168_MONTEBELLO_NORTE_3, eNodeB ID=11168, Cell FDD TDD indication=CELL_FDD",Reliable,1816.547,109.823
2026-04-10 06:00,60,"L_GUA11168_MONTEBELLO_NORTE/Cell:eNodeB Function Name=L_GUA11168_MONTEBELLO_NORTE, Local Cell ID=2, Cell Name=L_GUA11168_MONTEBELLO_NORTE_2, eNodeB ID=11168, Cell FDD TDD indication=CELL_FDD",Reliable,1473.59,118.074
2026-04-10 06:00,60,"L_GUA11168_MONTEBELLO_NORTE/Cell:eNodeB Function Name=L_GUA11168_MONTEBELLO_NORTE, Local Cell ID=1, Cell Name=L_GUA11168_MONTEBELLO_NORTE_1, eNodeB ID=11168, Cell FDD TDD indication=CELL_FDD",Reliable,865.296,88.31
2026-04-10 06:00,60,"L_GUA11171_PASCUALES_NORTE/Cell:eNodeB Function Name=L_GUA11171_PASCUALES_NORTE, Local Cell ID=9, Cell Name=L_GUA11171_PASCUALES_NORTE_9, eNodeB ID=11171, Cell FDD TDD indication=CELL_FDD",Reliable,68.059,5.495
2026-04-10 06:00,60,"L_GUA11171_PASCUALES_NORTE/Cell:eNodeB Function Name=L_GUA11171_PASCUALES_NORTE, Local Cell ID=8, Cell Name=L_GUA11171_PASCUALES_NORTE_8, eNodeB ID=11171, Cell FDD TDD indication=CELL_FDD",Reliable,1711.89,204.438
2026-04-10 06:00,60,"L_GUA11171_PASCUALES_NORTE/Cell:eNodeB Function Name=L_GUA11171_PASCUALES_NORTE, Local Cell ID=7, Cell Name=L_GUA11171_PASCUALES_NORTE_7, eNodeB ID=11171, Cell FDD TDD indication=CELL_FDD",Reliable,4210.414,784.727
2026-04-10 06:00,60,"L_GUA11171_PASCUALES_NORTE/Cell:eNodeB Function Name=L_GUA11171_PASCUALES_NORTE, Local Cell ID=3, Cell Name=L_GUA11171_PASCUALES_NORTE_3, eNodeB ID=11171, Cell FDD TDD indication=CELL_FDD",Reliable,24.713,3.88
2026-04-10 06:00,60,"L_GUA11171_PASCUALES_NORTE/Cell:eNodeB Function Name=L_GUA11171_PASCUALES_NORTE, Local Cell ID=2, Cell Name=L_GUA11171_PASCUALES_NORTE_2, eNodeB ID=11171, Cell FDD TDD indication=CELL_FDD",Reliable,6802.472,1443.863
2026-04-10 06:00,60,"L_GUA11171_PASCUALES_NORTE/Cell:eNodeB Function Name=L_GUA11171_PASCUALES_NORTE, Local Cell ID=1, Cell Name=L_GUA11171_PASCUALES_NORTE_1, eNodeB ID=11171, Cell FDD TDD indication=CELL_FDD",Reliable,8587.165,2006.113
2026-04-10 06:00,60,"L_GUA11177_SAN_IGNACIO_DE_LOYOLA_NORTE/Cell:eNodeB Function Name=L_GUA11177_SAN_IGNACIO_DE_LOYOLA_NORTE, Local Cell ID=9, Cell Name=L_GUA11177_SAN_IGNACIO_DE_LOYOLA_NORTE_9, eNodeB ID=11177, Cell FDD TDD indication=CELL_FDD",Reliable,282.921,35.848
2026-04-10 06:00,60,"L_GUA11177_SAN_IGNACIO_DE_LOYOLA_NORTE/Cell:eNodeB Function Name=L_GUA11177_SAN_IGNACIO_DE_LOYOLA_NORTE, Local Cell ID=8, Cell Name=L_GUA11177_SAN_IGNACIO_DE_LOYOLA_NORTE_8, eNodeB ID=11177, Cell FDD TDD indication=CELL_FDD",Reliable,529.34,36.348
2026-04-10 06:00,60,"L_GUA11177_SAN_IGNACIO_DE_LOYOLA_NORTE/Cell:eNodeB Function Name=L_GUA11177_SAN_IGNACIO_DE_LOYOLA_NORTE, Local Cell ID=7, Cell Name=L_GUA11177_SAN_IGNACIO_DE_LOYOLA_NORTE_7, eNodeB ID=11177, Cell FDD TDD indication=CELL_FDD",Reliable,377.584,162.413
2026-04-10 06:00,60,"L_GUA11177_SAN_IGNACIO_DE_LOYOLA_NORTE/Cell:eNodeB Function Name=L_GUA11177_SAN_IGNACIO_DE_LOYOLA_NORTE, Local Cell ID=3, Cell Name=L_GUA11177_SAN_IGNACIO_DE_LOYOLA_NORTE_3, eNodeB ID=11177, Cell FDD TDD indication=CELL_FDD",Reliable,1161.153,156.489
2026-04-10 06:00,60,"L_GUA11177_SAN_IGNACIO_DE_LOYOLA_NORTE/Cell:eNodeB Function Name=L_GUA11177_SAN_IGNACIO_DE_LOYOLA_NORTE, Local Cell ID=2, Cell Name=L_GUA11177_SAN_IGNACIO_DE_LOYOLA_NORTE_2, eNodeB ID=11177, Cell FDD TDD indication=CELL_FDD",Reliable,863.866,95.379
2026-04-10 06:00,60,"L_GUA11177_SAN_IGNACIO_DE_LOYOLA_NORTE/Cell:eNodeB Function Name=L_GUA11177_SAN_IGNACIO_DE_LOYOLA_NORTE, Local Cell ID=1, Cell Name=L_GUA11177_SAN_IGNACIO_DE_LOYOLA_NORTE_1, eNodeB ID=11177, Cell FDD TDD indication=CELL_FDD",Reliable,422.676,23.132
2026-04-10 06:00,60,"L_GUA11197_EL_FORTIN/Cell:eNodeB Function Name=L_GUA11197_EL_FORTIN, Local Cell ID=9, Cell Name=L_GUA11197_EL_FORTIN_9, eNodeB ID=11197, Cell FDD TDD indication=CELL_FDD",Reliable,128.539,9.5
2026-04-10 06:00,60,"L_GUA11197_EL_FORTIN/Cell:eNodeB Function Name=L_GUA11197_EL_FORTIN, Local Cell ID=8, Cell Name=L_GUA11197_EL_FORTIN_8, eNodeB ID=11197, Cell FDD TDD indication=CELL_FDD",Reliable,513.593,60.55
2026-04-10 06:00,60,"L_GUA11197_EL_FORTIN/Cell:eNodeB Function Name=L_GUA11197_EL_FORTIN, Local Cell ID=7, Cell Name=L_GUA11197_EL_FORTIN_7, eNodeB ID=11197, Cell FDD TDD indication=CELL_FDD",Reliable,129.867,22.322
2026-04-10 06:00,60,"L_GUA11197_EL_FORTIN/Cell:eNodeB Function Name=L_GUA11197_EL_FORTIN, Local Cell ID=3, Cell Name=L_GUA11197_EL_FORTIN_3, eNodeB ID=11197, Cell FDD TDD indication=CELL_FDD",Reliable,300.616,23.367
2026-04-10 06:00,60,"L_GUA11197_EL_FORTIN/Cell:eNodeB Function Name=L_GUA11197_EL_FORTIN, Local Cell ID=2, Cell Name=L_GUA11197_EL_FORTIN_2, eNodeB ID=11197, Cell FDD TDD indication=CELL_FDD",Reliable,5826.571,305.009
2026-04-10 06:00,60,"L_GUA11197_EL_FORTIN/Cell:eNodeB Function Name=L_GUA11197_EL_FORTIN, Local Cell ID=1, Cell Name=L_GUA11197_EL_FORTIN_1, eNodeB ID=11197, Cell FDD TDD indication=CELL_FDD",Reliable,185.324,16.262
2026-04-10 06:00,60,"L_GUA11198_MI_LOTE_2/Cell:eNodeB Function Name=L_GUA11198_MI_LOTE_2, Local Cell ID=9, Cell Name=L_GUA11198_MI_LOTE_2_9, eNodeB ID=11198, Cell FDD TDD indication=CELL_FDD",Reliable,3957.202,238.354
2026-04-10 06:00,60,"L_GUA11198_MI_LOTE_2/Cell:eNodeB Function Name=L_GUA11198_MI_LOTE_2, Local Cell ID=8, Cell Name=L_GUA11198_MI_LOTE_2_8, eNodeB ID=11198, Cell FDD TDD indication=CELL_FDD",Reliable,108.429,14.095
2026-04-10 06:00,60,"L_GUA11198_MI_LOTE_2/Cell:eNodeB Function Name=L_GUA11198_MI_LOTE_2, Local Cell ID=7, Cell Name=L_GUA11198_MI_LOTE_2_7, eNodeB ID=11198, Cell FDD TDD indication=CELL_FDD",Reliable,477.009,26.068
2026-04-10 06:00,60,"L_GUA11198_MI_LOTE_2/Cell:eNodeB Function Name=L_GUA11198_MI_LOTE_2, Local Cell ID=3, Cell Name=L_GUA11198_MI_LOTE_2_3, eNodeB ID=11198, Cell FDD TDD indication=CELL_FDD",Reliable,2446.444,232.556
2026-04-10 06:00,60,"L_GUA11198_MI_LOTE_2/Cell:eNodeB Function Name=L_GUA11198_MI_LOTE_2, Local Cell ID=2, Cell Name=L_GUA11198_MI_LOTE_2_2, eNodeB ID=11198, Cell FDD TDD indication=CELL_FDD",Reliable,1041.505,177.12
2026-04-10 06:00,60,"L_GUA11198_MI_LOTE_2/Cell:eNodeB Function Name=L_GUA11198_MI_LOTE_2, Local Cell ID=1, Cell Name=L_GUA11198_MI_LOTE_2_1, eNodeB ID=11198, Cell FDD TDD indication=CELL_FDD",Reliable,281.107,33.397
2026-04-10 06:00,60,"L_GUA11289_FLOR_DE_BASTION_5/Cell:eNodeB Function Name=L_GUA11289_FLOR_DE_BASTION_5, Local Cell ID=9, Cell Name=L_GUA11289_FLOR_DE_BASTION_5_9, eNodeB ID=11289, Cell FDD TDD indication=CELL_FDD",Reliable,707.219,57.477
2026-04-10 06:00,60,"L_GUA11289_FLOR_DE_BASTION_5/Cell:eNodeB Function Name=L_GUA11289_FLOR_DE_BASTION_5, Local Cell ID=8, Cell Name=L_GUA11289_FLOR_DE_BASTION_5_8, eNodeB ID=11289, Cell FDD TDD indication=CELL_FDD",Reliable,86.462,10.704
2026-04-10 06:00,60,"L_GUA11289_FLOR_DE_BASTION_5/Cell:eNodeB Function Name=L_GUA11289_FLOR_DE_BASTION_5, Local Cell ID=7, Cell Name=L_GUA11289_FLOR_DE_BASTION_5_7, eNodeB ID=11289, Cell FDD TDD indication=CELL_FDD",Reliable,72.497,112.453
2026-04-10 06:00,60,"L_GUA11289_FLOR_DE_BASTION_5/Cell:eNodeB Function Name=L_GUA11289_FLOR_DE_BASTION_5, Local Cell ID=3, Cell Name=L_GUA11289_FLOR_DE_BASTION_5_3, eNodeB ID=11289, Cell FDD TDD indication=CELL_FDD",Reliable,364.634,92.257
2026-04-10 06:00,60,"L_GUA11289_FLOR_DE_BASTION_5/Cell:eNodeB Function Name=L_GUA11289_FLOR_DE_BASTION_5, Local Cell ID=2, Cell Name=L_GUA11289_FLOR_DE_BASTION_5_2, eNodeB ID=11289, Cell FDD TDD indication=CELL_FDD",Reliable,134.266,10.676
2026-04-10 06:00,60,"L_GUA11289_FLOR_DE_BASTION_5/Cell:eNodeB Function Name=L_GUA11289_FLOR_DE_BASTION_5, Local Cell ID=1, Cell Name=L_GUA11289_FLOR_DE_BASTION_5_1, eNodeB ID=11289, Cell FDD TDD indication=CELL_FDD",Reliable,458.887,26.184
2026-04-10 06:00,60,"L_GUA11291_IGUANAS_UNO/Cell:eNodeB Function Name=L_GUA11291_IGUANAS_UNO, Local Cell ID=9, Cell Name=L_GUA11291_IGUANAS_UNO_9, eNodeB ID=11291, Cell FDD TDD indication=CELL_FDD",Reliable,464.937,26.89
2026-04-10 06:00,60,"L_GUA11291_IGUANAS_UNO/Cell:eNodeB Function Name=L_GUA11291_IGUANAS_UNO, Local Cell ID=8, Cell Name=L_GUA11291_IGUANAS_UNO_8, eNodeB ID=11291, Cell FDD TDD indication=CELL_FDD",Reliable,439.854,33.033
2026-04-10 06:00,60,"L_GUA11291_IGUANAS_UNO/Cell:eNodeB Function Name=L_GUA11291_IGUANAS_UNO, Local Cell ID=7, Cell Name=L_GUA11291_IGUANAS_UNO_7, eNodeB ID=11291, Cell FDD TDD indication=CELL_FDD",Reliable,19.183,2.282
2026-04-10 06:00,60,"L_GUA11291_IGUANAS_UNO/Cell:eNodeB Function Name=L_GUA11291_IGUANAS_UNO, Local Cell ID=3, Cell Name=L_GUA11291_IGUANAS_UNO_3, eNodeB ID=11291, Cell FDD TDD indication=CELL_FDD",Reliable,270.626,12.653
2026-04-10 06:00,60,"L_GUA11291_IGUANAS_UNO/Cell:eNodeB Function Name=L_GUA11291_IGUANAS_UNO, Local Cell ID=2, Cell Name=L_GUA11291_IGUANAS_UNO_2, eNodeB ID=11291, Cell FDD TDD indication=CELL_FDD",Reliable,365.253,30.149
2026-04-10 06:00,60,"L_GUA11291_IGUANAS_UNO/Cell:eNodeB Function Name=L_GUA11291_IGUANAS_UNO, Local Cell ID=1, Cell Name=L_GUA11291_IGUANAS_UNO_1, eNodeB ID=11291, Cell FDD TDD indication=CELL_FDD",Reliable,178.51,22.477
2026-04-10 06:00,60,"L_GUA11676_GUA_GYE_LA_PLANADA/Cell:eNodeB Function Name=L_GUA11676_GUA_GYE_LA_PLANADA, Local Cell ID=9, Cell Name=L_GUA11676_GUA_GYE_LA_PLANADA_9, eNodeB ID=11676, Cell FDD TDD indication=CELL_FDD",Reliable,26.274,5.162
2026-04-10 06:00,60,"L_GUA11676_GUA_GYE_LA_PLANADA/Cell:eNodeB Function Name=L_GUA11676_GUA_GYE_LA_PLANADA, Local Cell ID=8, Cell Name=L_GUA11676_GUA_GYE_LA_PLANADA_8, eNodeB ID=11676, Cell FDD TDD indication=CELL_FDD",Reliable,448.595,27.814
2026-04-10 06:00,60,"L_GUA11676_GUA_GYE_LA_PLANADA/Cell:eNodeB Function Name=L_GUA11676_GUA_GYE_LA_PLANADA, Local Cell ID=7, Cell Name=L_GUA11676_GUA_GYE_LA_PLANADA_7, eNodeB ID=11676, Cell FDD TDD indication=CELL_FDD",Reliable,3888.701,478.76
2026-04-10 06:00,60,"L_GUA11676_GUA_GYE_LA_PLANADA/Cell:eNodeB Function Name=L_GUA11676_GUA_GYE_LA_PLANADA, Local Cell ID=3, Cell Name=L_GUA11676_GUA_GYE_LA_PLANADA_3, eNodeB ID=11676, Cell FDD TDD indication=CELL_FDD",Reliable,133.428,17.022
2026-04-10 06:00,60,"L_GUA11676_GUA_GYE_LA_PLANADA/Cell:eNodeB Function Name=L_GUA11676_GUA_GYE_LA_PLANADA, Local Cell ID=2, Cell Name=L_GUA11676_GUA_GYE_LA_PLANADA_2, eNodeB ID=11676, Cell FDD TDD indication=CELL_FDD",Reliable,1014.118,75.328
2026-04-10 06:00,60,"L_GUA11676_GUA_GYE_LA_PLANADA/Cell:eNodeB Function Name=L_GUA11676_GUA_GYE_LA_PLANADA, Local Cell ID=1, Cell Name=L_GUA11676_GUA_GYE_LA_PLANADA_1, eNodeB ID=11676, Cell FDD TDD indication=CELL_FDD",Reliable,249.47,21.673
2026-04-10 06:00,60,"L_GUA11685_GUA_DUR_EL_RECREO_4/Cell:eNodeB Function Name=L_GUA11685_GUA_DUR_EL_RECREO_4, Local Cell ID=9, Cell Name=L_GUA11685_GUA_DUR_EL_RECREO_4_9, eNodeB ID=11685, Cell FDD TDD indication=CELL_FDD",Reliable,27.599,8.799
2026-04-10 06:00,60,"L_GUA11685_GUA_DUR_EL_RECREO_4/Cell:eNodeB Function Name=L_GUA11685_GUA_DUR_EL_RECREO_4, Local Cell ID=8, Cell Name=L_GUA11685_GUA_DUR_EL_RECREO_4_8, eNodeB ID=11685, Cell FDD TDD indication=CELL_FDD",Reliable,692.474,171.932
2026-04-10 06:00,60,"L_GUA11685_GUA_DUR_EL_RECREO_4/Cell:eNodeB Function Name=L_GUA11685_GUA_DUR_EL_RECREO_4, Local Cell ID=7, Cell Name=L_GUA11685_GUA_DUR_EL_RECREO_4_7, eNodeB ID=11685, Cell FDD TDD indication=CELL_FDD",Reliable,129.212,18.016
2026-04-10 06:00,60,"L_GUA11685_GUA_DUR_EL_RECREO_4/Cell:eNodeB Function Name=L_GUA11685_GUA_DUR_EL_RECREO_4, Local Cell ID=3, Cell Name=L_GUA11685_GUA_DUR_EL_RECREO_4_3, eNodeB ID=11685, Cell FDD TDD indication=CELL_FDD",Reliable,695.422,58.123
2026-04-10 06:00,60,"L_GUA11685_GUA_DUR_EL_RECREO_4/Cell:eNodeB Function Name=L_GUA11685_GUA_DUR_EL_RECREO_4, Local Cell ID=2, Cell Name=L_GUA11685_GUA_DUR_EL_RECREO_4_2, eNodeB ID=11685, Cell FDD TDD indication=CELL_FDD",Reliable,804.211,68.62
2026-04-10 06:00,60,"L_GUA11685_GUA_DUR_EL_RECREO_4/Cell:eNodeB Function Name=L_GUA11685_GUA_DUR_EL_RECREO_4, Local Cell ID=1, Cell Name=L_GUA11685_GUA_DUR_EL_RECREO_4_1, eNodeB ID=11685, Cell FDD TDD indication=CELL_FDD",Reliable,1983.594,401.915
2026-04-10 06:00,60,"L_GUA11352_PRIMAVERA/Cell:eNodeB Function Name=L_GUA11352_PRIMAVERA, Local Cell ID=9, Cell Name=L_GUA11352_PRIMAVERA_9, eNodeB ID=11352, Cell FDD TDD indication=CELL_FDD",Reliable,285.439,30.097
2026-04-10 06:00,60,"L_GUA11352_PRIMAVERA/Cell:eNodeB Function Name=L_GUA11352_PRIMAVERA, Local Cell ID=8, Cell Name=L_GUA11352_PRIMAVERA_8, eNodeB ID=11352, Cell FDD TDD indication=CELL_FDD",Reliable,304.732,89.664
2026-04-10 06:00,60,"L_GUA11352_PRIMAVERA/Cell:eNodeB Function Name=L_GUA11352_PRIMAVERA, Local Cell ID=7, Cell Name=L_GUA11352_PRIMAVERA_7, eNodeB ID=11352, Cell FDD TDD indication=CELL_FDD",Reliable,345.147,21.903
2026-04-10 06:00,60,"L_GUA11352_PRIMAVERA/Cell:eNodeB Function Name=L_GUA11352_PRIMAVERA, Local Cell ID=3, Cell Name=L_GUA11352_PRIMAVERA_3, eNodeB ID=11352, Cell FDD TDD indication=CELL_FDD",Reliable,1271.226,518.486
2026-04-10 06:00,60,"L_GUA11352_PRIMAVERA/Cell:eNodeB Function Name=L_GUA11352_PRIMAVERA, Local Cell ID=2, Cell Name=L_GUA11352_PRIMAVERA_2, eNodeB ID=11352, Cell FDD TDD indication=CELL_FDD",Reliable,1323.072,415.16
2026-04-10 06:00,60,"L_GUA11352_PRIMAVERA/Cell:eNodeB Function Name=L_GUA11352_PRIMAVERA, Local Cell ID=1, Cell Name=L_GUA11352_PRIMAVERA_1, eNodeB ID=11352, Cell FDD TDD indication=CELL_FDD",Reliable,528.438,119.156
2026-04-10 06:00,60,"L_GUA11364_EL_RECREO_1/Cell:eNodeB Function Name=L_GUA11364_EL_RECREO_1, Local Cell ID=9, Cell Name=L_GUA11364_EL_RECREO_1_9, eNodeB ID=11364, Cell FDD TDD indication=CELL_FDD",Reliable,1284.976,107.562
2026-04-10 06:00,60,"L_GUA11364_EL_RECREO_1/Cell:eNodeB Function Name=L_GUA11364_EL_RECREO_1, Local Cell ID=8, Cell Name=L_GUA11364_EL_RECREO_1_8, eNodeB ID=11364, Cell FDD TDD indication=CELL_FDD",Reliable,572.922,63.751
2026-04-10 06:00,60,"L_GUA11364_EL_RECREO_1/Cell:eNodeB Function Name=L_GUA11364_EL_RECREO_1, Local Cell ID=7, Cell Name=L_GUA11364_EL_RECREO_1_7, eNodeB ID=11364, Cell FDD TDD indication=CELL_FDD",Reliable,460.725,42.746
2026-04-10 06:00,60,"L_GUA11364_EL_RECREO_1/Cell:eNodeB Function Name=L_GUA11364_EL_RECREO_1, Local Cell ID=3, Cell Name=L_GUA11364_EL_RECREO_1_3, eNodeB ID=11364, Cell FDD TDD indication=CELL_FDD",Reliable,2442.079,190.494
2026-04-10 06:00,60,"L_GUA11364_EL_RECREO_1/Cell:eNodeB Function Name=L_GUA11364_EL_RECREO_1, Local Cell ID=2, Cell Name=L_GUA11364_EL_RECREO_1_2, eNodeB ID=11364, Cell FDD TDD indication=CELL_FDD",Reliable,1659.154,143.35
2026-04-10 06:00,60,"L_GUA11364_EL_RECREO_1/Cell:eNodeB Function Name=L_GUA11364_EL_RECREO_1, Local Cell ID=1, Cell Name=L_GUA11364_EL_RECREO_1_1, eNodeB ID=11364, Cell FDD TDD indication=CELL_FDD",Reliable,617.422,50.279
2026-04-10 06:00,60,"L_GUA11369_ARBOLITO/Cell:eNodeB Function Name=L_GUA11369_ARBOLITO, Local Cell ID=9, Cell Name=L_GUA11369_ARBOLITO_9, eNodeB ID=11369, Cell FDD TDD indication=CELL_FDD",Reliable,66.017,54.575
2026-04-10 06:00,60,"L_GUA11369_ARBOLITO/Cell:eNodeB Function Name=L_GUA11369_ARBOLITO, Local Cell ID=8, Cell Name=L_GUA11369_ARBOLITO_8, eNodeB ID=11369, Cell FDD TDD indication=CELL_FDD",Reliable,278.451,18.283
2026-04-10 06:00,60,"L_GUA11369_ARBOLITO/Cell:eNodeB Function Name=L_GUA11369_ARBOLITO, Local Cell ID=7, Cell Name=L_GUA11369_ARBOLITO_7, eNodeB ID=11369, Cell FDD TDD indication=CELL_FDD",Reliable,3.457,0.277
2026-04-10 06:00,60,"L_GUA11369_ARBOLITO/Cell:eNodeB Function Name=L_GUA11369_ARBOLITO, Local Cell ID=3, Cell Name=L_GUA11369_ARBOLITO_3, eNodeB ID=11369, Cell FDD TDD indication=CELL_FDD",Reliable,215.032,83.701
2026-04-10 06:00,60,"L_GUA11369_ARBOLITO/Cell:eNodeB Function Name=L_GUA11369_ARBOLITO, Local Cell ID=2, Cell Name=L_GUA11369_ARBOLITO_2, eNodeB ID=11369, Cell FDD TDD indication=CELL_FDD",Reliable,310.737,23.758
2026-04-10 06:00,60,"L_GUA11369_ARBOLITO/Cell:eNodeB Function Name=L_GUA11369_ARBOLITO, Local Cell ID=1, Cell Name=L_GUA11369_ARBOLITO_1, eNodeB ID=11369, Cell FDD TDD indication=CELL_FDD",Reliable,93.138,11.28
2026-04-10 06:00,60,"L_GUA11371_FERIA_DE_DURAN/Cell:eNodeB Function Name=L_GUA11371_FERIA_DE_DURAN, Local Cell ID=3, Cell Name=L_GUA11371_FERIA_DE_DURAN_3, eNodeB ID=11371, Cell FDD TDD indication=CELL_FDD",Reliable,240.237,20.355
2026-04-10 06:00,60,"L_GUA11371_FERIA_DE_DURAN/Cell:eNodeB Function Name=L_GUA11371_FERIA_DE_DURAN, Local Cell ID=2, Cell Name=L_GUA11371_FERIA_DE_DURAN_2, eNodeB ID=11371, Cell FDD TDD indication=CELL_FDD",Reliable,723.584,86.386
2026-04-10 06:00,60,"L_GUA11371_FERIA_DE_DURAN/Cell:eNodeB Function Name=L_GUA11371_FERIA_DE_DURAN, Local Cell ID=1, Cell Name=L_GUA11371_FERIA_DE_DURAN_1, eNodeB ID=11371, Cell FDD TDD indication=CELL_FDD",Reliable,503.698,78.237
2026-04-10 06:00,60,"L_GUA11372_PANORAMA/Cell:eNodeB Function Name=L_GUA11372_PANORAMA, Local Cell ID=9, Cell Name=L_GUA11372_PANORAMA_9, eNodeB ID=11372, Cell FDD TDD indication=CELL_FDD",Reliable,1259.851,71.751
2026-04-10 06:00,60,"L_GUA11372_PANORAMA/Cell:eNodeB Function Name=L_GUA11372_PANORAMA, Local Cell ID=8, Cell Name=L_GUA11372_PANORAMA_8, eNodeB ID=11372, Cell FDD TDD indication=CELL_FDD",Reliable,257.457,62.441
2026-04-10 06:00,60,"L_GUA11372_PANORAMA/Cell:eNodeB Function Name=L_GUA11372_PANORAMA, Local Cell ID=7, Cell Name=L_GUA11372_PANORAMA_7, eNodeB ID=11372, Cell FDD TDD indication=CELL_FDD",Reliable,14.385,1.383
2026-04-10 06:00,60,"L_GUA11372_PANORAMA/Cell:eNodeB Function Name=L_GUA11372_PANORAMA, Local Cell ID=3, Cell Name=L_GUA11372_PANORAMA_3, eNodeB ID=11372, Cell FDD TDD indication=CELL_FDD",Reliable,625.576,44.374
2026-04-10 06:00,60,"L_GUA11372_PANORAMA/Cell:eNodeB Function Name=L_GUA11372_PANORAMA, Local Cell ID=2, Cell Name=L_GUA11372_PANORAMA_2, eNodeB ID=11372, Cell FDD TDD indication=CELL_FDD",Reliable,1212.389,142.094
2026-04-10 06:00,60,"L_GUA11372_PANORAMA/Cell:eNodeB Function Name=L_GUA11372_PANORAMA, Local Cell ID=1, Cell Name=L_GUA11372_PANORAMA_1, eNodeB ID=11372, Cell FDD TDD indication=CELL_FDD",Reliable,654.744,39.27
2026-04-10 06:00,60,"L_GUA11373_SAN_GABRIEL_1/Cell:eNodeB Function Name=L_GUA11373_SAN_GABRIEL_1, Local Cell ID=9, Cell Name=L_GUA11373_SAN_GABRIEL_1_9, eNodeB ID=11373, Cell FDD TDD indication=CELL_FDD",Reliable,172.623,23.308
2026-04-10 06:00,60,"L_GUA11373_SAN_GABRIEL_1/Cell:eNodeB Function Name=L_GUA11373_SAN_GABRIEL_1, Local Cell ID=8, Cell Name=L_GUA11373_SAN_GABRIEL_1_8, eNodeB ID=11373, Cell FDD TDD indication=CELL_FDD",Reliable,545.911,55.988
2026-04-10 06:00,60,"L_GUA11373_SAN_GABRIEL_1/Cell:eNodeB Function Name=L_GUA11373_SAN_GABRIEL_1, Local Cell ID=7, Cell Name=L_GUA11373_SAN_GABRIEL_1_7, eNodeB ID=11373, Cell FDD TDD indication=CELL_FDD",Reliable,1717.783,216.919
2026-04-10 06:00,60,"L_GUA11373_SAN_GABRIEL_1/Cell:eNodeB Function Name=L_GUA11373_SAN_GABRIEL_1, Local Cell ID=3, Cell Name=L_GUA11373_SAN_GABRIEL_1_3, eNodeB ID=11373, Cell FDD TDD indication=CELL_FDD",Reliable,1897.545,332.804
2026-04-10 06:00,60,"L_GUA11373_SAN_GABRIEL_1/Cell:eNodeB Function Name=L_GUA11373_SAN_GABRIEL_1, Local Cell ID=2, Cell Name=L_GUA11373_SAN_GABRIEL_1_2, eNodeB ID=11373, Cell FDD TDD indication=CELL_FDD",Reliable,338.199,30.116
2026-04-10 06:00,60,"L_GUA11373_SAN_GABRIEL_1/Cell:eNodeB Function Name=L_GUA11373_SAN_GABRIEL_1, Local Cell ID=1, Cell Name=L_GUA11373_SAN_GABRIEL_1_1, eNodeB ID=11373, Cell FDD TDD indication=CELL_FDD",Reliable,1254.787,97.186
2026-04-10 06:00,60,"L_GUA11392_PANORAMA_SUR/Cell:eNodeB Function Name=L_GUA11392_PANORAMA_SUR, Local Cell ID=9, Cell Name=L_GUA11392_PANORAMA_SUR_9, eNodeB ID=11392, Cell FDD TDD indication=CELL_FDD",Reliable,723.16,92.621
2026-04-10 06:00,60,"L_GUA11392_PANORAMA_SUR/Cell:eNodeB Function Name=L_GUA11392_PANORAMA_SUR, Local Cell ID=8, Cell Name=L_GUA11392_PANORAMA_SUR_8, eNodeB ID=11392, Cell FDD TDD indication=CELL_FDD",Reliable,107.114,12.424
2026-04-10 06:00,60,"L_GUA11392_PANORAMA_SUR/Cell:eNodeB Function Name=L_GUA11392_PANORAMA_SUR, Local Cell ID=7, Cell Name=L_GUA11392_PANORAMA_SUR_7, eNodeB ID=11392, Cell FDD TDD indication=CELL_FDD",Reliable,1278.518,133.971
2026-04-10 06:00,60,"L_GUA11392_PANORAMA_SUR/Cell:eNodeB Function Name=L_GUA11392_PANORAMA_SUR, Local Cell ID=3, Cell Name=L_GUA11392_PANORAMA_SUR_3, eNodeB ID=11392, Cell FDD TDD indication=CELL_FDD",Reliable,3015.541,237.72
2026-04-10 06:00,60,"L_GUA11392_PANORAMA_SUR/Cell:eNodeB Function Name=L_GUA11392_PANORAMA_SUR, Local Cell ID=2, Cell Name=L_GUA11392_PANORAMA_SUR_2, eNodeB ID=11392, Cell FDD TDD indication=CELL_FDD",Reliable,4064.102,371.746
2026-04-10 06:00,60,"L_GUA11392_PANORAMA_SUR/Cell:eNodeB Function Name=L_GUA11392_PANORAMA_SUR, Local Cell ID=1, Cell Name=L_GUA11392_PANORAMA_SUR_1, eNodeB ID=11392, Cell FDD TDD indication=CELL_FDD",Reliable,1380.36,114.29
2026-04-10 06:00,60,"L_GUA11425_GUA_DUR_VIA_YAGUACHI/Cell:eNodeB Function Name=L_GUA11425_GUA_DUR_VIA_YAGUACHI, Local Cell ID=9, Cell Name=L_GUA11425_GUA_DUR_VIA_YAGUACHI_9, eNodeB ID=11425, Cell FDD TDD indication=CELL_FDD",Reliable,328.597,28.826
2026-04-10 06:00,60,"L_GUA11425_GUA_DUR_VIA_YAGUACHI/Cell:eNodeB Function Name=L_GUA11425_GUA_DUR_VIA_YAGUACHI, Local Cell ID=8, Cell Name=L_GUA11425_GUA_DUR_VIA_YAGUACHI_8, eNodeB ID=11425, Cell FDD TDD indication=CELL_FDD",Reliable,69.839,12.986
2026-04-10 06:00,60,"L_GUA11425_GUA_DUR_VIA_YAGUACHI/Cell:eNodeB Function Name=L_GUA11425_GUA_DUR_VIA_YAGUACHI, Local Cell ID=7, Cell Name=L_GUA11425_GUA_DUR_VIA_YAGUACHI_7, eNodeB ID=11425, Cell FDD TDD indication=CELL_FDD",Reliable,510.078,52.789
2026-04-10 06:00,60,"L_GUA11425_GUA_DUR_VIA_YAGUACHI/Cell:eNodeB Function Name=L_GUA11425_GUA_DUR_VIA_YAGUACHI, Local Cell ID=3, Cell Name=L_GUA11425_GUA_DUR_VIA_YAGUACHI_3, eNodeB ID=11425, Cell FDD TDD indication=CELL_FDD",Reliable,167.119,15.611
2026-04-10 06:00,60,"L_GUA11425_GUA_DUR_VIA_YAGUACHI/Cell:eNodeB Function Name=L_GUA11425_GUA_DUR_VIA_YAGUACHI, Local Cell ID=2, Cell Name=L_GUA11425_GUA_DUR_VIA_YAGUACHI_2, eNodeB ID=11425, Cell FDD TDD indication=CELL_FDD",Reliable,213.724,42.651
2026-04-10 06:00,60,"L_GUA11425_GUA_DUR_VIA_YAGUACHI/Cell:eNodeB Function Name=L_GUA11425_GUA_DUR_VIA_YAGUACHI, Local Cell ID=1, Cell Name=L_GUA11425_GUA_DUR_VIA_YAGUACHI_1, eNodeB ID=11425, Cell FDD TDD indication=CELL_FDD",Reliable,648.052,61.027
2026-04-10 06:00,60,"L_GUA11429_GUA_DUR_004/Cell:eNodeB Function Name=L_GUA11429_GUA_DUR_004, Local Cell ID=3, Cell Name=L_GUA11429_GUA_DUR_004_3, eNodeB ID=11429, Cell FDD TDD indication=CELL_FDD",Reliable,677.154,486.535
2026-04-10 06:00,60,"L_GUA11429_GUA_DUR_004/Cell:eNodeB Function Name=L_GUA11429_GUA_DUR_004, Local Cell ID=2, Cell Name=L_GUA11429_GUA_DUR_004_2, eNodeB ID=11429, Cell FDD TDD indication=CELL_FDD",Reliable,714.66,168.488
2026-04-10 06:00,60,"L_GUA11429_GUA_DUR_004/Cell:eNodeB Function Name=L_GUA11429_GUA_DUR_004, Local Cell ID=1, Cell Name=L_GUA11429_GUA_DUR_004_1, eNodeB ID=11429, Cell FDD TDD indication=CELL_FDD",Reliable,131.11,17.668
2026-04-10 06:00,60,"L_GUA11703_GUA_DUR_RECREO_NORTE/Cell:eNodeB Function Name=L_GUA11703_GUA_DUR_RECREO_NORTE, Local Cell ID=9, Cell Name=L_GUA11703_GUA_DUR_RECREO_NORTE_9, eNodeB ID=11703, Cell FDD TDD indication=CELL_FDD",Reliable,19.47,0.586
2026-04-10 06:00,60,"L_GUA11703_GUA_DUR_RECREO_NORTE/Cell:eNodeB Function Name=L_GUA11703_GUA_DUR_RECREO_NORTE, Local Cell ID=8, Cell Name=L_GUA11703_GUA_DUR_RECREO_NORTE_8, eNodeB ID=11703, Cell FDD TDD indication=CELL_FDD",Reliable,119.098,7.156
2026-04-10 06:00,60,"L_GUA11703_GUA_DUR_RECREO_NORTE/Cell:eNodeB Function Name=L_GUA11703_GUA_DUR_RECREO_NORTE, Local Cell ID=7, Cell Name=L_GUA11703_GUA_DUR_RECREO_NORTE_7, eNodeB ID=11703, Cell FDD TDD indication=CELL_FDD",Reliable,51.518,7.791
2026-04-10 06:00,60,"L_GUA11703_GUA_DUR_RECREO_NORTE/Cell:eNodeB Function Name=L_GUA11703_GUA_DUR_RECREO_NORTE, Local Cell ID=3, Cell Name=L_GUA11703_GUA_DUR_RECREO_NORTE_3, eNodeB ID=11703, Cell FDD TDD indication=CELL_FDD",Reliable,522.103,199.406
2026-04-10 06:00,60,"L_GUA11703_GUA_DUR_RECREO_NORTE/Cell:eNodeB Function Name=L_GUA11703_GUA_DUR_RECREO_NORTE, Local Cell ID=2, Cell Name=L_GUA11703_GUA_DUR_RECREO_NORTE_2, eNodeB ID=11703, Cell FDD TDD indication=CELL_FDD",Reliable,163.439,10.745
2026-04-10 06:00,60,"L_GUA11703_GUA_DUR_RECREO_NORTE/Cell:eNodeB Function Name=L_GUA11703_GUA_DUR_RECREO_NORTE, Local Cell ID=1, Cell Name=L_GUA11703_GUA_DUR_RECREO_NORTE_1, eNodeB ID=11703, Cell FDD TDD indication=CELL_FDD",Reliable,293.71,27.146
2026-04-10 06:00,60,"L_GUA11704_GUA_DUR_PRONACA/Cell:eNodeB Function Name=L_GUA11704_GUA_DUR_PRONACA, Local Cell ID=3, Cell Name=L_GUA11704_GUA_DUR_PRONACA_3, eNodeB ID=11704, Cell FDD TDD indication=CELL_FDD",Reliable,1445.608,244.405
2026-04-10 06:00,60,"L_GUA11704_GUA_DUR_PRONACA/Cell:eNodeB Function Name=L_GUA11704_GUA_DUR_PRONACA, Local Cell ID=2, Cell Name=L_GUA11704_GUA_DUR_PRONACA_2, eNodeB ID=11704, Cell FDD TDD indication=CELL_FDD",Reliable,278.627,25.434
2026-04-10 06:00,60,"L_GUA11704_GUA_DUR_PRONACA/Cell:eNodeB Function Name=L_GUA11704_GUA_DUR_PRONACA, Local Cell ID=1, Cell Name=L_GUA11704_GUA_DUR_PRONACA_1, eNodeB ID=11704, Cell FDD TDD indication=CELL_FDD",Reliable,1486.357,398.717
2026-04-10 06:00,60,"L_GUA11340_GUA_MIL_BELLAVISTA_NORTE/Cell:eNodeB Function Name=L_GUA11340_GUA_MIL_BELLAVISTA_NORTE, Local Cell ID=3, Cell Name=L_GUA11340_GUA_MIL_BELLAVISTA_NORTE_3, eNodeB ID=11340, Cell FDD TDD indication=CELL_FDD",Reliable,1093.631,71.632
2026-04-10 06:00,60,"L_GUA11340_GUA_MIL_BELLAVISTA_NORTE/Cell:eNodeB Function Name=L_GUA11340_GUA_MIL_BELLAVISTA_NORTE, Local Cell ID=2, Cell Name=L_GUA11340_GUA_MIL_BELLAVISTA_NORTE_2, eNodeB ID=11340, Cell FDD TDD indication=CELL_FDD",Reliable,321.755,32.095
2026-04-10 06:00,60,"L_GUA11340_GUA_MIL_BELLAVISTA_NORTE/Cell:eNodeB Function Name=L_GUA11340_GUA_MIL_BELLAVISTA_NORTE, Local Cell ID=1, Cell Name=L_GUA11340_GUA_MIL_BELLAVISTA_NORTE_1, eNodeB ID=11340, Cell FDD TDD indication=CELL_FDD",Reliable,739.959,58.78
2026-04-10 06:00,60,"L_GUA11340_GUA_MIL_BELLAVISTA_NORTE/Cell:eNodeB Function Name=L_GUA11340_GUA_MIL_BELLAVISTA_NORTE, Local Cell ID=9, Cell Name=L_GUA11340_GUA_MIL_BELLAVISTA_NORTE_9, eNodeB ID=11340, Cell FDD TDD indication=CELL_FDD",Reliable,469.46,37.596
2026-04-10 06:00,60,"L_GUA11340_GUA_MIL_BELLAVISTA_NORTE/Cell:eNodeB Function Name=L_GUA11340_GUA_MIL_BELLAVISTA_NORTE, Local Cell ID=8, Cell Name=L_GUA11340_GUA_MIL_BELLAVISTA_NORTE_8, eNodeB ID=11340, Cell FDD TDD indication=CELL_FDD",Reliable,108.479,22.866
2026-04-10 06:00,60,"L_GUA11340_GUA_MIL_BELLAVISTA_NORTE/Cell:eNodeB Function Name=L_GUA11340_GUA_MIL_BELLAVISTA_NORTE, Local Cell ID=7, Cell Name=L_GUA11340_GUA_MIL_BELLAVISTA_NORTE_7, eNodeB ID=11340, Cell FDD TDD indication=CELL_FDD",Reliable,228.854,21.081
2026-04-10 06:00,60,"L_GUA11362_MILAGRO_NORESTE/Cell:eNodeB Function Name=L_GUA11362_MILAGRO_NORESTE, Local Cell ID=9, Cell Name=L_GUA11362_MILAGRO_NORESTE_9, eNodeB ID=11362, Cell FDD TDD indication=CELL_FDD",Reliable,426.047,38.593
2026-04-10 06:00,60,"L_GUA11362_MILAGRO_NORESTE/Cell:eNodeB Function Name=L_GUA11362_MILAGRO_NORESTE, Local Cell ID=8, Cell Name=L_GUA11362_MILAGRO_NORESTE_8, eNodeB ID=11362, Cell FDD TDD indication=CELL_FDD",Reliable,271.981,27.445
2026-04-10 06:00,60,"L_GUA11362_MILAGRO_NORESTE/Cell:eNodeB Function Name=L_GUA11362_MILAGRO_NORESTE, Local Cell ID=7, Cell Name=L_GUA11362_MILAGRO_NORESTE_7, eNodeB ID=11362, Cell FDD TDD indication=CELL_FDD",Reliable,965.269,74.257
2026-04-10 06:00,60,"L_GUA11362_MILAGRO_NORESTE/Cell:eNodeB Function Name=L_GUA11362_MILAGRO_NORESTE, Local Cell ID=3, Cell Name=L_GUA11362_MILAGRO_NORESTE_3, eNodeB ID=11362, Cell FDD TDD indication=CELL_FDD",Reliable,344.937,153.662
2026-04-10 06:00,60,"L_GUA11362_MILAGRO_NORESTE/Cell:eNodeB Function Name=L_GUA11362_MILAGRO_NORESTE, Local Cell ID=2, Cell Name=L_GUA11362_MILAGRO_NORESTE_2, eNodeB ID=11362, Cell FDD TDD indication=CELL_FDD",Reliable,222.684,25.691
2026-04-10 06:00,60,"L_GUA11362_MILAGRO_NORESTE/Cell:eNodeB Function Name=L_GUA11362_MILAGRO_NORESTE, Local Cell ID=1, Cell Name=L_GUA11362_MILAGRO_NORESTE_1, eNodeB ID=11362, Cell FDD TDD indication=CELL_FDD",Reliable,1032.715,77.209
2026-04-10 06:00,60,"L_GUA11363_MILAGRO_SUROESTE/Cell:eNodeB Function Name=L_GUA11363_MILAGRO_SUROESTE, Local Cell ID=9, Cell Name=L_GUA11363_MILAGRO_SUROESTE_9, eNodeB ID=11363, Cell FDD TDD indication=CELL_FDD",Reliable,374.773,49.939
2026-04-10 06:00,60,"L_GUA11363_MILAGRO_SUROESTE/Cell:eNodeB Function Name=L_GUA11363_MILAGRO_SUROESTE, Local Cell ID=8, Cell Name=L_GUA11363_MILAGRO_SUROESTE_8, eNodeB ID=11363, Cell FDD TDD indication=CELL_FDD",Reliable,485.193,37.797
2026-04-10 06:00,60,"L_GUA11363_MILAGRO_SUROESTE/Cell:eNodeB Function Name=L_GUA11363_MILAGRO_SUROESTE, Local Cell ID=7, Cell Name=L_GUA11363_MILAGRO_SUROESTE_7, eNodeB ID=11363, Cell FDD TDD indication=CELL_FDD",Reliable,713.874,89.831
2026-04-10 06:00,60,"L_GUA11363_MILAGRO_SUROESTE/Cell:eNodeB Function Name=L_GUA11363_MILAGRO_SUROESTE, Local Cell ID=3, Cell Name=L_GUA11363_MILAGRO_SUROESTE_3, eNodeB ID=11363, Cell FDD TDD indication=CELL_FDD",Reliable,157.576,20.391
2026-04-10 06:00,60,"L_GUA11363_MILAGRO_SUROESTE/Cell:eNodeB Function Name=L_GUA11363_MILAGRO_SUROESTE, Local Cell ID=2, Cell Name=L_GUA11363_MILAGRO_SUROESTE_2, eNodeB ID=11363, Cell FDD TDD indication=CELL_FDD",Reliable,1296.356,119.86
2026-04-10 06:00,60,"L_GUA11363_MILAGRO_SUROESTE/Cell:eNodeB Function Name=L_GUA11363_MILAGRO_SUROESTE, Local Cell ID=1, Cell Name=L_GUA11363_MILAGRO_SUROESTE_1, eNodeB ID=11363, Cell FDD TDD indication=CELL_FDD",Reliable,913.798,91.84
2026-04-10 06:00,60,"L_GUA11375_MILAGRO_ESTE/Cell:eNodeB Function Name=L_GUA11375_MILAGRO_ESTE, Local Cell ID=9, Cell Name=L_GUA11375_MILAGRO_ESTE_9, eNodeB ID=11375, Cell FDD TDD indication=CELL_FDD",Reliable,343.382,21.015
2026-04-10 06:00,60,"L_GUA11375_MILAGRO_ESTE/Cell:eNodeB Function Name=L_GUA11375_MILAGRO_ESTE, Local Cell ID=8, Cell Name=L_GUA11375_MILAGRO_ESTE_8, eNodeB ID=11375, Cell FDD TDD indication=CELL_FDD",Reliable,345.222,30.873
2026-04-10 06:00,60,"L_GUA11375_MILAGRO_ESTE/Cell:eNodeB Function Name=L_GUA11375_MILAGRO_ESTE, Local Cell ID=7, Cell Name=L_GUA11375_MILAGRO_ESTE_7, eNodeB ID=11375, Cell FDD TDD indication=CELL_FDD",Reliable,346.08,57.577
2026-04-10 06:00,60,"L_GUA11375_MILAGRO_ESTE/Cell:eNodeB Function Name=L_GUA11375_MILAGRO_ESTE, Local Cell ID=3, Cell Name=L_GUA11375_MILAGRO_ESTE_3, eNodeB ID=11375, Cell FDD TDD indication=CELL_FDD",Reliable,2.838,0.713
2026-04-10 06:00,60,"L_GUA11375_MILAGRO_ESTE/Cell:eNodeB Function Name=L_GUA11375_MILAGRO_ESTE, Local Cell ID=2, Cell Name=L_GUA11375_MILAGRO_ESTE_2, eNodeB ID=11375, Cell FDD TDD indication=CELL_FDD",Reliable,97.064,12.651
2026-04-10 06:00,60,"L_GUA11375_MILAGRO_ESTE/Cell:eNodeB Function Name=L_GUA11375_MILAGRO_ESTE, Local Cell ID=1, Cell Name=L_GUA11375_MILAGRO_ESTE_1, eNodeB ID=11375, Cell FDD TDD indication=CELL_FDD",Reliable,136.334,14.421
2026-04-10 06:00,60,"L_GUA11376_MILAGRO_SUR/Cell:eNodeB Function Name=L_GUA11376_MILAGRO_SUR, Local Cell ID=9, Cell Name=L_GUA11376_MILAGRO_SUR_9, eNodeB ID=11376, Cell FDD TDD indication=CELL_FDD",Reliable,274.791,17.641
2026-04-10 06:00,60,"L_GUA11376_MILAGRO_SUR/Cell:eNodeB Function Name=L_GUA11376_MILAGRO_SUR, Local Cell ID=8, Cell Name=L_GUA11376_MILAGRO_SUR_8, eNodeB ID=11376, Cell FDD TDD indication=CELL_FDD",Reliable,2327.99,218.097
2026-04-10 06:00,60,"L_GUA11376_MILAGRO_SUR/Cell:eNodeB Function Name=L_GUA11376_MILAGRO_SUR, Local Cell ID=7, Cell Name=L_GUA11376_MILAGRO_SUR_7, eNodeB ID=11376, Cell FDD TDD indication=CELL_FDD",Reliable,718.24,52.04
2026-04-10 06:00,60,"L_GUA11376_MILAGRO_SUR/Cell:eNodeB Function Name=L_GUA11376_MILAGRO_SUR, Local Cell ID=3, Cell Name=L_GUA11376_MILAGRO_SUR_3, eNodeB ID=11376, Cell FDD TDD indication=CELL_FDD",Reliable,65.104,8.795
2026-04-10 06:00,60,"L_GUA11376_MILAGRO_SUR/Cell:eNodeB Function Name=L_GUA11376_MILAGRO_SUR, Local Cell ID=2, Cell Name=L_GUA11376_MILAGRO_SUR_2, eNodeB ID=11376, Cell FDD TDD indication=CELL_FDD",Reliable,771.966,57.669
2026-04-10 06:00,60,"L_GUA11376_MILAGRO_SUR/Cell:eNodeB Function Name=L_GUA11376_MILAGRO_SUR, Local Cell ID=1, Cell Name=L_GUA11376_MILAGRO_SUR_1, eNodeB ID=11376, Cell FDD TDD indication=CELL_FDD",Reliable,1139.554,84.901
2026-04-10 06:00,60,"L_GUA11377_MILAGRO_SURESTE/Cell:eNodeB Function Name=L_GUA11377_MILAGRO_SURESTE, Local Cell ID=9, Cell Name=L_GUA11377_MILAGRO_SURESTE_9, eNodeB ID=11377, Cell FDD TDD indication=CELL_FDD",Reliable,408.097,30.776
2026-04-10 06:00,60,"L_GUA11377_MILAGRO_SURESTE/Cell:eNodeB Function Name=L_GUA11377_MILAGRO_SURESTE, Local Cell ID=8, Cell Name=L_GUA11377_MILAGRO_SURESTE_8, eNodeB ID=11377, Cell FDD TDD indication=CELL_FDD",Reliable,398.693,43.246
2026-04-10 06:00,60,"L_GUA11377_MILAGRO_SURESTE/Cell:eNodeB Function Name=L_GUA11377_MILAGRO_SURESTE, Local Cell ID=7, Cell Name=L_GUA11377_MILAGRO_SURESTE_7, eNodeB ID=11377, Cell FDD TDD indication=CELL_FDD",Reliable,1489.847,109.541
2026-04-10 06:00,60,"L_GUA11377_MILAGRO_SURESTE/Cell:eNodeB Function Name=L_GUA11377_MILAGRO_SURESTE, Local Cell ID=3, Cell Name=L_GUA11377_MILAGRO_SURESTE_3, eNodeB ID=11377, Cell FDD TDD indication=CELL_FDD",Reliable,503.164,47.419
2026-04-10 06:00,60,"L_GUA11377_MILAGRO_SURESTE/Cell:eNodeB Function Name=L_GUA11377_MILAGRO_SURESTE, Local Cell ID=2, Cell Name=L_GUA11377_MILAGRO_SURESTE_2, eNodeB ID=11377, Cell FDD TDD indication=CELL_FDD",Reliable,456.364,60.352
2026-04-10 06:00,60,"L_GUA11377_MILAGRO_SURESTE/Cell:eNodeB Function Name=L_GUA11377_MILAGRO_SURESTE, Local Cell ID=1, Cell Name=L_GUA11377_MILAGRO_SURESTE_1, eNodeB ID=11377, Cell FDD TDD indication=CELL_FDD",Reliable,723.142,65.822
2026-04-10 06:00,60,"L_GUA11332_GUA_PLA_PAQUISHA/Cell:eNodeB Function Name=L_GUA11332_GUA_PLA_PAQUISHA, Local Cell ID=9, Cell Name=L_GUA11332_GUA_PLA_PAQUISHA_9, eNodeB ID=11332, Cell FDD TDD indication=CELL_FDD",Reliable,0.023,0.043
2026-04-10 06:00,60,"L_GUA11332_GUA_PLA_PAQUISHA/Cell:eNodeB Function Name=L_GUA11332_GUA_PLA_PAQUISHA, Local Cell ID=8, Cell Name=L_GUA11332_GUA_PLA_PAQUISHA_8, eNodeB ID=11332, Cell FDD TDD indication=CELL_FDD",Reliable,73.982,36.031
2026-04-10 06:00,60,"L_GUA11332_GUA_PLA_PAQUISHA/Cell:eNodeB Function Name=L_GUA11332_GUA_PLA_PAQUISHA, Local Cell ID=7, Cell Name=L_GUA11332_GUA_PLA_PAQUISHA_7, eNodeB ID=11332, Cell FDD TDD indication=CELL_FDD",Reliable,1335.36,36.78
2026-04-10 06:00,60,"L_GUA11332_GUA_PLA_PAQUISHA/Cell:eNodeB Function Name=L_GUA11332_GUA_PLA_PAQUISHA, Local Cell ID=3, Cell Name=L_GUA11332_GUA_PLA_PAQUISHA_3, eNodeB ID=11332, Cell FDD TDD indication=CELL_FDD",Reliable,184.928,18.094
2026-04-10 06:00,60,"L_GUA11332_GUA_PLA_PAQUISHA/Cell:eNodeB Function Name=L_GUA11332_GUA_PLA_PAQUISHA, Local Cell ID=2, Cell Name=L_GUA11332_GUA_PLA_PAQUISHA_2, eNodeB ID=11332, Cell FDD TDD indication=CELL_FDD",Reliable,213.29,24.137
2026-04-10 06:00,60,"L_GUA11332_GUA_PLA_PAQUISHA/Cell:eNodeB Function Name=L_GUA11332_GUA_PLA_PAQUISHA, Local Cell ID=1, Cell Name=L_GUA11332_GUA_PLA_PAQUISHA_1, eNodeB ID=11332, Cell FDD TDD indication=CELL_FDD",Reliable,258.944,16.038
2026-04-10 06:00,60,"L_GUA11361_PLAYAS_NOROESTE/Cell:eNodeB Function Name=L_GUA11361_PLAYAS_NOROESTE, Local Cell ID=9, Cell Name=L_GUA11361_PLAYAS_NOROESTE_9, eNodeB ID=11361, Cell FDD TDD indication=CELL_FDD",Reliable,1.647,0.498
2026-04-10 06:00,60,"L_GUA11361_PLAYAS_NOROESTE/Cell:eNodeB Function Name=L_GUA11361_PLAYAS_NOROESTE, Local Cell ID=8, Cell Name=L_GUA11361_PLAYAS_NOROESTE_8, eNodeB ID=11361, Cell FDD TDD indication=CELL_FDD",Reliable,2.451,0.246
2026-04-10 06:00,60,"L_GUA11361_PLAYAS_NOROESTE/Cell:eNodeB Function Name=L_GUA11361_PLAYAS_NOROESTE, Local Cell ID=7, Cell Name=L_GUA11361_PLAYAS_NOROESTE_7, eNodeB ID=11361, Cell FDD TDD indication=CELL_FDD",Reliable,226.324,25.926
2026-04-10 06:00,60,"L_GUA11361_PLAYAS_NOROESTE/Cell:eNodeB Function Name=L_GUA11361_PLAYAS_NOROESTE, Local Cell ID=3, Cell Name=L_GUA11361_PLAYAS_NOROESTE_3, eNodeB ID=11361, Cell FDD TDD indication=CELL_FDD",Reliable,185.421,8.94
2026-04-10 06:00,60,"L_GUA11361_PLAYAS_NOROESTE/Cell:eNodeB Function Name=L_GUA11361_PLAYAS_NOROESTE, Local Cell ID=2, Cell Name=L_GUA11361_PLAYAS_NOROESTE_2, eNodeB ID=11361, Cell FDD TDD indication=CELL_FDD",Reliable,95.019,10.807
2026-04-10 06:00,60,"L_GUA11361_PLAYAS_NOROESTE/Cell:eNodeB Function Name=L_GUA11361_PLAYAS_NOROESTE, Local Cell ID=1, Cell Name=L_GUA11361_PLAYAS_NOROESTE_1, eNodeB ID=11361, Cell FDD TDD indication=CELL_FDD",Reliable,629.145,74.804
2026-04-10 06:00,60,"L_GUA11378_PLAYAS_ESTE/Cell:eNodeB Function Name=L_GUA11378_PLAYAS_ESTE, Local Cell ID=9, Cell Name=L_GUA11378_PLAYAS_ESTE_9, eNodeB ID=11378, Cell FDD TDD indication=CELL_FDD",Reliable,2.843,1.234
2026-04-10 06:00,60,"L_GUA11378_PLAYAS_ESTE/Cell:eNodeB Function Name=L_GUA11378_PLAYAS_ESTE, Local Cell ID=8, Cell Name=L_GUA11378_PLAYAS_ESTE_8, eNodeB ID=11378, Cell FDD TDD indication=CELL_FDD",Reliable,346.283,41.488
2026-04-10 06:00,60,"L_GUA11378_PLAYAS_ESTE/Cell:eNodeB Function Name=L_GUA11378_PLAYAS_ESTE, Local Cell ID=7, Cell Name=L_GUA11378_PLAYAS_ESTE_7, eNodeB ID=11378, Cell FDD TDD indication=CELL_FDD",Reliable,152.793,36.454
2026-04-10 06:00,60,"L_GUA11378_PLAYAS_ESTE/Cell:eNodeB Function Name=L_GUA11378_PLAYAS_ESTE, Local Cell ID=3, Cell Name=L_GUA11378_PLAYAS_ESTE_3, eNodeB ID=11378, Cell FDD TDD indication=CELL_FDD",Reliable,87.99,8.295
2026-04-10 06:00,60,"L_GUA11378_PLAYAS_ESTE/Cell:eNodeB Function Name=L_GUA11378_PLAYAS_ESTE, Local Cell ID=2, Cell Name=L_GUA11378_PLAYAS_ESTE_2, eNodeB ID=11378, Cell FDD TDD indication=CELL_FDD",Reliable,500.677,44.378
2026-04-10 06:00,60,"L_GUA11378_PLAYAS_ESTE/Cell:eNodeB Function Name=L_GUA11378_PLAYAS_ESTE, Local Cell ID=1, Cell Name=L_GUA11378_PLAYAS_ESTE_1, eNodeB ID=11378, Cell FDD TDD indication=CELL_FDD",Reliable,663.09,55.946
2026-04-10 06:00,60,"TUN_AMB_MAYORISTA_AMBATO_UL/Cell:eNodeB Function Name=TUN_AMB_MAYORISTA_AMBATO_L, Local Cell ID=7, Cell Name=TUN_AMB_MAYORISTA_AMBATO_APT_7, eNodeB ID=44453, Cell FDD TDD indication=CELL_FDD",Reliable,3011.599,1119.815
2026-04-10 06:00,60,"TUN_AMB_MAYORISTA_AMBATO_UL/Cell:eNodeB Function Name=TUN_AMB_MAYORISTA_AMBATO_L, Local Cell ID=8, Cell Name=TUN_AMB_MAYORISTA_AMBATO_APT_8, eNodeB ID=44453, Cell FDD TDD indication=CELL_FDD",Reliable,2716.834,417.758
2026-04-10 06:00,60,"TUN_AMB_MAYORISTA_AMBATO_UL/Cell:eNodeB Function Name=TUN_AMB_MAYORISTA_AMBATO_L, Local Cell ID=9, Cell Name=TUN_AMB_MAYORISTA_AMBATO_APT_9, eNodeB ID=44453, Cell FDD TDD indication=CELL_FDD",Reliable,2312.54,254.423
2026-04-10 06:00,60,"PIC_UIO_EASYMACRO_UNIVERS_CENTRAL_UL/Cell:eNodeB Function Name=PIC_UIO_EASYMACRO_UNIVERS_CENTRALL21, Local Cell ID=3, Cell Name=PIC_UIO_EASYMACRO_UNIVERS_CENTRAL_3, eNodeB ID=43269, Cell FDD TDD indication=CELL_FDD",Reliable,211.197,30.946
2026-04-10 06:00,60,"PIC_UIO_EASYMACRO_UNIVERS_CENTRAL_UL/Cell:eNodeB Function Name=PIC_UIO_EASYMACRO_UNIVERS_CENTRALL21, Local Cell ID=2, Cell Name=PIC_UIO_EASYMACRO_UNIVERS_CENTRAL_2, eNodeB ID=43269, Cell FDD TDD indication=CELL_FDD",Reliable,1444.113,76.027
2026-04-10 06:00,60,"PIC_UIO_EASYMACRO_UNIVERS_CENTRAL_UL/Cell:eNodeB Function Name=PIC_UIO_EASYMACRO_UNIVERS_CENTRALL21, Local Cell ID=1, Cell Name=PIC_UIO_EASYMACRO_UNIVERS_CENTRAL_1, eNodeB ID=43269, Cell FDD TDD indication=CELL_FDD",Reliable,1410.387,155.027
2026-04-10 06:00,60,"PIC_UIO_EASYMACRO_ENTR_POLITECNICA_UL/Cell:eNodeB Function Name=PIC_UIO_EASYMACRO_ENTR_POLITECNICAL21, Local Cell ID=3, Cell Name=PIC_UIO_EASYMACRO_ENTR_POLITECNICA_3, eNodeB ID=43268, Cell FDD TDD indication=CELL_FDD",Reliable,3599.994,144.831
2026-04-10 06:00,60,"PIC_UIO_EASYMACRO_ENTR_POLITECNICA_UL/Cell:eNodeB Function Name=PIC_UIO_EASYMACRO_ENTR_POLITECNICAL21, Local Cell ID=2, Cell Name=PIC_UIO_EASYMACRO_ENTR_POLITECNICA_2, eNodeB ID=43268, Cell FDD TDD indication=CELL_FDD",Reliable,516.627,51.098
2026-04-10 06:00,60,"PIC_UIO_EASYMACRO_ENTR_POLITECNICA_UL/Cell:eNodeB Function Name=PIC_UIO_EASYMACRO_ENTR_POLITECNICAL21, Local Cell ID=1, Cell Name=PIC_UIO_EASYMACRO_ENTR_POLITECNICA_1, eNodeB ID=43268, Cell FDD TDD indication=CELL_FDD",Reliable,1620.105,177.798
2026-04-10 06:00,60,"PIC_UIO_EASYMACRO_CENT_EXPO_QUITO_UL/Cell:eNodeB Function Name=PIC_UIO_EASYMACRO_CENT_EXPO_QUITOL21, Local Cell ID=2, Cell Name=PIC_UIO_EASYMACRO_CENT_EXPO_QUITO_2, eNodeB ID=44387, Cell FDD TDD indication=CELL_FDD",Reliable,652.658,71.856
2026-04-10 06:00,60,"PIC_UIO_EASYMACRO_CENT_EXPO_QUITO_UL/Cell:eNodeB Function Name=PIC_UIO_EASYMACRO_CENT_EXPO_QUITOL21, Local Cell ID=1, Cell Name=PIC_UIO_EASYMACRO_CENT_EXPO_QUITO_1, eNodeB ID=44387, Cell FDD TDD indication=CELL_FDD",Reliable,359.555,37.658
2026-04-10 06:00,60,"PIC_UIO_EASYMACRO_SECTOR_CUMANDA_UL/Cell:eNodeB Function Name=PIC_UIO_EASYMACRO_SECTOR_CUMANDAL21, Local Cell ID=3, Cell Name=PIC_UIO_EASYMACRO_SECTOR_CUMANDA3, eNodeB ID=43271, Cell FDD TDD indication=CELL_FDD",Reliable,68.743,9.235
2026-04-10 06:00,60,"PIC_UIO_EASYMACRO_SECTOR_CUMANDA_UL/Cell:eNodeB Function Name=PIC_UIO_EASYMACRO_SECTOR_CUMANDAL21, Local Cell ID=2, Cell Name=PIC_UIO_EASYMACRO_SECTOR_CUMANDA2, eNodeB ID=43271, Cell FDD TDD indication=CELL_FDD",Reliable,13.114,1.579
2026-04-10 06:00,60,"PIC_UIO_EASYMACRO_SECTOR_CUMANDA_UL/Cell:eNodeB Function Name=PIC_UIO_EASYMACRO_SECTOR_CUMANDAL21, Local Cell ID=1, Cell Name=PIC_UIO_EASYMACRO_SECTOR_CUMANDA1, eNodeB ID=43271, Cell FDD TDD indication=CELL_FDD",Reliable,551.512,54.281
2026-04-10 06:00,60,"IMB_GON_SAN_PABLO_UL/Cell:eNodeB Function Name=IMB_GON_SAN_PABLO_L, Local Cell ID=7, Cell Name=IMB_GON_SAN_PABLO_APT_7, eNodeB ID=44751, Cell FDD TDD indication=CELL_FDD",Reliable,3879.245,429.106
2026-04-10 06:00,60,"IMB_GON_SAN_PABLO_UL/Cell:eNodeB Function Name=IMB_GON_SAN_PABLO_L, Local Cell ID=8, Cell Name=IMB_GON_SAN_PABLO_APT_8, eNodeB ID=44751, Cell FDD TDD indication=CELL_FDD",Reliable,1323.929,186.697
2026-04-10 06:00,60,"IMB_GON_SAN_PABLO_UL/Cell:eNodeB Function Name=IMB_GON_SAN_PABLO_L, Local Cell ID=9, Cell Name=IMB_GON_SAN_PABLO_APT_9, eNodeB ID=44751, Cell FDD TDD indication=CELL_FDD",Reliable,4846.936,478.579
2026-04-10 06:00,60,"ORE_DAY_DAYUMA_UL/Cell:eNodeB Function Name=ORE_DAY_DAYUMA_L, Local Cell ID=9, Cell Name=ORE_DAY_DAYUMA_APT_9, eNodeB ID=43213, Cell FDD TDD indication=CELL_FDD",Reliable,6732.115,643.656
2026-04-10 06:00,60,"ORE_DAY_DAYUMA_UL/Cell:eNodeB Function Name=ORE_DAY_DAYUMA_L, Local Cell ID=8, Cell Name=ORE_DAY_DAYUMA_APT_8, eNodeB ID=43213, Cell FDD TDD indication=CELL_FDD",Reliable,6695.94,832.892
2026-04-10 06:00,60,"ORE_DAY_DAYUMA_UL/Cell:eNodeB Function Name=ORE_DAY_DAYUMA_L, Local Cell ID=7, Cell Name=ORE_DAY_DAYUMA_APT_7, eNodeB ID=43213, Cell FDD TDD indication=CELL_FDD",Reliable,1578.746,104.217
2026-04-10 06:00,60,"SUC_PUT_BLOQUE_58_UL/Cell:eNodeB Function Name=SUC_PUT_BLOQUE_58_L, Local Cell ID=9, Cell Name=SUC_PUT_BLOQUE_58_APT_9, eNodeB ID=43214, Cell FDD TDD indication=CELL_FDD",Reliable,6256.881,480.136
2026-04-10 06:00,60,"SUC_PUT_BLOQUE_58_UL/Cell:eNodeB Function Name=SUC_PUT_BLOQUE_58_L, Local Cell ID=8, Cell Name=SUC_PUT_BLOQUE_58_APT_8, eNodeB ID=43214, Cell FDD TDD indication=CELL_FDD",Reliable,2377.072,196.463
2026-04-10 06:00,60,"SUC_PUT_BLOQUE_58_UL/Cell:eNodeB Function Name=SUC_PUT_BLOQUE_58_L, Local Cell ID=7, Cell Name=SUC_PUT_BLOQUE_58_APT_7, eNodeB ID=43214, Cell FDD TDD indication=CELL_FDD",Reliable,3798.748,374.168
2026-04-10 06:00,60,"PI_UIO_MONTESERRIN_UL/Cell:eNodeB Function Name=PI_UIO_MONTESERRINL21, Local Cell ID=3, Cell Name=PI_UIO_MONTESERRIN_3, eNodeB ID=44012, Cell FDD TDD indication=CELL_FDD",Reliable,393.712,23.702
2026-04-10 06:00,60,"PI_UIO_MONTESERRIN_UL/Cell:eNodeB Function Name=PI_UIO_MONTESERRINL21, Local Cell ID=1, Cell Name=PI_UIO_MONTESERRIN_1, eNodeB ID=44012, Cell FDD TDD indication=CELL_FDD",Reliable,48.826,5.497
2026-04-10 06:00,60,"PI_UIO_MONTESERRIN_UL/Cell:eNodeB Function Name=PI_UIO_MONTESERRINL21, Local Cell ID=2, Cell Name=PI_UIO_MONTESERRIN_2, eNodeB ID=44012, Cell FDD TDD indication=CELL_FDD",Reliable,905.097,57.408
2026-04-10 06:00,60,"PI_UIO_MONTESERRIN_UL/Cell:eNodeB Function Name=PI_UIO_MONTESERRINL21, Local Cell ID=7, Cell Name=PI_UIO_MONTESERRIN_APT_7, eNodeB ID=44012, Cell FDD TDD indication=CELL_FDD",Reliable,279.097,31.765
2026-04-10 06:00,60,"PI_UIO_MONTESERRIN_UL/Cell:eNodeB Function Name=PI_UIO_MONTESERRINL21, Local Cell ID=8, Cell Name=PI_UIO_MONTESERRIN_APT_8, eNodeB ID=44012, Cell FDD TDD indication=CELL_FDD",Reliable,122.284,18.115
2026-04-10 06:00,60,"PIC_CHI_LA_CHORRERA_UL/Cell:eNodeB Function Name=PIC_CHI_LA_CHORRERA_L, Local Cell ID=13, Cell Name=PIC_CHI_LA_CHORRERA_L19_13, eNodeB ID=43307, Cell FDD TDD indication=CELL_FDD",Reliable,262.286,21.746
2026-04-10 06:00,60,"PIC_CHI_LA_CHORRERA_UL/Cell:eNodeB Function Name=PIC_CHI_LA_CHORRERA_L, Local Cell ID=12, Cell Name=PIC_CHI_LA_CHORRERA_L19_12, eNodeB ID=43307, Cell FDD TDD indication=CELL_FDD",Reliable,557.853,46.436
2026-04-10 06:00,60,"PIC_CHI_LA_CHORRERA_UL/Cell:eNodeB Function Name=PIC_CHI_LA_CHORRERA_L, Local Cell ID=11, Cell Name=PIC_CHI_LA_CHORRERA_L19_11, eNodeB ID=43307, Cell FDD TDD indication=CELL_FDD",Reliable,152.053,14.034
2026-04-10 06:00,60,"PIC_CHI_LA_CHORRERA_UL/Cell:eNodeB Function Name=PIC_CHI_LA_CHORRERA_L, Local Cell ID=9, Cell Name=PIC_CHI_LA_CHORRERA_L7_9, eNodeB ID=43307, Cell FDD TDD indication=CELL_FDD",Reliable,944.097,85.009
2026-04-10 06:00,60,"PIC_CHI_LA_CHORRERA_UL/Cell:eNodeB Function Name=PIC_CHI_LA_CHORRERA_L, Local Cell ID=8, Cell Name=PIC_CHI_LA_CHORRERA_L7_8, eNodeB ID=43307, Cell FDD TDD indication=CELL_FDD",Reliable,737.337,68.003
2026-04-10 06:00,60,"PIC_CHI_LA_CHORRERA_UL/Cell:eNodeB Function Name=PIC_CHI_LA_CHORRERA_L, Local Cell ID=7, Cell Name=PIC_CHI_LA_CHORRERA_L7_7, eNodeB ID=43307, Cell FDD TDD indication=CELL_FDD",Reliable,296.495,48.202
2026-04-10 06:00,60,"SUC_LAG_VIA_A_COLOMBIA_UL/Cell:eNodeB Function Name=SUC_LAG_VIA_A_COLOMBIA_L, Local Cell ID=9, Cell Name=SUC_LAG_VIA_A_COLOMBIA_APT_9, eNodeB ID=43313, Cell FDD TDD indication=CELL_FDD",Reliable,341.228,69.757
2026-04-10 06:00,60,"SUC_LAG_VIA_A_COLOMBIA_UL/Cell:eNodeB Function Name=SUC_LAG_VIA_A_COLOMBIA_L, Local Cell ID=8, Cell Name=SUC_LAG_VIA_A_COLOMBIA_APT_8, eNodeB ID=43313, Cell FDD TDD indication=CELL_FDD",Reliable,1610.126,412.502
2026-04-10 06:00,60,"SUC_LAG_VIA_A_COLOMBIA_UL/Cell:eNodeB Function Name=SUC_LAG_VIA_A_COLOMBIA_L, Local Cell ID=7, Cell Name=SUC_LAG_VIA_A_COLOMBIA_APT_7, eNodeB ID=43313, Cell FDD TDD indication=CELL_FDD",Reliable,1029.684,68.248
2026-04-10 06:00,60,"PIC_CAY_JUAN_MONTALVO_UL/Cell:eNodeB Function Name=PIC_CAY_JUAN_MONTALVO_L, Local Cell ID=9, Cell Name=PIC_CAY_JUAN_MONTALVO_L7_9, eNodeB ID=43306, Cell FDD TDD indication=CELL_FDD",Reliable,5906.831,836.28
2026-04-10 06:00,60,"PIC_CAY_JUAN_MONTALVO_UL/Cell:eNodeB Function Name=PIC_CAY_JUAN_MONTALVO_L, Local Cell ID=8, Cell Name=PIC_CAY_JUAN_MONTALVO_L7_8, eNodeB ID=43306, Cell FDD TDD indication=CELL_FDD",Reliable,3405.534,1742.547
2026-04-10 06:00,60,"PIC_CAY_JUAN_MONTALVO_UL/Cell:eNodeB Function Name=PIC_CAY_JUAN_MONTALVO_L, Local Cell ID=7, Cell Name=PIC_CAY_JUAN_MONTALVO_L7_7, eNodeB ID=43306, Cell FDD TDD indication=CELL_FDD",Reliable,4740.985,445.667
2026-04-10 06:00,60,"PIC_MAC_FUERTE_MIL_ATAHUALPA_UL/Cell:eNodeB Function Name=PIC_MAC_FUERTE_MIL_ATAHUALPA_L, Local Cell ID=9, Cell Name=PIC_MAC_FUERTE_MIL_ATAHUALPA_L7_9, eNodeB ID=43309, Cell FDD TDD indication=CELL_FDD",Reliable,8350.369,2367.333
2026-04-10 06:00,60,"PIC_MAC_FUERTE_MIL_ATAHUALPA_UL/Cell:eNodeB Function Name=PIC_MAC_FUERTE_MIL_ATAHUALPA_L, Local Cell ID=8, Cell Name=PIC_MAC_FUERTE_MIL_ATAHUALPA_L7_8, eNodeB ID=43309, Cell FDD TDD indication=CELL_FDD",Reliable,354.962,58.451
2026-04-10 06:00,60,"PIC_MAC_FUERTE_MIL_ATAHUALPA_UL/Cell:eNodeB Function Name=PIC_MAC_FUERTE_MIL_ATAHUALPA_L, Local Cell ID=7, Cell Name=PIC_MAC_FUERTE_MIL_ATAHUALPA_L7_7, eNodeB ID=43309, Cell FDD TDD indication=CELL_FDD",Reliable,465.291,27.782
2026-04-10 06:00,60,"PAS_PUY_VIA_A_MACAS_UL/Cell:eNodeB Function Name=PAS_PUY_VIA_A_MACAS_L, Local Cell ID=9, Cell Name=PAS_PUY_VIA_A_MACAS_L7_9, eNodeB ID=43284, Cell FDD TDD indication=CELL_FDD",Reliable,1826.843,211.753
2026-04-10 06:00,60,"PAS_PUY_VIA_A_MACAS_UL/Cell:eNodeB Function Name=PAS_PUY_VIA_A_MACAS_L, Local Cell ID=8, Cell Name=PAS_PUY_VIA_A_MACAS_L7_8, eNodeB ID=43284, Cell FDD TDD indication=CELL_FDD",Reliable,584.858,93.324
2026-04-10 06:00,60,"PAS_PUY_VIA_A_MACAS_UL/Cell:eNodeB Function Name=PAS_PUY_VIA_A_MACAS_L, Local Cell ID=7, Cell Name=PAS_PUY_VIA_A_MACAS_L7_7, eNodeB ID=43284, Cell FDD TDD indication=CELL_FDD",Reliable,1326.814,114.123
2026-04-10 06:00,60,"PIC_CHI_SAN_NICOLASL7/Cell:eNodeB Function Name=PIC_CHI_SAN_NICOLASL7, Local Cell ID=9, Cell Name=PIC_CHI_SAN_NICOLAS_L7_9, eNodeB ID=43100, Cell FDD TDD indication=CELL_FDD",Reliable,1044.864,80.676
2026-04-10 06:00,60,"PIC_CHI_SAN_NICOLASL7/Cell:eNodeB Function Name=PIC_CHI_SAN_NICOLASL7, Local Cell ID=8, Cell Name=PIC_CHI_SAN_NICOLAS_L7_8, eNodeB ID=43100, Cell FDD TDD indication=CELL_FDD",Reliable,425.495,42.162
2026-04-10 06:00,60,"PIC_CHI_SAN_NICOLASL7/Cell:eNodeB Function Name=PIC_CHI_SAN_NICOLASL7, Local Cell ID=7, Cell Name=PIC_CHI_SAN_NICOLAS_L7_7, eNodeB ID=43100, Cell FDD TDD indication=CELL_FDD",Reliable,1397.123,103.725
2026-04-10 06:00,60,"COT_LAT_BYPASS_UL/Cell:eNodeB Function Name=COT_LAT_BYPASS_L, Local Cell ID=9, Cell Name=COT_LAT_BYPASS_L7_9, eNodeB ID=43302, Cell FDD TDD indication=CELL_FDD",Reliable,2371.384,249.626
2026-04-10 06:00,60,"COT_LAT_BYPASS_UL/Cell:eNodeB Function Name=COT_LAT_BYPASS_L, Local Cell ID=8, Cell Name=COT_LAT_BYPASS_L7_8, eNodeB ID=43302, Cell FDD TDD indication=CELL_FDD",Reliable,684.098,103.427
2026-04-10 06:00,60,"COT_LAT_BYPASS_UL/Cell:eNodeB Function Name=COT_LAT_BYPASS_L, Local Cell ID=7, Cell Name=COT_LAT_BYPASS_L7_7, eNodeB ID=43302, Cell FDD TDD indication=CELL_FDD",Reliable,436.38,35.362
2026-04-10 06:00,60,"COT_LAT_CHAN_CHICO_UL/Cell:eNodeB Function Name=COT_LAT_CHAN_CHICO_L, Local Cell ID=9, Cell Name=COT_LAT_CHAN_CHICO_L7_9, eNodeB ID=43294, Cell FDD TDD indication=CELL_FDD",Reliable,655.233,61.274
2026-04-10 06:00,60,"COT_LAT_CHAN_CHICO_UL/Cell:eNodeB Function Name=COT_LAT_CHAN_CHICO_L, Local Cell ID=8, Cell Name=COT_LAT_CHAN_CHICO_L7_8, eNodeB ID=43294, Cell FDD TDD indication=CELL_FDD",Reliable,43.569,6.548
2026-04-10 06:00,60,"COT_LAT_CHAN_CHICO_UL/Cell:eNodeB Function Name=COT_LAT_CHAN_CHICO_L, Local Cell ID=7, Cell Name=COT_LAT_CHAN_CHICO_L7_7, eNodeB ID=43294, Cell FDD TDD indication=CELL_FDD",Reliable,3507.499,255.348
2026-04-10 06:00,60,"IMB_IBA_MIN_LABOL7/Cell:eNodeB Function Name=IMB_IBA_MIN_LABOL7, Local Cell ID=9, Cell Name=IMB_IBA_MIN_LABO_L7_9, eNodeB ID=43532, Cell FDD TDD indication=CELL_FDD",Reliable,1260.102,118.332
2026-04-10 06:00,60,"IMB_IBA_MIN_LABOL7/Cell:eNodeB Function Name=IMB_IBA_MIN_LABOL7, Local Cell ID=8, Cell Name=IMB_IBA_MIN_LABO_L7_8, eNodeB ID=43532, Cell FDD TDD indication=CELL_FDD",Reliable,1305.014,99.586
2026-04-10 06:00,60,"IMB_IBA_MIN_LABOL7/Cell:eNodeB Function Name=IMB_IBA_MIN_LABOL7, Local Cell ID=7, Cell Name=IMB_IBA_MIN_LABO_L7_7, eNodeB ID=43532, Cell FDD TDD indication=CELL_FDD",Reliable,1034.447,70.834
2026-04-10 06:00,60,"PIC_CHI_SANTA_ISABEL_UL/Cell:eNodeB Function Name=PIC_CHI_SANTA_ISABEL_L, Local Cell ID=13, Cell Name=PIC_CHI_SANTA_ISABEL_L19_13, eNodeB ID=43320, Cell FDD TDD indication=CELL_FDD",Reliable,20.066,3.512
2026-04-10 06:00,60,"PIC_CHI_SANTA_ISABEL_UL/Cell:eNodeB Function Name=PIC_CHI_SANTA_ISABEL_L, Local Cell ID=12, Cell Name=PIC_CHI_SANTA_ISABEL_L19_12, eNodeB ID=43320, Cell FDD TDD indication=CELL_FDD",Reliable,1251.129,115.749
2026-04-10 06:00,60,"PIC_CHI_SANTA_ISABEL_UL/Cell:eNodeB Function Name=PIC_CHI_SANTA_ISABEL_L, Local Cell ID=11, Cell Name=PIC_CHI_SANTA_ISABEL_L19_11, eNodeB ID=43320, Cell FDD TDD indication=CELL_FDD",Reliable,883.158,98.598
2026-04-10 06:00,60,"PIC_CHI_SANTA_ISABEL_UL/Cell:eNodeB Function Name=PIC_CHI_SANTA_ISABEL_L, Local Cell ID=8, Cell Name=PIC_CHI_SANTA_ISABEL_L7_8, eNodeB ID=43320, Cell FDD TDD indication=CELL_FDD",Reliable,6721.054,755.277
2026-04-10 06:00,60,"PIC_CHI_SANTA_ISABEL_UL/Cell:eNodeB Function Name=PIC_CHI_SANTA_ISABEL_L, Local Cell ID=7, Cell Name=PIC_CHI_SANTA_ISABEL_L7_7, eNodeB ID=43320, Cell FDD TDD indication=CELL_FDD",Reliable,2404.249,233.098
2026-04-10 06:00,60,"IMB_SJQ_CEMENTO_SELVA_ALEGRE_UL/Cell:eNodeB Function Name=IMB_SJQ_CEMENTO_SELVA_ALEGRE_L, Local Cell ID=8, Cell Name=IMB_SJQ_CEMENTO_SELVA_ALEGRE_L7_8, eNodeB ID=43315, Cell FDD TDD indication=CELL_FDD",Reliable,1730.18,92.855
2026-04-10 06:00,60,"IMB_SJQ_CEMENTO_SELVA_ALEGRE_UL/Cell:eNodeB Function Name=IMB_SJQ_CEMENTO_SELVA_ALEGRE_L, Local Cell ID=7, Cell Name=IMB_SJQ_CEMENTO_SELVA_ALEGRE_L7_7, eNodeB ID=43315, Cell FDD TDD indication=CELL_FDD",Reliable,1741.274,152.922
2026-04-10 06:00,60,"PIC_UIO_SANTA_ROSA_UL/Cell:eNodeB Function Name=PIC_UIO_SANTA_ROSA_L, Local Cell ID=9, Cell Name=PIC_UIO_SANTA_ROSA_L7_9, eNodeB ID=43298, Cell FDD TDD indication=CELL_FDD",Reliable,946.548,115.852
2026-04-10 06:00,60,"PIC_UIO_SANTA_ROSA_UL/Cell:eNodeB Function Name=PIC_UIO_SANTA_ROSA_L, Local Cell ID=8, Cell Name=PIC_UIO_SANTA_ROSA_L7_8, eNodeB ID=43298, Cell FDD TDD indication=CELL_FDD",Reliable,652.975,107.214
2026-04-10 06:00,60,"PIC_UIO_SANTA_ROSA_UL/Cell:eNodeB Function Name=PIC_UIO_SANTA_ROSA_L, Local Cell ID=7, Cell Name=PIC_UIO_SANTA_ROSA_L7_7, eNodeB ID=43298, Cell FDD TDD indication=CELL_FDD",Reliable,1755.503,191.758
2026-04-10 06:00,60,"CAR_BOL_CABRAS_UL/Cell:eNodeB Function Name=CAR_BOL_CABRAS_L, Local Cell ID=9, Cell Name=CAR_BOL_CABRAS_L7_9, eNodeB ID=43303, Cell FDD TDD indication=CELL_FDD",Reliable,3693.82,567.271
2026-04-10 06:00,60,"CAR_BOL_CABRAS_UL/Cell:eNodeB Function Name=CAR_BOL_CABRAS_L, Local Cell ID=8, Cell Name=CAR_BOL_CABRAS_L7_8, eNodeB ID=43303, Cell FDD TDD indication=CELL_FDD",Reliable,3519.555,508.432
2026-04-10 06:00,60,"CAR_BOL_CABRAS_UL/Cell:eNodeB Function Name=CAR_BOL_CABRAS_L, Local Cell ID=7, Cell Name=CAR_BOL_CABRAS_L7_7, eNodeB ID=43303, Cell FDD TDD indication=CELL_FDD",Reliable,1493.017,208.553
2026-04-10 06:00,60,"NAP_TEN_NORTE_UL/Cell:eNodeB Function Name=NAP_TEN_NORTE_L, Local Cell ID=9, Cell Name=NAP_TEN_NORTE_L7_9, eNodeB ID=43295, Cell FDD TDD indication=CELL_FDD",Reliable,1102.004,81.039
2026-04-10 06:00,60,"NAP_TEN_NORTE_UL/Cell:eNodeB Function Name=NAP_TEN_NORTE_L, Local Cell ID=8, Cell Name=NAP_TEN_NORTE_L7_8, eNodeB ID=43295, Cell FDD TDD indication=CELL_FDD",Reliable,1142.122,405.066
2026-04-10 06:00,60,"NAP_TEN_NORTE_UL/Cell:eNodeB Function Name=NAP_TEN_NORTE_L, Local Cell ID=7, Cell Name=NAP_TEN_NORTE_L7_7, eNodeB ID=43295, Cell FDD TDD indication=CELL_FDD",Reliable,2389.973,213.858
2026-04-10 06:00,60,"PIC_UIO_ORIENTE_QUITENOL7/Cell:eNodeB Function Name=PIC_UIO_ORIENTE_QUITENOL7, Local Cell ID=9, Cell Name=PIC_UIO_ORIENTE_QUITENO_L7_9, eNodeB ID=43312, Cell FDD TDD indication=CELL_FDD",Reliable,569.535,30.887
2026-04-10 06:00,60,"PIC_UIO_ORIENTE_QUITENOL7/Cell:eNodeB Function Name=PIC_UIO_ORIENTE_QUITENOL7, Local Cell ID=8, Cell Name=PIC_UIO_ORIENTE_QUITENO_L7_8, eNodeB ID=43312, Cell FDD TDD indication=CELL_FDD",Reliable,330.676,31.171
2026-04-10 06:00,60,"PIC_UIO_ORIENTE_QUITENOL7/Cell:eNodeB Function Name=PIC_UIO_ORIENTE_QUITENOL7, Local Cell ID=7, Cell Name=PIC_UIO_ORIENTE_QUITENO_L7_7, eNodeB ID=43312, Cell FDD TDD indication=CELL_FDD",Reliable,1651.273,123.593
2026-04-10 06:00,60,"PIC_YAR_OTON_UL/Cell:eNodeB Function Name=PIC_YAR_OTON_L, Local Cell ID=9, Cell Name=PIC_YAR_OTON_L7_9, eNodeB ID=43318, Cell FDD TDD indication=CELL_FDD",Reliable,158.864,11.455
2026-04-10 06:00,60,"PIC_YAR_OTON_UL/Cell:eNodeB Function Name=PIC_YAR_OTON_L, Local Cell ID=8, Cell Name=PIC_YAR_OTON_L7_8, eNodeB ID=43318, Cell FDD TDD indication=CELL_FDD",Reliable,2782.587,502.868
2026-04-10 06:00,60,"PIC_YAR_OTON_UL/Cell:eNodeB Function Name=PIC_YAR_OTON_L, Local Cell ID=7, Cell Name=PIC_YAR_OTON_L7_7, eNodeB ID=43318, Cell FDD TDD indication=CELL_FDD",Reliable,958.583,1142.178
2026-04-10 06:00,60,"STD_CON_CONCORDIA_NORTEL7/Cell:eNodeB Function Name=STD_CON_CONCORDIA_NORTEL7, Local Cell ID=9, Cell Name=STD_CON_CONCORDIA_NORTE_L7_9, eNodeB ID=43102, Cell FDD TDD indication=CELL_FDD",Reliable,796.908,130.896
2026-04-10 06:00,60,"STD_CON_CONCORDIA_NORTEL7/Cell:eNodeB Function Name=STD_CON_CONCORDIA_NORTEL7, Local Cell ID=8, Cell Name=STD_CON_CONCORDIA_NORTE_L7_8, eNodeB ID=43102, Cell FDD TDD indication=CELL_FDD",Reliable,0.063,0.08
2026-04-10 06:00,60,"STD_CON_CONCORDIA_NORTEL7/Cell:eNodeB Function Name=STD_CON_CONCORDIA_NORTEL7, Local Cell ID=7, Cell Name=STD_CON_CONCORDIA_NORTE_L7_7, eNodeB ID=43102, Cell FDD TDD indication=CELL_FDD",Reliable,71.986,30.104
2026-04-10 06:00,60,"PIC_CHI_SANTA_TERESITA_DEL_VALLE_UL/Cell:eNodeB Function Name=PIC_CHI_SANTA_TERESITA_DEL_VALLE_L, Local Cell ID=13, Cell Name=PIC_CHI_SANTA_TERESITA_DEL_VALLE_L19_13, eNodeB ID=43308, Cell FDD TDD indication=CELL_FDD",Reliable,309.862,19.031
2026-04-10 06:00,60,"PIC_CHI_SANTA_TERESITA_DEL_VALLE_UL/Cell:eNodeB Function Name=PIC_CHI_SANTA_TERESITA_DEL_VALLE_L, Local Cell ID=12, Cell Name=PIC_CHI_SANTA_TERESITA_DEL_VALLE_L19_12, eNodeB ID=43308, Cell FDD TDD indication=CELL_FDD",Reliable,78.025,11.616
2026-04-10 06:00,60,"PIC_CHI_SANTA_TERESITA_DEL_VALLE_UL/Cell:eNodeB Function Name=PIC_CHI_SANTA_TERESITA_DEL_VALLE_L, Local Cell ID=11, Cell Name=PIC_CHI_SANTA_TERESITA_DEL_VALLE_L19_11, eNodeB ID=43308, Cell FDD TDD indication=CELL_FDD",Reliable,1360.307,189.749
2026-04-10 06:00,60,"PIC_CHI_SANTA_TERESITA_DEL_VALLE_UL/Cell:eNodeB Function Name=PIC_CHI_SANTA_TERESITA_DEL_VALLE_L, Local Cell ID=9, Cell Name=PIC_CHI_SANTA_TERESITA_DEL_VALLE_L7_9, eNodeB ID=43308, Cell FDD TDD indication=CELL_FDD",Reliable,1538.816,83.009
2026-04-10 06:00,60,"PIC_CHI_SANTA_TERESITA_DEL_VALLE_UL/Cell:eNodeB Function Name=PIC_CHI_SANTA_TERESITA_DEL_VALLE_L, Local Cell ID=8, Cell Name=PIC_CHI_SANTA_TERESITA_DEL_VALLE_L7_8, eNodeB ID=43308, Cell FDD TDD indication=CELL_FDD",Reliable,1556.565,143.467
2026-04-10 06:00,60,"PIC_CHI_SANTA_TERESITA_DEL_VALLE_UL/Cell:eNodeB Function Name=PIC_CHI_SANTA_TERESITA_DEL_VALLE_L, Local Cell ID=7, Cell Name=PIC_CHI_SANTA_TERESITA_DEL_VALLE_L7_7, eNodeB ID=43308, Cell FDD TDD indication=CELL_FDD",Reliable,858.604,54.445
2026-04-10 06:00,60,"PIC_TAB_TABACUNDO_OESTEL7/Cell:eNodeB Function Name=PIC_TAB_TABACUNDO_OESTEL7, Local Cell ID=9, Cell Name=PIC_TAB_TABACUNDO_OESTE_L7_9, eNodeB ID=43291, Cell FDD TDD indication=CELL_FDD",Reliable,1468.572,143.078
2026-04-10 06:00,60,"PIC_TAB_TABACUNDO_OESTEL7/Cell:eNodeB Function Name=PIC_TAB_TABACUNDO_OESTEL7, Local Cell ID=8, Cell Name=PIC_TAB_TABACUNDO_OESTE_L7_8, eNodeB ID=43291, Cell FDD TDD indication=CELL_FDD",Reliable,2260.29,394.938
2026-04-10 06:00,60,"PIC_TAB_TABACUNDO_OESTEL7/Cell:eNodeB Function Name=PIC_TAB_TABACUNDO_OESTEL7, Local Cell ID=7, Cell Name=PIC_TAB_TABACUNDO_OESTE_L7_7, eNodeB ID=43291, Cell FDD TDD indication=CELL_FDD",Reliable,2779.484,273.605
2026-04-10 06:00,60,"PIC_UIO_COOP_COMITE_UL/Cell:eNodeB Function Name=PIC_UIO_COOP_COMITE_L, Local Cell ID=9, Cell Name=PIC_UIO_COOP_COMITE_L7_9, eNodeB ID=43310, Cell FDD TDD indication=CELL_FDD",Reliable,999.382,94.039
2026-04-10 06:00,60,"PIC_UIO_COOP_COMITE_UL/Cell:eNodeB Function Name=PIC_UIO_COOP_COMITE_L, Local Cell ID=8, Cell Name=PIC_UIO_COOP_COMITE_L7_8, eNodeB ID=43310, Cell FDD TDD indication=CELL_FDD",Reliable,664.963,48.034
2026-04-10 06:00,60,"PIC_UIO_COOP_COMITE_UL/Cell:eNodeB Function Name=PIC_UIO_COOP_COMITE_L, Local Cell ID=7, Cell Name=PIC_UIO_COOP_COMITE_L7_7, eNodeB ID=43310, Cell FDD TDD indication=CELL_FDD",Reliable,1288.028,217.999
2026-04-10 06:00,60,"TUN_QUE_YANAYACU_UL/Cell:eNodeB Function Name=TUN_QUE_YANAYACU_L, Local Cell ID=8, Cell Name=TUN_QUE_YANAYACU_L7_8, eNodeB ID=43323, Cell FDD TDD indication=CELL_FDD",Reliable,712.569,144.886
2026-04-10 06:00,60,"TUN_QUE_YANAYACU_UL/Cell:eNodeB Function Name=TUN_QUE_YANAYACU_L, Local Cell ID=7, Cell Name=TUN_QUE_YANAYACU_L7_7, eNodeB ID=43323, Cell FDD TDD indication=CELL_FDD",Reliable,2508.037,223.584
2026-04-10 06:00,60,"PIC_NAN_SAN_FRANCISCO_UL/Cell:eNodeB Function Name=PIC_NAN_SAN_FRANCISCO_L, Local Cell ID=9, Cell Name=PIC_NAN_SAN_FRANCISCO_L7_9, eNodeB ID=43317, Cell FDD TDD indication=CELL_FDD",Reliable,759.994,78.163
2026-04-10 06:00,60,"PIC_NAN_SAN_FRANCISCO_UL/Cell:eNodeB Function Name=PIC_NAN_SAN_FRANCISCO_L, Local Cell ID=8, Cell Name=PIC_NAN_SAN_FRANCISCO_L7_8, eNodeB ID=43317, Cell FDD TDD indication=CELL_FDD",Reliable,1464.827,142.493
2026-04-10 06:00,60,"PIC_NAN_SAN_FRANCISCO_UL/Cell:eNodeB Function Name=PIC_NAN_SAN_FRANCISCO_L, Local Cell ID=7, Cell Name=PIC_NAN_SAN_FRANCISCO_L7_7, eNodeB ID=43317, Cell FDD TDD indication=CELL_FDD",Reliable,269.308,20.245
2026-04-10 06:00,60,"TUN_AMB_SOLCA_UL/Cell:eNodeB Function Name=TUN_AMB_SOLCA_L, Local Cell ID=9, Cell Name=TUN_AMB_SOLCA_L7_9, eNodeB ID=43285, Cell FDD TDD indication=CELL_FDD",Reliable,1637.417,144.554
2026-04-10 06:00,60,"TUN_AMB_SOLCA_UL/Cell:eNodeB Function Name=TUN_AMB_SOLCA_L, Local Cell ID=8, Cell Name=TUN_AMB_SOLCA_L7_8, eNodeB ID=43285, Cell FDD TDD indication=CELL_FDD",Reliable,3362.21,407.236
2026-04-10 06:00,60,"TUN_AMB_SOLCA_UL/Cell:eNodeB Function Name=TUN_AMB_SOLCA_L, Local Cell ID=7, Cell Name=TUN_AMB_SOLCA_L7_7, eNodeB ID=43285, Cell FDD TDD indication=CELL_FDD",Reliable,1869.969,439.966
2026-04-10 06:00,60,"TUN_AMB_HUACHI_BELEN_BAJO_UL/Cell:eNodeB Function Name=TUN_AMB_HUACHI_BELEN_BAJO_L, Local Cell ID=9, Cell Name=TUN_AMB_HUACHI_BELEN_BAJO_L7_9, eNodeB ID=43289, Cell FDD TDD indication=CELL_FDD",Reliable,3077.079,230.918
2026-04-10 06:00,60,"TUN_AMB_HUACHI_BELEN_BAJO_UL/Cell:eNodeB Function Name=TUN_AMB_HUACHI_BELEN_BAJO_L, Local Cell ID=8, Cell Name=TUN_AMB_HUACHI_BELEN_BAJO_L7_8, eNodeB ID=43289, Cell FDD TDD indication=CELL_FDD",Reliable,4044.921,357.456
2026-04-10 06:00,60,"TUN_AMB_HUACHI_BELEN_BAJO_UL/Cell:eNodeB Function Name=TUN_AMB_HUACHI_BELEN_BAJO_L, Local Cell ID=7, Cell Name=TUN_AMB_HUACHI_BELEN_BAJO_L7_7, eNodeB ID=43289, Cell FDD TDD indication=CELL_FDD",Reliable,1653.408,192.972
2026-04-10 06:00,60,"STD_VHE_ENTR_VALLE_HERMOSO_UL/Cell:eNodeB Function Name=STD_VHE_ENTR_VALLE_HERMOSO_L, Local Cell ID=9, Cell Name=STD_VHE_ENTR_VALLE_HERMOSO_L7_9, eNodeB ID=43292, Cell FDD TDD indication=CELL_FDD",Reliable,511.365,48.902
2026-04-10 06:00,60,"STD_VHE_ENTR_VALLE_HERMOSO_UL/Cell:eNodeB Function Name=STD_VHE_ENTR_VALLE_HERMOSO_L, Local Cell ID=8, Cell Name=STD_VHE_ENTR_VALLE_HERMOSO_L7_8, eNodeB ID=43292, Cell FDD TDD indication=CELL_FDD",Reliable,1817.907,132.226
2026-04-10 06:00,60,"STD_VHE_ENTR_VALLE_HERMOSO_UL/Cell:eNodeB Function Name=STD_VHE_ENTR_VALLE_HERMOSO_L, Local Cell ID=7, Cell Name=STD_VHE_ENTR_VALLE_HERMOSO_L7_7, eNodeB ID=43292, Cell FDD TDD indication=CELL_FDD",Reliable,1673.746,169.706
2026-04-10 06:00,60,"COT_MAN_ENTR_LA_MANA_UL/Cell:eNodeB Function Name=COT_MAN_ENTR_LA_MANA_L, Local Cell ID=9, Cell Name=COT_MAN_ENTR_LA_MANA_L7_9, eNodeB ID=43304, Cell FDD TDD indication=CELL_FDD",Reliable,1058.909,105.802
2026-04-10 06:00,60,"COT_MAN_ENTR_LA_MANA_UL/Cell:eNodeB Function Name=COT_MAN_ENTR_LA_MANA_L, Local Cell ID=8, Cell Name=COT_MAN_ENTR_LA_MANA_L7_8, eNodeB ID=43304, Cell FDD TDD indication=CELL_FDD",Reliable,1950.846,228.146
2026-04-10 06:00,60,"COT_MAN_ENTR_LA_MANA_UL/Cell:eNodeB Function Name=COT_MAN_ENTR_LA_MANA_L, Local Cell ID=7, Cell Name=COT_MAN_ENTR_LA_MANA_L7_7, eNodeB ID=43304, Cell FDD TDD indication=CELL_FDD",Reliable,0,0
2026-04-10 06:00,60,"L_GUA11152_LA_FLORIDA_OESTE/Cell:eNodeB Function Name=L_GUA11152_LA_FLORIDA_OESTE, Local Cell ID=9, Cell Name=L_GUA11152_LA_FLORIDA_OESTE_9, eNodeB ID=11152, Cell FDD TDD indication=CELL_FDD",Reliable,608.873,52.228
2026-04-10 06:00,60,"L_GUA11152_LA_FLORIDA_OESTE/Cell:eNodeB Function Name=L_GUA11152_LA_FLORIDA_OESTE, Local Cell ID=8, Cell Name=L_GUA11152_LA_FLORIDA_OESTE_8, eNodeB ID=11152, Cell FDD TDD indication=CELL_FDD",Reliable,283.3,25.86
2026-04-10 06:00,60,"L_GUA11152_LA_FLORIDA_OESTE/Cell:eNodeB Function Name=L_GUA11152_LA_FLORIDA_OESTE, Local Cell ID=7, Cell Name=L_GUA11152_LA_FLORIDA_OESTE_7, eNodeB ID=11152, Cell FDD TDD indication=CELL_FDD",Reliable,460.61,22.14
2026-04-10 06:00,60,"L_GUA11152_LA_FLORIDA_OESTE/Cell:eNodeB Function Name=L_GUA11152_LA_FLORIDA_OESTE, Local Cell ID=3, Cell Name=L_GUA11152_LA_FLORIDA_OESTE_3, eNodeB ID=11152, Cell FDD TDD indication=CELL_FDD",Reliable,252.244,20.974
2026-04-10 06:00,60,"L_GUA11152_LA_FLORIDA_OESTE/Cell:eNodeB Function Name=L_GUA11152_LA_FLORIDA_OESTE, Local Cell ID=2, Cell Name=L_GUA11152_LA_FLORIDA_OESTE_2, eNodeB ID=11152, Cell FDD TDD indication=CELL_FDD",Reliable,522.76,58.373
2026-04-10 06:00,60,"L_GUA11152_LA_FLORIDA_OESTE/Cell:eNodeB Function Name=L_GUA11152_LA_FLORIDA_OESTE, Local Cell ID=1, Cell Name=L_GUA11152_LA_FLORIDA_OESTE_1, eNodeB ID=11152, Cell FDD TDD indication=CELL_FDD",Reliable,147.773,11.909
2026-04-10 06:00,60,"STD_CON_EASYMACRO_CONCORDIA_NORTE_UL/Cell:eNodeB Function Name=STD_CON_CONCORDIA_NORTE_L, Local Cell ID=2, Cell Name=STD_CON_EASYMACRO_CONCORDIA_NORTE_L21_2, eNodeB ID=43299, Cell FDD TDD indication=CELL_FDD",Reliable,153.354,44.365
2026-04-10 06:00,60,"STD_CON_EASYMACRO_CONCORDIA_NORTE_UL/Cell:eNodeB Function Name=STD_CON_CONCORDIA_NORTE_L, Local Cell ID=1, Cell Name=STD_CON_EASYMACRO_CONCORDIA_NORTE_L21_1, eNodeB ID=43299, Cell FDD TDD indication=CELL_FDD",Reliable,6.73,2.047
2026-04-10 06:00,60,"PIC_CHI_EASYMACRO_SAN_NICOLAS_UL/Cell:eNodeB Function Name=PIC_CHI_EASYMACRO_SAN_NICOLAS, Local Cell ID=3, Cell Name=PIC_CHI_EASYMACRO_SAN_NICOLAS_L21_3, eNodeB ID=43288, Cell FDD TDD indication=CELL_FDD",Reliable,1876.782,346.078
2026-04-10 06:00,60,"PIC_CHI_EASYMACRO_SAN_NICOLAS_UL/Cell:eNodeB Function Name=PIC_CHI_EASYMACRO_SAN_NICOLAS, Local Cell ID=2, Cell Name=PIC_CHI_EASYMACRO_SAN_NICOLAS_L21_2, eNodeB ID=43288, Cell FDD TDD indication=CELL_FDD",Reliable,1350.669,134.264
2026-04-10 06:00,60,"PIC_CHI_EASYMACRO_SAN_NICOLAS_UL/Cell:eNodeB Function Name=PIC_CHI_EASYMACRO_SAN_NICOLAS, Local Cell ID=1, Cell Name=PIC_CHI_EASYMACRO_SAN_NICOLAS_L21_1, eNodeB ID=43288, Cell FDD TDD indication=CELL_FDD",Reliable,1116.733,403.185
2026-04-10 06:00,60,"PIC_UIO_MARCOPAMBA_UL/Cell:eNodeB Function Name=PIC_UIO_EASYMACRO_MARCOPAMBA_L, Local Cell ID=2, Cell Name=PIC_UIO_EASYMACRO_MARCOPAMBA_L21_2, eNodeB ID=43286, Cell FDD TDD indication=CELL_FDD",Reliable,1495.523,97.372
2026-04-10 06:00,60,"PIC_UIO_MARCOPAMBA_UL/Cell:eNodeB Function Name=PIC_UIO_EASYMACRO_MARCOPAMBA_L, Local Cell ID=1, Cell Name=PIC_UIO_EASYMACRO_MARCOPAMBA_L21_1, eNodeB ID=43286, Cell FDD TDD indication=CELL_FDD",Reliable,998.678,102.252
2026-04-10 06:00,60,"PIC_UIO_MARCOPAMBA_UL/Cell:eNodeB Function Name=PIC_UIO_EASYMACRO_MARCOPAMBA_L, Local Cell ID=8, Cell Name=PIC_UIO_MARCOPAMBA_L7_8, eNodeB ID=43286, Cell FDD TDD indication=CELL_FDD",Reliable,1180.427,216.043
2026-04-10 06:00,60,"PIC_UIO_MARCOPAMBA_UL/Cell:eNodeB Function Name=PIC_UIO_EASYMACRO_MARCOPAMBA_L, Local Cell ID=7, Cell Name=PIC_UIO_MARCOPAMBA_L7_7, eNodeB ID=43286, Cell FDD TDD indication=CELL_FDD",Reliable,988.626,91.769
2026-04-10 06:00,60,"PIC_QUI_SAN_MIGUEL_ALTAPAMBA_UL/Cell:eNodeB Function Name=PIC_QUI_SAN_MIGUEL_ALTAPAMBA_L, Local Cell ID=9, Cell Name=PIC_QUI_SAN_MIGUEL_ALTAPAMBA_L7_9, eNodeB ID=43321, Cell FDD TDD indication=CELL_FDD",Reliable,1031.371,183.326
2026-04-10 06:00,60,"PIC_QUI_SAN_MIGUEL_ALTAPAMBA_UL/Cell:eNodeB Function Name=PIC_QUI_SAN_MIGUEL_ALTAPAMBA_L, Local Cell ID=8, Cell Name=PIC_QUI_SAN_MIGUEL_ALTAPAMBA_L7_8, eNodeB ID=43321, Cell FDD TDD indication=CELL_FDD",Reliable,1000.211,89.439
2026-04-10 06:00,60,"PIC_QUI_SAN_MIGUEL_ALTAPAMBA_UL/Cell:eNodeB Function Name=PIC_QUI_SAN_MIGUEL_ALTAPAMBA_L, Local Cell ID=7, Cell Name=PIC_QUI_SAN_MIGUEL_ALTAPAMBA_L7_7, eNodeB ID=43321, Cell FDD TDD indication=CELL_FDD",Reliable,1946.457,246.326
2026-04-10 06:00,60,"ORE_COC_CAMP_PETROL_UL/Cell:eNodeB Function Name=ORE_COC_CAMP_PETROL_L, Local Cell ID=9, Cell Name=ORE_COC_CAMP_PETROL_L7_9, eNodeB ID=43305, Cell FDD TDD indication=CELL_FDD",Reliable,4017.478,616.828
2026-04-10 06:00,60,"ORE_COC_CAMP_PETROL_UL/Cell:eNodeB Function Name=ORE_COC_CAMP_PETROL_L, Local Cell ID=8, Cell Name=ORE_COC_CAMP_PETROL_L7_8, eNodeB ID=43305, Cell FDD TDD indication=CELL_FDD",Reliable,10141.799,1201.437
2026-04-10 06:00,60,"ORE_COC_CAMP_PETROL_UL/Cell:eNodeB Function Name=ORE_COC_CAMP_PETROL_L, Local Cell ID=7, Cell Name=ORE_COC_CAMP_PETROL_L7_7, eNodeB ID=43305, Cell FDD TDD indication=CELL_FDD",Reliable,12.162,2.186
2026-04-10 06:00,60,"ORE_DAY_PINDO_UL/Cell:eNodeB Function Name=ORE_DAY_PINDO_L, Local Cell ID=9, Cell Name=ORE_DAY_PINDO_L7_9, eNodeB ID=43300, Cell FDD TDD indication=CELL_FDD",Reliable,2876.57,373.7
2026-04-10 06:00,60,"ORE_DAY_PINDO_UL/Cell:eNodeB Function Name=ORE_DAY_PINDO_L, Local Cell ID=8, Cell Name=ORE_DAY_PINDO_L7_8, eNodeB ID=43300, Cell FDD TDD indication=CELL_FDD",Reliable,1393.636,138.041
2026-04-10 06:00,60,"ORE_DAY_PINDO_UL/Cell:eNodeB Function Name=ORE_DAY_PINDO_L, Local Cell ID=7, Cell Name=ORE_DAY_PINDO_L7_7, eNodeB ID=43300, Cell FDD TDD indication=CELL_FDD",Reliable,2934.899,139.649
2026-04-10 06:00,60,"PIC_PVM_ARASHA_UL/Cell:eNodeB Function Name=PIC_PVM_ARASHA_L, Local Cell ID=9, Cell Name=PIC_PVM_ARASHA_L7_9, eNodeB ID=43296, Cell FDD TDD indication=CELL_FDD",Reliable,343.102,42.714
2026-04-10 06:00,60,"PIC_PVM_ARASHA_UL/Cell:eNodeB Function Name=PIC_PVM_ARASHA_L, Local Cell ID=8, Cell Name=PIC_PVM_ARASHA_L7_8, eNodeB ID=43296, Cell FDD TDD indication=CELL_FDD",Reliable,514.254,80.497
2026-04-10 06:00,60,"PIC_PVM_ARASHA_UL/Cell:eNodeB Function Name=PIC_PVM_ARASHA_L, Local Cell ID=7, Cell Name=PIC_PVM_ARASHA_L7_7, eNodeB ID=43296, Cell FDD TDD indication=CELL_FDD",Reliable,237.769,18.809
2026-04-10 06:00,60,"NAP_CHO_YURALPA_UL/Cell:eNodeB Function Name=NAP_CHO_YURALPA_L, Local Cell ID=7, Cell Name=NAP_CHO_YURALPA_L7_7, eNodeB ID=43293, Cell FDD TDD indication=CELL_FDD",Reliable,1180.285,87.908
2026-04-10 06:00,60,"NAP_CHO_YURALPA_UL/Cell:eNodeB Function Name=NAP_CHO_YURALPA_L, Local Cell ID=8, Cell Name=NAP_CHO_YURALPA_L7_8, eNodeB ID=43293, Cell FDD TDD indication=CELL_FDD",Reliable,1999.641,192.57
2026-04-10 06:00,60,"NAP_CHO_YURALPA_UL/Cell:eNodeB Function Name=NAP_CHO_YURALPA_L, Local Cell ID=9, Cell Name=NAP_CHO_YURALPA_L7_9, eNodeB ID=43293, Cell FDD TDD indication=CELL_FDD",Reliable,423.762,48.527
2026-04-10 06:00,60,"PIC_GUA_REDONDEL_GUAYLLABAMBA_UL/Cell:eNodeB Function Name=PIC_GUA_REDONDEL_GUAYLLABAMBA_L, Local Cell ID=9, Cell Name=PIC_GUA_REDONDEL_GUAYLLABAMBA_L7_9, eNodeB ID=43319, Cell FDD TDD indication=CELL_FDD",Reliable,3752.109,463.283
2026-04-10 06:00,60,"PIC_GUA_REDONDEL_GUAYLLABAMBA_UL/Cell:eNodeB Function Name=PIC_GUA_REDONDEL_GUAYLLABAMBA_L, Local Cell ID=8, Cell Name=PIC_GUA_REDONDEL_GUAYLLABAMBA_L7_8, eNodeB ID=43319, Cell FDD TDD indication=CELL_FDD",Reliable,2253.434,491.55
2026-04-10 06:00,60,"PIC_GUA_REDONDEL_GUAYLLABAMBA_UL/Cell:eNodeB Function Name=PIC_GUA_REDONDEL_GUAYLLABAMBA_L, Local Cell ID=7, Cell Name=PIC_GUA_REDONDEL_GUAYLLABAMBA_L7_7, eNodeB ID=43319, Cell FDD TDD indication=CELL_FDD",Reliable,2463.897,256.686
2026-04-10 06:00,60,"SUC_LIM_VICTORIA_UL/Cell:eNodeB Function Name=SUC_LIM_VICTORIA_L, Local Cell ID=9, Cell Name=SUC_LIM_VICTORIA_L7_9, eNodeB ID=43301, Cell FDD TDD indication=CELL_FDD",Reliable,1648.029,154.131
2026-04-10 06:00,60,"SUC_LIM_VICTORIA_UL/Cell:eNodeB Function Name=SUC_LIM_VICTORIA_L, Local Cell ID=8, Cell Name=SUC_LIM_VICTORIA_L7_8, eNodeB ID=43301, Cell FDD TDD indication=CELL_FDD",Reliable,2690.981,255.012
2026-04-10 06:00,60,"SUC_LIM_VICTORIA_UL/Cell:eNodeB Function Name=SUC_LIM_VICTORIA_L, Local Cell ID=7, Cell Name=SUC_LIM_VICTORIA_L7_7, eNodeB ID=43301, Cell FDD TDD indication=CELL_FDD",Reliable,1515.508,199.253
2026-04-10 06:00,60,"ESM_ESM_SAN_MATEO_UL/Cell:eNodeB Function Name=ESM_ESM_SAN_MATEO_L, Local Cell ID=9, Cell Name=ESM_ESM_SAN_MATEO_L7_9, eNodeB ID=43283, Cell FDD TDD indication=CELL_FDD",Reliable,1512.263,28.664
2026-04-10 06:00,60,"ESM_ESM_SAN_MATEO_UL/Cell:eNodeB Function Name=ESM_ESM_SAN_MATEO_L, Local Cell ID=8, Cell Name=ESM_ESM_SAN_MATEO_L7_8, eNodeB ID=43283, Cell FDD TDD indication=CELL_FDD",Reliable,1326.383,76.111
2026-04-10 06:00,60,"ESM_ESM_SAN_MATEO_UL/Cell:eNodeB Function Name=ESM_ESM_SAN_MATEO_L, Local Cell ID=7, Cell Name=ESM_ESM_SAN_MATEO_L7_7, eNodeB ID=43283, Cell FDD TDD indication=CELL_FDD",Reliable,336.251,177.26
2026-04-10 06:00,60,"ESM_ESM_SANTA_CRUZ_UL/Cell:eNodeB Function Name=ESM_ESM_SANTA_CRUZ_L, Local Cell ID=9, Cell Name=ESM_ESM_SANTA_CRUZ_L7_9, eNodeB ID=43287, Cell FDD TDD indication=CELL_FDD",Reliable,645.976,136.977
2026-04-10 06:00,60,"ESM_ESM_SANTA_CRUZ_UL/Cell:eNodeB Function Name=ESM_ESM_SANTA_CRUZ_L, Local Cell ID=8, Cell Name=ESM_ESM_SANTA_CRUZ_L7_8, eNodeB ID=43287, Cell FDD TDD indication=CELL_FDD",Reliable,0.006,0.023
2026-04-10 06:00,60,"ESM_ESM_SANTA_CRUZ_UL/Cell:eNodeB Function Name=ESM_ESM_SANTA_CRUZ_L, Local Cell ID=7, Cell Name=ESM_ESM_SANTA_CRUZ_L7_7, eNodeB ID=43287, Cell FDD TDD indication=CELL_FDD",Reliable,204.159,10.959
2026-04-10 06:00,60,"ESM_MAL_MALIMPIA_UL/Cell:eNodeB Function Name=ESM_MAL_MALIMPIA_L, Local Cell ID=9, Cell Name=ESM_MAL_MALIMPIA_L7_9, eNodeB ID=43297, Cell FDD TDD indication=CELL_FDD",Reliable,127.956,19.077
2026-04-10 06:00,60,"ESM_MAL_MALIMPIA_UL/Cell:eNodeB Function Name=ESM_MAL_MALIMPIA_L, Local Cell ID=8, Cell Name=ESM_MAL_MALIMPIA_L7_8, eNodeB ID=43297, Cell FDD TDD indication=CELL_FDD",Reliable,207.651,24.004
2026-04-10 06:00,60,"ESM_MAL_MALIMPIA_UL/Cell:eNodeB Function Name=ESM_MAL_MALIMPIA_L, Local Cell ID=7, Cell Name=ESM_MAL_MALIMPIA_L7_7, eNodeB ID=43297, Cell FDD TDD indication=CELL_FDD",Reliable,2048.06,224.119
2026-04-10 06:00,60,"ESM_SFR_EL_SALTO_UL/Cell:eNodeB Function Name=ESM_SFR_EL_SALTO_L, Local Cell ID=9, Cell Name=ESM_SFR_EL_SALTO_L7_9, eNodeB ID=43290, Cell FDD TDD indication=CELL_FDD",Reliable,2584.738,313.151
2026-04-10 06:00,60,"ESM_SFR_EL_SALTO_UL/Cell:eNodeB Function Name=ESM_SFR_EL_SALTO_L, Local Cell ID=8, Cell Name=ESM_SFR_EL_SALTO_L7_8, eNodeB ID=43290, Cell FDD TDD indication=CELL_FDD",Reliable,326.749,72.489
2026-04-10 06:00,60,"ESM_SFR_EL_SALTO_UL/Cell:eNodeB Function Name=ESM_SFR_EL_SALTO_L, Local Cell ID=7, Cell Name=ESM_SFR_EL_SALTO_L7_7, eNodeB ID=43290, Cell FDD TDD indication=CELL_FDD",Reliable,1279.469,132.002
2026-04-10 06:00,60,"GAL_BEL_BELLAVISTA_UL/Cell:eNodeB Function Name=GAL_BEL_BELLAVISTA_L, Local Cell ID=9, Cell Name=GAL_BEL_BELLAVISTA_L7_9, eNodeB ID=43314, Cell FDD TDD indication=CELL_FDD",Reliable,1044.378,70.309
2026-04-10 06:00,60,"GAL_BEL_BELLAVISTA_UL/Cell:eNodeB Function Name=GAL_BEL_BELLAVISTA_L, Local Cell ID=8, Cell Name=GAL_BEL_BELLAVISTA_L7_8, eNodeB ID=43314, Cell FDD TDD indication=CELL_FDD",Reliable,3163.23,522.937
2026-04-10 06:00,60,"GAL_BEL_BELLAVISTA_UL/Cell:eNodeB Function Name=GAL_BEL_BELLAVISTA_L, Local Cell ID=7, Cell Name=GAL_BEL_BELLAVISTA_L7_7, eNodeB ID=43314, Cell FDD TDD indication=CELL_FDD",Reliable,644.721,202.646
2026-04-10 06:00,60,"PIC_SJM_ENTR_SAN_JOSE_MINAS_UL/Cell:eNodeB Function Name=PIC_SJM_ENTR_SAN_JOSE_MINAS_L, Local Cell ID=9, Cell Name=PIC_SJM_ENTR_SAN_JOSE_MINAS_L7_9, eNodeB ID=44225, Cell FDD TDD indication=CELL_FDD",Reliable,349.089,47.625
2026-04-10 06:00,60,"PIC_SJM_ENTR_SAN_JOSE_MINAS_UL/Cell:eNodeB Function Name=PIC_SJM_ENTR_SAN_JOSE_MINAS_L, Local Cell ID=8, Cell Name=PIC_SJM_ENTR_SAN_JOSE_MINAS_L7_8, eNodeB ID=44225, Cell FDD TDD indication=CELL_FDD",Reliable,969.61,95.718
2026-04-10 06:00,60,"PIC_SJM_ENTR_SAN_JOSE_MINAS_UL/Cell:eNodeB Function Name=PIC_SJM_ENTR_SAN_JOSE_MINAS_L, Local Cell ID=7, Cell Name=PIC_SJM_ENTR_SAN_JOSE_MINAS_L7_7, eNodeB ID=44225, Cell FDD TDD indication=CELL_FDD",Reliable,886.718,284.44
2026-04-10 06:00,60,"PIC_UIO_PARQUE_CUMANDAL7/Cell:eNodeB Function Name=PIC_UIO_PARQUE_CUMANDAL7, Local Cell ID=7, Cell Name=PIC_UIO_PARQUE_CUMANDA_L7_7, eNodeB ID=43208, Cell FDD TDD indication=CELL_FDD",Reliable,659.461,196.092
2026-04-10 06:00,60,"PIC_UIO_PARQUE_CUMANDAL7/Cell:eNodeB Function Name=PIC_UIO_PARQUE_CUMANDAL7, Local Cell ID=8, Cell Name=PIC_UIO_PARQUE_CUMANDA_L7_8, eNodeB ID=43208, Cell FDD TDD indication=CELL_FDD",Reliable,183.151,15.507
2026-04-10 06:00,60,"PIC_UIO_PARQUE_CUMANDAL7/Cell:eNodeB Function Name=PIC_UIO_PARQUE_CUMANDAL7, Local Cell ID=9, Cell Name=PIC_UIO_PARQUE_CUMANDA_L7_9, eNodeB ID=43208, Cell FDD TDD indication=CELL_FDD",Reliable,2130.957,198.351
2026-04-10 06:00,60,"SUC_SHU_SHUSHUFINDI_OESTE_UL/Cell:eNodeB Function Name=SUC_SHU_SHUSHUFINDI_OESTE_L, Local Cell ID=9, Cell Name=SUC_SHU_SUSHUFINDI_OESTE_L7_9, eNodeB ID=43322, Cell FDD TDD indication=CELL_FDD",Reliable,1389.678,261.138
2026-04-10 06:00,60,"SUC_SHU_SHUSHUFINDI_OESTE_UL/Cell:eNodeB Function Name=SUC_SHU_SHUSHUFINDI_OESTE_L, Local Cell ID=8, Cell Name=SUC_SHU_SUSHUFINDI_OESTE_L7_8, eNodeB ID=43322, Cell FDD TDD indication=CELL_FDD",Reliable,5826.508,570.506
2026-04-10 06:00,60,"SUC_SHU_SHUSHUFINDI_OESTE_UL/Cell:eNodeB Function Name=SUC_SHU_SHUSHUFINDI_OESTE_L, Local Cell ID=7, Cell Name=SUC_SHU_SUSHUFINDI_OESTE_L7_7, eNodeB ID=43322, Cell FDD TDD indication=CELL_FDD",Reliable,5784.428,543.064
2026-04-10 06:00,60,"PIC_CHI_FAJARDO_UL/Cell:eNodeB Function Name=PIC_CHI_FAJARDO_L, Local Cell ID=9, Cell Name=PIC_CHI_FAJARDO_L7_9, eNodeB ID=44247, Cell FDD TDD indication=CELL_FDD",Reliable,2316.307,241.446
2026-04-10 06:00,60,"PIC_CHI_FAJARDO_UL/Cell:eNodeB Function Name=PIC_CHI_FAJARDO_L, Local Cell ID=8, Cell Name=PIC_CHI_FAJARDO_L7_8, eNodeB ID=44247, Cell FDD TDD indication=CELL_FDD",Reliable,3507.932,286.716
2026-04-10 06:00,60,"PIC_CHI_FAJARDO_UL/Cell:eNodeB Function Name=PIC_CHI_FAJARDO_L, Local Cell ID=7, Cell Name=PIC_CHI_FAJARDO_L7_7, eNodeB ID=44247, Cell FDD TDD indication=CELL_FDD",Reliable,2592.854,312.36
2026-04-10 06:00,60,"ORE_LOR_LORETO_UL/Cell:eNodeB Function Name=ORE_LOR_LORETO_L, Local Cell ID=9, Cell Name=ORE_LOR_LORETO_L7_9, eNodeB ID=44866, Cell FDD TDD indication=CELL_FDD",Reliable,507.443,58.945
2026-04-10 06:00,60,"ORE_LOR_LORETO_UL/Cell:eNodeB Function Name=ORE_LOR_LORETO_L, Local Cell ID=8, Cell Name=ORE_LOR_LORETO_L7_8, eNodeB ID=44866, Cell FDD TDD indication=CELL_FDD",Reliable,283.449,87.283
2026-04-10 06:00,60,"ORE_LOR_LORETO_UL/Cell:eNodeB Function Name=ORE_LOR_LORETO_L, Local Cell ID=7, Cell Name=ORE_LOR_LORETO_L7_7, eNodeB ID=44866, Cell FDD TDD indication=CELL_FDD",Reliable,2291.978,641.062
2026-04-10 06:00,60,"ORE_LOR_LORETO_UL/Cell:eNodeB Function Name=ORE_LOR_LORETO_L, Local Cell ID=10, Cell Name=ORE_LOR_LORETO_L7_10, eNodeB ID=44866, Cell FDD TDD indication=CELL_FDD",Reliable,1990.461,842.779
2026-04-10 06:00,60,"PIC_UIO_JOAQUIN_MANCHENO_UL/Cell:eNodeB Function Name=PIC_UIO_JOAQUIN_MANCHENO_L, Local Cell ID=9, Cell Name=PIC_UIO_JOAQUIN_MANCHENO_9, eNodeB ID=43622, Cell FDD TDD indication=CELL_FDD",Reliable,2327.718,231.986
2026-04-10 06:00,60,"PIC_UIO_JOAQUIN_MANCHENO_UL/Cell:eNodeB Function Name=PIC_UIO_JOAQUIN_MANCHENO_L, Local Cell ID=8, Cell Name=PIC_UIO_JOAQUIN_MANCHENO_8, eNodeB ID=43622, Cell FDD TDD indication=CELL_FDD",Reliable,1031.046,103.245
2026-04-10 06:00,60,"PIC_UIO_JOAQUIN_MANCHENO_UL/Cell:eNodeB Function Name=PIC_UIO_JOAQUIN_MANCHENO_L, Local Cell ID=7, Cell Name=PIC_UIO_JOAQUIN_MANCHENO_7, eNodeB ID=43622, Cell FDD TDD indication=CELL_FDD",Reliable,4370.819,372.185
2026-04-10 06:00,60,"COT_PUJ_PUJILI_UL/Cell:eNodeB Function Name=COT_PUJ_PUJILI_L, Local Cell ID=9, Cell Name=COT_PUJ_PUJILI_L7_9, eNodeB ID=44680, Cell FDD TDD indication=CELL_FDD",Reliable,3633.384,298.891
2026-04-10 06:00,60,"COT_PUJ_PUJILI_UL/Cell:eNodeB Function Name=COT_PUJ_PUJILI_L, Local Cell ID=8, Cell Name=COT_PUJ_PUJILI_L7_8, eNodeB ID=44680, Cell FDD TDD indication=CELL_FDD",Reliable,4364.799,342.032
2026-04-10 06:00,60,"COT_PUJ_PUJILI_UL/Cell:eNodeB Function Name=COT_PUJ_PUJILI_L, Local Cell ID=7, Cell Name=COT_PUJ_PUJILI_L7_7, eNodeB ID=44680, Cell FDD TDD indication=CELL_FDD",Reliable,2368.93,376.447
2026-04-10 06:00,60,"TUN_AMB_HUACHI_BELEN_UL/Cell:eNodeB Function Name=TUN_AMB_HUACHI_BELEN_L, Local Cell ID=9, Cell Name=TUN_AMB_HUACHI_BELEN_L7_9, eNodeB ID=44488, Cell FDD TDD indication=CELL_FDD",Reliable,937.064,70.138
2026-04-10 06:00,60,"TUN_AMB_HUACHI_BELEN_UL/Cell:eNodeB Function Name=TUN_AMB_HUACHI_BELEN_L, Local Cell ID=8, Cell Name=TUN_AMB_HUACHI_BELEN_L7_8, eNodeB ID=44488, Cell FDD TDD indication=CELL_FDD",Reliable,1055.381,82.489
2026-04-10 06:00,60,"TUN_AMB_HUACHI_BELEN_UL/Cell:eNodeB Function Name=TUN_AMB_HUACHI_BELEN_L, Local Cell ID=7, Cell Name=TUN_AMB_HUACHI_BELEN_L7_7, eNodeB ID=44488, Cell FDD TDD indication=CELL_FDD",Reliable,1186.194,267.134
2026-04-10 06:00,60,"PIC_UIO_MACARENA_UL/Cell:eNodeB Function Name=PIC_UIO_MACARENA_L, Local Cell ID=9, Cell Name=PIC_UIO_MACARENA_L7_9, eNodeB ID=44226, Cell FDD TDD indication=CELL_FDD",Reliable,3711.679,395.985
2026-04-10 06:00,60,"PIC_UIO_MACARENA_UL/Cell:eNodeB Function Name=PIC_UIO_MACARENA_L, Local Cell ID=8, Cell Name=PIC_UIO_MACARENA_L7_8, eNodeB ID=44226, Cell FDD TDD indication=CELL_FDD",Reliable,301.733,44.174
2026-04-10 06:00,60,"PIC_UIO_MACARENA_UL/Cell:eNodeB Function Name=PIC_UIO_MACARENA_L, Local Cell ID=7, Cell Name=PIC_UIO_MACARENA_L7_7, eNodeB ID=44226, Cell FDD TDD indication=CELL_FDD",Reliable,923.604,94.839
2026-04-10 06:00,60,"SUC_LAG_LAGO_SALIDA_UL/Cell:eNodeB Function Name=SUC_LAG_LAGO_SALIDA_L, Local Cell ID=9, Cell Name=SUC_LAG_LAGO_SALIDA_L7_9, eNodeB ID=43640, Cell FDD TDD indication=CELL_FDD",Reliable,2594.576,208.231
2026-04-10 06:00,60,"SUC_LAG_LAGO_SALIDA_UL/Cell:eNodeB Function Name=SUC_LAG_LAGO_SALIDA_L, Local Cell ID=8, Cell Name=SUC_LAG_LAGO_SALIDA_L7_8, eNodeB ID=43640, Cell FDD TDD indication=CELL_FDD",Reliable,762.003,121.298
2026-04-10 06:00,60,"SUC_LAG_LAGO_SALIDA_UL/Cell:eNodeB Function Name=SUC_LAG_LAGO_SALIDA_L, Local Cell ID=7, Cell Name=SUC_LAG_LAGO_SALIDA_L7_7, eNodeB ID=43640, Cell FDD TDD indication=CELL_FDD",Reliable,4258.284,374.387
2026-04-10 06:00,60,"SUC_LAG_SANTA_CECILIA_UL/Cell:eNodeB Function Name=SUC_LAG_SANTA_CECILIA_L, Local Cell ID=9, Cell Name=SUC_LAG_SANTA_CECILIA_L7_9, eNodeB ID=44827, Cell FDD TDD indication=CELL_FDD",Reliable,1522.869,132.52
2026-04-10 06:00,60,"SUC_LAG_SANTA_CECILIA_UL/Cell:eNodeB Function Name=SUC_LAG_SANTA_CECILIA_L, Local Cell ID=8, Cell Name=SUC_LAG_SANTA_CECILIA_L7_8, eNodeB ID=44827, Cell FDD TDD indication=CELL_FDD",Reliable,2390.184,213.89
2026-04-10 06:00,60,"SUC_LAG_SANTA_CECILIA_UL/Cell:eNodeB Function Name=SUC_LAG_SANTA_CECILIA_L, Local Cell ID=7, Cell Name=SUC_LAG_SANTA_CECILIA_L7_7, eNodeB ID=44827, Cell FDD TDD indication=CELL_FDD",Reliable,625.749,95.472
2026-04-10 06:00,60,"PIC_UIO_109_UL (PARQUE_SUECIA)/Cell:eNodeB Function Name=PIC_UIO_PARQUE_SUECIA_L, Local Cell ID=7, Cell Name=PIC_UIO_PARQUE_SUECIA_APT_7, eNodeB ID=43552, Cell FDD TDD indication=CELL_FDD",Reliable,509.104,33.37
2026-04-10 06:00,60,"PIC_UIO_109_UL (PARQUE_SUECIA)/Cell:eNodeB Function Name=PIC_UIO_PARQUE_SUECIA_L, Local Cell ID=8, Cell Name=PIC_UIO_PARQUE_SUECIA_APT_8, eNodeB ID=43552, Cell FDD TDD indication=CELL_FDD",Reliable,2100.416,137.431
2026-04-10 06:00,60,"COT_SIG_SIMAHURCO_UL/Cell:eNodeB Function Name=COT_SIG_SIMAHURCO_L, Local Cell ID=9, Cell Name=COT_SIG_SIMAHURCO_L7_9, eNodeB ID=44699, Cell FDD TDD indication=CELL_FDD",Reliable,2075.795,353.905
2026-04-10 06:00,60,"COT_SIG_SIMAHURCO_UL/Cell:eNodeB Function Name=COT_SIG_SIMAHURCO_L, Local Cell ID=8, Cell Name=COT_SIG_SIMAHURCO_L7_8, eNodeB ID=44699, Cell FDD TDD indication=CELL_FDD",Reliable,1153.635,109.563
2026-04-10 06:00,60,"COT_SIG_SIMAHURCO_UL/Cell:eNodeB Function Name=COT_SIG_SIMAHURCO_L, Local Cell ID=7, Cell Name=COT_SIG_SIMAHURCO_L7_7, eNodeB ID=44699, Cell FDD TDD indication=CELL_FDD",Reliable,2531.672,280.173
2026-04-10 06:00,60,"ORE_JOY_ENOKANQUI_UL/Cell:eNodeB Function Name=ORE_JOY_ENOKANQUI_L, Local Cell ID=9, Cell Name=ORE_JOY_ENOKANQUI_L7_9, eNodeB ID=44865, Cell FDD TDD indication=CELL_FDD",Reliable,198.778,20.951
2026-04-10 06:00,60,"ORE_JOY_ENOKANQUI_UL/Cell:eNodeB Function Name=ORE_JOY_ENOKANQUI_L, Local Cell ID=8, Cell Name=ORE_JOY_ENOKANQUI_L7_8, eNodeB ID=44865, Cell FDD TDD indication=CELL_FDD",Reliable,2470.508,280.66
2026-04-10 06:00,60,"ORE_JOY_ENOKANQUI_UL/Cell:eNodeB Function Name=ORE_JOY_ENOKANQUI_L, Local Cell ID=7, Cell Name=ORE_JOY_ENOKANQUI_L7_7, eNodeB ID=44865, Cell FDD TDD indication=CELL_FDD",Reliable,2260.031,222.753
2026-04-10 06:00,60,"CAR_TUL_TANQUES_DE_AGUA_UL/Cell:eNodeB Function Name=CAR_TUL_TANQUES_DE_AGUA_L, Local Cell ID=7, Cell Name=CAR_TUL_TANQUES_DE_AGUA_APT_7, eNodeB ID=44838, Cell FDD TDD indication=CELL_FDD",Reliable,1511.21,144.158
2026-04-10 06:00,60,"CAR_TUL_TANQUES_DE_AGUA_UL/Cell:eNodeB Function Name=CAR_TUL_TANQUES_DE_AGUA_L, Local Cell ID=8, Cell Name=CAR_TUL_TANQUES_DE_AGUA_APT_8, eNodeB ID=44838, Cell FDD TDD indication=CELL_FDD",Reliable,1930.705,175.272
2026-04-10 06:00,60,"CAR_TUL_TANQUES_DE_AGUA_UL/Cell:eNodeB Function Name=CAR_TUL_TANQUES_DE_AGUA_L, Local Cell ID=9, Cell Name=CAR_TUL_TANQUES_DE_AGUA_APT_9, eNodeB ID=44838, Cell FDD TDD indication=CELL_FDD",Reliable,1080.644,61.285
2026-04-10 06:00,60,"PIC_UIO_MIRALOMA_EL_INCA_UL/Cell:eNodeB Function Name=PIC_UIO_MIRALOMA_EL_INCA_L, Local Cell ID=8, Cell Name=PIC_UIO_MIRALOMA_EL_INCA_L7_8, eNodeB ID=44356, Cell FDD TDD indication=CELL_FDD",Reliable,3056.581,599.841
2026-04-10 06:00,60,"PIC_UIO_MIRALOMA_EL_INCA_UL/Cell:eNodeB Function Name=PIC_UIO_MIRALOMA_EL_INCA_L, Local Cell ID=7, Cell Name=PIC_UIO_MIRALOMA_EL_INCA_L7_7, eNodeB ID=44356, Cell FDD TDD indication=CELL_FDD",Reliable,3284.645,359.968
2026-04-10 06:00,60,"PI_UIO_CIPRESES_UL/Cell:eNodeB Function Name=PI_UIO_CIPRESESL21, Local Cell ID=1, Cell Name=PI_UIO_CIPRESES_1, eNodeB ID=44100, Cell FDD TDD indication=CELL_FDD",Reliable,395.579,33.819
2026-04-10 06:00,60,"PI_UIO_CIPRESES_UL/Cell:eNodeB Function Name=PI_UIO_CIPRESESL21, Local Cell ID=2, Cell Name=PI_UIO_CIPRESES_2, eNodeB ID=44100, Cell FDD TDD indication=CELL_FDD",Reliable,16.945,2.652
2026-04-10 06:00,60,"PIC_UIO_LOS_CABILDOS_ULN/Cell:eNodeB Function Name=PI_UIO_LOS_CABILDOSL21, Local Cell ID=1, Cell Name=PI_UIO_LOS_CABILDOS_1, eNodeB ID=44152, Cell FDD TDD indication=CELL_FDD",Reliable,467.368,25.993
2026-04-10 06:00,60,"PIC_UIO_LOS_CABILDOS_ULN/Cell:eNodeB Function Name=PI_UIO_LOS_CABILDOSL21, Local Cell ID=2, Cell Name=PI_UIO_LOS_CABILDOS_2, eNodeB ID=44152, Cell FDD TDD indication=CELL_FDD",Reliable,866.504,142.665
2026-04-10 06:00,60,"PI_UIO_LOS_TUNELES_UL/Cell:eNodeB Function Name=PI_UIO_LOS_TUNELESL21, Local Cell ID=1, Cell Name=PI_UIO_LOS_TUNELES_1, eNodeB ID=44153, Cell FDD TDD indication=CELL_FDD",Reliable,395.658,31.972
2026-04-10 06:00,60,"PI_UIO_LOS_TUNELES_UL/Cell:eNodeB Function Name=PI_UIO_LOS_TUNELESL21, Local Cell ID=2, Cell Name=PI_UIO_LOS_TUNELES_2, eNodeB ID=44153, Cell FDD TDD indication=CELL_FDD",Reliable,1035.313,61.917
2026-04-10 06:00,60,"TU_AMB_COL_TEC_GUAYAQUIL_UL/Cell:eNodeB Function Name=TU_AMB_COL_TEC_GUAYAQUIL_L, Local Cell ID=3, Cell Name=TU_AMB_COL_TEC_GUAYAQUIL_3, eNodeB ID=44469, Cell FDD TDD indication=CELL_FDD",Reliable,322.239,86.012
2026-04-10 06:00,60,"TU_AMB_COL_TEC_GUAYAQUIL_UL/Cell:eNodeB Function Name=TU_AMB_COL_TEC_GUAYAQUIL_L, Local Cell ID=2, Cell Name=TU_AMB_COL_TEC_GUAYAQUIL_2, eNodeB ID=44469, Cell FDD TDD indication=CELL_FDD",Reliable,347.769,30.295
2026-04-10 06:00,60,"TU_AMB_COL_TEC_GUAYAQUIL_UL/Cell:eNodeB Function Name=TU_AMB_COL_TEC_GUAYAQUIL_L, Local Cell ID=1, Cell Name=TU_AMB_COL_TEC_GUAYAQUIL_1, eNodeB ID=44469, Cell FDD TDD indication=CELL_FDD",Reliable,1794.785,302.918
2026-04-10 06:00,60,"AZU_CUE_HUAYNA_CAPAC_UL/Cell:eNodeB Function Name=AZU_CUE_HUAYNA_CAPAC_L, Local Cell ID=3, Cell Name=AZU_CUE_HUAYNA_CAPAC_L21_3, eNodeB ID=22149, Cell FDD TDD indication=CELL_FDD",Reliable,586.64,58.856
2026-04-10 06:00,60,"AZU_CUE_HUAYNA_CAPAC_UL/Cell:eNodeB Function Name=AZU_CUE_HUAYNA_CAPAC_L, Local Cell ID=2, Cell Name=AZU_CUE_HUAYNA_CAPAC_L21_2, eNodeB ID=22149, Cell FDD TDD indication=CELL_FDD",Reliable,1373.629,162.205
2026-04-10 06:00,60,"AZU_CUE_HUAYNA_CAPAC_UL/Cell:eNodeB Function Name=AZU_CUE_HUAYNA_CAPAC_L, Local Cell ID=1, Cell Name=AZU_CUE_HUAYNA_CAPAC_L21_1, eNodeB ID=22149, Cell FDD TDD indication=CELL_FDD",Reliable,307.847,30.145
2026-04-10 06:00,60,"AZU_CUE_LA_SALLE_UL/Cell:eNodeB Function Name=AZU_CUE_LA_SALLE_L, Local Cell ID=9, Cell Name=AZU_CUE_LA_SALLE_L7_9, eNodeB ID=22168, Cell FDD TDD indication=CELL_FDD",Reliable,666.821,102.974
2026-04-10 06:00,60,"AZU_CUE_LA_SALLE_UL/Cell:eNodeB Function Name=AZU_CUE_LA_SALLE_L, Local Cell ID=8, Cell Name=AZU_CUE_LA_SALLE_L7_8, eNodeB ID=22168, Cell FDD TDD indication=CELL_FDD",Reliable,777.824,75.035
2026-04-10 06:00,60,"AZU_CUE_LA_SALLE_UL/Cell:eNodeB Function Name=AZU_CUE_LA_SALLE_L, Local Cell ID=7, Cell Name=AZU_CUE_LA_SALLE_L7_7, eNodeB ID=22168, Cell FDD TDD indication=CELL_FDD",Reliable,1547.324,102.006
2026-04-10 06:00,60,"AZU_CUE_SOLCA_UL/Cell:eNodeB Function Name=AZU_CUE_SOLCA_L, Local Cell ID=9, Cell Name=AZU_CUE_SOLCA_L7_9, eNodeB ID=22131, Cell FDD TDD indication=CELL_FDD",Reliable,427.476,34.784
2026-04-10 06:00,60,"AZU_CUE_SOLCA_UL/Cell:eNodeB Function Name=AZU_CUE_SOLCA_L, Local Cell ID=8, Cell Name=AZU_CUE_SOLCA_L7_8, eNodeB ID=22131, Cell FDD TDD indication=CELL_FDD",Reliable,1615.642,253.357
2026-04-10 06:00,60,"AZU_CUE_SOLCA_UL/Cell:eNodeB Function Name=AZU_CUE_SOLCA_L, Local Cell ID=7, Cell Name=AZU_CUE_SOLCA_L7_7, eNodeB ID=22131, Cell FDD TDD indication=CELL_FDD",Reliable,1048.27,108.378
2026-04-10 06:00,60,"NAP_BAE_CUYUJA_UL/Cell:eNodeB Function Name=NAP_BAE_CUYUJA_L, Local Cell ID=8, Cell Name=NAP_BAE_CUYUJA_L7_8, eNodeB ID=44899, Cell FDD TDD indication=CELL_FDD",Reliable,343.79,30.678
2026-04-10 06:00,60,"NAP_BAE_CUYUJA_UL/Cell:eNodeB Function Name=NAP_BAE_CUYUJA_L, Local Cell ID=7, Cell Name=NAP_BAE_CUYUJA_L7_7, eNodeB ID=44899, Cell FDD TDD indication=CELL_FDD",Reliable,490.949,48.844
2026-04-10 06:00,60,"AZU_CUE_FATIMA_UL/Cell:eNodeB Function Name=AZU_CUE_FATIMA_L, Local Cell ID=3, Cell Name=AZU_CUE_FATIMA_L21_3, eNodeB ID=22132, Cell FDD TDD indication=CELL_FDD",Reliable,640.758,60.991
2026-04-10 06:00,60,"AZU_CUE_FATIMA_UL/Cell:eNodeB Function Name=AZU_CUE_FATIMA_L, Local Cell ID=2, Cell Name=AZU_CUE_FATIMA_L21_2, eNodeB ID=22132, Cell FDD TDD indication=CELL_FDD",Reliable,314.482,91.763
2026-04-10 06:00,60,"AZU_CUE_FATIMA_UL/Cell:eNodeB Function Name=AZU_CUE_FATIMA_L, Local Cell ID=1, Cell Name=AZU_CUE_FATIMA_L21_1, eNodeB ID=22132, Cell FDD TDD indication=CELL_FDD",Reliable,553.226,35.983
2026-04-10 06:00,60,"AZU_CUE_ORDONEZ_UL/Cell:eNodeB Function Name=AZU_CUE_ORDONEZ_L, Local Cell ID=9, Cell Name=AZU_CUE_ORDONEZ_L7_9, eNodeB ID=22216, Cell FDD TDD indication=CELL_FDD",Reliable,93.634,7.463
2026-04-10 06:00,60,"AZU_CUE_ORDONEZ_UL/Cell:eNodeB Function Name=AZU_CUE_ORDONEZ_L, Local Cell ID=8, Cell Name=AZU_CUE_ORDONEZ_L7_8, eNodeB ID=22216, Cell FDD TDD indication=CELL_FDD",Reliable,149.581,12.056
2026-04-10 06:00,60,"AZU_CUE_ORDONEZ_UL/Cell:eNodeB Function Name=AZU_CUE_ORDONEZ_L, Local Cell ID=7, Cell Name=AZU_CUE_ORDONEZ_L7_7, eNodeB ID=22216, Cell FDD TDD indication=CELL_FDD",Reliable,982.782,64.614
2026-04-10 06:00,60,"AZU_CUE_BATAN_UL/Cell:eNodeB Function Name=AZU_CUE_BATAN_L, Local Cell ID=9, Cell Name=AZU_CUE_BATAN_L7_9, eNodeB ID=22140, Cell FDD TDD indication=CELL_FDD",Reliable,1476.91,115.29
2026-04-10 06:00,60,"AZU_CUE_BATAN_UL/Cell:eNodeB Function Name=AZU_CUE_BATAN_L, Local Cell ID=8, Cell Name=AZU_CUE_BATAN_L7_8, eNodeB ID=22140, Cell FDD TDD indication=CELL_FDD",Reliable,958.345,131.842
2026-04-10 06:00,60,"AZU_CUE_BATAN_UL/Cell:eNodeB Function Name=AZU_CUE_BATAN_L, Local Cell ID=7, Cell Name=AZU_CUE_BATAN_L7_7, eNodeB ID=22140, Cell FDD TDD indication=CELL_FDD",Reliable,1129.932,104.889
2026-04-10 06:00,60,"AZU_CUE_BATAN_UL/Cell:eNodeB Function Name=AZU_CUE_BATAN_L, Local Cell ID=3, Cell Name=AZU_CUE_BATAN_L21_3, eNodeB ID=22140, Cell FDD TDD indication=CELL_FDD",Reliable,989.713,63.861
2026-04-10 06:00,60,"AZU_CUE_BATAN_UL/Cell:eNodeB Function Name=AZU_CUE_BATAN_L, Local Cell ID=2, Cell Name=AZU_CUE_BATAN_L21_2, eNodeB ID=22140, Cell FDD TDD indication=CELL_FDD",Reliable,461.666,48.184
2026-04-10 06:00,60,"AZU_CUE_BATAN_UL/Cell:eNodeB Function Name=AZU_CUE_BATAN_L, Local Cell ID=1, Cell Name=AZU_CUE_BATAN_L21_1, eNodeB ID=22140, Cell FDD TDD indication=CELL_FDD",Reliable,1576.176,105.117
2026-04-10 06:00,60,"AZU_CUE_REMIGIO_UL/Cell:eNodeB Function Name=AZU_CUE_REMIGIO_L, Local Cell ID=3, Cell Name=AZU_CUE_REMIGIO_L21_3, eNodeB ID=22141, Cell FDD TDD indication=CELL_FDD",Reliable,220.293,34.841
2026-04-10 06:00,60,"AZU_CUE_REMIGIO_UL/Cell:eNodeB Function Name=AZU_CUE_REMIGIO_L, Local Cell ID=2, Cell Name=AZU_CUE_REMIGIO_L21_2, eNodeB ID=22141, Cell FDD TDD indication=CELL_FDD",Reliable,392.856,23.294
2026-04-10 06:00,60,"AZU_CUE_REMIGIO_UL/Cell:eNodeB Function Name=AZU_CUE_REMIGIO_L, Local Cell ID=1, Cell Name=AZU_CUE_REMIGIO_L21_1, eNodeB ID=22141, Cell FDD TDD indication=CELL_FDD",Reliable,364.547,26.39
2026-04-10 06:00,60,"AZU_CUE_ORO_VERDE_UL/Cell:eNodeB Function Name=AZU_CUE_ORO_VERDE_L, Local Cell ID=9, Cell Name=AZU_CUE_ORO_VERDE_L7_9, eNodeB ID=22158, Cell FDD TDD indication=CELL_FDD",Reliable,350.541,21.004
2026-04-10 06:00,60,"AZU_CUE_ORO_VERDE_UL/Cell:eNodeB Function Name=AZU_CUE_ORO_VERDE_L, Local Cell ID=8, Cell Name=AZU_CUE_ORO_VERDE_L7_8, eNodeB ID=22158, Cell FDD TDD indication=CELL_FDD",Reliable,732.204,98.259
2026-04-10 06:00,60,"AZU_CUE_ORO_VERDE_UL/Cell:eNodeB Function Name=AZU_CUE_ORO_VERDE_L, Local Cell ID=7, Cell Name=AZU_CUE_ORO_VERDE_L7_7, eNodeB ID=22158, Cell FDD TDD indication=CELL_FDD",Reliable,267.654,11.637
2026-04-10 06:00,60,"AZU_CUE_ORO_VERDE_UL/Cell:eNodeB Function Name=AZU_CUE_ORO_VERDE_L, Local Cell ID=3, Cell Name=AZU_CUE_ORO_VERDE_L21_3, eNodeB ID=22158, Cell FDD TDD indication=CELL_FDD",Reliable,881.362,84.448
2026-04-10 06:00,60,"AZU_CUE_ORO_VERDE_UL/Cell:eNodeB Function Name=AZU_CUE_ORO_VERDE_L, Local Cell ID=2, Cell Name=AZU_CUE_ORO_VERDE_L21_2, eNodeB ID=22158, Cell FDD TDD indication=CELL_FDD",Reliable,1397.795,106.709
2026-04-10 06:00,60,"AZU_CUE_ORO_VERDE_UL/Cell:eNodeB Function Name=AZU_CUE_ORO_VERDE_L, Local Cell ID=1, Cell Name=AZU_CUE_ORO_VERDE_L21_1, eNodeB ID=22158, Cell FDD TDD indication=CELL_FDD",Reliable,263.282,231.929
2026-04-10 06:00,60,"AZU_CUE_DEL_ARRIERO_UL/Cell:eNodeB Function Name=AZU_CUE_DEL_ARRIERO_L, Local Cell ID=9, Cell Name=AZU_CUE_DELARRIERO_L7_9, eNodeB ID=22219, Cell FDD TDD indication=CELL_FDD",Reliable,264.039,15.62
2026-04-10 06:00,60,"AZU_CUE_DEL_ARRIERO_UL/Cell:eNodeB Function Name=AZU_CUE_DEL_ARRIERO_L, Local Cell ID=8, Cell Name=AZU_CUE_DELARRIERO_L7_8, eNodeB ID=22219, Cell FDD TDD indication=CELL_FDD",Reliable,439.2,39.833
2026-04-10 06:00,60,"AZU_CUE_DEL_ARRIERO_UL/Cell:eNodeB Function Name=AZU_CUE_DEL_ARRIERO_L, Local Cell ID=7, Cell Name=AZU_CUE_DELARRIERO_L7_7, eNodeB ID=22219, Cell FDD TDD indication=CELL_FDD",Reliable,627.213,50.536
2026-04-10 06:00,60,"AZU_CUE_DON_BOSCO_UL/Cell:eNodeB Function Name=AZU_CUE_DON_BOSCO_L, Local Cell ID=9, Cell Name=AZU_CUE_DON_BOSCO_L7_9, eNodeB ID=22174, Cell FDD TDD indication=CELL_FDD",Reliable,458.734,107.204
2026-04-10 06:00,60,"AZU_CUE_DON_BOSCO_UL/Cell:eNodeB Function Name=AZU_CUE_DON_BOSCO_L, Local Cell ID=8, Cell Name=AZU_CUE_DON_BOSCO_L7_8, eNodeB ID=22174, Cell FDD TDD indication=CELL_FDD",Reliable,634.186,91.461
2026-04-10 06:00,60,"AZU_CUE_DON_BOSCO_UL/Cell:eNodeB Function Name=AZU_CUE_DON_BOSCO_L, Local Cell ID=7, Cell Name=AZU_CUE_DON_BOSCO_L7_7, eNodeB ID=22174, Cell FDD TDD indication=CELL_FDD",Reliable,341.764,41.576
2026-04-10 06:00,60,"AZU_CUE_DON_BOSCO_UL/Cell:eNodeB Function Name=AZU_CUE_DON_BOSCO_L, Local Cell ID=3, Cell Name=AZU_CUE_DON_BOSCO_L21_3, eNodeB ID=22174, Cell FDD TDD indication=CELL_FDD",Reliable,240.192,11.323
2026-04-10 06:00,60,"AZU_CUE_DON_BOSCO_UL/Cell:eNodeB Function Name=AZU_CUE_DON_BOSCO_L, Local Cell ID=2, Cell Name=AZU_CUE_DON_BOSCO_L21_2, eNodeB ID=22174, Cell FDD TDD indication=CELL_FDD",Reliable,355.257,117.419
2026-04-10 06:00,60,"AZU_CUE_DON_BOSCO_UL/Cell:eNodeB Function Name=AZU_CUE_DON_BOSCO_L, Local Cell ID=1, Cell Name=AZU_CUE_DON_BOSCO_L21_1, eNodeB ID=22174, Cell FDD TDD indication=CELL_FDD",Reliable,1326.031,443.787
2026-04-10 06:00,60,"AZU_CUE_LA_VICTORIA_UL/Cell:eNodeB Function Name=AZU_CUE_LA_VICTORIA_L, Local Cell ID=9, Cell Name=AZU_CUE_LA_VICTORIA_L7_9, eNodeB ID=22229, Cell FDD TDD indication=CELL_FDD",Reliable,207.419,32.555
2026-04-10 06:00,60,"AZU_CUE_LA_VICTORIA_UL/Cell:eNodeB Function Name=AZU_CUE_LA_VICTORIA_L, Local Cell ID=8, Cell Name=AZU_CUE_LA_VICTORIA_L7_8, eNodeB ID=22229, Cell FDD TDD indication=CELL_FDD",Reliable,1433.609,240.772
2026-04-10 06:00,60,"AZU_CUE_LA_VICTORIA_UL/Cell:eNodeB Function Name=AZU_CUE_LA_VICTORIA_L, Local Cell ID=7, Cell Name=AZU_CUE_LA_VICTORIA_L7_7, eNodeB ID=22229, Cell FDD TDD indication=CELL_FDD",Reliable,31.555,7.072
2026-04-10 06:00,60,"AZU_CUE_MISICATA_UL/Cell:eNodeB Function Name=AZU_CUE_MISICATA_L, Local Cell ID=9, Cell Name=AZU_CUE_MISICATA_L7_9, eNodeB ID=22227, Cell FDD TDD indication=CELL_FDD",Reliable,371.816,29.705
2026-04-10 06:00,60,"AZU_CUE_MISICATA_UL/Cell:eNodeB Function Name=AZU_CUE_MISICATA_L, Local Cell ID=8, Cell Name=AZU_CUE_MISICATA_L7_8, eNodeB ID=22227, Cell FDD TDD indication=CELL_FDD",Reliable,109.369,7.258
2026-04-10 06:00,60,"AZU_CUE_MISICATA_UL/Cell:eNodeB Function Name=AZU_CUE_MISICATA_L, Local Cell ID=7, Cell Name=AZU_CUE_MISICATA_L7_7, eNodeB ID=22227, Cell FDD TDD indication=CELL_FDD",Reliable,800.225,58.88
2026-04-10 06:00,60,"AZU_CUE_YANUNCAY_UL/Cell:eNodeB Function Name=AZU_CUE_YANUNCAY_L, Local Cell ID=9, Cell Name=AZU_CUE_YANUNCAY_L7_9, eNodeB ID=22173, Cell FDD TDD indication=CELL_FDD",Reliable,1500.932,97.482
2026-04-10 06:00,60,"AZU_CUE_YANUNCAY_UL/Cell:eNodeB Function Name=AZU_CUE_YANUNCAY_L, Local Cell ID=8, Cell Name=AZU_CUE_YANUNCAY_L7_8, eNodeB ID=22173, Cell FDD TDD indication=CELL_FDD",Reliable,816.992,164.232
2026-04-10 06:00,60,"AZU_CUE_YANUNCAY_UL/Cell:eNodeB Function Name=AZU_CUE_YANUNCAY_L, Local Cell ID=7, Cell Name=AZU_CUE_YANUNCAY_L7_7, eNodeB ID=22173, Cell FDD TDD indication=CELL_FDD",Reliable,722.671,94.376
2026-04-10 06:00,60,"AZU_CUE_NARANCAY_UL/Cell:eNodeB Function Name=AZU_CUE_NARANCAY_L, Local Cell ID=9, Cell Name=AZU_CUE_NARANCAY_L7_9, eNodeB ID=22565, Cell FDD TDD indication=CELL_FDD",Reliable,179.446,21.372
2026-04-10 06:00,60,"AZU_CUE_NARANCAY_UL/Cell:eNodeB Function Name=AZU_CUE_NARANCAY_L, Local Cell ID=8, Cell Name=AZU_CUE_NARANCAY_L7_8, eNodeB ID=22565, Cell FDD TDD indication=CELL_FDD",Reliable,1129.381,178.658
2026-04-10 06:00,60,"AZU_CUE_NARANCAY_UL/Cell:eNodeB Function Name=AZU_CUE_NARANCAY_L, Local Cell ID=7, Cell Name=AZU_CUE_NARANCAY_L7_7, eNodeB ID=22565, Cell FDD TDD indication=CELL_FDD",Reliable,2621.873,212.506
2026-04-10 06:00,60,"AZU_CUE_RIO_SOL_UL/Cell:eNodeB Function Name=AZU_CUE_RIO_SOL_L, Local Cell ID=9, Cell Name=AZU_CUE_RIO_SOL_L7_9, eNodeB ID=22152, Cell FDD TDD indication=CELL_FDD",Reliable,525.584,72.515
2026-04-10 06:00,60,"AZU_CUE_RIO_SOL_UL/Cell:eNodeB Function Name=AZU_CUE_RIO_SOL_L, Local Cell ID=8, Cell Name=AZU_CUE_RIO_SOL_L7_8, eNodeB ID=22152, Cell FDD TDD indication=CELL_FDD",Reliable,3431.731,673.769
2026-04-10 06:00,60,"AZU_CUE_RIO_SOL_UL/Cell:eNodeB Function Name=AZU_CUE_RIO_SOL_L, Local Cell ID=7, Cell Name=AZU_CUE_RIO_SOL_L7_7, eNodeB ID=22152, Cell FDD TDD indication=CELL_FDD",Reliable,926.409,89.378
2026-04-10 06:00,60,"AZU_CUE_PARQUE_INDUSTRIAL_UL/Cell:eNodeB Function Name=AZU_CUE_PARQUE_INDUSTRIAL_L, Local Cell ID=9, Cell Name=AZU_CUE_PARQUE_INDUSTRIAL_L7_9, eNodeB ID=22170, Cell FDD TDD indication=CELL_FDD",Reliable,975.552,51.118
2026-04-10 06:00,60,"AZU_CUE_PARQUE_INDUSTRIAL_UL/Cell:eNodeB Function Name=AZU_CUE_PARQUE_INDUSTRIAL_L, Local Cell ID=8, Cell Name=AZU_CUE_PARQUE_INDUSTRIAL_L7_8, eNodeB ID=22170, Cell FDD TDD indication=CELL_FDD",Reliable,193.201,22.199
2026-04-10 06:00,60,"AZU_CUE_PARQUE_INDUSTRIAL_UL/Cell:eNodeB Function Name=AZU_CUE_PARQUE_INDUSTRIAL_L, Local Cell ID=7, Cell Name=AZU_CUE_PARQUE_INDUSTRIAL_L7_7, eNodeB ID=22170, Cell FDD TDD indication=CELL_FDD",Reliable,1333.667,102.068
2026-04-10 06:00,60,"AZU_CUE_PARQUE_INDUSTRIAL_UL/Cell:eNodeB Function Name=AZU_CUE_PARQUE_INDUSTRIAL_L, Local Cell ID=3, Cell Name=AZU_CUE_PARQUE_INDUSTRIAL_L21_3, eNodeB ID=22170, Cell FDD TDD indication=CELL_FDD",Reliable,4910.226,490.654
2026-04-10 06:00,60,"AZU_CUE_PARQUE_INDUSTRIAL_UL/Cell:eNodeB Function Name=AZU_CUE_PARQUE_INDUSTRIAL_L, Local Cell ID=2, Cell Name=AZU_CUE_PARQUE_INDUSTRIAL_L21_2, eNodeB ID=22170, Cell FDD TDD indication=CELL_FDD",Reliable,312.378,31.78
2026-04-10 06:00,60,"AZU_CUE_PARQUE_INDUSTRIAL_UL/Cell:eNodeB Function Name=AZU_CUE_PARQUE_INDUSTRIAL_L, Local Cell ID=1, Cell Name=AZU_CUE_PARQUE_INDUSTRIAL_L21_1, eNodeB ID=22170, Cell FDD TDD indication=CELL_FDD",Reliable,6099.56,675.564
2026-04-10 06:00,60,"AZU_CUE_PATAMARCA_UL/Cell:eNodeB Function Name=AZU_CUE_PATAMARCA_L, Local Cell ID=9, Cell Name=AZU_CUE_PATAMARCA_L7_9, eNodeB ID=22147, Cell FDD TDD indication=CELL_FDD",Reliable,869.396,78.935
2026-04-10 06:00,60,"AZU_CUE_PATAMARCA_UL/Cell:eNodeB Function Name=AZU_CUE_PATAMARCA_L, Local Cell ID=8, Cell Name=AZU_CUE_PATAMARCA_L7_8, eNodeB ID=22147, Cell FDD TDD indication=CELL_FDD",Reliable,500.761,77.236
2026-04-10 06:00,60,"AZU_CUE_PATAMARCA_UL/Cell:eNodeB Function Name=AZU_CUE_PATAMARCA_L, Local Cell ID=7, Cell Name=AZU_CUE_PATAMARCA_L7_7, eNodeB ID=22147, Cell FDD TDD indication=CELL_FDD",Reliable,291.185,40.249
2026-04-10 06:00,60,"AZU_CUE_UNE_CUENCA_UL/Cell:eNodeB Function Name=AZU_CUE_UNE_CUENCA_L, Local Cell ID=9, Cell Name=AZU_CUE_UNECUENCA_L7_9, eNodeB ID=22218, Cell FDD TDD indication=CELL_FDD",Reliable,239.884,28.975
2026-04-10 06:00,60,"AZU_CUE_UNE_CUENCA_UL/Cell:eNodeB Function Name=AZU_CUE_UNE_CUENCA_L, Local Cell ID=8, Cell Name=AZU_CUE_UNECUENCA_L7_8, eNodeB ID=22218, Cell FDD TDD indication=CELL_FDD",Reliable,1739.907,163.645
2026-04-10 06:00,60,"AZU_CUE_UNE_CUENCA_UL/Cell:eNodeB Function Name=AZU_CUE_UNE_CUENCA_L, Local Cell ID=7, Cell Name=AZU_CUE_UNECUENCA_L7_7, eNodeB ID=22218, Cell FDD TDD indication=CELL_FDD",Reliable,468.908,57.454
2026-04-10 06:00,60,"AZU_CUE_CHAULLABAMBA_UL/Cell:eNodeB Function Name=AZU_CUE_CHAULLABAMBA_L, Local Cell ID=9, Cell Name=AZU_CUE_CHAULLABAMBA_L7_9, eNodeB ID=22150, Cell FDD TDD indication=CELL_FDD",Reliable,121.19,15.126
2026-04-10 06:00,60,"AZU_CUE_CHAULLABAMBA_UL/Cell:eNodeB Function Name=AZU_CUE_CHAULLABAMBA_L, Local Cell ID=8, Cell Name=AZU_CUE_CHAULLABAMBA_L7_8, eNodeB ID=22150, Cell FDD TDD indication=CELL_FDD",Reliable,1625.863,129.149
2026-04-10 06:00,60,"AZU_CUE_CHAULLABAMBA_UL/Cell:eNodeB Function Name=AZU_CUE_CHAULLABAMBA_L, Local Cell ID=7, Cell Name=AZU_CUE_CHAULLABAMBA_L7_7, eNodeB ID=22150, Cell FDD TDD indication=CELL_FDD",Reliable,659.362,27.255
2026-04-10 06:00,60,"AZU_CUE_CHAULLABAMBA_NORTE_UL/Cell:eNodeB Function Name=AZU_CUE_CHAULLABAMBA_NORTE_L, Local Cell ID=9, Cell Name=AZU_CUE_CHAULLABAMBA_NORTE_L7_9, eNodeB ID=22550, Cell FDD TDD indication=CELL_FDD",Reliable,95.546,11.478
2026-04-10 06:00,60,"AZU_CUE_CHAULLABAMBA_NORTE_UL/Cell:eNodeB Function Name=AZU_CUE_CHAULLABAMBA_NORTE_L, Local Cell ID=8, Cell Name=AZU_CUE_CHAULLABAMBA_NORTE_L7_8, eNodeB ID=22550, Cell FDD TDD indication=CELL_FDD",Reliable,444.754,40.325
2026-04-10 06:00,60,"AZU_CUE_CHAULLABAMBA_NORTE_UL/Cell:eNodeB Function Name=AZU_CUE_CHAULLABAMBA_NORTE_L, Local Cell ID=7, Cell Name=AZU_CUE_CHAULLABAMBA_NORTE_L7_7, eNodeB ID=22550, Cell FDD TDD indication=CELL_FDD",Reliable,1120.923,80.04
2026-04-10 06:00,60,"AZU_CUE_RICACUENCA2_UL/Cell:eNodeB Function Name=AZU_CUE_RICACUENCA2_L, Local Cell ID=9, Cell Name=AZU_CUE_RICACUENCA2_L7_9, eNodeB ID=22211, Cell FDD TDD indication=CELL_FDD",Reliable,1310.791,108.618
2026-04-10 06:00,60,"AZU_CUE_RICACUENCA2_UL/Cell:eNodeB Function Name=AZU_CUE_RICACUENCA2_L, Local Cell ID=8, Cell Name=AZU_CUE_RICACUENCA2_L7_8, eNodeB ID=22211, Cell FDD TDD indication=CELL_FDD",Reliable,432.777,43.445
2026-04-10 06:00,60,"AZU_CUE_RICACUENCA2_UL/Cell:eNodeB Function Name=AZU_CUE_RICACUENCA2_L, Local Cell ID=7, Cell Name=AZU_CUE_RICACUENCA2_L7_7, eNodeB ID=22211, Cell FDD TDD indication=CELL_FDD",Reliable,664.158,61.742
2026-04-10 06:00,60,"AZU_CUE_CHIQUINTAD_UL/Cell:eNodeB Function Name=AZU_CUE_CHIQUINTAD_L, Local Cell ID=9, Cell Name=AZU_CUE_CHIQUINTAD_L7_9, eNodeB ID=22547, Cell FDD TDD indication=CELL_FDD",Reliable,1124.702,87.361
2026-04-10 06:00,60,"AZU_CUE_CHIQUINTAD_UL/Cell:eNodeB Function Name=AZU_CUE_CHIQUINTAD_L, Local Cell ID=8, Cell Name=AZU_CUE_CHIQUINTAD_L7_8, eNodeB ID=22547, Cell FDD TDD indication=CELL_FDD",Reliable,1355.524,691.151
2026-04-10 06:00,60,"AZU_CUE_CHIQUINTAD_UL/Cell:eNodeB Function Name=AZU_CUE_CHIQUINTAD_L, Local Cell ID=7, Cell Name=AZU_CUE_CHIQUINTAD_L7_7, eNodeB ID=22547, Cell FDD TDD indication=CELL_FDD",Reliable,72.625,32.476
2026-04-10 06:00,60,"AZU_CUE_MAYANCELA_UL/Cell:eNodeB Function Name=AZU_CUE_MAYANCELA_L, Local Cell ID=9, Cell Name=AZU_CUE_MAYANCELA_L7_9, eNodeB ID=22558, Cell FDD TDD indication=CELL_FDD",Reliable,612.638,118.19
2026-04-10 06:00,60,"AZU_CUE_MAYANCELA_UL/Cell:eNodeB Function Name=AZU_CUE_MAYANCELA_L, Local Cell ID=8, Cell Name=AZU_CUE_MAYANCELA_L7_8, eNodeB ID=22558, Cell FDD TDD indication=CELL_FDD",Reliable,314.288,22.996
2026-04-10 06:00,60,"AZU_CUE_MAYANCELA_UL/Cell:eNodeB Function Name=AZU_CUE_MAYANCELA_L, Local Cell ID=7, Cell Name=AZU_CUE_MAYANCELA_L7_7, eNodeB ID=22558, Cell FDD TDD indication=CELL_FDD",Reliable,965.657,131.795
2026-04-10 06:00,60,"AZU_CUE_CAPULISPAMBA_UL/Cell:eNodeB Function Name=AZU_CUE_CAPULISPAMBA_L, Local Cell ID=9, Cell Name=AZU_CUE_CAPULISPAMBA_L7_9, eNodeB ID=22578, Cell FDD TDD indication=CELL_FDD",Reliable,949.324,91.937
2026-04-10 06:00,60,"AZU_CUE_CAPULISPAMBA_UL/Cell:eNodeB Function Name=AZU_CUE_CAPULISPAMBA_L, Local Cell ID=8, Cell Name=AZU_CUE_CAPULISPAMBA_L7_8, eNodeB ID=22578, Cell FDD TDD indication=CELL_FDD",Reliable,1561.305,128.872
2026-04-10 06:00,60,"AZU_CUE_CAPULISPAMBA_UL/Cell:eNodeB Function Name=AZU_CUE_CAPULISPAMBA_L, Local Cell ID=7, Cell Name=AZU_CUE_CAPULISPAMBA_L7_7, eNodeB ID=22578, Cell FDD TDD indication=CELL_FDD",Reliable,535.711,29.348
2026-04-10 06:00,60,"ORO_MCH_ESTE_UL/Cell:eNodeB Function Name=ORO_MCH_ESTE_L, Local Cell ID=9, Cell Name=ORO_MCH_ESTE_L7_9, eNodeB ID=22051, Cell FDD TDD indication=CELL_FDD",Reliable,14.134,1.664
2026-04-10 06:00,60,"ORO_MCH_ESTE_UL/Cell:eNodeB Function Name=ORO_MCH_ESTE_L, Local Cell ID=8, Cell Name=ORO_MCH_ESTE_L7_8, eNodeB ID=22051, Cell FDD TDD indication=CELL_FDD",Reliable,125.909,9.539
2026-04-10 06:00,60,"ORO_MCH_ESTE_UL/Cell:eNodeB Function Name=ORO_MCH_ESTE_L, Local Cell ID=7, Cell Name=ORO_MCH_ESTE_L7_7, eNodeB ID=22051, Cell FDD TDD indication=CELL_FDD",Reliable,77.345,3.353
2026-04-10 06:00,60,"ORO_MCH_ESTE_UL/Cell:eNodeB Function Name=ORO_MCH_ESTE_L, Local Cell ID=3, Cell Name=ORO_MCH_ESTE_L21_3, eNodeB ID=22051, Cell FDD TDD indication=CELL_FDD",Reliable,19.163,4.138
2026-04-10 06:00,60,"ORO_MCH_ESTE_UL/Cell:eNodeB Function Name=ORO_MCH_ESTE_L, Local Cell ID=2, Cell Name=ORO_MCH_ESTE_L21_2, eNodeB ID=22051, Cell FDD TDD indication=CELL_FDD",Reliable,203.8,17.959
2026-04-10 06:00,60,"ORO_MCH_ESTE_UL/Cell:eNodeB Function Name=ORO_MCH_ESTE_L, Local Cell ID=1, Cell Name=ORO_MCH_ESTE_L21_1, eNodeB ID=22051, Cell FDD TDD indication=CELL_FDD",Reliable,123.022,10.086
2026-04-10 06:00,60,"ORO_MCH_SHOPPING_UL/Cell:eNodeB Function Name=ORO_MCH_SHOPPING_L, Local Cell ID=9, Cell Name=ORO_MCH_SHOPPING_L7_9, eNodeB ID=22052, Cell FDD TDD indication=CELL_FDD",Reliable,164.174,10.613
2026-04-10 06:00,60,"ORO_MCH_SHOPPING_UL/Cell:eNodeB Function Name=ORO_MCH_SHOPPING_L, Local Cell ID=8, Cell Name=ORO_MCH_SHOPPING_L7_8, eNodeB ID=22052, Cell FDD TDD indication=CELL_FDD",Reliable,10.345,1.249
2026-04-10 06:00,60,"ORO_MCH_SHOPPING_UL/Cell:eNodeB Function Name=ORO_MCH_SHOPPING_L, Local Cell ID=7, Cell Name=ORO_MCH_SHOPPING_L7_7, eNodeB ID=22052, Cell FDD TDD indication=CELL_FDD",Reliable,370.319,38.077
2026-04-10 06:00,60,"ORO_MCH_SHOPPING_UL/Cell:eNodeB Function Name=ORO_MCH_SHOPPING_L, Local Cell ID=3, Cell Name=ORO_MCH_SHOPPING_L21_3, eNodeB ID=22052, Cell FDD TDD indication=CELL_FDD",Reliable,636.929,41.654
2026-04-10 06:00,60,"ORO_MCH_SHOPPING_UL/Cell:eNodeB Function Name=ORO_MCH_SHOPPING_L, Local Cell ID=2, Cell Name=ORO_MCH_SHOPPING_L21_2, eNodeB ID=22052, Cell FDD TDD indication=CELL_FDD",Reliable,273.525,13.798
2026-04-10 06:00,60,"ORO_MCH_SHOPPING_UL/Cell:eNodeB Function Name=ORO_MCH_SHOPPING_L, Local Cell ID=1, Cell Name=ORO_MCH_SHOPPING_L21_1, eNodeB ID=22052, Cell FDD TDD indication=CELL_FDD",Reliable,704.507,46.459
2026-04-10 06:00,60,"ORO_MCH_BRISAS_UL/Cell:eNodeB Function Name=ORO_MCH_BRISAS_L, Local Cell ID=9, Cell Name=ORO_MCH_BRISAS_L7_9, eNodeB ID=22054, Cell FDD TDD indication=CELL_FDD",Reliable,82.216,8.334
2026-04-10 06:00,60,"ORO_MCH_BRISAS_UL/Cell:eNodeB Function Name=ORO_MCH_BRISAS_L, Local Cell ID=8, Cell Name=ORO_MCH_BRISAS_L7_8, eNodeB ID=22054, Cell FDD TDD indication=CELL_FDD",Reliable,320.272,42.021
2026-04-10 06:00,60,"ORO_MCH_BRISAS_UL/Cell:eNodeB Function Name=ORO_MCH_BRISAS_L, Local Cell ID=7, Cell Name=ORO_MCH_BRISAS_L7_7, eNodeB ID=22054, Cell FDD TDD indication=CELL_FDD",Reliable,10.71,1.36
2026-04-10 06:00,60,"ORO_MCH_BRISAS_UL/Cell:eNodeB Function Name=ORO_MCH_BRISAS_L, Local Cell ID=3, Cell Name=ORO_MCH_BRISAS_L21_3, eNodeB ID=22054, Cell FDD TDD indication=CELL_FDD",Reliable,1550.856,148.183
2026-04-10 06:00,60,"ORO_MCH_BRISAS_UL/Cell:eNodeB Function Name=ORO_MCH_BRISAS_L, Local Cell ID=2, Cell Name=ORO_MCH_BRISAS_L21_2, eNodeB ID=22054, Cell FDD TDD indication=CELL_FDD",Reliable,351.964,27.043
2026-04-10 06:00,60,"ORO_MCH_BRISAS_UL/Cell:eNodeB Function Name=ORO_MCH_BRISAS_L, Local Cell ID=1, Cell Name=ORO_MCH_BRISAS_L21_1, eNodeB ID=22054, Cell FDD TDD indication=CELL_FDD",Reliable,726.792,71.325
2026-04-10 06:00,60,"ORO_MCH_URDESA_UL/Cell:eNodeB Function Name=ORO_MCH_URDESA_L, Local Cell ID=9, Cell Name=ORO_MCH_URDESA_L7_9, eNodeB ID=22055, Cell FDD TDD indication=CELL_FDD",Reliable,224.286,11.918
2026-04-10 06:00,60,"ORO_MCH_URDESA_UL/Cell:eNodeB Function Name=ORO_MCH_URDESA_L, Local Cell ID=8, Cell Name=ORO_MCH_URDESA_L7_8, eNodeB ID=22055, Cell FDD TDD indication=CELL_FDD",Reliable,0.329,0.098
2026-04-10 06:00,60,"ORO_MCH_URDESA_UL/Cell:eNodeB Function Name=ORO_MCH_URDESA_L, Local Cell ID=7, Cell Name=ORO_MCH_URDESA_L7_7, eNodeB ID=22055, Cell FDD TDD indication=CELL_FDD",Reliable,549.41,56.92
2026-04-10 06:00,60,"ORO_MCH_URDESA_UL/Cell:eNodeB Function Name=ORO_MCH_URDESA_L, Local Cell ID=3, Cell Name=ORO_MCH_URDESA_L21_3, eNodeB ID=22055, Cell FDD TDD indication=CELL_FDD",Reliable,498.161,44.674
2026-04-10 06:00,60,"ORO_MCH_URDESA_UL/Cell:eNodeB Function Name=ORO_MCH_URDESA_L, Local Cell ID=2, Cell Name=ORO_MCH_URDESA_L21_2, eNodeB ID=22055, Cell FDD TDD indication=CELL_FDD",Reliable,66.666,8.523
2026-04-10 06:00,60,"ORO_MCH_URDESA_UL/Cell:eNodeB Function Name=ORO_MCH_URDESA_L, Local Cell ID=1, Cell Name=ORO_MCH_URDESA_L21_1, eNodeB ID=22055, Cell FDD TDD indication=CELL_FDD",Reliable,164.866,93.82
2026-04-10 06:00,60,"ORO_MCH_NORTE_UL/Cell:eNodeB Function Name=ORO_MCH_NORTE_L, Local Cell ID=9, Cell Name=ORO_MCH_NORTE_L7_9, eNodeB ID=22056, Cell FDD TDD indication=CELL_FDD",Reliable,1141.246,31.998
2026-04-10 06:00,60,"ORO_MCH_NORTE_UL/Cell:eNodeB Function Name=ORO_MCH_NORTE_L, Local Cell ID=8, Cell Name=ORO_MCH_NORTE_L7_8, eNodeB ID=22056, Cell FDD TDD indication=CELL_FDD",Reliable,15.888,1.659
2026-04-10 06:00,60,"ORO_MCH_NORTE_UL/Cell:eNodeB Function Name=ORO_MCH_NORTE_L, Local Cell ID=7, Cell Name=ORO_MCH_NORTE_L7_7, eNodeB ID=22056, Cell FDD TDD indication=CELL_FDD",Reliable,44.979,2.607
2026-04-10 06:00,60,"ORO_MCH_NORTE_UL/Cell:eNodeB Function Name=ORO_MCH_NORTE_L, Local Cell ID=3, Cell Name=ORO_MCH_NORTE_L21_3, eNodeB ID=22056, Cell FDD TDD indication=CELL_FDD",Reliable,114.793,6.467
2026-04-10 06:00,60,"ORO_MCH_NORTE_UL/Cell:eNodeB Function Name=ORO_MCH_NORTE_L, Local Cell ID=2, Cell Name=ORO_MCH_NORTE_L21_2, eNodeB ID=22056, Cell FDD TDD indication=CELL_FDD",Reliable,84.786,6.059
2026-04-10 06:00,60,"ORO_MCH_NORTE_UL/Cell:eNodeB Function Name=ORO_MCH_NORTE_L, Local Cell ID=1, Cell Name=ORO_MCH_NORTE_L21_1, eNodeB ID=22056, Cell FDD TDD indication=CELL_FDD",Reliable,920.966,64.211
2026-04-10 06:00,60,"ORO_MCH_NORESTE_UL/Cell:eNodeB Function Name=ORO_MCH_NORESTE_L, Local Cell ID=9, Cell Name=ORO_MCH_NORESTE_L7_9, eNodeB ID=22057, Cell FDD TDD indication=CELL_FDD",Reliable,30.567,1.504
2026-04-10 06:00,60,"ORO_MCH_NORESTE_UL/Cell:eNodeB Function Name=ORO_MCH_NORESTE_L, Local Cell ID=8, Cell Name=ORO_MCH_NORESTE_L7_8, eNodeB ID=22057, Cell FDD TDD indication=CELL_FDD",Reliable,85.465,8.511
2026-04-10 06:00,60,"ORO_MCH_NORESTE_UL/Cell:eNodeB Function Name=ORO_MCH_NORESTE_L, Local Cell ID=7, Cell Name=ORO_MCH_NORESTE_L7_7, eNodeB ID=22057, Cell FDD TDD indication=CELL_FDD",Reliable,144.129,16.714
2026-04-10 06:00,60,"ORO_MCH_NORESTE_UL/Cell:eNodeB Function Name=ORO_MCH_NORESTE_L, Local Cell ID=3, Cell Name=ORO_MCH_NORESTE_L21_3, eNodeB ID=22057, Cell FDD TDD indication=CELL_FDD",Reliable,221.987,18.135
2026-04-10 06:00,60,"ORO_MCH_NORESTE_UL/Cell:eNodeB Function Name=ORO_MCH_NORESTE_L, Local Cell ID=2, Cell Name=ORO_MCH_NORESTE_L21_2, eNodeB ID=22057, Cell FDD TDD indication=CELL_FDD",Reliable,294.427,24.712
2026-04-10 06:00,60,"ORO_MCH_NORESTE_UL/Cell:eNodeB Function Name=ORO_MCH_NORESTE_L, Local Cell ID=1, Cell Name=ORO_MCH_NORESTE_L21_1, eNodeB ID=22057, Cell FDD TDD indication=CELL_FDD",Reliable,267.258,71.042
2026-04-10 06:00,60,"ORO_MCH_MACHALA_UL/Cell:eNodeB Function Name=ORO_MCH_MACHALA_L, Local Cell ID=9, Cell Name=ORO_MCH_MACHALA_L7_9, eNodeB ID=22058, Cell FDD TDD indication=CELL_FDD",Reliable,43.544,10.174
2026-04-10 06:00,60,"ORO_MCH_MACHALA_UL/Cell:eNodeB Function Name=ORO_MCH_MACHALA_L, Local Cell ID=8, Cell Name=ORO_MCH_MACHALA_L7_8, eNodeB ID=22058, Cell FDD TDD indication=CELL_FDD",Reliable,552.766,29.893
2026-04-10 06:00,60,"ORO_MCH_MACHALA_UL/Cell:eNodeB Function Name=ORO_MCH_MACHALA_L, Local Cell ID=7, Cell Name=ORO_MCH_MACHALA_L7_7, eNodeB ID=22058, Cell FDD TDD indication=CELL_FDD",Reliable,257.368,9.063
2026-04-10 06:00,60,"ORO_MCH_MACHALA_UL/Cell:eNodeB Function Name=ORO_MCH_MACHALA_L, Local Cell ID=3, Cell Name=ORO_MCH_MACHALA_L21_3, eNodeB ID=22058, Cell FDD TDD indication=CELL_FDD",Reliable,448.522,394.48
2026-04-10 06:00,60,"ORO_MCH_MACHALA_UL/Cell:eNodeB Function Name=ORO_MCH_MACHALA_L, Local Cell ID=2, Cell Name=ORO_MCH_MACHALA_L21_2, eNodeB ID=22058, Cell FDD TDD indication=CELL_FDD",Reliable,197.317,294.283
2026-04-10 06:00,60,"ORO_MCH_MACHALA_UL/Cell:eNodeB Function Name=ORO_MCH_MACHALA_L, Local Cell ID=1, Cell Name=ORO_MCH_MACHALA_L21_1, eNodeB ID=22058, Cell FDD TDD indication=CELL_FDD",Reliable,1165.314,77.127
2026-04-10 06:00,60,"ORO_MCH_CENTRO_DOS_UL/Cell:eNodeB Function Name=ORO_MCH_CENTRO_DOS_L, Local Cell ID=9, Cell Name=ORO_MCH_CENTRO_DOS_L7_9, eNodeB ID=22059, Cell FDD TDD indication=CELL_FDD",Reliable,220.212,12.306
2026-04-10 06:00,60,"ORO_MCH_CENTRO_DOS_UL/Cell:eNodeB Function Name=ORO_MCH_CENTRO_DOS_L, Local Cell ID=8, Cell Name=ORO_MCH_CENTRO_DOS_L7_8, eNodeB ID=22059, Cell FDD TDD indication=CELL_FDD",Reliable,84.714,5.444
2026-04-10 06:00,60,"ORO_MCH_CENTRO_DOS_UL/Cell:eNodeB Function Name=ORO_MCH_CENTRO_DOS_L, Local Cell ID=7, Cell Name=ORO_MCH_CENTRO_DOS_L7_7, eNodeB ID=22059, Cell FDD TDD indication=CELL_FDD",Reliable,389.909,33.516
2026-04-10 06:00,60,"ORO_MCH_CENTRO_DOS_UL/Cell:eNodeB Function Name=ORO_MCH_CENTRO_DOS_L, Local Cell ID=3, Cell Name=ORO_MCH_CENTRO_DOS_L21_3, eNodeB ID=22059, Cell FDD TDD indication=CELL_FDD",Reliable,280.83,18.996
2026-04-10 06:00,60,"ORO_MCH_CENTRO_DOS_UL/Cell:eNodeB Function Name=ORO_MCH_CENTRO_DOS_L, Local Cell ID=2, Cell Name=ORO_MCH_CENTRO_DOS_L21_2, eNodeB ID=22059, Cell FDD TDD indication=CELL_FDD",Reliable,263.902,16.541
2026-04-10 06:00,60,"ORO_MCH_CENTRO_DOS_UL/Cell:eNodeB Function Name=ORO_MCH_CENTRO_DOS_L, Local Cell ID=1, Cell Name=ORO_MCH_CENTRO_DOS_L21_1, eNodeB ID=22059, Cell FDD TDD indication=CELL_FDD",Reliable,963.629,56.836
2026-04-10 06:00,60,"ORO_MCH_EL_CAMBIO_UL/Cell:eNodeB Function Name=ORO_MCH_EL_CAMBIO_L, Local Cell ID=9, Cell Name=ORO_MCH_EL_CAMBIO_L7_9, eNodeB ID=22060, Cell FDD TDD indication=CELL_FDD",Reliable,1328.151,119.294
2026-04-10 06:00,60,"ORO_MCH_EL_CAMBIO_UL/Cell:eNodeB Function Name=ORO_MCH_EL_CAMBIO_L, Local Cell ID=8, Cell Name=ORO_MCH_EL_CAMBIO_L7_8, eNodeB ID=22060, Cell FDD TDD indication=CELL_FDD",Reliable,999.932,69.806
2026-04-10 06:00,60,"ORO_MCH_EL_CAMBIO_UL/Cell:eNodeB Function Name=ORO_MCH_EL_CAMBIO_L, Local Cell ID=7, Cell Name=ORO_MCH_EL_CAMBIO_L7_7, eNodeB ID=22060, Cell FDD TDD indication=CELL_FDD",Reliable,765.114,66.947
2026-04-10 06:00,60,"ORO_MCH_EL_CAMBIO_UL/Cell:eNodeB Function Name=ORO_MCH_EL_CAMBIO_L, Local Cell ID=3, Cell Name=ORO_MCH_EL_CAMBIO_L21_3, eNodeB ID=22060, Cell FDD TDD indication=CELL_FDD",Reliable,3840.913,484.815
2026-04-10 06:00,60,"ORO_MCH_EL_CAMBIO_UL/Cell:eNodeB Function Name=ORO_MCH_EL_CAMBIO_L, Local Cell ID=2, Cell Name=ORO_MCH_EL_CAMBIO_L21_2, eNodeB ID=22060, Cell FDD TDD indication=CELL_FDD",Reliable,499.75,45.266
2026-04-10 06:00,60,"ORO_MCH_EL_CAMBIO_UL/Cell:eNodeB Function Name=ORO_MCH_EL_CAMBIO_L, Local Cell ID=1, Cell Name=ORO_MCH_EL_CAMBIO_L21_1, eNodeB ID=22060, Cell FDD TDD indication=CELL_FDD",Reliable,390.358,36.043
2026-04-10 06:00,60,"ORO_MCH_AEROPUERTO_UL/Cell:eNodeB Function Name=ORO_MCH_AEROPUERTO_L, Local Cell ID=9, Cell Name=ORO_MCH_AEROPUERTO_L7_9, eNodeB ID=22061, Cell FDD TDD indication=CELL_FDD",Reliable,243.64,8.677
2026-04-10 06:00,60,"ORO_MCH_AEROPUERTO_UL/Cell:eNodeB Function Name=ORO_MCH_AEROPUERTO_L, Local Cell ID=8, Cell Name=ORO_MCH_AEROPUERTO_L7_8, eNodeB ID=22061, Cell FDD TDD indication=CELL_FDD",Reliable,4.309,2.063
2026-04-10 06:00,60,"ORO_MCH_AEROPUERTO_UL/Cell:eNodeB Function Name=ORO_MCH_AEROPUERTO_L, Local Cell ID=7, Cell Name=ORO_MCH_AEROPUERTO_L7_7, eNodeB ID=22061, Cell FDD TDD indication=CELL_FDD",Reliable,3.857,0.202
2026-04-10 06:00,60,"ORO_MCH_AEROPUERTO_UL/Cell:eNodeB Function Name=ORO_MCH_AEROPUERTO_L, Local Cell ID=3, Cell Name=ORO_MCH_AEROPUERTO_L21_3, eNodeB ID=22061, Cell FDD TDD indication=CELL_FDD",Reliable,235.686,39.619
2026-04-10 06:00,60,"ORO_MCH_AEROPUERTO_UL/Cell:eNodeB Function Name=ORO_MCH_AEROPUERTO_L, Local Cell ID=2, Cell Name=ORO_MCH_AEROPUERTO_L21_2, eNodeB ID=22061, Cell FDD TDD indication=CELL_FDD",Reliable,794.152,64.67
2026-04-10 06:00,60,"ORO_MCH_AEROPUERTO_UL/Cell:eNodeB Function Name=ORO_MCH_AEROPUERTO_L, Local Cell ID=1, Cell Name=ORO_MCH_AEROPUERTO_L21_1, eNodeB ID=22061, Cell FDD TDD indication=CELL_FDD",Reliable,130.185,14.57
2026-04-10 06:00,60,"ORO_MCH_ARIZAGA_UL/Cell:eNodeB Function Name=ORO_MCH_ARIZAGA_L, Local Cell ID=3, Cell Name=ORO_MCH_ARIZAGA_L21_3, eNodeB ID=22063, Cell FDD TDD indication=CELL_FDD",Reliable,979.671,57.464
2026-04-10 06:00,60,"ORO_MCH_ARIZAGA_UL/Cell:eNodeB Function Name=ORO_MCH_ARIZAGA_L, Local Cell ID=2, Cell Name=ORO_MCH_ARIZAGA_L21_2, eNodeB ID=22063, Cell FDD TDD indication=CELL_FDD",Reliable,1503.236,102.638
2026-04-10 06:00,60,"ORO_MCH_ARIZAGA_UL/Cell:eNodeB Function Name=ORO_MCH_ARIZAGA_L, Local Cell ID=1, Cell Name=ORO_MCH_ARIZAGA_L21_1, eNodeB ID=22063, Cell FDD TDD indication=CELL_FDD",Reliable,145.07,111.935
2026-04-10 06:00,60,"ORO_MCH_OCTAVIA_UL/Cell:eNodeB Function Name=ORO_MCH_OCTAVIA_L, Local Cell ID=3, Cell Name=ORO_MCH_OCTAVIA_L21_3, eNodeB ID=22065, Cell FDD TDD indication=CELL_FDD",Reliable,117.47,12.999
2026-04-10 06:00,60,"ORO_MCH_OCTAVIA_UL/Cell:eNodeB Function Name=ORO_MCH_OCTAVIA_L, Local Cell ID=2, Cell Name=ORO_MCH_OCTAVIA_L21_2, eNodeB ID=22065, Cell FDD TDD indication=CELL_FDD",Reliable,201.393,16.8
2026-04-10 06:00,60,"ORO_MCH_OCTAVIA_UL/Cell:eNodeB Function Name=ORO_MCH_OCTAVIA_L, Local Cell ID=1, Cell Name=ORO_MCH_OCTAVIA_L21_1, eNodeB ID=22065, Cell FDD TDD indication=CELL_FDD",Reliable,102.494,9.165
2026-04-10 06:00,60,"ORO_MCH_PUERTO_BOLIVAR_UL/Cell:eNodeB Function Name=ORO_MCH_PUERTO_BOLIVAR_L, Local Cell ID=9, Cell Name=ORO_MCH_PUERTO_BOLIVAR_L7_9, eNodeB ID=22067, Cell FDD TDD indication=CELL_FDD",Reliable,9.225,2.13
2026-04-10 06:00,60,"ORO_MCH_PUERTO_BOLIVAR_UL/Cell:eNodeB Function Name=ORO_MCH_PUERTO_BOLIVAR_L, Local Cell ID=8, Cell Name=ORO_MCH_PUERTO_BOLIVAR_L7_8, eNodeB ID=22067, Cell FDD TDD indication=CELL_FDD",Reliable,50.738,17.176
2026-04-10 06:00,60,"ORO_MCH_PUERTO_BOLIVAR_UL/Cell:eNodeB Function Name=ORO_MCH_PUERTO_BOLIVAR_L, Local Cell ID=7, Cell Name=ORO_MCH_PUERTO_BOLIVAR_L7_7, eNodeB ID=22067, Cell FDD TDD indication=CELL_FDD",Reliable,46.028,4.421
2026-04-10 06:00,60,"ORO_MCH_PUERTO_BOLIVAR_UL/Cell:eNodeB Function Name=ORO_MCH_PUERTO_BOLIVAR_L, Local Cell ID=3, Cell Name=ORO_MCH_PUERTO_BOLIVAR_L21_3, eNodeB ID=22067, Cell FDD TDD indication=CELL_FDD",Reliable,852.916,119.298
2026-04-10 06:00,60,"ORO_MCH_PUERTO_BOLIVAR_UL/Cell:eNodeB Function Name=ORO_MCH_PUERTO_BOLIVAR_L, Local Cell ID=2, Cell Name=ORO_MCH_PUERTO_BOLIVAR_L21_2, eNodeB ID=22067, Cell FDD TDD indication=CELL_FDD",Reliable,719.517,57.251
2026-04-10 06:00,60,"ORO_MCH_PUERTO_BOLIVAR_UL/Cell:eNodeB Function Name=ORO_MCH_PUERTO_BOLIVAR_L, Local Cell ID=1, Cell Name=ORO_MCH_PUERTO_BOLIVAR_L21_1, eNodeB ID=22067, Cell FDD TDD indication=CELL_FDD",Reliable,511.82,74.645
2026-04-10 06:00,60,"ORO_MCH_LA_UNION_COLOMBIANA_UL/Cell:eNodeB Function Name=ORO_MCH_LA_UNION_COLOMBIANA_L, Local Cell ID=9, Cell Name=ORO_MCH_LA_UNION_COLOMBIANA_L7_9, eNodeB ID=22544, Cell FDD TDD indication=CELL_FDD",Reliable,982.593,91.112
2026-04-10 06:00,60,"ORO_MCH_LA_UNION_COLOMBIANA_UL/Cell:eNodeB Function Name=ORO_MCH_LA_UNION_COLOMBIANA_L, Local Cell ID=8, Cell Name=ORO_MCH_LA_UNION_COLOMBIANA_L7_8, eNodeB ID=22544, Cell FDD TDD indication=CELL_FDD",Reliable,177.801,15.868
2026-04-10 06:00,60,"ORO_MCH_LA_UNION_COLOMBIANA_UL/Cell:eNodeB Function Name=ORO_MCH_LA_UNION_COLOMBIANA_L, Local Cell ID=7, Cell Name=ORO_MCH_LA_UNION_COLOMBIANA_L7_7, eNodeB ID=22544, Cell FDD TDD indication=CELL_FDD",Reliable,246.731,26.521
2026-04-10 06:00,60,"ORO_PAS_LA_PEANA_UL/Cell:eNodeB Function Name=ORO_PAS_LA_PEANA_L, Local Cell ID=9, Cell Name=ORO_PAS_LA_PEANA_L7_9, eNodeB ID=22553, Cell FDD TDD indication=CELL_FDD",Reliable,1098.634,85.61
2026-04-10 06:00,60,"ORO_PAS_LA_PEANA_UL/Cell:eNodeB Function Name=ORO_PAS_LA_PEANA_L, Local Cell ID=8, Cell Name=ORO_PAS_LA_PEANA_L7_8, eNodeB ID=22553, Cell FDD TDD indication=CELL_FDD",Reliable,700.571,44.056
2026-04-10 06:00,60,"ORO_PAS_LA_PEANA_UL/Cell:eNodeB Function Name=ORO_PAS_LA_PEANA_L, Local Cell ID=7, Cell Name=ORO_PAS_LA_PEANA_L7_7, eNodeB ID=22553, Cell FDD TDD indication=CELL_FDD",Reliable,1523.377,90.508
2026-04-10 06:00,60,"ORO_MCH_CICOMACHALA_UL/Cell:eNodeB Function Name=ORO_MCH_CICOMCH_L, Local Cell ID=3, Cell Name=ORO_MCH_CICOMCH_L21_3, eNodeB ID=22311, Cell FDD TDD indication=CELL_FDD",Reliable,249.856,13.316
2026-04-10 06:00,60,"ORO_MCH_CICOMACHALA_UL/Cell:eNodeB Function Name=ORO_MCH_CICOMCH_L, Local Cell ID=2, Cell Name=ORO_MCH_CICOMCH_L21_2, eNodeB ID=22311, Cell FDD TDD indication=CELL_FDD",Reliable,444.503,27.292
2026-04-10 06:00,60,"ORO_MCH_CICOMACHALA_UL/Cell:eNodeB Function Name=ORO_MCH_CICOMCH_L, Local Cell ID=1, Cell Name=ORO_MCH_CICOMCH_L21_1, eNodeB ID=22311, Cell FDD TDD indication=CELL_FDD",Reliable,355.586,24.975
2026-04-10 06:00,60,"ORO_MCH_ARAUJO_UL/Cell:eNodeB Function Name=ORO_MCH_ ARAUJO_L, Local Cell ID=3, Cell Name=ORO_MCH_ARAUJO_L21_3, eNodeB ID=22329, Cell FDD TDD indication=CELL_FDD",Reliable,304.426,19.022
2026-04-10 06:00,60,"ORO_MCH_ARAUJO_UL/Cell:eNodeB Function Name=ORO_MCH_ ARAUJO_L, Local Cell ID=2, Cell Name=ORO_MCH_ARAUJO_L21_2, eNodeB ID=22329, Cell FDD TDD indication=CELL_FDD",Reliable,990.555,171.979
2026-04-10 06:00,60,"ORO_MCH_ARAUJO_UL/Cell:eNodeB Function Name=ORO_MCH_ ARAUJO_L, Local Cell ID=1, Cell Name=ORO_MCH_ARAUJO_L21_1, eNodeB ID=22329, Cell FDD TDD indication=CELL_FDD",Reliable,99.556,12.798
2026-04-10 06:00,60,"ORO_MCH_JUAN_MONTALVO_UL/Cell:eNodeB Function Name=ORO_MCH_ JUAN_MONTALVO_L, Local Cell ID=3, Cell Name=ORO_MCH_ JUAN_MONTALVO_L21_3, eNodeB ID=22330, Cell FDD TDD indication=CELL_FDD",Reliable,3.767,0.362
2026-04-10 06:00,60,"ORO_MCH_JUAN_MONTALVO_UL/Cell:eNodeB Function Name=ORO_MCH_ JUAN_MONTALVO_L, Local Cell ID=2, Cell Name=ORO_MCH_ JUAN_MONTALVO_L21_2, eNodeB ID=22330, Cell FDD TDD indication=CELL_FDD",Reliable,930.504,61.171
2026-04-10 06:00,60,"ORO_MCH_JUAN_MONTALVO_UL/Cell:eNodeB Function Name=ORO_MCH_ JUAN_MONTALVO_L, Local Cell ID=1, Cell Name=ORO_MCH_ JUAN_MONTALVO_L21_1, eNodeB ID=22330, Cell FDD TDD indication=CELL_FDD",Reliable,3.733,0.802
2026-04-10 06:00,60,"ORO_MCH_ PALMERAS_UL/Cell:eNodeB Function Name=ORO_MCH_ PALMERAS_L, Local Cell ID=3, Cell Name=ORO_MCH_PALMERAS_L21_3, eNodeB ID=22331, Cell FDD TDD indication=CELL_FDD",Reliable,419.555,35.007
2026-04-10 06:00,60,"ORO_MCH_ PALMERAS_UL/Cell:eNodeB Function Name=ORO_MCH_ PALMERAS_L, Local Cell ID=2, Cell Name=ORO_MCH_PALMERAS_L21_2, eNodeB ID=22331, Cell FDD TDD indication=CELL_FDD",Reliable,221.814,21.04
2026-04-10 06:00,60,"ORO_MCH_ PALMERAS_UL/Cell:eNodeB Function Name=ORO_MCH_ PALMERAS_L, Local Cell ID=1, Cell Name=ORO_MCH_PALMERAS_L21_1, eNodeB ID=22331, Cell FDD TDD indication=CELL_FDD",Reliable,621.607,50.504
2026-04-10 06:00,60,"ORO_IBE_IBERIA_UL/Cell:eNodeB Function Name=ORO_IBE_IBERIA_L, Local Cell ID=9, Cell Name=ORO_IBE_IBERIA_L7_9, eNodeB ID=22549, Cell FDD TDD indication=CELL_FDD",Reliable,61.413,9.152
2026-04-10 06:00,60,"ORO_IBE_IBERIA_UL/Cell:eNodeB Function Name=ORO_IBE_IBERIA_L, Local Cell ID=8, Cell Name=ORO_IBE_IBERIA_L7_8, eNodeB ID=22549, Cell FDD TDD indication=CELL_FDD",Reliable,143.165,11.669
2026-04-10 06:00,60,"ORO_IBE_IBERIA_UL/Cell:eNodeB Function Name=ORO_IBE_IBERIA_L, Local Cell ID=7, Cell Name=ORO_IBE_IBERIA_L7_7, eNodeB ID=22549, Cell FDD TDD indication=CELL_FDD",Reliable,610.246,74.252
2026-04-10 06:00,60,"ORO_MCH_VIA_BALOSA_UL/Cell:eNodeB Function Name=ORO_MCH_VIA_BALOSA_L, Local Cell ID=9, Cell Name=ORO_MCH_VIA_BALOSA_L7_9, eNodeB ID=22577, Cell FDD TDD indication=CELL_FDD",Reliable,141.997,59.31
2026-04-10 06:00,60,"ORO_MCH_VIA_BALOSA_UL/Cell:eNodeB Function Name=ORO_MCH_VIA_BALOSA_L, Local Cell ID=8, Cell Name=ORO_MCH_VIA_BALOSA_L7_8, eNodeB ID=22577, Cell FDD TDD indication=CELL_FDD",Reliable,369.229,64.641
2026-04-10 06:00,60,"ORO_MCH_VIA_BALOSA_UL/Cell:eNodeB Function Name=ORO_MCH_VIA_BALOSA_L, Local Cell ID=7, Cell Name=ORO_MCH_VIA_BALOSA_L7_7, eNodeB ID=22577, Cell FDD TDD indication=CELL_FDD",Reliable,95.294,14.489
2026-04-10 06:00,60,"AZU_CUE_TARQUI_UL/Cell:eNodeB Function Name=AZU_CUE_TARQUI_L, Local Cell ID=9, Cell Name=AZU_CUE_TARQUI_L7_9, eNodeB ID=22129, Cell FDD TDD indication=CELL_FDD",Reliable,667.139,78.135
2026-04-10 06:00,60,"AZU_CUE_TARQUI_UL/Cell:eNodeB Function Name=AZU_CUE_TARQUI_L, Local Cell ID=8, Cell Name=AZU_CUE_TARQUI_L7_8, eNodeB ID=22129, Cell FDD TDD indication=CELL_FDD",Reliable,863.767,86.307
2026-04-10 06:00,60,"AZU_CUE_TARQUI_UL/Cell:eNodeB Function Name=AZU_CUE_TARQUI_L, Local Cell ID=7, Cell Name=AZU_CUE_TARQUI_L7_7, eNodeB ID=22129, Cell FDD TDD indication=CELL_FDD",Reliable,743.107,47.047
