Result Time,Granularity Period,Object Name,Reliability,"DOWNLINK TRAFFIC VOLUME","UPLINK TRAFFIC VOLUME"
,Minutes,,,MB,MB
2026-04-10 19:00,60,"PI_UIO_AMAZONAS_UL/Cell:eNodeB Function Name=PIC_UIO_AMAZONAS_L, Local Cell ID=1, Cell Name=PI_UIO_AMAZONAS_1, eNodeB ID=44080, Cell FDD TDD indication=CELL_FDD",Reliable,2286.964,349.593
2026-04-10 19:00,60,"PI_UIO_AMAZONAS_UL/Cell:eNodeB Function Name=PIC_UIO_AMAZONAS_L, Local Cell ID=2, Cell Name=PI_UIO_AMAZONAS_2, eNodeB ID=44080, Cell FDD TDD indication=CELL_FDD",Reliable,557.816,90.643
2026-04-10 19:00,60,"PI_UIO_AMAZONAS_UL/Cell:eNodeB Function Name=PIC_UIO_AMAZONAS_L, Local Cell ID=3, Cell Name=PI_UIO_AMAZONAS_3, eNodeB ID=44080, Cell FDD TDD indication=CELL_FDD",Reliable,1927.321,210.249
2026-04-10 19:00,60,"PI_UIO_AMAZONAS_UL/Cell:eNodeB Function Name=PIC_UIO_AMAZONAS_L, Local Cell ID=11, Cell Name=PI_UIO_AMAZONAS_11, eNodeB ID=44080, Cell FDD TDD indication=CELL_FDD",Reliable,202.803,23.445
2026-04-10 19:00,60,"PI_UIO_AMAZONAS_UL/Cell:eNodeB Function Name=PIC_UIO_AMAZONAS_L, Local Cell ID=12, Cell Name=PI_UIO_AMAZONAS_12, eNodeB ID=44080, Cell FDD TDD indication=CELL_FDD",Reliable,69.271,4.839
2026-04-10 19:00,60,"PI_UIO_AMAZONAS_UL/Cell:eNodeB Function Name=PIC_UIO_AMAZONAS_L, Local Cell ID=13, Cell Name=PI_UIO_AMAZONAS_13, eNodeB ID=44080, Cell FDD TDD indication=CELL_FDD",Reliable,454.346,34.886
2026-04-10 19:00,60,"PI_UIO_ISAAC_ALBENIZ_UL/Cell:eNodeB Function Name=PI_UIO_ISAAC_ALBENIZL21, Local Cell ID=1, Cell Name=PI_UIO_ISAAC_ALBENIZ_1, eNodeB ID=44133, Cell FDD TDD indication=CELL_FDD",Reliable,84.019,14.411
2026-04-10 19:00,60,"PI_UIO_ISAAC_ALBENIZ_UL/Cell:eNodeB Function Name=PI_UIO_ISAAC_ALBENIZL21, Local Cell ID=2, Cell Name=PI_UIO_ISAAC_ALBENIZ_2, eNodeB ID=44133, Cell FDD TDD indication=CELL_FDD",Reliable,480.072,100.397
2026-04-10 19:00,60,"PI_UIO_ISAAC_ALBENIZ_UL/Cell:eNodeB Function Name=PI_UIO_ISAAC_ALBENIZL21, Local Cell ID=3, Cell Name=PI_UIO_ISAAC_ALBENIZ_3, eNodeB ID=44133, Cell FDD TDD indication=CELL_FDD",Reliable,411.421,72.947
2026-04-10 19:00,60,"PI_UIO_BUGAMBILLAS_UL/Cell:eNodeB Function Name=PI_UIO_BUGAMBILLAS_L, Local Cell ID=1, Cell Name=PI_UIO_BUGAMBILLAS_1, eNodeB ID=44086, Cell FDD TDD indication=CELL_FDD",Reliable,4206.185,458.855
2026-04-10 19:00,60,"PI_UIO_BUGAMBILLAS_UL/Cell:eNodeB Function Name=PI_UIO_BUGAMBILLAS_L, Local Cell ID=2, Cell Name=PI_UIO_BUGAMBILLAS_2, eNodeB ID=44086, Cell FDD TDD indication=CELL_FDD",Reliable,612.101,134.016
2026-04-10 19:00,60,"PI_UIO_BUGAMBILLAS_UL/Cell:eNodeB Function Name=PI_UIO_BUGAMBILLAS_L, Local Cell ID=3, Cell Name=PI_UIO_BUGAMBILLAS_3, eNodeB ID=44086, Cell FDD TDD indication=CELL_FDD",Reliable,617.867,35.77
2026-04-10 19:00,60,"PI_UIO_BUGAMBILLAS_UL/Cell:eNodeB Function Name=PI_UIO_BUGAMBILLAS_L, Local Cell ID=11, Cell Name=PI_UIO_BUGAMBILLAS_11, eNodeB ID=44086, Cell FDD TDD indication=CELL_FDD",Reliable,4471.666,593.74
2026-04-10 19:00,60,"PI_UIO_BUGAMBILLAS_UL/Cell:eNodeB Function Name=PI_UIO_BUGAMBILLAS_L, Local Cell ID=12, Cell Name=PI_UIO_BUGAMBILLAS_12, eNodeB ID=44086, Cell FDD TDD indication=CELL_FDD",Reliable,239.692,71.145
2026-04-10 19:00,60,"PI_UIO_BUGAMBILLAS_UL/Cell:eNodeB Function Name=PI_UIO_BUGAMBILLAS_L, Local Cell ID=13, Cell Name=PI_UIO_BUGAMBILLAS_13, eNodeB ID=44086, Cell FDD TDD indication=CELL_FDD",Reliable,14.439,1.577
2026-04-10 19:00,60,"PI_UIO_GASPAR_DE_VILLAROEL_UL/Cell:eNodeB Function Name=PI_UIO_GASPAR_DE_VILLAROELL21, Local Cell ID=1, Cell Name=PI_UIO_GASPAR_DE_VILLAROEL_1, eNodeB ID=44127, Cell FDD TDD indication=CELL_FDD",Reliable,536.909,37.023
2026-04-10 19:00,60,"PI_UIO_GASPAR_DE_VILLAROEL_UL/Cell:eNodeB Function Name=PI_UIO_GASPAR_DE_VILLAROELL21, Local Cell ID=2, Cell Name=PI_UIO_GASPAR_DE_VILLAROEL_2, eNodeB ID=44127, Cell FDD TDD indication=CELL_FDD",Reliable,1485.475,139.546
2026-04-10 19:00,60,"PI_UIO_GRANADOS_UL/Cell:eNodeB Function Name=PI_UIO_GRANADOSL21, Local Cell ID=1, Cell Name=PI_UIO_GRANADOS_1, eNodeB ID=44072, Cell FDD TDD indication=CELL_FDD",Reliable,2013.719,121.751
2026-04-10 19:00,60,"PI_UIO_GRANADOS_UL/Cell:eNodeB Function Name=PI_UIO_GRANADOSL21, Local Cell ID=2, Cell Name=PI_UIO_GRANADOS_2, eNodeB ID=44072, Cell FDD TDD indication=CELL_FDD",Reliable,4458.103,432.703
2026-04-10 19:00,60,"PIC_UIO_AMERICA_ULN/Cell:eNodeB Function Name=PIC_UIO_AMERICA_L, Local Cell ID=1, Cell Name=PIC_UIO_AMERICA_L21_1, eNodeB ID=44027, Cell FDD TDD indication=CELL_FDD",Reliable,1756.232,218.121
2026-04-10 19:00,60,"PIC_UIO_AMERICA_ULN/Cell:eNodeB Function Name=PIC_UIO_AMERICA_L, Local Cell ID=2, Cell Name=PIC_UIO_AMERICA_L21_2, eNodeB ID=44027, Cell FDD TDD indication=CELL_FDD",Reliable,3439.128,473.204
2026-04-10 19:00,60,"PIC_UIO_AMERICA_ULN/Cell:eNodeB Function Name=PIC_UIO_AMERICA_L, Local Cell ID=3, Cell Name=PIC_UIO_AMERICA_L21_3, eNodeB ID=44027, Cell FDD TDD indication=CELL_FDD",Reliable,2426.686,320.61
2026-04-10 19:00,60,"PIC_UIO_AMERICA_ULN/Cell:eNodeB Function Name=PIC_UIO_AMERICA_L, Local Cell ID=7, Cell Name=PIC_UIO_AMERICA_L7_7, eNodeB ID=44027, Cell FDD TDD indication=CELL_FDD",Reliable,1826.364,94.666
2026-04-10 19:00,60,"PIC_UIO_AMERICA_ULN/Cell:eNodeB Function Name=PIC_UIO_AMERICA_L, Local Cell ID=8, Cell Name=PIC_UIO_AMERICA_L7_8, eNodeB ID=44027, Cell FDD TDD indication=CELL_FDD",Reliable,1758.22,171.796
2026-04-10 19:00,60,"PIC_UIO_AMERICA_ULN/Cell:eNodeB Function Name=PIC_UIO_AMERICA_L, Local Cell ID=9, Cell Name=PIC_UIO_AMERICA_L7_9, eNodeB ID=44027, Cell FDD TDD indication=CELL_FDD",Reliable,1257.25,156.727
2026-04-10 19:00,60,"PIC_UIO_AMERICA_ULN/Cell:eNodeB Function Name=PIC_UIO_AMERICA_L, Local Cell ID=11, Cell Name=PIC_UIO_AMERICA_L19_11, eNodeB ID=44027, Cell FDD TDD indication=CELL_FDD",Reliable,166.644,22.405
2026-04-10 19:00,60,"PIC_UIO_AMERICA_ULN/Cell:eNodeB Function Name=PIC_UIO_AMERICA_L, Local Cell ID=12, Cell Name=PIC_UIO_AMERICA_L19_12, eNodeB ID=44027, Cell FDD TDD indication=CELL_FDD",Reliable,387.7,55.56
2026-04-10 19:00,60,"PIC_UIO_AMERICA_ULN/Cell:eNodeB Function Name=PIC_UIO_AMERICA_L, Local Cell ID=13, Cell Name=PIC_UIO_AMERICA_L19_13, eNodeB ID=44027, Cell FDD TDD indication=CELL_FDD",Reliable,105.808,39.014
2026-04-10 19:00,60,"PI_UIO_EL_LABRADOR_UL/Cell:eNodeB Function Name=PI_UIO_EL_LABRADORL21, Local Cell ID=1, Cell Name=PI_UIO_EL_LABRADOR_1, eNodeB ID=44119, Cell FDD TDD indication=CELL_FDD",Reliable,2232.811,214.45
2026-04-10 19:00,60,"PI_UIO_EL_LABRADOR_UL/Cell:eNodeB Function Name=PI_UIO_EL_LABRADORL21, Local Cell ID=2, Cell Name=PI_UIO_EL_LABRADOR_2, eNodeB ID=44119, Cell FDD TDD indication=CELL_FDD",Reliable,179.53,19.045
2026-04-10 19:00,60,"PI_UIO_EL_LABRADOR_UL/Cell:eNodeB Function Name=PI_UIO_EL_LABRADORL21, Local Cell ID=3, Cell Name=PI_UIO_EL_LABRADOR_3, eNodeB ID=44119, Cell FDD TDD indication=CELL_FDD",Reliable,920.954,67.194
2026-04-10 19:00,60,"PIC_UIO_INAQUITO_UL/Cell:eNodeB Function Name=PIC_UIO_INAQUITO_L, Local Cell ID=1, Cell Name=PIC_UIO_INAQUITO_L21_1, eNodeB ID=44005, Cell FDD TDD indication=CELL_FDD",Reliable,1418.914,187.303
2026-04-10 19:00,60,"PIC_UIO_INAQUITO_UL/Cell:eNodeB Function Name=PIC_UIO_INAQUITO_L, Local Cell ID=2, Cell Name=PIC_UIO_INAQUITO_L21_2, eNodeB ID=44005, Cell FDD TDD indication=CELL_FDD",Reliable,1323.622,149.293
2026-04-10 19:00,60,"PIC_UIO_INAQUITO_UL/Cell:eNodeB Function Name=PIC_UIO_INAQUITO_L, Local Cell ID=3, Cell Name=PIC_UIO_INAQUITO_L21_3, eNodeB ID=44005, Cell FDD TDD indication=CELL_FDD",Reliable,1665.165,351.619
2026-04-10 19:00,60,"PIC_UIO_INAQUITO_UL/Cell:eNodeB Function Name=PIC_UIO_INAQUITO_L, Local Cell ID=7, Cell Name=PIC_UIO_INAQUITO_L7_7, eNodeB ID=44005, Cell FDD TDD indication=CELL_FDD",Reliable,838.654,193.51
2026-04-10 19:00,60,"PIC_UIO_INAQUITO_UL/Cell:eNodeB Function Name=PIC_UIO_INAQUITO_L, Local Cell ID=8, Cell Name=PIC_UIO_INAQUITO_L7_8, eNodeB ID=44005, Cell FDD TDD indication=CELL_FDD",Reliable,725.835,109.399
2026-04-10 19:00,60,"PIC_UIO_INAQUITO_UL/Cell:eNodeB Function Name=PIC_UIO_INAQUITO_L, Local Cell ID=9, Cell Name=PIC_UIO_INAQUITO_L7_9, eNodeB ID=44005, Cell FDD TDD indication=CELL_FDD",Reliable,584.784,77.709
2026-04-10 19:00,60,"PIC_UIO_INAQUITO_UL/Cell:eNodeB Function Name=PIC_UIO_INAQUITO_L, Local Cell ID=11, Cell Name=PIC_UIO_INAQUITO_L19_11, eNodeB ID=44005, Cell FDD TDD indication=CELL_FDD",Reliable,3040.462,1003.824
2026-04-10 19:00,60,"PIC_UIO_INAQUITO_UL/Cell:eNodeB Function Name=PIC_UIO_INAQUITO_L, Local Cell ID=12, Cell Name=PIC_UIO_INAQUITO_L19_12, eNodeB ID=44005, Cell FDD TDD indication=CELL_FDD",Reliable,511.485,46.372
2026-04-10 19:00,60,"PIC_UIO_INAQUITO_UL/Cell:eNodeB Function Name=PIC_UIO_INAQUITO_L, Local Cell ID=13, Cell Name=PIC_UIO_INAQUITO_L19_13, eNodeB ID=44005, Cell FDD TDD indication=CELL_FDD",Reliable,381.498,32.356
2026-04-10 19:00,60,"PIC_UIO_BATAN_ALTO_ULN/Cell:eNodeB Function Name=PIC_UIO_BATAN_ALTO_L, Local Cell ID=1, Cell Name=PIC_UIO_BATAN_ALTO_L21_1, eNodeB ID=44062, Cell FDD TDD indication=CELL_FDD",Reliable,2144.71,769.204
2026-04-10 19:00,60,"PIC_UIO_BATAN_ALTO_ULN/Cell:eNodeB Function Name=PIC_UIO_BATAN_ALTO_L, Local Cell ID=2, Cell Name=PIC_UIO_BATAN_ALTO_L21_2, eNodeB ID=44062, Cell FDD TDD indication=CELL_FDD",Reliable,47.003,4.306
2026-04-10 19:00,60,"PIC_UIO_BATAN_ALTO_ULN/Cell:eNodeB Function Name=PIC_UIO_BATAN_ALTO_L, Local Cell ID=3, Cell Name=PIC_UIO_BATAN_ALTO_L21_3, eNodeB ID=44062, Cell FDD TDD indication=CELL_FDD",Reliable,203.304,8.39
2026-04-10 19:00,60,"PIC_UIO_MANOSCA_ULN/Cell:eNodeB Function Name=PI_UIO_MANOSCAL21, Local Cell ID=1, Cell Name=PI_UIO_MANOSCA_1, eNodeB ID=44156, Cell FDD TDD indication=CELL_FDD",Reliable,1581.765,117.336
2026-04-10 19:00,60,"PIC_UIO_MANOSCA_ULN/Cell:eNodeB Function Name=PI_UIO_MANOSCAL21, Local Cell ID=2, Cell Name=PI_UIO_MANOSCA_2, eNodeB ID=44156, Cell FDD TDD indication=CELL_FDD",Reliable,623.78,75.297
2026-04-10 19:00,60,"PIC_UIO_BELLAVISTA_ULN/Cell:eNodeB Function Name=PI_UIO_BELLAVISTAL21, Local Cell ID=1, Cell Name=PI_UIO_BELLAVISTA_1, eNodeB ID=44083, Cell FDD TDD indication=CELL_FDD",Reliable,342.571,27.373
2026-04-10 19:00,60,"PIC_UIO_BELLAVISTA_ULN/Cell:eNodeB Function Name=PI_UIO_BELLAVISTAL21, Local Cell ID=2, Cell Name=PI_UIO_BELLAVISTA_2, eNodeB ID=44083, Cell FDD TDD indication=CELL_FDD",Reliable,765.197,35.777
2026-04-10 19:00,60,"PI_UIO_PILLAGUA_UL/Cell:eNodeB Function Name=PIC_UIO_PILLAGUA_L, Local Cell ID=1, Cell Name=PIC_UIO_PILLAGUA_L21_1, eNodeB ID=44170, Cell FDD TDD indication=CELL_FDD",Reliable,9.866,0.755
2026-04-10 19:00,60,"PI_UIO_PILLAGUA_UL/Cell:eNodeB Function Name=PIC_UIO_PILLAGUA_L, Local Cell ID=2, Cell Name=PIC_UIO_PILLAGUA_L21_2, eNodeB ID=44170, Cell FDD TDD indication=CELL_FDD",Reliable,1.145,0.543
2026-04-10 19:00,60,"PI_UIO_REPUBLICA_DEL_SALVADOR_UL/Cell:eNodeB Function Name=PIC_UIO_REPUBLICA_DEL_SALVADOR_L, Local Cell ID=1, Cell Name=PI_UIO_REPUBLICA_DEL_SALVADOR_1, eNodeB ID=44182, Cell FDD TDD indication=CELL_FDD",Reliable,4548.807,647.845
2026-04-10 19:00,60,"PI_UIO_REPUBLICA_DEL_SALVADOR_UL/Cell:eNodeB Function Name=PIC_UIO_REPUBLICA_DEL_SALVADOR_L, Local Cell ID=2, Cell Name=PI_UIO_REPUBLICA_DEL_SALVADOR_2, eNodeB ID=44182, Cell FDD TDD indication=CELL_FDD",Reliable,1618.071,307.831
2026-04-10 19:00,60,"PIC_UIO_ATAHUALPA_ULN/Cell:eNodeB Function Name=PI_UIO_ATAHUALPA_L, Local Cell ID=1, Cell Name=PI_UIO_ATAHUALPA_1, eNodeB ID=44081, Cell FDD TDD indication=CELL_FDD",Reliable,2156.937,190.372
2026-04-10 19:00,60,"PIC_UIO_ATAHUALPA_ULN/Cell:eNodeB Function Name=PI_UIO_ATAHUALPA_L, Local Cell ID=2, Cell Name=PI_UIO_ATAHUALPA_2, eNodeB ID=44081, Cell FDD TDD indication=CELL_FDD",Reliable,1905.043,163.722
2026-04-10 19:00,60,"PIC_UIO_ATAHUALPA_ULN/Cell:eNodeB Function Name=PI_UIO_ATAHUALPA_L, Local Cell ID=3, Cell Name=PI_UIO_ATAHUALPA_3, eNodeB ID=44081, Cell FDD TDD indication=CELL_FDD",Reliable,1537.715,94.869
2026-04-10 19:00,60,"PIC_UIO_ATAHUALPA_ULN/Cell:eNodeB Function Name=PI_UIO_ATAHUALPA_L, Local Cell ID=11, Cell Name=PI_UIO_ATAHUALPA_11, eNodeB ID=44081, Cell FDD TDD indication=CELL_FDD",Reliable,634.952,45.855
2026-04-10 19:00,60,"PIC_UIO_ATAHUALPA_ULN/Cell:eNodeB Function Name=PI_UIO_ATAHUALPA_L, Local Cell ID=12, Cell Name=PI_UIO_ATAHUALPA_12, eNodeB ID=44081, Cell FDD TDD indication=CELL_FDD",Reliable,203.738,32.413
2026-04-10 19:00,60,"PIC_UIO_ATAHUALPA_ULN/Cell:eNodeB Function Name=PI_UIO_ATAHUALPA_L, Local Cell ID=13, Cell Name=PI_UIO_ATAHUALPA_13, eNodeB ID=44081, Cell FDD TDD indication=CELL_FDD",Reliable,284.958,54.006
2026-04-10 19:00,60,"PI_UIO_RUMIPAMBA_UL/Cell:eNodeB Function Name=PI_UIO_RUMIPAMBAL21, Local Cell ID=1, Cell Name=PI_UIO_RUMIPAMBA_1, eNodeB ID=44028, Cell FDD TDD indication=CELL_FDD",Reliable,1035.595,109.835
2026-04-10 19:00,60,"PI_UIO_RUMIPAMBA_UL/Cell:eNodeB Function Name=PI_UIO_RUMIPAMBAL21, Local Cell ID=2, Cell Name=PI_UIO_RUMIPAMBA_2, eNodeB ID=44028, Cell FDD TDD indication=CELL_FDD",Reliable,1187.661,123.419
2026-04-10 19:00,60,"PI_UIO_RUMIPAMBA_UL/Cell:eNodeB Function Name=PI_UIO_RUMIPAMBAL21, Local Cell ID=3, Cell Name=PI_UIO_RUMIPAMBA_3, eNodeB ID=44028, Cell FDD TDD indication=CELL_FDD",Reliable,1010.829,102.11
2026-04-10 19:00,60,"PI_UIO_RIO_COCA_UL/Cell:eNodeB Function Name=PI_UIO_RIO_COCA_L, Local Cell ID=1, Cell Name=PI_UIO_RIO_COCA_1, eNodeB ID=44046, Cell FDD TDD indication=CELL_FDD",Reliable,2518.839,121.257
2026-04-10 19:00,60,"PI_UIO_RIO_COCA_UL/Cell:eNodeB Function Name=PI_UIO_RIO_COCA_L, Local Cell ID=2, Cell Name=PI_UIO_RIO_COCA_2, eNodeB ID=44046, Cell FDD TDD indication=CELL_FDD",Reliable,5512.746,530.503
2026-04-10 19:00,60,"PI_UIO_RIO_COCA_UL/Cell:eNodeB Function Name=PI_UIO_RIO_COCA_L, Local Cell ID=3, Cell Name=PI_UIO_RIO_COCA_3, eNodeB ID=44046, Cell FDD TDD indication=CELL_FDD",Reliable,6429.907,603.845
2026-04-10 19:00,60,"PI_UIO_RIO_COCA_UL/Cell:eNodeB Function Name=PI_UIO_RIO_COCA_L, Local Cell ID=7, Cell Name=PI_UIO_RIO_COCA_7, eNodeB ID=44046, Cell FDD TDD indication=CELL_FDD",Reliable,1063.861,78.269
2026-04-10 19:00,60,"PI_UIO_RIO_COCA_UL/Cell:eNodeB Function Name=PI_UIO_RIO_COCA_L, Local Cell ID=8, Cell Name=PI_UIO_RIO_COCA_8, eNodeB ID=44046, Cell FDD TDD indication=CELL_FDD",Reliable,1427.728,119.907
2026-04-10 19:00,60,"PI_UIO_RIO_COCA_UL/Cell:eNodeB Function Name=PI_UIO_RIO_COCA_L, Local Cell ID=9, Cell Name=PI_UIO_RIO_COCA_9, eNodeB ID=44046, Cell FDD TDD indication=CELL_FDD",Reliable,4660.252,946.134
2026-04-10 19:00,60,"PI_UIO_RIO_COCA_UL/Cell:eNodeB Function Name=PI_UIO_RIO_COCA_L, Local Cell ID=11, Cell Name=PI_UIO_RIO_COCA_11, eNodeB ID=44046, Cell FDD TDD indication=CELL_FDD",Reliable,70.438,7.359
2026-04-10 19:00,60,"PI_UIO_RIO_COCA_UL/Cell:eNodeB Function Name=PI_UIO_RIO_COCA_L, Local Cell ID=12, Cell Name=PI_UIO_RIO_COCA_12, eNodeB ID=44046, Cell FDD TDD indication=CELL_FDD",Reliable,511.691,15.779
2026-04-10 19:00,60,"PI_UIO_RIO_COCA_UL/Cell:eNodeB Function Name=PI_UIO_RIO_COCA_L, Local Cell ID=13, Cell Name=PI_UIO_RIO_COCA_13, eNodeB ID=44046, Cell FDD TDD indication=CELL_FDD",Reliable,970.203,87.602
2026-04-10 19:00,60,"PI_UIO_QUITO_TENIS_UL/Cell:eNodeB Function Name=PI_UIO_QUITO_TENISL21, Local Cell ID=1, Cell Name=PI_UIO_QUITO_TENIS_1, eNodeB ID=44016, Cell FDD TDD indication=CELL_FDD",Reliable,229.489,21.847
2026-04-10 19:00,60,"PI_UIO_QUITO_TENIS_UL/Cell:eNodeB Function Name=PI_UIO_QUITO_TENISL21, Local Cell ID=2, Cell Name=PI_UIO_QUITO_TENIS_2, eNodeB ID=44016, Cell FDD TDD indication=CELL_FDD",Reliable,1480.28,148.347
2026-04-10 19:00,60,"PI_UIO_QUITO_TENIS_UL/Cell:eNodeB Function Name=PI_UIO_QUITO_TENISL21, Local Cell ID=3, Cell Name=PI_UIO_QUITO_TENIS_3, eNodeB ID=44016, Cell FDD TDD indication=CELL_FDD",Reliable,761.432,53.441
2026-04-10 19:00,60,"PI_UIO_QUITO_TENIS_UL/Cell:eNodeB Function Name=PI_UIO_QUITO_TENISL21, Local Cell ID=7, Cell Name=PI_UIO_QUITO_TENIS_APT_7, eNodeB ID=44016, Cell FDD TDD indication=CELL_FDD",Reliable,1166.393,149.359
2026-04-10 19:00,60,"PI_UIO_QUITO_TENIS_UL/Cell:eNodeB Function Name=PI_UIO_QUITO_TENISL21, Local Cell ID=8, Cell Name=PI_UIO_QUITO_TENIS_APT_8, eNodeB ID=44016, Cell FDD TDD indication=CELL_FDD",Reliable,1382.271,195.483
2026-04-10 19:00,60,"PI_UIO_QUITO_TENIS_UL/Cell:eNodeB Function Name=PI_UIO_QUITO_TENISL21, Local Cell ID=9, Cell Name=PI_UIO_QUITO_TENIS_APT_9, eNodeB ID=44016, Cell FDD TDD indication=CELL_FDD",Reliable,306.749,83.046
2026-04-10 19:00,60,"PI_UIO_LA_LUZ_UL/Cell:eNodeB Function Name=PI_UIO_LA_LUZ_L, Local Cell ID=1, Cell Name=PI_UIO_LA_LUZ_1, eNodeB ID=44038, Cell FDD TDD indication=CELL_FDD",Reliable,5484.243,508.12
2026-04-10 19:00,60,"PI_UIO_LA_LUZ_UL/Cell:eNodeB Function Name=PI_UIO_LA_LUZ_L, Local Cell ID=2, Cell Name=PI_UIO_LA_LUZ_2, eNodeB ID=44038, Cell FDD TDD indication=CELL_FDD",Reliable,3163.804,226.516
2026-04-10 19:00,60,"PI_UIO_LA_LUZ_UL/Cell:eNodeB Function Name=PI_UIO_LA_LUZ_L, Local Cell ID=3, Cell Name=PI_UIO_LA_LUZ_3, eNodeB ID=44038, Cell FDD TDD indication=CELL_FDD",Reliable,1297.934,299.603
2026-04-10 19:00,60,"PI_UIO_LA_LUZ_UL/Cell:eNodeB Function Name=PI_UIO_LA_LUZ_L, Local Cell ID=11, Cell Name=PI_UIO_LA_LUZ_11, eNodeB ID=44038, Cell FDD TDD indication=CELL_FDD",Reliable,1292.029,121.399
2026-04-10 19:00,60,"PI_UIO_LA_LUZ_UL/Cell:eNodeB Function Name=PI_UIO_LA_LUZ_L, Local Cell ID=12, Cell Name=PI_UIO_LA_LUZ_12, eNodeB ID=44038, Cell FDD TDD indication=CELL_FDD",Reliable,642.866,55.914
2026-04-10 19:00,60,"PI_UIO_LA_LUZ_UL/Cell:eNodeB Function Name=PI_UIO_LA_LUZ_L, Local Cell ID=13, Cell Name=PI_UIO_LA_LUZ_13, eNodeB ID=44038, Cell FDD TDD indication=CELL_FDD",Reliable,89.012,5.899
2026-04-10 19:00,60,"PI_UIO_CC_SAN_MARCOS_UL/Cell:eNodeB Function Name=PI_UIO_CC_SAN_MARCOSL21, Local Cell ID=1, Cell Name=PI_UIO_CC_SAN_MARCOS_1, eNodeB ID=44187, Cell FDD TDD indication=CELL_FDD",Reliable,322.879,98.59
2026-04-10 19:00,60,"PI_UIO_CC_SAN_MARCOS_UL/Cell:eNodeB Function Name=PI_UIO_CC_SAN_MARCOSL21, Local Cell ID=2, Cell Name=PI_UIO_CC_SAN_MARCOS_2, eNodeB ID=44187, Cell FDD TDD indication=CELL_FDD",Reliable,1231.505,122.962
2026-04-10 19:00,60,"PI_UIO_CC_SAN_MARCOS_UL/Cell:eNodeB Function Name=PI_UIO_CC_SAN_MARCOSL21, Local Cell ID=3, Cell Name=PI_UIO_CC_SAN_MARCOS_3, eNodeB ID=44187, Cell FDD TDD indication=CELL_FDD",Reliable,627.483,62.584
2026-04-10 19:00,60,"PI_UIO_MURIALDO_UL/Cell:eNodeB Function Name=PIC_UIO_MURIALDO_L, Local Cell ID=1, Cell Name=PIC_UIO_MURIALDO_L1, eNodeB ID=44163, Cell FDD TDD indication=CELL_FDD",Reliable,1204.55,106.487
2026-04-10 19:00,60,"PI_UIO_MURIALDO_UL/Cell:eNodeB Function Name=PIC_UIO_MURIALDO_L, Local Cell ID=2, Cell Name=PIC_UIO_MURIALDO_L2, eNodeB ID=44163, Cell FDD TDD indication=CELL_FDD",Reliable,1525.303,319.782
2026-04-10 19:00,60,"PI_UIO_MURIALDO_UL/Cell:eNodeB Function Name=PIC_UIO_MURIALDO_L, Local Cell ID=7, Cell Name=PIC_UIO_MURIALDO_L7_7, eNodeB ID=44163, Cell FDD TDD indication=CELL_FDD",Reliable,3778.842,374.311
2026-04-10 19:00,60,"PI_UIO_DE_LOS_PINOS_UL/Cell:eNodeB Function Name=PI_UIO_DE_LOS_PINOSL21, Local Cell ID=1, Cell Name=PI_UIO_DE_LOS_PINOS_1, eNodeB ID=44111, Cell FDD TDD indication=CELL_FDD",Reliable,8228.059,360.184
2026-04-10 19:00,60,"PI_UIO_DE_LOS_PINOS_UL/Cell:eNodeB Function Name=PI_UIO_DE_LOS_PINOSL21, Local Cell ID=2, Cell Name=PI_UIO_DE_LOS_PINOS_2, eNodeB ID=44111, Cell FDD TDD indication=CELL_FDD",Reliable,4839.529,486.834
2026-04-10 19:00,60,"PI_UIO_DE_LOS_ALAMOS_UL/Cell:eNodeB Function Name=PI_UIO_DE_LOS_ALAMOSL21, Local Cell ID=1, Cell Name=PI_UIO_DE_LOS_ALAMOS_1, eNodeB ID=44110, Cell FDD TDD indication=CELL_FDD",Reliable,540.631,54.743
2026-04-10 19:00,60,"PI_UIO_DE_LOS_ALAMOS_UL/Cell:eNodeB Function Name=PI_UIO_DE_LOS_ALAMOSL21, Local Cell ID=2, Cell Name=PI_UIO_DE_LOS_ALAMOS_2, eNodeB ID=44110, Cell FDD TDD indication=CELL_FDD",Reliable,889.023,114.143
2026-04-10 19:00,60,"PI_UIO_DE_LOS_ALAMOS_UL/Cell:eNodeB Function Name=PI_UIO_DE_LOS_ALAMOSL21, Local Cell ID=3, Cell Name=PI_UIO_DE_LOS_ALAMOS_3, eNodeB ID=44110, Cell FDD TDD indication=CELL_FDD",Reliable,1634.74,138.908
2026-04-10 19:00,60,"PI_UIO_DE_LOS_ALAMOS_UL/Cell:eNodeB Function Name=PI_UIO_DE_LOS_ALAMOSL21, Local Cell ID=7, Cell Name=PI_UIO_DE_LOS_ALAMOS_APT_7, eNodeB ID=44110, Cell FDD TDD indication=CELL_FDD",Reliable,454.788,35.693
2026-04-10 19:00,60,"PI_UIO_DE_LOS_ALAMOS_UL/Cell:eNodeB Function Name=PI_UIO_DE_LOS_ALAMOSL21, Local Cell ID=8, Cell Name=PI_UIO_DE_LOS_ALAMOS_APT_8, eNodeB ID=44110, Cell FDD TDD indication=CELL_FDD",Reliable,4584.893,581.826
2026-04-10 19:00,60,"PI_UIO_DE_LOS_ALAMOS_UL/Cell:eNodeB Function Name=PI_UIO_DE_LOS_ALAMOSL21, Local Cell ID=9, Cell Name=PI_UIO_DE_LOS_ALAMOS_APT_9, eNodeB ID=44110, Cell FDD TDD indication=CELL_FDD",Reliable,1633.21,141.22
2026-04-10 19:00,60,"PI_UIO_SAN_JOSE_DEL_VALLE_UL/Cell:eNodeB Function Name=PIC_UIO_SAN_JOSE_DEL_VALLE_L, Local Cell ID=1, Cell Name=PIC_UIO_SAN_JOSE_DEL_VALLE_L21_1, eNodeB ID=44200, Cell FDD TDD indication=CELL_FDD",Reliable,545.867,47.859
2026-04-10 19:00,60,"PI_UIO_SAN_JOSE_DEL_VALLE_UL/Cell:eNodeB Function Name=PIC_UIO_SAN_JOSE_DEL_VALLE_L, Local Cell ID=2, Cell Name=PIC_UIO_SAN_JOSE_DEL_VALLE_L21_2, eNodeB ID=44200, Cell FDD TDD indication=CELL_FDD",Reliable,2589.661,203.338
2026-04-10 19:00,60,"PI_UIO_SAN_JOSE_DEL_VALLE_UL/Cell:eNodeB Function Name=PIC_UIO_SAN_JOSE_DEL_VALLE_L, Local Cell ID=3, Cell Name=PIC_UIO_SAN_JOSE_DEL_VALLE_L21_3, eNodeB ID=44200, Cell FDD TDD indication=CELL_FDD",Reliable,3329.539,308.046
2026-04-10 19:00,60,"PI_UIO_LA_MOYA_UL/Cell:eNodeB Function Name=PI_UIO_LA_MOYAL21, Local Cell ID=1, Cell Name=PI_UIO_LA_MOYA_1, eNodeB ID=44143, Cell FDD TDD indication=CELL_FDD",Reliable,2639.098,221.882
2026-04-10 19:00,60,"PI_UIO_LA_MOYA_UL/Cell:eNodeB Function Name=PI_UIO_LA_MOYAL21, Local Cell ID=2, Cell Name=PI_UIO_LA_MOYA_2, eNodeB ID=44143, Cell FDD TDD indication=CELL_FDD",Reliable,1533.181,73.95
2026-04-10 19:00,60,"PI_UIO_LA_MOYA_UL/Cell:eNodeB Function Name=PI_UIO_LA_MOYAL21, Local Cell ID=3, Cell Name=PI_UIO_LA_MOYA_3, eNodeB ID=44143, Cell FDD TDD indication=CELL_FDD",Reliable,1182.605,97.084
2026-04-10 19:00,60,"PI_UIO_LA_MOYA_UL/Cell:eNodeB Function Name=PI_UIO_LA_MOYAL21, Local Cell ID=7, Cell Name=PI_UIO_LA_MOYA_APT_7, eNodeB ID=44143, Cell FDD TDD indication=CELL_FDD",Reliable,606.55,44.676
2026-04-10 19:00,60,"PI_UIO_LA_MOYA_UL/Cell:eNodeB Function Name=PI_UIO_LA_MOYAL21, Local Cell ID=8, Cell Name=PI_UIO_LA_MOYA_APT_8, eNodeB ID=44143, Cell FDD TDD indication=CELL_FDD",Reliable,5033.967,792.126
2026-04-10 19:00,60,"PI_UIO_LA_MOYA_UL/Cell:eNodeB Function Name=PI_UIO_LA_MOYAL21, Local Cell ID=9, Cell Name=PI_UIO_LA_MOYA_APT_9, eNodeB ID=44143, Cell FDD TDD indication=CELL_FDD",Reliable,1357.547,110.95
2026-04-10 19:00,60,"PI_UIO_LUMBISI_UL/Cell:eNodeB Function Name=PI_UIO_LUMBISIL21, Local Cell ID=1, Cell Name=PIC_UIO_LUMBISI_L21_1, eNodeB ID=44154, Cell FDD TDD indication=CELL_FDD",Reliable,346.344,95.581
2026-04-10 19:00,60,"PI_UIO_LUMBISI_UL/Cell:eNodeB Function Name=PI_UIO_LUMBISIL21, Local Cell ID=2, Cell Name=PIC_UIO_LUMBISI_L21_2, eNodeB ID=44154, Cell FDD TDD indication=CELL_FDD",Reliable,749.704,267.329
2026-04-10 19:00,60,"PI_UIO_LUMBISI_UL/Cell:eNodeB Function Name=PI_UIO_LUMBISIL21, Local Cell ID=3, Cell Name=PIC_UIO_LUMBISI_L21_3, eNodeB ID=44154, Cell FDD TDD indication=CELL_FDD",Reliable,1398.387,97.77
2026-04-10 19:00,60,"PI_UIO_LUMBISI_UL/Cell:eNodeB Function Name=PI_UIO_LUMBISIL21, Local Cell ID=7, Cell Name=PIC_UIO_LUMBISI_L7_7, eNodeB ID=44154, Cell FDD TDD indication=CELL_FDD",Reliable,1070.606,1321.763
2026-04-10 19:00,60,"PI_UIO_LUMBISI_UL/Cell:eNodeB Function Name=PI_UIO_LUMBISIL21, Local Cell ID=8, Cell Name=PIC_UIO_LUMBISI_L7_8, eNodeB ID=44154, Cell FDD TDD indication=CELL_FDD",Reliable,194.877,213.021
2026-04-10 19:00,60,"PI_UIO_LUMBISI_UL/Cell:eNodeB Function Name=PI_UIO_LUMBISIL21, Local Cell ID=9, Cell Name=PIC_UIO_LUMBISI_L7_9, eNodeB ID=44154, Cell FDD TDD indication=CELL_FDD",Reliable,727.602,210.673
2026-04-10 19:00,60,"PI_UIO_CC_SAN_LUIS_UL/Cell:eNodeB Function Name=PI_UIO_CC_SAN_LUIS_L, Local Cell ID=1, Cell Name=PI_UIO_CC_SAN_LUIS_1, eNodeB ID=44197, Cell FDD TDD indication=CELL_FDD",Reliable,8493.254,1951.8
2026-04-10 19:00,60,"PI_UIO_CC_SAN_LUIS_UL/Cell:eNodeB Function Name=PI_UIO_CC_SAN_LUIS_L, Local Cell ID=2, Cell Name=PI_UIO_CC_SAN_LUIS_2, eNodeB ID=44197, Cell FDD TDD indication=CELL_FDD",Reliable,4009.275,580.885
2026-04-10 19:00,60,"PI_UIO_CC_SAN_LUIS_UL/Cell:eNodeB Function Name=PI_UIO_CC_SAN_LUIS_L, Local Cell ID=3, Cell Name=PI_UIO_CC_SAN_LUIS_3, eNodeB ID=44197, Cell FDD TDD indication=CELL_FDD",Reliable,1443.271,152.96
2026-04-10 19:00,60,"PI_UIO_CC_SAN_LUIS_UL/Cell:eNodeB Function Name=PI_UIO_CC_SAN_LUIS_L, Local Cell ID=11, Cell Name=PI_UIO_CC_SAN_LUIS_11, eNodeB ID=44197, Cell FDD TDD indication=CELL_FDD",Reliable,3577.316,1125.554
2026-04-10 19:00,60,"PI_UIO_CC_SAN_LUIS_UL/Cell:eNodeB Function Name=PI_UIO_CC_SAN_LUIS_L, Local Cell ID=12, Cell Name=PI_UIO_CC_SAN_LUIS_12, eNodeB ID=44197, Cell FDD TDD indication=CELL_FDD",Reliable,412.489,44.372
2026-04-10 19:00,60,"PI_UIO_CC_SAN_LUIS_UL/Cell:eNodeB Function Name=PI_UIO_CC_SAN_LUIS_L, Local Cell ID=13, Cell Name=PI_UIO_CC_SAN_LUIS_13, eNodeB ID=44197, Cell FDD TDD indication=CELL_FDD",Reliable,864.996,55.14
2026-04-10 19:00,60,"PI_UIO_LA_COMUNA_UL/Cell:eNodeB Function Name=PI_UIO_LA_COMUNA_L, Local Cell ID=1, Cell Name=PI_UIO_LA_COMUNA_1, eNodeB ID=44138, Cell FDD TDD indication=CELL_FDD",Reliable,431.485,55.597
2026-04-10 19:00,60,"PI_UIO_LA_COMUNA_UL/Cell:eNodeB Function Name=PI_UIO_LA_COMUNA_L, Local Cell ID=2, Cell Name=PI_UIO_LA_COMUNA_2, eNodeB ID=44138, Cell FDD TDD indication=CELL_FDD",Reliable,858.458,138.725
2026-04-10 19:00,60,"PI_UIO_LA_COMUNA_UL/Cell:eNodeB Function Name=PI_UIO_LA_COMUNA_L, Local Cell ID=3, Cell Name=PI_UIO_LA_COMUNA_3, eNodeB ID=44138, Cell FDD TDD indication=CELL_FDD",Reliable,698.614,49.214
2026-04-10 19:00,60,"PI_UIO_LA_COMUNA_UL/Cell:eNodeB Function Name=PI_UIO_LA_COMUNA_L, Local Cell ID=11, Cell Name=PI_UIO_LA_COMUNA_11, eNodeB ID=44138, Cell FDD TDD indication=CELL_FDD",Reliable,155.857,19.049
2026-04-10 19:00,60,"PI_UIO_LA_COMUNA_UL/Cell:eNodeB Function Name=PI_UIO_LA_COMUNA_L, Local Cell ID=12, Cell Name=PI_UIO_LA_COMUNA_12, eNodeB ID=44138, Cell FDD TDD indication=CELL_FDD",Reliable,1141.577,50.869
2026-04-10 19:00,60,"PI_UIO_LA_COMUNA_UL/Cell:eNodeB Function Name=PI_UIO_LA_COMUNA_L, Local Cell ID=13, Cell Name=PI_UIO_LA_COMUNA_13, eNodeB ID=44138, Cell FDD TDD indication=CELL_FDD",Reliable,401.582,43.99
2026-04-10 19:00,60,"PIC_UIO_TRIBUNAL_SUPREMO_ULN/Cell:eNodeB Function Name=PI_UIO_TRIBUNAL_SUPREMO_L, Local Cell ID=1, Cell Name=PI_UIO_TRIBUNAL_SUPREMO_1, eNodeB ID=44192, Cell FDD TDD indication=CELL_FDD",Reliable,4732.183,415.981
2026-04-10 19:00,60,"PIC_UIO_TRIBUNAL_SUPREMO_ULN/Cell:eNodeB Function Name=PI_UIO_TRIBUNAL_SUPREMO_L, Local Cell ID=2, Cell Name=PI_UIO_TRIBUNAL_SUPREMO_2, eNodeB ID=44192, Cell FDD TDD indication=CELL_FDD",Reliable,189.116,24.021
2026-04-10 19:00,60,"PIC_UIO_TRIBUNAL_SUPREMO_ULN/Cell:eNodeB Function Name=PI_UIO_TRIBUNAL_SUPREMO_L, Local Cell ID=3, Cell Name=PI_UIO_TRIBUNAL_SUPREMO_3, eNodeB ID=44192, Cell FDD TDD indication=CELL_FDD",Reliable,560.217,193.079
2026-04-10 19:00,60,"PIC_UIO_TRIBUNAL_SUPREMO_ULN/Cell:eNodeB Function Name=PI_UIO_TRIBUNAL_SUPREMO_L, Local Cell ID=11, Cell Name=PI_UIO_TRIBUNAL_SUPREMO_11, eNodeB ID=44192, Cell FDD TDD indication=CELL_FDD",Reliable,881.012,69.189
2026-04-10 19:00,60,"PIC_UIO_TRIBUNAL_SUPREMO_ULN/Cell:eNodeB Function Name=PI_UIO_TRIBUNAL_SUPREMO_L, Local Cell ID=12, Cell Name=PI_UIO_TRIBUNAL_SUPREMO_12, eNodeB ID=44192, Cell FDD TDD indication=CELL_FDD",Reliable,10.878,1.685
2026-04-10 19:00,60,"PIC_UIO_TRIBUNAL_SUPREMO_ULN/Cell:eNodeB Function Name=PI_UIO_TRIBUNAL_SUPREMO_L, Local Cell ID=13, Cell Name=PI_UIO_TRIBUNAL_SUPREMO_13, eNodeB ID=44192, Cell FDD TDD indication=CELL_FDD",Reliable,26.868,3.699
2026-04-10 19:00,60,"PI_UIO_PARQUE_INGLES_UL/Cell:eNodeB Function Name=PI_UIO_PARQUE_INGLESL21, Local Cell ID=1, Cell Name=PI_UIO_PARQUE_INGLES_1, eNodeB ID=44167, Cell FDD TDD indication=CELL_FDD",Reliable,1192.555,85.885
2026-04-10 19:00,60,"PI_UIO_PARQUE_INGLES_UL/Cell:eNodeB Function Name=PI_UIO_PARQUE_INGLESL21, Local Cell ID=2, Cell Name=PI_UIO_PARQUE_INGLES_2, eNodeB ID=44167, Cell FDD TDD indication=CELL_FDD",Reliable,920.139,98.413
2026-04-10 19:00,60,"PI_UIO_PARQUE_INGLES_UL/Cell:eNodeB Function Name=PI_UIO_PARQUE_INGLESL21, Local Cell ID=3, Cell Name=PI_UIO_PARQUE_INGLES_3, eNodeB ID=44167, Cell FDD TDD indication=CELL_FDD",Reliable,1071.39,125.36
2026-04-10 19:00,60,"PI_UIO_CONOCOTO_UL/Cell:eNodeB Function Name=PI_UIO_CONOCOTOL21, Local Cell ID=1, Cell Name=PI_UIO_CONOCOTO_1, eNodeB ID=44022, Cell FDD TDD indication=CELL_FDD",Reliable,834.382,63.282
2026-04-10 19:00,60,"PI_UIO_CONOCOTO_UL/Cell:eNodeB Function Name=PI_UIO_CONOCOTOL21, Local Cell ID=2, Cell Name=PI_UIO_CONOCOTO_2, eNodeB ID=44022, Cell FDD TDD indication=CELL_FDD",Reliable,7454.734,875.551
2026-04-10 19:00,60,"PI_UIO_CONOCOTO_UL/Cell:eNodeB Function Name=PI_UIO_CONOCOTOL21, Local Cell ID=3, Cell Name=PI_UIO_CONOCOTO_3, eNodeB ID=44022, Cell FDD TDD indication=CELL_FDD",Reliable,2849.454,376.566
2026-04-10 19:00,60,"PI_UIO_CONOCOTO_UL/Cell:eNodeB Function Name=PI_UIO_CONOCOTOL21, Local Cell ID=7, Cell Name=PI_UIO_CONOCOTO_APT_7, eNodeB ID=44022, Cell FDD TDD indication=CELL_FDD",Reliable,2032.414,208.247
2026-04-10 19:00,60,"PI_UIO_CONOCOTO_UL/Cell:eNodeB Function Name=PI_UIO_CONOCOTOL21, Local Cell ID=8, Cell Name=PI_UIO_CONOCOTO_APT_8, eNodeB ID=44022, Cell FDD TDD indication=CELL_FDD",Reliable,5711.125,586.271
2026-04-10 19:00,60,"PI_UIO_CONOCOTO_UL/Cell:eNodeB Function Name=PI_UIO_CONOCOTOL21, Local Cell ID=9, Cell Name=PI_UIO_CONOCOTO_APT_9, eNodeB ID=44022, Cell FDD TDD indication=CELL_FDD",Reliable,5596.995,446.107
2026-04-10 19:00,60,"PIC_UIO_ALAMEDA_ULN/Cell:eNodeB Function Name=PIC_UIO_ALAMEDA_L, Local Cell ID=1, Cell Name=PIC_UIO_ALAMEDA_L21_1, eNodeB ID=44030, Cell FDD TDD indication=CELL_FDD",Reliable,1897.554,292.665
2026-04-10 19:00,60,"PIC_UIO_ALAMEDA_ULN/Cell:eNodeB Function Name=PIC_UIO_ALAMEDA_L, Local Cell ID=2, Cell Name=PIC_UIO_ALAMEDA_L21_2, eNodeB ID=44030, Cell FDD TDD indication=CELL_FDD",Reliable,2276.068,163.692
2026-04-10 19:00,60,"PIC_UIO_ALAMEDA_ULN/Cell:eNodeB Function Name=PIC_UIO_ALAMEDA_L, Local Cell ID=3, Cell Name=PIC_UIO_ALAMEDA_L21_3, eNodeB ID=44030, Cell FDD TDD indication=CELL_FDD",Reliable,957.278,217.887
2026-04-10 19:00,60,"PIC_UIO_ALAMEDA_ULN/Cell:eNodeB Function Name=PIC_UIO_ALAMEDA_L, Local Cell ID=7, Cell Name=PIC_UIO_ALAMEDA_L7_7, eNodeB ID=44030, Cell FDD TDD indication=CELL_FDD",Reliable,2390.38,241.056
2026-04-10 19:00,60,"PIC_UIO_ALAMEDA_ULN/Cell:eNodeB Function Name=PIC_UIO_ALAMEDA_L, Local Cell ID=8, Cell Name=PIC_UIO_ALAMEDA_L7_8, eNodeB ID=44030, Cell FDD TDD indication=CELL_FDD",Reliable,1675.193,242.206
2026-04-10 19:00,60,"PIC_UIO_ALAMEDA_ULN/Cell:eNodeB Function Name=PIC_UIO_ALAMEDA_L, Local Cell ID=9, Cell Name=PIC_UIO_ALAMEDA_L7_9, eNodeB ID=44030, Cell FDD TDD indication=CELL_FDD",Reliable,2041.485,330.799
2026-04-10 19:00,60,"PIC_UIO_ALAMEDA_ULN/Cell:eNodeB Function Name=PIC_UIO_ALAMEDA_L, Local Cell ID=11, Cell Name=PIC_UIO_ALAMEDA_L19_11, eNodeB ID=44030, Cell FDD TDD indication=CELL_FDD",Reliable,376.848,43.259
2026-04-10 19:00,60,"PIC_UIO_ALAMEDA_ULN/Cell:eNodeB Function Name=PIC_UIO_ALAMEDA_L, Local Cell ID=12, Cell Name=PIC_UIO_ALAMEDA_L19_12, eNodeB ID=44030, Cell FDD TDD indication=CELL_FDD",Reliable,506.315,97.168
2026-04-10 19:00,60,"PIC_UIO_ALAMEDA_ULN/Cell:eNodeB Function Name=PIC_UIO_ALAMEDA_L, Local Cell ID=13, Cell Name=PIC_UIO_ALAMEDA_L19_13, eNodeB ID=44030, Cell FDD TDD indication=CELL_FDD",Reliable,158.257,883.121
2026-04-10 19:00,60,"PI_UIO_VACA_DE_CASTRO_UL/Cell:eNodeB Function Name=PI_UIO_VACA_DE_CASTROL21, Local Cell ID=1, Cell Name=PI_UIO_VACA_DE_CASTRO_1, eNodeB ID=44194, Cell FDD TDD indication=CELL_FDD",Reliable,2471.218,251.289
2026-04-10 19:00,60,"PI_UIO_VACA_DE_CASTRO_UL/Cell:eNodeB Function Name=PI_UIO_VACA_DE_CASTROL21, Local Cell ID=2, Cell Name=PI_UIO_VACA_DE_CASTRO_2, eNodeB ID=44194, Cell FDD TDD indication=CELL_FDD",Reliable,1248.773,121.795
2026-04-10 19:00,60,"PI_UIO_VACA_DE_CASTRO_UL/Cell:eNodeB Function Name=PI_UIO_VACA_DE_CASTROL21, Local Cell ID=3, Cell Name=PI_UIO_VACA_DE_CASTRO_3, eNodeB ID=44194, Cell FDD TDD indication=CELL_FDD",Reliable,2757.925,284.442
2026-04-10 19:00,60,"PIC_UIO_TOMAS_DE_BERLANGA_ULN/Cell:eNodeB Function Name=PI_UIO_TOMAS_DE_BERLANGA_L, Local Cell ID=1, Cell Name=PI_UIO_TOMAS_DE_BERLANGA_1, eNodeB ID=44191, Cell FDD TDD indication=CELL_FDD",Reliable,1404.017,154.092
2026-04-10 19:00,60,"PIC_UIO_TOMAS_DE_BERLANGA_ULN/Cell:eNodeB Function Name=PI_UIO_TOMAS_DE_BERLANGA_L, Local Cell ID=2, Cell Name=PI_UIO_TOMAS_DE_BERLANGA_2, eNodeB ID=44191, Cell FDD TDD indication=CELL_FDD",Reliable,1297.265,94.379
2026-04-10 19:00,60,"PIC_UIO_TOMAS_DE_BERLANGA_ULN/Cell:eNodeB Function Name=PI_UIO_TOMAS_DE_BERLANGA_L, Local Cell ID=3, Cell Name=PI_UIO_TOMAS_DE_BERLANGA_3, eNodeB ID=44191, Cell FDD TDD indication=CELL_FDD",Reliable,5722.28,2844.244
2026-04-10 19:00,60,"PIC_UIO_TOMAS_DE_BERLANGA_ULN/Cell:eNodeB Function Name=PI_UIO_TOMAS_DE_BERLANGA_L, Local Cell ID=11, Cell Name=PI_UIO_TOMAS_DE_BERLANGA_11, eNodeB ID=44191, Cell FDD TDD indication=CELL_FDD",Reliable,68.365,5.1
2026-04-10 19:00,60,"PIC_UIO_TOMAS_DE_BERLANGA_ULN/Cell:eNodeB Function Name=PI_UIO_TOMAS_DE_BERLANGA_L, Local Cell ID=12, Cell Name=PI_UIO_TOMAS_DE_BERLANGA_12, eNodeB ID=44191, Cell FDD TDD indication=CELL_FDD",Reliable,25.147,3.473
2026-04-10 19:00,60,"PIC_UIO_TOMAS_DE_BERLANGA_ULN/Cell:eNodeB Function Name=PI_UIO_TOMAS_DE_BERLANGA_L, Local Cell ID=13, Cell Name=PI_UIO_TOMAS_DE_BERLANGA_13, eNodeB ID=44191, Cell FDD TDD indication=CELL_FDD",Reliable,686.21,395.894
2026-04-10 19:00,60,"PI_UIO_LA_GASCA_UL/Cell:eNodeB Function Name=PI_UIO_LA_GASCAL21, Local Cell ID=1, Cell Name=PI_UIO_LA_GASCA_1, eNodeB ID=44139, Cell FDD TDD indication=CELL_FDD",Reliable,1134.391,150.919
2026-04-10 19:00,60,"PI_UIO_LA_GASCA_UL/Cell:eNodeB Function Name=PI_UIO_LA_GASCAL21, Local Cell ID=2, Cell Name=PI_UIO_LA_GASCA_2, eNodeB ID=44139, Cell FDD TDD indication=CELL_FDD",Reliable,203.244,33.886
2026-04-10 19:00,60,"PI_UIO_LA_GASCA_UL/Cell:eNodeB Function Name=PI_UIO_LA_GASCAL21, Local Cell ID=3, Cell Name=PI_UIO_LA_GASCA_3, eNodeB ID=44139, Cell FDD TDD indication=CELL_FDD",Reliable,1564.316,153.425
2026-04-10 19:00,60,"PIC_UIO_MARISCAL_SUCRE_ULN/Cell:eNodeB Function Name=PIC_UIO_MARISCAL_SUCRE_L, Local Cell ID=1, Cell Name=PIC_UIO_MARISCAL_SUCRE_L21_1, eNodeB ID=44008, Cell FDD TDD indication=CELL_FDD",Reliable,1099.628,217.496
2026-04-10 19:00,60,"PIC_UIO_MARISCAL_SUCRE_ULN/Cell:eNodeB Function Name=PIC_UIO_MARISCAL_SUCRE_L, Local Cell ID=2, Cell Name=PIC_UIO_MARISCAL_SUCRE_L21_2, eNodeB ID=44008, Cell FDD TDD indication=CELL_FDD",Reliable,2014.407,233.079
2026-04-10 19:00,60,"PIC_UIO_MARISCAL_SUCRE_ULN/Cell:eNodeB Function Name=PIC_UIO_MARISCAL_SUCRE_L, Local Cell ID=3, Cell Name=PIC_UIO_MARISCAL_SUCRE_L21_3, eNodeB ID=44008, Cell FDD TDD indication=CELL_FDD",Reliable,1205.03,478.58
2026-04-10 19:00,60,"PIC_UIO_MARISCAL_SUCRE_ULN/Cell:eNodeB Function Name=PIC_UIO_MARISCAL_SUCRE_L, Local Cell ID=7, Cell Name=PIC_UIO_MARISCAL_SUCRE_L7_7, eNodeB ID=44008, Cell FDD TDD indication=CELL_FDD",Reliable,1311.872,142.302
2026-04-10 19:00,60,"PIC_UIO_MARISCAL_SUCRE_ULN/Cell:eNodeB Function Name=PIC_UIO_MARISCAL_SUCRE_L, Local Cell ID=8, Cell Name=PIC_UIO_MARISCAL_SUCRE_L7_8, eNodeB ID=44008, Cell FDD TDD indication=CELL_FDD",Reliable,3585.12,922.979
2026-04-10 19:00,60,"PIC_UIO_MARISCAL_SUCRE_ULN/Cell:eNodeB Function Name=PIC_UIO_MARISCAL_SUCRE_L, Local Cell ID=9, Cell Name=PIC_UIO_MARISCAL_SUCRE_L7_9, eNodeB ID=44008, Cell FDD TDD indication=CELL_FDD",Reliable,556.958,82.042
2026-04-10 19:00,60,"PIC_UIO_MARISCAL_SUCRE_ULN/Cell:eNodeB Function Name=PIC_UIO_MARISCAL_SUCRE_L, Local Cell ID=11, Cell Name=PIC_UIO_MARISCAL_SUCRE_L19_11, eNodeB ID=44008, Cell FDD TDD indication=CELL_FDD",Reliable,246.56,35.572
2026-04-10 19:00,60,"PIC_UIO_MARISCAL_SUCRE_ULN/Cell:eNodeB Function Name=PIC_UIO_MARISCAL_SUCRE_L, Local Cell ID=12, Cell Name=PIC_UIO_MARISCAL_SUCRE_L19_12, eNodeB ID=44008, Cell FDD TDD indication=CELL_FDD",Reliable,413.852,105.094
2026-04-10 19:00,60,"PIC_UIO_MARISCAL_SUCRE_ULN/Cell:eNodeB Function Name=PIC_UIO_MARISCAL_SUCRE_L, Local Cell ID=13, Cell Name=PIC_UIO_MARISCAL_SUCRE_L19_13, eNodeB ID=44008, Cell FDD TDD indication=CELL_FDD",Reliable,330.937,57.854
2026-04-10 19:00,60,"PI_UIO_PEDRO_ALVARADO_UL/Cell:eNodeB Function Name=PI_UIO_PEDRO_ALVARADOL21, Local Cell ID=1, Cell Name=PI_UIO_PEDRO_ALVARADO_1, eNodeB ID=44169, Cell FDD TDD indication=CELL_FDD",Reliable,1675.03,171.987
2026-04-10 19:00,60,"PI_UIO_PEDRO_ALVARADO_UL/Cell:eNodeB Function Name=PI_UIO_PEDRO_ALVARADOL21, Local Cell ID=2, Cell Name=PI_UIO_PEDRO_ALVARADO_2, eNodeB ID=44169, Cell FDD TDD indication=CELL_FDD",Reliable,141.634,34.597
2026-04-10 19:00,60,"PI_UIO_PEDRO_ALVARADO_UL/Cell:eNodeB Function Name=PI_UIO_PEDRO_ALVARADOL21, Local Cell ID=3, Cell Name=PI_UIO_PEDRO_ALVARADO_3, eNodeB ID=44169, Cell FDD TDD indication=CELL_FDD",Reliable,26.906,5.415
2026-04-10 19:00,60,"PI_UIO_FLORIDA_UL/Cell:eNodeB Function Name=PI_UIO_FLORIDAL21, Local Cell ID=1, Cell Name=PI_UIO_FLORIDA_1, eNodeB ID=44126, Cell FDD TDD indication=CELL_FDD",Reliable,1495.074,155.705
2026-04-10 19:00,60,"PI_UIO_FLORIDA_UL/Cell:eNodeB Function Name=PI_UIO_FLORIDAL21, Local Cell ID=2, Cell Name=PI_UIO_FLORIDA_2, eNodeB ID=44126, Cell FDD TDD indication=CELL_FDD",Reliable,1319.389,110.773
2026-04-10 19:00,60,"PI_UIO_FLORIDA_UL/Cell:eNodeB Function Name=PI_UIO_FLORIDAL21, Local Cell ID=3, Cell Name=PI_UIO_FLORIDA_3, eNodeB ID=44126, Cell FDD TDD indication=CELL_FDD",Reliable,98.415,9.321
2026-04-10 19:00,60,"PI_UIO_HERMANO_MIGUEL_UL/Cell:eNodeB Function Name=PI_UIO_HERMANO_MIGUELL21, Local Cell ID=1, Cell Name=PI_UIO_HERMANO_MIGUEL_1, eNodeB ID=44104, Cell FDD TDD indication=CELL_FDD",Reliable,3387.322,249.972
2026-04-10 19:00,60,"PI_UIO_HERMANO_MIGUEL_UL/Cell:eNodeB Function Name=PI_UIO_HERMANO_MIGUELL21, Local Cell ID=2, Cell Name=PI_UIO_HERMANO_MIGUEL_2, eNodeB ID=44104, Cell FDD TDD indication=CELL_FDD",Reliable,908.166,60.05
2026-04-10 19:00,60,"PI_UIO_HERMANO_MIGUEL_UL/Cell:eNodeB Function Name=PI_UIO_HERMANO_MIGUELL21, Local Cell ID=3, Cell Name=PI_UIO_HERMANO_MIGUEL_3, eNodeB ID=44104, Cell FDD TDD indication=CELL_FDD",Reliable,663.151,63.762
2026-04-10 19:00,60,"PI_UIO_ALONSO_DE_ANGULO_UL/Cell:eNodeB Function Name=PI_UIO_ALONSO_DE_ANGULO_L, Local Cell ID=1, Cell Name=PI_UIO_ALONSO_DE_ANGULO_1, eNodeB ID=44058, Cell FDD TDD indication=CELL_FDD",Reliable,1961.439,149.055
2026-04-10 19:00,60,"PI_UIO_ALONSO_DE_ANGULO_UL/Cell:eNodeB Function Name=PI_UIO_ALONSO_DE_ANGULO_L, Local Cell ID=2, Cell Name=PI_UIO_ALONSO_DE_ANGULO_2, eNodeB ID=44058, Cell FDD TDD indication=CELL_FDD",Reliable,1836.943,263.926
2026-04-10 19:00,60,"PI_UIO_ALONSO_DE_ANGULO_UL/Cell:eNodeB Function Name=PI_UIO_ALONSO_DE_ANGULO_L, Local Cell ID=3, Cell Name=PI_UIO_ALONSO_DE_ANGULO_3, eNodeB ID=44058, Cell FDD TDD indication=CELL_FDD",Reliable,1784.65,140.969
2026-04-10 19:00,60,"PI_UIO_ALONSO_DE_ANGULO_UL/Cell:eNodeB Function Name=PI_UIO_ALONSO_DE_ANGULO_L, Local Cell ID=7, Cell Name=PI_UIO_ALONSO_DE_ANGULO_APT_7, eNodeB ID=44058, Cell FDD TDD indication=CELL_FDD",Reliable,2022.419,202.209
2026-04-10 19:00,60,"PI_UIO_ALONSO_DE_ANGULO_UL/Cell:eNodeB Function Name=PI_UIO_ALONSO_DE_ANGULO_L, Local Cell ID=8, Cell Name=PI_UIO_ALONSO_DE_ANGULO_APT_8, eNodeB ID=44058, Cell FDD TDD indication=CELL_FDD",Reliable,3459.553,389.2
2026-04-10 19:00,60,"PI_UIO_ALONSO_DE_ANGULO_UL/Cell:eNodeB Function Name=PI_UIO_ALONSO_DE_ANGULO_L, Local Cell ID=9, Cell Name=PI_UIO_ALONSO_DE_ANGULO_APT_9, eNodeB ID=44058, Cell FDD TDD indication=CELL_FDD",Reliable,4440.585,468.898
2026-04-10 19:00,60,"PI_UIO_ALONSO_DE_ANGULO_UL/Cell:eNodeB Function Name=PI_UIO_ALONSO_DE_ANGULO_L, Local Cell ID=11, Cell Name=PI_UIO_ALONSO_DE_ANGULO_11, eNodeB ID=44058, Cell FDD TDD indication=CELL_FDD",Reliable,166.32,11.392
2026-04-10 19:00,60,"PI_UIO_ALONSO_DE_ANGULO_UL/Cell:eNodeB Function Name=PI_UIO_ALONSO_DE_ANGULO_L, Local Cell ID=12, Cell Name=PI_UIO_ALONSO_DE_ANGULO_12, eNodeB ID=44058, Cell FDD TDD indication=CELL_FDD",Reliable,52.213,9.974
2026-04-10 19:00,60,"PI_UIO_ALONSO_DE_ANGULO_UL/Cell:eNodeB Function Name=PI_UIO_ALONSO_DE_ANGULO_L, Local Cell ID=13, Cell Name=PI_UIO_ALONSO_DE_ANGULO_13, eNodeB ID=44058, Cell FDD TDD indication=CELL_FDD",Reliable,505.624,39.481
2026-04-10 19:00,60,"PI_UIO_EL_RECREO_UL/Cell:eNodeB Function Name=PI_UIO_EL_RECREO_L, Local Cell ID=1, Cell Name=PI_UIO_EL_RECREO_1, eNodeB ID=44121, Cell FDD TDD indication=CELL_FDD",Reliable,1749.105,174.516
2026-04-10 19:00,60,"PI_UIO_EL_RECREO_UL/Cell:eNodeB Function Name=PI_UIO_EL_RECREO_L, Local Cell ID=2, Cell Name=PI_UIO_EL_RECREO_2, eNodeB ID=44121, Cell FDD TDD indication=CELL_FDD",Reliable,4076.983,357.356
2026-04-10 19:00,60,"PI_UIO_EL_RECREO_UL/Cell:eNodeB Function Name=PI_UIO_EL_RECREO_L, Local Cell ID=3, Cell Name=PI_UIO_EL_RECREO_3, eNodeB ID=44121, Cell FDD TDD indication=CELL_FDD",Reliable,10526.148,834.743
2026-04-10 19:00,60,"PI_UIO_EL_RECREO_UL/Cell:eNodeB Function Name=PI_UIO_EL_RECREO_L, Local Cell ID=11, Cell Name=PI_UIO_EL_RECREO_11, eNodeB ID=44121, Cell FDD TDD indication=CELL_FDD",Reliable,369.666,56.238
2026-04-10 19:00,60,"PI_UIO_EL_RECREO_UL/Cell:eNodeB Function Name=PI_UIO_EL_RECREO_L, Local Cell ID=12, Cell Name=PI_UIO_EL_RECREO_12, eNodeB ID=44121, Cell FDD TDD indication=CELL_FDD",Reliable,1258.626,131.319
2026-04-10 19:00,60,"PI_UIO_EL_RECREO_UL/Cell:eNodeB Function Name=PI_UIO_EL_RECREO_L, Local Cell ID=13, Cell Name=PI_UIO_EL_RECREO_13, eNodeB ID=44121, Cell FDD TDD indication=CELL_FDD",Reliable,1182.205,154.146
2026-04-10 19:00,60,"PI_UIO_CHIRIYACU_ALTO_UL/Cell:eNodeB Function Name=PI_UIO_CHIRIYACU_ALTO_UL, Local Cell ID=1, Cell Name=PI_UIO_CHIRIYACU_ALTO_1, eNodeB ID=44098, Cell FDD TDD indication=CELL_FDD",Reliable,584.17,66.387
2026-04-10 19:00,60,"PI_UIO_CHIRIYACU_ALTO_UL/Cell:eNodeB Function Name=PI_UIO_CHIRIYACU_ALTO_UL, Local Cell ID=2, Cell Name=PI_UIO_CHIRIYACU_ALTO_2, eNodeB ID=44098, Cell FDD TDD indication=CELL_FDD",Reliable,2401.012,161.012
2026-04-10 19:00,60,"PI_UIO_CINCO_ESQUINAS_UL/Cell:eNodeB Function Name=PI_UIO_CINCO_ESQUINAS_UL, Local Cell ID=1, Cell Name=PI_UIO_CINCO_ESQUINAS_1, eNodeB ID=44099, Cell FDD TDD indication=CELL_FDD",Reliable,1918.006,151.693
2026-04-10 19:00,60,"PI_UIO_CINCO_ESQUINAS_UL/Cell:eNodeB Function Name=PI_UIO_CINCO_ESQUINAS_UL, Local Cell ID=2, Cell Name=PI_UIO_CINCO_ESQUINAS_2, eNodeB ID=44099, Cell FDD TDD indication=CELL_FDD",Reliable,820.406,71.132
2026-04-10 19:00,60,"PI_UIO_CINCO_ESQUINAS_UL/Cell:eNodeB Function Name=PI_UIO_CINCO_ESQUINAS_UL, Local Cell ID=3, Cell Name=PI_UIO_CINCO_ESQUINAS_3, eNodeB ID=44099, Cell FDD TDD indication=CELL_FDD",Reliable,2138.406,189.432
2026-04-10 19:00,60,"PI_UIO_EL_TEJAR_UL/Cell:eNodeB Function Name=PI_UIO_EL_TEJARL21, Local Cell ID=1, Cell Name=PI_UIO_EL_TEJAR_1, eNodeB ID=44122, Cell FDD TDD indication=CELL_FDD",Reliable,3052.994,779.369
2026-04-10 19:00,60,"PI_UIO_EL_TEJAR_UL/Cell:eNodeB Function Name=PI_UIO_EL_TEJARL21, Local Cell ID=2, Cell Name=PI_UIO_EL_TEJAR_2, eNodeB ID=44122, Cell FDD TDD indication=CELL_FDD",Reliable,430.723,41.981
2026-04-10 19:00,60,"PI_UIO_AGUA_CLARA_UL/Cell:eNodeB Function Name=PI_UIO_AGUA_CLARAL21, Local Cell ID=1, Cell Name=PI_UIO_AGUA_CLARA_1, eNodeB ID=44077, Cell FDD TDD indication=CELL_FDD",Reliable,1199.74,109.097
2026-04-10 19:00,60,"PI_UIO_AGUA_CLARA_UL/Cell:eNodeB Function Name=PI_UIO_AGUA_CLARAL21, Local Cell ID=2, Cell Name=PI_UIO_AGUA_CLARA_2, eNodeB ID=44077, Cell FDD TDD indication=CELL_FDD",Reliable,2770.912,208.428
2026-04-10 19:00,60,"PI_UIO_COTOCOLLAO_UL/Cell:eNodeB Function Name=PI_UIO_COTOCOLLAOL21, Local Cell ID=1, Cell Name=PI_UIO_COTOCOLLAO_1, eNodeB ID=44107, Cell FDD TDD indication=CELL_FDD",Reliable,2804.13,703.915
2026-04-10 19:00,60,"PI_UIO_COTOCOLLAO_UL/Cell:eNodeB Function Name=PI_UIO_COTOCOLLAOL21, Local Cell ID=2, Cell Name=PI_UIO_COTOCOLLAO_2, eNodeB ID=44107, Cell FDD TDD indication=CELL_FDD",Reliable,828.791,76.11
2026-04-10 19:00,60,"PI_UIO_COTOCOLLAO_UL/Cell:eNodeB Function Name=PI_UIO_COTOCOLLAOL21, Local Cell ID=3, Cell Name=PI_UIO_COTOCOLLAO_3, eNodeB ID=44107, Cell FDD TDD indication=CELL_FDD",Reliable,471.379,28.423
2026-04-10 19:00,60,"PI_UIO_SAN_CARLOS_UL/Cell:eNodeB Function Name=PI_UIO_SAN_CARLOSL21, Local Cell ID=1, Cell Name=PI_UIO_SAN_CARLOS_1, eNodeB ID=44930, Cell FDD TDD indication=CELL_FDD",Reliable,3502.706,371.151
2026-04-10 19:00,60,"PI_UIO_SAN_CARLOS_UL/Cell:eNodeB Function Name=PI_UIO_SAN_CARLOSL21, Local Cell ID=2, Cell Name=PI_UIO_SAN_CARLOS_2, eNodeB ID=44930, Cell FDD TDD indication=CELL_FDD",Reliable,1268.28,132.835
2026-04-10 19:00,60,"PI_UIO_SAN_CARLOS_UL/Cell:eNodeB Function Name=PI_UIO_SAN_CARLOSL21, Local Cell ID=3, Cell Name=PI_UIO_SAN_CARLOS_3, eNodeB ID=44930, Cell FDD TDD indication=CELL_FDD",Reliable,2466.084,154.563
2026-04-10 19:00,60,"PI_UIO_EL_CONDADO_UL/Cell:eNodeB Function Name=PI_UIO_EL_CONDADOL21, Local Cell ID=1, Cell Name=PI_UIO_EL_CONDADO_1, eNodeB ID=44003, Cell FDD TDD indication=CELL_FDD",Reliable,565.52,75.195
2026-04-10 19:00,60,"PI_UIO_EL_CONDADO_UL/Cell:eNodeB Function Name=PI_UIO_EL_CONDADOL21, Local Cell ID=2, Cell Name=PI_UIO_EL_CONDADO_2, eNodeB ID=44003, Cell FDD TDD indication=CELL_FDD",Reliable,1690.822,190.869
2026-04-10 19:00,60,"PI_UIO_EL_CONDADO_UL/Cell:eNodeB Function Name=PI_UIO_EL_CONDADOL21, Local Cell ID=3, Cell Name=PI_UIO_EL_CONDADO_3, eNodeB ID=44003, Cell FDD TDD indication=CELL_FDD",Reliable,2810.442,184.373
2026-04-10 19:00,60,"PI_UIO_EL_CONDADO_UL/Cell:eNodeB Function Name=PI_UIO_EL_CONDADOL21, Local Cell ID=7, Cell Name=PI_UIO_EL_CONDADO_APT_7, eNodeB ID=44003, Cell FDD TDD indication=CELL_FDD",Reliable,4654.205,649.222
2026-04-10 19:00,60,"PI_UIO_EL_CONDADO_UL/Cell:eNodeB Function Name=PI_UIO_EL_CONDADOL21, Local Cell ID=8, Cell Name=PI_UIO_EL_CONDADO_APT_8, eNodeB ID=44003, Cell FDD TDD indication=CELL_FDD",Reliable,9014.282,1100.948
2026-04-10 19:00,60,"PI_UIO_EL_CONDADO_UL/Cell:eNodeB Function Name=PI_UIO_EL_CONDADOL21, Local Cell ID=9, Cell Name=PI_UIO_EL_CONDADO_APT_9, eNodeB ID=44003, Cell FDD TDD indication=CELL_FDD",Reliable,889.064,278.248
2026-04-10 19:00,60,"PI_UIO_CHILIBULO_UL/Cell:eNodeB Function Name=PI_UIO_CHILIBULOL21, Local Cell ID=1, Cell Name=PI_UIO_CHILIBULO_1, eNodeB ID=44097, Cell FDD TDD indication=CELL_FDD",Reliable,1317.521,60.093
2026-04-10 19:00,60,"PI_UIO_CHILIBULO_UL/Cell:eNodeB Function Name=PI_UIO_CHILIBULOL21, Local Cell ID=2, Cell Name=PI_UIO_CHILIBULO_2, eNodeB ID=44097, Cell FDD TDD indication=CELL_FDD",Reliable,2354.364,185.897
2026-04-10 19:00,60,"PI_UIO_ABELARDO_MONCAYO_UL/Cell:eNodeB Function Name=PI_UIO_ABELARDO_MONCAYOL21, Local Cell ID=1, Cell Name=PI_UIO_ABELARDO_MONCAYO_1, eNodeB ID=44076, Cell FDD TDD indication=CELL_FDD",Reliable,644.051,70.778
2026-04-10 19:00,60,"PI_UIO_ABELARDO_MONCAYO_UL/Cell:eNodeB Function Name=PI_UIO_ABELARDO_MONCAYOL21, Local Cell ID=2, Cell Name=PI_UIO_ABELARDO_MONCAYO_2, eNodeB ID=44076, Cell FDD TDD indication=CELL_FDD",Reliable,643.493,121.43
2026-04-10 19:00,60,"PI_UIO_ABELARDO_MONCAYO_UL/Cell:eNodeB Function Name=PI_UIO_ABELARDO_MONCAYOL21, Local Cell ID=3, Cell Name=PI_UIO_ABELARDO_MONCAYO_3, eNodeB ID=44076, Cell FDD TDD indication=CELL_FDD",Reliable,626.046,29.613
2026-04-10 19:00,60,"PI_UIO_PUENTE_GUAJALO_UL/Cell:eNodeB Function Name=PI_UIO_PUENTE_GUAJALOL21, Local Cell ID=1, Cell Name=PIC_UIO_PUENTE_GUAJALO_L21_1, eNodeB ID=44178, Cell FDD TDD indication=CELL_FDD",Reliable,1334.879,91.297
2026-04-10 19:00,60,"PI_UIO_PUENTE_GUAJALO_UL/Cell:eNodeB Function Name=PI_UIO_PUENTE_GUAJALOL21, Local Cell ID=2, Cell Name=PIC_UIO_PUENTE_GUAJALO_L21_2, eNodeB ID=44178, Cell FDD TDD indication=CELL_FDD",Reliable,1637.327,147.84
2026-04-10 19:00,60,"PI_UIO_PUENTE_GUAJALO_UL/Cell:eNodeB Function Name=PI_UIO_PUENTE_GUAJALOL21, Local Cell ID=3, Cell Name=PIC_UIO_PUENTE_GUAJALO_L21_3, eNodeB ID=44178, Cell FDD TDD indication=CELL_FDD",Reliable,1602.353,176.599
2026-04-10 19:00,60,"PI_UIO_WHIMPER_UL/Cell:eNodeB Function Name=PI_UIO_WHIMPER_L, Local Cell ID=1, Cell Name=PI_UIO_WHIMPER_1, eNodeB ID=44041, Cell FDD TDD indication=CELL_FDD",Reliable,1256.107,121.246
2026-04-10 19:00,60,"PI_UIO_WHIMPER_UL/Cell:eNodeB Function Name=PI_UIO_WHIMPER_L, Local Cell ID=2, Cell Name=PI_UIO_WHIMPER_2, eNodeB ID=44041, Cell FDD TDD indication=CELL_FDD",Reliable,1186.222,150.868
2026-04-10 19:00,60,"PI_UIO_WHIMPER_UL/Cell:eNodeB Function Name=PI_UIO_WHIMPER_L, Local Cell ID=3, Cell Name=PI_UIO_WHIMPER_3, eNodeB ID=44041, Cell FDD TDD indication=CELL_FDD",Reliable,1243.674,362.239
2026-04-10 19:00,60,"PI_UIO_WHIMPER_UL/Cell:eNodeB Function Name=PI_UIO_WHIMPER_L, Local Cell ID=7, Cell Name=PI_UIO_WHIMPER_APT_7, eNodeB ID=44041, Cell FDD TDD indication=CELL_FDD",Reliable,996.251,140.476
2026-04-10 19:00,60,"PI_UIO_WHIMPER_UL/Cell:eNodeB Function Name=PI_UIO_WHIMPER_L, Local Cell ID=8, Cell Name=PI_UIO_WHIMPER_APT_8, eNodeB ID=44041, Cell FDD TDD indication=CELL_FDD",Reliable,1867.403,206.426
2026-04-10 19:00,60,"PI_UIO_WHIMPER_UL/Cell:eNodeB Function Name=PI_UIO_WHIMPER_L, Local Cell ID=9, Cell Name=PI_UIO_WHIMPER_APT_9, eNodeB ID=44041, Cell FDD TDD indication=CELL_FDD",Reliable,808.657,189.707
2026-04-10 19:00,60,"PI_UIO_WHIMPER_UL/Cell:eNodeB Function Name=PI_UIO_WHIMPER_L, Local Cell ID=11, Cell Name=PI_UIO_WHIMPER_11, eNodeB ID=44041, Cell FDD TDD indication=CELL_FDD",Reliable,1634.084,329.569
2026-04-10 19:00,60,"PI_UIO_WHIMPER_UL/Cell:eNodeB Function Name=PI_UIO_WHIMPER_L, Local Cell ID=12, Cell Name=PI_UIO_WHIMPER_12, eNodeB ID=44041, Cell FDD TDD indication=CELL_FDD",Reliable,212.495,23.643
2026-04-10 19:00,60,"PI_UIO_WHIMPER_UL/Cell:eNodeB Function Name=PI_UIO_WHIMPER_L, Local Cell ID=13, Cell Name=PI_UIO_WHIMPER_13, eNodeB ID=44041, Cell FDD TDD indication=CELL_FDD",Reliable,481.197,40.886
2026-04-10 19:00,60,"PIC_UIO_ALTOS_DEL_VALLE_ULN/Cell:eNodeB Function Name=PIC_UIO_ALTOS_DEL_VALLE_L, Local Cell ID=1, Cell Name=PIC_UIO_ALTOS_DEL_VALLE_L21_1, eNodeB ID=44079, Cell FDD TDD indication=CELL_FDD",Reliable,156.45,15.921
2026-04-10 19:00,60,"PIC_UIO_ALTOS_DEL_VALLE_ULN/Cell:eNodeB Function Name=PIC_UIO_ALTOS_DEL_VALLE_L, Local Cell ID=2, Cell Name=PIC_UIO_ALTOS_DEL_VALLE_L21_2, eNodeB ID=44079, Cell FDD TDD indication=CELL_FDD",Reliable,529.342,58.376
2026-04-10 19:00,60,"PIC_UIO_ALTOS_DEL_VALLE_ULN/Cell:eNodeB Function Name=PIC_UIO_ALTOS_DEL_VALLE_L, Local Cell ID=3, Cell Name=PIC_UIO_ALTOS_DEL_VALLE_L21_3, eNodeB ID=44079, Cell FDD TDD indication=CELL_FDD",Reliable,352.673,24.332
2026-04-10 19:00,60,"PIC_UIO_ALTOS_DEL_VALLE_ULN/Cell:eNodeB Function Name=PIC_UIO_ALTOS_DEL_VALLE_L, Local Cell ID=7, Cell Name=PIC_UIO_ALTOS_DEL_VALLE_L7_7, eNodeB ID=44079, Cell FDD TDD indication=CELL_FDD",Reliable,1607.247,144.368
2026-04-10 19:00,60,"PIC_UIO_ALTOS_DEL_VALLE_ULN/Cell:eNodeB Function Name=PIC_UIO_ALTOS_DEL_VALLE_L, Local Cell ID=8, Cell Name=PIC_UIO_ALTOS_DEL_VALLE_L7_8, eNodeB ID=44079, Cell FDD TDD indication=CELL_FDD",Reliable,2448.576,209.481
2026-04-10 19:00,60,"PIC_UIO_ALTOS_DEL_VALLE_ULN/Cell:eNodeB Function Name=PIC_UIO_ALTOS_DEL_VALLE_L, Local Cell ID=9, Cell Name=PIC_UIO_ALTOS_DEL_VALLE_L7_9, eNodeB ID=44079, Cell FDD TDD indication=CELL_FDD",Reliable,1366.69,112.158
2026-04-10 19:00,60,"PIC_UIO_VIVALDI_UL/Cell:eNodeB Function Name=PIC_UIO_VIVALDI_L, Local Cell ID=9, Cell Name=PIC_UIO_VIVALDI_L7_9, eNodeB ID=44023, Cell FDD TDD indication=CELL_FDD",Reliable,1821.985,104.638
2026-04-10 19:00,60,"PIC_UIO_VIVALDI_UL/Cell:eNodeB Function Name=PIC_UIO_VIVALDI_L, Local Cell ID=8, Cell Name=PIC_UIO_VIVALDI_L7_8, eNodeB ID=44023, Cell FDD TDD indication=CELL_FDD",Reliable,1668.973,142.071
2026-04-10 19:00,60,"PIC_UIO_VIVALDI_UL/Cell:eNodeB Function Name=PIC_UIO_VIVALDI_L, Local Cell ID=7, Cell Name=PIC_UIO_VIVALDI_L7_7, eNodeB ID=44023, Cell FDD TDD indication=CELL_FDD",Reliable,4640.962,372.557
2026-04-10 19:00,60,"PIC_UIO_VIVALDI_UL/Cell:eNodeB Function Name=PIC_UIO_VIVALDI_L, Local Cell ID=3, Cell Name=PIC_UIO_VIVALDI_L21_3, eNodeB ID=44023, Cell FDD TDD indication=CELL_FDD",Reliable,1881.272,316.108
2026-04-10 19:00,60,"PIC_UIO_VIVALDI_UL/Cell:eNodeB Function Name=PIC_UIO_VIVALDI_L, Local Cell ID=2, Cell Name=PIC_UIO_VIVALDI_L21_2, eNodeB ID=44023, Cell FDD TDD indication=CELL_FDD",Reliable,3297.82,160.511
2026-04-10 19:00,60,"PIC_UIO_VIVALDI_UL/Cell:eNodeB Function Name=PIC_UIO_VIVALDI_L, Local Cell ID=1, Cell Name=PIC_UIO_VIVALDI_L21_1, eNodeB ID=44023, Cell FDD TDD indication=CELL_FDD",Reliable,9769.303,1588.485
2026-04-10 19:00,60,"PIC_UIO_VIVALDI_UL/Cell:eNodeB Function Name=PIC_UIO_VIVALDI_L, Local Cell ID=11, Cell Name=PIC_UIO_VIVALDI_L19_11, eNodeB ID=44023, Cell FDD TDD indication=CELL_FDD",Reliable,692.215,96.643
2026-04-10 19:00,60,"PIC_UIO_VIVALDI_UL/Cell:eNodeB Function Name=PIC_UIO_VIVALDI_L, Local Cell ID=12, Cell Name=PIC_UIO_VIVALDI_L19_12, eNodeB ID=44023, Cell FDD TDD indication=CELL_FDD",Reliable,286.31,16.763
2026-04-10 19:00,60,"PIC_UIO_VIVALDI_UL/Cell:eNodeB Function Name=PIC_UIO_VIVALDI_L, Local Cell ID=13, Cell Name=PIC_UIO_VIVALDI_L19_13, eNodeB ID=44023, Cell FDD TDD indication=CELL_FDD",Reliable,396.354,197.567
2026-04-10 19:00,60,"PIC_UIO_MULTICENTRO_ULN/Cell:eNodeB Function Name=PI_UIO_MULTICENTRO_L, Local Cell ID=3, Cell Name=PI_UIO_MULTICENTRO_3, eNodeB ID=44064, Cell FDD TDD indication=CELL_FDD",Reliable,1271.093,99.397
2026-04-10 19:00,60,"PIC_UIO_MULTICENTRO_ULN/Cell:eNodeB Function Name=PI_UIO_MULTICENTRO_L, Local Cell ID=2, Cell Name=PI_UIO_MULTICENTRO_2, eNodeB ID=44064, Cell FDD TDD indication=CELL_FDD",Reliable,4241.664,650.773
2026-04-10 19:00,60,"PIC_UIO_MULTICENTRO_ULN/Cell:eNodeB Function Name=PI_UIO_MULTICENTRO_L, Local Cell ID=1, Cell Name=PI_UIO_MULTICENTRO_1, eNodeB ID=44064, Cell FDD TDD indication=CELL_FDD",Reliable,1426.686,190.636
2026-04-10 19:00,60,"PIC_UIO_MULTICENTRO_ULN/Cell:eNodeB Function Name=PI_UIO_MULTICENTRO_L, Local Cell ID=11, Cell Name=PI_UIO_MULTICENTRO_11, eNodeB ID=44064, Cell FDD TDD indication=CELL_FDD",Reliable,1231.587,113.594
2026-04-10 19:00,60,"PIC_UIO_MULTICENTRO_ULN/Cell:eNodeB Function Name=PI_UIO_MULTICENTRO_L, Local Cell ID=12, Cell Name=PI_UIO_MULTICENTRO_12, eNodeB ID=44064, Cell FDD TDD indication=CELL_FDD",Reliable,1609.418,119.269
2026-04-10 19:00,60,"PIC_UIO_MULTICENTRO_ULN/Cell:eNodeB Function Name=PI_UIO_MULTICENTRO_L, Local Cell ID=13, Cell Name=PI_UIO_MULTICENTRO_13, eNodeB ID=44064, Cell FDD TDD indication=CELL_FDD",Reliable,882.933,46.469
2026-04-10 19:00,60,"PI_UIO_EL_BEATERIO_UL/Cell:eNodeB Function Name=PI_UIO_EL_BEATERIOL21, Local Cell ID=1, Cell Name=PIC_UIO_EL_BEATERIO_L21_1, eNodeB ID=44114, Cell FDD TDD indication=CELL_FDD",Reliable,2427.309,165.05
2026-04-10 19:00,60,"PI_UIO_EL_BEATERIO_UL/Cell:eNodeB Function Name=PI_UIO_EL_BEATERIOL21, Local Cell ID=2, Cell Name=PIC_UIO_EL_BEATERIO_L21_2, eNodeB ID=44114, Cell FDD TDD indication=CELL_FDD",Reliable,1765.8,169.016
2026-04-10 19:00,60,"PI_UIO_EL_BEATERIO_UL/Cell:eNodeB Function Name=PI_UIO_EL_BEATERIOL21, Local Cell ID=3, Cell Name=PIC_UIO_EL_BEATERIO_L21_3, eNodeB ID=44114, Cell FDD TDD indication=CELL_FDD",Reliable,760.445,309.109
2026-04-10 19:00,60,"PI_UIO_SOLANDA_UL/Cell:eNodeB Function Name=PI_UIO_SOLANDAL21, Local Cell ID=1, Cell Name=PI_UIO_SOLANDA_1, eNodeB ID=44189, Cell FDD TDD indication=CELL_FDD",Reliable,590.073,67.811
2026-04-10 19:00,60,"PI_UIO_SOLANDA_UL/Cell:eNodeB Function Name=PI_UIO_SOLANDAL21, Local Cell ID=2, Cell Name=PI_UIO_SOLANDA_2, eNodeB ID=44189, Cell FDD TDD indication=CELL_FDD",Reliable,1470.096,133.826
2026-04-10 19:00,60,"PI_UIO_SOLANDA_UL/Cell:eNodeB Function Name=PI_UIO_SOLANDAL21, Local Cell ID=3, Cell Name=PI_UIO_SOLANDA_3, eNodeB ID=44189, Cell FDD TDD indication=CELL_FDD",Reliable,3310.666,209.265
2026-04-10 19:00,60,"PI_UIO_BILOXI_UL/Cell:eNodeB Function Name=PI_UIO_BILOXIL21, Local Cell ID=1, Cell Name=PI_UIO_BILOXI_1, eNodeB ID=44085, Cell FDD TDD indication=CELL_FDD",Reliable,2528.431,240.137
2026-04-10 19:00,60,"PI_UIO_BILOXI_UL/Cell:eNodeB Function Name=PI_UIO_BILOXIL21, Local Cell ID=2, Cell Name=PI_UIO_BILOXI_2, eNodeB ID=44085, Cell FDD TDD indication=CELL_FDD",Reliable,2420.904,207.614
2026-04-10 19:00,60,"PI_UIO_BILOXI_UL/Cell:eNodeB Function Name=PI_UIO_BILOXIL21, Local Cell ID=3, Cell Name=PI_UIO_BILOXI_3, eNodeB ID=44085, Cell FDD TDD indication=CELL_FDD",Reliable,2440.581,141.238
2026-04-10 19:00,60,"PI_UIO_EL_CALZADO_UL/Cell:eNodeB Function Name=PI_UIO_EL_CALZADOL21, Local Cell ID=1, Cell Name=PI_UIO_EL_CALZADO_1, eNodeB ID=44116, Cell FDD TDD indication=CELL_FDD",Reliable,4170.366,408.456
2026-04-10 19:00,60,"PI_UIO_EL_CALZADO_UL/Cell:eNodeB Function Name=PI_UIO_EL_CALZADOL21, Local Cell ID=2, Cell Name=PI_UIO_EL_CALZADO_2, eNodeB ID=44116, Cell FDD TDD indication=CELL_FDD",Reliable,5913.095,554.019
2026-04-10 19:00,60,"PI_UIO_EL_CALZADO_UL/Cell:eNodeB Function Name=PI_UIO_EL_CALZADOL21, Local Cell ID=3, Cell Name=PI_UIO_EL_CALZADO_3, eNodeB ID=44116, Cell FDD TDD indication=CELL_FDD",Reliable,2976.438,222.182
2026-04-10 19:00,60,"PI_UIO_LA_ARMENIA_UL/Cell:eNodeB Function Name=PI_UIO_LA_ARMENIAL21, Local Cell ID=1, Cell Name=PI_UIO_LA_ARMENIA_1, eNodeB ID=44136, Cell FDD TDD indication=CELL_FDD",Reliable,3034.308,210.209
2026-04-10 19:00,60,"PI_UIO_LA_ARMENIA_UL/Cell:eNodeB Function Name=PI_UIO_LA_ARMENIAL21, Local Cell ID=2, Cell Name=PI_UIO_LA_ARMENIA_2, eNodeB ID=44136, Cell FDD TDD indication=CELL_FDD",Reliable,1243.976,124.847
2026-04-10 19:00,60,"PI_UIO_LA_ARMENIA_UL/Cell:eNodeB Function Name=PI_UIO_LA_ARMENIAL21, Local Cell ID=3, Cell Name=PI_UIO_LA_ARMENIA_3, eNodeB ID=44136, Cell FDD TDD indication=CELL_FDD",Reliable,64.676,8.181
2026-04-10 19:00,60,"PI_UIO_COL_CONS_PROVINCIAL_UL/Cell:eNodeB Function Name=PI_UIO_COL_CONS_PROVINCIALL21, Local Cell ID=1, Cell Name=PI_UIO_COL_CONS_PROVINCIAL_1, eNodeB ID=44101, Cell FDD TDD indication=CELL_FDD",Reliable,1312.167,71.363
2026-04-10 19:00,60,"PI_UIO_COL_CONS_PROVINCIAL_UL/Cell:eNodeB Function Name=PI_UIO_COL_CONS_PROVINCIALL21, Local Cell ID=2, Cell Name=PI_UIO_COL_CONS_PROVINCIAL_2, eNodeB ID=44101, Cell FDD TDD indication=CELL_FDD",Reliable,575.913,65.309
2026-04-10 19:00,60,"PI_UIO_CDLA_IBARRA_UL/Cell:eNodeB Function Name=PI_UIO_CDLA_IBARRAL21, Local Cell ID=1, Cell Name=PIC_UIO_CDLA_IBARRA_L21_1, eNodeB ID=44096, Cell FDD TDD indication=CELL_FDD",Reliable,686.274,55.623
2026-04-10 19:00,60,"PI_UIO_CDLA_IBARRA_UL/Cell:eNodeB Function Name=PI_UIO_CDLA_IBARRAL21, Local Cell ID=2, Cell Name=PIC_UIO_CDLA_IBARRA_L21_2, eNodeB ID=44096, Cell FDD TDD indication=CELL_FDD",Reliable,1311.638,130.09
2026-04-10 19:00,60,"PI_UIO_CDLA_IBARRA_UL/Cell:eNodeB Function Name=PI_UIO_CDLA_IBARRAL21, Local Cell ID=3, Cell Name=PIC_UIO_CDLA_IBARRA_L21_3, eNodeB ID=44096, Cell FDD TDD indication=CELL_FDD",Reliable,473.792,43.181
2026-04-10 19:00,60,"PI_UIO_PIO_DOCE_UL/Cell:eNodeB Function Name=PI_UIO_PIO_DOCEL21, Local Cell ID=1, Cell Name=PI_UIO_PIO_DOCE_1, eNodeB ID=44171, Cell FDD TDD indication=CELL_FDD",Reliable,484.519,42.798
2026-04-10 19:00,60,"PI_UIO_PIO_DOCE_UL/Cell:eNodeB Function Name=PI_UIO_PIO_DOCEL21, Local Cell ID=2, Cell Name=PI_UIO_PIO_DOCE_2, eNodeB ID=44171, Cell FDD TDD indication=CELL_FDD",Reliable,348.175,52.658
2026-04-10 19:00,60,"PI_UIO_PIO_DOCE_UL/Cell:eNodeB Function Name=PI_UIO_PIO_DOCEL21, Local Cell ID=3, Cell Name=PI_UIO_PIO_DOCE_3, eNodeB ID=44171, Cell FDD TDD indication=CELL_FDD",Reliable,2046.461,77.916
2026-04-10 19:00,60,"PI_UIO_BRASIL_UL/Cell:eNodeB Function Name=PI_UIO_BRASIL_L, Local Cell ID=1, Cell Name=PI_UIO_BRASIL_1, eNodeB ID=44029, Cell FDD TDD indication=CELL_FDD",Reliable,1109.132,79.006
2026-04-10 19:00,60,"PI_UIO_BRASIL_UL/Cell:eNodeB Function Name=PI_UIO_BRASIL_L, Local Cell ID=2, Cell Name=PI_UIO_BRASIL_2, eNodeB ID=44029, Cell FDD TDD indication=CELL_FDD",Reliable,5088.781,504.616
2026-04-10 19:00,60,"PI_UIO_BRASIL_UL/Cell:eNodeB Function Name=PI_UIO_BRASIL_L, Local Cell ID=3, Cell Name=PI_UIO_BRASIL_3, eNodeB ID=44029, Cell FDD TDD indication=CELL_FDD",Reliable,1362.293,49.938
2026-04-10 19:00,60,"PI_UIO_BRASIL_UL/Cell:eNodeB Function Name=PI_UIO_BRASIL_L, Local Cell ID=7, Cell Name=PI_UIO_BRASIL_APT_7, eNodeB ID=44029, Cell FDD TDD indication=CELL_FDD",Reliable,2719.097,249.258
2026-04-10 19:00,60,"PI_UIO_BRASIL_UL/Cell:eNodeB Function Name=PI_UIO_BRASIL_L, Local Cell ID=8, Cell Name=PI_UIO_BRASIL_APT_8, eNodeB ID=44029, Cell FDD TDD indication=CELL_FDD",Reliable,3916.947,366.367
2026-04-10 19:00,60,"PI_UIO_BRASIL_UL/Cell:eNodeB Function Name=PI_UIO_BRASIL_L, Local Cell ID=9, Cell Name=PI_UIO_BRASIL_APT_9, eNodeB ID=44029, Cell FDD TDD indication=CELL_FDD",Reliable,5308.6,672.144
2026-04-10 19:00,60,"PI_UIO_BRASIL_UL/Cell:eNodeB Function Name=PI_UIO_BRASIL_L, Local Cell ID=11, Cell Name=PI_UIO_BRASIL_11, eNodeB ID=44029, Cell FDD TDD indication=CELL_FDD",Reliable,123.559,11.525
2026-04-10 19:00,60,"PI_UIO_BRASIL_UL/Cell:eNodeB Function Name=PI_UIO_BRASIL_L, Local Cell ID=12, Cell Name=PI_UIO_BRASIL_12, eNodeB ID=44029, Cell FDD TDD indication=CELL_FDD",Reliable,949.444,114.494
2026-04-10 19:00,60,"PI_UIO_BRASIL_UL/Cell:eNodeB Function Name=PI_UIO_BRASIL_L, Local Cell ID=13, Cell Name=PI_UIO_BRASIL_13, eNodeB ID=44029, Cell FDD TDD indication=CELL_FDD",Reliable,736.015,41.227
2026-04-10 19:00,60,"PI_UIO_AJAVI_UL/Cell:eNodeB Function Name=PI_UIO_AJAVIL21, Local Cell ID=1, Cell Name=PIC_UIO_AJAVI_L21_1, eNodeB ID=44078, Cell FDD TDD indication=CELL_FDD",Reliable,2164.291,239.166
2026-04-10 19:00,60,"PI_UIO_AJAVI_UL/Cell:eNodeB Function Name=PI_UIO_AJAVIL21, Local Cell ID=2, Cell Name=PIC_UIO_AJAVI_L21_2, eNodeB ID=44078, Cell FDD TDD indication=CELL_FDD",Reliable,2191.849,1303.554
2026-04-10 19:00,60,"PI_UIO_AJAVI_UL/Cell:eNodeB Function Name=PI_UIO_AJAVIL21, Local Cell ID=3, Cell Name=PIC_UIO_AJAVI_L21_3, eNodeB ID=44078, Cell FDD TDD indication=CELL_FDD",Reliable,3385.945,351.47
2026-04-10 19:00,60,"PI_UIO_PATRONATO_SAN_JOSE_UL/Cell:eNodeB Function Name=PIC_UIO_PATRONATO_SAN_JOSE_L, Local Cell ID=1, Cell Name=PI_UIO_PATRONATO_SAN_JOSE_1, eNodeB ID=44168, Cell FDD TDD indication=CELL_FDD",Reliable,3786.651,302.539
2026-04-10 19:00,60,"PI_UIO_PATRONATO_SAN_JOSE_UL/Cell:eNodeB Function Name=PIC_UIO_PATRONATO_SAN_JOSE_L, Local Cell ID=2, Cell Name=PI_UIO_PATRONATO_SAN_JOSE_2, eNodeB ID=44168, Cell FDD TDD indication=CELL_FDD",Reliable,1293.444,140.544
2026-04-10 19:00,60,"PI_UIO_PATRONATO_SAN_JOSE_UL/Cell:eNodeB Function Name=PIC_UIO_PATRONATO_SAN_JOSE_L, Local Cell ID=3, Cell Name=PI_UIO_PATRONATO_SAN_JOSE_3, eNodeB ID=44168, Cell FDD TDD indication=CELL_FDD",Reliable,6526.68,563.096
2026-04-10 19:00,60,"PI_UIO_ECUATORIANA_UL/Cell:eNodeB Function Name=PI_UIO_ECUATORIANAL21, Local Cell ID=1, Cell Name=PI_UIO_ECUATORIANA_1, eNodeB ID=44113, Cell FDD TDD indication=CELL_FDD",Reliable,1816.802,218.215
2026-04-10 19:00,60,"PI_UIO_ECUATORIANA_UL/Cell:eNodeB Function Name=PI_UIO_ECUATORIANAL21, Local Cell ID=2, Cell Name=PI_UIO_ECUATORIANA_2, eNodeB ID=44113, Cell FDD TDD indication=CELL_FDD",Reliable,225.179,20.551
2026-04-10 19:00,60,"PI_UIO_ECUATORIANA_UL/Cell:eNodeB Function Name=PI_UIO_ECUATORIANAL21, Local Cell ID=3, Cell Name=PI_UIO_ECUATORIANA_3, eNodeB ID=44113, Cell FDD TDD indication=CELL_FDD",Reliable,817.428,78.079
2026-04-10 19:00,60,"PI_UIO_VILLAFLORA_UL/Cell:eNodeB Function Name=PI_UIO_VILLAFLORAL21, Local Cell ID=1, Cell Name=PI_UIO_VILLAFLORA_1, eNodeB ID=44020, Cell FDD TDD indication=CELL_FDD",Reliable,580.311,56.06
2026-04-10 19:00,60,"PI_UIO_VILLAFLORA_UL/Cell:eNodeB Function Name=PI_UIO_VILLAFLORAL21, Local Cell ID=2, Cell Name=PI_UIO_VILLAFLORA_2, eNodeB ID=44020, Cell FDD TDD indication=CELL_FDD",Reliable,1994.985,142.079
2026-04-10 19:00,60,"PI_UIO_VILLAFLORA_UL/Cell:eNodeB Function Name=PI_UIO_VILLAFLORAL21, Local Cell ID=3, Cell Name=PI_UIO_VILLAFLORA_3, eNodeB ID=44020, Cell FDD TDD indication=CELL_FDD",Reliable,844.448,830.462
2026-04-10 19:00,60,"PI_UIO_VILLAFLORA_UL/Cell:eNodeB Function Name=PI_UIO_VILLAFLORAL21, Local Cell ID=7, Cell Name=PI_UIO_VILLAFLORA_APT_7, eNodeB ID=44020, Cell FDD TDD indication=CELL_FDD",Reliable,3247.232,549.905
2026-04-10 19:00,60,"PI_UIO_VILLAFLORA_UL/Cell:eNodeB Function Name=PI_UIO_VILLAFLORAL21, Local Cell ID=8, Cell Name=PI_UIO_VILLAFLORA_APT_8, eNodeB ID=44020, Cell FDD TDD indication=CELL_FDD",Reliable,3555.897,360.534
2026-04-10 19:00,60,"PI_UIO_VILLAFLORA_UL/Cell:eNodeB Function Name=PI_UIO_VILLAFLORAL21, Local Cell ID=9, Cell Name=PI_UIO_VILLAFLORA_APT_9, eNodeB ID=44020, Cell FDD TDD indication=CELL_FDD",Reliable,5034.635,496.362
2026-04-10 19:00,60,"PI_UIO_PUENTE_NUEVE_UL/Cell:eNodeB Function Name=PIC_UIO_PUENTE_NUEVE_L, Local Cell ID=1, Cell Name=PI_UIO_PUENTE_NUEVE_1, eNodeB ID=44179, Cell FDD TDD indication=CELL_FDD",Reliable,688.929,74.018
2026-04-10 19:00,60,"PI_UIO_PUENTE_NUEVE_UL/Cell:eNodeB Function Name=PIC_UIO_PUENTE_NUEVE_L, Local Cell ID=2, Cell Name=PI_UIO_PUENTE_NUEVE_2, eNodeB ID=44179, Cell FDD TDD indication=CELL_FDD",Reliable,2966.791,280.8
2026-04-10 19:00,60,"PI_UIO_PUENTE_NUEVE_UL/Cell:eNodeB Function Name=PIC_UIO_PUENTE_NUEVE_L, Local Cell ID=3, Cell Name=PI_UIO_PUENTE_NUEVE_3, eNodeB ID=44179, Cell FDD TDD indication=CELL_FDD",Reliable,1381.772,124.909
2026-04-10 19:00,60,"PI_UIO_PLYWOOD_UL/Cell:eNodeB Function Name=PI_UIO_PLYWOODL21, Local Cell ID=1, Cell Name=PI_UIO_PLYWOOD_1, eNodeB ID=44174, Cell FDD TDD indication=CELL_FDD",Reliable,639.697,61.399
2026-04-10 19:00,60,"PI_UIO_PLYWOOD_UL/Cell:eNodeB Function Name=PI_UIO_PLYWOODL21, Local Cell ID=2, Cell Name=PI_UIO_PLYWOOD_2, eNodeB ID=44174, Cell FDD TDD indication=CELL_FDD",Reliable,696.081,65.104
2026-04-10 19:00,60,"PI_UIO_PLYWOOD_UL/Cell:eNodeB Function Name=PI_UIO_PLYWOODL21, Local Cell ID=3, Cell Name=PI_UIO_PLYWOOD_3, eNodeB ID=44174, Cell FDD TDD indication=CELL_FDD",Reliable,1272.602,124.12
2026-04-10 19:00,60,"PI_UIO_GUAMANI_ALTO_UL/Cell:eNodeB Function Name=PIC_UIO_GUAMANI_ALTO_L, Local Cell ID=1, Cell Name=PIC_UIO_GUAMANI_ALTO_L21_1, eNodeB ID=44129, Cell FDD TDD indication=CELL_FDD",Reliable,2616.039,237.693
2026-04-10 19:00,60,"PI_UIO_GUAMANI_ALTO_UL/Cell:eNodeB Function Name=PIC_UIO_GUAMANI_ALTO_L, Local Cell ID=2, Cell Name=PIC_UIO_GUAMANI_ALTO_L21_2, eNodeB ID=44129, Cell FDD TDD indication=CELL_FDD",Reliable,370.666,23.236
2026-04-10 19:00,60,"PI_UIO_GUAMANI_ALTO_UL/Cell:eNodeB Function Name=PIC_UIO_GUAMANI_ALTO_L, Local Cell ID=3, Cell Name=PIC_UIO_GUAMANI_ALTO_L21_3, eNodeB ID=44129, Cell FDD TDD indication=CELL_FDD",Reliable,2894.394,238.299
2026-04-10 19:00,60,"PI_UIO_GUAMANI_ALTO_UL/Cell:eNodeB Function Name=PIC_UIO_GUAMANI_ALTO_L, Local Cell ID=7, Cell Name=PIC_UIO_GUAMANI_ALTO_L7_7, eNodeB ID=44129, Cell FDD TDD indication=CELL_FDD",Reliable,4058.924,586.779
2026-04-10 19:00,60,"PI_UIO_GUAMANI_ALTO_UL/Cell:eNodeB Function Name=PIC_UIO_GUAMANI_ALTO_L, Local Cell ID=8, Cell Name=PIC_UIO_GUAMANI_ALTO_L7_8, eNodeB ID=44129, Cell FDD TDD indication=CELL_FDD",Reliable,1750.635,156.962
2026-04-10 19:00,60,"PI_UIO_GUAMANI_ALTO_UL/Cell:eNodeB Function Name=PIC_UIO_GUAMANI_ALTO_L, Local Cell ID=9, Cell Name=PIC_UIO_GUAMANI_ALTO_L7_9, eNodeB ID=44129, Cell FDD TDD indication=CELL_FDD",Reliable,5098.469,566.648
2026-04-10 19:00,60,"PI_UIO_GUAMANI_ALTO_UL/Cell:eNodeB Function Name=PIC_UIO_GUAMANI_ALTO_L, Local Cell ID=11, Cell Name=PIC_UIO_GUAMANI_ALTO_L19_11, eNodeB ID=44129, Cell FDD TDD indication=CELL_FDD",Reliable,1483.499,132.978
2026-04-10 19:00,60,"PI_UIO_GUAMANI_ALTO_UL/Cell:eNodeB Function Name=PIC_UIO_GUAMANI_ALTO_L, Local Cell ID=12, Cell Name=PIC_UIO_GUAMANI_ALTO_L19_12, eNodeB ID=44129, Cell FDD TDD indication=CELL_FDD",Reliable,219.735,14.671
2026-04-10 19:00,60,"PI_UIO_GUAMANI_ALTO_UL/Cell:eNodeB Function Name=PIC_UIO_GUAMANI_ALTO_L, Local Cell ID=13, Cell Name=PIC_UIO_GUAMANI_ALTO_L19_13, eNodeB ID=44129, Cell FDD TDD indication=CELL_FDD",Reliable,1986.448,264.071
2026-04-10 19:00,60,"PI_UIO_LA_PRENSA_UL/Cell:eNodeB Function Name=PIC_UIO_LA_PRENSA_L, Local Cell ID=1, Cell Name=PI_UIO_LA_PRENSA_1, eNodeB ID=44011, Cell FDD TDD indication=CELL_FDD",Reliable,832.414,133.211
2026-04-10 19:00,60,"PI_UIO_LA_PRENSA_UL/Cell:eNodeB Function Name=PIC_UIO_LA_PRENSA_L, Local Cell ID=2, Cell Name=PI_UIO_LA_PRENSA_2, eNodeB ID=44011, Cell FDD TDD indication=CELL_FDD",Reliable,2855.447,312.575
2026-04-10 19:00,60,"PI_UIO_LA_PRENSA_UL/Cell:eNodeB Function Name=PIC_UIO_LA_PRENSA_L, Local Cell ID=3, Cell Name=PI_UIO_LA_PRENSA_3, eNodeB ID=44011, Cell FDD TDD indication=CELL_FDD",Reliable,4332.881,346.679
2026-04-10 19:00,60,"PI_UIO_ESTACION_DE_TRENES_UL/Cell:eNodeB Function Name=PI_UIO_ESTACION_DE_TRENESL21, Local Cell ID=1, Cell Name=PI_UIO_ESTACION_DE_TRENES_1, eNodeB ID=44123, Cell FDD TDD indication=CELL_FDD",Reliable,536.118,104.058
2026-04-10 19:00,60,"PI_UIO_ESTACION_DE_TRENES_UL/Cell:eNodeB Function Name=PI_UIO_ESTACION_DE_TRENESL21, Local Cell ID=2, Cell Name=PI_UIO_ESTACION_DE_TRENES_2, eNodeB ID=44123, Cell FDD TDD indication=CELL_FDD",Reliable,2924.607,470.317
2026-04-10 19:00,60,"PI_UIO_ESTACION_DE_TRENES_UL/Cell:eNodeB Function Name=PI_UIO_ESTACION_DE_TRENESL21, Local Cell ID=3, Cell Name=PI_UIO_ESTACION_DE_TRENES_3, eNodeB ID=44123, Cell FDD TDD indication=CELL_FDD",Reliable,516.854,468.188
2026-04-10 19:00,60,"PI_UIO_LEGARDA_UL/Cell:eNodeB Function Name=PI_UIO_LEGARDAL21, Local Cell ID=1, Cell Name=PI_UIO_LEGARDA_1, eNodeB ID=44065, Cell FDD TDD indication=CELL_FDD",Reliable,1193.197,59.972
2026-04-10 19:00,60,"PI_UIO_LEGARDA_UL/Cell:eNodeB Function Name=PI_UIO_LEGARDAL21, Local Cell ID=2, Cell Name=PI_UIO_LEGARDA_2, eNodeB ID=44065, Cell FDD TDD indication=CELL_FDD",Reliable,831.154,71.23
2026-04-10 19:00,60,"PI_UIO_LEGARDA_UL/Cell:eNodeB Function Name=PI_UIO_LEGARDAL21, Local Cell ID=3, Cell Name=PI_UIO_LEGARDA_3, eNodeB ID=44065, Cell FDD TDD indication=CELL_FDD",Reliable,1436.709,106.598
2026-04-10 19:00,60,"PI_UIO_EL_BOSQUE_UL/Cell:eNodeB Function Name=PI_UIO_EL_BOSQUEL21, Local Cell ID=1, Cell Name=PI_UIO_EL_BOSQUE_1, eNodeB ID=44115, Cell FDD TDD indication=CELL_FDD",Reliable,2164.217,256.735
2026-04-10 19:00,60,"PI_UIO_EL_BOSQUE_UL/Cell:eNodeB Function Name=PI_UIO_EL_BOSQUEL21, Local Cell ID=2, Cell Name=PI_UIO_EL_BOSQUE_2, eNodeB ID=44115, Cell FDD TDD indication=CELL_FDD",Reliable,2312.39,160.43
2026-04-10 19:00,60,"PI_UIO_EL_BOSQUE_UL/Cell:eNodeB Function Name=PI_UIO_EL_BOSQUEL21, Local Cell ID=3, Cell Name=PI_UIO_EL_BOSQUE_3, eNodeB ID=44115, Cell FDD TDD indication=CELL_FDD",Reliable,1415.481,122.865
2026-04-10 19:00,60,"PI_UIO_NAIQ_UL/Cell:eNodeB Function Name=PI_UIO_NAIQL21, Local Cell ID=1, Cell Name=PIC_UIO_NAIQ_L21_1, eNodeB ID=44289, Cell FDD TDD indication=CELL_FDD",Reliable,1733.312,174.02
2026-04-10 19:00,60,"PI_UIO_NAIQ_UL/Cell:eNodeB Function Name=PI_UIO_NAIQL21, Local Cell ID=2, Cell Name=PIC_UIO_NAIQ_L21_2, eNodeB ID=44289, Cell FDD TDD indication=CELL_FDD",Reliable,755.548,176.235
2026-04-10 19:00,60,"PI_UIO_NAIQ_UL/Cell:eNodeB Function Name=PI_UIO_NAIQL21, Local Cell ID=3, Cell Name=PIC_UIO_NAIQ_L21_3, eNodeB ID=44289, Cell FDD TDD indication=CELL_FDD",Reliable,517.743,106.73
2026-04-10 19:00,60,"PI_UIO_NAIQ_UL/Cell:eNodeB Function Name=PI_UIO_NAIQL21, Local Cell ID=12, Cell Name=PIC_UIO_NAIQ_L19_12, eNodeB ID=44289, Cell FDD TDD indication=CELL_FDD",Reliable,7.113,1.112
2026-04-10 19:00,60,"PI_UIO_NAIQ_UL/Cell:eNodeB Function Name=PI_UIO_NAIQL21, Local Cell ID=11, Cell Name=PIC_UIO_NAIQ_L19_11, eNodeB ID=44289, Cell FDD TDD indication=CELL_FDD",Reliable,20.349,2.826
2026-04-10 19:00,60,"PI_UIO_NUEVO_AEROPUERTO_UL/Cell:eNodeB Function Name=PI_UIO_NUEVO_AEROPUERTO_L, Local Cell ID=1, Cell Name=PI_UIO_NUEVO_AEROPUERTO_1, eNodeB ID=44068, Cell FDD TDD indication=CELL_FDD",Reliable,5062.483,465.024
2026-04-10 19:00,60,"PI_UIO_NUEVO_AEROPUERTO_UL/Cell:eNodeB Function Name=PI_UIO_NUEVO_AEROPUERTO_L, Local Cell ID=2, Cell Name=PI_UIO_NUEVO_AEROPUERTO_2, eNodeB ID=44068, Cell FDD TDD indication=CELL_FDD",Reliable,395.006,60.954
2026-04-10 19:00,60,"PI_UIO_NUEVO_AEROPUERTO_UL/Cell:eNodeB Function Name=PI_UIO_NUEVO_AEROPUERTO_L, Local Cell ID=3, Cell Name=PI_UIO_NUEVO_AEROPUERTO_3, eNodeB ID=44068, Cell FDD TDD indication=CELL_FDD",Reliable,1129.466,99.883
2026-04-10 19:00,60,"PI_UIO_NUEVO_AEROPUERTO_UL/Cell:eNodeB Function Name=PI_UIO_NUEVO_AEROPUERTO_L, Local Cell ID=7, Cell Name=PI_UIO_NUEVO_AEROPUERTO_APT_7, eNodeB ID=44068, Cell FDD TDD indication=CELL_FDD",Reliable,185.986,19.315
2026-04-10 19:00,60,"PI_UIO_NUEVO_AEROPUERTO_UL/Cell:eNodeB Function Name=PI_UIO_NUEVO_AEROPUERTO_L, Local Cell ID=8, Cell Name=PI_UIO_NUEVO_AEROPUERTO_APT_8, eNodeB ID=44068, Cell FDD TDD indication=CELL_FDD",Reliable,427.854,45.817
2026-04-10 19:00,60,"PI_UIO_NUEVO_AEROPUERTO_UL/Cell:eNodeB Function Name=PI_UIO_NUEVO_AEROPUERTO_L, Local Cell ID=9, Cell Name=PI_UIO_NUEVO_AEROPUERTO_APT_9, eNodeB ID=44068, Cell FDD TDD indication=CELL_FDD",Reliable,1338.794,125.167
2026-04-10 19:00,60,"PI_UIO_NUEVO_AEROPUERTO_UL/Cell:eNodeB Function Name=PI_UIO_NUEVO_AEROPUERTO_L, Local Cell ID=11, Cell Name=PI_UIO_NUEVO_AEROPUERTO_11, eNodeB ID=44068, Cell FDD TDD indication=CELL_FDD",Reliable,2173.385,192.825
2026-04-10 19:00,60,"PI_UIO_NUEVO_AEROPUERTO_UL/Cell:eNodeB Function Name=PI_UIO_NUEVO_AEROPUERTO_L, Local Cell ID=12, Cell Name=PI_UIO_NUEVO_AEROPUERTO_12, eNodeB ID=44068, Cell FDD TDD indication=CELL_FDD",Reliable,648.555,55.67
2026-04-10 19:00,60,"PI_UIO_NUEVO_AEROPUERTO_UL/Cell:eNodeB Function Name=PI_UIO_NUEVO_AEROPUERTO_L, Local Cell ID=13, Cell Name=PI_UIO_NUEVO_AEROPUERTO_13, eNodeB ID=44068, Cell FDD TDD indication=CELL_FDD",Reliable,441.227,61.429
2026-04-10 19:00,60,"PIC_UIO_COLEGIO_CERVANTES_ULN/Cell:eNodeB Function Name=PI_UIO_COLEGIO_CERVANTESL21, Local Cell ID=1, Cell Name=PI_UIO_COLEGIO_CERVANTES_1, eNodeB ID=44215, Cell FDD TDD indication=CELL_FDD",Reliable,596.433,76.201
2026-04-10 19:00,60,"PIC_UIO_COLEGIO_CERVANTES_ULN/Cell:eNodeB Function Name=PI_UIO_COLEGIO_CERVANTESL21, Local Cell ID=2, Cell Name=PI_UIO_COLEGIO_CERVANTES_2, eNodeB ID=44215, Cell FDD TDD indication=CELL_FDD",Reliable,442.972,59.641
2026-04-10 19:00,60,"PIC_UIO_COLEGIO_CERVANTES_ULN/Cell:eNodeB Function Name=PI_UIO_COLEGIO_CERVANTESL21, Local Cell ID=3, Cell Name=PI_UIO_COLEGIO_CERVANTES_3, eNodeB ID=44215, Cell FDD TDD indication=CELL_FDD",Reliable,120.54,14.326
2026-04-10 19:00,60,"PIC_UIO_COLEGIO_CERVANTES_ULN/Cell:eNodeB Function Name=PI_UIO_COLEGIO_CERVANTESL21, Local Cell ID=7, Cell Name=PI_UIO_COLEGIO_CERVANTES_APT_7, eNodeB ID=44215, Cell FDD TDD indication=CELL_FDD",Reliable,2079.777,155.646
2026-04-10 19:00,60,"PIC_UIO_COLEGIO_CERVANTES_ULN/Cell:eNodeB Function Name=PI_UIO_COLEGIO_CERVANTESL21, Local Cell ID=8, Cell Name=PI_UIO_COLEGIO_CERVANTES_APT_8, eNodeB ID=44215, Cell FDD TDD indication=CELL_FDD",Reliable,1386.732,164.545
2026-04-10 19:00,60,"PIC_UIO_COLEGIO_CERVANTES_ULN/Cell:eNodeB Function Name=PI_UIO_COLEGIO_CERVANTESL21, Local Cell ID=9, Cell Name=PI_UIO_COLEGIO_CERVANTES_APT_9, eNodeB ID=44215, Cell FDD TDD indication=CELL_FDD",Reliable,3093.131,321.324
2026-04-10 19:00,60,"PI_UIO_DIEGO_DE_VASQUEZ_UL/Cell:eNodeB Function Name=PI_UIO_DIEGO_DE_VASQUEZL21, Local Cell ID=1, Cell Name=PI_UIO_DIEGO_DE_VASQUEZ_1, eNodeB ID=44112, Cell FDD TDD indication=CELL_FDD",Reliable,190.702,15.839
2026-04-10 19:00,60,"PI_UIO_DIEGO_DE_VASQUEZ_UL/Cell:eNodeB Function Name=PI_UIO_DIEGO_DE_VASQUEZL21, Local Cell ID=2, Cell Name=PI_UIO_DIEGO_DE_VASQUEZ_2, eNodeB ID=44112, Cell FDD TDD indication=CELL_FDD",Reliable,231.111,15.21
2026-04-10 19:00,60,"PI_UIO_CARCELEN_INDUSTRIAL_UL/Cell:eNodeB Function Name=PI_UIO_CARCELEN_INDUSTRIALL21, Local Cell ID=1, Cell Name=PI_UIO_CARCELEN_INDUSTRIAL_1, eNodeB ID=44092, Cell FDD TDD indication=CELL_FDD",Reliable,297.437,35.047
2026-04-10 19:00,60,"PI_UIO_CARCELEN_INDUSTRIAL_UL/Cell:eNodeB Function Name=PI_UIO_CARCELEN_INDUSTRIALL21, Local Cell ID=2, Cell Name=PI_UIO_CARCELEN_INDUSTRIAL_2, eNodeB ID=44092, Cell FDD TDD indication=CELL_FDD",Reliable,65.069,7.358
2026-04-10 19:00,60,"PI_UIO_TRIANGULO_UL/Cell:eNodeB Function Name=PI_UIO_TRIANGULOL21, Local Cell ID=1, Cell Name=PI_UIO_TRIANGULO_1, eNodeB ID=44244, Cell FDD TDD indication=CELL_FDD",Reliable,1346.387,53.851
2026-04-10 19:00,60,"PI_UIO_TRIANGULO_UL/Cell:eNodeB Function Name=PI_UIO_TRIANGULOL21, Local Cell ID=2, Cell Name=PI_UIO_TRIANGULO_2, eNodeB ID=44244, Cell FDD TDD indication=CELL_FDD",Reliable,826.081,123.197
2026-04-10 19:00,60,"PI_UIO_TRIANGULO_UL/Cell:eNodeB Function Name=PI_UIO_TRIANGULOL21, Local Cell ID=3, Cell Name=PI_UIO_TRIANGULO_3, eNodeB ID=44244, Cell FDD TDD indication=CELL_FDD",Reliable,666.791,42.769
2026-04-10 19:00,60,"PI_UIO_KENNEDY_UL/Cell:eNodeB Function Name=PI_UIO_KENNEDYL21, Local Cell ID=1, Cell Name=PI_UIO_KENNEDY_1, eNodeB ID=44071, Cell FDD TDD indication=CELL_FDD",Reliable,2742.97,455.405
2026-04-10 19:00,60,"PI_UIO_KENNEDY_UL/Cell:eNodeB Function Name=PI_UIO_KENNEDYL21, Local Cell ID=2, Cell Name=PI_UIO_KENNEDY_2, eNodeB ID=44071, Cell FDD TDD indication=CELL_FDD",Reliable,626.009,131.807
2026-04-10 19:00,60,"PI_UIO_BUSTAMANTE_UL/Cell:eNodeB Function Name=PI_UIO_BUSTAMANTEL21, Local Cell ID=1, Cell Name=PI_UIO_BUSTAMANTE_1, eNodeB ID=44075, Cell FDD TDD indication=CELL_FDD",Reliable,180.338,21.673
2026-04-10 19:00,60,"PI_UIO_BUSTAMANTE_UL/Cell:eNodeB Function Name=PI_UIO_BUSTAMANTEL21, Local Cell ID=2, Cell Name=PI_UIO_BUSTAMANTE_2, eNodeB ID=44075, Cell FDD TDD indication=CELL_FDD",Reliable,1098.018,72.915
2026-04-10 19:00,60,"PI_UIO_TREBOL_UL/Cell:eNodeB Function Name=PI_UIO_TREBOL_L, Local Cell ID=3, Cell Name=PI_UIO_TREBOL_3, eNodeB ID=44073, Cell FDD TDD indication=CELL_FDD",Reliable,1244.449,88.979
2026-04-10 19:00,60,"PI_UIO_TREBOL_UL/Cell:eNodeB Function Name=PI_UIO_TREBOL_L, Local Cell ID=2, Cell Name=PI_UIO_TREBOL_2, eNodeB ID=44073, Cell FDD TDD indication=CELL_FDD",Reliable,197.839,24.633
2026-04-10 19:00,60,"PI_UIO_TREBOL_UL/Cell:eNodeB Function Name=PI_UIO_TREBOL_L, Local Cell ID=1, Cell Name=PI_UIO_TREBOL_1, eNodeB ID=44073, Cell FDD TDD indication=CELL_FDD",Reliable,5504.071,693.526
2026-04-10 19:00,60,"PI_UIO_TREBOL_UL/Cell:eNodeB Function Name=PI_UIO_TREBOL_L, Local Cell ID=11, Cell Name=PI_UIO_TREBOL_11, eNodeB ID=44073, Cell FDD TDD indication=CELL_FDD",Reliable,1636.046,86.083
2026-04-10 19:00,60,"PI_UIO_TREBOL_UL/Cell:eNodeB Function Name=PI_UIO_TREBOL_L, Local Cell ID=12, Cell Name=PI_UIO_TREBOL_12, eNodeB ID=44073, Cell FDD TDD indication=CELL_FDD",Reliable,3.183,0.273
2026-04-10 19:00,60,"PI_UIO_TREBOL_UL/Cell:eNodeB Function Name=PI_UIO_TREBOL_L, Local Cell ID=13, Cell Name=PI_UIO_TREBOL_13, eNodeB ID=44073, Cell FDD TDD indication=CELL_FDD",Reliable,229.834,13.866
2026-04-10 19:00,60,"PIC_UIO_JACARANDA_ULN/Cell:eNodeB Function Name=PI_UIO_JACARANDA_L, Local Cell ID=1, Cell Name=PI_UIO_JACARANDA_1, eNodeB ID=44203, Cell FDD TDD indication=CELL_FDD",Reliable,87.817,5.417
2026-04-10 19:00,60,"PIC_UIO_JACARANDA_ULN/Cell:eNodeB Function Name=PI_UIO_JACARANDA_L, Local Cell ID=2, Cell Name=PI_UIO_JACARANDA_2, eNodeB ID=44203, Cell FDD TDD indication=CELL_FDD",Reliable,296.835,27.046
2026-04-10 19:00,60,"PIC_UIO_JACARANDA_ULN/Cell:eNodeB Function Name=PI_UIO_JACARANDA_L, Local Cell ID=3, Cell Name=PI_UIO_JACARANDA_3, eNodeB ID=44203, Cell FDD TDD indication=CELL_FDD",Reliable,649.634,45.101
2026-04-10 19:00,60,"PIC_UIO_JACARANDA_ULN/Cell:eNodeB Function Name=PI_UIO_JACARANDA_L, Local Cell ID=11, Cell Name=PI_UIO_JACARANDA_11, eNodeB ID=44203, Cell FDD TDD indication=CELL_FDD",Reliable,33.14,1.042
2026-04-10 19:00,60,"PIC_UIO_JACARANDA_ULN/Cell:eNodeB Function Name=PI_UIO_JACARANDA_L, Local Cell ID=12, Cell Name=PI_UIO_JACARANDA_12, eNodeB ID=44203, Cell FDD TDD indication=CELL_FDD",Reliable,710.178,50.263
2026-04-10 19:00,60,"PIC_UIO_JACARANDA_ULN/Cell:eNodeB Function Name=PI_UIO_JACARANDA_L, Local Cell ID=13, Cell Name=PI_UIO_JACARANDA_13, eNodeB ID=44203, Cell FDD TDD indication=CELL_FDD",Reliable,65.339,4.157
2026-04-10 19:00,60,"PI_UIO_VICENTINA_UL/Cell:eNodeB Function Name=PIC_UIO_VICENTINA_L, Local Cell ID=1, Cell Name=PIC_UIO_VICENTINA_L21_1, eNodeB ID=44195, Cell FDD TDD indication=CELL_FDD",Reliable,124.632,12.904
2026-04-10 19:00,60,"PI_UIO_VICENTINA_UL/Cell:eNodeB Function Name=PIC_UIO_VICENTINA_L, Local Cell ID=2, Cell Name=PIC_UIO_VICENTINA_L21_2, eNodeB ID=44195, Cell FDD TDD indication=CELL_FDD",Reliable,1105.658,108.567
2026-04-10 19:00,60,"PI_UIO_VICENTINA_UL/Cell:eNodeB Function Name=PIC_UIO_VICENTINA_L, Local Cell ID=3, Cell Name=PIC_UIO_VICENTINA_L21_3, eNodeB ID=44195, Cell FDD TDD indication=CELL_FDD",Reliable,1495.445,95.296
2026-04-10 19:00,60,"PI_UIO_VICENTINA_UL/Cell:eNodeB Function Name=PIC_UIO_VICENTINA_L, Local Cell ID=11, Cell Name=PIC_UIO_VICENTINA_L19_11, eNodeB ID=44195, Cell FDD TDD indication=CELL_FDD",Reliable,29.491,2.505
2026-04-10 19:00,60,"PI_UIO_VICENTINA_UL/Cell:eNodeB Function Name=PIC_UIO_VICENTINA_L, Local Cell ID=12, Cell Name=PIC_UIO_VICENTINA_L19_12, eNodeB ID=44195, Cell FDD TDD indication=CELL_FDD",Reliable,509.501,62.911
2026-04-10 19:00,60,"PI_UIO_VICENTINA_UL/Cell:eNodeB Function Name=PIC_UIO_VICENTINA_L, Local Cell ID=13, Cell Name=PIC_UIO_VICENTINA_L19_13, eNodeB ID=44195, Cell FDD TDD indication=CELL_FDD",Reliable,773.576,48.551
2026-04-10 19:00,60,"PI_UIO_JEFATURA_UL/Cell:eNodeB Function Name=PI_UIO_JEFATURAL21, Local Cell ID=1, Cell Name=PI_UIO_JEFATURA_1, eNodeB ID=44135, Cell FDD TDD indication=CELL_FDD",Reliable,1975.408,182.55
2026-04-10 19:00,60,"PI_UIO_JEFATURA_UL/Cell:eNodeB Function Name=PI_UIO_JEFATURAL21, Local Cell ID=2, Cell Name=PI_UIO_JEFATURA_2, eNodeB ID=44135, Cell FDD TDD indication=CELL_FDD",Reliable,1259.546,103.844
2026-04-10 19:00,60,"PI_UIO_LA_MAGDALENA_UL/Cell:eNodeB Function Name=PI_UIO_LA_MAGDALENAL21, Local Cell ID=1, Cell Name=PI_UIO_LA_MAGDALENA_1, eNodeB ID=44142, Cell FDD TDD indication=CELL_FDD",Reliable,289.154,23.891
2026-04-10 19:00,60,"PI_UIO_LA_MAGDALENA_UL/Cell:eNodeB Function Name=PI_UIO_LA_MAGDALENAL21, Local Cell ID=2, Cell Name=PI_UIO_LA_MAGDALENA_2, eNodeB ID=44142, Cell FDD TDD indication=CELL_FDD",Reliable,1039.693,118.367
2026-04-10 19:00,60,"PI_UIO_LA_MAGDALENA_UL/Cell:eNodeB Function Name=PI_UIO_LA_MAGDALENAL21, Local Cell ID=3, Cell Name=PI_UIO_LA_MAGDALENA_3, eNodeB ID=44142, Cell FDD TDD indication=CELL_FDD",Reliable,634.225,82.469
2026-04-10 19:00,60,"PIC_UIO_BENALCAZAR_ULN/Cell:eNodeB Function Name=PI_UIO_BENALCAZAR_L, Local Cell ID=1, Cell Name=PI_UIO_BENALCAZAR_1, eNodeB ID=44084, Cell FDD TDD indication=CELL_FDD",Reliable,819.214,72.853
2026-04-10 19:00,60,"PIC_UIO_BENALCAZAR_ULN/Cell:eNodeB Function Name=PI_UIO_BENALCAZAR_L, Local Cell ID=2, Cell Name=PI_UIO_BENALCAZAR_2, eNodeB ID=44084, Cell FDD TDD indication=CELL_FDD",Reliable,3330.937,5956.198
2026-04-10 19:00,60,"PIC_UIO_BENALCAZAR_ULN/Cell:eNodeB Function Name=PI_UIO_BENALCAZAR_L, Local Cell ID=3, Cell Name=PI_UIO_BENALCAZAR_3, eNodeB ID=44084, Cell FDD TDD indication=CELL_FDD",Reliable,1818.378,196.283
2026-04-10 19:00,60,"PIC_UIO_BENALCAZAR_ULN/Cell:eNodeB Function Name=PI_UIO_BENALCAZAR_L, Local Cell ID=11, Cell Name=PI_UIO_BENALCAZAR_11, eNodeB ID=44084, Cell FDD TDD indication=CELL_FDD",Reliable,1110.603,367.527
2026-04-10 19:00,60,"PIC_UIO_BENALCAZAR_ULN/Cell:eNodeB Function Name=PI_UIO_BENALCAZAR_L, Local Cell ID=12, Cell Name=PI_UIO_BENALCAZAR_12, eNodeB ID=44084, Cell FDD TDD indication=CELL_FDD",Reliable,867.217,89.096
2026-04-10 19:00,60,"PIC_UIO_BENALCAZAR_ULN/Cell:eNodeB Function Name=PI_UIO_BENALCAZAR_L, Local Cell ID=13, Cell Name=PI_UIO_BENALCAZAR_13, eNodeB ID=44084, Cell FDD TDD indication=CELL_FDD",Reliable,538.344,29.763
2026-04-10 19:00,60,"PI_UIO_REAL_AUDIENCIA_UL/Cell:eNodeB Function Name=PI_UIO_REAL_AUDIENCIAL21, Local Cell ID=1, Cell Name=PI_UIO_REAL_AUDIENCIA_1, eNodeB ID=44148, Cell FDD TDD indication=CELL_FDD",Reliable,2582.823,234.2
2026-04-10 19:00,60,"PI_UIO_REAL_AUDIENCIA_UL/Cell:eNodeB Function Name=PI_UIO_REAL_AUDIENCIAL21, Local Cell ID=2, Cell Name=PI_UIO_REAL_AUDIENCIA_2, eNodeB ID=44148, Cell FDD TDD indication=CELL_FDD",Reliable,418.224,29.324
2026-04-10 19:00,60,"PI_UIO_CORDERO_UL/Cell:eNodeB Function Name=PI_UIO_CORDERO_L, Local Cell ID=1, Cell Name=PI_UIO_CORDERO_1, eNodeB ID=44045, Cell FDD TDD indication=CELL_FDD",Reliable,1385.098,210.181
2026-04-10 19:00,60,"PI_UIO_CORDERO_UL/Cell:eNodeB Function Name=PI_UIO_CORDERO_L, Local Cell ID=2, Cell Name=PI_UIO_CORDERO_2, eNodeB ID=44045, Cell FDD TDD indication=CELL_FDD",Reliable,1698.62,303.985
2026-04-10 19:00,60,"PI_UIO_CORDERO_UL/Cell:eNodeB Function Name=PI_UIO_CORDERO_L, Local Cell ID=3, Cell Name=PI_UIO_CORDERO_3, eNodeB ID=44045, Cell FDD TDD indication=CELL_FDD",Reliable,2008.116,263.431
2026-04-10 19:00,60,"PI_UIO_CORDERO_UL/Cell:eNodeB Function Name=PI_UIO_CORDERO_L, Local Cell ID=7, Cell Name=PI_UIO_CORDERO_APT_7, eNodeB ID=44045, Cell FDD TDD indication=CELL_FDD",Reliable,618.646,84.056
2026-04-10 19:00,60,"PI_UIO_CORDERO_UL/Cell:eNodeB Function Name=PI_UIO_CORDERO_L, Local Cell ID=8, Cell Name=PI_UIO_CORDERO_APT_8, eNodeB ID=44045, Cell FDD TDD indication=CELL_FDD",Reliable,297.121,42.195
2026-04-10 19:00,60,"PI_UIO_CORDERO_UL/Cell:eNodeB Function Name=PI_UIO_CORDERO_L, Local Cell ID=9, Cell Name=PI_UIO_CORDERO_APT_9, eNodeB ID=44045, Cell FDD TDD indication=CELL_FDD",Reliable,2310.778,749.48
2026-04-10 19:00,60,"PI_UIO_CORDERO_UL/Cell:eNodeB Function Name=PI_UIO_CORDERO_L, Local Cell ID=11, Cell Name=PI_UIO_CORDERO_11, eNodeB ID=44045, Cell FDD TDD indication=CELL_FDD",Reliable,40.716,6.08
2026-04-10 19:00,60,"PI_UIO_CORDERO_UL/Cell:eNodeB Function Name=PI_UIO_CORDERO_L, Local Cell ID=12, Cell Name=PI_UIO_CORDERO_12, eNodeB ID=44045, Cell FDD TDD indication=CELL_FDD",Reliable,1034.849,31.906
2026-04-10 19:00,60,"PI_UIO_CORDERO_UL/Cell:eNodeB Function Name=PI_UIO_CORDERO_L, Local Cell ID=13, Cell Name=PI_UIO_CORDERO_13, eNodeB ID=44045, Cell FDD TDD indication=CELL_FDD",Reliable,147.045,15.019
2026-04-10 19:00,60,"PI_UIO_MANUEL_VALDIVIESO_UL/Cell:eNodeB Function Name=PIC_UIO_MANUEL_VALDIVIESO_L, Local Cell ID=1, Cell Name=PIC_UIO_MANUEL_VALDIVIESO_L21_1, eNodeB ID=44157, Cell FDD TDD indication=CELL_FDD",Reliable,2132.893,433.011
2026-04-10 19:00,60,"PI_UIO_MANUEL_VALDIVIESO_UL/Cell:eNodeB Function Name=PIC_UIO_MANUEL_VALDIVIESO_L, Local Cell ID=2, Cell Name=PIC_UIO_MANUEL_VALDIVIESO_L21_2, eNodeB ID=44157, Cell FDD TDD indication=CELL_FDD",Reliable,1520.833,135.663
2026-04-10 19:00,60,"PI_UIO_CENTRAL_CARCELEN_CNT_UL/Cell:eNodeB Function Name=PI_UIO_CENTRAL_CARCELEN_CNTL21, Local Cell ID=1, Cell Name=PI_UIO_CENTRAL_CARCELEN_CNT_1, eNodeB ID=44162, Cell FDD TDD indication=CELL_FDD",Reliable,242.842,63.834
2026-04-10 19:00,60,"PI_UIO_CENTRAL_CARCELEN_CNT_UL/Cell:eNodeB Function Name=PI_UIO_CENTRAL_CARCELEN_CNTL21, Local Cell ID=2, Cell Name=PI_UIO_CENTRAL_CARCELEN_CNT_2, eNodeB ID=44162, Cell FDD TDD indication=CELL_FDD",Reliable,712.533,56.2
2026-04-10 19:00,60,"PI_UIO_RODRIGO_DE_CHAVEZ_UL/Cell:eNodeB Function Name=PI_UIO_RODRIGO_DE_CHAVEZL21, Local Cell ID=1, Cell Name=PI_UIO_RODRIGO_DE_CHAVEZ_1, eNodeB ID=44183, Cell FDD TDD indication=CELL_FDD",Reliable,633.764,63.926
2026-04-10 19:00,60,"PI_UIO_RODRIGO_DE_CHAVEZ_UL/Cell:eNodeB Function Name=PI_UIO_RODRIGO_DE_CHAVEZL21, Local Cell ID=2, Cell Name=PI_UIO_RODRIGO_DE_CHAVEZ_2, eNodeB ID=44183, Cell FDD TDD indication=CELL_FDD",Reliable,264.927,19.333
2026-04-10 19:00,60,"PI_UIO_RODRIGO_DE_CHAVEZ_UL/Cell:eNodeB Function Name=PI_UIO_RODRIGO_DE_CHAVEZL21, Local Cell ID=3, Cell Name=PI_UIO_RODRIGO_DE_CHAVEZ_3, eNodeB ID=44183, Cell FDD TDD indication=CELL_FDD",Reliable,641.242,82.68
2026-04-10 19:00,60,"PI_UIO_HOSP_MILITAR_UL/Cell:eNodeB Function Name=PI_UIO_HOSP_MILITARL21, Local Cell ID=1, Cell Name=PI_UIO_HOSP_MILITAR_1, eNodeB ID=44035, Cell FDD TDD indication=CELL_FDD",Reliable,278.064,82.305
2026-04-10 19:00,60,"PI_UIO_HOSP_MILITAR_UL/Cell:eNodeB Function Name=PI_UIO_HOSP_MILITARL21, Local Cell ID=2, Cell Name=PI_UIO_HOSP_MILITAR_2, eNodeB ID=44035, Cell FDD TDD indication=CELL_FDD",Reliable,4398.896,287.357
2026-04-10 19:00,60,"PI_UIO_HOSP_MILITAR_UL/Cell:eNodeB Function Name=PI_UIO_HOSP_MILITARL21, Local Cell ID=3, Cell Name=PI_UIO_HOSP_MILITAR_3, eNodeB ID=44035, Cell FDD TDD indication=CELL_FDD",Reliable,2357.842,200.037
2026-04-10 19:00,60,"PI_UIO_HOSP_MILITAR_UL/Cell:eNodeB Function Name=PI_UIO_HOSP_MILITARL21, Local Cell ID=7, Cell Name=PI_UIO_HOSP_MILITAR_APT_7, eNodeB ID=44035, Cell FDD TDD indication=CELL_FDD",Reliable,2448.733,172.585
2026-04-10 19:00,60,"PI_UIO_HOSP_MILITAR_UL/Cell:eNodeB Function Name=PI_UIO_HOSP_MILITARL21, Local Cell ID=8, Cell Name=PI_UIO_HOSP_MILITAR_APT_8, eNodeB ID=44035, Cell FDD TDD indication=CELL_FDD",Reliable,1907.322,201.257
2026-04-10 19:00,60,"PI_UIO_HOSP_MILITAR_UL/Cell:eNodeB Function Name=PI_UIO_HOSP_MILITARL21, Local Cell ID=9, Cell Name=PI_UIO_HOSP_MILITAR_APT_9, eNodeB ID=44035, Cell FDD TDD indication=CELL_FDD",Reliable,728.594,53.064
2026-04-10 19:00,60,"PI_UIO_NUEVA_AURORA_UL/Cell:eNodeB Function Name=PI_UIO_NUEVA_AURORAL21, Local Cell ID=1, Cell Name=PI_UIO_NUEVA_AURORA_1, eNodeB ID=44164, Cell FDD TDD indication=CELL_FDD",Reliable,630.015,51.246
2026-04-10 19:00,60,"PI_UIO_NUEVA_AURORA_UL/Cell:eNodeB Function Name=PI_UIO_NUEVA_AURORAL21, Local Cell ID=2, Cell Name=PI_UIO_NUEVA_AURORA_2, eNodeB ID=44164, Cell FDD TDD indication=CELL_FDD",Reliable,1021.93,57.874
2026-04-10 19:00,60,"PI_UIO_NUEVA_AURORA_UL/Cell:eNodeB Function Name=PI_UIO_NUEVA_AURORAL21, Local Cell ID=3, Cell Name=PI_UIO_NUEVA_AURORA_3, eNodeB ID=44164, Cell FDD TDD indication=CELL_FDD",Reliable,1405.053,123.717
2026-04-10 19:00,60,"PI_UIO_LULUNCOTO_UL/Cell:eNodeB Function Name=PI_UIO_LULUNCOTOL21, Local Cell ID=1, Cell Name=PIC_UIO_LULUNCOTO_L21_1, eNodeB ID=44040, Cell FDD TDD indication=CELL_FDD",Reliable,762.519,75.857
2026-04-10 19:00,60,"PI_UIO_LULUNCOTO_UL/Cell:eNodeB Function Name=PI_UIO_LULUNCOTOL21, Local Cell ID=2, Cell Name=PIC_UIO_LULUNCOTO_L21_2, eNodeB ID=44040, Cell FDD TDD indication=CELL_FDD",Reliable,1569.629,130.388
2026-04-10 19:00,60,"PIC_UIO_NUEVO_AMANECER_SUR_UL/Cell:eNodeB Function Name=PIC_UIO_NUEVO_AMANECER_SUR_L, Local Cell ID=1, Cell Name=PIC_UIO_NUEVO_AMANECER_SUR_L21_1, eNodeB ID=44165, Cell FDD TDD indication=CELL_FDD",Reliable,1231.39,144.799
2026-04-10 19:00,60,"PIC_UIO_NUEVO_AMANECER_SUR_UL/Cell:eNodeB Function Name=PIC_UIO_NUEVO_AMANECER_SUR_L, Local Cell ID=2, Cell Name=PIC_UIO_NUEVO_AMANECER_SUR_L21_2, eNodeB ID=44165, Cell FDD TDD indication=CELL_FDD",Reliable,871.058,117.89
2026-04-10 19:00,60,"PIC_UIO_NUEVO_AMANECER_SUR_UL/Cell:eNodeB Function Name=PIC_UIO_NUEVO_AMANECER_SUR_L, Local Cell ID=3, Cell Name=PIC_UIO_NUEVO_AMANECER_SUR_L21_3, eNodeB ID=44165, Cell FDD TDD indication=CELL_FDD",Reliable,663.234,51.916
2026-04-10 19:00,60,"PIC_UIO_NUEVO_AMANECER_SUR_UL/Cell:eNodeB Function Name=PIC_UIO_NUEVO_AMANECER_SUR_L, Local Cell ID=7, Cell Name=PIC_UIO_NUEVO_AMANECER_SUR_L7_7, eNodeB ID=44165, Cell FDD TDD indication=CELL_FDD",Reliable,3353.645,330.497
2026-04-10 19:00,60,"PIC_UIO_NUEVO_AMANECER_SUR_UL/Cell:eNodeB Function Name=PIC_UIO_NUEVO_AMANECER_SUR_L, Local Cell ID=8, Cell Name=PIC_UIO_NUEVO_AMANECER_SUR_L8_8, eNodeB ID=44165, Cell FDD TDD indication=CELL_FDD",Reliable,896.887,76.342
2026-04-10 19:00,60,"PIC_UIO_NUEVO_AMANECER_SUR_UL/Cell:eNodeB Function Name=PIC_UIO_NUEVO_AMANECER_SUR_L, Local Cell ID=9, Cell Name=PIC_UIO_NUEVO_AMANECER_SUR_L9_9, eNodeB ID=44165, Cell FDD TDD indication=CELL_FDD",Reliable,2900.181,315.542
2026-04-10 19:00,60,"PI_UIO_DAMMER_UL/Cell:eNodeB Function Name=PI_UIO_DAMMERL21, Local Cell ID=1, Cell Name=PI_UIO_DAMMER_1, eNodeB ID=44033, Cell FDD TDD indication=CELL_FDD",Reliable,1091.925,93.788
2026-04-10 19:00,60,"PI_UIO_DAMMER_UL/Cell:eNodeB Function Name=PI_UIO_DAMMERL21, Local Cell ID=2, Cell Name=PI_UIO_DAMMER_2, eNodeB ID=44033, Cell FDD TDD indication=CELL_FDD",Reliable,1655.486,147.304
2026-04-10 19:00,60,"PI_UIO_DAMMER_UL/Cell:eNodeB Function Name=PI_UIO_DAMMERL21, Local Cell ID=7, Cell Name=PI_UIO_DAMMER_APT_7, eNodeB ID=44033, Cell FDD TDD indication=CELL_FDD",Reliable,4436.333,366.647
2026-04-10 19:00,60,"PI_UIO_DAMMER_UL/Cell:eNodeB Function Name=PI_UIO_DAMMERL21, Local Cell ID=8, Cell Name=PI_UIO_DAMMER_APT_8, eNodeB ID=44033, Cell FDD TDD indication=CELL_FDD",Reliable,1736.039,215.265
2026-04-10 19:00,60,"PI_UIO_SEK_UL/Cell:eNodeB Function Name=PIC_UIO_SEK_UL, Local Cell ID=1, Cell Name=PI_UIO_SEK_1, eNodeB ID=44242, Cell FDD TDD indication=CELL_FDD",Reliable,245.221,44.743
2026-04-10 19:00,60,"PI_UIO_SEK_UL/Cell:eNodeB Function Name=PIC_UIO_SEK_UL, Local Cell ID=2, Cell Name=PI_UIO_SEK_2, eNodeB ID=44242, Cell FDD TDD indication=CELL_FDD",Reliable,58.352,7.198
2026-04-10 19:00,60,"PI_UIO_SEK_UL/Cell:eNodeB Function Name=PIC_UIO_SEK_UL, Local Cell ID=3, Cell Name=PI_UIO_SEK_3, eNodeB ID=44242, Cell FDD TDD indication=CELL_FDD",Reliable,17.476,2.804
2026-04-10 19:00,60,"PI_UIO_NAYON_UL/Cell:eNodeB Function Name=PI_UIO_NAYONL21, Local Cell ID=1, Cell Name=PI_UIO_NAYON_1, eNodeB ID=44036, Cell FDD TDD indication=CELL_FDD",Reliable,1417.194,186.161
2026-04-10 19:00,60,"PI_UIO_NAYON_UL/Cell:eNodeB Function Name=PI_UIO_NAYONL21, Local Cell ID=2, Cell Name=PI_UIO_NAYON_2, eNodeB ID=44036, Cell FDD TDD indication=CELL_FDD",Reliable,4068.647,442.89
2026-04-10 19:00,60,"PI_UIO_NAYON_UL/Cell:eNodeB Function Name=PI_UIO_NAYONL21, Local Cell ID=3, Cell Name=PI_UIO_NAYON_3, eNodeB ID=44036, Cell FDD TDD indication=CELL_FDD",Reliable,178.738,14.835
2026-04-10 19:00,60,"PI_UIO_NAYON_UL/Cell:eNodeB Function Name=PI_UIO_NAYONL21, Local Cell ID=7, Cell Name=PI_UIO_NAYON_APT_7, eNodeB ID=44036, Cell FDD TDD indication=CELL_FDD",Reliable,3843.139,246.984
2026-04-10 19:00,60,"PI_UIO_NAYON_UL/Cell:eNodeB Function Name=PI_UIO_NAYONL21, Local Cell ID=8, Cell Name=PI_UIO_NAYON_APT_8, eNodeB ID=44036, Cell FDD TDD indication=CELL_FDD",Reliable,4198.97,303.747
2026-04-10 19:00,60,"PI_UIO_NAYON_UL/Cell:eNodeB Function Name=PI_UIO_NAYONL21, Local Cell ID=9, Cell Name=PI_UIO_NAYON_APT_9, eNodeB ID=44036, Cell FDD TDD indication=CELL_FDD",Reliable,2312.782,202.896
2026-04-10 19:00,60,"PI_UIO_LAURELES_UL/Cell:eNodeB Function Name=PIC_UIO_LAURELES_L, Local Cell ID=1, Cell Name=PIC_UIO_LAURELES_L21_1, eNodeB ID=44051, Cell FDD TDD indication=CELL_FDD",Reliable,601.247,55.384
2026-04-10 19:00,60,"PI_UIO_LAURELES_UL/Cell:eNodeB Function Name=PIC_UIO_LAURELES_L, Local Cell ID=2, Cell Name=PIC_UIO_LAURELES_L21_2, eNodeB ID=44051, Cell FDD TDD indication=CELL_FDD",Reliable,2460.809,243.389
2026-04-10 19:00,60,"PI_UIO_LAURELES_UL/Cell:eNodeB Function Name=PIC_UIO_LAURELES_L, Local Cell ID=3, Cell Name=PIC_UIO_LAURELES_L21_3, eNodeB ID=44051, Cell FDD TDD indication=CELL_FDD",Reliable,7971.682,1481.201
2026-04-10 19:00,60,"PI_UIO_LAURELES_UL/Cell:eNodeB Function Name=PIC_UIO_LAURELES_L, Local Cell ID=7, Cell Name=PIC_UIO_LAURELES_L7_7, eNodeB ID=44051, Cell FDD TDD indication=CELL_FDD",Reliable,1513.6,103.39
2026-04-10 19:00,60,"PI_UIO_LAURELES_UL/Cell:eNodeB Function Name=PIC_UIO_LAURELES_L, Local Cell ID=8, Cell Name=PIC_UIO_LAURELES_L7_8, eNodeB ID=44051, Cell FDD TDD indication=CELL_FDD",Reliable,2195.802,482.891
2026-04-10 19:00,60,"PI_UIO_LAURELES_UL/Cell:eNodeB Function Name=PIC_UIO_LAURELES_L, Local Cell ID=9, Cell Name=PIC_UIO_LAURELES_L7_9, eNodeB ID=44051, Cell FDD TDD indication=CELL_FDD",Reliable,5018.217,827.992
2026-04-10 19:00,60,"PI_UIO_LAURELES_UL/Cell:eNodeB Function Name=PIC_UIO_LAURELES_L, Local Cell ID=11, Cell Name=PIC_UIO_LAURELES_L19_11, eNodeB ID=44051, Cell FDD TDD indication=CELL_FDD",Reliable,1175.098,204.336
2026-04-10 19:00,60,"PI_UIO_LAURELES_UL/Cell:eNodeB Function Name=PIC_UIO_LAURELES_L, Local Cell ID=12, Cell Name=PIC_UIO_LAURELES_L19_12, eNodeB ID=44051, Cell FDD TDD indication=CELL_FDD",Reliable,121.014,8.625
2026-04-10 19:00,60,"PI_UIO_LAURELES_UL/Cell:eNodeB Function Name=PIC_UIO_LAURELES_L, Local Cell ID=13, Cell Name=PIC_UIO_LAURELES_L19_13, eNodeB ID=44051, Cell FDD TDD indication=CELL_FDD",Reliable,1557.574,278.365
2026-04-10 19:00,60,"PI_UIO_PINTADO_UL/Cell:eNodeB Function Name=PI_UIO_PINTADOL21, Local Cell ID=1, Cell Name=PI_UIO_PINTADO_1, eNodeB ID=44021, Cell FDD TDD indication=CELL_FDD",Reliable,5405.67,902.783
2026-04-10 19:00,60,"PI_UIO_PINTADO_UL/Cell:eNodeB Function Name=PI_UIO_PINTADOL21, Local Cell ID=2, Cell Name=PI_UIO_PINTADO_2, eNodeB ID=44021, Cell FDD TDD indication=CELL_FDD",Reliable,2967.418,271.804
2026-04-10 19:00,60,"PI_UIO_PINTADO_UL/Cell:eNodeB Function Name=PI_UIO_PINTADOL21, Local Cell ID=3, Cell Name=PI_UIO_PINTADO_3, eNodeB ID=44021, Cell FDD TDD indication=CELL_FDD",Reliable,780.307,161.939
2026-04-10 19:00,60,"PI_UIO_PINTADO_UL/Cell:eNodeB Function Name=PI_UIO_PINTADOL21, Local Cell ID=7, Cell Name=PI_UIO_PINTADO_APT_7, eNodeB ID=44021, Cell FDD TDD indication=CELL_FDD",Reliable,5111.91,392.127
2026-04-10 19:00,60,"PI_UIO_PINTADO_UL/Cell:eNodeB Function Name=PI_UIO_PINTADOL21, Local Cell ID=8, Cell Name=PI_UIO_PINTADO_APT_8, eNodeB ID=44021, Cell FDD TDD indication=CELL_FDD",Reliable,3953.991,488.125
2026-04-10 19:00,60,"PI_UIO_PINTADO_UL/Cell:eNodeB Function Name=PI_UIO_PINTADOL21, Local Cell ID=9, Cell Name=PI_UIO_PINTADO_APT_9, eNodeB ID=44021, Cell FDD TDD indication=CELL_FDD",Reliable,4792.354,423.793
2026-04-10 19:00,60,"PI_UIO_PLAZA_ARENAS_UL/Cell:eNodeB Function Name=PI_UIO_PLAZA_ARENASL21, Local Cell ID=1, Cell Name=PI_UIO_PLAZA_ARENAS_1, eNodeB ID=44173, Cell FDD TDD indication=CELL_FDD",Reliable,335.103,35.849
2026-04-10 19:00,60,"PI_UIO_PLAZA_ARENAS_UL/Cell:eNodeB Function Name=PI_UIO_PLAZA_ARENASL21, Local Cell ID=2, Cell Name=PI_UIO_PLAZA_ARENAS_2, eNodeB ID=44173, Cell FDD TDD indication=CELL_FDD",Reliable,399.495,46.756
2026-04-10 19:00,60,"PI_UIO_PLAZA_ARENAS_UL/Cell:eNodeB Function Name=PI_UIO_PLAZA_ARENASL21, Local Cell ID=3, Cell Name=PI_UIO_PLAZA_ARENAS_3, eNodeB ID=44173, Cell FDD TDD indication=CELL_FDD",Reliable,948.168,115.094
2026-04-10 19:00,60,"PI_UIO_LOJA_UL/Cell:eNodeB Function Name=PI_UIO_LOJAL21, Local Cell ID=1, Cell Name=PIC_UIO_LOJA_L21_1, eNodeB ID=44224, Cell FDD TDD indication=CELL_FDD",Reliable,568.349,73.733
2026-04-10 19:00,60,"PI_UIO_LOJA_UL/Cell:eNodeB Function Name=PI_UIO_LOJAL21, Local Cell ID=2, Cell Name=PIC_UIO_LOJA_L21_2, eNodeB ID=44224, Cell FDD TDD indication=CELL_FDD",Reliable,946.287,55.941
2026-04-10 19:00,60,"PI_UIO_LOJA_UL/Cell:eNodeB Function Name=PI_UIO_LOJAL21, Local Cell ID=7, Cell Name=PIC_UIO_LOJA_L7_7, eNodeB ID=44224, Cell FDD TDD indication=CELL_FDD",Reliable,2657.77,473.634
2026-04-10 19:00,60,"PI_UIO_LOJA_UL/Cell:eNodeB Function Name=PI_UIO_LOJAL21, Local Cell ID=8, Cell Name=PIC_UIO_LOJA_L7_8, eNodeB ID=44224, Cell FDD TDD indication=CELL_FDD",Reliable,1049.134,106.283
2026-04-10 19:00,60,"PI_UIO_SAN_RAFAEL_UL/Cell:eNodeB Function Name=PI_UIO_SAN_RAFAELL21, Local Cell ID=1, Cell Name=PI_UIO_SAN_RAFAEL_1, eNodeB ID=44017, Cell FDD TDD indication=CELL_FDD",Reliable,1952.042,322.355
2026-04-10 19:00,60,"PI_UIO_SAN_RAFAEL_UL/Cell:eNodeB Function Name=PI_UIO_SAN_RAFAELL21, Local Cell ID=2, Cell Name=PI_UIO_SAN_RAFAEL_2, eNodeB ID=44017, Cell FDD TDD indication=CELL_FDD",Reliable,1118.073,99.576
2026-04-10 19:00,60,"PI_UIO_SAN_RAFAEL_UL/Cell:eNodeB Function Name=PI_UIO_SAN_RAFAELL21, Local Cell ID=3, Cell Name=PI_UIO_SAN_RAFAEL_3, eNodeB ID=44017, Cell FDD TDD indication=CELL_FDD",Reliable,2164.72,365.69
2026-04-10 19:00,60,"PI_UIO_SAN_RAFAEL_UL/Cell:eNodeB Function Name=PI_UIO_SAN_RAFAELL21, Local Cell ID=7, Cell Name=PI_UIO_SAN_RAFAEL_APT_7, eNodeB ID=44017, Cell FDD TDD indication=CELL_FDD",Reliable,5841.064,830.725
2026-04-10 19:00,60,"PI_UIO_SAN_RAFAEL_UL/Cell:eNodeB Function Name=PI_UIO_SAN_RAFAELL21, Local Cell ID=8, Cell Name=PI_UIO_SAN_RAFAEL_APT_8, eNodeB ID=44017, Cell FDD TDD indication=CELL_FDD",Reliable,8172.152,1144.73
2026-04-10 19:00,60,"PI_UIO_SAN_RAFAEL_UL/Cell:eNodeB Function Name=PI_UIO_SAN_RAFAELL21, Local Cell ID=9, Cell Name=PI_UIO_SAN_RAFAEL_APT_9, eNodeB ID=44017, Cell FDD TDD indication=CELL_FDD",Reliable,4879.148,1957.631
2026-04-10 19:00,60,"PI_UIO_SABANILLA_UL/Cell:eNodeB Function Name=PI_UIO_SABANILLAL21, Local Cell ID=1, Cell Name=PI_UIO_SABANILLA_1, eNodeB ID=44184, Cell FDD TDD indication=CELL_FDD",Reliable,2038.2,188.923
2026-04-10 19:00,60,"PI_UIO_SABANILLA_UL/Cell:eNodeB Function Name=PI_UIO_SABANILLAL21, Local Cell ID=2, Cell Name=PI_UIO_SABANILLA_2, eNodeB ID=44184, Cell FDD TDD indication=CELL_FDD",Reliable,2028.741,201.456
2026-04-10 19:00,60,"PI_UIO_AMAGASI_DEL_INCA_UL/Cell:eNodeB Function Name=PI_UIO_AMAGASI_DEL_INCAL21, Local Cell ID=1, Cell Name=PI_UIO_AMAGASI_DEL_INCA_1, eNodeB ID=44060, Cell FDD TDD indication=CELL_FDD",Reliable,123.129,13.718
2026-04-10 19:00,60,"PI_UIO_AMAGASI_DEL_INCA_UL/Cell:eNodeB Function Name=PI_UIO_AMAGASI_DEL_INCAL21, Local Cell ID=8, Cell Name=PI_UIO_AMAGASI_DEL_INCA_APT_8, eNodeB ID=44060, Cell FDD TDD indication=CELL_FDD",Reliable,620.212,55.835
2026-04-10 19:00,60,"PI_UIO_SOLCA_UL/Cell:eNodeB Function Name=PI_UIO_SOLCAL21, Local Cell ID=1, Cell Name=PI_UIO_SOLCA_1, eNodeB ID=44043, Cell FDD TDD indication=CELL_FDD",Reliable,1402.383,133.411
2026-04-10 19:00,60,"PI_UIO_SOLCA_UL/Cell:eNodeB Function Name=PI_UIO_SOLCAL21, Local Cell ID=2, Cell Name=PI_UIO_SOLCA_2, eNodeB ID=44043, Cell FDD TDD indication=CELL_FDD",Reliable,920.371,83.822
2026-04-10 19:00,60,"PI_UIO_SOLCA_UL/Cell:eNodeB Function Name=PI_UIO_SOLCAL21, Local Cell ID=3, Cell Name=PI_UIO_SOLCA_3, eNodeB ID=44043, Cell FDD TDD indication=CELL_FDD",Reliable,1286.815,132.569
2026-04-10 19:00,60,"PI_UIO_SOLCA_UL/Cell:eNodeB Function Name=PI_UIO_SOLCAL21, Local Cell ID=7, Cell Name=PI_UIO_SOLCA_APT_7, eNodeB ID=44043, Cell FDD TDD indication=CELL_FDD",Reliable,1044.309,100.107
2026-04-10 19:00,60,"PI_UIO_SOLCA_UL/Cell:eNodeB Function Name=PI_UIO_SOLCAL21, Local Cell ID=8, Cell Name=PI_UIO_SOLCA_APT_8, eNodeB ID=44043, Cell FDD TDD indication=CELL_FDD",Reliable,1928.316,159.372
2026-04-10 19:00,60,"PI_UIO_SOLCA_UL/Cell:eNodeB Function Name=PI_UIO_SOLCAL21, Local Cell ID=9, Cell Name=PI_UIO_SOLCA_APT_9, eNodeB ID=44043, Cell FDD TDD indication=CELL_FDD",Reliable,1680.405,209.378
2026-04-10 19:00,60,"PI_UIO_CARCELEN_BAJO_UL/Cell:eNodeB Function Name=PI_UIO_CARCELEN_BAJOL21, Local Cell ID=1, Cell Name=PI_UIO_CARCELEN_BAJO_1, eNodeB ID=44091, Cell FDD TDD indication=CELL_FDD",Reliable,1061.367,326.542
2026-04-10 19:00,60,"PI_UIO_CARCELEN_BAJO_UL/Cell:eNodeB Function Name=PI_UIO_CARCELEN_BAJOL21, Local Cell ID=2, Cell Name=PI_UIO_CARCELEN_BAJO_2, eNodeB ID=44091, Cell FDD TDD indication=CELL_FDD",Reliable,936.559,65.074
2026-04-10 19:00,60,"PI_UIO_LDU_UL/Cell:eNodeB Function Name=PI_UIO_LDU_L, Local Cell ID=1, Cell Name=PI_UIO_LDU_1, eNodeB ID=44047, Cell FDD TDD indication=CELL_FDD",Reliable,1107.299,67.966
2026-04-10 19:00,60,"PI_UIO_LDU_UL/Cell:eNodeB Function Name=PI_UIO_LDU_L, Local Cell ID=2, Cell Name=PI_UIO_LDU_2, eNodeB ID=44047, Cell FDD TDD indication=CELL_FDD",Reliable,1365.986,166.363
2026-04-10 19:00,60,"PI_UIO_LDU_UL/Cell:eNodeB Function Name=PI_UIO_LDU_L, Local Cell ID=3, Cell Name=PI_UIO_LDU_3, eNodeB ID=44047, Cell FDD TDD indication=CELL_FDD",Reliable,3105.999,262.33
2026-04-10 19:00,60,"PI_UIO_LDU_UL/Cell:eNodeB Function Name=PI_UIO_LDU_L, Local Cell ID=11, Cell Name=PI_UIO_LDU_11, eNodeB ID=44047, Cell FDD TDD indication=CELL_FDD",Reliable,235.462,87.41
2026-04-10 19:00,60,"PI_UIO_LDU_UL/Cell:eNodeB Function Name=PI_UIO_LDU_L, Local Cell ID=12, Cell Name=PI_UIO_LDU_12, eNodeB ID=44047, Cell FDD TDD indication=CELL_FDD",Reliable,277.513,34.952
2026-04-10 19:00,60,"PI_UIO_LDU_UL/Cell:eNodeB Function Name=PI_UIO_LDU_L, Local Cell ID=13, Cell Name=PI_UIO_LDU_13, eNodeB ID=44047, Cell FDD TDD indication=CELL_FDD",Reliable,212.318,16.825
2026-04-10 19:00,60,"PI_UIO_LOS_PLANETAS_UL/Cell:eNodeB Function Name=PI_UIO_LOS_PLANETAS_L, Local Cell ID=1, Cell Name=PI_UIO_LOS_PLANETAS_L21_1, eNodeB ID=44212, Cell FDD TDD indication=CELL_FDD",Reliable,2349.166,718.091
2026-04-10 19:00,60,"PI_UIO_LOS_PLANETAS_UL/Cell:eNodeB Function Name=PI_UIO_LOS_PLANETAS_L, Local Cell ID=2, Cell Name=PI_UIO_LOS_PLANETAS_L21_2, eNodeB ID=44212, Cell FDD TDD indication=CELL_FDD",Reliable,1255.129,239.161
2026-04-10 19:00,60,"PI_UIO_LOS_PLANETAS_UL/Cell:eNodeB Function Name=PI_UIO_LOS_PLANETAS_L, Local Cell ID=3, Cell Name=PI_UIO_LOS_PLANETAS_L21_3, eNodeB ID=44212, Cell FDD TDD indication=CELL_FDD",Reliable,294.033,23.033
2026-04-10 19:00,60,"PI_UIO_LOS_PLANETAS_UL/Cell:eNodeB Function Name=PI_UIO_LOS_PLANETAS_L, Local Cell ID=11, Cell Name=PI_UIO_LOS_PLANETAS_L19_11, eNodeB ID=44212, Cell FDD TDD indication=CELL_FDD",Reliable,88.654,19.931
2026-04-10 19:00,60,"PI_UIO_LOS_PLANETAS_UL/Cell:eNodeB Function Name=PI_UIO_LOS_PLANETAS_L, Local Cell ID=12, Cell Name=PI_UIO_LOS_PLANETAS_L19_12, eNodeB ID=44212, Cell FDD TDD indication=CELL_FDD",Reliable,87.462,4.402
2026-04-10 19:00,60,"PI_UIO_LOS_PLANETAS_UL/Cell:eNodeB Function Name=PI_UIO_LOS_PLANETAS_L, Local Cell ID=13, Cell Name=PI_UIO_LOS_PLANETAS_L19_13, eNodeB ID=44212, Cell FDD TDD indication=CELL_FDD",Reliable,12.409,1.747
2026-04-10 19:00,60,"TU_AMB_PUERTO_ARTURO_UL/Cell:eNodeB Function Name=TU_AMB_PUERTO_ARTUROL21, Local Cell ID=1, Cell Name=TU_AMB_PUERTO_ARTURO_1, eNodeB ID=44484, Cell FDD TDD indication=CELL_FDD",Reliable,740.746,162.71
2026-04-10 19:00,60,"TU_AMB_PUERTO_ARTURO_UL/Cell:eNodeB Function Name=TU_AMB_PUERTO_ARTUROL21, Local Cell ID=2, Cell Name=TU_AMB_PUERTO_ARTURO_2, eNodeB ID=44484, Cell FDD TDD indication=CELL_FDD",Reliable,462.827,43.225
2026-04-10 19:00,60,"TU_AMB_PUERTO_ARTURO_UL/Cell:eNodeB Function Name=TU_AMB_PUERTO_ARTUROL21, Local Cell ID=7, Cell Name=TU_AMB_PUERTO_ARTURO_APT_7, eNodeB ID=44484, Cell FDD TDD indication=CELL_FDD",Reliable,2786.553,597.083
2026-04-10 19:00,60,"TU_AMB_PUERTO_ARTURO_UL/Cell:eNodeB Function Name=TU_AMB_PUERTO_ARTUROL21, Local Cell ID=8, Cell Name=TU_AMB_PUERTO_ARTURO_APT_8, eNodeB ID=44484, Cell FDD TDD indication=CELL_FDD",Reliable,2535.835,213.163
2026-04-10 19:00,60,"TU_AMB_PUERTO_ARTURO_UL/Cell:eNodeB Function Name=TU_AMB_PUERTO_ARTUROL21, Local Cell ID=9, Cell Name=TU_AMB_PUERTO_ARTURO_APT_9, eNodeB ID=44484, Cell FDD TDD indication=CELL_FDD",Reliable,2112.915,269.972
2026-04-10 19:00,60,"TU_AMB_PARQUE_INDUSTRIAL_UL/Cell:eNodeB Function Name=TU_AMB_PARQUE_INDUSTRIALL21, Local Cell ID=1, Cell Name=TU_AMB_PARQUE_INDUSTRIAL_1, eNodeB ID=44482, Cell FDD TDD indication=CELL_FDD",Reliable,1898.49,144.603
2026-04-10 19:00,60,"TU_AMB_PARQUE_INDUSTRIAL_UL/Cell:eNodeB Function Name=TU_AMB_PARQUE_INDUSTRIALL21, Local Cell ID=2, Cell Name=TU_AMB_PARQUE_INDUSTRIAL_2, eNodeB ID=44482, Cell FDD TDD indication=CELL_FDD",Reliable,5890.004,430.724
2026-04-10 19:00,60,"TU_AMB_PARQUE_INDUSTRIAL_UL/Cell:eNodeB Function Name=TU_AMB_PARQUE_INDUSTRIALL21, Local Cell ID=3, Cell Name=TU_AMB_PARQUE_INDUSTRIAL_3, eNodeB ID=44482, Cell FDD TDD indication=CELL_FDD",Reliable,711.603,83.578
2026-04-10 19:00,60,"TU_AMB_LA_PRADERA_UL/Cell:eNodeB Function Name=TU_AMB_LA_PRADERAL21, Local Cell ID=1, Cell Name=TU_AMB_LA_PRADERA_1, eNodeB ID=44452, Cell FDD TDD indication=CELL_FDD",Reliable,1916.965,156.624
2026-04-10 19:00,60,"TU_AMB_LA_PRADERA_UL/Cell:eNodeB Function Name=TU_AMB_LA_PRADERAL21, Local Cell ID=2, Cell Name=TU_AMB_LA_PRADERA_2, eNodeB ID=44452, Cell FDD TDD indication=CELL_FDD",Reliable,3102.974,325.334
2026-04-10 19:00,60,"TU_AMB_LA_PRADERA_UL/Cell:eNodeB Function Name=TU_AMB_LA_PRADERAL21, Local Cell ID=3, Cell Name=TU_AMB_LA_PRADERA_3, eNodeB ID=44452, Cell FDD TDD indication=CELL_FDD",Reliable,687.591,144.275
2026-04-10 19:00,60,"TU_AMB_LA_CONCEPCION_UL/Cell:eNodeB Function Name=TU_AMB_LA_CONCEPCIONL21, Local Cell ID=1, Cell Name=TU_AMB_LA_CONCEPCION_1, eNodeB ID=44473, Cell FDD TDD indication=CELL_FDD",Reliable,517,75.628
2026-04-10 19:00,60,"TU_AMB_LA_CONCEPCION_UL/Cell:eNodeB Function Name=TU_AMB_LA_CONCEPCIONL21, Local Cell ID=2, Cell Name=TU_AMB_LA_CONCEPCION_2, eNodeB ID=44473, Cell FDD TDD indication=CELL_FDD",Reliable,67.483,14.256
2026-04-10 19:00,60,"TU_AMB_LA_CONCEPCION_UL/Cell:eNodeB Function Name=TU_AMB_LA_CONCEPCIONL21, Local Cell ID=3, Cell Name=TU_AMB_LA_CONCEPCION_3, eNodeB ID=44473, Cell FDD TDD indication=CELL_FDD",Reliable,109.961,11.214
2026-04-10 19:00,60,"TU_AMB_LA_MERCED_UL/Cell:eNodeB Function Name=TU_AMB_LA_MERCEDL21, Local Cell ID=1, Cell Name=TU_AMB_LA_MERCED_1, eNodeB ID=44477, Cell FDD TDD indication=CELL_FDD",Reliable,3709.93,416.009
2026-04-10 19:00,60,"TU_AMB_LA_MERCED_UL/Cell:eNodeB Function Name=TU_AMB_LA_MERCEDL21, Local Cell ID=2, Cell Name=TU_AMB_LA_MERCED_2, eNodeB ID=44477, Cell FDD TDD indication=CELL_FDD",Reliable,2251.286,153.327
2026-04-10 19:00,60,"TU_AMB_LA_MERCED_UL/Cell:eNodeB Function Name=TU_AMB_LA_MERCEDL21, Local Cell ID=3, Cell Name=TU_AMB_LA_MERCED_3, eNodeB ID=44477, Cell FDD TDD indication=CELL_FDD",Reliable,2627.55,231.001
2026-04-10 19:00,60,"TU_AMB_IZAMBA_UL/Cell:eNodeB Function Name=TU_AMB_IZAMBAL21, Local Cell ID=1, Cell Name=TU_AMB_IZAMBA_1, eNodeB ID=44474, Cell FDD TDD indication=CELL_FDD",Reliable,1794.407,204.918
2026-04-10 19:00,60,"TU_AMB_IZAMBA_UL/Cell:eNodeB Function Name=TU_AMB_IZAMBAL21, Local Cell ID=2, Cell Name=TU_AMB_IZAMBA_2, eNodeB ID=44474, Cell FDD TDD indication=CELL_FDD",Reliable,3679.284,317.039
2026-04-10 19:00,60,"TU_AMB_IZAMBA_UL/Cell:eNodeB Function Name=TU_AMB_IZAMBAL21, Local Cell ID=3, Cell Name=TU_AMB_IZAMBA_3, eNodeB ID=44474, Cell FDD TDD indication=CELL_FDD",Reliable,2818.341,753.279
2026-04-10 19:00,60,"PI_UIO_FATIMA_UL/Cell:eNodeB Function Name=PIC_UIO_FATIMA_UL, Local Cell ID=1, Cell Name=PI_UIO_FATIMA_1, eNodeB ID=44125, Cell FDD TDD indication=CELL_FDD",Reliable,1530.008,196.11
2026-04-10 19:00,60,"PI_UIO_FATIMA_UL/Cell:eNodeB Function Name=PIC_UIO_FATIMA_UL, Local Cell ID=2, Cell Name=PI_UIO_FATIMA_2, eNodeB ID=44125, Cell FDD TDD indication=CELL_FDD",Reliable,1991.041,148.864
2026-04-10 19:00,60,"PI_UIO_FATIMA_UL/Cell:eNodeB Function Name=PIC_UIO_FATIMA_UL, Local Cell ID=7, Cell Name=PIC_UIO_FATIMA_L7_7, eNodeB ID=44125, Cell FDD TDD indication=CELL_FDD",Reliable,8146.972,913.66
2026-04-10 19:00,60,"PI_UIO_ESPE_UL/Cell:eNodeB Function Name=PI_UIO_ESPE_L, Local Cell ID=1, Cell Name=PI_UIO_ESPE_1, eNodeB ID=44067, Cell FDD TDD indication=CELL_FDD",Reliable,6598.244,589.696
2026-04-10 19:00,60,"PI_UIO_ESPE_UL/Cell:eNodeB Function Name=PI_UIO_ESPE_L, Local Cell ID=2, Cell Name=PI_UIO_ESPE_2, eNodeB ID=44067, Cell FDD TDD indication=CELL_FDD",Reliable,1635.09,138.418
2026-04-10 19:00,60,"PI_UIO_ESPE_UL/Cell:eNodeB Function Name=PI_UIO_ESPE_L, Local Cell ID=3, Cell Name=PI_UIO_ESPE_3, eNodeB ID=44067, Cell FDD TDD indication=CELL_FDD",Reliable,1274.077,132.92
2026-04-10 19:00,60,"PI_UIO_ESPE_UL/Cell:eNodeB Function Name=PI_UIO_ESPE_L, Local Cell ID=11, Cell Name=PI_UIO_ESPE_11, eNodeB ID=44067, Cell FDD TDD indication=CELL_FDD",Reliable,3163.231,313.645
2026-04-10 19:00,60,"PI_UIO_ESPE_UL/Cell:eNodeB Function Name=PI_UIO_ESPE_L, Local Cell ID=12, Cell Name=PI_UIO_ESPE_12, eNodeB ID=44067, Cell FDD TDD indication=CELL_FDD",Reliable,743.002,114.873
2026-04-10 19:00,60,"PI_UIO_ESPE_UL/Cell:eNodeB Function Name=PI_UIO_ESPE_L, Local Cell ID=13, Cell Name=PI_UIO_ESPE_13, eNodeB ID=44067, Cell FDD TDD indication=CELL_FDD",Reliable,137.934,19.413
2026-04-10 19:00,60,"TU_AMB_CC_CARACOL_UL/Cell:eNodeB Function Name=TU_AMB_CC_CARACOLL21, Local Cell ID=1, Cell Name=TU_AMB_CC_CARACOL_1, eNodeB ID=44478, Cell FDD TDD indication=CELL_FDD",Reliable,3973.834,402.061
2026-04-10 19:00,60,"TU_AMB_CC_CARACOL_UL/Cell:eNodeB Function Name=TU_AMB_CC_CARACOLL21, Local Cell ID=2, Cell Name=TU_AMB_CC_CARACOL_2, eNodeB ID=44478, Cell FDD TDD indication=CELL_FDD",Reliable,2466.479,273.088
2026-04-10 19:00,60,"TU_AMB_CC_CARACOL_UL/Cell:eNodeB Function Name=TU_AMB_CC_CARACOLL21, Local Cell ID=3, Cell Name=TU_AMB_CC_CARACOL_3, eNodeB ID=44478, Cell FDD TDD indication=CELL_FDD",Reliable,420.979,38.01
2026-04-10 19:00,60,"TU_AMB_FICOA_UL/Cell:eNodeB Function Name=TU_AMB_FICOAL21, Local Cell ID=1, Cell Name=TU_AMB_FICOA_1, eNodeB ID=44461, Cell FDD TDD indication=CELL_FDD",Reliable,963.304,89.254
2026-04-10 19:00,60,"TU_AMB_FICOA_UL/Cell:eNodeB Function Name=TU_AMB_FICOAL21, Local Cell ID=2, Cell Name=TU_AMB_FICOA_2, eNodeB ID=44461, Cell FDD TDD indication=CELL_FDD",Reliable,4739.519,330.676
2026-04-10 19:00,60,"TU_AMB_FICOA_UL/Cell:eNodeB Function Name=TU_AMB_FICOAL21, Local Cell ID=3, Cell Name=TU_AMB_FICOA_3, eNodeB ID=44461, Cell FDD TDD indication=CELL_FDD",Reliable,3906.887,282.77
2026-04-10 19:00,60,"TU_AMB_HUACHI_CHICO_UL/Cell:eNodeB Function Name=TU_AMB_HUACHI_CHICOL21, Local Cell ID=1, Cell Name=TU_AMB_HUACHI_CHICO_1, eNodeB ID=44456, Cell FDD TDD indication=CELL_FDD",Reliable,4527.469,485.912
2026-04-10 19:00,60,"TU_AMB_HUACHI_CHICO_UL/Cell:eNodeB Function Name=TU_AMB_HUACHI_CHICOL21, Local Cell ID=2, Cell Name=TU_AMB_HUACHI_CHICO_2, eNodeB ID=44456, Cell FDD TDD indication=CELL_FDD",Reliable,2187.576,224.487
2026-04-10 19:00,60,"TU_AMB_HUACHI_CHICO_UL/Cell:eNodeB Function Name=TU_AMB_HUACHI_CHICOL21, Local Cell ID=3, Cell Name=TU_AMB_HUACHI_CHICO_3, eNodeB ID=44456, Cell FDD TDD indication=CELL_FDD",Reliable,2710.186,244.614
2026-04-10 19:00,60,"TU_AMB_HUACHI_CHICO_UL/Cell:eNodeB Function Name=TU_AMB_HUACHI_CHICOL21, Local Cell ID=7, Cell Name=TU_AMB_HUACHI_CHICO_APT_7, eNodeB ID=44456, Cell FDD TDD indication=CELL_FDD",Reliable,5998.716,923.759
2026-04-10 19:00,60,"TU_AMB_HUACHI_CHICO_UL/Cell:eNodeB Function Name=TU_AMB_HUACHI_CHICOL21, Local Cell ID=8, Cell Name=TU_AMB_HUACHI_CHICO_APT_8, eNodeB ID=44456, Cell FDD TDD indication=CELL_FDD",Reliable,3975.919,373.478
2026-04-10 19:00,60,"TU_AMB_HUACHI_CHICO_UL/Cell:eNodeB Function Name=TU_AMB_HUACHI_CHICOL21, Local Cell ID=9, Cell Name=TU_AMB_HUACHI_CHICO_APT_9, eNodeB ID=44456, Cell FDD TDD indication=CELL_FDD",Reliable,1465.888,177.512
2026-04-10 19:00,60,"TU_AMB_EL_OBRERO_UL/Cell:eNodeB Function Name=TU_AMB_EL_OBREROL21, Local Cell ID=1, Cell Name=TU_AMB_EL_OBRERO_1, eNodeB ID=44460, Cell FDD TDD indication=CELL_FDD",Reliable,2530.031,303.72
2026-04-10 19:00,60,"TU_AMB_EL_OBRERO_UL/Cell:eNodeB Function Name=TU_AMB_EL_OBREROL21, Local Cell ID=2, Cell Name=TU_AMB_EL_OBRERO_2, eNodeB ID=44460, Cell FDD TDD indication=CELL_FDD",Reliable,1711.499,205.691
2026-04-10 19:00,60,"TU_AMB_EL_OBRERO_UL/Cell:eNodeB Function Name=TU_AMB_EL_OBREROL21, Local Cell ID=3, Cell Name=TU_AMB_EL_OBRERO_3, eNodeB ID=44460, Cell FDD TDD indication=CELL_FDD",Reliable,3620.547,405.056
2026-04-10 19:00,60,"TU_AMB_CC_ANDES_UL/Cell:eNodeB Function Name=TU_AMB_CC_ANDESL21, Local Cell ID=1, Cell Name=TU_AMB_CC_ANDES_1, eNodeB ID=44459, Cell FDD TDD indication=CELL_FDD",Reliable,1851.719,214.501
2026-04-10 19:00,60,"TU_AMB_CC_ANDES_UL/Cell:eNodeB Function Name=TU_AMB_CC_ANDESL21, Local Cell ID=2, Cell Name=TU_AMB_CC_ANDES_2, eNodeB ID=44459, Cell FDD TDD indication=CELL_FDD",Reliable,13442.115,2256.025
2026-04-10 19:00,60,"TU_AMB_CC_ANDES_UL/Cell:eNodeB Function Name=TU_AMB_CC_ANDESL21, Local Cell ID=3, Cell Name=TU_AMB_CC_ANDES_3, eNodeB ID=44459, Cell FDD TDD indication=CELL_FDD",Reliable,2607.472,301.618
2026-04-10 19:00,60,"TU_AMB_JARDIN_COLONIAL_UL/Cell:eNodeB Function Name=TU_AMB_JARDIN_COLONIALL21, Local Cell ID=1, Cell Name=TU_AMB_JARDIN_COLONIAL_1, eNodeB ID=44462, Cell FDD TDD indication=CELL_FDD",Reliable,995.214,99.226
2026-04-10 19:00,60,"TU_AMB_JARDIN_COLONIAL_UL/Cell:eNodeB Function Name=TU_AMB_JARDIN_COLONIALL21, Local Cell ID=2, Cell Name=TU_AMB_JARDIN_COLONIAL_2, eNodeB ID=44462, Cell FDD TDD indication=CELL_FDD",Reliable,3763.164,310.126
2026-04-10 19:00,60,"TU_AMB_JARDIN_COLONIAL_UL/Cell:eNodeB Function Name=TU_AMB_JARDIN_COLONIALL21, Local Cell ID=3, Cell Name=TU_AMB_JARDIN_COLONIAL_3, eNodeB ID=44462, Cell FDD TDD indication=CELL_FDD",Reliable,1442.48,102.579
2026-04-10 19:00,60,"SD_SD_MERCADO_UNION_UL/Cell:eNodeB Function Name=SD_SD_MERCADO_UNIONL21, Local Cell ID=1, Cell Name=SD_SD_MERCADO_UNION_1, eNodeB ID=44775, Cell FDD TDD indication=CELL_FDD",Reliable,118.068,25.814
2026-04-10 19:00,60,"SD_SD_MERCADO_UNION_UL/Cell:eNodeB Function Name=SD_SD_MERCADO_UNIONL21, Local Cell ID=2, Cell Name=SD_SD_MERCADO_UNION_2, eNodeB ID=44775, Cell FDD TDD indication=CELL_FDD",Reliable,1320.091,149.923
2026-04-10 19:00,60,"SD_SD_MERCADO_UNION_UL/Cell:eNodeB Function Name=SD_SD_MERCADO_UNIONL21, Local Cell ID=3, Cell Name=SD_SD_MERCADO_UNION_3, eNodeB ID=44775, Cell FDD TDD indication=CELL_FDD",Reliable,533.17,40.195
2026-04-10 19:00,60,"TU_AMB_U_CATOLICA_UL/Cell:eNodeB Function Name=TU_AMB_U_CATOLICAL21, Local Cell ID=1, Cell Name=TU_AMB_U_CATOLICA_1, eNodeB ID=44479, Cell FDD TDD indication=CELL_FDD",Reliable,1917.122,164.042
2026-04-10 19:00,60,"TU_AMB_U_CATOLICA_UL/Cell:eNodeB Function Name=TU_AMB_U_CATOLICAL21, Local Cell ID=2, Cell Name=TU_AMB_U_CATOLICA_2, eNodeB ID=44479, Cell FDD TDD indication=CELL_FDD",Reliable,4015.859,870.793
2026-04-10 19:00,60,"TU_AMB_U_CATOLICA_UL/Cell:eNodeB Function Name=TU_AMB_U_CATOLICAL21, Local Cell ID=3, Cell Name=TU_AMB_U_CATOLICA_3, eNodeB ID=44479, Cell FDD TDD indication=CELL_FDD",Reliable,4627.487,1586.976
2026-04-10 19:00,60,"SD_SD_COLORADO_UL/Cell:eNodeB Function Name=SD_SD_COLORADOL21, Local Cell ID=1, Cell Name=SD_SD_COLORADO_1, eNodeB ID=44761, Cell FDD TDD indication=CELL_FDD",Reliable,1016.344,109.757
2026-04-10 19:00,60,"SD_SD_COLORADO_UL/Cell:eNodeB Function Name=SD_SD_COLORADOL21, Local Cell ID=2, Cell Name=SD_SD_COLORADO_2, eNodeB ID=44761, Cell FDD TDD indication=CELL_FDD",Reliable,1079.114,87.023
2026-04-10 19:00,60,"SD_SD_COLORADO_UL/Cell:eNodeB Function Name=SD_SD_COLORADOL21, Local Cell ID=3, Cell Name=SD_SD_COLORADO_3, eNodeB ID=44761, Cell FDD TDD indication=CELL_FDD",Reliable,1883.88,149.616
2026-04-10 19:00,60,"SD_SD_COLORADO_UL/Cell:eNodeB Function Name=SD_SD_COLORADOL21, Local Cell ID=7, Cell Name=SD_SD_COLORADO_APT_7, eNodeB ID=44761, Cell FDD TDD indication=CELL_FDD",Reliable,543.392,184.602
2026-04-10 19:00,60,"SD_SD_COLORADO_UL/Cell:eNodeB Function Name=SD_SD_COLORADOL21, Local Cell ID=8, Cell Name=SD_SD_COLORADO_APT_8, eNodeB ID=44761, Cell FDD TDD indication=CELL_FDD",Reliable,675.442,175.607
2026-04-10 19:00,60,"SD_SD_COLORADO_UL/Cell:eNodeB Function Name=SD_SD_COLORADOL21, Local Cell ID=9, Cell Name=SD_SD_COLORADO_APT_9, eNodeB ID=44761, Cell FDD TDD indication=CELL_FDD",Reliable,624.017,110.238
2026-04-10 19:00,60,"TU_AMB_LA_CAROLINA_UL/Cell:eNodeB Function Name=TU_AMB_LA_CAROLINAL21, Local Cell ID=1, Cell Name=TU_AMB_LA_CAROLINA_1, eNodeB ID=44463, Cell FDD TDD indication=CELL_FDD",Reliable,2281.547,158.299
2026-04-10 19:00,60,"TU_AMB_LA_CAROLINA_UL/Cell:eNodeB Function Name=TU_AMB_LA_CAROLINAL21, Local Cell ID=2, Cell Name=TU_AMB_LA_CAROLINA_2, eNodeB ID=44463, Cell FDD TDD indication=CELL_FDD",Reliable,6435.123,565.12
2026-04-10 19:00,60,"TU_AMB_LA_CAROLINA_UL/Cell:eNodeB Function Name=TU_AMB_LA_CAROLINAL21, Local Cell ID=3, Cell Name=TU_AMB_LA_CAROLINA_3, eNodeB ID=44463, Cell FDD TDD indication=CELL_FDD",Reliable,2350.274,203.641
2026-04-10 19:00,60,"TUN_AMB_MIRAFLORES_UL/Cell:eNodeB Function Name=TUN_AMB_MIRAFLORES_L, Local Cell ID=1, Cell Name=TUN_AMB_MIRAFLORES_L21_1, eNodeB ID=44454, Cell FDD TDD indication=CELL_FDD",Reliable,3913.757,679.614
2026-04-10 19:00,60,"TUN_AMB_MIRAFLORES_UL/Cell:eNodeB Function Name=TUN_AMB_MIRAFLORES_L, Local Cell ID=2, Cell Name=TUN_AMB_MIRAFLORES_L21_2, eNodeB ID=44454, Cell FDD TDD indication=CELL_FDD",Reliable,1488.134,163.136
2026-04-10 19:00,60,"TUN_AMB_MIRAFLORES_UL/Cell:eNodeB Function Name=TUN_AMB_MIRAFLORES_L, Local Cell ID=3, Cell Name=TUN_AMB_MIRAFLORES_L21_3, eNodeB ID=44454, Cell FDD TDD indication=CELL_FDD",Reliable,2243.733,155.883
2026-04-10 19:00,60,"SD_SD_SHOPPING_UL/Cell:eNodeB Function Name=SD_SD_SHOPPINGL21, Local Cell ID=1, Cell Name=SD_SD_SHOPPING_1, eNodeB ID=44774, Cell FDD TDD indication=CELL_FDD",Reliable,777.353,77.92
2026-04-10 19:00,60,"SD_SD_SHOPPING_UL/Cell:eNodeB Function Name=SD_SD_SHOPPINGL21, Local Cell ID=2, Cell Name=SD_SD_SHOPPING_2, eNodeB ID=44774, Cell FDD TDD indication=CELL_FDD",Reliable,381.576,61.198
2026-04-10 19:00,60,"SD_SD_SHOPPING_UL/Cell:eNodeB Function Name=SD_SD_SHOPPINGL21, Local Cell ID=3, Cell Name=SD_SD_SHOPPING_3, eNodeB ID=44774, Cell FDD TDD indication=CELL_FDD",Reliable,451.056,98.794
2026-04-10 19:00,60,"TU_AMB_MERCADO_MAYORISTA_UL/Cell:eNodeB Function Name=TU_AMB_MERCADO_MAYORISTAL21, Local Cell ID=1, Cell Name=TU_AMB_MERCADO_MAYORISTA_1, eNodeB ID=44471, Cell FDD TDD indication=CELL_FDD",Reliable,1652.137,212.339
2026-04-10 19:00,60,"TU_AMB_MERCADO_MAYORISTA_UL/Cell:eNodeB Function Name=TU_AMB_MERCADO_MAYORISTAL21, Local Cell ID=2, Cell Name=TU_AMB_MERCADO_MAYORISTA_2, eNodeB ID=44471, Cell FDD TDD indication=CELL_FDD",Reliable,5204.9,546.851
2026-04-10 19:00,60,"TU_AMB_MERCADO_MAYORISTA_UL/Cell:eNodeB Function Name=TU_AMB_MERCADO_MAYORISTAL21, Local Cell ID=3, Cell Name=TU_AMB_MERCADO_MAYORISTA_3, eNodeB ID=44471, Cell FDD TDD indication=CELL_FDD",Reliable,2109.889,104.748
2026-04-10 19:00,60,"TU_AMB_SAN_JUAN_UL/Cell:eNodeB Function Name=TU_AMB_SAN_JUANL21, Local Cell ID=1, Cell Name=TU_AMB_SAN_JUAN_1, eNodeB ID=44470, Cell FDD TDD indication=CELL_FDD",Reliable,2526.802,213.287
2026-04-10 19:00,60,"TU_AMB_SAN_JUAN_UL/Cell:eNodeB Function Name=TU_AMB_SAN_JUANL21, Local Cell ID=2, Cell Name=TU_AMB_SAN_JUAN_2, eNodeB ID=44470, Cell FDD TDD indication=CELL_FDD",Reliable,1813.171,140.285
2026-04-10 19:00,60,"TU_AMB_SAN_JUAN_UL/Cell:eNodeB Function Name=TU_AMB_SAN_JUANL21, Local Cell ID=3, Cell Name=TU_AMB_SAN_JUAN_3, eNodeB ID=44470, Cell FDD TDD indication=CELL_FDD",Reliable,3675.029,349.676
2026-04-10 19:00,60,"SD_SD_VIRGEN_DEL_CISNE_UL/Cell:eNodeB Function Name=SD_SD_VIRGEN_DEL_CISNEL21, Local Cell ID=1, Cell Name=SD_SD_VIRGEN_DEL_CISNE_1, eNodeB ID=44769, Cell FDD TDD indication=CELL_FDD",Reliable,838.482,105.871
2026-04-10 19:00,60,"SD_SD_VIRGEN_DEL_CISNE_UL/Cell:eNodeB Function Name=SD_SD_VIRGEN_DEL_CISNEL21, Local Cell ID=2, Cell Name=SD_SD_VIRGEN_DEL_CISNE_2, eNodeB ID=44769, Cell FDD TDD indication=CELL_FDD",Reliable,3713.854,351.557
2026-04-10 19:00,60,"SD_SD_VIRGEN_DEL_CISNE_UL/Cell:eNodeB Function Name=SD_SD_VIRGEN_DEL_CISNEL21, Local Cell ID=3, Cell Name=SD_SD_VIRGEN_DEL_CISNE_3, eNodeB ID=44769, Cell FDD TDD indication=CELL_FDD",Reliable,1739.082,266.597
2026-04-10 19:00,60,"SD_SD_VIRGEN_DEL_CISNE_UL/Cell:eNodeB Function Name=SD_SD_VIRGEN_DEL_CISNEL21, Local Cell ID=7, Cell Name=SD_SD_VIRGEN_DEL_CISNE_APT_7, eNodeB ID=44769, Cell FDD TDD indication=CELL_FDD",Reliable,3139.975,603.512
2026-04-10 19:00,60,"SD_SD_VIRGEN_DEL_CISNE_UL/Cell:eNodeB Function Name=SD_SD_VIRGEN_DEL_CISNEL21, Local Cell ID=8, Cell Name=SD_SD_VIRGEN_DEL_CISNE_APT_8, eNodeB ID=44769, Cell FDD TDD indication=CELL_FDD",Reliable,2117.503,347.634
2026-04-10 19:00,60,"SD_SD_VIRGEN_DEL_CISNE_UL/Cell:eNodeB Function Name=SD_SD_VIRGEN_DEL_CISNEL21, Local Cell ID=9, Cell Name=SD_SD_VIRGEN_DEL_CISNE_APT_9, eNodeB ID=44769, Cell FDD TDD indication=CELL_FDD",Reliable,1629.988,288.689
2026-04-10 19:00,60,"SD_SD_COOP_2_DE_MAYO_UL/Cell:eNodeB Function Name=STD_STD_COOP_2_DE_MAYO_L, Local Cell ID=1, Cell Name=STD_STD_COOP_2_DE_MAYO_L21_1, eNodeB ID=44770, Cell FDD TDD indication=CELL_FDD",Reliable,168.83,131.057
2026-04-10 19:00,60,"SD_SD_COOP_2_DE_MAYO_UL/Cell:eNodeB Function Name=STD_STD_COOP_2_DE_MAYO_L, Local Cell ID=3, Cell Name=STD_STD_COOP_2_DE_MAYO_L21_3, eNodeB ID=44770, Cell FDD TDD indication=CELL_FDD",Reliable,97.839,12.65
2026-04-10 19:00,60,"SD_SD_COOP_2_DE_MAYO_UL/Cell:eNodeB Function Name=STD_STD_COOP_2_DE_MAYO_L, Local Cell ID=7, Cell Name=STD_STD_COOP_2_DE_MAYO_L7_7, eNodeB ID=44770, Cell FDD TDD indication=CELL_FDD",Reliable,1167.124,321.367
2026-04-10 19:00,60,"SD_SD_COOP_2_DE_MAYO_UL/Cell:eNodeB Function Name=STD_STD_COOP_2_DE_MAYO_L, Local Cell ID=8, Cell Name=STD_STD_COOP_2_DE_MAYO_L7_8, eNodeB ID=44770, Cell FDD TDD indication=CELL_FDD",Reliable,1296.906,149.494
2026-04-10 19:00,60,"SD_SD_COOP_2_DE_MAYO_UL/Cell:eNodeB Function Name=STD_STD_COOP_2_DE_MAYO_L, Local Cell ID=9, Cell Name=STD_STD_COOP_2_DE_MAYO_L7_9, eNodeB ID=44770, Cell FDD TDD indication=CELL_FDD",Reliable,179.727,58.227
2026-04-10 19:00,60,"SD_SD_COOP_2_DE_MAYO_UL/Cell:eNodeB Function Name=STD_STD_COOP_2_DE_MAYO_L, Local Cell ID=2, Cell Name=STD_STD_COOP_2_DE_MAYO_L21_2, eNodeB ID=44770, Cell FDD TDD indication=CELL_FDD",Reliable,216.801,9.185
2026-04-10 19:00,60,"TU_AMB_REGISTRO_CIVIL_UL/Cell:eNodeB Function Name=TU_AMB_REGISTRO_CIVILL21, Local Cell ID=1, Cell Name=TU_AMB_REGISTRO_CIVIL_1, eNodeB ID=44481, Cell FDD TDD indication=CELL_FDD",Reliable,1429.285,161.765
2026-04-10 19:00,60,"TU_AMB_REGISTRO_CIVIL_UL/Cell:eNodeB Function Name=TU_AMB_REGISTRO_CIVILL21, Local Cell ID=2, Cell Name=TU_AMB_REGISTRO_CIVIL_2, eNodeB ID=44481, Cell FDD TDD indication=CELL_FDD",Reliable,2114.391,381.622
2026-04-10 19:00,60,"TU_AMB_REGISTRO_CIVIL_UL/Cell:eNodeB Function Name=TU_AMB_REGISTRO_CIVILL21, Local Cell ID=3, Cell Name=TU_AMB_REGISTRO_CIVIL_3, eNodeB ID=44481, Cell FDD TDD indication=CELL_FDD",Reliable,5888.973,582.378
2026-04-10 19:00,60,"SD_SD_COOP_NUEVA_REPUBLICA_UL/Cell:eNodeB Function Name=SD_SD_COOP_NUEVA_REPUBLICAL21, Local Cell ID=1, Cell Name=SD_SD_COOP_NUEVA_REPUBLICA_1, eNodeB ID=44771, Cell FDD TDD indication=CELL_FDD",Reliable,13.787,16.058
2026-04-10 19:00,60,"SD_SD_COOP_NUEVA_REPUBLICA_UL/Cell:eNodeB Function Name=SD_SD_COOP_NUEVA_REPUBLICAL21, Local Cell ID=2, Cell Name=SD_SD_COOP_NUEVA_REPUBLICA_2, eNodeB ID=44771, Cell FDD TDD indication=CELL_FDD",Reliable,675.204,62.613
2026-04-10 19:00,60,"SD_SD_COOP_NUEVA_REPUBLICA_UL/Cell:eNodeB Function Name=SD_SD_COOP_NUEVA_REPUBLICAL21, Local Cell ID=3, Cell Name=SD_SD_COOP_NUEVA_REPUBLICA_3, eNodeB ID=44771, Cell FDD TDD indication=CELL_FDD",Reliable,347.276,58.315
2026-04-10 19:00,60,"SD_SD_LIBERTADOR_UL/Cell:eNodeB Function Name=SD_SD_LIBERTADORL21, Local Cell ID=1, Cell Name=SD_SD_LIBERTADOR_1, eNodeB ID=44767, Cell FDD TDD indication=CELL_FDD",Reliable,806.943,83.109
2026-04-10 19:00,60,"SD_SD_LIBERTADOR_UL/Cell:eNodeB Function Name=SD_SD_LIBERTADORL21, Local Cell ID=2, Cell Name=SD_SD_LIBERTADOR_2, eNodeB ID=44767, Cell FDD TDD indication=CELL_FDD",Reliable,783.505,63.023
2026-04-10 19:00,60,"SD_SD_LIBERTADOR_UL/Cell:eNodeB Function Name=SD_SD_LIBERTADORL21, Local Cell ID=3, Cell Name=SD_SD_LIBERTADOR_3, eNodeB ID=44767, Cell FDD TDD indication=CELL_FDD",Reliable,348.064,28.718
2026-04-10 19:00,60,"SD_SD_LIBERTADOR_UL/Cell:eNodeB Function Name=SD_SD_LIBERTADORL21, Local Cell ID=7, Cell Name=SD_SD_LIBERTADOR_APT_7, eNodeB ID=44767, Cell FDD TDD indication=CELL_FDD",Reliable,3991.225,427.407
2026-04-10 19:00,60,"SD_SD_LIBERTADOR_UL/Cell:eNodeB Function Name=SD_SD_LIBERTADORL21, Local Cell ID=8, Cell Name=SD_SD_LIBERTADOR_APT_8, eNodeB ID=44767, Cell FDD TDD indication=CELL_FDD",Reliable,877.8,107.662
2026-04-10 19:00,60,"SD_SD_LIBERTADOR_UL/Cell:eNodeB Function Name=SD_SD_LIBERTADORL21, Local Cell ID=9, Cell Name=SD_SD_LIBERTADOR_APT_9, eNodeB ID=44767, Cell FDD TDD indication=CELL_FDD",Reliable,154.473,30.149
2026-04-10 19:00,60,"PI_UIO_POLIT_LASSO_UL/Cell:eNodeB Function Name=PI_UIO_POLIT_LASSOL21, Local Cell ID=1, Cell Name=PI_UIO_POLIT_LASSO_1, eNodeB ID=44176, Cell FDD TDD indication=CELL_FDD",Reliable,329.748,63.691
2026-04-10 19:00,60,"PI_UIO_POLIT_LASSO_UL/Cell:eNodeB Function Name=PI_UIO_POLIT_LASSOL21, Local Cell ID=2, Cell Name=PI_UIO_POLIT_LASSO_2, eNodeB ID=44176, Cell FDD TDD indication=CELL_FDD",Reliable,1110.849,66.033
2026-04-10 19:00,60,"PI_UIO_CHILLOGALLO_UL/Cell:eNodeB Function Name=PI_UIO_CHILLOGALLO_UL, Local Cell ID=1, Cell Name=PIC_UIO_CHILLOGALLO_L21_1, eNodeB ID=44056, Cell FDD TDD indication=CELL_FDD",Reliable,888.268,79.925
2026-04-10 19:00,60,"PI_UIO_CHILLOGALLO_UL/Cell:eNodeB Function Name=PI_UIO_CHILLOGALLO_UL, Local Cell ID=2, Cell Name=PIC_UIO_CHILLOGALLO_L21_2, eNodeB ID=44056, Cell FDD TDD indication=CELL_FDD",Reliable,487.123,46.101
2026-04-10 19:00,60,"PI_UIO_CHILLOGALLO_UL/Cell:eNodeB Function Name=PI_UIO_CHILLOGALLO_UL, Local Cell ID=3, Cell Name=PIC_UIO_CHILLOGALLO_L21_3, eNodeB ID=44056, Cell FDD TDD indication=CELL_FDD",Reliable,1242.886,134.193
2026-04-10 19:00,60,"PI_UIO_CHILLOGALLO_UL/Cell:eNodeB Function Name=PI_UIO_CHILLOGALLO_UL, Local Cell ID=7, Cell Name=PIC_UIO_CHILLOGALLO_L7_7, eNodeB ID=44056, Cell FDD TDD indication=CELL_FDD",Reliable,5823.665,848.335
2026-04-10 19:00,60,"PI_UIO_CHILLOGALLO_UL/Cell:eNodeB Function Name=PI_UIO_CHILLOGALLO_UL, Local Cell ID=8, Cell Name=PIC_UIO_CHILLOGALLO_L7_8, eNodeB ID=44056, Cell FDD TDD indication=CELL_FDD",Reliable,2523.493,224.135
2026-04-10 19:00,60,"PI_UIO_CHILLOGALLO_UL/Cell:eNodeB Function Name=PI_UIO_CHILLOGALLO_UL, Local Cell ID=9, Cell Name=PIC_UIO_CHILLOGALLO_L7_9, eNodeB ID=44056, Cell FDD TDD indication=CELL_FDD",Reliable,5655.953,612.739
2026-04-10 19:00,60,"SD_SD_NORTE_UL/Cell:eNodeB Function Name=SD_SD_NORTEL21, Local Cell ID=1, Cell Name=SD_SD_NORTE_1, eNodeB ID=44773, Cell FDD TDD indication=CELL_FDD",Reliable,380.208,36.431
2026-04-10 19:00,60,"SD_SD_NORTE_UL/Cell:eNodeB Function Name=SD_SD_NORTEL21, Local Cell ID=2, Cell Name=SD_SD_NORTE_2, eNodeB ID=44773, Cell FDD TDD indication=CELL_FDD",Reliable,515.359,163.273
2026-04-10 19:00,60,"SD_SD_NORTE_UL/Cell:eNodeB Function Name=SD_SD_NORTEL21, Local Cell ID=3, Cell Name=SD_SD_NORTE_3, eNodeB ID=44773, Cell FDD TDD indication=CELL_FDD",Reliable,433.867,66.445
2026-04-10 19:00,60,"PI_UIO_IPIALES_UL/Cell:eNodeB Function Name=PI_UIO_IPIALESL21, Local Cell ID=1, Cell Name=PI_UIO_IPIALES_1, eNodeB ID=44266, Cell FDD TDD indication=CELL_FDD",Reliable,2972.096,267.978
2026-04-10 19:00,60,"PI_UIO_IPIALES_UL/Cell:eNodeB Function Name=PI_UIO_IPIALESL21, Local Cell ID=2, Cell Name=PI_UIO_IPIALES_2, eNodeB ID=44266, Cell FDD TDD indication=CELL_FDD",Reliable,592.207,53.17
2026-04-10 19:00,60,"SD_SD_ZARACAY_UL/Cell:eNodeB Function Name=SD_SD_ZARACAYL21, Local Cell ID=1, Cell Name=SD_SD_ZARACAY_1, eNodeB ID=44781, Cell FDD TDD indication=CELL_FDD",Reliable,1208.248,89.923
2026-04-10 19:00,60,"SD_SD_ZARACAY_UL/Cell:eNodeB Function Name=SD_SD_ZARACAYL21, Local Cell ID=2, Cell Name=SD_SD_ZARACAY_2, eNodeB ID=44781, Cell FDD TDD indication=CELL_FDD",Reliable,2358.954,140.739
2026-04-10 19:00,60,"SD_SD_ZARACAY_UL/Cell:eNodeB Function Name=SD_SD_ZARACAYL21, Local Cell ID=3, Cell Name=SD_SD_ZARACAY_3, eNodeB ID=44781, Cell FDD TDD indication=CELL_FDD",Reliable,549.405,44.017
2026-04-10 19:00,60,"SD_SD_ANILLO_VIAL_UL/Cell:eNodeB Function Name=SD_SD_ANILLO_VIALL21, Local Cell ID=1, Cell Name=SD_SD_ANILLO_VIAL_1, eNodeB ID=44776, Cell FDD TDD indication=CELL_FDD",Reliable,603.811,100.222
2026-04-10 19:00,60,"SD_SD_ANILLO_VIAL_UL/Cell:eNodeB Function Name=SD_SD_ANILLO_VIALL21, Local Cell ID=2, Cell Name=SD_SD_ANILLO_VIAL_2, eNodeB ID=44776, Cell FDD TDD indication=CELL_FDD",Reliable,870.009,84.93
2026-04-10 19:00,60,"SD_SD_ANILLO_VIAL_UL/Cell:eNodeB Function Name=SD_SD_ANILLO_VIALL21, Local Cell ID=3, Cell Name=SD_SD_ANILLO_VIAL_3, eNodeB ID=44776, Cell FDD TDD indication=CELL_FDD",Reliable,499.214,56.773
2026-04-10 19:00,60,"PIC_UIO_LA_GRANJA_ULN/Cell:eNodeB Function Name=PI_UIO_LA_GRANJAL21, Local Cell ID=1, Cell Name=PI_UIO_LA_GRANJA_1, eNodeB ID=44141, Cell FDD TDD indication=CELL_FDD",Reliable,1114.962,70.002
2026-04-10 19:00,60,"PIC_UIO_LA_GRANJA_ULN/Cell:eNodeB Function Name=PI_UIO_LA_GRANJAL21, Local Cell ID=2, Cell Name=PI_UIO_LA_GRANJA_2, eNodeB ID=44141, Cell FDD TDD indication=CELL_FDD",Reliable,2113.095,173.289
2026-04-10 19:00,60,"PI_UIO_TERMINAL_QUITUMBE_UL/Cell:eNodeB Function Name=PIC_UIO_TERMINAL_QUITUMBE_L, Local Cell ID=1, Cell Name=PIC_UIO_TERMINAL_QUITUMBE_L21_1, eNodeB ID=44190, Cell FDD TDD indication=CELL_FDD",Reliable,9130.068,1186.314
2026-04-10 19:00,60,"PI_UIO_TERMINAL_QUITUMBE_UL/Cell:eNodeB Function Name=PIC_UIO_TERMINAL_QUITUMBE_L, Local Cell ID=2, Cell Name=PIC_UIO_TERMINAL_QUITUMBE_L21_2, eNodeB ID=44190, Cell FDD TDD indication=CELL_FDD",Reliable,2256.412,195.669
2026-04-10 19:00,60,"PI_UIO_TERMINAL_QUITUMBE_UL/Cell:eNodeB Function Name=PIC_UIO_TERMINAL_QUITUMBE_L, Local Cell ID=3, Cell Name=PIC_UIO_TERMINAL_QUITUMBE_L21_3, eNodeB ID=44190, Cell FDD TDD indication=CELL_FDD",Reliable,11879.308,1148.802
2026-04-10 19:00,60,"PI_UIO_TERMINAL_QUITUMBE_UL/Cell:eNodeB Function Name=PIC_UIO_TERMINAL_QUITUMBE_L, Local Cell ID=13, Cell Name=PIC_UIO_TERMINAL_QUITUMBE_L19_13, eNodeB ID=44190, Cell FDD TDD indication=CELL_FDD",Reliable,1920.366,237.24
2026-04-10 19:00,60,"PI_UIO_TERMINAL_QUITUMBE_UL/Cell:eNodeB Function Name=PIC_UIO_TERMINAL_QUITUMBE_L, Local Cell ID=11, Cell Name=PIC_UIO_TERMINAL_QUITUMBE_L19_11, eNodeB ID=44190, Cell FDD TDD indication=CELL_FDD",Reliable,983.017,76.786
2026-04-10 19:00,60,"PI_UIO_TERMINAL_QUITUMBE_UL/Cell:eNodeB Function Name=PIC_UIO_TERMINAL_QUITUMBE_L, Local Cell ID=12, Cell Name=PIC_UIO_TERMINAL_QUITUMBE_L19_12, eNodeB ID=44190, Cell FDD TDD indication=CELL_FDD",Reliable,833.392,57.695
2026-04-10 19:00,60,"PI_UIO_SAN_BARTOLO_UL/Cell:eNodeB Function Name=PIC_UIO_SAN_BARTOLO_L, Local Cell ID=1, Cell Name=PIC_UIO_SAN_BARTOLO_L21_1, eNodeB ID=44052, Cell FDD TDD indication=CELL_FDD",Reliable,3134.149,302.477
2026-04-10 19:00,60,"PI_UIO_SAN_BARTOLO_UL/Cell:eNodeB Function Name=PIC_UIO_SAN_BARTOLO_L, Local Cell ID=2, Cell Name=PIC_UIO_SAN_BARTOLO_L21_2, eNodeB ID=44052, Cell FDD TDD indication=CELL_FDD",Reliable,615.351,212.287
2026-04-10 19:00,60,"PI_UIO_SAN_BARTOLO_UL/Cell:eNodeB Function Name=PIC_UIO_SAN_BARTOLO_L, Local Cell ID=3, Cell Name=PIC_UIO_SAN_BARTOLO_L21_3, eNodeB ID=44052, Cell FDD TDD indication=CELL_FDD",Reliable,1162.382,130.066
2026-04-10 19:00,60,"PI_UIO_SAN_BARTOLO_UL/Cell:eNodeB Function Name=PIC_UIO_SAN_BARTOLO_L, Local Cell ID=11, Cell Name=PIC_UIO_SAN_BARTOLO_L19_11, eNodeB ID=44052, Cell FDD TDD indication=CELL_FDD",Reliable,2367.307,302.068
2026-04-10 19:00,60,"PI_UIO_SAN_BARTOLO_UL/Cell:eNodeB Function Name=PIC_UIO_SAN_BARTOLO_L, Local Cell ID=12, Cell Name=PIC_UIO_SAN_BARTOLO_L19_12, eNodeB ID=44052, Cell FDD TDD indication=CELL_FDD",Reliable,754.393,49.898
2026-04-10 19:00,60,"PI_UIO_SAN_BARTOLO_UL/Cell:eNodeB Function Name=PIC_UIO_SAN_BARTOLO_L, Local Cell ID=13, Cell Name=PIC_UIO_SAN_BARTOLO_L19_13, eNodeB ID=44052, Cell FDD TDD indication=CELL_FDD",Reliable,142.279,19.432
2026-04-10 19:00,60,"PI_UIO_EL_CAMAL_UL/Cell:eNodeB Function Name=PI_UIO_EL_CAMALL21, Local Cell ID=1, Cell Name=PI_UIO_EL_CAMAL_1, eNodeB ID=44026, Cell FDD TDD indication=CELL_FDD",Reliable,6969.628,1339.487
2026-04-10 19:00,60,"PI_UIO_EL_CAMAL_UL/Cell:eNodeB Function Name=PI_UIO_EL_CAMALL21, Local Cell ID=2, Cell Name=PI_UIO_EL_CAMAL_2, eNodeB ID=44026, Cell FDD TDD indication=CELL_FDD",Reliable,1626.74,166.69
2026-04-10 19:00,60,"PI_UIO_EL_CAMAL_UL/Cell:eNodeB Function Name=PI_UIO_EL_CAMALL21, Local Cell ID=3, Cell Name=PI_UIO_EL_CAMAL_3, eNodeB ID=44026, Cell FDD TDD indication=CELL_FDD",Reliable,125.286,13.842
2026-04-10 19:00,60,"PI_UIO_EL_CAMAL_UL/Cell:eNodeB Function Name=PI_UIO_EL_CAMALL21, Local Cell ID=7, Cell Name=PI_UIO_EL_CAMAL_APT_7, eNodeB ID=44026, Cell FDD TDD indication=CELL_FDD",Reliable,5341.378,570.982
2026-04-10 19:00,60,"PI_UIO_EL_CAMAL_UL/Cell:eNodeB Function Name=PI_UIO_EL_CAMALL21, Local Cell ID=8, Cell Name=PI_UIO_EL_CAMAL_APT_8, eNodeB ID=44026, Cell FDD TDD indication=CELL_FDD",Reliable,1821.031,241.809
2026-04-10 19:00,60,"PI_UIO_EL_CAMAL_UL/Cell:eNodeB Function Name=PI_UIO_EL_CAMALL21, Local Cell ID=9, Cell Name=PI_UIO_EL_CAMAL_APT_9, eNodeB ID=44026, Cell FDD TDD indication=CELL_FDD",Reliable,3811.437,298.747
2026-04-10 19:00,60,"TU_BAN_BANOS_UL/Cell:eNodeB Function Name=TUN_BAN_BANOS_L, Local Cell ID=1, Cell Name=TU_BAN_BANOS_1, eNodeB ID=44500, Cell FDD TDD indication=CELL_FDD",Reliable,10440.546,2631.885
2026-04-10 19:00,60,"TU_BAN_BANOS_UL/Cell:eNodeB Function Name=TUN_BAN_BANOS_L, Local Cell ID=2, Cell Name=TU_BAN_BANOS_2, eNodeB ID=44500, Cell FDD TDD indication=CELL_FDD",Reliable,14989.189,3911.008
2026-04-10 19:00,60,"TU_BAN_BANOS_UL/Cell:eNodeB Function Name=TUN_BAN_BANOS_L, Local Cell ID=3, Cell Name=TU_BAN_BANOS_3, eNodeB ID=44500, Cell FDD TDD indication=CELL_FDD",Reliable,12173.019,2286.21
2026-04-10 19:00,60,"PI_UIO_PLAYA_CHICA_UL/Cell:eNodeB Function Name=PI_UIO_PLAYA_CHICAL21, Local Cell ID=1, Cell Name=PIC_UIO_PLAYA_CHICA_L21_1, eNodeB ID=44231, Cell FDD TDD indication=CELL_FDD",Reliable,883.616,62.408
2026-04-10 19:00,60,"PI_UIO_PLAYA_CHICA_UL/Cell:eNodeB Function Name=PI_UIO_PLAYA_CHICAL21, Local Cell ID=2, Cell Name=PIC_UIO_PLAYA_CHICA_L21_2, eNodeB ID=44231, Cell FDD TDD indication=CELL_FDD",Reliable,1618.527,155.151
2026-04-10 19:00,60,"PI_UIO_PLAYA_CHICA_UL/Cell:eNodeB Function Name=PI_UIO_PLAYA_CHICAL21, Local Cell ID=3, Cell Name=PIC_UIO_PLAYA_CHICA_L21_3, eNodeB ID=44231, Cell FDD TDD indication=CELL_FDD",Reliable,1336.253,85.57
2026-04-10 19:00,60,"TU_AMB_SEYMOUR_UL/Cell:eNodeB Function Name=TU_AMB_SEYMOURL21, Local Cell ID=1, Cell Name=TU_AMB_SEYMOUR_1, eNodeB ID=44468, Cell FDD TDD indication=CELL_FDD",Reliable,719.147,42.165
2026-04-10 19:00,60,"TU_AMB_SEYMOUR_UL/Cell:eNodeB Function Name=TU_AMB_SEYMOURL21, Local Cell ID=2, Cell Name=TU_AMB_SEYMOUR_2, eNodeB ID=44468, Cell FDD TDD indication=CELL_FDD",Reliable,111.167,15.017
2026-04-10 19:00,60,"TU_AMB_SEYMOUR_UL/Cell:eNodeB Function Name=TU_AMB_SEYMOURL21, Local Cell ID=3, Cell Name=TU_AMB_SEYMOUR_3, eNodeB ID=44468, Cell FDD TDD indication=CELL_FDD",Reliable,2001.802,299.997
2026-04-10 19:00,60,"TU_AMB_INGAHURCO_UL/Cell:eNodeB Function Name=TU_AMB_INGAHURCOL21, Local Cell ID=1, Cell Name=TU_AMB_INGAHURCO_1, eNodeB ID=44475, Cell FDD TDD indication=CELL_FDD",Reliable,5751.774,796.206
2026-04-10 19:00,60,"TU_AMB_INGAHURCO_UL/Cell:eNodeB Function Name=TU_AMB_INGAHURCOL21, Local Cell ID=2, Cell Name=TU_AMB_INGAHURCO_2, eNodeB ID=44475, Cell FDD TDD indication=CELL_FDD",Reliable,2453.243,275.119
2026-04-10 19:00,60,"TU_AMB_INGAHURCO_UL/Cell:eNodeB Function Name=TU_AMB_INGAHURCOL21, Local Cell ID=3, Cell Name=TU_AMB_INGAHURCO_3, eNodeB ID=44475, Cell FDD TDD indication=CELL_FDD",Reliable,7380.025,517.342
2026-04-10 19:00,60,"PI_UIO_FISCALIA_GENERAL_UL/Cell:eNodeB Function Name=PI_UIO_FISCALIA_GENERALL21, Local Cell ID=1, Cell Name=PI_UIO_FISCALIA_GENERAL_1, eNodeB ID=44263, Cell FDD TDD indication=CELL_FDD",Reliable,805.581,195.942
2026-04-10 19:00,60,"PI_UIO_FISCALIA_GENERAL_UL/Cell:eNodeB Function Name=PI_UIO_FISCALIA_GENERALL21, Local Cell ID=2, Cell Name=PI_UIO_FISCALIA_GENERAL_2, eNodeB ID=44263, Cell FDD TDD indication=CELL_FDD",Reliable,2517.069,290.081
2026-04-10 19:00,60,"PI_UIO_FISCALIA_GENERAL_UL/Cell:eNodeB Function Name=PI_UIO_FISCALIA_GENERALL21, Local Cell ID=3, Cell Name=PI_UIO_FISCALIA_GENERAL_3, eNodeB ID=44263, Cell FDD TDD indication=CELL_FDD",Reliable,90.903,13.142
2026-04-10 19:00,60,"PI_UIO_FISCALIA_GENERAL_UL/Cell:eNodeB Function Name=PI_UIO_FISCALIA_GENERALL21, Local Cell ID=11, Cell Name=PI_UIO_FISCALIA_GENERAL_11, eNodeB ID=44263, Cell FDD TDD indication=CELL_FDD",Reliable,59.174,6.232
2026-04-10 19:00,60,"PI_UIO_FISCALIA_GENERAL_UL/Cell:eNodeB Function Name=PI_UIO_FISCALIA_GENERALL21, Local Cell ID=12, Cell Name=PI_UIO_FISCALIA_GENERAL_12, eNodeB ID=44263, Cell FDD TDD indication=CELL_FDD",Reliable,367.107,29.522
2026-04-10 19:00,60,"PI_UIO_FISCALIA_GENERAL_UL/Cell:eNodeB Function Name=PI_UIO_FISCALIA_GENERALL21, Local Cell ID=13, Cell Name=PI_UIO_FISCALIA_GENERAL_13, eNodeB ID=44263, Cell FDD TDD indication=CELL_FDD",Reliable,7.975,1.937
2026-04-10 19:00,60,"SD_SD_SUR_UL/Cell:eNodeB Function Name=SD_SD_SURL21, Local Cell ID=1, Cell Name=SD_SD_SUR_1, eNodeB ID=44765, Cell FDD TDD indication=CELL_FDD",Reliable,657.044,88.172
2026-04-10 19:00,60,"SD_SD_SUR_UL/Cell:eNodeB Function Name=SD_SD_SURL21, Local Cell ID=2, Cell Name=SD_SD_SUR_2, eNodeB ID=44765, Cell FDD TDD indication=CELL_FDD",Reliable,1146.802,143.449
2026-04-10 19:00,60,"SD_SD_SUR_UL/Cell:eNodeB Function Name=SD_SD_SURL21, Local Cell ID=3, Cell Name=SD_SD_SUR_3, eNodeB ID=44765, Cell FDD TDD indication=CELL_FDD",Reliable,581.982,115.936
2026-04-10 19:00,60,"SD_SD_SUR_UL/Cell:eNodeB Function Name=SD_SD_SURL21, Local Cell ID=7, Cell Name=SD_SD_SUR_APT_7, eNodeB ID=44765, Cell FDD TDD indication=CELL_FDD",Reliable,2274.542,359.216
2026-04-10 19:00,60,"SD_SD_SUR_UL/Cell:eNodeB Function Name=SD_SD_SURL21, Local Cell ID=8, Cell Name=SD_SD_SUR_APT_8, eNodeB ID=44765, Cell FDD TDD indication=CELL_FDD",Reliable,532.93,97.966
2026-04-10 19:00,60,"SD_SD_SUR_UL/Cell:eNodeB Function Name=SD_SD_SURL21, Local Cell ID=9, Cell Name=SD_SD_SUR_APT_9, eNodeB ID=44765, Cell FDD TDD indication=CELL_FDD",Reliable,1277.927,305.313
2026-04-10 19:00,60,"SD_SD_ESTE_UL/Cell:eNodeB Function Name=SD_SD_ESTEL21, Local Cell ID=1, Cell Name=SD_SD_ESTE_1, eNodeB ID=44764, Cell FDD TDD indication=CELL_FDD",Reliable,1075.094,184.356
2026-04-10 19:00,60,"SD_SD_ESTE_UL/Cell:eNodeB Function Name=SD_SD_ESTEL21, Local Cell ID=2, Cell Name=SD_SD_ESTE_2, eNodeB ID=44764, Cell FDD TDD indication=CELL_FDD",Reliable,2823.285,237.656
2026-04-10 19:00,60,"SD_SD_ESTE_UL/Cell:eNodeB Function Name=SD_SD_ESTEL21, Local Cell ID=3, Cell Name=SD_SD_ESTE_3, eNodeB ID=44764, Cell FDD TDD indication=CELL_FDD",Reliable,3076.05,400.268
2026-04-10 19:00,60,"TU_AMB_CASHAPAMBA_UL/Cell:eNodeB Function Name=TU_AMB_CASHAPAMBAL21, Local Cell ID=1, Cell Name=TU_AMB_CASHAPAMBA_1, eNodeB ID=44476, Cell FDD TDD indication=CELL_FDD",Reliable,5373.253,579.735
2026-04-10 19:00,60,"TU_AMB_CASHAPAMBA_UL/Cell:eNodeB Function Name=TU_AMB_CASHAPAMBAL21, Local Cell ID=2, Cell Name=TU_AMB_CASHAPAMBA_2, eNodeB ID=44476, Cell FDD TDD indication=CELL_FDD",Reliable,3373.017,297.53
2026-04-10 19:00,60,"TU_AMB_CASHAPAMBA_UL/Cell:eNodeB Function Name=TU_AMB_CASHAPAMBAL21, Local Cell ID=3, Cell Name=TU_AMB_CASHAPAMBA_3, eNodeB ID=44476, Cell FDD TDD indication=CELL_FDD",Reliable,2180.285,184.397
2026-04-10 19:00,60,"PI_UIO_NODO_4_INAQUITO_MONTESERRIN_UL/Cell:eNodeB Function Name=PI_UIO_NODO_4_INAQUITO_MONTESERRINL21, Local Cell ID=1, Cell Name=PI_UIO_NODO_4_INAQUITO_MONTESERRIN_1, eNodeB ID=44326, Cell FDD TDD indication=CELL_FDD",Reliable,3927.093,303.295
2026-04-10 19:00,60,"PI_UIO_NODO_4_INAQUITO_MONTESERRIN_UL/Cell:eNodeB Function Name=PI_UIO_NODO_4_INAQUITO_MONTESERRINL21, Local Cell ID=2, Cell Name=PI_UIO_NODO_4_INAQUITO_MONTESERRIN_2, eNodeB ID=44326, Cell FDD TDD indication=CELL_FDD",Reliable,4134.009,400.231
2026-04-10 19:00,60,"PI_UIO_NODO_4_INAQUITO_MONTESERRIN_UL/Cell:eNodeB Function Name=PI_UIO_NODO_4_INAQUITO_MONTESERRINL21, Local Cell ID=3, Cell Name=PI_UIO_NODO_4_INAQUITO_MONTESERRIN_3, eNodeB ID=44326, Cell FDD TDD indication=CELL_FDD",Reliable,856.489,69.066
2026-04-10 19:00,60,"PIC_UIO_PLAZA_ARTIGAS_ULN/Cell:eNodeB Function Name=PIC_UIO_PLAZA_ARTIGAS_L, Local Cell ID=1, Cell Name=PI_UIO_PLAZA_ARTIGAS_1, eNodeB ID=44639, Cell FDD TDD indication=CELL_FDD",Reliable,2143.822,342.66
2026-04-10 19:00,60,"PIC_UIO_PLAZA_ARTIGAS_ULN/Cell:eNodeB Function Name=PIC_UIO_PLAZA_ARTIGAS_L, Local Cell ID=2, Cell Name=PI_UIO_PLAZA_ARTIGAS_2, eNodeB ID=44639, Cell FDD TDD indication=CELL_FDD",Reliable,2076.747,244.633
2026-04-10 19:00,60,"PIC_UIO_PLAZA_ARTIGAS_ULN/Cell:eNodeB Function Name=PIC_UIO_PLAZA_ARTIGAS_L, Local Cell ID=3, Cell Name=PI_UIO_PLAZA_ARTIGAS_3, eNodeB ID=44639, Cell FDD TDD indication=CELL_FDD",Reliable,2162.044,217.259
2026-04-10 19:00,60,"PIC_UIO_PLAZA_ARTIGAS_ULN/Cell:eNodeB Function Name=PIC_UIO_PLAZA_ARTIGAS_L, Local Cell ID=11, Cell Name=PI_UIO_PLAZA_ARTIGAS_11, eNodeB ID=44639, Cell FDD TDD indication=CELL_FDD",Reliable,573.623,36.966
2026-04-10 19:00,60,"PIC_UIO_PLAZA_ARTIGAS_ULN/Cell:eNodeB Function Name=PIC_UIO_PLAZA_ARTIGAS_L, Local Cell ID=12, Cell Name=PI_UIO_PLAZA_ARTIGAS_12, eNodeB ID=44639, Cell FDD TDD indication=CELL_FDD",Reliable,207.439,16.517
2026-04-10 19:00,60,"PIC_UIO_PLAZA_ARTIGAS_ULN/Cell:eNodeB Function Name=PIC_UIO_PLAZA_ARTIGAS_L, Local Cell ID=13, Cell Name=PI_UIO_PLAZA_ARTIGAS_13, eNodeB ID=44639, Cell FDD TDD indication=CELL_FDD",Reliable,497.281,43.417
2026-04-10 19:00,60,"SD_SD_VIA_QUEVEDO_UL/Cell:eNodeB Function Name=SD_SD_VIA_QUEVEDOL21, Local Cell ID=1, Cell Name=SD_SD_VIA_QUEVEDO_1, eNodeB ID=44777, Cell FDD TDD indication=CELL_FDD",Reliable,404.909,90.462
2026-04-10 19:00,60,"SD_SD_VIA_QUEVEDO_UL/Cell:eNodeB Function Name=SD_SD_VIA_QUEVEDOL21, Local Cell ID=2, Cell Name=SD_SD_VIA_QUEVEDO_2, eNodeB ID=44777, Cell FDD TDD indication=CELL_FDD",Reliable,506.133,123.438
2026-04-10 19:00,60,"SD_SD_VIA_QUEVEDO_UL/Cell:eNodeB Function Name=SD_SD_VIA_QUEVEDOL21, Local Cell ID=3, Cell Name=SD_SD_VIA_QUEVEDO_3, eNodeB ID=44777, Cell FDD TDD indication=CELL_FDD",Reliable,674.21,110.963
2026-04-10 19:00,60,"PIC_UIO_EL_INCA_UL/Cell:eNodeB Function Name=PIC_UIO_EL_INCA_L, Local Cell ID=1, Cell Name=PI_UIO_EL_INCA_1, eNodeB ID=44118, Cell FDD TDD indication=CELL_FDD",Reliable,2755.85,269.534
2026-04-10 19:00,60,"PIC_UIO_EL_INCA_UL/Cell:eNodeB Function Name=PIC_UIO_EL_INCA_L, Local Cell ID=2, Cell Name=PI_UIO_EL_INCA_2, eNodeB ID=44118, Cell FDD TDD indication=CELL_FDD",Reliable,1386.568,116.754
2026-04-10 19:00,60,"PIC_UIO_EL_INCA_UL/Cell:eNodeB Function Name=PIC_UIO_EL_INCA_L, Local Cell ID=3, Cell Name=PI_UIO_EL_INCA_3, eNodeB ID=44118, Cell FDD TDD indication=CELL_FDD",Reliable,1162.759,90.749
2026-04-10 19:00,60,"PI_UIO_CENTRO_COMERCIAL_ELBOSQUE_UL/Cell:eNodeB Function Name=PI_UIO_CENTRO_COMERCIAL_ELBOSQUEL21, Local Cell ID=1, Cell Name=PI_UIO_CENTRO_COMERCIAL_ELBOSQUE_1, eNodeB ID=44946, Cell FDD TDD indication=CELL_FDD",Reliable,1192.49,102.747
2026-04-10 19:00,60,"PI_UIO_CENTRO_COMERCIAL_ELBOSQUE_UL/Cell:eNodeB Function Name=PI_UIO_CENTRO_COMERCIAL_ELBOSQUEL21, Local Cell ID=2, Cell Name=PI_UIO_CENTRO_COMERCIAL_ELBOSQUE_2, eNodeB ID=44946, Cell FDD TDD indication=CELL_FDD",Reliable,1094.023,121.984
2026-04-10 19:00,60,"PI_UIO_MONTESERRIN_BAJO_UL/Cell:eNodeB Function Name=PI_UIO_MONTESERRIN_BAJOL21, Local Cell ID=1, Cell Name=PI_UIO_MONTESERRIN_BAJO_1, eNodeB ID=44255, Cell FDD TDD indication=CELL_FDD",Reliable,366.743,47.516
2026-04-10 19:00,60,"PI_UIO_MONTESERRIN_BAJO_UL/Cell:eNodeB Function Name=PI_UIO_MONTESERRIN_BAJOL21, Local Cell ID=2, Cell Name=PI_UIO_MONTESERRIN_BAJO_2, eNodeB ID=44255, Cell FDD TDD indication=CELL_FDD",Reliable,583.192,77.544
2026-04-10 19:00,60,"PI_UIO_PONCEANO_UL/Cell:eNodeB Function Name=PI_UIO_PONCEANOL21, Local Cell ID=1, Cell Name=PI_UIO_PONCEANO_1, eNodeB ID=44303, Cell FDD TDD indication=CELL_FDD",Reliable,205.882,15.685
2026-04-10 19:00,60,"PI_UIO_PONCEANO_UL/Cell:eNodeB Function Name=PI_UIO_PONCEANOL21, Local Cell ID=2, Cell Name=PI_UIO_PONCEANO_2, eNodeB ID=44303, Cell FDD TDD indication=CELL_FDD",Reliable,197.543,9.179
2026-04-10 19:00,60,"PI_UIO_PONCEANO_UL/Cell:eNodeB Function Name=PI_UIO_PONCEANOL21, Local Cell ID=3, Cell Name=PI_UIO_PONCEANO_3, eNodeB ID=44303, Cell FDD TDD indication=CELL_FDD",Reliable,4150.012,382.762
2026-04-10 19:00,60,"PI_UIO_LA_INMACULADA_UL/Cell:eNodeB Function Name=PI_UIO_LA_INMACULADAL21, Local Cell ID=1, Cell Name=PI_UIO_LA_INMACULADA_1, eNodeB ID=44262, Cell FDD TDD indication=CELL_FDD",Reliable,563.669,73.267
2026-04-10 19:00,60,"PI_UIO_LA_INMACULADA_UL/Cell:eNodeB Function Name=PI_UIO_LA_INMACULADAL21, Local Cell ID=2, Cell Name=PI_UIO_LA_INMACULADA_2, eNodeB ID=44262, Cell FDD TDD indication=CELL_FDD",Reliable,875.653,84.526
2026-04-10 19:00,60,"PIC_UIO_ECHEVERRIA_ULN/Cell:eNodeB Function Name=PI_UIO_ECHEVERRIAL21, Local Cell ID=1, Cell Name=PI_UIO_ECHEVERRIA_1, eNodeB ID=44213, Cell FDD TDD indication=CELL_FDD",Reliable,285.122,23.657
2026-04-10 19:00,60,"PIC_UIO_ECHEVERRIA_ULN/Cell:eNodeB Function Name=PI_UIO_ECHEVERRIAL21, Local Cell ID=2, Cell Name=PI_UIO_ECHEVERRIA_2, eNodeB ID=44213, Cell FDD TDD indication=CELL_FDD",Reliable,2721.026,154.99
2026-04-10 19:00,60,"PI_UIO_USHIMANA_UL/Cell:eNodeB Function Name=PIC_UIO_USHIMANA_L, Local Cell ID=1, Cell Name=PIC_UIO_USHIMANA_L21_1, eNodeB ID=44371, Cell FDD TDD indication=CELL_FDD",Reliable,1181.933,82.519
2026-04-10 19:00,60,"PI_UIO_USHIMANA_UL/Cell:eNodeB Function Name=PIC_UIO_USHIMANA_L, Local Cell ID=2, Cell Name=PIC_UIO_USHIMANA_L21_2, eNodeB ID=44371, Cell FDD TDD indication=CELL_FDD",Reliable,3259.466,385.187
2026-04-10 19:00,60,"PI_UIO_USHIMANA_UL/Cell:eNodeB Function Name=PIC_UIO_USHIMANA_L, Local Cell ID=3, Cell Name=PIC_UIO_USHIMANA_L21_3, eNodeB ID=44371, Cell FDD TDD indication=CELL_FDD",Reliable,1096.84,142.333
2026-04-10 19:00,60,"PI_UIO_RAFAEL_RAMOS_UL/Cell:eNodeB Function Name=PI_UIO_RAFAEL_RAMOS_L, Local Cell ID=1, Cell Name=PI_UIO_RAFAEL_RAMOS_1, eNodeB ID=44382, Cell FDD TDD indication=CELL_FDD",Reliable,3635.319,368.773
2026-04-10 19:00,60,"PI_UIO_RAFAEL_RAMOS_UL/Cell:eNodeB Function Name=PI_UIO_RAFAEL_RAMOS_L, Local Cell ID=2, Cell Name=PI_UIO_RAFAEL_RAMOS_2, eNodeB ID=44382, Cell FDD TDD indication=CELL_FDD",Reliable,627.389,70.779
2026-04-10 19:00,60,"PI_UIO_RAFAEL_RAMOS_UL/Cell:eNodeB Function Name=PI_UIO_RAFAEL_RAMOS_L, Local Cell ID=3, Cell Name=PI_UIO_RAFAEL_RAMOS_3, eNodeB ID=44382, Cell FDD TDD indication=CELL_FDD",Reliable,1287.779,156.425
2026-04-10 19:00,60,"PI_UIO_RAFAEL_RAMOS_UL/Cell:eNodeB Function Name=PI_UIO_RAFAEL_RAMOS_L, Local Cell ID=11, Cell Name=PI_UIO_RAFAEL_RAMOS_11, eNodeB ID=44382, Cell FDD TDD indication=CELL_FDD",Reliable,1435.274,151.13
2026-04-10 19:00,60,"PI_UIO_RAFAEL_RAMOS_UL/Cell:eNodeB Function Name=PI_UIO_RAFAEL_RAMOS_L, Local Cell ID=12, Cell Name=PI_UIO_RAFAEL_RAMOS_12, eNodeB ID=44382, Cell FDD TDD indication=CELL_FDD",Reliable,53.041,11.931
2026-04-10 19:00,60,"PI_UIO_RAFAEL_RAMOS_UL/Cell:eNodeB Function Name=PI_UIO_RAFAEL_RAMOS_L, Local Cell ID=13, Cell Name=PI_UIO_RAFAEL_RAMOS_13, eNodeB ID=44382, Cell FDD TDD indication=CELL_FDD",Reliable,98.361,9.429
2026-04-10 19:00,60,"PI_UIO_MOSQUERA_UL/Cell:eNodeB Function Name=PIC_UIO_MOSQUERA_L, Local Cell ID=1, Cell Name=PIC_UIO_MOSQUERA_L21_1, eNodeB ID=44323, Cell FDD TDD indication=CELL_FDD",Reliable,2740.066,369.744
2026-04-10 19:00,60,"PI_UIO_MOSQUERA_UL/Cell:eNodeB Function Name=PIC_UIO_MOSQUERA_L, Local Cell ID=2, Cell Name=PIC_UIO_MOSQUERA_L21_2, eNodeB ID=44323, Cell FDD TDD indication=CELL_FDD",Reliable,690.457,51.126
2026-04-10 19:00,60,"PI_UIO_ASAMBLEA_NACIONAL_UL/Cell:eNodeB Function Name=PI_UIO_ASAMBLEA_NACIONALL21, Local Cell ID=1, Cell Name=PI_UIO_ASAMBLEA_NACIONAL_1, eNodeB ID=44942, Cell FDD TDD indication=CELL_FDD",Reliable,73.261,2.798
2026-04-10 19:00,60,"PI_UIO_ASAMBLEA_NACIONAL_UL/Cell:eNodeB Function Name=PI_UIO_ASAMBLEA_NACIONALL21, Local Cell ID=2, Cell Name=PI_UIO_ASAMBLEA_NACIONAL_2, eNodeB ID=44942, Cell FDD TDD indication=CELL_FDD",Reliable,74.916,6.379
2026-04-10 19:00,60,"PI_UIO_JQUERI_UL/Cell:eNodeB Function Name=PI_UIO_JQUERIL21, Local Cell ID=1, Cell Name=PI_UIO_JQUERI_1, eNodeB ID=44318, Cell FDD TDD indication=CELL_FDD",Reliable,2770.685,201.008
2026-04-10 19:00,60,"PI_UIO_JQUERI_UL/Cell:eNodeB Function Name=PI_UIO_JQUERIL21, Local Cell ID=2, Cell Name=PI_UIO_JQUERI_2, eNodeB ID=44318, Cell FDD TDD indication=CELL_FDD",Reliable,3976.907,962.644
2026-04-10 19:00,60,"PI_UIO_JQUERI_UL/Cell:eNodeB Function Name=PI_UIO_JQUERIL21, Local Cell ID=7, Cell Name=PI_UIO_JQUERI_APT_7, eNodeB ID=44318, Cell FDD TDD indication=CELL_FDD",Reliable,1788.143,229.621
2026-04-10 19:00,60,"PI_UIO_JQUERI_UL/Cell:eNodeB Function Name=PI_UIO_JQUERIL21, Local Cell ID=8, Cell Name=PI_UIO_JQUERI_APT_8, eNodeB ID=44318, Cell FDD TDD indication=CELL_FDD",Reliable,3369.797,398.434
2026-04-10 19:00,60,"PIC_UIO_MINISTERIO_FINANZAS_ULN/Cell:eNodeB Function Name=PI_UIO_MINISTERIO_FINANZASL21, Local Cell ID=1, Cell Name=PI_UIO_MINISTERIO_FINANZAS_1, eNodeB ID=44227, Cell FDD TDD indication=CELL_FDD",Reliable,672.711,287.737
2026-04-10 19:00,60,"PIC_UIO_MINISTERIO_FINANZAS_ULN/Cell:eNodeB Function Name=PI_UIO_MINISTERIO_FINANZASL21, Local Cell ID=2, Cell Name=PI_UIO_MINISTERIO_FINANZAS_2, eNodeB ID=44227, Cell FDD TDD indication=CELL_FDD",Reliable,669.965,87.655
2026-04-10 19:00,60,"PIC_UIO_MINISTERIO_FINANZAS_ULN/Cell:eNodeB Function Name=PI_UIO_MINISTERIO_FINANZASL21, Local Cell ID=3, Cell Name=PI_UIO_MINISTERIO_FINANZAS_3, eNodeB ID=44227, Cell FDD TDD indication=CELL_FDD",Reliable,3101.316,376.682
2026-04-10 19:00,60,"PI_UIO_ESTACION_NORTE_UL/Cell:eNodeB Function Name=PI_UIO_ESTACION_NORTE_L, Local Cell ID=1, Cell Name=PI_UIO_ESTACION_NORTE_1, eNodeB ID=44317, Cell FDD TDD indication=CELL_FDD",Reliable,2722.15,333.928
2026-04-10 19:00,60,"PI_UIO_ESTACION_NORTE_UL/Cell:eNodeB Function Name=PI_UIO_ESTACION_NORTE_L, Local Cell ID=2, Cell Name=PI_UIO_ESTACION_NORTE_2, eNodeB ID=44317, Cell FDD TDD indication=CELL_FDD",Reliable,976.696,97.709
2026-04-10 19:00,60,"PI_UIO_ESTACION_NORTE_UL/Cell:eNodeB Function Name=PI_UIO_ESTACION_NORTE_L, Local Cell ID=3, Cell Name=PI_UIO_ESTACION_NORTE_3, eNodeB ID=44317, Cell FDD TDD indication=CELL_FDD",Reliable,2957.282,193.136
2026-04-10 19:00,60,"PI_UIO_ESTACION_NORTE_UL/Cell:eNodeB Function Name=PI_UIO_ESTACION_NORTE_L, Local Cell ID=11, Cell Name=PI_UIO_ESTACION_NORTE_11, eNodeB ID=44317, Cell FDD TDD indication=CELL_FDD",Reliable,207.717,23.273
2026-04-10 19:00,60,"PI_UIO_ESTACION_NORTE_UL/Cell:eNodeB Function Name=PI_UIO_ESTACION_NORTE_L, Local Cell ID=12, Cell Name=PI_UIO_ESTACION_NORTE_12, eNodeB ID=44317, Cell FDD TDD indication=CELL_FDD",Reliable,226.128,21.042
2026-04-10 19:00,60,"PI_UIO_ESTACION_NORTE_UL/Cell:eNodeB Function Name=PI_UIO_ESTACION_NORTE_L, Local Cell ID=13, Cell Name=PI_UIO_ESTACION_NORTE_13, eNodeB ID=44317, Cell FDD TDD indication=CELL_FDD",Reliable,325.172,117.831
2026-04-10 19:00,60,"PI_UIO_EL_CARMELO_UL/Cell:eNodeB Function Name=PIC_UIO_EL_CARMELO_L, Local Cell ID=1, Cell Name=PIC_UIO_EL_CARMELO_L21_1, eNodeB ID=44316, Cell FDD TDD indication=CELL_FDD",Reliable,514.002,51.513
2026-04-10 19:00,60,"PI_UIO_EL_CARMELO_UL/Cell:eNodeB Function Name=PIC_UIO_EL_CARMELO_L, Local Cell ID=2, Cell Name=PIC_UIO_EL_CARMELO_L21_2, eNodeB ID=44316, Cell FDD TDD indication=CELL_FDD",Reliable,2531.562,2040.461
2026-04-10 19:00,60,"PI_UIO_EL_CARMELO_UL/Cell:eNodeB Function Name=PIC_UIO_EL_CARMELO_L, Local Cell ID=3, Cell Name=PIC_UIO_EL_CARMELO_L21_3, eNodeB ID=44316, Cell FDD TDD indication=CELL_FDD",Reliable,4501.485,445.663
2026-04-10 19:00,60,"PI_UIO_EL_CARMELO_UL/Cell:eNodeB Function Name=PIC_UIO_EL_CARMELO_L, Local Cell ID=7, Cell Name=PIC_UIO_EL_CARMELO_L7_7, eNodeB ID=44316, Cell FDD TDD indication=CELL_FDD",Reliable,178.316,27.52
2026-04-10 19:00,60,"PI_UIO_EL_CARMELO_UL/Cell:eNodeB Function Name=PIC_UIO_EL_CARMELO_L, Local Cell ID=8, Cell Name=PIC_UIO_EL_CARMELO_L7_8, eNodeB ID=44316, Cell FDD TDD indication=CELL_FDD",Reliable,2126.479,473.999
2026-04-10 19:00,60,"PI_UIO_EL_CARMELO_UL/Cell:eNodeB Function Name=PIC_UIO_EL_CARMELO_L, Local Cell ID=9, Cell Name=PIC_UIO_EL_CARMELO_L7_9, eNodeB ID=44316, Cell FDD TDD indication=CELL_FDD",Reliable,4018.408,502.977
2026-04-10 19:00,60,"PI_UIO_EL_CARMELO_UL/Cell:eNodeB Function Name=PIC_UIO_EL_CARMELO_L, Local Cell ID=13, Cell Name=PIC_UIO_EL_CARMELO_L19_13, eNodeB ID=44316, Cell FDD TDD indication=CELL_FDD",Reliable,98.163,6.82
2026-04-10 19:00,60,"PI_UIO_EL_CARMELO_UL/Cell:eNodeB Function Name=PIC_UIO_EL_CARMELO_L, Local Cell ID=11, Cell Name=PIC_UIO_EL_CARMELO_L19_11, eNodeB ID=44316, Cell FDD TDD indication=CELL_FDD",Reliable,0.33,0.066
2026-04-10 19:00,60,"PI_UIO_EL_CARMELO_UL/Cell:eNodeB Function Name=PIC_UIO_EL_CARMELO_L, Local Cell ID=12, Cell Name=PIC_UIO_EL_CARMELO_L19_12, eNodeB ID=44316, Cell FDD TDD indication=CELL_FDD",Reliable,112.292,6.761
2026-04-10 19:00,60,"PI_UIO_JARDINES_DEL_BOSQUE_UL/Cell:eNodeB Function Name=PIC_UIO_JARDINES_DEL_BOSQUE_L, Local Cell ID=1, Cell Name=PIC_UIO_JARDINES_DEL_BOSQUE_L21_1, eNodeB ID=44994, Cell FDD TDD indication=CELL_FDD",Reliable,4182.461,387.091
2026-04-10 19:00,60,"PI_UIO_JARDINES_DEL_BOSQUE_UL/Cell:eNodeB Function Name=PIC_UIO_JARDINES_DEL_BOSQUE_L, Local Cell ID=2, Cell Name=PIC_UIO_JARDINES_DEL_BOSQUE_L21_2, eNodeB ID=44994, Cell FDD TDD indication=CELL_FDD",Reliable,286.065,29.165
2026-04-10 19:00,60,"PI_UIO_CARDENAL_DE_LA_TORRE_UL/Cell:eNodeB Function Name=PI_UIO_CARDENAL_DE_LA_TORREL21, Local Cell ID=1, Cell Name=PIC_UIO_CARDENAL_DE_LA_TORRE_L21_1, eNodeB ID=44059, Cell FDD TDD indication=CELL_FDD",Reliable,3128.452,523.275
2026-04-10 19:00,60,"PI_UIO_CARDENAL_DE_LA_TORRE_UL/Cell:eNodeB Function Name=PI_UIO_CARDENAL_DE_LA_TORREL21, Local Cell ID=2, Cell Name=PIC_UIO_CARDENAL_DE_LA_TORRE_L21_2, eNodeB ID=44059, Cell FDD TDD indication=CELL_FDD",Reliable,685.372,101.174
2026-04-10 19:00,60,"PI_UIO_CARDENAL_DE_LA_TORRE_UL/Cell:eNodeB Function Name=PI_UIO_CARDENAL_DE_LA_TORREL21, Local Cell ID=3, Cell Name=PIC_UIO_CARDENAL_DE_LA_TORRE_L21_3, eNodeB ID=44059, Cell FDD TDD indication=CELL_FDD",Reliable,1142.37,101.301
2026-04-10 19:00,60,"PIC_UIO_MTOP_ULN/Cell:eNodeB Function Name=PI_UIO_MTOP_L, Local Cell ID=1, Cell Name=PI_UIO_MTOP_1, eNodeB ID=44325, Cell FDD TDD indication=CELL_FDD",Reliable,879.641,98.596
2026-04-10 19:00,60,"PIC_UIO_MTOP_ULN/Cell:eNodeB Function Name=PI_UIO_MTOP_L, Local Cell ID=2, Cell Name=PI_UIO_MTOP_2, eNodeB ID=44325, Cell FDD TDD indication=CELL_FDD",Reliable,418.379,43.645
2026-04-10 19:00,60,"PIC_UIO_MTOP_ULN/Cell:eNodeB Function Name=PI_UIO_MTOP_L, Local Cell ID=3, Cell Name=PI_UIO_MTOP_3, eNodeB ID=44325, Cell FDD TDD indication=CELL_FDD",Reliable,2804.999,319.796
2026-04-10 19:00,60,"PIC_UIO_MTOP_ULN/Cell:eNodeB Function Name=PI_UIO_MTOP_L, Local Cell ID=11, Cell Name=PI_UIO_MTOP_11, eNodeB ID=44325, Cell FDD TDD indication=CELL_FDD",Reliable,355.614,15.898
2026-04-10 19:00,60,"PIC_UIO_MTOP_ULN/Cell:eNodeB Function Name=PI_UIO_MTOP_L, Local Cell ID=12, Cell Name=PI_UIO_MTOP_12, eNodeB ID=44325, Cell FDD TDD indication=CELL_FDD",Reliable,78.449,7.665
2026-04-10 19:00,60,"PIC_UIO_MTOP_ULN/Cell:eNodeB Function Name=PI_UIO_MTOP_L, Local Cell ID=13, Cell Name=PI_UIO_MTOP_13, eNodeB ID=44325, Cell FDD TDD indication=CELL_FDD",Reliable,209.546,31.043
2026-04-10 19:00,60,"PI_UIO_MOSCU_UL/Cell:eNodeB Function Name=PIC_UIO_MOSCU_L, Local Cell ID=1, Cell Name=PIC_UIO_MOSCU_L21_1, eNodeB ID=44239, Cell FDD TDD indication=CELL_FDD",Reliable,3436.687,160.707
2026-04-10 19:00,60,"PI_UIO_MOSCU_UL/Cell:eNodeB Function Name=PIC_UIO_MOSCU_L, Local Cell ID=2, Cell Name=PIC_UIO_MOSCU_L21_2, eNodeB ID=44239, Cell FDD TDD indication=CELL_FDD",Reliable,962.731,73.222
2026-04-10 19:00,60,"PIC_UIO_JARDIN_ULN/Cell:eNodeB Function Name=PI_UIO_JARDIN_L, Local Cell ID=1, Cell Name=PI_UIO_JARDIN_1, eNodeB ID=44377, Cell FDD TDD indication=CELL_FDD",Reliable,255.781,27.903
2026-04-10 19:00,60,"PIC_UIO_JARDIN_ULN/Cell:eNodeB Function Name=PI_UIO_JARDIN_L, Local Cell ID=2, Cell Name=PI_UIO_JARDIN_2, eNodeB ID=44377, Cell FDD TDD indication=CELL_FDD",Reliable,4166.027,689.308
2026-04-10 19:00,60,"PIC_UIO_JARDIN_ULN/Cell:eNodeB Function Name=PI_UIO_JARDIN_L, Local Cell ID=3, Cell Name=PI_UIO_JARDIN_3, eNodeB ID=44377, Cell FDD TDD indication=CELL_FDD",Reliable,3169.758,302.096
2026-04-10 19:00,60,"PIC_UIO_JARDIN_ULN/Cell:eNodeB Function Name=PI_UIO_JARDIN_L, Local Cell ID=11, Cell Name=PI_UIO_JARDIN_11, eNodeB ID=44377, Cell FDD TDD indication=CELL_FDD",Reliable,17.954,3.31
2026-04-10 19:00,60,"PIC_UIO_JARDIN_ULN/Cell:eNodeB Function Name=PI_UIO_JARDIN_L, Local Cell ID=12, Cell Name=PI_UIO_JARDIN_12, eNodeB ID=44377, Cell FDD TDD indication=CELL_FDD",Reliable,123.518,67.945
2026-04-10 19:00,60,"PIC_UIO_JARDIN_ULN/Cell:eNodeB Function Name=PI_UIO_JARDIN_L, Local Cell ID=13, Cell Name=PI_UIO_JARDIN_13, eNodeB ID=44377, Cell FDD TDD indication=CELL_FDD",Reliable,242.177,41.936
2026-04-10 19:00,60,"PIC_UIO_TUMBACO_PATAGUA_ULN/Cell:eNodeB Function Name=PI_UIO_TUMBACO_PATAGUAL21, Local Cell ID=1, Cell Name=PI_UIO_TUMBACO_PATAGUA_1, eNodeB ID=44245, Cell FDD TDD indication=CELL_FDD",Reliable,144.278,26.891
2026-04-10 19:00,60,"PIC_UIO_TUMBACO_PATAGUA_ULN/Cell:eNodeB Function Name=PI_UIO_TUMBACO_PATAGUAL21, Local Cell ID=2, Cell Name=PI_UIO_TUMBACO_PATAGUA_2, eNodeB ID=44245, Cell FDD TDD indication=CELL_FDD",Reliable,414.635,123.654
2026-04-10 19:00,60,"PIC_UIO_TUMBACO_PATAGUA_ULN/Cell:eNodeB Function Name=PI_UIO_TUMBACO_PATAGUAL21, Local Cell ID=3, Cell Name=PI_UIO_TUMBACO_PATAGUA_3, eNodeB ID=44245, Cell FDD TDD indication=CELL_FDD",Reliable,180.904,12.995
2026-04-10 19:00,60,"PIC_UIO_CUERO_CAICEDO_ULN/Cell:eNodeB Function Name=PI_UIO_CUERO_CAICEDO_L, Local Cell ID=1, Cell Name=PI_UIO_CUERO_CAICEDO_1, eNodeB ID=44376, Cell FDD TDD indication=CELL_FDD",Reliable,708.031,81.742
2026-04-10 19:00,60,"PIC_UIO_CUERO_CAICEDO_ULN/Cell:eNodeB Function Name=PI_UIO_CUERO_CAICEDO_L, Local Cell ID=2, Cell Name=PI_UIO_CUERO_CAICEDO_2, eNodeB ID=44376, Cell FDD TDD indication=CELL_FDD",Reliable,1158.217,73.936
2026-04-10 19:00,60,"PIC_UIO_CUERO_CAICEDO_ULN/Cell:eNodeB Function Name=PI_UIO_CUERO_CAICEDO_L, Local Cell ID=3, Cell Name=PI_UIO_CUERO_CAICEDO_3, eNodeB ID=44376, Cell FDD TDD indication=CELL_FDD",Reliable,216.984,22.699
2026-04-10 19:00,60,"PIC_UIO_CUERO_CAICEDO_ULN/Cell:eNodeB Function Name=PI_UIO_CUERO_CAICEDO_L, Local Cell ID=11, Cell Name=PI_UIO_CUERO_CAICEDO_11, eNodeB ID=44376, Cell FDD TDD indication=CELL_FDD",Reliable,557.111,41.714
2026-04-10 19:00,60,"PIC_UIO_CUERO_CAICEDO_ULN/Cell:eNodeB Function Name=PI_UIO_CUERO_CAICEDO_L, Local Cell ID=12, Cell Name=PI_UIO_CUERO_CAICEDO_12, eNodeB ID=44376, Cell FDD TDD indication=CELL_FDD",Reliable,430.546,57.826
2026-04-10 19:00,60,"PIC_UIO_CUERO_CAICEDO_ULN/Cell:eNodeB Function Name=PI_UIO_CUERO_CAICEDO_L, Local Cell ID=13, Cell Name=PI_UIO_CUERO_CAICEDO_13, eNodeB ID=44376, Cell FDD TDD indication=CELL_FDD",Reliable,330.158,8.533
2026-04-10 19:00,60,"PI_UIO_MACHALA_UL/Cell:eNodeB Function Name=PI_UIO_MACHALAL21, Local Cell ID=1, Cell Name=PI_UIO_MACHALA_1, eNodeB ID=44380, Cell FDD TDD indication=CELL_FDD",Reliable,2755.442,245.526
2026-04-10 19:00,60,"PI_UIO_MACHALA_UL/Cell:eNodeB Function Name=PI_UIO_MACHALAL21, Local Cell ID=2, Cell Name=PI_UIO_MACHALA_2, eNodeB ID=44380, Cell FDD TDD indication=CELL_FDD",Reliable,2139.18,234.574
2026-04-10 19:00,60,"PI_UIO_MEGAMAXI_UL/Cell:eNodeB Function Name=PI_UIO_MEGAMAXIL21, Local Cell ID=1, Cell Name=PI_UIO_MEGAMAXI_1, eNodeB ID=44261, Cell FDD TDD indication=CELL_FDD",Reliable,934.336,109.024
2026-04-10 19:00,60,"PI_UIO_MEGAMAXI_UL/Cell:eNodeB Function Name=PI_UIO_MEGAMAXIL21, Local Cell ID=2, Cell Name=PI_UIO_MEGAMAXI_2, eNodeB ID=44261, Cell FDD TDD indication=CELL_FDD",Reliable,1428.259,85.942
2026-04-10 19:00,60,"PI_UIO_MEGAMAXI_UL/Cell:eNodeB Function Name=PI_UIO_MEGAMAXIL21, Local Cell ID=3, Cell Name=PI_UIO_MEGAMAXI_3, eNodeB ID=44261, Cell FDD TDD indication=CELL_FDD",Reliable,8222.844,705.673
2026-04-10 19:00,60,"PI_UIO_ENTRADA_ESTADIO_UL/Cell:eNodeB Function Name=PI_UIO_ENTRADA_ESTADIOL21, Local Cell ID=1, Cell Name=PI_UIO_ENTRADA_ESTADIO_1, eNodeB ID=44301, Cell FDD TDD indication=CELL_FDD",Reliable,504.598,59.02
2026-04-10 19:00,60,"PI_UIO_ENTRADA_ESTADIO_UL/Cell:eNodeB Function Name=PI_UIO_ENTRADA_ESTADIOL21, Local Cell ID=2, Cell Name=PI_UIO_ENTRADA_ESTADIO_2, eNodeB ID=44301, Cell FDD TDD indication=CELL_FDD",Reliable,567.494,43.987
2026-04-10 19:00,60,"PI_UIO_ENTRADA_ESTADIO_UL/Cell:eNodeB Function Name=PI_UIO_ENTRADA_ESTADIOL21, Local Cell ID=3, Cell Name=PI_UIO_ENTRADA_ESTADIO_3, eNodeB ID=44301, Cell FDD TDD indication=CELL_FDD",Reliable,615.355,64.896
2026-04-10 19:00,60,"PI_UIO_CHECOSLOVAQUIA_UL/Cell:eNodeB Function Name=PI_UIO_CHECOSLOVAQUIAL21, Local Cell ID=1, Cell Name=PI_UIO_CHECOSLOVAQUIA_1, eNodeB ID=44374, Cell FDD TDD indication=CELL_FDD",Reliable,943.583,116.076
2026-04-10 19:00,60,"PI_UIO_CHECOSLOVAQUIA_UL/Cell:eNodeB Function Name=PI_UIO_CHECOSLOVAQUIAL21, Local Cell ID=2, Cell Name=PI_UIO_CHECOSLOVAQUIA_2, eNodeB ID=44374, Cell FDD TDD indication=CELL_FDD",Reliable,740.198,175.313
2026-04-10 19:00,60,"PI_UIO_TRIBUNA_UL/Cell:eNodeB Function Name=PIC_UIO_TRIBUNA_L, Local Cell ID=1, Cell Name=PI_UIO_TRIBUNA_1, eNodeB ID=44321, Cell FDD TDD indication=CELL_FDD",Reliable,3156.987,376.405
2026-04-10 19:00,60,"PI_UIO_TRIBUNA_UL/Cell:eNodeB Function Name=PIC_UIO_TRIBUNA_L, Local Cell ID=2, Cell Name=PI_UIO_TRIBUNA_2, eNodeB ID=44321, Cell FDD TDD indication=CELL_FDD",Reliable,403.466,115.161
2026-04-10 19:00,60,"PI_UIO_TRIBUNA_UL/Cell:eNodeB Function Name=PIC_UIO_TRIBUNA_L, Local Cell ID=3, Cell Name=PI_UIO_TRIBUNA_3, eNodeB ID=44321, Cell FDD TDD indication=CELL_FDD",Reliable,729.441,56.431
2026-04-10 19:00,60,"PI_UIO_TRIBUNA_UL/Cell:eNodeB Function Name=PIC_UIO_TRIBUNA_L, Local Cell ID=11, Cell Name=PI_UIO_TRIBUNA_11, eNodeB ID=44321, Cell FDD TDD indication=CELL_FDD",Reliable,62.094,10.66
2026-04-10 19:00,60,"PI_UIO_TRIBUNA_UL/Cell:eNodeB Function Name=PIC_UIO_TRIBUNA_L, Local Cell ID=12, Cell Name=PI_UIO_TRIBUNA_12, eNodeB ID=44321, Cell FDD TDD indication=CELL_FDD",Reliable,39.907,4.435
2026-04-10 19:00,60,"PI_UIO_TRIBUNA_UL/Cell:eNodeB Function Name=PIC_UIO_TRIBUNA_L, Local Cell ID=13, Cell Name=PI_UIO_TRIBUNA_13, eNodeB ID=44321, Cell FDD TDD indication=CELL_FDD",Reliable,6.079,3.166
2026-04-10 19:00,60,"PI_UIO_BICENTENARIO_UL/Cell:eNodeB Function Name=PIC_UIO_BICENTENARIO_L, Local Cell ID=1, Cell Name=PIC_UIO_BICENTENARIO_L21_1, eNodeB ID=44313, Cell FDD TDD indication=CELL_FDD",Reliable,1903.778,207.23
2026-04-10 19:00,60,"PI_UIO_BICENTENARIO_UL/Cell:eNodeB Function Name=PIC_UIO_BICENTENARIO_L, Local Cell ID=2, Cell Name=PIC_UIO_BICENTENARIO_L21_2, eNodeB ID=44313, Cell FDD TDD indication=CELL_FDD",Reliable,1172.819,139.429
2026-04-10 19:00,60,"PI_UIO_BICENTENARIO_UL/Cell:eNodeB Function Name=PIC_UIO_BICENTENARIO_L, Local Cell ID=3, Cell Name=PIC_UIO_BICENTENARIO_L21_3, eNodeB ID=44313, Cell FDD TDD indication=CELL_FDD",Reliable,2868.994,649.472
2026-04-10 19:00,60,"PI_UIO_BICENTENARIO_UL/Cell:eNodeB Function Name=PIC_UIO_BICENTENARIO_L, Local Cell ID=11, Cell Name=PIC_UIO_BICENTENARIO_L21_11, eNodeB ID=44313, Cell FDD TDD indication=CELL_FDD",Reliable,339.751,48.308
2026-04-10 19:00,60,"PI_UIO_BICENTENARIO_UL/Cell:eNodeB Function Name=PIC_UIO_BICENTENARIO_L, Local Cell ID=12, Cell Name=PIC_UIO_BICENTENARIO_L21_12, eNodeB ID=44313, Cell FDD TDD indication=CELL_FDD",Reliable,105.983,9.979
2026-04-10 19:00,60,"PI_UIO_BICENTENARIO_UL/Cell:eNodeB Function Name=PIC_UIO_BICENTENARIO_L, Local Cell ID=13, Cell Name=PIC_UIO_BICENTENARIO_L21_13, eNodeB ID=44313, Cell FDD TDD indication=CELL_FDD",Reliable,558.425,39.797
2026-04-10 19:00,60,"PI_UIO_REINA_VICTORIA_UL/Cell:eNodeB Function Name=PI_UIO_REINA_VICTORIA_L, Local Cell ID=1, Cell Name=PI_UIO_REINA_VICTORIA_1, eNodeB ID=44329, Cell FDD TDD indication=CELL_FDD",Reliable,1118.474,138.891
2026-04-10 19:00,60,"PI_UIO_REINA_VICTORIA_UL/Cell:eNodeB Function Name=PI_UIO_REINA_VICTORIA_L, Local Cell ID=2, Cell Name=PI_UIO_REINA_VICTORIA_2, eNodeB ID=44329, Cell FDD TDD indication=CELL_FDD",Reliable,2026.638,270.8
2026-04-10 19:00,60,"PI_UIO_REINA_VICTORIA_UL/Cell:eNodeB Function Name=PI_UIO_REINA_VICTORIA_L, Local Cell ID=3, Cell Name=PI_UIO_REINA_VICTORIA_3, eNodeB ID=44329, Cell FDD TDD indication=CELL_FDD",Reliable,953.46,311.803
2026-04-10 19:00,60,"PI_UIO_REINA_VICTORIA_UL/Cell:eNodeB Function Name=PI_UIO_REINA_VICTORIA_L, Local Cell ID=11, Cell Name=PI_UIO_REINA_VICTORIA_11, eNodeB ID=44329, Cell FDD TDD indication=CELL_FDD",Reliable,65.689,10.756
2026-04-10 19:00,60,"PI_UIO_REINA_VICTORIA_UL/Cell:eNodeB Function Name=PI_UIO_REINA_VICTORIA_L, Local Cell ID=12, Cell Name=PI_UIO_REINA_VICTORIA_12, eNodeB ID=44329, Cell FDD TDD indication=CELL_FDD",Reliable,350.336,125.038
2026-04-10 19:00,60,"PI_UIO_REINA_VICTORIA_UL/Cell:eNodeB Function Name=PI_UIO_REINA_VICTORIA_L, Local Cell ID=13, Cell Name=PI_UIO_REINA_VICTORIA_13, eNodeB ID=44329, Cell FDD TDD indication=CELL_FDD",Reliable,391.81,622.851
2026-04-10 19:00,60,"PI_UIO_JOSE_BARREIRO_UL/Cell:eNodeB Function Name=PI_UIO_JOSE_BARREIROL21, Local Cell ID=1, Cell Name=PI_UIO_JOSE_BARREIRO_1, eNodeB ID=44260, Cell FDD TDD indication=CELL_FDD",Reliable,3016.724,294.008
2026-04-10 19:00,60,"PI_UIO_JOSE_BARREIRO_UL/Cell:eNodeB Function Name=PI_UIO_JOSE_BARREIROL21, Local Cell ID=2, Cell Name=PI_UIO_JOSE_BARREIRO_2, eNodeB ID=44260, Cell FDD TDD indication=CELL_FDD",Reliable,1652.5,140.65
2026-04-10 19:00,60,"PI_UIO_COL_ALEMAN_UL/Cell:eNodeB Function Name=PIC_UIO_COL_ALEMAN_L, Local Cell ID=1, Cell Name=PI_UIO_COL_ALEMAN_1, eNodeB ID=44070, Cell FDD TDD indication=CELL_FDD",Reliable,1089.424,158.619
2026-04-10 19:00,60,"PI_UIO_COL_ALEMAN_UL/Cell:eNodeB Function Name=PIC_UIO_COL_ALEMAN_L, Local Cell ID=2, Cell Name=PI_UIO_COL_ALEMAN_2, eNodeB ID=44070, Cell FDD TDD indication=CELL_FDD",Reliable,523.492,37.291
2026-04-10 19:00,60,"PI_UIO_PARCAYACU_UL/Cell:eNodeB Function Name=PIC_UIO_PARCAYACU_L, Local Cell ID=1, Cell Name=PIC_UIO_PARCAYACU_L21_1, eNodeB ID=44166, Cell FDD TDD indication=CELL_FDD",Reliable,3823.079,336.173
2026-04-10 19:00,60,"PI_UIO_PARCAYACU_UL/Cell:eNodeB Function Name=PIC_UIO_PARCAYACU_L, Local Cell ID=2, Cell Name=PIC_UIO_PARCAYACU_L21_2, eNodeB ID=44166, Cell FDD TDD indication=CELL_FDD",Reliable,1446.828,119.161
2026-04-10 19:00,60,"PI_UIO_PARCAYACU_UL/Cell:eNodeB Function Name=PIC_UIO_PARCAYACU_L, Local Cell ID=7, Cell Name=PIC_UIO_PARCAYACU_L7_7, eNodeB ID=44166, Cell FDD TDD indication=CELL_FDD",Reliable,3236.601,459.03
2026-04-10 19:00,60,"PI_UIO_PARCAYACU_UL/Cell:eNodeB Function Name=PIC_UIO_PARCAYACU_L, Local Cell ID=8, Cell Name=PIC_UIO_PARCAYACU_L7_8, eNodeB ID=44166, Cell FDD TDD indication=CELL_FDD",Reliable,4902.611,476.835
2026-04-10 19:00,60,"PI_UIO_RAFAEL_AULESTIA_UL/Cell:eNodeB Function Name=PI_UIO_RAFAEL_AULESTIA_L, Local Cell ID=1, Cell Name=PI_UIO_RAFAEL_AULESTIA_1, eNodeB ID=44307, Cell FDD TDD indication=CELL_FDD",Reliable,878.487,76.387
2026-04-10 19:00,60,"PI_UIO_RAFAEL_AULESTIA_UL/Cell:eNodeB Function Name=PI_UIO_RAFAEL_AULESTIA_L, Local Cell ID=2, Cell Name=PI_UIO_RAFAEL_AULESTIA_2, eNodeB ID=44307, Cell FDD TDD indication=CELL_FDD",Reliable,642.951,94.203
2026-04-10 19:00,60,"PI_UIO_RAFAEL_AULESTIA_UL/Cell:eNodeB Function Name=PI_UIO_RAFAEL_AULESTIA_L, Local Cell ID=3, Cell Name=PI_UIO_RAFAEL_AULESTIA_3, eNodeB ID=44307, Cell FDD TDD indication=CELL_FDD",Reliable,91.144,12.856
2026-04-10 19:00,60,"PI_UIO_RAFAEL_AULESTIA_UL/Cell:eNodeB Function Name=PI_UIO_RAFAEL_AULESTIA_L, Local Cell ID=11, Cell Name=PI_UIO_RAFAEL_AULESTIA_11, eNodeB ID=44307, Cell FDD TDD indication=CELL_FDD",Reliable,116.07,22.369
2026-04-10 19:00,60,"PI_UIO_RAFAEL_AULESTIA_UL/Cell:eNodeB Function Name=PI_UIO_RAFAEL_AULESTIA_L, Local Cell ID=12, Cell Name=PI_UIO_RAFAEL_AULESTIA_12, eNodeB ID=44307, Cell FDD TDD indication=CELL_FDD",Reliable,270.116,22.768
2026-04-10 19:00,60,"PI_UIO_RAFAEL_AULESTIA_UL/Cell:eNodeB Function Name=PI_UIO_RAFAEL_AULESTIA_L, Local Cell ID=13, Cell Name=PI_UIO_RAFAEL_AULESTIA_13, eNodeB ID=44307, Cell FDD TDD indication=CELL_FDD",Reliable,40.559,3.045
2026-04-10 19:00,60,"PIC_UIO_CUMBAYA_ESTE_ULN/Cell:eNodeB Function Name=PI_UIO_CUMBAYA_ESTEL21, Local Cell ID=1, Cell Name=PI_UIO_CUMBAYA_ESTE_1, eNodeB ID=44066, Cell FDD TDD indication=CELL_FDD",Reliable,1547.234,189.811
2026-04-10 19:00,60,"PIC_UIO_CUMBAYA_ESTE_ULN/Cell:eNodeB Function Name=PI_UIO_CUMBAYA_ESTEL21, Local Cell ID=2, Cell Name=PI_UIO_CUMBAYA_ESTE_2, eNodeB ID=44066, Cell FDD TDD indication=CELL_FDD",Reliable,503.835,71.816
2026-04-10 19:00,60,"PIC_UIO_CUMBAYA_ESTE_ULN/Cell:eNodeB Function Name=PI_UIO_CUMBAYA_ESTEL21, Local Cell ID=3, Cell Name=PI_UIO_CUMBAYA_ESTE_3, eNodeB ID=44066, Cell FDD TDD indication=CELL_FDD",Reliable,181.292,32.634
2026-04-10 19:00,60,"PI_UIO_CORUNA_UL/Cell:eNodeB Function Name=PI_UIO_CORUNAL21, Local Cell ID=1, Cell Name=PI_UIO_CORUNA_1, eNodeB ID=44327, Cell FDD TDD indication=CELL_FDD",Reliable,983.853,73.925
2026-04-10 19:00,60,"PI_UIO_CORUNA_UL/Cell:eNodeB Function Name=PI_UIO_CORUNAL21, Local Cell ID=2, Cell Name=PI_UIO_CORUNA_2, eNodeB ID=44327, Cell FDD TDD indication=CELL_FDD",Reliable,546.081,603.675
2026-04-10 19:00,60,"PI_UIO_CORUNA_UL/Cell:eNodeB Function Name=PI_UIO_CORUNAL21, Local Cell ID=7, Cell Name=PI_UIO_CORUNA_APT_7, eNodeB ID=44327, Cell FDD TDD indication=CELL_FDD",Reliable,88.283,12.702
2026-04-10 19:00,60,"PI_UIO_CORUNA_UL/Cell:eNodeB Function Name=PI_UIO_CORUNAL21, Local Cell ID=8, Cell Name=PI_UIO_CORUNA_APT_8, eNodeB ID=44327, Cell FDD TDD indication=CELL_FDD",Reliable,451.785,54.425
2026-04-10 19:00,60,"PIC_UIO_CALDAS_ULN/Cell:eNodeB Function Name=PI_UIO_CALDAS_L, Local Cell ID=1, Cell Name=PI_UIO_CALDAS_1, eNodeB ID=44103, Cell FDD TDD indication=CELL_FDD",Reliable,2291.956,396.833
2026-04-10 19:00,60,"PIC_UIO_CALDAS_ULN/Cell:eNodeB Function Name=PI_UIO_CALDAS_L, Local Cell ID=2, Cell Name=PI_UIO_CALDAS_2, eNodeB ID=44103, Cell FDD TDD indication=CELL_FDD",Reliable,1491.046,287.821
2026-04-10 19:00,60,"PIC_UIO_CALDAS_ULN/Cell:eNodeB Function Name=PI_UIO_CALDAS_L, Local Cell ID=11, Cell Name=PI_UIO_CALDAS_11, eNodeB ID=44103, Cell FDD TDD indication=CELL_FDD",Reliable,61.642,7.976
2026-04-10 19:00,60,"PIC_UIO_CALDAS_ULN/Cell:eNodeB Function Name=PI_UIO_CALDAS_L, Local Cell ID=12, Cell Name=PI_UIO_CALDAS_12, eNodeB ID=44103, Cell FDD TDD indication=CELL_FDD",Reliable,347.75,53.38
2026-04-10 19:00,60,"PIC_UIO_HOSP_CARLOS_ANDRADE_MARIN_ULN/Cell:eNodeB Function Name=PI_UIO_HOSP_CARLOS_ANDRADE_MARIN_L, Local Cell ID=1, Cell Name=PI_UIO_HOSP_CARLOS_ANDRADE_MARIN_1, eNodeB ID=44991, Cell FDD TDD indication=CELL_FDD",Reliable,1808.625,182.22
2026-04-10 19:00,60,"PIC_UIO_HOSP_CARLOS_ANDRADE_MARIN_ULN/Cell:eNodeB Function Name=PI_UIO_HOSP_CARLOS_ANDRADE_MARIN_L, Local Cell ID=2, Cell Name=PI_UIO_HOSP_CARLOS_ANDRADE_MARIN_2, eNodeB ID=44991, Cell FDD TDD indication=CELL_FDD",Reliable,10374.149,778.3
2026-04-10 19:00,60,"PIC_UIO_HOSP_CARLOS_ANDRADE_MARIN_ULN/Cell:eNodeB Function Name=PI_UIO_HOSP_CARLOS_ANDRADE_MARIN_L, Local Cell ID=3, Cell Name=PI_UIO_HOSP_CARLOS_ANDRADE_MARIN_3, eNodeB ID=44991, Cell FDD TDD indication=CELL_FDD",Reliable,1633.991,84.843
2026-04-10 19:00,60,"PIC_UIO_HOSP_CARLOS_ANDRADE_MARIN_ULN/Cell:eNodeB Function Name=PI_UIO_HOSP_CARLOS_ANDRADE_MARIN_L, Local Cell ID=7, Cell Name=PI_UIO_HOSP_CARLOS_ANDRADE_MARIN_APT_7, eNodeB ID=44991, Cell FDD TDD indication=CELL_FDD",Reliable,423.798,62.485
2026-04-10 19:00,60,"PIC_UIO_HOSP_CARLOS_ANDRADE_MARIN_ULN/Cell:eNodeB Function Name=PI_UIO_HOSP_CARLOS_ANDRADE_MARIN_L, Local Cell ID=8, Cell Name=PI_UIO_HOSP_CARLOS_ANDRADE_MARIN_APT_8, eNodeB ID=44991, Cell FDD TDD indication=CELL_FDD",Reliable,3893.204,617.515
2026-04-10 19:00,60,"PIC_UIO_HOSP_CARLOS_ANDRADE_MARIN_ULN/Cell:eNodeB Function Name=PI_UIO_HOSP_CARLOS_ANDRADE_MARIN_L, Local Cell ID=9, Cell Name=PI_UIO_HOSP_CARLOS_ANDRADE_MARIN_APT_9, eNodeB ID=44991, Cell FDD TDD indication=CELL_FDD",Reliable,582.312,35.718
2026-04-10 19:00,60,"PIC_UIO_HOSP_CARLOS_ANDRADE_MARIN_ULN/Cell:eNodeB Function Name=PI_UIO_HOSP_CARLOS_ANDRADE_MARIN_L, Local Cell ID=11, Cell Name=PI_UIO_HOSP_CARLOS_ANDRADE_MARIN_11, eNodeB ID=44991, Cell FDD TDD indication=CELL_FDD",Reliable,66.556,6.538
2026-04-10 19:00,60,"PIC_UIO_HOSP_CARLOS_ANDRADE_MARIN_ULN/Cell:eNodeB Function Name=PI_UIO_HOSP_CARLOS_ANDRADE_MARIN_L, Local Cell ID=12, Cell Name=PI_UIO_HOSP_CARLOS_ANDRADE_MARIN_12, eNodeB ID=44991, Cell FDD TDD indication=CELL_FDD",Reliable,371.488,28.227
2026-04-10 19:00,60,"PIC_UIO_HOSP_CARLOS_ANDRADE_MARIN_ULN/Cell:eNodeB Function Name=PI_UIO_HOSP_CARLOS_ANDRADE_MARIN_L, Local Cell ID=13, Cell Name=PI_UIO_HOSP_CARLOS_ANDRADE_MARIN_13, eNodeB ID=44991, Cell FDD TDD indication=CELL_FDD",Reliable,242.642,13.002
2026-04-10 19:00,60,"PIC_UIO_LA_VINA_ULN/Cell:eNodeB Function Name=PI_UIO_LA_VINAL21, Local Cell ID=1, Cell Name=PI_UIO_LA_VINA_1, eNodeB ID=44379, Cell FDD TDD indication=CELL_FDD",Reliable,287.399,4.409
2026-04-10 19:00,60,"PIC_UIO_LA_VINA_ULN/Cell:eNodeB Function Name=PI_UIO_LA_VINAL21, Local Cell ID=2, Cell Name=PI_UIO_LA_VINA_2, eNodeB ID=44379, Cell FDD TDD indication=CELL_FDD",Reliable,10.49,3.483
2026-04-10 19:00,60,"PIC_UIO_LA_VINA_ULN/Cell:eNodeB Function Name=PI_UIO_LA_VINAL21, Local Cell ID=3, Cell Name=PI_UIO_LA_VINA_3, eNodeB ID=44379, Cell FDD TDD indication=CELL_FDD",Reliable,154.574,7.836
2026-04-10 19:00,60,"PIC_UIO_NACIONES_UNIDAS_ULN/Cell:eNodeB Function Name=PIC_UIO_NACIONES_UNIDAS_L, Local Cell ID=1, Cell Name=PIC_UIO_NACIONES_UNIDAS_L21_1, eNodeB ID=44364, Cell FDD TDD indication=CELL_FDD",Reliable,987.486,116.064
2026-04-10 19:00,60,"PIC_UIO_NACIONES_UNIDAS_ULN/Cell:eNodeB Function Name=PIC_UIO_NACIONES_UNIDAS_L, Local Cell ID=2, Cell Name=PIC_UIO_NACIONES_UNIDAS_L21_2, eNodeB ID=44364, Cell FDD TDD indication=CELL_FDD",Reliable,4113.518,558.212
2026-04-10 19:00,60,"PIC_UIO_NACIONES_UNIDAS_ULN/Cell:eNodeB Function Name=PIC_UIO_NACIONES_UNIDAS_L, Local Cell ID=3, Cell Name=PIC_UIO_NACIONES_UNIDAS_L21_3, eNodeB ID=44364, Cell FDD TDD indication=CELL_FDD",Reliable,2674.57,286.561
2026-04-10 19:00,60,"PIC_UIO_NACIONES_UNIDAS_ULN/Cell:eNodeB Function Name=PIC_UIO_NACIONES_UNIDAS_L, Local Cell ID=12, Cell Name=PIC_UIO_NACIONES_UNIDAS_L19_12, eNodeB ID=44364, Cell FDD TDD indication=CELL_FDD",Reliable,459.618,55.998
2026-04-10 19:00,60,"PIC_UIO_NACIONES_UNIDAS_ULN/Cell:eNodeB Function Name=PIC_UIO_NACIONES_UNIDAS_L, Local Cell ID=13, Cell Name=PIC_UIO_NACIONES_UNIDAS_L19_13, eNodeB ID=44364, Cell FDD TDD indication=CELL_FDD",Reliable,1075.235,426.201
2026-04-10 19:00,60,"PIC_UIO_NACIONES_UNIDAS_ULN/Cell:eNodeB Function Name=PIC_UIO_NACIONES_UNIDAS_L, Local Cell ID=11, Cell Name=PIC_UIO_NACIONES_UNIDAS_L19_11, eNodeB ID=44364, Cell FDD TDD indication=CELL_FDD",Reliable,430.699,11.723
2026-04-10 19:00,60,"PI_UIO_NUEVO_POLANCO_UL/Cell:eNodeB Function Name=PI_UIO_NUEVO_POLANCOL21, Local Cell ID=1, Cell Name=PI_UIO_NUEVO_POLANCO_1, eNodeB ID=44997, Cell FDD TDD indication=CELL_FDD",Reliable,3304.346,360.28
2026-04-10 19:00,60,"PI_UIO_NUEVO_POLANCO_UL/Cell:eNodeB Function Name=PI_UIO_NUEVO_POLANCOL21, Local Cell ID=2, Cell Name=PI_UIO_NUEVO_POLANCO_2, eNodeB ID=44997, Cell FDD TDD indication=CELL_FDD",Reliable,1646.544,117.446
2026-04-10 19:00,60,"PIC_UIO_CONTRALORIA_ULN/Cell:eNodeB Function Name=PI_UIO_CONTRALORIA_L, Local Cell ID=1, Cell Name=PI_UIO_CONTRALORIA_1, eNodeB ID=44337, Cell FDD TDD indication=CELL_FDD",Reliable,1524.594,220.184
2026-04-10 19:00,60,"PIC_UIO_CONTRALORIA_ULN/Cell:eNodeB Function Name=PI_UIO_CONTRALORIA_L, Local Cell ID=2, Cell Name=PI_UIO_CONTRALORIA_2, eNodeB ID=44337, Cell FDD TDD indication=CELL_FDD",Reliable,1589.845,372.545
2026-04-10 19:00,60,"PIC_UIO_CONTRALORIA_ULN/Cell:eNodeB Function Name=PI_UIO_CONTRALORIA_L, Local Cell ID=3, Cell Name=PI_UIO_CONTRALORIA_3, eNodeB ID=44337, Cell FDD TDD indication=CELL_FDD",Reliable,296.166,29.453
2026-04-10 19:00,60,"PIC_UIO_CONTRALORIA_ULN/Cell:eNodeB Function Name=PI_UIO_CONTRALORIA_L, Local Cell ID=11, Cell Name=PI_UIO_CONTRALORIA_11, eNodeB ID=44337, Cell FDD TDD indication=CELL_FDD",Reliable,263.874,17.583
2026-04-10 19:00,60,"PIC_UIO_CONTRALORIA_ULN/Cell:eNodeB Function Name=PI_UIO_CONTRALORIA_L, Local Cell ID=12, Cell Name=PI_UIO_CONTRALORIA_12, eNodeB ID=44337, Cell FDD TDD indication=CELL_FDD",Reliable,823.091,115.64
2026-04-10 19:00,60,"PIC_UIO_CONTRALORIA_ULN/Cell:eNodeB Function Name=PI_UIO_CONTRALORIA_L, Local Cell ID=13, Cell Name=PI_UIO_CONTRALORIA_13, eNodeB ID=44337, Cell FDD TDD indication=CELL_FDD",Reliable,4.728,0.913
2026-04-10 19:00,60,"PI_UIO_REPUBLICA_COUB_UL/Cell:eNodeB Function Name=PI_UIO_REPUBLICA_COUBL21, Local Cell ID=1, Cell Name=PI_UIO_REPUBLICA_COUB_1, eNodeB ID=44320, Cell FDD TDD indication=CELL_FDD",Reliable,402.825,31.798
2026-04-10 19:00,60,"PI_UIO_REPUBLICA_COUB_UL/Cell:eNodeB Function Name=PI_UIO_REPUBLICA_COUBL21, Local Cell ID=2, Cell Name=PI_UIO_REPUBLICA_COUB_2, eNodeB ID=44320, Cell FDD TDD indication=CELL_FDD",Reliable,928.951,73.05
2026-04-10 19:00,60,"PI_UIO_REPUBLICA_COUB_UL/Cell:eNodeB Function Name=PI_UIO_REPUBLICA_COUBL21, Local Cell ID=3, Cell Name=PI_UIO_REPUBLICA_COUB_3, eNodeB ID=44320, Cell FDD TDD indication=CELL_FDD",Reliable,1030.917,102.403
2026-04-10 19:00,60,"PIC_UIO_PATRIA_ULN/Cell:eNodeB Function Name=PI_UIO_PATRIA_L, Local Cell ID=1, Cell Name=PI_UIO_PATRIA_1, eNodeB ID=44381, Cell FDD TDD indication=CELL_FDD",Reliable,288.384,37.068
2026-04-10 19:00,60,"PIC_UIO_PATRIA_ULN/Cell:eNodeB Function Name=PI_UIO_PATRIA_L, Local Cell ID=2, Cell Name=PI_UIO_PATRIA_2, eNodeB ID=44381, Cell FDD TDD indication=CELL_FDD",Reliable,2952.416,290.993
2026-04-10 19:00,60,"PIC_UIO_PATRIA_ULN/Cell:eNodeB Function Name=PI_UIO_PATRIA_L, Local Cell ID=3, Cell Name=PI_UIO_PATRIA_3, eNodeB ID=44381, Cell FDD TDD indication=CELL_FDD",Reliable,734.205,86.7
2026-04-10 19:00,60,"PIC_UIO_PATRIA_ULN/Cell:eNodeB Function Name=PI_UIO_PATRIA_L, Local Cell ID=11, Cell Name=PI_UIO_PATRIA_11, eNodeB ID=44381, Cell FDD TDD indication=CELL_FDD",Reliable,282.153,18.902
2026-04-10 19:00,60,"PIC_UIO_PATRIA_ULN/Cell:eNodeB Function Name=PI_UIO_PATRIA_L, Local Cell ID=12, Cell Name=PI_UIO_PATRIA_12, eNodeB ID=44381, Cell FDD TDD indication=CELL_FDD",Reliable,296.199,18.042
2026-04-10 19:00,60,"PIC_UIO_PATRIA_ULN/Cell:eNodeB Function Name=PI_UIO_PATRIA_L, Local Cell ID=13, Cell Name=PI_UIO_PATRIA_13, eNodeB ID=44381, Cell FDD TDD indication=CELL_FDD",Reliable,87.57,11.536
2026-04-10 19:00,60,"PIC_UIO_QUICENTRO_NORTE_UL/Cell:eNodeB Function Name=PIC_UIO_QUICENTRO_NORTE_L, Local Cell ID=1, Cell Name=PIC_UIO_QUICENTRO_NORTE_L21_1, eNodeB ID=44386, Cell FDD TDD indication=CELL_FDD",Reliable,7436.173,909.593
2026-04-10 19:00,60,"PIC_UIO_QUICENTRO_NORTE_UL/Cell:eNodeB Function Name=PIC_UIO_QUICENTRO_NORTE_L, Local Cell ID=2, Cell Name=PIC_UIO_QUICENTRO_NORTE_L21_2, eNodeB ID=44386, Cell FDD TDD indication=CELL_FDD",Reliable,2292.607,325.181
2026-04-10 19:00,60,"PIC_UIO_QUICENTRO_NORTE_UL/Cell:eNodeB Function Name=PIC_UIO_QUICENTRO_NORTE_L, Local Cell ID=3, Cell Name=PIC_UIO_QUICENTRO_NORTE_L21_3, eNodeB ID=44386, Cell FDD TDD indication=CELL_FDD",Reliable,1534.259,100.372
2026-04-10 19:00,60,"PIC_UIO_QUICENTRO_NORTE_UL/Cell:eNodeB Function Name=PIC_UIO_QUICENTRO_NORTE_L, Local Cell ID=12, Cell Name=PIC_UIO_QUICENTRO_NORTE_L19_12, eNodeB ID=44386, Cell FDD TDD indication=CELL_FDD",Reliable,222.972,25.023
2026-04-10 19:00,60,"PIC_UIO_QUICENTRO_NORTE_UL/Cell:eNodeB Function Name=PIC_UIO_QUICENTRO_NORTE_L, Local Cell ID=13, Cell Name=PIC_UIO_QUICENTRO_NORTE_L19_13, eNodeB ID=44386, Cell FDD TDD indication=CELL_FDD",Reliable,22.984,3.58
2026-04-10 19:00,60,"PIC_UIO_QUICENTRO_NORTE_UL/Cell:eNodeB Function Name=PIC_UIO_QUICENTRO_NORTE_L, Local Cell ID=11, Cell Name=PIC_UIO_QUICENTRO_NORTE_L19_11, eNodeB ID=44386, Cell FDD TDD indication=CELL_FDD",Reliable,1090.481,53.043
2026-04-10 19:00,60,"PI_UIO_NUEVA_UTE_UL/Cell:eNodeB Function Name=PI_UIO_NUEVA_UTEL21, Local Cell ID=1, Cell Name=PI_UIO_NUEVA_UTE_1, eNodeB ID=44319, Cell FDD TDD indication=CELL_FDD",Reliable,5165.061,741.932
2026-04-10 19:00,60,"PI_UIO_NUEVA_UTE_UL/Cell:eNodeB Function Name=PI_UIO_NUEVA_UTEL21, Local Cell ID=2, Cell Name=PI_UIO_NUEVA_UTE_2, eNodeB ID=44319, Cell FDD TDD indication=CELL_FDD",Reliable,1730.716,264.383
2026-04-10 19:00,60,"PI_UIO_NUEVA_UTE_UL/Cell:eNodeB Function Name=PI_UIO_NUEVA_UTEL21, Local Cell ID=7, Cell Name=PI_UIO_NUEVA_UTE_APT_7, eNodeB ID=44319, Cell FDD TDD indication=CELL_FDD",Reliable,4570.032,689.259
2026-04-10 19:00,60,"PI_UIO_NUEVA_UTE_UL/Cell:eNodeB Function Name=PI_UIO_NUEVA_UTEL21, Local Cell ID=8, Cell Name=PI_UIO_NUEVA_UTE_APT_8, eNodeB ID=44319, Cell FDD TDD indication=CELL_FDD",Reliable,1847.567,192.688
2026-04-10 19:00,60,"PI_UIO_MASTODONTES_UL/Cell:eNodeB Function Name=PI_UIO_MASTODONTESL21, Local Cell ID=1, Cell Name=PI_UIO_MASTODONTES_1, eNodeB ID=44308, Cell FDD TDD indication=CELL_FDD",Reliable,1205.485,151.303
2026-04-10 19:00,60,"PI_UIO_MASTODONTES_UL/Cell:eNodeB Function Name=PI_UIO_MASTODONTESL21, Local Cell ID=2, Cell Name=PI_UIO_MASTODONTES_2, eNodeB ID=44308, Cell FDD TDD indication=CELL_FDD",Reliable,1825.252,191.51
2026-04-10 19:00,60,"PI_UIO_PALACIO_PRESIDENCIAL_UL/Cell:eNodeB Function Name=PI_UIO_PALACIO_PRESIDENCIALL21, Local Cell ID=1, Cell Name=PI_UIO_PALACIO_PRESIDENCIAL_1, eNodeB ID=44943, Cell FDD TDD indication=CELL_FDD",Reliable,1291.431,62.021
2026-04-10 19:00,60,"PI_UIO_PALACIO_PRESIDENCIAL_UL/Cell:eNodeB Function Name=PI_UIO_PALACIO_PRESIDENCIALL21, Local Cell ID=2, Cell Name=PI_UIO_PALACIO_PRESIDENCIAL_2, eNodeB ID=44943, Cell FDD TDD indication=CELL_FDD",Reliable,74.107,4.735
2026-04-10 19:00,60,"PI_UIO_PLAZA_FOCH_UL/Cell:eNodeB Function Name=PI_UIO_PLAZA_FOCHL21, Local Cell ID=1, Cell Name=PI_UIO_PLAZA_FOCH_1, eNodeB ID=44969, Cell FDD TDD indication=CELL_FDD",Reliable,541.453,90.161
2026-04-10 19:00,60,"PI_UIO_PLAZA_FOCH_UL/Cell:eNodeB Function Name=PI_UIO_PLAZA_FOCHL21, Local Cell ID=2, Cell Name=PI_UIO_PLAZA_FOCH_2, eNodeB ID=44969, Cell FDD TDD indication=CELL_FDD",Reliable,3726.338,374.056
2026-04-10 19:00,60,"PI_UIO_PLAZA_FOCH_UL/Cell:eNodeB Function Name=PI_UIO_PLAZA_FOCHL21, Local Cell ID=3, Cell Name=PI_UIO_PLAZA_FOCH_3, eNodeB ID=44969, Cell FDD TDD indication=CELL_FDD",Reliable,765.588,102.813
2026-04-10 19:00,60,"PI_UIO_USFQ_UL/Cell:eNodeB Function Name=PI_UIO_USFQ_L, Local Cell ID=1, Cell Name=PI_UIO_USFQ_1, eNodeB ID=44436, Cell FDD TDD indication=CELL_FDD",Reliable,93.59,9.559
2026-04-10 19:00,60,"PI_UIO_USFQ_UL/Cell:eNodeB Function Name=PI_UIO_USFQ_L, Local Cell ID=2, Cell Name=PI_UIO_USFQ_2, eNodeB ID=44436, Cell FDD TDD indication=CELL_FDD",Reliable,64.222,6.206
2026-04-10 19:00,60,"PI_UIO_USFQ_UL/Cell:eNodeB Function Name=PI_UIO_USFQ_L, Local Cell ID=3, Cell Name=PI_UIO_USFQ_3, eNodeB ID=44436, Cell FDD TDD indication=CELL_FDD",Reliable,336.546,78.049
2026-04-10 19:00,60,"PI_UIO_USFQ_UL/Cell:eNodeB Function Name=PI_UIO_USFQ_L, Local Cell ID=11, Cell Name=PI_UIO_USFQ_11, eNodeB ID=44436, Cell FDD TDD indication=CELL_FDD",Reliable,63.377,2.449
2026-04-10 19:00,60,"PI_UIO_USFQ_UL/Cell:eNodeB Function Name=PI_UIO_USFQ_L, Local Cell ID=12, Cell Name=PI_UIO_USFQ_12, eNodeB ID=44436, Cell FDD TDD indication=CELL_FDD",Reliable,0.159,0.553
2026-04-10 19:00,60,"PI_UIO_USFQ_UL/Cell:eNodeB Function Name=PI_UIO_USFQ_L, Local Cell ID=13, Cell Name=PI_UIO_USFQ_13, eNodeB ID=44436, Cell FDD TDD indication=CELL_FDD",Reliable,26.208,2.282
2026-04-10 19:00,60,"PI_UIO_QUICENTRO_UL/Cell:eNodeB Function Name=PIC_UIO_QUICENTRO_L, Local Cell ID=1, Cell Name=PIC_UIO_QUICENTRO_L21_1, eNodeB ID=44272, Cell FDD TDD indication=CELL_FDD",Reliable,500.235,23.697
2026-04-10 19:00,60,"PI_UIO_QUICENTRO_UL/Cell:eNodeB Function Name=PIC_UIO_QUICENTRO_L, Local Cell ID=2, Cell Name=PIC_UIO_QUICENTRO_L21_2, eNodeB ID=44272, Cell FDD TDD indication=CELL_FDD",Reliable,1012.122,76.163
2026-04-10 19:00,60,"PI_UIO_QUICENTRO_UL/Cell:eNodeB Function Name=PIC_UIO_QUICENTRO_L, Local Cell ID=3, Cell Name=PIC_UIO_QUICENTRO_L21_3, eNodeB ID=44272, Cell FDD TDD indication=CELL_FDD",Reliable,3715.952,457.363
2026-04-10 19:00,60,"PI_UIO_QUICENTRO_UL/Cell:eNodeB Function Name=PIC_UIO_QUICENTRO_L, Local Cell ID=11, Cell Name=PIC_UIO_QUICENTRO_L19_11, eNodeB ID=44272, Cell FDD TDD indication=CELL_FDD",Reliable,103.716,14.147
2026-04-10 19:00,60,"PI_UIO_QUICENTRO_UL/Cell:eNodeB Function Name=PIC_UIO_QUICENTRO_L, Local Cell ID=12, Cell Name=PIC_UIO_QUICENTRO_L19_12, eNodeB ID=44272, Cell FDD TDD indication=CELL_FDD",Reliable,171.749,10.926
2026-04-10 19:00,60,"PI_UIO_QUICENTRO_UL/Cell:eNodeB Function Name=PIC_UIO_QUICENTRO_L, Local Cell ID=13, Cell Name=PIC_UIO_QUICENTRO_L19_13, eNodeB ID=44272, Cell FDD TDD indication=CELL_FDD",Reliable,820.153,105.036
2026-04-10 19:00,60,"PIC_UIO_TERRANOVA_ULN/Cell:eNodeB Function Name=PIC_UIO_TERRANOVA_L, Local Cell ID=1, Cell Name=PIC_UIO_TERRANOVA_L21_1, eNodeB ID=44995, Cell FDD TDD indication=CELL_FDD",Reliable,887.355,60.138
2026-04-10 19:00,60,"PIC_UIO_TERRANOVA_ULN/Cell:eNodeB Function Name=PIC_UIO_TERRANOVA_L, Local Cell ID=2, Cell Name=PIC_UIO_TERRANOVA_L21_2, eNodeB ID=44995, Cell FDD TDD indication=CELL_FDD",Reliable,329.269,109.157
2026-04-10 19:00,60,"PI_UIO_ARELLANO_UL/Cell:eNodeB Function Name=PI_UIO_ARELLANOL21, Local Cell ID=1, Cell Name=PI_UIO_ARELLANO_1, eNodeB ID=44324, Cell FDD TDD indication=CELL_FDD",Reliable,252.136,116.854
2026-04-10 19:00,60,"PI_UIO_ARELLANO_UL/Cell:eNodeB Function Name=PI_UIO_ARELLANOL21, Local Cell ID=2, Cell Name=PI_UIO_ARELLANO_2, eNodeB ID=44324, Cell FDD TDD indication=CELL_FDD",Reliable,522.873,40.34
2026-04-10 19:00,60,"PI_UIO_AV_AMAZONAS_TRR_UL/Cell:eNodeB Function Name=PI_UIO_AV_AMAZONAS_TRRL21, Local Cell ID=1, Cell Name=PI_UIO_AV_AMAZONAS_TRR_1, eNodeB ID=44965, Cell FDD TDD indication=CELL_FDD",Reliable,1599.861,137.329
2026-04-10 19:00,60,"PI_UIO_AV_AMAZONAS_TRR_UL/Cell:eNodeB Function Name=PI_UIO_AV_AMAZONAS_TRRL21, Local Cell ID=2, Cell Name=PI_UIO_AV_AMAZONAS_TRR_2, eNodeB ID=44965, Cell FDD TDD indication=CELL_FDD",Reliable,1109.23,144.712
2026-04-10 19:00,60,"PI_UIO_AV_AMAZONAS_TRR_UL/Cell:eNodeB Function Name=PI_UIO_AV_AMAZONAS_TRRL21, Local Cell ID=3, Cell Name=PI_UIO_AV_AMAZONAS_TRR_3, eNodeB ID=44965, Cell FDD TDD indication=CELL_FDD",Reliable,743.22,66.699
2026-04-10 19:00,60,"PI_UIO_REGIMIENTO_QUITO_UL/Cell:eNodeB Function Name=PI_UIO_REGIMIENTO_QUITOL21, Local Cell ID=1, Cell Name=PI_UIO_REGIMIENTO_QUITO_1, eNodeB ID=44383, Cell FDD TDD indication=CELL_FDD",Reliable,1789.444,194.837
2026-04-10 19:00,60,"PI_UIO_REGIMIENTO_QUITO_UL/Cell:eNodeB Function Name=PI_UIO_REGIMIENTO_QUITOL21, Local Cell ID=2, Cell Name=PI_UIO_REGIMIENTO_QUITO_2, eNodeB ID=44383, Cell FDD TDD indication=CELL_FDD",Reliable,1262.993,126.306
2026-04-10 19:00,60,"PI_UIO_TUFINO(PI)_UL/Cell:eNodeB Function Name=PI_UIO_TUFINO(PI)L21, Local Cell ID=1, Cell Name=PI_UIO_TUFINO(PI)_1, eNodeB ID=44306, Cell FDD TDD indication=CELL_FDD",Reliable,391.367,35.146
2026-04-10 19:00,60,"PI_UIO_TUFINO(PI)_UL/Cell:eNodeB Function Name=PI_UIO_TUFINO(PI)L21, Local Cell ID=2, Cell Name=PI_UIO_TUFINO(PI)_2, eNodeB ID=44306, Cell FDD TDD indication=CELL_FDD",Reliable,904.753,116.898
2026-04-10 19:00,60,"PI_UIO_TUFINO(PI)_UL/Cell:eNodeB Function Name=PI_UIO_TUFINO(PI)L21, Local Cell ID=3, Cell Name=PI_UIO_TUFINO(PI)_3, eNodeB ID=44306, Cell FDD TDD indication=CELL_FDD",Reliable,2305.859,246.488
2026-04-10 19:00,60,"PI_UIO_COL_CENTRAL_TECNICO_TRR_UL/Cell:eNodeB Function Name=PI_UIO_COL_CENTRAL_TECNICO_TRRL21, Local Cell ID=1, Cell Name=PI_UIO_COL_CENTRAL_TECNICO_TRR_1, eNodeB ID=44808, Cell FDD TDD indication=CELL_FDD",Reliable,1948.014,215.084
2026-04-10 19:00,60,"PI_UIO_COL_CENTRAL_TECNICO_TRR_UL/Cell:eNodeB Function Name=PI_UIO_COL_CENTRAL_TECNICO_TRRL21, Local Cell ID=2, Cell Name=PI_UIO_COL_CENTRAL_TECNICO_TRR_2, eNodeB ID=44808, Cell FDD TDD indication=CELL_FDD",Reliable,415.818,143.552
2026-04-10 19:00,60,"PI_UIO_COL_CENTRAL_TECNICO_TRR_UL/Cell:eNodeB Function Name=PI_UIO_COL_CENTRAL_TECNICO_TRRL21, Local Cell ID=3, Cell Name=PI_UIO_COL_CENTRAL_TECNICO_TRR_3, eNodeB ID=44808, Cell FDD TDD indication=CELL_FDD",Reliable,652.859,110.724
2026-04-10 19:00,60,"PI_UIO_CORDILLERA_UL/Cell:eNodeB Function Name=PI_UIO_CORDILLERA_L, Local Cell ID=1, Cell Name=PI_UIO_CORDILLERA_1, eNodeB ID=44315, Cell FDD TDD indication=CELL_FDD",Reliable,587.085,57.53
2026-04-10 19:00,60,"PI_UIO_CORDILLERA_UL/Cell:eNodeB Function Name=PI_UIO_CORDILLERA_L, Local Cell ID=2, Cell Name=PI_UIO_CORDILLERA_2, eNodeB ID=44315, Cell FDD TDD indication=CELL_FDD",Reliable,2713.56,1621.6
2026-04-10 19:00,60,"PI_UIO_CORDILLERA_UL/Cell:eNodeB Function Name=PI_UIO_CORDILLERA_L, Local Cell ID=3, Cell Name=PI_UIO_CORDILLERA_3, eNodeB ID=44315, Cell FDD TDD indication=CELL_FDD",Reliable,268.573,34.805
2026-04-10 19:00,60,"PI_UIO_CORDILLERA_UL/Cell:eNodeB Function Name=PI_UIO_CORDILLERA_L, Local Cell ID=11, Cell Name=PI_UIO_CORDILLERA_11, eNodeB ID=44315, Cell FDD TDD indication=CELL_FDD",Reliable,36.922,2.838
2026-04-10 19:00,60,"PI_UIO_CORDILLERA_UL/Cell:eNodeB Function Name=PI_UIO_CORDILLERA_L, Local Cell ID=12, Cell Name=PI_UIO_CORDILLERA_12, eNodeB ID=44315, Cell FDD TDD indication=CELL_FDD",Reliable,158.852,25.084
2026-04-10 19:00,60,"PI_UIO_CORDILLERA_UL/Cell:eNodeB Function Name=PI_UIO_CORDILLERA_L, Local Cell ID=13, Cell Name=PI_UIO_CORDILLERA_13, eNodeB ID=44315, Cell FDD TDD indication=CELL_FDD",Reliable,17.775,1.185
2026-04-10 19:00,60,"PI_UIO_ISLA_SAN_CRISTOBAL_UL/Cell:eNodeB Function Name=PI_UIO_ISLA_SAN_CRISTOBALL21, Local Cell ID=1, Cell Name=PI_UIO_ISLA_SAN_CRISTOBAL_1, eNodeB ID=44437, Cell FDD TDD indication=CELL_FDD",Reliable,1202.659,245.305
2026-04-10 19:00,60,"PI_UIO_ISLA_SAN_CRISTOBAL_UL/Cell:eNodeB Function Name=PI_UIO_ISLA_SAN_CRISTOBALL21, Local Cell ID=2, Cell Name=PI_UIO_ISLA_SAN_CRISTOBAL_2, eNodeB ID=44437, Cell FDD TDD indication=CELL_FDD",Reliable,2187.429,224.681
2026-04-10 19:00,60,"PI_UIO_ISLA_SAN_CRISTOBAL_UL/Cell:eNodeB Function Name=PI_UIO_ISLA_SAN_CRISTOBALL21, Local Cell ID=3, Cell Name=PI_UIO_ISLA_SAN_CRISTOBAL_3, eNodeB ID=44437, Cell FDD TDD indication=CELL_FDD",Reliable,1017.298,43.735
2026-04-10 19:00,60,"PI_UIO_LA_MASCOTA_UL/Cell:eNodeB Function Name=PI_UIO_LA_MASCOTAL21, Local Cell ID=1, Cell Name=PI_UIO_LA_MASCOTA_1, eNodeB ID=44219, Cell FDD TDD indication=CELL_FDD",Reliable,548.036,36.483
2026-04-10 19:00,60,"PI_UIO_LA_MASCOTA_UL/Cell:eNodeB Function Name=PI_UIO_LA_MASCOTAL21, Local Cell ID=2, Cell Name=PI_UIO_LA_MASCOTA_2, eNodeB ID=44219, Cell FDD TDD indication=CELL_FDD",Reliable,1256.924,149.69
2026-04-10 19:00,60,"PI_UIO_LA_MASCOTA_UL/Cell:eNodeB Function Name=PI_UIO_LA_MASCOTAL21, Local Cell ID=3, Cell Name=PI_UIO_LA_MASCOTA_3, eNodeB ID=44219, Cell FDD TDD indication=CELL_FDD",Reliable,1227.967,110.472
2026-04-10 19:00,60,"PI_UIO_ECU911_UL/Cell:eNodeB Function Name=PI_UIO_ECU911L21, Local Cell ID=1, Cell Name=PI_UIO_ECU911_1, eNodeB ID=44940, Cell FDD TDD indication=CELL_FDD",Reliable,1683.261,180.209
2026-04-10 19:00,60,"IM_URC_YACHAY_UL/Cell:eNodeB Function Name=IM_URC_YACHAYL21, Local Cell ID=1, Cell Name=IM_URC_YACHAY_1, eNodeB ID=44755, Cell FDD TDD indication=CELL_FDD",Reliable,346.784,89.439
2026-04-10 19:00,60,"IM_URC_YACHAY_UL/Cell:eNodeB Function Name=IM_URC_YACHAYL21, Local Cell ID=2, Cell Name=IM_URC_YACHAY_2, eNodeB ID=44755, Cell FDD TDD indication=CELL_FDD",Reliable,544.782,56.08
2026-04-10 19:00,60,"IM_URC_YACHAY_UL/Cell:eNodeB Function Name=IM_URC_YACHAYL21, Local Cell ID=3, Cell Name=IM_URC_YACHAY_3, eNodeB ID=44755, Cell FDD TDD indication=CELL_FDD",Reliable,498.717,64.298
2026-04-10 19:00,60,"PI_UIO_EL_EDEN_UL/Cell:eNodeB Function Name=PI_UIO_EL_EDENL21, Local Cell ID=1, Cell Name=PI_UIO_EL_EDEN_1, eNodeB ID=44117, Cell FDD TDD indication=CELL_FDD",Reliable,267.156,36.714
2026-04-10 19:00,60,"PI_UIO_EL_EDEN_UL/Cell:eNodeB Function Name=PI_UIO_EL_EDENL21, Local Cell ID=2, Cell Name=PI_UIO_EL_EDEN_2, eNodeB ID=44117, Cell FDD TDD indication=CELL_FDD",Reliable,366.189,42.287
2026-04-10 19:00,60,"PI_UIO_EL_EDEN_UL/Cell:eNodeB Function Name=PI_UIO_EL_EDENL21, Local Cell ID=3, Cell Name=PI_UIO_EL_EDEN_3, eNodeB ID=44117, Cell FDD TDD indication=CELL_FDD",Reliable,1625.357,141.583
2026-04-10 19:00,60,"PI_UIO_FLACSO_TRR_UL/Cell:eNodeB Function Name=PI_UIO_FLACSO_TRRL21, Local Cell ID=1, Cell Name=PI_UIO_FLACSO_TRR_1, eNodeB ID=44967, Cell FDD TDD indication=CELL_FDD",Reliable,3613.969,518.59
2026-04-10 19:00,60,"PI_UIO_FLACSO_TRR_UL/Cell:eNodeB Function Name=PI_UIO_FLACSO_TRRL21, Local Cell ID=2, Cell Name=PI_UIO_FLACSO_TRR_2, eNodeB ID=44967, Cell FDD TDD indication=CELL_FDD",Reliable,111.157,11.862
2026-04-10 19:00,60,"PI_UIO_FLACSO_TRR_UL/Cell:eNodeB Function Name=PI_UIO_FLACSO_TRRL21, Local Cell ID=3, Cell Name=PI_UIO_FLACSO_TRR_3, eNodeB ID=44967, Cell FDD TDD indication=CELL_FDD",Reliable,2187.97,195.816
2026-04-10 19:00,60,"PI_UIO_WHIMPER_TRR_UL/Cell:eNodeB Function Name=PI_UIO_WHIMPER_TRR_L, Local Cell ID=1, Cell Name=PI_UIO_WHIMPER_TRR_1, eNodeB ID=44968, Cell FDD TDD indication=CELL_FDD",Reliable,60.823,63.455
2026-04-10 19:00,60,"PI_UIO_WHIMPER_TRR_UL/Cell:eNodeB Function Name=PI_UIO_WHIMPER_TRR_L, Local Cell ID=2, Cell Name=PI_UIO_WHIMPER_TRR_2, eNodeB ID=44968, Cell FDD TDD indication=CELL_FDD",Reliable,160.876,40.642
2026-04-10 19:00,60,"PI_UIO_WHIMPER_TRR_UL/Cell:eNodeB Function Name=PI_UIO_WHIMPER_TRR_L, Local Cell ID=3, Cell Name=PI_UIO_WHIMPER_TRR_3, eNodeB ID=44968, Cell FDD TDD indication=CELL_FDD",Reliable,1648.17,417.494
2026-04-10 19:00,60,"PI_UIO_WHIMPER_TRR_UL/Cell:eNodeB Function Name=PI_UIO_WHIMPER_TRR_L, Local Cell ID=11, Cell Name=PI_UIO_WHIMPER_TRR_11, eNodeB ID=44968, Cell FDD TDD indication=CELL_FDD",Reliable,4.89,4.417
2026-04-10 19:00,60,"PI_UIO_WHIMPER_TRR_UL/Cell:eNodeB Function Name=PI_UIO_WHIMPER_TRR_L, Local Cell ID=12, Cell Name=PI_UIO_WHIMPER_TRR_12, eNodeB ID=44968, Cell FDD TDD indication=CELL_FDD",Reliable,23.128,1.153
2026-04-10 19:00,60,"PI_UIO_WHIMPER_TRR_UL/Cell:eNodeB Function Name=PI_UIO_WHIMPER_TRR_L, Local Cell ID=13, Cell Name=PI_UIO_WHIMPER_TRR_13, eNodeB ID=44968, Cell FDD TDD indication=CELL_FDD",Reliable,73.074,7.561
2026-04-10 19:00,60,"PI_UIO_BELLO_HORIZONTE_TRR_UL/Cell:eNodeB Function Name=PIC_UIO_BELLO_HORIZONTE_TRR_L, Local Cell ID=1, Cell Name=PIC_UIO_BELLO_HORIZONTE_TRR_L21_1, eNodeB ID=44966, Cell FDD TDD indication=CELL_FDD",Reliable,2023.255,201.02
2026-04-10 19:00,60,"PI_UIO_BELLO_HORIZONTE_TRR_UL/Cell:eNodeB Function Name=PIC_UIO_BELLO_HORIZONTE_TRR_L, Local Cell ID=2, Cell Name=PIC_UIO_BELLO_HORIZONTE_TRR_L21_2, eNodeB ID=44966, Cell FDD TDD indication=CELL_FDD",Reliable,2619.608,576.217
2026-04-10 19:00,60,"PI_UIO_BELLO_HORIZONTE_TRR_UL/Cell:eNodeB Function Name=PIC_UIO_BELLO_HORIZONTE_TRR_L, Local Cell ID=3, Cell Name=PIC_UIO_BELLO_HORIZONTE_TRR_L21_3, eNodeB ID=44966, Cell FDD TDD indication=CELL_FDD",Reliable,577.914,50.493
2026-04-10 19:00,60,"PI_UIO_BELLO_HORIZONTE_TRR_UL/Cell:eNodeB Function Name=PIC_UIO_BELLO_HORIZONTE_TRR_L, Local Cell ID=11, Cell Name=PIC_UIO_BELLO_HORIZONTE_TRR_L19_11, eNodeB ID=44966, Cell FDD TDD indication=CELL_FDD",Reliable,431.127,45.493
2026-04-10 19:00,60,"PI_UIO_BELLO_HORIZONTE_TRR_UL/Cell:eNodeB Function Name=PIC_UIO_BELLO_HORIZONTE_TRR_L, Local Cell ID=12, Cell Name=PIC_UIO_BELLO_HORIZONTE_TRR_L19_12, eNodeB ID=44966, Cell FDD TDD indication=CELL_FDD",Reliable,554.63,64.26
2026-04-10 19:00,60,"PI_UIO_BELLO_HORIZONTE_TRR_UL/Cell:eNodeB Function Name=PIC_UIO_BELLO_HORIZONTE_TRR_L, Local Cell ID=13, Cell Name=PIC_UIO_BELLO_HORIZONTE_TRR_L19_13, eNodeB ID=44966, Cell FDD TDD indication=CELL_FDD",Reliable,75.982,5.167
2026-04-10 19:00,60,"PI_UIO_PLAZA_ARGENTINA_UL/Cell:eNodeB Function Name=PI_UIO_PLAZA_ARGENTINA_L, Local Cell ID=1, Cell Name=PI_UIO_PLAZA_ARGENTINA_1, eNodeB ID=44328, Cell FDD TDD indication=CELL_FDD",Reliable,1349.924,129.632
2026-04-10 19:00,60,"PI_UIO_PLAZA_ARGENTINA_UL/Cell:eNodeB Function Name=PI_UIO_PLAZA_ARGENTINA_L, Local Cell ID=2, Cell Name=PI_UIO_PLAZA_ARGENTINA_2, eNodeB ID=44328, Cell FDD TDD indication=CELL_FDD",Reliable,2596.525,134.558
2026-04-10 19:00,60,"PI_UIO_PLAZA_ARGENTINA_UL/Cell:eNodeB Function Name=PI_UIO_PLAZA_ARGENTINA_L, Local Cell ID=3, Cell Name=PI_UIO_PLAZA_ARGENTINA_3, eNodeB ID=44328, Cell FDD TDD indication=CELL_FDD",Reliable,1084.269,102.586
2026-04-10 19:00,60,"PI_UIO_PLAZA_ARGENTINA_UL/Cell:eNodeB Function Name=PI_UIO_PLAZA_ARGENTINA_L, Local Cell ID=11, Cell Name=PI_UIO_PLAZA_ARGENTINA_11, eNodeB ID=44328, Cell FDD TDD indication=CELL_FDD",Reliable,200.444,28.194
2026-04-10 19:00,60,"PI_UIO_PLAZA_ARGENTINA_UL/Cell:eNodeB Function Name=PI_UIO_PLAZA_ARGENTINA_L, Local Cell ID=12, Cell Name=PI_UIO_PLAZA_ARGENTINA_12, eNodeB ID=44328, Cell FDD TDD indication=CELL_FDD",Reliable,380.79,42.58
2026-04-10 19:00,60,"PI_UIO_PLAZA_ARGENTINA_UL/Cell:eNodeB Function Name=PI_UIO_PLAZA_ARGENTINA_L, Local Cell ID=13, Cell Name=PI_UIO_PLAZA_ARGENTINA_13, eNodeB ID=44328, Cell FDD TDD indication=CELL_FDD",Reliable,175.974,34.269
2026-04-10 19:00,60,"PI_UIO_NODO_1_EL_PINTADO_SIGCHOS_UL/Cell:eNodeB Function Name=PI_UIO_NODO_1_EL_PINTADO_SIGCHOSL21, Local Cell ID=1, Cell Name=PI_UIO_NODO_1_EL_PINTADO_SIGCHOS_1, eNodeB ID=44238, Cell FDD TDD indication=CELL_FDD",Reliable,166.802,23.878
2026-04-10 19:00,60,"PI_UIO_NODO_1_EL_PINTADO_SIGCHOS_UL/Cell:eNodeB Function Name=PI_UIO_NODO_1_EL_PINTADO_SIGCHOSL21, Local Cell ID=2, Cell Name=PI_UIO_NODO_1_EL_PINTADO_SIGCHOS_2, eNodeB ID=44238, Cell FDD TDD indication=CELL_FDD",Reliable,664.875,82.45
2026-04-10 19:00,60,"PI_UIO_NODO_1_EL_PINTADO_SIGCHOS_UL/Cell:eNodeB Function Name=PI_UIO_NODO_1_EL_PINTADO_SIGCHOSL21, Local Cell ID=3, Cell Name=PI_UIO_NODO_1_EL_PINTADO_SIGCHOS_3, eNodeB ID=44238, Cell FDD TDD indication=CELL_FDD",Reliable,879.04,89.568
2026-04-10 19:00,60,"PI_UIO_LA_RAYA_UL/Cell:eNodeB Function Name=PI_UIO_LA_RAYAL21, Local Cell ID=1, Cell Name=PI_UIO_LA_RAYA_1, eNodeB ID=44347, Cell FDD TDD indication=CELL_FDD",Reliable,569.192,79.881
2026-04-10 19:00,60,"PI_UIO_LA_RAYA_UL/Cell:eNodeB Function Name=PI_UIO_LA_RAYAL21, Local Cell ID=2, Cell Name=PI_UIO_LA_RAYA_2, eNodeB ID=44347, Cell FDD TDD indication=CELL_FDD",Reliable,1067.727,78.153
2026-04-10 19:00,60,"SD_SD_LAS_PALMERAS_UL/Cell:eNodeB Function Name=SD_SD_LAS_PALMERASL21, Local Cell ID=1, Cell Name=SD_SD_LAS_PALMERAS_1, eNodeB ID=44782, Cell FDD TDD indication=CELL_FDD",Reliable,530.475,61.876
2026-04-10 19:00,60,"SD_SD_LAS_PALMERAS_UL/Cell:eNodeB Function Name=SD_SD_LAS_PALMERASL21, Local Cell ID=2, Cell Name=SD_SD_LAS_PALMERAS_2, eNodeB ID=44782, Cell FDD TDD indication=CELL_FDD",Reliable,309.851,87.937
2026-04-10 19:00,60,"SD_SD_LAS_PALMERAS_UL/Cell:eNodeB Function Name=SD_SD_LAS_PALMERASL21, Local Cell ID=3, Cell Name=SD_SD_LAS_PALMERAS_3, eNodeB ID=44782, Cell FDD TDD indication=CELL_FDD",Reliable,994.179,144.012
2026-04-10 19:00,60,"SD_SD_TSACHILAS_UL/Cell:eNodeB Function Name=STD_STD_TSACHILAS_L, Local Cell ID=1, Cell Name=SD_SD_TSACHILAS_1, eNodeB ID=44796, Cell FDD TDD indication=CELL_FDD",Reliable,1271.781,151.026
2026-04-10 19:00,60,"SD_SD_TSACHILAS_UL/Cell:eNodeB Function Name=STD_STD_TSACHILAS_L, Local Cell ID=2, Cell Name=SD_SD_TSACHILAS_2, eNodeB ID=44796, Cell FDD TDD indication=CELL_FDD",Reliable,779.388,163.964
2026-04-10 19:00,60,"SD_SD_TSACHILAS_UL/Cell:eNodeB Function Name=STD_STD_TSACHILAS_L, Local Cell ID=3, Cell Name=SD_SD_TSACHILAS_3, eNodeB ID=44796, Cell FDD TDD indication=CELL_FDD",Reliable,366.983,65.659
2026-04-10 19:00,60,"PI_UIO_LA_BOTA_UL/Cell:eNodeB Function Name=PI_UIO_LA_BOTA_L, Local Cell ID=1, Cell Name=PI_UIO_LA_BOTA_1, eNodeB ID=44137, Cell FDD TDD indication=CELL_FDD",Reliable,1729.145,197.266
2026-04-10 19:00,60,"PI_UIO_LA_BOTA_UL/Cell:eNodeB Function Name=PI_UIO_LA_BOTA_L, Local Cell ID=2, Cell Name=PI_UIO_LA_BOTA_2, eNodeB ID=44137, Cell FDD TDD indication=CELL_FDD",Reliable,1663.882,85.697
2026-04-10 19:00,60,"PI_UIO_LA_BOTA_UL/Cell:eNodeB Function Name=PI_UIO_LA_BOTA_L, Local Cell ID=3, Cell Name=PI_UIO_LA_BOTA_3, eNodeB ID=44137, Cell FDD TDD indication=CELL_FDD",Reliable,8831.656,870.798
2026-04-10 19:00,60,"PI_UIO_LA_BOTA_UL/Cell:eNodeB Function Name=PI_UIO_LA_BOTA_L, Local Cell ID=11, Cell Name=PI_UIO_LA_BOTA_11, eNodeB ID=44137, Cell FDD TDD indication=CELL_FDD",Reliable,164.03,19.364
2026-04-10 19:00,60,"PI_UIO_LA_BOTA_UL/Cell:eNodeB Function Name=PI_UIO_LA_BOTA_L, Local Cell ID=12, Cell Name=PI_UIO_LA_BOTA_12, eNodeB ID=44137, Cell FDD TDD indication=CELL_FDD",Reliable,34.916,25.191
2026-04-10 19:00,60,"PI_UIO_LA_BOTA_UL/Cell:eNodeB Function Name=PI_UIO_LA_BOTA_L, Local Cell ID=13, Cell Name=PI_UIO_LA_BOTA_13, eNodeB ID=44137, Cell FDD TDD indication=CELL_FDD",Reliable,405.462,74.311
2026-04-10 19:00,60,"PI_UIO_CARCELEN_UL/Cell:eNodeB Function Name=PI_UIO_CARCELENL21, Local Cell ID=1, Cell Name=PI_UIO_CARCELEN_1, eNodeB ID=44031, Cell FDD TDD indication=CELL_FDD",Reliable,3971.637,460.945
2026-04-10 19:00,60,"PI_UIO_CARCELEN_UL/Cell:eNodeB Function Name=PI_UIO_CARCELENL21, Local Cell ID=2, Cell Name=PI_UIO_CARCELEN_2, eNodeB ID=44031, Cell FDD TDD indication=CELL_FDD",Reliable,460.073,53.963
2026-04-10 19:00,60,"PI_UIO_CARCELEN_UL/Cell:eNodeB Function Name=PI_UIO_CARCELENL21, Local Cell ID=3, Cell Name=PI_UIO_CARCELEN_3, eNodeB ID=44031, Cell FDD TDD indication=CELL_FDD",Reliable,887.328,76.614
2026-04-10 19:00,60,"PI_UIO_HOSP_SAN_FRANCISCO_UL/Cell:eNodeB Function Name=PI_UIO_HOSP_SAN_FRANCISCOL21, Local Cell ID=1, Cell Name=PI_UIO_HOSP_SAN_FRANCISCO_1, eNodeB ID=44998, Cell FDD TDD indication=CELL_FDD",Reliable,1239.937,130.35
2026-04-10 19:00,60,"PI_UIO_HOSP_SAN_FRANCISCO_UL/Cell:eNodeB Function Name=PI_UIO_HOSP_SAN_FRANCISCOL21, Local Cell ID=2, Cell Name=PI_UIO_HOSP_SAN_FRANCISCO_2, eNodeB ID=44998, Cell FDD TDD indication=CELL_FDD",Reliable,3969.911,346.393
2026-04-10 19:00,60,"PI_UIO_HOSP_SAN_FRANCISCO_UL/Cell:eNodeB Function Name=PI_UIO_HOSP_SAN_FRANCISCOL21, Local Cell ID=3, Cell Name=PI_UIO_HOSP_SAN_FRANCISCO_3, eNodeB ID=44998, Cell FDD TDD indication=CELL_FDD",Reliable,707.45,66.311
2026-04-10 19:00,60,"PI_UIO_LIZARAZU_UL/Cell:eNodeB Function Name=PI_UIO_LIZARAZUL21, Local Cell ID=1, Cell Name=PI_UIO_LIZARAZU_1, eNodeB ID=44223, Cell FDD TDD indication=CELL_FDD",Reliable,3697.765,276.534
2026-04-10 19:00,60,"PI_UIO_LIZARAZU_UL/Cell:eNodeB Function Name=PI_UIO_LIZARAZUL21, Local Cell ID=2, Cell Name=PI_UIO_LIZARAZU_2, eNodeB ID=44223, Cell FDD TDD indication=CELL_FDD",Reliable,647.225,87.703
2026-04-10 19:00,60,"PI_UIO_MENA_DEL_HIERRO_UL/Cell:eNodeB Function Name=PIC_UIO_MENA_DEL_HIERRO_L, Local Cell ID=1, Cell Name=PIC_UIO_MENA_DEL_HIERRO_L21_1, eNodeB ID=44299, Cell FDD TDD indication=CELL_FDD",Reliable,840.86,85.716
2026-04-10 19:00,60,"PI_UIO_MENA_DEL_HIERRO_UL/Cell:eNodeB Function Name=PIC_UIO_MENA_DEL_HIERRO_L, Local Cell ID=2, Cell Name=PIC_UIO_MENA_DEL_HIERRO_L21_2, eNodeB ID=44299, Cell FDD TDD indication=CELL_FDD",Reliable,832.663,58.579
2026-04-10 19:00,60,"PI_UIO_ESMIL_UL/Cell:eNodeB Function Name=PI_UIO_ESMILL21, Local Cell ID=1, Cell Name=PI_UIO_ESMIL_1, eNodeB ID=44265, Cell FDD TDD indication=CELL_FDD",Reliable,475.039,57.512
2026-04-10 19:00,60,"PI_UIO_ESMIL_UL/Cell:eNodeB Function Name=PI_UIO_ESMILL21, Local Cell ID=2, Cell Name=PI_UIO_ESMIL_2, eNodeB ID=44265, Cell FDD TDD indication=CELL_FDD",Reliable,591.99,104.628
2026-04-10 19:00,60,"PI_UIO_ESMIL_UL/Cell:eNodeB Function Name=PI_UIO_ESMILL21, Local Cell ID=3, Cell Name=PI_UIO_ESMIL_3, eNodeB ID=44265, Cell FDD TDD indication=CELL_FDD",Reliable,1198.854,1231.985
2026-04-10 19:00,60,"PI_UIO_MONJAS(3G)_UL/Cell:eNodeB Function Name=PIC_UIO_MONJAS_3G_L, Local Cell ID=1, Cell Name=PIC_UIO_MONJAS_3G_L21_1, eNodeB ID=44039, Cell FDD TDD indication=CELL_FDD",Reliable,871.623,69.385
2026-04-10 19:00,60,"PI_UIO_MONJAS(3G)_UL/Cell:eNodeB Function Name=PIC_UIO_MONJAS_3G_L, Local Cell ID=2, Cell Name=PIC_UIO_MONJAS_3G_L21_2, eNodeB ID=44039, Cell FDD TDD indication=CELL_FDD",Reliable,2636.41,391.014
2026-04-10 19:00,60,"PI_UIO_MONJAS(3G)_UL/Cell:eNodeB Function Name=PIC_UIO_MONJAS_3G_L, Local Cell ID=3, Cell Name=PIC_UIO_MONJAS_3G_L21_3, eNodeB ID=44039, Cell FDD TDD indication=CELL_FDD",Reliable,1035.687,65.537
2026-04-10 19:00,60,"PI_UIO_MONJAS(3G)_UL/Cell:eNodeB Function Name=PIC_UIO_MONJAS_3G_L, Local Cell ID=7, Cell Name=PIC_UIO_MONJAS_3G_L7_7, eNodeB ID=44039, Cell FDD TDD indication=CELL_FDD",Reliable,1248.2,67.984
2026-04-10 19:00,60,"PI_UIO_MONJAS(3G)_UL/Cell:eNodeB Function Name=PIC_UIO_MONJAS_3G_L, Local Cell ID=8, Cell Name=PIC_UIO_MONJAS_3G_L7_8, eNodeB ID=44039, Cell FDD TDD indication=CELL_FDD",Reliable,2099.392,175.554
2026-04-10 19:00,60,"PI_UIO_MONJAS(3G)_UL/Cell:eNodeB Function Name=PIC_UIO_MONJAS_3G_L, Local Cell ID=9, Cell Name=PIC_UIO_MONJAS_3G_L7_9, eNodeB ID=44039, Cell FDD TDD indication=CELL_FDD",Reliable,2611.956,274.316
2026-04-10 19:00,60,"PIC_UIO_VILLALENGUA_ULN/Cell:eNodeB Function Name=PI_UIO_VILLALENGUAL21, Local Cell ID=1, Cell Name=PI_UIO_VILLALENGUA_1, eNodeB ID=44385, Cell FDD TDD indication=CELL_FDD",Reliable,702.507,52.908
2026-04-10 19:00,60,"PIC_UIO_VILLALENGUA_ULN/Cell:eNodeB Function Name=PI_UIO_VILLALENGUAL21, Local Cell ID=2, Cell Name=PI_UIO_VILLALENGUA_2, eNodeB ID=44385, Cell FDD TDD indication=CELL_FDD",Reliable,652.602,64.439
2026-04-10 19:00,60,"PI_UIO_SANTA_RITA(3G)_UL/Cell:eNodeB Function Name=PI_UIO_SANTA_RITA(3G)_L, Local Cell ID=1, Cell Name=PI_UIO_SANTA_RITA(3G)_1, eNodeB ID=44044, Cell FDD TDD indication=CELL_FDD",Reliable,5323.206,572.436
2026-04-10 19:00,60,"PI_UIO_SANTA_RITA(3G)_UL/Cell:eNodeB Function Name=PI_UIO_SANTA_RITA(3G)_L, Local Cell ID=2, Cell Name=PI_UIO_SANTA_RITA(3G)_2, eNodeB ID=44044, Cell FDD TDD indication=CELL_FDD",Reliable,7131.842,534.982
2026-04-10 19:00,60,"PI_UIO_SANTA_RITA(3G)_UL/Cell:eNodeB Function Name=PI_UIO_SANTA_RITA(3G)_L, Local Cell ID=3, Cell Name=PI_UIO_SANTA_RITA(3G)_3, eNodeB ID=44044, Cell FDD TDD indication=CELL_FDD",Reliable,1997.948,151.17
2026-04-10 19:00,60,"PI_UIO_SANTA_RITA(3G)_UL/Cell:eNodeB Function Name=PI_UIO_SANTA_RITA(3G)_L, Local Cell ID=7, Cell Name=PI_UIO_SANTA_RITA(3G)_APT_7, eNodeB ID=44044, Cell FDD TDD indication=CELL_FDD",Reliable,7568.713,604.036
2026-04-10 19:00,60,"PI_UIO_SANTA_RITA(3G)_UL/Cell:eNodeB Function Name=PI_UIO_SANTA_RITA(3G)_L, Local Cell ID=8, Cell Name=PI_UIO_SANTA_RITA(3G)_APT_8, eNodeB ID=44044, Cell FDD TDD indication=CELL_FDD",Reliable,2318.317,178.875
2026-04-10 19:00,60,"PI_UIO_SANTA_RITA(3G)_UL/Cell:eNodeB Function Name=PI_UIO_SANTA_RITA(3G)_L, Local Cell ID=9, Cell Name=PI_UIO_SANTA_RITA(3G)_APT_9, eNodeB ID=44044, Cell FDD TDD indication=CELL_FDD",Reliable,4769.15,464.634
2026-04-10 19:00,60,"PI_UIO_SANTA_RITA(3G)_UL/Cell:eNodeB Function Name=PI_UIO_SANTA_RITA(3G)_L, Local Cell ID=11, Cell Name=PI_UIO_SANTA_RITA(3G)_11, eNodeB ID=44044, Cell FDD TDD indication=CELL_FDD",Reliable,74.325,8.952
2026-04-10 19:00,60,"PI_UIO_SANTA_RITA(3G)_UL/Cell:eNodeB Function Name=PI_UIO_SANTA_RITA(3G)_L, Local Cell ID=12, Cell Name=PI_UIO_SANTA_RITA(3G)_12, eNodeB ID=44044, Cell FDD TDD indication=CELL_FDD",Reliable,804.599,21.388
2026-04-10 19:00,60,"PI_UIO_SANTA_RITA(3G)_UL/Cell:eNodeB Function Name=PI_UIO_SANTA_RITA(3G)_L, Local Cell ID=13, Cell Name=PI_UIO_SANTA_RITA(3G)_13, eNodeB ID=44044, Cell FDD TDD indication=CELL_FDD",Reliable,86.275,4.605
2026-04-10 19:00,60,"PI_UIO_PLAZA_DEL_VALLE_UL/Cell:eNodeB Function Name=PI_UIO_PLAZA_DEL_VALLEL21, Local Cell ID=1, Cell Name=PI_UIO_PLAZA_DEL_VALLE_1, eNodeB ID=44932, Cell FDD TDD indication=CELL_FDD",Reliable,3187.916,321.782
2026-04-10 19:00,60,"PI_UIO_PLAZA_DEL_VALLE_UL/Cell:eNodeB Function Name=PI_UIO_PLAZA_DEL_VALLEL21, Local Cell ID=2, Cell Name=PI_UIO_PLAZA_DEL_VALLE_2, eNodeB ID=44932, Cell FDD TDD indication=CELL_FDD",Reliable,3761.288,320.627
2026-04-10 19:00,60,"PI_UIO_PLAZA_DEL_VALLE_UL/Cell:eNodeB Function Name=PI_UIO_PLAZA_DEL_VALLEL21, Local Cell ID=3, Cell Name=PI_UIO_PLAZA_DEL_VALLE_3, eNodeB ID=44932, Cell FDD TDD indication=CELL_FDD",Reliable,3569.501,422.332
2026-04-10 19:00,60,"PI_UIO_CALDERON_QUIFATEX_UL/Cell:eNodeB Function Name=PI_UIO_CALDERON_QUIFATEX_L, Local Cell ID=1, Cell Name=PI_UIO_CALDERON_QUIFATEX_1, eNodeB ID=44087, Cell FDD TDD indication=CELL_FDD",Reliable,5950.903,376.795
2026-04-10 19:00,60,"PI_UIO_CALDERON_QUIFATEX_UL/Cell:eNodeB Function Name=PI_UIO_CALDERON_QUIFATEX_L, Local Cell ID=2, Cell Name=PI_UIO_CALDERON_QUIFATEX_2, eNodeB ID=44087, Cell FDD TDD indication=CELL_FDD",Reliable,2278.689,207.609
2026-04-10 19:00,60,"PI_UIO_CALDERON_QUIFATEX_UL/Cell:eNodeB Function Name=PI_UIO_CALDERON_QUIFATEX_L, Local Cell ID=3, Cell Name=PI_UIO_CALDERON_QUIFATEX_3, eNodeB ID=44087, Cell FDD TDD indication=CELL_FDD",Reliable,12580.309,1083.276
2026-04-10 19:00,60,"PI_UIO_CALDERON_QUIFATEX_UL/Cell:eNodeB Function Name=PI_UIO_CALDERON_QUIFATEX_L, Local Cell ID=7, Cell Name=PI_UIO_CALDERON_QUIFATEX_APT_7, eNodeB ID=44087, Cell FDD TDD indication=CELL_FDD",Reliable,2192.75,429.74
2026-04-10 19:00,60,"PI_UIO_CALDERON_QUIFATEX_UL/Cell:eNodeB Function Name=PI_UIO_CALDERON_QUIFATEX_L, Local Cell ID=8, Cell Name=PI_UIO_CALDERON_QUIFATEX_APT_8, eNodeB ID=44087, Cell FDD TDD indication=CELL_FDD",Reliable,1344.027,130.88
2026-04-10 19:00,60,"PI_UIO_CALDERON_QUIFATEX_UL/Cell:eNodeB Function Name=PI_UIO_CALDERON_QUIFATEX_L, Local Cell ID=9, Cell Name=PI_UIO_CALDERON_QUIFATEX_APT_9, eNodeB ID=44087, Cell FDD TDD indication=CELL_FDD",Reliable,4910.308,622.695
2026-04-10 19:00,60,"PI_UIO_CALDERON_QUIFATEX_UL/Cell:eNodeB Function Name=PI_UIO_CALDERON_QUIFATEX_L, Local Cell ID=11, Cell Name=PI_UIO_CALDERON_QUIFATEX_11, eNodeB ID=44087, Cell FDD TDD indication=CELL_FDD",Reliable,55.253,4.077
2026-04-10 19:00,60,"PI_UIO_CALDERON_QUIFATEX_UL/Cell:eNodeB Function Name=PI_UIO_CALDERON_QUIFATEX_L, Local Cell ID=12, Cell Name=PI_UIO_CALDERON_QUIFATEX_12, eNodeB ID=44087, Cell FDD TDD indication=CELL_FDD",Reliable,169.98,12.979
2026-04-10 19:00,60,"PI_UIO_CALDERON_QUIFATEX_UL/Cell:eNodeB Function Name=PI_UIO_CALDERON_QUIFATEX_L, Local Cell ID=13, Cell Name=PI_UIO_CALDERON_QUIFATEX_13, eNodeB ID=44087, Cell FDD TDD indication=CELL_FDD",Reliable,1071.909,56.629
2026-04-10 19:00,60,"PI_UIO_CARAPUNGO_UL/Cell:eNodeB Function Name=PI_UIO_CARAPUNGOL21, Local Cell ID=1, Cell Name=PI_UIO_CARAPUNGO_1, eNodeB ID=44090, Cell FDD TDD indication=CELL_FDD",Reliable,3238.465,409.071
2026-04-10 19:00,60,"PI_UIO_CARAPUNGO_UL/Cell:eNodeB Function Name=PI_UIO_CARAPUNGOL21, Local Cell ID=2, Cell Name=PI_UIO_CARAPUNGO_2, eNodeB ID=44090, Cell FDD TDD indication=CELL_FDD",Reliable,2352.704,158.407
2026-04-10 19:00,60,"PI_UIO_CARAPUNGO_UL/Cell:eNodeB Function Name=PI_UIO_CARAPUNGOL21, Local Cell ID=3, Cell Name=PI_UIO_CARAPUNGO_3, eNodeB ID=44090, Cell FDD TDD indication=CELL_FDD",Reliable,3552.756,625.244
2026-04-10 19:00,60,"PIC_UIO_FLORON_TRR_ULN/Cell:eNodeB Function Name=PI_UIO_FLORON_TRR_L, Local Cell ID=1, Cell Name=PI_UIO_FLORON_TRR_1, eNodeB ID=44358, Cell FDD TDD indication=CELL_FDD",Reliable,1077.203,189.259
2026-04-10 19:00,60,"PIC_UIO_FLORON_TRR_ULN/Cell:eNodeB Function Name=PI_UIO_FLORON_TRR_L, Local Cell ID=2, Cell Name=PI_UIO_FLORON_TRR_2, eNodeB ID=44358, Cell FDD TDD indication=CELL_FDD",Reliable,3490.856,280.065
2026-04-10 19:00,60,"PIC_UIO_FLORON_TRR_ULN/Cell:eNodeB Function Name=PI_UIO_FLORON_TRR_L, Local Cell ID=3, Cell Name=PI_UIO_FLORON_TRR_3, eNodeB ID=44358, Cell FDD TDD indication=CELL_FDD",Reliable,1303.425,97.673
2026-04-10 19:00,60,"PIC_UIO_FLORON_TRR_ULN/Cell:eNodeB Function Name=PI_UIO_FLORON_TRR_L, Local Cell ID=11, Cell Name=PI_UIO_FLORON_TRR_11, eNodeB ID=44358, Cell FDD TDD indication=CELL_FDD",Reliable,185.029,14.23
2026-04-10 19:00,60,"PIC_UIO_FLORON_TRR_ULN/Cell:eNodeB Function Name=PI_UIO_FLORON_TRR_L, Local Cell ID=12, Cell Name=PI_UIO_FLORON_TRR_12, eNodeB ID=44358, Cell FDD TDD indication=CELL_FDD",Reliable,520.841,272.313
2026-04-10 19:00,60,"PIC_UIO_FLORON_TRR_ULN/Cell:eNodeB Function Name=PI_UIO_FLORON_TRR_L, Local Cell ID=13, Cell Name=PI_UIO_FLORON_TRR_13, eNodeB ID=44358, Cell FDD TDD indication=CELL_FDD",Reliable,105.336,14.304
2026-04-10 19:00,60,"PI_UIO_CARAPUNGO_NORTE_UL/Cell:eNodeB Function Name=PI_UIO_CARAPUNGO_NORTEL21, Local Cell ID=1, Cell Name=PI_UIO_CARAPUNGO_NORTE_1, eNodeB ID=44089, Cell FDD TDD indication=CELL_FDD",Reliable,1419.849,126.815
2026-04-10 19:00,60,"PI_UIO_CARAPUNGO_NORTE_UL/Cell:eNodeB Function Name=PI_UIO_CARAPUNGO_NORTEL21, Local Cell ID=2, Cell Name=PI_UIO_CARAPUNGO_NORTE_2, eNodeB ID=44089, Cell FDD TDD indication=CELL_FDD",Reliable,1502.846,278.558
2026-04-10 19:00,60,"PI_UIO_CARAPUNGO_NORTE_UL/Cell:eNodeB Function Name=PI_UIO_CARAPUNGO_NORTEL21, Local Cell ID=3, Cell Name=PI_UIO_CARAPUNGO_NORTE_3, eNodeB ID=44089, Cell FDD TDD indication=CELL_FDD",Reliable,1619.06,172.747
2026-04-10 19:00,60,"PI_UIO_CONCHA_ACUSTICA_TRR_UL/Cell:eNodeB Function Name=PI_UIO_CONCHA_ACUSTICA_TRR_L, Local Cell ID=1, Cell Name=PI_UIO_CONCHA_ACUSTICA_TRR_1, eNodeB ID=44293, Cell FDD TDD indication=CELL_FDD",Reliable,1963.742,188.958
2026-04-10 19:00,60,"PI_UIO_CONCHA_ACUSTICA_TRR_UL/Cell:eNodeB Function Name=PI_UIO_CONCHA_ACUSTICA_TRR_L, Local Cell ID=2, Cell Name=PI_UIO_CONCHA_ACUSTICA_TRR_2, eNodeB ID=44293, Cell FDD TDD indication=CELL_FDD",Reliable,3191.309,522.399
2026-04-10 19:00,60,"PI_UIO_CONCHA_ACUSTICA_TRR_UL/Cell:eNodeB Function Name=PI_UIO_CONCHA_ACUSTICA_TRR_L, Local Cell ID=3, Cell Name=PI_UIO_CONCHA_ACUSTICA_TRR_3, eNodeB ID=44293, Cell FDD TDD indication=CELL_FDD",Reliable,4591.578,107.548
2026-04-10 19:00,60,"PI_UIO_CONCHA_ACUSTICA_TRR_UL/Cell:eNodeB Function Name=PI_UIO_CONCHA_ACUSTICA_TRR_L, Local Cell ID=11, Cell Name=PI_UIO_CONCHA_ACUSTICA_TRR_11, eNodeB ID=44293, Cell FDD TDD indication=CELL_FDD",Reliable,555.573,85.9
2026-04-10 19:00,60,"PI_UIO_CONCHA_ACUSTICA_TRR_UL/Cell:eNodeB Function Name=PI_UIO_CONCHA_ACUSTICA_TRR_L, Local Cell ID=12, Cell Name=PI_UIO_CONCHA_ACUSTICA_TRR_12, eNodeB ID=44293, Cell FDD TDD indication=CELL_FDD",Reliable,1498.12,240.719
2026-04-10 19:00,60,"PI_UIO_CONCHA_ACUSTICA_TRR_UL/Cell:eNodeB Function Name=PI_UIO_CONCHA_ACUSTICA_TRR_L, Local Cell ID=13, Cell Name=PI_UIO_CONCHA_ACUSTICA_TRR_13, eNodeB ID=44293, Cell FDD TDD indication=CELL_FDD",Reliable,130.818,46.619
2026-04-10 19:00,60,"PIC_UIO_CALDERON_UL/Cell:eNodeB Function Name=PIC_UIO_CALDERON_L, Local Cell ID=1, Cell Name=PIC_UIO_CALDERON_L21_1, eNodeB ID=44049, Cell FDD TDD indication=CELL_FDD",Reliable,2994.437,289.425
2026-04-10 19:00,60,"PIC_UIO_CALDERON_UL/Cell:eNodeB Function Name=PIC_UIO_CALDERON_L, Local Cell ID=2, Cell Name=PIC_UIO_CALDERON_L21_2, eNodeB ID=44049, Cell FDD TDD indication=CELL_FDD",Reliable,3393.57,290.007
2026-04-10 19:00,60,"PIC_UIO_CALDERON_UL/Cell:eNodeB Function Name=PIC_UIO_CALDERON_L, Local Cell ID=3, Cell Name=PIC_UIO_CALDERON_L21_3, eNodeB ID=44049, Cell FDD TDD indication=CELL_FDD",Reliable,5127.348,1099.785
2026-04-10 19:00,60,"PIC_UIO_CALDERON_UL/Cell:eNodeB Function Name=PIC_UIO_CALDERON_L, Local Cell ID=7, Cell Name=PIC_UIO_CALDERON_L7_7, eNodeB ID=44049, Cell FDD TDD indication=CELL_FDD",Reliable,5794.536,725.399
2026-04-10 19:00,60,"PIC_UIO_CALDERON_UL/Cell:eNodeB Function Name=PIC_UIO_CALDERON_L, Local Cell ID=8, Cell Name=PIC_UIO_CALDERON_L7_8, eNodeB ID=44049, Cell FDD TDD indication=CELL_FDD",Reliable,1674.437,402.633
2026-04-10 19:00,60,"PIC_UIO_CALDERON_UL/Cell:eNodeB Function Name=PIC_UIO_CALDERON_L, Local Cell ID=9, Cell Name=PIC_UIO_CALDERON_L7_9, eNodeB ID=44049, Cell FDD TDD indication=CELL_FDD",Reliable,2462.244,288.983
2026-04-10 19:00,60,"PIC_UIO_CALDERON_UL/Cell:eNodeB Function Name=PIC_UIO_CALDERON_L, Local Cell ID=11, Cell Name=PIC_UIO_CALDERON_L19_11, eNodeB ID=44049, Cell FDD TDD indication=CELL_FDD",Reliable,299.975,27.863
2026-04-10 19:00,60,"PIC_UIO_CALDERON_UL/Cell:eNodeB Function Name=PIC_UIO_CALDERON_L, Local Cell ID=12, Cell Name=PIC_UIO_CALDERON_L19_12, eNodeB ID=44049, Cell FDD TDD indication=CELL_FDD",Reliable,757.379,85.129
2026-04-10 19:00,60,"PIC_UIO_CALDERON_UL/Cell:eNodeB Function Name=PIC_UIO_CALDERON_L, Local Cell ID=13, Cell Name=PIC_UIO_CALDERON_L19_13, eNodeB ID=44049, Cell FDD TDD indication=CELL_FDD",Reliable,605.984,45.202
2026-04-10 19:00,60,"PI_UIO_LLANO_GRANDE_UL/Cell:eNodeB Function Name=PI_UIO_LLANO_GRANDE_L, Local Cell ID=1, Cell Name=PI_UIO_LLANO_GRANDE_1, eNodeB ID=44150, Cell FDD TDD indication=CELL_FDD",Reliable,2298.565,257.188
2026-04-10 19:00,60,"PI_UIO_LLANO_GRANDE_UL/Cell:eNodeB Function Name=PI_UIO_LLANO_GRANDE_L, Local Cell ID=2, Cell Name=PI_UIO_LLANO_GRANDE_2, eNodeB ID=44150, Cell FDD TDD indication=CELL_FDD",Reliable,1139.781,194.093
2026-04-10 19:00,60,"PI_UIO_LLANO_GRANDE_UL/Cell:eNodeB Function Name=PI_UIO_LLANO_GRANDE_L, Local Cell ID=3, Cell Name=PI_UIO_LLANO_GRANDE_3, eNodeB ID=44150, Cell FDD TDD indication=CELL_FDD",Reliable,2296.273,193.447
2026-04-10 19:00,60,"PI_UIO_LLANO_GRANDE_UL/Cell:eNodeB Function Name=PI_UIO_LLANO_GRANDE_L, Local Cell ID=11, Cell Name=PI_UIO_LLANO_GRANDE_11, eNodeB ID=44150, Cell FDD TDD indication=CELL_FDD",Reliable,309.986,22.472
2026-04-10 19:00,60,"PI_UIO_LLANO_GRANDE_UL/Cell:eNodeB Function Name=PI_UIO_LLANO_GRANDE_L, Local Cell ID=12, Cell Name=PI_UIO_LLANO_GRANDE_12, eNodeB ID=44150, Cell FDD TDD indication=CELL_FDD",Reliable,1170.278,57.706
2026-04-10 19:00,60,"PI_UIO_LLANO_GRANDE_UL/Cell:eNodeB Function Name=PI_UIO_LLANO_GRANDE_L, Local Cell ID=13, Cell Name=PI_UIO_LLANO_GRANDE_13, eNodeB ID=44150, Cell FDD TDD indication=CELL_FDD",Reliable,40.269,2.859
2026-04-10 19:00,60,"PI_UIO_SAN_ANTONIO_CENTRO_UL/Cell:eNodeB Function Name=PIC_UIO_SAN_ANTONIO_CENTRO_L, Local Cell ID=1, Cell Name=PIC_UIO_SAN_ANTONIO_CENTRO_L21_1, eNodeB ID=44234, Cell FDD TDD indication=CELL_FDD",Reliable,1835.885,217.942
2026-04-10 19:00,60,"PI_UIO_SAN_ANTONIO_CENTRO_UL/Cell:eNodeB Function Name=PIC_UIO_SAN_ANTONIO_CENTRO_L, Local Cell ID=2, Cell Name=PIC_UIO_SAN_ANTONIO_CENTRO_L21_2, eNodeB ID=44234, Cell FDD TDD indication=CELL_FDD",Reliable,1335.818,274.86
2026-04-10 19:00,60,"PI_UIO_SAN_ANTONIO_CENTRO_UL/Cell:eNodeB Function Name=PIC_UIO_SAN_ANTONIO_CENTRO_L, Local Cell ID=3, Cell Name=PIC_UIO_SAN_ANTONIO_CENTRO_L21_3, eNodeB ID=44234, Cell FDD TDD indication=CELL_FDD",Reliable,626.265,100.881
2026-04-10 19:00,60,"PI_UIO_CARCELEN_JOSEFINOS_UL/Cell:eNodeB Function Name=PI_UIO_CARCELEN_JOSEFINOS_L, Local Cell ID=1, Cell Name=PI_UIO_CARCELEN_JOSEFINOS_1, eNodeB ID=44093, Cell FDD TDD indication=CELL_FDD",Reliable,1608.865,135.993
2026-04-10 19:00,60,"PI_UIO_CARCELEN_JOSEFINOS_UL/Cell:eNodeB Function Name=PI_UIO_CARCELEN_JOSEFINOS_L, Local Cell ID=2, Cell Name=PI_UIO_CARCELEN_JOSEFINOS_2, eNodeB ID=44093, Cell FDD TDD indication=CELL_FDD",Reliable,3063.666,211.614
2026-04-10 19:00,60,"PI_UIO_CARCELEN_JOSEFINOS_UL/Cell:eNodeB Function Name=PI_UIO_CARCELEN_JOSEFINOS_L, Local Cell ID=3, Cell Name=PI_UIO_CARCELEN_JOSEFINOS_3, eNodeB ID=44093, Cell FDD TDD indication=CELL_FDD",Reliable,3010.293,479.982
2026-04-10 19:00,60,"PI_UIO_CARCELEN_JOSEFINOS_UL/Cell:eNodeB Function Name=PI_UIO_CARCELEN_JOSEFINOS_L, Local Cell ID=11, Cell Name=PI_UIO_CARCELEN_JOSEFINOS_11, eNodeB ID=44093, Cell FDD TDD indication=CELL_FDD",Reliable,134.715,19.994
2026-04-10 19:00,60,"PI_UIO_CARCELEN_JOSEFINOS_UL/Cell:eNodeB Function Name=PI_UIO_CARCELEN_JOSEFINOS_L, Local Cell ID=12, Cell Name=PI_UIO_CARCELEN_JOSEFINOS_12, eNodeB ID=44093, Cell FDD TDD indication=CELL_FDD",Reliable,388.937,35.277
2026-04-10 19:00,60,"PI_UIO_CARCELEN_JOSEFINOS_UL/Cell:eNodeB Function Name=PI_UIO_CARCELEN_JOSEFINOS_L, Local Cell ID=13, Cell Name=PI_UIO_CARCELEN_JOSEFINOS_13, eNodeB ID=44093, Cell FDD TDD indication=CELL_FDD",Reliable,122.803,19.669
2026-04-10 19:00,60,"PI_UIO_GRANILANDIA_UL/Cell:eNodeB Function Name=PI_UIO_GRANILANDIA_L, Local Cell ID=1, Cell Name=PI_UIO_GRANILANDIA_1, eNodeB ID=44037, Cell FDD TDD indication=CELL_FDD",Reliable,1229.604,115.1
2026-04-10 19:00,60,"PI_UIO_GRANILANDIA_UL/Cell:eNodeB Function Name=PI_UIO_GRANILANDIA_L, Local Cell ID=2, Cell Name=PI_UIO_GRANILANDIA_2, eNodeB ID=44037, Cell FDD TDD indication=CELL_FDD",Reliable,5135.616,553.579
2026-04-10 19:00,60,"PI_UIO_GRANILANDIA_UL/Cell:eNodeB Function Name=PI_UIO_GRANILANDIA_L, Local Cell ID=3, Cell Name=PI_UIO_GRANILANDIA_3, eNodeB ID=44037, Cell FDD TDD indication=CELL_FDD",Reliable,1608.396,118.386
2026-04-10 19:00,60,"PI_UIO_GRANILANDIA_UL/Cell:eNodeB Function Name=PI_UIO_GRANILANDIA_L, Local Cell ID=7, Cell Name=PI_UIO_GRANILANDIA_APT_7, eNodeB ID=44037, Cell FDD TDD indication=CELL_FDD",Reliable,1908.585,238.233
2026-04-10 19:00,60,"PI_UIO_GRANILANDIA_UL/Cell:eNodeB Function Name=PI_UIO_GRANILANDIA_L, Local Cell ID=8, Cell Name=PI_UIO_GRANILANDIA_APT_8, eNodeB ID=44037, Cell FDD TDD indication=CELL_FDD",Reliable,1213.46,162.043
2026-04-10 19:00,60,"PI_UIO_GRANILANDIA_UL/Cell:eNodeB Function Name=PI_UIO_GRANILANDIA_L, Local Cell ID=9, Cell Name=PI_UIO_GRANILANDIA_APT_9, eNodeB ID=44037, Cell FDD TDD indication=CELL_FDD",Reliable,805.844,67.431
2026-04-10 19:00,60,"PI_UIO_GRANILANDIA_UL/Cell:eNodeB Function Name=PI_UIO_GRANILANDIA_L, Local Cell ID=11, Cell Name=PI_UIO_GRANILANDIA_11, eNodeB ID=44037, Cell FDD TDD indication=CELL_FDD",Reliable,17.897,1.844
2026-04-10 19:00,60,"PI_UIO_GRANILANDIA_UL/Cell:eNodeB Function Name=PI_UIO_GRANILANDIA_L, Local Cell ID=12, Cell Name=PI_UIO_GRANILANDIA_12, eNodeB ID=44037, Cell FDD TDD indication=CELL_FDD",Reliable,513.47,72.451
2026-04-10 19:00,60,"PI_UIO_GRANILANDIA_UL/Cell:eNodeB Function Name=PI_UIO_GRANILANDIA_L, Local Cell ID=13, Cell Name=PI_UIO_GRANILANDIA_13, eNodeB ID=44037, Cell FDD TDD indication=CELL_FDD",Reliable,0.947,0.395
2026-04-10 19:00,60,"PIC_UIO_POMASQUI_UL/Cell:eNodeB Function Name=PIC_UIO_POMASQUI_L, Local Cell ID=1, Cell Name=PIC_UIO_POMASQUI_L21_1, eNodeB ID=44177, Cell FDD TDD indication=CELL_FDD",Reliable,1377.351,64.871
2026-04-10 19:00,60,"PIC_UIO_POMASQUI_UL/Cell:eNodeB Function Name=PIC_UIO_POMASQUI_L, Local Cell ID=2, Cell Name=PIC_UIO_POMASQUI_L21_2, eNodeB ID=44177, Cell FDD TDD indication=CELL_FDD",Reliable,3010.352,370.371
2026-04-10 19:00,60,"PIC_UIO_POMASQUI_UL/Cell:eNodeB Function Name=PIC_UIO_POMASQUI_L, Local Cell ID=3, Cell Name=PIC_UIO_POMASQUI_L21_3, eNodeB ID=44177, Cell FDD TDD indication=CELL_FDD",Reliable,531.183,94.762
2026-04-10 19:00,60,"PIC_UIO_POMASQUI_UL/Cell:eNodeB Function Name=PIC_UIO_POMASQUI_L, Local Cell ID=7, Cell Name=PIC_UIO_POMASQUI_L7_7, eNodeB ID=44177, Cell FDD TDD indication=CELL_FDD",Reliable,421.151,41.797
2026-04-10 19:00,60,"PIC_UIO_POMASQUI_UL/Cell:eNodeB Function Name=PIC_UIO_POMASQUI_L, Local Cell ID=8, Cell Name=PIC_UIO_POMASQUI_L7_8, eNodeB ID=44177, Cell FDD TDD indication=CELL_FDD",Reliable,3290.235,776.68
2026-04-10 19:00,60,"PIC_UIO_POMASQUI_UL/Cell:eNodeB Function Name=PIC_UIO_POMASQUI_L, Local Cell ID=9, Cell Name=PIC_UIO_POMASQUI_L7_9, eNodeB ID=44177, Cell FDD TDD indication=CELL_FDD",Reliable,805.792,62.175
2026-04-10 19:00,60,"PI_UIO_RITHER_UL/Cell:eNodeB Function Name=PI_UIO_RITHERL21, Local Cell ID=1, Cell Name=PI_UIO_RITHER_1, eNodeB ID=44246, Cell FDD TDD indication=CELL_FDD",Reliable,3268.519,205.061
2026-04-10 19:00,60,"PI_UIO_RITHER_UL/Cell:eNodeB Function Name=PI_UIO_RITHERL21, Local Cell ID=2, Cell Name=PI_UIO_RITHER_2, eNodeB ID=44246, Cell FDD TDD indication=CELL_FDD",Reliable,198.641,18.482
2026-04-10 19:00,60,"ES_ATA_ATACAMES_UL/Cell:eNodeB Function Name=ES_ATA_ATACAMESL21, Local Cell ID=1, Cell Name=ES_ATA_ATACAMES_1, eNodeB ID=44604, Cell FDD TDD indication=CELL_FDD",Reliable,447.499,113.375
2026-04-10 19:00,60,"ES_ATA_ATACAMES_UL/Cell:eNodeB Function Name=ES_ATA_ATACAMESL21, Local Cell ID=2, Cell Name=ES_ATA_ATACAMES_2, eNodeB ID=44604, Cell FDD TDD indication=CELL_FDD",Reliable,411.652,35.216
2026-04-10 19:00,60,"ES_ATA_ATACAMES_UL/Cell:eNodeB Function Name=ES_ATA_ATACAMESL21, Local Cell ID=3, Cell Name=ES_ATA_ATACAMES_3, eNodeB ID=44604, Cell FDD TDD indication=CELL_FDD",Reliable,15.796,1.042
2026-04-10 19:00,60,"ES_ATA_ATACAMES_UL/Cell:eNodeB Function Name=ES_ATA_ATACAMESL21, Local Cell ID=7, Cell Name=ES_ATA_ATACAMES_APT_7, eNodeB ID=44604, Cell FDD TDD indication=CELL_FDD",Reliable,1755.057,179.056
2026-04-10 19:00,60,"ES_ATA_ATACAMES_UL/Cell:eNodeB Function Name=ES_ATA_ATACAMESL21, Local Cell ID=8, Cell Name=ES_ATA_ATACAMES_APT_8, eNodeB ID=44604, Cell FDD TDD indication=CELL_FDD",Reliable,593.81,53.851
2026-04-10 19:00,60,"ES_ATA_ATACAMES_UL/Cell:eNodeB Function Name=ES_ATA_ATACAMESL21, Local Cell ID=9, Cell Name=ES_ATA_ATACAMES_APT_9, eNodeB ID=44604, Cell FDD TDD indication=CELL_FDD",Reliable,70.116,5.405
2026-04-10 19:00,60,"ES_ATA_TONSUPA_MALECON_UL/Cell:eNodeB Function Name=ES_ATA_TONSUPA_MALECONL21, Local Cell ID=1, Cell Name=ES_ATA_TONSUPA_MALECON_1, eNodeB ID=44610, Cell FDD TDD indication=CELL_FDD",Reliable,1206.455,134.537
2026-04-10 19:00,60,"ES_ATA_TONSUPA_MALECON_UL/Cell:eNodeB Function Name=ES_ATA_TONSUPA_MALECONL21, Local Cell ID=2, Cell Name=ES_ATA_TONSUPA_MALECON_2, eNodeB ID=44610, Cell FDD TDD indication=CELL_FDD",Reliable,2219.295,140.218
2026-04-10 19:00,60,"ES_ATA_TONSUPA_MALECON_UL/Cell:eNodeB Function Name=ES_ATA_TONSUPA_MALECONL21, Local Cell ID=3, Cell Name=ES_ATA_TONSUPA_MALECON_3, eNodeB ID=44610, Cell FDD TDD indication=CELL_FDD",Reliable,348.226,170.707
2026-04-10 19:00,60,"PIC_UIO_BENALCAZAR_1000_TRR_ULN/Cell:eNodeB Function Name=PIC_UIO_BENALCAZAR_1000_TRR_L, Local Cell ID=1, Cell Name=PIC_UIO_BENALCAZAR_1000_TRR_L21_1, eNodeB ID=44961, Cell FDD TDD indication=CELL_FDD",Reliable,635.739,40.979
2026-04-10 19:00,60,"PIC_UIO_BENALCAZAR_1000_TRR_ULN/Cell:eNodeB Function Name=PIC_UIO_BENALCAZAR_1000_TRR_L, Local Cell ID=2, Cell Name=PIC_UIO_BENALCAZAR_1000_TRR_L21_2, eNodeB ID=44961, Cell FDD TDD indication=CELL_FDD",Reliable,1405.507,143.21
2026-04-10 19:00,60,"PIC_UIO_BENALCAZAR_1000_TRR_ULN/Cell:eNodeB Function Name=PIC_UIO_BENALCAZAR_1000_TRR_L, Local Cell ID=3, Cell Name=PIC_UIO_BENALCAZAR_1000_TRR_L21_3, eNodeB ID=44961, Cell FDD TDD indication=CELL_FDD",Reliable,527.071,51.807
2026-04-10 19:00,60,"PIC_UIO_BENALCAZAR_1000_TRR_ULN/Cell:eNodeB Function Name=PIC_UIO_BENALCAZAR_1000_TRR_L, Local Cell ID=11, Cell Name=PIC_UIO_BENALCAZAR_1000_TRR_L19_11, eNodeB ID=44961, Cell FDD TDD indication=CELL_FDD",Reliable,42.714,2.58
2026-04-10 19:00,60,"PIC_UIO_BENALCAZAR_1000_TRR_ULN/Cell:eNodeB Function Name=PIC_UIO_BENALCAZAR_1000_TRR_L, Local Cell ID=12, Cell Name=PIC_UIO_BENALCAZAR_1000_TRR_L19_12, eNodeB ID=44961, Cell FDD TDD indication=CELL_FDD",Reliable,87.357,8.674
2026-04-10 19:00,60,"PIC_UIO_BENALCAZAR_1000_TRR_ULN/Cell:eNodeB Function Name=PIC_UIO_BENALCAZAR_1000_TRR_L, Local Cell ID=13, Cell Name=PIC_UIO_BENALCAZAR_1000_TRR_L19_13, eNodeB ID=44961, Cell FDD TDD indication=CELL_FDD",Reliable,64.087,5.635
2026-04-10 19:00,60,"ES_ATA_ATACAMES_CENTRO_UL/Cell:eNodeB Function Name=ESM_ATA_ATACAMES_CENTRO_L, Local Cell ID=1, Cell Name=ESM_ATA_ATACAMES_CENTRO_L21_1, eNodeB ID=44609, Cell FDD TDD indication=CELL_FDD",Reliable,2505.68,138.761
2026-04-10 19:00,60,"ES_ATA_ATACAMES_CENTRO_UL/Cell:eNodeB Function Name=ESM_ATA_ATACAMES_CENTRO_L, Local Cell ID=2, Cell Name=ESM_ATA_ATACAMES_CENTRO_L21_2, eNodeB ID=44609, Cell FDD TDD indication=CELL_FDD",Reliable,1494.735,109.793
2026-04-10 19:00,60,"ES_ATA_ATACAMES_CENTRO_UL/Cell:eNodeB Function Name=ESM_ATA_ATACAMES_CENTRO_L, Local Cell ID=3, Cell Name=ESM_ATA_ATACAMES_CENTRO_L21_3, eNodeB ID=44609, Cell FDD TDD indication=CELL_FDD",Reliable,5313.278,389.812
2026-04-10 19:00,60,"ES_ESM_ESMERALDAS_CENTRO_UL/Cell:eNodeB Function Name=ES_ESM_ESMERALDAS_CENTROL21, Local Cell ID=1, Cell Name=ES_ESM_ESMERALDAS_CENTRO_1, eNodeB ID=44600, Cell FDD TDD indication=CELL_FDD",Reliable,387.116,43.773
2026-04-10 19:00,60,"ES_ESM_ESMERALDAS_CENTRO_UL/Cell:eNodeB Function Name=ES_ESM_ESMERALDAS_CENTROL21, Local Cell ID=2, Cell Name=ES_ESM_ESMERALDAS_CENTRO_2, eNodeB ID=44600, Cell FDD TDD indication=CELL_FDD",Reliable,2148.619,227.185
2026-04-10 19:00,60,"ES_ESM_ESMERALDAS_CENTRO_UL/Cell:eNodeB Function Name=ES_ESM_ESMERALDAS_CENTROL21, Local Cell ID=3, Cell Name=ES_ESM_ESMERALDAS_CENTRO_3, eNodeB ID=44600, Cell FDD TDD indication=CELL_FDD",Reliable,2135.738,192.946
2026-04-10 19:00,60,"ES_ESM_ESMERALDAS_CENTRO_UL/Cell:eNodeB Function Name=ES_ESM_ESMERALDAS_CENTROL21, Local Cell ID=7, Cell Name=ES_ESM_ESMERALDAS_CENTRO_APT_7, eNodeB ID=44600, Cell FDD TDD indication=CELL_FDD",Reliable,1340.8,330.477
2026-04-10 19:00,60,"ES_ESM_ESMERALDAS_CENTRO_UL/Cell:eNodeB Function Name=ES_ESM_ESMERALDAS_CENTROL21, Local Cell ID=8, Cell Name=ES_ESM_ESMERALDAS_CENTRO_APT_8, eNodeB ID=44600, Cell FDD TDD indication=CELL_FDD",Reliable,605.72,47.304
2026-04-10 19:00,60,"ES_ESM_ESMERALDAS_CENTRO_UL/Cell:eNodeB Function Name=ES_ESM_ESMERALDAS_CENTROL21, Local Cell ID=9, Cell Name=ES_ESM_ESMERALDAS_CENTRO_APT_9, eNodeB ID=44600, Cell FDD TDD indication=CELL_FDD",Reliable,943.321,100.936
2026-04-10 19:00,60,"ES_ESM_CNT_CENTRAL_UL/Cell:eNodeB Function Name=ES_ESM_CNT_CENTRALL21, Local Cell ID=1, Cell Name=ES_ESM_CNT_CENTRAL_1, eNodeB ID=44606, Cell FDD TDD indication=CELL_FDD",Reliable,235.747,21.714
2026-04-10 19:00,60,"ES_ESM_CNT_CENTRAL_UL/Cell:eNodeB Function Name=ES_ESM_CNT_CENTRALL21, Local Cell ID=2, Cell Name=ES_ESM_CNT_CENTRAL_2, eNodeB ID=44606, Cell FDD TDD indication=CELL_FDD",Reliable,1676.625,61.841
2026-04-10 19:00,60,"ES_ESM_CNT_CENTRAL_UL/Cell:eNodeB Function Name=ES_ESM_CNT_CENTRALL21, Local Cell ID=3, Cell Name=ES_ESM_CNT_CENTRAL_3, eNodeB ID=44606, Cell FDD TDD indication=CELL_FDD",Reliable,730.327,26.125
2026-04-10 19:00,60,"TU_AMB_COL_BOLIVAR_UL/Cell:eNodeB Function Name=TU_AMB_COL_BOLIVARL21, Local Cell ID=1, Cell Name=TU_AMB_COL_BOLIVAR_1, eNodeB ID=44466, Cell FDD TDD indication=CELL_FDD",Reliable,4155.861,468.002
2026-04-10 19:00,60,"TU_AMB_COL_BOLIVAR_UL/Cell:eNodeB Function Name=TU_AMB_COL_BOLIVARL21, Local Cell ID=2, Cell Name=TU_AMB_COL_BOLIVAR_2, eNodeB ID=44466, Cell FDD TDD indication=CELL_FDD",Reliable,2563.523,186.626
2026-04-10 19:00,60,"TU_AMB_COL_BOLIVAR_UL/Cell:eNodeB Function Name=TU_AMB_COL_BOLIVARL21, Local Cell ID=3, Cell Name=TU_AMB_COL_BOLIVAR_3, eNodeB ID=44466, Cell FDD TDD indication=CELL_FDD",Reliable,1535.257,161.59
2026-04-10 19:00,60,"TUN_AMB_LETAMENDI_ULN/Cell:eNodeB Function Name=TU_AMB_LETAMENDIL21, Local Cell ID=1, Cell Name=TU_AMB_LETAMENDI_1, eNodeB ID=44515, Cell FDD TDD indication=CELL_FDD",Reliable,2066.371,197.921
2026-04-10 19:00,60,"TUN_AMB_LETAMENDI_ULN/Cell:eNodeB Function Name=TU_AMB_LETAMENDIL21, Local Cell ID=2, Cell Name=TU_AMB_LETAMENDI_2, eNodeB ID=44515, Cell FDD TDD indication=CELL_FDD",Reliable,326.36,23.902
2026-04-10 19:00,60,"TU_AMB_CASINO_COUB_UL/Cell:eNodeB Function Name=TU_AMB_CASINO_COUBL21, Local Cell ID=1, Cell Name=TU_AMB_CASINO_COUB_1, eNodeB ID=44485, Cell FDD TDD indication=CELL_FDD",Reliable,829.523,92.126
2026-04-10 19:00,60,"TU_AMB_CASINO_COUB_UL/Cell:eNodeB Function Name=TU_AMB_CASINO_COUBL21, Local Cell ID=2, Cell Name=TU_AMB_CASINO_COUB_2, eNodeB ID=44485, Cell FDD TDD indication=CELL_FDD",Reliable,3362.647,311.487
2026-04-10 19:00,60,"TU_AMB_CASINO_COUB_UL/Cell:eNodeB Function Name=TU_AMB_CASINO_COUBL21, Local Cell ID=3, Cell Name=TU_AMB_CASINO_COUB_3, eNodeB ID=44485, Cell FDD TDD indication=CELL_FDD",Reliable,1474.933,136.888
2026-04-10 19:00,60,"TU_AMB_COLISEO_DEPORTES_UL/Cell:eNodeB Function Name=TU_AMB_COLISEO_DEPORTESL21, Local Cell ID=1, Cell Name=TU_AMB_COLISEO_DEPORTES_1, eNodeB ID=44467, Cell FDD TDD indication=CELL_FDD",Reliable,2319.845,282.188
2026-04-10 19:00,60,"TU_AMB_COLISEO_DEPORTES_UL/Cell:eNodeB Function Name=TU_AMB_COLISEO_DEPORTESL21, Local Cell ID=2, Cell Name=TU_AMB_COLISEO_DEPORTES_2, eNodeB ID=44467, Cell FDD TDD indication=CELL_FDD",Reliable,2442.399,271.217
2026-04-10 19:00,60,"TU_AMB_COLISEO_DEPORTES_UL/Cell:eNodeB Function Name=TU_AMB_COLISEO_DEPORTESL21, Local Cell ID=3, Cell Name=TU_AMB_COLISEO_DEPORTES_3, eNodeB ID=44467, Cell FDD TDD indication=CELL_FDD",Reliable,544.167,56.074
2026-04-10 19:00,60,"TU_AMB_ECU_911_UL/Cell:eNodeB Function Name=TU_AMB_ECU_911L21, Local Cell ID=1, Cell Name=TU_AMB_ECU_911_1, eNodeB ID=44511, Cell FDD TDD indication=CELL_FDD",Reliable,218.642,26.643
2026-04-10 19:00,60,"TU_AMB_ECU_911_UL/Cell:eNodeB Function Name=TU_AMB_ECU_911L21, Local Cell ID=2, Cell Name=TU_AMB_ECU_911_2, eNodeB ID=44511, Cell FDD TDD indication=CELL_FDD",Reliable,1483.17,107.923
2026-04-10 19:00,60,"TU_AMB_ECU_911_UL/Cell:eNodeB Function Name=TU_AMB_ECU_911L21, Local Cell ID=3, Cell Name=TU_AMB_ECU_911_3, eNodeB ID=44511, Cell FDD TDD indication=CELL_FDD",Reliable,3289.546,362.933
2026-04-10 19:00,60,"TU_AMB_HUACHI_SOLIS_TRR_UL/Cell:eNodeB Function Name=TU_AMB_HUACHI_SOLIS_TRRL21, Local Cell ID=1, Cell Name=TU_AMB_HUACHI_SOLIS_TRR_1, eNodeB ID=44805, Cell FDD TDD indication=CELL_FDD",Reliable,1892.134,175.258
2026-04-10 19:00,60,"TU_AMB_HUACHI_SOLIS_TRR_UL/Cell:eNodeB Function Name=TU_AMB_HUACHI_SOLIS_TRRL21, Local Cell ID=2, Cell Name=TU_AMB_HUACHI_SOLIS_TRR_2, eNodeB ID=44805, Cell FDD TDD indication=CELL_FDD",Reliable,3004.713,199.732
2026-04-10 19:00,60,"TU_AMB_HUACHI_SOLIS_TRR_UL/Cell:eNodeB Function Name=TU_AMB_HUACHI_SOLIS_TRRL21, Local Cell ID=3, Cell Name=TU_AMB_HUACHI_SOLIS_TRR_3, eNodeB ID=44805, Cell FDD TDD indication=CELL_FDD",Reliable,5755.67,535.169
2026-04-10 19:00,60,"IM_IBA_EL_EJIDO_UL/Cell:eNodeB Function Name=IM_IBA_EL_EJIDOL21, Local Cell ID=1, Cell Name=IM_IBA_EL_EJIDO_1, eNodeB ID=44717, Cell FDD TDD indication=CELL_FDD",Reliable,3265.312,476.116
2026-04-10 19:00,60,"IM_IBA_EL_EJIDO_UL/Cell:eNodeB Function Name=IM_IBA_EL_EJIDOL21, Local Cell ID=2, Cell Name=IM_IBA_EL_EJIDO_2, eNodeB ID=44717, Cell FDD TDD indication=CELL_FDD",Reliable,517.794,51.034
2026-04-10 19:00,60,"IM_IBA_EL_EJIDO_UL/Cell:eNodeB Function Name=IM_IBA_EL_EJIDOL21, Local Cell ID=3, Cell Name=IM_IBA_EL_EJIDO_3, eNodeB ID=44717, Cell FDD TDD indication=CELL_FDD",Reliable,1833.584,217.455
2026-04-10 19:00,60,"IM_IBA_TERMINAL_TERRESTRE_UL/Cell:eNodeB Function Name=IM_IBA_TERMINAL_TERRESTREL21, Local Cell ID=1, Cell Name=IM_IBA_TERMINAL_TERRESTRE_1, eNodeB ID=44718, Cell FDD TDD indication=CELL_FDD",Reliable,4788.534,980.633
2026-04-10 19:00,60,"IM_IBA_TERMINAL_TERRESTRE_UL/Cell:eNodeB Function Name=IM_IBA_TERMINAL_TERRESTREL21, Local Cell ID=2, Cell Name=IM_IBA_TERMINAL_TERRESTRE_2, eNodeB ID=44718, Cell FDD TDD indication=CELL_FDD",Reliable,1554.787,313.189
2026-04-10 19:00,60,"IM_IBA_TERMINAL_TERRESTRE_UL/Cell:eNodeB Function Name=IM_IBA_TERMINAL_TERRESTREL21, Local Cell ID=3, Cell Name=IM_IBA_TERMINAL_TERRESTRE_3, eNodeB ID=44718, Cell FDD TDD indication=CELL_FDD",Reliable,2524.517,201.118
2026-04-10 19:00,60,"IM_IBA_PLAZOLETA_UL/Cell:eNodeB Function Name=IM_IBA_PLAZOLETAL21, Local Cell ID=1, Cell Name=IM_IBA_PLAZOLETA_1, eNodeB ID=44756, Cell FDD TDD indication=CELL_FDD",Reliable,2441.671,263.664
2026-04-10 19:00,60,"IM_IBA_PLAZOLETA_UL/Cell:eNodeB Function Name=IM_IBA_PLAZOLETAL21, Local Cell ID=2, Cell Name=IM_IBA_PLAZOLETA_2, eNodeB ID=44756, Cell FDD TDD indication=CELL_FDD",Reliable,2238.801,239.492
2026-04-10 19:00,60,"IM_IBA_PLAZOLETA_UL/Cell:eNodeB Function Name=IM_IBA_PLAZOLETAL21, Local Cell ID=3, Cell Name=IM_IBA_PLAZOLETA_3, eNodeB ID=44756, Cell FDD TDD indication=CELL_FDD",Reliable,3409.469,236.464
2026-04-10 19:00,60,"IM_IBA_U_CATOLICA_UL/Cell:eNodeB Function Name=IM_IBA_U_CATOLICAL21, Local Cell ID=1, Cell Name=IM_IBA_U_CATOLICA_1, eNodeB ID=44722, Cell FDD TDD indication=CELL_FDD",Reliable,532.196,80.91
2026-04-10 19:00,60,"IM_IBA_U_CATOLICA_UL/Cell:eNodeB Function Name=IM_IBA_U_CATOLICAL21, Local Cell ID=2, Cell Name=IM_IBA_U_CATOLICA_2, eNodeB ID=44722, Cell FDD TDD indication=CELL_FDD",Reliable,1379.975,144.267
2026-04-10 19:00,60,"IM_IBA_U_CATOLICA_UL/Cell:eNodeB Function Name=IM_IBA_U_CATOLICAL21, Local Cell ID=3, Cell Name=IM_IBA_U_CATOLICA_3, eNodeB ID=44722, Cell FDD TDD indication=CELL_FDD",Reliable,876.706,70.639
2026-04-10 19:00,60,"IM_IBA_TEODORO_GOMEZ_UL/Cell:eNodeB Function Name=IMB_IBA_TEODORO_GOMEZ_L, Local Cell ID=1, Cell Name=IMB_IBA_TEODORO_GOMEZ_L21_1, eNodeB ID=44720, Cell FDD TDD indication=CELL_FDD",Reliable,1794.247,941.249
2026-04-10 19:00,60,"IM_IBA_TEODORO_GOMEZ_UL/Cell:eNodeB Function Name=IMB_IBA_TEODORO_GOMEZ_L, Local Cell ID=2, Cell Name=IMB_IBA_TEODORO_GOMEZ_L21_2, eNodeB ID=44720, Cell FDD TDD indication=CELL_FDD",Reliable,5088.578,499.373
2026-04-10 19:00,60,"IM_IBA_TEODORO_GOMEZ_UL/Cell:eNodeB Function Name=IMB_IBA_TEODORO_GOMEZ_L, Local Cell ID=3, Cell Name=IMB_IBA_TEODORO_GOMEZ_L21_3, eNodeB ID=44720, Cell FDD TDD indication=CELL_FDD",Reliable,1650.189,427.92
2026-04-10 19:00,60,"IM_IBA_IBARRA_SUR_UL/Cell:eNodeB Function Name=IM_IBA_IBARRA_SURL21, Local Cell ID=1, Cell Name=IM_IBA_IBARRA_SUR_1, eNodeB ID=44714, Cell FDD TDD indication=CELL_FDD",Reliable,4050.555,381.439
2026-04-10 19:00,60,"IM_IBA_IBARRA_SUR_UL/Cell:eNodeB Function Name=IM_IBA_IBARRA_SURL21, Local Cell ID=2, Cell Name=IM_IBA_IBARRA_SUR_2, eNodeB ID=44714, Cell FDD TDD indication=CELL_FDD",Reliable,1168.782,135.42
2026-04-10 19:00,60,"IM_IBA_IBARRA_SUR_UL/Cell:eNodeB Function Name=IM_IBA_IBARRA_SURL21, Local Cell ID=3, Cell Name=IM_IBA_IBARRA_SUR_3, eNodeB ID=44714, Cell FDD TDD indication=CELL_FDD",Reliable,1621.006,416.82
2026-04-10 19:00,60,"IM_IBA_AZAYA_NORTE_UL/Cell:eNodeB Function Name=IM_IBA_AZAYA_NORTEL21, Local Cell ID=1, Cell Name=IM_IBA_AZAYA_NORTE_1, eNodeB ID=44721, Cell FDD TDD indication=CELL_FDD",Reliable,2677.425,254.415
2026-04-10 19:00,60,"IM_IBA_AZAYA_NORTE_UL/Cell:eNodeB Function Name=IM_IBA_AZAYA_NORTEL21, Local Cell ID=2, Cell Name=IM_IBA_AZAYA_NORTE_2, eNodeB ID=44721, Cell FDD TDD indication=CELL_FDD",Reliable,324.112,38.767
2026-04-10 19:00,60,"IM_IBA_AZAYA_NORTE_UL/Cell:eNodeB Function Name=IM_IBA_AZAYA_NORTEL21, Local Cell ID=3, Cell Name=IM_IBA_AZAYA_NORTE_3, eNodeB ID=44721, Cell FDD TDD indication=CELL_FDD",Reliable,633.974,108.186
2026-04-10 19:00,60,"IM_IBA_COOP_CHOFERES_UL/Cell:eNodeB Function Name=IM_IBA_COOP_CHOFERESL21, Local Cell ID=1, Cell Name=IM_IBA_COOP_CHOFERES_1, eNodeB ID=44716, Cell FDD TDD indication=CELL_FDD",Reliable,1097.938,116.478
2026-04-10 19:00,60,"IM_IBA_COOP_CHOFERES_UL/Cell:eNodeB Function Name=IM_IBA_COOP_CHOFERESL21, Local Cell ID=2, Cell Name=IM_IBA_COOP_CHOFERES_2, eNodeB ID=44716, Cell FDD TDD indication=CELL_FDD",Reliable,1519.568,184.136
2026-04-10 19:00,60,"IM_IBA_COOP_CHOFERES_UL/Cell:eNodeB Function Name=IM_IBA_COOP_CHOFERESL21, Local Cell ID=3, Cell Name=IM_IBA_COOP_CHOFERES_3, eNodeB ID=44716, Cell FDD TDD indication=CELL_FDD",Reliable,1590.11,171.05
2026-04-10 19:00,60,"IM_IBA_ESTADIO_UL/Cell:eNodeB Function Name=IM_IBA_ESTADIOL21, Local Cell ID=1, Cell Name=IM_IBA_ESTADIO_1, eNodeB ID=44730, Cell FDD TDD indication=CELL_FDD",Reliable,1762.032,148.372
2026-04-10 19:00,60,"IM_IBA_ESTADIO_UL/Cell:eNodeB Function Name=IM_IBA_ESTADIOL21, Local Cell ID=2, Cell Name=IM_IBA_ESTADIO_2, eNodeB ID=44730, Cell FDD TDD indication=CELL_FDD",Reliable,2482.724,203.252
2026-04-10 19:00,60,"IM_IBA_ESTADIO_UL/Cell:eNodeB Function Name=IM_IBA_ESTADIOL21, Local Cell ID=3, Cell Name=IM_IBA_ESTADIO_3, eNodeB ID=44730, Cell FDD TDD indication=CELL_FDD",Reliable,2217.901,183.875
2026-04-10 19:00,60,"ES_ESM_ESMERALDAS_NORTE_UL/Cell:eNodeB Function Name=ES_ESM_ESMERALDAS_NORTEL21, Local Cell ID=1, Cell Name=ES_ESM_NORTE_1, eNodeB ID=44615, Cell FDD TDD indication=CELL_FDD",Reliable,358.731,32.897
2026-04-10 19:00,60,"ES_ESM_ESMERALDAS_NORTE_UL/Cell:eNodeB Function Name=ES_ESM_ESMERALDAS_NORTEL21, Local Cell ID=2, Cell Name=ES_ESM_NORTE_2, eNodeB ID=44615, Cell FDD TDD indication=CELL_FDD",Reliable,665.137,121.68
2026-04-10 19:00,60,"ES_ESM_ESMERALDAS_NORTE_UL/Cell:eNodeB Function Name=ES_ESM_ESMERALDAS_NORTEL21, Local Cell ID=3, Cell Name=ES_ESM_NORTE_3, eNodeB ID=44615, Cell FDD TDD indication=CELL_FDD",Reliable,529.4,42.287
2026-04-10 19:00,60,"ES_ESM_3(REFINERIA)_UL/Cell:eNodeB Function Name=ES_ESM_3(REFINERIA)L21, Local Cell ID=1, Cell Name=ES_ESM_3(REFINERIA)_1, eNodeB ID=44617, Cell FDD TDD indication=CELL_FDD",Reliable,1000.067,148.807
2026-04-10 19:00,60,"ES_ESM_3(REFINERIA)_UL/Cell:eNodeB Function Name=ES_ESM_3(REFINERIA)L21, Local Cell ID=2, Cell Name=ES_ESM_3(REFINERIA)_2, eNodeB ID=44617, Cell FDD TDD indication=CELL_FDD",Reliable,3791.286,427.829
2026-04-10 19:00,60,"ES_ESM_3(REFINERIA)_UL/Cell:eNodeB Function Name=ES_ESM_3(REFINERIA)L21, Local Cell ID=3, Cell Name=ES_ESM_3(REFINERIA)_3, eNodeB ID=44617, Cell FDD TDD indication=CELL_FDD",Reliable,264.83,27.969
2026-04-10 19:00,60,"ES_ESM_3(REFINERIA)_UL/Cell:eNodeB Function Name=ES_ESM_3(REFINERIA)L21, Local Cell ID=4, Cell Name=ES_ESM_3(REFINERIA)_4, eNodeB ID=44617, Cell FDD TDD indication=CELL_FDD",Reliable,425.265,33.064
2026-04-10 19:00,60,"ES_ESM_3(REFINERIA)_UL/Cell:eNodeB Function Name=ES_ESM_3(REFINERIA)L21, Local Cell ID=7, Cell Name=ES_ESM_3(REFINERIA)_APT_7, eNodeB ID=44617, Cell FDD TDD indication=CELL_FDD",Reliable,813.018,54.036
2026-04-10 19:00,60,"ES_ESM_3(REFINERIA)_UL/Cell:eNodeB Function Name=ES_ESM_3(REFINERIA)L21, Local Cell ID=8, Cell Name=ES_ESM_3(REFINERIA)_APT_8, eNodeB ID=44617, Cell FDD TDD indication=CELL_FDD",Reliable,1495.796,129.572
2026-04-10 19:00,60,"ES_ESM_3(REFINERIA)_UL/Cell:eNodeB Function Name=ES_ESM_3(REFINERIA)L21, Local Cell ID=9, Cell Name=ES_ESM_3(REFINERIA)_APT_9, eNodeB ID=44617, Cell FDD TDD indication=CELL_FDD",Reliable,1908.444,167.725
2026-04-10 19:00,60,"ES_ESM_PALMAS_UL/Cell:eNodeB Function Name=ES_ESM_PALMASL21, Local Cell ID=1, Cell Name=ES_ESM_PALMAS_1, eNodeB ID=44601, Cell FDD TDD indication=CELL_FDD",Reliable,4593.919,397.736
2026-04-10 19:00,60,"ES_ESM_PALMAS_UL/Cell:eNodeB Function Name=ES_ESM_PALMASL21, Local Cell ID=2, Cell Name=ES_ESM_PALMAS_2, eNodeB ID=44601, Cell FDD TDD indication=CELL_FDD",Reliable,289.621,38.574
2026-04-10 19:00,60,"ES_ESM_PALMAS_UL/Cell:eNodeB Function Name=ES_ESM_PALMASL21, Local Cell ID=3, Cell Name=ES_ESM_PALMAS_3, eNodeB ID=44601, Cell FDD TDD indication=CELL_FDD",Reliable,4803.149,871.777
2026-04-10 19:00,60,"ES_ESM_PALMAS_UL/Cell:eNodeB Function Name=ES_ESM_PALMASL21, Local Cell ID=7, Cell Name=ES_ESM_PALMAS_APT_7, eNodeB ID=44601, Cell FDD TDD indication=CELL_FDD",Reliable,2707.153,227.325
2026-04-10 19:00,60,"ES_ESM_PALMAS_UL/Cell:eNodeB Function Name=ES_ESM_PALMASL21, Local Cell ID=8, Cell Name=ES_ESM_PALMAS_APT_8, eNodeB ID=44601, Cell FDD TDD indication=CELL_FDD",Reliable,1093.933,167.085
2026-04-10 19:00,60,"ES_ESM_PALMAS_UL/Cell:eNodeB Function Name=ES_ESM_PALMASL21, Local Cell ID=9, Cell Name=ES_ESM_PALMAS_APT_9, eNodeB ID=44601, Cell FDD TDD indication=CELL_FDD",Reliable,1544.447,470.238
2026-04-10 19:00,60,"ES_ATA_SAME_UL/Cell:eNodeB Function Name=ES_ATA_SAMEL21, Local Cell ID=1, Cell Name=ES_ATA_SAME_1, eNodeB ID=44605, Cell FDD TDD indication=CELL_FDD",Reliable,60.6,6.357
2026-04-10 19:00,60,"ES_ATA_SAME_UL/Cell:eNodeB Function Name=ES_ATA_SAMEL21, Local Cell ID=2, Cell Name=ES_ATA_SAME_2, eNodeB ID=44605, Cell FDD TDD indication=CELL_FDD",Reliable,705.238,122.215
2026-04-10 19:00,60,"ES_ATA_SAME_UL/Cell:eNodeB Function Name=ES_ATA_SAMEL21, Local Cell ID=3, Cell Name=ES_ATA_SAME_3, eNodeB ID=44605, Cell FDD TDD indication=CELL_FDD",Reliable,1.848,0.786
2026-04-10 19:00,60,"PI_UIO_MERCADO_MAYORISTA_UL/Cell:eNodeB Function Name=PI_UIO_MERCADO_MAYORISTAL21, Local Cell ID=1, Cell Name=PI_UIO_MERCADO_MAYORISTA_1, eNodeB ID=44251, Cell FDD TDD indication=CELL_FDD",Reliable,914.639,204.143
2026-04-10 19:00,60,"PI_UIO_MERCADO_MAYORISTA_UL/Cell:eNodeB Function Name=PI_UIO_MERCADO_MAYORISTAL21, Local Cell ID=2, Cell Name=PI_UIO_MERCADO_MAYORISTA_2, eNodeB ID=44251, Cell FDD TDD indication=CELL_FDD",Reliable,1599.253,114.29
2026-04-10 19:00,60,"PI_UIO_MERCADO_MAYORISTA_UL/Cell:eNodeB Function Name=PI_UIO_MERCADO_MAYORISTAL21, Local Cell ID=3, Cell Name=PI_UIO_MERCADO_MAYORISTA_3, eNodeB ID=44251, Cell FDD TDD indication=CELL_FDD",Reliable,1787.199,64.425
2026-04-10 19:00,60,"PI_UIO_CINCO_DE_JUNIO_UL/Cell:eNodeB Function Name=PI_UIO_CINCO_DE_JUNIO_UL, Local Cell ID=1, Cell Name=PI_UIO_CINCO_DE_JUNIO_1, eNodeB ID=44341, Cell FDD TDD indication=CELL_FDD",Reliable,1368.833,58.149
2026-04-10 19:00,60,"PI_UIO_CINCO_DE_JUNIO_UL/Cell:eNodeB Function Name=PI_UIO_CINCO_DE_JUNIO_UL, Local Cell ID=2, Cell Name=PI_UIO_CINCO_DE_JUNIO_2, eNodeB ID=44341, Cell FDD TDD indication=CELL_FDD",Reliable,213.058,22.96
2026-04-10 19:00,60,"PI_UIO_CINCO_DE_JUNIO_UL/Cell:eNodeB Function Name=PI_UIO_CINCO_DE_JUNIO_UL, Local Cell ID=3, Cell Name=PI_UIO_CINCO_DE_JUNIO_3, eNodeB ID=44341, Cell FDD TDD indication=CELL_FDD",Reliable,1686.932,250.078
2026-04-10 19:00,60,"ES_ATA_TONSUPA_UL/Cell:eNodeB Function Name=ES_ATA_TONSUPAL21, Local Cell ID=1, Cell Name=ES_ATA_TONSUPA_1, eNodeB ID=44603, Cell FDD TDD indication=CELL_FDD",Reliable,0,0
2026-04-10 19:00,60,"ES_ATA_TONSUPA_UL/Cell:eNodeB Function Name=ES_ATA_TONSUPAL21, Local Cell ID=2, Cell Name=ES_ATA_TONSUPA_2, eNodeB ID=44603, Cell FDD TDD indication=CELL_FDD",Reliable,0,0
2026-04-10 19:00,60,"ES_ATA_TONSUPA_UL/Cell:eNodeB Function Name=ES_ATA_TONSUPAL21, Local Cell ID=3, Cell Name=ES_ATA_TONSUPA_3, eNodeB ID=44603, Cell FDD TDD indication=CELL_FDD",Reliable,0,0
2026-04-10 19:00,60,"ES_ATA_CASTELNOVO_UL/Cell:eNodeB Function Name=ES_ATA_CASTELNOVOL21, Local Cell ID=1, Cell Name=ES_ATA_CASTELNOVO_1, eNodeB ID=44626, Cell FDD TDD indication=CELL_FDD",Reliable,369.441,49.916
2026-04-10 19:00,60,"ES_ATA_CASTELNOVO_UL/Cell:eNodeB Function Name=ES_ATA_CASTELNOVOL21, Local Cell ID=2, Cell Name=ES_ATA_CASTELNOVO_2, eNodeB ID=44626, Cell FDD TDD indication=CELL_FDD",Reliable,574.571,61.036
2026-04-10 19:00,60,"ES_ATA_CASTELNOVO_UL/Cell:eNodeB Function Name=ES_ATA_CASTELNOVOL21, Local Cell ID=3, Cell Name=ES_ATA_CASTELNOVO_3, eNodeB ID=44626, Cell FDD TDD indication=CELL_FDD",Reliable,586.763,43.845
2026-04-10 19:00,60,"ES_ATA_CASTELNOVO_UL/Cell:eNodeB Function Name=ES_ATA_CASTELNOVOL21, Local Cell ID=7, Cell Name=ES_ATA_CASTELNOVO_APT_7, eNodeB ID=44626, Cell FDD TDD indication=CELL_FDD",Reliable,2472.203,149.658
2026-04-10 19:00,60,"ES_ATA_CASTELNOVO_UL/Cell:eNodeB Function Name=ES_ATA_CASTELNOVOL21, Local Cell ID=8, Cell Name=ES_ATA_CASTELNOVO_APT_8, eNodeB ID=44626, Cell FDD TDD indication=CELL_FDD",Reliable,929.632,64.2
2026-04-10 19:00,60,"ES_ATA_CASTELNOVO_UL/Cell:eNodeB Function Name=ES_ATA_CASTELNOVOL21, Local Cell ID=9, Cell Name=ES_ATA_CASTELNOVO_APT_9, eNodeB ID=44626, Cell FDD TDD indication=CELL_FDD",Reliable,464.972,51.691
2026-04-10 19:00,60,"PI_UIO_LA_INTERNACIONAL_UL/Cell:eNodeB Function Name=PI_UIO_LA_INTERNACIONAL_L, Local Cell ID=1, Cell Name=PIC_UIO_LA_INTERNACIONAL_L21_1, eNodeB ID=44222, Cell FDD TDD indication=CELL_FDD",Reliable,3522.476,386.672
2026-04-10 19:00,60,"PI_UIO_LA_INTERNACIONAL_UL/Cell:eNodeB Function Name=PI_UIO_LA_INTERNACIONAL_L, Local Cell ID=2, Cell Name=PIC_UIO_LA_INTERNACIONAL_L21_2, eNodeB ID=44222, Cell FDD TDD indication=CELL_FDD",Reliable,784.458,132.291
2026-04-10 19:00,60,"PI_UIO_LA_INTERNACIONAL_UL/Cell:eNodeB Function Name=PI_UIO_LA_INTERNACIONAL_L, Local Cell ID=3, Cell Name=PIC_UIO_LA_INTERNACIONAL_L21_3, eNodeB ID=44222, Cell FDD TDD indication=CELL_FDD",Reliable,958.004,94.164
2026-04-10 19:00,60,"PI_UIO_LA_INTERNACIONAL_UL/Cell:eNodeB Function Name=PI_UIO_LA_INTERNACIONAL_L, Local Cell ID=11, Cell Name=PIC_UIO_LA_INTERNACIONAL_L19_11, eNodeB ID=44222, Cell FDD TDD indication=CELL_FDD",Reliable,200.677,25.92
2026-04-10 19:00,60,"PI_UIO_LA_INTERNACIONAL_UL/Cell:eNodeB Function Name=PI_UIO_LA_INTERNACIONAL_L, Local Cell ID=12, Cell Name=PIC_UIO_LA_INTERNACIONAL_L19_12, eNodeB ID=44222, Cell FDD TDD indication=CELL_FDD",Reliable,690.928,82.428
2026-04-10 19:00,60,"PI_UIO_LA_INTERNACIONAL_UL/Cell:eNodeB Function Name=PI_UIO_LA_INTERNACIONAL_L, Local Cell ID=13, Cell Name=PIC_UIO_LA_INTERNACIONAL_L19_13, eNodeB ID=44222, Cell FDD TDD indication=CELL_FDD",Reliable,131.071,15.918
2026-04-10 19:00,60,"ES_ESM_PARAISO_UL/Cell:eNodeB Function Name=ES_ESM_PARAISOL21, Local Cell ID=1, Cell Name=ES_ESM_PARAISO_1, eNodeB ID=44635, Cell FDD TDD indication=CELL_FDD",Reliable,1629.682,131.728
2026-04-10 19:00,60,"ES_ESM_PARAISO_UL/Cell:eNodeB Function Name=ES_ESM_PARAISOL21, Local Cell ID=2, Cell Name=ES_ESM_PARAISO_2, eNodeB ID=44635, Cell FDD TDD indication=CELL_FDD",Reliable,1118.243,157.606
2026-04-10 19:00,60,"ES_ESM_PARAISO_UL/Cell:eNodeB Function Name=ES_ESM_PARAISOL21, Local Cell ID=3, Cell Name=ES_ESM_PARAISO_3, eNodeB ID=44635, Cell FDD TDD indication=CELL_FDD",Reliable,775.915,171.012
2026-04-10 19:00,60,"ES_ESM_PARAISO_UL/Cell:eNodeB Function Name=ES_ESM_PARAISOL21, Local Cell ID=7, Cell Name=ES_ESM_PARAISO_APT_7, eNodeB ID=44635, Cell FDD TDD indication=CELL_FDD",Reliable,12836.263,2043.667
2026-04-10 19:00,60,"ES_ESM_PARAISO_UL/Cell:eNodeB Function Name=ES_ESM_PARAISOL21, Local Cell ID=8, Cell Name=ES_ESM_PARAISO_APT_8, eNodeB ID=44635, Cell FDD TDD indication=CELL_FDD",Reliable,1154.694,40.763
2026-04-10 19:00,60,"ES_ESM_PARAISO_UL/Cell:eNodeB Function Name=ES_ESM_PARAISOL21, Local Cell ID=9, Cell Name=ES_ESM_PARAISO_APT_9, eNodeB ID=44635, Cell FDD TDD indication=CELL_FDD",Reliable,380.886,21.971
2026-04-10 19:00,60,"PI_UIO_GUANGOPOLO_UL/Cell:eNodeB Function Name=PI_UIO_GUANGOPOLOL21, Local Cell ID=1, Cell Name=PI_UIO_GUANGOPOLO_1, eNodeB ID=44230, Cell FDD TDD indication=CELL_FDD",Reliable,1589.172,215.38
2026-04-10 19:00,60,"PI_UIO_GUANGOPOLO_UL/Cell:eNodeB Function Name=PI_UIO_GUANGOPOLOL21, Local Cell ID=2, Cell Name=PI_UIO_GUANGOPOLO_2, eNodeB ID=44230, Cell FDD TDD indication=CELL_FDD",Reliable,2805.815,159.271
2026-04-10 19:00,60,"PI_UIO_GUANGOPOLO_UL/Cell:eNodeB Function Name=PI_UIO_GUANGOPOLOL21, Local Cell ID=3, Cell Name=PI_UIO_GUANGOPOLO_3, eNodeB ID=44230, Cell FDD TDD indication=CELL_FDD",Reliable,1514.394,89.614
2026-04-10 19:00,60,"PI_UIO_GUANGOPOLO_UL/Cell:eNodeB Function Name=PI_UIO_GUANGOPOLOL21, Local Cell ID=7, Cell Name=PI_UIO_GUANGOPOLO_APT_7, eNodeB ID=44230, Cell FDD TDD indication=CELL_FDD",Reliable,1747.975,138.518
2026-04-10 19:00,60,"PI_UIO_GUANGOPOLO_UL/Cell:eNodeB Function Name=PI_UIO_GUANGOPOLOL21, Local Cell ID=8, Cell Name=PI_UIO_GUANGOPOLO_APT_8, eNodeB ID=44230, Cell FDD TDD indication=CELL_FDD",Reliable,780.947,77.027
2026-04-10 19:00,60,"PI_UIO_GUANGOPOLO_UL/Cell:eNodeB Function Name=PI_UIO_GUANGOPOLOL21, Local Cell ID=9, Cell Name=PI_UIO_GUANGOPOLO_APT_9, eNodeB ID=44230, Cell FDD TDD indication=CELL_FDD",Reliable,1119.433,62.374
2026-04-10 19:00,60,"PI_UIO_NAZACOTA_UL/Cell:eNodeB Function Name=PI_UIO_NAZACOTAL_L, Local Cell ID=1, Cell Name=PI_UIO_NAZACOTA_1, eNodeB ID=44304, Cell FDD TDD indication=CELL_FDD",Reliable,689.381,334.775
2026-04-10 19:00,60,"PI_UIO_NAZACOTA_UL/Cell:eNodeB Function Name=PI_UIO_NAZACOTAL_L, Local Cell ID=2, Cell Name=PI_UIO_NAZACOTA_2, eNodeB ID=44304, Cell FDD TDD indication=CELL_FDD",Reliable,1184.013,245.435
2026-04-10 19:00,60,"PI_UIO_NAZACOTA_UL/Cell:eNodeB Function Name=PI_UIO_NAZACOTAL_L, Local Cell ID=3, Cell Name=PI_UIO_NAZACOTA_3, eNodeB ID=44304, Cell FDD TDD indication=CELL_FDD",Reliable,92.993,35.608
2026-04-10 19:00,60,"PI_UIO_NAZACOTA_UL/Cell:eNodeB Function Name=PI_UIO_NAZACOTAL_L, Local Cell ID=12, Cell Name=PI_UIO_NAZACOTA_12, eNodeB ID=44304, Cell FDD TDD indication=CELL_FDD",Reliable,443.464,48.279
2026-04-10 19:00,60,"PI_UIO_NAZACOTA_UL/Cell:eNodeB Function Name=PI_UIO_NAZACOTAL_L, Local Cell ID=13, Cell Name=PI_UIO_NAZACOTA_13, eNodeB ID=44304, Cell FDD TDD indication=CELL_FDD",Reliable,336.682,19.949
2026-04-10 19:00,60,"PI_UIO_NAZACOTA_UL/Cell:eNodeB Function Name=PI_UIO_NAZACOTAL_L, Local Cell ID=11, Cell Name=PI_UIO_NAZACOTA_11, eNodeB ID=44304, Cell FDD TDD indication=CELL_FDD",Reliable,593.088,38.146
2026-04-10 19:00,60,"ES_ESM_POTOSI_UL/Cell:eNodeB Function Name=ES_ESM_POTOSIL21, Local Cell ID=1, Cell Name=ES_ESM_POTOSI_1, eNodeB ID=44607, Cell FDD TDD indication=CELL_FDD",Reliable,218.282,24.377
2026-04-10 19:00,60,"ES_ESM_POTOSI_UL/Cell:eNodeB Function Name=ES_ESM_POTOSIL21, Local Cell ID=2, Cell Name=ES_ESM_POTOSI_2, eNodeB ID=44607, Cell FDD TDD indication=CELL_FDD",Reliable,2001.944,86.626
2026-04-10 19:00,60,"ES_ESM_POTOSI_UL/Cell:eNodeB Function Name=ES_ESM_POTOSIL21, Local Cell ID=3, Cell Name=ES_ESM_POTOSI_3, eNodeB ID=44607, Cell FDD TDD indication=CELL_FDD",Reliable,247.77,26.016
2026-04-10 19:00,60,"PI_UIO_SANGOLQUI_SUR_UL/Cell:eNodeB Function Name=PI_UIO_SANGOLQUI_SURL21, Local Cell ID=1, Cell Name=PI_UIO_SANGOLQUI_SUR_1, eNodeB ID=44199, Cell FDD TDD indication=CELL_FDD",Reliable,3479.558,456.025
2026-04-10 19:00,60,"PI_UIO_SANGOLQUI_SUR_UL/Cell:eNodeB Function Name=PI_UIO_SANGOLQUI_SURL21, Local Cell ID=2, Cell Name=PI_UIO_SANGOLQUI_SUR_2, eNodeB ID=44199, Cell FDD TDD indication=CELL_FDD",Reliable,2004.588,152.942
2026-04-10 19:00,60,"PI_UIO_SANGOLQUI_SUR_UL/Cell:eNodeB Function Name=PI_UIO_SANGOLQUI_SURL21, Local Cell ID=3, Cell Name=PI_UIO_SANGOLQUI_SUR_3, eNodeB ID=44199, Cell FDD TDD indication=CELL_FDD",Reliable,7250.182,749.388
2026-04-10 19:00,60,"PI_UIO_ESTADIO_DEL_AUCAS_UL/Cell:eNodeB Function Name=PI_UIO_ESTADIO_DEL_AUCAS_L, Local Cell ID=1, Cell Name=PI_UIO_ESTADIO_DEL_AUCAS_1, eNodeB ID=44232, Cell FDD TDD indication=CELL_FDD",Reliable,1105.812,107.397
2026-04-10 19:00,60,"PI_UIO_ESTADIO_DEL_AUCAS_UL/Cell:eNodeB Function Name=PI_UIO_ESTADIO_DEL_AUCAS_L, Local Cell ID=2, Cell Name=PI_UIO_ESTADIO_DEL_AUCAS_2, eNodeB ID=44232, Cell FDD TDD indication=CELL_FDD",Reliable,2214.625,309.533
2026-04-10 19:00,60,"PI_UIO_ESTADIO_DEL_AUCAS_UL/Cell:eNodeB Function Name=PI_UIO_ESTADIO_DEL_AUCAS_L, Local Cell ID=3, Cell Name=PI_UIO_ESTADIO_DEL_AUCAS_3, eNodeB ID=44232, Cell FDD TDD indication=CELL_FDD",Reliable,2435.271,198.928
2026-04-10 19:00,60,"PI_UIO_ESTADIO_DEL_AUCAS_UL/Cell:eNodeB Function Name=PI_UIO_ESTADIO_DEL_AUCAS_L, Local Cell ID=11, Cell Name=PI_UIO_ESTADIO_DEL_AUCAS_11, eNodeB ID=44232, Cell FDD TDD indication=CELL_FDD",Reliable,245.637,18.705
2026-04-10 19:00,60,"PI_UIO_ESTADIO_DEL_AUCAS_UL/Cell:eNodeB Function Name=PI_UIO_ESTADIO_DEL_AUCAS_L, Local Cell ID=12, Cell Name=PI_UIO_ESTADIO_DEL_AUCAS_12, eNodeB ID=44232, Cell FDD TDD indication=CELL_FDD",Reliable,17.305,2.558
2026-04-10 19:00,60,"PI_UIO_ESTADIO_DEL_AUCAS_UL/Cell:eNodeB Function Name=PI_UIO_ESTADIO_DEL_AUCAS_L, Local Cell ID=13, Cell Name=PI_UIO_ESTADIO_DEL_AUCAS_13, eNodeB ID=44232, Cell FDD TDD indication=CELL_FDD",Reliable,45.503,7.976
2026-04-10 19:00,60,"PI_UIO_PIFO_UL/Cell:eNodeB Function Name=PIC_UIO_PIFO_L, Local Cell ID=1, Cell Name=PIC_UIO_PIFO_L21_1, eNodeB ID=44057, Cell FDD TDD indication=CELL_FDD",Reliable,5282.973,438.192
2026-04-10 19:00,60,"PI_UIO_PIFO_UL/Cell:eNodeB Function Name=PIC_UIO_PIFO_L, Local Cell ID=2, Cell Name=PIC_UIO_PIFO_L21_2, eNodeB ID=44057, Cell FDD TDD indication=CELL_FDD",Reliable,3046.692,280.513
2026-04-10 19:00,60,"PI_UIO_PIFO_UL/Cell:eNodeB Function Name=PIC_UIO_PIFO_L, Local Cell ID=3, Cell Name=PIC_UIO_PIFO_L21_3, eNodeB ID=44057, Cell FDD TDD indication=CELL_FDD",Reliable,5075.148,497.077
2026-04-10 19:00,60,"PI_UIO_EL_PORVENIR_UL/Cell:eNodeB Function Name=PI_UIO_EL_PORVENIRL21, Local Cell ID=1, Cell Name=PI_UIO_EL_PORVENIR_1, eNodeB ID=44120, Cell FDD TDD indication=CELL_FDD",Reliable,2549.618,292.336
2026-04-10 19:00,60,"PI_UIO_EL_PORVENIR_UL/Cell:eNodeB Function Name=PI_UIO_EL_PORVENIRL21, Local Cell ID=2, Cell Name=PI_UIO_EL_PORVENIR_2, eNodeB ID=44120, Cell FDD TDD indication=CELL_FDD",Reliable,3624.97,350.193
2026-04-10 19:00,60,"PI_UIO_ONTANEDA_UL/Cell:eNodeB Function Name=PI_UIO_ONTANEDAL21, Local Cell ID=1, Cell Name=PIC_UIO_ONTANEDA_L21_1, eNodeB ID=44228, Cell FDD TDD indication=CELL_FDD",Reliable,2328.225,128.072
2026-04-10 19:00,60,"PI_UIO_ONTANEDA_UL/Cell:eNodeB Function Name=PI_UIO_ONTANEDAL21, Local Cell ID=2, Cell Name=PIC_UIO_ONTANEDA_L21_2, eNodeB ID=44228, Cell FDD TDD indication=CELL_FDD",Reliable,1051.845,59.875
2026-04-10 19:00,60,"PI_UIO_ONTANEDA_UL/Cell:eNodeB Function Name=PI_UIO_ONTANEDAL21, Local Cell ID=3, Cell Name=PIC_UIO_ONTANEDA_L21_3, eNodeB ID=44228, Cell FDD TDD indication=CELL_FDD",Reliable,1702.881,159.868
2026-04-10 19:00,60,"ES_ESM_ALMENDROS_UL/Cell:eNodeB Function Name=ES_ESM_ALMENDROSL21, Local Cell ID=1, Cell Name=ES_ESM_ALMENDROS_1, eNodeB ID=44616, Cell FDD TDD indication=CELL_FDD",Reliable,630.617,62.266
2026-04-10 19:00,60,"ES_ESM_ALMENDROS_UL/Cell:eNodeB Function Name=ES_ESM_ALMENDROSL21, Local Cell ID=2, Cell Name=ES_ESM_ALMENDROS_2, eNodeB ID=44616, Cell FDD TDD indication=CELL_FDD",Reliable,1137.274,64.081
2026-04-10 19:00,60,"ES_ESM_ALMENDROS_UL/Cell:eNodeB Function Name=ES_ESM_ALMENDROSL21, Local Cell ID=3, Cell Name=ES_ESM_ALMENDROS_3, eNodeB ID=44616, Cell FDD TDD indication=CELL_FDD",Reliable,613.706,51.472
2026-04-10 19:00,60,"ES_ATA_TON_PLAYA_ALMENDRO_UL/Cell:eNodeB Function Name=ES_ATA_TON_PLAYA_ALMENDROL21, Local Cell ID=1, Cell Name=ES_ATA_TON_PLAYA_ALMENDRO_1, eNodeB ID=44913, Cell FDD TDD indication=CELL_FDD",Reliable,223.08,18.133
2026-04-10 19:00,60,"ES_ATA_TON_PLAYA_ALMENDRO_UL/Cell:eNodeB Function Name=ES_ATA_TON_PLAYA_ALMENDROL21, Local Cell ID=2, Cell Name=ES_ATA_TON_PLAYA_ALMENDRO_2, eNodeB ID=44913, Cell FDD TDD indication=CELL_FDD",Reliable,170.269,16.126
2026-04-10 19:00,60,"ES_ATA_TON_PLAYA_ALMENDRO_UL/Cell:eNodeB Function Name=ES_ATA_TON_PLAYA_ALMENDROL21, Local Cell ID=3, Cell Name=ES_ATA_TON_PLAYA_ALMENDRO_3, eNodeB ID=44913, Cell FDD TDD indication=CELL_FDD",Reliable,2044.277,202.546
2026-04-10 19:00,60,"ES_ATA_TON_PLAYA_ALMENDRO_UL/Cell:eNodeB Function Name=ES_ATA_TON_PLAYA_ALMENDROL21, Local Cell ID=7, Cell Name=ES_ATA_TON_PLAYA_ALMENDRO_APT_7, eNodeB ID=44913, Cell FDD TDD indication=CELL_FDD",Reliable,14.233,1.42
2026-04-10 19:00,60,"ES_ATA_TON_PLAYA_ALMENDRO_UL/Cell:eNodeB Function Name=ES_ATA_TON_PLAYA_ALMENDROL21, Local Cell ID=8, Cell Name=ES_ATA_TON_PLAYA_ALMENDRO_APT_8, eNodeB ID=44913, Cell FDD TDD indication=CELL_FDD",Reliable,604.264,57.497
2026-04-10 19:00,60,"ES_ATA_TON_PLAYA_ALMENDRO_UL/Cell:eNodeB Function Name=ES_ATA_TON_PLAYA_ALMENDROL21, Local Cell ID=9, Cell Name=ES_ATA_TON_PLAYA_ALMENDRO_APT_9, eNodeB ID=44913, Cell FDD TDD indication=CELL_FDD",Reliable,1427.205,102.392
2026-04-10 19:00,60,"PI_UIO_NODO_4_PINTADO_3_UL/Cell:eNodeB Function Name=PIC_UIO_NODO_4_PINTADO_3_L, Local Cell ID=1, Cell Name=PIC_UIO_NODO_4_PINTADO_3_L21_1, eNodeB ID=44253, Cell FDD TDD indication=CELL_FDD",Reliable,2094.98,143.293
2026-04-10 19:00,60,"PI_UIO_NODO_4_PINTADO_3_UL/Cell:eNodeB Function Name=PIC_UIO_NODO_4_PINTADO_3_L, Local Cell ID=2, Cell Name=PIC_UIO_NODO_4_PINTADO_3_L21_2, eNodeB ID=44253, Cell FDD TDD indication=CELL_FDD",Reliable,1234.626,207.693
2026-04-10 19:00,60,"PI_UIO_NODO_4_PINTADO_3_UL/Cell:eNodeB Function Name=PIC_UIO_NODO_4_PINTADO_3_L, Local Cell ID=3, Cell Name=PIC_UIO_NODO_4_PINTADO_3_L21_3, eNodeB ID=44253, Cell FDD TDD indication=CELL_FDD",Reliable,1756.979,1449.238
2026-04-10 19:00,60,"TU_AMB_AMERICAN_PARK_UL/Cell:eNodeB Function Name=TU_AMB_AMERICAN_PARKL21, Local Cell ID=1, Cell Name=TU_AMB_AMERICAN_PARK_1, eNodeB ID=44472, Cell FDD TDD indication=CELL_FDD",Reliable,4494.244,367.12
2026-04-10 19:00,60,"TU_AMB_AMERICAN_PARK_UL/Cell:eNodeB Function Name=TU_AMB_AMERICAN_PARKL21, Local Cell ID=2, Cell Name=TU_AMB_AMERICAN_PARK_2, eNodeB ID=44472, Cell FDD TDD indication=CELL_FDD",Reliable,1906.696,367.365
2026-04-10 19:00,60,"TU_AMB_AMERICAN_PARK_UL/Cell:eNodeB Function Name=TU_AMB_AMERICAN_PARKL21, Local Cell ID=3, Cell Name=TU_AMB_AMERICAN_PARK_3, eNodeB ID=44472, Cell FDD TDD indication=CELL_FDD",Reliable,1129.625,119.537
2026-04-10 19:00,60,"PI_UIO_LA_FLORESTA_UL/Cell:eNodeB Function Name=PI_UIO_LA_FLORESTA_L, Local Cell ID=1, Cell Name=PI_UIO_LA_FLORESTA_1, eNodeB ID=44336, Cell FDD TDD indication=CELL_FDD",Reliable,2301.118,219.799
2026-04-10 19:00,60,"PI_UIO_LA_FLORESTA_UL/Cell:eNodeB Function Name=PI_UIO_LA_FLORESTA_L, Local Cell ID=2, Cell Name=PI_UIO_LA_FLORESTA_2, eNodeB ID=44336, Cell FDD TDD indication=CELL_FDD",Reliable,653.405,48.012
2026-04-10 19:00,60,"PI_UIO_LA_FLORESTA_UL/Cell:eNodeB Function Name=PI_UIO_LA_FLORESTA_L, Local Cell ID=3, Cell Name=PI_UIO_LA_FLORESTA_3, eNodeB ID=44336, Cell FDD TDD indication=CELL_FDD",Reliable,1956.097,185.355
2026-04-10 19:00,60,"PI_UIO_LA_FLORESTA_UL/Cell:eNodeB Function Name=PI_UIO_LA_FLORESTA_L, Local Cell ID=11, Cell Name=PI_UIO_LA_FLORESTA_11, eNodeB ID=44336, Cell FDD TDD indication=CELL_FDD",Reliable,294.286,36.767
2026-04-10 19:00,60,"PI_UIO_LA_FLORESTA_UL/Cell:eNodeB Function Name=PI_UIO_LA_FLORESTA_L, Local Cell ID=12, Cell Name=PI_UIO_LA_FLORESTA_12, eNodeB ID=44336, Cell FDD TDD indication=CELL_FDD",Reliable,279.82,32.096
2026-04-10 19:00,60,"PI_UIO_LA_FLORESTA_UL/Cell:eNodeB Function Name=PI_UIO_LA_FLORESTA_L, Local Cell ID=13, Cell Name=PI_UIO_LA_FLORESTA_13, eNodeB ID=44336, Cell FDD TDD indication=CELL_FDD",Reliable,209.474,21.731
2026-04-10 19:00,60,"PI_UIO_TEODORO_SALEM_UL/Cell:eNodeB Function Name=PI_UIO_TEODORO_SALEML21, Local Cell ID=1, Cell Name=PI_UIO_TEODORO_SALEM_1, eNodeB ID=44312, Cell FDD TDD indication=CELL_FDD",Reliable,1082.592,326.33
2026-04-10 19:00,60,"PI_UIO_TEODORO_SALEM_UL/Cell:eNodeB Function Name=PI_UIO_TEODORO_SALEML21, Local Cell ID=2, Cell Name=PI_UIO_TEODORO_SALEM_2, eNodeB ID=44312, Cell FDD TDD indication=CELL_FDD",Reliable,970.255,211.609
2026-04-10 19:00,60,"PI_UIO_TEODORO_SALEM_UL/Cell:eNodeB Function Name=PI_UIO_TEODORO_SALEML21, Local Cell ID=3, Cell Name=PI_UIO_TEODORO_SALEM_3, eNodeB ID=44312, Cell FDD TDD indication=CELL_FDD",Reliable,2102.297,267.169
2026-04-10 19:00,60,"PIC_UIO_SANGOLQUI_CNT_UL/Cell:eNodeB Function Name=PIC_UIO_SANGOLQUI_CNT_L, Local Cell ID=1, Cell Name=PIC_UIO_SANGOLQUI_CNT_L21_1, eNodeB ID=44018, Cell FDD TDD indication=CELL_FDD",Reliable,3734.632,434.926
2026-04-10 19:00,60,"PIC_UIO_SANGOLQUI_CNT_UL/Cell:eNodeB Function Name=PIC_UIO_SANGOLQUI_CNT_L, Local Cell ID=2, Cell Name=PIC_UIO_SANGOLQUI_CNT_L21_2, eNodeB ID=44018, Cell FDD TDD indication=CELL_FDD",Reliable,2993.05,256.926
2026-04-10 19:00,60,"PIC_UIO_SANGOLQUI_CNT_UL/Cell:eNodeB Function Name=PIC_UIO_SANGOLQUI_CNT_L, Local Cell ID=3, Cell Name=PIC_UIO_SANGOLQUI_CNT_L21_3, eNodeB ID=44018, Cell FDD TDD indication=CELL_FDD",Reliable,4703.634,390.01
2026-04-10 19:00,60,"PIC_UIO_SANGOLQUI_CNT_UL/Cell:eNodeB Function Name=PIC_UIO_SANGOLQUI_CNT_L, Local Cell ID=7, Cell Name=PIC_UIO_SANGOLQUI_CNT_L7_7, eNodeB ID=44018, Cell FDD TDD indication=CELL_FDD",Reliable,3320.089,453.636
2026-04-10 19:00,60,"PIC_UIO_SANGOLQUI_CNT_UL/Cell:eNodeB Function Name=PIC_UIO_SANGOLQUI_CNT_L, Local Cell ID=8, Cell Name=PIC_UIO_SANGOLQUI_CNT_L7_8, eNodeB ID=44018, Cell FDD TDD indication=CELL_FDD",Reliable,4678.316,660.48
2026-04-10 19:00,60,"PIC_UIO_SANGOLQUI_CNT_UL/Cell:eNodeB Function Name=PIC_UIO_SANGOLQUI_CNT_L, Local Cell ID=9, Cell Name=PIC_UIO_SANGOLQUI_CNT_L7_9, eNodeB ID=44018, Cell FDD TDD indication=CELL_FDD",Reliable,3455.477,379.208
2026-04-10 19:00,60,"PIC_UIO_SANGOLQUI_CNT_UL/Cell:eNodeB Function Name=PIC_UIO_SANGOLQUI_CNT_L, Local Cell ID=11, Cell Name=PIC_UIO_SANGOLQUI_CNT_L19_11, eNodeB ID=44018, Cell FDD TDD indication=CELL_FDD",Reliable,2651.894,263.11
2026-04-10 19:00,60,"PIC_UIO_SANGOLQUI_CNT_UL/Cell:eNodeB Function Name=PIC_UIO_SANGOLQUI_CNT_L, Local Cell ID=12, Cell Name=PIC_UIO_SANGOLQUI_CNT_L19_12, eNodeB ID=44018, Cell FDD TDD indication=CELL_FDD",Reliable,2547.672,201.743
2026-04-10 19:00,60,"PIC_UIO_SANGOLQUI_CNT_UL/Cell:eNodeB Function Name=PIC_UIO_SANGOLQUI_CNT_L, Local Cell ID=13, Cell Name=PIC_UIO_SANGOLQUI_CNT_L19_13, eNodeB ID=44018, Cell FDD TDD indication=CELL_FDD",Reliable,3075.9,291.134
2026-04-10 19:00,60,"TU_AMB_ESFORCE_TRR_UL/Cell:eNodeB Function Name=TU_AMB_ESFORCE_TRRL21, Local Cell ID=1, Cell Name=TU_AMB_ESFORCE_TRR_1, eNodeB ID=44806, Cell FDD TDD indication=CELL_FDD",Reliable,9044.885,723.906
2026-04-10 19:00,60,"TU_AMB_ESFORCE_TRR_UL/Cell:eNodeB Function Name=TU_AMB_ESFORCE_TRRL21, Local Cell ID=2, Cell Name=TU_AMB_ESFORCE_TRR_2, eNodeB ID=44806, Cell FDD TDD indication=CELL_FDD",Reliable,3764.657,446.276
2026-04-10 19:00,60,"TU_AMB_ESFORCE_TRR_UL/Cell:eNodeB Function Name=TU_AMB_ESFORCE_TRRL21, Local Cell ID=3, Cell Name=TU_AMB_ESFORCE_TRR_3, eNodeB ID=44806, Cell FDD TDD indication=CELL_FDD",Reliable,569.832,38.92
2026-04-10 19:00,60,"COT_LAT_LATACUNGA_NORTE_UL/Cell:eNodeB Function Name=COT_LAT_LATACUNGA_NORTE_L, Local Cell ID=1, Cell Name=CO_LAT_LATACUNGA_NORTE_1, eNodeB ID=44692, Cell FDD TDD indication=CELL_FDD",Reliable,851.515,95.699
2026-04-10 19:00,60,"COT_LAT_LATACUNGA_NORTE_UL/Cell:eNodeB Function Name=COT_LAT_LATACUNGA_NORTE_L, Local Cell ID=2, Cell Name=CO_LAT_LATACUNGA_NORTE_2, eNodeB ID=44692, Cell FDD TDD indication=CELL_FDD",Reliable,564.287,40.631
2026-04-10 19:00,60,"COT_LAT_LATACUNGA_NORTE_UL/Cell:eNodeB Function Name=COT_LAT_LATACUNGA_NORTE_L, Local Cell ID=3, Cell Name=CO_LAT_LATACUNGA_NORTE_3, eNodeB ID=44692, Cell FDD TDD indication=CELL_FDD",Reliable,1402.056,167.376
2026-04-10 19:00,60,"COT_LAT_IESS_UL/Cell:eNodeB Function Name=COT_LAT_IESS_L, Local Cell ID=1, Cell Name=CO_LAT_IESS_1, eNodeB ID=44690, Cell FDD TDD indication=CELL_FDD",Unreliable,6516.985,586.876
2026-04-10 19:00,60,"COT_LAT_IESS_UL/Cell:eNodeB Function Name=COT_LAT_IESS_L, Local Cell ID=2, Cell Name=CO_LAT_IESS_2, eNodeB ID=44690, Cell FDD TDD indication=CELL_FDD",Unreliable,4653.17,497.693
2026-04-10 19:00,60,"COT_LAT_IESS_UL/Cell:eNodeB Function Name=COT_LAT_IESS_L, Local Cell ID=3, Cell Name=CO_LAT_IESS_3, eNodeB ID=44690, Cell FDD TDD indication=CELL_FDD",Unreliable,10465.376,1931.708
2026-04-10 19:00,60,"COT_LAT_LATACUNGA(3G)_UL/Cell:eNodeB Function Name=COT_LAT_LATACUNGA(3G)_L, Local Cell ID=1, Cell Name=CO_LAT_LATACUNGA(3G)_1, eNodeB ID=44661, Cell FDD TDD indication=CELL_FDD",Reliable,8009.238,887.807
2026-04-10 19:00,60,"COT_LAT_LATACUNGA(3G)_UL/Cell:eNodeB Function Name=COT_LAT_LATACUNGA(3G)_L, Local Cell ID=2, Cell Name=CO_LAT_LATACUNGA(3G)_2, eNodeB ID=44661, Cell FDD TDD indication=CELL_FDD",Reliable,3591.006,376.93
2026-04-10 19:00,60,"COT_LAT_LATACUNGA(3G)_UL/Cell:eNodeB Function Name=COT_LAT_LATACUNGA(3G)_L, Local Cell ID=3, Cell Name=CO_LAT_LATACUNGA(3G)_3, eNodeB ID=44661, Cell FDD TDD indication=CELL_FDD",Reliable,1219.235,127.507
2026-04-10 19:00,60,"COT_LAT_LATACUNGA(3G)_UL/Cell:eNodeB Function Name=COT_LAT_LATACUNGA(3G)_L, Local Cell ID=7, Cell Name=CO_LAT_LATACUNGA(3G)_APT_7, eNodeB ID=44661, Cell FDD TDD indication=CELL_FDD",Reliable,3992.459,264.743
2026-04-10 19:00,60,"COT_LAT_LATACUNGA(3G)_UL/Cell:eNodeB Function Name=COT_LAT_LATACUNGA(3G)_L, Local Cell ID=8, Cell Name=CO_LAT_LATACUNGA(3G)_APT_8, eNodeB ID=44661, Cell FDD TDD indication=CELL_FDD",Reliable,4710.408,448.389
2026-04-10 19:00,60,"COT_LAT_LATACUNGA(3G)_UL/Cell:eNodeB Function Name=COT_LAT_LATACUNGA(3G)_L, Local Cell ID=9, Cell Name=CO_LAT_LATACUNGA(3G)_APT_9, eNodeB ID=44661, Cell FDD TDD indication=CELL_FDD",Reliable,5478.852,812.748
2026-04-10 19:00,60,"COT_LAT_AEROPUERTO_UL/Cell:eNodeB Function Name=COT_LAT_AEROPUERTO_L, Local Cell ID=1, Cell Name=CO_LAT_AEROPUERTO_1, eNodeB ID=44664, Cell FDD TDD indication=CELL_FDD",Reliable,6508.398,734.921
2026-04-10 19:00,60,"COT_LAT_AEROPUERTO_UL/Cell:eNodeB Function Name=COT_LAT_AEROPUERTO_L, Local Cell ID=2, Cell Name=CO_LAT_AEROPUERTO_2, eNodeB ID=44664, Cell FDD TDD indication=CELL_FDD",Reliable,397.684,42.501
2026-04-10 19:00,60,"COT_LAT_AEROPUERTO_UL/Cell:eNodeB Function Name=COT_LAT_AEROPUERTO_L, Local Cell ID=3, Cell Name=CO_LAT_AEROPUERTO_3, eNodeB ID=44664, Cell FDD TDD indication=CELL_FDD",Reliable,5051.458,615.399
2026-04-10 19:00,60,"COT_LAT_AEROPUERTO_UL/Cell:eNodeB Function Name=COT_LAT_AEROPUERTO_L, Local Cell ID=7, Cell Name=CO_LAT_AEROPUERTO_APT_7, eNodeB ID=44664, Cell FDD TDD indication=CELL_FDD",Reliable,3709.662,600.838
2026-04-10 19:00,60,"COT_LAT_AEROPUERTO_UL/Cell:eNodeB Function Name=COT_LAT_AEROPUERTO_L, Local Cell ID=8, Cell Name=CO_LAT_AEROPUERTO_APT_8, eNodeB ID=44664, Cell FDD TDD indication=CELL_FDD",Reliable,4124.926,474.708
2026-04-10 19:00,60,"COT_LAT_AEROPUERTO_UL/Cell:eNodeB Function Name=COT_LAT_AEROPUERTO_L, Local Cell ID=9, Cell Name=CO_LAT_AEROPUERTO_APT_9, eNodeB ID=44664, Cell FDD TDD indication=CELL_FDD",Reliable,3476.116,653.81
2026-04-10 19:00,60,"PI_UIO_CLINICA_SAN_RAFAEL_TRR_UL/Cell:eNodeB Function Name=PIC_UIO_CLINICA_SAN_RAFAEL_TRR_L, Local Cell ID=1, Cell Name=PIC_UIO_CLINICA_SAN_RAFAEL_TRR_L21_1, eNodeB ID=44807, Cell FDD TDD indication=CELL_FDD",Reliable,3116.808,373.645
2026-04-10 19:00,60,"PI_UIO_CLINICA_SAN_RAFAEL_TRR_UL/Cell:eNodeB Function Name=PIC_UIO_CLINICA_SAN_RAFAEL_TRR_L, Local Cell ID=2, Cell Name=PIC_UIO_CLINICA_SAN_RAFAEL_TRR_L21_2, eNodeB ID=44807, Cell FDD TDD indication=CELL_FDD",Reliable,592.577,483.844
2026-04-10 19:00,60,"PI_UIO_CLINICA_SAN_RAFAEL_TRR_UL/Cell:eNodeB Function Name=PIC_UIO_CLINICA_SAN_RAFAEL_TRR_L, Local Cell ID=3, Cell Name=PIC_UIO_CLINICA_SAN_RAFAEL_TRR_L21_3, eNodeB ID=44807, Cell FDD TDD indication=CELL_FDD",Reliable,2020.402,303.363
2026-04-10 19:00,60,"PI_UIO_SERAPIO_JAPERABI_UL/Cell:eNodeB Function Name=PI_UIO_SERAPIO_JAPERABIL21, Local Cell ID=1, Cell Name=PI_UIO_SERAPIO_JAPERABI_1, eNodeB ID=44243, Cell FDD TDD indication=CELL_FDD",Reliable,1086.105,123.807
2026-04-10 19:00,60,"PI_UIO_SERAPIO_JAPERABI_UL/Cell:eNodeB Function Name=PI_UIO_SERAPIO_JAPERABIL21, Local Cell ID=2, Cell Name=PI_UIO_SERAPIO_JAPERABI_2, eNodeB ID=44243, Cell FDD TDD indication=CELL_FDD",Reliable,798.656,77.965
2026-04-10 19:00,60,"PI_UIO_SERAPIO_JAPERABI_UL/Cell:eNodeB Function Name=PI_UIO_SERAPIO_JAPERABIL21, Local Cell ID=3, Cell Name=PI_UIO_SERAPIO_JAPERABI_3, eNodeB ID=44243, Cell FDD TDD indication=CELL_FDD",Reliable,89.243,12.812
2026-04-10 19:00,60,"PI_UIO_LA_TOLA_BAJA_UL/Cell:eNodeB Function Name=PI_UIO_LA_TOLA_BAJAL21, Local Cell ID=1, Cell Name=PI_UIO_LA_TOLA_BAJA_1, eNodeB ID=44147, Cell FDD TDD indication=CELL_FDD",Reliable,3891.748,365.844
2026-04-10 19:00,60,"PI_UIO_LA_TOLA_BAJA_UL/Cell:eNodeB Function Name=PI_UIO_LA_TOLA_BAJAL21, Local Cell ID=2, Cell Name=PI_UIO_LA_TOLA_BAJA_2, eNodeB ID=44147, Cell FDD TDD indication=CELL_FDD",Reliable,1945.228,201.942
2026-04-10 19:00,60,"PI_UIO_LA_TOLA_BAJA_UL/Cell:eNodeB Function Name=PI_UIO_LA_TOLA_BAJAL21, Local Cell ID=3, Cell Name=PI_UIO_LA_TOLA_BAJA_3, eNodeB ID=44147, Cell FDD TDD indication=CELL_FDD",Reliable,702.053,53.002
2026-04-10 19:00,60,"PI_UIO_LA_TOLA_BAJA_UL/Cell:eNodeB Function Name=PI_UIO_LA_TOLA_BAJAL21, Local Cell ID=7, Cell Name=PI_UIO_LA_TOLA_BAJA_APT_7, eNodeB ID=44147, Cell FDD TDD indication=CELL_FDD",Reliable,3885.77,387.057
2026-04-10 19:00,60,"PI_UIO_LA_TOLA_BAJA_UL/Cell:eNodeB Function Name=PI_UIO_LA_TOLA_BAJAL21, Local Cell ID=8, Cell Name=PI_UIO_LA_TOLA_BAJA_APT_8, eNodeB ID=44147, Cell FDD TDD indication=CELL_FDD",Reliable,4137.615,456.232
2026-04-10 19:00,60,"PI_UIO_LA_TOLA_BAJA_UL/Cell:eNodeB Function Name=PI_UIO_LA_TOLA_BAJAL21, Local Cell ID=9, Cell Name=PI_UIO_LA_TOLA_BAJA_APT_9, eNodeB ID=44147, Cell FDD TDD indication=CELL_FDD",Reliable,266.574,27.488
2026-04-10 19:00,60,"SD_SD_NODO_1_STD4(VIA_QUEVEDO)_UL/Cell:eNodeB Function Name=SD_SD_NODO_1_STD4(VIA_QUEVEDO)L21, Local Cell ID=1, Cell Name=SD_SD_NODO_1_STD4(VIA_QUEVEDO)_1, eNodeB ID=44784, Cell FDD TDD indication=CELL_FDD",Reliable,876.25,140.862
2026-04-10 19:00,60,"SD_SD_NODO_1_STD4(VIA_QUEVEDO)_UL/Cell:eNodeB Function Name=SD_SD_NODO_1_STD4(VIA_QUEVEDO)L21, Local Cell ID=2, Cell Name=SD_SD_NODO_1_STD4(VIA_QUEVEDO)_2, eNodeB ID=44784, Cell FDD TDD indication=CELL_FDD",Reliable,744.659,155.615
2026-04-10 19:00,60,"SD_SD_NODO_1_STD4(VIA_QUEVEDO)_UL/Cell:eNodeB Function Name=SD_SD_NODO_1_STD4(VIA_QUEVEDO)L21, Local Cell ID=3, Cell Name=SD_SD_NODO_1_STD4(VIA_QUEVEDO)_3, eNodeB ID=44784, Cell FDD TDD indication=CELL_FDD",Reliable,604.677,99.021
2026-04-10 19:00,60,"SD_SD_NODO_1_STD4(VIA_QUEVEDO)_UL/Cell:eNodeB Function Name=SD_SD_NODO_1_STD4(VIA_QUEVEDO)L21, Local Cell ID=7, Cell Name=SD_SD_NODO_1_STD4(VIA_QUEVEDO)_APT_7, eNodeB ID=44784, Cell FDD TDD indication=CELL_FDD",Reliable,1185.894,201.132
2026-04-10 19:00,60,"SD_SD_NODO_1_STD4(VIA_QUEVEDO)_UL/Cell:eNodeB Function Name=SD_SD_NODO_1_STD4(VIA_QUEVEDO)L21, Local Cell ID=8, Cell Name=SD_SD_NODO_1_STD4(VIA_QUEVEDO)_APT_8, eNodeB ID=44784, Cell FDD TDD indication=CELL_FDD",Reliable,799.396,224.745
2026-04-10 19:00,60,"SD_SD_NODO_1_STD4(VIA_QUEVEDO)_UL/Cell:eNodeB Function Name=SD_SD_NODO_1_STD4(VIA_QUEVEDO)L21, Local Cell ID=9, Cell Name=SD_SD_NODO_1_STD4(VIA_QUEVEDO)_APT_9, eNodeB ID=44784, Cell FDD TDD indication=CELL_FDD",Reliable,2321.835,635.353
2026-04-10 19:00,60,"SD_SD_NODO_1_STD4(COCA_COLA)_UL/Cell:eNodeB Function Name=SD_SD_NODO_1_STD4(COCA_COLA)L21, Local Cell ID=1, Cell Name=SD_SD_NODO_1_STD4(COCA_COLA)_1, eNodeB ID=44783, Cell FDD TDD indication=CELL_FDD",Reliable,1195.94,217.249
2026-04-10 19:00,60,"SD_SD_NODO_1_STD4(COCA_COLA)_UL/Cell:eNodeB Function Name=SD_SD_NODO_1_STD4(COCA_COLA)L21, Local Cell ID=2, Cell Name=SD_SD_NODO_1_STD4(COCA_COLA)_2, eNodeB ID=44783, Cell FDD TDD indication=CELL_FDD",Reliable,711.294,67.292
2026-04-10 19:00,60,"SD_SD_NODO_1_STD4(COCA_COLA)_UL/Cell:eNodeB Function Name=SD_SD_NODO_1_STD4(COCA_COLA)L21, Local Cell ID=3, Cell Name=SD_SD_NODO_1_STD4(COCA_COLA)_3, eNodeB ID=44783, Cell FDD TDD indication=CELL_FDD",Reliable,334.907,25.22
2026-04-10 19:00,60,"COT_LAT_U_TECNICA_UL/Cell:eNodeB Function Name=COT_LAT_U_TECNICA_L, Local Cell ID=1, Cell Name=CO_LAT_U_TECNICA_1, eNodeB ID=44693, Cell FDD TDD indication=CELL_FDD",Reliable,6162.371,465.045
2026-04-10 19:00,60,"COT_LAT_U_TECNICA_UL/Cell:eNodeB Function Name=COT_LAT_U_TECNICA_L, Local Cell ID=2, Cell Name=CO_LAT_U_TECNICA_2, eNodeB ID=44693, Cell FDD TDD indication=CELL_FDD",Reliable,308.654,31.114
2026-04-10 19:00,60,"COT_LAT_U_TECNICA_UL/Cell:eNodeB Function Name=COT_LAT_U_TECNICA_L, Local Cell ID=3, Cell Name=CO_LAT_U_TECNICA_3, eNodeB ID=44693, Cell FDD TDD indication=CELL_FDD",Reliable,2664.696,408.213
2026-04-10 19:00,60,"PI_UIO_SELVA_ALEGRE(3G)_UL/Cell:eNodeB Function Name=PI_UIO_SELVA_ALEGRE(3G)L21, Local Cell ID=1, Cell Name=PI_UIO_SELVA_ALEGRE(3G)_1, eNodeB ID=44277, Cell FDD TDD indication=CELL_FDD",Reliable,171.155,22.496
2026-04-10 19:00,60,"PI_UIO_SELVA_ALEGRE(3G)_UL/Cell:eNodeB Function Name=PI_UIO_SELVA_ALEGRE(3G)L21, Local Cell ID=2, Cell Name=PI_UIO_SELVA_ALEGRE(3G)_2, eNodeB ID=44277, Cell FDD TDD indication=CELL_FDD",Reliable,487.775,71.208
2026-04-10 19:00,60,"PI_UIO_SELVA_ALEGRE(3G)_UL/Cell:eNodeB Function Name=PI_UIO_SELVA_ALEGRE(3G)L21, Local Cell ID=3, Cell Name=PI_UIO_SELVA_ALEGRE(3G)_3, eNodeB ID=44277, Cell FDD TDD indication=CELL_FDD",Reliable,325.844,15.015
2026-04-10 19:00,60,"PIC_UIO_TUMBACO_ULN/Cell:eNodeB Function Name=PI_UIO_TUMBACOL21, Local Cell ID=1, Cell Name=PI_UIO_TUMBACO_1, eNodeB ID=44019, Cell FDD TDD indication=CELL_FDD",Reliable,1041.449,85.906
2026-04-10 19:00,60,"PIC_UIO_TUMBACO_ULN/Cell:eNodeB Function Name=PI_UIO_TUMBACOL21, Local Cell ID=2, Cell Name=PI_UIO_TUMBACO_2, eNodeB ID=44019, Cell FDD TDD indication=CELL_FDD",Reliable,2312.123,179.092
2026-04-10 19:00,60,"PIC_UIO_TUMBACO_ULN/Cell:eNodeB Function Name=PI_UIO_TUMBACOL21, Local Cell ID=3, Cell Name=PI_UIO_TUMBACO_3, eNodeB ID=44019, Cell FDD TDD indication=CELL_FDD",Reliable,3292.943,309.322
2026-04-10 19:00,60,"PIC_UIO_TUMBACO_ULN/Cell:eNodeB Function Name=PI_UIO_TUMBACOL21, Local Cell ID=7, Cell Name=PI_UIO_TUMBACO_APT_7, eNodeB ID=44019, Cell FDD TDD indication=CELL_FDD",Reliable,4637.632,616.496
2026-04-10 19:00,60,"PIC_UIO_TUMBACO_ULN/Cell:eNodeB Function Name=PI_UIO_TUMBACOL21, Local Cell ID=8, Cell Name=PI_UIO_TUMBACO_APT_8, eNodeB ID=44019, Cell FDD TDD indication=CELL_FDD",Reliable,2269.774,285.565
2026-04-10 19:00,60,"PIC_UIO_TUMBACO_ULN/Cell:eNodeB Function Name=PI_UIO_TUMBACOL21, Local Cell ID=9, Cell Name=PI_UIO_TUMBACO_APT_9, eNodeB ID=44019, Cell FDD TDD indication=CELL_FDD",Reliable,3020.396,293.036
2026-04-10 19:00,60,"PIC_UIO_LA_CERAMICA_ULN/Cell:eNodeB Function Name=PI_UIO_LA_CERAMICAL21, Local Cell ID=1, Cell Name=PI_UIO_LA_CERAMICA_1, eNodeB ID=44378, Cell FDD TDD indication=CELL_FDD",Reliable,1548.902,203.567
2026-04-10 19:00,60,"PIC_UIO_LA_CERAMICA_ULN/Cell:eNodeB Function Name=PI_UIO_LA_CERAMICAL21, Local Cell ID=2, Cell Name=PI_UIO_LA_CERAMICA_2, eNodeB ID=44378, Cell FDD TDD indication=CELL_FDD",Reliable,130.287,16.845
2026-04-10 19:00,60,"PIC_UIO_LA_CERAMICA_ULN/Cell:eNodeB Function Name=PI_UIO_LA_CERAMICAL21, Local Cell ID=3, Cell Name=PI_UIO_LA_CERAMICA_3, eNodeB ID=44378, Cell FDD TDD indication=CELL_FDD",Reliable,1441.702,148.239
2026-04-10 19:00,60,"SMALL_UIO_REGISTRO_CIVILL21/Cell:eNodeB Function Name=SMALL_UIO_REGISTRO_CIVILL21, Local Cell ID=1, Cell Name=SMALL_UIO_REGISTRO_CIVIL_L21_1, eNodeB ID=43204, Cell FDD TDD indication=CELL_FDD",Reliable,587.406,16.053
2026-04-10 19:00,60,"SMALL_UIO_MADRIGALL21/Cell:eNodeB Function Name=SMALL_UIO_MADRIGALL21, Local Cell ID=1, Cell Name=SMALL_UIO_MADRIGAL_L21_1, eNodeB ID=43207, Cell FDD TDD indication=CELL_FDD",Reliable,117.616,10.802
2026-04-10 19:00,60,"SMALL_GYE_CENTRO_CIVICOL21/Cell:eNodeB Function Name=SMALL_GYE_CENTRO_CIVICOL21, Local Cell ID=1, Cell Name=SMALL_GYE_CENTRO_CIVICO_L21_1, eNodeB ID=43212, Cell FDD TDD indication=CELL_FDD",Reliable,533.405,69.98
2026-04-10 19:00,60,"SMALL_STD_BAHIAL21/Cell:eNodeB Function Name=SMALL_STD_BAHIAL21, Local Cell ID=1, Cell Name=SMALL_STD_BAHIA_L21_1, eNodeB ID=43224, Cell FDD TDD indication=CELL_FDD",Reliable,55.564,16.437
2026-04-10 19:00,60,"SMALL_BHY_ECU911L21/Cell:eNodeB Function Name=SMALL_BHY_ECU911L21, Local Cell ID=1, Cell Name=SMALL_BHY_ECU911_L21_1, eNodeB ID=43235, Cell FDD TDD indication=CELL_FDD",Reliable,170.241,16.846
2026-04-10 19:00,60,"SMALL_PTVJO_ECU_911L21/Cell:eNodeB Function Name=SMALL_PTVJO_ECU_911L21, Local Cell ID=1, Cell Name=SMALL_PTVJO_ECU_911_L21_1, eNodeB ID=43225, Cell FDD TDD indication=CELL_FDD",Reliable,38.56,5.488
2026-04-10 19:00,60,"SMALL_RIO_EMPRESA_ELECTRICAL21/Cell:eNodeB Function Name=SMALL_RIO_EMPRESA_ELECTRICAL21, Local Cell ID=1, Cell Name=SMALL_RIO_EMPRESA_ELECTRICA_L21_1, eNodeB ID=43202, Cell FDD TDD indication=CELL_FDD",Reliable,0.064,0.06
2026-04-10 19:00,60,"SMALL_UIO_NAYONL21/Cell:eNodeB Function Name=SMALL_UIO_NAYONL21, Local Cell ID=1, Cell Name=SMALL_UIO_NAYON_L21_1, eNodeB ID=43232, Cell FDD TDD indication=CELL_FDD",Reliable,1.77,0.824
2026-04-10 19:00,60,"SMALL_CUE_MALL_DEL_RIO_L/Cell:eNodeB Function Name=SMALL_CUE_MALL_DEL_RIO_L, Local Cell ID=1, Cell Name=SMALL_CUE_MALL_RIO_L21_1, eNodeB ID=43231, Cell FDD TDD indication=CELL_FDD",Reliable,762.63,82.111
2026-04-10 19:00,60,"SMALL_GYE_ORO_VERDEL21/Cell:eNodeB Function Name=SMALL_GYE_ORO_VERDEL21, Local Cell ID=1, Cell Name=SMALL_GYE_ORO_VERDE_L21_1, eNodeB ID=43210, Cell FDD TDD indication=CELL_FDD",Reliable,43.189,8.493
2026-04-10 19:00,60,"SMALL_UIO_HILTON_COLONL21/Cell:eNodeB Function Name=SMALL_UIO_HILTON_COLONL21, Local Cell ID=1, Cell Name=SMALL_UIO_HILTON_COLON_L21_1, eNodeB ID=43217, Cell FDD TDD indication=CELL_FDD",Reliable,217.164,17.707
2026-04-10 19:00,60,"SMALL_UIO_DTA_CENTERL21/Cell:eNodeB Function Name=SMALL_UIO_DTA_CENTERL21, Local Cell ID=1, Cell Name=SMALL_UIO_DTA_CENTER_L21_1, eNodeB ID=43229, Cell FDD TDD indication=CELL_FDD",Reliable,28.049,4.885
2026-04-10 19:00,60,"SMALL_UIO_MARRIOTL21/Cell:eNodeB Function Name=SMALL_UIO_MARRIOTL21, Local Cell ID=1, Cell Name=SMALL_UIO_MARRIOT_L21_1, eNodeB ID=43206, Cell FDD TDD indication=CELL_FDD",Reliable,88.452,3.866
2026-04-10 19:00,60,"PIC_UIO_LAMP_PLATFINANCIERA2_UL/Cell:eNodeB Function Name=PIC_UIO_LAMP_PLATFINANCIERA2_L, Local Cell ID=5, Cell Name=LAMP_UIO_PLATFINANCIERA2_5, eNodeB ID=43242, Cell FDD TDD indication=CELL_FDD",Reliable,142.433,67.88
2026-04-10 19:00,60,"PIC_UIO_LAMP_PLATFINANCIERA2_UL/Cell:eNodeB Function Name=PIC_UIO_LAMP_PLATFINANCIERA2_L, Local Cell ID=4, Cell Name=LAMP_UIO_PLATFINANCIERA2_4, eNodeB ID=43242, Cell FDD TDD indication=CELL_FDD",Reliable,4.128,0.844
2026-04-10 19:00,60,"PIC_UIO_LAMP_PLATFINANCIERA2_UL/Cell:eNodeB Function Name=PIC_UIO_LAMP_PLATFINANCIERA2_L, Local Cell ID=3, Cell Name=LAMP_UIO_PLATFINANCIERA2_3, eNodeB ID=43242, Cell FDD TDD indication=CELL_FDD",Reliable,3.225,2.48
2026-04-10 19:00,60,"PIC_UIO_LAMP_PLATFINANCIERA2_UL/Cell:eNodeB Function Name=PIC_UIO_LAMP_PLATFINANCIERA2_L, Local Cell ID=2, Cell Name=LAMP_UIO_PLATFINANCIERA2_2, eNodeB ID=43242, Cell FDD TDD indication=CELL_FDD",Reliable,18.253,7.355
2026-04-10 19:00,60,"PIC_UIO_LAMP_PLATFINANCIERA2_UL/Cell:eNodeB Function Name=PIC_UIO_LAMP_PLATFINANCIERA2_L, Local Cell ID=1, Cell Name=LAMP_UIO_PLATFINANCIERA2_1, eNodeB ID=43242, Cell FDD TDD indication=CELL_FDD",Reliable,0,0
2026-04-10 19:00,60,"PIC_UIO_LAMP_PLATFINANCIERA3_UL/Cell:eNodeB Function Name=PIC_UIO_LAMP_PLATFINANCIERA3_L, Local Cell ID=6, Cell Name=LAMP_UIO_PLATFINANCIERA3_6, eNodeB ID=43243, Cell FDD TDD indication=CELL_FDD",Reliable,3.893,0.208
2026-04-10 19:00,60,"PIC_UIO_LAMP_PLATFINANCIERA3_UL/Cell:eNodeB Function Name=PIC_UIO_LAMP_PLATFINANCIERA3_L, Local Cell ID=5, Cell Name=LAMP_UIO_PLATFINANCIERA3_5, eNodeB ID=43243, Cell FDD TDD indication=CELL_FDD",Reliable,0.001,0.001
2026-04-10 19:00,60,"PIC_UIO_LAMP_PLATFINANCIERA3_UL/Cell:eNodeB Function Name=PIC_UIO_LAMP_PLATFINANCIERA3_L, Local Cell ID=4, Cell Name=LAMP_UIO_PLATFINANCIERA3_4, eNodeB ID=43243, Cell FDD TDD indication=CELL_FDD",Reliable,3.895,2.32
2026-04-10 19:00,60,"PIC_UIO_LAMP_PLATFINANCIERA3_UL/Cell:eNodeB Function Name=PIC_UIO_LAMP_PLATFINANCIERA3_L, Local Cell ID=3, Cell Name=LAMP_UIO_PLATFINANCIERA3_3, eNodeB ID=43243, Cell FDD TDD indication=CELL_FDD",Reliable,1.196,0.063
2026-04-10 19:00,60,"PIC_UIO_LAMP_PLATFINANCIERA3_UL/Cell:eNodeB Function Name=PIC_UIO_LAMP_PLATFINANCIERA3_L, Local Cell ID=2, Cell Name=LAMP_UIO_PLATFINANCIERA3_2, eNodeB ID=43243, Cell FDD TDD indication=CELL_FDD",Reliable,13.298,3.78
2026-04-10 19:00,60,"PIC_UIO_LAMP_PLATFINANCIERA3_UL/Cell:eNodeB Function Name=PIC_UIO_LAMP_PLATFINANCIERA3_L, Local Cell ID=1, Cell Name=LAMP_UIO_PLATFINANCIERA3_1, eNodeB ID=43243, Cell FDD TDD indication=CELL_FDD",Reliable,3.114,0.457
2026-04-10 19:00,60,"PIC_UIO_LAMP_PLATFINANCIERA1_UL/Cell:eNodeB Function Name=PIC_UIO_LAMP_PLATFINANCIERA1_L, Local Cell ID=7, Cell Name=LAMP_UIO_PLATFINANCIERA1_7, eNodeB ID=43241, Cell FDD TDD indication=CELL_FDD",Reliable,0.001,0
2026-04-10 19:00,60,"PIC_UIO_LAMP_PLATFINANCIERA1_UL/Cell:eNodeB Function Name=PIC_UIO_LAMP_PLATFINANCIERA1_L, Local Cell ID=6, Cell Name=LAMP_UIO_PLATFINANCIERA1_6, eNodeB ID=43241, Cell FDD TDD indication=CELL_FDD",Reliable,0.278,0.046
2026-04-10 19:00,60,"PIC_UIO_LAMP_PLATFINANCIERA1_UL/Cell:eNodeB Function Name=PIC_UIO_LAMP_PLATFINANCIERA1_L, Local Cell ID=5, Cell Name=LAMP_UIO_PLATFINANCIERA1_5, eNodeB ID=43241, Cell FDD TDD indication=CELL_FDD",Reliable,1.214,0.578
2026-04-10 19:00,60,"PIC_UIO_LAMP_PLATFINANCIERA1_UL/Cell:eNodeB Function Name=PIC_UIO_LAMP_PLATFINANCIERA1_L, Local Cell ID=4, Cell Name=LAMP_UIO_PLATFINANCIERA1_4, eNodeB ID=43241, Cell FDD TDD indication=CELL_FDD",Reliable,1.289,0.141
2026-04-10 19:00,60,"PIC_UIO_LAMP_PLATFINANCIERA1_UL/Cell:eNodeB Function Name=PIC_UIO_LAMP_PLATFINANCIERA1_L, Local Cell ID=3, Cell Name=LAMP_UIO_PLATFINANCIERA1_3, eNodeB ID=43241, Cell FDD TDD indication=CELL_FDD",Reliable,0.073,0.038
2026-04-10 19:00,60,"PIC_UIO_LAMP_PLATFINANCIERA1_UL/Cell:eNodeB Function Name=PIC_UIO_LAMP_PLATFINANCIERA1_L, Local Cell ID=2, Cell Name=LAMP_UIO_PLATFINANCIERA1_2, eNodeB ID=43241, Cell FDD TDD indication=CELL_FDD",Reliable,0.293,0.03
2026-04-10 19:00,60,"PIC_UIO_LAMP_PLATFINANCIERA1_UL/Cell:eNodeB Function Name=PIC_UIO_LAMP_PLATFINANCIERA1_L, Local Cell ID=1, Cell Name=LAMP_UIO_PLATFINANCIERA1_1, eNodeB ID=43241, Cell FDD TDD indication=CELL_FDD",Reliable,4.731,0.365
2026-04-10 19:00,60,"PIC_UIO_LAMP_PLATFINANCIERA_UL/Cell:eNodeB Function Name=PIC_UIO_LAMP_PLATFINANCIERA_L, Local Cell ID=2, Cell Name=PIC_UIO_LAMP_PLATFINANCIERA_L21_2, eNodeB ID=43240, Cell FDD TDD indication=CELL_FDD",Reliable,26.504,2.955
2026-04-10 19:00,60,"PIC_UIO_LAMP_PLATFINANCIERA_UL/Cell:eNodeB Function Name=PIC_UIO_LAMP_PLATFINANCIERA_L, Local Cell ID=1, Cell Name=PIC_UIO_LAMP_PLATFINANCIERA_L21_1, eNodeB ID=43240, Cell FDD TDD indication=CELL_FDD",Reliable,261.914,24.118
2026-04-10 19:00,60,"PIC_UIO_LAMP_PLATFINANCIERA_UL/Cell:eNodeB Function Name=PIC_UIO_LAMP_PLATFINANCIERA_L, Local Cell ID=5, Cell Name=PIC_UIO_LAMP_PLATFINANCIERA_L21_5, eNodeB ID=43240, Cell FDD TDD indication=CELL_FDD",Reliable,8.354,2.745
2026-04-10 19:00,60,"PIC_UIO_LAMP_PLATFINANCIERA_UL/Cell:eNodeB Function Name=PIC_UIO_LAMP_PLATFINANCIERA_L, Local Cell ID=4, Cell Name=PIC_UIO_LAMP_PLATFINANCIERA_L21_4, eNodeB ID=43240, Cell FDD TDD indication=CELL_FDD",Reliable,0,0
2026-04-10 19:00,60,"PIC_UIO_LAMP_PLATFINANCIERA_UL/Cell:eNodeB Function Name=PIC_UIO_LAMP_PLATFINANCIERA_L, Local Cell ID=3, Cell Name=PIC_UIO_LAMP_PLATFINANCIERA_L21_3, eNodeB ID=43240, Cell FDD TDD indication=CELL_FDD",Reliable,3.92,0.609
2026-04-10 19:00,60,"SMALL_UIO_SHERATONL21/Cell:eNodeB Function Name=SMALL_UIO_SHERATONL21, Local Cell ID=1, Cell Name=SMALL_UIO_SHERATON_L21_1, eNodeB ID=43233, Cell FDD TDD indication=CELL_FDD",Reliable,95.882,12.885
2026-04-10 19:00,60,"STD_STD_SMALLCELL_BATALLON_MONTUFAR_UL/Cell:eNodeB Function Name=STD_STD_SC_BATALLON_MONTUFAR_L, Local Cell ID=0, Cell Name=STD_STD_SMALLCELL_BATALLON_MONTUFAR_L21_1, eNodeB ID=43273, Cell FDD TDD indication=CELL_FDD",Reliable,5709.439,485.616
2026-04-10 19:00,60,"IMB_IBA_003_UL (IBA_ECU911)/Cell:eNodeB Function Name=IMB_IBA_003L21 (IBA_ECU911), Local Cell ID=1, Cell Name=IMB_IBA_003_1, eNodeB ID=43542, Cell FDD TDD indication=CELL_FDD",Reliable,1801.442,166.949
2026-04-10 19:00,60,"IMB_IBA_003_UL (IBA_ECU911)/Cell:eNodeB Function Name=IMB_IBA_003L21 (IBA_ECU911), Local Cell ID=2, Cell Name=IMB_IBA_003_2, eNodeB ID=43542, Cell FDD TDD indication=CELL_FDD",Reliable,1281.135,130.58
2026-04-10 19:00,60,"IMB_IBA_003_UL (IBA_ECU911)/Cell:eNodeB Function Name=IMB_IBA_003L21 (IBA_ECU911), Local Cell ID=3, Cell Name=IMB_IBA_003_3, eNodeB ID=43542, Cell FDD TDD indication=CELL_FDD",Reliable,1519.862,273.519
2026-04-10 19:00,60,"PIC_UIO_CAPILLA_ULN/Cell:eNodeB Function Name=PIC_UIO_CAPILLA_L, Local Cell ID=1, Cell Name=PIC_UIO_CAPILLA_L21_1, eNodeB ID=44850, Cell FDD TDD indication=CELL_FDD",Reliable,3.494,0.697
2026-04-10 19:00,60,"PIC_UIO_CAPILLA_ULN/Cell:eNodeB Function Name=PIC_UIO_CAPILLA_L, Local Cell ID=2, Cell Name=PIC_UIO_CAPILLA_L21_2, eNodeB ID=44850, Cell FDD TDD indication=CELL_FDD",Reliable,661.697,124.698
2026-04-10 19:00,60,"PIC_UIO_CAPILLA_ULN/Cell:eNodeB Function Name=PIC_UIO_CAPILLA_L, Local Cell ID=3, Cell Name=PIC_UIO_CAPILLA_L21_3, eNodeB ID=44850, Cell FDD TDD indication=CELL_FDD",Reliable,84.426,7.742
2026-04-10 19:00,60,"PI_UIO_TANASA_UL/Cell:eNodeB Function Name=PIC_UIO_TANASA_L, Local Cell ID=1, Cell Name=PIC_UIO_TANASA_L21_1, eNodeB ID=44352, Cell FDD TDD indication=CELL_FDD",Reliable,1296.949,129.89
2026-04-10 19:00,60,"PI_UIO_TANASA_UL/Cell:eNodeB Function Name=PIC_UIO_TANASA_L, Local Cell ID=2, Cell Name=PIC_UIO_TANASA_L21_2, eNodeB ID=44352, Cell FDD TDD indication=CELL_FDD",Reliable,754.044,199.974
2026-04-10 19:00,60,"SD_SD_BRISAS_UL/Cell:eNodeB Function Name=SD_SD_BRISASL21, Local Cell ID=1, Cell Name=SD_SD_BRISAS_1, eNodeB ID=43534, Cell FDD TDD indication=CELL_FDD",Reliable,1951.407,257.092
2026-04-10 19:00,60,"SD_SD_BRISAS_UL/Cell:eNodeB Function Name=SD_SD_BRISASL21, Local Cell ID=2, Cell Name=SD_SD_BRISAS_2, eNodeB ID=43534, Cell FDD TDD indication=CELL_FDD",Reliable,1546.842,155.191
2026-04-10 19:00,60,"SD_SD_BRISAS_UL/Cell:eNodeB Function Name=SD_SD_BRISASL21, Local Cell ID=3, Cell Name=SD_SD_BRISAS_3, eNodeB ID=43534, Cell FDD TDD indication=CELL_FDD",Reliable,3131.378,394.552
2026-04-10 19:00,60,"SD_SD_GUAYAQUIL_UL/Cell:eNodeB Function Name=SD_SD_GUAYAQUILL21, Local Cell ID=1, Cell Name=SD_SD_GUAYAQUIL_1, eNodeB ID=43583, Cell FDD TDD indication=CELL_FDD",Reliable,155.792,974.044
2026-04-10 19:00,60,"SD_SD_GUAYAQUIL_UL/Cell:eNodeB Function Name=SD_SD_GUAYAQUILL21, Local Cell ID=2, Cell Name=SD_SD_GUAYAQUIL_2, eNodeB ID=43583, Cell FDD TDD indication=CELL_FDD",Reliable,428.093,40.614
2026-04-10 19:00,60,"SD_SD_GUAYAQUIL_UL/Cell:eNodeB Function Name=SD_SD_GUAYAQUILL21, Local Cell ID=3, Cell Name=SD_SD_GUAYAQUIL_3, eNodeB ID=43583, Cell FDD TDD indication=CELL_FDD",Reliable,520.787,63.807
2026-04-10 19:00,60,"PI_UIO_CONOCOTO_OESTE_UL/Cell:eNodeB Function Name=PI_UIO_CONOCOTO_OESTEL21, Local Cell ID=1, Cell Name=PI_UIO_CONOCOTO_OESTE_1, eNodeB ID=44209, Cell FDD TDD indication=CELL_FDD",Reliable,1961.09,167.66
2026-04-10 19:00,60,"PI_UIO_CONOCOTO_OESTE_UL/Cell:eNodeB Function Name=PI_UIO_CONOCOTO_OESTEL21, Local Cell ID=2, Cell Name=PI_UIO_CONOCOTO_OESTE_2, eNodeB ID=44209, Cell FDD TDD indication=CELL_FDD",Reliable,2549.043,201.37
2026-04-10 19:00,60,"PI_UIO_CONOCOTO_OESTE_UL/Cell:eNodeB Function Name=PI_UIO_CONOCOTO_OESTEL21, Local Cell ID=3, Cell Name=PI_UIO_CONOCOTO_OESTE_3, eNodeB ID=44209, Cell FDD TDD indication=CELL_FDD",Reliable,1952.622,201.265
2026-04-10 19:00,60,"ES_ATA_ESME_ATACAMES_NORTE_UL/Cell:eNodeB Function Name=ES_ATA_ESME_ATACAMES_NORTEL21, Local Cell ID=1, Cell Name=ES_ATA_ESME_ATACAMES_NORTE_1, eNodeB ID=43540, Cell FDD TDD indication=CELL_FDD",Reliable,202.162,17.377
2026-04-10 19:00,60,"ES_ATA_ESME_ATACAMES_NORTE_UL/Cell:eNodeB Function Name=ES_ATA_ESME_ATACAMES_NORTEL21, Local Cell ID=2, Cell Name=ES_ATA_ESME_ATACAMES_NORTE_2, eNodeB ID=43540, Cell FDD TDD indication=CELL_FDD",Reliable,284.306,35.241
2026-04-10 19:00,60,"ES_ATA_ESME_ATACAMES_NORTE_UL/Cell:eNodeB Function Name=ES_ATA_ESME_ATACAMES_NORTEL21, Local Cell ID=3, Cell Name=ES_ATA_ESME_ATACAMES_NORTE_3, eNodeB ID=43540, Cell FDD TDD indication=CELL_FDD",Reliable,607.108,50.501
2026-04-10 19:00,60,"PI_UIO_CAMANO_UL/Cell:eNodeB Function Name=PI_UIO_CAMANOL21, Local Cell ID=1, Cell Name=PI_UIO_CAMANO_1, eNodeB ID=43522, Cell FDD TDD indication=CELL_FDD",Reliable,458.159,36.638
2026-04-10 19:00,60,"PI_UIO_CAMANO_UL/Cell:eNodeB Function Name=PI_UIO_CAMANOL21, Local Cell ID=2, Cell Name=PI_UIO_CAMANO_2, eNodeB ID=43522, Cell FDD TDD indication=CELL_FDD",Reliable,139.061,118.707
2026-04-10 19:00,60,"PI_UIO_CONFITECA_UL/Cell:eNodeB Function Name=PI_UIO_CONFITECA_L, Local Cell ID=1, Cell Name=PI_UIO_CONFITECA_1, eNodeB ID=44375, Cell FDD TDD indication=CELL_FDD",Reliable,1980.396,163.904
2026-04-10 19:00,60,"PI_UIO_CONFITECA_UL/Cell:eNodeB Function Name=PI_UIO_CONFITECA_L, Local Cell ID=2, Cell Name=PI_UIO_CONFITECA_2, eNodeB ID=44375, Cell FDD TDD indication=CELL_FDD",Reliable,2383.716,647.363
2026-04-10 19:00,60,"PI_UIO_CONFITECA_UL/Cell:eNodeB Function Name=PI_UIO_CONFITECA_L, Local Cell ID=3, Cell Name=PI_UIO_CONFITECA_3, eNodeB ID=44375, Cell FDD TDD indication=CELL_FDD",Reliable,1461.561,93.545
2026-04-10 19:00,60,"PI_UIO_CONFITECA_UL/Cell:eNodeB Function Name=PI_UIO_CONFITECA_L, Local Cell ID=7, Cell Name=PI_UIO_CONFITECA_APT_7, eNodeB ID=44375, Cell FDD TDD indication=CELL_FDD",Reliable,1864.874,183.941
2026-04-10 19:00,60,"PI_UIO_CONFITECA_UL/Cell:eNodeB Function Name=PI_UIO_CONFITECA_L, Local Cell ID=8, Cell Name=PI_UIO_CONFITECA_APT_8, eNodeB ID=44375, Cell FDD TDD indication=CELL_FDD",Reliable,902.497,60.732
2026-04-10 19:00,60,"PI_UIO_CONFITECA_UL/Cell:eNodeB Function Name=PI_UIO_CONFITECA_L, Local Cell ID=9, Cell Name=PI_UIO_CONFITECA_APT_9, eNodeB ID=44375, Cell FDD TDD indication=CELL_FDD",Reliable,6481.114,633.923
2026-04-10 19:00,60,"PI_UIO_CONFITECA_UL/Cell:eNodeB Function Name=PI_UIO_CONFITECA_L, Local Cell ID=11, Cell Name=PI_UIO_CONFITECA_11, eNodeB ID=44375, Cell FDD TDD indication=CELL_FDD",Reliable,284.855,31.567
2026-04-10 19:00,60,"PI_UIO_CONFITECA_UL/Cell:eNodeB Function Name=PI_UIO_CONFITECA_L, Local Cell ID=12, Cell Name=PI_UIO_CONFITECA_12, eNodeB ID=44375, Cell FDD TDD indication=CELL_FDD",Reliable,126.708,16.074
2026-04-10 19:00,60,"PI_UIO_CONFITECA_UL/Cell:eNodeB Function Name=PI_UIO_CONFITECA_L, Local Cell ID=13, Cell Name=PI_UIO_CONFITECA_13, eNodeB ID=44375, Cell FDD TDD indication=CELL_FDD",Reliable,134.887,10.608
2026-04-10 19:00,60,"PI_UIO_LIZARZABURO_UL/Cell:eNodeB Function Name=PI_UIO_LIZARZABUROL21, Local Cell ID=1, Cell Name=PI_UIO_LIZARZABURO_1, eNodeB ID=43528, Cell FDD TDD indication=CELL_FDD",Reliable,1606.043,217.302
2026-04-10 19:00,60,"PI_UIO_LIZARZABURO_UL/Cell:eNodeB Function Name=PI_UIO_LIZARZABUROL21, Local Cell ID=2, Cell Name=PI_UIO_LIZARZABURO_2, eNodeB ID=43528, Cell FDD TDD indication=CELL_FDD",Reliable,4252.273,676.472
2026-04-10 19:00,60,"PI_UIO_LIZARZABURO_UL/Cell:eNodeB Function Name=PI_UIO_LIZARZABUROL21, Local Cell ID=3, Cell Name=PI_UIO_LIZARZABURO_3, eNodeB ID=43528, Cell FDD TDD indication=CELL_FDD",Reliable,1921.082,147.11
2026-04-10 19:00,60,"PI_UIO_NODO_1_GUAMANI_EL_EJERCITO_UL/Cell:eNodeB Function Name=PIC_UIO_NODO_1_GUAMANI_EL_EJERCITO_L, Local Cell ID=1, Cell Name=PI_UIO_NODO_1_GUAMANI_EL_EJERCITO_L21_1, eNodeB ID=44128, Cell FDD TDD indication=CELL_FDD",Reliable,502.518,44.081
2026-04-10 19:00,60,"PI_UIO_NODO_1_GUAMANI_EL_EJERCITO_UL/Cell:eNodeB Function Name=PIC_UIO_NODO_1_GUAMANI_EL_EJERCITO_L, Local Cell ID=2, Cell Name=PI_UIO_NODO_1_GUAMANI_EL_EJERCITO_L21_2, eNodeB ID=44128, Cell FDD TDD indication=CELL_FDD",Reliable,78.273,11.126
2026-04-10 19:00,60,"PI_UIO_NODO_1_GUAMANI_EL_EJERCITO_UL/Cell:eNodeB Function Name=PIC_UIO_NODO_1_GUAMANI_EL_EJERCITO_L, Local Cell ID=3, Cell Name=PI_UIO_NODO_1_GUAMANI_EL_EJERCITO_L21_3, eNodeB ID=44128, Cell FDD TDD indication=CELL_FDD",Reliable,499.541,38.224
2026-04-10 19:00,60,"PI_UIO_QUITUS_UL/Cell:eNodeB Function Name=PI_UIO_QUITUS_L, Local Cell ID=1, Cell Name=PI_UIO_QUITUS_1, eNodeB ID=43619, Cell FDD TDD indication=CELL_FDD",Reliable,2394.289,270.587
2026-04-10 19:00,60,"PI_UIO_QUITUS_UL/Cell:eNodeB Function Name=PI_UIO_QUITUS_L, Local Cell ID=2, Cell Name=PI_UIO_QUITUS_2, eNodeB ID=43619, Cell FDD TDD indication=CELL_FDD",Reliable,1126.615,94.429
2026-04-10 19:00,60,"PI_UIO_QUITUS_UL/Cell:eNodeB Function Name=PI_UIO_QUITUS_L, Local Cell ID=3, Cell Name=PI_UIO_QUITUS_3, eNodeB ID=43619, Cell FDD TDD indication=CELL_FDD",Reliable,7.576,2.192
2026-04-10 19:00,60,"PI_UIO_QUITUS_UL/Cell:eNodeB Function Name=PI_UIO_QUITUS_L, Local Cell ID=11, Cell Name=PI_UIO_QUITUS_11, eNodeB ID=43619, Cell FDD TDD indication=CELL_FDD",Reliable,375.558,60.833
2026-04-10 19:00,60,"PI_UIO_QUITUS_UL/Cell:eNodeB Function Name=PI_UIO_QUITUS_L, Local Cell ID=12, Cell Name=PI_UIO_QUITUS_12, eNodeB ID=43619, Cell FDD TDD indication=CELL_FDD",Reliable,271.684,18.362
2026-04-10 19:00,60,"PI_UIO_QUITUS_UL/Cell:eNodeB Function Name=PI_UIO_QUITUS_L, Local Cell ID=13, Cell Name=PI_UIO_QUITUS_13, eNodeB ID=43619, Cell FDD TDD indication=CELL_FDD",Reliable,6.017,4.53
2026-04-10 19:00,60,"PI_UIO_SANGOLQUI_UL/Cell:eNodeB Function Name=PIC_UIO_SANGOLQUI_L, Local Cell ID=1, Cell Name=PIC_UIO_SANGOLQUI_L21_1, eNodeB ID=44338, Cell FDD TDD indication=CELL_FDD",Reliable,6688.379,118.704
2026-04-10 19:00,60,"PI_UIO_SANGOLQUI_UL/Cell:eNodeB Function Name=PIC_UIO_SANGOLQUI_L, Local Cell ID=2, Cell Name=PIC_UIO_SANGOLQUI_L21_2, eNodeB ID=44338, Cell FDD TDD indication=CELL_FDD",Reliable,684.794,132.212
2026-04-10 19:00,60,"PI_UIO_SANGOLQUI_UL/Cell:eNodeB Function Name=PIC_UIO_SANGOLQUI_L, Local Cell ID=3, Cell Name=PIC_UIO_SANGOLQUI_L21_3, eNodeB ID=44338, Cell FDD TDD indication=CELL_FDD",Reliable,1024.262,62.598
2026-04-10 19:00,60,"PI_UIO_SCALA_MALL_UL/Cell:eNodeB Function Name=PI_UIO_SCALA_MALLL21, Local Cell ID=1, Cell Name=PI_UIO_SCALA_MALL_1, eNodeB ID=44941, Cell FDD TDD indication=CELL_FDD",Reliable,517.544,84.389
2026-04-10 19:00,60,"PI_UIO_SCALA_MALL_UL/Cell:eNodeB Function Name=PI_UIO_SCALA_MALLL21, Local Cell ID=2, Cell Name=PI_UIO_SCALA_MALL_2, eNodeB ID=44941, Cell FDD TDD indication=CELL_FDD",Reliable,826.731,160.15
2026-04-10 19:00,60,"PI_UIO_SELVA_ALEGRE_UL/Cell:eNodeB Function Name=PIC_UIO_SELVA_ALEGRE_L, Local Cell ID=1, Cell Name=PIC_UIO_SELVA_ALEGRE_L21_1, eNodeB ID=44363, Cell FDD TDD indication=CELL_FDD",Reliable,2699.803,267.944
2026-04-10 19:00,60,"PI_UIO_SELVA_ALEGRE_UL/Cell:eNodeB Function Name=PIC_UIO_SELVA_ALEGRE_L, Local Cell ID=2, Cell Name=PIC_UIO_SELVA_ALEGRE_L21_2, eNodeB ID=44363, Cell FDD TDD indication=CELL_FDD",Reliable,852.042,68.652
2026-04-10 19:00,60,"PI_UIO_SELVA_ALEGRE_UL/Cell:eNodeB Function Name=PIC_UIO_SELVA_ALEGRE_L, Local Cell ID=3, Cell Name=PIC_UIO_SELVA_ALEGRE_L21_3, eNodeB ID=44363, Cell FDD TDD indication=CELL_FDD",Reliable,387.651,29.861
2026-04-10 19:00,60,"PI_UIO_SELVA_ALEGRE_UL/Cell:eNodeB Function Name=PIC_UIO_SELVA_ALEGRE_L, Local Cell ID=7, Cell Name=PIC_UIO_SELVA_ALEGRE_L7_7, eNodeB ID=44363, Cell FDD TDD indication=CELL_FDD",Reliable,5868.976,869.713
2026-04-10 19:00,60,"PI_UIO_SELVA_ALEGRE_UL/Cell:eNodeB Function Name=PIC_UIO_SELVA_ALEGRE_L, Local Cell ID=8, Cell Name=PIC_UIO_SELVA_ALEGRE_L7_8, eNodeB ID=44363, Cell FDD TDD indication=CELL_FDD",Reliable,833.281,67.488
2026-04-10 19:00,60,"PI_UIO_SELVA_ALEGRE_UL/Cell:eNodeB Function Name=PIC_UIO_SELVA_ALEGRE_L, Local Cell ID=9, Cell Name=PIC_UIO_SELVA_ALEGRE_L7_9, eNodeB ID=44363, Cell FDD TDD indication=CELL_FDD",Reliable,3779.899,428.919
2026-04-10 19:00,60,"SD_SD_TULCAN_UL/Cell:eNodeB Function Name=SD_SD_TULCANL21, Local Cell ID=1, Cell Name=SD_SD_TULCAN_1, eNodeB ID=43553, Cell FDD TDD indication=CELL_FDD",Reliable,970.24,442.708
2026-04-10 19:00,60,"SD_SD_TULCAN_UL/Cell:eNodeB Function Name=SD_SD_TULCANL21, Local Cell ID=2, Cell Name=SD_SD_TULCAN_2, eNodeB ID=43553, Cell FDD TDD indication=CELL_FDD",Reliable,557.726,189.845
2026-04-10 19:00,60,"SD_SD_TULCAN_UL/Cell:eNodeB Function Name=SD_SD_TULCANL21, Local Cell ID=3, Cell Name=SD_SD_TULCAN_3, eNodeB ID=43553, Cell FDD TDD indication=CELL_FDD",Reliable,771.828,70.952
2026-04-10 19:00,60,"STD_STD_002_UL(STD_LA_MADRE)/Cell:eNodeB Function Name=STD_STD_002L21 (STD_LA_MADRE), Local Cell ID=1, Cell Name=STD_STD_002_1, eNodeB ID=43535, Cell FDD TDD indication=CELL_FDD",Reliable,941.8,122.328
2026-04-10 19:00,60,"STD_STD_002_UL(STD_LA_MADRE)/Cell:eNodeB Function Name=STD_STD_002L21 (STD_LA_MADRE), Local Cell ID=2, Cell Name=STD_STD_002_2, eNodeB ID=43535, Cell FDD TDD indication=CELL_FDD",Reliable,1970.762,168.972
2026-04-10 19:00,60,"STD_STD_002_UL(STD_LA_MADRE)/Cell:eNodeB Function Name=STD_STD_002L21 (STD_LA_MADRE), Local Cell ID=3, Cell Name=STD_STD_002_3, eNodeB ID=43535, Cell FDD TDD indication=CELL_FDD",Reliable,1945.48,136.85
2026-04-10 19:00,60,"EASYMACRO_PILE/Cell:eNodeB Function Name=MA_MO_EASYMACRO_PILEL21, Local Cell ID=2, Cell Name=MA_MO_EASYMACRO_PILE2, eNodeB ID=43276, Cell FDD TDD indication=CELL_FDD",Reliable,101.865,9.325
2026-04-10 19:00,60,"EASYMACRO_PILE/Cell:eNodeB Function Name=MA_MO_EASYMACRO_PILEL21, Local Cell ID=1, Cell Name=MA_MO_EASYMACRO_PILE1, eNodeB ID=43276, Cell FDD TDD indication=CELL_FDD",Reliable,100.532,18.639
2026-04-10 19:00,60,"PIC_UIO_LAMP_SOCIAL1_UL/Cell:eNodeB Function Name=PIC_UIO_LAMP_SOCIAL1_L, Local Cell ID=7, Cell Name=PI_UIO_LAMP_SOCIAL1_7, eNodeB ID=43253, Cell FDD TDD indication=CELL_FDD",Reliable,1.379,0.067
2026-04-10 19:00,60,"PIC_UIO_LAMP_SOCIAL1_UL/Cell:eNodeB Function Name=PIC_UIO_LAMP_SOCIAL1_L, Local Cell ID=6, Cell Name=PI_UIO_LAMP_SOCIAL1_6, eNodeB ID=43253, Cell FDD TDD indication=CELL_FDD",Reliable,7.041,0.64
2026-04-10 19:00,60,"PIC_UIO_LAMP_SOCIAL1_UL/Cell:eNodeB Function Name=PIC_UIO_LAMP_SOCIAL1_L, Local Cell ID=5, Cell Name=PI_UIO_LAMP_SOCIAL1_5, eNodeB ID=43253, Cell FDD TDD indication=CELL_FDD",Reliable,30.191,2.663
2026-04-10 19:00,60,"PIC_UIO_LAMP_SOCIAL1_UL/Cell:eNodeB Function Name=PIC_UIO_LAMP_SOCIAL1_L, Local Cell ID=4, Cell Name=PI_UIO_LAMP_SOCIAL1_4, eNodeB ID=43253, Cell FDD TDD indication=CELL_FDD",Reliable,3.172,0.684
2026-04-10 19:00,60,"PIC_UIO_LAMP_SOCIAL1_UL/Cell:eNodeB Function Name=PIC_UIO_LAMP_SOCIAL1_L, Local Cell ID=3, Cell Name=PI_UIO_LAMP_SOCIAL1_3, eNodeB ID=43253, Cell FDD TDD indication=CELL_FDD",Reliable,47.498,5.317
2026-04-10 19:00,60,"PIC_UIO_LAMP_SOCIAL1_UL/Cell:eNodeB Function Name=PIC_UIO_LAMP_SOCIAL1_L, Local Cell ID=2, Cell Name=PI_UIO_LAMP_SOCIAL1_2, eNodeB ID=43253, Cell FDD TDD indication=CELL_FDD",Reliable,6.166,0.816
2026-04-10 19:00,60,"PIC_UIO_LAMP_SOCIAL1_UL/Cell:eNodeB Function Name=PIC_UIO_LAMP_SOCIAL1_L, Local Cell ID=1, Cell Name=PI_UIO_LAMP_SOCIAL1_1, eNodeB ID=43253, Cell FDD TDD indication=CELL_FDD",Reliable,5.55,0.911
2026-04-10 19:00,60,"PIC_UIO_LAMP_SOCIAL1_UL/Cell:eNodeB Function Name=PIC_UIO_LAMP_SOCIAL1_L, Local Cell ID=10, Cell Name=PI_UIO_LAMP_SOCIAL1_10, eNodeB ID=43253, Cell FDD TDD indication=CELL_FDD",Reliable,0.032,0.014
2026-04-10 19:00,60,"PIC_UIO_LAMP_SOCIAL1_UL/Cell:eNodeB Function Name=PIC_UIO_LAMP_SOCIAL1_L, Local Cell ID=11, Cell Name=PI_UIO_LAMP_SOCIAL1_11, eNodeB ID=43253, Cell FDD TDD indication=CELL_FDD",Reliable,0.017,0.009
2026-04-10 19:00,60,"PIC_UIO_LAMP_SOCIAL1_UL/Cell:eNodeB Function Name=PIC_UIO_LAMP_SOCIAL1_L, Local Cell ID=8, Cell Name=PI_UIO_LAMP_SOCIAL1_8, eNodeB ID=43253, Cell FDD TDD indication=CELL_FDD",Reliable,0.487,0.045
2026-04-10 19:00,60,"PIC_UIO_LAMP_SOCIAL1_UL/Cell:eNodeB Function Name=PIC_UIO_LAMP_SOCIAL1_L, Local Cell ID=9, Cell Name=PI_UIO_LAMP_SOCIAL1_9, eNodeB ID=43253, Cell FDD TDD indication=CELL_FDD",Reliable,42.178,30.676
2026-04-10 19:00,60,"PIC_UIO_LAMP_SOCIAL2_UL/Cell:eNodeB Function Name=PIC_UIO_LAMP_SOCIAL2_L, Local Cell ID=5, Cell Name=PIC_UIO_LAMP_SOCIAL2_L21_5, eNodeB ID=43254, Cell FDD TDD indication=CELL_FDD",Reliable,12.478,0.441
2026-04-10 19:00,60,"PIC_UIO_LAMP_SOCIAL2_UL/Cell:eNodeB Function Name=PIC_UIO_LAMP_SOCIAL2_L, Local Cell ID=4, Cell Name=PIC_UIO_LAMP_SOCIAL2_L21_4, eNodeB ID=43254, Cell FDD TDD indication=CELL_FDD",Reliable,20.751,10.329
2026-04-10 19:00,60,"PIC_UIO_LAMP_SOCIAL2_UL/Cell:eNodeB Function Name=PIC_UIO_LAMP_SOCIAL2_L, Local Cell ID=3, Cell Name=PIC_UIO_LAMP_SOCIAL2_L21_3, eNodeB ID=43254, Cell FDD TDD indication=CELL_FDD",Reliable,1.197,0.535
2026-04-10 19:00,60,"PIC_UIO_LAMP_SOCIAL2_UL/Cell:eNodeB Function Name=PIC_UIO_LAMP_SOCIAL2_L, Local Cell ID=2, Cell Name=PIC_UIO_LAMP_SOCIAL2_L21_2, eNodeB ID=43254, Cell FDD TDD indication=CELL_FDD",Reliable,393.337,15.786
2026-04-10 19:00,60,"PIC_UIO_LAMP_SOCIAL2_UL/Cell:eNodeB Function Name=PIC_UIO_LAMP_SOCIAL2_L, Local Cell ID=1, Cell Name=PIC_UIO_LAMP_SOCIAL2_L21_1, eNodeB ID=43254, Cell FDD TDD indication=CELL_FDD",Reliable,0.002,0.001
2026-04-10 19:00,60,"CIS_QUICENTRO_SUR_LTEL21/Cell:eNodeB Function Name=CIS_QUICENTRO_SUR_LTEL21, Local Cell ID=1, Cell Name=CIS_QUICENTRO_SUR_LTE_L21_1, eNodeB ID=43282, Cell FDD TDD indication=CELL_FDD",Reliable,1155.363,135.631
2026-04-10 19:00,60,"PIC_UIO_CIUDAD_FUTURA_UL/Cell:eNodeB Function Name=PIC_UIO_CIUDAD_FUTURA_L, Local Cell ID=8, Cell Name=PIC_UIO_CIUDAD_FUTURA_APT_8, eNodeB ID=43560, Cell FDD TDD indication=CELL_FDD",Reliable,3916.708,420.053
2026-04-10 19:00,60,"PIC_UIO_CIUDAD_FUTURA_UL/Cell:eNodeB Function Name=PIC_UIO_CIUDAD_FUTURA_L, Local Cell ID=7, Cell Name=PIC_UIO_CIUDAD_FUTURA_APT_7, eNodeB ID=43560, Cell FDD TDD indication=CELL_FDD",Reliable,2708.561,299.062
2026-04-10 19:00,60,"PIC_UIO_QUITUMBE_NAN_UL/Cell:eNodeB Function Name=PIC_UIO_QUITUMBE_NAN_L, Local Cell ID=9, Cell Name=PIC_UIO_QUITUMBE_NAN_APT_9, eNodeB ID=43631, Cell FDD TDD indication=CELL_FDD",Reliable,3855.967,413.82
2026-04-10 19:00,60,"PIC_UIO_QUITUMBE_NAN_UL/Cell:eNodeB Function Name=PIC_UIO_QUITUMBE_NAN_L, Local Cell ID=8, Cell Name=PIC_UIO_QUITUMBE_NAN_APT_8, eNodeB ID=43631, Cell FDD TDD indication=CELL_FDD",Reliable,3599.027,466.706
2026-04-10 19:00,60,"PIC_UIO_QUITUMBE_NAN_UL/Cell:eNodeB Function Name=PIC_UIO_QUITUMBE_NAN_L, Local Cell ID=7, Cell Name=PIC_UIO_QUITUMBE_NAN_APT_7, eNodeB ID=43631, Cell FDD TDD indication=CELL_FDD",Reliable,2851.583,334.794
2026-04-10 19:00,60,"PIC_UIO_LA_SANTIAGO_UL/Cell:eNodeB Function Name=PIC_UIO_LA_SANTIAGO_L, Local Cell ID=9, Cell Name=PIC_UIO_LA_SANTIAGO_APT_9, eNodeB ID=43629, Cell FDD TDD indication=CELL_FDD",Reliable,4742.153,610.641
2026-04-10 19:00,60,"PIC_UIO_LA_SANTIAGO_UL/Cell:eNodeB Function Name=PIC_UIO_LA_SANTIAGO_L, Local Cell ID=8, Cell Name=PIC_UIO_LA_SANTIAGO_APT_8, eNodeB ID=43629, Cell FDD TDD indication=CELL_FDD",Reliable,4415.364,772.013
2026-04-10 19:00,60,"PIC_UIO_LA_SANTIAGO_UL/Cell:eNodeB Function Name=PIC_UIO_LA_SANTIAGO_L, Local Cell ID=7, Cell Name=PIC_UIO_LA_SANTIAGO_APT_7, eNodeB ID=43629, Cell FDD TDD indication=CELL_FDD",Reliable,3602.563,383.179
2026-04-10 19:00,60,"PIC_UIO_LAS_CUADRAS_UL/Cell:eNodeB Function Name=PIC_UIO_LAS_CUADRAS_L, Local Cell ID=9, Cell Name=PIC_UIO_LAS_CUADRAS_APT_9, eNodeB ID=43548, Cell FDD TDD indication=CELL_FDD",Reliable,2859.322,398.573
2026-04-10 19:00,60,"PIC_UIO_LAS_CUADRAS_UL/Cell:eNodeB Function Name=PIC_UIO_LAS_CUADRAS_L, Local Cell ID=8, Cell Name=PIC_UIO_LAS_CUADRAS_APT_8, eNodeB ID=43548, Cell FDD TDD indication=CELL_FDD",Reliable,2516.203,350.74
2026-04-10 19:00,60,"PIC_UIO_LAS_CUADRAS_UL/Cell:eNodeB Function Name=PIC_UIO_LAS_CUADRAS_L, Local Cell ID=7, Cell Name=PIC_UIO_LAS_CUADRAS_APT_7, eNodeB ID=43548, Cell FDD TDD indication=CELL_FDD",Reliable,2375.307,251.922
2026-04-10 19:00,60,"PIC_UIO_BORBON_UL/Cell:eNodeB Function Name=PIC_UIO_BORBON_L, Local Cell ID=9, Cell Name=PIC_UIO_BORBON_APT_9, eNodeB ID=43559, Cell FDD TDD indication=CELL_FDD",Reliable,6253.856,749.859
2026-04-10 19:00,60,"PIC_UIO_BORBON_UL/Cell:eNodeB Function Name=PIC_UIO_BORBON_L, Local Cell ID=8, Cell Name=PIC_UIO_BORBON_APT_8, eNodeB ID=43559, Cell FDD TDD indication=CELL_FDD",Reliable,2322.921,258.254
2026-04-10 19:00,60,"PIC_UIO_BORBON_UL/Cell:eNodeB Function Name=PIC_UIO_BORBON_L, Local Cell ID=7, Cell Name=PIC_UIO_BORBON_APT_7, eNodeB ID=43559, Cell FDD TDD indication=CELL_FDD",Reliable,7598.314,963.309
2026-04-10 19:00,60,"PIC_UIO_ANA_PAREDES_UL/Cell:eNodeB Function Name=PIC_UIO_ANA_PAREDES_L, Local Cell ID=9, Cell Name=PIC_UIO_ANA_PAREDES_APT_9, eNodeB ID=43543, Cell FDD TDD indication=CELL_FDD",Reliable,1521.478,297.399
2026-04-10 19:00,60,"PIC_UIO_ANA_PAREDES_UL/Cell:eNodeB Function Name=PIC_UIO_ANA_PAREDES_L, Local Cell ID=8, Cell Name=PIC_UIO_ANA_PAREDES_APT_8, eNodeB ID=43543, Cell FDD TDD indication=CELL_FDD",Reliable,1855.501,421.835
2026-04-10 19:00,60,"PIC_UIO_ANA_PAREDES_UL/Cell:eNodeB Function Name=PIC_UIO_ANA_PAREDES_L, Local Cell ID=7, Cell Name=PIC_UIO_ANA_PAREDES_APT_7, eNodeB ID=43543, Cell FDD TDD indication=CELL_FDD",Reliable,1682.322,146.104
2026-04-10 19:00,60,"PIC_UIO_CUSCUNGO_UL/Cell:eNodeB Function Name=PIC_UIO_CUSCUNGO_L, Local Cell ID=9, Cell Name=PIC_UIO_CUSCUNGO_APT_9, eNodeB ID=43600, Cell FDD TDD indication=CELL_FDD",Reliable,7131.206,721.515
2026-04-10 19:00,60,"PIC_UIO_CUSCUNGO_UL/Cell:eNodeB Function Name=PIC_UIO_CUSCUNGO_L, Local Cell ID=8, Cell Name=PIC_UIO_CUSCUNGO_APT_8, eNodeB ID=43600, Cell FDD TDD indication=CELL_FDD",Reliable,6515.68,896.277
2026-04-10 19:00,60,"PIC_UIO_CUSCUNGO_UL/Cell:eNodeB Function Name=PIC_UIO_CUSCUNGO_L, Local Cell ID=7, Cell Name=PIC_UIO_CUSCUNGO_APT_7, eNodeB ID=43600, Cell FDD TDD indication=CELL_FDD",Reliable,3044.9,421.762
2026-04-10 19:00,60,"PIC_UIO_YAGUACHI_UL/Cell:eNodeB Function Name=PIC_UIO_YAGUACHI_L, Local Cell ID=8, Cell Name=PIC_UIO_YAGUACHI_APT_8, eNodeB ID=43539, Cell FDD TDD indication=CELL_FDD",Reliable,4672.73,575.29
2026-04-10 19:00,60,"PIC_UIO_YAGUACHI_UL/Cell:eNodeB Function Name=PIC_UIO_YAGUACHI_L, Local Cell ID=7, Cell Name=PIC_UIO_YAGUACHI_APT_7, eNodeB ID=43539, Cell FDD TDD indication=CELL_FDD",Reliable,2925.534,238.637
2026-04-10 19:00,60,"PIC_UIO_MONJAS_ALTO_UL/Cell:eNodeB Function Name=PIC_UIO_MONJAS_ALTO_L, Local Cell ID=8, Cell Name=PIC_UIO_MONJAS_ALTO_APT_8, eNodeB ID=43525, Cell FDD TDD indication=CELL_FDD",Reliable,2879.556,256.329
2026-04-10 19:00,60,"PIC_UIO_MONJAS_ALTO_UL/Cell:eNodeB Function Name=PIC_UIO_MONJAS_ALTO_L, Local Cell ID=7, Cell Name=PIC_UIO_MONJAS_ALTO_APT_7, eNodeB ID=43525, Cell FDD TDD indication=CELL_FDD",Reliable,4765.51,439.596
2026-04-10 19:00,60,"PIC_UIO_SOLANDA_NORTE_UL/Cell:eNodeB Function Name=PIC_UIO_SOLANDA_NORTE_L, Local Cell ID=9, Cell Name=PIC_UIO_SOLANDA_NORTE_APT_9, eNodeB ID=43609, Cell FDD TDD indication=CELL_FDD",Reliable,3761.015,479.838
2026-04-10 19:00,60,"PIC_UIO_SOLANDA_NORTE_UL/Cell:eNodeB Function Name=PIC_UIO_SOLANDA_NORTE_L, Local Cell ID=8, Cell Name=PIC_UIO_SOLANDA_NORTE_APT_8, eNodeB ID=43609, Cell FDD TDD indication=CELL_FDD",Reliable,4313.372,593.01
2026-04-10 19:00,60,"PIC_UIO_SOLANDA_NORTE_UL/Cell:eNodeB Function Name=PIC_UIO_SOLANDA_NORTE_L, Local Cell ID=7, Cell Name=PIC_UIO_SOLANDA_NORTE_APT_7, eNodeB ID=43609, Cell FDD TDD indication=CELL_FDD",Reliable,4159.751,606.002
2026-04-10 19:00,60,"PIC_UIO_PUEBLO_UNIDO_UL/Cell:eNodeB Function Name=PIC_UIO_PUEBLO_UNIDO_L, Local Cell ID=8, Cell Name=PIC_UIO_PUEBLO_UNIDO_APT_8, eNodeB ID=43562, Cell FDD TDD indication=CELL_FDD",Reliable,2119.863,231.717
2026-04-10 19:00,60,"PIC_UIO_PUEBLO_UNIDO_UL/Cell:eNodeB Function Name=PIC_UIO_PUEBLO_UNIDO_L, Local Cell ID=7, Cell Name=PIC_UIO_PUEBLO_UNIDO_APT_7, eNodeB ID=43562, Cell FDD TDD indication=CELL_FDD",Reliable,2661.62,288.77
2026-04-10 19:00,60,"PIC_UIO_QUIMIAG_UL/Cell:eNodeB Function Name=PIC_UIO_QUIMIAG_L, Local Cell ID=9, Cell Name=PIC_UIO_QUIMIAG_APT_9, eNodeB ID=43563, Cell FDD TDD indication=CELL_FDD",Reliable,3883.702,641.373
2026-04-10 19:00,60,"PIC_UIO_QUIMIAG_UL/Cell:eNodeB Function Name=PIC_UIO_QUIMIAG_L, Local Cell ID=8, Cell Name=PIC_UIO_QUIMIAG_APT_8, eNodeB ID=43563, Cell FDD TDD indication=CELL_FDD",Reliable,2988.849,742.902
2026-04-10 19:00,60,"PIC_UIO_QUIMIAG_UL/Cell:eNodeB Function Name=PIC_UIO_QUIMIAG_L, Local Cell ID=7, Cell Name=PIC_UIO_QUIMIAG_APT_7, eNodeB ID=43563, Cell FDD TDD indication=CELL_FDD",Reliable,3895.996,433.292
2026-04-10 19:00,60,"PIC_UIO_CONDOR_NAN_UL/Cell:eNodeB Function Name=PIC_UIO_CONDOR_NAN_L, Local Cell ID=7, Cell Name=PIC_UIO_CONDOR_NAN_APT_7, eNodeB ID=44217, Cell FDD TDD indication=CELL_FDD",Reliable,3065.425,354.937
2026-04-10 19:00,60,"PIC_UIO_CONDOR_NAN_UL/Cell:eNodeB Function Name=PIC_UIO_CONDOR_NAN_L, Local Cell ID=8, Cell Name=PIC_UIO_CONDOR_NAN_APT_8, eNodeB ID=44217, Cell FDD TDD indication=CELL_FDD",Reliable,2012.595,266.925
2026-04-10 19:00,60,"PIC_UIO_CONDOR_NAN_UL/Cell:eNodeB Function Name=PIC_UIO_CONDOR_NAN_L, Local Cell ID=9, Cell Name=PIC_UIO_CONDOR_NAN_APT_9, eNodeB ID=44217, Cell FDD TDD indication=CELL_FDD",Reliable,3589.445,380.09
2026-04-10 19:00,60,"PIC_UIO_HACIENDA_ORTEGA_UL/Cell:eNodeB Function Name=PIC_UIO_HACIENDA_ORTEGA_L, Local Cell ID=7, Cell Name=PIC_UIO_HACIENDA_ORTEGA_L7_7, eNodeB ID=44252, Cell FDD TDD indication=CELL_FDD",Reliable,4608.032,671.697
2026-04-10 19:00,60,"PIC_UIO_HACIENDA_ORTEGA_UL/Cell:eNodeB Function Name=PIC_UIO_HACIENDA_ORTEGA_L, Local Cell ID=8, Cell Name=PIC_UIO_HACIENDA_ORTEGA_L7_8, eNodeB ID=44252, Cell FDD TDD indication=CELL_FDD",Reliable,4109.58,410.152
2026-04-10 19:00,60,"PIC_UIO_HACIENDA_ORTEGA_UL/Cell:eNodeB Function Name=PIC_UIO_HACIENDA_ORTEGA_L, Local Cell ID=9, Cell Name=PIC_UIO_HACIENDA_ORTEGA_L7_9, eNodeB ID=44252, Cell FDD TDD indication=CELL_FDD",Reliable,2968.125,295.172
2026-04-10 19:00,60,"PIC_UIO_SALVADOR_ALLENDE_UL/Cell:eNodeB Function Name=PIC_UIO_SALVADOR_ALLENDE_L, Local Cell ID=7, Cell Name=PIC_UIO_SALVADOR_ALLENDE_L7_7, eNodeB ID=44185, Cell FDD TDD indication=CELL_FDD",Reliable,2157.692,180.166
2026-04-10 19:00,60,"PIC_UIO_SALVADOR_ALLENDE_UL/Cell:eNodeB Function Name=PIC_UIO_SALVADOR_ALLENDE_L, Local Cell ID=8, Cell Name=PIC_UIO_SALVADOR_ALLENDE_L7_8, eNodeB ID=44185, Cell FDD TDD indication=CELL_FDD",Reliable,2465.69,220.339
2026-04-10 19:00,60,"PIC_UIO_SALVADOR_ALLENDE_UL/Cell:eNodeB Function Name=PIC_UIO_SALVADOR_ALLENDE_L, Local Cell ID=9, Cell Name=PIC_UIO_SALVADOR_ALLENDE_L7_9, eNodeB ID=44185, Cell FDD TDD indication=CELL_FDD",Reliable,2178.352,438.212
2026-04-10 19:00,60,"PIC_UIO_MARTHA_BUCARAM_UL/Cell:eNodeB Function Name=PIC_UIO_MARTHA_BUCARAM_L, Local Cell ID=7, Cell Name=PIC_UIO_MARTHA_BUCARAM_L7_7, eNodeB ID=44353, Cell FDD TDD indication=CELL_FDD",Reliable,1292.566,118.043
2026-04-10 19:00,60,"PIC_UIO_MARTHA_BUCARAM_UL/Cell:eNodeB Function Name=PIC_UIO_MARTHA_BUCARAM_L, Local Cell ID=8, Cell Name=PIC_UIO_MARTHA_BUCARAM_L7_8, eNodeB ID=44353, Cell FDD TDD indication=CELL_FDD",Reliable,384.041,30.545
2026-04-10 19:00,60,"PIC_UIO_MARTHA_BUCARAM_UL/Cell:eNodeB Function Name=PIC_UIO_MARTHA_BUCARAM_L, Local Cell ID=9, Cell Name=PIC_UIO_MARTHA_BUCARAM_L7_9, eNodeB ID=44353, Cell FDD TDD indication=CELL_FDD",Reliable,3118.891,321.189
2026-04-10 19:00,60,"PIC_UIO_CUTUGLAHUA_UL/Cell:eNodeB Function Name=PIC_MEJ_CUTUGLAHUA_L, Local Cell ID=7, Cell Name=PIC_MEJ_CUTUGLAHUA_L7_7, eNodeB ID=44109, Cell FDD TDD indication=CELL_FDD",Reliable,1214.516,137.521
2026-04-10 19:00,60,"PIC_UIO_CUTUGLAHUA_UL/Cell:eNodeB Function Name=PIC_MEJ_CUTUGLAHUA_L, Local Cell ID=8, Cell Name=PIC_MEJ_CUTUGLAHUA_L7_8, eNodeB ID=44109, Cell FDD TDD indication=CELL_FDD",Reliable,3831.757,279.053
2026-04-10 19:00,60,"PIC_UIO_CUTUGLAHUA_UL/Cell:eNodeB Function Name=PIC_MEJ_CUTUGLAHUA_L, Local Cell ID=9, Cell Name=PIC_MEJ_CUTUGLAHUA_L7_9, eNodeB ID=44109, Cell FDD TDD indication=CELL_FDD",Reliable,2294.796,402.21
2026-04-10 19:00,60,"PIC_UIO_SAN_FERNANDO_UL/Cell:eNodeB Function Name=PIC_UIO_SAN_FERNANDO_L, Local Cell ID=7, Cell Name=PIC_UIO_SAN_FERNANDO_L7_7, eNodeB ID=44186, Cell FDD TDD indication=CELL_FDD",Reliable,3641.818,643.696
2026-04-10 19:00,60,"PIC_UIO_SAN_FERNANDO_UL/Cell:eNodeB Function Name=PIC_UIO_SAN_FERNANDO_L, Local Cell ID=8, Cell Name=PIC_UIO_SAN_FERNANDO_L7_8, eNodeB ID=44186, Cell FDD TDD indication=CELL_FDD",Reliable,3233.059,454.003
2026-04-10 19:00,60,"PIC_UIO_SAN_FERNANDO_UL/Cell:eNodeB Function Name=PIC_UIO_SAN_FERNANDO_L, Local Cell ID=9, Cell Name=PIC_UIO_SAN_FERNANDO_L7_9, eNodeB ID=44186, Cell FDD TDD indication=CELL_FDD",Reliable,4021.138,353.017
2026-04-10 19:00,60,"PIC_UIO_EL_CONDE_UL/Cell:eNodeB Function Name=PIC_UIO_EL_CONDE_L, Local Cell ID=7, Cell Name=PIC_UIO_EL_CONDE_L7_7, eNodeB ID=44354, Cell FDD TDD indication=CELL_FDD",Reliable,1789.637,168.69
2026-04-10 19:00,60,"PIC_UIO_EL_CONDE_UL/Cell:eNodeB Function Name=PIC_UIO_EL_CONDE_L, Local Cell ID=8, Cell Name=PIC_UIO_EL_CONDE_L7_8, eNodeB ID=44354, Cell FDD TDD indication=CELL_FDD",Reliable,374.683,42.921
2026-04-10 19:00,60,"PIC_UIO_EL_CONDE_UL/Cell:eNodeB Function Name=PIC_UIO_EL_CONDE_L, Local Cell ID=9, Cell Name=PIC_UIO_EL_CONDE_L7_9, eNodeB ID=44354, Cell FDD TDD indication=CELL_FDD",Reliable,1599.04,202.108
2026-04-10 19:00,60,"PIC_UIO_FERROVIARIA_UL/Cell:eNodeB Function Name=PIC_UIO_FERROVIARIA_L, Local Cell ID=7, Cell Name=PIC_UIO_FERROVIARIA_APT_7, eNodeB ID=44284, Cell FDD TDD indication=CELL_FDD",Reliable,5062.848,989.036
2026-04-10 19:00,60,"PIC_UIO_FERROVIARIA_UL/Cell:eNodeB Function Name=PIC_UIO_FERROVIARIA_L, Local Cell ID=8, Cell Name=PIC_UIO_FERROVIARIA_APT_8, eNodeB ID=44284, Cell FDD TDD indication=CELL_FDD",Reliable,699.831,142.197
2026-04-10 19:00,60,"PIC_UIO_FERROVIARIA_UL/Cell:eNodeB Function Name=PIC_UIO_FERROVIARIA_L, Local Cell ID=9, Cell Name=PIC_UIO_FERROVIARIA_APT_9, eNodeB ID=44284, Cell FDD TDD indication=CELL_FDD",Reliable,1686.696,161.069
2026-04-10 19:00,60,"PIC_UIO_BUENA_AVENTURA_UL/Cell:eNodeB Function Name=PIC_UIO_BUENA_AVENTURA_L, Local Cell ID=7, Cell Name=PIC_UIO_BUENA_AVENTURA_APT_7, eNodeB ID=44350, Cell FDD TDD indication=CELL_FDD",Reliable,590.525,71.074
2026-04-10 19:00,60,"PIC_UIO_BUENA_AVENTURA_UL/Cell:eNodeB Function Name=PIC_UIO_BUENA_AVENTURA_L, Local Cell ID=8, Cell Name=PIC_UIO_BUENA_AVENTURA_APT_8, eNodeB ID=44350, Cell FDD TDD indication=CELL_FDD",Reliable,1042.725,80.445
2026-04-10 19:00,60,"PIC_UIO_VIA_PINTAG_UL/Cell:eNodeB Function Name=PIC_UIO_VIA_PINTAGL21, Local Cell ID=7, Cell Name=PIC_UIO_VIA_PINTAG_APT_7, eNodeB ID=44280, Cell FDD TDD indication=CELL_FDD",Reliable,2599.451,366.398
2026-04-10 19:00,60,"PIC_UIO_VIA_PINTAG_UL/Cell:eNodeB Function Name=PIC_UIO_VIA_PINTAGL21, Local Cell ID=8, Cell Name=PIC_UIO_VIA_PINTAG_APT_8, eNodeB ID=44280, Cell FDD TDD indication=CELL_FDD",Reliable,4147.49,414.488
2026-04-10 19:00,60,"PIC_UIO_VIA_PINTAG_UL/Cell:eNodeB Function Name=PIC_UIO_VIA_PINTAGL21, Local Cell ID=9, Cell Name=PIC_UIO_VIA_PINTAG_APT_9, eNodeB ID=44280, Cell FDD TDD indication=CELL_FDD",Reliable,2704.859,367.603
2026-04-10 19:00,60,"PIC_UIO_ANGOCHAGUA_TRR_UL/Cell:eNodeB Function Name=PIC_UIO_ANGOCHAGUA_TRR_L, Local Cell ID=7, Cell Name=PIC_UIO_ANGOCHAGUA_TRR_APT_7, eNodeB ID=44849, Cell FDD TDD indication=CELL_FDD",Reliable,3608.787,403.515
2026-04-10 19:00,60,"PIC_UIO_ANGOCHAGUA_TRR_UL/Cell:eNodeB Function Name=PIC_UIO_ANGOCHAGUA_TRR_L, Local Cell ID=8, Cell Name=PIC_UIO_ANGOCHAGUA_TRR_APT_8, eNodeB ID=44849, Cell FDD TDD indication=CELL_FDD",Reliable,838.387,152.814
2026-04-10 19:00,60,"PIC_UIO_ANGOCHAGUA_TRR_UL/Cell:eNodeB Function Name=PIC_UIO_ANGOCHAGUA_TRR_L, Local Cell ID=9, Cell Name=PIC_UIO_ANGOCHAGUA_TRR_APT_9, eNodeB ID=44849, Cell FDD TDD indication=CELL_FDD",Reliable,2737.123,234.461
2026-04-10 19:00,60,"PIC_UIO_PANECILLO_UL/Cell:eNodeB Function Name=PIC_UIO_PANECILLO_L, Local Cell ID=7, Cell Name=PIC_UIO_PANECILLO_APT_7, eNodeB ID=44014, Cell FDD TDD indication=CELL_FDD",Reliable,4047.788,454.999
2026-04-10 19:00,60,"PIC_UIO_PANECILLO_UL/Cell:eNodeB Function Name=PIC_UIO_PANECILLO_L, Local Cell ID=8, Cell Name=PIC_UIO_PANECILLO_APT_8, eNodeB ID=44014, Cell FDD TDD indication=CELL_FDD",Reliable,3825.286,387.03
2026-04-10 19:00,60,"PIC_CHI_COLIBRI_UL/Cell:eNodeB Function Name=PIC_RUM_COLIBRI_L, Local Cell ID=7, Cell Name=PIC_RUM_COLIBRI_L7_7, eNodeB ID=44130, Cell FDD TDD indication=CELL_FDD",Reliable,1476.238,141.921
2026-04-10 19:00,60,"PIC_CHI_COLIBRI_UL/Cell:eNodeB Function Name=PIC_RUM_COLIBRI_L, Local Cell ID=8, Cell Name=PIC_RUM_COLIBRI_L7_8, eNodeB ID=44130, Cell FDD TDD indication=CELL_FDD",Reliable,7219.876,882.017
2026-04-10 19:00,60,"PIC_CHI_COLIBRI_UL/Cell:eNodeB Function Name=PIC_RUM_COLIBRI_L, Local Cell ID=9, Cell Name=PIC_RUM_COLIBRI_L7_9, eNodeB ID=44130, Cell FDD TDD indication=CELL_FDD",Reliable,3702.237,285.43
2026-04-10 19:00,60,"PIC_UIO_ZAPOTILLO_UL/Cell:eNodeB Function Name=PIC_UIO_ZAPOTILLOL21, Local Cell ID=7, Cell Name=PIC_UIO_ZAPOTILLO_APT_7, eNodeB ID=44342, Cell FDD TDD indication=CELL_FDD",Reliable,4425.419,470.291
2026-04-10 19:00,60,"PIC_UIO_ZAPOTILLO_UL/Cell:eNodeB Function Name=PIC_UIO_ZAPOTILLOL21, Local Cell ID=8, Cell Name=PIC_UIO_ZAPOTILLO_APT_8, eNodeB ID=44342, Cell FDD TDD indication=CELL_FDD",Reliable,2446.98,681.478
2026-04-10 19:00,60,"PIC_UIO_ZAPOTILLO_UL/Cell:eNodeB Function Name=PIC_UIO_ZAPOTILLOL21, Local Cell ID=9, Cell Name=PIC_UIO_ZAPOTILLO_APT_9, eNodeB ID=44342, Cell FDD TDD indication=CELL_FDD",Reliable,3123.619,623.405
2026-04-10 19:00,60,"PIC_UIO_TAMBILLO_UL/Cell:eNodeB Function Name=PIC_UIO_TAMBILLO_L, Local Cell ID=7, Cell Name=PIC_UIO_TAMBILLO_APT_7, eNodeB ID=44241, Cell FDD TDD indication=CELL_FDD",Reliable,4690.101,324.577
2026-04-10 19:00,60,"PIC_UIO_TAMBILLO_UL/Cell:eNodeB Function Name=PIC_UIO_TAMBILLO_L, Local Cell ID=8, Cell Name=PIC_UIO_TAMBILLO_APT_8, eNodeB ID=44241, Cell FDD TDD indication=CELL_FDD",Reliable,7305.632,978.329
2026-04-10 19:00,60,"PIC_UIO_TAMBILLO_UL/Cell:eNodeB Function Name=PIC_UIO_TAMBILLO_L, Local Cell ID=9, Cell Name=PIC_UIO_TAMBILLO_APT_9, eNodeB ID=44241, Cell FDD TDD indication=CELL_FDD",Reliable,899.469,64.218
2026-04-10 19:00,60,"PIC_UIO_PLAYON_UL/Cell:eNodeB Function Name=PIC_UIO_PLAYON_L, Local Cell ID=7, Cell Name=PIC_UIO_PLAYON_APT_7, eNodeB ID=44268, Cell FDD TDD indication=CELL_FDD",Reliable,845.117,60.967
2026-04-10 19:00,60,"PIC_UIO_PLAYON_UL/Cell:eNodeB Function Name=PIC_UIO_PLAYON_L, Local Cell ID=8, Cell Name=PIC_UIO_PLAYON_APT_8, eNodeB ID=44268, Cell FDD TDD indication=CELL_FDD",Reliable,479.063,40.971
2026-04-10 19:00,60,"PIC_UIO_PLAYON_UL/Cell:eNodeB Function Name=PIC_UIO_PLAYON_L, Local Cell ID=9, Cell Name=PIC_UIO_PLAYON_APT_9, eNodeB ID=44268, Cell FDD TDD indication=CELL_FDD",Reliable,1071.952,200.398
2026-04-10 19:00,60,"PIC_CHI_COTOGCHOA_UL/Cell:eNodeB Function Name=PIC_CHI_COTOGCHOA_L, Local Cell ID=7, Cell Name=PIC_CHI_COTOGCHOA_APT_7, eNodeB ID=44108, Cell FDD TDD indication=CELL_FDD",Reliable,2893.564,493.321
2026-04-10 19:00,60,"PIC_CHI_COTOGCHOA_UL/Cell:eNodeB Function Name=PIC_CHI_COTOGCHOA_L, Local Cell ID=8, Cell Name=PIC_CHI_COTOGCHOA_APT_8, eNodeB ID=44108, Cell FDD TDD indication=CELL_FDD",Reliable,5286.435,569.897
2026-04-10 19:00,60,"PIC_CHI_COTOGCHOA_UL/Cell:eNodeB Function Name=PIC_CHI_COTOGCHOA_L, Local Cell ID=9, Cell Name=PIC_CHI_COTOGCHOA_APT_9, eNodeB ID=44108, Cell FDD TDD indication=CELL_FDD",Reliable,3557.764,304.534
2026-04-10 19:00,60,"PIC_UIO_LA_MERCED_UL/Cell:eNodeB Function Name=PIC_UIO_LA_MERCED_L, Local Cell ID=7, Cell Name=PIC_UIO_LA_MERCED_APT_7, eNodeB ID=44254, Cell FDD TDD indication=CELL_FDD",Reliable,1345.205,124.443
2026-04-10 19:00,60,"PIC_UIO_LA_MERCED_UL/Cell:eNodeB Function Name=PIC_UIO_LA_MERCED_L, Local Cell ID=8, Cell Name=PIC_UIO_LA_MERCED_APT_8, eNodeB ID=44254, Cell FDD TDD indication=CELL_FDD",Reliable,2765.194,227.125
2026-04-10 19:00,60,"PIC_UIO_LA_MERCED_UL/Cell:eNodeB Function Name=PIC_UIO_LA_MERCED_L, Local Cell ID=9, Cell Name=PIC_UIO_LA_MERCED_APT_9, eNodeB ID=44254, Cell FDD TDD indication=CELL_FDD",Reliable,1189.178,87.622
2026-04-10 19:00,60,"PIC_MEJ_TESALIA_UL/Cell:eNodeB Function Name=PIC_MEJ_TESALIA_L, Local Cell ID=7, Cell Name=PIC_MEJ_TESALIA_APT_7, eNodeB ID=44428, Cell FDD TDD indication=CELL_FDD",Reliable,1824.985,152.085
2026-04-10 19:00,60,"PIC_MEJ_TESALIA_UL/Cell:eNodeB Function Name=PIC_MEJ_TESALIA_L, Local Cell ID=8, Cell Name=PIC_MEJ_TESALIA_APT_8, eNodeB ID=44428, Cell FDD TDD indication=CELL_FDD",Reliable,533.149,49.876
2026-04-10 19:00,60,"PIC_MEJ_TESALIA_UL/Cell:eNodeB Function Name=PIC_MEJ_TESALIA_L, Local Cell ID=9, Cell Name=PIC_MEJ_TESALIA_APT_9, eNodeB ID=44428, Cell FDD TDD indication=CELL_FDD",Reliable,1240.687,117.022
2026-04-10 19:00,60,"PIC_CHI_PASAJE_SAN_BLAS_UL/Cell:eNodeB Function Name=PIC_CHI_PASAJE_SAN_BLAS_L, Local Cell ID=9, Cell Name=PIC_CHI_PASAJE_SAN_BLAS_APT_9, eNodeB ID=43561, Cell FDD TDD indication=CELL_FDD",Reliable,1831.992,278.985
2026-04-10 19:00,60,"PIC_CHI_PASAJE_SAN_BLAS_UL/Cell:eNodeB Function Name=PIC_CHI_PASAJE_SAN_BLAS_L, Local Cell ID=8, Cell Name=PIC_CHI_PASAJE_SAN_BLAS_APT_8, eNodeB ID=43561, Cell FDD TDD indication=CELL_FDD",Reliable,4328.254,1007.116
2026-04-10 19:00,60,"PIC_CHI_PASAJE_SAN_BLAS_UL/Cell:eNodeB Function Name=PIC_CHI_PASAJE_SAN_BLAS_L, Local Cell ID=7, Cell Name=PIC_CHI_PASAJE_SAN_BLAS_APT_7, eNodeB ID=43561, Cell FDD TDD indication=CELL_FDD",Reliable,3683.365,346.588
2026-04-10 19:00,60,"PIC_CHI_COL_LA_SALLE_UL/Cell:eNodeB Function Name=PIC_CHI_COL_LA_SALLE_L, Local Cell ID=9, Cell Name=PIC_CHI_COL_LA_SALLE_APT_9, eNodeB ID=43506, Cell FDD TDD indication=CELL_FDD",Reliable,798.9,244.62
2026-04-10 19:00,60,"PIC_CHI_COL_LA_SALLE_UL/Cell:eNodeB Function Name=PIC_CHI_COL_LA_SALLE_L, Local Cell ID=8, Cell Name=PIC_CHI_COL_LA_SALLE_APT_8, eNodeB ID=43506, Cell FDD TDD indication=CELL_FDD",Reliable,3525.999,336.113
2026-04-10 19:00,60,"PIC_CHI_COL_LA_SALLE_UL/Cell:eNodeB Function Name=PIC_CHI_COL_LA_SALLE_L, Local Cell ID=7, Cell Name=PIC_CHI_COL_LA_SALLE_APT_7, eNodeB ID=43506, Cell FDD TDD indication=CELL_FDD",Reliable,4729.533,695.025
2026-04-10 19:00,60,"PIC_CHI_BALCON_DEL_VALLE_UL/Cell:eNodeB Function Name=PIC_CHI_BALCON_DEL_VALLE_L, Local Cell ID=8, Cell Name=PIC_CHI_BALCON_DEL_VALLE_APT_8, eNodeB ID=43558, Cell FDD TDD indication=CELL_FDD",Reliable,1472.332,195.514
2026-04-10 19:00,60,"PIC_CHI_BALCON_DEL_VALLE_UL/Cell:eNodeB Function Name=PIC_CHI_BALCON_DEL_VALLE_L, Local Cell ID=7, Cell Name=PIC_CHI_BALCON_DEL_VALLE_APT_7, eNodeB ID=43558, Cell FDD TDD indication=CELL_FDD",Reliable,2570.807,386.978
2026-04-10 19:00,60,"PIC_UIO_BURGUEOS_ULN/Cell:eNodeB Function Name=PIC_UIO_BURGUEOS_L, Local Cell ID=9, Cell Name=PIC_UIO_BURGUEOS_APT_9, eNodeB ID=43586, Cell FDD TDD indication=CELL_FDD",Reliable,1322.342,126.3
2026-04-10 19:00,60,"PIC_UIO_BURGUEOS_ULN/Cell:eNodeB Function Name=PIC_UIO_BURGUEOS_L, Local Cell ID=8, Cell Name=PIC_UIO_BURGUEOS_APT_8, eNodeB ID=43586, Cell FDD TDD indication=CELL_FDD",Reliable,1542.432,140.132
2026-04-10 19:00,60,"PIC_UIO_BURGUEOS_ULN/Cell:eNodeB Function Name=PIC_UIO_BURGUEOS_L, Local Cell ID=7, Cell Name=PIC_UIO_BURGUEOS_APT_7, eNodeB ID=43586, Cell FDD TDD indication=CELL_FDD",Reliable,603.433,47.815
2026-04-10 19:00,60,"PIC_ALO_ALOAG(3G)_UL/Cell:eNodeB Function Name=PIC_ALO_ALOAG_L, Local Cell ID=7, Cell Name=PIC_ALO_ALOAG_APT_7, eNodeB ID=44400, Cell FDD TDD indication=CELL_FDD",Reliable,24.245,8.131
2026-04-10 19:00,60,"PIC_ALO_ALOAG(3G)_UL/Cell:eNodeB Function Name=PIC_ALO_ALOAG_L, Local Cell ID=8, Cell Name=PIC_ALO_ALOAG_APT_8, eNodeB ID=44400, Cell FDD TDD indication=CELL_FDD",Reliable,6895.299,1236.763
2026-04-10 19:00,60,"PIC_ALO_ALOAG(3G)_UL/Cell:eNodeB Function Name=PIC_ALO_ALOAG_L, Local Cell ID=9, Cell Name=PIC_ALO_ALOAG_APT_9, eNodeB ID=44400, Cell FDD TDD indication=CELL_FDD",Reliable,6764.541,761.346
2026-04-10 19:00,60,"PIC_UIO_CASHAPAMBA(PI)_UL/Cell:eNodeB Function Name=PIC_UIO_CASHAPAMBA_L, Local Cell ID=7, Cell Name=PIC_UIO_CASHAPAMBA_L7_7, eNodeB ID=44365, Cell FDD TDD indication=CELL_FDD",Reliable,1925.455,130.5
2026-04-10 19:00,60,"PIC_UIO_CASHAPAMBA(PI)_UL/Cell:eNodeB Function Name=PIC_UIO_CASHAPAMBA_L, Local Cell ID=8, Cell Name=PIC_UIO_CASHAPAMBA_L7_8, eNodeB ID=44365, Cell FDD TDD indication=CELL_FDD",Reliable,5972.64,679.756
2026-04-10 19:00,60,"PIC_UIO_CASHAPAMBA(PI)_UL/Cell:eNodeB Function Name=PIC_UIO_CASHAPAMBA_L, Local Cell ID=9, Cell Name=PIC_UIO_CASHAPAMBA_L7_9, eNodeB ID=44365, Cell FDD TDD indication=CELL_FDD",Reliable,945.982,103.469
2026-04-10 19:00,60,"PIC_CHI_PUEBLO_BLANCO_UL/Cell:eNodeB Function Name=PIC_CHI_PUEBLO_BLANCO_L, Local Cell ID=7, Cell Name=PIC_CHI_PUEBLO_BLANCO_APT_7, eNodeB ID=44348, Cell FDD TDD indication=CELL_FDD",Reliable,1937.239,247.068
2026-04-10 19:00,60,"PIC_CHI_PUEBLO_BLANCO_UL/Cell:eNodeB Function Name=PIC_CHI_PUEBLO_BLANCO_L, Local Cell ID=8, Cell Name=PIC_CHI_PUEBLO_BLANCO_APT_8, eNodeB ID=44348, Cell FDD TDD indication=CELL_FDD",Reliable,1347.585,120.886
2026-04-10 19:00,60,"PIC_CHI_PUEBLO_BLANCO_UL/Cell:eNodeB Function Name=PIC_CHI_PUEBLO_BLANCO_L, Local Cell ID=9, Cell Name=PIC_CHI_PUEBLO_BLANCO_APT_9, eNodeB ID=44348, Cell FDD TDD indication=CELL_FDD",Reliable,1504.651,63.936
2026-04-10 19:00,60,"PIC_UIO_VIA_PAPALLACTA_QUITO_UL/Cell:eNodeB Function Name=PIC_UIO_VIA_PAPALLACTA_QUITOL7, Local Cell ID=7, Cell Name=PIC_UIO_VIA_PAPALLACTA_QUITO_APT_7, eNodeB ID=44367, Cell FDD TDD indication=CELL_FDD",Reliable,1385.286,148.894
2026-04-10 19:00,60,"PIC_UIO_VIA_PAPALLACTA_QUITO_UL/Cell:eNodeB Function Name=PIC_UIO_VIA_PAPALLACTA_QUITOL7, Local Cell ID=8, Cell Name=PIC_UIO_VIA_PAPALLACTA_QUITO_APT_8, eNodeB ID=44367, Cell FDD TDD indication=CELL_FDD",Reliable,3539.063,254.611
2026-04-10 19:00,60,"PIC_UIO_VIA_PAPALLACTA_QUITO_UL/Cell:eNodeB Function Name=PIC_UIO_VIA_PAPALLACTA_QUITOL7, Local Cell ID=9, Cell Name=PIC_UIO_VIA_PAPALLACTA_QUITO_APT_9, eNodeB ID=44367, Cell FDD TDD indication=CELL_FDD",Reliable,3658.819,439.782
2026-04-10 19:00,60,"PIC_UIO_SAN_ISIDRO_PUENGAS_UL/Cell:eNodeB Function Name=PIC_UIO_SAN_ISIDRO_PUENGAS_L, Local Cell ID=1, Cell Name=PIC_UIO_SAN_ISIDRO_PUENGAS_AWS_1, eNodeB ID=44344, Cell FDD TDD indication=CELL_FDD",Reliable,4459.406,422.458
2026-04-10 19:00,60,"PIC_UIO_SAN_ISIDRO_PUENGAS_UL/Cell:eNodeB Function Name=PIC_UIO_SAN_ISIDRO_PUENGAS_L, Local Cell ID=8, Cell Name=PIC_UIO_SAN_ISIDRO_PUENGAS_APT_8, eNodeB ID=44344, Cell FDD TDD indication=CELL_FDD",Reliable,4116.095,370.088
2026-04-10 19:00,60,"PIC_UIO_SAN_ISIDRO_PUENGAS_UL/Cell:eNodeB Function Name=PIC_UIO_SAN_ISIDRO_PUENGAS_L, Local Cell ID=9, Cell Name=PIC_UIO_SAN_ISIDRO_PUENGAS_APT_9, eNodeB ID=44344, Cell FDD TDD indication=CELL_FDD",Reliable,5762.347,588.68
2026-04-10 19:00,60,"PIC_TUM_AURELIO_DAVILA_ULN/Cell:eNodeB Function Name=PIC_TUM_AURELIO_DAVILA_L, Local Cell ID=7, Cell Name=PIC_TUM_AURELIO_DAVILA_APT_7, eNodeB ID=43545, Cell FDD TDD indication=CELL_FDD",Reliable,1431.916,157.896
2026-04-10 19:00,60,"PIC_TUM_AURELIO_DAVILA_ULN/Cell:eNodeB Function Name=PIC_TUM_AURELIO_DAVILA_L, Local Cell ID=8, Cell Name=PIC_TUM_AURELIO_DAVILA_APT_8, eNodeB ID=43545, Cell FDD TDD indication=CELL_FDD",Reliable,1132.375,177.878
2026-04-10 19:00,60,"PIC_TUM_AURELIO_DAVILA_ULN/Cell:eNodeB Function Name=PIC_TUM_AURELIO_DAVILA_L, Local Cell ID=9, Cell Name=PIC_TUM_AURELIO_DAVILA_APT_9, eNodeB ID=43545, Cell FDD TDD indication=CELL_FDD",Reliable,1781.241,863.56
2026-04-10 19:00,60,"PIC_UIO_ALANGASI_CENTRAL_UL/Cell:eNodeB Function Name=PIC_UIO_ALANGASI_CENTRAL_L, Local Cell ID=7, Cell Name=PIC_UIO_ALANGASI_CENTRAL_APT_7, eNodeB ID=44279, Cell FDD TDD indication=CELL_FDD",Reliable,1389.692,118.666
2026-04-10 19:00,60,"PIC_UIO_ALANGASI_CENTRAL_UL/Cell:eNodeB Function Name=PIC_UIO_ALANGASI_CENTRAL_L, Local Cell ID=8, Cell Name=PIC_UIO_ALANGASI_CENTRAL_APT_8, eNodeB ID=44279, Cell FDD TDD indication=CELL_FDD",Reliable,1447.947,153.147
2026-04-10 19:00,60,"PIC_UIO_ALANGASI_CENTRAL_UL/Cell:eNodeB Function Name=PIC_UIO_ALANGASI_CENTRAL_L, Local Cell ID=9, Cell Name=PIC_UIO_ALANGASI_CENTRAL_APT_9, eNodeB ID=44279, Cell FDD TDD indication=CELL_FDD",Reliable,4737.242,474.287
2026-04-10 19:00,60,"PIC_UIO_PARQUE_ITALIA_UL/Cell:eNodeB Function Name=PIC_UIO_PARQUE_ITALIA_L, Local Cell ID=7, Cell Name=PIC_UIO_PARQUE_ITALIA_APT_7, eNodeB ID=43551, Cell FDD TDD indication=CELL_FDD",Reliable,2650.613,252.364
2026-04-10 19:00,60,"PIC_UIO_PARQUE_ITALIA_UL/Cell:eNodeB Function Name=PIC_UIO_PARQUE_ITALIA_L, Local Cell ID=8, Cell Name=PIC_UIO_PARQUE_ITALIA_APT_8, eNodeB ID=43551, Cell FDD TDD indication=CELL_FDD",Reliable,4035.662,303.423
2026-04-10 19:00,60,"PIC_UIO_PARQUE_ITALIA_UL/Cell:eNodeB Function Name=PIC_UIO_PARQUE_ITALIA_L, Local Cell ID=9, Cell Name=PIC_UIO_PARQUE_ITALIA_APT_9, eNodeB ID=43551, Cell FDD TDD indication=CELL_FDD",Reliable,1930.778,285.37
2026-04-10 19:00,60,"PIC_CHI_SAN_FRANCISCO_DE_CONOCOTO_UL/Cell:eNodeB Function Name=PIC_CHI_SAN_FRANCISCO_DE_CONOCOTO_L, Local Cell ID=7, Cell Name=PIC_CHI_SAN_FRANCISCO_DE_CONOCOTO_L7_7, eNodeB ID=44237, Cell FDD TDD indication=CELL_FDD",Reliable,5391.65,598.651
2026-04-10 19:00,60,"PIC_CHI_SAN_FRANCISCO_DE_CONOCOTO_UL/Cell:eNodeB Function Name=PIC_CHI_SAN_FRANCISCO_DE_CONOCOTO_L, Local Cell ID=8, Cell Name=PIC_CHI_SAN_FRANCISCO_DE_CONOCOTO_L7_8, eNodeB ID=44237, Cell FDD TDD indication=CELL_FDD",Reliable,5157.07,500.734
2026-04-10 19:00,60,"PIC_CHI_SAN_FRANCISCO_DE_CONOCOTO_UL/Cell:eNodeB Function Name=PIC_CHI_SAN_FRANCISCO_DE_CONOCOTO_L, Local Cell ID=9, Cell Name=PIC_CHI_SAN_FRANCISCO_DE_CONOCOTO_L7_9, eNodeB ID=44237, Cell FDD TDD indication=CELL_FDD",Reliable,4015.803,744.489
2026-04-10 19:00,60,"PIC_UIO_COW_INTER_CUMBAYA_UL/Cell:eNodeB Function Name=PIC_UIO_COW_INTER_CUMBAYA_L, Local Cell ID=7, Cell Name=PIC_UIO_COW_INTER_CUMBAYA_APT_7, eNodeB ID=44931, Cell FDD TDD indication=CELL_FDD",Reliable,2147.141,243.575
2026-04-10 19:00,60,"PIC_UIO_COW_INTER_CUMBAYA_UL/Cell:eNodeB Function Name=PIC_UIO_COW_INTER_CUMBAYA_L, Local Cell ID=8, Cell Name=PIC_UIO_COW_INTER_CUMBAYA_APT_8, eNodeB ID=44931, Cell FDD TDD indication=CELL_FDD",Reliable,2685.811,270.704
2026-04-10 19:00,60,"PIC_UIO_COW_INTER_CUMBAYA_UL/Cell:eNodeB Function Name=PIC_UIO_COW_INTER_CUMBAYA_L, Local Cell ID=9, Cell Name=PIC_UIO_COW_INTER_CUMBAYA_APT_9, eNodeB ID=44931, Cell FDD TDD indication=CELL_FDD",Reliable,3112.451,328.523
2026-04-10 19:00,60,"PIC_UIO_EL_QUINCHE_UL/Cell:eNodeB Function Name=PIC_UIO_EL_QUINCHE_L, Local Cell ID=7, Cell Name=PIC_UIO_QUINCHE_APT_7, eNodeB ID=44401, Cell FDD TDD indication=CELL_FDD",Reliable,4120.65,340.839
2026-04-10 19:00,60,"PIC_UIO_EL_QUINCHE_UL/Cell:eNodeB Function Name=PIC_UIO_EL_QUINCHE_L, Local Cell ID=8, Cell Name=PIC_UIO_QUINCHE_APT_8, eNodeB ID=44401, Cell FDD TDD indication=CELL_FDD",Reliable,7554.449,1025.205
2026-04-10 19:00,60,"PIC_UIO_EL_QUINCHE_UL/Cell:eNodeB Function Name=PIC_UIO_EL_QUINCHE_L, Local Cell ID=9, Cell Name=PIC_UIO_QUINCHE_APT_9, eNodeB ID=44401, Cell FDD TDD indication=CELL_FDD",Reliable,3084.555,142.252
2026-04-10 19:00,60,"PIC_UIO_CALDERON_BELLAVISTA_UL/Cell:eNodeB Function Name=PIC_UIO_CALDERON_BELLAVISTA_L, Local Cell ID=7, Cell Name=PIC_UIO_CALDERON_BELLAVISTA_APT_7, eNodeB ID=44360, Cell FDD TDD indication=CELL_FDD",Reliable,1158.505,268.303
2026-04-10 19:00,60,"PIC_UIO_CALDERON_BELLAVISTA_UL/Cell:eNodeB Function Name=PIC_UIO_CALDERON_BELLAVISTA_L, Local Cell ID=8, Cell Name=PIC_UIO_CALDERON_BELLAVISTA_APT_8, eNodeB ID=44360, Cell FDD TDD indication=CELL_FDD",Reliable,273.672,28.237
2026-04-10 19:00,60,"PIC_UIO_CALDERON_BELLAVISTA_UL/Cell:eNodeB Function Name=PIC_UIO_CALDERON_BELLAVISTA_L, Local Cell ID=9, Cell Name=PIC_UIO_CALDERON_BELLAVISTA_APT_9, eNodeB ID=44360, Cell FDD TDD indication=CELL_FDD",Reliable,812.876,133.371
2026-04-10 19:00,60,"PIC_UIO_PISULI_UL/Cell:eNodeB Function Name=PIC_UIO_PISULI_L, Local Cell ID=7, Cell Name=PIC_UIO_PISULI_APT_7, eNodeB ID=44172, Cell FDD TDD indication=CELL_FDD",Reliable,6210.096,734.689
2026-04-10 19:00,60,"PIC_UIO_PISULI_UL/Cell:eNodeB Function Name=PIC_UIO_PISULI_L, Local Cell ID=8, Cell Name=PIC_UIO_PISULI_APT_8, eNodeB ID=44172, Cell FDD TDD indication=CELL_FDD",Reliable,5772.039,874.285
2026-04-10 19:00,60,"PIC_UIO_PISULI_UL/Cell:eNodeB Function Name=PIC_UIO_PISULI_L, Local Cell ID=9, Cell Name=PIC_UIO_PISULI_APT_9, eNodeB ID=44172, Cell FDD TDD indication=CELL_FDD",Reliable,2041.374,333.438
2026-04-10 19:00,60,"PIC_UIO_URB_EL_CONDADO_UL/Cell:eNodeB Function Name=PIC_UIO_URB_EL_CONDADO_L, Local Cell ID=9, Cell Name=PIC_UIO_URB_EL_CONDADO_APT_9, eNodeB ID=43604, Cell FDD TDD indication=CELL_FDD",Reliable,2802.81,335.161
2026-04-10 19:00,60,"PIC_UIO_URB_EL_CONDADO_UL/Cell:eNodeB Function Name=PIC_UIO_URB_EL_CONDADO_L, Local Cell ID=8, Cell Name=PIC_UIO_URB_EL_CONDADO_APT_8, eNodeB ID=43604, Cell FDD TDD indication=CELL_FDD",Reliable,3433.567,577.628
2026-04-10 19:00,60,"PIC_UIO_URB_EL_CONDADO_UL/Cell:eNodeB Function Name=PIC_UIO_URB_EL_CONDADO_L, Local Cell ID=7, Cell Name=PIC_UIO_URB_EL_CONDADO_APT_7, eNodeB ID=43604, Cell FDD TDD indication=CELL_FDD",Reliable,4541.642,510.317
2026-04-10 19:00,60,"CAR_TUL_19_DE_NOVIEMBRE_UL/Cell:eNodeB Function Name=CAR_TUL_19_DE_NOVIEMBRE_L, Local Cell ID=9, Cell Name=CAR_TUL_19_DE_NOVIEMBRE_APT_9, eNodeB ID=43531, Cell FDD TDD indication=CELL_FDD",Reliable,8202.977,940.665
2026-04-10 19:00,60,"CAR_TUL_19_DE_NOVIEMBRE_UL/Cell:eNodeB Function Name=CAR_TUL_19_DE_NOVIEMBRE_L, Local Cell ID=8, Cell Name=CAR_TUL_19_DE_NOVIEMBRE_APT_8, eNodeB ID=43531, Cell FDD TDD indication=CELL_FDD",Reliable,6746.247,665.829
2026-04-10 19:00,60,"CAR_TUL_19_DE_NOVIEMBRE_UL/Cell:eNodeB Function Name=CAR_TUL_19_DE_NOVIEMBRE_L, Local Cell ID=7, Cell Name=CAR_TUL_19_DE_NOVIEMBRE_APT_7, eNodeB ID=43531, Cell FDD TDD indication=CELL_FDD",Reliable,8432.056,1255.174
2026-04-10 19:00,60,"CAR_TUL_LA_RIOJA_UL/Cell:eNodeB Function Name=CAR_TUL_LA_RIOJA_L, Local Cell ID=9, Cell Name=CAR_TUL_LA_RIOJA_APT_9, eNodeB ID=43580, Cell FDD TDD indication=CELL_FDD",Reliable,2066.115,364.362
2026-04-10 19:00,60,"CAR_TUL_LA_RIOJA_UL/Cell:eNodeB Function Name=CAR_TUL_LA_RIOJA_L, Local Cell ID=8, Cell Name=CAR_TUL_LA_RIOJA_APT_8, eNodeB ID=43580, Cell FDD TDD indication=CELL_FDD",Reliable,1526.584,81.884
2026-04-10 19:00,60,"CAR_TUL_LA_RIOJA_UL/Cell:eNodeB Function Name=CAR_TUL_LA_RIOJA_L, Local Cell ID=7, Cell Name=CAR_TUL_LA_RIOJA_APT_7, eNodeB ID=43580, Cell FDD TDD indication=CELL_FDD",Reliable,4261.798,288.706
2026-04-10 19:00,60,"PIC_UIO_MARIANO_PAREDES_UL/Cell:eNodeB Function Name=PIC_UIO_MARIANO_PAREDES_L, Local Cell ID=9, Cell Name=PIC_UIO_MARIANO_PAREDES_APT_9, eNodeB ID=43527, Cell FDD TDD indication=CELL_FDD",Reliable,1138.95,140.057
2026-04-10 19:00,60,"PIC_UIO_MARIANO_PAREDES_UL/Cell:eNodeB Function Name=PIC_UIO_MARIANO_PAREDES_L, Local Cell ID=8, Cell Name=PIC_UIO_MARIANO_PAREDES_APT_8, eNodeB ID=43527, Cell FDD TDD indication=CELL_FDD",Reliable,4701.741,574.724
2026-04-10 19:00,60,"PIC_UIO_MARIANO_PAREDES_UL/Cell:eNodeB Function Name=PIC_UIO_MARIANO_PAREDES_L, Local Cell ID=7, Cell Name=PIC_UIO_MARIANO_PAREDES_APT_7, eNodeB ID=43527, Cell FDD TDD indication=CELL_FDD",Reliable,8269.775,1105.613
2026-04-10 19:00,60,"PIC_UIO_CARAPUNGO_LOS_PELICANOS_UL/Cell:eNodeB Function Name=PIC_UIO_CARAPUNGO_LOS_PELICANOS_L, Local Cell ID=9, Cell Name=PIC_UIO_CARAPUNGO_LOS_PELICANOS_APT_9, eNodeB ID=43626, Cell FDD TDD indication=CELL_FDD",Reliable,2631.286,450.163
2026-04-10 19:00,60,"PIC_UIO_CARAPUNGO_LOS_PELICANOS_UL/Cell:eNodeB Function Name=PIC_UIO_CARAPUNGO_LOS_PELICANOS_L, Local Cell ID=8, Cell Name=PIC_UIO_CARAPUNGO_LOS_PELICANOS_APT_8, eNodeB ID=43626, Cell FDD TDD indication=CELL_FDD",Reliable,2647.856,552.132
2026-04-10 19:00,60,"PIC_UIO_CARAPUNGO_LOS_PELICANOS_UL/Cell:eNodeB Function Name=PIC_UIO_CARAPUNGO_LOS_PELICANOS_L, Local Cell ID=7, Cell Name=PIC_UIO_CARAPUNGO_LOS_PELICANOS_APT_7, eNodeB ID=43626, Cell FDD TDD indication=CELL_FDD",Reliable,6753.186,1110.401
2026-04-10 19:00,60,"PIC_UIO_29_DE_ABRIL_UL/Cell:eNodeB Function Name=PIC_UIO_29_DE_ABRIL_L, Local Cell ID=9, Cell Name=PIC_UIO_29_DE_ABRIL_APT_9, eNodeB ID=43601, Cell FDD TDD indication=CELL_FDD",Reliable,2262.889,414.85
2026-04-10 19:00,60,"PIC_UIO_29_DE_ABRIL_UL/Cell:eNodeB Function Name=PIC_UIO_29_DE_ABRIL_L, Local Cell ID=8, Cell Name=PIC_UIO_29_DE_ABRIL_APT_8, eNodeB ID=43601, Cell FDD TDD indication=CELL_FDD",Reliable,952.911,93.171
2026-04-10 19:00,60,"PIC_UIO_29_DE_ABRIL_UL/Cell:eNodeB Function Name=PIC_UIO_29_DE_ABRIL_L, Local Cell ID=7, Cell Name=PIC_UIO_29_DE_ABRIL_APT_7, eNodeB ID=43601, Cell FDD TDD indication=CELL_FDD",Reliable,1032.109,159.223
2026-04-10 19:00,60,"PIC_UIO_AREA_VERDE_UL/Cell:eNodeB Function Name=PIC_UIO_AREA_VERDE_L, Local Cell ID=9, Cell Name=PIC_UIO_AREA_VERDE_APT_9, eNodeB ID=43625, Cell FDD TDD indication=CELL_FDD",Reliable,887.573,226.086
2026-04-10 19:00,60,"PIC_UIO_AREA_VERDE_UL/Cell:eNodeB Function Name=PIC_UIO_AREA_VERDE_L, Local Cell ID=8, Cell Name=PIC_UIO_AREA_VERDE_APT_8, eNodeB ID=43625, Cell FDD TDD indication=CELL_FDD",Reliable,2142.708,259.019
2026-04-10 19:00,60,"PIC_UIO_AREA_VERDE_UL/Cell:eNodeB Function Name=PIC_UIO_AREA_VERDE_L, Local Cell ID=7, Cell Name=PIC_UIO_AREA_VERDE_APT_7, eNodeB ID=43625, Cell FDD TDD indication=CELL_FDD",Reliable,3005.192,380.268
2026-04-10 19:00,60,"PIC_UIO_FRANCISCO_DALMAU_UL/Cell:eNodeB Function Name=PIC_UIO_FRANCISCO_DALMAU_L, Local Cell ID=8, Cell Name=PIC_UIO_FRANCISCO_DALMAU_APT_8, eNodeB ID=43587, Cell FDD TDD indication=CELL_FDD",Reliable,4501.006,647.912
2026-04-10 19:00,60,"PIC_UIO_FRANCISCO_DALMAU_UL/Cell:eNodeB Function Name=PIC_UIO_FRANCISCO_DALMAU_L, Local Cell ID=7, Cell Name=PIC_UIO_FRANCISCO_DALMAU_APT_7, eNodeB ID=43587, Cell FDD TDD indication=CELL_FDD",Reliable,1699.079,483.723
2026-04-10 19:00,60,"PIC_UIO_BELLAVISTA_ALTA_UL/Cell:eNodeB Function Name=PIC_UIO_BELLAVISTA_ALTA_L, Local Cell ID=7, Cell Name=PIC_UIO_BELLAVISTA_ALTA_APT_7, eNodeB ID=44082, Cell FDD TDD indication=CELL_FDD",Reliable,2712.663,277.579
2026-04-10 19:00,60,"PIC_UIO_BELLAVISTA_ALTA_UL/Cell:eNodeB Function Name=PIC_UIO_BELLAVISTA_ALTA_L, Local Cell ID=8, Cell Name=PIC_UIO_BELLAVISTA_ALTA_APT_8, eNodeB ID=44082, Cell FDD TDD indication=CELL_FDD",Reliable,1812.501,147.997
2026-04-10 19:00,60,"PIC_UIO_BELLAVISTA_ALTA_UL/Cell:eNodeB Function Name=PIC_UIO_BELLAVISTA_ALTA_L, Local Cell ID=9, Cell Name=PIC_UIO_BELLAVISTA_ALTA_APT_9, eNodeB ID=44082, Cell FDD TDD indication=CELL_FDD",Reliable,5684.067,585.31
2026-04-10 19:00,60,"PIC_UIO_ELOY_ALFARO_UL/Cell:eNodeB Function Name=PIC_UIO_ELOY_ALFARO_L, Local Cell ID=7, Cell Name=PIC_UIO_ELOY_ALFARO_APT_7, eNodeB ID=44034, Cell FDD TDD indication=CELL_FDD",Reliable,2939.468,292.959
2026-04-10 19:00,60,"PIC_UIO_ELOY_ALFARO_UL/Cell:eNodeB Function Name=PIC_UIO_ELOY_ALFARO_L, Local Cell ID=8, Cell Name=PIC_UIO_ELOY_ALFARO_APT_8, eNodeB ID=44034, Cell FDD TDD indication=CELL_FDD",Reliable,1316.625,320.746
2026-04-10 19:00,60,"PIC_UIO_ELOY_ALFARO_UL/Cell:eNodeB Function Name=PIC_UIO_ELOY_ALFARO_L, Local Cell ID=9, Cell Name=PIC_UIO_ELOY_ALFARO_APT_9, eNodeB ID=44034, Cell FDD TDD indication=CELL_FDD",Reliable,959.02,127.252
2026-04-10 19:00,60,"PIC_UIO_VIA_PIFO_UL/Cell:eNodeB Function Name=PIC_UIO_VIA_PIFO_L, Local Cell ID=7, Cell Name=PIC_UIO_VIA_PIFO_L7_7, eNodeB ID=44435, Cell FDD TDD indication=CELL_FDD",Reliable,166.116,20.093
2026-04-10 19:00,60,"PIC_UIO_VIA_PIFO_UL/Cell:eNodeB Function Name=PIC_UIO_VIA_PIFO_L, Local Cell ID=8, Cell Name=PIC_UIO_VIA_PIFO_L7_8, eNodeB ID=44435, Cell FDD TDD indication=CELL_FDD",Reliable,1168.408,107.442
2026-04-10 19:00,60,"PIC_UIO_VIA_PIFO_UL/Cell:eNodeB Function Name=PIC_UIO_VIA_PIFO_L, Local Cell ID=9, Cell Name=PIC_UIO_VIA_PIFO_L7_9, eNodeB ID=44435, Cell FDD TDD indication=CELL_FDD",Reliable,599.908,37.469
2026-04-10 19:00,60,"PIC_UIO_GRAL_AGUIRRE_UL/Cell:eNodeB Function Name=PIC_UIO_GRAL_AGUIRRE_L, Local Cell ID=7, Cell Name=PIC_UIO_GRAL_AGUIRRE_APT_7, eNodeB ID=43547, Cell FDD TDD indication=CELL_FDD",Reliable,6888.47,750.038
2026-04-10 19:00,60,"PIC_UIO_GRAL_AGUIRRE_UL/Cell:eNodeB Function Name=PIC_UIO_GRAL_AGUIRRE_L, Local Cell ID=8, Cell Name=PIC_UIO_GRAL_AGUIRRE_APT_8, eNodeB ID=43547, Cell FDD TDD indication=CELL_FDD",Reliable,3408.143,550.869
2026-04-10 19:00,60,"PIC_UIO_GRAL_AGUIRRE_UL/Cell:eNodeB Function Name=PIC_UIO_GRAL_AGUIRRE_L, Local Cell ID=9, Cell Name=PIC_UIO_GRAL_AGUIRRE_APT_9, eNodeB ID=43547, Cell FDD TDD indication=CELL_FDD",Reliable,3003.662,328.143
2026-04-10 19:00,60,"ESM_ESM_ESME_MIDUVI_UL/Cell:eNodeB Function Name=ESM_ESM_ESME_MIDUVI_L, Local Cell ID=7, Cell Name=ESM_ESM_ESME_MIDUVI_APT_7, eNodeB ID=44181, Cell FDD TDD indication=CELL_FDD",Reliable,2987.123,301.492
2026-04-10 19:00,60,"ESM_ESM_ESME_MIDUVI_UL/Cell:eNodeB Function Name=ESM_ESM_ESME_MIDUVI_L, Local Cell ID=8, Cell Name=ESM_ESM_ESME_MIDUVI_APT_8, eNodeB ID=44181, Cell FDD TDD indication=CELL_FDD",Reliable,1294.76,117.191
2026-04-10 19:00,60,"ESM_ESM_ESME_MIDUVI_UL/Cell:eNodeB Function Name=ESM_ESM_ESME_MIDUVI_L, Local Cell ID=9, Cell Name=ESM_ESM_ESME_MIDUVI_APT_9, eNodeB ID=44181, Cell FDD TDD indication=CELL_FDD",Reliable,122.935,18.932
2026-04-10 19:00,60,"PIC_UIO_VIA_PULULAHUA_UL/Cell:eNodeB Function Name=PIC_UIO_VIA_PULULAHUAL21, Local Cell ID=7, Cell Name=PIC_UIO_VIA_PULULAHUA_APT_7, eNodeB ID=44282, Cell FDD TDD indication=CELL_FDD",Reliable,470.815,37.777
2026-04-10 19:00,60,"PIC_UIO_VIA_PULULAHUA_UL/Cell:eNodeB Function Name=PIC_UIO_VIA_PULULAHUAL21, Local Cell ID=8, Cell Name=PIC_UIO_VIA_PULULAHUA_APT_8, eNodeB ID=44282, Cell FDD TDD indication=CELL_FDD",Reliable,1611.01,106.508
2026-04-10 19:00,60,"PIC_UIO_VIA_PULULAHUA_UL/Cell:eNodeB Function Name=PIC_UIO_VIA_PULULAHUAL21, Local Cell ID=9, Cell Name=PIC_UIO_VIA_PULULAHUA_APT_9, eNodeB ID=44282, Cell FDD TDD indication=CELL_FDD",Reliable,438.417,52.752
2026-04-10 19:00,60,"PIC_UIO_YANBAL_UL/Cell:eNodeB Function Name=PIC_UIO_YANBAL_L, Local Cell ID=7, Cell Name=PIC_UIO_YANBAL_L7_1, eNodeB ID=44196, Cell FDD TDD indication=CELL_FDD",Reliable,4320.457,557.812
2026-04-10 19:00,60,"PIC_UIO_YANBAL_UL/Cell:eNodeB Function Name=PIC_UIO_YANBAL_L, Local Cell ID=8, Cell Name=PIC_UIO_YANBAL_L7_2, eNodeB ID=44196, Cell FDD TDD indication=CELL_FDD",Reliable,1311.78,190.521
2026-04-10 19:00,60,"PIC_UIO_YANBAL_UL/Cell:eNodeB Function Name=PIC_UIO_YANBAL_L, Local Cell ID=9, Cell Name=PIC_UIO_YANBAL_L7_3, eNodeB ID=44196, Cell FDD TDD indication=CELL_FDD",Reliable,2688.596,422.701
2026-04-10 19:00,60,"PIC_UIO_CALDERON_SAN_JUAN_UL/Cell:eNodeB Function Name=PIC_UIO_CALDERON_SAN_JUAN_L, Local Cell ID=7, Cell Name=PIC_UIO_CALDERON_SAN_JUAN_APT_7, eNodeB ID=44359, Cell FDD TDD indication=CELL_FDD",Reliable,489.395,69.257
2026-04-10 19:00,60,"PIC_UIO_CALDERON_SAN_JUAN_UL/Cell:eNodeB Function Name=PIC_UIO_CALDERON_SAN_JUAN_L, Local Cell ID=8, Cell Name=PIC_UIO_CALDERON_SAN_JUAN_APT_8, eNodeB ID=44359, Cell FDD TDD indication=CELL_FDD",Reliable,837.578,92.996
2026-04-10 19:00,60,"PIC_UIO_CALDERON_SAN_JUAN_UL/Cell:eNodeB Function Name=PIC_UIO_CALDERON_SAN_JUAN_L, Local Cell ID=9, Cell Name=PIC_UIO_CALDERON_SAN_JUAN_APT_9, eNodeB ID=44359, Cell FDD TDD indication=CELL_FDD",Reliable,1310.168,131.263
2026-04-10 19:00,60,"ESM_ESM_ESME_SANTA_VAINAS_UL/Cell:eNodeB Function Name=ESM_ESM_ESME_SANTA_VAINAS_L, Local Cell ID=7, Cell Name=ESM_ESM_ESME_SANTA_VAINAS_APT_7, eNodeB ID=43607, Cell FDD TDD indication=CELL_FDD",Reliable,105.451,11.775
2026-04-10 19:00,60,"ESM_ESM_ESME_SANTA_VAINAS_UL/Cell:eNodeB Function Name=ESM_ESM_ESME_SANTA_VAINAS_L, Local Cell ID=8, Cell Name=ESM_ESM_ESME_SANTA_VAINAS_APT_8, eNodeB ID=43607, Cell FDD TDD indication=CELL_FDD",Reliable,159.7,23.439
2026-04-10 19:00,60,"ESM_ESM_ESME_SANTA_VAINAS_UL/Cell:eNodeB Function Name=ESM_ESM_ESME_SANTA_VAINAS_L, Local Cell ID=9, Cell Name=ESM_ESM_ESME_SANTA_VAINAS_APT_9, eNodeB ID=43607, Cell FDD TDD indication=CELL_FDD",Reliable,1.472,0.887
2026-04-10 19:00,60,"PIC_UIO_CALDERON_QUITUS_UL/Cell:eNodeB Function Name=PIC_UIO_CALDERON_QUITUS_L, Local Cell ID=7, Cell Name=PIC_UIO_CALDERON_QUITUS_L7_7, eNodeB ID=44088, Cell FDD TDD indication=CELL_FDD",Reliable,4745.045,681.842
2026-04-10 19:00,60,"PIC_UIO_CALDERON_QUITUS_UL/Cell:eNodeB Function Name=PIC_UIO_CALDERON_QUITUS_L, Local Cell ID=8, Cell Name=PIC_UIO_CALDERON_QUITUS_L7_8, eNodeB ID=44088, Cell FDD TDD indication=CELL_FDD",Reliable,7341.564,1056.501
2026-04-10 19:00,60,"PIC_UIO_CALDERON_QUITUS_UL/Cell:eNodeB Function Name=PIC_UIO_CALDERON_QUITUS_L, Local Cell ID=9, Cell Name=PIC_UIO_CALDERON_QUITUS_L7_9, eNodeB ID=44088, Cell FDD TDD indication=CELL_FDD",Reliable,2810.309,190.365
2026-04-10 19:00,60,"PIC_UIO_MARIANITAS_UL/Cell:eNodeB Function Name=PIC_UIO_MARIANITAS_L, Local Cell ID=7, Cell Name=PIC_UIO_MARIANITAS_APT_7, eNodeB ID=44158, Cell FDD TDD indication=CELL_FDD",Reliable,4349.684,384.2
2026-04-10 19:00,60,"PIC_UIO_MARIANITAS_UL/Cell:eNodeB Function Name=PIC_UIO_MARIANITAS_L, Local Cell ID=8, Cell Name=PIC_UIO_MARIANITAS_APT_8, eNodeB ID=44158, Cell FDD TDD indication=CELL_FDD",Reliable,3308.992,1152.753
2026-04-10 19:00,60,"PIC_UIO_MARIANITAS_UL/Cell:eNodeB Function Name=PIC_UIO_MARIANITAS_L, Local Cell ID=9, Cell Name=PIC_UIO_MARIANITAS_APT_9, eNodeB ID=44158, Cell FDD TDD indication=CELL_FDD",Reliable,1280.566,161.568
2026-04-10 19:00,60,"ESM_ESM_ESME_LAS_AMERICAS_UL/Cell:eNodeB Function Name=ESM_ESM_ESME_LAS_AMERICAS_L, Local Cell ID=9, Cell Name=ESM_ESME_LAS_AMERICAS_APT_9, eNodeB ID=43605, Cell FDD TDD indication=CELL_FDD",Reliable,121.307,12.16
2026-04-10 19:00,60,"ESM_ESM_ESME_LAS_AMERICAS_UL/Cell:eNodeB Function Name=ESM_ESM_ESME_LAS_AMERICAS_L, Local Cell ID=8, Cell Name=ESM_ESME_LAS_AMERICAS_APT_8, eNodeB ID=43605, Cell FDD TDD indication=CELL_FDD",Reliable,1329.714,130.588
2026-04-10 19:00,60,"ESM_ESM_ESME_LAS_AMERICAS_UL/Cell:eNodeB Function Name=ESM_ESM_ESME_LAS_AMERICAS_L, Local Cell ID=7, Cell Name=ESM_ESME_LAS_AMERICAS_APT_7, eNodeB ID=43605, Cell FDD TDD indication=CELL_FDD",Reliable,1043.782,172.36
2026-04-10 19:00,60,"ESM_ESM_LA_TOLITA_UL/Cell:eNodeB Function Name=ESM_ESM_LA_TOLITA_L, Local Cell ID=7, Cell Name=ESM_ESM_LA_TOLITA_APT_7, eNodeB ID=44608, Cell FDD TDD indication=CELL_FDD",Reliable,163.011,16.977
2026-04-10 19:00,60,"ESM_ESM_LA_TOLITA_UL/Cell:eNodeB Function Name=ESM_ESM_LA_TOLITA_L, Local Cell ID=8, Cell Name=ESM_ESM_LA_TOLITA_APT_8, eNodeB ID=44608, Cell FDD TDD indication=CELL_FDD",Reliable,1862.811,269.408
2026-04-10 19:00,60,"ESM_ESM_LA_TOLITA_UL/Cell:eNodeB Function Name=ESM_ESM_LA_TOLITA_L, Local Cell ID=9, Cell Name=ESM_ESM_LA_TOLITA_APT_9, eNodeB ID=44608, Cell FDD TDD indication=CELL_FDD",Reliable,13086.713,3133.192
2026-04-10 19:00,60,"IMB_IBA_LA_PRIMAVERA_UL/Cell:eNodeB Function Name=IMB_IBA_LA_PRIMAVERA_L, Local Cell ID=9, Cell Name=IMB_IBA_LA_PRIMAVERA_APT_9, eNodeB ID=43590, Cell FDD TDD indication=CELL_FDD",Reliable,2174.384,243.403
2026-04-10 19:00,60,"IMB_IBA_LA_PRIMAVERA_UL/Cell:eNodeB Function Name=IMB_IBA_LA_PRIMAVERA_L, Local Cell ID=8, Cell Name=IMB_IBA_LA_PRIMAVERA_APT_8, eNodeB ID=43590, Cell FDD TDD indication=CELL_FDD",Reliable,750.23,82.119
2026-04-10 19:00,60,"IMB_IBA_LA_PRIMAVERA_UL/Cell:eNodeB Function Name=IMB_IBA_LA_PRIMAVERA_L, Local Cell ID=7, Cell Name=IMB_IBA_LA_PRIMAVERA_APT_7, eNodeB ID=43590, Cell FDD TDD indication=CELL_FDD",Reliable,1390.917,179.037
2026-04-10 19:00,60,"IMB_IBA_ALPACHACA_UL/Cell:eNodeB Function Name=IMB_IBA_ALPACHACA_L, Local Cell ID=9, Cell Name=IMB_IBA_ALPACHACA_APT_9, eNodeB ID=43614, Cell FDD TDD indication=CELL_FDD",Reliable,2520.995,218.803
2026-04-10 19:00,60,"IMB_IBA_ALPACHACA_UL/Cell:eNodeB Function Name=IMB_IBA_ALPACHACA_L, Local Cell ID=8, Cell Name=IMB_IBA_ALPACHACA_APT_8, eNodeB ID=43614, Cell FDD TDD indication=CELL_FDD",Reliable,1741.738,156.43
2026-04-10 19:00,60,"IMB_IBA_ALPACHACA_UL/Cell:eNodeB Function Name=IMB_IBA_ALPACHACA_L, Local Cell ID=7, Cell Name=IMB_IBA_ALPACHACA_APT_7, eNodeB ID=43614, Cell FDD TDD indication=CELL_FDD",Reliable,3970.661,479.596
2026-04-10 19:00,60,"IMB_IBA_013_UL (YAHUARCOCHA)/Cell:eNodeB Function Name=IMB_IBA_YAHUARCOCHA_L, Local Cell ID=9, Cell Name=IMB_IBA_YAHUARCOCHA_APT_9, eNodeB ID=43617, Cell FDD TDD indication=CELL_FDD",Reliable,682.459,50.547
2026-04-10 19:00,60,"IMB_IBA_013_UL (YAHUARCOCHA)/Cell:eNodeB Function Name=IMB_IBA_YAHUARCOCHA_L, Local Cell ID=8, Cell Name=IMB_IBA_YAHUARCOCHA_APT_8, eNodeB ID=43617, Cell FDD TDD indication=CELL_FDD",Reliable,718.785,54.267
2026-04-10 19:00,60,"IMB_IBA_013_UL (YAHUARCOCHA)/Cell:eNodeB Function Name=IMB_IBA_YAHUARCOCHA_L, Local Cell ID=7, Cell Name=IMB_IBA_YAHUARCOCHA_APT_7, eNodeB ID=43617, Cell FDD TDD indication=CELL_FDD",Reliable,473.113,41.074
2026-04-10 19:00,60,"IMB_IBA_YANAHURCO_UL/Cell:eNodeB Function Name=IMB_IBA_YANAHURCO_L, Local Cell ID=9, Cell Name=IMB_IBA_YANAHURCO_APT_9, eNodeB ID=43566, Cell FDD TDD indication=CELL_FDD",Reliable,1352.108,106.205
2026-04-10 19:00,60,"IMB_IBA_YANAHURCO_UL/Cell:eNodeB Function Name=IMB_IBA_YANAHURCO_L, Local Cell ID=8, Cell Name=IMB_IBA_YANAHURCO_APT_8, eNodeB ID=43566, Cell FDD TDD indication=CELL_FDD",Reliable,2379.911,272.146
2026-04-10 19:00,60,"IMB_IBA_YANAHURCO_UL/Cell:eNodeB Function Name=IMB_IBA_YANAHURCO_L, Local Cell ID=7, Cell Name=IMB_IBA_YANAHURCO_APT_7, eNodeB ID=43566, Cell FDD TDD indication=CELL_FDD",Reliable,2151.7,244.488
2026-04-10 19:00,60,"STD_STD_CHOFER_2_UL/Cell:eNodeB Function Name=STD_STD_CHOFER_2_L, Local Cell ID=9, Cell Name=STD_STD_CHOFER_2_APT_9, eNodeB ID=43663, Cell FDD TDD indication=CELL_FDD",Reliable,1918.657,271.095
2026-04-10 19:00,60,"STD_STD_CHOFER_2_UL/Cell:eNodeB Function Name=STD_STD_CHOFER_2_L, Local Cell ID=8, Cell Name=STD_STD_CHOFER_2_APT_8, eNodeB ID=43663, Cell FDD TDD indication=CELL_FDD",Reliable,16.431,3.672
2026-04-10 19:00,60,"STD_STD_CHOFER_2_UL/Cell:eNodeB Function Name=STD_STD_CHOFER_2_L, Local Cell ID=7, Cell Name=STD_STD_CHOFER_2_APT_7, eNodeB ID=43663, Cell FDD TDD indication=CELL_FDD",Reliable,87.889,10.552
2026-04-10 19:00,60,"PAS_PUY_LOJA_UL/Cell:eNodeB Function Name=PAS_PUY_LOJA_L, Local Cell ID=9, Cell Name=PAS_PUY_LOJA_L7_9, eNodeB ID=43613, Cell FDD TDD indication=CELL_FDD",Reliable,3572.285,504.341
2026-04-10 19:00,60,"PAS_PUY_LOJA_UL/Cell:eNodeB Function Name=PAS_PUY_LOJA_L, Local Cell ID=8, Cell Name=PAS_PUY_LOJA_L7_8, eNodeB ID=43613, Cell FDD TDD indication=CELL_FDD",Reliable,2923.639,390.934
2026-04-10 19:00,60,"PAS_PUY_LOJA_UL/Cell:eNodeB Function Name=PAS_PUY_LOJA_L, Local Cell ID=7, Cell Name=PAS_PUY_LOJA_L7_7, eNodeB ID=43613, Cell FDD TDD indication=CELL_FDD",Reliable,4266.731,499.405
2026-04-10 19:00,60,"PAS_PUY_LOJA_UL/Cell:eNodeB Function Name=PAS_PUY_LOJA_L, Local Cell ID=2, Cell Name=PAS_PUY_LOJA_L21_2, eNodeB ID=43613, Cell FDD TDD indication=CELL_FDD",Reliable,5995.775,841.103
2026-04-10 19:00,60,"PAS_PUY_LOJA_UL/Cell:eNodeB Function Name=PAS_PUY_LOJA_L, Local Cell ID=3, Cell Name=PAS_PUY_LOJA_L21_3, eNodeB ID=43613, Cell FDD TDD indication=CELL_FDD",Reliable,2536.031,259.382
2026-04-10 19:00,60,"PAS_PUY_LOJA_UL/Cell:eNodeB Function Name=PAS_PUY_LOJA_L, Local Cell ID=1, Cell Name=PAS_PUY_LOJA_L21_1, eNodeB ID=43613, Cell FDD TDD indication=CELL_FDD",Reliable,11535.013,817.258
2026-04-10 19:00,60,"STD_STD_SAN_RAFAEL_UL/Cell:eNodeB Function Name=STD_STD_SAN_RAFAEL_L, Local Cell ID=9, Cell Name=STD_STD_SAN_RAFAEL_APT_9, eNodeB ID=43536, Cell FDD TDD indication=CELL_FDD",Reliable,412.465,55.2
2026-04-10 19:00,60,"STD_STD_SAN_RAFAEL_UL/Cell:eNodeB Function Name=STD_STD_SAN_RAFAEL_L, Local Cell ID=8, Cell Name=STD_STD_SAN_RAFAEL_APT_8, eNodeB ID=43536, Cell FDD TDD indication=CELL_FDD",Reliable,1397.357,186.394
2026-04-10 19:00,60,"STD_STD_SAN_RAFAEL_UL/Cell:eNodeB Function Name=STD_STD_SAN_RAFAEL_L, Local Cell ID=7, Cell Name=STD_STD_SAN_RAFAEL_APT_7, eNodeB ID=43536, Cell FDD TDD indication=CELL_FDD",Reliable,714.361,156.901
2026-04-10 19:00,60,"IMB_IBA_BOLA_AMARILLA_UL/Cell:eNodeB Function Name=IMB_IBA_BOLA_AMARILLA_L, Local Cell ID=9, Cell Name=IMB_IBA_BOLA_AMARILLA_APT_9, eNodeB ID=43567, Cell FDD TDD indication=CELL_FDD",Reliable,5794.844,1231.675
2026-04-10 19:00,60,"IMB_IBA_BOLA_AMARILLA_UL/Cell:eNodeB Function Name=IMB_IBA_BOLA_AMARILLA_L, Local Cell ID=8, Cell Name=IMB_IBA_BOLA_AMARILLA_APT_8, eNodeB ID=43567, Cell FDD TDD indication=CELL_FDD",Reliable,2816.04,344.649
2026-04-10 19:00,60,"IMB_IBA_BOLA_AMARILLA_UL/Cell:eNodeB Function Name=IMB_IBA_BOLA_AMARILLA_L, Local Cell ID=7, Cell Name=IMB_IBA_BOLA_AMARILLA_APT_7, eNodeB ID=43567, Cell FDD TDD indication=CELL_FDD",Reliable,6038.79,1023.662
2026-04-10 19:00,60,"STD_STD_QUINCHES_UL/Cell:eNodeB Function Name=STD_STD_QUINCHES_L, Local Cell ID=9, Cell Name=STD_STD_QUINCHES_APT_9, eNodeB ID=43568, Cell FDD TDD indication=CELL_FDD",Reliable,2234.559,140.882
2026-04-10 19:00,60,"STD_STD_QUINCHES_UL/Cell:eNodeB Function Name=STD_STD_QUINCHES_L, Local Cell ID=8, Cell Name=STD_STD_QUINCHES_APT_8, eNodeB ID=43568, Cell FDD TDD indication=CELL_FDD",Reliable,240.583,33.82
2026-04-10 19:00,60,"STD_STD_QUINCHES_UL/Cell:eNodeB Function Name=STD_STD_QUINCHES_L, Local Cell ID=7, Cell Name=STD_STD_QUINCHES_APT_7, eNodeB ID=43568, Cell FDD TDD indication=CELL_FDD",Reliable,1372.927,231.74
2026-04-10 19:00,60,"TUN_AMB_LA_MADRE_ULN/Cell:eNodeB Function Name=TUN_AMB_LA_MADRE_L, Local Cell ID=8, Cell Name=TUN_AMB_LA_MADRE_APT_8, eNodeB ID=43538, Cell FDD TDD indication=CELL_FDD",Reliable,4675.445,751.745
2026-04-10 19:00,60,"TUN_AMB_LA_MADRE_ULN/Cell:eNodeB Function Name=TUN_AMB_LA_MADRE_L, Local Cell ID=7, Cell Name=TUN_AMB_LA_MADRE_APT_7, eNodeB ID=43538, Cell FDD TDD indication=CELL_FDD",Reliable,3282.852,273.115
2026-04-10 19:00,60,"TUN_AMB_AYLLON_UL/Cell:eNodeB Function Name=TUN_AMB_AYLLON_L, Local Cell ID=9, Cell Name=TUN_AMB_AYLLON_APT_9, eNodeB ID=43575, Cell FDD TDD indication=CELL_FDD",Reliable,5237.498,882.98
2026-04-10 19:00,60,"TUN_AMB_AYLLON_UL/Cell:eNodeB Function Name=TUN_AMB_AYLLON_L, Local Cell ID=8, Cell Name=TUN_AMB_AYLLON_APT_8, eNodeB ID=43575, Cell FDD TDD indication=CELL_FDD",Reliable,1801.728,158.103
2026-04-10 19:00,60,"TUN_AMB_AYLLON_UL/Cell:eNodeB Function Name=TUN_AMB_AYLLON_L, Local Cell ID=7, Cell Name=TUN_AMB_AYLLON_APT_7, eNodeB ID=43575, Cell FDD TDD indication=CELL_FDD",Reliable,6818.495,1018.619
2026-04-10 19:00,60,"CAR_TUL_NORTE_UL/Cell:eNodeB Function Name=CAR_TUL_NORTE_L, Local Cell ID=9, Cell Name=CAR_TUL_NORTE_APT_9, eNodeB ID=43530, Cell FDD TDD indication=CELL_FDD",Reliable,1879.807,277.283
2026-04-10 19:00,60,"CAR_TUL_NORTE_UL/Cell:eNodeB Function Name=CAR_TUL_NORTE_L, Local Cell ID=8, Cell Name=CAR_TUL_NORTE_APT_8, eNodeB ID=43530, Cell FDD TDD indication=CELL_FDD",Reliable,5200.694,407.426
2026-04-10 19:00,60,"CAR_TUL_NORTE_UL/Cell:eNodeB Function Name=CAR_TUL_NORTE_L, Local Cell ID=7, Cell Name=CAR_TUL_NORTE_APT_7, eNodeB ID=43530, Cell FDD TDD indication=CELL_FDD",Reliable,2919.161,240.508
2026-04-10 19:00,60,"TUN_PIL_COLEGIO_JORGE_ALVAREZ_UL/Cell:eNodeB Function Name=TUN_PIL_COLEGIO_JORGE_ALVAREZ_L, Local Cell ID=9, Cell Name=TUN_PIL_COLEGIO_JORGE_ALVAREZ_APT_9, eNodeB ID=43611, Cell FDD TDD indication=CELL_FDD",Reliable,2926.777,120.727
2026-04-10 19:00,60,"TUN_PIL_COLEGIO_JORGE_ALVAREZ_UL/Cell:eNodeB Function Name=TUN_PIL_COLEGIO_JORGE_ALVAREZ_L, Local Cell ID=8, Cell Name=TUN_PIL_COLEGIO_JORGE_ALVAREZ_APT_8, eNodeB ID=43611, Cell FDD TDD indication=CELL_FDD",Reliable,6993.814,913.365
2026-04-10 19:00,60,"TUN_PIL_COLEGIO_JORGE_ALVAREZ_UL/Cell:eNodeB Function Name=TUN_PIL_COLEGIO_JORGE_ALVAREZ_L, Local Cell ID=7, Cell Name=TUN_PIL_COLEGIO_JORGE_ALVAREZ_APT_7, eNodeB ID=43611, Cell FDD TDD indication=CELL_FDD",Reliable,2952.235,352.911
2026-04-10 19:00,60,"TUN_AMB_JUAN_LEON_MERA_UL/Cell:eNodeB Function Name=TUN_AMB_JUAN_LEON_MERA_L, Local Cell ID=9, Cell Name=TUN_AMB_JUAN_LEON_MERA_APT_9, eNodeB ID=43593, Cell FDD TDD indication=CELL_FDD",Reliable,1087.951,147.382
2026-04-10 19:00,60,"TUN_AMB_JUAN_LEON_MERA_UL/Cell:eNodeB Function Name=TUN_AMB_JUAN_LEON_MERA_L, Local Cell ID=8, Cell Name=TUN_AMB_JUAN_LEON_MERA_APT_8, eNodeB ID=43593, Cell FDD TDD indication=CELL_FDD",Reliable,4889.306,840.477
2026-04-10 19:00,60,"TUN_AMB_JUAN_LEON_MERA_UL/Cell:eNodeB Function Name=TUN_AMB_JUAN_LEON_MERA_L, Local Cell ID=7, Cell Name=TUN_AMB_JUAN_LEON_MERA_APT_7, eNodeB ID=43593, Cell FDD TDD indication=CELL_FDD",Reliable,2171.82,245.076
2026-04-10 19:00,60,"PIC_UIO_LLANO_CHICO_UL/Cell:eNodeB Function Name=PIC_UIO_LLANO_CHICO_L, Local Cell ID=7, Cell Name=PIC_UIO_LLANO_CHICO_L7_7, eNodeB ID=44149, Cell FDD TDD indication=CELL_FDD",Reliable,2155.432,295.102
2026-04-10 19:00,60,"PIC_UIO_LLANO_CHICO_UL/Cell:eNodeB Function Name=PIC_UIO_LLANO_CHICO_L, Local Cell ID=8, Cell Name=PIC_UIO_LLANO_CHICO_L7_8, eNodeB ID=44149, Cell FDD TDD indication=CELL_FDD",Reliable,3217.439,479.474
2026-04-10 19:00,60,"PIC_UIO_LLANO_CHICO_UL/Cell:eNodeB Function Name=PIC_UIO_LLANO_CHICO_L, Local Cell ID=9, Cell Name=PIC_UIO_LLANO_CHICO_L7_9, eNodeB ID=44149, Cell FDD TDD indication=CELL_FDD",Reliable,3371.759,369.644
2026-04-10 19:00,60,"L_GUA11069_BELLAVISTA_NORTE/Cell:eNodeB Function Name=L_GUA11069_BELLAVISTA_NORTE, Local Cell ID=9, Cell Name=L_GUA11069_BELLAVISTA_NORTE_9, eNodeB ID=11069, Cell FDD TDD indication=CELL_FDD",Reliable,488.311,39.038
2026-04-10 19:00,60,"L_GUA11069_BELLAVISTA_NORTE/Cell:eNodeB Function Name=L_GUA11069_BELLAVISTA_NORTE, Local Cell ID=8, Cell Name=L_GUA11069_BELLAVISTA_NORTE_8, eNodeB ID=11069, Cell FDD TDD indication=CELL_FDD",Reliable,121.389,13.672
2026-04-10 19:00,60,"L_GUA11069_BELLAVISTA_NORTE/Cell:eNodeB Function Name=L_GUA11069_BELLAVISTA_NORTE, Local Cell ID=7, Cell Name=L_GUA11069_BELLAVISTA_NORTE_7, eNodeB ID=11069, Cell FDD TDD indication=CELL_FDD",Reliable,8139.674,1650.883
2026-04-10 19:00,60,"L_GUA11069_BELLAVISTA_NORTE/Cell:eNodeB Function Name=L_GUA11069_BELLAVISTA_NORTE, Local Cell ID=3, Cell Name=L_GUA11069_BELLAVISTA_NORTE_3, eNodeB ID=11069, Cell FDD TDD indication=CELL_FDD",Reliable,1472.027,170.096
2026-04-10 19:00,60,"L_GUA11069_BELLAVISTA_NORTE/Cell:eNodeB Function Name=L_GUA11069_BELLAVISTA_NORTE, Local Cell ID=2, Cell Name=L_GUA11069_BELLAVISTA_NORTE_2, eNodeB ID=11069, Cell FDD TDD indication=CELL_FDD",Reliable,697.99,92.273
2026-04-10 19:00,60,"L_GUA11069_BELLAVISTA_NORTE/Cell:eNodeB Function Name=L_GUA11069_BELLAVISTA_NORTE, Local Cell ID=1, Cell Name=L_GUA11069_BELLAVISTA_NORTE_1, eNodeB ID=11069, Cell FDD TDD indication=CELL_FDD",Reliable,1360.21,100.082
2026-04-10 19:00,60,"L_GUA11098_SALADO_OESTE/Cell:eNodeB Function Name=L_GUA11098_SALADO_OESTE, Local Cell ID=9, Cell Name=L_GUA11098_SALADO_OESTE_9, eNodeB ID=11098, Cell FDD TDD indication=CELL_FDD",Reliable,472.571,43.049
2026-04-10 19:00,60,"L_GUA11098_SALADO_OESTE/Cell:eNodeB Function Name=L_GUA11098_SALADO_OESTE, Local Cell ID=8, Cell Name=L_GUA11098_SALADO_OESTE_8, eNodeB ID=11098, Cell FDD TDD indication=CELL_FDD",Reliable,20.402,8.59
2026-04-10 19:00,60,"L_GUA11098_SALADO_OESTE/Cell:eNodeB Function Name=L_GUA11098_SALADO_OESTE, Local Cell ID=7, Cell Name=L_GUA11098_SALADO_OESTE_7, eNodeB ID=11098, Cell FDD TDD indication=CELL_FDD",Reliable,287.96,29.768
2026-04-10 19:00,60,"L_GUA11098_SALADO_OESTE/Cell:eNodeB Function Name=L_GUA11098_SALADO_OESTE, Local Cell ID=3, Cell Name=L_GUA11098_SALADO_OESTE_3, eNodeB ID=11098, Cell FDD TDD indication=CELL_FDD",Reliable,1752.433,140.751
2026-04-10 19:00,60,"L_GUA11098_SALADO_OESTE/Cell:eNodeB Function Name=L_GUA11098_SALADO_OESTE, Local Cell ID=2, Cell Name=L_GUA11098_SALADO_OESTE_2, eNodeB ID=11098, Cell FDD TDD indication=CELL_FDD",Reliable,18.417,4.158
2026-04-10 19:00,60,"L_GUA11098_SALADO_OESTE/Cell:eNodeB Function Name=L_GUA11098_SALADO_OESTE, Local Cell ID=1, Cell Name=L_GUA11098_SALADO_OESTE_1, eNodeB ID=11098, Cell FDD TDD indication=CELL_FDD",Reliable,614.944,59.016
2026-04-10 19:00,60,"L_GUA11136_CISNE_NORTE/Cell:eNodeB Function Name=L_GUA11136_CISNE_NORTE, Local Cell ID=9, Cell Name=L_GUA11136_CISNE_NORTE_9, eNodeB ID=11136, Cell FDD TDD indication=CELL_FDD",Reliable,568.115,41.685
2026-04-10 19:00,60,"L_GUA11136_CISNE_NORTE/Cell:eNodeB Function Name=L_GUA11136_CISNE_NORTE, Local Cell ID=8, Cell Name=L_GUA11136_CISNE_NORTE_8, eNodeB ID=11136, Cell FDD TDD indication=CELL_FDD",Reliable,681.317,48.604
2026-04-10 19:00,60,"L_GUA11136_CISNE_NORTE/Cell:eNodeB Function Name=L_GUA11136_CISNE_NORTE, Local Cell ID=7, Cell Name=L_GUA11136_CISNE_NORTE_7, eNodeB ID=11136, Cell FDD TDD indication=CELL_FDD",Reliable,423.846,36.177
2026-04-10 19:00,60,"L_GUA11136_CISNE_NORTE/Cell:eNodeB Function Name=L_GUA11136_CISNE_NORTE, Local Cell ID=3, Cell Name=L_GUA11136_CISNE_NORTE_3, eNodeB ID=11136, Cell FDD TDD indication=CELL_FDD",Reliable,702.31,88.126
2026-04-10 19:00,60,"L_GUA11136_CISNE_NORTE/Cell:eNodeB Function Name=L_GUA11136_CISNE_NORTE, Local Cell ID=2, Cell Name=L_GUA11136_CISNE_NORTE_2, eNodeB ID=11136, Cell FDD TDD indication=CELL_FDD",Reliable,2791.303,135.645
2026-04-10 19:00,60,"L_GUA11136_CISNE_NORTE/Cell:eNodeB Function Name=L_GUA11136_CISNE_NORTE, Local Cell ID=1, Cell Name=L_GUA11136_CISNE_NORTE_1, eNodeB ID=11136, Cell FDD TDD indication=CELL_FDD",Reliable,2125.812,190.69
2026-04-10 19:00,60,"PIC_UIO_MARIANO_POZO_UL/Cell:eNodeB Function Name=PIC_UIO_MARIANO_POZO_L, Local Cell ID=7, Cell Name=PIC_UIO_MARIANO_POZO_APT_7, eNodeB ID=43550, Cell FDD TDD indication=CELL_FDD",Reliable,2934.978,395.484
2026-04-10 19:00,60,"PIC_UIO_MARIANO_POZO_UL/Cell:eNodeB Function Name=PIC_UIO_MARIANO_POZO_L, Local Cell ID=8, Cell Name=PIC_UIO_MARIANO_POZO_APT_8, eNodeB ID=43550, Cell FDD TDD indication=CELL_FDD",Reliable,2394.773,129.336
2026-04-10 19:00,60,"PIC_UIO_MARIANO_POZO_UL/Cell:eNodeB Function Name=PIC_UIO_MARIANO_POZO_L, Local Cell ID=9, Cell Name=PIC_UIO_MARIANO_POZO_APT_9, eNodeB ID=43550, Cell FDD TDD indication=CELL_FDD",Reliable,4988.809,523.955
2026-04-10 19:00,60,"PIC_UIO_UYUMBICHO_UL/Cell:eNodeB Function Name=PIC_UIO_UYUMBICHO_L, Local Cell ID=7, Cell Name=PIC_UIO_UYUMBICHO_L7_7, eNodeB ID=44278, Cell FDD TDD indication=CELL_FDD",Reliable,3200.035,245.883
2026-04-10 19:00,60,"PIC_UIO_UYUMBICHO_UL/Cell:eNodeB Function Name=PIC_UIO_UYUMBICHO_L, Local Cell ID=8, Cell Name=PIC_UIO_UYUMBICHO_L7_8, eNodeB ID=44278, Cell FDD TDD indication=CELL_FDD",Reliable,2506.428,180.566
2026-04-10 19:00,60,"PIC_UIO_UYUMBICHO_UL/Cell:eNodeB Function Name=PIC_UIO_UYUMBICHO_L, Local Cell ID=9, Cell Name=PIC_UIO_UYUMBICHO_L7_9, eNodeB ID=44278, Cell FDD TDD indication=CELL_FDD",Reliable,2227.805,188.371
2026-04-10 19:00,60,"PIC_MEJ_MACHACHI_UL/Cell:eNodeB Function Name=PIC_MEJ_MACHACHI_L, Local Cell ID=7, Cell Name=PIC_MEJ_MACHACHI_L7_7, eNodeB ID=44402, Cell FDD TDD indication=CELL_FDD",Reliable,9108.922,1212.302
2026-04-10 19:00,60,"PIC_MEJ_MACHACHI_UL/Cell:eNodeB Function Name=PIC_MEJ_MACHACHI_L, Local Cell ID=8, Cell Name=PIC_MEJ_MACHACHI_L7_8, eNodeB ID=44402, Cell FDD TDD indication=CELL_FDD",Reliable,9209.372,835.482
2026-04-10 19:00,60,"PIC_MEJ_MACHACHI_UL/Cell:eNodeB Function Name=PIC_MEJ_MACHACHI_L, Local Cell ID=9, Cell Name=PIC_MEJ_MACHACHI_L7_9, eNodeB ID=44402, Cell FDD TDD indication=CELL_FDD",Reliable,4217.754,313.77
2026-04-10 19:00,60,"IMB_COT_COTACACHI(3G)_UL/Cell:eNodeB Function Name=IMB_COT_COTACACHI_L, Local Cell ID=7, Cell Name=IMB_COT_COTACACHI_APT_7, eNodeB ID=44735, Cell FDD TDD indication=CELL_FDD",Reliable,5808.834,1354.979
2026-04-10 19:00,60,"IMB_COT_COTACACHI(3G)_UL/Cell:eNodeB Function Name=IMB_COT_COTACACHI_L, Local Cell ID=8, Cell Name=IMB_COT_COTACACHI_APT_8, eNodeB ID=44735, Cell FDD TDD indication=CELL_FDD",Reliable,8783.535,1218.826
2026-04-10 19:00,60,"IMB_COT_COTACACHI(3G)_UL/Cell:eNodeB Function Name=IMB_COT_COTACACHI_L, Local Cell ID=9, Cell Name=IMB_COT_COTACACHI_APT_9, eNodeB ID=44735, Cell FDD TDD indication=CELL_FDD",Reliable,5365.552,674.262
2026-04-10 19:00,60,"PIC_UIO_AMAGUANA_UL/Cell:eNodeB Function Name=PIC_UIO_AMAGUANA_L, Local Cell ID=7, Cell Name=PIC_UIO_AMAGUANA_L7_7, eNodeB ID=44055, Cell FDD TDD indication=CELL_FDD",Reliable,4585.08,423.953
2026-04-10 19:00,60,"PIC_UIO_AMAGUANA_UL/Cell:eNodeB Function Name=PIC_UIO_AMAGUANA_L, Local Cell ID=8, Cell Name=PIC_UIO_AMAGUANA_L7_8, eNodeB ID=44055, Cell FDD TDD indication=CELL_FDD",Reliable,2655.421,262.116
2026-04-10 19:00,60,"PIC_UIO_AMAGUANA_UL/Cell:eNodeB Function Name=PIC_UIO_AMAGUANA_L, Local Cell ID=9, Cell Name=PIC_UIO_AMAGUANA_L7_9, eNodeB ID=44055, Cell FDD TDD indication=CELL_FDD",Reliable,4782.724,618.219
2026-04-10 19:00,60,"PIC_UIO_GUAMANI_UL/Cell:eNodeB Function Name=PIC_UIO_GUAMANI_L, Local Cell ID=7, Cell Name=PIC_UIO_GUAMANI_L7_7, eNodeB ID=44004, Cell FDD TDD indication=CELL_FDD",Reliable,2856.228,260.698
2026-04-10 19:00,60,"PIC_UIO_GUAMANI_UL/Cell:eNodeB Function Name=PIC_UIO_GUAMANI_L, Local Cell ID=8, Cell Name=PIC_UIO_GUAMANI_L7_8, eNodeB ID=44004, Cell FDD TDD indication=CELL_FDD",Reliable,4016.302,1155.042
2026-04-10 19:00,60,"PIC_UIO_GUAMANI_UL/Cell:eNodeB Function Name=PIC_UIO_GUAMANI_L, Local Cell ID=9, Cell Name=PIC_UIO_GUAMANI_L7_9, eNodeB ID=44004, Cell FDD TDD indication=CELL_FDD",Reliable,2507.008,825.151
2026-04-10 19:00,60,"STD_STD_PUERTO_LIMON_UL/Cell:eNodeB Function Name=STD_STD_PUERTO_LIMON_L, Local Cell ID=7, Cell Name=STD_STD_PUERTO_LIMON_APT_7, eNodeB ID=44787, Cell FDD TDD indication=CELL_FDD",Reliable,799.779,90.117
2026-04-10 19:00,60,"STD_STD_PUERTO_LIMON_UL/Cell:eNodeB Function Name=STD_STD_PUERTO_LIMON_L, Local Cell ID=8, Cell Name=STD_STD_PUERTO_LIMON_APT_8, eNodeB ID=44787, Cell FDD TDD indication=CELL_FDD",Reliable,85.591,144.85
2026-04-10 19:00,60,"STD_STD_PUERTO_LIMON_UL/Cell:eNodeB Function Name=STD_STD_PUERTO_LIMON_L, Local Cell ID=9, Cell Name=STD_STD_PUERTO_LIMON_APT_9, eNodeB ID=44787, Cell FDD TDD indication=CELL_FDD",Reliable,1371.911,104.219
2026-04-10 19:00,60,"STD_CON_LA_CONCORDIA_UL/Cell:eNodeB Function Name=STD_CON_LA_CONCORDIA_L, Local Cell ID=7, Cell Name=STD_CON_LA_CONCORDIA_APT_7, eNodeB ID=44792, Cell FDD TDD indication=CELL_FDD",Reliable,968.071,100.626
2026-04-10 19:00,60,"STD_CON_LA_CONCORDIA_UL/Cell:eNodeB Function Name=STD_CON_LA_CONCORDIA_L, Local Cell ID=8, Cell Name=STD_CON_LA_CONCORDIA_APT_8, eNodeB ID=44792, Cell FDD TDD indication=CELL_FDD",Reliable,1527.951,171.708
2026-04-10 19:00,60,"STD_CON_LA_CONCORDIA_UL/Cell:eNodeB Function Name=STD_CON_LA_CONCORDIA_L, Local Cell ID=9, Cell Name=STD_CON_LA_CONCORDIA_APT_9, eNodeB ID=44792, Cell FDD TDD indication=CELL_FDD",Reliable,3530.083,350.903
2026-04-10 19:00,60,"STD_STD_SD_BOMBOLI_UL/Cell:eNodeB Function Name=STD_STD_SD_BOMBOLI_L, Local Cell ID=7, Cell Name=STD_STD_SD_BOMBOLI_APT_7, eNodeB ID=44762, Cell FDD TDD indication=CELL_FDD",Reliable,4699.788,791.645
2026-04-10 19:00,60,"STD_STD_SD_BOMBOLI_UL/Cell:eNodeB Function Name=STD_STD_SD_BOMBOLI_L, Local Cell ID=8, Cell Name=STD_STD_SD_BOMBOLI_APT_8, eNodeB ID=44762, Cell FDD TDD indication=CELL_FDD",Reliable,5447.842,803.823
2026-04-10 19:00,60,"STD_STD_SD_BOMBOLI_UL/Cell:eNodeB Function Name=STD_STD_SD_BOMBOLI_L, Local Cell ID=9, Cell Name=STD_STD_SD_BOMBOLI_APT_9, eNodeB ID=44762, Cell FDD TDD indication=CELL_FDD",Reliable,4039.3,593.935
2026-04-10 19:00,60,"PIC_CAY_CAYAMBE_CNT_UL/Cell:eNodeB Function Name=PIC_CAY_CAYAMBE_CNT_L, Local Cell ID=7, Cell Name=PIC_CAY_CAYAMBE_CNT_APT_7, eNodeB ID=44410, Cell FDD TDD indication=CELL_FDD",Reliable,4615.429,1352.091
2026-04-10 19:00,60,"PIC_CAY_CAYAMBE_CNT_UL/Cell:eNodeB Function Name=PIC_CAY_CAYAMBE_CNT_L, Local Cell ID=8, Cell Name=PIC_CAY_CAYAMBE_CNT_APT_8, eNodeB ID=44410, Cell FDD TDD indication=CELL_FDD",Reliable,9127.603,790.676
2026-04-10 19:00,60,"PIC_CAY_CAYAMBE_CNT_UL/Cell:eNodeB Function Name=PIC_CAY_CAYAMBE_CNT_L, Local Cell ID=9, Cell Name=PIC_CAY_CAYAMBE_CNT_APT_9, eNodeB ID=44410, Cell FDD TDD indication=CELL_FDD",Reliable,4866.664,514.792
2026-04-10 19:00,60,"IMB_GON_CAJAS_UL/Cell:eNodeB Function Name=IMB_GON_CAJAS_L, Local Cell ID=7, Cell Name=IMB_GON_CAJAS_APT_7, eNodeB ID=44752, Cell FDD TDD indication=CELL_FDD",Reliable,2710.341,214.344
2026-04-10 19:00,60,"IMB_GON_CAJAS_UL/Cell:eNodeB Function Name=IMB_GON_CAJAS_L, Local Cell ID=8, Cell Name=IMB_GON_CAJAS_APT_8, eNodeB ID=44752, Cell FDD TDD indication=CELL_FDD",Reliable,6111.601,569.483
2026-04-10 19:00,60,"IMB_GON_CAJAS_UL/Cell:eNodeB Function Name=IMB_GON_CAJAS_L, Local Cell ID=9, Cell Name=IMB_GON_CAJAS_APT_9, eNodeB ID=44752, Cell FDD TDD indication=CELL_FDD",Reliable,6039.323,667.616
2026-04-10 19:00,60,"ORE_COC_PAYAMINO_UL/Cell:eNodeB Function Name=ORE_COC_PAYAMINO_L, Local Cell ID=9, Cell Name=ORE_COC_PAYAMINO_APT_9, eNodeB ID=43645, Cell FDD TDD indication=CELL_FDD",Reliable,2826.397,369.905
2026-04-10 19:00,60,"ORE_COC_PAYAMINO_UL/Cell:eNodeB Function Name=ORE_COC_PAYAMINO_L, Local Cell ID=8, Cell Name=ORE_COC_PAYAMINO_APT_8, eNodeB ID=43645, Cell FDD TDD indication=CELL_FDD",Reliable,1809.236,115.959
2026-04-10 19:00,60,"ORE_COC_PAYAMINO_UL/Cell:eNodeB Function Name=ORE_COC_PAYAMINO_L, Local Cell ID=7, Cell Name=ORE_COC_PAYAMINO_APT_7, eNodeB ID=43645, Cell FDD TDD indication=CELL_FDD",Reliable,3270.082,464.826
2026-04-10 19:00,60,"PAS_PUY_U_ESTATAL_AMAZONICA_UL/Cell:eNodeB Function Name=PAS_PUY_U_ESTATAL_AMAZONICA_L, Local Cell ID=9, Cell Name=PAS_PUY_U_ESTATAL_AMAZONICA_APT_9, eNodeB ID=43647, Cell FDD TDD indication=CELL_FDD",Reliable,1353.368,210.704
2026-04-10 19:00,60,"PAS_PUY_U_ESTATAL_AMAZONICA_UL/Cell:eNodeB Function Name=PAS_PUY_U_ESTATAL_AMAZONICA_L, Local Cell ID=8, Cell Name=PAS_PUY_U_ESTATAL_AMAZONICA_APT_8, eNodeB ID=43647, Cell FDD TDD indication=CELL_FDD",Reliable,594.492,83.862
2026-04-10 19:00,60,"PAS_PUY_U_ESTATAL_AMAZONICA_UL/Cell:eNodeB Function Name=PAS_PUY_U_ESTATAL_AMAZONICA_L, Local Cell ID=7, Cell Name=PAS_PUY_U_ESTATAL_AMAZONICA_APT_7, eNodeB ID=43647, Cell FDD TDD indication=CELL_FDD",Reliable,1724.819,169.159
2026-04-10 19:00,60,"PAS_PUY_MARIN_UL/Cell:eNodeB Function Name=PAS_PUY_MARIN_L, Local Cell ID=9, Cell Name=PAS_PUY_MARIN_APT_9, eNodeB ID=43612, Cell FDD TDD indication=CELL_FDD",Reliable,5216.092,589.816
2026-04-10 19:00,60,"PAS_PUY_MARIN_UL/Cell:eNodeB Function Name=PAS_PUY_MARIN_L, Local Cell ID=8, Cell Name=PAS_PUY_MARIN_APT_8, eNodeB ID=43612, Cell FDD TDD indication=CELL_FDD",Reliable,3736.635,526.082
2026-04-10 19:00,60,"PAS_PUY_MARIN_UL/Cell:eNodeB Function Name=PAS_PUY_MARIN_L, Local Cell ID=7, Cell Name=PAS_PUY_MARIN_APT_7, eNodeB ID=43612, Cell FDD TDD indication=CELL_FDD",Reliable,6800.301,1203.276
2026-04-10 19:00,60,"IMB_IBA_LA_FLORIDA_UL/Cell:eNodeB Function Name=IMB_IBA_LA_FLORIDA_L, Local Cell ID=9, Cell Name=IMB_IBA_LA_FLORIDA_APT_9, eNodeB ID=43589, Cell FDD TDD indication=CELL_FDD",Reliable,4670.743,497.01
2026-04-10 19:00,60,"IMB_IBA_LA_FLORIDA_UL/Cell:eNodeB Function Name=IMB_IBA_LA_FLORIDA_L, Local Cell ID=8, Cell Name=IMB_IBA_LA_FLORIDA_APT_8, eNodeB ID=43589, Cell FDD TDD indication=CELL_FDD",Reliable,1666.772,136.603
2026-04-10 19:00,60,"IMB_IBA_LA_FLORIDA_UL/Cell:eNodeB Function Name=IMB_IBA_LA_FLORIDA_L, Local Cell ID=7, Cell Name=IMB_IBA_LA_FLORIDA_APT_7, eNodeB ID=43589, Cell FDD TDD indication=CELL_FDD",Reliable,4206.139,417.366
2026-04-10 19:00,60,"ORE_COC_TERMINAL_TERRESTRE_UL/Cell:eNodeB Function Name=ORE_COC_TERMINAL_TERRESTRE_L, Local Cell ID=9, Cell Name=ORE_COC_TERMINAL_TERRESTRE_APT_9, eNodeB ID=43643, Cell FDD TDD indication=CELL_FDD",Reliable,6893.355,848.859
2026-04-10 19:00,60,"ORE_COC_TERMINAL_TERRESTRE_UL/Cell:eNodeB Function Name=ORE_COC_TERMINAL_TERRESTRE_L, Local Cell ID=8, Cell Name=ORE_COC_TERMINAL_TERRESTRE_APT_8, eNodeB ID=43643, Cell FDD TDD indication=CELL_FDD",Reliable,1425.597,132.862
2026-04-10 19:00,60,"ORE_COC_TERMINAL_TERRESTRE_UL/Cell:eNodeB Function Name=ORE_COC_TERMINAL_TERRESTRE_L, Local Cell ID=7, Cell Name=ORE_COC_TERMINAL_TERRESTRE_APT_7, eNodeB ID=43643, Cell FDD TDD indication=CELL_FDD",Reliable,5647.816,622.314
2026-04-10 19:00,60,"PIC_UIO_CICLISTA_UL/Cell:eNodeB Function Name=PIC_UIO_CICLISTA_L, Local Cell ID=9, Cell Name=PIC_UIO_CICLISTA_L7_9, eNodeB ID=43526, Cell FDD TDD indication=CELL_FDD",Reliable,6269.408,845.88
2026-04-10 19:00,60,"PIC_UIO_CICLISTA_UL/Cell:eNodeB Function Name=PIC_UIO_CICLISTA_L, Local Cell ID=8, Cell Name=PIC_UIO_CICLISTA_L7_8, eNodeB ID=43526, Cell FDD TDD indication=CELL_FDD",Reliable,114.74,9.544
2026-04-10 19:00,60,"PIC_UIO_CICLISTA_UL/Cell:eNodeB Function Name=PIC_UIO_CICLISTA_L, Local Cell ID=7, Cell Name=PIC_UIO_CICLISTA_L7_7, eNodeB ID=43526, Cell FDD TDD indication=CELL_FDD",Reliable,1552.963,990.319
2026-04-10 19:00,60,"PIC_UIO_FERNANDO_AYARZA_UL/Cell:eNodeB Function Name=PIC_UIO_FERNANDO_AYARZA_L, Local Cell ID=9, Cell Name=PIC_UIO_FERNANDO_AYARZA_APT_9, eNodeB ID=43602, Cell FDD TDD indication=CELL_FDD",Reliable,2624.03,370.705
2026-04-10 19:00,60,"PIC_UIO_FERNANDO_AYARZA_UL/Cell:eNodeB Function Name=PIC_UIO_FERNANDO_AYARZA_L, Local Cell ID=8, Cell Name=PIC_UIO_FERNANDO_AYARZA_APT_8, eNodeB ID=43602, Cell FDD TDD indication=CELL_FDD",Reliable,1702.985,151.07
2026-04-10 19:00,60,"PIC_UIO_FERNANDO_AYARZA_UL/Cell:eNodeB Function Name=PIC_UIO_FERNANDO_AYARZA_L, Local Cell ID=7, Cell Name=PIC_UIO_FERNANDO_AYARZA_APT_7, eNodeB ID=43602, Cell FDD TDD indication=CELL_FDD",Reliable,664.685,101.082
2026-04-10 19:00,60,"PIC_UIO_LA_PULIDA_UL/Cell:eNodeB Function Name=PIC_UIO_LA_PULIDA_L, Local Cell ID=9, Cell Name=PIC_UIO_LA_PULIDA_APT_9, eNodeB ID=43664, Cell FDD TDD indication=CELL_FDD",Reliable,1429.181,137.865
2026-04-10 19:00,60,"PIC_UIO_LA_PULIDA_UL/Cell:eNodeB Function Name=PIC_UIO_LA_PULIDA_L, Local Cell ID=8, Cell Name=PIC_UIO_LA_PULIDA_APT_8, eNodeB ID=43664, Cell FDD TDD indication=CELL_FDD",Reliable,1025.101,364.675
2026-04-10 19:00,60,"PIC_UIO_LA_PULIDA_UL/Cell:eNodeB Function Name=PIC_UIO_LA_PULIDA_L, Local Cell ID=7, Cell Name=PIC_UIO_LA_PULIDA_APT_7, eNodeB ID=43664, Cell FDD TDD indication=CELL_FDD",Reliable,2058.28,440.203
2026-04-10 19:00,60,"STD_STD_SAN_GABRIEL_UL/Cell:eNodeB Function Name=STD_STD_SAN_GABRIEL_L, Local Cell ID=9, Cell Name=STD_STD_SAN_GABRIEL_APT_9, eNodeB ID=43638, Cell FDD TDD indication=CELL_FDD",Reliable,2058.76,444.182
2026-04-10 19:00,60,"STD_STD_SAN_GABRIEL_UL/Cell:eNodeB Function Name=STD_STD_SAN_GABRIEL_L, Local Cell ID=8, Cell Name=STD_STD_SAN_GABRIEL_APT_8, eNodeB ID=43638, Cell FDD TDD indication=CELL_FDD",Reliable,796.985,214.879
2026-04-10 19:00,60,"STD_STD_SAN_GABRIEL_UL/Cell:eNodeB Function Name=STD_STD_SAN_GABRIEL_L, Local Cell ID=7, Cell Name=STD_STD_SAN_GABRIEL_APT_7, eNodeB ID=43638, Cell FDD TDD indication=CELL_FDD",Reliable,2056.104,183.868
2026-04-10 19:00,60,"SUC_LAG_001_UL (LAGO SIMON BOLIVAR)/Cell:eNodeB Function Name=SUC_LAG_LAGO_SIMON_BOLIVAR_L, Local Cell ID=9, Cell Name=SUC_LAG_LAGO_SIMON_BOLIVAR_APT_9, eNodeB ID=43639, Cell FDD TDD indication=CELL_FDD",Reliable,7173.263,564.613
2026-04-10 19:00,60,"SUC_LAG_001_UL (LAGO SIMON BOLIVAR)/Cell:eNodeB Function Name=SUC_LAG_LAGO_SIMON_BOLIVAR_L, Local Cell ID=8, Cell Name=SUC_LAG_LAGO_SIMON_BOLIVAR_APT_8, eNodeB ID=43639, Cell FDD TDD indication=CELL_FDD",Reliable,5119.725,748.649
2026-04-10 19:00,60,"SUC_LAG_001_UL (LAGO SIMON BOLIVAR)/Cell:eNodeB Function Name=SUC_LAG_LAGO_SIMON_BOLIVAR_L, Local Cell ID=7, Cell Name=SUC_LAG_LAGO_SIMON_BOLIVAR_APT_7, eNodeB ID=43639, Cell FDD TDD indication=CELL_FDD",Reliable,7259.347,1368.03
2026-04-10 19:00,60,"SUC_LAG_003_UL (LAGO PETRO)/Cell:eNodeB Function Name=SUC_LAG_LAGO_PETRO_L, Local Cell ID=9, Cell Name=SUC_LAG_LAGO_PETRO_APT_9, eNodeB ID=43641, Cell FDD TDD indication=CELL_FDD",Reliable,4861.213,518.988
2026-04-10 19:00,60,"SUC_LAG_003_UL (LAGO PETRO)/Cell:eNodeB Function Name=SUC_LAG_LAGO_PETRO_L, Local Cell ID=8, Cell Name=SUC_LAG_LAGO_PETRO_APT_8, eNodeB ID=43641, Cell FDD TDD indication=CELL_FDD",Reliable,7528.412,827.109
2026-04-10 19:00,60,"SUC_LAG_003_UL (LAGO PETRO)/Cell:eNodeB Function Name=SUC_LAG_LAGO_PETRO_L, Local Cell ID=7, Cell Name=SUC_LAG_LAGO_PETRO_APT_7, eNodeB ID=43641, Cell FDD TDD indication=CELL_FDD",Reliable,2379.443,365.885
2026-04-10 19:00,60,"TUN_AMB_MINARICA_UL/Cell:eNodeB Function Name=TUN_AMB_MINARICA_L, Local Cell ID=9, Cell Name=TUN_AMB_MINARICA_APT_9, eNodeB ID=43572, Cell FDD TDD indication=CELL_FDD",Reliable,4740.483,443.395
2026-04-10 19:00,60,"TUN_AMB_MINARICA_UL/Cell:eNodeB Function Name=TUN_AMB_MINARICA_L, Local Cell ID=8, Cell Name=TUN_AMB_MINARICA_APT_8, eNodeB ID=43572, Cell FDD TDD indication=CELL_FDD",Reliable,9325.737,1332.833
2026-04-10 19:00,60,"TUN_AMB_MINARICA_UL/Cell:eNodeB Function Name=TUN_AMB_MINARICA_L, Local Cell ID=7, Cell Name=TUN_AMB_MINARICA_APT_7, eNodeB ID=43572, Cell FDD TDD indication=CELL_FDD",Reliable,7065.131,718.528
2026-04-10 19:00,60,"TUN_AMB_SAN_ANTONIO_UL/Cell:eNodeB Function Name=TUN_AMB_SAN_ANTONIO_L, Local Cell ID=9, Cell Name=TUN_AMB_SAN_ANTONIO_APT_9, eNodeB ID=43571, Cell FDD TDD indication=CELL_FDD",Reliable,3134.101,320.798
2026-04-10 19:00,60,"TUN_AMB_SAN_ANTONIO_UL/Cell:eNodeB Function Name=TUN_AMB_SAN_ANTONIO_L, Local Cell ID=8, Cell Name=TUN_AMB_SAN_ANTONIO_APT_8, eNodeB ID=43571, Cell FDD TDD indication=CELL_FDD",Reliable,1622.435,103.064
2026-04-10 19:00,60,"TUN_AMB_SAN_ANTONIO_UL/Cell:eNodeB Function Name=TUN_AMB_SAN_ANTONIO_L, Local Cell ID=7, Cell Name=TUN_AMB_SAN_ANTONIO_APT_7, eNodeB ID=43571, Cell FDD TDD indication=CELL_FDD",Reliable,3233.231,446.271
2026-04-10 19:00,60,"TUN_AMB_HUACHI_GRANDE_UL/Cell:eNodeB Function Name=TUN_AMB_HUACHI_GRANDE_L, Local Cell ID=7, Cell Name=TUN_AMB_HUACHI_GRANDE_APT_7, eNodeB ID=44509, Cell FDD TDD indication=CELL_FDD",Reliable,7821.008,961.87
2026-04-10 19:00,60,"TUN_AMB_HUACHI_GRANDE_UL/Cell:eNodeB Function Name=TUN_AMB_HUACHI_GRANDE_L, Local Cell ID=8, Cell Name=TUN_AMB_HUACHI_GRANDE_APT_8, eNodeB ID=44509, Cell FDD TDD indication=CELL_FDD",Reliable,8628.819,858.61
2026-04-10 19:00,60,"TUN_AMB_HUACHI_GRANDE_UL/Cell:eNodeB Function Name=TUN_AMB_HUACHI_GRANDE_L, Local Cell ID=9, Cell Name=TUN_AMB_HUACHI_GRANDE_APT_9, eNodeB ID=44509, Cell FDD TDD indication=CELL_FDD",Reliable,3815.146,417.651
2026-04-10 19:00,60,"IMB_IBA_EL_RETORNO_UL/Cell:eNodeB Function Name=IMB_IBA_EL_RETORNO_L, Local Cell ID=7, Cell Name=IMB_IBA_EL_RETORNO_APT_7, eNodeB ID=44753, Cell FDD TDD indication=CELL_FDD",Reliable,2425.829,190.821
2026-04-10 19:00,60,"IMB_IBA_EL_RETORNO_UL/Cell:eNodeB Function Name=IMB_IBA_EL_RETORNO_L, Local Cell ID=8, Cell Name=IMB_IBA_EL_RETORNO_APT_8, eNodeB ID=44753, Cell FDD TDD indication=CELL_FDD",Reliable,2138.816,231.23
2026-04-10 19:00,60,"IMB_IBA_EL_RETORNO_UL/Cell:eNodeB Function Name=IMB_IBA_EL_RETORNO_L, Local Cell ID=9, Cell Name=IMB_IBA_EL_RETORNO_APT_9, eNodeB ID=44753, Cell FDD TDD indication=CELL_FDD",Reliable,4448.273,525.487
2026-04-10 19:00,60,"IMB_IBA_UTN_UL/Cell:eNodeB Function Name=IMB_IBA_UTN_L, Local Cell ID=7, Cell Name=IMB_IBA_UTN_APT_7, eNodeB ID=44754, Cell FDD TDD indication=CELL_FDD",Reliable,2244.482,255.357
2026-04-10 19:00,60,"IMB_IBA_UTN_UL/Cell:eNodeB Function Name=IMB_IBA_UTN_L, Local Cell ID=8, Cell Name=IMB_IBA_UTN_APT_8, eNodeB ID=44754, Cell FDD TDD indication=CELL_FDD",Reliable,4720.682,610.825
2026-04-10 19:00,60,"IMB_IBA_UTN_UL/Cell:eNodeB Function Name=IMB_IBA_UTN_L, Local Cell ID=9, Cell Name=IMB_IBA_UTN_APT_9, eNodeB ID=44754, Cell FDD TDD indication=CELL_FDD",Reliable,4106.088,420.168
2026-04-10 19:00,60,"IMB_CHA_CHALTURA_UL/Cell:eNodeB Function Name=IMB_CHA_CHALTURA_L, Local Cell ID=7, Cell Name=IMB_CHA_CHALTURA_APT_7, eNodeB ID=44732, Cell FDD TDD indication=CELL_FDD",Reliable,3943.481,374.16
2026-04-10 19:00,60,"IMB_CHA_CHALTURA_UL/Cell:eNodeB Function Name=IMB_CHA_CHALTURA_L, Local Cell ID=8, Cell Name=IMB_CHA_CHALTURA_APT_8, eNodeB ID=44732, Cell FDD TDD indication=CELL_FDD",Reliable,6402.887,787.649
2026-04-10 19:00,60,"IMB_CHA_CHALTURA_UL/Cell:eNodeB Function Name=IMB_CHA_CHALTURA_L, Local Cell ID=9, Cell Name=IMB_CHA_CHALTURA_APT_9, eNodeB ID=44732, Cell FDD TDD indication=CELL_FDD",Reliable,4884.975,404.183
2026-04-10 19:00,60,"IMB_ROQ_SAN_ROQUE_UL/Cell:eNodeB Function Name=IMB_ROQ_SAN_ROQUE_L, Local Cell ID=7, Cell Name=IMB_ROQ_SAN_ROQUE_APT_7, eNodeB ID=44734, Cell FDD TDD indication=CELL_FDD",Reliable,5429.545,740.299
2026-04-10 19:00,60,"IMB_ROQ_SAN_ROQUE_UL/Cell:eNodeB Function Name=IMB_ROQ_SAN_ROQUE_L, Local Cell ID=8, Cell Name=IMB_ROQ_SAN_ROQUE_APT_8, eNodeB ID=44734, Cell FDD TDD indication=CELL_FDD",Reliable,4119.248,372.557
2026-04-10 19:00,60,"IMB_ROQ_SAN_ROQUE_UL/Cell:eNodeB Function Name=IMB_ROQ_SAN_ROQUE_L, Local Cell ID=9, Cell Name=IMB_ROQ_SAN_ROQUE_APT_9, eNodeB ID=44734, Cell FDD TDD indication=CELL_FDD",Reliable,3801.421,283.898
2026-04-10 19:00,60,"ORE_COC_COCA_SRI_UL/Cell:eNodeB Function Name=ORE_COC_COCA_SRI_L, Local Cell ID=7, Cell Name=ORE_COC_COCA_SRI_APT_7, eNodeB ID=44862, Cell FDD TDD indication=CELL_FDD",Reliable,4648.951,840.252
2026-04-10 19:00,60,"ORE_COC_COCA_SRI_UL/Cell:eNodeB Function Name=ORE_COC_COCA_SRI_L, Local Cell ID=8, Cell Name=ORE_COC_COCA_SRI_APT_8, eNodeB ID=44862, Cell FDD TDD indication=CELL_FDD",Reliable,6585.992,962.826
2026-04-10 19:00,60,"ORE_COC_COCA_SRI_UL/Cell:eNodeB Function Name=ORE_COC_COCA_SRI_L, Local Cell ID=9, Cell Name=ORE_COC_COCA_SRI_APT_9, eNodeB ID=44862, Cell FDD TDD indication=CELL_FDD",Reliable,7127.906,885.171
2026-04-10 19:00,60,"ORE_JOY_JOYA_DE_LOS_SACHAS_UL/Cell:eNodeB Function Name=ORE_JOY_JOYA_DE_LOS_SACHAS_L, Local Cell ID=7, Cell Name=ORE_JOY_JOYA_DE_LOS_SACHAS_L7_7, eNodeB ID=44863, Cell FDD TDD indication=CELL_FDD",Reliable,6811.049,1310.144
2026-04-10 19:00,60,"ORE_JOY_JOYA_DE_LOS_SACHAS_UL/Cell:eNodeB Function Name=ORE_JOY_JOYA_DE_LOS_SACHAS_L, Local Cell ID=8, Cell Name=ORE_JOY_JOYA_DE_LOS_SACHAS_L7_8, eNodeB ID=44863, Cell FDD TDD indication=CELL_FDD",Reliable,6196.664,504.753
2026-04-10 19:00,60,"ORE_JOY_JOYA_DE_LOS_SACHAS_UL/Cell:eNodeB Function Name=ORE_JOY_JOYA_DE_LOS_SACHAS_L, Local Cell ID=9, Cell Name=ORE_JOY_JOYA_DE_LOS_SACHAS_L7_9, eNodeB ID=44863, Cell FDD TDD indication=CELL_FDD",Reliable,4405.301,577.457
2026-04-10 19:00,60,"ORE_JOY_JOYA_DE_LOS_SACHAS_UL/Cell:eNodeB Function Name=ORE_JOY_JOYA_DE_LOS_SACHAS_L, Local Cell ID=1, Cell Name=ORE_JOY_JOYA_DE_LOS_SACHAS_L21_1, eNodeB ID=44863, Cell FDD TDD indication=CELL_FDD",Reliable,9822.105,950.11
2026-04-10 19:00,60,"ORE_JOY_JOYA_DE_LOS_SACHAS_UL/Cell:eNodeB Function Name=ORE_JOY_JOYA_DE_LOS_SACHAS_L, Local Cell ID=2, Cell Name=ORE_JOY_JOYA_DE_LOS_SACHAS_L21_2, eNodeB ID=44863, Cell FDD TDD indication=CELL_FDD",Reliable,7412.455,841.537
2026-04-10 19:00,60,"ORE_JOY_JOYA_DE_LOS_SACHAS_UL/Cell:eNodeB Function Name=ORE_JOY_JOYA_DE_LOS_SACHAS_L, Local Cell ID=3, Cell Name=ORE_JOY_JOYA_DE_LOS_SACHAS_L21_3, eNodeB ID=44863, Cell FDD TDD indication=CELL_FDD",Reliable,7317.47,795.36
2026-04-10 19:00,60,"ORE_COC_COCA_CNT_UL/Cell:eNodeB Function Name=ORE_COC_COCA_CNT_L, Local Cell ID=7, Cell Name=ORE_COC_COCA_CNT_L7_7, eNodeB ID=44860, Cell FDD TDD indication=CELL_FDD",Reliable,6798.568,826.921
2026-04-10 19:00,60,"ORE_COC_COCA_CNT_UL/Cell:eNodeB Function Name=ORE_COC_COCA_CNT_L, Local Cell ID=8, Cell Name=ORE_COC_COCA_CNT_L7_8, eNodeB ID=44860, Cell FDD TDD indication=CELL_FDD",Reliable,6488.578,747.151
2026-04-10 19:00,60,"ORE_COC_COCA_CNT_UL/Cell:eNodeB Function Name=ORE_COC_COCA_CNT_L, Local Cell ID=9, Cell Name=ORE_COC_COCA_CNT_L7_9, eNodeB ID=44860, Cell FDD TDD indication=CELL_FDD",Reliable,7225.856,727.254
2026-04-10 19:00,60,"ORE_COC_COCA_CNT_UL/Cell:eNodeB Function Name=ORE_COC_COCA_CNT_L, Local Cell ID=3, Cell Name=ORE_COC_COCA_CNT_L21_3, eNodeB ID=44860, Cell FDD TDD indication=CELL_FDD",Reliable,16754.404,1759.402
2026-04-10 19:00,60,"ORE_COC_COCA_CNT_UL/Cell:eNodeB Function Name=ORE_COC_COCA_CNT_L, Local Cell ID=2, Cell Name=ORE_COC_COCA_CNT_L21_2, eNodeB ID=44860, Cell FDD TDD indication=CELL_FDD",Reliable,4790.99,582.426
2026-04-10 19:00,60,"ORE_COC_COCA_CNT_UL/Cell:eNodeB Function Name=ORE_COC_COCA_CNT_L, Local Cell ID=1, Cell Name=ORE_COC_COCA_CNT_L21_1, eNodeB ID=44860, Cell FDD TDD indication=CELL_FDD",Reliable,2767.647,241.003
2026-04-10 19:00,60,"IMB_IBA_DIEZ_DE_AGOSTO_UL/Cell:eNodeB Function Name=IMB_IBA_DIEZ_DE_AGOSTO_L, Local Cell ID=7, Cell Name=IMB_IBA_DIEZ_DE_AGOSTO_APT_7, eNodeB ID=44728, Cell FDD TDD indication=CELL_FDD",Reliable,3472.67,481.501
2026-04-10 19:00,60,"IMB_IBA_DIEZ_DE_AGOSTO_UL/Cell:eNodeB Function Name=IMB_IBA_DIEZ_DE_AGOSTO_L, Local Cell ID=8, Cell Name=IMB_IBA_DIEZ_DE_AGOSTO_APT_8, eNodeB ID=44728, Cell FDD TDD indication=CELL_FDD",Reliable,3105.085,382.12
2026-04-10 19:00,60,"IMB_IBA_DIEZ_DE_AGOSTO_UL/Cell:eNodeB Function Name=IMB_IBA_DIEZ_DE_AGOSTO_L, Local Cell ID=9, Cell Name=IMB_IBA_DIEZ_DE_AGOSTO_APT_9, eNodeB ID=44728, Cell FDD TDD indication=CELL_FDD",Reliable,3824.425,390.871
2026-04-10 19:00,60,"IMB_OTA_JACINTO_COLLAHUAZO_UL/Cell:eNodeB Function Name=IMB_OTA_JACINTO_COLLAHUAZO_L, Local Cell ID=7, Cell Name=IMB_OTA_JACINTO_COLLAHUAZO_APT_7, eNodeB ID=44726, Cell FDD TDD indication=CELL_FDD",Reliable,3232.401,398.46
2026-04-10 19:00,60,"IMB_OTA_JACINTO_COLLAHUAZO_UL/Cell:eNodeB Function Name=IMB_OTA_JACINTO_COLLAHUAZO_L, Local Cell ID=8, Cell Name=IMB_OTA_JACINTO_COLLAHUAZO_APT_8, eNodeB ID=44726, Cell FDD TDD indication=CELL_FDD",Reliable,4450.927,681.375
2026-04-10 19:00,60,"IMB_OTA_JACINTO_COLLAHUAZO_UL/Cell:eNodeB Function Name=IMB_OTA_JACINTO_COLLAHUAZO_L, Local Cell ID=9, Cell Name=IMB_OTA_JACINTO_COLLAHUAZO_APT_9, eNodeB ID=44726, Cell FDD TDD indication=CELL_FDD",Reliable,5871.444,782.891
2026-04-10 19:00,60,"PIC_CHI_SAN_PEDRO_DE_TABOADA_UL/Cell:eNodeB Function Name=PIC_CHI_SAN_PEDRO_DE_TABOADA_L, Local Cell ID=7, Cell Name=PIC_CHI_SAN_PEDRO_DE_TABOADA_L7_7, eNodeB ID=44236, Cell FDD TDD indication=CELL_FDD",Reliable,3453.495,630.522
2026-04-10 19:00,60,"PIC_CHI_SAN_PEDRO_DE_TABOADA_UL/Cell:eNodeB Function Name=PIC_CHI_SAN_PEDRO_DE_TABOADA_L, Local Cell ID=8, Cell Name=PIC_CHI_SAN_PEDRO_DE_TABOADA_L7_8, eNodeB ID=44236, Cell FDD TDD indication=CELL_FDD",Reliable,3727.668,451.823
2026-04-10 19:00,60,"PIC_CHI_SAN_PEDRO_DE_TABOADA_UL/Cell:eNodeB Function Name=PIC_CHI_SAN_PEDRO_DE_TABOADA_L, Local Cell ID=9, Cell Name=PIC_CHI_SAN_PEDRO_DE_TABOADA_L7_9, eNodeB ID=44236, Cell FDD TDD indication=CELL_FDD",Reliable,3439.58,955.457
2026-04-10 19:00,60,"COT_LAT_BRIGADA_PATRIA_UL/Cell:eNodeB Function Name=COT_LAT_BRIGADA_PATRIA_L, Local Cell ID=7, Cell Name=COT_LAT_BRIGADA_PATRIA_L7_7, eNodeB ID=44678, Cell FDD TDD indication=CELL_FDD",Reliable,2202.298,224.615
2026-04-10 19:00,60,"COT_LAT_BRIGADA_PATRIA_UL/Cell:eNodeB Function Name=COT_LAT_BRIGADA_PATRIA_L, Local Cell ID=9, Cell Name=COT_LAT_BRIGADA_PATRIA_L7_9, eNodeB ID=44678, Cell FDD TDD indication=CELL_FDD",Reliable,460.347,33.525
2026-04-10 19:00,60,"COT_LAT_BRIGADA_PATRIA_UL/Cell:eNodeB Function Name=COT_LAT_BRIGADA_PATRIA_L, Local Cell ID=1, Cell Name=COT_LAT_BRIGADA_PATRIA_L21_1, eNodeB ID=44678, Cell FDD TDD indication=CELL_FDD",Reliable,771.216,78.355
2026-04-10 19:00,60,"COT_LAT_BRIGADA_PATRIA_UL/Cell:eNodeB Function Name=COT_LAT_BRIGADA_PATRIA_L, Local Cell ID=2, Cell Name=COT_LAT_BRIGADA_PATRIA_L21_2, eNodeB ID=44678, Cell FDD TDD indication=CELL_FDD",Reliable,1604.142,118.961
2026-04-10 19:00,60,"COT_LAT_BRIGADA_PATRIA_UL/Cell:eNodeB Function Name=COT_LAT_BRIGADA_PATRIA_L, Local Cell ID=3, Cell Name=COT_LAT_BRIGADA_PATRIA_L21_3, eNodeB ID=44678, Cell FDD TDD indication=CELL_FDD",Reliable,5388.065,2184.297
2026-04-10 19:00,60,"COT_SAL_SALCEDO_NORTE_UL/Cell:eNodeB Function Name=COT_SAL_SALCEDO_NORTE_L, Local Cell ID=7, Cell Name=COT_SAL_SALCEDO_NORTE_L7_7, eNodeB ID=44667, Cell FDD TDD indication=CELL_FDD",Reliable,3623.918,331.546
2026-04-10 19:00,60,"COT_SAL_SALCEDO_NORTE_UL/Cell:eNodeB Function Name=COT_SAL_SALCEDO_NORTE_L, Local Cell ID=8, Cell Name=COT_SAL_SALCEDO_NORTE_L7_8, eNodeB ID=44667, Cell FDD TDD indication=CELL_FDD",Reliable,5012.678,430.849
2026-04-10 19:00,60,"COT_SAL_SALCEDO_NORTE_UL/Cell:eNodeB Function Name=COT_SAL_SALCEDO_NORTE_L, Local Cell ID=9, Cell Name=COT_SAL_SALCEDO_NORTE_L7_9, eNodeB ID=44667, Cell FDD TDD indication=CELL_FDD",Reliable,4676.477,706.568
2026-04-10 19:00,60,"COT_SAL_SALCEDO_NORTE_UL/Cell:eNodeB Function Name=COT_SAL_SALCEDO_NORTE_L, Local Cell ID=3, Cell Name=COT_LAT_SALCEDO_NORTE_L21_3, eNodeB ID=44667, Cell FDD TDD indication=CELL_FDD",Reliable,4919.641,642.597
2026-04-10 19:00,60,"COT_SAL_SALCEDO_NORTE_UL/Cell:eNodeB Function Name=COT_SAL_SALCEDO_NORTE_L, Local Cell ID=2, Cell Name=COT_LAT_SALCEDO_NORTE_L21_2, eNodeB ID=44667, Cell FDD TDD indication=CELL_FDD",Reliable,4828.744,439.447
2026-04-10 19:00,60,"COT_SAL_SALCEDO_NORTE_UL/Cell:eNodeB Function Name=COT_SAL_SALCEDO_NORTE_L, Local Cell ID=1, Cell Name=COT_LAT_SALCEDO_NORTE_L21_1, eNodeB ID=44667, Cell FDD TDD indication=CELL_FDD",Reliable,4024.035,337.418
2026-04-10 19:00,60,"COT_LAT_LATACUNGA_UL/Cell:eNodeB Function Name=COT_LAT_LATACUNGA_L, Local Cell ID=7, Cell Name=COT_LAT_LATACUNGA_L7_7, eNodeB ID=44691, Cell FDD TDD indication=CELL_FDD",Reliable,2587.486,198.623
2026-04-10 19:00,60,"COT_LAT_LATACUNGA_UL/Cell:eNodeB Function Name=COT_LAT_LATACUNGA_L, Local Cell ID=8, Cell Name=COT_LAT_LATACUNGA_L7_8, eNodeB ID=44691, Cell FDD TDD indication=CELL_FDD",Reliable,1936.622,139.619
2026-04-10 19:00,60,"COT_LAT_LATACUNGA_UL/Cell:eNodeB Function Name=COT_LAT_LATACUNGA_L, Local Cell ID=9, Cell Name=COT_LAT_LATACUNGA_L7_9, eNodeB ID=44691, Cell FDD TDD indication=CELL_FDD",Reliable,1204.43,97.731
2026-04-10 19:00,60,"COT_LAT_LATACUNGA_UL/Cell:eNodeB Function Name=COT_LAT_LATACUNGA_L, Local Cell ID=1, Cell Name=COT_LAT_LATACUNGA_L21_1, eNodeB ID=44691, Cell FDD TDD indication=CELL_FDD",Reliable,5658.89,1252.628
2026-04-10 19:00,60,"COT_LAT_LATACUNGA_UL/Cell:eNodeB Function Name=COT_LAT_LATACUNGA_L, Local Cell ID=2, Cell Name=COT_LAT_LATACUNGA_L21_2, eNodeB ID=44691, Cell FDD TDD indication=CELL_FDD",Reliable,4837.541,608.869
2026-04-10 19:00,60,"COT_LAT_LATACUNGA_UL/Cell:eNodeB Function Name=COT_LAT_LATACUNGA_L, Local Cell ID=3, Cell Name=COT_LAT_LATACUNGA_L21_3, eNodeB ID=44691, Cell FDD TDD indication=CELL_FDD",Reliable,2366.272,264.15
2026-04-10 19:00,60,"TUN_AMB_ATAHUALPA_TRR_UL/Cell:eNodeB Function Name=TUN_AMB_ATAHUALPA_TRR_L, Local Cell ID=7, Cell Name=TUN_AMB_ATAHUALPA_TRR_APT_7, eNodeB ID=43010, Cell FDD TDD indication=CELL_FDD",Reliable,3443.635,354.388
2026-04-10 19:00,60,"TUN_AMB_ATAHUALPA_TRR_UL/Cell:eNodeB Function Name=TUN_AMB_ATAHUALPA_TRR_L, Local Cell ID=8, Cell Name=TUN_AMB_ATAHUALPA_TRR_APT_8, eNodeB ID=43010, Cell FDD TDD indication=CELL_FDD",Reliable,2594.469,275.499
2026-04-10 19:00,60,"TUN_AMB_ATAHUALPA_TRR_UL/Cell:eNodeB Function Name=TUN_AMB_ATAHUALPA_TRR_L, Local Cell ID=9, Cell Name=TUN_AMB_ATAHUALPA_TRR_APT_9, eNodeB ID=43010, Cell FDD TDD indication=CELL_FDD",Reliable,1863.513,222.975
2026-04-10 19:00,60,"IMB_IBA_SAN_ANTONIO_UL/Cell:eNodeB Function Name=IMB_IBA_SAN_ANTONIO_L, Local Cell ID=7, Cell Name=IMB_IBA_SAN_ANTONIO_APT_7, eNodeB ID=44723, Cell FDD TDD indication=CELL_FDD",Reliable,3619.175,395.967
2026-04-10 19:00,60,"IMB_IBA_SAN_ANTONIO_UL/Cell:eNodeB Function Name=IMB_IBA_SAN_ANTONIO_L, Local Cell ID=8, Cell Name=IMB_IBA_SAN_ANTONIO_APT_8, eNodeB ID=44723, Cell FDD TDD indication=CELL_FDD",Reliable,5731.979,496.603
2026-04-10 19:00,60,"IMB_IBA_SAN_ANTONIO_UL/Cell:eNodeB Function Name=IMB_IBA_SAN_ANTONIO_L, Local Cell ID=9, Cell Name=IMB_IBA_SAN_ANTONIO_APT_9, eNodeB ID=44723, Cell FDD TDD indication=CELL_FDD",Reliable,2229.372,287.651
2026-04-10 19:00,60,"NAP_TEN_TENA_CNT_UL/Cell:eNodeB Function Name=NAP_TEN_TENA_CNT_L, Local Cell ID=7, Cell Name=NAP_TEN_TENA_CNT_L7_7, eNodeB ID=44881, Cell FDD TDD indication=CELL_FDD",Reliable,1608.673,256.688
2026-04-10 19:00,60,"NAP_TEN_TENA_CNT_UL/Cell:eNodeB Function Name=NAP_TEN_TENA_CNT_L, Local Cell ID=8, Cell Name=NAP_TEN_TENA_CNT_L7_8, eNodeB ID=44881, Cell FDD TDD indication=CELL_FDD",Reliable,8947.414,908.34
2026-04-10 19:00,60,"NAP_TEN_TENA_CNT_UL/Cell:eNodeB Function Name=NAP_TEN_TENA_CNT_L, Local Cell ID=9, Cell Name=NAP_TEN_TENA_CNT_L7_9, eNodeB ID=44881, Cell FDD TDD indication=CELL_FDD",Reliable,6396.537,596.271
2026-04-10 19:00,60,"NAP_TEN_TENA_CNT_UL/Cell:eNodeB Function Name=NAP_TEN_TENA_CNT_L, Local Cell ID=2, Cell Name=NAP_TEN_TENA_CNT_L21_2, eNodeB ID=44881, Cell FDD TDD indication=CELL_FDD",Reliable,4063.131,439.428
2026-04-10 19:00,60,"NAP_TEN_TENA_CNT_UL/Cell:eNodeB Function Name=NAP_TEN_TENA_CNT_L, Local Cell ID=1, Cell Name=NAP_TEN_TENA_CNT_L21_1, eNodeB ID=44881, Cell FDD TDD indication=CELL_FDD",Reliable,7681.955,810.274
2026-04-10 19:00,60,"NAP_TEN_TENA_CNT_UL/Cell:eNodeB Function Name=NAP_TEN_TENA_CNT_L, Local Cell ID=3, Cell Name=NAP_TEN_TENA_CNT_L21_3, eNodeB ID=44881, Cell FDD TDD indication=CELL_FDD",Reliable,3224.074,378.994
2026-04-10 19:00,60,"IMB_IBA_IBARRA_AZAYA_UL/Cell:eNodeB Function Name=IMB_IBA_IBARRA_AZAYA_L, Local Cell ID=7, Cell Name=IMB_IBA_IBARRA_AZAYA_APT_7, eNodeB ID=44715, Cell FDD TDD indication=CELL_FDD",Reliable,1734.41,187.02
2026-04-10 19:00,60,"IMB_IBA_IBARRA_AZAYA_UL/Cell:eNodeB Function Name=IMB_IBA_IBARRA_AZAYA_L, Local Cell ID=8, Cell Name=IMB_IBA_IBARRA_AZAYA_APT_8, eNodeB ID=44715, Cell FDD TDD indication=CELL_FDD",Reliable,4488.73,385.266
2026-04-10 19:00,60,"IMB_IBA_IBARRA_AZAYA_UL/Cell:eNodeB Function Name=IMB_IBA_IBARRA_AZAYA_L, Local Cell ID=9, Cell Name=IMB_IBA_IBARRA_AZAYA_APT_9, eNodeB ID=44715, Cell FDD TDD indication=CELL_FDD",Reliable,1471.291,168.901
2026-04-10 19:00,60,"SUC_LAG_LAGO_AGUARICO_UL/Cell:eNodeB Function Name=SUC_LAG_LAGO_AGUARICO_L, Local Cell ID=7, Cell Name=SUC_LAG_LAGO_AGUARICO_APT_7, eNodeB ID=44817, Cell FDD TDD indication=CELL_FDD",Reliable,3045.126,475.965
2026-04-10 19:00,60,"SUC_LAG_LAGO_AGUARICO_UL/Cell:eNodeB Function Name=SUC_LAG_LAGO_AGUARICO_L, Local Cell ID=8, Cell Name=SUC_LAG_LAGO_AGUARICO_APT_8, eNodeB ID=44817, Cell FDD TDD indication=CELL_FDD",Reliable,926.607,331.886
2026-04-10 19:00,60,"SUC_LAG_LAGO_AGUARICO_UL/Cell:eNodeB Function Name=SUC_LAG_LAGO_AGUARICO_L, Local Cell ID=9, Cell Name=SUC_LAG_LAGO_AGUARICO_APT_9, eNodeB ID=44817, Cell FDD TDD indication=CELL_FDD",Reliable,2121.05,387.784
2026-04-10 19:00,60,"SUC_LAG_LAGO_AEROPUERTO_UL/Cell:eNodeB Function Name=SUC_LAG_LAGO_AEROPUERTO_L, Local Cell ID=7, Cell Name=SUC_LAG_LAGO_AEROPUERTO_APT_7, eNodeB ID=44814, Cell FDD TDD indication=CELL_FDD",Reliable,9233.133,1086.963
2026-04-10 19:00,60,"SUC_LAG_LAGO_AEROPUERTO_UL/Cell:eNodeB Function Name=SUC_LAG_LAGO_AEROPUERTO_L, Local Cell ID=8, Cell Name=SUC_LAG_LAGO_AEROPUERTO_APT_8, eNodeB ID=44814, Cell FDD TDD indication=CELL_FDD",Reliable,6577.007,964.467
2026-04-10 19:00,60,"SUC_LAG_LAGO_AEROPUERTO_UL/Cell:eNodeB Function Name=SUC_LAG_LAGO_AEROPUERTO_L, Local Cell ID=9, Cell Name=SUC_LAG_LAGO_AEROPUERTO_APT_9, eNodeB ID=44814, Cell FDD TDD indication=CELL_FDD",Reliable,3655.663,572.046
2026-04-10 19:00,60,"STD_STD_SD_VIA_QUITO_UL/Cell:eNodeB Function Name=STD_STD_SD_VIA_QUITO_L, Local Cell ID=7, Cell Name=STD_STD_SD_VIA_QUITO_APT_7, eNodeB ID=44778, Cell FDD TDD indication=CELL_FDD",Reliable,1409.56,203.868
2026-04-10 19:00,60,"STD_STD_SD_VIA_QUITO_UL/Cell:eNodeB Function Name=STD_STD_SD_VIA_QUITO_L, Local Cell ID=8, Cell Name=STD_STD_SD_VIA_QUITO_APT_8, eNodeB ID=44778, Cell FDD TDD indication=CELL_FDD",Reliable,575.483,50.531
2026-04-10 19:00,60,"STD_STD_SD_VIA_QUITO_UL/Cell:eNodeB Function Name=STD_STD_SD_VIA_QUITO_L, Local Cell ID=9, Cell Name=STD_STD_SD_VIA_QUITO_APT_9, eNodeB ID=44778, Cell FDD TDD indication=CELL_FDD",Reliable,1738.038,170.499
2026-04-10 19:00,60,"STD_STD_SD_LA_MERCED_UL/Cell:eNodeB Function Name=STD_STD_SD_LA_MERCED_L, Local Cell ID=7, Cell Name=STD_STD_SD_LA_MERCED_APT_7, eNodeB ID=44772, Cell FDD TDD indication=CELL_FDD",Reliable,291.524,41.014
2026-04-10 19:00,60,"STD_STD_SD_LA_MERCED_UL/Cell:eNodeB Function Name=STD_STD_SD_LA_MERCED_L, Local Cell ID=8, Cell Name=STD_STD_SD_LA_MERCED_APT_8, eNodeB ID=44772, Cell FDD TDD indication=CELL_FDD",Reliable,118.246,16.646
2026-04-10 19:00,60,"STD_STD_SD_LA_MERCED_UL/Cell:eNodeB Function Name=STD_STD_SD_LA_MERCED_L, Local Cell ID=9, Cell Name=STD_STD_SD_LA_MERCED_APT_9, eNodeB ID=44772, Cell FDD TDD indication=CELL_FDD",Reliable,1339.319,142.358
2026-04-10 19:00,60,"IMB_ATU_ATUNTAQUI_UL/Cell:eNodeB Function Name=IMB_ATU_ATUNTAQUI_L, Local Cell ID=7, Cell Name=IMB_ATU_ATUNTAQUI_APT_7, eNodeB ID=44724, Cell FDD TDD indication=CELL_FDD",Reliable,6210.686,613.694
2026-04-10 19:00,60,"IMB_ATU_ATUNTAQUI_UL/Cell:eNodeB Function Name=IMB_ATU_ATUNTAQUI_L, Local Cell ID=8, Cell Name=IMB_ATU_ATUNTAQUI_APT_8, eNodeB ID=44724, Cell FDD TDD indication=CELL_FDD",Reliable,6484.234,501.675
2026-04-10 19:00,60,"IMB_ATU_ATUNTAQUI_UL/Cell:eNodeB Function Name=IMB_ATU_ATUNTAQUI_L, Local Cell ID=9, Cell Name=IMB_ATU_ATUNTAQUI_APT_9, eNodeB ID=44724, Cell FDD TDD indication=CELL_FDD",Reliable,5210.389,846.21
2026-04-10 19:00,60,"STD_STD_LUZ_DE_AMERICA_UL/Cell:eNodeB Function Name=STD_STD_LUZ_DE_AMERICA_L, Local Cell ID=7, Cell Name=STD_STD_LUZ_DE_AMERICA_APT_7, eNodeB ID=44766, Cell FDD TDD indication=CELL_FDD",Reliable,1535.513,153.332
2026-04-10 19:00,60,"STD_STD_LUZ_DE_AMERICA_UL/Cell:eNodeB Function Name=STD_STD_LUZ_DE_AMERICA_L, Local Cell ID=8, Cell Name=STD_STD_LUZ_DE_AMERICA_APT_8, eNodeB ID=44766, Cell FDD TDD indication=CELL_FDD",Reliable,1748.566,184.75
2026-04-10 19:00,60,"STD_STD_LUZ_DE_AMERICA_UL/Cell:eNodeB Function Name=STD_STD_LUZ_DE_AMERICA_L, Local Cell ID=9, Cell Name=STD_STD_LUZ_DE_AMERICA_APT_9, eNodeB ID=44766, Cell FDD TDD indication=CELL_FDD",Reliable,651.792,195.731
2026-04-10 19:00,60,"ORE_COC_COCA_NORTE_UL/Cell:eNodeB Function Name=ORE_COC_COCA_NORTE_L, Local Cell ID=7, Cell Name=ORE_COC_COCA_NORTE_L7_7, eNodeB ID=44864, Cell FDD TDD indication=CELL_FDD",Reliable,6432.665,883.122
2026-04-10 19:00,60,"ORE_COC_COCA_NORTE_UL/Cell:eNodeB Function Name=ORE_COC_COCA_NORTE_L, Local Cell ID=8, Cell Name=ORE_COC_COCA_NORTE_L7_8, eNodeB ID=44864, Cell FDD TDD indication=CELL_FDD",Reliable,6220.178,1233.924
2026-04-10 19:00,60,"ORE_COC_COCA_NORTE_UL/Cell:eNodeB Function Name=ORE_COC_COCA_NORTE_L, Local Cell ID=9, Cell Name=ORE_COC_COCA_NORTE_L7_9, eNodeB ID=44864, Cell FDD TDD indication=CELL_FDD",Reliable,5771.95,574.275
2026-04-10 19:00,60,"ORE_COC_COCA_NORTE_UL/Cell:eNodeB Function Name=ORE_COC_COCA_NORTE_L, Local Cell ID=1, Cell Name=ORE_COC_COCA_NORTE_L21_1, eNodeB ID=44864, Cell FDD TDD indication=CELL_FDD",Reliable,8686.582,1181.396
2026-04-10 19:00,60,"ORE_COC_COCA_NORTE_UL/Cell:eNodeB Function Name=ORE_COC_COCA_NORTE_L, Local Cell ID=3, Cell Name=ORE_COC_COCA_NORTE_L21_3, eNodeB ID=44864, Cell FDD TDD indication=CELL_FDD",Reliable,1520.805,147.22
2026-04-10 19:00,60,"NAP_TEN_TENA_SUR_UL/Cell:eNodeB Function Name=NAP_TEN_TENA_SUR_L, Local Cell ID=7, Cell Name=NAP_TEN_TENA_SUR_L7_7, eNodeB ID=44889, Cell FDD TDD indication=CELL_FDD",Reliable,3508.788,345.983
2026-04-10 19:00,60,"NAP_TEN_TENA_SUR_UL/Cell:eNodeB Function Name=NAP_TEN_TENA_SUR_L, Local Cell ID=8, Cell Name=NAP_TEN_TENA_SUR_L7_8, eNodeB ID=44889, Cell FDD TDD indication=CELL_FDD",Reliable,3706.135,373.615
2026-04-10 19:00,60,"NAP_TEN_TENA_SUR_UL/Cell:eNodeB Function Name=NAP_TEN_TENA_SUR_L, Local Cell ID=9, Cell Name=NAP_TEN_TENA_SUR_L7_9, eNodeB ID=44889, Cell FDD TDD indication=CELL_FDD",Reliable,7556.688,1070.491
2026-04-10 19:00,60,"NAP_TEN_TENA_SUR_UL/Cell:eNodeB Function Name=NAP_TEN_TENA_SUR_L, Local Cell ID=3, Cell Name=NAP_TEN_TENA_SUR_L21_3, eNodeB ID=44889, Cell FDD TDD indication=CELL_FDD",Reliable,14195.795,2024.764
2026-04-10 19:00,60,"COT_LAT_LATACUNGA_SUR_UL/Cell:eNodeB Function Name=COT_LAT_LATACUNGA_SUR_L, Local Cell ID=7, Cell Name=COT_LAT_LATACUNGA_SUR_APT_7, eNodeB ID=44665, Cell FDD TDD indication=CELL_FDD",Reliable,4496.709,422.731
2026-04-10 19:00,60,"COT_LAT_LATACUNGA_SUR_UL/Cell:eNodeB Function Name=COT_LAT_LATACUNGA_SUR_L, Local Cell ID=8, Cell Name=COT_LAT_LATACUNGA_SUR_APT_8, eNodeB ID=44665, Cell FDD TDD indication=CELL_FDD",Reliable,4311.713,394.4
2026-04-10 19:00,60,"COT_LAT_LATACUNGA_SUR_UL/Cell:eNodeB Function Name=COT_LAT_LATACUNGA_SUR_L, Local Cell ID=9, Cell Name=COT_LAT_LATACUNGA_SUR_APT_9, eNodeB ID=44665, Cell FDD TDD indication=CELL_FDD",Reliable,7061.789,788.723
2026-04-10 19:00,60,"L_GUA11204_TRES_BOCAS/Cell:eNodeB Function Name=L_GUA11204_TRES_BOCAS, Local Cell ID=3, Cell Name=L_GUA11204_TRES_BOCAS_3, eNodeB ID=11204, Cell FDD TDD indication=CELL_FDD",Reliable,680.736,54.027
2026-04-10 19:00,60,"L_GUA11204_TRES_BOCAS/Cell:eNodeB Function Name=L_GUA11204_TRES_BOCAS, Local Cell ID=2, Cell Name=L_GUA11204_TRES_BOCAS_2, eNodeB ID=11204, Cell FDD TDD indication=CELL_FDD",Reliable,2497.722,229.755
2026-04-10 19:00,60,"L_GUA11204_TRES_BOCAS/Cell:eNodeB Function Name=L_GUA11204_TRES_BOCAS, Local Cell ID=1, Cell Name=L_GUA11204_TRES_BOCAS_1, eNodeB ID=11204, Cell FDD TDD indication=CELL_FDD",Reliable,265.712,26.757
2026-04-10 19:00,60,"COT_SAL_SALCEDO_UL/Cell:eNodeB Function Name=COT_SAL_SALCEDO_L, Local Cell ID=7, Cell Name=COT_SAL_SALCEDO_L7_7, eNodeB ID=44662, Cell FDD TDD indication=CELL_FDD",Reliable,5406.331,645.988
2026-04-10 19:00,60,"COT_SAL_SALCEDO_UL/Cell:eNodeB Function Name=COT_SAL_SALCEDO_L, Local Cell ID=8, Cell Name=COT_SAL_SALCEDO_L7_8, eNodeB ID=44662, Cell FDD TDD indication=CELL_FDD",Reliable,5524.786,487.776
2026-04-10 19:00,60,"COT_SAL_SALCEDO_UL/Cell:eNodeB Function Name=COT_SAL_SALCEDO_L, Local Cell ID=9, Cell Name=COT_SAL_SALCEDO_L7_9, eNodeB ID=44662, Cell FDD TDD indication=CELL_FDD",Reliable,7939.491,891.634
2026-04-10 19:00,60,"COT_SAL_SALCEDO_UL/Cell:eNodeB Function Name=COT_SAL_SALCEDO_L, Local Cell ID=3, Cell Name=COT_LAT_SALCEDO_L21_3, eNodeB ID=44662, Cell FDD TDD indication=CELL_FDD",Reliable,4593.387,577.915
2026-04-10 19:00,60,"COT_SAL_SALCEDO_UL/Cell:eNodeB Function Name=COT_SAL_SALCEDO_L, Local Cell ID=2, Cell Name=COT_LAT_SALCEDO_L21_2, eNodeB ID=44662, Cell FDD TDD indication=CELL_FDD",Reliable,317.684,39.924
2026-04-10 19:00,60,"COT_SAL_SALCEDO_UL/Cell:eNodeB Function Name=COT_SAL_SALCEDO_L, Local Cell ID=1, Cell Name=COT_LAT_SALCEDO_L21_1, eNodeB ID=44662, Cell FDD TDD indication=CELL_FDD",Reliable,4180.299,369.271
2026-04-10 19:00,60,"L_GUA11013_PORTETE/Cell:eNodeB Function Name=L_GUA11013_PORTETE, Local Cell ID=9, Cell Name=L_GUA11013_PORTETE_9, eNodeB ID=11013, Cell FDD TDD indication=CELL_FDD",Reliable,330.144,56.312
2026-04-10 19:00,60,"L_GUA11013_PORTETE/Cell:eNodeB Function Name=L_GUA11013_PORTETE, Local Cell ID=8, Cell Name=L_GUA11013_PORTETE_8, eNodeB ID=11013, Cell FDD TDD indication=CELL_FDD",Reliable,300.399,25.733
2026-04-10 19:00,60,"L_GUA11013_PORTETE/Cell:eNodeB Function Name=L_GUA11013_PORTETE, Local Cell ID=7, Cell Name=L_GUA11013_PORTETE_7, eNodeB ID=11013, Cell FDD TDD indication=CELL_FDD",Reliable,275.278,20.342
2026-04-10 19:00,60,"L_GUA11013_PORTETE/Cell:eNodeB Function Name=L_GUA11013_PORTETE, Local Cell ID=3, Cell Name=L_GUA11013_PORTETE_3, eNodeB ID=11013, Cell FDD TDD indication=CELL_FDD",Reliable,2828.005,284.55
2026-04-10 19:00,60,"L_GUA11013_PORTETE/Cell:eNodeB Function Name=L_GUA11013_PORTETE, Local Cell ID=2, Cell Name=L_GUA11013_PORTETE_2, eNodeB ID=11013, Cell FDD TDD indication=CELL_FDD",Reliable,976.067,229.726
2026-04-10 19:00,60,"L_GUA11013_PORTETE/Cell:eNodeB Function Name=L_GUA11013_PORTETE, Local Cell ID=1, Cell Name=L_GUA11013_PORTETE_1, eNodeB ID=11013, Cell FDD TDD indication=CELL_FDD",Reliable,1930.768,288.324
2026-04-10 19:00,60,"IMB_IBA_QUIROGA_UL/Cell:eNodeB Function Name=IMB_IBA_QUIROGA_L, Local Cell ID=7, Cell Name=IMB_IBA_QUIROGA_APT_7, eNodeB ID=44737, Cell FDD TDD indication=CELL_FDD",Reliable,7008.992,890.461
2026-04-10 19:00,60,"IMB_IBA_QUIROGA_UL/Cell:eNodeB Function Name=IMB_IBA_QUIROGA_L, Local Cell ID=8, Cell Name=IMB_IBA_QUIROGA_APT_8, eNodeB ID=44737, Cell FDD TDD indication=CELL_FDD",Reliable,3167.583,276.291
2026-04-10 19:00,60,"IMB_IBA_QUIROGA_UL/Cell:eNodeB Function Name=IMB_IBA_QUIROGA_L, Local Cell ID=9, Cell Name=IMB_IBA_QUIROGA_APT_9, eNodeB ID=44737, Cell FDD TDD indication=CELL_FDD",Reliable,3093.029,758.688
2026-04-10 19:00,60,"L_GUA11150_LA_FLORESTA_ESTE/Cell:eNodeB Function Name=L_GUA11150_LA_FLORESTA_ESTE, Local Cell ID=9, Cell Name=L_GUA11150_LA_FLORESTA_ESTE_9, eNodeB ID=11150, Cell FDD TDD indication=CELL_FDD",Reliable,266.169,28.619
2026-04-10 19:00,60,"L_GUA11150_LA_FLORESTA_ESTE/Cell:eNodeB Function Name=L_GUA11150_LA_FLORESTA_ESTE, Local Cell ID=8, Cell Name=L_GUA11150_LA_FLORESTA_ESTE_8, eNodeB ID=11150, Cell FDD TDD indication=CELL_FDD",Reliable,1748.572,188.416
2026-04-10 19:00,60,"L_GUA11150_LA_FLORESTA_ESTE/Cell:eNodeB Function Name=L_GUA11150_LA_FLORESTA_ESTE, Local Cell ID=7, Cell Name=L_GUA11150_LA_FLORESTA_ESTE_7, eNodeB ID=11150, Cell FDD TDD indication=CELL_FDD",Reliable,188.655,16.44
2026-04-10 19:00,60,"L_GUA11150_LA_FLORESTA_ESTE/Cell:eNodeB Function Name=L_GUA11150_LA_FLORESTA_ESTE, Local Cell ID=3, Cell Name=L_GUA11150_LA_FLORESTA_ESTE_3, eNodeB ID=11150, Cell FDD TDD indication=CELL_FDD",Reliable,2173.819,227.191
2026-04-10 19:00,60,"L_GUA11150_LA_FLORESTA_ESTE/Cell:eNodeB Function Name=L_GUA11150_LA_FLORESTA_ESTE, Local Cell ID=2, Cell Name=L_GUA11150_LA_FLORESTA_ESTE_2, eNodeB ID=11150, Cell FDD TDD indication=CELL_FDD",Reliable,7217.771,867.27
2026-04-10 19:00,60,"L_GUA11150_LA_FLORESTA_ESTE/Cell:eNodeB Function Name=L_GUA11150_LA_FLORESTA_ESTE, Local Cell ID=1, Cell Name=L_GUA11150_LA_FLORESTA_ESTE_1, eNodeB ID=11150, Cell FDD TDD indication=CELL_FDD",Reliable,1842.118,147.932
2026-04-10 19:00,60,"L_GUA11159_LOS_ALMENDROS/Cell:eNodeB Function Name=L_GUA11159_LOS_ALMENDROS, Local Cell ID=9, Cell Name=L_GUA11159_LOS_ALMENDROS_9, eNodeB ID=11159, Cell FDD TDD indication=CELL_FDD",Reliable,392.71,24.302
2026-04-10 19:00,60,"L_GUA11159_LOS_ALMENDROS/Cell:eNodeB Function Name=L_GUA11159_LOS_ALMENDROS, Local Cell ID=8, Cell Name=L_GUA11159_LOS_ALMENDROS_8, eNodeB ID=11159, Cell FDD TDD indication=CELL_FDD",Reliable,742.79,90.421
2026-04-10 19:00,60,"L_GUA11159_LOS_ALMENDROS/Cell:eNodeB Function Name=L_GUA11159_LOS_ALMENDROS, Local Cell ID=7, Cell Name=L_GUA11159_LOS_ALMENDROS_7, eNodeB ID=11159, Cell FDD TDD indication=CELL_FDD",Reliable,572.996,30.134
2026-04-10 19:00,60,"L_GUA11159_LOS_ALMENDROS/Cell:eNodeB Function Name=L_GUA11159_LOS_ALMENDROS, Local Cell ID=3, Cell Name=L_GUA11159_LOS_ALMENDROS_3, eNodeB ID=11159, Cell FDD TDD indication=CELL_FDD",Reliable,941.619,910.449
2026-04-10 19:00,60,"L_GUA11159_LOS_ALMENDROS/Cell:eNodeB Function Name=L_GUA11159_LOS_ALMENDROS, Local Cell ID=2, Cell Name=L_GUA11159_LOS_ALMENDROS_2, eNodeB ID=11159, Cell FDD TDD indication=CELL_FDD",Reliable,1251.375,117.267
2026-04-10 19:00,60,"L_GUA11159_LOS_ALMENDROS/Cell:eNodeB Function Name=L_GUA11159_LOS_ALMENDROS, Local Cell ID=1, Cell Name=L_GUA11159_LOS_ALMENDROS_1, eNodeB ID=11159, Cell FDD TDD indication=CELL_FDD",Reliable,2474.259,123.589
2026-04-10 19:00,60,"L_GUA11093_PRADERA_SUR/Cell:eNodeB Function Name=L_GUA11093_PRADERA_SUR, Local Cell ID=9, Cell Name=L_GUA11093_PRADERA_SUR_9, eNodeB ID=11093, Cell FDD TDD indication=CELL_FDD",Reliable,1295.088,258.309
2026-04-10 19:00,60,"L_GUA11093_PRADERA_SUR/Cell:eNodeB Function Name=L_GUA11093_PRADERA_SUR, Local Cell ID=8, Cell Name=L_GUA11093_PRADERA_SUR_8, eNodeB ID=11093, Cell FDD TDD indication=CELL_FDD",Reliable,1470.676,207.163
2026-04-10 19:00,60,"L_GUA11093_PRADERA_SUR/Cell:eNodeB Function Name=L_GUA11093_PRADERA_SUR, Local Cell ID=7, Cell Name=L_GUA11093_PRADERA_SUR_7, eNodeB ID=11093, Cell FDD TDD indication=CELL_FDD",Reliable,296.363,43.333
2026-04-10 19:00,60,"L_GUA11093_PRADERA_SUR/Cell:eNodeB Function Name=L_GUA11093_PRADERA_SUR, Local Cell ID=3, Cell Name=L_GUA11093_PRADERA_SUR_3, eNodeB ID=11093, Cell FDD TDD indication=CELL_FDD",Reliable,2419.723,311.469
2026-04-10 19:00,60,"L_GUA11093_PRADERA_SUR/Cell:eNodeB Function Name=L_GUA11093_PRADERA_SUR, Local Cell ID=2, Cell Name=L_GUA11093_PRADERA_SUR_2, eNodeB ID=11093, Cell FDD TDD indication=CELL_FDD",Reliable,1260.755,90.285
2026-04-10 19:00,60,"L_GUA11093_PRADERA_SUR/Cell:eNodeB Function Name=L_GUA11093_PRADERA_SUR, Local Cell ID=1, Cell Name=L_GUA11093_PRADERA_SUR_1, eNodeB ID=11093, Cell FDD TDD indication=CELL_FDD",Reliable,1388.558,168.411
2026-04-10 19:00,60,"L_GUA11187_VALDIVIA_GYE/Cell:eNodeB Function Name=L_GUA11187_VALDIVIA_GYE, Local Cell ID=9, Cell Name=L_GUA11187_VALDIVIA_GYE_9, eNodeB ID=11187, Cell FDD TDD indication=CELL_FDD",Reliable,1373.318,466.251
2026-04-10 19:00,60,"L_GUA11187_VALDIVIA_GYE/Cell:eNodeB Function Name=L_GUA11187_VALDIVIA_GYE, Local Cell ID=8, Cell Name=L_GUA11187_VALDIVIA_GYE_8, eNodeB ID=11187, Cell FDD TDD indication=CELL_FDD",Reliable,2705.227,164.058
2026-04-10 19:00,60,"L_GUA11187_VALDIVIA_GYE/Cell:eNodeB Function Name=L_GUA11187_VALDIVIA_GYE, Local Cell ID=7, Cell Name=L_GUA11187_VALDIVIA_GYE_7, eNodeB ID=11187, Cell FDD TDD indication=CELL_FDD",Reliable,557.723,51.052
2026-04-10 19:00,60,"L_GUA11187_VALDIVIA_GYE/Cell:eNodeB Function Name=L_GUA11187_VALDIVIA_GYE, Local Cell ID=3, Cell Name=L_GUA11187_VALDIVIA_GYE_3, eNodeB ID=11187, Cell FDD TDD indication=CELL_FDD",Reliable,2399.214,703.588
2026-04-10 19:00,60,"L_GUA11187_VALDIVIA_GYE/Cell:eNodeB Function Name=L_GUA11187_VALDIVIA_GYE, Local Cell ID=2, Cell Name=L_GUA11187_VALDIVIA_GYE_2, eNodeB ID=11187, Cell FDD TDD indication=CELL_FDD",Reliable,657.125,92.846
2026-04-10 19:00,60,"L_GUA11187_VALDIVIA_GYE/Cell:eNodeB Function Name=L_GUA11187_VALDIVIA_GYE, Local Cell ID=1, Cell Name=L_GUA11187_VALDIVIA_GYE_1, eNodeB ID=11187, Cell FDD TDD indication=CELL_FDD",Reliable,2269.388,343.155
2026-04-10 19:00,60,"L_GUA11175_PUERTO_MARITIMO_SUR/Cell:eNodeB Function Name=L_GUA11175_PUERTO_MARITIMO_SUR, Local Cell ID=9, Cell Name=L_GUA11175_PUERTO_MARITIMO_SUR_9, eNodeB ID=11175, Cell FDD TDD indication=CELL_FDD",Reliable,0,0.002
2026-04-10 19:00,60,"L_GUA11175_PUERTO_MARITIMO_SUR/Cell:eNodeB Function Name=L_GUA11175_PUERTO_MARITIMO_SUR, Local Cell ID=8, Cell Name=L_GUA11175_PUERTO_MARITIMO_SUR_8, eNodeB ID=11175, Cell FDD TDD indication=CELL_FDD",Reliable,358.425,22.956
2026-04-10 19:00,60,"L_GUA11175_PUERTO_MARITIMO_SUR/Cell:eNodeB Function Name=L_GUA11175_PUERTO_MARITIMO_SUR, Local Cell ID=7, Cell Name=L_GUA11175_PUERTO_MARITIMO_SUR_7, eNodeB ID=11175, Cell FDD TDD indication=CELL_FDD",Reliable,60.467,7.591
2026-04-10 19:00,60,"L_GUA11175_PUERTO_MARITIMO_SUR/Cell:eNodeB Function Name=L_GUA11175_PUERTO_MARITIMO_SUR, Local Cell ID=3, Cell Name=L_GUA11175_PUERTO_MARITIMO_SUR_3, eNodeB ID=11175, Cell FDD TDD indication=CELL_FDD",Reliable,459.577,32.067
2026-04-10 19:00,60,"L_GUA11175_PUERTO_MARITIMO_SUR/Cell:eNodeB Function Name=L_GUA11175_PUERTO_MARITIMO_SUR, Local Cell ID=2, Cell Name=L_GUA11175_PUERTO_MARITIMO_SUR_2, eNodeB ID=11175, Cell FDD TDD indication=CELL_FDD",Reliable,504.193,55.528
2026-04-10 19:00,60,"L_GUA11175_PUERTO_MARITIMO_SUR/Cell:eNodeB Function Name=L_GUA11175_PUERTO_MARITIMO_SUR, Local Cell ID=1, Cell Name=L_GUA11175_PUERTO_MARITIMO_SUR_1, eNodeB ID=11175, Cell FDD TDD indication=CELL_FDD",Reliable,964.917,77.028
2026-04-10 19:00,60,"L_GUA11097_SALADO_GYE/Cell:eNodeB Function Name=L_GUA11097_SALADO_GYE, Local Cell ID=9, Cell Name=L_GUA11097_SALADO_GYE_9, eNodeB ID=11097, Cell FDD TDD indication=CELL_FDD",Reliable,387.416,37.138
2026-04-10 19:00,60,"L_GUA11097_SALADO_GYE/Cell:eNodeB Function Name=L_GUA11097_SALADO_GYE, Local Cell ID=8, Cell Name=L_GUA11097_SALADO_GYE_8, eNodeB ID=11097, Cell FDD TDD indication=CELL_FDD",Reliable,575.378,67.814
2026-04-10 19:00,60,"L_GUA11097_SALADO_GYE/Cell:eNodeB Function Name=L_GUA11097_SALADO_GYE, Local Cell ID=7, Cell Name=L_GUA11097_SALADO_GYE_7, eNodeB ID=11097, Cell FDD TDD indication=CELL_FDD",Reliable,1354.364,2877.956
2026-04-10 19:00,60,"L_GUA11097_SALADO_GYE/Cell:eNodeB Function Name=L_GUA11097_SALADO_GYE, Local Cell ID=3, Cell Name=L_GUA11097_SALADO_GYE_3, eNodeB ID=11097, Cell FDD TDD indication=CELL_FDD",Reliable,2125.051,190.173
2026-04-10 19:00,60,"L_GUA11097_SALADO_GYE/Cell:eNodeB Function Name=L_GUA11097_SALADO_GYE, Local Cell ID=2, Cell Name=L_GUA11097_SALADO_GYE_2, eNodeB ID=11097, Cell FDD TDD indication=CELL_FDD",Reliable,1624.188,509.192
2026-04-10 19:00,60,"L_GUA11097_SALADO_GYE/Cell:eNodeB Function Name=L_GUA11097_SALADO_GYE, Local Cell ID=1, Cell Name=L_GUA11097_SALADO_GYE_1, eNodeB ID=11097, Cell FDD TDD indication=CELL_FDD",Reliable,2080.67,151.719
2026-04-10 19:00,60,"L_GUA11099_SAN_EDUARDO_2/Cell:eNodeB Function Name=L_GUA11099_SAN_EDUARDO_2, Local Cell ID=9, Cell Name=L_GUA11099_SAN_EDUARDO_2_9, eNodeB ID=11099, Cell FDD TDD indication=CELL_FDD",Reliable,458.492,27.718
2026-04-10 19:00,60,"L_GUA11099_SAN_EDUARDO_2/Cell:eNodeB Function Name=L_GUA11099_SAN_EDUARDO_2, Local Cell ID=8, Cell Name=L_GUA11099_SAN_EDUARDO_2_8, eNodeB ID=11099, Cell FDD TDD indication=CELL_FDD",Reliable,820.356,190.369
2026-04-10 19:00,60,"L_GUA11099_SAN_EDUARDO_2/Cell:eNodeB Function Name=L_GUA11099_SAN_EDUARDO_2, Local Cell ID=7, Cell Name=L_GUA11099_SAN_EDUARDO_2_7, eNodeB ID=11099, Cell FDD TDD indication=CELL_FDD",Reliable,900.111,86.59
2026-04-10 19:00,60,"L_GUA11099_SAN_EDUARDO_2/Cell:eNodeB Function Name=L_GUA11099_SAN_EDUARDO_2, Local Cell ID=3, Cell Name=L_GUA11099_SAN_EDUARDO_2_3, eNodeB ID=11099, Cell FDD TDD indication=CELL_FDD",Reliable,3152.927,336.224
2026-04-10 19:00,60,"L_GUA11099_SAN_EDUARDO_2/Cell:eNodeB Function Name=L_GUA11099_SAN_EDUARDO_2, Local Cell ID=2, Cell Name=L_GUA11099_SAN_EDUARDO_2_2, eNodeB ID=11099, Cell FDD TDD indication=CELL_FDD",Reliable,1831.366,291.551
2026-04-10 19:00,60,"L_GUA11099_SAN_EDUARDO_2/Cell:eNodeB Function Name=L_GUA11099_SAN_EDUARDO_2, Local Cell ID=1, Cell Name=L_GUA11099_SAN_EDUARDO_2_1, eNodeB ID=11099, Cell FDD TDD indication=CELL_FDD",Reliable,3407.644,412.169
2026-04-10 19:00,60,"L_GUA11147_JARDINES_DEL_SALADO/Cell:eNodeB Function Name=L_GUA11147_JARDINES_DEL_SALADO, Local Cell ID=9, Cell Name=L_GUA11147_JARDINES_DEL_SALADO_9, eNodeB ID=11147, Cell FDD TDD indication=CELL_FDD",Reliable,4901.215,200.619
2026-04-10 19:00,60,"L_GUA11147_JARDINES_DEL_SALADO/Cell:eNodeB Function Name=L_GUA11147_JARDINES_DEL_SALADO, Local Cell ID=8, Cell Name=L_GUA11147_JARDINES_DEL_SALADO_8, eNodeB ID=11147, Cell FDD TDD indication=CELL_FDD",Reliable,312.464,34.419
2026-04-10 19:00,60,"L_GUA11147_JARDINES_DEL_SALADO/Cell:eNodeB Function Name=L_GUA11147_JARDINES_DEL_SALADO, Local Cell ID=7, Cell Name=L_GUA11147_JARDINES_DEL_SALADO_7, eNodeB ID=11147, Cell FDD TDD indication=CELL_FDD",Reliable,266.331,24.055
2026-04-10 19:00,60,"L_GUA11147_JARDINES_DEL_SALADO/Cell:eNodeB Function Name=L_GUA11147_JARDINES_DEL_SALADO, Local Cell ID=3, Cell Name=L_GUA11147_JARDINES_DEL_SALADO_3, eNodeB ID=11147, Cell FDD TDD indication=CELL_FDD",Reliable,2578.634,219.791
2026-04-10 19:00,60,"L_GUA11147_JARDINES_DEL_SALADO/Cell:eNodeB Function Name=L_GUA11147_JARDINES_DEL_SALADO, Local Cell ID=2, Cell Name=L_GUA11147_JARDINES_DEL_SALADO_2, eNodeB ID=11147, Cell FDD TDD indication=CELL_FDD",Reliable,1133.883,275.219
2026-04-10 19:00,60,"L_GUA11147_JARDINES_DEL_SALADO/Cell:eNodeB Function Name=L_GUA11147_JARDINES_DEL_SALADO, Local Cell ID=1, Cell Name=L_GUA11147_JARDINES_DEL_SALADO_1, eNodeB ID=11147, Cell FDD TDD indication=CELL_FDD",Reliable,599.544,55.787
2026-04-10 19:00,60,"PIC_OLM_OLMEDO_COUB_UL/Cell:eNodeB Function Name=PIC_OLM_OLMEDO_COUB_L, Local Cell ID=7, Cell Name=PIC_OLM_OLMEDO_COUB_APT_7, eNodeB ID=44413, Cell FDD TDD indication=CELL_FDD",Reliable,1088.816,92.235
2026-04-10 19:00,60,"PIC_OLM_OLMEDO_COUB_UL/Cell:eNodeB Function Name=PIC_OLM_OLMEDO_COUB_L, Local Cell ID=8, Cell Name=PIC_OLM_OLMEDO_COUB_APT_8, eNodeB ID=44413, Cell FDD TDD indication=CELL_FDD",Reliable,854.06,40.031
2026-04-10 19:00,60,"PIC_OLM_OLMEDO_COUB_UL/Cell:eNodeB Function Name=PIC_OLM_OLMEDO_COUB_L, Local Cell ID=9, Cell Name=PIC_OLM_OLMEDO_COUB_APT_9, eNodeB ID=44413, Cell FDD TDD indication=CELL_FDD",Reliable,1494.979,209.905
2026-04-10 19:00,60,"ESM_QND_QUININDE_SUR_UL/Cell:eNodeB Function Name=ESM_QND_QUININDE_SUR_L, Local Cell ID=7, Cell Name=ESM_QND_QUININDE_SUR_APT_7, eNodeB ID=44628, Cell FDD TDD indication=CELL_FDD",Reliable,2227.477,133.077
2026-04-10 19:00,60,"ESM_QND_QUININDE_SUR_UL/Cell:eNodeB Function Name=ESM_QND_QUININDE_SUR_L, Local Cell ID=8, Cell Name=ESM_QND_QUININDE_SUR_APT_8, eNodeB ID=44628, Cell FDD TDD indication=CELL_FDD",Reliable,402.585,26.972
2026-04-10 19:00,60,"ESM_QND_QUININDE_SUR_UL/Cell:eNodeB Function Name=ESM_QND_QUININDE_SUR_L, Local Cell ID=9, Cell Name=ESM_QND_QUININDE_SUR_APT_9, eNodeB ID=44628, Cell FDD TDD indication=CELL_FDD",Reliable,2947.763,228.827
2026-04-10 19:00,60,"ESM_QND_QUININDE_UL/Cell:eNodeB Function Name=ESM_QND_QUININDE_L, Local Cell ID=7, Cell Name=ESM_QND_QUININDE_APT_7, eNodeB ID=44627, Cell FDD TDD indication=CELL_FDD",Reliable,311.294,27.907
2026-04-10 19:00,60,"ESM_QND_QUININDE_UL/Cell:eNodeB Function Name=ESM_QND_QUININDE_L, Local Cell ID=8, Cell Name=ESM_QND_QUININDE_APT_8, eNodeB ID=44627, Cell FDD TDD indication=CELL_FDD",Reliable,1573.221,256.714
2026-04-10 19:00,60,"ESM_QND_QUININDE_UL/Cell:eNodeB Function Name=ESM_QND_QUININDE_L, Local Cell ID=9, Cell Name=ESM_QND_QUININDE_APT_9, eNodeB ID=44627, Cell FDD TDD indication=CELL_FDD",Reliable,2932.28,713.748
2026-04-10 19:00,60,"L_GUA11078_LA_CHALA/Cell:eNodeB Function Name=L_GUA11078_LA_CHALA, Local Cell ID=9, Cell Name=L_GUA11078_LA_CHALA_9, eNodeB ID=11078, Cell FDD TDD indication=CELL_FDD",Reliable,490.32,45.441
2026-04-10 19:00,60,"L_GUA11078_LA_CHALA/Cell:eNodeB Function Name=L_GUA11078_LA_CHALA, Local Cell ID=8, Cell Name=L_GUA11078_LA_CHALA_8, eNodeB ID=11078, Cell FDD TDD indication=CELL_FDD",Reliable,131.376,12.104
2026-04-10 19:00,60,"L_GUA11078_LA_CHALA/Cell:eNodeB Function Name=L_GUA11078_LA_CHALA, Local Cell ID=7, Cell Name=L_GUA11078_LA_CHALA_7, eNodeB ID=11078, Cell FDD TDD indication=CELL_FDD",Reliable,1108.461,77.096
2026-04-10 19:00,60,"L_GUA11078_LA_CHALA/Cell:eNodeB Function Name=L_GUA11078_LA_CHALA, Local Cell ID=3, Cell Name=L_GUA11078_LA_CHALA_3, eNodeB ID=11078, Cell FDD TDD indication=CELL_FDD",Reliable,583.137,80.814
2026-04-10 19:00,60,"L_GUA11078_LA_CHALA/Cell:eNodeB Function Name=L_GUA11078_LA_CHALA, Local Cell ID=2, Cell Name=L_GUA11078_LA_CHALA_2, eNodeB ID=11078, Cell FDD TDD indication=CELL_FDD",Reliable,1698.734,274.946
2026-04-10 19:00,60,"L_GUA11078_LA_CHALA/Cell:eNodeB Function Name=L_GUA11078_LA_CHALA, Local Cell ID=1, Cell Name=L_GUA11078_LA_CHALA_1, eNodeB ID=11078, Cell FDD TDD indication=CELL_FDD",Reliable,1899.251,174.746
2026-04-10 19:00,60,"COT_SAL_LOCOA_UL/Cell:eNodeB Function Name=COT_SAL_LOCOA_L, Local Cell ID=7, Cell Name=COT_SAL_LOCOA_APT_7, eNodeB ID=43503, Cell FDD TDD indication=CELL_FDD",Reliable,2527.079,125.815
2026-04-10 19:00,60,"COT_SAL_LOCOA_UL/Cell:eNodeB Function Name=COT_SAL_LOCOA_L, Local Cell ID=8, Cell Name=COT_SAL_LOCOA_APT_8, eNodeB ID=43503, Cell FDD TDD indication=CELL_FDD",Reliable,3258.414,2347.911
2026-04-10 19:00,60,"COT_SAL_LOCOA_UL/Cell:eNodeB Function Name=COT_SAL_LOCOA_L, Local Cell ID=9, Cell Name=COT_SAL_LOCOA_APT_9, eNodeB ID=43503, Cell FDD TDD indication=CELL_FDD",Reliable,3810.938,410.116
2026-04-10 19:00,60,"L_GUA11023_ESCLUSAS/Cell:eNodeB Function Name=L_GUA11023_ESCLUSAS, Local Cell ID=9, Cell Name=L_GUA11023_ESCLUSAS_9, eNodeB ID=11023, Cell FDD TDD indication=CELL_FDD",Reliable,90.421,17.619
2026-04-10 19:00,60,"L_GUA11023_ESCLUSAS/Cell:eNodeB Function Name=L_GUA11023_ESCLUSAS, Local Cell ID=8, Cell Name=L_GUA11023_ESCLUSAS_8, eNodeB ID=11023, Cell FDD TDD indication=CELL_FDD",Reliable,520.48,73.446
2026-04-10 19:00,60,"L_GUA11023_ESCLUSAS/Cell:eNodeB Function Name=L_GUA11023_ESCLUSAS, Local Cell ID=7, Cell Name=L_GUA11023_ESCLUSAS_7, eNodeB ID=11023, Cell FDD TDD indication=CELL_FDD",Reliable,2256.635,153.026
2026-04-10 19:00,60,"L_GUA11023_ESCLUSAS/Cell:eNodeB Function Name=L_GUA11023_ESCLUSAS, Local Cell ID=3, Cell Name=L_GUA11023_ESCLUSAS_3, eNodeB ID=11023, Cell FDD TDD indication=CELL_FDD",Reliable,1157.188,158.664
2026-04-10 19:00,60,"L_GUA11023_ESCLUSAS/Cell:eNodeB Function Name=L_GUA11023_ESCLUSAS, Local Cell ID=2, Cell Name=L_GUA11023_ESCLUSAS_2, eNodeB ID=11023, Cell FDD TDD indication=CELL_FDD",Reliable,1452.521,214.444
2026-04-10 19:00,60,"L_GUA11023_ESCLUSAS/Cell:eNodeB Function Name=L_GUA11023_ESCLUSAS, Local Cell ID=1, Cell Name=L_GUA11023_ESCLUSAS_1, eNodeB ID=11023, Cell FDD TDD indication=CELL_FDD",Reliable,1108.811,82.417
2026-04-10 19:00,60,"L_GUA11200_LAS_ACACIAS_NGYE/Cell:eNodeB Function Name=L_GUA11200_LAS_ACACIAS_NGYE, Local Cell ID=9, Cell Name=L_GUA11200_LAS_ACACIAS_NGYE_9, eNodeB ID=11200, Cell FDD TDD indication=CELL_FDD",Reliable,511.527,173.336
2026-04-10 19:00,60,"L_GUA11200_LAS_ACACIAS_NGYE/Cell:eNodeB Function Name=L_GUA11200_LAS_ACACIAS_NGYE, Local Cell ID=8, Cell Name=L_GUA11200_LAS_ACACIAS_NGYE_8, eNodeB ID=11200, Cell FDD TDD indication=CELL_FDD",Reliable,687.54,59.702
2026-04-10 19:00,60,"L_GUA11200_LAS_ACACIAS_NGYE/Cell:eNodeB Function Name=L_GUA11200_LAS_ACACIAS_NGYE, Local Cell ID=7, Cell Name=L_GUA11200_LAS_ACACIAS_NGYE_7, eNodeB ID=11200, Cell FDD TDD indication=CELL_FDD",Reliable,942.67,93.125
2026-04-10 19:00,60,"L_GUA11200_LAS_ACACIAS_NGYE/Cell:eNodeB Function Name=L_GUA11200_LAS_ACACIAS_NGYE, Local Cell ID=3, Cell Name=L_GUA11200_LAS_ACACIAS_NGYE_3, eNodeB ID=11200, Cell FDD TDD indication=CELL_FDD",Reliable,1564.41,147.014
2026-04-10 19:00,60,"L_GUA11200_LAS_ACACIAS_NGYE/Cell:eNodeB Function Name=L_GUA11200_LAS_ACACIAS_NGYE, Local Cell ID=2, Cell Name=L_GUA11200_LAS_ACACIAS_NGYE_2, eNodeB ID=11200, Cell FDD TDD indication=CELL_FDD",Reliable,1215.211,166.686
2026-04-10 19:00,60,"L_GUA11200_LAS_ACACIAS_NGYE/Cell:eNodeB Function Name=L_GUA11200_LAS_ACACIAS_NGYE, Local Cell ID=1, Cell Name=L_GUA11200_LAS_ACACIAS_NGYE_1, eNodeB ID=11200, Cell FDD TDD indication=CELL_FDD",Reliable,1677.674,254.274
2026-04-10 19:00,60,"L_GUA11081_LA_PAZ/Cell:eNodeB Function Name=L_GUA11081_LA_PAZ, Local Cell ID=9, Cell Name=L_GUA11081_LA_PAZ_9, eNodeB ID=11081, Cell FDD TDD indication=CELL_FDD",Reliable,2571.764,156.574
2026-04-10 19:00,60,"L_GUA11081_LA_PAZ/Cell:eNodeB Function Name=L_GUA11081_LA_PAZ, Local Cell ID=8, Cell Name=L_GUA11081_LA_PAZ_8, eNodeB ID=11081, Cell FDD TDD indication=CELL_FDD",Reliable,2274.267,101.533
2026-04-10 19:00,60,"L_GUA11081_LA_PAZ/Cell:eNodeB Function Name=L_GUA11081_LA_PAZ, Local Cell ID=7, Cell Name=L_GUA11081_LA_PAZ_7, eNodeB ID=11081, Cell FDD TDD indication=CELL_FDD",Reliable,1184.95,540.512
2026-04-10 19:00,60,"L_GUA11081_LA_PAZ/Cell:eNodeB Function Name=L_GUA11081_LA_PAZ, Local Cell ID=3, Cell Name=L_GUA11081_LA_PAZ_3, eNodeB ID=11081, Cell FDD TDD indication=CELL_FDD",Reliable,1134.464,132.925
2026-04-10 19:00,60,"L_GUA11081_LA_PAZ/Cell:eNodeB Function Name=L_GUA11081_LA_PAZ, Local Cell ID=2, Cell Name=L_GUA11081_LA_PAZ_2, eNodeB ID=11081, Cell FDD TDD indication=CELL_FDD",Reliable,1908.542,119.597
2026-04-10 19:00,60,"L_GUA11081_LA_PAZ/Cell:eNodeB Function Name=L_GUA11081_LA_PAZ, Local Cell ID=1, Cell Name=L_GUA11081_LA_PAZ_1, eNodeB ID=11081, Cell FDD TDD indication=CELL_FDD",Reliable,1678.457,132.685
2026-04-10 19:00,60,"L_GUA11302_GUA_GYE_208/Cell:eNodeB Function Name=L_GUA11302_GUA_GYE_208, Local Cell ID=3, Cell Name=L_GUA11302_GUA_GYE_208_3, eNodeB ID=11302, Cell FDD TDD indication=CELL_FDD",Reliable,1155.592,106.297
2026-04-10 19:00,60,"L_GUA11302_GUA_GYE_208/Cell:eNodeB Function Name=L_GUA11302_GUA_GYE_208, Local Cell ID=2, Cell Name=L_GUA11302_GUA_GYE_208_2, eNodeB ID=11302, Cell FDD TDD indication=CELL_FDD",Reliable,296.598,51.594
2026-04-10 19:00,60,"L_GUA11302_GUA_GYE_208/Cell:eNodeB Function Name=L_GUA11302_GUA_GYE_208, Local Cell ID=1, Cell Name=L_GUA11302_GUA_GYE_208_1, eNodeB ID=11302, Cell FDD TDD indication=CELL_FDD",Reliable,765.077,258.835
2026-04-10 19:00,60,"L_GUA11079_LA_FLORESTA_GYE/Cell:eNodeB Function Name=L_GUA11079_LA_FLORESTA_GYE, Local Cell ID=9, Cell Name=L_GUA11079_LA_FLORESTA_GYE_9, eNodeB ID=11079, Cell FDD TDD indication=CELL_FDD",Reliable,523.351,56.412
2026-04-10 19:00,60,"L_GUA11079_LA_FLORESTA_GYE/Cell:eNodeB Function Name=L_GUA11079_LA_FLORESTA_GYE, Local Cell ID=8, Cell Name=L_GUA11079_LA_FLORESTA_GYE_8, eNodeB ID=11079, Cell FDD TDD indication=CELL_FDD",Reliable,196.361,23.306
2026-04-10 19:00,60,"L_GUA11079_LA_FLORESTA_GYE/Cell:eNodeB Function Name=L_GUA11079_LA_FLORESTA_GYE, Local Cell ID=7, Cell Name=L_GUA11079_LA_FLORESTA_GYE_7, eNodeB ID=11079, Cell FDD TDD indication=CELL_FDD",Reliable,116.727,11.574
2026-04-10 19:00,60,"L_GUA11079_LA_FLORESTA_GYE/Cell:eNodeB Function Name=L_GUA11079_LA_FLORESTA_GYE, Local Cell ID=3, Cell Name=L_GUA11079_LA_FLORESTA_GYE_3, eNodeB ID=11079, Cell FDD TDD indication=CELL_FDD",Reliable,1088.454,144.236
2026-04-10 19:00,60,"L_GUA11079_LA_FLORESTA_GYE/Cell:eNodeB Function Name=L_GUA11079_LA_FLORESTA_GYE, Local Cell ID=2, Cell Name=L_GUA11079_LA_FLORESTA_GYE_2, eNodeB ID=11079, Cell FDD TDD indication=CELL_FDD",Reliable,850.008,104.309
2026-04-10 19:00,60,"L_GUA11079_LA_FLORESTA_GYE/Cell:eNodeB Function Name=L_GUA11079_LA_FLORESTA_GYE, Local Cell ID=1, Cell Name=L_GUA11079_LA_FLORESTA_GYE_1, eNodeB ID=11079, Cell FDD TDD indication=CELL_FDD",Reliable,794.184,100.736
2026-04-10 19:00,60,"L_GUA11019_LETAMENDI/Cell:eNodeB Function Name=L_GUA11019_LETAMENDI, Local Cell ID=9, Cell Name=L_GUA11019_LETAMENDI_9, eNodeB ID=11019, Cell FDD TDD indication=CELL_FDD",Reliable,84.303,9.3
2026-04-10 19:00,60,"L_GUA11019_LETAMENDI/Cell:eNodeB Function Name=L_GUA11019_LETAMENDI, Local Cell ID=8, Cell Name=L_GUA11019_LETAMENDI_8, eNodeB ID=11019, Cell FDD TDD indication=CELL_FDD",Reliable,231.897,14.854
2026-04-10 19:00,60,"L_GUA11019_LETAMENDI/Cell:eNodeB Function Name=L_GUA11019_LETAMENDI, Local Cell ID=7, Cell Name=L_GUA11019_LETAMENDI_7, eNodeB ID=11019, Cell FDD TDD indication=CELL_FDD",Reliable,339.912,26.705
2026-04-10 19:00,60,"L_GUA11019_LETAMENDI/Cell:eNodeB Function Name=L_GUA11019_LETAMENDI, Local Cell ID=3, Cell Name=L_GUA11019_LETAMENDI_3, eNodeB ID=11019, Cell FDD TDD indication=CELL_FDD",Reliable,955.881,107.864
2026-04-10 19:00,60,"L_GUA11019_LETAMENDI/Cell:eNodeB Function Name=L_GUA11019_LETAMENDI, Local Cell ID=2, Cell Name=L_GUA11019_LETAMENDI_2, eNodeB ID=11019, Cell FDD TDD indication=CELL_FDD",Reliable,757.72,73.105
2026-04-10 19:00,60,"L_GUA11019_LETAMENDI/Cell:eNodeB Function Name=L_GUA11019_LETAMENDI, Local Cell ID=1, Cell Name=L_GUA11019_LETAMENDI_1, eNodeB ID=11019, Cell FDD TDD indication=CELL_FDD",Reliable,1072.671,131.169
2026-04-10 19:00,60,"L_GUA11269_LOS_ESTEROS_GYE/Cell:eNodeB Function Name=L_GUA11269_LOS_ESTEROS_GYE, Local Cell ID=3, Cell Name=L_GUA11269_LOS_ESTEROS_GYE_3, eNodeB ID=11269, Cell FDD TDD indication=CELL_FDD",Reliable,1945.74,274.686
2026-04-10 19:00,60,"L_GUA11269_LOS_ESTEROS_GYE/Cell:eNodeB Function Name=L_GUA11269_LOS_ESTEROS_GYE, Local Cell ID=2, Cell Name=L_GUA11269_LOS_ESTEROS_GYE_2, eNodeB ID=11269, Cell FDD TDD indication=CELL_FDD",Reliable,1494.985,101.029
2026-04-10 19:00,60,"L_GUA11269_LOS_ESTEROS_GYE/Cell:eNodeB Function Name=L_GUA11269_LOS_ESTEROS_GYE, Local Cell ID=1, Cell Name=L_GUA11269_LOS_ESTEROS_GYE_1, eNodeB ID=11269, Cell FDD TDD indication=CELL_FDD",Reliable,1475.428,182.362
2026-04-10 19:00,60,"L_GUA11082_LA_SAIBA/Cell:eNodeB Function Name=L_GUA11082_LA_SAIBA, Local Cell ID=9, Cell Name=L_GUA11082_LA_SAIBA_9, eNodeB ID=11082, Cell FDD TDD indication=CELL_FDD",Reliable,215.317,21.786
2026-04-10 19:00,60,"L_GUA11082_LA_SAIBA/Cell:eNodeB Function Name=L_GUA11082_LA_SAIBA, Local Cell ID=8, Cell Name=L_GUA11082_LA_SAIBA_8, eNodeB ID=11082, Cell FDD TDD indication=CELL_FDD",Reliable,2362.755,112.839
2026-04-10 19:00,60,"L_GUA11082_LA_SAIBA/Cell:eNodeB Function Name=L_GUA11082_LA_SAIBA, Local Cell ID=7, Cell Name=L_GUA11082_LA_SAIBA_7, eNodeB ID=11082, Cell FDD TDD indication=CELL_FDD",Reliable,449.349,37.156
2026-04-10 19:00,60,"L_GUA11082_LA_SAIBA/Cell:eNodeB Function Name=L_GUA11082_LA_SAIBA, Local Cell ID=3, Cell Name=L_GUA11082_LA_SAIBA_3, eNodeB ID=11082, Cell FDD TDD indication=CELL_FDD",Reliable,603.067,106.165
2026-04-10 19:00,60,"L_GUA11082_LA_SAIBA/Cell:eNodeB Function Name=L_GUA11082_LA_SAIBA, Local Cell ID=2, Cell Name=L_GUA11082_LA_SAIBA_2, eNodeB ID=11082, Cell FDD TDD indication=CELL_FDD",Reliable,2782.953,289.811
2026-04-10 19:00,60,"L_GUA11082_LA_SAIBA/Cell:eNodeB Function Name=L_GUA11082_LA_SAIBA, Local Cell ID=1, Cell Name=L_GUA11082_LA_SAIBA_1, eNodeB ID=11082, Cell FDD TDD indication=CELL_FDD",Reliable,1689.503,95.689
2026-04-10 19:00,60,"L_GUA11015_PUERTO_NUEVO/Cell:eNodeB Function Name=L_GUA11015_PUERTO_NUEVO, Local Cell ID=9, Cell Name=L_GUA11015_PUERTO_NUEVO_9, eNodeB ID=11015, Cell FDD TDD indication=CELL_FDD",Reliable,257.153,22.899
2026-04-10 19:00,60,"L_GUA11015_PUERTO_NUEVO/Cell:eNodeB Function Name=L_GUA11015_PUERTO_NUEVO, Local Cell ID=8, Cell Name=L_GUA11015_PUERTO_NUEVO_8, eNodeB ID=11015, Cell FDD TDD indication=CELL_FDD",Reliable,420.872,30.219
2026-04-10 19:00,60,"L_GUA11015_PUERTO_NUEVO/Cell:eNodeB Function Name=L_GUA11015_PUERTO_NUEVO, Local Cell ID=7, Cell Name=L_GUA11015_PUERTO_NUEVO_7, eNodeB ID=11015, Cell FDD TDD indication=CELL_FDD",Reliable,489.633,69.5
2026-04-10 19:00,60,"L_GUA11015_PUERTO_NUEVO/Cell:eNodeB Function Name=L_GUA11015_PUERTO_NUEVO, Local Cell ID=3, Cell Name=L_GUA11015_PUERTO_NUEVO_3, eNodeB ID=11015, Cell FDD TDD indication=CELL_FDD",Reliable,1110.826,105.525
2026-04-10 19:00,60,"L_GUA11015_PUERTO_NUEVO/Cell:eNodeB Function Name=L_GUA11015_PUERTO_NUEVO, Local Cell ID=2, Cell Name=L_GUA11015_PUERTO_NUEVO_2, eNodeB ID=11015, Cell FDD TDD indication=CELL_FDD",Reliable,2282.875,231.442
2026-04-10 19:00,60,"L_GUA11015_PUERTO_NUEVO/Cell:eNodeB Function Name=L_GUA11015_PUERTO_NUEVO, Local Cell ID=1, Cell Name=L_GUA11015_PUERTO_NUEVO_1, eNodeB ID=11015, Cell FDD TDD indication=CELL_FDD",Reliable,1636.316,202.31
2026-04-10 19:00,60,"L_GUA11083_LA_UNION_GYE/Cell:eNodeB Function Name=L_GUA11083_LA_UNION_GYE, Local Cell ID=3, Cell Name=L_GUA11083_LA_UNION_GYE_3, eNodeB ID=11083, Cell FDD TDD indication=CELL_FDD",Reliable,703.992,66.214
2026-04-10 19:00,60,"L_GUA11083_LA_UNION_GYE/Cell:eNodeB Function Name=L_GUA11083_LA_UNION_GYE, Local Cell ID=2, Cell Name=L_GUA11083_LA_UNION_GYE_2, eNodeB ID=11083, Cell FDD TDD indication=CELL_FDD",Reliable,228.74,29.9
2026-04-10 19:00,60,"L_GUA11083_LA_UNION_GYE/Cell:eNodeB Function Name=L_GUA11083_LA_UNION_GYE, Local Cell ID=1, Cell Name=L_GUA11083_LA_UNION_GYE_1, eNodeB ID=11083, Cell FDD TDD indication=CELL_FDD",Reliable,1050.443,158.943
2026-04-10 19:00,60,"L_GUA11105_UNION_SUR/Cell:eNodeB Function Name=L_GUA11105_UNION_SUR, Local Cell ID=9, Cell Name=L_GUA11105_UNION_SUR_9, eNodeB ID=11105, Cell FDD TDD indication=CELL_FDD",Reliable,55.689,29.337
2026-04-10 19:00,60,"L_GUA11105_UNION_SUR/Cell:eNodeB Function Name=L_GUA11105_UNION_SUR, Local Cell ID=8, Cell Name=L_GUA11105_UNION_SUR_8, eNodeB ID=11105, Cell FDD TDD indication=CELL_FDD",Reliable,1674.216,186.397
2026-04-10 19:00,60,"L_GUA11105_UNION_SUR/Cell:eNodeB Function Name=L_GUA11105_UNION_SUR, Local Cell ID=7, Cell Name=L_GUA11105_UNION_SUR_7, eNodeB ID=11105, Cell FDD TDD indication=CELL_FDD",Reliable,2533.76,378.041
2026-04-10 19:00,60,"L_GUA11105_UNION_SUR/Cell:eNodeB Function Name=L_GUA11105_UNION_SUR, Local Cell ID=3, Cell Name=L_GUA11105_UNION_SUR_3, eNodeB ID=11105, Cell FDD TDD indication=CELL_FDD",Reliable,475.23,69.559
2026-04-10 19:00,60,"L_GUA11105_UNION_SUR/Cell:eNodeB Function Name=L_GUA11105_UNION_SUR, Local Cell ID=2, Cell Name=L_GUA11105_UNION_SUR_2, eNodeB ID=11105, Cell FDD TDD indication=CELL_FDD",Reliable,3621.076,356.55
2026-04-10 19:00,60,"L_GUA11105_UNION_SUR/Cell:eNodeB Function Name=L_GUA11105_UNION_SUR, Local Cell ID=1, Cell Name=L_GUA11105_UNION_SUR_1, eNodeB ID=11105, Cell FDD TDD indication=CELL_FDD",Reliable,1565.688,184.78
2026-04-10 19:00,60,"L_GUA11127_BASE_NAVAL/Cell:eNodeB Function Name=L_GUA11127_BASE_NAVAL, Local Cell ID=9, Cell Name=L_GUA11127_BASE_NAVAL_9, eNodeB ID=11127, Cell FDD TDD indication=CELL_FDD",Reliable,483.698,93.067
2026-04-10 19:00,60,"L_GUA11127_BASE_NAVAL/Cell:eNodeB Function Name=L_GUA11127_BASE_NAVAL, Local Cell ID=8, Cell Name=L_GUA11127_BASE_NAVAL_8, eNodeB ID=11127, Cell FDD TDD indication=CELL_FDD",Reliable,365.327,55.68
2026-04-10 19:00,60,"L_GUA11127_BASE_NAVAL/Cell:eNodeB Function Name=L_GUA11127_BASE_NAVAL, Local Cell ID=7, Cell Name=L_GUA11127_BASE_NAVAL_7, eNodeB ID=11127, Cell FDD TDD indication=CELL_FDD",Reliable,42.652,32.396
2026-04-10 19:00,60,"L_GUA11127_BASE_NAVAL/Cell:eNodeB Function Name=L_GUA11127_BASE_NAVAL, Local Cell ID=3, Cell Name=L_GUA11127_BASE_NAVAL_3, eNodeB ID=11127, Cell FDD TDD indication=CELL_FDD",Reliable,2503.068,133.102
2026-04-10 19:00,60,"L_GUA11127_BASE_NAVAL/Cell:eNodeB Function Name=L_GUA11127_BASE_NAVAL, Local Cell ID=2, Cell Name=L_GUA11127_BASE_NAVAL_2, eNodeB ID=11127, Cell FDD TDD indication=CELL_FDD",Reliable,1287.985,102.875
2026-04-10 19:00,60,"L_GUA11127_BASE_NAVAL/Cell:eNodeB Function Name=L_GUA11127_BASE_NAVAL, Local Cell ID=1, Cell Name=L_GUA11127_BASE_NAVAL_1, eNodeB ID=11127, Cell FDD TDD indication=CELL_FDD",Reliable,1207.172,169.774
2026-04-10 19:00,60,"L_GUA11182_UNION_DE_BANANEROS/Cell:eNodeB Function Name=L_GUA11182_UNION_DE_BANANEROS, Local Cell ID=9, Cell Name=L_GUA11182_UNION_DE_BANANEROS_9, eNodeB ID=11182, Cell FDD TDD indication=CELL_FDD",Reliable,1054.954,73.415
2026-04-10 19:00,60,"L_GUA11182_UNION_DE_BANANEROS/Cell:eNodeB Function Name=L_GUA11182_UNION_DE_BANANEROS, Local Cell ID=8, Cell Name=L_GUA11182_UNION_DE_BANANEROS_8, eNodeB ID=11182, Cell FDD TDD indication=CELL_FDD",Reliable,220.168,106.265
2026-04-10 19:00,60,"L_GUA11182_UNION_DE_BANANEROS/Cell:eNodeB Function Name=L_GUA11182_UNION_DE_BANANEROS, Local Cell ID=7, Cell Name=L_GUA11182_UNION_DE_BANANEROS_7, eNodeB ID=11182, Cell FDD TDD indication=CELL_FDD",Reliable,1803.457,129.492
2026-04-10 19:00,60,"L_GUA11182_UNION_DE_BANANEROS/Cell:eNodeB Function Name=L_GUA11182_UNION_DE_BANANEROS, Local Cell ID=3, Cell Name=L_GUA11182_UNION_DE_BANANEROS_3, eNodeB ID=11182, Cell FDD TDD indication=CELL_FDD",Reliable,1481.628,168.311
2026-04-10 19:00,60,"L_GUA11182_UNION_DE_BANANEROS/Cell:eNodeB Function Name=L_GUA11182_UNION_DE_BANANEROS, Local Cell ID=2, Cell Name=L_GUA11182_UNION_DE_BANANEROS_2, eNodeB ID=11182, Cell FDD TDD indication=CELL_FDD",Reliable,1209.825,124.435
2026-04-10 19:00,60,"L_GUA11182_UNION_DE_BANANEROS/Cell:eNodeB Function Name=L_GUA11182_UNION_DE_BANANEROS, Local Cell ID=1, Cell Name=L_GUA11182_UNION_DE_BANANEROS_1, eNodeB ID=11182, Cell FDD TDD indication=CELL_FDD",Reliable,884.805,62.687
2026-04-10 19:00,60,"L_GUA11262_ESCLUSAS_OESTE/Cell:eNodeB Function Name=L_GUA11262_ESCLUSAS_OESTE, Local Cell ID=3, Cell Name=L_GUA11262_ESCLUSAS_OESTE_3, eNodeB ID=11262, Cell FDD TDD indication=CELL_FDD",Reliable,65.281,12.38
2026-04-10 19:00,60,"L_GUA11262_ESCLUSAS_OESTE/Cell:eNodeB Function Name=L_GUA11262_ESCLUSAS_OESTE, Local Cell ID=2, Cell Name=L_GUA11262_ESCLUSAS_OESTE_2, eNodeB ID=11262, Cell FDD TDD indication=CELL_FDD",Reliable,496.842,51.12
2026-04-10 19:00,60,"L_GUA11262_ESCLUSAS_OESTE/Cell:eNodeB Function Name=L_GUA11262_ESCLUSAS_OESTE, Local Cell ID=1, Cell Name=L_GUA11262_ESCLUSAS_OESTE_1, eNodeB ID=11262, Cell FDD TDD indication=CELL_FDD",Reliable,215.128,120.776
2026-04-10 19:00,60,"L_GUA11280_GUA_GYE_203/Cell:eNodeB Function Name=L_GUA11280_GUA_GYE_203, Local Cell ID=3, Cell Name=L_GUA11280_GUA_GYE_203_3, eNodeB ID=11280, Cell FDD TDD indication=CELL_FDD",Reliable,1323.227,177.454
2026-04-10 19:00,60,"L_GUA11280_GUA_GYE_203/Cell:eNodeB Function Name=L_GUA11280_GUA_GYE_203, Local Cell ID=2, Cell Name=L_GUA11280_GUA_GYE_203_2, eNodeB ID=11280, Cell FDD TDD indication=CELL_FDD",Reliable,2872.392,690.798
2026-04-10 19:00,60,"L_GUA11280_GUA_GYE_203/Cell:eNodeB Function Name=L_GUA11280_GUA_GYE_203, Local Cell ID=1, Cell Name=L_GUA11280_GUA_GYE_203_1, eNodeB ID=11280, Cell FDD TDD indication=CELL_FDD",Reliable,1811.673,78.757
2026-04-10 19:00,60,"L_GUA11292_GUA_GYE_JULIO_POTES/Cell:eNodeB Function Name=L_GUA11292_GUA_GYE_JULIO_POTES, Local Cell ID=9, Cell Name=L_GUA11292_GUA_GYE_JULIO_POTES_9, eNodeB ID=11292, Cell FDD TDD indication=CELL_FDD",Reliable,409.323,68.145
2026-04-10 19:00,60,"L_GUA11292_GUA_GYE_JULIO_POTES/Cell:eNodeB Function Name=L_GUA11292_GUA_GYE_JULIO_POTES, Local Cell ID=8, Cell Name=L_GUA11292_GUA_GYE_JULIO_POTES_8, eNodeB ID=11292, Cell FDD TDD indication=CELL_FDD",Reliable,172.223,13.838
2026-04-10 19:00,60,"L_GUA11292_GUA_GYE_JULIO_POTES/Cell:eNodeB Function Name=L_GUA11292_GUA_GYE_JULIO_POTES, Local Cell ID=7, Cell Name=L_GUA11292_GUA_GYE_JULIO_POTES_7, eNodeB ID=11292, Cell FDD TDD indication=CELL_FDD",Reliable,78.621,18.334
2026-04-10 19:00,60,"L_GUA11292_GUA_GYE_JULIO_POTES/Cell:eNodeB Function Name=L_GUA11292_GUA_GYE_JULIO_POTES, Local Cell ID=3, Cell Name=L_GUA11292_GUA_GYE_JULIO_POTES_3, eNodeB ID=11292, Cell FDD TDD indication=CELL_FDD",Reliable,728.617,68.287
2026-04-10 19:00,60,"L_GUA11292_GUA_GYE_JULIO_POTES/Cell:eNodeB Function Name=L_GUA11292_GUA_GYE_JULIO_POTES, Local Cell ID=2, Cell Name=L_GUA11292_GUA_GYE_JULIO_POTES_2, eNodeB ID=11292, Cell FDD TDD indication=CELL_FDD",Reliable,918.851,72.608
2026-04-10 19:00,60,"L_GUA11292_GUA_GYE_JULIO_POTES/Cell:eNodeB Function Name=L_GUA11292_GUA_GYE_JULIO_POTES, Local Cell ID=1, Cell Name=L_GUA11292_GUA_GYE_JULIO_POTES_1, eNodeB ID=11292, Cell FDD TDD indication=CELL_FDD",Reliable,679.295,65.232
2026-04-10 19:00,60,"L_GUA11434_GUA_GYE_GUAYAS_Y_QUIL/Cell:eNodeB Function Name=L_GUA11434_GUA_GYE_GUAYAS_Y_QUIL, Local Cell ID=9, Cell Name=L_GUA11434_GUA_GYE_GUAYAS_Y_QUIL_9, eNodeB ID=11434, Cell FDD TDD indication=CELL_FDD",Reliable,1878.159,288.956
2026-04-10 19:00,60,"L_GUA11434_GUA_GYE_GUAYAS_Y_QUIL/Cell:eNodeB Function Name=L_GUA11434_GUA_GYE_GUAYAS_Y_QUIL, Local Cell ID=8, Cell Name=L_GUA11434_GUA_GYE_GUAYAS_Y_QUIL_8, eNodeB ID=11434, Cell FDD TDD indication=CELL_FDD",Reliable,2165.785,246.42
2026-04-10 19:00,60,"L_GUA11434_GUA_GYE_GUAYAS_Y_QUIL/Cell:eNodeB Function Name=L_GUA11434_GUA_GYE_GUAYAS_Y_QUIL, Local Cell ID=7, Cell Name=L_GUA11434_GUA_GYE_GUAYAS_Y_QUIL_7, eNodeB ID=11434, Cell FDD TDD indication=CELL_FDD",Reliable,564.945,43.964
2026-04-10 19:00,60,"L_GUA11434_GUA_GYE_GUAYAS_Y_QUIL/Cell:eNodeB Function Name=L_GUA11434_GUA_GYE_GUAYAS_Y_QUIL, Local Cell ID=3, Cell Name=L_GUA11434_GUA_GYE_GUAYAS_Y_QUIL_3, eNodeB ID=11434, Cell FDD TDD indication=CELL_FDD",Reliable,4937.656,616.352
2026-04-10 19:00,60,"L_GUA11434_GUA_GYE_GUAYAS_Y_QUIL/Cell:eNodeB Function Name=L_GUA11434_GUA_GYE_GUAYAS_Y_QUIL, Local Cell ID=2, Cell Name=L_GUA11434_GUA_GYE_GUAYAS_Y_QUIL_2, eNodeB ID=11434, Cell FDD TDD indication=CELL_FDD",Reliable,1701.303,159.685
2026-04-10 19:00,60,"L_GUA11434_GUA_GYE_GUAYAS_Y_QUIL/Cell:eNodeB Function Name=L_GUA11434_GUA_GYE_GUAYAS_Y_QUIL, Local Cell ID=1, Cell Name=L_GUA11434_GUA_GYE_GUAYAS_Y_QUIL_1, eNodeB ID=11434, Cell FDD TDD indication=CELL_FDD",Reliable,1403.272,265.948
2026-04-10 19:00,60,"L_GUA11211_GUA_GYE_H_GUASM_S/Cell:eNodeB Function Name=L_GUA11211_GUA_GYE_H_GUASM_S, Local Cell ID=9, Cell Name=L_GUA11211_GUA_GYE_H_GUASM_S_9, eNodeB ID=11211, Cell FDD TDD indication=CELL_FDD",Reliable,2245.839,354.861
2026-04-10 19:00,60,"L_GUA11211_GUA_GYE_H_GUASM_S/Cell:eNodeB Function Name=L_GUA11211_GUA_GYE_H_GUASM_S, Local Cell ID=8, Cell Name=L_GUA11211_GUA_GYE_H_GUASM_S_8, eNodeB ID=11211, Cell FDD TDD indication=CELL_FDD",Reliable,523.483,52.249
2026-04-10 19:00,60,"L_GUA11211_GUA_GYE_H_GUASM_S/Cell:eNodeB Function Name=L_GUA11211_GUA_GYE_H_GUASM_S, Local Cell ID=7, Cell Name=L_GUA11211_GUA_GYE_H_GUASM_S_7, eNodeB ID=11211, Cell FDD TDD indication=CELL_FDD",Reliable,457.05,73.117
2026-04-10 19:00,60,"L_GUA11211_GUA_GYE_H_GUASM_S/Cell:eNodeB Function Name=L_GUA11211_GUA_GYE_H_GUASM_S, Local Cell ID=3, Cell Name=L_GUA11211_GUA_GYE_H_GUASM_S_3, eNodeB ID=11211, Cell FDD TDD indication=CELL_FDD",Reliable,1574.572,254.177
2026-04-10 19:00,60,"L_GUA11211_GUA_GYE_H_GUASM_S/Cell:eNodeB Function Name=L_GUA11211_GUA_GYE_H_GUASM_S, Local Cell ID=2, Cell Name=L_GUA11211_GUA_GYE_H_GUASM_S_2, eNodeB ID=11211, Cell FDD TDD indication=CELL_FDD",Reliable,1198.238,94.06
2026-04-10 19:00,60,"L_GUA11211_GUA_GYE_H_GUASM_S/Cell:eNodeB Function Name=L_GUA11211_GUA_GYE_H_GUASM_S, Local Cell ID=1, Cell Name=L_GUA11211_GUA_GYE_H_GUASM_S_1, eNodeB ID=11211, Cell FDD TDD indication=CELL_FDD",Reliable,897.218,124.248
2026-04-10 19:00,60,"L_GUA11009_EL_GUASMO/Cell:eNodeB Function Name=L_GUA11009_EL_GUASMO, Local Cell ID=9, Cell Name=L_GUA11009_EL_GUASMO_9, eNodeB ID=11009, Cell FDD TDD indication=CELL_FDD",Reliable,6069.852,296.67
2026-04-10 19:00,60,"L_GUA11009_EL_GUASMO/Cell:eNodeB Function Name=L_GUA11009_EL_GUASMO, Local Cell ID=8, Cell Name=L_GUA11009_EL_GUASMO_8, eNodeB ID=11009, Cell FDD TDD indication=CELL_FDD",Reliable,2189.869,319.25
2026-04-10 19:00,60,"L_GUA11009_EL_GUASMO/Cell:eNodeB Function Name=L_GUA11009_EL_GUASMO, Local Cell ID=7, Cell Name=L_GUA11009_EL_GUASMO_7, eNodeB ID=11009, Cell FDD TDD indication=CELL_FDD",Reliable,139.135,18.519
2026-04-10 19:00,60,"L_GUA11009_EL_GUASMO/Cell:eNodeB Function Name=L_GUA11009_EL_GUASMO, Local Cell ID=3, Cell Name=L_GUA11009_EL_GUASMO_3, eNodeB ID=11009, Cell FDD TDD indication=CELL_FDD",Reliable,1787.336,210.98
2026-04-10 19:00,60,"L_GUA11009_EL_GUASMO/Cell:eNodeB Function Name=L_GUA11009_EL_GUASMO, Local Cell ID=2, Cell Name=L_GUA11009_EL_GUASMO_2, eNodeB ID=11009, Cell FDD TDD indication=CELL_FDD",Reliable,4207.759,441.558
2026-04-10 19:00,60,"L_GUA11009_EL_GUASMO/Cell:eNodeB Function Name=L_GUA11009_EL_GUASMO, Local Cell ID=1, Cell Name=L_GUA11009_EL_GUASMO_1, eNodeB ID=11009, Cell FDD TDD indication=CELL_FDD",Reliable,3125.767,379.147
2026-04-10 19:00,60,"L_GUA11037_GUASMO_SUR_TEM/Cell:eNodeB Function Name=L_GUA11037_GUASMO_SUR_TEM, Local Cell ID=9, Cell Name=L_GUA11037_GUASMO_SUR_TEM_9, eNodeB ID=11037, Cell FDD TDD indication=CELL_FDD",Reliable,968.472,130.643
2026-04-10 19:00,60,"L_GUA11037_GUASMO_SUR_TEM/Cell:eNodeB Function Name=L_GUA11037_GUASMO_SUR_TEM, Local Cell ID=8, Cell Name=L_GUA11037_GUASMO_SUR_TEM_8, eNodeB ID=11037, Cell FDD TDD indication=CELL_FDD",Reliable,828.312,80.687
2026-04-10 19:00,60,"L_GUA11037_GUASMO_SUR_TEM/Cell:eNodeB Function Name=L_GUA11037_GUASMO_SUR_TEM, Local Cell ID=7, Cell Name=L_GUA11037_GUASMO_SUR_TEM_7, eNodeB ID=11037, Cell FDD TDD indication=CELL_FDD",Reliable,374.504,60.133
2026-04-10 19:00,60,"L_GUA11037_GUASMO_SUR_TEM/Cell:eNodeB Function Name=L_GUA11037_GUASMO_SUR_TEM, Local Cell ID=3, Cell Name=L_GUA11037_GUASMO_SUR_TEM_3, eNodeB ID=11037, Cell FDD TDD indication=CELL_FDD",Reliable,1528.39,242.966
2026-04-10 19:00,60,"L_GUA11037_GUASMO_SUR_TEM/Cell:eNodeB Function Name=L_GUA11037_GUASMO_SUR_TEM, Local Cell ID=2, Cell Name=L_GUA11037_GUASMO_SUR_TEM_2, eNodeB ID=11037, Cell FDD TDD indication=CELL_FDD",Reliable,875.688,196.906
2026-04-10 19:00,60,"L_GUA11037_GUASMO_SUR_TEM/Cell:eNodeB Function Name=L_GUA11037_GUASMO_SUR_TEM, Local Cell ID=1, Cell Name=L_GUA11037_GUASMO_SUR_TEM_1, eNodeB ID=11037, Cell FDD TDD indication=CELL_FDD",Reliable,2456.275,189.694
2026-04-10 19:00,60,"L_GUA11048_MALL_DEL_SUR/Cell:eNodeB Function Name=L_GUA11048_MALL_DEL_SUR, Local Cell ID=9, Cell Name=L_GUA11048_MALL_DEL_SUR_9, eNodeB ID=11048, Cell FDD TDD indication=CELL_FDD",Reliable,1413.139,283.892
2026-04-10 19:00,60,"L_GUA11048_MALL_DEL_SUR/Cell:eNodeB Function Name=L_GUA11048_MALL_DEL_SUR, Local Cell ID=8, Cell Name=L_GUA11048_MALL_DEL_SUR_8, eNodeB ID=11048, Cell FDD TDD indication=CELL_FDD",Reliable,1603.327,273.845
2026-04-10 19:00,60,"L_GUA11048_MALL_DEL_SUR/Cell:eNodeB Function Name=L_GUA11048_MALL_DEL_SUR, Local Cell ID=7, Cell Name=L_GUA11048_MALL_DEL_SUR_7, eNodeB ID=11048, Cell FDD TDD indication=CELL_FDD",Reliable,829.878,212.015
2026-04-10 19:00,60,"L_GUA11048_MALL_DEL_SUR/Cell:eNodeB Function Name=L_GUA11048_MALL_DEL_SUR, Local Cell ID=3, Cell Name=L_GUA11048_MALL_DEL_SUR_3, eNodeB ID=11048, Cell FDD TDD indication=CELL_FDD",Reliable,1688.057,268.996
2026-04-10 19:00,60,"L_GUA11048_MALL_DEL_SUR/Cell:eNodeB Function Name=L_GUA11048_MALL_DEL_SUR, Local Cell ID=2, Cell Name=L_GUA11048_MALL_DEL_SUR_2, eNodeB ID=11048, Cell FDD TDD indication=CELL_FDD",Reliable,5330.946,641.612
2026-04-10 19:00,60,"L_GUA11048_MALL_DEL_SUR/Cell:eNodeB Function Name=L_GUA11048_MALL_DEL_SUR, Local Cell ID=1, Cell Name=L_GUA11048_MALL_DEL_SUR_1, eNodeB ID=11048, Cell FDD TDD indication=CELL_FDD",Reliable,6595.344,951.147
2026-04-10 19:00,60,"L_GUA11072_FERTISA/Cell:eNodeB Function Name=L_GUA11072_FERTISA, Local Cell ID=9, Cell Name=L_GUA11072_FERTISA_9, eNodeB ID=11072, Cell FDD TDD indication=CELL_FDD",Reliable,123.563,20.65
2026-04-10 19:00,60,"L_GUA11072_FERTISA/Cell:eNodeB Function Name=L_GUA11072_FERTISA, Local Cell ID=8, Cell Name=L_GUA11072_FERTISA_8, eNodeB ID=11072, Cell FDD TDD indication=CELL_FDD",Reliable,211.281,23.571
2026-04-10 19:00,60,"L_GUA11072_FERTISA/Cell:eNodeB Function Name=L_GUA11072_FERTISA, Local Cell ID=7, Cell Name=L_GUA11072_FERTISA_7, eNodeB ID=11072, Cell FDD TDD indication=CELL_FDD",Reliable,91.354,12.567
2026-04-10 19:00,60,"L_GUA11072_FERTISA/Cell:eNodeB Function Name=L_GUA11072_FERTISA, Local Cell ID=3, Cell Name=L_GUA11072_FERTISA_3, eNodeB ID=11072, Cell FDD TDD indication=CELL_FDD",Reliable,1334.904,88.886
2026-04-10 19:00,60,"L_GUA11072_FERTISA/Cell:eNodeB Function Name=L_GUA11072_FERTISA, Local Cell ID=2, Cell Name=L_GUA11072_FERTISA_2, eNodeB ID=11072, Cell FDD TDD indication=CELL_FDD",Reliable,375.033,42.193
2026-04-10 19:00,60,"L_GUA11072_FERTISA/Cell:eNodeB Function Name=L_GUA11072_FERTISA, Local Cell ID=1, Cell Name=L_GUA11072_FERTISA_1, eNodeB ID=11072, Cell FDD TDD indication=CELL_FDD",Reliable,1561.418,123.443
2026-04-10 19:00,60,"L_GUA11266_GUA_GYE_204/Cell:eNodeB Function Name=L_GUA11266_GUA_GYE_204, Local Cell ID=3, Cell Name=L_GUA11266_GUA_GYE_LA_FLORESTA_TRES_3, eNodeB ID=11266, Cell FDD TDD indication=CELL_FDD",Reliable,102.5,19.946
2026-04-10 19:00,60,"L_GUA11266_GUA_GYE_204/Cell:eNodeB Function Name=L_GUA11266_GUA_GYE_204, Local Cell ID=2, Cell Name=L_GUA11266_GUA_GYE_LA_FLORESTA_TRES_2, eNodeB ID=11266, Cell FDD TDD indication=CELL_FDD",Reliable,822.001,70.617
2026-04-10 19:00,60,"L_GUA11266_GUA_GYE_204/Cell:eNodeB Function Name=L_GUA11266_GUA_GYE_204, Local Cell ID=1, Cell Name=L_GUA11266_GUA_GYE_LA_FLORESTA_TRES_1, eNodeB ID=11266, Cell FDD TDD indication=CELL_FDD",Reliable,545.131,70.444
2026-04-10 19:00,60,"L_GUA11007_GUAYAQUIL_CISNE/Cell:eNodeB Function Name=L_GUA11007_GUAYAQUIL_CISNE, Local Cell ID=9, Cell Name=L_GUA11007_GUAYAQUIL_CISNE_9, eNodeB ID=11007, Cell FDD TDD indication=CELL_FDD",Reliable,470.378,49.061
2026-04-10 19:00,60,"L_GUA11007_GUAYAQUIL_CISNE/Cell:eNodeB Function Name=L_GUA11007_GUAYAQUIL_CISNE, Local Cell ID=8, Cell Name=L_GUA11007_GUAYAQUIL_CISNE_8, eNodeB ID=11007, Cell FDD TDD indication=CELL_FDD",Reliable,1377.536,104.382
2026-04-10 19:00,60,"L_GUA11007_GUAYAQUIL_CISNE/Cell:eNodeB Function Name=L_GUA11007_GUAYAQUIL_CISNE, Local Cell ID=7, Cell Name=L_GUA11007_GUAYAQUIL_CISNE_7, eNodeB ID=11007, Cell FDD TDD indication=CELL_FDD",Reliable,1387.127,108.057
2026-04-10 19:00,60,"L_GUA11007_GUAYAQUIL_CISNE/Cell:eNodeB Function Name=L_GUA11007_GUAYAQUIL_CISNE, Local Cell ID=3, Cell Name=L_GUA11007_GUAYAQUIL_CISNE_3, eNodeB ID=11007, Cell FDD TDD indication=CELL_FDD",Reliable,2231.454,248.793
2026-04-10 19:00,60,"L_GUA11007_GUAYAQUIL_CISNE/Cell:eNodeB Function Name=L_GUA11007_GUAYAQUIL_CISNE, Local Cell ID=2, Cell Name=L_GUA11007_GUAYAQUIL_CISNE_2, eNodeB ID=11007, Cell FDD TDD indication=CELL_FDD",Reliable,4313.389,390.518
2026-04-10 19:00,60,"L_GUA11007_GUAYAQUIL_CISNE/Cell:eNodeB Function Name=L_GUA11007_GUAYAQUIL_CISNE, Local Cell ID=1, Cell Name=L_GUA11007_GUAYAQUIL_CISNE_1, eNodeB ID=11007, Cell FDD TDD indication=CELL_FDD",Reliable,620.918,83.834
2026-04-10 19:00,60,"L_GUA11012_ISLA_TRINITARIA/Cell:eNodeB Function Name=L_GUA11012_ISLA_TRINITARIA, Local Cell ID=9, Cell Name=L_GUA11012_ISLA_TRINITARIA_9, eNodeB ID=11012, Cell FDD TDD indication=CELL_FDD",Reliable,1862.243,195.888
2026-04-10 19:00,60,"L_GUA11012_ISLA_TRINITARIA/Cell:eNodeB Function Name=L_GUA11012_ISLA_TRINITARIA, Local Cell ID=8, Cell Name=L_GUA11012_ISLA_TRINITARIA_8, eNodeB ID=11012, Cell FDD TDD indication=CELL_FDD",Reliable,955.594,71.958
2026-04-10 19:00,60,"L_GUA11012_ISLA_TRINITARIA/Cell:eNodeB Function Name=L_GUA11012_ISLA_TRINITARIA, Local Cell ID=7, Cell Name=L_GUA11012_ISLA_TRINITARIA_7, eNodeB ID=11012, Cell FDD TDD indication=CELL_FDD",Reliable,3114.495,345.949
2026-04-10 19:00,60,"L_GUA11012_ISLA_TRINITARIA/Cell:eNodeB Function Name=L_GUA11012_ISLA_TRINITARIA, Local Cell ID=3, Cell Name=L_GUA11012_ISLA_TRINITARIA_3, eNodeB ID=11012, Cell FDD TDD indication=CELL_FDD",Reliable,3744.982,308.758
2026-04-10 19:00,60,"L_GUA11012_ISLA_TRINITARIA/Cell:eNodeB Function Name=L_GUA11012_ISLA_TRINITARIA, Local Cell ID=2, Cell Name=L_GUA11012_ISLA_TRINITARIA_2, eNodeB ID=11012, Cell FDD TDD indication=CELL_FDD",Reliable,2373.525,231.473
2026-04-10 19:00,60,"L_GUA11012_ISLA_TRINITARIA/Cell:eNodeB Function Name=L_GUA11012_ISLA_TRINITARIA, Local Cell ID=1, Cell Name=L_GUA11012_ISLA_TRINITARIA_1, eNodeB ID=11012, Cell FDD TDD indication=CELL_FDD",Reliable,1512.683,134.566
2026-04-10 19:00,60,"L_GUA11058_BATALLON/Cell:eNodeB Function Name=L_GUA11058_BATALLON, Local Cell ID=9, Cell Name=L_GUA11058_BATALLON_9, eNodeB ID=11058, Cell FDD TDD indication=CELL_FDD",Reliable,897.098,71.454
2026-04-10 19:00,60,"L_GUA11058_BATALLON/Cell:eNodeB Function Name=L_GUA11058_BATALLON, Local Cell ID=8, Cell Name=L_GUA11058_BATALLON_8, eNodeB ID=11058, Cell FDD TDD indication=CELL_FDD",Reliable,452.516,38.441
2026-04-10 19:00,60,"L_GUA11058_BATALLON/Cell:eNodeB Function Name=L_GUA11058_BATALLON, Local Cell ID=7, Cell Name=L_GUA11058_BATALLON_7, eNodeB ID=11058, Cell FDD TDD indication=CELL_FDD",Reliable,1124.943,152.811
2026-04-10 19:00,60,"L_GUA11058_BATALLON/Cell:eNodeB Function Name=L_GUA11058_BATALLON, Local Cell ID=3, Cell Name=L_GUA11058_BATALLON_3, eNodeB ID=11058, Cell FDD TDD indication=CELL_FDD",Reliable,988.603,185.808
2026-04-10 19:00,60,"L_GUA11058_BATALLON/Cell:eNodeB Function Name=L_GUA11058_BATALLON, Local Cell ID=2, Cell Name=L_GUA11058_BATALLON_2, eNodeB ID=11058, Cell FDD TDD indication=CELL_FDD",Reliable,1724.13,352.64
2026-04-10 19:00,60,"L_GUA11058_BATALLON/Cell:eNodeB Function Name=L_GUA11058_BATALLON, Local Cell ID=1, Cell Name=L_GUA11058_BATALLON_1, eNodeB ID=11058, Cell FDD TDD indication=CELL_FDD",Reliable,2368.234,420.192
2026-04-10 19:00,60,"L_GUA11084_LETAMENDI_SUR/Cell:eNodeB Function Name=L_GUA11084_LETAMENDI_SUR, Local Cell ID=9, Cell Name=L_GUA11084_LETAMENDI_SUR_9, eNodeB ID=11084, Cell FDD TDD indication=CELL_FDD",Reliable,245.984,90.69
2026-04-10 19:00,60,"L_GUA11084_LETAMENDI_SUR/Cell:eNodeB Function Name=L_GUA11084_LETAMENDI_SUR, Local Cell ID=8, Cell Name=L_GUA11084_LETAMENDI_SUR_8, eNodeB ID=11084, Cell FDD TDD indication=CELL_FDD",Reliable,669.194,64.248
2026-04-10 19:00,60,"L_GUA11084_LETAMENDI_SUR/Cell:eNodeB Function Name=L_GUA11084_LETAMENDI_SUR, Local Cell ID=7, Cell Name=L_GUA11084_LETAMENDI_SUR_7, eNodeB ID=11084, Cell FDD TDD indication=CELL_FDD",Reliable,1164.008,140.776
2026-04-10 19:00,60,"L_GUA11084_LETAMENDI_SUR/Cell:eNodeB Function Name=L_GUA11084_LETAMENDI_SUR, Local Cell ID=3, Cell Name=L_GUA11084_LETAMENDI_SUR_3, eNodeB ID=11084, Cell FDD TDD indication=CELL_FDD",Reliable,124.127,5.29
2026-04-10 19:00,60,"L_GUA11084_LETAMENDI_SUR/Cell:eNodeB Function Name=L_GUA11084_LETAMENDI_SUR, Local Cell ID=2, Cell Name=L_GUA11084_LETAMENDI_SUR_2, eNodeB ID=11084, Cell FDD TDD indication=CELL_FDD",Reliable,611.994,132.299
2026-04-10 19:00,60,"L_GUA11084_LETAMENDI_SUR/Cell:eNodeB Function Name=L_GUA11084_LETAMENDI_SUR, Local Cell ID=1, Cell Name=L_GUA11084_LETAMENDI_SUR_1, eNodeB ID=11084, Cell FDD TDD indication=CELL_FDD",Reliable,1596.628,140.242
2026-04-10 19:00,60,"L_GUA11085_MADRIGAL/Cell:eNodeB Function Name=L_GUA11085_MADRIGAL, Local Cell ID=9, Cell Name=L_GUA11085_MADRIGAL_9, eNodeB ID=11085, Cell FDD TDD indication=CELL_FDD",Reliable,1024.019,104.251
2026-04-10 19:00,60,"L_GUA11085_MADRIGAL/Cell:eNodeB Function Name=L_GUA11085_MADRIGAL, Local Cell ID=8, Cell Name=L_GUA11085_MADRIGAL_8, eNodeB ID=11085, Cell FDD TDD indication=CELL_FDD",Reliable,62.459,16.843
2026-04-10 19:00,60,"L_GUA11085_MADRIGAL/Cell:eNodeB Function Name=L_GUA11085_MADRIGAL, Local Cell ID=7, Cell Name=L_GUA11085_MADRIGAL_7, eNodeB ID=11085, Cell FDD TDD indication=CELL_FDD",Reliable,1549.635,147.452
2026-04-10 19:00,60,"L_GUA11085_MADRIGAL/Cell:eNodeB Function Name=L_GUA11085_MADRIGAL, Local Cell ID=3, Cell Name=L_GUA11085_MADRIGAL_3, eNodeB ID=11085, Cell FDD TDD indication=CELL_FDD",Reliable,2560.113,171.884
2026-04-10 19:00,60,"L_GUA11085_MADRIGAL/Cell:eNodeB Function Name=L_GUA11085_MADRIGAL, Local Cell ID=2, Cell Name=L_GUA11085_MADRIGAL_2, eNodeB ID=11085, Cell FDD TDD indication=CELL_FDD",Reliable,1241.095,148.152
2026-04-10 19:00,60,"L_GUA11085_MADRIGAL/Cell:eNodeB Function Name=L_GUA11085_MADRIGAL, Local Cell ID=1, Cell Name=L_GUA11085_MADRIGAL_1, eNodeB ID=11085, Cell FDD TDD indication=CELL_FDD",Reliable,932.167,159.749
2026-04-10 19:00,60,"L_GUA11096_PUERTO_LISA/Cell:eNodeB Function Name=L_GUA11096_PUERTO_LISA, Local Cell ID=9, Cell Name=L_GUA11096_PUERTO_LISA_9, eNodeB ID=11096, Cell FDD TDD indication=CELL_FDD",Reliable,472.266,111.189
2026-04-10 19:00,60,"L_GUA11096_PUERTO_LISA/Cell:eNodeB Function Name=L_GUA11096_PUERTO_LISA, Local Cell ID=8, Cell Name=L_GUA11096_PUERTO_LISA_8, eNodeB ID=11096, Cell FDD TDD indication=CELL_FDD",Reliable,393.753,52.663
2026-04-10 19:00,60,"L_GUA11096_PUERTO_LISA/Cell:eNodeB Function Name=L_GUA11096_PUERTO_LISA, Local Cell ID=7, Cell Name=L_GUA11096_PUERTO_LISA_7, eNodeB ID=11096, Cell FDD TDD indication=CELL_FDD",Reliable,1185.203,258.483
2026-04-10 19:00,60,"L_GUA11096_PUERTO_LISA/Cell:eNodeB Function Name=L_GUA11096_PUERTO_LISA, Local Cell ID=3, Cell Name=L_GUA11096_PUERTO_LISA_3, eNodeB ID=11096, Cell FDD TDD indication=CELL_FDD",Reliable,1905.948,171.349
2026-04-10 19:00,60,"L_GUA11096_PUERTO_LISA/Cell:eNodeB Function Name=L_GUA11096_PUERTO_LISA, Local Cell ID=2, Cell Name=L_GUA11096_PUERTO_LISA_2, eNodeB ID=11096, Cell FDD TDD indication=CELL_FDD",Reliable,2764.97,217.706
2026-04-10 19:00,60,"L_GUA11096_PUERTO_LISA/Cell:eNodeB Function Name=L_GUA11096_PUERTO_LISA, Local Cell ID=1, Cell Name=L_GUA11096_PUERTO_LISA_1, eNodeB ID=11096, Cell FDD TDD indication=CELL_FDD",Reliable,2629.804,351.694
2026-04-10 19:00,60,"L_GUA11104_TRINIPUERTO/Cell:eNodeB Function Name=L_GUA11104_TRINIPUERTO, Local Cell ID=9, Cell Name=L_GUA11104_TRINIPUERTO_9, eNodeB ID=11104, Cell FDD TDD indication=CELL_FDD",Reliable,1070.039,166.594
2026-04-10 19:00,60,"L_GUA11104_TRINIPUERTO/Cell:eNodeB Function Name=L_GUA11104_TRINIPUERTO, Local Cell ID=8, Cell Name=L_GUA11104_TRINIPUERTO_8, eNodeB ID=11104, Cell FDD TDD indication=CELL_FDD",Reliable,601.725,87.236
2026-04-10 19:00,60,"L_GUA11104_TRINIPUERTO/Cell:eNodeB Function Name=L_GUA11104_TRINIPUERTO, Local Cell ID=7, Cell Name=L_GUA11104_TRINIPUERTO_7, eNodeB ID=11104, Cell FDD TDD indication=CELL_FDD",Reliable,83.94,6.53
2026-04-10 19:00,60,"L_GUA11104_TRINIPUERTO/Cell:eNodeB Function Name=L_GUA11104_TRINIPUERTO, Local Cell ID=3, Cell Name=L_GUA11104_TRINIPUERTO_3, eNodeB ID=11104, Cell FDD TDD indication=CELL_FDD",Reliable,3894.878,274.84
2026-04-10 19:00,60,"L_GUA11104_TRINIPUERTO/Cell:eNodeB Function Name=L_GUA11104_TRINIPUERTO, Local Cell ID=2, Cell Name=L_GUA11104_TRINIPUERTO_2, eNodeB ID=11104, Cell FDD TDD indication=CELL_FDD",Reliable,643.355,68.479
2026-04-10 19:00,60,"L_GUA11104_TRINIPUERTO/Cell:eNodeB Function Name=L_GUA11104_TRINIPUERTO, Local Cell ID=1, Cell Name=L_GUA11104_TRINIPUERTO_1, eNodeB ID=11104, Cell FDD TDD indication=CELL_FDD",Reliable,594.266,57.086
2026-04-10 19:00,60,"L_GUA11129_BATALLON_CENTRO/Cell:eNodeB Function Name=L_GUA11129_BATALLON_CENTRO, Local Cell ID=9, Cell Name=L_GUA11129_BATALLON_CENTRO_9, eNodeB ID=11129, Cell FDD TDD indication=CELL_FDD",Reliable,821.419,73.341
2026-04-10 19:00,60,"L_GUA11129_BATALLON_CENTRO/Cell:eNodeB Function Name=L_GUA11129_BATALLON_CENTRO, Local Cell ID=8, Cell Name=L_GUA11129_BATALLON_CENTRO_8, eNodeB ID=11129, Cell FDD TDD indication=CELL_FDD",Reliable,154.426,35.741
2026-04-10 19:00,60,"L_GUA11129_BATALLON_CENTRO/Cell:eNodeB Function Name=L_GUA11129_BATALLON_CENTRO, Local Cell ID=7, Cell Name=L_GUA11129_BATALLON_CENTRO_7, eNodeB ID=11129, Cell FDD TDD indication=CELL_FDD",Reliable,458.234,132.411
2026-04-10 19:00,60,"L_GUA11129_BATALLON_CENTRO/Cell:eNodeB Function Name=L_GUA11129_BATALLON_CENTRO, Local Cell ID=3, Cell Name=L_GUA11129_BATALLON_CENTRO_3, eNodeB ID=11129, Cell FDD TDD indication=CELL_FDD",Reliable,1976.617,235.551
2026-04-10 19:00,60,"L_GUA11129_BATALLON_CENTRO/Cell:eNodeB Function Name=L_GUA11129_BATALLON_CENTRO, Local Cell ID=2, Cell Name=L_GUA11129_BATALLON_CENTRO_2, eNodeB ID=11129, Cell FDD TDD indication=CELL_FDD",Reliable,3717.22,618.639
2026-04-10 19:00,60,"L_GUA11129_BATALLON_CENTRO/Cell:eNodeB Function Name=L_GUA11129_BATALLON_CENTRO, Local Cell ID=1, Cell Name=L_GUA11129_BATALLON_CENTRO_1, eNodeB ID=11129, Cell FDD TDD indication=CELL_FDD",Reliable,1086.714,114.935
2026-04-10 19:00,60,"L_GUA11173_PORTETE_SUR/Cell:eNodeB Function Name=L_GUA11173_PORTETE_SUR, Local Cell ID=9, Cell Name=L_GUA11173_PORTETE_SUR_9, eNodeB ID=11173, Cell FDD TDD indication=CELL_FDD",Reliable,243.744,36.172
2026-04-10 19:00,60,"L_GUA11173_PORTETE_SUR/Cell:eNodeB Function Name=L_GUA11173_PORTETE_SUR, Local Cell ID=8, Cell Name=L_GUA11173_PORTETE_SUR_8, eNodeB ID=11173, Cell FDD TDD indication=CELL_FDD",Reliable,1365.41,130.577
2026-04-10 19:00,60,"L_GUA11173_PORTETE_SUR/Cell:eNodeB Function Name=L_GUA11173_PORTETE_SUR, Local Cell ID=7, Cell Name=L_GUA11173_PORTETE_SUR_7, eNodeB ID=11173, Cell FDD TDD indication=CELL_FDD",Reliable,241.539,18.647
2026-04-10 19:00,60,"L_GUA11173_PORTETE_SUR/Cell:eNodeB Function Name=L_GUA11173_PORTETE_SUR, Local Cell ID=3, Cell Name=L_GUA11173_PORTETE_SUR_3, eNodeB ID=11173, Cell FDD TDD indication=CELL_FDD",Reliable,1016.136,127.066
2026-04-10 19:00,60,"L_GUA11173_PORTETE_SUR/Cell:eNodeB Function Name=L_GUA11173_PORTETE_SUR, Local Cell ID=2, Cell Name=L_GUA11173_PORTETE_SUR_2, eNodeB ID=11173, Cell FDD TDD indication=CELL_FDD",Reliable,2333.129,172.416
2026-04-10 19:00,60,"L_GUA11173_PORTETE_SUR/Cell:eNodeB Function Name=L_GUA11173_PORTETE_SUR, Local Cell ID=1, Cell Name=L_GUA11173_PORTETE_SUR_1, eNodeB ID=11173, Cell FDD TDD indication=CELL_FDD",Reliable,1007.162,218.334
2026-04-10 19:00,60,"L_GUA11253_GUA_GYE_231/Cell:eNodeB Function Name=L_GUA11253_GUA_GYE_231, Local Cell ID=3, Cell Name=L_GUA11253_GUA_GYE_231_3, eNodeB ID=11253, Cell FDD TDD indication=CELL_FDD",Reliable,810.84,97.257
2026-04-10 19:00,60,"L_GUA11253_GUA_GYE_231/Cell:eNodeB Function Name=L_GUA11253_GUA_GYE_231, Local Cell ID=2, Cell Name=L_GUA11253_GUA_GYE_231_2, eNodeB ID=11253, Cell FDD TDD indication=CELL_FDD",Reliable,798.472,64.951
2026-04-10 19:00,60,"L_GUA11253_GUA_GYE_231/Cell:eNodeB Function Name=L_GUA11253_GUA_GYE_231, Local Cell ID=1, Cell Name=L_GUA11253_GUA_GYE_231_1, eNodeB ID=11253, Cell FDD TDD indication=CELL_FDD",Reliable,1934.557,288.503
2026-04-10 19:00,60,"L_GUA11282_GUA_GYE_BARRIO_LINDO/Cell:eNodeB Function Name=L_GUA11282_GUA_GYE_BARRIO_LINDO, Local Cell ID=3, Cell Name=L_GUA11282_GUA_GYE_BARRIO_LINDO_3, eNodeB ID=11282, Cell FDD TDD indication=CELL_FDD",Reliable,667.659,60.841
2026-04-10 19:00,60,"L_GUA11282_GUA_GYE_BARRIO_LINDO/Cell:eNodeB Function Name=L_GUA11282_GUA_GYE_BARRIO_LINDO, Local Cell ID=2, Cell Name=L_GUA11282_GUA_GYE_BARRIO_LINDO_2, eNodeB ID=11282, Cell FDD TDD indication=CELL_FDD",Reliable,1203.267,98.214
2026-04-10 19:00,60,"L_GUA11282_GUA_GYE_BARRIO_LINDO/Cell:eNodeB Function Name=L_GUA11282_GUA_GYE_BARRIO_LINDO, Local Cell ID=1, Cell Name=L_GUA11282_GUA_GYE_BARRIO_LINDO_1, eNodeB ID=11282, Cell FDD TDD indication=CELL_FDD",Reliable,1062.8,82.623
2026-04-10 19:00,60,"L_GUA11338_GUA_GYE_PERIMETRAL/Cell:eNodeB Function Name=L_GUA11338_GUA_GYE_PERIMETRAL, Local Cell ID=3, Cell Name=L_GUA11338_GUA_GYE_PERIMETRAL_3, eNodeB ID=11338, Cell FDD TDD indication=CELL_FDD",Reliable,527.596,73.652
2026-04-10 19:00,60,"L_GUA11338_GUA_GYE_PERIMETRAL/Cell:eNodeB Function Name=L_GUA11338_GUA_GYE_PERIMETRAL, Local Cell ID=2, Cell Name=L_GUA11338_GUA_GYE_PERIMETRAL_2, eNodeB ID=11338, Cell FDD TDD indication=CELL_FDD",Reliable,640.091,32.994
2026-04-10 19:00,60,"L_GUA11338_GUA_GYE_PERIMETRAL/Cell:eNodeB Function Name=L_GUA11338_GUA_GYE_PERIMETRAL, Local Cell ID=1, Cell Name=L_GUA11338_GUA_GYE_PERIMETRAL_1, eNodeB ID=11338, Cell FDD TDD indication=CELL_FDD",Reliable,2325.497,204.147
2026-04-10 19:00,60,"L_GUA11344_GUA_GYE_FUERZA_DE_LOS_POBRES/Cell:eNodeB Function Name=L_GUA11344_GUA_GYE_FUERZA_DE_LOS_POBRES, Local Cell ID=3, Cell Name=L_GUA11344_GUA_GYE_FUERZA_DE_LOS_POBRES_3, eNodeB ID=11344, Cell FDD TDD indication=CELL_FDD",Reliable,386.361,45.59
2026-04-10 19:00,60,"L_GUA11344_GUA_GYE_FUERZA_DE_LOS_POBRES/Cell:eNodeB Function Name=L_GUA11344_GUA_GYE_FUERZA_DE_LOS_POBRES, Local Cell ID=2, Cell Name=L_GUA11344_GUA_GYE_FUERZA_DE_LOS_POBRES_2, eNodeB ID=11344, Cell FDD TDD indication=CELL_FDD",Reliable,422.055,33.483
2026-04-10 19:00,60,"L_GUA11344_GUA_GYE_FUERZA_DE_LOS_POBRES/Cell:eNodeB Function Name=L_GUA11344_GUA_GYE_FUERZA_DE_LOS_POBRES, Local Cell ID=1, Cell Name=L_GUA11344_GUA_GYE_FUERZA_DE_LOS_POBRES_1, eNodeB ID=11344, Cell FDD TDD indication=CELL_FDD",Reliable,1024.603,95.07
2026-04-10 19:00,60,"L_GUA11027_URDANETA/Cell:eNodeB Function Name=L_GUA11027_URDANETA, Local Cell ID=3, Cell Name=L_GUA11027_URDANETA_3, eNodeB ID=11027, Cell FDD TDD indication=CELL_FDD",Reliable,2367.82,360.635
2026-04-10 19:00,60,"L_GUA11027_URDANETA/Cell:eNodeB Function Name=L_GUA11027_URDANETA, Local Cell ID=2, Cell Name=L_GUA11027_URDANETA_2, eNodeB ID=11027, Cell FDD TDD indication=CELL_FDD",Reliable,1420.192,213.995
2026-04-10 19:00,60,"L_GUA11027_URDANETA/Cell:eNodeB Function Name=L_GUA11027_URDANETA, Local Cell ID=1, Cell Name=L_GUA11027_URDANETA_1, eNodeB ID=11027, Cell FDD TDD indication=CELL_FDD",Reliable,800.789,108.242
2026-04-10 19:00,60,"L_GUA11066_BARRIO_PUERTO_LISA/Cell:eNodeB Function Name=L_GUA11066_BARRIO_PUERTO_LISA, Local Cell ID=9, Cell Name=L_GUA11066_BARRIO_PUERTO_LISA_9, eNodeB ID=11066, Cell FDD TDD indication=CELL_FDD",Reliable,770.086,127.071
2026-04-10 19:00,60,"L_GUA11066_BARRIO_PUERTO_LISA/Cell:eNodeB Function Name=L_GUA11066_BARRIO_PUERTO_LISA, Local Cell ID=8, Cell Name=L_GUA11066_BARRIO_PUERTO_LISA_8, eNodeB ID=11066, Cell FDD TDD indication=CELL_FDD",Reliable,240.76,28.863
2026-04-10 19:00,60,"L_GUA11066_BARRIO_PUERTO_LISA/Cell:eNodeB Function Name=L_GUA11066_BARRIO_PUERTO_LISA, Local Cell ID=7, Cell Name=L_GUA11066_BARRIO_PUERTO_LISA_7, eNodeB ID=11066, Cell FDD TDD indication=CELL_FDD",Reliable,659.341,55.69
2026-04-10 19:00,60,"L_GUA11066_BARRIO_PUERTO_LISA/Cell:eNodeB Function Name=L_GUA11066_BARRIO_PUERTO_LISA, Local Cell ID=3, Cell Name=L_GUA11066_BARRIO_PUERTO_LISA_3, eNodeB ID=11066, Cell FDD TDD indication=CELL_FDD",Reliable,987.649,171.151
2026-04-10 19:00,60,"L_GUA11066_BARRIO_PUERTO_LISA/Cell:eNodeB Function Name=L_GUA11066_BARRIO_PUERTO_LISA, Local Cell ID=2, Cell Name=L_GUA11066_BARRIO_PUERTO_LISA_2, eNodeB ID=11066, Cell FDD TDD indication=CELL_FDD",Reliable,1227.267,260.066
2026-04-10 19:00,60,"L_GUA11066_BARRIO_PUERTO_LISA/Cell:eNodeB Function Name=L_GUA11066_BARRIO_PUERTO_LISA, Local Cell ID=1, Cell Name=L_GUA11066_BARRIO_PUERTO_LISA_1, eNodeB ID=11066, Cell FDD TDD indication=CELL_FDD",Reliable,956.734,164.848
2026-04-10 19:00,60,"L_GUA11075_GARAY/Cell:eNodeB Function Name=L_GUA11075_GARAY, Local Cell ID=9, Cell Name=L_GUA11075_GARAY_9, eNodeB ID=11075, Cell FDD TDD indication=CELL_FDD",Reliable,369.706,42.057
2026-04-10 19:00,60,"L_GUA11075_GARAY/Cell:eNodeB Function Name=L_GUA11075_GARAY, Local Cell ID=8, Cell Name=L_GUA11075_GARAY_8, eNodeB ID=11075, Cell FDD TDD indication=CELL_FDD",Reliable,499.959,32.595
2026-04-10 19:00,60,"L_GUA11075_GARAY/Cell:eNodeB Function Name=L_GUA11075_GARAY, Local Cell ID=7, Cell Name=L_GUA11075_GARAY_7, eNodeB ID=11075, Cell FDD TDD indication=CELL_FDD",Reliable,1817.636,213.428
2026-04-10 19:00,60,"L_GUA11075_GARAY/Cell:eNodeB Function Name=L_GUA11075_GARAY, Local Cell ID=3, Cell Name=L_GUA11075_GARAY_3, eNodeB ID=11075, Cell FDD TDD indication=CELL_FDD",Reliable,2328.399,806.176
2026-04-10 19:00,60,"L_GUA11075_GARAY/Cell:eNodeB Function Name=L_GUA11075_GARAY, Local Cell ID=2, Cell Name=L_GUA11075_GARAY_2, eNodeB ID=11075, Cell FDD TDD indication=CELL_FDD",Reliable,668.424,52.433
2026-04-10 19:00,60,"L_GUA11075_GARAY/Cell:eNodeB Function Name=L_GUA11075_GARAY, Local Cell ID=1, Cell Name=L_GUA11075_GARAY_1, eNodeB ID=11075, Cell FDD TDD indication=CELL_FDD",Reliable,2077.567,183.548
2026-04-10 19:00,60,"L_GUA11164_CAPWELL/Cell:eNodeB Function Name=L_GUA11164_CAPWELL, Local Cell ID=9, Cell Name=L_GUA11164_CAPWELL_9, eNodeB ID=11164, Cell FDD TDD indication=CELL_FDD",Reliable,366.351,24.764
2026-04-10 19:00,60,"L_GUA11164_CAPWELL/Cell:eNodeB Function Name=L_GUA11164_CAPWELL, Local Cell ID=8, Cell Name=L_GUA11164_CAPWELL_8, eNodeB ID=11164, Cell FDD TDD indication=CELL_FDD",Reliable,483.383,29.806
2026-04-10 19:00,60,"L_GUA11164_CAPWELL/Cell:eNodeB Function Name=L_GUA11164_CAPWELL, Local Cell ID=7, Cell Name=L_GUA11164_CAPWELL_7, eNodeB ID=11164, Cell FDD TDD indication=CELL_FDD",Reliable,409.249,29.836
2026-04-10 19:00,60,"L_GUA11164_CAPWELL/Cell:eNodeB Function Name=L_GUA11164_CAPWELL, Local Cell ID=3, Cell Name=L_GUA11164_CAPWELL_3, eNodeB ID=11164, Cell FDD TDD indication=CELL_FDD",Reliable,610.897,90.071
2026-04-10 19:00,60,"L_GUA11164_CAPWELL/Cell:eNodeB Function Name=L_GUA11164_CAPWELL, Local Cell ID=2, Cell Name=L_GUA11164_CAPWELL_2, eNodeB ID=11164, Cell FDD TDD indication=CELL_FDD",Reliable,1323.578,71.026
2026-04-10 19:00,60,"L_GUA11164_CAPWELL/Cell:eNodeB Function Name=L_GUA11164_CAPWELL, Local Cell ID=1, Cell Name=L_GUA11164_CAPWELL_1, eNodeB ID=11164, Cell FDD TDD indication=CELL_FDD",Reliable,250.577,28.717
2026-04-10 19:00,60,"L_GUA11184_URDANETA_SUR/Cell:eNodeB Function Name=L_GUA11184_URDANETA_SUR, Local Cell ID=9, Cell Name=L_GUA11184_URDANETA_SUR_9, eNodeB ID=11184, Cell FDD TDD indication=CELL_FDD",Reliable,208.749,21.631
2026-04-10 19:00,60,"L_GUA11184_URDANETA_SUR/Cell:eNodeB Function Name=L_GUA11184_URDANETA_SUR, Local Cell ID=8, Cell Name=L_GUA11184_URDANETA_SUR_8, eNodeB ID=11184, Cell FDD TDD indication=CELL_FDD",Reliable,312.901,21.438
2026-04-10 19:00,60,"L_GUA11184_URDANETA_SUR/Cell:eNodeB Function Name=L_GUA11184_URDANETA_SUR, Local Cell ID=7, Cell Name=L_GUA11184_URDANETA_SUR_7, eNodeB ID=11184, Cell FDD TDD indication=CELL_FDD",Reliable,541.315,18.18
2026-04-10 19:00,60,"L_GUA11184_URDANETA_SUR/Cell:eNodeB Function Name=L_GUA11184_URDANETA_SUR, Local Cell ID=3, Cell Name=L_GUA11184_URDANETA_SUR_3, eNodeB ID=11184, Cell FDD TDD indication=CELL_FDD",Reliable,2017.854,145.303
2026-04-10 19:00,60,"L_GUA11184_URDANETA_SUR/Cell:eNodeB Function Name=L_GUA11184_URDANETA_SUR, Local Cell ID=2, Cell Name=L_GUA11184_URDANETA_SUR_2, eNodeB ID=11184, Cell FDD TDD indication=CELL_FDD",Reliable,642.054,80.086
2026-04-10 19:00,60,"L_GUA11184_URDANETA_SUR/Cell:eNodeB Function Name=L_GUA11184_URDANETA_SUR, Local Cell ID=1, Cell Name=L_GUA11184_URDANETA_SUR_1, eNodeB ID=11184, Cell FDD TDD indication=CELL_FDD",Reliable,641.027,61.267
2026-04-10 19:00,60,"L_GUA11193_AYACUCHO_NORTE/Cell:eNodeB Function Name=L_GUA11193_AYACUCHO_NORTE, Local Cell ID=9, Cell Name=L_GUA11193_AYACUCHO_NORTE_9, eNodeB ID=11193, Cell FDD TDD indication=CELL_FDD",Reliable,773.123,76.635
2026-04-10 19:00,60,"L_GUA11193_AYACUCHO_NORTE/Cell:eNodeB Function Name=L_GUA11193_AYACUCHO_NORTE, Local Cell ID=8, Cell Name=L_GUA11193_AYACUCHO_NORTE_8, eNodeB ID=11193, Cell FDD TDD indication=CELL_FDD",Reliable,122.852,15.496
2026-04-10 19:00,60,"L_GUA11193_AYACUCHO_NORTE/Cell:eNodeB Function Name=L_GUA11193_AYACUCHO_NORTE, Local Cell ID=7, Cell Name=L_GUA11193_AYACUCHO_NORTE_7, eNodeB ID=11193, Cell FDD TDD indication=CELL_FDD",Reliable,1506.667,147.715
2026-04-10 19:00,60,"L_GUA11193_AYACUCHO_NORTE/Cell:eNodeB Function Name=L_GUA11193_AYACUCHO_NORTE, Local Cell ID=3, Cell Name=L_GUA11193_AYACUCHO_NORTE_3, eNodeB ID=11193, Cell FDD TDD indication=CELL_FDD",Reliable,1464.638,106.866
2026-04-10 19:00,60,"L_GUA11193_AYACUCHO_NORTE/Cell:eNodeB Function Name=L_GUA11193_AYACUCHO_NORTE, Local Cell ID=2, Cell Name=L_GUA11193_AYACUCHO_NORTE_2, eNodeB ID=11193, Cell FDD TDD indication=CELL_FDD",Reliable,397.39,70.401
2026-04-10 19:00,60,"L_GUA11193_AYACUCHO_NORTE/Cell:eNodeB Function Name=L_GUA11193_AYACUCHO_NORTE, Local Cell ID=1, Cell Name=L_GUA11193_AYACUCHO_NORTE_1, eNodeB ID=11193, Cell FDD TDD indication=CELL_FDD",Reliable,2307.603,196.883
2026-04-10 19:00,60,"L_GUA11199_MILAGROGYE/Cell:eNodeB Function Name=L_GUA11199_MILAGROGYE, Local Cell ID=9, Cell Name=L_GUA11199_MILAGROGYE_9, eNodeB ID=11199, Cell FDD TDD indication=CELL_FDD",Reliable,797.732,67.302
2026-04-10 19:00,60,"L_GUA11199_MILAGROGYE/Cell:eNodeB Function Name=L_GUA11199_MILAGROGYE, Local Cell ID=8, Cell Name=L_GUA11199_MILAGROGYE_8, eNodeB ID=11199, Cell FDD TDD indication=CELL_FDD",Reliable,554.397,55.846
2026-04-10 19:00,60,"L_GUA11199_MILAGROGYE/Cell:eNodeB Function Name=L_GUA11199_MILAGROGYE, Local Cell ID=7, Cell Name=L_GUA11199_MILAGROGYE_7, eNodeB ID=11199, Cell FDD TDD indication=CELL_FDD",Reliable,1370.568,75.077
2026-04-10 19:00,60,"L_GUA11199_MILAGROGYE/Cell:eNodeB Function Name=L_GUA11199_MILAGROGYE, Local Cell ID=3, Cell Name=L_GUA11199_MILAGROGYE_3, eNodeB ID=11199, Cell FDD TDD indication=CELL_FDD",Reliable,2920.293,181.535
2026-04-10 19:00,60,"L_GUA11199_MILAGROGYE/Cell:eNodeB Function Name=L_GUA11199_MILAGROGYE, Local Cell ID=2, Cell Name=L_GUA11199_MILAGROGYE_2, eNodeB ID=11199, Cell FDD TDD indication=CELL_FDD",Reliable,1040.751,116.316
2026-04-10 19:00,60,"L_GUA11199_MILAGROGYE/Cell:eNodeB Function Name=L_GUA11199_MILAGROGYE, Local Cell ID=1, Cell Name=L_GUA11199_MILAGROGYE_1, eNodeB ID=11199, Cell FDD TDD indication=CELL_FDD",Reliable,940.584,105.106
2026-04-10 19:00,60,"L_GUA11213_FORESTAL_GYE/Cell:eNodeB Function Name=L_GUA11213_FORESTAL_GYE, Local Cell ID=9, Cell Name=L_GUA11213_FORESTAL_GYE_9, eNodeB ID=11213, Cell FDD TDD indication=CELL_FDD",Reliable,155.036,23.438
2026-04-10 19:00,60,"L_GUA11213_FORESTAL_GYE/Cell:eNodeB Function Name=L_GUA11213_FORESTAL_GYE, Local Cell ID=8, Cell Name=L_GUA11213_FORESTAL_GYE_8, eNodeB ID=11213, Cell FDD TDD indication=CELL_FDD",Reliable,609.693,110.003
2026-04-10 19:00,60,"L_GUA11213_FORESTAL_GYE/Cell:eNodeB Function Name=L_GUA11213_FORESTAL_GYE, Local Cell ID=7, Cell Name=L_GUA11213_FORESTAL_GYE_7, eNodeB ID=11213, Cell FDD TDD indication=CELL_FDD",Reliable,629.688,141.058
2026-04-10 19:00,60,"L_GUA11213_FORESTAL_GYE/Cell:eNodeB Function Name=L_GUA11213_FORESTAL_GYE, Local Cell ID=3, Cell Name=L_GUA11213_FORESTAL_GYE_3, eNodeB ID=11213, Cell FDD TDD indication=CELL_FDD",Reliable,1182.697,180.179
2026-04-10 19:00,60,"L_GUA11213_FORESTAL_GYE/Cell:eNodeB Function Name=L_GUA11213_FORESTAL_GYE, Local Cell ID=2, Cell Name=L_GUA11213_FORESTAL_GYE_2, eNodeB ID=11213, Cell FDD TDD indication=CELL_FDD",Reliable,918.802,92.883
2026-04-10 19:00,60,"L_GUA11213_FORESTAL_GYE/Cell:eNodeB Function Name=L_GUA11213_FORESTAL_GYE, Local Cell ID=1, Cell Name=L_GUA11213_FORESTAL_GYE_1, eNodeB ID=11213, Cell FDD TDD indication=CELL_FDD",Reliable,605.013,88.906
2026-04-10 19:00,60,"L_GUA11267_LA_UNIVERSAL/Cell:eNodeB Function Name=L_GUA11267_LA_UNIVERSAL, Local Cell ID=9, Cell Name=L_GUA11267_LA_UNIVERSAL_9, eNodeB ID=11267, Cell FDD TDD indication=CELL_FDD",Reliable,753.953,49.465
2026-04-10 19:00,60,"L_GUA11267_LA_UNIVERSAL/Cell:eNodeB Function Name=L_GUA11267_LA_UNIVERSAL, Local Cell ID=8, Cell Name=L_GUA11267_LA_UNIVERSAL_8, eNodeB ID=11267, Cell FDD TDD indication=CELL_FDD",Reliable,884.359,85.41
2026-04-10 19:00,60,"L_GUA11267_LA_UNIVERSAL/Cell:eNodeB Function Name=L_GUA11267_LA_UNIVERSAL, Local Cell ID=7, Cell Name=L_GUA11267_LA_UNIVERSAL_7, eNodeB ID=11267, Cell FDD TDD indication=CELL_FDD",Reliable,159.602,15.585
2026-04-10 19:00,60,"L_GUA11267_LA_UNIVERSAL/Cell:eNodeB Function Name=L_GUA11267_LA_UNIVERSAL, Local Cell ID=3, Cell Name=L_GUA11267_LA_UNIVERSAL_3, eNodeB ID=11267, Cell FDD TDD indication=CELL_FDD",Reliable,263.625,19.952
2026-04-10 19:00,60,"L_GUA11267_LA_UNIVERSAL/Cell:eNodeB Function Name=L_GUA11267_LA_UNIVERSAL, Local Cell ID=2, Cell Name=L_GUA11267_LA_UNIVERSAL_2, eNodeB ID=11267, Cell FDD TDD indication=CELL_FDD",Reliable,484.764,72.151
2026-04-10 19:00,60,"L_GUA11267_LA_UNIVERSAL/Cell:eNodeB Function Name=L_GUA11267_LA_UNIVERSAL, Local Cell ID=1, Cell Name=L_GUA11267_LA_UNIVERSAL_1, eNodeB ID=11267, Cell FDD TDD indication=CELL_FDD",Reliable,508.088,61.242
2026-04-10 19:00,60,"L_GUA11030_SAN_MARINO/Cell:eNodeB Function Name=L_GUA11030_SAN_MARINO, Local Cell ID=9, Cell Name=L_GUA11030_SAN_MARINO_9, eNodeB ID=11030, Cell FDD TDD indication=CELL_FDD",Reliable,1093.445,101.625
2026-04-10 19:00,60,"L_GUA11030_SAN_MARINO/Cell:eNodeB Function Name=L_GUA11030_SAN_MARINO, Local Cell ID=8, Cell Name=L_GUA11030_SAN_MARINO_8, eNodeB ID=11030, Cell FDD TDD indication=CELL_FDD",Reliable,1228.097,220.179
2026-04-10 19:00,60,"L_GUA11030_SAN_MARINO/Cell:eNodeB Function Name=L_GUA11030_SAN_MARINO, Local Cell ID=7, Cell Name=L_GUA11030_SAN_MARINO_7, eNodeB ID=11030, Cell FDD TDD indication=CELL_FDD",Reliable,849.629,135.049
2026-04-10 19:00,60,"L_GUA11030_SAN_MARINO/Cell:eNodeB Function Name=L_GUA11030_SAN_MARINO, Local Cell ID=3, Cell Name=L_GUA11030_SAN_MARINO_3, eNodeB ID=11030, Cell FDD TDD indication=CELL_FDD",Reliable,2262.373,247.034
2026-04-10 19:00,60,"L_GUA11030_SAN_MARINO/Cell:eNodeB Function Name=L_GUA11030_SAN_MARINO, Local Cell ID=2, Cell Name=L_GUA11030_SAN_MARINO_2, eNodeB ID=11030, Cell FDD TDD indication=CELL_FDD",Reliable,4883.827,786.039
2026-04-10 19:00,60,"L_GUA11030_SAN_MARINO/Cell:eNodeB Function Name=L_GUA11030_SAN_MARINO, Local Cell ID=1, Cell Name=L_GUA11030_SAN_MARINO_1, eNodeB ID=11030, Cell FDD TDD indication=CELL_FDD",Reliable,1931.109,166.271
2026-04-10 19:00,60,"L_GUA11721_GUA_GYE_CEIBOS PERIMETRAL/Cell:eNodeB Function Name=L_GUA11721_GUA_GYE_CEIBOS PERIMETRAL, Local Cell ID=9, Cell Name=L_GUA11721_GUA_GYE_CEIBOS PERIMETRAL_9, eNodeB ID=11721, Cell FDD TDD indication=CELL_FDD",Reliable,721.927,109.214
2026-04-10 19:00,60,"L_GUA11721_GUA_GYE_CEIBOS PERIMETRAL/Cell:eNodeB Function Name=L_GUA11721_GUA_GYE_CEIBOS PERIMETRAL, Local Cell ID=8, Cell Name=L_GUA11721_GUA_GYE_CEIBOS PERIMETRAL_8, eNodeB ID=11721, Cell FDD TDD indication=CELL_FDD",Reliable,727.662,52.548
2026-04-10 19:00,60,"L_GUA11721_GUA_GYE_CEIBOS PERIMETRAL/Cell:eNodeB Function Name=L_GUA11721_GUA_GYE_CEIBOS PERIMETRAL, Local Cell ID=7, Cell Name=L_GUA11721_GUA_GYE_CEIBOS PERIMETRAL_7, eNodeB ID=11721, Cell FDD TDD indication=CELL_FDD",Reliable,1625.184,166.708
2026-04-10 19:00,60,"L_GUA11721_GUA_GYE_CEIBOS PERIMETRAL/Cell:eNodeB Function Name=L_GUA11721_GUA_GYE_CEIBOS PERIMETRAL, Local Cell ID=3, Cell Name=L_GUA11721_GUA_GYE_CEIBOS PERIMETRAL_3, eNodeB ID=11721, Cell FDD TDD indication=CELL_FDD",Reliable,1293.475,120.633
2026-04-10 19:00,60,"L_GUA11721_GUA_GYE_CEIBOS PERIMETRAL/Cell:eNodeB Function Name=L_GUA11721_GUA_GYE_CEIBOS PERIMETRAL, Local Cell ID=2, Cell Name=L_GUA11721_GUA_GYE_CEIBOS PERIMETRAL_2, eNodeB ID=11721, Cell FDD TDD indication=CELL_FDD",Reliable,1045.194,98.727
2026-04-10 19:00,60,"L_GUA11721_GUA_GYE_CEIBOS PERIMETRAL/Cell:eNodeB Function Name=L_GUA11721_GUA_GYE_CEIBOS PERIMETRAL, Local Cell ID=1, Cell Name=L_GUA11721_GUA_GYE_CEIBOS PERIMETRAL_1, eNodeB ID=11721, Cell FDD TDD indication=CELL_FDD",Reliable,2811.03,432.466
2026-04-10 19:00,60,"ORO_PAS_PASAJE_L/Cell:eNodeB Function Name=ORO_PAS_PASAJE_L, Local Cell ID=3, Cell Name=ORO_PAS_PASAJE_L21_3, eNodeB ID=22071, Cell FDD TDD indication=CELL_FDD",Reliable,1993.475,223.844
2026-04-10 19:00,60,"ORO_PAS_PASAJE_L/Cell:eNodeB Function Name=ORO_PAS_PASAJE_L, Local Cell ID=2, Cell Name=ORO_PAS_PASAJE_L21_2, eNodeB ID=22071, Cell FDD TDD indication=CELL_FDD",Reliable,5084.54,984.603
2026-04-10 19:00,60,"ORO_PAS_PASAJE_L/Cell:eNodeB Function Name=ORO_PAS_PASAJE_L, Local Cell ID=1, Cell Name=ORO_PAS_PASAJE_L21_1, eNodeB ID=22071, Cell FDD TDD indication=CELL_FDD",Reliable,3499.489,250.553
2026-04-10 19:00,60,"L_GUA11245_GUA_GYE_053/Cell:eNodeB Function Name=L_GUA11245_GUA_GYE_053, Local Cell ID=9, Cell Name=L_GUA11245_GUA_GYE_053_9, eNodeB ID=11245, Cell FDD TDD indication=CELL_FDD",Reliable,21.621,2.616
2026-04-10 19:00,60,"L_GUA11245_GUA_GYE_053/Cell:eNodeB Function Name=L_GUA11245_GUA_GYE_053, Local Cell ID=8, Cell Name=L_GUA11245_GUA_GYE_053_8, eNodeB ID=11245, Cell FDD TDD indication=CELL_FDD",Reliable,507.796,62.625
2026-04-10 19:00,60,"L_GUA11245_GUA_GYE_053/Cell:eNodeB Function Name=L_GUA11245_GUA_GYE_053, Local Cell ID=7, Cell Name=L_GUA11245_GUA_GYE_053_7, eNodeB ID=11245, Cell FDD TDD indication=CELL_FDD",Reliable,588.157,26.303
2026-04-10 19:00,60,"L_GUA11245_GUA_GYE_053/Cell:eNodeB Function Name=L_GUA11245_GUA_GYE_053, Local Cell ID=3, Cell Name=L_GUA11245_GUA_GYE_053_3, eNodeB ID=11245, Cell FDD TDD indication=CELL_FDD",Reliable,28.176,11.892
2026-04-10 19:00,60,"L_GUA11245_GUA_GYE_053/Cell:eNodeB Function Name=L_GUA11245_GUA_GYE_053, Local Cell ID=2, Cell Name=L_GUA11245_GUA_GYE_053_2, eNodeB ID=11245, Cell FDD TDD indication=CELL_FDD",Reliable,905.284,78.955
2026-04-10 19:00,60,"L_GUA11245_GUA_GYE_053/Cell:eNodeB Function Name=L_GUA11245_GUA_GYE_053, Local Cell ID=1, Cell Name=L_GUA11245_GUA_GYE_053_1, eNodeB ID=11245, Cell FDD TDD indication=CELL_FDD",Reliable,414.317,34.2
2026-04-10 19:00,60,"L_GUA11112_MINISTERIO_DEL_LITORAL/Cell:eNodeB Function Name=L_GUA11112_MINISTERIO_DEL_LITORAL, Local Cell ID=9, Cell Name=L_GUA11112_MINISTERIO_DEL_LITORAL_9, eNodeB ID=11112, Cell FDD TDD indication=CELL_FDD",Reliable,81.553,117.274
2026-04-10 19:00,60,"L_GUA11112_MINISTERIO_DEL_LITORAL/Cell:eNodeB Function Name=L_GUA11112_MINISTERIO_DEL_LITORAL, Local Cell ID=8, Cell Name=L_GUA11112_MINISTERIO_DEL_LITORAL_8, eNodeB ID=11112, Cell FDD TDD indication=CELL_FDD",Reliable,275.396,24.09
2026-04-10 19:00,60,"L_GUA11112_MINISTERIO_DEL_LITORAL/Cell:eNodeB Function Name=L_GUA11112_MINISTERIO_DEL_LITORAL, Local Cell ID=7, Cell Name=L_GUA11112_MINISTERIO_DEL_LITORAL_7, eNodeB ID=11112, Cell FDD TDD indication=CELL_FDD",Reliable,85.125,72.013
2026-04-10 19:00,60,"L_GUA11112_MINISTERIO_DEL_LITORAL/Cell:eNodeB Function Name=L_GUA11112_MINISTERIO_DEL_LITORAL, Local Cell ID=3, Cell Name=L_GUA11112_MINISTERIO_DEL_LITORAL_3, eNodeB ID=11112, Cell FDD TDD indication=CELL_FDD",Reliable,201.466,23.57
2026-04-10 19:00,60,"L_GUA11112_MINISTERIO_DEL_LITORAL/Cell:eNodeB Function Name=L_GUA11112_MINISTERIO_DEL_LITORAL, Local Cell ID=2, Cell Name=L_GUA11112_MINISTERIO_DEL_LITORAL_2, eNodeB ID=11112, Cell FDD TDD indication=CELL_FDD",Reliable,832.662,66.813
2026-04-10 19:00,60,"L_GUA11112_MINISTERIO_DEL_LITORAL/Cell:eNodeB Function Name=L_GUA11112_MINISTERIO_DEL_LITORAL, Local Cell ID=1, Cell Name=L_GUA11112_MINISTERIO_DEL_LITORAL_1, eNodeB ID=11112, Cell FDD TDD indication=CELL_FDD",Reliable,226.795,26.785
2026-04-10 19:00,60,"L_GUA11102_TRMNL_TRRSTRE_GYE/Cell:eNodeB Function Name=L_GUA11102_TRMNL_TRRSTRE_GYE, Local Cell ID=9, Cell Name=L_GUA11102_TRMNL_TRRSTRE_GYE_9, eNodeB ID=11102, Cell FDD TDD indication=CELL_FDD",Reliable,2152.978,469.15
2026-04-10 19:00,60,"L_GUA11102_TRMNL_TRRSTRE_GYE/Cell:eNodeB Function Name=L_GUA11102_TRMNL_TRRSTRE_GYE, Local Cell ID=8, Cell Name=L_GUA11102_TRMNL_TRRSTRE_GYE_8, eNodeB ID=11102, Cell FDD TDD indication=CELL_FDD",Reliable,1921.059,221.752
2026-04-10 19:00,60,"L_GUA11102_TRMNL_TRRSTRE_GYE/Cell:eNodeB Function Name=L_GUA11102_TRMNL_TRRSTRE_GYE, Local Cell ID=7, Cell Name=L_GUA11102_TRMNL_TRRSTRE_GYE_7, eNodeB ID=11102, Cell FDD TDD indication=CELL_FDD",Reliable,3495.359,277.844
2026-04-10 19:00,60,"L_GUA11059_COLINAS_DE_LA_FLORIDA/Cell:eNodeB Function Name=L_GUA11059_COLINAS_DE_LA_FLORIDA, Local Cell ID=9, Cell Name=L_GUA11059_COLINAS_DE_LA_FLORIDA_9, eNodeB ID=11059, Cell FDD TDD indication=CELL_FDD",Reliable,1087.256,298.132
2026-04-10 19:00,60,"L_GUA11059_COLINAS_DE_LA_FLORIDA/Cell:eNodeB Function Name=L_GUA11059_COLINAS_DE_LA_FLORIDA, Local Cell ID=8, Cell Name=L_GUA11059_COLINAS_DE_LA_FLORIDA_8, eNodeB ID=11059, Cell FDD TDD indication=CELL_FDD",Reliable,1792.343,257.445
2026-04-10 19:00,60,"L_GUA11059_COLINAS_DE_LA_FLORIDA/Cell:eNodeB Function Name=L_GUA11059_COLINAS_DE_LA_FLORIDA, Local Cell ID=7, Cell Name=L_GUA11059_COLINAS_DE_LA_FLORIDA_7, eNodeB ID=11059, Cell FDD TDD indication=CELL_FDD",Reliable,16.741,3.792
2026-04-10 19:00,60,"L_GUA11059_COLINAS_DE_LA_FLORIDA/Cell:eNodeB Function Name=L_GUA11059_COLINAS_DE_LA_FLORIDA, Local Cell ID=3, Cell Name=L_GUA11059_COLINAS_DE_LA_FLORIDA_3, eNodeB ID=11059, Cell FDD TDD indication=CELL_FDD",Reliable,1953.962,153.639
2026-04-10 19:00,60,"L_GUA11059_COLINAS_DE_LA_FLORIDA/Cell:eNodeB Function Name=L_GUA11059_COLINAS_DE_LA_FLORIDA, Local Cell ID=2, Cell Name=L_GUA11059_COLINAS_DE_LA_FLORIDA_2, eNodeB ID=11059, Cell FDD TDD indication=CELL_FDD",Reliable,1749.29,227.77
2026-04-10 19:00,60,"L_GUA11059_COLINAS_DE_LA_FLORIDA/Cell:eNodeB Function Name=L_GUA11059_COLINAS_DE_LA_FLORIDA, Local Cell ID=1, Cell Name=L_GUA11059_COLINAS_DE_LA_FLORIDA_1, eNodeB ID=11059, Cell FDD TDD indication=CELL_FDD",Reliable,556.194,96.68
2026-04-10 19:00,60,"L_GUA11040_MONTEBELLO_SURESTE/Cell:eNodeB Function Name=L_GUA11040_MONTEBELLO_SURESTE, Local Cell ID=9, Cell Name=L_GUA11040_MONTEBELLO_SURESTE_9, eNodeB ID=11040, Cell FDD TDD indication=CELL_FDD",Reliable,1322.086,170.597
2026-04-10 19:00,60,"L_GUA11040_MONTEBELLO_SURESTE/Cell:eNodeB Function Name=L_GUA11040_MONTEBELLO_SURESTE, Local Cell ID=8, Cell Name=L_GUA11040_MONTEBELLO_SURESTE_8, eNodeB ID=11040, Cell FDD TDD indication=CELL_FDD",Reliable,865.179,48.221
2026-04-10 19:00,60,"L_GUA11040_MONTEBELLO_SURESTE/Cell:eNodeB Function Name=L_GUA11040_MONTEBELLO_SURESTE, Local Cell ID=7, Cell Name=L_GUA11040_MONTEBELLO_SURESTE_7, eNodeB ID=11040, Cell FDD TDD indication=CELL_FDD",Reliable,2004.112,132.317
2026-04-10 19:00,60,"L_GUA11040_MONTEBELLO_SURESTE/Cell:eNodeB Function Name=L_GUA11040_MONTEBELLO_SURESTE, Local Cell ID=3, Cell Name=L_GUA11040_MONTEBELLO_SURESTE_3, eNodeB ID=11040, Cell FDD TDD indication=CELL_FDD",Reliable,3742.129,242.61
2026-04-10 19:00,60,"L_GUA11040_MONTEBELLO_SURESTE/Cell:eNodeB Function Name=L_GUA11040_MONTEBELLO_SURESTE, Local Cell ID=2, Cell Name=L_GUA11040_MONTEBELLO_SURESTE_2, eNodeB ID=11040, Cell FDD TDD indication=CELL_FDD",Reliable,1093.201,99.545
2026-04-10 19:00,60,"L_GUA11040_MONTEBELLO_SURESTE/Cell:eNodeB Function Name=L_GUA11040_MONTEBELLO_SURESTE, Local Cell ID=1, Cell Name=L_GUA11040_MONTEBELLO_SURESTE_1, eNodeB ID=11040, Cell FDD TDD indication=CELL_FDD",Reliable,1619.536,150.743
2026-04-10 19:00,60,"L_GUA11100_SAN_FELIPE_CTE/Cell:eNodeB Function Name=L_GUA11100_SAN_FELIPE_CTE, Local Cell ID=9, Cell Name=L_GUA11100_SAN_FELIPE_CTE_9, eNodeB ID=11100, Cell FDD TDD indication=CELL_FDD",Reliable,420.45,80.037
2026-04-10 19:00,60,"L_GUA11100_SAN_FELIPE_CTE/Cell:eNodeB Function Name=L_GUA11100_SAN_FELIPE_CTE, Local Cell ID=8, Cell Name=L_GUA11100_SAN_FELIPE_CTE_8, eNodeB ID=11100, Cell FDD TDD indication=CELL_FDD",Reliable,432.423,37.646
2026-04-10 19:00,60,"L_GUA11100_SAN_FELIPE_CTE/Cell:eNodeB Function Name=L_GUA11100_SAN_FELIPE_CTE, Local Cell ID=7, Cell Name=L_GUA11100_SAN_FELIPE_CTE_7, eNodeB ID=11100, Cell FDD TDD indication=CELL_FDD",Reliable,292.399,19.487
2026-04-10 19:00,60,"L_GUA11100_SAN_FELIPE_CTE/Cell:eNodeB Function Name=L_GUA11100_SAN_FELIPE_CTE, Local Cell ID=3, Cell Name=L_GUA11100_SAN_FELIPE_CTE_3, eNodeB ID=11100, Cell FDD TDD indication=CELL_FDD",Reliable,478.871,57.769
2026-04-10 19:00,60,"L_GUA11100_SAN_FELIPE_CTE/Cell:eNodeB Function Name=L_GUA11100_SAN_FELIPE_CTE, Local Cell ID=2, Cell Name=L_GUA11100_SAN_FELIPE_CTE_2, eNodeB ID=11100, Cell FDD TDD indication=CELL_FDD",Reliable,1897.529,176.757
2026-04-10 19:00,60,"L_GUA11100_SAN_FELIPE_CTE/Cell:eNodeB Function Name=L_GUA11100_SAN_FELIPE_CTE, Local Cell ID=1, Cell Name=L_GUA11100_SAN_FELIPE_CTE_1, eNodeB ID=11100, Cell FDD TDD indication=CELL_FDD",Reliable,6124.899,679.947
2026-04-10 19:00,60,"L_GUA11163_MAPASINGUE_OESTE/Cell:eNodeB Function Name=L_GUA11163_MAPASINGUE_OESTE, Local Cell ID=9, Cell Name=L_GUA11163_MAPASINGUE_OESTE_9, eNodeB ID=11163, Cell FDD TDD indication=CELL_FDD",Reliable,191.816,27.502
2026-04-10 19:00,60,"L_GUA11163_MAPASINGUE_OESTE/Cell:eNodeB Function Name=L_GUA11163_MAPASINGUE_OESTE, Local Cell ID=8, Cell Name=L_GUA11163_MAPASINGUE_OESTE_8, eNodeB ID=11163, Cell FDD TDD indication=CELL_FDD",Reliable,1397.212,251.67
2026-04-10 19:00,60,"L_GUA11163_MAPASINGUE_OESTE/Cell:eNodeB Function Name=L_GUA11163_MAPASINGUE_OESTE, Local Cell ID=7, Cell Name=L_GUA11163_MAPASINGUE_OESTE_7, eNodeB ID=11163, Cell FDD TDD indication=CELL_FDD",Reliable,2040.136,231.449
2026-04-10 19:00,60,"L_GUA11163_MAPASINGUE_OESTE/Cell:eNodeB Function Name=L_GUA11163_MAPASINGUE_OESTE, Local Cell ID=3, Cell Name=L_GUA11163_MAPASINGUE_OESTE_3, eNodeB ID=11163, Cell FDD TDD indication=CELL_FDD",Reliable,1718.041,149.915
2026-04-10 19:00,60,"L_GUA11163_MAPASINGUE_OESTE/Cell:eNodeB Function Name=L_GUA11163_MAPASINGUE_OESTE, Local Cell ID=2, Cell Name=L_GUA11163_MAPASINGUE_OESTE_2, eNodeB ID=11163, Cell FDD TDD indication=CELL_FDD",Reliable,1243.479,117.9
2026-04-10 19:00,60,"L_GUA11163_MAPASINGUE_OESTE/Cell:eNodeB Function Name=L_GUA11163_MAPASINGUE_OESTE, Local Cell ID=1, Cell Name=L_GUA11163_MAPASINGUE_OESTE_1, eNodeB ID=11163, Cell FDD TDD indication=CELL_FDD",Reliable,2176.986,179.065
2026-04-10 19:00,60,"L_GUA11174_LOS_ANGELES_GYE/Cell:eNodeB Function Name=L_GUA11174_LOS_ANGELES_GYE, Local Cell ID=9, Cell Name=L_GUA11174_LOS_ANGELES_GYE_9, eNodeB ID=11174, Cell FDD TDD indication=CELL_FDD",Reliable,0,0
2026-04-10 19:00,60,"L_GUA11174_LOS_ANGELES_GYE/Cell:eNodeB Function Name=L_GUA11174_LOS_ANGELES_GYE, Local Cell ID=8, Cell Name=L_GUA11174_LOS_ANGELES_GYE_8, eNodeB ID=11174, Cell FDD TDD indication=CELL_FDD",Reliable,1451.231,115.132
2026-04-10 19:00,60,"L_GUA11174_LOS_ANGELES_GYE/Cell:eNodeB Function Name=L_GUA11174_LOS_ANGELES_GYE, Local Cell ID=7, Cell Name=L_GUA11174_LOS_ANGELES_GYE_7, eNodeB ID=11174, Cell FDD TDD indication=CELL_FDD",Reliable,585.892,75.455
2026-04-10 19:00,60,"L_GUA11174_LOS_ANGELES_GYE/Cell:eNodeB Function Name=L_GUA11174_LOS_ANGELES_GYE, Local Cell ID=3, Cell Name=L_GUA11174_LOS_ANGELES_GYE_3, eNodeB ID=11174, Cell FDD TDD indication=CELL_FDD",Reliable,0,0
2026-04-10 19:00,60,"L_GUA11174_LOS_ANGELES_GYE/Cell:eNodeB Function Name=L_GUA11174_LOS_ANGELES_GYE, Local Cell ID=2, Cell Name=L_GUA11174_LOS_ANGELES_GYE_2, eNodeB ID=11174, Cell FDD TDD indication=CELL_FDD",Reliable,0,0
2026-04-10 19:00,60,"L_GUA11174_LOS_ANGELES_GYE/Cell:eNodeB Function Name=L_GUA11174_LOS_ANGELES_GYE, Local Cell ID=1, Cell Name=L_GUA11174_LOS_ANGELES_GYE_1, eNodeB ID=11174, Cell FDD TDD indication=CELL_FDD",Reliable,0,0
2026-04-10 19:00,60,"L_GUA11246_COOP_LA_CONCORDIA/Cell:eNodeB Function Name=L_GUA11246_COOP_LA_CONCORDIA, Local Cell ID=9, Cell Name=L_GUA11246_COOP_LA_CONCORDIA_9, eNodeB ID=11246, Cell FDD TDD indication=CELL_FDD",Reliable,467.414,54.19
2026-04-10 19:00,60,"L_GUA11246_COOP_LA_CONCORDIA/Cell:eNodeB Function Name=L_GUA11246_COOP_LA_CONCORDIA, Local Cell ID=8, Cell Name=L_GUA11246_COOP_LA_CONCORDIA_8, eNodeB ID=11246, Cell FDD TDD indication=CELL_FDD",Reliable,60.847,3.831
2026-04-10 19:00,60,"L_GUA11246_COOP_LA_CONCORDIA/Cell:eNodeB Function Name=L_GUA11246_COOP_LA_CONCORDIA, Local Cell ID=7, Cell Name=L_GUA11246_COOP_LA_CONCORDIA_7, eNodeB ID=11246, Cell FDD TDD indication=CELL_FDD",Reliable,790.575,53.026
2026-04-10 19:00,60,"L_GUA11246_COOP_LA_CONCORDIA/Cell:eNodeB Function Name=L_GUA11246_COOP_LA_CONCORDIA, Local Cell ID=3, Cell Name=L_GUA11246_COOP_LA_CONCORDIA_3, eNodeB ID=11246, Cell FDD TDD indication=CELL_FDD",Reliable,566.375,51.472
2026-04-10 19:00,60,"L_GUA11246_COOP_LA_CONCORDIA/Cell:eNodeB Function Name=L_GUA11246_COOP_LA_CONCORDIA, Local Cell ID=2, Cell Name=L_GUA11246_COOP_LA_CONCORDIA_2, eNodeB ID=11246, Cell FDD TDD indication=CELL_FDD",Reliable,257.576,34.489
2026-04-10 19:00,60,"L_GUA11246_COOP_LA_CONCORDIA/Cell:eNodeB Function Name=L_GUA11246_COOP_LA_CONCORDIA, Local Cell ID=1, Cell Name=L_GUA11246_COOP_LA_CONCORDIA_1, eNodeB ID=11246, Cell FDD TDD indication=CELL_FDD",Reliable,694.228,63.521
2026-04-10 19:00,60,"L_GUA11060_SAN_IGNACIO_DE_LOYOLA/Cell:eNodeB Function Name=L_GUA11060_SAN_IGNACIO_DE_LOYOLA, Local Cell ID=9, Cell Name=L_GUA11060_SAN_IGNACIO_DE_LOYOLA_9, eNodeB ID=11060, Cell FDD TDD indication=CELL_FDD",Reliable,1779.166,134.994
2026-04-10 19:00,60,"L_GUA11060_SAN_IGNACIO_DE_LOYOLA/Cell:eNodeB Function Name=L_GUA11060_SAN_IGNACIO_DE_LOYOLA, Local Cell ID=8, Cell Name=L_GUA11060_SAN_IGNACIO_DE_LOYOLA_8, eNodeB ID=11060, Cell FDD TDD indication=CELL_FDD",Reliable,126.92,32.532
2026-04-10 19:00,60,"L_GUA11060_SAN_IGNACIO_DE_LOYOLA/Cell:eNodeB Function Name=L_GUA11060_SAN_IGNACIO_DE_LOYOLA, Local Cell ID=7, Cell Name=L_GUA11060_SAN_IGNACIO_DE_LOYOLA_7, eNodeB ID=11060, Cell FDD TDD indication=CELL_FDD",Reliable,325.437,23.027
2026-04-10 19:00,60,"L_GUA11060_SAN_IGNACIO_DE_LOYOLA/Cell:eNodeB Function Name=L_GUA11060_SAN_IGNACIO_DE_LOYOLA, Local Cell ID=3, Cell Name=L_GUA11060_SAN_IGNACIO_DE_LOYOLA_3, eNodeB ID=11060, Cell FDD TDD indication=CELL_FDD",Reliable,883.5,68.115
2026-04-10 19:00,60,"L_GUA11060_SAN_IGNACIO_DE_LOYOLA/Cell:eNodeB Function Name=L_GUA11060_SAN_IGNACIO_DE_LOYOLA, Local Cell ID=2, Cell Name=L_GUA11060_SAN_IGNACIO_DE_LOYOLA_2, eNodeB ID=11060, Cell FDD TDD indication=CELL_FDD",Reliable,592.763,60.088
2026-04-10 19:00,60,"L_GUA11060_SAN_IGNACIO_DE_LOYOLA/Cell:eNodeB Function Name=L_GUA11060_SAN_IGNACIO_DE_LOYOLA, Local Cell ID=1, Cell Name=L_GUA11060_SAN_IGNACIO_DE_LOYOLA_1, eNodeB ID=11060, Cell FDD TDD indication=CELL_FDD",Reliable,1144.684,96.865
2026-04-10 19:00,60,"L_GUA11111_MONTE_SINAI/Cell:eNodeB Function Name=L_GUA11111_MONTE_SINAI, Local Cell ID=9, Cell Name=L_GUA11111_MONTE_SINAI_9, eNodeB ID=11111, Cell FDD TDD indication=CELL_FDD",Reliable,903.111,41.402
2026-04-10 19:00,60,"L_GUA11111_MONTE_SINAI/Cell:eNodeB Function Name=L_GUA11111_MONTE_SINAI, Local Cell ID=8, Cell Name=L_GUA11111_MONTE_SINAI_8, eNodeB ID=11111, Cell FDD TDD indication=CELL_FDD",Reliable,86.22,27.923
2026-04-10 19:00,60,"L_GUA11111_MONTE_SINAI/Cell:eNodeB Function Name=L_GUA11111_MONTE_SINAI, Local Cell ID=7, Cell Name=L_GUA11111_MONTE_SINAI_7, eNodeB ID=11111, Cell FDD TDD indication=CELL_FDD",Reliable,41.243,9.307
2026-04-10 19:00,60,"L_GUA11111_MONTE_SINAI/Cell:eNodeB Function Name=L_GUA11111_MONTE_SINAI, Local Cell ID=3, Cell Name=L_GUA11111_MONTE_SINAI_3, eNodeB ID=11111, Cell FDD TDD indication=CELL_FDD",Reliable,2207.845,202.914
2026-04-10 19:00,60,"L_GUA11111_MONTE_SINAI/Cell:eNodeB Function Name=L_GUA11111_MONTE_SINAI, Local Cell ID=2, Cell Name=L_GUA11111_MONTE_SINAI_2, eNodeB ID=11111, Cell FDD TDD indication=CELL_FDD",Reliable,1425.73,574.975
2026-04-10 19:00,60,"L_GUA11111_MONTE_SINAI/Cell:eNodeB Function Name=L_GUA11111_MONTE_SINAI, Local Cell ID=1, Cell Name=L_GUA11111_MONTE_SINAI_1, eNodeB ID=11111, Cell FDD TDD indication=CELL_FDD",Reliable,1259.448,124.007
2026-04-10 19:00,60,"L_GUA11145_FLORIDA_NORTE/Cell:eNodeB Function Name=L_GUA11145_FLORIDA_NORTE, Local Cell ID=9, Cell Name=L_GUA11145_FLORIDA_NORTE_9, eNodeB ID=11145, Cell FDD TDD indication=CELL_FDD",Reliable,43.6,16.675
2026-04-10 19:00,60,"L_GUA11145_FLORIDA_NORTE/Cell:eNodeB Function Name=L_GUA11145_FLORIDA_NORTE, Local Cell ID=8, Cell Name=L_GUA11145_FLORIDA_NORTE_8, eNodeB ID=11145, Cell FDD TDD indication=CELL_FDD",Reliable,1378.721,153.241
2026-04-10 19:00,60,"L_GUA11145_FLORIDA_NORTE/Cell:eNodeB Function Name=L_GUA11145_FLORIDA_NORTE, Local Cell ID=7, Cell Name=L_GUA11145_FLORIDA_NORTE_7, eNodeB ID=11145, Cell FDD TDD indication=CELL_FDD",Reliable,1262.383,179.641
2026-04-10 19:00,60,"L_GUA11145_FLORIDA_NORTE/Cell:eNodeB Function Name=L_GUA11145_FLORIDA_NORTE, Local Cell ID=3, Cell Name=L_GUA11145_FLORIDA_NORTE_3, eNodeB ID=11145, Cell FDD TDD indication=CELL_FDD",Reliable,1199.321,99.104
2026-04-10 19:00,60,"L_GUA11145_FLORIDA_NORTE/Cell:eNodeB Function Name=L_GUA11145_FLORIDA_NORTE, Local Cell ID=2, Cell Name=L_GUA11145_FLORIDA_NORTE_2, eNodeB ID=11145, Cell FDD TDD indication=CELL_FDD",Reliable,1144.122,95.49
2026-04-10 19:00,60,"L_GUA11145_FLORIDA_NORTE/Cell:eNodeB Function Name=L_GUA11145_FLORIDA_NORTE, Local Cell ID=1, Cell Name=L_GUA11145_FLORIDA_NORTE_1, eNodeB ID=11145, Cell FDD TDD indication=CELL_FDD",Reliable,2537.053,283.848
2026-04-10 19:00,60,"L_GUA11151_HORIZONTES_DEL_GUERRERO/Cell:eNodeB Function Name=L_GUA11151_HORIZONTES_DEL_GUERRERO, Local Cell ID=9, Cell Name=L_GUA11151_HORIZONTES_DEL_GUERRERO_9, eNodeB ID=11151, Cell FDD TDD indication=CELL_FDD",Reliable,978.935,77.383
2026-04-10 19:00,60,"L_GUA11151_HORIZONTES_DEL_GUERRERO/Cell:eNodeB Function Name=L_GUA11151_HORIZONTES_DEL_GUERRERO, Local Cell ID=8, Cell Name=L_GUA11151_HORIZONTES_DEL_GUERRERO_8, eNodeB ID=11151, Cell FDD TDD indication=CELL_FDD",Reliable,1058.497,141.289
2026-04-10 19:00,60,"L_GUA11151_HORIZONTES_DEL_GUERRERO/Cell:eNodeB Function Name=L_GUA11151_HORIZONTES_DEL_GUERRERO, Local Cell ID=7, Cell Name=L_GUA11151_HORIZONTES_DEL_GUERRERO_7, eNodeB ID=11151, Cell FDD TDD indication=CELL_FDD",Reliable,423.753,58.145
2026-04-10 19:00,60,"L_GUA11151_HORIZONTES_DEL_GUERRERO/Cell:eNodeB Function Name=L_GUA11151_HORIZONTES_DEL_GUERRERO, Local Cell ID=3, Cell Name=L_GUA11151_HORIZONTES_DEL_GUERRERO_3, eNodeB ID=11151, Cell FDD TDD indication=CELL_FDD",Reliable,16.72,1.464
2026-04-10 19:00,60,"L_GUA11151_HORIZONTES_DEL_GUERRERO/Cell:eNodeB Function Name=L_GUA11151_HORIZONTES_DEL_GUERRERO, Local Cell ID=2, Cell Name=L_GUA11151_HORIZONTES_DEL_GUERRERO_2, eNodeB ID=11151, Cell FDD TDD indication=CELL_FDD",Reliable,555.553,58.804
2026-04-10 19:00,60,"L_GUA11151_HORIZONTES_DEL_GUERRERO/Cell:eNodeB Function Name=L_GUA11151_HORIZONTES_DEL_GUERRERO, Local Cell ID=1, Cell Name=L_GUA11151_HORIZONTES_DEL_GUERRERO_1, eNodeB ID=11151, Cell FDD TDD indication=CELL_FDD",Reliable,377.331,21.172
2026-04-10 19:00,60,"L_GUA11153_PANCHO_JACOME/Cell:eNodeB Function Name=L_GUA11153_PANCHO_JACOME, Local Cell ID=9, Cell Name=L_GUA11153_PANCHO_JACOME_9, eNodeB ID=11153, Cell FDD TDD indication=CELL_FDD",Reliable,1043.818,154.95
2026-04-10 19:00,60,"L_GUA11153_PANCHO_JACOME/Cell:eNodeB Function Name=L_GUA11153_PANCHO_JACOME, Local Cell ID=8, Cell Name=L_GUA11153_PANCHO_JACOME_8, eNodeB ID=11153, Cell FDD TDD indication=CELL_FDD",Reliable,313.253,31.172
2026-04-10 19:00,60,"L_GUA11153_PANCHO_JACOME/Cell:eNodeB Function Name=L_GUA11153_PANCHO_JACOME, Local Cell ID=7, Cell Name=L_GUA11153_PANCHO_JACOME_7, eNodeB ID=11153, Cell FDD TDD indication=CELL_FDD",Reliable,1133.002,228.768
2026-04-10 19:00,60,"L_GUA11153_PANCHO_JACOME/Cell:eNodeB Function Name=L_GUA11153_PANCHO_JACOME, Local Cell ID=3, Cell Name=L_GUA11153_PANCHO_JACOME_3, eNodeB ID=11153, Cell FDD TDD indication=CELL_FDD",Reliable,4047.449,534.798
2026-04-10 19:00,60,"L_GUA11153_PANCHO_JACOME/Cell:eNodeB Function Name=L_GUA11153_PANCHO_JACOME, Local Cell ID=2, Cell Name=L_GUA11153_PANCHO_JACOME_2, eNodeB ID=11153, Cell FDD TDD indication=CELL_FDD",Reliable,82.724,16.474
2026-04-10 19:00,60,"L_GUA11153_PANCHO_JACOME/Cell:eNodeB Function Name=L_GUA11153_PANCHO_JACOME, Local Cell ID=1, Cell Name=L_GUA11153_PANCHO_JACOME_1, eNodeB ID=11153, Cell FDD TDD indication=CELL_FDD",Reliable,702.566,117.398
2026-04-10 19:00,60,"L_GUA11192_VOLUNTAD_DE_DIOS_NOROESTE/Cell:eNodeB Function Name=L_GUA11192_VOLUNTAD_DE_DIOS_NOROESTE, Local Cell ID=9, Cell Name=L_GUA11192_VOLUNTAD_DE_DIOS_NOROESTE_9, eNodeB ID=11192, Cell FDD TDD indication=CELL_FDD",Reliable,1.811,0.758
2026-04-10 19:00,60,"L_GUA11192_VOLUNTAD_DE_DIOS_NOROESTE/Cell:eNodeB Function Name=L_GUA11192_VOLUNTAD_DE_DIOS_NOROESTE, Local Cell ID=8, Cell Name=L_GUA11192_VOLUNTAD_DE_DIOS_NOROESTE_8, eNodeB ID=11192, Cell FDD TDD indication=CELL_FDD",Reliable,714.662,75.876
2026-04-10 19:00,60,"L_GUA11192_VOLUNTAD_DE_DIOS_NOROESTE/Cell:eNodeB Function Name=L_GUA11192_VOLUNTAD_DE_DIOS_NOROESTE, Local Cell ID=7, Cell Name=L_GUA11192_VOLUNTAD_DE_DIOS_NOROESTE_7, eNodeB ID=11192, Cell FDD TDD indication=CELL_FDD",Reliable,948.619,176.357
2026-04-10 19:00,60,"L_GUA11192_VOLUNTAD_DE_DIOS_NOROESTE/Cell:eNodeB Function Name=L_GUA11192_VOLUNTAD_DE_DIOS_NOROESTE, Local Cell ID=3, Cell Name=L_GUA11192_VOLUNTAD_DE_DIOS_NOROESTE_3, eNodeB ID=11192, Cell FDD TDD indication=CELL_FDD",Reliable,1097.185,203.267
2026-04-10 19:00,60,"L_GUA11192_VOLUNTAD_DE_DIOS_NOROESTE/Cell:eNodeB Function Name=L_GUA11192_VOLUNTAD_DE_DIOS_NOROESTE, Local Cell ID=2, Cell Name=L_GUA11192_VOLUNTAD_DE_DIOS_NOROESTE_2, eNodeB ID=11192, Cell FDD TDD indication=CELL_FDD",Reliable,2606.798,370.239
2026-04-10 19:00,60,"L_GUA11192_VOLUNTAD_DE_DIOS_NOROESTE/Cell:eNodeB Function Name=L_GUA11192_VOLUNTAD_DE_DIOS_NOROESTE, Local Cell ID=1, Cell Name=L_GUA11192_VOLUNTAD_DE_DIOS_NOROESTE_1, eNodeB ID=11192, Cell FDD TDD indication=CELL_FDD",Reliable,1665.736,205.793
2026-04-10 19:00,60,"L_GUA11248_GUA_GYE_SOCIO_VIVIENDA/Cell:eNodeB Function Name=L_GUA11248_GUA_GYE_SOCIO_VIVIENDA, Local Cell ID=9, Cell Name=L_GUA11248_GUA_GYE_SOCIO_VIVIENDA_9, eNodeB ID=11248, Cell FDD TDD indication=CELL_FDD",Reliable,129.088,8.2
2026-04-10 19:00,60,"L_GUA11248_GUA_GYE_SOCIO_VIVIENDA/Cell:eNodeB Function Name=L_GUA11248_GUA_GYE_SOCIO_VIVIENDA, Local Cell ID=8, Cell Name=L_GUA11248_GUA_GYE_SOCIO_VIVIENDA_8, eNodeB ID=11248, Cell FDD TDD indication=CELL_FDD",Reliable,120.899,90.384
2026-04-10 19:00,60,"L_GUA11248_GUA_GYE_SOCIO_VIVIENDA/Cell:eNodeB Function Name=L_GUA11248_GUA_GYE_SOCIO_VIVIENDA, Local Cell ID=7, Cell Name=L_GUA11248_GUA_GYE_SOCIO_VIVIENDA_7, eNodeB ID=11248, Cell FDD TDD indication=CELL_FDD",Reliable,23.992,11.61
2026-04-10 19:00,60,"L_GUA11248_GUA_GYE_SOCIO_VIVIENDA/Cell:eNodeB Function Name=L_GUA11248_GUA_GYE_SOCIO_VIVIENDA, Local Cell ID=3, Cell Name=L_GUA11248_GUA_GYE_SOCIO_VIVIENDA_3, eNodeB ID=11248, Cell FDD TDD indication=CELL_FDD",Reliable,109.335,30.966
2026-04-10 19:00,60,"L_GUA11248_GUA_GYE_SOCIO_VIVIENDA/Cell:eNodeB Function Name=L_GUA11248_GUA_GYE_SOCIO_VIVIENDA, Local Cell ID=2, Cell Name=L_GUA11248_GUA_GYE_SOCIO_VIVIENDA_2, eNodeB ID=11248, Cell FDD TDD indication=CELL_FDD",Reliable,271.611,25.884
2026-04-10 19:00,60,"L_GUA11248_GUA_GYE_SOCIO_VIVIENDA/Cell:eNodeB Function Name=L_GUA11248_GUA_GYE_SOCIO_VIVIENDA, Local Cell ID=1, Cell Name=L_GUA11248_GUA_GYE_SOCIO_VIVIENDA_1, eNodeB ID=11248, Cell FDD TDD indication=CELL_FDD",Reliable,653.442,50.267
2026-04-10 19:00,60,"L_GUA11275_GUA_GYE_015/Cell:eNodeB Function Name=L_GUA11275_GUA_GYE_015, Local Cell ID=3, Cell Name=L_GUA11275_GUA_GYE_015_3, eNodeB ID=11275, Cell FDD TDD indication=CELL_FDD",Reliable,1631.515,505.139
2026-04-10 19:00,60,"L_GUA11275_GUA_GYE_015/Cell:eNodeB Function Name=L_GUA11275_GUA_GYE_015, Local Cell ID=2, Cell Name=L_GUA11275_GUA_GYE_015_2, eNodeB ID=11275, Cell FDD TDD indication=CELL_FDD",Reliable,323.801,93.695
2026-04-10 19:00,60,"L_GUA11275_GUA_GYE_015/Cell:eNodeB Function Name=L_GUA11275_GUA_GYE_015, Local Cell ID=1, Cell Name=L_GUA11275_GUA_GYE_015_1, eNodeB ID=11275, Cell FDD TDD indication=CELL_FDD",Reliable,18.137,7.562
2026-04-10 19:00,60,"L_GUA11320_GUA_GYE_SERGIO_TORAL_DOS/Cell:eNodeB Function Name=L_GUA11320_GUA_GYE_SERGIO_TORAL_DOS, Local Cell ID=9, Cell Name=L_GUA11320_GUA_GYE_SERGIO_TORAL_DOS_9, eNodeB ID=11320, Cell FDD TDD indication=CELL_FDD",Reliable,139.044,16.282
2026-04-10 19:00,60,"L_GUA11320_GUA_GYE_SERGIO_TORAL_DOS/Cell:eNodeB Function Name=L_GUA11320_GUA_GYE_SERGIO_TORAL_DOS, Local Cell ID=8, Cell Name=L_GUA11320_GUA_GYE_SERGIO_TORAL_DOS_8, eNodeB ID=11320, Cell FDD TDD indication=CELL_FDD",Reliable,585.366,51.297
2026-04-10 19:00,60,"L_GUA11320_GUA_GYE_SERGIO_TORAL_DOS/Cell:eNodeB Function Name=L_GUA11320_GUA_GYE_SERGIO_TORAL_DOS, Local Cell ID=7, Cell Name=L_GUA11320_GUA_GYE_SERGIO_TORAL_DOS_7, eNodeB ID=11320, Cell FDD TDD indication=CELL_FDD",Reliable,387.714,25.519
2026-04-10 19:00,60,"L_GUA11320_GUA_GYE_SERGIO_TORAL_DOS/Cell:eNodeB Function Name=L_GUA11320_GUA_GYE_SERGIO_TORAL_DOS, Local Cell ID=3, Cell Name=L_GUA11320_GUA_GYE_SERGIO_TORAL_DOS_3, eNodeB ID=11320, Cell FDD TDD indication=CELL_FDD",Reliable,691.808,53.442
2026-04-10 19:00,60,"L_GUA11320_GUA_GYE_SERGIO_TORAL_DOS/Cell:eNodeB Function Name=L_GUA11320_GUA_GYE_SERGIO_TORAL_DOS, Local Cell ID=2, Cell Name=L_GUA11320_GUA_GYE_SERGIO_TORAL_DOS_2, eNodeB ID=11320, Cell FDD TDD indication=CELL_FDD",Reliable,1588.693,167.738
2026-04-10 19:00,60,"L_GUA11320_GUA_GYE_SERGIO_TORAL_DOS/Cell:eNodeB Function Name=L_GUA11320_GUA_GYE_SERGIO_TORAL_DOS, Local Cell ID=1, Cell Name=L_GUA11320_GUA_GYE_SERGIO_TORAL_DOS_1, eNodeB ID=11320, Cell FDD TDD indication=CELL_FDD",Reliable,162.093,23.726
2026-04-10 19:00,60,"L_GUA11664_GUA_GYE_TRINIDAD_DE_DIOS/Cell:eNodeB Function Name=L_GUA11664_GUA_GYE_TRINIDAD_DE_DIOS, Local Cell ID=9, Cell Name=L_GUA11664_GUA_GYE_TRINIDAD_DE_DIOS_9, eNodeB ID=11664, Cell FDD TDD indication=CELL_FDD",Reliable,3075.395,275.541
2026-04-10 19:00,60,"L_GUA11664_GUA_GYE_TRINIDAD_DE_DIOS/Cell:eNodeB Function Name=L_GUA11664_GUA_GYE_TRINIDAD_DE_DIOS, Local Cell ID=8, Cell Name=L_GUA11664_GUA_GYE_TRINIDAD_DE_DIOS_8, eNodeB ID=11664, Cell FDD TDD indication=CELL_FDD",Reliable,58.83,19.055
2026-04-10 19:00,60,"L_GUA11664_GUA_GYE_TRINIDAD_DE_DIOS/Cell:eNodeB Function Name=L_GUA11664_GUA_GYE_TRINIDAD_DE_DIOS, Local Cell ID=7, Cell Name=L_GUA11664_GUA_GYE_TRINIDAD_DE_DIOS_7, eNodeB ID=11664, Cell FDD TDD indication=CELL_FDD",Reliable,667.477,94.462
2026-04-10 19:00,60,"L_GUA11664_GUA_GYE_TRINIDAD_DE_DIOS/Cell:eNodeB Function Name=L_GUA11664_GUA_GYE_TRINIDAD_DE_DIOS, Local Cell ID=3, Cell Name=L_GUA11664_GUA_GYE_TRINIDAD_DE_DIOS_3, eNodeB ID=11664, Cell FDD TDD indication=CELL_FDD",Reliable,1819.55,226.077
2026-04-10 19:00,60,"L_GUA11664_GUA_GYE_TRINIDAD_DE_DIOS/Cell:eNodeB Function Name=L_GUA11664_GUA_GYE_TRINIDAD_DE_DIOS, Local Cell ID=2, Cell Name=L_GUA11664_GUA_GYE_TRINIDAD_DE_DIOS_2, eNodeB ID=11664, Cell FDD TDD indication=CELL_FDD",Reliable,531.821,64.274
2026-04-10 19:00,60,"L_GUA11664_GUA_GYE_TRINIDAD_DE_DIOS/Cell:eNodeB Function Name=L_GUA11664_GUA_GYE_TRINIDAD_DE_DIOS, Local Cell ID=1, Cell Name=L_GUA11664_GUA_GYE_TRINIDAD_DE_DIOS_1, eNodeB ID=11664, Cell FDD TDD indication=CELL_FDD",Reliable,690.269,93.001
2026-04-10 19:00,60,"L_GUA11674_GUA_HOSPITAL_SINAI/Cell:eNodeB Function Name=L_GUA11674_GUA_HOSPITAL_SINAI, Local Cell ID=9, Cell Name=L_GUA11674_GUA_GYE_HOSPITAL_SINAI_9, eNodeB ID=11674, Cell FDD TDD indication=CELL_FDD",Reliable,376.47,40.361
2026-04-10 19:00,60,"L_GUA11674_GUA_HOSPITAL_SINAI/Cell:eNodeB Function Name=L_GUA11674_GUA_HOSPITAL_SINAI, Local Cell ID=8, Cell Name=L_GUA11674_GUA_GYE_HOSPITAL_SINAI_8, eNodeB ID=11674, Cell FDD TDD indication=CELL_FDD",Reliable,3210.178,621.583
2026-04-10 19:00,60,"L_GUA11674_GUA_HOSPITAL_SINAI/Cell:eNodeB Function Name=L_GUA11674_GUA_HOSPITAL_SINAI, Local Cell ID=7, Cell Name=L_GUA11674_GUA_GYE_HOSPITAL_SINAI_7, eNodeB ID=11674, Cell FDD TDD indication=CELL_FDD",Reliable,558.861,49.828
2026-04-10 19:00,60,"L_GUA11674_GUA_HOSPITAL_SINAI/Cell:eNodeB Function Name=L_GUA11674_GUA_HOSPITAL_SINAI, Local Cell ID=3, Cell Name=L_GUA11674_GUA_GYE_HOSPITAL_SINAI_3, eNodeB ID=11674, Cell FDD TDD indication=CELL_FDD",Reliable,919.16,179.646
2026-04-10 19:00,60,"L_GUA11674_GUA_HOSPITAL_SINAI/Cell:eNodeB Function Name=L_GUA11674_GUA_HOSPITAL_SINAI, Local Cell ID=2, Cell Name=L_GUA11674_GUA_GYE_HOSPITAL_SINAI_2, eNodeB ID=11674, Cell FDD TDD indication=CELL_FDD",Reliable,2845.403,405.748
2026-04-10 19:00,60,"L_GUA11674_GUA_HOSPITAL_SINAI/Cell:eNodeB Function Name=L_GUA11674_GUA_HOSPITAL_SINAI, Local Cell ID=1, Cell Name=L_GUA11674_GUA_GYE_HOSPITAL_SINAI_1, eNodeB ID=11674, Cell FDD TDD indication=CELL_FDD",Reliable,1172.073,136.22
2026-04-10 19:00,60,"L_GUA11050_SAMANES/Cell:eNodeB Function Name=L_GUA11050_SAMANES, Local Cell ID=9, Cell Name=L_GUA11050_SAMANES_9, eNodeB ID=11050, Cell FDD TDD indication=CELL_FDD",Reliable,4242.501,122.66
2026-04-10 19:00,60,"L_GUA11050_SAMANES/Cell:eNodeB Function Name=L_GUA11050_SAMANES, Local Cell ID=8, Cell Name=L_GUA11050_SAMANES_8, eNodeB ID=11050, Cell FDD TDD indication=CELL_FDD",Reliable,2006.799,117.801
2026-04-10 19:00,60,"L_GUA11050_SAMANES/Cell:eNodeB Function Name=L_GUA11050_SAMANES, Local Cell ID=7, Cell Name=L_GUA11050_SAMANES_7, eNodeB ID=11050, Cell FDD TDD indication=CELL_FDD",Reliable,2161.455,358.951
2026-04-10 19:00,60,"L_GUA11050_SAMANES/Cell:eNodeB Function Name=L_GUA11050_SAMANES, Local Cell ID=3, Cell Name=L_GUA11050_SAMANES_3, eNodeB ID=11050, Cell FDD TDD indication=CELL_FDD",Reliable,3140.903,213.065
2026-04-10 19:00,60,"L_GUA11050_SAMANES/Cell:eNodeB Function Name=L_GUA11050_SAMANES, Local Cell ID=2, Cell Name=L_GUA11050_SAMANES_2, eNodeB ID=11050, Cell FDD TDD indication=CELL_FDD",Reliable,1309.656,111.884
2026-04-10 19:00,60,"L_GUA11050_SAMANES/Cell:eNodeB Function Name=L_GUA11050_SAMANES, Local Cell ID=1, Cell Name=L_GUA11050_SAMANES_1, eNodeB ID=11050, Cell FDD TDD indication=CELL_FDD",Reliable,949.461,86.936
2026-04-10 19:00,60,"L_GUA11683_GUA_DUR_HERRADURA/Cell:eNodeB Function Name=L_GUA11683_GUA_DUR_HERRADURA, Local Cell ID=9, Cell Name=L_GUA11683_GUA_DUR_HERRADURA_9, eNodeB ID=11683, Cell FDD TDD indication=CELL_FDD",Reliable,274.971,28.566
2026-04-10 19:00,60,"L_GUA11683_GUA_DUR_HERRADURA/Cell:eNodeB Function Name=L_GUA11683_GUA_DUR_HERRADURA, Local Cell ID=8, Cell Name=L_GUA11683_GUA_DUR_HERRADURA_8, eNodeB ID=11683, Cell FDD TDD indication=CELL_FDD",Reliable,1683.584,170.296
2026-04-10 19:00,60,"L_GUA11683_GUA_DUR_HERRADURA/Cell:eNodeB Function Name=L_GUA11683_GUA_DUR_HERRADURA, Local Cell ID=7, Cell Name=L_GUA11683_GUA_DUR_HERRADURA_7, eNodeB ID=11683, Cell FDD TDD indication=CELL_FDD",Reliable,531.945,68.052
2026-04-10 19:00,60,"L_GUA11683_GUA_DUR_HERRADURA/Cell:eNodeB Function Name=L_GUA11683_GUA_DUR_HERRADURA, Local Cell ID=3, Cell Name=L_GUA11683_GUA_DUR_HERRADURA_3, eNodeB ID=11683, Cell FDD TDD indication=CELL_FDD",Reliable,1878.667,330.681
2026-04-10 19:00,60,"L_GUA11683_GUA_DUR_HERRADURA/Cell:eNodeB Function Name=L_GUA11683_GUA_DUR_HERRADURA, Local Cell ID=2, Cell Name=L_GUA11683_GUA_DUR_HERRADURA_2, eNodeB ID=11683, Cell FDD TDD indication=CELL_FDD",Reliable,655.497,379.141
2026-04-10 19:00,60,"L_GUA11683_GUA_DUR_HERRADURA/Cell:eNodeB Function Name=L_GUA11683_GUA_DUR_HERRADURA, Local Cell ID=1, Cell Name=L_GUA11683_GUA_DUR_HERRADURA_1, eNodeB ID=11683, Cell FDD TDD indication=CELL_FDD",Reliable,997.634,520.567
2026-04-10 19:00,60,"L_GUA11223_PARQUE_CALIFORNIA/Cell:eNodeB Function Name=L_GUA11223_PARQUE_CALIFORNIA, Local Cell ID=3, Cell Name=L_GUA11223_PARQUE_CALIFORNIA_3, eNodeB ID=11223, Cell FDD TDD indication=CELL_FDD",Reliable,625.363,98.183
2026-04-10 19:00,60,"L_GUA11223_PARQUE_CALIFORNIA/Cell:eNodeB Function Name=L_GUA11223_PARQUE_CALIFORNIA, Local Cell ID=2, Cell Name=L_GUA11223_PARQUE_CALIFORNIA_2, eNodeB ID=11223, Cell FDD TDD indication=CELL_FDD",Reliable,1897.487,683.085
2026-04-10 19:00,60,"L_GUA11223_PARQUE_CALIFORNIA/Cell:eNodeB Function Name=L_GUA11223_PARQUE_CALIFORNIA, Local Cell ID=1, Cell Name=L_GUA11223_PARQUE_CALIFORNIA_1, eNodeB ID=11223, Cell FDD TDD indication=CELL_FDD",Reliable,1942.309,250.144
2026-04-10 19:00,60,"L_GUA11223_PARQUE_CALIFORNIA/Cell:eNodeB Function Name=L_GUA11223_PARQUE_CALIFORNIA, Local Cell ID=9, Cell Name=L_GUA11223_PARQUE_CALIFORNIA_9, eNodeB ID=11223, Cell FDD TDD indication=CELL_FDD",Reliable,250.832,27.96
2026-04-10 19:00,60,"L_GUA11223_PARQUE_CALIFORNIA/Cell:eNodeB Function Name=L_GUA11223_PARQUE_CALIFORNIA, Local Cell ID=8, Cell Name=L_GUA11223_PARQUE_CALIFORNIA_8, eNodeB ID=11223, Cell FDD TDD indication=CELL_FDD",Reliable,880.787,56.604
2026-04-10 19:00,60,"L_GUA11223_PARQUE_CALIFORNIA/Cell:eNodeB Function Name=L_GUA11223_PARQUE_CALIFORNIA, Local Cell ID=7, Cell Name=L_GUA11223_PARQUE_CALIFORNIA_7, eNodeB ID=11223, Cell FDD TDD indication=CELL_FDD",Reliable,602.264,67.46
2026-04-10 19:00,60,"L_GUA11168_MONTEBELLO_NORTE/Cell:eNodeB Function Name=L_GUA11168_MONTEBELLO_NORTE, Local Cell ID=9, Cell Name=L_GUA11168_MONTEBELLO_NORTE_9, eNodeB ID=11168, Cell FDD TDD indication=CELL_FDD",Reliable,57.818,10.886
2026-04-10 19:00,60,"L_GUA11168_MONTEBELLO_NORTE/Cell:eNodeB Function Name=L_GUA11168_MONTEBELLO_NORTE, Local Cell ID=8, Cell Name=L_GUA11168_MONTEBELLO_NORTE_8, eNodeB ID=11168, Cell FDD TDD indication=CELL_FDD",Reliable,978.862,43.037
2026-04-10 19:00,60,"L_GUA11168_MONTEBELLO_NORTE/Cell:eNodeB Function Name=L_GUA11168_MONTEBELLO_NORTE, Local Cell ID=7, Cell Name=L_GUA11168_MONTEBELLO_NORTE_7, eNodeB ID=11168, Cell FDD TDD indication=CELL_FDD",Reliable,550.404,56.304
2026-04-10 19:00,60,"L_GUA11168_MONTEBELLO_NORTE/Cell:eNodeB Function Name=L_GUA11168_MONTEBELLO_NORTE, Local Cell ID=3, Cell Name=L_GUA11168_MONTEBELLO_NORTE_3, eNodeB ID=11168, Cell FDD TDD indication=CELL_FDD",Reliable,1971.436,145.397
2026-04-10 19:00,60,"L_GUA11168_MONTEBELLO_NORTE/Cell:eNodeB Function Name=L_GUA11168_MONTEBELLO_NORTE, Local Cell ID=2, Cell Name=L_GUA11168_MONTEBELLO_NORTE_2, eNodeB ID=11168, Cell FDD TDD indication=CELL_FDD",Reliable,1696.754,261.754
2026-04-10 19:00,60,"L_GUA11168_MONTEBELLO_NORTE/Cell:eNodeB Function Name=L_GUA11168_MONTEBELLO_NORTE, Local Cell ID=1, Cell Name=L_GUA11168_MONTEBELLO_NORTE_1, eNodeB ID=11168, Cell FDD TDD indication=CELL_FDD",Reliable,1420.928,157.082
2026-04-10 19:00,60,"L_GUA11171_PASCUALES_NORTE/Cell:eNodeB Function Name=L_GUA11171_PASCUALES_NORTE, Local Cell ID=9, Cell Name=L_GUA11171_PASCUALES_NORTE_9, eNodeB ID=11171, Cell FDD TDD indication=CELL_FDD",Reliable,237.316,25.278
2026-04-10 19:00,60,"L_GUA11171_PASCUALES_NORTE/Cell:eNodeB Function Name=L_GUA11171_PASCUALES_NORTE, Local Cell ID=8, Cell Name=L_GUA11171_PASCUALES_NORTE_8, eNodeB ID=11171, Cell FDD TDD indication=CELL_FDD",Reliable,1921.996,406.142
2026-04-10 19:00,60,"L_GUA11171_PASCUALES_NORTE/Cell:eNodeB Function Name=L_GUA11171_PASCUALES_NORTE, Local Cell ID=7, Cell Name=L_GUA11171_PASCUALES_NORTE_7, eNodeB ID=11171, Cell FDD TDD indication=CELL_FDD",Reliable,2790.307,533.416
2026-04-10 19:00,60,"L_GUA11171_PASCUALES_NORTE/Cell:eNodeB Function Name=L_GUA11171_PASCUALES_NORTE, Local Cell ID=3, Cell Name=L_GUA11171_PASCUALES_NORTE_3, eNodeB ID=11171, Cell FDD TDD indication=CELL_FDD",Reliable,280.571,29.115
2026-04-10 19:00,60,"L_GUA11171_PASCUALES_NORTE/Cell:eNodeB Function Name=L_GUA11171_PASCUALES_NORTE, Local Cell ID=2, Cell Name=L_GUA11171_PASCUALES_NORTE_2, eNodeB ID=11171, Cell FDD TDD indication=CELL_FDD",Reliable,6631.3,3752.401
2026-04-10 19:00,60,"L_GUA11171_PASCUALES_NORTE/Cell:eNodeB Function Name=L_GUA11171_PASCUALES_NORTE, Local Cell ID=1, Cell Name=L_GUA11171_PASCUALES_NORTE_1, eNodeB ID=11171, Cell FDD TDD indication=CELL_FDD",Reliable,7680.925,2671.435
2026-04-10 19:00,60,"L_GUA11197_EL_FORTIN/Cell:eNodeB Function Name=L_GUA11197_EL_FORTIN, Local Cell ID=9, Cell Name=L_GUA11197_EL_FORTIN_9, eNodeB ID=11197, Cell FDD TDD indication=CELL_FDD",Reliable,584.802,31.488
2026-04-10 19:00,60,"L_GUA11197_EL_FORTIN/Cell:eNodeB Function Name=L_GUA11197_EL_FORTIN, Local Cell ID=8, Cell Name=L_GUA11197_EL_FORTIN_8, eNodeB ID=11197, Cell FDD TDD indication=CELL_FDD",Reliable,408.273,32.473
2026-04-10 19:00,60,"L_GUA11197_EL_FORTIN/Cell:eNodeB Function Name=L_GUA11197_EL_FORTIN, Local Cell ID=7, Cell Name=L_GUA11197_EL_FORTIN_7, eNodeB ID=11197, Cell FDD TDD indication=CELL_FDD",Reliable,402.53,34.324
2026-04-10 19:00,60,"L_GUA11197_EL_FORTIN/Cell:eNodeB Function Name=L_GUA11197_EL_FORTIN, Local Cell ID=3, Cell Name=L_GUA11197_EL_FORTIN_3, eNodeB ID=11197, Cell FDD TDD indication=CELL_FDD",Reliable,1154.659,115.237
2026-04-10 19:00,60,"L_GUA11197_EL_FORTIN/Cell:eNodeB Function Name=L_GUA11197_EL_FORTIN, Local Cell ID=2, Cell Name=L_GUA11197_EL_FORTIN_2, eNodeB ID=11197, Cell FDD TDD indication=CELL_FDD",Reliable,2635.046,250.376
2026-04-10 19:00,60,"L_GUA11197_EL_FORTIN/Cell:eNodeB Function Name=L_GUA11197_EL_FORTIN, Local Cell ID=1, Cell Name=L_GUA11197_EL_FORTIN_1, eNodeB ID=11197, Cell FDD TDD indication=CELL_FDD",Reliable,287.792,41.846
2026-04-10 19:00,60,"L_GUA11198_MI_LOTE_2/Cell:eNodeB Function Name=L_GUA11198_MI_LOTE_2, Local Cell ID=9, Cell Name=L_GUA11198_MI_LOTE_2_9, eNodeB ID=11198, Cell FDD TDD indication=CELL_FDD",Reliable,5258.95,475.246
2026-04-10 19:00,60,"L_GUA11198_MI_LOTE_2/Cell:eNodeB Function Name=L_GUA11198_MI_LOTE_2, Local Cell ID=8, Cell Name=L_GUA11198_MI_LOTE_2_8, eNodeB ID=11198, Cell FDD TDD indication=CELL_FDD",Reliable,199.541,33.11
2026-04-10 19:00,60,"L_GUA11198_MI_LOTE_2/Cell:eNodeB Function Name=L_GUA11198_MI_LOTE_2, Local Cell ID=7, Cell Name=L_GUA11198_MI_LOTE_2_7, eNodeB ID=11198, Cell FDD TDD indication=CELL_FDD",Reliable,515.987,141.556
2026-04-10 19:00,60,"L_GUA11198_MI_LOTE_2/Cell:eNodeB Function Name=L_GUA11198_MI_LOTE_2, Local Cell ID=3, Cell Name=L_GUA11198_MI_LOTE_2_3, eNodeB ID=11198, Cell FDD TDD indication=CELL_FDD",Reliable,4286.753,519.777
2026-04-10 19:00,60,"L_GUA11198_MI_LOTE_2/Cell:eNodeB Function Name=L_GUA11198_MI_LOTE_2, Local Cell ID=2, Cell Name=L_GUA11198_MI_LOTE_2_2, eNodeB ID=11198, Cell FDD TDD indication=CELL_FDD",Reliable,2437.778,333.536
2026-04-10 19:00,60,"L_GUA11198_MI_LOTE_2/Cell:eNodeB Function Name=L_GUA11198_MI_LOTE_2, Local Cell ID=1, Cell Name=L_GUA11198_MI_LOTE_2_1, eNodeB ID=11198, Cell FDD TDD indication=CELL_FDD",Reliable,893.165,55.24
2026-04-10 19:00,60,"L_GUA11289_FLOR_DE_BASTION_5/Cell:eNodeB Function Name=L_GUA11289_FLOR_DE_BASTION_5, Local Cell ID=9, Cell Name=L_GUA11289_FLOR_DE_BASTION_5_9, eNodeB ID=11289, Cell FDD TDD indication=CELL_FDD",Reliable,1623.582,213.209
2026-04-10 19:00,60,"L_GUA11289_FLOR_DE_BASTION_5/Cell:eNodeB Function Name=L_GUA11289_FLOR_DE_BASTION_5, Local Cell ID=8, Cell Name=L_GUA11289_FLOR_DE_BASTION_5_8, eNodeB ID=11289, Cell FDD TDD indication=CELL_FDD",Reliable,145.627,17.193
2026-04-10 19:00,60,"L_GUA11289_FLOR_DE_BASTION_5/Cell:eNodeB Function Name=L_GUA11289_FLOR_DE_BASTION_5, Local Cell ID=7, Cell Name=L_GUA11289_FLOR_DE_BASTION_5_7, eNodeB ID=11289, Cell FDD TDD indication=CELL_FDD",Reliable,830.839,59.627
2026-04-10 19:00,60,"L_GUA11289_FLOR_DE_BASTION_5/Cell:eNodeB Function Name=L_GUA11289_FLOR_DE_BASTION_5, Local Cell ID=3, Cell Name=L_GUA11289_FLOR_DE_BASTION_5_3, eNodeB ID=11289, Cell FDD TDD indication=CELL_FDD",Reliable,506.162,151.966
2026-04-10 19:00,60,"L_GUA11289_FLOR_DE_BASTION_5/Cell:eNodeB Function Name=L_GUA11289_FLOR_DE_BASTION_5, Local Cell ID=2, Cell Name=L_GUA11289_FLOR_DE_BASTION_5_2, eNodeB ID=11289, Cell FDD TDD indication=CELL_FDD",Reliable,128.637,57.295
2026-04-10 19:00,60,"L_GUA11289_FLOR_DE_BASTION_5/Cell:eNodeB Function Name=L_GUA11289_FLOR_DE_BASTION_5, Local Cell ID=1, Cell Name=L_GUA11289_FLOR_DE_BASTION_5_1, eNodeB ID=11289, Cell FDD TDD indication=CELL_FDD",Reliable,627.323,56.222
2026-04-10 19:00,60,"L_GUA11291_IGUANAS_UNO/Cell:eNodeB Function Name=L_GUA11291_IGUANAS_UNO, Local Cell ID=9, Cell Name=L_GUA11291_IGUANAS_UNO_9, eNodeB ID=11291, Cell FDD TDD indication=CELL_FDD",Reliable,555.728,35.13
2026-04-10 19:00,60,"L_GUA11291_IGUANAS_UNO/Cell:eNodeB Function Name=L_GUA11291_IGUANAS_UNO, Local Cell ID=8, Cell Name=L_GUA11291_IGUANAS_UNO_8, eNodeB ID=11291, Cell FDD TDD indication=CELL_FDD",Reliable,847.222,78.987
2026-04-10 19:00,60,"L_GUA11291_IGUANAS_UNO/Cell:eNodeB Function Name=L_GUA11291_IGUANAS_UNO, Local Cell ID=7, Cell Name=L_GUA11291_IGUANAS_UNO_7, eNodeB ID=11291, Cell FDD TDD indication=CELL_FDD",Reliable,21.345,4.74
2026-04-10 19:00,60,"L_GUA11291_IGUANAS_UNO/Cell:eNodeB Function Name=L_GUA11291_IGUANAS_UNO, Local Cell ID=3, Cell Name=L_GUA11291_IGUANAS_UNO_3, eNodeB ID=11291, Cell FDD TDD indication=CELL_FDD",Reliable,1238.564,92.907
2026-04-10 19:00,60,"L_GUA11291_IGUANAS_UNO/Cell:eNodeB Function Name=L_GUA11291_IGUANAS_UNO, Local Cell ID=2, Cell Name=L_GUA11291_IGUANAS_UNO_2, eNodeB ID=11291, Cell FDD TDD indication=CELL_FDD",Reliable,242.533,57.24
2026-04-10 19:00,60,"L_GUA11291_IGUANAS_UNO/Cell:eNodeB Function Name=L_GUA11291_IGUANAS_UNO, Local Cell ID=1, Cell Name=L_GUA11291_IGUANAS_UNO_1, eNodeB ID=11291, Cell FDD TDD indication=CELL_FDD",Reliable,345.226,36.398
2026-04-10 19:00,60,"L_GUA11676_GUA_GYE_LA_PLANADA/Cell:eNodeB Function Name=L_GUA11676_GUA_GYE_LA_PLANADA, Local Cell ID=9, Cell Name=L_GUA11676_GUA_GYE_LA_PLANADA_9, eNodeB ID=11676, Cell FDD TDD indication=CELL_FDD",Reliable,5.942,2.11
2026-04-10 19:00,60,"L_GUA11676_GUA_GYE_LA_PLANADA/Cell:eNodeB Function Name=L_GUA11676_GUA_GYE_LA_PLANADA, Local Cell ID=8, Cell Name=L_GUA11676_GUA_GYE_LA_PLANADA_8, eNodeB ID=11676, Cell FDD TDD indication=CELL_FDD",Reliable,1189.978,168.457
2026-04-10 19:00,60,"L_GUA11676_GUA_GYE_LA_PLANADA/Cell:eNodeB Function Name=L_GUA11676_GUA_GYE_LA_PLANADA, Local Cell ID=7, Cell Name=L_GUA11676_GUA_GYE_LA_PLANADA_7, eNodeB ID=11676, Cell FDD TDD indication=CELL_FDD",Reliable,3874.574,412.546
2026-04-10 19:00,60,"L_GUA11676_GUA_GYE_LA_PLANADA/Cell:eNodeB Function Name=L_GUA11676_GUA_GYE_LA_PLANADA, Local Cell ID=3, Cell Name=L_GUA11676_GUA_GYE_LA_PLANADA_3, eNodeB ID=11676, Cell FDD TDD indication=CELL_FDD",Reliable,567.543,42.293
2026-04-10 19:00,60,"L_GUA11676_GUA_GYE_LA_PLANADA/Cell:eNodeB Function Name=L_GUA11676_GUA_GYE_LA_PLANADA, Local Cell ID=2, Cell Name=L_GUA11676_GUA_GYE_LA_PLANADA_2, eNodeB ID=11676, Cell FDD TDD indication=CELL_FDD",Reliable,1845.882,160.441
2026-04-10 19:00,60,"L_GUA11676_GUA_GYE_LA_PLANADA/Cell:eNodeB Function Name=L_GUA11676_GUA_GYE_LA_PLANADA, Local Cell ID=1, Cell Name=L_GUA11676_GUA_GYE_LA_PLANADA_1, eNodeB ID=11676, Cell FDD TDD indication=CELL_FDD",Reliable,2332.919,126.975
2026-04-10 19:00,60,"L_GUA11685_GUA_DUR_EL_RECREO_4/Cell:eNodeB Function Name=L_GUA11685_GUA_DUR_EL_RECREO_4, Local Cell ID=9, Cell Name=L_GUA11685_GUA_DUR_EL_RECREO_4_9, eNodeB ID=11685, Cell FDD TDD indication=CELL_FDD",Reliable,630.645,65.758
2026-04-10 19:00,60,"L_GUA11685_GUA_DUR_EL_RECREO_4/Cell:eNodeB Function Name=L_GUA11685_GUA_DUR_EL_RECREO_4, Local Cell ID=8, Cell Name=L_GUA11685_GUA_DUR_EL_RECREO_4_8, eNodeB ID=11685, Cell FDD TDD indication=CELL_FDD",Reliable,1591.401,189.651
2026-04-10 19:00,60,"L_GUA11685_GUA_DUR_EL_RECREO_4/Cell:eNodeB Function Name=L_GUA11685_GUA_DUR_EL_RECREO_4, Local Cell ID=7, Cell Name=L_GUA11685_GUA_DUR_EL_RECREO_4_7, eNodeB ID=11685, Cell FDD TDD indication=CELL_FDD",Reliable,49.574,6.457
2026-04-10 19:00,60,"L_GUA11685_GUA_DUR_EL_RECREO_4/Cell:eNodeB Function Name=L_GUA11685_GUA_DUR_EL_RECREO_4, Local Cell ID=3, Cell Name=L_GUA11685_GUA_DUR_EL_RECREO_4_3, eNodeB ID=11685, Cell FDD TDD indication=CELL_FDD",Reliable,1120.655,132.395
2026-04-10 19:00,60,"L_GUA11685_GUA_DUR_EL_RECREO_4/Cell:eNodeB Function Name=L_GUA11685_GUA_DUR_EL_RECREO_4, Local Cell ID=2, Cell Name=L_GUA11685_GUA_DUR_EL_RECREO_4_2, eNodeB ID=11685, Cell FDD TDD indication=CELL_FDD",Reliable,1387.188,155.569
2026-04-10 19:00,60,"L_GUA11685_GUA_DUR_EL_RECREO_4/Cell:eNodeB Function Name=L_GUA11685_GUA_DUR_EL_RECREO_4, Local Cell ID=1, Cell Name=L_GUA11685_GUA_DUR_EL_RECREO_4_1, eNodeB ID=11685, Cell FDD TDD indication=CELL_FDD",Reliable,4137.082,340.271
2026-04-10 19:00,60,"L_GUA11352_PRIMAVERA/Cell:eNodeB Function Name=L_GUA11352_PRIMAVERA, Local Cell ID=9, Cell Name=L_GUA11352_PRIMAVERA_9, eNodeB ID=11352, Cell FDD TDD indication=CELL_FDD",Reliable,1403.18,132.633
2026-04-10 19:00,60,"L_GUA11352_PRIMAVERA/Cell:eNodeB Function Name=L_GUA11352_PRIMAVERA, Local Cell ID=8, Cell Name=L_GUA11352_PRIMAVERA_8, eNodeB ID=11352, Cell FDD TDD indication=CELL_FDD",Reliable,2069.943,193.312
2026-04-10 19:00,60,"L_GUA11352_PRIMAVERA/Cell:eNodeB Function Name=L_GUA11352_PRIMAVERA, Local Cell ID=7, Cell Name=L_GUA11352_PRIMAVERA_7, eNodeB ID=11352, Cell FDD TDD indication=CELL_FDD",Reliable,1208.892,149.896
2026-04-10 19:00,60,"L_GUA11352_PRIMAVERA/Cell:eNodeB Function Name=L_GUA11352_PRIMAVERA, Local Cell ID=3, Cell Name=L_GUA11352_PRIMAVERA_3, eNodeB ID=11352, Cell FDD TDD indication=CELL_FDD",Reliable,4096.881,465.269
2026-04-10 19:00,60,"L_GUA11352_PRIMAVERA/Cell:eNodeB Function Name=L_GUA11352_PRIMAVERA, Local Cell ID=2, Cell Name=L_GUA11352_PRIMAVERA_2, eNodeB ID=11352, Cell FDD TDD indication=CELL_FDD",Reliable,2697.458,278.462
2026-04-10 19:00,60,"L_GUA11352_PRIMAVERA/Cell:eNodeB Function Name=L_GUA11352_PRIMAVERA, Local Cell ID=1, Cell Name=L_GUA11352_PRIMAVERA_1, eNodeB ID=11352, Cell FDD TDD indication=CELL_FDD",Reliable,1733.473,113.106
2026-04-10 19:00,60,"L_GUA11364_EL_RECREO_1/Cell:eNodeB Function Name=L_GUA11364_EL_RECREO_1, Local Cell ID=9, Cell Name=L_GUA11364_EL_RECREO_1_9, eNodeB ID=11364, Cell FDD TDD indication=CELL_FDD",Reliable,2903.734,265.834
2026-04-10 19:00,60,"L_GUA11364_EL_RECREO_1/Cell:eNodeB Function Name=L_GUA11364_EL_RECREO_1, Local Cell ID=8, Cell Name=L_GUA11364_EL_RECREO_1_8, eNodeB ID=11364, Cell FDD TDD indication=CELL_FDD",Reliable,3234.406,557.948
2026-04-10 19:00,60,"L_GUA11364_EL_RECREO_1/Cell:eNodeB Function Name=L_GUA11364_EL_RECREO_1, Local Cell ID=7, Cell Name=L_GUA11364_EL_RECREO_1_7, eNodeB ID=11364, Cell FDD TDD indication=CELL_FDD",Reliable,749.572,49.073
2026-04-10 19:00,60,"L_GUA11364_EL_RECREO_1/Cell:eNodeB Function Name=L_GUA11364_EL_RECREO_1, Local Cell ID=3, Cell Name=L_GUA11364_EL_RECREO_1_3, eNodeB ID=11364, Cell FDD TDD indication=CELL_FDD",Reliable,3333.94,587.959
2026-04-10 19:00,60,"L_GUA11364_EL_RECREO_1/Cell:eNodeB Function Name=L_GUA11364_EL_RECREO_1, Local Cell ID=2, Cell Name=L_GUA11364_EL_RECREO_1_2, eNodeB ID=11364, Cell FDD TDD indication=CELL_FDD",Reliable,4149.698,408.028
2026-04-10 19:00,60,"L_GUA11364_EL_RECREO_1/Cell:eNodeB Function Name=L_GUA11364_EL_RECREO_1, Local Cell ID=1, Cell Name=L_GUA11364_EL_RECREO_1_1, eNodeB ID=11364, Cell FDD TDD indication=CELL_FDD",Reliable,2072.325,172.762
2026-04-10 19:00,60,"L_GUA11369_ARBOLITO/Cell:eNodeB Function Name=L_GUA11369_ARBOLITO, Local Cell ID=9, Cell Name=L_GUA11369_ARBOLITO_9, eNodeB ID=11369, Cell FDD TDD indication=CELL_FDD",Reliable,471.754,188.97
2026-04-10 19:00,60,"L_GUA11369_ARBOLITO/Cell:eNodeB Function Name=L_GUA11369_ARBOLITO, Local Cell ID=8, Cell Name=L_GUA11369_ARBOLITO_8, eNodeB ID=11369, Cell FDD TDD indication=CELL_FDD",Reliable,753.853,69.881
2026-04-10 19:00,60,"L_GUA11369_ARBOLITO/Cell:eNodeB Function Name=L_GUA11369_ARBOLITO, Local Cell ID=7, Cell Name=L_GUA11369_ARBOLITO_7, eNodeB ID=11369, Cell FDD TDD indication=CELL_FDD",Reliable,178.731,23.981
2026-04-10 19:00,60,"L_GUA11369_ARBOLITO/Cell:eNodeB Function Name=L_GUA11369_ARBOLITO, Local Cell ID=3, Cell Name=L_GUA11369_ARBOLITO_3, eNodeB ID=11369, Cell FDD TDD indication=CELL_FDD",Reliable,446.528,56.925
2026-04-10 19:00,60,"L_GUA11369_ARBOLITO/Cell:eNodeB Function Name=L_GUA11369_ARBOLITO, Local Cell ID=2, Cell Name=L_GUA11369_ARBOLITO_2, eNodeB ID=11369, Cell FDD TDD indication=CELL_FDD",Reliable,1091.443,90.024
2026-04-10 19:00,60,"L_GUA11369_ARBOLITO/Cell:eNodeB Function Name=L_GUA11369_ARBOLITO, Local Cell ID=1, Cell Name=L_GUA11369_ARBOLITO_1, eNodeB ID=11369, Cell FDD TDD indication=CELL_FDD",Reliable,592.353,42.261
2026-04-10 19:00,60,"L_GUA11371_FERIA_DE_DURAN/Cell:eNodeB Function Name=L_GUA11371_FERIA_DE_DURAN, Local Cell ID=3, Cell Name=L_GUA11371_FERIA_DE_DURAN_3, eNodeB ID=11371, Cell FDD TDD indication=CELL_FDD",Reliable,836.712,126.127
2026-04-10 19:00,60,"L_GUA11371_FERIA_DE_DURAN/Cell:eNodeB Function Name=L_GUA11371_FERIA_DE_DURAN, Local Cell ID=2, Cell Name=L_GUA11371_FERIA_DE_DURAN_2, eNodeB ID=11371, Cell FDD TDD indication=CELL_FDD",Reliable,1477.681,146.69
2026-04-10 19:00,60,"L_GUA11371_FERIA_DE_DURAN/Cell:eNodeB Function Name=L_GUA11371_FERIA_DE_DURAN, Local Cell ID=1, Cell Name=L_GUA11371_FERIA_DE_DURAN_1, eNodeB ID=11371, Cell FDD TDD indication=CELL_FDD",Reliable,665.361,45.149
2026-04-10 19:00,60,"L_GUA11372_PANORAMA/Cell:eNodeB Function Name=L_GUA11372_PANORAMA, Local Cell ID=9, Cell Name=L_GUA11372_PANORAMA_9, eNodeB ID=11372, Cell FDD TDD indication=CELL_FDD",Reliable,2355.543,272.072
2026-04-10 19:00,60,"L_GUA11372_PANORAMA/Cell:eNodeB Function Name=L_GUA11372_PANORAMA, Local Cell ID=8, Cell Name=L_GUA11372_PANORAMA_8, eNodeB ID=11372, Cell FDD TDD indication=CELL_FDD",Reliable,597.805,44.812
2026-04-10 19:00,60,"L_GUA11372_PANORAMA/Cell:eNodeB Function Name=L_GUA11372_PANORAMA, Local Cell ID=7, Cell Name=L_GUA11372_PANORAMA_7, eNodeB ID=11372, Cell FDD TDD indication=CELL_FDD",Reliable,211.984,41.218
2026-04-10 19:00,60,"L_GUA11372_PANORAMA/Cell:eNodeB Function Name=L_GUA11372_PANORAMA, Local Cell ID=3, Cell Name=L_GUA11372_PANORAMA_3, eNodeB ID=11372, Cell FDD TDD indication=CELL_FDD",Reliable,544.318,63.583
2026-04-10 19:00,60,"L_GUA11372_PANORAMA/Cell:eNodeB Function Name=L_GUA11372_PANORAMA, Local Cell ID=2, Cell Name=L_GUA11372_PANORAMA_2, eNodeB ID=11372, Cell FDD TDD indication=CELL_FDD",Reliable,3827.964,324.426
2026-04-10 19:00,60,"L_GUA11372_PANORAMA/Cell:eNodeB Function Name=L_GUA11372_PANORAMA, Local Cell ID=1, Cell Name=L_GUA11372_PANORAMA_1, eNodeB ID=11372, Cell FDD TDD indication=CELL_FDD",Reliable,1751.715,154.239
2026-04-10 19:00,60,"L_GUA11373_SAN_GABRIEL_1/Cell:eNodeB Function Name=L_GUA11373_SAN_GABRIEL_1, Local Cell ID=9, Cell Name=L_GUA11373_SAN_GABRIEL_1_9, eNodeB ID=11373, Cell FDD TDD indication=CELL_FDD",Reliable,876.358,106.054
2026-04-10 19:00,60,"L_GUA11373_SAN_GABRIEL_1/Cell:eNodeB Function Name=L_GUA11373_SAN_GABRIEL_1, Local Cell ID=8, Cell Name=L_GUA11373_SAN_GABRIEL_1_8, eNodeB ID=11373, Cell FDD TDD indication=CELL_FDD",Reliable,834.603,75.947
2026-04-10 19:00,60,"L_GUA11373_SAN_GABRIEL_1/Cell:eNodeB Function Name=L_GUA11373_SAN_GABRIEL_1, Local Cell ID=7, Cell Name=L_GUA11373_SAN_GABRIEL_1_7, eNodeB ID=11373, Cell FDD TDD indication=CELL_FDD",Reliable,2304.16,338.762
2026-04-10 19:00,60,"L_GUA11373_SAN_GABRIEL_1/Cell:eNodeB Function Name=L_GUA11373_SAN_GABRIEL_1, Local Cell ID=3, Cell Name=L_GUA11373_SAN_GABRIEL_1_3, eNodeB ID=11373, Cell FDD TDD indication=CELL_FDD",Reliable,2559.685,371.789
2026-04-10 19:00,60,"L_GUA11373_SAN_GABRIEL_1/Cell:eNodeB Function Name=L_GUA11373_SAN_GABRIEL_1, Local Cell ID=2, Cell Name=L_GUA11373_SAN_GABRIEL_1_2, eNodeB ID=11373, Cell FDD TDD indication=CELL_FDD",Reliable,1078.699,167.18
2026-04-10 19:00,60,"L_GUA11373_SAN_GABRIEL_1/Cell:eNodeB Function Name=L_GUA11373_SAN_GABRIEL_1, Local Cell ID=1, Cell Name=L_GUA11373_SAN_GABRIEL_1_1, eNodeB ID=11373, Cell FDD TDD indication=CELL_FDD",Reliable,1499.596,443.377
2026-04-10 19:00,60,"L_GUA11392_PANORAMA_SUR/Cell:eNodeB Function Name=L_GUA11392_PANORAMA_SUR, Local Cell ID=9, Cell Name=L_GUA11392_PANORAMA_SUR_9, eNodeB ID=11392, Cell FDD TDD indication=CELL_FDD",Reliable,1075.467,107.328
2026-04-10 19:00,60,"L_GUA11392_PANORAMA_SUR/Cell:eNodeB Function Name=L_GUA11392_PANORAMA_SUR, Local Cell ID=8, Cell Name=L_GUA11392_PANORAMA_SUR_8, eNodeB ID=11392, Cell FDD TDD indication=CELL_FDD",Reliable,301.63,23.327
2026-04-10 19:00,60,"L_GUA11392_PANORAMA_SUR/Cell:eNodeB Function Name=L_GUA11392_PANORAMA_SUR, Local Cell ID=7, Cell Name=L_GUA11392_PANORAMA_SUR_7, eNodeB ID=11392, Cell FDD TDD indication=CELL_FDD",Reliable,3084.14,314.505
2026-04-10 19:00,60,"L_GUA11392_PANORAMA_SUR/Cell:eNodeB Function Name=L_GUA11392_PANORAMA_SUR, Local Cell ID=3, Cell Name=L_GUA11392_PANORAMA_SUR_3, eNodeB ID=11392, Cell FDD TDD indication=CELL_FDD",Reliable,4468.527,813.443
2026-04-10 19:00,60,"L_GUA11392_PANORAMA_SUR/Cell:eNodeB Function Name=L_GUA11392_PANORAMA_SUR, Local Cell ID=2, Cell Name=L_GUA11392_PANORAMA_SUR_2, eNodeB ID=11392, Cell FDD TDD indication=CELL_FDD",Reliable,6125.413,554.004
2026-04-10 19:00,60,"L_GUA11392_PANORAMA_SUR/Cell:eNodeB Function Name=L_GUA11392_PANORAMA_SUR, Local Cell ID=1, Cell Name=L_GUA11392_PANORAMA_SUR_1, eNodeB ID=11392, Cell FDD TDD indication=CELL_FDD",Reliable,3080.184,205.097
2026-04-10 19:00,60,"L_GUA11425_GUA_DUR_VIA_YAGUACHI/Cell:eNodeB Function Name=L_GUA11425_GUA_DUR_VIA_YAGUACHI, Local Cell ID=9, Cell Name=L_GUA11425_GUA_DUR_VIA_YAGUACHI_9, eNodeB ID=11425, Cell FDD TDD indication=CELL_FDD",Reliable,689.397,84.23
2026-04-10 19:00,60,"L_GUA11425_GUA_DUR_VIA_YAGUACHI/Cell:eNodeB Function Name=L_GUA11425_GUA_DUR_VIA_YAGUACHI, Local Cell ID=8, Cell Name=L_GUA11425_GUA_DUR_VIA_YAGUACHI_8, eNodeB ID=11425, Cell FDD TDD indication=CELL_FDD",Reliable,185.276,15.306
2026-04-10 19:00,60,"L_GUA11425_GUA_DUR_VIA_YAGUACHI/Cell:eNodeB Function Name=L_GUA11425_GUA_DUR_VIA_YAGUACHI, Local Cell ID=7, Cell Name=L_GUA11425_GUA_DUR_VIA_YAGUACHI_7, eNodeB ID=11425, Cell FDD TDD indication=CELL_FDD",Reliable,153.807,9.79
2026-04-10 19:00,60,"L_GUA11425_GUA_DUR_VIA_YAGUACHI/Cell:eNodeB Function Name=L_GUA11425_GUA_DUR_VIA_YAGUACHI, Local Cell ID=3, Cell Name=L_GUA11425_GUA_DUR_VIA_YAGUACHI_3, eNodeB ID=11425, Cell FDD TDD indication=CELL_FDD",Reliable,364.101,55.715
2026-04-10 19:00,60,"L_GUA11425_GUA_DUR_VIA_YAGUACHI/Cell:eNodeB Function Name=L_GUA11425_GUA_DUR_VIA_YAGUACHI, Local Cell ID=2, Cell Name=L_GUA11425_GUA_DUR_VIA_YAGUACHI_2, eNodeB ID=11425, Cell FDD TDD indication=CELL_FDD",Reliable,284.539,23.736
2026-04-10 19:00,60,"L_GUA11425_GUA_DUR_VIA_YAGUACHI/Cell:eNodeB Function Name=L_GUA11425_GUA_DUR_VIA_YAGUACHI, Local Cell ID=1, Cell Name=L_GUA11425_GUA_DUR_VIA_YAGUACHI_1, eNodeB ID=11425, Cell FDD TDD indication=CELL_FDD",Reliable,950.88,89.368
2026-04-10 19:00,60,"L_GUA11429_GUA_DUR_004/Cell:eNodeB Function Name=L_GUA11429_GUA_DUR_004, Local Cell ID=3, Cell Name=L_GUA11429_GUA_DUR_004_3, eNodeB ID=11429, Cell FDD TDD indication=CELL_FDD",Reliable,574.18,56.792
2026-04-10 19:00,60,"L_GUA11429_GUA_DUR_004/Cell:eNodeB Function Name=L_GUA11429_GUA_DUR_004, Local Cell ID=2, Cell Name=L_GUA11429_GUA_DUR_004_2, eNodeB ID=11429, Cell FDD TDD indication=CELL_FDD",Reliable,1004.755,108.373
2026-04-10 19:00,60,"L_GUA11429_GUA_DUR_004/Cell:eNodeB Function Name=L_GUA11429_GUA_DUR_004, Local Cell ID=1, Cell Name=L_GUA11429_GUA_DUR_004_1, eNodeB ID=11429, Cell FDD TDD indication=CELL_FDD",Reliable,648.924,93.603
2026-04-10 19:00,60,"L_GUA11703_GUA_DUR_RECREO_NORTE/Cell:eNodeB Function Name=L_GUA11703_GUA_DUR_RECREO_NORTE, Local Cell ID=9, Cell Name=L_GUA11703_GUA_DUR_RECREO_NORTE_9, eNodeB ID=11703, Cell FDD TDD indication=CELL_FDD",Reliable,50.707,4.702
2026-04-10 19:00,60,"L_GUA11703_GUA_DUR_RECREO_NORTE/Cell:eNodeB Function Name=L_GUA11703_GUA_DUR_RECREO_NORTE, Local Cell ID=8, Cell Name=L_GUA11703_GUA_DUR_RECREO_NORTE_8, eNodeB ID=11703, Cell FDD TDD indication=CELL_FDD",Reliable,55.182,5.12
2026-04-10 19:00,60,"L_GUA11703_GUA_DUR_RECREO_NORTE/Cell:eNodeB Function Name=L_GUA11703_GUA_DUR_RECREO_NORTE, Local Cell ID=7, Cell Name=L_GUA11703_GUA_DUR_RECREO_NORTE_7, eNodeB ID=11703, Cell FDD TDD indication=CELL_FDD",Reliable,86.403,14.53
2026-04-10 19:00,60,"L_GUA11703_GUA_DUR_RECREO_NORTE/Cell:eNodeB Function Name=L_GUA11703_GUA_DUR_RECREO_NORTE, Local Cell ID=3, Cell Name=L_GUA11703_GUA_DUR_RECREO_NORTE_3, eNodeB ID=11703, Cell FDD TDD indication=CELL_FDD",Reliable,408.625,67.203
2026-04-10 19:00,60,"L_GUA11703_GUA_DUR_RECREO_NORTE/Cell:eNodeB Function Name=L_GUA11703_GUA_DUR_RECREO_NORTE, Local Cell ID=2, Cell Name=L_GUA11703_GUA_DUR_RECREO_NORTE_2, eNodeB ID=11703, Cell FDD TDD indication=CELL_FDD",Reliable,89.597,24.673
2026-04-10 19:00,60,"L_GUA11703_GUA_DUR_RECREO_NORTE/Cell:eNodeB Function Name=L_GUA11703_GUA_DUR_RECREO_NORTE, Local Cell ID=1, Cell Name=L_GUA11703_GUA_DUR_RECREO_NORTE_1, eNodeB ID=11703, Cell FDD TDD indication=CELL_FDD",Reliable,719.727,61.979
2026-04-10 19:00,60,"L_GUA11704_GUA_DUR_PRONACA/Cell:eNodeB Function Name=L_GUA11704_GUA_DUR_PRONACA, Local Cell ID=3, Cell Name=L_GUA11704_GUA_DUR_PRONACA_3, eNodeB ID=11704, Cell FDD TDD indication=CELL_FDD",Reliable,4227.101,399.364
2026-04-10 19:00,60,"L_GUA11704_GUA_DUR_PRONACA/Cell:eNodeB Function Name=L_GUA11704_GUA_DUR_PRONACA, Local Cell ID=2, Cell Name=L_GUA11704_GUA_DUR_PRONACA_2, eNodeB ID=11704, Cell FDD TDD indication=CELL_FDD",Reliable,1599.019,111.486
2026-04-10 19:00,60,"L_GUA11704_GUA_DUR_PRONACA/Cell:eNodeB Function Name=L_GUA11704_GUA_DUR_PRONACA, Local Cell ID=1, Cell Name=L_GUA11704_GUA_DUR_PRONACA_1, eNodeB ID=11704, Cell FDD TDD indication=CELL_FDD",Reliable,3448.238,315.242
2026-04-10 19:00,60,"L_GUA11340_GUA_MIL_BELLAVISTA_NORTE/Cell:eNodeB Function Name=L_GUA11340_GUA_MIL_BELLAVISTA_NORTE, Local Cell ID=3, Cell Name=L_GUA11340_GUA_MIL_BELLAVISTA_NORTE_3, eNodeB ID=11340, Cell FDD TDD indication=CELL_FDD",Reliable,1187.815,72.93
2026-04-10 19:00,60,"L_GUA11340_GUA_MIL_BELLAVISTA_NORTE/Cell:eNodeB Function Name=L_GUA11340_GUA_MIL_BELLAVISTA_NORTE, Local Cell ID=2, Cell Name=L_GUA11340_GUA_MIL_BELLAVISTA_NORTE_2, eNodeB ID=11340, Cell FDD TDD indication=CELL_FDD",Reliable,2833.139,181.357
2026-04-10 19:00,60,"L_GUA11340_GUA_MIL_BELLAVISTA_NORTE/Cell:eNodeB Function Name=L_GUA11340_GUA_MIL_BELLAVISTA_NORTE, Local Cell ID=1, Cell Name=L_GUA11340_GUA_MIL_BELLAVISTA_NORTE_1, eNodeB ID=11340, Cell FDD TDD indication=CELL_FDD",Reliable,815.135,95.944
2026-04-10 19:00,60,"L_GUA11340_GUA_MIL_BELLAVISTA_NORTE/Cell:eNodeB Function Name=L_GUA11340_GUA_MIL_BELLAVISTA_NORTE, Local Cell ID=9, Cell Name=L_GUA11340_GUA_MIL_BELLAVISTA_NORTE_9, eNodeB ID=11340, Cell FDD TDD indication=CELL_FDD",Reliable,982.511,78.796
2026-04-10 19:00,60,"L_GUA11340_GUA_MIL_BELLAVISTA_NORTE/Cell:eNodeB Function Name=L_GUA11340_GUA_MIL_BELLAVISTA_NORTE, Local Cell ID=8, Cell Name=L_GUA11340_GUA_MIL_BELLAVISTA_NORTE_8, eNodeB ID=11340, Cell FDD TDD indication=CELL_FDD",Reliable,797.526,62.809
2026-04-10 19:00,60,"L_GUA11340_GUA_MIL_BELLAVISTA_NORTE/Cell:eNodeB Function Name=L_GUA11340_GUA_MIL_BELLAVISTA_NORTE, Local Cell ID=7, Cell Name=L_GUA11340_GUA_MIL_BELLAVISTA_NORTE_7, eNodeB ID=11340, Cell FDD TDD indication=CELL_FDD",Reliable,977.562,80.799
2026-04-10 19:00,60,"L_GUA11362_MILAGRO_NORESTE/Cell:eNodeB Function Name=L_GUA11362_MILAGRO_NORESTE, Local Cell ID=9, Cell Name=L_GUA11362_MILAGRO_NORESTE_9, eNodeB ID=11362, Cell FDD TDD indication=CELL_FDD",Reliable,1711.33,182.938
2026-04-10 19:00,60,"L_GUA11362_MILAGRO_NORESTE/Cell:eNodeB Function Name=L_GUA11362_MILAGRO_NORESTE, Local Cell ID=8, Cell Name=L_GUA11362_MILAGRO_NORESTE_8, eNodeB ID=11362, Cell FDD TDD indication=CELL_FDD",Reliable,475.134,52.024
2026-04-10 19:00,60,"L_GUA11362_MILAGRO_NORESTE/Cell:eNodeB Function Name=L_GUA11362_MILAGRO_NORESTE, Local Cell ID=7, Cell Name=L_GUA11362_MILAGRO_NORESTE_7, eNodeB ID=11362, Cell FDD TDD indication=CELL_FDD",Reliable,1571.994,183.544
2026-04-10 19:00,60,"L_GUA11362_MILAGRO_NORESTE/Cell:eNodeB Function Name=L_GUA11362_MILAGRO_NORESTE, Local Cell ID=3, Cell Name=L_GUA11362_MILAGRO_NORESTE_3, eNodeB ID=11362, Cell FDD TDD indication=CELL_FDD",Reliable,1757.485,165.582
2026-04-10 19:00,60,"L_GUA11362_MILAGRO_NORESTE/Cell:eNodeB Function Name=L_GUA11362_MILAGRO_NORESTE, Local Cell ID=2, Cell Name=L_GUA11362_MILAGRO_NORESTE_2, eNodeB ID=11362, Cell FDD TDD indication=CELL_FDD",Reliable,1503.588,144.442
2026-04-10 19:00,60,"L_GUA11362_MILAGRO_NORESTE/Cell:eNodeB Function Name=L_GUA11362_MILAGRO_NORESTE, Local Cell ID=1, Cell Name=L_GUA11362_MILAGRO_NORESTE_1, eNodeB ID=11362, Cell FDD TDD indication=CELL_FDD",Reliable,1096.544,134.984
2026-04-10 19:00,60,"L_GUA11363_MILAGRO_SUROESTE/Cell:eNodeB Function Name=L_GUA11363_MILAGRO_SUROESTE, Local Cell ID=9, Cell Name=L_GUA11363_MILAGRO_SUROESTE_9, eNodeB ID=11363, Cell FDD TDD indication=CELL_FDD",Reliable,1970.561,147.301
2026-04-10 19:00,60,"L_GUA11363_MILAGRO_SUROESTE/Cell:eNodeB Function Name=L_GUA11363_MILAGRO_SUROESTE, Local Cell ID=8, Cell Name=L_GUA11363_MILAGRO_SUROESTE_8, eNodeB ID=11363, Cell FDD TDD indication=CELL_FDD",Reliable,3678.827,367.736
2026-04-10 19:00,60,"L_GUA11363_MILAGRO_SUROESTE/Cell:eNodeB Function Name=L_GUA11363_MILAGRO_SUROESTE, Local Cell ID=7, Cell Name=L_GUA11363_MILAGRO_SUROESTE_7, eNodeB ID=11363, Cell FDD TDD indication=CELL_FDD",Reliable,2275.563,189.299
2026-04-10 19:00,60,"L_GUA11363_MILAGRO_SUROESTE/Cell:eNodeB Function Name=L_GUA11363_MILAGRO_SUROESTE, Local Cell ID=3, Cell Name=L_GUA11363_MILAGRO_SUROESTE_3, eNodeB ID=11363, Cell FDD TDD indication=CELL_FDD",Reliable,1374.46,150.553
2026-04-10 19:00,60,"L_GUA11363_MILAGRO_SUROESTE/Cell:eNodeB Function Name=L_GUA11363_MILAGRO_SUROESTE, Local Cell ID=2, Cell Name=L_GUA11363_MILAGRO_SUROESTE_2, eNodeB ID=11363, Cell FDD TDD indication=CELL_FDD",Reliable,5902.886,777.92
2026-04-10 19:00,60,"L_GUA11363_MILAGRO_SUROESTE/Cell:eNodeB Function Name=L_GUA11363_MILAGRO_SUROESTE, Local Cell ID=1, Cell Name=L_GUA11363_MILAGRO_SUROESTE_1, eNodeB ID=11363, Cell FDD TDD indication=CELL_FDD",Reliable,2260.686,218.338
2026-04-10 19:00,60,"L_GUA11375_MILAGRO_ESTE/Cell:eNodeB Function Name=L_GUA11375_MILAGRO_ESTE, Local Cell ID=9, Cell Name=L_GUA11375_MILAGRO_ESTE_9, eNodeB ID=11375, Cell FDD TDD indication=CELL_FDD",Reliable,1237.95,88.965
2026-04-10 19:00,60,"L_GUA11375_MILAGRO_ESTE/Cell:eNodeB Function Name=L_GUA11375_MILAGRO_ESTE, Local Cell ID=8, Cell Name=L_GUA11375_MILAGRO_ESTE_8, eNodeB ID=11375, Cell FDD TDD indication=CELL_FDD",Reliable,974.706,97.89
2026-04-10 19:00,60,"L_GUA11375_MILAGRO_ESTE/Cell:eNodeB Function Name=L_GUA11375_MILAGRO_ESTE, Local Cell ID=7, Cell Name=L_GUA11375_MILAGRO_ESTE_7, eNodeB ID=11375, Cell FDD TDD indication=CELL_FDD",Reliable,705.574,67.029
2026-04-10 19:00,60,"L_GUA11375_MILAGRO_ESTE/Cell:eNodeB Function Name=L_GUA11375_MILAGRO_ESTE, Local Cell ID=3, Cell Name=L_GUA11375_MILAGRO_ESTE_3, eNodeB ID=11375, Cell FDD TDD indication=CELL_FDD",Reliable,1118.789,51.699
2026-04-10 19:00,60,"L_GUA11375_MILAGRO_ESTE/Cell:eNodeB Function Name=L_GUA11375_MILAGRO_ESTE, Local Cell ID=2, Cell Name=L_GUA11375_MILAGRO_ESTE_2, eNodeB ID=11375, Cell FDD TDD indication=CELL_FDD",Reliable,550.922,41.213
2026-04-10 19:00,60,"L_GUA11375_MILAGRO_ESTE/Cell:eNodeB Function Name=L_GUA11375_MILAGRO_ESTE, Local Cell ID=1, Cell Name=L_GUA11375_MILAGRO_ESTE_1, eNodeB ID=11375, Cell FDD TDD indication=CELL_FDD",Reliable,72.878,10.39
2026-04-10 19:00,60,"L_GUA11376_MILAGRO_SUR/Cell:eNodeB Function Name=L_GUA11376_MILAGRO_SUR, Local Cell ID=9, Cell Name=L_GUA11376_MILAGRO_SUR_9, eNodeB ID=11376, Cell FDD TDD indication=CELL_FDD",Reliable,315.616,26.774
2026-04-10 19:00,60,"L_GUA11376_MILAGRO_SUR/Cell:eNodeB Function Name=L_GUA11376_MILAGRO_SUR, Local Cell ID=8, Cell Name=L_GUA11376_MILAGRO_SUR_8, eNodeB ID=11376, Cell FDD TDD indication=CELL_FDD",Reliable,4133.069,429.274
2026-04-10 19:00,60,"L_GUA11376_MILAGRO_SUR/Cell:eNodeB Function Name=L_GUA11376_MILAGRO_SUR, Local Cell ID=7, Cell Name=L_GUA11376_MILAGRO_SUR_7, eNodeB ID=11376, Cell FDD TDD indication=CELL_FDD",Reliable,1188.322,120.037
2026-04-10 19:00,60,"L_GUA11376_MILAGRO_SUR/Cell:eNodeB Function Name=L_GUA11376_MILAGRO_SUR, Local Cell ID=3, Cell Name=L_GUA11376_MILAGRO_SUR_3, eNodeB ID=11376, Cell FDD TDD indication=CELL_FDD",Reliable,1101.568,77.666
2026-04-10 19:00,60,"L_GUA11376_MILAGRO_SUR/Cell:eNodeB Function Name=L_GUA11376_MILAGRO_SUR, Local Cell ID=2, Cell Name=L_GUA11376_MILAGRO_SUR_2, eNodeB ID=11376, Cell FDD TDD indication=CELL_FDD",Reliable,891.238,104.311
2026-04-10 19:00,60,"L_GUA11376_MILAGRO_SUR/Cell:eNodeB Function Name=L_GUA11376_MILAGRO_SUR, Local Cell ID=1, Cell Name=L_GUA11376_MILAGRO_SUR_1, eNodeB ID=11376, Cell FDD TDD indication=CELL_FDD",Reliable,2338.911,275.66
2026-04-10 19:00,60,"L_GUA11377_MILAGRO_SURESTE/Cell:eNodeB Function Name=L_GUA11377_MILAGRO_SURESTE, Local Cell ID=9, Cell Name=L_GUA11377_MILAGRO_SURESTE_9, eNodeB ID=11377, Cell FDD TDD indication=CELL_FDD",Reliable,3779.332,302.963
2026-04-10 19:00,60,"L_GUA11377_MILAGRO_SURESTE/Cell:eNodeB Function Name=L_GUA11377_MILAGRO_SURESTE, Local Cell ID=8, Cell Name=L_GUA11377_MILAGRO_SURESTE_8, eNodeB ID=11377, Cell FDD TDD indication=CELL_FDD",Reliable,2547.225,227.203
2026-04-10 19:00,60,"L_GUA11377_MILAGRO_SURESTE/Cell:eNodeB Function Name=L_GUA11377_MILAGRO_SURESTE, Local Cell ID=7, Cell Name=L_GUA11377_MILAGRO_SURESTE_7, eNodeB ID=11377, Cell FDD TDD indication=CELL_FDD",Reliable,3591.418,304.955
2026-04-10 19:00,60,"L_GUA11377_MILAGRO_SURESTE/Cell:eNodeB Function Name=L_GUA11377_MILAGRO_SURESTE, Local Cell ID=3, Cell Name=L_GUA11377_MILAGRO_SURESTE_3, eNodeB ID=11377, Cell FDD TDD indication=CELL_FDD",Reliable,3315.587,377.03
2026-04-10 19:00,60,"L_GUA11377_MILAGRO_SURESTE/Cell:eNodeB Function Name=L_GUA11377_MILAGRO_SURESTE, Local Cell ID=2, Cell Name=L_GUA11377_MILAGRO_SURESTE_2, eNodeB ID=11377, Cell FDD TDD indication=CELL_FDD",Reliable,1818.6,177.228
2026-04-10 19:00,60,"L_GUA11377_MILAGRO_SURESTE/Cell:eNodeB Function Name=L_GUA11377_MILAGRO_SURESTE, Local Cell ID=1, Cell Name=L_GUA11377_MILAGRO_SURESTE_1, eNodeB ID=11377, Cell FDD TDD indication=CELL_FDD",Reliable,1932.388,238.828
2026-04-10 19:00,60,"L_GUA11332_GUA_PLA_PAQUISHA/Cell:eNodeB Function Name=L_GUA11332_GUA_PLA_PAQUISHA, Local Cell ID=9, Cell Name=L_GUA11332_GUA_PLA_PAQUISHA_9, eNodeB ID=11332, Cell FDD TDD indication=CELL_FDD",Reliable,44.888,5.199
2026-04-10 19:00,60,"L_GUA11332_GUA_PLA_PAQUISHA/Cell:eNodeB Function Name=L_GUA11332_GUA_PLA_PAQUISHA, Local Cell ID=8, Cell Name=L_GUA11332_GUA_PLA_PAQUISHA_8, eNodeB ID=11332, Cell FDD TDD indication=CELL_FDD",Reliable,728.487,70.739
2026-04-10 19:00,60,"L_GUA11332_GUA_PLA_PAQUISHA/Cell:eNodeB Function Name=L_GUA11332_GUA_PLA_PAQUISHA, Local Cell ID=7, Cell Name=L_GUA11332_GUA_PLA_PAQUISHA_7, eNodeB ID=11332, Cell FDD TDD indication=CELL_FDD",Reliable,748.906,51.266
2026-04-10 19:00,60,"L_GUA11332_GUA_PLA_PAQUISHA/Cell:eNodeB Function Name=L_GUA11332_GUA_PLA_PAQUISHA, Local Cell ID=3, Cell Name=L_GUA11332_GUA_PLA_PAQUISHA_3, eNodeB ID=11332, Cell FDD TDD indication=CELL_FDD",Reliable,1196.898,80.76
2026-04-10 19:00,60,"L_GUA11332_GUA_PLA_PAQUISHA/Cell:eNodeB Function Name=L_GUA11332_GUA_PLA_PAQUISHA, Local Cell ID=2, Cell Name=L_GUA11332_GUA_PLA_PAQUISHA_2, eNodeB ID=11332, Cell FDD TDD indication=CELL_FDD",Reliable,999.381,133.773
2026-04-10 19:00,60,"L_GUA11332_GUA_PLA_PAQUISHA/Cell:eNodeB Function Name=L_GUA11332_GUA_PLA_PAQUISHA, Local Cell ID=1, Cell Name=L_GUA11332_GUA_PLA_PAQUISHA_1, eNodeB ID=11332, Cell FDD TDD indication=CELL_FDD",Reliable,480.275,103.979
2026-04-10 19:00,60,"L_GUA11361_PLAYAS_NOROESTE/Cell:eNodeB Function Name=L_GUA11361_PLAYAS_NOROESTE, Local Cell ID=9, Cell Name=L_GUA11361_PLAYAS_NOROESTE_9, eNodeB ID=11361, Cell FDD TDD indication=CELL_FDD",Reliable,174.645,11.881
2026-04-10 19:00,60,"L_GUA11361_PLAYAS_NOROESTE/Cell:eNodeB Function Name=L_GUA11361_PLAYAS_NOROESTE, Local Cell ID=8, Cell Name=L_GUA11361_PLAYAS_NOROESTE_8, eNodeB ID=11361, Cell FDD TDD indication=CELL_FDD",Reliable,11.889,2.031
2026-04-10 19:00,60,"L_GUA11361_PLAYAS_NOROESTE/Cell:eNodeB Function Name=L_GUA11361_PLAYAS_NOROESTE, Local Cell ID=7, Cell Name=L_GUA11361_PLAYAS_NOROESTE_7, eNodeB ID=11361, Cell FDD TDD indication=CELL_FDD",Reliable,511.216,45.107
2026-04-10 19:00,60,"L_GUA11361_PLAYAS_NOROESTE/Cell:eNodeB Function Name=L_GUA11361_PLAYAS_NOROESTE, Local Cell ID=3, Cell Name=L_GUA11361_PLAYAS_NOROESTE_3, eNodeB ID=11361, Cell FDD TDD indication=CELL_FDD",Reliable,196.241,11.691
2026-04-10 19:00,60,"L_GUA11361_PLAYAS_NOROESTE/Cell:eNodeB Function Name=L_GUA11361_PLAYAS_NOROESTE, Local Cell ID=2, Cell Name=L_GUA11361_PLAYAS_NOROESTE_2, eNodeB ID=11361, Cell FDD TDD indication=CELL_FDD",Reliable,921.798,100.164
2026-04-10 19:00,60,"L_GUA11361_PLAYAS_NOROESTE/Cell:eNodeB Function Name=L_GUA11361_PLAYAS_NOROESTE, Local Cell ID=1, Cell Name=L_GUA11361_PLAYAS_NOROESTE_1, eNodeB ID=11361, Cell FDD TDD indication=CELL_FDD",Reliable,1046.632,97.927
2026-04-10 19:00,60,"L_GUA11378_PLAYAS_ESTE/Cell:eNodeB Function Name=L_GUA11378_PLAYAS_ESTE, Local Cell ID=9, Cell Name=L_GUA11378_PLAYAS_ESTE_9, eNodeB ID=11378, Cell FDD TDD indication=CELL_FDD",Reliable,1304.501,85.221
2026-04-10 19:00,60,"L_GUA11378_PLAYAS_ESTE/Cell:eNodeB Function Name=L_GUA11378_PLAYAS_ESTE, Local Cell ID=8, Cell Name=L_GUA11378_PLAYAS_ESTE_8, eNodeB ID=11378, Cell FDD TDD indication=CELL_FDD",Reliable,1748.08,111.051
2026-04-10 19:00,60,"L_GUA11378_PLAYAS_ESTE/Cell:eNodeB Function Name=L_GUA11378_PLAYAS_ESTE, Local Cell ID=7, Cell Name=L_GUA11378_PLAYAS_ESTE_7, eNodeB ID=11378, Cell FDD TDD indication=CELL_FDD",Reliable,1305.837,87.286
2026-04-10 19:00,60,"L_GUA11378_PLAYAS_ESTE/Cell:eNodeB Function Name=L_GUA11378_PLAYAS_ESTE, Local Cell ID=3, Cell Name=L_GUA11378_PLAYAS_ESTE_3, eNodeB ID=11378, Cell FDD TDD indication=CELL_FDD",Reliable,2705.632,342.579
2026-04-10 19:00,60,"L_GUA11378_PLAYAS_ESTE/Cell:eNodeB Function Name=L_GUA11378_PLAYAS_ESTE, Local Cell ID=2, Cell Name=L_GUA11378_PLAYAS_ESTE_2, eNodeB ID=11378, Cell FDD TDD indication=CELL_FDD",Reliable,782.282,82.936
2026-04-10 19:00,60,"L_GUA11378_PLAYAS_ESTE/Cell:eNodeB Function Name=L_GUA11378_PLAYAS_ESTE, Local Cell ID=1, Cell Name=L_GUA11378_PLAYAS_ESTE_1, eNodeB ID=11378, Cell FDD TDD indication=CELL_FDD",Reliable,3124.707,240.809
2026-04-10 19:00,60,"TUN_AMB_MAYORISTA_AMBATO_UL/Cell:eNodeB Function Name=TUN_AMB_MAYORISTA_AMBATO_L, Local Cell ID=7, Cell Name=TUN_AMB_MAYORISTA_AMBATO_APT_7, eNodeB ID=44453, Cell FDD TDD indication=CELL_FDD",Reliable,6576.984,1244.877
2026-04-10 19:00,60,"TUN_AMB_MAYORISTA_AMBATO_UL/Cell:eNodeB Function Name=TUN_AMB_MAYORISTA_AMBATO_L, Local Cell ID=8, Cell Name=TUN_AMB_MAYORISTA_AMBATO_APT_8, eNodeB ID=44453, Cell FDD TDD indication=CELL_FDD",Reliable,9105.366,1136.942
2026-04-10 19:00,60,"TUN_AMB_MAYORISTA_AMBATO_UL/Cell:eNodeB Function Name=TUN_AMB_MAYORISTA_AMBATO_L, Local Cell ID=9, Cell Name=TUN_AMB_MAYORISTA_AMBATO_APT_9, eNodeB ID=44453, Cell FDD TDD indication=CELL_FDD",Reliable,3367.363,427.407
2026-04-10 19:00,60,"PIC_UIO_EASYMACRO_UNIVERS_CENTRAL_UL/Cell:eNodeB Function Name=PIC_UIO_EASYMACRO_UNIVERS_CENTRALL21, Local Cell ID=3, Cell Name=PIC_UIO_EASYMACRO_UNIVERS_CENTRAL_3, eNodeB ID=43269, Cell FDD TDD indication=CELL_FDD",Reliable,2139.998,124.377
2026-04-10 19:00,60,"PIC_UIO_EASYMACRO_UNIVERS_CENTRAL_UL/Cell:eNodeB Function Name=PIC_UIO_EASYMACRO_UNIVERS_CENTRALL21, Local Cell ID=2, Cell Name=PIC_UIO_EASYMACRO_UNIVERS_CENTRAL_2, eNodeB ID=43269, Cell FDD TDD indication=CELL_FDD",Reliable,596.828,72.98
2026-04-10 19:00,60,"PIC_UIO_EASYMACRO_UNIVERS_CENTRAL_UL/Cell:eNodeB Function Name=PIC_UIO_EASYMACRO_UNIVERS_CENTRALL21, Local Cell ID=1, Cell Name=PIC_UIO_EASYMACRO_UNIVERS_CENTRAL_1, eNodeB ID=43269, Cell FDD TDD indication=CELL_FDD",Reliable,1479.12,138.688
2026-04-10 19:00,60,"PIC_UIO_EASYMACRO_ENTR_POLITECNICA_UL/Cell:eNodeB Function Name=PIC_UIO_EASYMACRO_ENTR_POLITECNICAL21, Local Cell ID=3, Cell Name=PIC_UIO_EASYMACRO_ENTR_POLITECNICA_3, eNodeB ID=43268, Cell FDD TDD indication=CELL_FDD",Reliable,3862.458,696.945
2026-04-10 19:00,60,"PIC_UIO_EASYMACRO_ENTR_POLITECNICA_UL/Cell:eNodeB Function Name=PIC_UIO_EASYMACRO_ENTR_POLITECNICAL21, Local Cell ID=2, Cell Name=PIC_UIO_EASYMACRO_ENTR_POLITECNICA_2, eNodeB ID=43268, Cell FDD TDD indication=CELL_FDD",Reliable,1890.6,122.923
2026-04-10 19:00,60,"PIC_UIO_EASYMACRO_ENTR_POLITECNICA_UL/Cell:eNodeB Function Name=PIC_UIO_EASYMACRO_ENTR_POLITECNICAL21, Local Cell ID=1, Cell Name=PIC_UIO_EASYMACRO_ENTR_POLITECNICA_1, eNodeB ID=43268, Cell FDD TDD indication=CELL_FDD",Reliable,2526.894,311.807
2026-04-10 19:00,60,"PIC_UIO_EASYMACRO_CENT_EXPO_QUITO_UL/Cell:eNodeB Function Name=PIC_UIO_EASYMACRO_CENT_EXPO_QUITOL21, Local Cell ID=2, Cell Name=PIC_UIO_EASYMACRO_CENT_EXPO_QUITO_2, eNodeB ID=44387, Cell FDD TDD indication=CELL_FDD",Reliable,812.641,78.918
2026-04-10 19:00,60,"PIC_UIO_EASYMACRO_CENT_EXPO_QUITO_UL/Cell:eNodeB Function Name=PIC_UIO_EASYMACRO_CENT_EXPO_QUITOL21, Local Cell ID=1, Cell Name=PIC_UIO_EASYMACRO_CENT_EXPO_QUITO_1, eNodeB ID=44387, Cell FDD TDD indication=CELL_FDD",Reliable,797.592,122.556
2026-04-10 19:00,60,"PIC_UIO_EASYMACRO_SECTOR_CUMANDA_UL/Cell:eNodeB Function Name=PIC_UIO_EASYMACRO_SECTOR_CUMANDAL21, Local Cell ID=3, Cell Name=PIC_UIO_EASYMACRO_SECTOR_CUMANDA3, eNodeB ID=43271, Cell FDD TDD indication=CELL_FDD",Reliable,71.867,16.749
2026-04-10 19:00,60,"PIC_UIO_EASYMACRO_SECTOR_CUMANDA_UL/Cell:eNodeB Function Name=PIC_UIO_EASYMACRO_SECTOR_CUMANDAL21, Local Cell ID=2, Cell Name=PIC_UIO_EASYMACRO_SECTOR_CUMANDA2, eNodeB ID=43271, Cell FDD TDD indication=CELL_FDD",Reliable,6.543,1.005
2026-04-10 19:00,60,"PIC_UIO_EASYMACRO_SECTOR_CUMANDA_UL/Cell:eNodeB Function Name=PIC_UIO_EASYMACRO_SECTOR_CUMANDAL21, Local Cell ID=1, Cell Name=PIC_UIO_EASYMACRO_SECTOR_CUMANDA1, eNodeB ID=43271, Cell FDD TDD indication=CELL_FDD",Reliable,467.453,71.947
2026-04-10 19:00,60,"IMB_GON_SAN_PABLO_UL/Cell:eNodeB Function Name=IMB_GON_SAN_PABLO_L, Local Cell ID=7, Cell Name=IMB_GON_SAN_PABLO_APT_7, eNodeB ID=44751, Cell FDD TDD indication=CELL_FDD",Reliable,7818.977,805.342
2026-04-10 19:00,60,"IMB_GON_SAN_PABLO_UL/Cell:eNodeB Function Name=IMB_GON_SAN_PABLO_L, Local Cell ID=8, Cell Name=IMB_GON_SAN_PABLO_APT_8, eNodeB ID=44751, Cell FDD TDD indication=CELL_FDD",Reliable,1435.907,132.366
2026-04-10 19:00,60,"IMB_GON_SAN_PABLO_UL/Cell:eNodeB Function Name=IMB_GON_SAN_PABLO_L, Local Cell ID=9, Cell Name=IMB_GON_SAN_PABLO_APT_9, eNodeB ID=44751, Cell FDD TDD indication=CELL_FDD",Reliable,9447.95,1956.167
2026-04-10 19:00,60,"ORE_DAY_DAYUMA_UL/Cell:eNodeB Function Name=ORE_DAY_DAYUMA_L, Local Cell ID=9, Cell Name=ORE_DAY_DAYUMA_APT_9, eNodeB ID=43213, Cell FDD TDD indication=CELL_FDD",Reliable,7945.605,895.358
2026-04-10 19:00,60,"ORE_DAY_DAYUMA_UL/Cell:eNodeB Function Name=ORE_DAY_DAYUMA_L, Local Cell ID=8, Cell Name=ORE_DAY_DAYUMA_APT_8, eNodeB ID=43213, Cell FDD TDD indication=CELL_FDD",Reliable,11507.174,1378.997
2026-04-10 19:00,60,"ORE_DAY_DAYUMA_UL/Cell:eNodeB Function Name=ORE_DAY_DAYUMA_L, Local Cell ID=7, Cell Name=ORE_DAY_DAYUMA_APT_7, eNodeB ID=43213, Cell FDD TDD indication=CELL_FDD",Reliable,1285.834,471.458
2026-04-10 19:00,60,"SUC_PUT_BLOQUE_58_UL/Cell:eNodeB Function Name=SUC_PUT_BLOQUE_58_L, Local Cell ID=9, Cell Name=SUC_PUT_BLOQUE_58_APT_9, eNodeB ID=43214, Cell FDD TDD indication=CELL_FDD",Reliable,4412.645,543.124
2026-04-10 19:00,60,"SUC_PUT_BLOQUE_58_UL/Cell:eNodeB Function Name=SUC_PUT_BLOQUE_58_L, Local Cell ID=8, Cell Name=SUC_PUT_BLOQUE_58_APT_8, eNodeB ID=43214, Cell FDD TDD indication=CELL_FDD",Reliable,2886.899,239.227
2026-04-10 19:00,60,"SUC_PUT_BLOQUE_58_UL/Cell:eNodeB Function Name=SUC_PUT_BLOQUE_58_L, Local Cell ID=7, Cell Name=SUC_PUT_BLOQUE_58_APT_7, eNodeB ID=43214, Cell FDD TDD indication=CELL_FDD",Reliable,9244.952,1631.767
2026-04-10 19:00,60,"PI_UIO_MONTESERRIN_UL/Cell:eNodeB Function Name=PI_UIO_MONTESERRINL21, Local Cell ID=3, Cell Name=PI_UIO_MONTESERRIN_3, eNodeB ID=44012, Cell FDD TDD indication=CELL_FDD",Reliable,399.472,59.396
2026-04-10 19:00,60,"PI_UIO_MONTESERRIN_UL/Cell:eNodeB Function Name=PI_UIO_MONTESERRINL21, Local Cell ID=1, Cell Name=PI_UIO_MONTESERRIN_1, eNodeB ID=44012, Cell FDD TDD indication=CELL_FDD",Reliable,66.256,12.935
2026-04-10 19:00,60,"PI_UIO_MONTESERRIN_UL/Cell:eNodeB Function Name=PI_UIO_MONTESERRINL21, Local Cell ID=2, Cell Name=PI_UIO_MONTESERRIN_2, eNodeB ID=44012, Cell FDD TDD indication=CELL_FDD",Reliable,961.555,95.626
2026-04-10 19:00,60,"PI_UIO_MONTESERRIN_UL/Cell:eNodeB Function Name=PI_UIO_MONTESERRINL21, Local Cell ID=7, Cell Name=PI_UIO_MONTESERRIN_APT_7, eNodeB ID=44012, Cell FDD TDD indication=CELL_FDD",Reliable,1076.371,84.553
2026-04-10 19:00,60,"PI_UIO_MONTESERRIN_UL/Cell:eNodeB Function Name=PI_UIO_MONTESERRINL21, Local Cell ID=8, Cell Name=PI_UIO_MONTESERRIN_APT_8, eNodeB ID=44012, Cell FDD TDD indication=CELL_FDD",Reliable,1450.384,146.905
2026-04-10 19:00,60,"PIC_CHI_LA_CHORRERA_UL/Cell:eNodeB Function Name=PIC_CHI_LA_CHORRERA_L, Local Cell ID=13, Cell Name=PIC_CHI_LA_CHORRERA_L19_13, eNodeB ID=43307, Cell FDD TDD indication=CELL_FDD",Reliable,330.993,50.978
2026-04-10 19:00,60,"PIC_CHI_LA_CHORRERA_UL/Cell:eNodeB Function Name=PIC_CHI_LA_CHORRERA_L, Local Cell ID=12, Cell Name=PIC_CHI_LA_CHORRERA_L19_12, eNodeB ID=43307, Cell FDD TDD indication=CELL_FDD",Reliable,782.016,68.809
2026-04-10 19:00,60,"PIC_CHI_LA_CHORRERA_UL/Cell:eNodeB Function Name=PIC_CHI_LA_CHORRERA_L, Local Cell ID=11, Cell Name=PIC_CHI_LA_CHORRERA_L19_11, eNodeB ID=43307, Cell FDD TDD indication=CELL_FDD",Reliable,241.128,34.514
2026-04-10 19:00,60,"PIC_CHI_LA_CHORRERA_UL/Cell:eNodeB Function Name=PIC_CHI_LA_CHORRERA_L, Local Cell ID=9, Cell Name=PIC_CHI_LA_CHORRERA_L7_9, eNodeB ID=43307, Cell FDD TDD indication=CELL_FDD",Reliable,1556.569,187.157
2026-04-10 19:00,60,"PIC_CHI_LA_CHORRERA_UL/Cell:eNodeB Function Name=PIC_CHI_LA_CHORRERA_L, Local Cell ID=8, Cell Name=PIC_CHI_LA_CHORRERA_L7_8, eNodeB ID=43307, Cell FDD TDD indication=CELL_FDD",Reliable,1893.258,173.545
2026-04-10 19:00,60,"PIC_CHI_LA_CHORRERA_UL/Cell:eNodeB Function Name=PIC_CHI_LA_CHORRERA_L, Local Cell ID=7, Cell Name=PIC_CHI_LA_CHORRERA_L7_7, eNodeB ID=43307, Cell FDD TDD indication=CELL_FDD",Reliable,827,47.528
2026-04-10 19:00,60,"SUC_LAG_VIA_A_COLOMBIA_UL/Cell:eNodeB Function Name=SUC_LAG_VIA_A_COLOMBIA_L, Local Cell ID=9, Cell Name=SUC_LAG_VIA_A_COLOMBIA_APT_9, eNodeB ID=43313, Cell FDD TDD indication=CELL_FDD",Reliable,834.308,213.164
2026-04-10 19:00,60,"SUC_LAG_VIA_A_COLOMBIA_UL/Cell:eNodeB Function Name=SUC_LAG_VIA_A_COLOMBIA_L, Local Cell ID=8, Cell Name=SUC_LAG_VIA_A_COLOMBIA_APT_8, eNodeB ID=43313, Cell FDD TDD indication=CELL_FDD",Reliable,2029.351,414.061
2026-04-10 19:00,60,"SUC_LAG_VIA_A_COLOMBIA_UL/Cell:eNodeB Function Name=SUC_LAG_VIA_A_COLOMBIA_L, Local Cell ID=7, Cell Name=SUC_LAG_VIA_A_COLOMBIA_APT_7, eNodeB ID=43313, Cell FDD TDD indication=CELL_FDD",Reliable,2247,298.141
2026-04-10 19:00,60,"PIC_CAY_JUAN_MONTALVO_UL/Cell:eNodeB Function Name=PIC_CAY_JUAN_MONTALVO_L, Local Cell ID=9, Cell Name=PIC_CAY_JUAN_MONTALVO_L7_9, eNodeB ID=43306, Cell FDD TDD indication=CELL_FDD",Reliable,4806.488,526.316
2026-04-10 19:00,60,"PIC_CAY_JUAN_MONTALVO_UL/Cell:eNodeB Function Name=PIC_CAY_JUAN_MONTALVO_L, Local Cell ID=8, Cell Name=PIC_CAY_JUAN_MONTALVO_L7_8, eNodeB ID=43306, Cell FDD TDD indication=CELL_FDD",Reliable,3140.834,306.878
2026-04-10 19:00,60,"PIC_CAY_JUAN_MONTALVO_UL/Cell:eNodeB Function Name=PIC_CAY_JUAN_MONTALVO_L, Local Cell ID=7, Cell Name=PIC_CAY_JUAN_MONTALVO_L7_7, eNodeB ID=43306, Cell FDD TDD indication=CELL_FDD",Reliable,7194.151,1005.191
2026-04-10 19:00,60,"PIC_MAC_FUERTE_MIL_ATAHUALPA_UL/Cell:eNodeB Function Name=PIC_MAC_FUERTE_MIL_ATAHUALPA_L, Local Cell ID=9, Cell Name=PIC_MAC_FUERTE_MIL_ATAHUALPA_L7_9, eNodeB ID=43309, Cell FDD TDD indication=CELL_FDD",Reliable,11153.72,1783.369
2026-04-10 19:00,60,"PIC_MAC_FUERTE_MIL_ATAHUALPA_UL/Cell:eNodeB Function Name=PIC_MAC_FUERTE_MIL_ATAHUALPA_L, Local Cell ID=8, Cell Name=PIC_MAC_FUERTE_MIL_ATAHUALPA_L7_8, eNodeB ID=43309, Cell FDD TDD indication=CELL_FDD",Reliable,2435.397,239.113
2026-04-10 19:00,60,"PIC_MAC_FUERTE_MIL_ATAHUALPA_UL/Cell:eNodeB Function Name=PIC_MAC_FUERTE_MIL_ATAHUALPA_L, Local Cell ID=7, Cell Name=PIC_MAC_FUERTE_MIL_ATAHUALPA_L7_7, eNodeB ID=43309, Cell FDD TDD indication=CELL_FDD",Reliable,182.27,13.586
2026-04-10 19:00,60,"PAS_PUY_VIA_A_MACAS_UL/Cell:eNodeB Function Name=PAS_PUY_VIA_A_MACAS_L, Local Cell ID=9, Cell Name=PAS_PUY_VIA_A_MACAS_L7_9, eNodeB ID=43284, Cell FDD TDD indication=CELL_FDD",Reliable,4634.4,440.723
2026-04-10 19:00,60,"PAS_PUY_VIA_A_MACAS_UL/Cell:eNodeB Function Name=PAS_PUY_VIA_A_MACAS_L, Local Cell ID=8, Cell Name=PAS_PUY_VIA_A_MACAS_L7_8, eNodeB ID=43284, Cell FDD TDD indication=CELL_FDD",Reliable,569.982,54.379
2026-04-10 19:00,60,"PAS_PUY_VIA_A_MACAS_UL/Cell:eNodeB Function Name=PAS_PUY_VIA_A_MACAS_L, Local Cell ID=7, Cell Name=PAS_PUY_VIA_A_MACAS_L7_7, eNodeB ID=43284, Cell FDD TDD indication=CELL_FDD",Reliable,1475.869,247.974
2026-04-10 19:00,60,"PIC_CHI_SAN_NICOLASL7/Cell:eNodeB Function Name=PIC_CHI_SAN_NICOLASL7, Local Cell ID=9, Cell Name=PIC_CHI_SAN_NICOLAS_L7_9, eNodeB ID=43100, Cell FDD TDD indication=CELL_FDD",Reliable,1900.37,180.382
2026-04-10 19:00,60,"PIC_CHI_SAN_NICOLASL7/Cell:eNodeB Function Name=PIC_CHI_SAN_NICOLASL7, Local Cell ID=8, Cell Name=PIC_CHI_SAN_NICOLAS_L7_8, eNodeB ID=43100, Cell FDD TDD indication=CELL_FDD",Reliable,934.811,76.219
2026-04-10 19:00,60,"PIC_CHI_SAN_NICOLASL7/Cell:eNodeB Function Name=PIC_CHI_SAN_NICOLASL7, Local Cell ID=7, Cell Name=PIC_CHI_SAN_NICOLAS_L7_7, eNodeB ID=43100, Cell FDD TDD indication=CELL_FDD",Reliable,2988.459,244.398
2026-04-10 19:00,60,"COT_LAT_BYPASS_UL/Cell:eNodeB Function Name=COT_LAT_BYPASS_L, Local Cell ID=9, Cell Name=COT_LAT_BYPASS_L7_9, eNodeB ID=43302, Cell FDD TDD indication=CELL_FDD",Reliable,5220.831,612.479
2026-04-10 19:00,60,"COT_LAT_BYPASS_UL/Cell:eNodeB Function Name=COT_LAT_BYPASS_L, Local Cell ID=8, Cell Name=COT_LAT_BYPASS_L7_8, eNodeB ID=43302, Cell FDD TDD indication=CELL_FDD",Reliable,1529.439,231.702
2026-04-10 19:00,60,"COT_LAT_BYPASS_UL/Cell:eNodeB Function Name=COT_LAT_BYPASS_L, Local Cell ID=7, Cell Name=COT_LAT_BYPASS_L7_7, eNodeB ID=43302, Cell FDD TDD indication=CELL_FDD",Reliable,2530.741,227.291
2026-04-10 19:00,60,"COT_LAT_CHAN_CHICO_UL/Cell:eNodeB Function Name=COT_LAT_CHAN_CHICO_L, Local Cell ID=9, Cell Name=COT_LAT_CHAN_CHICO_L7_9, eNodeB ID=43294, Cell FDD TDD indication=CELL_FDD",Reliable,1597.274,120.547
2026-04-10 19:00,60,"COT_LAT_CHAN_CHICO_UL/Cell:eNodeB Function Name=COT_LAT_CHAN_CHICO_L, Local Cell ID=8, Cell Name=COT_LAT_CHAN_CHICO_L7_8, eNodeB ID=43294, Cell FDD TDD indication=CELL_FDD",Reliable,23.118,16.811
2026-04-10 19:00,60,"COT_LAT_CHAN_CHICO_UL/Cell:eNodeB Function Name=COT_LAT_CHAN_CHICO_L, Local Cell ID=7, Cell Name=COT_LAT_CHAN_CHICO_L7_7, eNodeB ID=43294, Cell FDD TDD indication=CELL_FDD",Reliable,4512.547,511.857
2026-04-10 19:00,60,"IMB_IBA_MIN_LABOL7/Cell:eNodeB Function Name=IMB_IBA_MIN_LABOL7, Local Cell ID=9, Cell Name=IMB_IBA_MIN_LABO_L7_9, eNodeB ID=43532, Cell FDD TDD indication=CELL_FDD",Reliable,4993.428,625.366
2026-04-10 19:00,60,"IMB_IBA_MIN_LABOL7/Cell:eNodeB Function Name=IMB_IBA_MIN_LABOL7, Local Cell ID=8, Cell Name=IMB_IBA_MIN_LABO_L7_8, eNodeB ID=43532, Cell FDD TDD indication=CELL_FDD",Reliable,4514.16,639.55
2026-04-10 19:00,60,"IMB_IBA_MIN_LABOL7/Cell:eNodeB Function Name=IMB_IBA_MIN_LABOL7, Local Cell ID=7, Cell Name=IMB_IBA_MIN_LABO_L7_7, eNodeB ID=43532, Cell FDD TDD indication=CELL_FDD",Reliable,1770.971,270.547
2026-04-10 19:00,60,"PIC_CHI_SANTA_ISABEL_UL/Cell:eNodeB Function Name=PIC_CHI_SANTA_ISABEL_L, Local Cell ID=13, Cell Name=PIC_CHI_SANTA_ISABEL_L19_13, eNodeB ID=43320, Cell FDD TDD indication=CELL_FDD",Reliable,76.51,9.813
2026-04-10 19:00,60,"PIC_CHI_SANTA_ISABEL_UL/Cell:eNodeB Function Name=PIC_CHI_SANTA_ISABEL_L, Local Cell ID=12, Cell Name=PIC_CHI_SANTA_ISABEL_L19_12, eNodeB ID=43320, Cell FDD TDD indication=CELL_FDD",Reliable,4402.067,212.2
2026-04-10 19:00,60,"PIC_CHI_SANTA_ISABEL_UL/Cell:eNodeB Function Name=PIC_CHI_SANTA_ISABEL_L, Local Cell ID=11, Cell Name=PIC_CHI_SANTA_ISABEL_L19_11, eNodeB ID=43320, Cell FDD TDD indication=CELL_FDD",Reliable,2435.065,251.847
2026-04-10 19:00,60,"PIC_CHI_SANTA_ISABEL_UL/Cell:eNodeB Function Name=PIC_CHI_SANTA_ISABEL_L, Local Cell ID=8, Cell Name=PIC_CHI_SANTA_ISABEL_L7_8, eNodeB ID=43320, Cell FDD TDD indication=CELL_FDD",Reliable,6653.036,825.588
2026-04-10 19:00,60,"PIC_CHI_SANTA_ISABEL_UL/Cell:eNodeB Function Name=PIC_CHI_SANTA_ISABEL_L, Local Cell ID=7, Cell Name=PIC_CHI_SANTA_ISABEL_L7_7, eNodeB ID=43320, Cell FDD TDD indication=CELL_FDD",Reliable,3048.361,482.675
2026-04-10 19:00,60,"IMB_SJQ_CEMENTO_SELVA_ALEGRE_UL/Cell:eNodeB Function Name=IMB_SJQ_CEMENTO_SELVA_ALEGRE_L, Local Cell ID=8, Cell Name=IMB_SJQ_CEMENTO_SELVA_ALEGRE_L7_8, eNodeB ID=43315, Cell FDD TDD indication=CELL_FDD",Reliable,1621.48,109.168
2026-04-10 19:00,60,"IMB_SJQ_CEMENTO_SELVA_ALEGRE_UL/Cell:eNodeB Function Name=IMB_SJQ_CEMENTO_SELVA_ALEGRE_L, Local Cell ID=7, Cell Name=IMB_SJQ_CEMENTO_SELVA_ALEGRE_L7_7, eNodeB ID=43315, Cell FDD TDD indication=CELL_FDD",Reliable,1799.153,141.657
2026-04-10 19:00,60,"PIC_UIO_SANTA_ROSA_UL/Cell:eNodeB Function Name=PIC_UIO_SANTA_ROSA_L, Local Cell ID=9, Cell Name=PIC_UIO_SANTA_ROSA_L7_9, eNodeB ID=43298, Cell FDD TDD indication=CELL_FDD",Reliable,2006.132,174.766
2026-04-10 19:00,60,"PIC_UIO_SANTA_ROSA_UL/Cell:eNodeB Function Name=PIC_UIO_SANTA_ROSA_L, Local Cell ID=8, Cell Name=PIC_UIO_SANTA_ROSA_L7_8, eNodeB ID=43298, Cell FDD TDD indication=CELL_FDD",Reliable,3445.444,176.589
2026-04-10 19:00,60,"PIC_UIO_SANTA_ROSA_UL/Cell:eNodeB Function Name=PIC_UIO_SANTA_ROSA_L, Local Cell ID=7, Cell Name=PIC_UIO_SANTA_ROSA_L7_7, eNodeB ID=43298, Cell FDD TDD indication=CELL_FDD",Reliable,2514.517,286.28
2026-04-10 19:00,60,"CAR_BOL_CABRAS_UL/Cell:eNodeB Function Name=CAR_BOL_CABRAS_L, Local Cell ID=9, Cell Name=CAR_BOL_CABRAS_L7_9, eNodeB ID=43303, Cell FDD TDD indication=CELL_FDD",Reliable,5703.557,460.038
2026-04-10 19:00,60,"CAR_BOL_CABRAS_UL/Cell:eNodeB Function Name=CAR_BOL_CABRAS_L, Local Cell ID=8, Cell Name=CAR_BOL_CABRAS_L7_8, eNodeB ID=43303, Cell FDD TDD indication=CELL_FDD",Reliable,6608.564,1101.685
2026-04-10 19:00,60,"CAR_BOL_CABRAS_UL/Cell:eNodeB Function Name=CAR_BOL_CABRAS_L, Local Cell ID=7, Cell Name=CAR_BOL_CABRAS_L7_7, eNodeB ID=43303, Cell FDD TDD indication=CELL_FDD",Reliable,3027.905,231.17
2026-04-10 19:00,60,"NAP_TEN_NORTE_UL/Cell:eNodeB Function Name=NAP_TEN_NORTE_L, Local Cell ID=9, Cell Name=NAP_TEN_NORTE_L7_9, eNodeB ID=43295, Cell FDD TDD indication=CELL_FDD",Reliable,1372.336,150.343
2026-04-10 19:00,60,"NAP_TEN_NORTE_UL/Cell:eNodeB Function Name=NAP_TEN_NORTE_L, Local Cell ID=8, Cell Name=NAP_TEN_NORTE_L7_8, eNodeB ID=43295, Cell FDD TDD indication=CELL_FDD",Reliable,5059.743,525.728
2026-04-10 19:00,60,"NAP_TEN_NORTE_UL/Cell:eNodeB Function Name=NAP_TEN_NORTE_L, Local Cell ID=7, Cell Name=NAP_TEN_NORTE_L7_7, eNodeB ID=43295, Cell FDD TDD indication=CELL_FDD",Reliable,10067.947,2280.674
2026-04-10 19:00,60,"PIC_UIO_ORIENTE_QUITENOL7/Cell:eNodeB Function Name=PIC_UIO_ORIENTE_QUITENOL7, Local Cell ID=9, Cell Name=PIC_UIO_ORIENTE_QUITENO_L7_9, eNodeB ID=43312, Cell FDD TDD indication=CELL_FDD",Reliable,475.379,41.165
2026-04-10 19:00,60,"PIC_UIO_ORIENTE_QUITENOL7/Cell:eNodeB Function Name=PIC_UIO_ORIENTE_QUITENOL7, Local Cell ID=8, Cell Name=PIC_UIO_ORIENTE_QUITENO_L7_8, eNodeB ID=43312, Cell FDD TDD indication=CELL_FDD",Reliable,427.258,43.823
2026-04-10 19:00,60,"PIC_UIO_ORIENTE_QUITENOL7/Cell:eNodeB Function Name=PIC_UIO_ORIENTE_QUITENOL7, Local Cell ID=7, Cell Name=PIC_UIO_ORIENTE_QUITENO_L7_7, eNodeB ID=43312, Cell FDD TDD indication=CELL_FDD",Reliable,4404.697,354.179
2026-04-10 19:00,60,"PIC_YAR_OTON_UL/Cell:eNodeB Function Name=PIC_YAR_OTON_L, Local Cell ID=9, Cell Name=PIC_YAR_OTON_L7_9, eNodeB ID=43318, Cell FDD TDD indication=CELL_FDD",Reliable,414.52,48.681
2026-04-10 19:00,60,"PIC_YAR_OTON_UL/Cell:eNodeB Function Name=PIC_YAR_OTON_L, Local Cell ID=8, Cell Name=PIC_YAR_OTON_L7_8, eNodeB ID=43318, Cell FDD TDD indication=CELL_FDD",Reliable,4590.745,520.939
2026-04-10 19:00,60,"PIC_YAR_OTON_UL/Cell:eNodeB Function Name=PIC_YAR_OTON_L, Local Cell ID=7, Cell Name=PIC_YAR_OTON_L7_7, eNodeB ID=43318, Cell FDD TDD indication=CELL_FDD",Reliable,1478.946,160.627
2026-04-10 19:00,60,"STD_CON_CONCORDIA_NORTEL7/Cell:eNodeB Function Name=STD_CON_CONCORDIA_NORTEL7, Local Cell ID=9, Cell Name=STD_CON_CONCORDIA_NORTE_L7_9, eNodeB ID=43102, Cell FDD TDD indication=CELL_FDD",Reliable,765.087,71.961
2026-04-10 19:00,60,"STD_CON_CONCORDIA_NORTEL7/Cell:eNodeB Function Name=STD_CON_CONCORDIA_NORTEL7, Local Cell ID=8, Cell Name=STD_CON_CONCORDIA_NORTE_L7_8, eNodeB ID=43102, Cell FDD TDD indication=CELL_FDD",Reliable,80.936,18.724
2026-04-10 19:00,60,"STD_CON_CONCORDIA_NORTEL7/Cell:eNodeB Function Name=STD_CON_CONCORDIA_NORTEL7, Local Cell ID=7, Cell Name=STD_CON_CONCORDIA_NORTE_L7_7, eNodeB ID=43102, Cell FDD TDD indication=CELL_FDD",Reliable,577.817,61.902
2026-04-10 19:00,60,"PIC_CHI_SANTA_TERESITA_DEL_VALLE_UL/Cell:eNodeB Function Name=PIC_CHI_SANTA_TERESITA_DEL_VALLE_L, Local Cell ID=13, Cell Name=PIC_CHI_SANTA_TERESITA_DEL_VALLE_L19_13, eNodeB ID=43308, Cell FDD TDD indication=CELL_FDD",Reliable,130.942,18.352
2026-04-10 19:00,60,"PIC_CHI_SANTA_TERESITA_DEL_VALLE_UL/Cell:eNodeB Function Name=PIC_CHI_SANTA_TERESITA_DEL_VALLE_L, Local Cell ID=12, Cell Name=PIC_CHI_SANTA_TERESITA_DEL_VALLE_L19_12, eNodeB ID=43308, Cell FDD TDD indication=CELL_FDD",Reliable,171.106,19.286
2026-04-10 19:00,60,"PIC_CHI_SANTA_TERESITA_DEL_VALLE_UL/Cell:eNodeB Function Name=PIC_CHI_SANTA_TERESITA_DEL_VALLE_L, Local Cell ID=11, Cell Name=PIC_CHI_SANTA_TERESITA_DEL_VALLE_L19_11, eNodeB ID=43308, Cell FDD TDD indication=CELL_FDD",Reliable,2502.222,330.041
2026-04-10 19:00,60,"PIC_CHI_SANTA_TERESITA_DEL_VALLE_UL/Cell:eNodeB Function Name=PIC_CHI_SANTA_TERESITA_DEL_VALLE_L, Local Cell ID=9, Cell Name=PIC_CHI_SANTA_TERESITA_DEL_VALLE_L7_9, eNodeB ID=43308, Cell FDD TDD indication=CELL_FDD",Reliable,1404.793,175.991
2026-04-10 19:00,60,"PIC_CHI_SANTA_TERESITA_DEL_VALLE_UL/Cell:eNodeB Function Name=PIC_CHI_SANTA_TERESITA_DEL_VALLE_L, Local Cell ID=8, Cell Name=PIC_CHI_SANTA_TERESITA_DEL_VALLE_L7_8, eNodeB ID=43308, Cell FDD TDD indication=CELL_FDD",Reliable,1225.722,162.963
2026-04-10 19:00,60,"PIC_CHI_SANTA_TERESITA_DEL_VALLE_UL/Cell:eNodeB Function Name=PIC_CHI_SANTA_TERESITA_DEL_VALLE_L, Local Cell ID=7, Cell Name=PIC_CHI_SANTA_TERESITA_DEL_VALLE_L7_7, eNodeB ID=43308, Cell FDD TDD indication=CELL_FDD",Reliable,646.384,72.683
2026-04-10 19:00,60,"PIC_TAB_TABACUNDO_OESTEL7/Cell:eNodeB Function Name=PIC_TAB_TABACUNDO_OESTEL7, Local Cell ID=9, Cell Name=PIC_TAB_TABACUNDO_OESTE_L7_9, eNodeB ID=43291, Cell FDD TDD indication=CELL_FDD",Reliable,3071.237,329.245
2026-04-10 19:00,60,"PIC_TAB_TABACUNDO_OESTEL7/Cell:eNodeB Function Name=PIC_TAB_TABACUNDO_OESTEL7, Local Cell ID=8, Cell Name=PIC_TAB_TABACUNDO_OESTE_L7_8, eNodeB ID=43291, Cell FDD TDD indication=CELL_FDD",Reliable,2429.247,345.914
2026-04-10 19:00,60,"PIC_TAB_TABACUNDO_OESTEL7/Cell:eNodeB Function Name=PIC_TAB_TABACUNDO_OESTEL7, Local Cell ID=7, Cell Name=PIC_TAB_TABACUNDO_OESTE_L7_7, eNodeB ID=43291, Cell FDD TDD indication=CELL_FDD",Reliable,2753.429,409.264
2026-04-10 19:00,60,"PIC_UIO_COOP_COMITE_UL/Cell:eNodeB Function Name=PIC_UIO_COOP_COMITE_L, Local Cell ID=9, Cell Name=PIC_UIO_COOP_COMITE_L7_9, eNodeB ID=43310, Cell FDD TDD indication=CELL_FDD",Reliable,2163.314,260.762
2026-04-10 19:00,60,"PIC_UIO_COOP_COMITE_UL/Cell:eNodeB Function Name=PIC_UIO_COOP_COMITE_L, Local Cell ID=8, Cell Name=PIC_UIO_COOP_COMITE_L7_8, eNodeB ID=43310, Cell FDD TDD indication=CELL_FDD",Reliable,922.59,182.742
2026-04-10 19:00,60,"PIC_UIO_COOP_COMITE_UL/Cell:eNodeB Function Name=PIC_UIO_COOP_COMITE_L, Local Cell ID=7, Cell Name=PIC_UIO_COOP_COMITE_L7_7, eNodeB ID=43310, Cell FDD TDD indication=CELL_FDD",Reliable,3840.604,393.918
2026-04-10 19:00,60,"TUN_QUE_YANAYACU_UL/Cell:eNodeB Function Name=TUN_QUE_YANAYACU_L, Local Cell ID=8, Cell Name=TUN_QUE_YANAYACU_L7_8, eNodeB ID=43323, Cell FDD TDD indication=CELL_FDD",Reliable,1292.837,159.072
2026-04-10 19:00,60,"TUN_QUE_YANAYACU_UL/Cell:eNodeB Function Name=TUN_QUE_YANAYACU_L, Local Cell ID=7, Cell Name=TUN_QUE_YANAYACU_L7_7, eNodeB ID=43323, Cell FDD TDD indication=CELL_FDD",Reliable,5591.572,830.392
2026-04-10 19:00,60,"PIC_NAN_SAN_FRANCISCO_UL/Cell:eNodeB Function Name=PIC_NAN_SAN_FRANCISCO_L, Local Cell ID=9, Cell Name=PIC_NAN_SAN_FRANCISCO_L7_9, eNodeB ID=43317, Cell FDD TDD indication=CELL_FDD",Reliable,3659.3,179.078
2026-04-10 19:00,60,"PIC_NAN_SAN_FRANCISCO_UL/Cell:eNodeB Function Name=PIC_NAN_SAN_FRANCISCO_L, Local Cell ID=8, Cell Name=PIC_NAN_SAN_FRANCISCO_L7_8, eNodeB ID=43317, Cell FDD TDD indication=CELL_FDD",Reliable,2436.945,273.54
2026-04-10 19:00,60,"PIC_NAN_SAN_FRANCISCO_UL/Cell:eNodeB Function Name=PIC_NAN_SAN_FRANCISCO_L, Local Cell ID=7, Cell Name=PIC_NAN_SAN_FRANCISCO_L7_7, eNodeB ID=43317, Cell FDD TDD indication=CELL_FDD",Reliable,261.2,19.574
2026-04-10 19:00,60,"TUN_AMB_SOLCA_UL/Cell:eNodeB Function Name=TUN_AMB_SOLCA_L, Local Cell ID=9, Cell Name=TUN_AMB_SOLCA_L7_9, eNodeB ID=43285, Cell FDD TDD indication=CELL_FDD",Reliable,2561.572,317.39
2026-04-10 19:00,60,"TUN_AMB_SOLCA_UL/Cell:eNodeB Function Name=TUN_AMB_SOLCA_L, Local Cell ID=8, Cell Name=TUN_AMB_SOLCA_L7_8, eNodeB ID=43285, Cell FDD TDD indication=CELL_FDD",Reliable,4459.433,653.809
2026-04-10 19:00,60,"TUN_AMB_SOLCA_UL/Cell:eNodeB Function Name=TUN_AMB_SOLCA_L, Local Cell ID=7, Cell Name=TUN_AMB_SOLCA_L7_7, eNodeB ID=43285, Cell FDD TDD indication=CELL_FDD",Reliable,4661.148,425.872
2026-04-10 19:00,60,"TUN_AMB_HUACHI_BELEN_BAJO_UL/Cell:eNodeB Function Name=TUN_AMB_HUACHI_BELEN_BAJO_L, Local Cell ID=9, Cell Name=TUN_AMB_HUACHI_BELEN_BAJO_L7_9, eNodeB ID=43289, Cell FDD TDD indication=CELL_FDD",Reliable,6205.29,582.853
2026-04-10 19:00,60,"TUN_AMB_HUACHI_BELEN_BAJO_UL/Cell:eNodeB Function Name=TUN_AMB_HUACHI_BELEN_BAJO_L, Local Cell ID=8, Cell Name=TUN_AMB_HUACHI_BELEN_BAJO_L7_8, eNodeB ID=43289, Cell FDD TDD indication=CELL_FDD",Reliable,4996.89,824.585
2026-04-10 19:00,60,"TUN_AMB_HUACHI_BELEN_BAJO_UL/Cell:eNodeB Function Name=TUN_AMB_HUACHI_BELEN_BAJO_L, Local Cell ID=7, Cell Name=TUN_AMB_HUACHI_BELEN_BAJO_L7_7, eNodeB ID=43289, Cell FDD TDD indication=CELL_FDD",Reliable,5518.376,559.29
2026-04-10 19:00,60,"STD_VHE_ENTR_VALLE_HERMOSO_UL/Cell:eNodeB Function Name=STD_VHE_ENTR_VALLE_HERMOSO_L, Local Cell ID=9, Cell Name=STD_VHE_ENTR_VALLE_HERMOSO_L7_9, eNodeB ID=43292, Cell FDD TDD indication=CELL_FDD",Reliable,1280.454,130.244
2026-04-10 19:00,60,"STD_VHE_ENTR_VALLE_HERMOSO_UL/Cell:eNodeB Function Name=STD_VHE_ENTR_VALLE_HERMOSO_L, Local Cell ID=8, Cell Name=STD_VHE_ENTR_VALLE_HERMOSO_L7_8, eNodeB ID=43292, Cell FDD TDD indication=CELL_FDD",Reliable,3151.055,528.48
2026-04-10 19:00,60,"STD_VHE_ENTR_VALLE_HERMOSO_UL/Cell:eNodeB Function Name=STD_VHE_ENTR_VALLE_HERMOSO_L, Local Cell ID=7, Cell Name=STD_VHE_ENTR_VALLE_HERMOSO_L7_7, eNodeB ID=43292, Cell FDD TDD indication=CELL_FDD",Reliable,1564.047,373.388
2026-04-10 19:00,60,"COT_MAN_ENTR_LA_MANA_UL/Cell:eNodeB Function Name=COT_MAN_ENTR_LA_MANA_L, Local Cell ID=9, Cell Name=COT_MAN_ENTR_LA_MANA_L7_9, eNodeB ID=43304, Cell FDD TDD indication=CELL_FDD",Reliable,2442.781,253.963
2026-04-10 19:00,60,"COT_MAN_ENTR_LA_MANA_UL/Cell:eNodeB Function Name=COT_MAN_ENTR_LA_MANA_L, Local Cell ID=8, Cell Name=COT_MAN_ENTR_LA_MANA_L7_8, eNodeB ID=43304, Cell FDD TDD indication=CELL_FDD",Reliable,3824.429,540.579
2026-04-10 19:00,60,"COT_MAN_ENTR_LA_MANA_UL/Cell:eNodeB Function Name=COT_MAN_ENTR_LA_MANA_L, Local Cell ID=7, Cell Name=COT_MAN_ENTR_LA_MANA_L7_7, eNodeB ID=43304, Cell FDD TDD indication=CELL_FDD",Reliable,0,0
2026-04-10 19:00,60,"L_GUA11152_LA_FLORIDA_OESTE/Cell:eNodeB Function Name=L_GUA11152_LA_FLORIDA_OESTE, Local Cell ID=9, Cell Name=L_GUA11152_LA_FLORIDA_OESTE_9, eNodeB ID=11152, Cell FDD TDD indication=CELL_FDD",Reliable,1654.31,110.02
2026-04-10 19:00,60,"L_GUA11152_LA_FLORIDA_OESTE/Cell:eNodeB Function Name=L_GUA11152_LA_FLORIDA_OESTE, Local Cell ID=8, Cell Name=L_GUA11152_LA_FLORIDA_OESTE_8, eNodeB ID=11152, Cell FDD TDD indication=CELL_FDD",Reliable,783.78,61.076
2026-04-10 19:00,60,"L_GUA11152_LA_FLORIDA_OESTE/Cell:eNodeB Function Name=L_GUA11152_LA_FLORIDA_OESTE, Local Cell ID=7, Cell Name=L_GUA11152_LA_FLORIDA_OESTE_7, eNodeB ID=11152, Cell FDD TDD indication=CELL_FDD",Reliable,93.425,6.555
2026-04-10 19:00,60,"L_GUA11152_LA_FLORIDA_OESTE/Cell:eNodeB Function Name=L_GUA11152_LA_FLORIDA_OESTE, Local Cell ID=3, Cell Name=L_GUA11152_LA_FLORIDA_OESTE_3, eNodeB ID=11152, Cell FDD TDD indication=CELL_FDD",Reliable,446.111,87.581
2026-04-10 19:00,60,"L_GUA11152_LA_FLORIDA_OESTE/Cell:eNodeB Function Name=L_GUA11152_LA_FLORIDA_OESTE, Local Cell ID=2, Cell Name=L_GUA11152_LA_FLORIDA_OESTE_2, eNodeB ID=11152, Cell FDD TDD indication=CELL_FDD",Reliable,1957.676,731.888
2026-04-10 19:00,60,"L_GUA11152_LA_FLORIDA_OESTE/Cell:eNodeB Function Name=L_GUA11152_LA_FLORIDA_OESTE, Local Cell ID=1, Cell Name=L_GUA11152_LA_FLORIDA_OESTE_1, eNodeB ID=11152, Cell FDD TDD indication=CELL_FDD",Reliable,443.016,47.002
2026-04-10 19:00,60,"STD_CON_EASYMACRO_CONCORDIA_NORTE_UL/Cell:eNodeB Function Name=STD_CON_CONCORDIA_NORTE_L, Local Cell ID=2, Cell Name=STD_CON_EASYMACRO_CONCORDIA_NORTE_L21_2, eNodeB ID=43299, Cell FDD TDD indication=CELL_FDD",Reliable,2489.352,223.699
2026-04-10 19:00,60,"STD_CON_EASYMACRO_CONCORDIA_NORTE_UL/Cell:eNodeB Function Name=STD_CON_CONCORDIA_NORTE_L, Local Cell ID=1, Cell Name=STD_CON_EASYMACRO_CONCORDIA_NORTE_L21_1, eNodeB ID=43299, Cell FDD TDD indication=CELL_FDD",Reliable,567.98,51.065
2026-04-10 19:00,60,"PIC_CHI_EASYMACRO_SAN_NICOLAS_UL/Cell:eNodeB Function Name=PIC_CHI_EASYMACRO_SAN_NICOLAS, Local Cell ID=3, Cell Name=PIC_CHI_EASYMACRO_SAN_NICOLAS_L21_3, eNodeB ID=43288, Cell FDD TDD indication=CELL_FDD",Reliable,2523.888,315.014
2026-04-10 19:00,60,"PIC_CHI_EASYMACRO_SAN_NICOLAS_UL/Cell:eNodeB Function Name=PIC_CHI_EASYMACRO_SAN_NICOLAS, Local Cell ID=2, Cell Name=PIC_CHI_EASYMACRO_SAN_NICOLAS_L21_2, eNodeB ID=43288, Cell FDD TDD indication=CELL_FDD",Reliable,1704.526,115.735
2026-04-10 19:00,60,"PIC_CHI_EASYMACRO_SAN_NICOLAS_UL/Cell:eNodeB Function Name=PIC_CHI_EASYMACRO_SAN_NICOLAS, Local Cell ID=1, Cell Name=PIC_CHI_EASYMACRO_SAN_NICOLAS_L21_1, eNodeB ID=43288, Cell FDD TDD indication=CELL_FDD",Reliable,2052.245,233.069
2026-04-10 19:00,60,"PIC_UIO_MARCOPAMBA_UL/Cell:eNodeB Function Name=PIC_UIO_EASYMACRO_MARCOPAMBA_L, Local Cell ID=2, Cell Name=PIC_UIO_EASYMACRO_MARCOPAMBA_L21_2, eNodeB ID=43286, Cell FDD TDD indication=CELL_FDD",Reliable,1083.383,132.208
2026-04-10 19:00,60,"PIC_UIO_MARCOPAMBA_UL/Cell:eNodeB Function Name=PIC_UIO_EASYMACRO_MARCOPAMBA_L, Local Cell ID=1, Cell Name=PIC_UIO_EASYMACRO_MARCOPAMBA_L21_1, eNodeB ID=43286, Cell FDD TDD indication=CELL_FDD",Reliable,2458.824,215.429
2026-04-10 19:00,60,"PIC_UIO_MARCOPAMBA_UL/Cell:eNodeB Function Name=PIC_UIO_EASYMACRO_MARCOPAMBA_L, Local Cell ID=8, Cell Name=PIC_UIO_MARCOPAMBA_L7_8, eNodeB ID=43286, Cell FDD TDD indication=CELL_FDD",Reliable,2813.913,301.744
2026-04-10 19:00,60,"PIC_UIO_MARCOPAMBA_UL/Cell:eNodeB Function Name=PIC_UIO_EASYMACRO_MARCOPAMBA_L, Local Cell ID=7, Cell Name=PIC_UIO_MARCOPAMBA_L7_7, eNodeB ID=43286, Cell FDD TDD indication=CELL_FDD",Reliable,3106.482,298.431
2026-04-10 19:00,60,"PIC_QUI_SAN_MIGUEL_ALTAPAMBA_UL/Cell:eNodeB Function Name=PIC_QUI_SAN_MIGUEL_ALTAPAMBA_L, Local Cell ID=9, Cell Name=PIC_QUI_SAN_MIGUEL_ALTAPAMBA_L7_9, eNodeB ID=43321, Cell FDD TDD indication=CELL_FDD",Reliable,1799.317,135.981
2026-04-10 19:00,60,"PIC_QUI_SAN_MIGUEL_ALTAPAMBA_UL/Cell:eNodeB Function Name=PIC_QUI_SAN_MIGUEL_ALTAPAMBA_L, Local Cell ID=8, Cell Name=PIC_QUI_SAN_MIGUEL_ALTAPAMBA_L7_8, eNodeB ID=43321, Cell FDD TDD indication=CELL_FDD",Reliable,2121.152,194.879
2026-04-10 19:00,60,"PIC_QUI_SAN_MIGUEL_ALTAPAMBA_UL/Cell:eNodeB Function Name=PIC_QUI_SAN_MIGUEL_ALTAPAMBA_L, Local Cell ID=7, Cell Name=PIC_QUI_SAN_MIGUEL_ALTAPAMBA_L7_7, eNodeB ID=43321, Cell FDD TDD indication=CELL_FDD",Reliable,1943.456,322.169
2026-04-10 19:00,60,"ORE_COC_CAMP_PETROL_UL/Cell:eNodeB Function Name=ORE_COC_CAMP_PETROL_L, Local Cell ID=9, Cell Name=ORE_COC_CAMP_PETROL_L7_9, eNodeB ID=43305, Cell FDD TDD indication=CELL_FDD",Reliable,9930.052,816.466
2026-04-10 19:00,60,"ORE_COC_CAMP_PETROL_UL/Cell:eNodeB Function Name=ORE_COC_CAMP_PETROL_L, Local Cell ID=8, Cell Name=ORE_COC_CAMP_PETROL_L7_8, eNodeB ID=43305, Cell FDD TDD indication=CELL_FDD",Reliable,12397.809,3322.602
2026-04-10 19:00,60,"ORE_COC_CAMP_PETROL_UL/Cell:eNodeB Function Name=ORE_COC_CAMP_PETROL_L, Local Cell ID=7, Cell Name=ORE_COC_CAMP_PETROL_L7_7, eNodeB ID=43305, Cell FDD TDD indication=CELL_FDD",Reliable,6.208,1.279
2026-04-10 19:00,60,"ORE_DAY_PINDO_UL/Cell:eNodeB Function Name=ORE_DAY_PINDO_L, Local Cell ID=9, Cell Name=ORE_DAY_PINDO_L7_9, eNodeB ID=43300, Cell FDD TDD indication=CELL_FDD",Reliable,6906.978,626.211
2026-04-10 19:00,60,"ORE_DAY_PINDO_UL/Cell:eNodeB Function Name=ORE_DAY_PINDO_L, Local Cell ID=8, Cell Name=ORE_DAY_PINDO_L7_8, eNodeB ID=43300, Cell FDD TDD indication=CELL_FDD",Reliable,3432.533,527.299
2026-04-10 19:00,60,"ORE_DAY_PINDO_UL/Cell:eNodeB Function Name=ORE_DAY_PINDO_L, Local Cell ID=7, Cell Name=ORE_DAY_PINDO_L7_7, eNodeB ID=43300, Cell FDD TDD indication=CELL_FDD",Reliable,4882.227,408.949
2026-04-10 19:00,60,"PIC_PVM_ARASHA_UL/Cell:eNodeB Function Name=PIC_PVM_ARASHA_L, Local Cell ID=9, Cell Name=PIC_PVM_ARASHA_L7_9, eNodeB ID=43296, Cell FDD TDD indication=CELL_FDD",Reliable,1484.401,140.41
2026-04-10 19:00,60,"PIC_PVM_ARASHA_UL/Cell:eNodeB Function Name=PIC_PVM_ARASHA_L, Local Cell ID=8, Cell Name=PIC_PVM_ARASHA_L7_8, eNodeB ID=43296, Cell FDD TDD indication=CELL_FDD",Reliable,1472.729,145.191
2026-04-10 19:00,60,"PIC_PVM_ARASHA_UL/Cell:eNodeB Function Name=PIC_PVM_ARASHA_L, Local Cell ID=7, Cell Name=PIC_PVM_ARASHA_L7_7, eNodeB ID=43296, Cell FDD TDD indication=CELL_FDD",Reliable,939.566,92.951
2026-04-10 19:00,60,"NAP_CHO_YURALPA_UL/Cell:eNodeB Function Name=NAP_CHO_YURALPA_L, Local Cell ID=7, Cell Name=NAP_CHO_YURALPA_L7_7, eNodeB ID=43293, Cell FDD TDD indication=CELL_FDD",Reliable,316.687,49.33
2026-04-10 19:00,60,"NAP_CHO_YURALPA_UL/Cell:eNodeB Function Name=NAP_CHO_YURALPA_L, Local Cell ID=8, Cell Name=NAP_CHO_YURALPA_L7_8, eNodeB ID=43293, Cell FDD TDD indication=CELL_FDD",Reliable,4147.707,457.841
2026-04-10 19:00,60,"NAP_CHO_YURALPA_UL/Cell:eNodeB Function Name=NAP_CHO_YURALPA_L, Local Cell ID=9, Cell Name=NAP_CHO_YURALPA_L7_9, eNodeB ID=43293, Cell FDD TDD indication=CELL_FDD",Reliable,1436.581,138.142
2026-04-10 19:00,60,"PIC_GUA_REDONDEL_GUAYLLABAMBA_UL/Cell:eNodeB Function Name=PIC_GUA_REDONDEL_GUAYLLABAMBA_L, Local Cell ID=9, Cell Name=PIC_GUA_REDONDEL_GUAYLLABAMBA_L7_9, eNodeB ID=43319, Cell FDD TDD indication=CELL_FDD",Reliable,5255.348,878.668
2026-04-10 19:00,60,"PIC_GUA_REDONDEL_GUAYLLABAMBA_UL/Cell:eNodeB Function Name=PIC_GUA_REDONDEL_GUAYLLABAMBA_L, Local Cell ID=8, Cell Name=PIC_GUA_REDONDEL_GUAYLLABAMBA_L7_8, eNodeB ID=43319, Cell FDD TDD indication=CELL_FDD",Reliable,3685.064,586.548
2026-04-10 19:00,60,"PIC_GUA_REDONDEL_GUAYLLABAMBA_UL/Cell:eNodeB Function Name=PIC_GUA_REDONDEL_GUAYLLABAMBA_L, Local Cell ID=7, Cell Name=PIC_GUA_REDONDEL_GUAYLLABAMBA_L7_7, eNodeB ID=43319, Cell FDD TDD indication=CELL_FDD",Reliable,3757.386,422.904
2026-04-10 19:00,60,"SUC_LIM_VICTORIA_UL/Cell:eNodeB Function Name=SUC_LIM_VICTORIA_L, Local Cell ID=9, Cell Name=SUC_LIM_VICTORIA_L7_9, eNodeB ID=43301, Cell FDD TDD indication=CELL_FDD",Reliable,3312.767,269.633
2026-04-10 19:00,60,"SUC_LIM_VICTORIA_UL/Cell:eNodeB Function Name=SUC_LIM_VICTORIA_L, Local Cell ID=8, Cell Name=SUC_LIM_VICTORIA_L7_8, eNodeB ID=43301, Cell FDD TDD indication=CELL_FDD",Reliable,5108.372,765.683
2026-04-10 19:00,60,"SUC_LIM_VICTORIA_UL/Cell:eNodeB Function Name=SUC_LIM_VICTORIA_L, Local Cell ID=7, Cell Name=SUC_LIM_VICTORIA_L7_7, eNodeB ID=43301, Cell FDD TDD indication=CELL_FDD",Reliable,3222.36,374.066
2026-04-10 19:00,60,"ESM_ESM_SAN_MATEO_UL/Cell:eNodeB Function Name=ESM_ESM_SAN_MATEO_L, Local Cell ID=9, Cell Name=ESM_ESM_SAN_MATEO_L7_9, eNodeB ID=43283, Cell FDD TDD indication=CELL_FDD",Reliable,1615.867,537.141
2026-04-10 19:00,60,"ESM_ESM_SAN_MATEO_UL/Cell:eNodeB Function Name=ESM_ESM_SAN_MATEO_L, Local Cell ID=8, Cell Name=ESM_ESM_SAN_MATEO_L7_8, eNodeB ID=43283, Cell FDD TDD indication=CELL_FDD",Reliable,4292.692,349.117
2026-04-10 19:00,60,"ESM_ESM_SAN_MATEO_UL/Cell:eNodeB Function Name=ESM_ESM_SAN_MATEO_L, Local Cell ID=7, Cell Name=ESM_ESM_SAN_MATEO_L7_7, eNodeB ID=43283, Cell FDD TDD indication=CELL_FDD",Reliable,735.718,219.046
2026-04-10 19:00,60,"ESM_ESM_SANTA_CRUZ_UL/Cell:eNodeB Function Name=ESM_ESM_SANTA_CRUZ_L, Local Cell ID=9, Cell Name=ESM_ESM_SANTA_CRUZ_L7_9, eNodeB ID=43287, Cell FDD TDD indication=CELL_FDD",Reliable,736.854,198.679
2026-04-10 19:00,60,"ESM_ESM_SANTA_CRUZ_UL/Cell:eNodeB Function Name=ESM_ESM_SANTA_CRUZ_L, Local Cell ID=8, Cell Name=ESM_ESM_SANTA_CRUZ_L7_8, eNodeB ID=43287, Cell FDD TDD indication=CELL_FDD",Reliable,213.528,15.188
2026-04-10 19:00,60,"ESM_ESM_SANTA_CRUZ_UL/Cell:eNodeB Function Name=ESM_ESM_SANTA_CRUZ_L, Local Cell ID=7, Cell Name=ESM_ESM_SANTA_CRUZ_L7_7, eNodeB ID=43287, Cell FDD TDD indication=CELL_FDD",Reliable,748.298,43.304
2026-04-10 19:00,60,"ESM_MAL_MALIMPIA_UL/Cell:eNodeB Function Name=ESM_MAL_MALIMPIA_L, Local Cell ID=9, Cell Name=ESM_MAL_MALIMPIA_L7_9, eNodeB ID=43297, Cell FDD TDD indication=CELL_FDD",Reliable,3612.984,195.42
2026-04-10 19:00,60,"ESM_MAL_MALIMPIA_UL/Cell:eNodeB Function Name=ESM_MAL_MALIMPIA_L, Local Cell ID=8, Cell Name=ESM_MAL_MALIMPIA_L7_8, eNodeB ID=43297, Cell FDD TDD indication=CELL_FDD",Reliable,206.788,35.896
2026-04-10 19:00,60,"ESM_MAL_MALIMPIA_UL/Cell:eNodeB Function Name=ESM_MAL_MALIMPIA_L, Local Cell ID=7, Cell Name=ESM_MAL_MALIMPIA_L7_7, eNodeB ID=43297, Cell FDD TDD indication=CELL_FDD",Reliable,5360.355,443.408
2026-04-10 19:00,60,"ESM_SFR_EL_SALTO_UL/Cell:eNodeB Function Name=ESM_SFR_EL_SALTO_L, Local Cell ID=9, Cell Name=ESM_SFR_EL_SALTO_L7_9, eNodeB ID=43290, Cell FDD TDD indication=CELL_FDD",Reliable,5099.153,861.527
2026-04-10 19:00,60,"ESM_SFR_EL_SALTO_UL/Cell:eNodeB Function Name=ESM_SFR_EL_SALTO_L, Local Cell ID=8, Cell Name=ESM_SFR_EL_SALTO_L7_8, eNodeB ID=43290, Cell FDD TDD indication=CELL_FDD",Reliable,1210.587,238.399
2026-04-10 19:00,60,"ESM_SFR_EL_SALTO_UL/Cell:eNodeB Function Name=ESM_SFR_EL_SALTO_L, Local Cell ID=7, Cell Name=ESM_SFR_EL_SALTO_L7_7, eNodeB ID=43290, Cell FDD TDD indication=CELL_FDD",Reliable,4346.082,511.941
2026-04-10 19:00,60,"GAL_BEL_BELLAVISTA_UL/Cell:eNodeB Function Name=GAL_BEL_BELLAVISTA_L, Local Cell ID=9, Cell Name=GAL_BEL_BELLAVISTA_L7_9, eNodeB ID=43314, Cell FDD TDD indication=CELL_FDD",Reliable,1838.279,163.326
2026-04-10 19:00,60,"GAL_BEL_BELLAVISTA_UL/Cell:eNodeB Function Name=GAL_BEL_BELLAVISTA_L, Local Cell ID=8, Cell Name=GAL_BEL_BELLAVISTA_L7_8, eNodeB ID=43314, Cell FDD TDD indication=CELL_FDD",Reliable,4716.239,626.969
2026-04-10 19:00,60,"GAL_BEL_BELLAVISTA_UL/Cell:eNodeB Function Name=GAL_BEL_BELLAVISTA_L, Local Cell ID=7, Cell Name=GAL_BEL_BELLAVISTA_L7_7, eNodeB ID=43314, Cell FDD TDD indication=CELL_FDD",Reliable,1325.17,298.66
2026-04-10 19:00,60,"PIC_SJM_ENTR_SAN_JOSE_MINAS_UL/Cell:eNodeB Function Name=PIC_SJM_ENTR_SAN_JOSE_MINAS_L, Local Cell ID=9, Cell Name=PIC_SJM_ENTR_SAN_JOSE_MINAS_L7_9, eNodeB ID=44225, Cell FDD TDD indication=CELL_FDD",Reliable,50.404,9.28
2026-04-10 19:00,60,"PIC_SJM_ENTR_SAN_JOSE_MINAS_UL/Cell:eNodeB Function Name=PIC_SJM_ENTR_SAN_JOSE_MINAS_L, Local Cell ID=8, Cell Name=PIC_SJM_ENTR_SAN_JOSE_MINAS_L7_8, eNodeB ID=44225, Cell FDD TDD indication=CELL_FDD",Reliable,3209.125,814.643
2026-04-10 19:00,60,"PIC_SJM_ENTR_SAN_JOSE_MINAS_UL/Cell:eNodeB Function Name=PIC_SJM_ENTR_SAN_JOSE_MINAS_L, Local Cell ID=7, Cell Name=PIC_SJM_ENTR_SAN_JOSE_MINAS_L7_7, eNodeB ID=44225, Cell FDD TDD indication=CELL_FDD",Reliable,1995.089,370.209
2026-04-10 19:00,60,"PIC_UIO_PARQUE_CUMANDAL7/Cell:eNodeB Function Name=PIC_UIO_PARQUE_CUMANDAL7, Local Cell ID=7, Cell Name=PIC_UIO_PARQUE_CUMANDA_L7_7, eNodeB ID=43208, Cell FDD TDD indication=CELL_FDD",Reliable,1675.865,160.71
2026-04-10 19:00,60,"PIC_UIO_PARQUE_CUMANDAL7/Cell:eNodeB Function Name=PIC_UIO_PARQUE_CUMANDAL7, Local Cell ID=8, Cell Name=PIC_UIO_PARQUE_CUMANDA_L7_8, eNodeB ID=43208, Cell FDD TDD indication=CELL_FDD",Reliable,253.313,32.351
2026-04-10 19:00,60,"PIC_UIO_PARQUE_CUMANDAL7/Cell:eNodeB Function Name=PIC_UIO_PARQUE_CUMANDAL7, Local Cell ID=9, Cell Name=PIC_UIO_PARQUE_CUMANDA_L7_9, eNodeB ID=43208, Cell FDD TDD indication=CELL_FDD",Reliable,2363.087,283.264
2026-04-10 19:00,60,"SUC_SHU_SHUSHUFINDI_OESTE_UL/Cell:eNodeB Function Name=SUC_SHU_SHUSHUFINDI_OESTE_L, Local Cell ID=9, Cell Name=SUC_SHU_SUSHUFINDI_OESTE_L7_9, eNodeB ID=43322, Cell FDD TDD indication=CELL_FDD",Reliable,3860.888,425.066
2026-04-10 19:00,60,"SUC_SHU_SHUSHUFINDI_OESTE_UL/Cell:eNodeB Function Name=SUC_SHU_SHUSHUFINDI_OESTE_L, Local Cell ID=8, Cell Name=SUC_SHU_SUSHUFINDI_OESTE_L7_8, eNodeB ID=43322, Cell FDD TDD indication=CELL_FDD",Reliable,5413.391,765.905
2026-04-10 19:00,60,"SUC_SHU_SHUSHUFINDI_OESTE_UL/Cell:eNodeB Function Name=SUC_SHU_SHUSHUFINDI_OESTE_L, Local Cell ID=7, Cell Name=SUC_SHU_SUSHUFINDI_OESTE_L7_7, eNodeB ID=43322, Cell FDD TDD indication=CELL_FDD",Reliable,6973.993,2463.121
2026-04-10 19:00,60,"PIC_CHI_FAJARDO_UL/Cell:eNodeB Function Name=PIC_CHI_FAJARDO_L, Local Cell ID=9, Cell Name=PIC_CHI_FAJARDO_L7_9, eNodeB ID=44247, Cell FDD TDD indication=CELL_FDD",Reliable,5839.797,678.877
2026-04-10 19:00,60,"PIC_CHI_FAJARDO_UL/Cell:eNodeB Function Name=PIC_CHI_FAJARDO_L, Local Cell ID=8, Cell Name=PIC_CHI_FAJARDO_L7_8, eNodeB ID=44247, Cell FDD TDD indication=CELL_FDD",Reliable,4531.757,549.015
2026-04-10 19:00,60,"PIC_CHI_FAJARDO_UL/Cell:eNodeB Function Name=PIC_CHI_FAJARDO_L, Local Cell ID=7, Cell Name=PIC_CHI_FAJARDO_L7_7, eNodeB ID=44247, Cell FDD TDD indication=CELL_FDD",Reliable,3846.331,611.163
2026-04-10 19:00,60,"ORE_LOR_LORETO_UL/Cell:eNodeB Function Name=ORE_LOR_LORETO_L, Local Cell ID=9, Cell Name=ORE_LOR_LORETO_L7_9, eNodeB ID=44866, Cell FDD TDD indication=CELL_FDD",Reliable,860.315,231.042
2026-04-10 19:00,60,"ORE_LOR_LORETO_UL/Cell:eNodeB Function Name=ORE_LOR_LORETO_L, Local Cell ID=8, Cell Name=ORE_LOR_LORETO_L7_8, eNodeB ID=44866, Cell FDD TDD indication=CELL_FDD",Reliable,1102.125,241.231
2026-04-10 19:00,60,"ORE_LOR_LORETO_UL/Cell:eNodeB Function Name=ORE_LOR_LORETO_L, Local Cell ID=7, Cell Name=ORE_LOR_LORETO_L7_7, eNodeB ID=44866, Cell FDD TDD indication=CELL_FDD",Reliable,6120.58,867.524
2026-04-10 19:00,60,"ORE_LOR_LORETO_UL/Cell:eNodeB Function Name=ORE_LOR_LORETO_L, Local Cell ID=10, Cell Name=ORE_LOR_LORETO_L7_10, eNodeB ID=44866, Cell FDD TDD indication=CELL_FDD",Reliable,3098.844,497.915
2026-04-10 19:00,60,"PIC_UIO_JOAQUIN_MANCHENO_UL/Cell:eNodeB Function Name=PIC_UIO_JOAQUIN_MANCHENO_L, Local Cell ID=9, Cell Name=PIC_UIO_JOAQUIN_MANCHENO_9, eNodeB ID=43622, Cell FDD TDD indication=CELL_FDD",Reliable,4558.492,435.732
2026-04-10 19:00,60,"PIC_UIO_JOAQUIN_MANCHENO_UL/Cell:eNodeB Function Name=PIC_UIO_JOAQUIN_MANCHENO_L, Local Cell ID=8, Cell Name=PIC_UIO_JOAQUIN_MANCHENO_8, eNodeB ID=43622, Cell FDD TDD indication=CELL_FDD",Reliable,1616.906,162.137
2026-04-10 19:00,60,"PIC_UIO_JOAQUIN_MANCHENO_UL/Cell:eNodeB Function Name=PIC_UIO_JOAQUIN_MANCHENO_L, Local Cell ID=7, Cell Name=PIC_UIO_JOAQUIN_MANCHENO_7, eNodeB ID=43622, Cell FDD TDD indication=CELL_FDD",Reliable,6853.828,704.844
2026-04-10 19:00,60,"COT_PUJ_PUJILI_UL/Cell:eNodeB Function Name=COT_PUJ_PUJILI_L, Local Cell ID=9, Cell Name=COT_PUJ_PUJILI_L7_9, eNodeB ID=44680, Cell FDD TDD indication=CELL_FDD",Reliable,9107.573,780.935
2026-04-10 19:00,60,"COT_PUJ_PUJILI_UL/Cell:eNodeB Function Name=COT_PUJ_PUJILI_L, Local Cell ID=8, Cell Name=COT_PUJ_PUJILI_L7_8, eNodeB ID=44680, Cell FDD TDD indication=CELL_FDD",Reliable,4265.648,742.93
2026-04-10 19:00,60,"COT_PUJ_PUJILI_UL/Cell:eNodeB Function Name=COT_PUJ_PUJILI_L, Local Cell ID=7, Cell Name=COT_PUJ_PUJILI_L7_7, eNodeB ID=44680, Cell FDD TDD indication=CELL_FDD",Reliable,8943.248,1441.188
2026-04-10 19:00,60,"TUN_AMB_HUACHI_BELEN_UL/Cell:eNodeB Function Name=TUN_AMB_HUACHI_BELEN_L, Local Cell ID=9, Cell Name=TUN_AMB_HUACHI_BELEN_L7_9, eNodeB ID=44488, Cell FDD TDD indication=CELL_FDD",Reliable,2522.761,260.17
2026-04-10 19:00,60,"TUN_AMB_HUACHI_BELEN_UL/Cell:eNodeB Function Name=TUN_AMB_HUACHI_BELEN_L, Local Cell ID=8, Cell Name=TUN_AMB_HUACHI_BELEN_L7_8, eNodeB ID=44488, Cell FDD TDD indication=CELL_FDD",Reliable,1853.498,389.648
2026-04-10 19:00,60,"TUN_AMB_HUACHI_BELEN_UL/Cell:eNodeB Function Name=TUN_AMB_HUACHI_BELEN_L, Local Cell ID=7, Cell Name=TUN_AMB_HUACHI_BELEN_L7_7, eNodeB ID=44488, Cell FDD TDD indication=CELL_FDD",Reliable,2144.35,205.53
2026-04-10 19:00,60,"PIC_UIO_MACARENA_UL/Cell:eNodeB Function Name=PIC_UIO_MACARENA_L, Local Cell ID=9, Cell Name=PIC_UIO_MACARENA_L7_9, eNodeB ID=44226, Cell FDD TDD indication=CELL_FDD",Reliable,4360.542,857.498
2026-04-10 19:00,60,"PIC_UIO_MACARENA_UL/Cell:eNodeB Function Name=PIC_UIO_MACARENA_L, Local Cell ID=8, Cell Name=PIC_UIO_MACARENA_L7_8, eNodeB ID=44226, Cell FDD TDD indication=CELL_FDD",Reliable,1159.441,110.779
2026-04-10 19:00,60,"PIC_UIO_MACARENA_UL/Cell:eNodeB Function Name=PIC_UIO_MACARENA_L, Local Cell ID=7, Cell Name=PIC_UIO_MACARENA_L7_7, eNodeB ID=44226, Cell FDD TDD indication=CELL_FDD",Reliable,1821.104,215.157
2026-04-10 19:00,60,"SUC_LAG_LAGO_SALIDA_UL/Cell:eNodeB Function Name=SUC_LAG_LAGO_SALIDA_L, Local Cell ID=9, Cell Name=SUC_LAG_LAGO_SALIDA_L7_9, eNodeB ID=43640, Cell FDD TDD indication=CELL_FDD",Reliable,6208.688,587.972
2026-04-10 19:00,60,"SUC_LAG_LAGO_SALIDA_UL/Cell:eNodeB Function Name=SUC_LAG_LAGO_SALIDA_L, Local Cell ID=8, Cell Name=SUC_LAG_LAGO_SALIDA_L7_8, eNodeB ID=43640, Cell FDD TDD indication=CELL_FDD",Reliable,1737.809,127.382
2026-04-10 19:00,60,"SUC_LAG_LAGO_SALIDA_UL/Cell:eNodeB Function Name=SUC_LAG_LAGO_SALIDA_L, Local Cell ID=7, Cell Name=SUC_LAG_LAGO_SALIDA_L7_7, eNodeB ID=43640, Cell FDD TDD indication=CELL_FDD",Reliable,6426.12,659.595
2026-04-10 19:00,60,"SUC_LAG_SANTA_CECILIA_UL/Cell:eNodeB Function Name=SUC_LAG_SANTA_CECILIA_L, Local Cell ID=9, Cell Name=SUC_LAG_SANTA_CECILIA_L7_9, eNodeB ID=44827, Cell FDD TDD indication=CELL_FDD",Reliable,4077.068,790.683
2026-04-10 19:00,60,"SUC_LAG_SANTA_CECILIA_UL/Cell:eNodeB Function Name=SUC_LAG_SANTA_CECILIA_L, Local Cell ID=8, Cell Name=SUC_LAG_SANTA_CECILIA_L7_8, eNodeB ID=44827, Cell FDD TDD indication=CELL_FDD",Reliable,2093.557,591.902
2026-04-10 19:00,60,"SUC_LAG_SANTA_CECILIA_UL/Cell:eNodeB Function Name=SUC_LAG_SANTA_CECILIA_L, Local Cell ID=7, Cell Name=SUC_LAG_SANTA_CECILIA_L7_7, eNodeB ID=44827, Cell FDD TDD indication=CELL_FDD",Reliable,1707.187,166.181
2026-04-10 19:00,60,"PIC_UIO_109_UL (PARQUE_SUECIA)/Cell:eNodeB Function Name=PIC_UIO_PARQUE_SUECIA_L, Local Cell ID=7, Cell Name=PIC_UIO_PARQUE_SUECIA_APT_7, eNodeB ID=43552, Cell FDD TDD indication=CELL_FDD",Reliable,429.701,41.632
2026-04-10 19:00,60,"PIC_UIO_109_UL (PARQUE_SUECIA)/Cell:eNodeB Function Name=PIC_UIO_PARQUE_SUECIA_L, Local Cell ID=8, Cell Name=PIC_UIO_PARQUE_SUECIA_APT_8, eNodeB ID=43552, Cell FDD TDD indication=CELL_FDD",Reliable,1563.841,120.317
2026-04-10 19:00,60,"COT_SIG_SIMAHURCO_UL/Cell:eNodeB Function Name=COT_SIG_SIMAHURCO_L, Local Cell ID=9, Cell Name=COT_SIG_SIMAHURCO_L7_9, eNodeB ID=44699, Cell FDD TDD indication=CELL_FDD",Reliable,4104.159,470.396
2026-04-10 19:00,60,"COT_SIG_SIMAHURCO_UL/Cell:eNodeB Function Name=COT_SIG_SIMAHURCO_L, Local Cell ID=8, Cell Name=COT_SIG_SIMAHURCO_L7_8, eNodeB ID=44699, Cell FDD TDD indication=CELL_FDD",Reliable,1782.488,139.195
2026-04-10 19:00,60,"COT_SIG_SIMAHURCO_UL/Cell:eNodeB Function Name=COT_SIG_SIMAHURCO_L, Local Cell ID=7, Cell Name=COT_SIG_SIMAHURCO_L7_7, eNodeB ID=44699, Cell FDD TDD indication=CELL_FDD",Reliable,3122.22,378.344
2026-04-10 19:00,60,"ORE_JOY_ENOKANQUI_UL/Cell:eNodeB Function Name=ORE_JOY_ENOKANQUI_L, Local Cell ID=9, Cell Name=ORE_JOY_ENOKANQUI_L7_9, eNodeB ID=44865, Cell FDD TDD indication=CELL_FDD",Reliable,1152.079,149.059
2026-04-10 19:00,60,"ORE_JOY_ENOKANQUI_UL/Cell:eNodeB Function Name=ORE_JOY_ENOKANQUI_L, Local Cell ID=8, Cell Name=ORE_JOY_ENOKANQUI_L7_8, eNodeB ID=44865, Cell FDD TDD indication=CELL_FDD",Reliable,4164.141,548.466
2026-04-10 19:00,60,"ORE_JOY_ENOKANQUI_UL/Cell:eNodeB Function Name=ORE_JOY_ENOKANQUI_L, Local Cell ID=7, Cell Name=ORE_JOY_ENOKANQUI_L7_7, eNodeB ID=44865, Cell FDD TDD indication=CELL_FDD",Reliable,2931.446,409.888
2026-04-10 19:00,60,"CAR_TUL_TANQUES_DE_AGUA_UL/Cell:eNodeB Function Name=CAR_TUL_TANQUES_DE_AGUA_L, Local Cell ID=7, Cell Name=CAR_TUL_TANQUES_DE_AGUA_APT_7, eNodeB ID=44838, Cell FDD TDD indication=CELL_FDD",Reliable,5206.264,468.038
2026-04-10 19:00,60,"CAR_TUL_TANQUES_DE_AGUA_UL/Cell:eNodeB Function Name=CAR_TUL_TANQUES_DE_AGUA_L, Local Cell ID=8, Cell Name=CAR_TUL_TANQUES_DE_AGUA_APT_8, eNodeB ID=44838, Cell FDD TDD indication=CELL_FDD",Reliable,5290.474,652.12
2026-04-10 19:00,60,"CAR_TUL_TANQUES_DE_AGUA_UL/Cell:eNodeB Function Name=CAR_TUL_TANQUES_DE_AGUA_L, Local Cell ID=9, Cell Name=CAR_TUL_TANQUES_DE_AGUA_APT_9, eNodeB ID=44838, Cell FDD TDD indication=CELL_FDD",Reliable,3138.935,299.125
2026-04-10 19:00,60,"PIC_UIO_MIRALOMA_EL_INCA_UL/Cell:eNodeB Function Name=PIC_UIO_MIRALOMA_EL_INCA_L, Local Cell ID=8, Cell Name=PIC_UIO_MIRALOMA_EL_INCA_L7_8, eNodeB ID=44356, Cell FDD TDD indication=CELL_FDD",Reliable,4633.01,427.908
2026-04-10 19:00,60,"PIC_UIO_MIRALOMA_EL_INCA_UL/Cell:eNodeB Function Name=PIC_UIO_MIRALOMA_EL_INCA_L, Local Cell ID=7, Cell Name=PIC_UIO_MIRALOMA_EL_INCA_L7_7, eNodeB ID=44356, Cell FDD TDD indication=CELL_FDD",Reliable,5411.087,597.72
2026-04-10 19:00,60,"PI_UIO_CIPRESES_UL/Cell:eNodeB Function Name=PI_UIO_CIPRESESL21, Local Cell ID=1, Cell Name=PI_UIO_CIPRESES_1, eNodeB ID=44100, Cell FDD TDD indication=CELL_FDD",Reliable,358.636,48.995
2026-04-10 19:00,60,"PI_UIO_CIPRESES_UL/Cell:eNodeB Function Name=PI_UIO_CIPRESESL21, Local Cell ID=2, Cell Name=PI_UIO_CIPRESES_2, eNodeB ID=44100, Cell FDD TDD indication=CELL_FDD",Reliable,86.285,11.663
2026-04-10 19:00,60,"PIC_UIO_LOS_CABILDOS_ULN/Cell:eNodeB Function Name=PI_UIO_LOS_CABILDOSL21, Local Cell ID=1, Cell Name=PI_UIO_LOS_CABILDOS_1, eNodeB ID=44152, Cell FDD TDD indication=CELL_FDD",Reliable,315.182,40.606
2026-04-10 19:00,60,"PIC_UIO_LOS_CABILDOS_ULN/Cell:eNodeB Function Name=PI_UIO_LOS_CABILDOSL21, Local Cell ID=2, Cell Name=PI_UIO_LOS_CABILDOS_2, eNodeB ID=44152, Cell FDD TDD indication=CELL_FDD",Reliable,713.62,57.141
2026-04-10 19:00,60,"PI_UIO_LOS_TUNELES_UL/Cell:eNodeB Function Name=PI_UIO_LOS_TUNELESL21, Local Cell ID=1, Cell Name=PI_UIO_LOS_TUNELES_1, eNodeB ID=44153, Cell FDD TDD indication=CELL_FDD",Reliable,239.373,28.066
2026-04-10 19:00,60,"PI_UIO_LOS_TUNELES_UL/Cell:eNodeB Function Name=PI_UIO_LOS_TUNELESL21, Local Cell ID=2, Cell Name=PI_UIO_LOS_TUNELES_2, eNodeB ID=44153, Cell FDD TDD indication=CELL_FDD",Reliable,1101.317,97.123
2026-04-10 19:00,60,"TU_AMB_COL_TEC_GUAYAQUIL_UL/Cell:eNodeB Function Name=TU_AMB_COL_TEC_GUAYAQUIL_L, Local Cell ID=3, Cell Name=TU_AMB_COL_TEC_GUAYAQUIL_3, eNodeB ID=44469, Cell FDD TDD indication=CELL_FDD",Reliable,278.44,89.071
2026-04-10 19:00,60,"TU_AMB_COL_TEC_GUAYAQUIL_UL/Cell:eNodeB Function Name=TU_AMB_COL_TEC_GUAYAQUIL_L, Local Cell ID=2, Cell Name=TU_AMB_COL_TEC_GUAYAQUIL_2, eNodeB ID=44469, Cell FDD TDD indication=CELL_FDD",Reliable,845.632,105.42
2026-04-10 19:00,60,"TU_AMB_COL_TEC_GUAYAQUIL_UL/Cell:eNodeB Function Name=TU_AMB_COL_TEC_GUAYAQUIL_L, Local Cell ID=1, Cell Name=TU_AMB_COL_TEC_GUAYAQUIL_1, eNodeB ID=44469, Cell FDD TDD indication=CELL_FDD",Reliable,3549.07,322.362
2026-04-10 19:00,60,"AZU_CUE_HUAYNA_CAPAC_UL/Cell:eNodeB Function Name=AZU_CUE_HUAYNA_CAPAC_L, Local Cell ID=3, Cell Name=AZU_CUE_HUAYNA_CAPAC_L21_3, eNodeB ID=22149, Cell FDD TDD indication=CELL_FDD",Reliable,1818.072,188.391
2026-04-10 19:00,60,"AZU_CUE_HUAYNA_CAPAC_UL/Cell:eNodeB Function Name=AZU_CUE_HUAYNA_CAPAC_L, Local Cell ID=2, Cell Name=AZU_CUE_HUAYNA_CAPAC_L21_2, eNodeB ID=22149, Cell FDD TDD indication=CELL_FDD",Reliable,3138.107,2011.034
2026-04-10 19:00,60,"AZU_CUE_HUAYNA_CAPAC_UL/Cell:eNodeB Function Name=AZU_CUE_HUAYNA_CAPAC_L, Local Cell ID=1, Cell Name=AZU_CUE_HUAYNA_CAPAC_L21_1, eNodeB ID=22149, Cell FDD TDD indication=CELL_FDD",Reliable,958.665,81.876
2026-04-10 19:00,60,"AZU_CUE_LA_SALLE_UL/Cell:eNodeB Function Name=AZU_CUE_LA_SALLE_L, Local Cell ID=9, Cell Name=AZU_CUE_LA_SALLE_L7_9, eNodeB ID=22168, Cell FDD TDD indication=CELL_FDD",Reliable,2869.572,707.914
2026-04-10 19:00,60,"AZU_CUE_LA_SALLE_UL/Cell:eNodeB Function Name=AZU_CUE_LA_SALLE_L, Local Cell ID=8, Cell Name=AZU_CUE_LA_SALLE_L7_8, eNodeB ID=22168, Cell FDD TDD indication=CELL_FDD",Reliable,1457.654,273.657
2026-04-10 19:00,60,"AZU_CUE_LA_SALLE_UL/Cell:eNodeB Function Name=AZU_CUE_LA_SALLE_L, Local Cell ID=7, Cell Name=AZU_CUE_LA_SALLE_L7_7, eNodeB ID=22168, Cell FDD TDD indication=CELL_FDD",Reliable,4554.797,415.625
2026-04-10 19:00,60,"AZU_CUE_SOLCA_UL/Cell:eNodeB Function Name=AZU_CUE_SOLCA_L, Local Cell ID=9, Cell Name=AZU_CUE_SOLCA_L7_9, eNodeB ID=22131, Cell FDD TDD indication=CELL_FDD",Reliable,2098.73,150.922
2026-04-10 19:00,60,"AZU_CUE_SOLCA_UL/Cell:eNodeB Function Name=AZU_CUE_SOLCA_L, Local Cell ID=8, Cell Name=AZU_CUE_SOLCA_L7_8, eNodeB ID=22131, Cell FDD TDD indication=CELL_FDD",Reliable,2404.912,336.102
2026-04-10 19:00,60,"AZU_CUE_SOLCA_UL/Cell:eNodeB Function Name=AZU_CUE_SOLCA_L, Local Cell ID=7, Cell Name=AZU_CUE_SOLCA_L7_7, eNodeB ID=22131, Cell FDD TDD indication=CELL_FDD",Reliable,3216.02,276.634
2026-04-10 19:00,60,"NAP_BAE_CUYUJA_UL/Cell:eNodeB Function Name=NAP_BAE_CUYUJA_L, Local Cell ID=8, Cell Name=NAP_BAE_CUYUJA_L7_8, eNodeB ID=44899, Cell FDD TDD indication=CELL_FDD",Reliable,728.928,124.982
2026-04-10 19:00,60,"NAP_BAE_CUYUJA_UL/Cell:eNodeB Function Name=NAP_BAE_CUYUJA_L, Local Cell ID=7, Cell Name=NAP_BAE_CUYUJA_L7_7, eNodeB ID=44899, Cell FDD TDD indication=CELL_FDD",Reliable,1660.017,130.007
2026-04-10 19:00,60,"AZU_CUE_FATIMA_UL/Cell:eNodeB Function Name=AZU_CUE_FATIMA_L, Local Cell ID=3, Cell Name=AZU_CUE_FATIMA_L21_3, eNodeB ID=22132, Cell FDD TDD indication=CELL_FDD",Reliable,1165.791,108.718
2026-04-10 19:00,60,"AZU_CUE_FATIMA_UL/Cell:eNodeB Function Name=AZU_CUE_FATIMA_L, Local Cell ID=2, Cell Name=AZU_CUE_FATIMA_L21_2, eNodeB ID=22132, Cell FDD TDD indication=CELL_FDD",Reliable,949.624,90.646
2026-04-10 19:00,60,"AZU_CUE_FATIMA_UL/Cell:eNodeB Function Name=AZU_CUE_FATIMA_L, Local Cell ID=1, Cell Name=AZU_CUE_FATIMA_L21_1, eNodeB ID=22132, Cell FDD TDD indication=CELL_FDD",Reliable,1436.423,76.264
2026-04-10 19:00,60,"AZU_CUE_ORDONEZ_UL/Cell:eNodeB Function Name=AZU_CUE_ORDONEZ_L, Local Cell ID=9, Cell Name=AZU_CUE_ORDONEZ_L7_9, eNodeB ID=22216, Cell FDD TDD indication=CELL_FDD",Reliable,250.205,24.458
2026-04-10 19:00,60,"AZU_CUE_ORDONEZ_UL/Cell:eNodeB Function Name=AZU_CUE_ORDONEZ_L, Local Cell ID=8, Cell Name=AZU_CUE_ORDONEZ_L7_8, eNodeB ID=22216, Cell FDD TDD indication=CELL_FDD",Reliable,558.475,51.881
2026-04-10 19:00,60,"AZU_CUE_ORDONEZ_UL/Cell:eNodeB Function Name=AZU_CUE_ORDONEZ_L, Local Cell ID=7, Cell Name=AZU_CUE_ORDONEZ_L7_7, eNodeB ID=22216, Cell FDD TDD indication=CELL_FDD",Reliable,4104.502,303.06
2026-04-10 19:00,60,"AZU_CUE_BATAN_UL/Cell:eNodeB Function Name=AZU_CUE_BATAN_L, Local Cell ID=9, Cell Name=AZU_CUE_BATAN_L7_9, eNodeB ID=22140, Cell FDD TDD indication=CELL_FDD",Reliable,1660.454,258.607
2026-04-10 19:00,60,"AZU_CUE_BATAN_UL/Cell:eNodeB Function Name=AZU_CUE_BATAN_L, Local Cell ID=8, Cell Name=AZU_CUE_BATAN_L7_8, eNodeB ID=22140, Cell FDD TDD indication=CELL_FDD",Reliable,2497.991,272.31
2026-04-10 19:00,60,"AZU_CUE_BATAN_UL/Cell:eNodeB Function Name=AZU_CUE_BATAN_L, Local Cell ID=7, Cell Name=AZU_CUE_BATAN_L7_7, eNodeB ID=22140, Cell FDD TDD indication=CELL_FDD",Reliable,3260.256,244.963
2026-04-10 19:00,60,"AZU_CUE_BATAN_UL/Cell:eNodeB Function Name=AZU_CUE_BATAN_L, Local Cell ID=3, Cell Name=AZU_CUE_BATAN_L21_3, eNodeB ID=22140, Cell FDD TDD indication=CELL_FDD",Reliable,463.833,31.393
2026-04-10 19:00,60,"AZU_CUE_BATAN_UL/Cell:eNodeB Function Name=AZU_CUE_BATAN_L, Local Cell ID=2, Cell Name=AZU_CUE_BATAN_L21_2, eNodeB ID=22140, Cell FDD TDD indication=CELL_FDD",Reliable,1998.561,185.178
2026-04-10 19:00,60,"AZU_CUE_BATAN_UL/Cell:eNodeB Function Name=AZU_CUE_BATAN_L, Local Cell ID=1, Cell Name=AZU_CUE_BATAN_L21_1, eNodeB ID=22140, Cell FDD TDD indication=CELL_FDD",Reliable,1873.819,174.685
2026-04-10 19:00,60,"AZU_CUE_REMIGIO_UL/Cell:eNodeB Function Name=AZU_CUE_REMIGIO_L, Local Cell ID=3, Cell Name=AZU_CUE_REMIGIO_L21_3, eNodeB ID=22141, Cell FDD TDD indication=CELL_FDD",Reliable,398.33,41.367
2026-04-10 19:00,60,"AZU_CUE_REMIGIO_UL/Cell:eNodeB Function Name=AZU_CUE_REMIGIO_L, Local Cell ID=2, Cell Name=AZU_CUE_REMIGIO_L21_2, eNodeB ID=22141, Cell FDD TDD indication=CELL_FDD",Reliable,1642.263,200.292
2026-04-10 19:00,60,"AZU_CUE_REMIGIO_UL/Cell:eNodeB Function Name=AZU_CUE_REMIGIO_L, Local Cell ID=1, Cell Name=AZU_CUE_REMIGIO_L21_1, eNodeB ID=22141, Cell FDD TDD indication=CELL_FDD",Reliable,1213.308,141.843
2026-04-10 19:00,60,"AZU_CUE_ORO_VERDE_UL/Cell:eNodeB Function Name=AZU_CUE_ORO_VERDE_L, Local Cell ID=9, Cell Name=AZU_CUE_ORO_VERDE_L7_9, eNodeB ID=22158, Cell FDD TDD indication=CELL_FDD",Reliable,1174,66.465
2026-04-10 19:00,60,"AZU_CUE_ORO_VERDE_UL/Cell:eNodeB Function Name=AZU_CUE_ORO_VERDE_L, Local Cell ID=8, Cell Name=AZU_CUE_ORO_VERDE_L7_8, eNodeB ID=22158, Cell FDD TDD indication=CELL_FDD",Reliable,3532.238,240.176
2026-04-10 19:00,60,"AZU_CUE_ORO_VERDE_UL/Cell:eNodeB Function Name=AZU_CUE_ORO_VERDE_L, Local Cell ID=7, Cell Name=AZU_CUE_ORO_VERDE_L7_7, eNodeB ID=22158, Cell FDD TDD indication=CELL_FDD",Reliable,555.416,33.543
2026-04-10 19:00,60,"AZU_CUE_ORO_VERDE_UL/Cell:eNodeB Function Name=AZU_CUE_ORO_VERDE_L, Local Cell ID=3, Cell Name=AZU_CUE_ORO_VERDE_L21_3, eNodeB ID=22158, Cell FDD TDD indication=CELL_FDD",Reliable,3081.14,280.827
2026-04-10 19:00,60,"AZU_CUE_ORO_VERDE_UL/Cell:eNodeB Function Name=AZU_CUE_ORO_VERDE_L, Local Cell ID=2, Cell Name=AZU_CUE_ORO_VERDE_L21_2, eNodeB ID=22158, Cell FDD TDD indication=CELL_FDD",Reliable,3559.723,374.739
2026-04-10 19:00,60,"AZU_CUE_ORO_VERDE_UL/Cell:eNodeB Function Name=AZU_CUE_ORO_VERDE_L, Local Cell ID=1, Cell Name=AZU_CUE_ORO_VERDE_L21_1, eNodeB ID=22158, Cell FDD TDD indication=CELL_FDD",Reliable,1004.753,83.546
2026-04-10 19:00,60,"AZU_CUE_DEL_ARRIERO_UL/Cell:eNodeB Function Name=AZU_CUE_DEL_ARRIERO_L, Local Cell ID=9, Cell Name=AZU_CUE_DELARRIERO_L7_9, eNodeB ID=22219, Cell FDD TDD indication=CELL_FDD",Reliable,232.501,20.421
2026-04-10 19:00,60,"AZU_CUE_DEL_ARRIERO_UL/Cell:eNodeB Function Name=AZU_CUE_DEL_ARRIERO_L, Local Cell ID=8, Cell Name=AZU_CUE_DELARRIERO_L7_8, eNodeB ID=22219, Cell FDD TDD indication=CELL_FDD",Reliable,1202.971,182.642
2026-04-10 19:00,60,"AZU_CUE_DEL_ARRIERO_UL/Cell:eNodeB Function Name=AZU_CUE_DEL_ARRIERO_L, Local Cell ID=7, Cell Name=AZU_CUE_DELARRIERO_L7_7, eNodeB ID=22219, Cell FDD TDD indication=CELL_FDD",Reliable,1866.561,154.47
2026-04-10 19:00,60,"AZU_CUE_DON_BOSCO_UL/Cell:eNodeB Function Name=AZU_CUE_DON_BOSCO_L, Local Cell ID=9, Cell Name=AZU_CUE_DON_BOSCO_L7_9, eNodeB ID=22174, Cell FDD TDD indication=CELL_FDD",Reliable,1520.574,293.922
2026-04-10 19:00,60,"AZU_CUE_DON_BOSCO_UL/Cell:eNodeB Function Name=AZU_CUE_DON_BOSCO_L, Local Cell ID=8, Cell Name=AZU_CUE_DON_BOSCO_L7_8, eNodeB ID=22174, Cell FDD TDD indication=CELL_FDD",Reliable,467.698,96.948
2026-04-10 19:00,60,"AZU_CUE_DON_BOSCO_UL/Cell:eNodeB Function Name=AZU_CUE_DON_BOSCO_L, Local Cell ID=7, Cell Name=AZU_CUE_DON_BOSCO_L7_7, eNodeB ID=22174, Cell FDD TDD indication=CELL_FDD",Reliable,3549.797,434.986
2026-04-10 19:00,60,"AZU_CUE_DON_BOSCO_UL/Cell:eNodeB Function Name=AZU_CUE_DON_BOSCO_L, Local Cell ID=3, Cell Name=AZU_CUE_DON_BOSCO_L21_3, eNodeB ID=22174, Cell FDD TDD indication=CELL_FDD",Reliable,620.158,92.773
2026-04-10 19:00,60,"AZU_CUE_DON_BOSCO_UL/Cell:eNodeB Function Name=AZU_CUE_DON_BOSCO_L, Local Cell ID=2, Cell Name=AZU_CUE_DON_BOSCO_L21_2, eNodeB ID=22174, Cell FDD TDD indication=CELL_FDD",Reliable,1133.84,144.535
2026-04-10 19:00,60,"AZU_CUE_DON_BOSCO_UL/Cell:eNodeB Function Name=AZU_CUE_DON_BOSCO_L, Local Cell ID=1, Cell Name=AZU_CUE_DON_BOSCO_L21_1, eNodeB ID=22174, Cell FDD TDD indication=CELL_FDD",Reliable,5509.53,627.704
2026-04-10 19:00,60,"AZU_CUE_LA_VICTORIA_UL/Cell:eNodeB Function Name=AZU_CUE_LA_VICTORIA_L, Local Cell ID=9, Cell Name=AZU_CUE_LA_VICTORIA_L7_9, eNodeB ID=22229, Cell FDD TDD indication=CELL_FDD",Reliable,946.474,53.32
2026-04-10 19:00,60,"AZU_CUE_LA_VICTORIA_UL/Cell:eNodeB Function Name=AZU_CUE_LA_VICTORIA_L, Local Cell ID=8, Cell Name=AZU_CUE_LA_VICTORIA_L7_8, eNodeB ID=22229, Cell FDD TDD indication=CELL_FDD",Reliable,4872.573,455.192
2026-04-10 19:00,60,"AZU_CUE_LA_VICTORIA_UL/Cell:eNodeB Function Name=AZU_CUE_LA_VICTORIA_L, Local Cell ID=7, Cell Name=AZU_CUE_LA_VICTORIA_L7_7, eNodeB ID=22229, Cell FDD TDD indication=CELL_FDD",Reliable,182.778,12.472
2026-04-10 19:00,60,"AZU_CUE_MISICATA_UL/Cell:eNodeB Function Name=AZU_CUE_MISICATA_L, Local Cell ID=9, Cell Name=AZU_CUE_MISICATA_L7_9, eNodeB ID=22227, Cell FDD TDD indication=CELL_FDD",Reliable,684.484,53.429
2026-04-10 19:00,60,"AZU_CUE_MISICATA_UL/Cell:eNodeB Function Name=AZU_CUE_MISICATA_L, Local Cell ID=8, Cell Name=AZU_CUE_MISICATA_L7_8, eNodeB ID=22227, Cell FDD TDD indication=CELL_FDD",Reliable,520.684,24.229
2026-04-10 19:00,60,"AZU_CUE_MISICATA_UL/Cell:eNodeB Function Name=AZU_CUE_MISICATA_L, Local Cell ID=7, Cell Name=AZU_CUE_MISICATA_L7_7, eNodeB ID=22227, Cell FDD TDD indication=CELL_FDD",Reliable,1812.732,318.902
2026-04-10 19:00,60,"AZU_CUE_YANUNCAY_UL/Cell:eNodeB Function Name=AZU_CUE_YANUNCAY_L, Local Cell ID=9, Cell Name=AZU_CUE_YANUNCAY_L7_9, eNodeB ID=22173, Cell FDD TDD indication=CELL_FDD",Reliable,2040.664,163.66
2026-04-10 19:00,60,"AZU_CUE_YANUNCAY_UL/Cell:eNodeB Function Name=AZU_CUE_YANUNCAY_L, Local Cell ID=8, Cell Name=AZU_CUE_YANUNCAY_L7_8, eNodeB ID=22173, Cell FDD TDD indication=CELL_FDD",Reliable,3086.136,532.038
2026-04-10 19:00,60,"AZU_CUE_YANUNCAY_UL/Cell:eNodeB Function Name=AZU_CUE_YANUNCAY_L, Local Cell ID=7, Cell Name=AZU_CUE_YANUNCAY_L7_7, eNodeB ID=22173, Cell FDD TDD indication=CELL_FDD",Reliable,4022.382,364.11
2026-04-10 19:00,60,"AZU_CUE_NARANCAY_UL/Cell:eNodeB Function Name=AZU_CUE_NARANCAY_L, Local Cell ID=9, Cell Name=AZU_CUE_NARANCAY_L7_9, eNodeB ID=22565, Cell FDD TDD indication=CELL_FDD",Reliable,297.312,23.208
2026-04-10 19:00,60,"AZU_CUE_NARANCAY_UL/Cell:eNodeB Function Name=AZU_CUE_NARANCAY_L, Local Cell ID=8, Cell Name=AZU_CUE_NARANCAY_L7_8, eNodeB ID=22565, Cell FDD TDD indication=CELL_FDD",Reliable,2602.341,178.811
2026-04-10 19:00,60,"AZU_CUE_NARANCAY_UL/Cell:eNodeB Function Name=AZU_CUE_NARANCAY_L, Local Cell ID=7, Cell Name=AZU_CUE_NARANCAY_L7_7, eNodeB ID=22565, Cell FDD TDD indication=CELL_FDD",Reliable,4882.622,499.983
2026-04-10 19:00,60,"AZU_CUE_RIO_SOL_UL/Cell:eNodeB Function Name=AZU_CUE_RIO_SOL_L, Local Cell ID=9, Cell Name=AZU_CUE_RIO_SOL_L7_9, eNodeB ID=22152, Cell FDD TDD indication=CELL_FDD",Reliable,857.714,223.914
2026-04-10 19:00,60,"AZU_CUE_RIO_SOL_UL/Cell:eNodeB Function Name=AZU_CUE_RIO_SOL_L, Local Cell ID=8, Cell Name=AZU_CUE_RIO_SOL_L7_8, eNodeB ID=22152, Cell FDD TDD indication=CELL_FDD",Reliable,6550.728,734.169
2026-04-10 19:00,60,"AZU_CUE_RIO_SOL_UL/Cell:eNodeB Function Name=AZU_CUE_RIO_SOL_L, Local Cell ID=7, Cell Name=AZU_CUE_RIO_SOL_L7_7, eNodeB ID=22152, Cell FDD TDD indication=CELL_FDD",Reliable,3899.17,353.992
2026-04-10 19:00,60,"AZU_CUE_PARQUE_INDUSTRIAL_UL/Cell:eNodeB Function Name=AZU_CUE_PARQUE_INDUSTRIAL_L, Local Cell ID=9, Cell Name=AZU_CUE_PARQUE_INDUSTRIAL_L7_9, eNodeB ID=22170, Cell FDD TDD indication=CELL_FDD",Reliable,1518.19,89.879
2026-04-10 19:00,60,"AZU_CUE_PARQUE_INDUSTRIAL_UL/Cell:eNodeB Function Name=AZU_CUE_PARQUE_INDUSTRIAL_L, Local Cell ID=8, Cell Name=AZU_CUE_PARQUE_INDUSTRIAL_L7_8, eNodeB ID=22170, Cell FDD TDD indication=CELL_FDD",Reliable,365.401,57.68
2026-04-10 19:00,60,"AZU_CUE_PARQUE_INDUSTRIAL_UL/Cell:eNodeB Function Name=AZU_CUE_PARQUE_INDUSTRIAL_L, Local Cell ID=7, Cell Name=AZU_CUE_PARQUE_INDUSTRIAL_L7_7, eNodeB ID=22170, Cell FDD TDD indication=CELL_FDD",Reliable,3347.4,383.018
2026-04-10 19:00,60,"AZU_CUE_PARQUE_INDUSTRIAL_UL/Cell:eNodeB Function Name=AZU_CUE_PARQUE_INDUSTRIAL_L, Local Cell ID=3, Cell Name=AZU_CUE_PARQUE_INDUSTRIAL_L21_3, eNodeB ID=22170, Cell FDD TDD indication=CELL_FDD",Reliable,6918.445,316.313
2026-04-10 19:00,60,"AZU_CUE_PARQUE_INDUSTRIAL_UL/Cell:eNodeB Function Name=AZU_CUE_PARQUE_INDUSTRIAL_L, Local Cell ID=2, Cell Name=AZU_CUE_PARQUE_INDUSTRIAL_L21_2, eNodeB ID=22170, Cell FDD TDD indication=CELL_FDD",Reliable,919.485,157.904
2026-04-10 19:00,60,"AZU_CUE_PARQUE_INDUSTRIAL_UL/Cell:eNodeB Function Name=AZU_CUE_PARQUE_INDUSTRIAL_L, Local Cell ID=1, Cell Name=AZU_CUE_PARQUE_INDUSTRIAL_L21_1, eNodeB ID=22170, Cell FDD TDD indication=CELL_FDD",Reliable,11689.588,1057.259
2026-04-10 19:00,60,"AZU_CUE_PATAMARCA_UL/Cell:eNodeB Function Name=AZU_CUE_PATAMARCA_L, Local Cell ID=9, Cell Name=AZU_CUE_PATAMARCA_L7_9, eNodeB ID=22147, Cell FDD TDD indication=CELL_FDD",Reliable,2367.666,225.442
2026-04-10 19:00,60,"AZU_CUE_PATAMARCA_UL/Cell:eNodeB Function Name=AZU_CUE_PATAMARCA_L, Local Cell ID=8, Cell Name=AZU_CUE_PATAMARCA_L7_8, eNodeB ID=22147, Cell FDD TDD indication=CELL_FDD",Reliable,1225.19,187.522
2026-04-10 19:00,60,"AZU_CUE_PATAMARCA_UL/Cell:eNodeB Function Name=AZU_CUE_PATAMARCA_L, Local Cell ID=7, Cell Name=AZU_CUE_PATAMARCA_L7_7, eNodeB ID=22147, Cell FDD TDD indication=CELL_FDD",Reliable,1027.556,149.78
2026-04-10 19:00,60,"AZU_CUE_UNE_CUENCA_UL/Cell:eNodeB Function Name=AZU_CUE_UNE_CUENCA_L, Local Cell ID=9, Cell Name=AZU_CUE_UNECUENCA_L7_9, eNodeB ID=22218, Cell FDD TDD indication=CELL_FDD",Reliable,1883.565,137.046
2026-04-10 19:00,60,"AZU_CUE_UNE_CUENCA_UL/Cell:eNodeB Function Name=AZU_CUE_UNE_CUENCA_L, Local Cell ID=8, Cell Name=AZU_CUE_UNECUENCA_L7_8, eNodeB ID=22218, Cell FDD TDD indication=CELL_FDD",Reliable,4382.361,549.349
2026-04-10 19:00,60,"AZU_CUE_UNE_CUENCA_UL/Cell:eNodeB Function Name=AZU_CUE_UNE_CUENCA_L, Local Cell ID=7, Cell Name=AZU_CUE_UNECUENCA_L7_7, eNodeB ID=22218, Cell FDD TDD indication=CELL_FDD",Reliable,7567.151,988.814
2026-04-10 19:00,60,"AZU_CUE_CHAULLABAMBA_UL/Cell:eNodeB Function Name=AZU_CUE_CHAULLABAMBA_L, Local Cell ID=9, Cell Name=AZU_CUE_CHAULLABAMBA_L7_9, eNodeB ID=22150, Cell FDD TDD indication=CELL_FDD",Reliable,1164.825,106.448
2026-04-10 19:00,60,"AZU_CUE_CHAULLABAMBA_UL/Cell:eNodeB Function Name=AZU_CUE_CHAULLABAMBA_L, Local Cell ID=8, Cell Name=AZU_CUE_CHAULLABAMBA_L7_8, eNodeB ID=22150, Cell FDD TDD indication=CELL_FDD",Reliable,5407.367,485.901
2026-04-10 19:00,60,"AZU_CUE_CHAULLABAMBA_UL/Cell:eNodeB Function Name=AZU_CUE_CHAULLABAMBA_L, Local Cell ID=7, Cell Name=AZU_CUE_CHAULLABAMBA_L7_7, eNodeB ID=22150, Cell FDD TDD indication=CELL_FDD",Reliable,509.134,272.398
2026-04-10 19:00,60,"AZU_CUE_CHAULLABAMBA_NORTE_UL/Cell:eNodeB Function Name=AZU_CUE_CHAULLABAMBA_NORTE_L, Local Cell ID=9, Cell Name=AZU_CUE_CHAULLABAMBA_NORTE_L7_9, eNodeB ID=22550, Cell FDD TDD indication=CELL_FDD",Reliable,231.597,14.11
2026-04-10 19:00,60,"AZU_CUE_CHAULLABAMBA_NORTE_UL/Cell:eNodeB Function Name=AZU_CUE_CHAULLABAMBA_NORTE_L, Local Cell ID=8, Cell Name=AZU_CUE_CHAULLABAMBA_NORTE_L7_8, eNodeB ID=22550, Cell FDD TDD indication=CELL_FDD",Reliable,1162.671,165.632
2026-04-10 19:00,60,"AZU_CUE_CHAULLABAMBA_NORTE_UL/Cell:eNodeB Function Name=AZU_CUE_CHAULLABAMBA_NORTE_L, Local Cell ID=7, Cell Name=AZU_CUE_CHAULLABAMBA_NORTE_L7_7, eNodeB ID=22550, Cell FDD TDD indication=CELL_FDD",Reliable,1274.898,179.225
2026-04-10 19:00,60,"AZU_CUE_RICACUENCA2_UL/Cell:eNodeB Function Name=AZU_CUE_RICACUENCA2_L, Local Cell ID=9, Cell Name=AZU_CUE_RICACUENCA2_L7_9, eNodeB ID=22211, Cell FDD TDD indication=CELL_FDD",Reliable,3761.867,339.994
2026-04-10 19:00,60,"AZU_CUE_RICACUENCA2_UL/Cell:eNodeB Function Name=AZU_CUE_RICACUENCA2_L, Local Cell ID=8, Cell Name=AZU_CUE_RICACUENCA2_L7_8, eNodeB ID=22211, Cell FDD TDD indication=CELL_FDD",Reliable,2075.317,128.015
2026-04-10 19:00,60,"AZU_CUE_RICACUENCA2_UL/Cell:eNodeB Function Name=AZU_CUE_RICACUENCA2_L, Local Cell ID=7, Cell Name=AZU_CUE_RICACUENCA2_L7_7, eNodeB ID=22211, Cell FDD TDD indication=CELL_FDD",Reliable,3523.789,287.965
2026-04-10 19:00,60,"AZU_CUE_CHIQUINTAD_UL/Cell:eNodeB Function Name=AZU_CUE_CHIQUINTAD_L, Local Cell ID=9, Cell Name=AZU_CUE_CHIQUINTAD_L7_9, eNodeB ID=22547, Cell FDD TDD indication=CELL_FDD",Reliable,1061.684,1601.1
2026-04-10 19:00,60,"AZU_CUE_CHIQUINTAD_UL/Cell:eNodeB Function Name=AZU_CUE_CHIQUINTAD_L, Local Cell ID=8, Cell Name=AZU_CUE_CHIQUINTAD_L7_8, eNodeB ID=22547, Cell FDD TDD indication=CELL_FDD",Reliable,3313.613,259.182
2026-04-10 19:00,60,"AZU_CUE_CHIQUINTAD_UL/Cell:eNodeB Function Name=AZU_CUE_CHIQUINTAD_L, Local Cell ID=7, Cell Name=AZU_CUE_CHIQUINTAD_L7_7, eNodeB ID=22547, Cell FDD TDD indication=CELL_FDD",Reliable,833.527,438.172
2026-04-10 19:00,60,"AZU_CUE_MAYANCELA_UL/Cell:eNodeB Function Name=AZU_CUE_MAYANCELA_L, Local Cell ID=9, Cell Name=AZU_CUE_MAYANCELA_L7_9, eNodeB ID=22558, Cell FDD TDD indication=CELL_FDD",Reliable,682.16,70.084
2026-04-10 19:00,60,"AZU_CUE_MAYANCELA_UL/Cell:eNodeB Function Name=AZU_CUE_MAYANCELA_L, Local Cell ID=8, Cell Name=AZU_CUE_MAYANCELA_L7_8, eNodeB ID=22558, Cell FDD TDD indication=CELL_FDD",Reliable,1147.607,54.404
2026-04-10 19:00,60,"AZU_CUE_MAYANCELA_UL/Cell:eNodeB Function Name=AZU_CUE_MAYANCELA_L, Local Cell ID=7, Cell Name=AZU_CUE_MAYANCELA_L7_7, eNodeB ID=22558, Cell FDD TDD indication=CELL_FDD",Reliable,2451.713,632.547
2026-04-10 19:00,60,"AZU_CUE_CAPULISPAMBA_UL/Cell:eNodeB Function Name=AZU_CUE_CAPULISPAMBA_L, Local Cell ID=9, Cell Name=AZU_CUE_CAPULISPAMBA_L7_9, eNodeB ID=22578, Cell FDD TDD indication=CELL_FDD",Reliable,1936.624,459.88
2026-04-10 19:00,60,"AZU_CUE_CAPULISPAMBA_UL/Cell:eNodeB Function Name=AZU_CUE_CAPULISPAMBA_L, Local Cell ID=8, Cell Name=AZU_CUE_CAPULISPAMBA_L7_8, eNodeB ID=22578, Cell FDD TDD indication=CELL_FDD",Reliable,7183.367,827.183
2026-04-10 19:00,60,"AZU_CUE_CAPULISPAMBA_UL/Cell:eNodeB Function Name=AZU_CUE_CAPULISPAMBA_L, Local Cell ID=7, Cell Name=AZU_CUE_CAPULISPAMBA_L7_7, eNodeB ID=22578, Cell FDD TDD indication=CELL_FDD",Reliable,506.091,58.114
2026-04-10 19:00,60,"ORO_MCH_ESTE_UL/Cell:eNodeB Function Name=ORO_MCH_ESTE_L, Local Cell ID=9, Cell Name=ORO_MCH_ESTE_L7_9, eNodeB ID=22051, Cell FDD TDD indication=CELL_FDD",Reliable,154.803,13.315
2026-04-10 19:00,60,"ORO_MCH_ESTE_UL/Cell:eNodeB Function Name=ORO_MCH_ESTE_L, Local Cell ID=8, Cell Name=ORO_MCH_ESTE_L7_8, eNodeB ID=22051, Cell FDD TDD indication=CELL_FDD",Reliable,948.228,91.641
2026-04-10 19:00,60,"ORO_MCH_ESTE_UL/Cell:eNodeB Function Name=ORO_MCH_ESTE_L, Local Cell ID=7, Cell Name=ORO_MCH_ESTE_L7_7, eNodeB ID=22051, Cell FDD TDD indication=CELL_FDD",Reliable,671.435,57.356
2026-04-10 19:00,60,"ORO_MCH_ESTE_UL/Cell:eNodeB Function Name=ORO_MCH_ESTE_L, Local Cell ID=3, Cell Name=ORO_MCH_ESTE_L21_3, eNodeB ID=22051, Cell FDD TDD indication=CELL_FDD",Reliable,60.65,6.235
2026-04-10 19:00,60,"ORO_MCH_ESTE_UL/Cell:eNodeB Function Name=ORO_MCH_ESTE_L, Local Cell ID=2, Cell Name=ORO_MCH_ESTE_L21_2, eNodeB ID=22051, Cell FDD TDD indication=CELL_FDD",Reliable,639.316,41.989
2026-04-10 19:00,60,"ORO_MCH_ESTE_UL/Cell:eNodeB Function Name=ORO_MCH_ESTE_L, Local Cell ID=1, Cell Name=ORO_MCH_ESTE_L21_1, eNodeB ID=22051, Cell FDD TDD indication=CELL_FDD",Reliable,1072.229,337.179
2026-04-10 19:00,60,"ORO_MCH_SHOPPING_UL/Cell:eNodeB Function Name=ORO_MCH_SHOPPING_L, Local Cell ID=9, Cell Name=ORO_MCH_SHOPPING_L7_9, eNodeB ID=22052, Cell FDD TDD indication=CELL_FDD",Reliable,946.715,74.356
2026-04-10 19:00,60,"ORO_MCH_SHOPPING_UL/Cell:eNodeB Function Name=ORO_MCH_SHOPPING_L, Local Cell ID=8, Cell Name=ORO_MCH_SHOPPING_L7_8, eNodeB ID=22052, Cell FDD TDD indication=CELL_FDD",Reliable,26.6,2.564
2026-04-10 19:00,60,"ORO_MCH_SHOPPING_UL/Cell:eNodeB Function Name=ORO_MCH_SHOPPING_L, Local Cell ID=7, Cell Name=ORO_MCH_SHOPPING_L7_7, eNodeB ID=22052, Cell FDD TDD indication=CELL_FDD",Reliable,1075.667,208.276
2026-04-10 19:00,60,"ORO_MCH_SHOPPING_UL/Cell:eNodeB Function Name=ORO_MCH_SHOPPING_L, Local Cell ID=3, Cell Name=ORO_MCH_SHOPPING_L21_3, eNodeB ID=22052, Cell FDD TDD indication=CELL_FDD",Reliable,3687.728,252.936
2026-04-10 19:00,60,"ORO_MCH_SHOPPING_UL/Cell:eNodeB Function Name=ORO_MCH_SHOPPING_L, Local Cell ID=2, Cell Name=ORO_MCH_SHOPPING_L21_2, eNodeB ID=22052, Cell FDD TDD indication=CELL_FDD",Reliable,812.644,94.753
2026-04-10 19:00,60,"ORO_MCH_SHOPPING_UL/Cell:eNodeB Function Name=ORO_MCH_SHOPPING_L, Local Cell ID=1, Cell Name=ORO_MCH_SHOPPING_L21_1, eNodeB ID=22052, Cell FDD TDD indication=CELL_FDD",Reliable,1901.059,129.011
2026-04-10 19:00,60,"ORO_MCH_BRISAS_UL/Cell:eNodeB Function Name=ORO_MCH_BRISAS_L, Local Cell ID=9, Cell Name=ORO_MCH_BRISAS_L7_9, eNodeB ID=22054, Cell FDD TDD indication=CELL_FDD",Reliable,239.134,19.597
2026-04-10 19:00,60,"ORO_MCH_BRISAS_UL/Cell:eNodeB Function Name=ORO_MCH_BRISAS_L, Local Cell ID=8, Cell Name=ORO_MCH_BRISAS_L7_8, eNodeB ID=22054, Cell FDD TDD indication=CELL_FDD",Reliable,385.694,47.178
2026-04-10 19:00,60,"ORO_MCH_BRISAS_UL/Cell:eNodeB Function Name=ORO_MCH_BRISAS_L, Local Cell ID=7, Cell Name=ORO_MCH_BRISAS_L7_7, eNodeB ID=22054, Cell FDD TDD indication=CELL_FDD",Reliable,510.959,72.386
2026-04-10 19:00,60,"ORO_MCH_BRISAS_UL/Cell:eNodeB Function Name=ORO_MCH_BRISAS_L, Local Cell ID=3, Cell Name=ORO_MCH_BRISAS_L21_3, eNodeB ID=22054, Cell FDD TDD indication=CELL_FDD",Reliable,2195.356,228.667
2026-04-10 19:00,60,"ORO_MCH_BRISAS_UL/Cell:eNodeB Function Name=ORO_MCH_BRISAS_L, Local Cell ID=2, Cell Name=ORO_MCH_BRISAS_L21_2, eNodeB ID=22054, Cell FDD TDD indication=CELL_FDD",Reliable,3438.104,413.427
2026-04-10 19:00,60,"ORO_MCH_BRISAS_UL/Cell:eNodeB Function Name=ORO_MCH_BRISAS_L, Local Cell ID=1, Cell Name=ORO_MCH_BRISAS_L21_1, eNodeB ID=22054, Cell FDD TDD indication=CELL_FDD",Reliable,1531.19,195.772
2026-04-10 19:00,60,"ORO_MCH_URDESA_UL/Cell:eNodeB Function Name=ORO_MCH_URDESA_L, Local Cell ID=9, Cell Name=ORO_MCH_URDESA_L7_9, eNodeB ID=22055, Cell FDD TDD indication=CELL_FDD",Reliable,563.574,63.927
2026-04-10 19:00,60,"ORO_MCH_URDESA_UL/Cell:eNodeB Function Name=ORO_MCH_URDESA_L, Local Cell ID=8, Cell Name=ORO_MCH_URDESA_L7_8, eNodeB ID=22055, Cell FDD TDD indication=CELL_FDD",Reliable,4.298,0.056
2026-04-10 19:00,60,"ORO_MCH_URDESA_UL/Cell:eNodeB Function Name=ORO_MCH_URDESA_L, Local Cell ID=7, Cell Name=ORO_MCH_URDESA_L7_7, eNodeB ID=22055, Cell FDD TDD indication=CELL_FDD",Reliable,742.06,253.914
2026-04-10 19:00,60,"ORO_MCH_URDESA_UL/Cell:eNodeB Function Name=ORO_MCH_URDESA_L, Local Cell ID=3, Cell Name=ORO_MCH_URDESA_L21_3, eNodeB ID=22055, Cell FDD TDD indication=CELL_FDD",Reliable,862.287,57.948
2026-04-10 19:00,60,"ORO_MCH_URDESA_UL/Cell:eNodeB Function Name=ORO_MCH_URDESA_L, Local Cell ID=2, Cell Name=ORO_MCH_URDESA_L21_2, eNodeB ID=22055, Cell FDD TDD indication=CELL_FDD",Reliable,83.65,4.063
2026-04-10 19:00,60,"ORO_MCH_URDESA_UL/Cell:eNodeB Function Name=ORO_MCH_URDESA_L, Local Cell ID=1, Cell Name=ORO_MCH_URDESA_L21_1, eNodeB ID=22055, Cell FDD TDD indication=CELL_FDD",Reliable,756.452,69.89
2026-04-10 19:00,60,"ORO_MCH_NORTE_UL/Cell:eNodeB Function Name=ORO_MCH_NORTE_L, Local Cell ID=9, Cell Name=ORO_MCH_NORTE_L7_9, eNodeB ID=22056, Cell FDD TDD indication=CELL_FDD",Reliable,1124.664,138.743
2026-04-10 19:00,60,"ORO_MCH_NORTE_UL/Cell:eNodeB Function Name=ORO_MCH_NORTE_L, Local Cell ID=8, Cell Name=ORO_MCH_NORTE_L7_8, eNodeB ID=22056, Cell FDD TDD indication=CELL_FDD",Reliable,33.585,7.597
2026-04-10 19:00,60,"ORO_MCH_NORTE_UL/Cell:eNodeB Function Name=ORO_MCH_NORTE_L, Local Cell ID=7, Cell Name=ORO_MCH_NORTE_L7_7, eNodeB ID=22056, Cell FDD TDD indication=CELL_FDD",Reliable,9.355,6.962
2026-04-10 19:00,60,"ORO_MCH_NORTE_UL/Cell:eNodeB Function Name=ORO_MCH_NORTE_L, Local Cell ID=3, Cell Name=ORO_MCH_NORTE_L21_3, eNodeB ID=22056, Cell FDD TDD indication=CELL_FDD",Reliable,465.754,29.782
2026-04-10 19:00,60,"ORO_MCH_NORTE_UL/Cell:eNodeB Function Name=ORO_MCH_NORTE_L, Local Cell ID=2, Cell Name=ORO_MCH_NORTE_L21_2, eNodeB ID=22056, Cell FDD TDD indication=CELL_FDD",Reliable,264.904,47.735
2026-04-10 19:00,60,"ORO_MCH_NORTE_UL/Cell:eNodeB Function Name=ORO_MCH_NORTE_L, Local Cell ID=1, Cell Name=ORO_MCH_NORTE_L21_1, eNodeB ID=22056, Cell FDD TDD indication=CELL_FDD",Reliable,407.613,36.282
2026-04-10 19:00,60,"ORO_MCH_NORESTE_UL/Cell:eNodeB Function Name=ORO_MCH_NORESTE_L, Local Cell ID=9, Cell Name=ORO_MCH_NORESTE_L7_9, eNodeB ID=22057, Cell FDD TDD indication=CELL_FDD",Reliable,105.551,17.317
2026-04-10 19:00,60,"ORO_MCH_NORESTE_UL/Cell:eNodeB Function Name=ORO_MCH_NORESTE_L, Local Cell ID=8, Cell Name=ORO_MCH_NORESTE_L7_8, eNodeB ID=22057, Cell FDD TDD indication=CELL_FDD",Reliable,67.859,28.742
2026-04-10 19:00,60,"ORO_MCH_NORESTE_UL/Cell:eNodeB Function Name=ORO_MCH_NORESTE_L, Local Cell ID=7, Cell Name=ORO_MCH_NORESTE_L7_7, eNodeB ID=22057, Cell FDD TDD indication=CELL_FDD",Reliable,197.917,19.294
2026-04-10 19:00,60,"ORO_MCH_NORESTE_UL/Cell:eNodeB Function Name=ORO_MCH_NORESTE_L, Local Cell ID=3, Cell Name=ORO_MCH_NORESTE_L21_3, eNodeB ID=22057, Cell FDD TDD indication=CELL_FDD",Reliable,923.586,110.892
2026-04-10 19:00,60,"ORO_MCH_NORESTE_UL/Cell:eNodeB Function Name=ORO_MCH_NORESTE_L, Local Cell ID=2, Cell Name=ORO_MCH_NORESTE_L21_2, eNodeB ID=22057, Cell FDD TDD indication=CELL_FDD",Reliable,1471.618,83.125
2026-04-10 19:00,60,"ORO_MCH_NORESTE_UL/Cell:eNodeB Function Name=ORO_MCH_NORESTE_L, Local Cell ID=1, Cell Name=ORO_MCH_NORESTE_L21_1, eNodeB ID=22057, Cell FDD TDD indication=CELL_FDD",Reliable,811.597,87.994
2026-04-10 19:00,60,"ORO_MCH_MACHALA_UL/Cell:eNodeB Function Name=ORO_MCH_MACHALA_L, Local Cell ID=9, Cell Name=ORO_MCH_MACHALA_L7_9, eNodeB ID=22058, Cell FDD TDD indication=CELL_FDD",Reliable,1263.385,127.258
2026-04-10 19:00,60,"ORO_MCH_MACHALA_UL/Cell:eNodeB Function Name=ORO_MCH_MACHALA_L, Local Cell ID=8, Cell Name=ORO_MCH_MACHALA_L7_8, eNodeB ID=22058, Cell FDD TDD indication=CELL_FDD",Reliable,1786.638,133.06
2026-04-10 19:00,60,"ORO_MCH_MACHALA_UL/Cell:eNodeB Function Name=ORO_MCH_MACHALA_L, Local Cell ID=7, Cell Name=ORO_MCH_MACHALA_L7_7, eNodeB ID=22058, Cell FDD TDD indication=CELL_FDD",Reliable,1002.612,94.971
2026-04-10 19:00,60,"ORO_MCH_MACHALA_UL/Cell:eNodeB Function Name=ORO_MCH_MACHALA_L, Local Cell ID=3, Cell Name=ORO_MCH_MACHALA_L21_3, eNodeB ID=22058, Cell FDD TDD indication=CELL_FDD",Reliable,1610.394,116.768
2026-04-10 19:00,60,"ORO_MCH_MACHALA_UL/Cell:eNodeB Function Name=ORO_MCH_MACHALA_L, Local Cell ID=2, Cell Name=ORO_MCH_MACHALA_L21_2, eNodeB ID=22058, Cell FDD TDD indication=CELL_FDD",Reliable,3329.117,147.928
2026-04-10 19:00,60,"ORO_MCH_MACHALA_UL/Cell:eNodeB Function Name=ORO_MCH_MACHALA_L, Local Cell ID=1, Cell Name=ORO_MCH_MACHALA_L21_1, eNodeB ID=22058, Cell FDD TDD indication=CELL_FDD",Reliable,2434.224,210.855
2026-04-10 19:00,60,"ORO_MCH_CENTRO_DOS_UL/Cell:eNodeB Function Name=ORO_MCH_CENTRO_DOS_L, Local Cell ID=9, Cell Name=ORO_MCH_CENTRO_DOS_L7_9, eNodeB ID=22059, Cell FDD TDD indication=CELL_FDD",Reliable,191.158,23.917
2026-04-10 19:00,60,"ORO_MCH_CENTRO_DOS_UL/Cell:eNodeB Function Name=ORO_MCH_CENTRO_DOS_L, Local Cell ID=8, Cell Name=ORO_MCH_CENTRO_DOS_L7_8, eNodeB ID=22059, Cell FDD TDD indication=CELL_FDD",Reliable,178.27,20.438
2026-04-10 19:00,60,"ORO_MCH_CENTRO_DOS_UL/Cell:eNodeB Function Name=ORO_MCH_CENTRO_DOS_L, Local Cell ID=7, Cell Name=ORO_MCH_CENTRO_DOS_L7_7, eNodeB ID=22059, Cell FDD TDD indication=CELL_FDD",Reliable,680.734,72.27
2026-04-10 19:00,60,"ORO_MCH_CENTRO_DOS_UL/Cell:eNodeB Function Name=ORO_MCH_CENTRO_DOS_L, Local Cell ID=3, Cell Name=ORO_MCH_CENTRO_DOS_L21_3, eNodeB ID=22059, Cell FDD TDD indication=CELL_FDD",Reliable,656.746,48.116
2026-04-10 19:00,60,"ORO_MCH_CENTRO_DOS_UL/Cell:eNodeB Function Name=ORO_MCH_CENTRO_DOS_L, Local Cell ID=2, Cell Name=ORO_MCH_CENTRO_DOS_L21_2, eNodeB ID=22059, Cell FDD TDD indication=CELL_FDD",Reliable,1698.629,94.717
2026-04-10 19:00,60,"ORO_MCH_CENTRO_DOS_UL/Cell:eNodeB Function Name=ORO_MCH_CENTRO_DOS_L, Local Cell ID=1, Cell Name=ORO_MCH_CENTRO_DOS_L21_1, eNodeB ID=22059, Cell FDD TDD indication=CELL_FDD",Reliable,1817.722,340.091
2026-04-10 19:00,60,"ORO_MCH_EL_CAMBIO_UL/Cell:eNodeB Function Name=ORO_MCH_EL_CAMBIO_L, Local Cell ID=9, Cell Name=ORO_MCH_EL_CAMBIO_L7_9, eNodeB ID=22060, Cell FDD TDD indication=CELL_FDD",Reliable,2106.461,1055.813
2026-04-10 19:00,60,"ORO_MCH_EL_CAMBIO_UL/Cell:eNodeB Function Name=ORO_MCH_EL_CAMBIO_L, Local Cell ID=8, Cell Name=ORO_MCH_EL_CAMBIO_L7_8, eNodeB ID=22060, Cell FDD TDD indication=CELL_FDD",Reliable,2725.331,1322.186
2026-04-10 19:00,60,"ORO_MCH_EL_CAMBIO_UL/Cell:eNodeB Function Name=ORO_MCH_EL_CAMBIO_L, Local Cell ID=7, Cell Name=ORO_MCH_EL_CAMBIO_L7_7, eNodeB ID=22060, Cell FDD TDD indication=CELL_FDD",Reliable,1742.891,138.004
2026-04-10 19:00,60,"ORO_MCH_EL_CAMBIO_UL/Cell:eNodeB Function Name=ORO_MCH_EL_CAMBIO_L, Local Cell ID=3, Cell Name=ORO_MCH_EL_CAMBIO_L21_3, eNodeB ID=22060, Cell FDD TDD indication=CELL_FDD",Reliable,13827.508,1333.558
2026-04-10 19:00,60,"ORO_MCH_EL_CAMBIO_UL/Cell:eNodeB Function Name=ORO_MCH_EL_CAMBIO_L, Local Cell ID=2, Cell Name=ORO_MCH_EL_CAMBIO_L21_2, eNodeB ID=22060, Cell FDD TDD indication=CELL_FDD",Reliable,583.339,65.625
2026-04-10 19:00,60,"ORO_MCH_EL_CAMBIO_UL/Cell:eNodeB Function Name=ORO_MCH_EL_CAMBIO_L, Local Cell ID=1, Cell Name=ORO_MCH_EL_CAMBIO_L21_1, eNodeB ID=22060, Cell FDD TDD indication=CELL_FDD",Reliable,152.174,22.133
2026-04-10 19:00,60,"ORO_MCH_AEROPUERTO_UL/Cell:eNodeB Function Name=ORO_MCH_AEROPUERTO_L, Local Cell ID=9, Cell Name=ORO_MCH_AEROPUERTO_L7_9, eNodeB ID=22061, Cell FDD TDD indication=CELL_FDD",Reliable,800.529,116.47
2026-04-10 19:00,60,"ORO_MCH_AEROPUERTO_UL/Cell:eNodeB Function Name=ORO_MCH_AEROPUERTO_L, Local Cell ID=8, Cell Name=ORO_MCH_AEROPUERTO_L7_8, eNodeB ID=22061, Cell FDD TDD indication=CELL_FDD",Reliable,345.711,25.666
2026-04-10 19:00,60,"ORO_MCH_AEROPUERTO_UL/Cell:eNodeB Function Name=ORO_MCH_AEROPUERTO_L, Local Cell ID=7, Cell Name=ORO_MCH_AEROPUERTO_L7_7, eNodeB ID=22061, Cell FDD TDD indication=CELL_FDD",Reliable,352.83,51.033
2026-04-10 19:00,60,"ORO_MCH_AEROPUERTO_UL/Cell:eNodeB Function Name=ORO_MCH_AEROPUERTO_L, Local Cell ID=3, Cell Name=ORO_MCH_AEROPUERTO_L21_3, eNodeB ID=22061, Cell FDD TDD indication=CELL_FDD",Reliable,906.95,76
2026-04-10 19:00,60,"ORO_MCH_AEROPUERTO_UL/Cell:eNodeB Function Name=ORO_MCH_AEROPUERTO_L, Local Cell ID=2, Cell Name=ORO_MCH_AEROPUERTO_L21_2, eNodeB ID=22061, Cell FDD TDD indication=CELL_FDD",Reliable,2042.814,152.967
2026-04-10 19:00,60,"ORO_MCH_AEROPUERTO_UL/Cell:eNodeB Function Name=ORO_MCH_AEROPUERTO_L, Local Cell ID=1, Cell Name=ORO_MCH_AEROPUERTO_L21_1, eNodeB ID=22061, Cell FDD TDD indication=CELL_FDD",Reliable,344.626,38.56
2026-04-10 19:00,60,"ORO_MCH_ARIZAGA_UL/Cell:eNodeB Function Name=ORO_MCH_ARIZAGA_L, Local Cell ID=3, Cell Name=ORO_MCH_ARIZAGA_L21_3, eNodeB ID=22063, Cell FDD TDD indication=CELL_FDD",Reliable,2640.272,257.397
2026-04-10 19:00,60,"ORO_MCH_ARIZAGA_UL/Cell:eNodeB Function Name=ORO_MCH_ARIZAGA_L, Local Cell ID=2, Cell Name=ORO_MCH_ARIZAGA_L21_2, eNodeB ID=22063, Cell FDD TDD indication=CELL_FDD",Reliable,2621.682,160.312
2026-04-10 19:00,60,"ORO_MCH_ARIZAGA_UL/Cell:eNodeB Function Name=ORO_MCH_ARIZAGA_L, Local Cell ID=1, Cell Name=ORO_MCH_ARIZAGA_L21_1, eNodeB ID=22063, Cell FDD TDD indication=CELL_FDD",Reliable,1294.065,102.63
2026-04-10 19:00,60,"ORO_MCH_OCTAVIA_UL/Cell:eNodeB Function Name=ORO_MCH_OCTAVIA_L, Local Cell ID=3, Cell Name=ORO_MCH_OCTAVIA_L21_3, eNodeB ID=22065, Cell FDD TDD indication=CELL_FDD",Reliable,419.515,38.312
2026-04-10 19:00,60,"ORO_MCH_OCTAVIA_UL/Cell:eNodeB Function Name=ORO_MCH_OCTAVIA_L, Local Cell ID=2, Cell Name=ORO_MCH_OCTAVIA_L21_2, eNodeB ID=22065, Cell FDD TDD indication=CELL_FDD",Reliable,1229.989,258.235
2026-04-10 19:00,60,"ORO_MCH_OCTAVIA_UL/Cell:eNodeB Function Name=ORO_MCH_OCTAVIA_L, Local Cell ID=1, Cell Name=ORO_MCH_OCTAVIA_L21_1, eNodeB ID=22065, Cell FDD TDD indication=CELL_FDD",Reliable,131.498,16.909
2026-04-10 19:00,60,"ORO_MCH_PUERTO_BOLIVAR_UL/Cell:eNodeB Function Name=ORO_MCH_PUERTO_BOLIVAR_L, Local Cell ID=9, Cell Name=ORO_MCH_PUERTO_BOLIVAR_L7_9, eNodeB ID=22067, Cell FDD TDD indication=CELL_FDD",Reliable,119.068,6.907
2026-04-10 19:00,60,"ORO_MCH_PUERTO_BOLIVAR_UL/Cell:eNodeB Function Name=ORO_MCH_PUERTO_BOLIVAR_L, Local Cell ID=8, Cell Name=ORO_MCH_PUERTO_BOLIVAR_L7_8, eNodeB ID=22067, Cell FDD TDD indication=CELL_FDD",Reliable,273.703,61.051
2026-04-10 19:00,60,"ORO_MCH_PUERTO_BOLIVAR_UL/Cell:eNodeB Function Name=ORO_MCH_PUERTO_BOLIVAR_L, Local Cell ID=7, Cell Name=ORO_MCH_PUERTO_BOLIVAR_L7_7, eNodeB ID=22067, Cell FDD TDD indication=CELL_FDD",Reliable,105.789,28.034
2026-04-10 19:00,60,"ORO_MCH_PUERTO_BOLIVAR_UL/Cell:eNodeB Function Name=ORO_MCH_PUERTO_BOLIVAR_L, Local Cell ID=3, Cell Name=ORO_MCH_PUERTO_BOLIVAR_L21_3, eNodeB ID=22067, Cell FDD TDD indication=CELL_FDD",Reliable,2993.44,288.462
2026-04-10 19:00,60,"ORO_MCH_PUERTO_BOLIVAR_UL/Cell:eNodeB Function Name=ORO_MCH_PUERTO_BOLIVAR_L, Local Cell ID=2, Cell Name=ORO_MCH_PUERTO_BOLIVAR_L21_2, eNodeB ID=22067, Cell FDD TDD indication=CELL_FDD",Reliable,1379.876,159.619
2026-04-10 19:00,60,"ORO_MCH_PUERTO_BOLIVAR_UL/Cell:eNodeB Function Name=ORO_MCH_PUERTO_BOLIVAR_L, Local Cell ID=1, Cell Name=ORO_MCH_PUERTO_BOLIVAR_L21_1, eNodeB ID=22067, Cell FDD TDD indication=CELL_FDD",Reliable,432.052,25.356
2026-04-10 19:00,60,"ORO_MCH_LA_UNION_COLOMBIANA_UL/Cell:eNodeB Function Name=ORO_MCH_LA_UNION_COLOMBIANA_L, Local Cell ID=9, Cell Name=ORO_MCH_LA_UNION_COLOMBIANA_L7_9, eNodeB ID=22544, Cell FDD TDD indication=CELL_FDD",Reliable,1006.728,219.3
2026-04-10 19:00,60,"ORO_MCH_LA_UNION_COLOMBIANA_UL/Cell:eNodeB Function Name=ORO_MCH_LA_UNION_COLOMBIANA_L, Local Cell ID=8, Cell Name=ORO_MCH_LA_UNION_COLOMBIANA_L7_8, eNodeB ID=22544, Cell FDD TDD indication=CELL_FDD",Reliable,543.059,159.663
2026-04-10 19:00,60,"ORO_MCH_LA_UNION_COLOMBIANA_UL/Cell:eNodeB Function Name=ORO_MCH_LA_UNION_COLOMBIANA_L, Local Cell ID=7, Cell Name=ORO_MCH_LA_UNION_COLOMBIANA_L7_7, eNodeB ID=22544, Cell FDD TDD indication=CELL_FDD",Reliable,67.85,5.572
2026-04-10 19:00,60,"ORO_PAS_LA_PEANA_UL/Cell:eNodeB Function Name=ORO_PAS_LA_PEANA_L, Local Cell ID=9, Cell Name=ORO_PAS_LA_PEANA_L7_9, eNodeB ID=22553, Cell FDD TDD indication=CELL_FDD",Reliable,1247.394,127.441
2026-04-10 19:00,60,"ORO_PAS_LA_PEANA_UL/Cell:eNodeB Function Name=ORO_PAS_LA_PEANA_L, Local Cell ID=8, Cell Name=ORO_PAS_LA_PEANA_L7_8, eNodeB ID=22553, Cell FDD TDD indication=CELL_FDD",Reliable,610.301,41.645
2026-04-10 19:00,60,"ORO_PAS_LA_PEANA_UL/Cell:eNodeB Function Name=ORO_PAS_LA_PEANA_L, Local Cell ID=7, Cell Name=ORO_PAS_LA_PEANA_L7_7, eNodeB ID=22553, Cell FDD TDD indication=CELL_FDD",Reliable,1830.215,146.608
2026-04-10 19:00,60,"ORO_MCH_CICOMACHALA_UL/Cell:eNodeB Function Name=ORO_MCH_CICOMCH_L, Local Cell ID=3, Cell Name=ORO_MCH_CICOMCH_L21_3, eNodeB ID=22311, Cell FDD TDD indication=CELL_FDD",Reliable,654.706,53.558
2026-04-10 19:00,60,"ORO_MCH_CICOMACHALA_UL/Cell:eNodeB Function Name=ORO_MCH_CICOMCH_L, Local Cell ID=2, Cell Name=ORO_MCH_CICOMCH_L21_2, eNodeB ID=22311, Cell FDD TDD indication=CELL_FDD",Reliable,854.162,80.9
2026-04-10 19:00,60,"ORO_MCH_CICOMACHALA_UL/Cell:eNodeB Function Name=ORO_MCH_CICOMCH_L, Local Cell ID=1, Cell Name=ORO_MCH_CICOMCH_L21_1, eNodeB ID=22311, Cell FDD TDD indication=CELL_FDD",Reliable,797.065,62.164
2026-04-10 19:00,60,"ORO_MCH_ARAUJO_UL/Cell:eNodeB Function Name=ORO_MCH_ ARAUJO_L, Local Cell ID=3, Cell Name=ORO_MCH_ARAUJO_L21_3, eNodeB ID=22329, Cell FDD TDD indication=CELL_FDD",Reliable,805.314,60.744
2026-04-10 19:00,60,"ORO_MCH_ARAUJO_UL/Cell:eNodeB Function Name=ORO_MCH_ ARAUJO_L, Local Cell ID=2, Cell Name=ORO_MCH_ARAUJO_L21_2, eNodeB ID=22329, Cell FDD TDD indication=CELL_FDD",Reliable,737.413,78.313
2026-04-10 19:00,60,"ORO_MCH_ARAUJO_UL/Cell:eNodeB Function Name=ORO_MCH_ ARAUJO_L, Local Cell ID=1, Cell Name=ORO_MCH_ARAUJO_L21_1, eNodeB ID=22329, Cell FDD TDD indication=CELL_FDD",Reliable,659.648,45.58
2026-04-10 19:00,60,"ORO_MCH_JUAN_MONTALVO_UL/Cell:eNodeB Function Name=ORO_MCH_ JUAN_MONTALVO_L, Local Cell ID=3, Cell Name=ORO_MCH_ JUAN_MONTALVO_L21_3, eNodeB ID=22330, Cell FDD TDD indication=CELL_FDD",Reliable,131.508,8.316
2026-04-10 19:00,60,"ORO_MCH_JUAN_MONTALVO_UL/Cell:eNodeB Function Name=ORO_MCH_ JUAN_MONTALVO_L, Local Cell ID=2, Cell Name=ORO_MCH_ JUAN_MONTALVO_L21_2, eNodeB ID=22330, Cell FDD TDD indication=CELL_FDD",Reliable,1711.192,232.289
2026-04-10 19:00,60,"ORO_MCH_JUAN_MONTALVO_UL/Cell:eNodeB Function Name=ORO_MCH_ JUAN_MONTALVO_L, Local Cell ID=1, Cell Name=ORO_MCH_ JUAN_MONTALVO_L21_1, eNodeB ID=22330, Cell FDD TDD indication=CELL_FDD",Reliable,33.603,4.236
2026-04-10 19:00,60,"ORO_MCH_ PALMERAS_UL/Cell:eNodeB Function Name=ORO_MCH_ PALMERAS_L, Local Cell ID=3, Cell Name=ORO_MCH_PALMERAS_L21_3, eNodeB ID=22331, Cell FDD TDD indication=CELL_FDD",Reliable,1112.731,64.195
2026-04-10 19:00,60,"ORO_MCH_ PALMERAS_UL/Cell:eNodeB Function Name=ORO_MCH_ PALMERAS_L, Local Cell ID=2, Cell Name=ORO_MCH_PALMERAS_L21_2, eNodeB ID=22331, Cell FDD TDD indication=CELL_FDD",Reliable,1391.901,115.053
2026-04-10 19:00,60,"ORO_MCH_ PALMERAS_UL/Cell:eNodeB Function Name=ORO_MCH_ PALMERAS_L, Local Cell ID=1, Cell Name=ORO_MCH_PALMERAS_L21_1, eNodeB ID=22331, Cell FDD TDD indication=CELL_FDD",Reliable,2129.985,371.153
2026-04-10 19:00,60,"ORO_IBE_IBERIA_UL/Cell:eNodeB Function Name=ORO_IBE_IBERIA_L, Local Cell ID=9, Cell Name=ORO_IBE_IBERIA_L7_9, eNodeB ID=22549, Cell FDD TDD indication=CELL_FDD",Reliable,104.494,7.717
2026-04-10 19:00,60,"ORO_IBE_IBERIA_UL/Cell:eNodeB Function Name=ORO_IBE_IBERIA_L, Local Cell ID=8, Cell Name=ORO_IBE_IBERIA_L7_8, eNodeB ID=22549, Cell FDD TDD indication=CELL_FDD",Reliable,198.697,50.162
2026-04-10 19:00,60,"ORO_IBE_IBERIA_UL/Cell:eNodeB Function Name=ORO_IBE_IBERIA_L, Local Cell ID=7, Cell Name=ORO_IBE_IBERIA_L7_7, eNodeB ID=22549, Cell FDD TDD indication=CELL_FDD",Reliable,1587.849,156.449
2026-04-10 19:00,60,"ORO_MCH_VIA_BALOSA_UL/Cell:eNodeB Function Name=ORO_MCH_VIA_BALOSA_L, Local Cell ID=9, Cell Name=ORO_MCH_VIA_BALOSA_L7_9, eNodeB ID=22577, Cell FDD TDD indication=CELL_FDD",Reliable,548.083,81.618
2026-04-10 19:00,60,"ORO_MCH_VIA_BALOSA_UL/Cell:eNodeB Function Name=ORO_MCH_VIA_BALOSA_L, Local Cell ID=8, Cell Name=ORO_MCH_VIA_BALOSA_L7_8, eNodeB ID=22577, Cell FDD TDD indication=CELL_FDD",Reliable,794.655,156.037
2026-04-10 19:00,60,"ORO_MCH_VIA_BALOSA_UL/Cell:eNodeB Function Name=ORO_MCH_VIA_BALOSA_L, Local Cell ID=7, Cell Name=ORO_MCH_VIA_BALOSA_L7_7, eNodeB ID=22577, Cell FDD TDD indication=CELL_FDD",Reliable,94.84,12.239
2026-04-10 19:00,60,"AZU_CUE_TARQUI_UL/Cell:eNodeB Function Name=AZU_CUE_TARQUI_L, Local Cell ID=9, Cell Name=AZU_CUE_TARQUI_L7_9, eNodeB ID=22129, Cell FDD TDD indication=CELL_FDD",Reliable,957.111,87.161
2026-04-10 19:00,60,"AZU_CUE_TARQUI_UL/Cell:eNodeB Function Name=AZU_CUE_TARQUI_L, Local Cell ID=8, Cell Name=AZU_CUE_TARQUI_L7_8, eNodeB ID=22129, Cell FDD TDD indication=CELL_FDD",Reliable,1377.49,171.604
2026-04-10 19:00,60,"AZU_CUE_TARQUI_UL/Cell:eNodeB Function Name=AZU_CUE_TARQUI_L, Local Cell ID=7, Cell Name=AZU_CUE_TARQUI_L7_7, eNodeB ID=22129, Cell FDD TDD indication=CELL_FDD",Reliable,657.49,49.011
