Result Time,Granularity Period,Object Name,Reliability,"DOWNLINK TRAFFIC VOLUME","UPLINK TRAFFIC VOLUME"
,Minutes,,,MB,MB
2026-04-11 04:00,60,"PI_UIO_AMAZONAS_UL/Cell:eNodeB Function Name=PIC_UIO_AMAZONAS_L, Local Cell ID=1, Cell Name=PI_UIO_AMAZONAS_1, eNodeB ID=44080, Cell FDD TDD indication=CELL_FDD",Reliable,180.259,11.168
2026-04-11 04:00,60,"PI_UIO_AMAZONAS_UL/Cell:eNodeB Function Name=PIC_UIO_AMAZONAS_L, Local Cell ID=2, Cell Name=PI_UIO_AMAZONAS_2, eNodeB ID=44080, Cell FDD TDD indication=CELL_FDD",Reliable,34.433,2.769
2026-04-11 04:00,60,"PI_UIO_AMAZONAS_UL/Cell:eNodeB Function Name=PIC_UIO_AMAZONAS_L, Local Cell ID=3, Cell Name=PI_UIO_AMAZONAS_3, eNodeB ID=44080, Cell FDD TDD indication=CELL_FDD",Reliable,45.782,6.154
2026-04-11 04:00,60,"PI_UIO_AMAZONAS_UL/Cell:eNodeB Function Name=PIC_UIO_AMAZONAS_L, Local Cell ID=11, Cell Name=PI_UIO_AMAZONAS_11, eNodeB ID=44080, Cell FDD TDD indication=CELL_FDD",Reliable,0.566,0.682
2026-04-11 04:00,60,"PI_UIO_AMAZONAS_UL/Cell:eNodeB Function Name=PIC_UIO_AMAZONAS_L, Local Cell ID=12, Cell Name=PI_UIO_AMAZONAS_12, eNodeB ID=44080, Cell FDD TDD indication=CELL_FDD",Reliable,303.06,4.36
2026-04-11 04:00,60,"PI_UIO_AMAZONAS_UL/Cell:eNodeB Function Name=PIC_UIO_AMAZONAS_L, Local Cell ID=13, Cell Name=PI_UIO_AMAZONAS_13, eNodeB ID=44080, Cell FDD TDD indication=CELL_FDD",Reliable,0.124,0.324
2026-04-11 04:00,60,"PI_UIO_ISAAC_ALBENIZ_UL/Cell:eNodeB Function Name=PI_UIO_ISAAC_ALBENIZL21, Local Cell ID=1, Cell Name=PI_UIO_ISAAC_ALBENIZ_1, eNodeB ID=44133, Cell FDD TDD indication=CELL_FDD",Reliable,29.927,3.914
2026-04-11 04:00,60,"PI_UIO_ISAAC_ALBENIZ_UL/Cell:eNodeB Function Name=PI_UIO_ISAAC_ALBENIZL21, Local Cell ID=2, Cell Name=PI_UIO_ISAAC_ALBENIZ_2, eNodeB ID=44133, Cell FDD TDD indication=CELL_FDD",Reliable,0.292,0.829
2026-04-11 04:00,60,"PI_UIO_ISAAC_ALBENIZ_UL/Cell:eNodeB Function Name=PI_UIO_ISAAC_ALBENIZL21, Local Cell ID=3, Cell Name=PI_UIO_ISAAC_ALBENIZ_3, eNodeB ID=44133, Cell FDD TDD indication=CELL_FDD",Reliable,0.288,0.211
2026-04-11 04:00,60,"PI_UIO_BUGAMBILLAS_UL/Cell:eNodeB Function Name=PI_UIO_BUGAMBILLAS_L, Local Cell ID=1, Cell Name=PI_UIO_BUGAMBILLAS_1, eNodeB ID=44086, Cell FDD TDD indication=CELL_FDD",Reliable,1920.518,195.785
2026-04-11 04:00,60,"PI_UIO_BUGAMBILLAS_UL/Cell:eNodeB Function Name=PI_UIO_BUGAMBILLAS_L, Local Cell ID=2, Cell Name=PI_UIO_BUGAMBILLAS_2, eNodeB ID=44086, Cell FDD TDD indication=CELL_FDD",Reliable,3.403,1.731
2026-04-11 04:00,60,"PI_UIO_BUGAMBILLAS_UL/Cell:eNodeB Function Name=PI_UIO_BUGAMBILLAS_L, Local Cell ID=3, Cell Name=PI_UIO_BUGAMBILLAS_3, eNodeB ID=44086, Cell FDD TDD indication=CELL_FDD",Reliable,2.306,0.818
2026-04-11 04:00,60,"PI_UIO_BUGAMBILLAS_UL/Cell:eNodeB Function Name=PI_UIO_BUGAMBILLAS_L, Local Cell ID=11, Cell Name=PI_UIO_BUGAMBILLAS_11, eNodeB ID=44086, Cell FDD TDD indication=CELL_FDD",Reliable,3246.253,401.494
2026-04-11 04:00,60,"PI_UIO_BUGAMBILLAS_UL/Cell:eNodeB Function Name=PI_UIO_BUGAMBILLAS_L, Local Cell ID=12, Cell Name=PI_UIO_BUGAMBILLAS_12, eNodeB ID=44086, Cell FDD TDD indication=CELL_FDD",Reliable,0.065,0.05
2026-04-11 04:00,60,"PI_UIO_BUGAMBILLAS_UL/Cell:eNodeB Function Name=PI_UIO_BUGAMBILLAS_L, Local Cell ID=13, Cell Name=PI_UIO_BUGAMBILLAS_13, eNodeB ID=44086, Cell FDD TDD indication=CELL_FDD",Reliable,1.675,0.261
2026-04-11 04:00,60,"PI_UIO_GASPAR_DE_VILLAROEL_UL/Cell:eNodeB Function Name=PI_UIO_GASPAR_DE_VILLAROELL21, Local Cell ID=1, Cell Name=PI_UIO_GASPAR_DE_VILLAROEL_1, eNodeB ID=44127, Cell FDD TDD indication=CELL_FDD",Reliable,1.01,0.993
2026-04-11 04:00,60,"PI_UIO_GASPAR_DE_VILLAROEL_UL/Cell:eNodeB Function Name=PI_UIO_GASPAR_DE_VILLAROELL21, Local Cell ID=2, Cell Name=PI_UIO_GASPAR_DE_VILLAROEL_2, eNodeB ID=44127, Cell FDD TDD indication=CELL_FDD",Reliable,11.964,1.391
2026-04-11 04:00,60,"PI_UIO_GRANADOS_UL/Cell:eNodeB Function Name=PI_UIO_GRANADOSL21, Local Cell ID=1, Cell Name=PI_UIO_GRANADOS_1, eNodeB ID=44072, Cell FDD TDD indication=CELL_FDD",Reliable,103.554,5.76
2026-04-11 04:00,60,"PI_UIO_GRANADOS_UL/Cell:eNodeB Function Name=PI_UIO_GRANADOSL21, Local Cell ID=2, Cell Name=PI_UIO_GRANADOS_2, eNodeB ID=44072, Cell FDD TDD indication=CELL_FDD",Reliable,7.408,3.547
2026-04-11 04:00,60,"PIC_UIO_AMERICA_ULN/Cell:eNodeB Function Name=PIC_UIO_AMERICA_L, Local Cell ID=1, Cell Name=PIC_UIO_AMERICA_L21_1, eNodeB ID=44027, Cell FDD TDD indication=CELL_FDD",Reliable,213.98,36.402
2026-04-11 04:00,60,"PIC_UIO_AMERICA_ULN/Cell:eNodeB Function Name=PIC_UIO_AMERICA_L, Local Cell ID=2, Cell Name=PIC_UIO_AMERICA_L21_2, eNodeB ID=44027, Cell FDD TDD indication=CELL_FDD",Reliable,52.927,64.846
2026-04-11 04:00,60,"PIC_UIO_AMERICA_ULN/Cell:eNodeB Function Name=PIC_UIO_AMERICA_L, Local Cell ID=3, Cell Name=PIC_UIO_AMERICA_L21_3, eNodeB ID=44027, Cell FDD TDD indication=CELL_FDD",Reliable,67.133,6.269
2026-04-11 04:00,60,"PIC_UIO_AMERICA_ULN/Cell:eNodeB Function Name=PIC_UIO_AMERICA_L, Local Cell ID=7, Cell Name=PIC_UIO_AMERICA_L7_7, eNodeB ID=44027, Cell FDD TDD indication=CELL_FDD",Reliable,162.128,12.909
2026-04-11 04:00,60,"PIC_UIO_AMERICA_ULN/Cell:eNodeB Function Name=PIC_UIO_AMERICA_L, Local Cell ID=8, Cell Name=PIC_UIO_AMERICA_L7_8, eNodeB ID=44027, Cell FDD TDD indication=CELL_FDD",Reliable,1.855,0.811
2026-04-11 04:00,60,"PIC_UIO_AMERICA_ULN/Cell:eNodeB Function Name=PIC_UIO_AMERICA_L, Local Cell ID=9, Cell Name=PIC_UIO_AMERICA_L7_9, eNodeB ID=44027, Cell FDD TDD indication=CELL_FDD",Reliable,49.101,6.642
2026-04-11 04:00,60,"PIC_UIO_AMERICA_ULN/Cell:eNodeB Function Name=PIC_UIO_AMERICA_L, Local Cell ID=11, Cell Name=PIC_UIO_AMERICA_L19_11, eNodeB ID=44027, Cell FDD TDD indication=CELL_FDD",Reliable,2.291,1.723
2026-04-11 04:00,60,"PIC_UIO_AMERICA_ULN/Cell:eNodeB Function Name=PIC_UIO_AMERICA_L, Local Cell ID=12, Cell Name=PIC_UIO_AMERICA_L19_12, eNodeB ID=44027, Cell FDD TDD indication=CELL_FDD",Reliable,8.14,1.389
2026-04-11 04:00,60,"PIC_UIO_AMERICA_ULN/Cell:eNodeB Function Name=PIC_UIO_AMERICA_L, Local Cell ID=13, Cell Name=PIC_UIO_AMERICA_L19_13, eNodeB ID=44027, Cell FDD TDD indication=CELL_FDD",Reliable,3.507,0.911
2026-04-11 04:00,60,"PI_UIO_EL_LABRADOR_UL/Cell:eNodeB Function Name=PI_UIO_EL_LABRADORL21, Local Cell ID=1, Cell Name=PI_UIO_EL_LABRADOR_1, eNodeB ID=44119, Cell FDD TDD indication=CELL_FDD",Reliable,28.921,5.396
2026-04-11 04:00,60,"PI_UIO_EL_LABRADOR_UL/Cell:eNodeB Function Name=PI_UIO_EL_LABRADORL21, Local Cell ID=2, Cell Name=PI_UIO_EL_LABRADOR_2, eNodeB ID=44119, Cell FDD TDD indication=CELL_FDD",Reliable,9.943,0.823
2026-04-11 04:00,60,"PI_UIO_EL_LABRADOR_UL/Cell:eNodeB Function Name=PI_UIO_EL_LABRADORL21, Local Cell ID=3, Cell Name=PI_UIO_EL_LABRADOR_3, eNodeB ID=44119, Cell FDD TDD indication=CELL_FDD",Reliable,2.003,2.659
2026-04-11 04:00,60,"PIC_UIO_INAQUITO_UL/Cell:eNodeB Function Name=PIC_UIO_INAQUITO_L, Local Cell ID=1, Cell Name=PIC_UIO_INAQUITO_L21_1, eNodeB ID=44005, Cell FDD TDD indication=CELL_FDD",Reliable,25.845,3.011
2026-04-11 04:00,60,"PIC_UIO_INAQUITO_UL/Cell:eNodeB Function Name=PIC_UIO_INAQUITO_L, Local Cell ID=2, Cell Name=PIC_UIO_INAQUITO_L21_2, eNodeB ID=44005, Cell FDD TDD indication=CELL_FDD",Reliable,49.244,3.25
2026-04-11 04:00,60,"PIC_UIO_INAQUITO_UL/Cell:eNodeB Function Name=PIC_UIO_INAQUITO_L, Local Cell ID=3, Cell Name=PIC_UIO_INAQUITO_L21_3, eNodeB ID=44005, Cell FDD TDD indication=CELL_FDD",Reliable,22.581,4.821
2026-04-11 04:00,60,"PIC_UIO_INAQUITO_UL/Cell:eNodeB Function Name=PIC_UIO_INAQUITO_L, Local Cell ID=7, Cell Name=PIC_UIO_INAQUITO_L7_7, eNodeB ID=44005, Cell FDD TDD indication=CELL_FDD",Reliable,27.116,3.74
2026-04-11 04:00,60,"PIC_UIO_INAQUITO_UL/Cell:eNodeB Function Name=PIC_UIO_INAQUITO_L, Local Cell ID=8, Cell Name=PIC_UIO_INAQUITO_L7_8, eNodeB ID=44005, Cell FDD TDD indication=CELL_FDD",Reliable,17.438,1.938
2026-04-11 04:00,60,"PIC_UIO_INAQUITO_UL/Cell:eNodeB Function Name=PIC_UIO_INAQUITO_L, Local Cell ID=9, Cell Name=PIC_UIO_INAQUITO_L7_9, eNodeB ID=44005, Cell FDD TDD indication=CELL_FDD",Reliable,8.904,1.922
2026-04-11 04:00,60,"PIC_UIO_INAQUITO_UL/Cell:eNodeB Function Name=PIC_UIO_INAQUITO_L, Local Cell ID=11, Cell Name=PIC_UIO_INAQUITO_L19_11, eNodeB ID=44005, Cell FDD TDD indication=CELL_FDD",Reliable,7.894,0.641
2026-04-11 04:00,60,"PIC_UIO_INAQUITO_UL/Cell:eNodeB Function Name=PIC_UIO_INAQUITO_L, Local Cell ID=12, Cell Name=PIC_UIO_INAQUITO_L19_12, eNodeB ID=44005, Cell FDD TDD indication=CELL_FDD",Reliable,0.052,0.1
2026-04-11 04:00,60,"PIC_UIO_INAQUITO_UL/Cell:eNodeB Function Name=PIC_UIO_INAQUITO_L, Local Cell ID=13, Cell Name=PIC_UIO_INAQUITO_L19_13, eNodeB ID=44005, Cell FDD TDD indication=CELL_FDD",Reliable,77.791,6.596
2026-04-11 04:00,60,"PIC_UIO_BATAN_ALTO_ULN/Cell:eNodeB Function Name=PIC_UIO_BATAN_ALTO_L, Local Cell ID=1, Cell Name=PIC_UIO_BATAN_ALTO_L21_1, eNodeB ID=44062, Cell FDD TDD indication=CELL_FDD",Reliable,41.901,4.005
2026-04-11 04:00,60,"PIC_UIO_BATAN_ALTO_ULN/Cell:eNodeB Function Name=PIC_UIO_BATAN_ALTO_L, Local Cell ID=2, Cell Name=PIC_UIO_BATAN_ALTO_L21_2, eNodeB ID=44062, Cell FDD TDD indication=CELL_FDD",Reliable,0.61,0.394
2026-04-11 04:00,60,"PIC_UIO_BATAN_ALTO_ULN/Cell:eNodeB Function Name=PIC_UIO_BATAN_ALTO_L, Local Cell ID=3, Cell Name=PIC_UIO_BATAN_ALTO_L21_3, eNodeB ID=44062, Cell FDD TDD indication=CELL_FDD",Reliable,0.77,0.234
2026-04-11 04:00,60,"PIC_UIO_MANOSCA_ULN/Cell:eNodeB Function Name=PI_UIO_MANOSCAL21, Local Cell ID=1, Cell Name=PI_UIO_MANOSCA_1, eNodeB ID=44156, Cell FDD TDD indication=CELL_FDD",Reliable,962.597,41.92
2026-04-11 04:00,60,"PIC_UIO_MANOSCA_ULN/Cell:eNodeB Function Name=PI_UIO_MANOSCAL21, Local Cell ID=2, Cell Name=PI_UIO_MANOSCA_2, eNodeB ID=44156, Cell FDD TDD indication=CELL_FDD",Reliable,9.467,1.415
2026-04-11 04:00,60,"PIC_UIO_BELLAVISTA_ULN/Cell:eNodeB Function Name=PI_UIO_BELLAVISTAL21, Local Cell ID=1, Cell Name=PI_UIO_BELLAVISTA_1, eNodeB ID=44083, Cell FDD TDD indication=CELL_FDD",Reliable,98.29,2.158
2026-04-11 04:00,60,"PIC_UIO_BELLAVISTA_ULN/Cell:eNodeB Function Name=PI_UIO_BELLAVISTAL21, Local Cell ID=2, Cell Name=PI_UIO_BELLAVISTA_2, eNodeB ID=44083, Cell FDD TDD indication=CELL_FDD",Reliable,23.597,5.957
2026-04-11 04:00,60,"PI_UIO_PILLAGUA_UL/Cell:eNodeB Function Name=PIC_UIO_PILLAGUA_L, Local Cell ID=1, Cell Name=PIC_UIO_PILLAGUA_L21_1, eNodeB ID=44170, Cell FDD TDD indication=CELL_FDD",Reliable,0.263,0.215
2026-04-11 04:00,60,"PI_UIO_PILLAGUA_UL/Cell:eNodeB Function Name=PIC_UIO_PILLAGUA_L, Local Cell ID=2, Cell Name=PIC_UIO_PILLAGUA_L21_2, eNodeB ID=44170, Cell FDD TDD indication=CELL_FDD",Reliable,0.001,0.002
2026-04-11 04:00,60,"PI_UIO_REPUBLICA_DEL_SALVADOR_UL/Cell:eNodeB Function Name=PIC_UIO_REPUBLICA_DEL_SALVADOR_L, Local Cell ID=1, Cell Name=PI_UIO_REPUBLICA_DEL_SALVADOR_1, eNodeB ID=44182, Cell FDD TDD indication=CELL_FDD",Reliable,51.482,33.828
2026-04-11 04:00,60,"PI_UIO_REPUBLICA_DEL_SALVADOR_UL/Cell:eNodeB Function Name=PIC_UIO_REPUBLICA_DEL_SALVADOR_L, Local Cell ID=2, Cell Name=PI_UIO_REPUBLICA_DEL_SALVADOR_2, eNodeB ID=44182, Cell FDD TDD indication=CELL_FDD",Reliable,42.945,34.376
2026-04-11 04:00,60,"PIC_UIO_ATAHUALPA_ULN/Cell:eNodeB Function Name=PI_UIO_ATAHUALPA_L, Local Cell ID=1, Cell Name=PI_UIO_ATAHUALPA_1, eNodeB ID=44081, Cell FDD TDD indication=CELL_FDD",Reliable,97.644,13.432
2026-04-11 04:00,60,"PIC_UIO_ATAHUALPA_ULN/Cell:eNodeB Function Name=PI_UIO_ATAHUALPA_L, Local Cell ID=2, Cell Name=PI_UIO_ATAHUALPA_2, eNodeB ID=44081, Cell FDD TDD indication=CELL_FDD",Reliable,321.639,22.246
2026-04-11 04:00,60,"PIC_UIO_ATAHUALPA_ULN/Cell:eNodeB Function Name=PI_UIO_ATAHUALPA_L, Local Cell ID=3, Cell Name=PI_UIO_ATAHUALPA_3, eNodeB ID=44081, Cell FDD TDD indication=CELL_FDD",Reliable,70.871,11.174
2026-04-11 04:00,60,"PIC_UIO_ATAHUALPA_ULN/Cell:eNodeB Function Name=PI_UIO_ATAHUALPA_L, Local Cell ID=11, Cell Name=PI_UIO_ATAHUALPA_11, eNodeB ID=44081, Cell FDD TDD indication=CELL_FDD",Reliable,7.738,0.304
2026-04-11 04:00,60,"PIC_UIO_ATAHUALPA_ULN/Cell:eNodeB Function Name=PI_UIO_ATAHUALPA_L, Local Cell ID=12, Cell Name=PI_UIO_ATAHUALPA_12, eNodeB ID=44081, Cell FDD TDD indication=CELL_FDD",Reliable,0.165,0.1
2026-04-11 04:00,60,"PIC_UIO_ATAHUALPA_ULN/Cell:eNodeB Function Name=PI_UIO_ATAHUALPA_L, Local Cell ID=13, Cell Name=PI_UIO_ATAHUALPA_13, eNodeB ID=44081, Cell FDD TDD indication=CELL_FDD",Reliable,260.955,11.156
2026-04-11 04:00,60,"PI_UIO_RUMIPAMBA_UL/Cell:eNodeB Function Name=PI_UIO_RUMIPAMBAL21, Local Cell ID=1, Cell Name=PI_UIO_RUMIPAMBA_1, eNodeB ID=44028, Cell FDD TDD indication=CELL_FDD",Reliable,151.307,30.793
2026-04-11 04:00,60,"PI_UIO_RUMIPAMBA_UL/Cell:eNodeB Function Name=PI_UIO_RUMIPAMBAL21, Local Cell ID=2, Cell Name=PI_UIO_RUMIPAMBA_2, eNodeB ID=44028, Cell FDD TDD indication=CELL_FDD",Reliable,15.811,5.934
2026-04-11 04:00,60,"PI_UIO_RUMIPAMBA_UL/Cell:eNodeB Function Name=PI_UIO_RUMIPAMBAL21, Local Cell ID=3, Cell Name=PI_UIO_RUMIPAMBA_3, eNodeB ID=44028, Cell FDD TDD indication=CELL_FDD",Reliable,350.624,19.59
2026-04-11 04:00,60,"PI_UIO_RIO_COCA_UL/Cell:eNodeB Function Name=PI_UIO_RIO_COCA_L, Local Cell ID=1, Cell Name=PI_UIO_RIO_COCA_1, eNodeB ID=44046, Cell FDD TDD indication=CELL_FDD",Reliable,180.566,13.569
2026-04-11 04:00,60,"PI_UIO_RIO_COCA_UL/Cell:eNodeB Function Name=PI_UIO_RIO_COCA_L, Local Cell ID=2, Cell Name=PI_UIO_RIO_COCA_2, eNodeB ID=44046, Cell FDD TDD indication=CELL_FDD",Reliable,4.377,0.993
2026-04-11 04:00,60,"PI_UIO_RIO_COCA_UL/Cell:eNodeB Function Name=PI_UIO_RIO_COCA_L, Local Cell ID=3, Cell Name=PI_UIO_RIO_COCA_3, eNodeB ID=44046, Cell FDD TDD indication=CELL_FDD",Reliable,400.531,27.307
2026-04-11 04:00,60,"PI_UIO_RIO_COCA_UL/Cell:eNodeB Function Name=PI_UIO_RIO_COCA_L, Local Cell ID=7, Cell Name=PI_UIO_RIO_COCA_7, eNodeB ID=44046, Cell FDD TDD indication=CELL_FDD",Reliable,4.608,6.054
2026-04-11 04:00,60,"PI_UIO_RIO_COCA_UL/Cell:eNodeB Function Name=PI_UIO_RIO_COCA_L, Local Cell ID=8, Cell Name=PI_UIO_RIO_COCA_8, eNodeB ID=44046, Cell FDD TDD indication=CELL_FDD",Reliable,47.567,5.355
2026-04-11 04:00,60,"PI_UIO_RIO_COCA_UL/Cell:eNodeB Function Name=PI_UIO_RIO_COCA_L, Local Cell ID=9, Cell Name=PI_UIO_RIO_COCA_9, eNodeB ID=44046, Cell FDD TDD indication=CELL_FDD",Reliable,328.632,18.715
2026-04-11 04:00,60,"PI_UIO_RIO_COCA_UL/Cell:eNodeB Function Name=PI_UIO_RIO_COCA_L, Local Cell ID=11, Cell Name=PI_UIO_RIO_COCA_11, eNodeB ID=44046, Cell FDD TDD indication=CELL_FDD",Reliable,4.61,0.864
2026-04-11 04:00,60,"PI_UIO_RIO_COCA_UL/Cell:eNodeB Function Name=PI_UIO_RIO_COCA_L, Local Cell ID=12, Cell Name=PI_UIO_RIO_COCA_12, eNodeB ID=44046, Cell FDD TDD indication=CELL_FDD",Reliable,0,0.002
2026-04-11 04:00,60,"PI_UIO_RIO_COCA_UL/Cell:eNodeB Function Name=PI_UIO_RIO_COCA_L, Local Cell ID=13, Cell Name=PI_UIO_RIO_COCA_13, eNodeB ID=44046, Cell FDD TDD indication=CELL_FDD",Reliable,0.442,0.255
2026-04-11 04:00,60,"PI_UIO_QUITO_TENIS_UL/Cell:eNodeB Function Name=PI_UIO_QUITO_TENISL21, Local Cell ID=1, Cell Name=PI_UIO_QUITO_TENIS_1, eNodeB ID=44016, Cell FDD TDD indication=CELL_FDD",Reliable,36.054,3.4
2026-04-11 04:00,60,"PI_UIO_QUITO_TENIS_UL/Cell:eNodeB Function Name=PI_UIO_QUITO_TENISL21, Local Cell ID=2, Cell Name=PI_UIO_QUITO_TENIS_2, eNodeB ID=44016, Cell FDD TDD indication=CELL_FDD",Reliable,53.862,9.192
2026-04-11 04:00,60,"PI_UIO_QUITO_TENIS_UL/Cell:eNodeB Function Name=PI_UIO_QUITO_TENISL21, Local Cell ID=3, Cell Name=PI_UIO_QUITO_TENIS_3, eNodeB ID=44016, Cell FDD TDD indication=CELL_FDD",Reliable,98.914,4.285
2026-04-11 04:00,60,"PI_UIO_QUITO_TENIS_UL/Cell:eNodeB Function Name=PI_UIO_QUITO_TENISL21, Local Cell ID=7, Cell Name=PI_UIO_QUITO_TENIS_APT_7, eNodeB ID=44016, Cell FDD TDD indication=CELL_FDD",Reliable,1.09,0.301
2026-04-11 04:00,60,"PI_UIO_QUITO_TENIS_UL/Cell:eNodeB Function Name=PI_UIO_QUITO_TENISL21, Local Cell ID=8, Cell Name=PI_UIO_QUITO_TENIS_APT_8, eNodeB ID=44016, Cell FDD TDD indication=CELL_FDD",Reliable,18.241,2.444
2026-04-11 04:00,60,"PI_UIO_QUITO_TENIS_UL/Cell:eNodeB Function Name=PI_UIO_QUITO_TENISL21, Local Cell ID=9, Cell Name=PI_UIO_QUITO_TENIS_APT_9, eNodeB ID=44016, Cell FDD TDD indication=CELL_FDD",Reliable,5.203,3.3
2026-04-11 04:00,60,"PI_UIO_LA_LUZ_UL/Cell:eNodeB Function Name=PI_UIO_LA_LUZ_L, Local Cell ID=1, Cell Name=PI_UIO_LA_LUZ_1, eNodeB ID=44038, Cell FDD TDD indication=CELL_FDD",Reliable,475.726,47.019
2026-04-11 04:00,60,"PI_UIO_LA_LUZ_UL/Cell:eNodeB Function Name=PI_UIO_LA_LUZ_L, Local Cell ID=2, Cell Name=PI_UIO_LA_LUZ_2, eNodeB ID=44038, Cell FDD TDD indication=CELL_FDD",Reliable,90.982,55.77
2026-04-11 04:00,60,"PI_UIO_LA_LUZ_UL/Cell:eNodeB Function Name=PI_UIO_LA_LUZ_L, Local Cell ID=3, Cell Name=PI_UIO_LA_LUZ_3, eNodeB ID=44038, Cell FDD TDD indication=CELL_FDD",Reliable,218.65,13.785
2026-04-11 04:00,60,"PI_UIO_LA_LUZ_UL/Cell:eNodeB Function Name=PI_UIO_LA_LUZ_L, Local Cell ID=11, Cell Name=PI_UIO_LA_LUZ_11, eNodeB ID=44038, Cell FDD TDD indication=CELL_FDD",Reliable,80.938,2.575
2026-04-11 04:00,60,"PI_UIO_LA_LUZ_UL/Cell:eNodeB Function Name=PI_UIO_LA_LUZ_L, Local Cell ID=12, Cell Name=PI_UIO_LA_LUZ_12, eNodeB ID=44038, Cell FDD TDD indication=CELL_FDD",Reliable,6.74,1.05
2026-04-11 04:00,60,"PI_UIO_LA_LUZ_UL/Cell:eNodeB Function Name=PI_UIO_LA_LUZ_L, Local Cell ID=13, Cell Name=PI_UIO_LA_LUZ_13, eNodeB ID=44038, Cell FDD TDD indication=CELL_FDD",Reliable,0,0.002
2026-04-11 04:00,60,"PI_UIO_CC_SAN_MARCOS_UL/Cell:eNodeB Function Name=PI_UIO_CC_SAN_MARCOSL21, Local Cell ID=1, Cell Name=PI_UIO_CC_SAN_MARCOS_1, eNodeB ID=44187, Cell FDD TDD indication=CELL_FDD",Reliable,8,1.238
2026-04-11 04:00,60,"PI_UIO_CC_SAN_MARCOS_UL/Cell:eNodeB Function Name=PI_UIO_CC_SAN_MARCOSL21, Local Cell ID=2, Cell Name=PI_UIO_CC_SAN_MARCOS_2, eNodeB ID=44187, Cell FDD TDD indication=CELL_FDD",Reliable,47.014,6.486
2026-04-11 04:00,60,"PI_UIO_CC_SAN_MARCOS_UL/Cell:eNodeB Function Name=PI_UIO_CC_SAN_MARCOSL21, Local Cell ID=3, Cell Name=PI_UIO_CC_SAN_MARCOS_3, eNodeB ID=44187, Cell FDD TDD indication=CELL_FDD",Reliable,185.879,16.305
2026-04-11 04:00,60,"PI_UIO_MURIALDO_UL/Cell:eNodeB Function Name=PIC_UIO_MURIALDO_L, Local Cell ID=1, Cell Name=PIC_UIO_MURIALDO_L1, eNodeB ID=44163, Cell FDD TDD indication=CELL_FDD",Reliable,28.038,5.301
2026-04-11 04:00,60,"PI_UIO_MURIALDO_UL/Cell:eNodeB Function Name=PIC_UIO_MURIALDO_L, Local Cell ID=2, Cell Name=PIC_UIO_MURIALDO_L2, eNodeB ID=44163, Cell FDD TDD indication=CELL_FDD",Reliable,29.709,4.855
2026-04-11 04:00,60,"PI_UIO_MURIALDO_UL/Cell:eNodeB Function Name=PIC_UIO_MURIALDO_L, Local Cell ID=7, Cell Name=PIC_UIO_MURIALDO_L7_7, eNodeB ID=44163, Cell FDD TDD indication=CELL_FDD",Reliable,593.409,27.185
2026-04-11 04:00,60,"PI_UIO_DE_LOS_PINOS_UL/Cell:eNodeB Function Name=PI_UIO_DE_LOS_PINOSL21, Local Cell ID=1, Cell Name=PI_UIO_DE_LOS_PINOS_1, eNodeB ID=44111, Cell FDD TDD indication=CELL_FDD",Reliable,52.382,8.012
2026-04-11 04:00,60,"PI_UIO_DE_LOS_PINOS_UL/Cell:eNodeB Function Name=PI_UIO_DE_LOS_PINOSL21, Local Cell ID=2, Cell Name=PI_UIO_DE_LOS_PINOS_2, eNodeB ID=44111, Cell FDD TDD indication=CELL_FDD",Reliable,385.499,29.516
2026-04-11 04:00,60,"PI_UIO_DE_LOS_ALAMOS_UL/Cell:eNodeB Function Name=PI_UIO_DE_LOS_ALAMOSL21, Local Cell ID=1, Cell Name=PI_UIO_DE_LOS_ALAMOS_1, eNodeB ID=44110, Cell FDD TDD indication=CELL_FDD",Reliable,90.386,56.678
2026-04-11 04:00,60,"PI_UIO_DE_LOS_ALAMOS_UL/Cell:eNodeB Function Name=PI_UIO_DE_LOS_ALAMOSL21, Local Cell ID=2, Cell Name=PI_UIO_DE_LOS_ALAMOS_2, eNodeB ID=44110, Cell FDD TDD indication=CELL_FDD",Reliable,15.062,3.228
2026-04-11 04:00,60,"PI_UIO_DE_LOS_ALAMOS_UL/Cell:eNodeB Function Name=PI_UIO_DE_LOS_ALAMOSL21, Local Cell ID=3, Cell Name=PI_UIO_DE_LOS_ALAMOS_3, eNodeB ID=44110, Cell FDD TDD indication=CELL_FDD",Reliable,133.586,6.532
2026-04-11 04:00,60,"PI_UIO_DE_LOS_ALAMOS_UL/Cell:eNodeB Function Name=PI_UIO_DE_LOS_ALAMOSL21, Local Cell ID=7, Cell Name=PI_UIO_DE_LOS_ALAMOS_APT_7, eNodeB ID=44110, Cell FDD TDD indication=CELL_FDD",Reliable,8.749,3.324
2026-04-11 04:00,60,"PI_UIO_DE_LOS_ALAMOS_UL/Cell:eNodeB Function Name=PI_UIO_DE_LOS_ALAMOSL21, Local Cell ID=8, Cell Name=PI_UIO_DE_LOS_ALAMOS_APT_8, eNodeB ID=44110, Cell FDD TDD indication=CELL_FDD",Reliable,227.567,16.179
2026-04-11 04:00,60,"PI_UIO_DE_LOS_ALAMOS_UL/Cell:eNodeB Function Name=PI_UIO_DE_LOS_ALAMOSL21, Local Cell ID=9, Cell Name=PI_UIO_DE_LOS_ALAMOS_APT_9, eNodeB ID=44110, Cell FDD TDD indication=CELL_FDD",Reliable,31.765,3.947
2026-04-11 04:00,60,"PI_UIO_SAN_JOSE_DEL_VALLE_UL/Cell:eNodeB Function Name=PIC_UIO_SAN_JOSE_DEL_VALLE_L, Local Cell ID=1, Cell Name=PIC_UIO_SAN_JOSE_DEL_VALLE_L21_1, eNodeB ID=44200, Cell FDD TDD indication=CELL_FDD",Reliable,9.96,3.236
2026-04-11 04:00,60,"PI_UIO_SAN_JOSE_DEL_VALLE_UL/Cell:eNodeB Function Name=PIC_UIO_SAN_JOSE_DEL_VALLE_L, Local Cell ID=2, Cell Name=PIC_UIO_SAN_JOSE_DEL_VALLE_L21_2, eNodeB ID=44200, Cell FDD TDD indication=CELL_FDD",Reliable,20.481,3.834
2026-04-11 04:00,60,"PI_UIO_SAN_JOSE_DEL_VALLE_UL/Cell:eNodeB Function Name=PIC_UIO_SAN_JOSE_DEL_VALLE_L, Local Cell ID=3, Cell Name=PIC_UIO_SAN_JOSE_DEL_VALLE_L21_3, eNodeB ID=44200, Cell FDD TDD indication=CELL_FDD",Reliable,610.721,90.666
2026-04-11 04:00,60,"PI_UIO_LA_MOYA_UL/Cell:eNodeB Function Name=PI_UIO_LA_MOYAL21, Local Cell ID=1, Cell Name=PI_UIO_LA_MOYA_1, eNodeB ID=44143, Cell FDD TDD indication=CELL_FDD",Reliable,79.781,7.042
2026-04-11 04:00,60,"PI_UIO_LA_MOYA_UL/Cell:eNodeB Function Name=PI_UIO_LA_MOYAL21, Local Cell ID=2, Cell Name=PI_UIO_LA_MOYA_2, eNodeB ID=44143, Cell FDD TDD indication=CELL_FDD",Reliable,79.549,9.619
2026-04-11 04:00,60,"PI_UIO_LA_MOYA_UL/Cell:eNodeB Function Name=PI_UIO_LA_MOYAL21, Local Cell ID=3, Cell Name=PI_UIO_LA_MOYA_3, eNodeB ID=44143, Cell FDD TDD indication=CELL_FDD",Reliable,70.183,8.019
2026-04-11 04:00,60,"PI_UIO_LA_MOYA_UL/Cell:eNodeB Function Name=PI_UIO_LA_MOYAL21, Local Cell ID=7, Cell Name=PI_UIO_LA_MOYA_APT_7, eNodeB ID=44143, Cell FDD TDD indication=CELL_FDD",Reliable,9.404,2.289
2026-04-11 04:00,60,"PI_UIO_LA_MOYA_UL/Cell:eNodeB Function Name=PI_UIO_LA_MOYAL21, Local Cell ID=8, Cell Name=PI_UIO_LA_MOYA_APT_8, eNodeB ID=44143, Cell FDD TDD indication=CELL_FDD",Reliable,704.367,32.525
2026-04-11 04:00,60,"PI_UIO_LA_MOYA_UL/Cell:eNodeB Function Name=PI_UIO_LA_MOYAL21, Local Cell ID=9, Cell Name=PI_UIO_LA_MOYA_APT_9, eNodeB ID=44143, Cell FDD TDD indication=CELL_FDD",Reliable,170.288,24.571
2026-04-11 04:00,60,"PI_UIO_LUMBISI_UL/Cell:eNodeB Function Name=PI_UIO_LUMBISIL21, Local Cell ID=1, Cell Name=PIC_UIO_LUMBISI_L21_1, eNodeB ID=44154, Cell FDD TDD indication=CELL_FDD",Reliable,5.501,1.966
2026-04-11 04:00,60,"PI_UIO_LUMBISI_UL/Cell:eNodeB Function Name=PI_UIO_LUMBISIL21, Local Cell ID=2, Cell Name=PIC_UIO_LUMBISI_L21_2, eNodeB ID=44154, Cell FDD TDD indication=CELL_FDD",Reliable,29.846,7.267
2026-04-11 04:00,60,"PI_UIO_LUMBISI_UL/Cell:eNodeB Function Name=PI_UIO_LUMBISIL21, Local Cell ID=3, Cell Name=PIC_UIO_LUMBISI_L21_3, eNodeB ID=44154, Cell FDD TDD indication=CELL_FDD",Reliable,22.063,1.125
2026-04-11 04:00,60,"PI_UIO_LUMBISI_UL/Cell:eNodeB Function Name=PI_UIO_LUMBISIL21, Local Cell ID=7, Cell Name=PIC_UIO_LUMBISI_L7_7, eNodeB ID=44154, Cell FDD TDD indication=CELL_FDD",Reliable,91.062,14.636
2026-04-11 04:00,60,"PI_UIO_LUMBISI_UL/Cell:eNodeB Function Name=PI_UIO_LUMBISIL21, Local Cell ID=8, Cell Name=PIC_UIO_LUMBISI_L7_8, eNodeB ID=44154, Cell FDD TDD indication=CELL_FDD",Reliable,1.398,0.518
2026-04-11 04:00,60,"PI_UIO_LUMBISI_UL/Cell:eNodeB Function Name=PI_UIO_LUMBISIL21, Local Cell ID=9, Cell Name=PIC_UIO_LUMBISI_L7_9, eNodeB ID=44154, Cell FDD TDD indication=CELL_FDD",Reliable,15.918,42.663
2026-04-11 04:00,60,"PI_UIO_CC_SAN_LUIS_UL/Cell:eNodeB Function Name=PI_UIO_CC_SAN_LUIS_L, Local Cell ID=1, Cell Name=PI_UIO_CC_SAN_LUIS_1, eNodeB ID=44197, Cell FDD TDD indication=CELL_FDD",Reliable,49.514,2.532
2026-04-11 04:00,60,"PI_UIO_CC_SAN_LUIS_UL/Cell:eNodeB Function Name=PI_UIO_CC_SAN_LUIS_L, Local Cell ID=2, Cell Name=PI_UIO_CC_SAN_LUIS_2, eNodeB ID=44197, Cell FDD TDD indication=CELL_FDD",Reliable,31.513,6.38
2026-04-11 04:00,60,"PI_UIO_CC_SAN_LUIS_UL/Cell:eNodeB Function Name=PI_UIO_CC_SAN_LUIS_L, Local Cell ID=3, Cell Name=PI_UIO_CC_SAN_LUIS_3, eNodeB ID=44197, Cell FDD TDD indication=CELL_FDD",Reliable,24.52,1.303
2026-04-11 04:00,60,"PI_UIO_CC_SAN_LUIS_UL/Cell:eNodeB Function Name=PI_UIO_CC_SAN_LUIS_L, Local Cell ID=11, Cell Name=PI_UIO_CC_SAN_LUIS_11, eNodeB ID=44197, Cell FDD TDD indication=CELL_FDD",Reliable,56.996,3.632
2026-04-11 04:00,60,"PI_UIO_CC_SAN_LUIS_UL/Cell:eNodeB Function Name=PI_UIO_CC_SAN_LUIS_L, Local Cell ID=12, Cell Name=PI_UIO_CC_SAN_LUIS_12, eNodeB ID=44197, Cell FDD TDD indication=CELL_FDD",Reliable,9.208,0.959
2026-04-11 04:00,60,"PI_UIO_CC_SAN_LUIS_UL/Cell:eNodeB Function Name=PI_UIO_CC_SAN_LUIS_L, Local Cell ID=13, Cell Name=PI_UIO_CC_SAN_LUIS_13, eNodeB ID=44197, Cell FDD TDD indication=CELL_FDD",Reliable,0.404,0.281
2026-04-11 04:00,60,"PI_UIO_LA_COMUNA_UL/Cell:eNodeB Function Name=PI_UIO_LA_COMUNA_L, Local Cell ID=1, Cell Name=PI_UIO_LA_COMUNA_1, eNodeB ID=44138, Cell FDD TDD indication=CELL_FDD",Reliable,284.01,21.392
2026-04-11 04:00,60,"PI_UIO_LA_COMUNA_UL/Cell:eNodeB Function Name=PI_UIO_LA_COMUNA_L, Local Cell ID=2, Cell Name=PI_UIO_LA_COMUNA_2, eNodeB ID=44138, Cell FDD TDD indication=CELL_FDD",Reliable,10.066,3.043
2026-04-11 04:00,60,"PI_UIO_LA_COMUNA_UL/Cell:eNodeB Function Name=PI_UIO_LA_COMUNA_L, Local Cell ID=3, Cell Name=PI_UIO_LA_COMUNA_3, eNodeB ID=44138, Cell FDD TDD indication=CELL_FDD",Reliable,27.685,10.32
2026-04-11 04:00,60,"PI_UIO_LA_COMUNA_UL/Cell:eNodeB Function Name=PI_UIO_LA_COMUNA_L, Local Cell ID=11, Cell Name=PI_UIO_LA_COMUNA_11, eNodeB ID=44138, Cell FDD TDD indication=CELL_FDD",Reliable,16.457,2.046
2026-04-11 04:00,60,"PI_UIO_LA_COMUNA_UL/Cell:eNodeB Function Name=PI_UIO_LA_COMUNA_L, Local Cell ID=12, Cell Name=PI_UIO_LA_COMUNA_12, eNodeB ID=44138, Cell FDD TDD indication=CELL_FDD",Reliable,8.949,1.135
2026-04-11 04:00,60,"PI_UIO_LA_COMUNA_UL/Cell:eNodeB Function Name=PI_UIO_LA_COMUNA_L, Local Cell ID=13, Cell Name=PI_UIO_LA_COMUNA_13, eNodeB ID=44138, Cell FDD TDD indication=CELL_FDD",Reliable,8.53,0.891
2026-04-11 04:00,60,"PIC_UIO_TRIBUNAL_SUPREMO_ULN/Cell:eNodeB Function Name=PI_UIO_TRIBUNAL_SUPREMO_L, Local Cell ID=1, Cell Name=PI_UIO_TRIBUNAL_SUPREMO_1, eNodeB ID=44192, Cell FDD TDD indication=CELL_FDD",Reliable,102.522,10.603
2026-04-11 04:00,60,"PIC_UIO_TRIBUNAL_SUPREMO_ULN/Cell:eNodeB Function Name=PI_UIO_TRIBUNAL_SUPREMO_L, Local Cell ID=2, Cell Name=PI_UIO_TRIBUNAL_SUPREMO_2, eNodeB ID=44192, Cell FDD TDD indication=CELL_FDD",Reliable,25.035,9.106
2026-04-11 04:00,60,"PIC_UIO_TRIBUNAL_SUPREMO_ULN/Cell:eNodeB Function Name=PI_UIO_TRIBUNAL_SUPREMO_L, Local Cell ID=3, Cell Name=PI_UIO_TRIBUNAL_SUPREMO_3, eNodeB ID=44192, Cell FDD TDD indication=CELL_FDD",Reliable,80.82,85.038
2026-04-11 04:00,60,"PIC_UIO_TRIBUNAL_SUPREMO_ULN/Cell:eNodeB Function Name=PI_UIO_TRIBUNAL_SUPREMO_L, Local Cell ID=11, Cell Name=PI_UIO_TRIBUNAL_SUPREMO_11, eNodeB ID=44192, Cell FDD TDD indication=CELL_FDD",Reliable,8.636,1.988
2026-04-11 04:00,60,"PIC_UIO_TRIBUNAL_SUPREMO_ULN/Cell:eNodeB Function Name=PI_UIO_TRIBUNAL_SUPREMO_L, Local Cell ID=12, Cell Name=PI_UIO_TRIBUNAL_SUPREMO_12, eNodeB ID=44192, Cell FDD TDD indication=CELL_FDD",Reliable,0.069,0.046
2026-04-11 04:00,60,"PIC_UIO_TRIBUNAL_SUPREMO_ULN/Cell:eNodeB Function Name=PI_UIO_TRIBUNAL_SUPREMO_L, Local Cell ID=13, Cell Name=PI_UIO_TRIBUNAL_SUPREMO_13, eNodeB ID=44192, Cell FDD TDD indication=CELL_FDD",Reliable,0.309,0.042
2026-04-11 04:00,60,"PI_UIO_PARQUE_INGLES_UL/Cell:eNodeB Function Name=PI_UIO_PARQUE_INGLESL21, Local Cell ID=1, Cell Name=PI_UIO_PARQUE_INGLES_1, eNodeB ID=44167, Cell FDD TDD indication=CELL_FDD",Reliable,12.374,2.126
2026-04-11 04:00,60,"PI_UIO_PARQUE_INGLES_UL/Cell:eNodeB Function Name=PI_UIO_PARQUE_INGLESL21, Local Cell ID=2, Cell Name=PI_UIO_PARQUE_INGLES_2, eNodeB ID=44167, Cell FDD TDD indication=CELL_FDD",Reliable,16.726,2.542
2026-04-11 04:00,60,"PI_UIO_PARQUE_INGLES_UL/Cell:eNodeB Function Name=PI_UIO_PARQUE_INGLESL21, Local Cell ID=3, Cell Name=PI_UIO_PARQUE_INGLES_3, eNodeB ID=44167, Cell FDD TDD indication=CELL_FDD",Reliable,356.866,17.83
2026-04-11 04:00,60,"PI_UIO_CONOCOTO_UL/Cell:eNodeB Function Name=PI_UIO_CONOCOTOL21, Local Cell ID=1, Cell Name=PI_UIO_CONOCOTO_1, eNodeB ID=44022, Cell FDD TDD indication=CELL_FDD",Reliable,43.485,2.965
2026-04-11 04:00,60,"PI_UIO_CONOCOTO_UL/Cell:eNodeB Function Name=PI_UIO_CONOCOTOL21, Local Cell ID=2, Cell Name=PI_UIO_CONOCOTO_2, eNodeB ID=44022, Cell FDD TDD indication=CELL_FDD",Reliable,144.007,65.248
2026-04-11 04:00,60,"PI_UIO_CONOCOTO_UL/Cell:eNodeB Function Name=PI_UIO_CONOCOTOL21, Local Cell ID=3, Cell Name=PI_UIO_CONOCOTO_3, eNodeB ID=44022, Cell FDD TDD indication=CELL_FDD",Reliable,639.807,762.022
2026-04-11 04:00,60,"PI_UIO_CONOCOTO_UL/Cell:eNodeB Function Name=PI_UIO_CONOCOTOL21, Local Cell ID=7, Cell Name=PI_UIO_CONOCOTO_APT_7, eNodeB ID=44022, Cell FDD TDD indication=CELL_FDD",Reliable,30.335,6.441
2026-04-11 04:00,60,"PI_UIO_CONOCOTO_UL/Cell:eNodeB Function Name=PI_UIO_CONOCOTOL21, Local Cell ID=8, Cell Name=PI_UIO_CONOCOTO_APT_8, eNodeB ID=44022, Cell FDD TDD indication=CELL_FDD",Reliable,439.722,54.119
2026-04-11 04:00,60,"PI_UIO_CONOCOTO_UL/Cell:eNodeB Function Name=PI_UIO_CONOCOTOL21, Local Cell ID=9, Cell Name=PI_UIO_CONOCOTO_APT_9, eNodeB ID=44022, Cell FDD TDD indication=CELL_FDD",Reliable,310.265,1158.455
2026-04-11 04:00,60,"PIC_UIO_ALAMEDA_ULN/Cell:eNodeB Function Name=PIC_UIO_ALAMEDA_L, Local Cell ID=1, Cell Name=PIC_UIO_ALAMEDA_L21_1, eNodeB ID=44030, Cell FDD TDD indication=CELL_FDD",Reliable,36.297,7.454
2026-04-11 04:00,60,"PIC_UIO_ALAMEDA_ULN/Cell:eNodeB Function Name=PIC_UIO_ALAMEDA_L, Local Cell ID=2, Cell Name=PIC_UIO_ALAMEDA_L21_2, eNodeB ID=44030, Cell FDD TDD indication=CELL_FDD",Reliable,352.926,34.209
2026-04-11 04:00,60,"PIC_UIO_ALAMEDA_ULN/Cell:eNodeB Function Name=PIC_UIO_ALAMEDA_L, Local Cell ID=3, Cell Name=PIC_UIO_ALAMEDA_L21_3, eNodeB ID=44030, Cell FDD TDD indication=CELL_FDD",Reliable,38.49,5.205
2026-04-11 04:00,60,"PIC_UIO_ALAMEDA_ULN/Cell:eNodeB Function Name=PIC_UIO_ALAMEDA_L, Local Cell ID=7, Cell Name=PIC_UIO_ALAMEDA_L7_7, eNodeB ID=44030, Cell FDD TDD indication=CELL_FDD",Reliable,506.519,84.534
2026-04-11 04:00,60,"PIC_UIO_ALAMEDA_ULN/Cell:eNodeB Function Name=PIC_UIO_ALAMEDA_L, Local Cell ID=8, Cell Name=PIC_UIO_ALAMEDA_L7_8, eNodeB ID=44030, Cell FDD TDD indication=CELL_FDD",Reliable,461.861,68.191
2026-04-11 04:00,60,"PIC_UIO_ALAMEDA_ULN/Cell:eNodeB Function Name=PIC_UIO_ALAMEDA_L, Local Cell ID=9, Cell Name=PIC_UIO_ALAMEDA_L7_9, eNodeB ID=44030, Cell FDD TDD indication=CELL_FDD",Reliable,76.307,10.794
2026-04-11 04:00,60,"PIC_UIO_ALAMEDA_ULN/Cell:eNodeB Function Name=PIC_UIO_ALAMEDA_L, Local Cell ID=11, Cell Name=PIC_UIO_ALAMEDA_L19_11, eNodeB ID=44030, Cell FDD TDD indication=CELL_FDD",Reliable,23.43,2.442
2026-04-11 04:00,60,"PIC_UIO_ALAMEDA_ULN/Cell:eNodeB Function Name=PIC_UIO_ALAMEDA_L, Local Cell ID=12, Cell Name=PIC_UIO_ALAMEDA_L19_12, eNodeB ID=44030, Cell FDD TDD indication=CELL_FDD",Reliable,5.965,1.803
2026-04-11 04:00,60,"PIC_UIO_ALAMEDA_ULN/Cell:eNodeB Function Name=PIC_UIO_ALAMEDA_L, Local Cell ID=13, Cell Name=PIC_UIO_ALAMEDA_L19_13, eNodeB ID=44030, Cell FDD TDD indication=CELL_FDD",Reliable,0.572,0.321
2026-04-11 04:00,60,"PI_UIO_VACA_DE_CASTRO_UL/Cell:eNodeB Function Name=PI_UIO_VACA_DE_CASTROL21, Local Cell ID=1, Cell Name=PI_UIO_VACA_DE_CASTRO_1, eNodeB ID=44194, Cell FDD TDD indication=CELL_FDD",Reliable,17.441,4.081
2026-04-11 04:00,60,"PI_UIO_VACA_DE_CASTRO_UL/Cell:eNodeB Function Name=PI_UIO_VACA_DE_CASTROL21, Local Cell ID=2, Cell Name=PI_UIO_VACA_DE_CASTRO_2, eNodeB ID=44194, Cell FDD TDD indication=CELL_FDD",Reliable,81.078,6.939
2026-04-11 04:00,60,"PI_UIO_VACA_DE_CASTRO_UL/Cell:eNodeB Function Name=PI_UIO_VACA_DE_CASTROL21, Local Cell ID=3, Cell Name=PI_UIO_VACA_DE_CASTRO_3, eNodeB ID=44194, Cell FDD TDD indication=CELL_FDD",Reliable,382.893,10.843
2026-04-11 04:00,60,"PIC_UIO_TOMAS_DE_BERLANGA_ULN/Cell:eNodeB Function Name=PI_UIO_TOMAS_DE_BERLANGA_L, Local Cell ID=1, Cell Name=PI_UIO_TOMAS_DE_BERLANGA_1, eNodeB ID=44191, Cell FDD TDD indication=CELL_FDD",Reliable,4.584,2.479
2026-04-11 04:00,60,"PIC_UIO_TOMAS_DE_BERLANGA_ULN/Cell:eNodeB Function Name=PI_UIO_TOMAS_DE_BERLANGA_L, Local Cell ID=2, Cell Name=PI_UIO_TOMAS_DE_BERLANGA_2, eNodeB ID=44191, Cell FDD TDD indication=CELL_FDD",Reliable,33.205,7.601
2026-04-11 04:00,60,"PIC_UIO_TOMAS_DE_BERLANGA_ULN/Cell:eNodeB Function Name=PI_UIO_TOMAS_DE_BERLANGA_L, Local Cell ID=3, Cell Name=PI_UIO_TOMAS_DE_BERLANGA_3, eNodeB ID=44191, Cell FDD TDD indication=CELL_FDD",Reliable,47.887,4.436
2026-04-11 04:00,60,"PIC_UIO_TOMAS_DE_BERLANGA_ULN/Cell:eNodeB Function Name=PI_UIO_TOMAS_DE_BERLANGA_L, Local Cell ID=11, Cell Name=PI_UIO_TOMAS_DE_BERLANGA_11, eNodeB ID=44191, Cell FDD TDD indication=CELL_FDD",Reliable,0.002,0.002
2026-04-11 04:00,60,"PIC_UIO_TOMAS_DE_BERLANGA_ULN/Cell:eNodeB Function Name=PI_UIO_TOMAS_DE_BERLANGA_L, Local Cell ID=12, Cell Name=PI_UIO_TOMAS_DE_BERLANGA_12, eNodeB ID=44191, Cell FDD TDD indication=CELL_FDD",Reliable,0.171,0.02
2026-04-11 04:00,60,"PIC_UIO_TOMAS_DE_BERLANGA_ULN/Cell:eNodeB Function Name=PI_UIO_TOMAS_DE_BERLANGA_L, Local Cell ID=13, Cell Name=PI_UIO_TOMAS_DE_BERLANGA_13, eNodeB ID=44191, Cell FDD TDD indication=CELL_FDD",Reliable,0.047,0.032
2026-04-11 04:00,60,"PI_UIO_LA_GASCA_UL/Cell:eNodeB Function Name=PI_UIO_LA_GASCAL21, Local Cell ID=1, Cell Name=PI_UIO_LA_GASCA_1, eNodeB ID=44139, Cell FDD TDD indication=CELL_FDD",Reliable,128.932,11.698
2026-04-11 04:00,60,"PI_UIO_LA_GASCA_UL/Cell:eNodeB Function Name=PI_UIO_LA_GASCAL21, Local Cell ID=2, Cell Name=PI_UIO_LA_GASCA_2, eNodeB ID=44139, Cell FDD TDD indication=CELL_FDD",Reliable,111.365,15.035
2026-04-11 04:00,60,"PI_UIO_LA_GASCA_UL/Cell:eNodeB Function Name=PI_UIO_LA_GASCAL21, Local Cell ID=3, Cell Name=PI_UIO_LA_GASCA_3, eNodeB ID=44139, Cell FDD TDD indication=CELL_FDD",Reliable,128.491,15.691
2026-04-11 04:00,60,"PIC_UIO_MARISCAL_SUCRE_ULN/Cell:eNodeB Function Name=PIC_UIO_MARISCAL_SUCRE_L, Local Cell ID=1, Cell Name=PIC_UIO_MARISCAL_SUCRE_L21_1, eNodeB ID=44008, Cell FDD TDD indication=CELL_FDD",Reliable,28.793,376.383
2026-04-11 04:00,60,"PIC_UIO_MARISCAL_SUCRE_ULN/Cell:eNodeB Function Name=PIC_UIO_MARISCAL_SUCRE_L, Local Cell ID=2, Cell Name=PIC_UIO_MARISCAL_SUCRE_L21_2, eNodeB ID=44008, Cell FDD TDD indication=CELL_FDD",Reliable,73.363,9.981
2026-04-11 04:00,60,"PIC_UIO_MARISCAL_SUCRE_ULN/Cell:eNodeB Function Name=PIC_UIO_MARISCAL_SUCRE_L, Local Cell ID=3, Cell Name=PIC_UIO_MARISCAL_SUCRE_L21_3, eNodeB ID=44008, Cell FDD TDD indication=CELL_FDD",Reliable,31.502,6.723
2026-04-11 04:00,60,"PIC_UIO_MARISCAL_SUCRE_ULN/Cell:eNodeB Function Name=PIC_UIO_MARISCAL_SUCRE_L, Local Cell ID=7, Cell Name=PIC_UIO_MARISCAL_SUCRE_L7_7, eNodeB ID=44008, Cell FDD TDD indication=CELL_FDD",Reliable,45.452,1356.754
2026-04-11 04:00,60,"PIC_UIO_MARISCAL_SUCRE_ULN/Cell:eNodeB Function Name=PIC_UIO_MARISCAL_SUCRE_L, Local Cell ID=8, Cell Name=PIC_UIO_MARISCAL_SUCRE_L7_8, eNodeB ID=44008, Cell FDD TDD indication=CELL_FDD",Reliable,11.688,4.882
2026-04-11 04:00,60,"PIC_UIO_MARISCAL_SUCRE_ULN/Cell:eNodeB Function Name=PIC_UIO_MARISCAL_SUCRE_L, Local Cell ID=9, Cell Name=PIC_UIO_MARISCAL_SUCRE_L7_9, eNodeB ID=44008, Cell FDD TDD indication=CELL_FDD",Reliable,2.533,0.631
2026-04-11 04:00,60,"PIC_UIO_MARISCAL_SUCRE_ULN/Cell:eNodeB Function Name=PIC_UIO_MARISCAL_SUCRE_L, Local Cell ID=11, Cell Name=PIC_UIO_MARISCAL_SUCRE_L19_11, eNodeB ID=44008, Cell FDD TDD indication=CELL_FDD",Reliable,1.288,0.263
2026-04-11 04:00,60,"PIC_UIO_MARISCAL_SUCRE_ULN/Cell:eNodeB Function Name=PIC_UIO_MARISCAL_SUCRE_L, Local Cell ID=12, Cell Name=PIC_UIO_MARISCAL_SUCRE_L19_12, eNodeB ID=44008, Cell FDD TDD indication=CELL_FDD",Reliable,384.137,15.671
2026-04-11 04:00,60,"PIC_UIO_MARISCAL_SUCRE_ULN/Cell:eNodeB Function Name=PIC_UIO_MARISCAL_SUCRE_L, Local Cell ID=13, Cell Name=PIC_UIO_MARISCAL_SUCRE_L19_13, eNodeB ID=44008, Cell FDD TDD indication=CELL_FDD",Reliable,0.001,0.007
2026-04-11 04:00,60,"PI_UIO_PEDRO_ALVARADO_UL/Cell:eNodeB Function Name=PI_UIO_PEDRO_ALVARADOL21, Local Cell ID=1, Cell Name=PI_UIO_PEDRO_ALVARADO_1, eNodeB ID=44169, Cell FDD TDD indication=CELL_FDD",Reliable,41.867,7.351
2026-04-11 04:00,60,"PI_UIO_PEDRO_ALVARADO_UL/Cell:eNodeB Function Name=PI_UIO_PEDRO_ALVARADOL21, Local Cell ID=2, Cell Name=PI_UIO_PEDRO_ALVARADO_2, eNodeB ID=44169, Cell FDD TDD indication=CELL_FDD",Reliable,2.731,1.885
2026-04-11 04:00,60,"PI_UIO_PEDRO_ALVARADO_UL/Cell:eNodeB Function Name=PI_UIO_PEDRO_ALVARADOL21, Local Cell ID=3, Cell Name=PI_UIO_PEDRO_ALVARADO_3, eNodeB ID=44169, Cell FDD TDD indication=CELL_FDD",Reliable,0.639,0.762
2026-04-11 04:00,60,"PI_UIO_FLORIDA_UL/Cell:eNodeB Function Name=PI_UIO_FLORIDAL21, Local Cell ID=1, Cell Name=PI_UIO_FLORIDA_1, eNodeB ID=44126, Cell FDD TDD indication=CELL_FDD",Reliable,33.694,6.317
2026-04-11 04:00,60,"PI_UIO_FLORIDA_UL/Cell:eNodeB Function Name=PI_UIO_FLORIDAL21, Local Cell ID=2, Cell Name=PI_UIO_FLORIDA_2, eNodeB ID=44126, Cell FDD TDD indication=CELL_FDD",Reliable,2.742,2.059
2026-04-11 04:00,60,"PI_UIO_FLORIDA_UL/Cell:eNodeB Function Name=PI_UIO_FLORIDAL21, Local Cell ID=3, Cell Name=PI_UIO_FLORIDA_3, eNodeB ID=44126, Cell FDD TDD indication=CELL_FDD",Reliable,7.449,1.38
2026-04-11 04:00,60,"PI_UIO_HERMANO_MIGUEL_UL/Cell:eNodeB Function Name=PI_UIO_HERMANO_MIGUELL21, Local Cell ID=1, Cell Name=PI_UIO_HERMANO_MIGUEL_1, eNodeB ID=44104, Cell FDD TDD indication=CELL_FDD",Reliable,94.304,21.595
2026-04-11 04:00,60,"PI_UIO_HERMANO_MIGUEL_UL/Cell:eNodeB Function Name=PI_UIO_HERMANO_MIGUELL21, Local Cell ID=2, Cell Name=PI_UIO_HERMANO_MIGUEL_2, eNodeB ID=44104, Cell FDD TDD indication=CELL_FDD",Reliable,20.96,2.965
2026-04-11 04:00,60,"PI_UIO_HERMANO_MIGUEL_UL/Cell:eNodeB Function Name=PI_UIO_HERMANO_MIGUELL21, Local Cell ID=3, Cell Name=PI_UIO_HERMANO_MIGUEL_3, eNodeB ID=44104, Cell FDD TDD indication=CELL_FDD",Reliable,61.341,5.518
2026-04-11 04:00,60,"PI_UIO_ALONSO_DE_ANGULO_UL/Cell:eNodeB Function Name=PI_UIO_ALONSO_DE_ANGULO_L, Local Cell ID=1, Cell Name=PI_UIO_ALONSO_DE_ANGULO_1, eNodeB ID=44058, Cell FDD TDD indication=CELL_FDD",Reliable,54.404,8.161
2026-04-11 04:00,60,"PI_UIO_ALONSO_DE_ANGULO_UL/Cell:eNodeB Function Name=PI_UIO_ALONSO_DE_ANGULO_L, Local Cell ID=2, Cell Name=PI_UIO_ALONSO_DE_ANGULO_2, eNodeB ID=44058, Cell FDD TDD indication=CELL_FDD",Reliable,11.023,1.445
2026-04-11 04:00,60,"PI_UIO_ALONSO_DE_ANGULO_UL/Cell:eNodeB Function Name=PI_UIO_ALONSO_DE_ANGULO_L, Local Cell ID=3, Cell Name=PI_UIO_ALONSO_DE_ANGULO_3, eNodeB ID=44058, Cell FDD TDD indication=CELL_FDD",Reliable,77.395,9.02
2026-04-11 04:00,60,"PI_UIO_ALONSO_DE_ANGULO_UL/Cell:eNodeB Function Name=PI_UIO_ALONSO_DE_ANGULO_L, Local Cell ID=7, Cell Name=PI_UIO_ALONSO_DE_ANGULO_APT_7, eNodeB ID=44058, Cell FDD TDD indication=CELL_FDD",Reliable,48.941,7.939
2026-04-11 04:00,60,"PI_UIO_ALONSO_DE_ANGULO_UL/Cell:eNodeB Function Name=PI_UIO_ALONSO_DE_ANGULO_L, Local Cell ID=8, Cell Name=PI_UIO_ALONSO_DE_ANGULO_APT_8, eNodeB ID=44058, Cell FDD TDD indication=CELL_FDD",Reliable,162.241,18.015
2026-04-11 04:00,60,"PI_UIO_ALONSO_DE_ANGULO_UL/Cell:eNodeB Function Name=PI_UIO_ALONSO_DE_ANGULO_L, Local Cell ID=9, Cell Name=PI_UIO_ALONSO_DE_ANGULO_APT_9, eNodeB ID=44058, Cell FDD TDD indication=CELL_FDD",Reliable,326.774,75.164
2026-04-11 04:00,60,"PI_UIO_ALONSO_DE_ANGULO_UL/Cell:eNodeB Function Name=PI_UIO_ALONSO_DE_ANGULO_L, Local Cell ID=11, Cell Name=PI_UIO_ALONSO_DE_ANGULO_11, eNodeB ID=44058, Cell FDD TDD indication=CELL_FDD",Reliable,0.003,0.017
2026-04-11 04:00,60,"PI_UIO_ALONSO_DE_ANGULO_UL/Cell:eNodeB Function Name=PI_UIO_ALONSO_DE_ANGULO_L, Local Cell ID=12, Cell Name=PI_UIO_ALONSO_DE_ANGULO_12, eNodeB ID=44058, Cell FDD TDD indication=CELL_FDD",Reliable,0.166,0.066
2026-04-11 04:00,60,"PI_UIO_ALONSO_DE_ANGULO_UL/Cell:eNodeB Function Name=PI_UIO_ALONSO_DE_ANGULO_L, Local Cell ID=13, Cell Name=PI_UIO_ALONSO_DE_ANGULO_13, eNodeB ID=44058, Cell FDD TDD indication=CELL_FDD",Reliable,1.896,0.347
2026-04-11 04:00,60,"PI_UIO_EL_RECREO_UL/Cell:eNodeB Function Name=PI_UIO_EL_RECREO_L, Local Cell ID=1, Cell Name=PI_UIO_EL_RECREO_1, eNodeB ID=44121, Cell FDD TDD indication=CELL_FDD",Reliable,186.695,14.482
2026-04-11 04:00,60,"PI_UIO_EL_RECREO_UL/Cell:eNodeB Function Name=PI_UIO_EL_RECREO_L, Local Cell ID=2, Cell Name=PI_UIO_EL_RECREO_2, eNodeB ID=44121, Cell FDD TDD indication=CELL_FDD",Reliable,70.743,4.901
2026-04-11 04:00,60,"PI_UIO_EL_RECREO_UL/Cell:eNodeB Function Name=PI_UIO_EL_RECREO_L, Local Cell ID=3, Cell Name=PI_UIO_EL_RECREO_3, eNodeB ID=44121, Cell FDD TDD indication=CELL_FDD",Reliable,167.264,22.804
2026-04-11 04:00,60,"PI_UIO_EL_RECREO_UL/Cell:eNodeB Function Name=PI_UIO_EL_RECREO_L, Local Cell ID=11, Cell Name=PI_UIO_EL_RECREO_11, eNodeB ID=44121, Cell FDD TDD indication=CELL_FDD",Reliable,2.283,1.007
2026-04-11 04:00,60,"PI_UIO_EL_RECREO_UL/Cell:eNodeB Function Name=PI_UIO_EL_RECREO_L, Local Cell ID=12, Cell Name=PI_UIO_EL_RECREO_12, eNodeB ID=44121, Cell FDD TDD indication=CELL_FDD",Reliable,1.35,0.595
2026-04-11 04:00,60,"PI_UIO_EL_RECREO_UL/Cell:eNodeB Function Name=PI_UIO_EL_RECREO_L, Local Cell ID=13, Cell Name=PI_UIO_EL_RECREO_13, eNodeB ID=44121, Cell FDD TDD indication=CELL_FDD",Reliable,3.085,1.001
2026-04-11 04:00,60,"PI_UIO_CHIRIYACU_ALTO_UL/Cell:eNodeB Function Name=PI_UIO_CHIRIYACU_ALTO_UL, Local Cell ID=1, Cell Name=PI_UIO_CHIRIYACU_ALTO_1, eNodeB ID=44098, Cell FDD TDD indication=CELL_FDD",Reliable,22.967,3.327
2026-04-11 04:00,60,"PI_UIO_CHIRIYACU_ALTO_UL/Cell:eNodeB Function Name=PI_UIO_CHIRIYACU_ALTO_UL, Local Cell ID=2, Cell Name=PI_UIO_CHIRIYACU_ALTO_2, eNodeB ID=44098, Cell FDD TDD indication=CELL_FDD",Reliable,81.975,11.274
2026-04-11 04:00,60,"PI_UIO_CINCO_ESQUINAS_UL/Cell:eNodeB Function Name=PI_UIO_CINCO_ESQUINAS_UL, Local Cell ID=1, Cell Name=PI_UIO_CINCO_ESQUINAS_1, eNodeB ID=44099, Cell FDD TDD indication=CELL_FDD",Reliable,7.465,3.662
2026-04-11 04:00,60,"PI_UIO_CINCO_ESQUINAS_UL/Cell:eNodeB Function Name=PI_UIO_CINCO_ESQUINAS_UL, Local Cell ID=2, Cell Name=PI_UIO_CINCO_ESQUINAS_2, eNodeB ID=44099, Cell FDD TDD indication=CELL_FDD",Reliable,18.942,2.068
2026-04-11 04:00,60,"PI_UIO_CINCO_ESQUINAS_UL/Cell:eNodeB Function Name=PI_UIO_CINCO_ESQUINAS_UL, Local Cell ID=3, Cell Name=PI_UIO_CINCO_ESQUINAS_3, eNodeB ID=44099, Cell FDD TDD indication=CELL_FDD",Reliable,263.451,9.099
2026-04-11 04:00,60,"PI_UIO_EL_TEJAR_UL/Cell:eNodeB Function Name=PI_UIO_EL_TEJARL21, Local Cell ID=1, Cell Name=PI_UIO_EL_TEJAR_1, eNodeB ID=44122, Cell FDD TDD indication=CELL_FDD",Reliable,112.284,11.917
2026-04-11 04:00,60,"PI_UIO_EL_TEJAR_UL/Cell:eNodeB Function Name=PI_UIO_EL_TEJARL21, Local Cell ID=2, Cell Name=PI_UIO_EL_TEJAR_2, eNodeB ID=44122, Cell FDD TDD indication=CELL_FDD",Reliable,48.004,63.809
2026-04-11 04:00,60,"PI_UIO_AGUA_CLARA_UL/Cell:eNodeB Function Name=PI_UIO_AGUA_CLARAL21, Local Cell ID=1, Cell Name=PI_UIO_AGUA_CLARA_1, eNodeB ID=44077, Cell FDD TDD indication=CELL_FDD",Reliable,460.994,26.288
2026-04-11 04:00,60,"PI_UIO_AGUA_CLARA_UL/Cell:eNodeB Function Name=PI_UIO_AGUA_CLARAL21, Local Cell ID=2, Cell Name=PI_UIO_AGUA_CLARA_2, eNodeB ID=44077, Cell FDD TDD indication=CELL_FDD",Reliable,166.63,20.359
2026-04-11 04:00,60,"PI_UIO_COTOCOLLAO_UL/Cell:eNodeB Function Name=PI_UIO_COTOCOLLAOL21, Local Cell ID=1, Cell Name=PI_UIO_COTOCOLLAO_1, eNodeB ID=44107, Cell FDD TDD indication=CELL_FDD",Reliable,208.59,36.788
2026-04-11 04:00,60,"PI_UIO_COTOCOLLAO_UL/Cell:eNodeB Function Name=PI_UIO_COTOCOLLAOL21, Local Cell ID=2, Cell Name=PI_UIO_COTOCOLLAO_2, eNodeB ID=44107, Cell FDD TDD indication=CELL_FDD",Reliable,6.216,1.015
2026-04-11 04:00,60,"PI_UIO_COTOCOLLAO_UL/Cell:eNodeB Function Name=PI_UIO_COTOCOLLAOL21, Local Cell ID=3, Cell Name=PI_UIO_COTOCOLLAO_3, eNodeB ID=44107, Cell FDD TDD indication=CELL_FDD",Reliable,43.993,3.682
2026-04-11 04:00,60,"PI_UIO_SAN_CARLOS_UL/Cell:eNodeB Function Name=PI_UIO_SAN_CARLOSL21, Local Cell ID=1, Cell Name=PI_UIO_SAN_CARLOS_1, eNodeB ID=44930, Cell FDD TDD indication=CELL_FDD",Reliable,18.87,3.688
2026-04-11 04:00,60,"PI_UIO_SAN_CARLOS_UL/Cell:eNodeB Function Name=PI_UIO_SAN_CARLOSL21, Local Cell ID=2, Cell Name=PI_UIO_SAN_CARLOS_2, eNodeB ID=44930, Cell FDD TDD indication=CELL_FDD",Reliable,5.935,3.706
2026-04-11 04:00,60,"PI_UIO_SAN_CARLOS_UL/Cell:eNodeB Function Name=PI_UIO_SAN_CARLOSL21, Local Cell ID=3, Cell Name=PI_UIO_SAN_CARLOS_3, eNodeB ID=44930, Cell FDD TDD indication=CELL_FDD",Reliable,67.343,9.931
2026-04-11 04:00,60,"PI_UIO_EL_CONDADO_UL/Cell:eNodeB Function Name=PI_UIO_EL_CONDADOL21, Local Cell ID=1, Cell Name=PI_UIO_EL_CONDADO_1, eNodeB ID=44003, Cell FDD TDD indication=CELL_FDD",Reliable,472.658,36.881
2026-04-11 04:00,60,"PI_UIO_EL_CONDADO_UL/Cell:eNodeB Function Name=PI_UIO_EL_CONDADOL21, Local Cell ID=2, Cell Name=PI_UIO_EL_CONDADO_2, eNodeB ID=44003, Cell FDD TDD indication=CELL_FDD",Reliable,116.53,7.05
2026-04-11 04:00,60,"PI_UIO_EL_CONDADO_UL/Cell:eNodeB Function Name=PI_UIO_EL_CONDADOL21, Local Cell ID=3, Cell Name=PI_UIO_EL_CONDADO_3, eNodeB ID=44003, Cell FDD TDD indication=CELL_FDD",Reliable,397.107,29.413
2026-04-11 04:00,60,"PI_UIO_EL_CONDADO_UL/Cell:eNodeB Function Name=PI_UIO_EL_CONDADOL21, Local Cell ID=7, Cell Name=PI_UIO_EL_CONDADO_APT_7, eNodeB ID=44003, Cell FDD TDD indication=CELL_FDD",Reliable,614.777,347.173
2026-04-11 04:00,60,"PI_UIO_EL_CONDADO_UL/Cell:eNodeB Function Name=PI_UIO_EL_CONDADOL21, Local Cell ID=8, Cell Name=PI_UIO_EL_CONDADO_APT_8, eNodeB ID=44003, Cell FDD TDD indication=CELL_FDD",Reliable,177.904,22.435
2026-04-11 04:00,60,"PI_UIO_EL_CONDADO_UL/Cell:eNodeB Function Name=PI_UIO_EL_CONDADOL21, Local Cell ID=9, Cell Name=PI_UIO_EL_CONDADO_APT_9, eNodeB ID=44003, Cell FDD TDD indication=CELL_FDD",Reliable,229.734,12.759
2026-04-11 04:00,60,"PI_UIO_CHILIBULO_UL/Cell:eNodeB Function Name=PI_UIO_CHILIBULOL21, Local Cell ID=1, Cell Name=PI_UIO_CHILIBULO_1, eNodeB ID=44097, Cell FDD TDD indication=CELL_FDD",Reliable,59.928,5.356
2026-04-11 04:00,60,"PI_UIO_CHILIBULO_UL/Cell:eNodeB Function Name=PI_UIO_CHILIBULOL21, Local Cell ID=2, Cell Name=PI_UIO_CHILIBULO_2, eNodeB ID=44097, Cell FDD TDD indication=CELL_FDD",Reliable,49.258,20.085
2026-04-11 04:00,60,"PI_UIO_ABELARDO_MONCAYO_UL/Cell:eNodeB Function Name=PI_UIO_ABELARDO_MONCAYOL21, Local Cell ID=1, Cell Name=PI_UIO_ABELARDO_MONCAYO_1, eNodeB ID=44076, Cell FDD TDD indication=CELL_FDD",Reliable,1.173,0.929
2026-04-11 04:00,60,"PI_UIO_ABELARDO_MONCAYO_UL/Cell:eNodeB Function Name=PI_UIO_ABELARDO_MONCAYOL21, Local Cell ID=2, Cell Name=PI_UIO_ABELARDO_MONCAYO_2, eNodeB ID=44076, Cell FDD TDD indication=CELL_FDD",Reliable,136.692,12.125
2026-04-11 04:00,60,"PI_UIO_ABELARDO_MONCAYO_UL/Cell:eNodeB Function Name=PI_UIO_ABELARDO_MONCAYOL21, Local Cell ID=3, Cell Name=PI_UIO_ABELARDO_MONCAYO_3, eNodeB ID=44076, Cell FDD TDD indication=CELL_FDD",Reliable,0.57,0.583
2026-04-11 04:00,60,"PI_UIO_PUENTE_GUAJALO_UL/Cell:eNodeB Function Name=PI_UIO_PUENTE_GUAJALOL21, Local Cell ID=1, Cell Name=PIC_UIO_PUENTE_GUAJALO_L21_1, eNodeB ID=44178, Cell FDD TDD indication=CELL_FDD",Reliable,23.033,3.233
2026-04-11 04:00,60,"PI_UIO_PUENTE_GUAJALO_UL/Cell:eNodeB Function Name=PI_UIO_PUENTE_GUAJALOL21, Local Cell ID=2, Cell Name=PIC_UIO_PUENTE_GUAJALO_L21_2, eNodeB ID=44178, Cell FDD TDD indication=CELL_FDD",Reliable,772.524,5932.384
2026-04-11 04:00,60,"PI_UIO_PUENTE_GUAJALO_UL/Cell:eNodeB Function Name=PI_UIO_PUENTE_GUAJALOL21, Local Cell ID=3, Cell Name=PIC_UIO_PUENTE_GUAJALO_L21_3, eNodeB ID=44178, Cell FDD TDD indication=CELL_FDD",Reliable,26.127,3.261
2026-04-11 04:00,60,"PI_UIO_WHIMPER_UL/Cell:eNodeB Function Name=PI_UIO_WHIMPER_L, Local Cell ID=1, Cell Name=PI_UIO_WHIMPER_1, eNodeB ID=44041, Cell FDD TDD indication=CELL_FDD",Reliable,87.035,15.364
2026-04-11 04:00,60,"PI_UIO_WHIMPER_UL/Cell:eNodeB Function Name=PI_UIO_WHIMPER_L, Local Cell ID=2, Cell Name=PI_UIO_WHIMPER_2, eNodeB ID=44041, Cell FDD TDD indication=CELL_FDD",Reliable,52.101,8.965
2026-04-11 04:00,60,"PI_UIO_WHIMPER_UL/Cell:eNodeB Function Name=PI_UIO_WHIMPER_L, Local Cell ID=3, Cell Name=PI_UIO_WHIMPER_3, eNodeB ID=44041, Cell FDD TDD indication=CELL_FDD",Reliable,75.991,5.437
2026-04-11 04:00,60,"PI_UIO_WHIMPER_UL/Cell:eNodeB Function Name=PI_UIO_WHIMPER_L, Local Cell ID=7, Cell Name=PI_UIO_WHIMPER_APT_7, eNodeB ID=44041, Cell FDD TDD indication=CELL_FDD",Reliable,5.578,2.402
2026-04-11 04:00,60,"PI_UIO_WHIMPER_UL/Cell:eNodeB Function Name=PI_UIO_WHIMPER_L, Local Cell ID=8, Cell Name=PI_UIO_WHIMPER_APT_8, eNodeB ID=44041, Cell FDD TDD indication=CELL_FDD",Reliable,54.129,647.273
2026-04-11 04:00,60,"PI_UIO_WHIMPER_UL/Cell:eNodeB Function Name=PI_UIO_WHIMPER_L, Local Cell ID=9, Cell Name=PI_UIO_WHIMPER_APT_9, eNodeB ID=44041, Cell FDD TDD indication=CELL_FDD",Reliable,40.955,933.56
2026-04-11 04:00,60,"PI_UIO_WHIMPER_UL/Cell:eNodeB Function Name=PI_UIO_WHIMPER_L, Local Cell ID=11, Cell Name=PI_UIO_WHIMPER_11, eNodeB ID=44041, Cell FDD TDD indication=CELL_FDD",Reliable,1.282,0.312
2026-04-11 04:00,60,"PI_UIO_WHIMPER_UL/Cell:eNodeB Function Name=PI_UIO_WHIMPER_L, Local Cell ID=12, Cell Name=PI_UIO_WHIMPER_12, eNodeB ID=44041, Cell FDD TDD indication=CELL_FDD",Reliable,2.531,0.246
2026-04-11 04:00,60,"PI_UIO_WHIMPER_UL/Cell:eNodeB Function Name=PI_UIO_WHIMPER_L, Local Cell ID=13, Cell Name=PI_UIO_WHIMPER_13, eNodeB ID=44041, Cell FDD TDD indication=CELL_FDD",Reliable,30.849,10.312
2026-04-11 04:00,60,"PIC_UIO_ALTOS_DEL_VALLE_ULN/Cell:eNodeB Function Name=PIC_UIO_ALTOS_DEL_VALLE_L, Local Cell ID=1, Cell Name=PIC_UIO_ALTOS_DEL_VALLE_L21_1, eNodeB ID=44079, Cell FDD TDD indication=CELL_FDD",Reliable,0.512,0.426
2026-04-11 04:00,60,"PIC_UIO_ALTOS_DEL_VALLE_ULN/Cell:eNodeB Function Name=PIC_UIO_ALTOS_DEL_VALLE_L, Local Cell ID=2, Cell Name=PIC_UIO_ALTOS_DEL_VALLE_L21_2, eNodeB ID=44079, Cell FDD TDD indication=CELL_FDD",Reliable,6.724,53.309
2026-04-11 04:00,60,"PIC_UIO_ALTOS_DEL_VALLE_ULN/Cell:eNodeB Function Name=PIC_UIO_ALTOS_DEL_VALLE_L, Local Cell ID=3, Cell Name=PIC_UIO_ALTOS_DEL_VALLE_L21_3, eNodeB ID=44079, Cell FDD TDD indication=CELL_FDD",Reliable,100.87,8.874
2026-04-11 04:00,60,"PIC_UIO_ALTOS_DEL_VALLE_ULN/Cell:eNodeB Function Name=PIC_UIO_ALTOS_DEL_VALLE_L, Local Cell ID=7, Cell Name=PIC_UIO_ALTOS_DEL_VALLE_L7_7, eNodeB ID=44079, Cell FDD TDD indication=CELL_FDD",Reliable,431.567,26.772
2026-04-11 04:00,60,"PIC_UIO_ALTOS_DEL_VALLE_ULN/Cell:eNodeB Function Name=PIC_UIO_ALTOS_DEL_VALLE_L, Local Cell ID=8, Cell Name=PIC_UIO_ALTOS_DEL_VALLE_L7_8, eNodeB ID=44079, Cell FDD TDD indication=CELL_FDD",Reliable,47.202,13.58
2026-04-11 04:00,60,"PIC_UIO_ALTOS_DEL_VALLE_ULN/Cell:eNodeB Function Name=PIC_UIO_ALTOS_DEL_VALLE_L, Local Cell ID=9, Cell Name=PIC_UIO_ALTOS_DEL_VALLE_L7_9, eNodeB ID=44079, Cell FDD TDD indication=CELL_FDD",Reliable,54.745,12.42
2026-04-11 04:00,60,"PIC_UIO_VIVALDI_UL/Cell:eNodeB Function Name=PIC_UIO_VIVALDI_L, Local Cell ID=9, Cell Name=PIC_UIO_VIVALDI_L7_9, eNodeB ID=44023, Cell FDD TDD indication=CELL_FDD",Reliable,8.603,3.103
2026-04-11 04:00,60,"PIC_UIO_VIVALDI_UL/Cell:eNodeB Function Name=PIC_UIO_VIVALDI_L, Local Cell ID=8, Cell Name=PIC_UIO_VIVALDI_L7_8, eNodeB ID=44023, Cell FDD TDD indication=CELL_FDD",Reliable,74.156,3.535
2026-04-11 04:00,60,"PIC_UIO_VIVALDI_UL/Cell:eNodeB Function Name=PIC_UIO_VIVALDI_L, Local Cell ID=7, Cell Name=PIC_UIO_VIVALDI_L7_7, eNodeB ID=44023, Cell FDD TDD indication=CELL_FDD",Reliable,5.043,1.685
2026-04-11 04:00,60,"PIC_UIO_VIVALDI_UL/Cell:eNodeB Function Name=PIC_UIO_VIVALDI_L, Local Cell ID=3, Cell Name=PIC_UIO_VIVALDI_L21_3, eNodeB ID=44023, Cell FDD TDD indication=CELL_FDD",Reliable,27.733,682.105
2026-04-11 04:00,60,"PIC_UIO_VIVALDI_UL/Cell:eNodeB Function Name=PIC_UIO_VIVALDI_L, Local Cell ID=2, Cell Name=PIC_UIO_VIVALDI_L21_2, eNodeB ID=44023, Cell FDD TDD indication=CELL_FDD",Reliable,391.266,12.444
2026-04-11 04:00,60,"PIC_UIO_VIVALDI_UL/Cell:eNodeB Function Name=PIC_UIO_VIVALDI_L, Local Cell ID=1, Cell Name=PIC_UIO_VIVALDI_L21_1, eNodeB ID=44023, Cell FDD TDD indication=CELL_FDD",Reliable,48.737,7.753
2026-04-11 04:00,60,"PIC_UIO_VIVALDI_UL/Cell:eNodeB Function Name=PIC_UIO_VIVALDI_L, Local Cell ID=11, Cell Name=PIC_UIO_VIVALDI_L19_11, eNodeB ID=44023, Cell FDD TDD indication=CELL_FDD",Reliable,0.47,0.288
2026-04-11 04:00,60,"PIC_UIO_VIVALDI_UL/Cell:eNodeB Function Name=PIC_UIO_VIVALDI_L, Local Cell ID=12, Cell Name=PIC_UIO_VIVALDI_L19_12, eNodeB ID=44023, Cell FDD TDD indication=CELL_FDD",Reliable,0.123,0.089
2026-04-11 04:00,60,"PIC_UIO_VIVALDI_UL/Cell:eNodeB Function Name=PIC_UIO_VIVALDI_L, Local Cell ID=13, Cell Name=PIC_UIO_VIVALDI_L19_13, eNodeB ID=44023, Cell FDD TDD indication=CELL_FDD",Reliable,5.167,1.633
2026-04-11 04:00,60,"PIC_UIO_MULTICENTRO_ULN/Cell:eNodeB Function Name=PI_UIO_MULTICENTRO_L, Local Cell ID=3, Cell Name=PI_UIO_MULTICENTRO_3, eNodeB ID=44064, Cell FDD TDD indication=CELL_FDD",Reliable,762.242,34.678
2026-04-11 04:00,60,"PIC_UIO_MULTICENTRO_ULN/Cell:eNodeB Function Name=PI_UIO_MULTICENTRO_L, Local Cell ID=2, Cell Name=PI_UIO_MULTICENTRO_2, eNodeB ID=44064, Cell FDD TDD indication=CELL_FDD",Reliable,625.596,66.399
2026-04-11 04:00,60,"PIC_UIO_MULTICENTRO_ULN/Cell:eNodeB Function Name=PI_UIO_MULTICENTRO_L, Local Cell ID=1, Cell Name=PI_UIO_MULTICENTRO_1, eNodeB ID=44064, Cell FDD TDD indication=CELL_FDD",Reliable,30.47,10.237
2026-04-11 04:00,60,"PIC_UIO_MULTICENTRO_ULN/Cell:eNodeB Function Name=PI_UIO_MULTICENTRO_L, Local Cell ID=11, Cell Name=PI_UIO_MULTICENTRO_11, eNodeB ID=44064, Cell FDD TDD indication=CELL_FDD",Reliable,15.886,1.987
2026-04-11 04:00,60,"PIC_UIO_MULTICENTRO_ULN/Cell:eNodeB Function Name=PI_UIO_MULTICENTRO_L, Local Cell ID=12, Cell Name=PI_UIO_MULTICENTRO_12, eNodeB ID=44064, Cell FDD TDD indication=CELL_FDD",Reliable,62.994,7.165
2026-04-11 04:00,60,"PIC_UIO_MULTICENTRO_ULN/Cell:eNodeB Function Name=PI_UIO_MULTICENTRO_L, Local Cell ID=13, Cell Name=PI_UIO_MULTICENTRO_13, eNodeB ID=44064, Cell FDD TDD indication=CELL_FDD",Reliable,1.209,0.107
2026-04-11 04:00,60,"PI_UIO_EL_BEATERIO_UL/Cell:eNodeB Function Name=PI_UIO_EL_BEATERIOL21, Local Cell ID=1, Cell Name=PIC_UIO_EL_BEATERIO_L21_1, eNodeB ID=44114, Cell FDD TDD indication=CELL_FDD",Reliable,276.606,18.925
2026-04-11 04:00,60,"PI_UIO_EL_BEATERIO_UL/Cell:eNodeB Function Name=PI_UIO_EL_BEATERIOL21, Local Cell ID=2, Cell Name=PIC_UIO_EL_BEATERIO_L21_2, eNodeB ID=44114, Cell FDD TDD indication=CELL_FDD",Reliable,230.457,14.94
2026-04-11 04:00,60,"PI_UIO_EL_BEATERIO_UL/Cell:eNodeB Function Name=PI_UIO_EL_BEATERIOL21, Local Cell ID=3, Cell Name=PIC_UIO_EL_BEATERIO_L21_3, eNodeB ID=44114, Cell FDD TDD indication=CELL_FDD",Reliable,56.161,25.692
2026-04-11 04:00,60,"PI_UIO_SOLANDA_UL/Cell:eNodeB Function Name=PI_UIO_SOLANDAL21, Local Cell ID=1, Cell Name=PI_UIO_SOLANDA_1, eNodeB ID=44189, Cell FDD TDD indication=CELL_FDD",Reliable,95.696,4.968
2026-04-11 04:00,60,"PI_UIO_SOLANDA_UL/Cell:eNodeB Function Name=PI_UIO_SOLANDAL21, Local Cell ID=2, Cell Name=PI_UIO_SOLANDA_2, eNodeB ID=44189, Cell FDD TDD indication=CELL_FDD",Reliable,166.946,39.033
2026-04-11 04:00,60,"PI_UIO_SOLANDA_UL/Cell:eNodeB Function Name=PI_UIO_SOLANDAL21, Local Cell ID=3, Cell Name=PI_UIO_SOLANDA_3, eNodeB ID=44189, Cell FDD TDD indication=CELL_FDD",Reliable,243.144,36.348
2026-04-11 04:00,60,"PI_UIO_BILOXI_UL/Cell:eNodeB Function Name=PI_UIO_BILOXIL21, Local Cell ID=1, Cell Name=PI_UIO_BILOXI_1, eNodeB ID=44085, Cell FDD TDD indication=CELL_FDD",Reliable,124.159,16.658
2026-04-11 04:00,60,"PI_UIO_BILOXI_UL/Cell:eNodeB Function Name=PI_UIO_BILOXIL21, Local Cell ID=2, Cell Name=PI_UIO_BILOXI_2, eNodeB ID=44085, Cell FDD TDD indication=CELL_FDD",Reliable,196.935,19.254
2026-04-11 04:00,60,"PI_UIO_BILOXI_UL/Cell:eNodeB Function Name=PI_UIO_BILOXIL21, Local Cell ID=3, Cell Name=PI_UIO_BILOXI_3, eNodeB ID=44085, Cell FDD TDD indication=CELL_FDD",Reliable,272.52,18.999
2026-04-11 04:00,60,"PI_UIO_EL_CALZADO_UL/Cell:eNodeB Function Name=PI_UIO_EL_CALZADOL21, Local Cell ID=1, Cell Name=PI_UIO_EL_CALZADO_1, eNodeB ID=44116, Cell FDD TDD indication=CELL_FDD",Reliable,1231.053,57.647
2026-04-11 04:00,60,"PI_UIO_EL_CALZADO_UL/Cell:eNodeB Function Name=PI_UIO_EL_CALZADOL21, Local Cell ID=2, Cell Name=PI_UIO_EL_CALZADO_2, eNodeB ID=44116, Cell FDD TDD indication=CELL_FDD",Reliable,1131.993,108.5
2026-04-11 04:00,60,"PI_UIO_EL_CALZADO_UL/Cell:eNodeB Function Name=PI_UIO_EL_CALZADOL21, Local Cell ID=3, Cell Name=PI_UIO_EL_CALZADO_3, eNodeB ID=44116, Cell FDD TDD indication=CELL_FDD",Reliable,31.918,6.837
2026-04-11 04:00,60,"PI_UIO_LA_ARMENIA_UL/Cell:eNodeB Function Name=PI_UIO_LA_ARMENIAL21, Local Cell ID=1, Cell Name=PI_UIO_LA_ARMENIA_1, eNodeB ID=44136, Cell FDD TDD indication=CELL_FDD",Reliable,482.009,17.129
2026-04-11 04:00,60,"PI_UIO_LA_ARMENIA_UL/Cell:eNodeB Function Name=PI_UIO_LA_ARMENIAL21, Local Cell ID=2, Cell Name=PI_UIO_LA_ARMENIA_2, eNodeB ID=44136, Cell FDD TDD indication=CELL_FDD",Reliable,75.744,6.408
2026-04-11 04:00,60,"PI_UIO_LA_ARMENIA_UL/Cell:eNodeB Function Name=PI_UIO_LA_ARMENIAL21, Local Cell ID=3, Cell Name=PI_UIO_LA_ARMENIA_3, eNodeB ID=44136, Cell FDD TDD indication=CELL_FDD",Reliable,4.507,2.389
2026-04-11 04:00,60,"PI_UIO_COL_CONS_PROVINCIAL_UL/Cell:eNodeB Function Name=PI_UIO_COL_CONS_PROVINCIALL21, Local Cell ID=1, Cell Name=PI_UIO_COL_CONS_PROVINCIAL_1, eNodeB ID=44101, Cell FDD TDD indication=CELL_FDD",Reliable,16.766,3.124
2026-04-11 04:00,60,"PI_UIO_COL_CONS_PROVINCIAL_UL/Cell:eNodeB Function Name=PI_UIO_COL_CONS_PROVINCIALL21, Local Cell ID=2, Cell Name=PI_UIO_COL_CONS_PROVINCIAL_2, eNodeB ID=44101, Cell FDD TDD indication=CELL_FDD",Reliable,60.741,39.212
2026-04-11 04:00,60,"PI_UIO_CDLA_IBARRA_UL/Cell:eNodeB Function Name=PI_UIO_CDLA_IBARRAL21, Local Cell ID=1, Cell Name=PIC_UIO_CDLA_IBARRA_L21_1, eNodeB ID=44096, Cell FDD TDD indication=CELL_FDD",Reliable,227.192,10.723
2026-04-11 04:00,60,"PI_UIO_CDLA_IBARRA_UL/Cell:eNodeB Function Name=PI_UIO_CDLA_IBARRAL21, Local Cell ID=2, Cell Name=PIC_UIO_CDLA_IBARRA_L21_2, eNodeB ID=44096, Cell FDD TDD indication=CELL_FDD",Reliable,2.929,1.3
2026-04-11 04:00,60,"PI_UIO_CDLA_IBARRA_UL/Cell:eNodeB Function Name=PI_UIO_CDLA_IBARRAL21, Local Cell ID=3, Cell Name=PIC_UIO_CDLA_IBARRA_L21_3, eNodeB ID=44096, Cell FDD TDD indication=CELL_FDD",Reliable,45.196,156.05
2026-04-11 04:00,60,"PI_UIO_PIO_DOCE_UL/Cell:eNodeB Function Name=PI_UIO_PIO_DOCEL21, Local Cell ID=1, Cell Name=PI_UIO_PIO_DOCE_1, eNodeB ID=44171, Cell FDD TDD indication=CELL_FDD",Reliable,541.439,41.902
2026-04-11 04:00,60,"PI_UIO_PIO_DOCE_UL/Cell:eNodeB Function Name=PI_UIO_PIO_DOCEL21, Local Cell ID=2, Cell Name=PI_UIO_PIO_DOCE_2, eNodeB ID=44171, Cell FDD TDD indication=CELL_FDD",Reliable,13.639,4.883
2026-04-11 04:00,60,"PI_UIO_PIO_DOCE_UL/Cell:eNodeB Function Name=PI_UIO_PIO_DOCEL21, Local Cell ID=3, Cell Name=PI_UIO_PIO_DOCE_3, eNodeB ID=44171, Cell FDD TDD indication=CELL_FDD",Reliable,8.8,3.838
2026-04-11 04:00,60,"PI_UIO_BRASIL_UL/Cell:eNodeB Function Name=PI_UIO_BRASIL_L, Local Cell ID=1, Cell Name=PI_UIO_BRASIL_1, eNodeB ID=44029, Cell FDD TDD indication=CELL_FDD",Reliable,32.614,4.958
2026-04-11 04:00,60,"PI_UIO_BRASIL_UL/Cell:eNodeB Function Name=PI_UIO_BRASIL_L, Local Cell ID=2, Cell Name=PI_UIO_BRASIL_2, eNodeB ID=44029, Cell FDD TDD indication=CELL_FDD",Reliable,52.453,15.697
2026-04-11 04:00,60,"PI_UIO_BRASIL_UL/Cell:eNodeB Function Name=PI_UIO_BRASIL_L, Local Cell ID=3, Cell Name=PI_UIO_BRASIL_3, eNodeB ID=44029, Cell FDD TDD indication=CELL_FDD",Reliable,350.403,25.387
2026-04-11 04:00,60,"PI_UIO_BRASIL_UL/Cell:eNodeB Function Name=PI_UIO_BRASIL_L, Local Cell ID=7, Cell Name=PI_UIO_BRASIL_APT_7, eNodeB ID=44029, Cell FDD TDD indication=CELL_FDD",Reliable,265.045,19.204
2026-04-11 04:00,60,"PI_UIO_BRASIL_UL/Cell:eNodeB Function Name=PI_UIO_BRASIL_L, Local Cell ID=8, Cell Name=PI_UIO_BRASIL_APT_8, eNodeB ID=44029, Cell FDD TDD indication=CELL_FDD",Reliable,11.535,4.771
2026-04-11 04:00,60,"PI_UIO_BRASIL_UL/Cell:eNodeB Function Name=PI_UIO_BRASIL_L, Local Cell ID=9, Cell Name=PI_UIO_BRASIL_APT_9, eNodeB ID=44029, Cell FDD TDD indication=CELL_FDD",Reliable,1390.119,102.895
2026-04-11 04:00,60,"PI_UIO_BRASIL_UL/Cell:eNodeB Function Name=PI_UIO_BRASIL_L, Local Cell ID=11, Cell Name=PI_UIO_BRASIL_11, eNodeB ID=44029, Cell FDD TDD indication=CELL_FDD",Reliable,0.58,1.016
2026-04-11 04:00,60,"PI_UIO_BRASIL_UL/Cell:eNodeB Function Name=PI_UIO_BRASIL_L, Local Cell ID=12, Cell Name=PI_UIO_BRASIL_12, eNodeB ID=44029, Cell FDD TDD indication=CELL_FDD",Reliable,11.223,2.177
2026-04-11 04:00,60,"PI_UIO_BRASIL_UL/Cell:eNodeB Function Name=PI_UIO_BRASIL_L, Local Cell ID=13, Cell Name=PI_UIO_BRASIL_13, eNodeB ID=44029, Cell FDD TDD indication=CELL_FDD",Reliable,1.334,0.437
2026-04-11 04:00,60,"PI_UIO_AJAVI_UL/Cell:eNodeB Function Name=PI_UIO_AJAVIL21, Local Cell ID=1, Cell Name=PIC_UIO_AJAVI_L21_1, eNodeB ID=44078, Cell FDD TDD indication=CELL_FDD",Reliable,1158.388,646.086
2026-04-11 04:00,60,"PI_UIO_AJAVI_UL/Cell:eNodeB Function Name=PI_UIO_AJAVIL21, Local Cell ID=2, Cell Name=PIC_UIO_AJAVI_L21_2, eNodeB ID=44078, Cell FDD TDD indication=CELL_FDD",Reliable,328.711,23.144
2026-04-11 04:00,60,"PI_UIO_AJAVI_UL/Cell:eNodeB Function Name=PI_UIO_AJAVIL21, Local Cell ID=3, Cell Name=PIC_UIO_AJAVI_L21_3, eNodeB ID=44078, Cell FDD TDD indication=CELL_FDD",Reliable,8.108,4.093
2026-04-11 04:00,60,"PI_UIO_PATRONATO_SAN_JOSE_UL/Cell:eNodeB Function Name=PIC_UIO_PATRONATO_SAN_JOSE_L, Local Cell ID=1, Cell Name=PI_UIO_PATRONATO_SAN_JOSE_1, eNodeB ID=44168, Cell FDD TDD indication=CELL_FDD",Reliable,637.174,230.131
2026-04-11 04:00,60,"PI_UIO_PATRONATO_SAN_JOSE_UL/Cell:eNodeB Function Name=PIC_UIO_PATRONATO_SAN_JOSE_L, Local Cell ID=2, Cell Name=PI_UIO_PATRONATO_SAN_JOSE_2, eNodeB ID=44168, Cell FDD TDD indication=CELL_FDD",Reliable,37.326,5.023
2026-04-11 04:00,60,"PI_UIO_PATRONATO_SAN_JOSE_UL/Cell:eNodeB Function Name=PIC_UIO_PATRONATO_SAN_JOSE_L, Local Cell ID=3, Cell Name=PI_UIO_PATRONATO_SAN_JOSE_3, eNodeB ID=44168, Cell FDD TDD indication=CELL_FDD",Reliable,258.639,106.602
2026-04-11 04:00,60,"PI_UIO_ECUATORIANA_UL/Cell:eNodeB Function Name=PI_UIO_ECUATORIANAL21, Local Cell ID=1, Cell Name=PI_UIO_ECUATORIANA_1, eNodeB ID=44113, Cell FDD TDD indication=CELL_FDD",Reliable,240.452,21.146
2026-04-11 04:00,60,"PI_UIO_ECUATORIANA_UL/Cell:eNodeB Function Name=PI_UIO_ECUATORIANAL21, Local Cell ID=2, Cell Name=PI_UIO_ECUATORIANA_2, eNodeB ID=44113, Cell FDD TDD indication=CELL_FDD",Reliable,1.003,0.603
2026-04-11 04:00,60,"PI_UIO_ECUATORIANA_UL/Cell:eNodeB Function Name=PI_UIO_ECUATORIANAL21, Local Cell ID=3, Cell Name=PI_UIO_ECUATORIANA_3, eNodeB ID=44113, Cell FDD TDD indication=CELL_FDD",Reliable,52.615,4.746
2026-04-11 04:00,60,"PI_UIO_VILLAFLORA_UL/Cell:eNodeB Function Name=PI_UIO_VILLAFLORAL21, Local Cell ID=1, Cell Name=PI_UIO_VILLAFLORA_1, eNodeB ID=44020, Cell FDD TDD indication=CELL_FDD",Reliable,1033.675,81.721
2026-04-11 04:00,60,"PI_UIO_VILLAFLORA_UL/Cell:eNodeB Function Name=PI_UIO_VILLAFLORAL21, Local Cell ID=2, Cell Name=PI_UIO_VILLAFLORA_2, eNodeB ID=44020, Cell FDD TDD indication=CELL_FDD",Reliable,132.294,8.594
2026-04-11 04:00,60,"PI_UIO_VILLAFLORA_UL/Cell:eNodeB Function Name=PI_UIO_VILLAFLORAL21, Local Cell ID=3, Cell Name=PI_UIO_VILLAFLORA_3, eNodeB ID=44020, Cell FDD TDD indication=CELL_FDD",Reliable,175.06,8.863
2026-04-11 04:00,60,"PI_UIO_VILLAFLORA_UL/Cell:eNodeB Function Name=PI_UIO_VILLAFLORAL21, Local Cell ID=7, Cell Name=PI_UIO_VILLAFLORA_APT_7, eNodeB ID=44020, Cell FDD TDD indication=CELL_FDD",Reliable,256.448,29.056
2026-04-11 04:00,60,"PI_UIO_VILLAFLORA_UL/Cell:eNodeB Function Name=PI_UIO_VILLAFLORAL21, Local Cell ID=8, Cell Name=PI_UIO_VILLAFLORA_APT_8, eNodeB ID=44020, Cell FDD TDD indication=CELL_FDD",Reliable,90.281,55.696
2026-04-11 04:00,60,"PI_UIO_VILLAFLORA_UL/Cell:eNodeB Function Name=PI_UIO_VILLAFLORAL21, Local Cell ID=9, Cell Name=PI_UIO_VILLAFLORA_APT_9, eNodeB ID=44020, Cell FDD TDD indication=CELL_FDD",Reliable,374.58,52.863
2026-04-11 04:00,60,"PI_UIO_PUENTE_NUEVE_UL/Cell:eNodeB Function Name=PIC_UIO_PUENTE_NUEVE_L, Local Cell ID=1, Cell Name=PI_UIO_PUENTE_NUEVE_1, eNodeB ID=44179, Cell FDD TDD indication=CELL_FDD",Reliable,17.762,5.236
2026-04-11 04:00,60,"PI_UIO_PUENTE_NUEVE_UL/Cell:eNodeB Function Name=PIC_UIO_PUENTE_NUEVE_L, Local Cell ID=2, Cell Name=PI_UIO_PUENTE_NUEVE_2, eNodeB ID=44179, Cell FDD TDD indication=CELL_FDD",Reliable,70.907,8.087
2026-04-11 04:00,60,"PI_UIO_PUENTE_NUEVE_UL/Cell:eNodeB Function Name=PIC_UIO_PUENTE_NUEVE_L, Local Cell ID=3, Cell Name=PI_UIO_PUENTE_NUEVE_3, eNodeB ID=44179, Cell FDD TDD indication=CELL_FDD",Reliable,4.208,1.531
2026-04-11 04:00,60,"PI_UIO_PLYWOOD_UL/Cell:eNodeB Function Name=PI_UIO_PLYWOODL21, Local Cell ID=1, Cell Name=PI_UIO_PLYWOOD_1, eNodeB ID=44174, Cell FDD TDD indication=CELL_FDD",Reliable,161.057,19.059
2026-04-11 04:00,60,"PI_UIO_PLYWOOD_UL/Cell:eNodeB Function Name=PI_UIO_PLYWOODL21, Local Cell ID=2, Cell Name=PI_UIO_PLYWOOD_2, eNodeB ID=44174, Cell FDD TDD indication=CELL_FDD",Reliable,21.33,548.316
2026-04-11 04:00,60,"PI_UIO_PLYWOOD_UL/Cell:eNodeB Function Name=PI_UIO_PLYWOODL21, Local Cell ID=3, Cell Name=PI_UIO_PLYWOOD_3, eNodeB ID=44174, Cell FDD TDD indication=CELL_FDD",Reliable,3.463,1.954
2026-04-11 04:00,60,"PI_UIO_GUAMANI_ALTO_UL/Cell:eNodeB Function Name=PIC_UIO_GUAMANI_ALTO_L, Local Cell ID=1, Cell Name=PIC_UIO_GUAMANI_ALTO_L21_1, eNodeB ID=44129, Cell FDD TDD indication=CELL_FDD",Reliable,977.505,39.499
2026-04-11 04:00,60,"PI_UIO_GUAMANI_ALTO_UL/Cell:eNodeB Function Name=PIC_UIO_GUAMANI_ALTO_L, Local Cell ID=2, Cell Name=PIC_UIO_GUAMANI_ALTO_L21_2, eNodeB ID=44129, Cell FDD TDD indication=CELL_FDD",Reliable,42.657,3.034
2026-04-11 04:00,60,"PI_UIO_GUAMANI_ALTO_UL/Cell:eNodeB Function Name=PIC_UIO_GUAMANI_ALTO_L, Local Cell ID=3, Cell Name=PIC_UIO_GUAMANI_ALTO_L21_3, eNodeB ID=44129, Cell FDD TDD indication=CELL_FDD",Reliable,176.534,22.93
2026-04-11 04:00,60,"PI_UIO_GUAMANI_ALTO_UL/Cell:eNodeB Function Name=PIC_UIO_GUAMANI_ALTO_L, Local Cell ID=7, Cell Name=PIC_UIO_GUAMANI_ALTO_L7_7, eNodeB ID=44129, Cell FDD TDD indication=CELL_FDD",Reliable,294.472,17.068
2026-04-11 04:00,60,"PI_UIO_GUAMANI_ALTO_UL/Cell:eNodeB Function Name=PIC_UIO_GUAMANI_ALTO_L, Local Cell ID=8, Cell Name=PIC_UIO_GUAMANI_ALTO_L7_8, eNodeB ID=44129, Cell FDD TDD indication=CELL_FDD",Reliable,207.803,17.137
2026-04-11 04:00,60,"PI_UIO_GUAMANI_ALTO_UL/Cell:eNodeB Function Name=PIC_UIO_GUAMANI_ALTO_L, Local Cell ID=9, Cell Name=PIC_UIO_GUAMANI_ALTO_L7_9, eNodeB ID=44129, Cell FDD TDD indication=CELL_FDD",Reliable,443.248,40.451
2026-04-11 04:00,60,"PI_UIO_GUAMANI_ALTO_UL/Cell:eNodeB Function Name=PIC_UIO_GUAMANI_ALTO_L, Local Cell ID=11, Cell Name=PIC_UIO_GUAMANI_ALTO_L19_11, eNodeB ID=44129, Cell FDD TDD indication=CELL_FDD",Reliable,568.748,24.667
2026-04-11 04:00,60,"PI_UIO_GUAMANI_ALTO_UL/Cell:eNodeB Function Name=PIC_UIO_GUAMANI_ALTO_L, Local Cell ID=12, Cell Name=PIC_UIO_GUAMANI_ALTO_L19_12, eNodeB ID=44129, Cell FDD TDD indication=CELL_FDD",Reliable,0.009,0.005
2026-04-11 04:00,60,"PI_UIO_GUAMANI_ALTO_UL/Cell:eNodeB Function Name=PIC_UIO_GUAMANI_ALTO_L, Local Cell ID=13, Cell Name=PIC_UIO_GUAMANI_ALTO_L19_13, eNodeB ID=44129, Cell FDD TDD indication=CELL_FDD",Reliable,940.536,51.501
2026-04-11 04:00,60,"PI_UIO_LA_PRENSA_UL/Cell:eNodeB Function Name=PIC_UIO_LA_PRENSA_L, Local Cell ID=1, Cell Name=PI_UIO_LA_PRENSA_1, eNodeB ID=44011, Cell FDD TDD indication=CELL_FDD",Reliable,103.097,11.749
2026-04-11 04:00,60,"PI_UIO_LA_PRENSA_UL/Cell:eNodeB Function Name=PIC_UIO_LA_PRENSA_L, Local Cell ID=2, Cell Name=PI_UIO_LA_PRENSA_2, eNodeB ID=44011, Cell FDD TDD indication=CELL_FDD",Reliable,41.693,10.081
2026-04-11 04:00,60,"PI_UIO_LA_PRENSA_UL/Cell:eNodeB Function Name=PIC_UIO_LA_PRENSA_L, Local Cell ID=3, Cell Name=PI_UIO_LA_PRENSA_3, eNodeB ID=44011, Cell FDD TDD indication=CELL_FDD",Reliable,10.544,1.682
2026-04-11 04:00,60,"PI_UIO_ESTACION_DE_TRENES_UL/Cell:eNodeB Function Name=PI_UIO_ESTACION_DE_TRENESL21, Local Cell ID=1, Cell Name=PI_UIO_ESTACION_DE_TRENES_1, eNodeB ID=44123, Cell FDD TDD indication=CELL_FDD",Reliable,242.801,14.277
2026-04-11 04:00,60,"PI_UIO_ESTACION_DE_TRENES_UL/Cell:eNodeB Function Name=PI_UIO_ESTACION_DE_TRENESL21, Local Cell ID=2, Cell Name=PI_UIO_ESTACION_DE_TRENES_2, eNodeB ID=44123, Cell FDD TDD indication=CELL_FDD",Reliable,422.265,34.027
2026-04-11 04:00,60,"PI_UIO_ESTACION_DE_TRENES_UL/Cell:eNodeB Function Name=PI_UIO_ESTACION_DE_TRENESL21, Local Cell ID=3, Cell Name=PI_UIO_ESTACION_DE_TRENES_3, eNodeB ID=44123, Cell FDD TDD indication=CELL_FDD",Reliable,24.936,2.105
2026-04-11 04:00,60,"PI_UIO_LEGARDA_UL/Cell:eNodeB Function Name=PI_UIO_LEGARDAL21, Local Cell ID=1, Cell Name=PI_UIO_LEGARDA_1, eNodeB ID=44065, Cell FDD TDD indication=CELL_FDD",Reliable,3.507,1.673
2026-04-11 04:00,60,"PI_UIO_LEGARDA_UL/Cell:eNodeB Function Name=PI_UIO_LEGARDAL21, Local Cell ID=2, Cell Name=PI_UIO_LEGARDA_2, eNodeB ID=44065, Cell FDD TDD indication=CELL_FDD",Reliable,5.707,3.286
2026-04-11 04:00,60,"PI_UIO_LEGARDA_UL/Cell:eNodeB Function Name=PI_UIO_LEGARDAL21, Local Cell ID=3, Cell Name=PI_UIO_LEGARDA_3, eNodeB ID=44065, Cell FDD TDD indication=CELL_FDD",Reliable,23.577,4.152
2026-04-11 04:00,60,"PI_UIO_EL_BOSQUE_UL/Cell:eNodeB Function Name=PI_UIO_EL_BOSQUEL21, Local Cell ID=1, Cell Name=PI_UIO_EL_BOSQUE_1, eNodeB ID=44115, Cell FDD TDD indication=CELL_FDD",Reliable,85.12,9.811
2026-04-11 04:00,60,"PI_UIO_EL_BOSQUE_UL/Cell:eNodeB Function Name=PI_UIO_EL_BOSQUEL21, Local Cell ID=2, Cell Name=PI_UIO_EL_BOSQUE_2, eNodeB ID=44115, Cell FDD TDD indication=CELL_FDD",Reliable,8.082,1.895
2026-04-11 04:00,60,"PI_UIO_EL_BOSQUE_UL/Cell:eNodeB Function Name=PI_UIO_EL_BOSQUEL21, Local Cell ID=3, Cell Name=PI_UIO_EL_BOSQUE_3, eNodeB ID=44115, Cell FDD TDD indication=CELL_FDD",Reliable,130.932,9.112
2026-04-11 04:00,60,"PI_UIO_NAIQ_UL/Cell:eNodeB Function Name=PI_UIO_NAIQL21, Local Cell ID=1, Cell Name=PIC_UIO_NAIQ_L21_1, eNodeB ID=44289, Cell FDD TDD indication=CELL_FDD",Reliable,127.315,3.313
2026-04-11 04:00,60,"PI_UIO_NAIQ_UL/Cell:eNodeB Function Name=PI_UIO_NAIQL21, Local Cell ID=2, Cell Name=PIC_UIO_NAIQ_L21_2, eNodeB ID=44289, Cell FDD TDD indication=CELL_FDD",Reliable,806.175,150.671
2026-04-11 04:00,60,"PI_UIO_NAIQ_UL/Cell:eNodeB Function Name=PI_UIO_NAIQL21, Local Cell ID=3, Cell Name=PIC_UIO_NAIQ_L21_3, eNodeB ID=44289, Cell FDD TDD indication=CELL_FDD",Reliable,462.408,11.43
2026-04-11 04:00,60,"PI_UIO_NAIQ_UL/Cell:eNodeB Function Name=PI_UIO_NAIQL21, Local Cell ID=12, Cell Name=PIC_UIO_NAIQ_L19_12, eNodeB ID=44289, Cell FDD TDD indication=CELL_FDD",Reliable,0.868,0.268
2026-04-11 04:00,60,"PI_UIO_NAIQ_UL/Cell:eNodeB Function Name=PI_UIO_NAIQL21, Local Cell ID=11, Cell Name=PIC_UIO_NAIQ_L19_11, eNodeB ID=44289, Cell FDD TDD indication=CELL_FDD",Reliable,104.958,2.892
2026-04-11 04:00,60,"PI_UIO_NUEVO_AEROPUERTO_UL/Cell:eNodeB Function Name=PI_UIO_NUEVO_AEROPUERTO_L, Local Cell ID=1, Cell Name=PI_UIO_NUEVO_AEROPUERTO_1, eNodeB ID=44068, Cell FDD TDD indication=CELL_FDD",Reliable,1656.579,73.62
2026-04-11 04:00,60,"PI_UIO_NUEVO_AEROPUERTO_UL/Cell:eNodeB Function Name=PI_UIO_NUEVO_AEROPUERTO_L, Local Cell ID=2, Cell Name=PI_UIO_NUEVO_AEROPUERTO_2, eNodeB ID=44068, Cell FDD TDD indication=CELL_FDD",Reliable,207.428,54.253
2026-04-11 04:00,60,"PI_UIO_NUEVO_AEROPUERTO_UL/Cell:eNodeB Function Name=PI_UIO_NUEVO_AEROPUERTO_L, Local Cell ID=3, Cell Name=PI_UIO_NUEVO_AEROPUERTO_3, eNodeB ID=44068, Cell FDD TDD indication=CELL_FDD",Reliable,59.892,28.523
2026-04-11 04:00,60,"PI_UIO_NUEVO_AEROPUERTO_UL/Cell:eNodeB Function Name=PI_UIO_NUEVO_AEROPUERTO_L, Local Cell ID=7, Cell Name=PI_UIO_NUEVO_AEROPUERTO_APT_7, eNodeB ID=44068, Cell FDD TDD indication=CELL_FDD",Reliable,22.943,2.908
2026-04-11 04:00,60,"PI_UIO_NUEVO_AEROPUERTO_UL/Cell:eNodeB Function Name=PI_UIO_NUEVO_AEROPUERTO_L, Local Cell ID=8, Cell Name=PI_UIO_NUEVO_AEROPUERTO_APT_8, eNodeB ID=44068, Cell FDD TDD indication=CELL_FDD",Reliable,90.198,20.037
2026-04-11 04:00,60,"PI_UIO_NUEVO_AEROPUERTO_UL/Cell:eNodeB Function Name=PI_UIO_NUEVO_AEROPUERTO_L, Local Cell ID=9, Cell Name=PI_UIO_NUEVO_AEROPUERTO_APT_9, eNodeB ID=44068, Cell FDD TDD indication=CELL_FDD",Reliable,53.529,5.602
2026-04-11 04:00,60,"PI_UIO_NUEVO_AEROPUERTO_UL/Cell:eNodeB Function Name=PI_UIO_NUEVO_AEROPUERTO_L, Local Cell ID=11, Cell Name=PI_UIO_NUEVO_AEROPUERTO_11, eNodeB ID=44068, Cell FDD TDD indication=CELL_FDD",Reliable,190.254,19.685
2026-04-11 04:00,60,"PI_UIO_NUEVO_AEROPUERTO_UL/Cell:eNodeB Function Name=PI_UIO_NUEVO_AEROPUERTO_L, Local Cell ID=12, Cell Name=PI_UIO_NUEVO_AEROPUERTO_12, eNodeB ID=44068, Cell FDD TDD indication=CELL_FDD",Reliable,192.785,15.699
2026-04-11 04:00,60,"PI_UIO_NUEVO_AEROPUERTO_UL/Cell:eNodeB Function Name=PI_UIO_NUEVO_AEROPUERTO_L, Local Cell ID=13, Cell Name=PI_UIO_NUEVO_AEROPUERTO_13, eNodeB ID=44068, Cell FDD TDD indication=CELL_FDD",Reliable,48.768,8.011
2026-04-11 04:00,60,"PIC_UIO_COLEGIO_CERVANTES_ULN/Cell:eNodeB Function Name=PI_UIO_COLEGIO_CERVANTESL21, Local Cell ID=1, Cell Name=PI_UIO_COLEGIO_CERVANTES_1, eNodeB ID=44215, Cell FDD TDD indication=CELL_FDD",Reliable,121.812,8.397
2026-04-11 04:00,60,"PIC_UIO_COLEGIO_CERVANTES_ULN/Cell:eNodeB Function Name=PI_UIO_COLEGIO_CERVANTESL21, Local Cell ID=2, Cell Name=PI_UIO_COLEGIO_CERVANTES_2, eNodeB ID=44215, Cell FDD TDD indication=CELL_FDD",Reliable,41.431,6.971
2026-04-11 04:00,60,"PIC_UIO_COLEGIO_CERVANTES_ULN/Cell:eNodeB Function Name=PI_UIO_COLEGIO_CERVANTESL21, Local Cell ID=3, Cell Name=PI_UIO_COLEGIO_CERVANTES_3, eNodeB ID=44215, Cell FDD TDD indication=CELL_FDD",Reliable,8.416,2.778
2026-04-11 04:00,60,"PIC_UIO_COLEGIO_CERVANTES_ULN/Cell:eNodeB Function Name=PI_UIO_COLEGIO_CERVANTESL21, Local Cell ID=7, Cell Name=PI_UIO_COLEGIO_CERVANTES_APT_7, eNodeB ID=44215, Cell FDD TDD indication=CELL_FDD",Reliable,25.864,3.808
2026-04-11 04:00,60,"PIC_UIO_COLEGIO_CERVANTES_ULN/Cell:eNodeB Function Name=PI_UIO_COLEGIO_CERVANTESL21, Local Cell ID=8, Cell Name=PI_UIO_COLEGIO_CERVANTES_APT_8, eNodeB ID=44215, Cell FDD TDD indication=CELL_FDD",Reliable,51.729,10.089
2026-04-11 04:00,60,"PIC_UIO_COLEGIO_CERVANTES_ULN/Cell:eNodeB Function Name=PI_UIO_COLEGIO_CERVANTESL21, Local Cell ID=9, Cell Name=PI_UIO_COLEGIO_CERVANTES_APT_9, eNodeB ID=44215, Cell FDD TDD indication=CELL_FDD",Reliable,241.451,18.459
2026-04-11 04:00,60,"PI_UIO_DIEGO_DE_VASQUEZ_UL/Cell:eNodeB Function Name=PI_UIO_DIEGO_DE_VASQUEZL21, Local Cell ID=1, Cell Name=PI_UIO_DIEGO_DE_VASQUEZ_1, eNodeB ID=44112, Cell FDD TDD indication=CELL_FDD",Reliable,114.835,13.236
2026-04-11 04:00,60,"PI_UIO_DIEGO_DE_VASQUEZ_UL/Cell:eNodeB Function Name=PI_UIO_DIEGO_DE_VASQUEZL21, Local Cell ID=2, Cell Name=PI_UIO_DIEGO_DE_VASQUEZ_2, eNodeB ID=44112, Cell FDD TDD indication=CELL_FDD",Reliable,10.913,3.734
2026-04-11 04:00,60,"PI_UIO_CARCELEN_INDUSTRIAL_UL/Cell:eNodeB Function Name=PI_UIO_CARCELEN_INDUSTRIALL21, Local Cell ID=1, Cell Name=PI_UIO_CARCELEN_INDUSTRIAL_1, eNodeB ID=44092, Cell FDD TDD indication=CELL_FDD",Reliable,6.538,0.663
2026-04-11 04:00,60,"PI_UIO_CARCELEN_INDUSTRIAL_UL/Cell:eNodeB Function Name=PI_UIO_CARCELEN_INDUSTRIALL21, Local Cell ID=2, Cell Name=PI_UIO_CARCELEN_INDUSTRIAL_2, eNodeB ID=44092, Cell FDD TDD indication=CELL_FDD",Reliable,2.898,0.6
2026-04-11 04:00,60,"PI_UIO_TRIANGULO_UL/Cell:eNodeB Function Name=PI_UIO_TRIANGULOL21, Local Cell ID=1, Cell Name=PI_UIO_TRIANGULO_1, eNodeB ID=44244, Cell FDD TDD indication=CELL_FDD",Reliable,223.226,11.285
2026-04-11 04:00,60,"PI_UIO_TRIANGULO_UL/Cell:eNodeB Function Name=PI_UIO_TRIANGULOL21, Local Cell ID=2, Cell Name=PI_UIO_TRIANGULO_2, eNodeB ID=44244, Cell FDD TDD indication=CELL_FDD",Reliable,11.331,3.959
2026-04-11 04:00,60,"PI_UIO_TRIANGULO_UL/Cell:eNodeB Function Name=PI_UIO_TRIANGULOL21, Local Cell ID=3, Cell Name=PI_UIO_TRIANGULO_3, eNodeB ID=44244, Cell FDD TDD indication=CELL_FDD",Reliable,13.28,4.063
2026-04-11 04:00,60,"PI_UIO_KENNEDY_UL/Cell:eNodeB Function Name=PI_UIO_KENNEDYL21, Local Cell ID=1, Cell Name=PI_UIO_KENNEDY_1, eNodeB ID=44071, Cell FDD TDD indication=CELL_FDD",Reliable,600.941,27.776
2026-04-11 04:00,60,"PI_UIO_KENNEDY_UL/Cell:eNodeB Function Name=PI_UIO_KENNEDYL21, Local Cell ID=2, Cell Name=PI_UIO_KENNEDY_2, eNodeB ID=44071, Cell FDD TDD indication=CELL_FDD",Reliable,4.863,1.613
2026-04-11 04:00,60,"PI_UIO_BUSTAMANTE_UL/Cell:eNodeB Function Name=PI_UIO_BUSTAMANTEL21, Local Cell ID=1, Cell Name=PI_UIO_BUSTAMANTE_1, eNodeB ID=44075, Cell FDD TDD indication=CELL_FDD",Reliable,89.452,6.934
2026-04-11 04:00,60,"PI_UIO_BUSTAMANTE_UL/Cell:eNodeB Function Name=PI_UIO_BUSTAMANTEL21, Local Cell ID=2, Cell Name=PI_UIO_BUSTAMANTE_2, eNodeB ID=44075, Cell FDD TDD indication=CELL_FDD",Reliable,142.999,11.741
2026-04-11 04:00,60,"PI_UIO_TREBOL_UL/Cell:eNodeB Function Name=PI_UIO_TREBOL_L, Local Cell ID=3, Cell Name=PI_UIO_TREBOL_3, eNodeB ID=44073, Cell FDD TDD indication=CELL_FDD",Reliable,10,1.962
2026-04-11 04:00,60,"PI_UIO_TREBOL_UL/Cell:eNodeB Function Name=PI_UIO_TREBOL_L, Local Cell ID=2, Cell Name=PI_UIO_TREBOL_2, eNodeB ID=44073, Cell FDD TDD indication=CELL_FDD",Reliable,0.036,0.045
2026-04-11 04:00,60,"PI_UIO_TREBOL_UL/Cell:eNodeB Function Name=PI_UIO_TREBOL_L, Local Cell ID=1, Cell Name=PI_UIO_TREBOL_1, eNodeB ID=44073, Cell FDD TDD indication=CELL_FDD",Reliable,70.267,7.998
2026-04-11 04:00,60,"PI_UIO_TREBOL_UL/Cell:eNodeB Function Name=PI_UIO_TREBOL_L, Local Cell ID=11, Cell Name=PI_UIO_TREBOL_11, eNodeB ID=44073, Cell FDD TDD indication=CELL_FDD",Reliable,2.048,0.272
2026-04-11 04:00,60,"PI_UIO_TREBOL_UL/Cell:eNodeB Function Name=PI_UIO_TREBOL_L, Local Cell ID=12, Cell Name=PI_UIO_TREBOL_12, eNodeB ID=44073, Cell FDD TDD indication=CELL_FDD",Reliable,0,0
2026-04-11 04:00,60,"PI_UIO_TREBOL_UL/Cell:eNodeB Function Name=PI_UIO_TREBOL_L, Local Cell ID=13, Cell Name=PI_UIO_TREBOL_13, eNodeB ID=44073, Cell FDD TDD indication=CELL_FDD",Reliable,5.205,0.28
2026-04-11 04:00,60,"PIC_UIO_JACARANDA_ULN/Cell:eNodeB Function Name=PI_UIO_JACARANDA_L, Local Cell ID=1, Cell Name=PI_UIO_JACARANDA_1, eNodeB ID=44203, Cell FDD TDD indication=CELL_FDD",Reliable,0.822,0.832
2026-04-11 04:00,60,"PIC_UIO_JACARANDA_ULN/Cell:eNodeB Function Name=PI_UIO_JACARANDA_L, Local Cell ID=2, Cell Name=PI_UIO_JACARANDA_2, eNodeB ID=44203, Cell FDD TDD indication=CELL_FDD",Reliable,0.284,0.158
2026-04-11 04:00,60,"PIC_UIO_JACARANDA_ULN/Cell:eNodeB Function Name=PI_UIO_JACARANDA_L, Local Cell ID=3, Cell Name=PI_UIO_JACARANDA_3, eNodeB ID=44203, Cell FDD TDD indication=CELL_FDD",Reliable,0.54,0.716
2026-04-11 04:00,60,"PIC_UIO_JACARANDA_ULN/Cell:eNodeB Function Name=PI_UIO_JACARANDA_L, Local Cell ID=11, Cell Name=PI_UIO_JACARANDA_11, eNodeB ID=44203, Cell FDD TDD indication=CELL_FDD",Reliable,0,0
2026-04-11 04:00,60,"PIC_UIO_JACARANDA_ULN/Cell:eNodeB Function Name=PI_UIO_JACARANDA_L, Local Cell ID=12, Cell Name=PI_UIO_JACARANDA_12, eNodeB ID=44203, Cell FDD TDD indication=CELL_FDD",Reliable,55.026,22.673
2026-04-11 04:00,60,"PIC_UIO_JACARANDA_ULN/Cell:eNodeB Function Name=PI_UIO_JACARANDA_L, Local Cell ID=13, Cell Name=PI_UIO_JACARANDA_13, eNodeB ID=44203, Cell FDD TDD indication=CELL_FDD",Reliable,0.026,0.05
2026-04-11 04:00,60,"PI_UIO_VICENTINA_UL/Cell:eNodeB Function Name=PIC_UIO_VICENTINA_L, Local Cell ID=1, Cell Name=PIC_UIO_VICENTINA_L21_1, eNodeB ID=44195, Cell FDD TDD indication=CELL_FDD",Reliable,0.52,0.198
2026-04-11 04:00,60,"PI_UIO_VICENTINA_UL/Cell:eNodeB Function Name=PIC_UIO_VICENTINA_L, Local Cell ID=2, Cell Name=PIC_UIO_VICENTINA_L21_2, eNodeB ID=44195, Cell FDD TDD indication=CELL_FDD",Reliable,66.561,9.457
2026-04-11 04:00,60,"PI_UIO_VICENTINA_UL/Cell:eNodeB Function Name=PIC_UIO_VICENTINA_L, Local Cell ID=3, Cell Name=PIC_UIO_VICENTINA_L21_3, eNodeB ID=44195, Cell FDD TDD indication=CELL_FDD",Reliable,116.537,3.062
2026-04-11 04:00,60,"PI_UIO_VICENTINA_UL/Cell:eNodeB Function Name=PIC_UIO_VICENTINA_L, Local Cell ID=11, Cell Name=PIC_UIO_VICENTINA_L19_11, eNodeB ID=44195, Cell FDD TDD indication=CELL_FDD",Reliable,0.061,0.019
2026-04-11 04:00,60,"PI_UIO_VICENTINA_UL/Cell:eNodeB Function Name=PIC_UIO_VICENTINA_L, Local Cell ID=12, Cell Name=PIC_UIO_VICENTINA_L19_12, eNodeB ID=44195, Cell FDD TDD indication=CELL_FDD",Reliable,3.55,2.071
2026-04-11 04:00,60,"PI_UIO_VICENTINA_UL/Cell:eNodeB Function Name=PIC_UIO_VICENTINA_L, Local Cell ID=13, Cell Name=PIC_UIO_VICENTINA_L19_13, eNodeB ID=44195, Cell FDD TDD indication=CELL_FDD",Reliable,1.091,0.102
2026-04-11 04:00,60,"PI_UIO_JEFATURA_UL/Cell:eNodeB Function Name=PI_UIO_JEFATURAL21, Local Cell ID=1, Cell Name=PI_UIO_JEFATURA_1, eNodeB ID=44135, Cell FDD TDD indication=CELL_FDD",Reliable,144.427,11.422
2026-04-11 04:00,60,"PI_UIO_JEFATURA_UL/Cell:eNodeB Function Name=PI_UIO_JEFATURAL21, Local Cell ID=2, Cell Name=PI_UIO_JEFATURA_2, eNodeB ID=44135, Cell FDD TDD indication=CELL_FDD",Reliable,32.301,3.94
2026-04-11 04:00,60,"PI_UIO_LA_MAGDALENA_UL/Cell:eNodeB Function Name=PI_UIO_LA_MAGDALENAL21, Local Cell ID=1, Cell Name=PI_UIO_LA_MAGDALENA_1, eNodeB ID=44142, Cell FDD TDD indication=CELL_FDD",Reliable,16.836,4.498
2026-04-11 04:00,60,"PI_UIO_LA_MAGDALENA_UL/Cell:eNodeB Function Name=PI_UIO_LA_MAGDALENAL21, Local Cell ID=2, Cell Name=PI_UIO_LA_MAGDALENA_2, eNodeB ID=44142, Cell FDD TDD indication=CELL_FDD",Reliable,276.701,500.844
2026-04-11 04:00,60,"PI_UIO_LA_MAGDALENA_UL/Cell:eNodeB Function Name=PI_UIO_LA_MAGDALENAL21, Local Cell ID=3, Cell Name=PI_UIO_LA_MAGDALENA_3, eNodeB ID=44142, Cell FDD TDD indication=CELL_FDD",Reliable,96.366,7.292
2026-04-11 04:00,60,"PIC_UIO_BENALCAZAR_ULN/Cell:eNodeB Function Name=PI_UIO_BENALCAZAR_L, Local Cell ID=1, Cell Name=PI_UIO_BENALCAZAR_1, eNodeB ID=44084, Cell FDD TDD indication=CELL_FDD",Reliable,6.996,1.779
2026-04-11 04:00,60,"PIC_UIO_BENALCAZAR_ULN/Cell:eNodeB Function Name=PI_UIO_BENALCAZAR_L, Local Cell ID=2, Cell Name=PI_UIO_BENALCAZAR_2, eNodeB ID=44084, Cell FDD TDD indication=CELL_FDD",Reliable,49.211,8.087
2026-04-11 04:00,60,"PIC_UIO_BENALCAZAR_ULN/Cell:eNodeB Function Name=PI_UIO_BENALCAZAR_L, Local Cell ID=3, Cell Name=PI_UIO_BENALCAZAR_3, eNodeB ID=44084, Cell FDD TDD indication=CELL_FDD",Reliable,10.103,2.56
2026-04-11 04:00,60,"PIC_UIO_BENALCAZAR_ULN/Cell:eNodeB Function Name=PI_UIO_BENALCAZAR_L, Local Cell ID=11, Cell Name=PI_UIO_BENALCAZAR_11, eNodeB ID=44084, Cell FDD TDD indication=CELL_FDD",Reliable,0.611,0.326
2026-04-11 04:00,60,"PIC_UIO_BENALCAZAR_ULN/Cell:eNodeB Function Name=PI_UIO_BENALCAZAR_L, Local Cell ID=12, Cell Name=PI_UIO_BENALCAZAR_12, eNodeB ID=44084, Cell FDD TDD indication=CELL_FDD",Reliable,46.749,2.513
2026-04-11 04:00,60,"PIC_UIO_BENALCAZAR_ULN/Cell:eNodeB Function Name=PI_UIO_BENALCAZAR_L, Local Cell ID=13, Cell Name=PI_UIO_BENALCAZAR_13, eNodeB ID=44084, Cell FDD TDD indication=CELL_FDD",Reliable,32.012,2.963
2026-04-11 04:00,60,"PI_UIO_REAL_AUDIENCIA_UL/Cell:eNodeB Function Name=PI_UIO_REAL_AUDIENCIAL21, Local Cell ID=1, Cell Name=PI_UIO_REAL_AUDIENCIA_1, eNodeB ID=44148, Cell FDD TDD indication=CELL_FDD",Reliable,32.124,6.618
2026-04-11 04:00,60,"PI_UIO_REAL_AUDIENCIA_UL/Cell:eNodeB Function Name=PI_UIO_REAL_AUDIENCIAL21, Local Cell ID=2, Cell Name=PI_UIO_REAL_AUDIENCIA_2, eNodeB ID=44148, Cell FDD TDD indication=CELL_FDD",Reliable,27.674,3.667
2026-04-11 04:00,60,"PI_UIO_CORDERO_UL/Cell:eNodeB Function Name=PI_UIO_CORDERO_L, Local Cell ID=1, Cell Name=PI_UIO_CORDERO_1, eNodeB ID=44045, Cell FDD TDD indication=CELL_FDD",Reliable,28.566,15.007
2026-04-11 04:00,60,"PI_UIO_CORDERO_UL/Cell:eNodeB Function Name=PI_UIO_CORDERO_L, Local Cell ID=2, Cell Name=PI_UIO_CORDERO_2, eNodeB ID=44045, Cell FDD TDD indication=CELL_FDD",Reliable,20.354,8.445
2026-04-11 04:00,60,"PI_UIO_CORDERO_UL/Cell:eNodeB Function Name=PI_UIO_CORDERO_L, Local Cell ID=3, Cell Name=PI_UIO_CORDERO_3, eNodeB ID=44045, Cell FDD TDD indication=CELL_FDD",Reliable,31.534,4.684
2026-04-11 04:00,60,"PI_UIO_CORDERO_UL/Cell:eNodeB Function Name=PI_UIO_CORDERO_L, Local Cell ID=7, Cell Name=PI_UIO_CORDERO_APT_7, eNodeB ID=44045, Cell FDD TDD indication=CELL_FDD",Reliable,1.489,0.258
2026-04-11 04:00,60,"PI_UIO_CORDERO_UL/Cell:eNodeB Function Name=PI_UIO_CORDERO_L, Local Cell ID=8, Cell Name=PI_UIO_CORDERO_APT_8, eNodeB ID=44045, Cell FDD TDD indication=CELL_FDD",Reliable,27.204,15.835
2026-04-11 04:00,60,"PI_UIO_CORDERO_UL/Cell:eNodeB Function Name=PI_UIO_CORDERO_L, Local Cell ID=9, Cell Name=PI_UIO_CORDERO_APT_9, eNodeB ID=44045, Cell FDD TDD indication=CELL_FDD",Reliable,5.985,3.691
2026-04-11 04:00,60,"PI_UIO_CORDERO_UL/Cell:eNodeB Function Name=PI_UIO_CORDERO_L, Local Cell ID=11, Cell Name=PI_UIO_CORDERO_11, eNodeB ID=44045, Cell FDD TDD indication=CELL_FDD",Reliable,0.021,0.021
2026-04-11 04:00,60,"PI_UIO_CORDERO_UL/Cell:eNodeB Function Name=PI_UIO_CORDERO_L, Local Cell ID=12, Cell Name=PI_UIO_CORDERO_12, eNodeB ID=44045, Cell FDD TDD indication=CELL_FDD",Reliable,0.608,0.252
2026-04-11 04:00,60,"PI_UIO_CORDERO_UL/Cell:eNodeB Function Name=PI_UIO_CORDERO_L, Local Cell ID=13, Cell Name=PI_UIO_CORDERO_13, eNodeB ID=44045, Cell FDD TDD indication=CELL_FDD",Reliable,0.104,0.11
2026-04-11 04:00,60,"PI_UIO_MANUEL_VALDIVIESO_UL/Cell:eNodeB Function Name=PIC_UIO_MANUEL_VALDIVIESO_L, Local Cell ID=1, Cell Name=PIC_UIO_MANUEL_VALDIVIESO_L21_1, eNodeB ID=44157, Cell FDD TDD indication=CELL_FDD",Reliable,117.698,11.708
2026-04-11 04:00,60,"PI_UIO_MANUEL_VALDIVIESO_UL/Cell:eNodeB Function Name=PIC_UIO_MANUEL_VALDIVIESO_L, Local Cell ID=2, Cell Name=PIC_UIO_MANUEL_VALDIVIESO_L21_2, eNodeB ID=44157, Cell FDD TDD indication=CELL_FDD",Reliable,15.381,1.453
2026-04-11 04:00,60,"PI_UIO_CENTRAL_CARCELEN_CNT_UL/Cell:eNodeB Function Name=PI_UIO_CENTRAL_CARCELEN_CNTL21, Local Cell ID=1, Cell Name=PI_UIO_CENTRAL_CARCELEN_CNT_1, eNodeB ID=44162, Cell FDD TDD indication=CELL_FDD",Reliable,417.996,18.21
2026-04-11 04:00,60,"PI_UIO_CENTRAL_CARCELEN_CNT_UL/Cell:eNodeB Function Name=PI_UIO_CENTRAL_CARCELEN_CNTL21, Local Cell ID=2, Cell Name=PI_UIO_CENTRAL_CARCELEN_CNT_2, eNodeB ID=44162, Cell FDD TDD indication=CELL_FDD",Reliable,568.9,21.181
2026-04-11 04:00,60,"PI_UIO_RODRIGO_DE_CHAVEZ_UL/Cell:eNodeB Function Name=PI_UIO_RODRIGO_DE_CHAVEZL21, Local Cell ID=1, Cell Name=PI_UIO_RODRIGO_DE_CHAVEZ_1, eNodeB ID=44183, Cell FDD TDD indication=CELL_FDD",Reliable,71.524,7.742
2026-04-11 04:00,60,"PI_UIO_RODRIGO_DE_CHAVEZ_UL/Cell:eNodeB Function Name=PI_UIO_RODRIGO_DE_CHAVEZL21, Local Cell ID=2, Cell Name=PI_UIO_RODRIGO_DE_CHAVEZ_2, eNodeB ID=44183, Cell FDD TDD indication=CELL_FDD",Reliable,2.726,1.341
2026-04-11 04:00,60,"PI_UIO_RODRIGO_DE_CHAVEZ_UL/Cell:eNodeB Function Name=PI_UIO_RODRIGO_DE_CHAVEZL21, Local Cell ID=3, Cell Name=PI_UIO_RODRIGO_DE_CHAVEZ_3, eNodeB ID=44183, Cell FDD TDD indication=CELL_FDD",Reliable,27.787,5.69
2026-04-11 04:00,60,"PI_UIO_HOSP_MILITAR_UL/Cell:eNodeB Function Name=PI_UIO_HOSP_MILITARL21, Local Cell ID=1, Cell Name=PI_UIO_HOSP_MILITAR_1, eNodeB ID=44035, Cell FDD TDD indication=CELL_FDD",Reliable,0.31,0.226
2026-04-11 04:00,60,"PI_UIO_HOSP_MILITAR_UL/Cell:eNodeB Function Name=PI_UIO_HOSP_MILITARL21, Local Cell ID=2, Cell Name=PI_UIO_HOSP_MILITAR_2, eNodeB ID=44035, Cell FDD TDD indication=CELL_FDD",Reliable,1160.627,51.451
2026-04-11 04:00,60,"PI_UIO_HOSP_MILITAR_UL/Cell:eNodeB Function Name=PI_UIO_HOSP_MILITARL21, Local Cell ID=3, Cell Name=PI_UIO_HOSP_MILITAR_3, eNodeB ID=44035, Cell FDD TDD indication=CELL_FDD",Reliable,162.726,9.421
2026-04-11 04:00,60,"PI_UIO_HOSP_MILITAR_UL/Cell:eNodeB Function Name=PI_UIO_HOSP_MILITARL21, Local Cell ID=7, Cell Name=PI_UIO_HOSP_MILITAR_APT_7, eNodeB ID=44035, Cell FDD TDD indication=CELL_FDD",Reliable,2.688,1.27
2026-04-11 04:00,60,"PI_UIO_HOSP_MILITAR_UL/Cell:eNodeB Function Name=PI_UIO_HOSP_MILITARL21, Local Cell ID=8, Cell Name=PI_UIO_HOSP_MILITAR_APT_8, eNodeB ID=44035, Cell FDD TDD indication=CELL_FDD",Reliable,88.96,10.616
2026-04-11 04:00,60,"PI_UIO_HOSP_MILITAR_UL/Cell:eNodeB Function Name=PI_UIO_HOSP_MILITARL21, Local Cell ID=9, Cell Name=PI_UIO_HOSP_MILITAR_APT_9, eNodeB ID=44035, Cell FDD TDD indication=CELL_FDD",Reliable,6.262,1.622
2026-04-11 04:00,60,"PI_UIO_NUEVA_AURORA_UL/Cell:eNodeB Function Name=PI_UIO_NUEVA_AURORAL21, Local Cell ID=1, Cell Name=PI_UIO_NUEVA_AURORA_1, eNodeB ID=44164, Cell FDD TDD indication=CELL_FDD",Reliable,45.556,15.654
2026-04-11 04:00,60,"PI_UIO_NUEVA_AURORA_UL/Cell:eNodeB Function Name=PI_UIO_NUEVA_AURORAL21, Local Cell ID=2, Cell Name=PI_UIO_NUEVA_AURORA_2, eNodeB ID=44164, Cell FDD TDD indication=CELL_FDD",Reliable,47.806,4.339
2026-04-11 04:00,60,"PI_UIO_NUEVA_AURORA_UL/Cell:eNodeB Function Name=PI_UIO_NUEVA_AURORAL21, Local Cell ID=3, Cell Name=PI_UIO_NUEVA_AURORA_3, eNodeB ID=44164, Cell FDD TDD indication=CELL_FDD",Reliable,299.95,17.78
2026-04-11 04:00,60,"PI_UIO_LULUNCOTO_UL/Cell:eNodeB Function Name=PI_UIO_LULUNCOTOL21, Local Cell ID=1, Cell Name=PIC_UIO_LULUNCOTO_L21_1, eNodeB ID=44040, Cell FDD TDD indication=CELL_FDD",Reliable,16.916,5.752
2026-04-11 04:00,60,"PI_UIO_LULUNCOTO_UL/Cell:eNodeB Function Name=PI_UIO_LULUNCOTOL21, Local Cell ID=2, Cell Name=PIC_UIO_LULUNCOTO_L21_2, eNodeB ID=44040, Cell FDD TDD indication=CELL_FDD",Reliable,135.016,12.198
2026-04-11 04:00,60,"PIC_UIO_NUEVO_AMANECER_SUR_UL/Cell:eNodeB Function Name=PIC_UIO_NUEVO_AMANECER_SUR_L, Local Cell ID=1, Cell Name=PIC_UIO_NUEVO_AMANECER_SUR_L21_1, eNodeB ID=44165, Cell FDD TDD indication=CELL_FDD",Reliable,11.387,4.023
2026-04-11 04:00,60,"PIC_UIO_NUEVO_AMANECER_SUR_UL/Cell:eNodeB Function Name=PIC_UIO_NUEVO_AMANECER_SUR_L, Local Cell ID=2, Cell Name=PIC_UIO_NUEVO_AMANECER_SUR_L21_2, eNodeB ID=44165, Cell FDD TDD indication=CELL_FDD",Reliable,8.275,2.437
2026-04-11 04:00,60,"PIC_UIO_NUEVO_AMANECER_SUR_UL/Cell:eNodeB Function Name=PIC_UIO_NUEVO_AMANECER_SUR_L, Local Cell ID=3, Cell Name=PIC_UIO_NUEVO_AMANECER_SUR_L21_3, eNodeB ID=44165, Cell FDD TDD indication=CELL_FDD",Reliable,22.963,5.258
2026-04-11 04:00,60,"PIC_UIO_NUEVO_AMANECER_SUR_UL/Cell:eNodeB Function Name=PIC_UIO_NUEVO_AMANECER_SUR_L, Local Cell ID=7, Cell Name=PIC_UIO_NUEVO_AMANECER_SUR_L7_7, eNodeB ID=44165, Cell FDD TDD indication=CELL_FDD",Reliable,140.108,16.605
2026-04-11 04:00,60,"PIC_UIO_NUEVO_AMANECER_SUR_UL/Cell:eNodeB Function Name=PIC_UIO_NUEVO_AMANECER_SUR_L, Local Cell ID=8, Cell Name=PIC_UIO_NUEVO_AMANECER_SUR_L8_8, eNodeB ID=44165, Cell FDD TDD indication=CELL_FDD",Reliable,1111.671,61.005
2026-04-11 04:00,60,"PIC_UIO_NUEVO_AMANECER_SUR_UL/Cell:eNodeB Function Name=PIC_UIO_NUEVO_AMANECER_SUR_L, Local Cell ID=9, Cell Name=PIC_UIO_NUEVO_AMANECER_SUR_L9_9, eNodeB ID=44165, Cell FDD TDD indication=CELL_FDD",Reliable,605.179,681.543
2026-04-11 04:00,60,"PI_UIO_DAMMER_UL/Cell:eNodeB Function Name=PI_UIO_DAMMERL21, Local Cell ID=1, Cell Name=PI_UIO_DAMMER_1, eNodeB ID=44033, Cell FDD TDD indication=CELL_FDD",Reliable,24.124,7.06
2026-04-11 04:00,60,"PI_UIO_DAMMER_UL/Cell:eNodeB Function Name=PI_UIO_DAMMERL21, Local Cell ID=2, Cell Name=PI_UIO_DAMMER_2, eNodeB ID=44033, Cell FDD TDD indication=CELL_FDD",Reliable,180.447,23.9
2026-04-11 04:00,60,"PI_UIO_DAMMER_UL/Cell:eNodeB Function Name=PI_UIO_DAMMERL21, Local Cell ID=7, Cell Name=PI_UIO_DAMMER_APT_7, eNodeB ID=44033, Cell FDD TDD indication=CELL_FDD",Reliable,1398.358,952.597
2026-04-11 04:00,60,"PI_UIO_DAMMER_UL/Cell:eNodeB Function Name=PI_UIO_DAMMERL21, Local Cell ID=8, Cell Name=PI_UIO_DAMMER_APT_8, eNodeB ID=44033, Cell FDD TDD indication=CELL_FDD",Reliable,157.802,7.552
2026-04-11 04:00,60,"PI_UIO_SEK_UL/Cell:eNodeB Function Name=PIC_UIO_SEK_UL, Local Cell ID=1, Cell Name=PI_UIO_SEK_1, eNodeB ID=44242, Cell FDD TDD indication=CELL_FDD",Reliable,61.446,3.079
2026-04-11 04:00,60,"PI_UIO_SEK_UL/Cell:eNodeB Function Name=PIC_UIO_SEK_UL, Local Cell ID=2, Cell Name=PI_UIO_SEK_2, eNodeB ID=44242, Cell FDD TDD indication=CELL_FDD",Reliable,19.571,2.531
2026-04-11 04:00,60,"PI_UIO_SEK_UL/Cell:eNodeB Function Name=PIC_UIO_SEK_UL, Local Cell ID=3, Cell Name=PI_UIO_SEK_3, eNodeB ID=44242, Cell FDD TDD indication=CELL_FDD",Reliable,0.044,0.092
2026-04-11 04:00,60,"PI_UIO_NAYON_UL/Cell:eNodeB Function Name=PI_UIO_NAYONL21, Local Cell ID=1, Cell Name=PI_UIO_NAYON_1, eNodeB ID=44036, Cell FDD TDD indication=CELL_FDD",Reliable,1.532,0.9
2026-04-11 04:00,60,"PI_UIO_NAYON_UL/Cell:eNodeB Function Name=PI_UIO_NAYONL21, Local Cell ID=2, Cell Name=PI_UIO_NAYON_2, eNodeB ID=44036, Cell FDD TDD indication=CELL_FDD",Reliable,270.221,13.931
2026-04-11 04:00,60,"PI_UIO_NAYON_UL/Cell:eNodeB Function Name=PI_UIO_NAYONL21, Local Cell ID=3, Cell Name=PI_UIO_NAYON_3, eNodeB ID=44036, Cell FDD TDD indication=CELL_FDD",Reliable,23.206,2.873
2026-04-11 04:00,60,"PI_UIO_NAYON_UL/Cell:eNodeB Function Name=PI_UIO_NAYONL21, Local Cell ID=7, Cell Name=PI_UIO_NAYON_APT_7, eNodeB ID=44036, Cell FDD TDD indication=CELL_FDD",Reliable,92.305,20.763
2026-04-11 04:00,60,"PI_UIO_NAYON_UL/Cell:eNodeB Function Name=PI_UIO_NAYONL21, Local Cell ID=8, Cell Name=PI_UIO_NAYON_APT_8, eNodeB ID=44036, Cell FDD TDD indication=CELL_FDD",Reliable,169.676,8.361
2026-04-11 04:00,60,"PI_UIO_NAYON_UL/Cell:eNodeB Function Name=PI_UIO_NAYONL21, Local Cell ID=9, Cell Name=PI_UIO_NAYON_APT_9, eNodeB ID=44036, Cell FDD TDD indication=CELL_FDD",Reliable,44.787,5.814
2026-04-11 04:00,60,"PI_UIO_LAURELES_UL/Cell:eNodeB Function Name=PIC_UIO_LAURELES_L, Local Cell ID=1, Cell Name=PIC_UIO_LAURELES_L21_1, eNodeB ID=44051, Cell FDD TDD indication=CELL_FDD",Reliable,125.419,198.497
2026-04-11 04:00,60,"PI_UIO_LAURELES_UL/Cell:eNodeB Function Name=PIC_UIO_LAURELES_L, Local Cell ID=2, Cell Name=PIC_UIO_LAURELES_L21_2, eNodeB ID=44051, Cell FDD TDD indication=CELL_FDD",Reliable,209.585,22.727
2026-04-11 04:00,60,"PI_UIO_LAURELES_UL/Cell:eNodeB Function Name=PIC_UIO_LAURELES_L, Local Cell ID=3, Cell Name=PIC_UIO_LAURELES_L21_3, eNodeB ID=44051, Cell FDD TDD indication=CELL_FDD",Reliable,5283.924,985.549
2026-04-11 04:00,60,"PI_UIO_LAURELES_UL/Cell:eNodeB Function Name=PIC_UIO_LAURELES_L, Local Cell ID=7, Cell Name=PIC_UIO_LAURELES_L7_7, eNodeB ID=44051, Cell FDD TDD indication=CELL_FDD",Reliable,2.961,1.849
2026-04-11 04:00,60,"PI_UIO_LAURELES_UL/Cell:eNodeB Function Name=PIC_UIO_LAURELES_L, Local Cell ID=8, Cell Name=PIC_UIO_LAURELES_L7_8, eNodeB ID=44051, Cell FDD TDD indication=CELL_FDD",Reliable,15.731,5.594
2026-04-11 04:00,60,"PI_UIO_LAURELES_UL/Cell:eNodeB Function Name=PIC_UIO_LAURELES_L, Local Cell ID=9, Cell Name=PIC_UIO_LAURELES_L7_9, eNodeB ID=44051, Cell FDD TDD indication=CELL_FDD",Reliable,1654.025,174.422
2026-04-11 04:00,60,"PI_UIO_LAURELES_UL/Cell:eNodeB Function Name=PIC_UIO_LAURELES_L, Local Cell ID=11, Cell Name=PIC_UIO_LAURELES_L19_11, eNodeB ID=44051, Cell FDD TDD indication=CELL_FDD",Reliable,321.447,187.855
2026-04-11 04:00,60,"PI_UIO_LAURELES_UL/Cell:eNodeB Function Name=PIC_UIO_LAURELES_L, Local Cell ID=12, Cell Name=PIC_UIO_LAURELES_L19_12, eNodeB ID=44051, Cell FDD TDD indication=CELL_FDD",Reliable,0.774,0.38
2026-04-11 04:00,60,"PI_UIO_LAURELES_UL/Cell:eNodeB Function Name=PIC_UIO_LAURELES_L, Local Cell ID=13, Cell Name=PIC_UIO_LAURELES_L19_13, eNodeB ID=44051, Cell FDD TDD indication=CELL_FDD",Reliable,1232.521,198.633
2026-04-11 04:00,60,"PI_UIO_PINTADO_UL/Cell:eNodeB Function Name=PI_UIO_PINTADOL21, Local Cell ID=1, Cell Name=PI_UIO_PINTADO_1, eNodeB ID=44021, Cell FDD TDD indication=CELL_FDD",Reliable,634.765,71.078
2026-04-11 04:00,60,"PI_UIO_PINTADO_UL/Cell:eNodeB Function Name=PI_UIO_PINTADOL21, Local Cell ID=2, Cell Name=PI_UIO_PINTADO_2, eNodeB ID=44021, Cell FDD TDD indication=CELL_FDD",Reliable,38.782,5.906
2026-04-11 04:00,60,"PI_UIO_PINTADO_UL/Cell:eNodeB Function Name=PI_UIO_PINTADOL21, Local Cell ID=3, Cell Name=PI_UIO_PINTADO_3, eNodeB ID=44021, Cell FDD TDD indication=CELL_FDD",Reliable,97.663,8.611
2026-04-11 04:00,60,"PI_UIO_PINTADO_UL/Cell:eNodeB Function Name=PI_UIO_PINTADOL21, Local Cell ID=7, Cell Name=PI_UIO_PINTADO_APT_7, eNodeB ID=44021, Cell FDD TDD indication=CELL_FDD",Reliable,113.704,26.233
2026-04-11 04:00,60,"PI_UIO_PINTADO_UL/Cell:eNodeB Function Name=PI_UIO_PINTADOL21, Local Cell ID=8, Cell Name=PI_UIO_PINTADO_APT_8, eNodeB ID=44021, Cell FDD TDD indication=CELL_FDD",Reliable,264.719,17.92
2026-04-11 04:00,60,"PI_UIO_PINTADO_UL/Cell:eNodeB Function Name=PI_UIO_PINTADOL21, Local Cell ID=9, Cell Name=PI_UIO_PINTADO_APT_9, eNodeB ID=44021, Cell FDD TDD indication=CELL_FDD",Reliable,268.984,95.919
2026-04-11 04:00,60,"PI_UIO_PLAZA_ARENAS_UL/Cell:eNodeB Function Name=PI_UIO_PLAZA_ARENASL21, Local Cell ID=1, Cell Name=PI_UIO_PLAZA_ARENAS_1, eNodeB ID=44173, Cell FDD TDD indication=CELL_FDD",Reliable,0.153,0.162
2026-04-11 04:00,60,"PI_UIO_PLAZA_ARENAS_UL/Cell:eNodeB Function Name=PI_UIO_PLAZA_ARENASL21, Local Cell ID=2, Cell Name=PI_UIO_PLAZA_ARENAS_2, eNodeB ID=44173, Cell FDD TDD indication=CELL_FDD",Reliable,6.457,1.319
2026-04-11 04:00,60,"PI_UIO_PLAZA_ARENAS_UL/Cell:eNodeB Function Name=PI_UIO_PLAZA_ARENASL21, Local Cell ID=3, Cell Name=PI_UIO_PLAZA_ARENAS_3, eNodeB ID=44173, Cell FDD TDD indication=CELL_FDD",Reliable,143.674,11.221
2026-04-11 04:00,60,"PI_UIO_LOJA_UL/Cell:eNodeB Function Name=PI_UIO_LOJAL21, Local Cell ID=1, Cell Name=PIC_UIO_LOJA_L21_1, eNodeB ID=44224, Cell FDD TDD indication=CELL_FDD",Reliable,414.462,28.327
2026-04-11 04:00,60,"PI_UIO_LOJA_UL/Cell:eNodeB Function Name=PI_UIO_LOJAL21, Local Cell ID=2, Cell Name=PIC_UIO_LOJA_L21_2, eNodeB ID=44224, Cell FDD TDD indication=CELL_FDD",Reliable,282.537,18.66
2026-04-11 04:00,60,"PI_UIO_LOJA_UL/Cell:eNodeB Function Name=PI_UIO_LOJAL21, Local Cell ID=7, Cell Name=PIC_UIO_LOJA_L7_7, eNodeB ID=44224, Cell FDD TDD indication=CELL_FDD",Reliable,447.802,69.626
2026-04-11 04:00,60,"PI_UIO_LOJA_UL/Cell:eNodeB Function Name=PI_UIO_LOJAL21, Local Cell ID=8, Cell Name=PIC_UIO_LOJA_L7_8, eNodeB ID=44224, Cell FDD TDD indication=CELL_FDD",Reliable,216.293,25.64
2026-04-11 04:00,60,"PI_UIO_SAN_RAFAEL_UL/Cell:eNodeB Function Name=PI_UIO_SAN_RAFAELL21, Local Cell ID=1, Cell Name=PI_UIO_SAN_RAFAEL_1, eNodeB ID=44017, Cell FDD TDD indication=CELL_FDD",Reliable,7.957,5.962
2026-04-11 04:00,60,"PI_UIO_SAN_RAFAEL_UL/Cell:eNodeB Function Name=PI_UIO_SAN_RAFAELL21, Local Cell ID=2, Cell Name=PI_UIO_SAN_RAFAEL_2, eNodeB ID=44017, Cell FDD TDD indication=CELL_FDD",Reliable,10.781,0.828
2026-04-11 04:00,60,"PI_UIO_SAN_RAFAEL_UL/Cell:eNodeB Function Name=PI_UIO_SAN_RAFAELL21, Local Cell ID=3, Cell Name=PI_UIO_SAN_RAFAEL_3, eNodeB ID=44017, Cell FDD TDD indication=CELL_FDD",Reliable,38.529,5.844
2026-04-11 04:00,60,"PI_UIO_SAN_RAFAEL_UL/Cell:eNodeB Function Name=PI_UIO_SAN_RAFAELL21, Local Cell ID=7, Cell Name=PI_UIO_SAN_RAFAEL_APT_7, eNodeB ID=44017, Cell FDD TDD indication=CELL_FDD",Reliable,92.985,19.447
2026-04-11 04:00,60,"PI_UIO_SAN_RAFAEL_UL/Cell:eNodeB Function Name=PI_UIO_SAN_RAFAELL21, Local Cell ID=8, Cell Name=PI_UIO_SAN_RAFAEL_APT_8, eNodeB ID=44017, Cell FDD TDD indication=CELL_FDD",Reliable,424.332,34.828
2026-04-11 04:00,60,"PI_UIO_SAN_RAFAEL_UL/Cell:eNodeB Function Name=PI_UIO_SAN_RAFAELL21, Local Cell ID=9, Cell Name=PI_UIO_SAN_RAFAEL_APT_9, eNodeB ID=44017, Cell FDD TDD indication=CELL_FDD",Reliable,258.023,19.105
2026-04-11 04:00,60,"PI_UIO_SABANILLA_UL/Cell:eNodeB Function Name=PI_UIO_SABANILLAL21, Local Cell ID=1, Cell Name=PI_UIO_SABANILLA_1, eNodeB ID=44184, Cell FDD TDD indication=CELL_FDD",Reliable,133.411,23.986
2026-04-11 04:00,60,"PI_UIO_SABANILLA_UL/Cell:eNodeB Function Name=PI_UIO_SABANILLAL21, Local Cell ID=2, Cell Name=PI_UIO_SABANILLA_2, eNodeB ID=44184, Cell FDD TDD indication=CELL_FDD",Reliable,676.978,69.984
2026-04-11 04:00,60,"PI_UIO_AMAGASI_DEL_INCA_UL/Cell:eNodeB Function Name=PI_UIO_AMAGASI_DEL_INCAL21, Local Cell ID=1, Cell Name=PI_UIO_AMAGASI_DEL_INCA_1, eNodeB ID=44060, Cell FDD TDD indication=CELL_FDD",Reliable,5.116,0.921
2026-04-11 04:00,60,"PI_UIO_AMAGASI_DEL_INCA_UL/Cell:eNodeB Function Name=PI_UIO_AMAGASI_DEL_INCAL21, Local Cell ID=8, Cell Name=PI_UIO_AMAGASI_DEL_INCA_APT_8, eNodeB ID=44060, Cell FDD TDD indication=CELL_FDD",Reliable,6.049,2.336
2026-04-11 04:00,60,"PI_UIO_SOLCA_UL/Cell:eNodeB Function Name=PI_UIO_SOLCAL21, Local Cell ID=1, Cell Name=PI_UIO_SOLCA_1, eNodeB ID=44043, Cell FDD TDD indication=CELL_FDD",Reliable,3.881,0.974
2026-04-11 04:00,60,"PI_UIO_SOLCA_UL/Cell:eNodeB Function Name=PI_UIO_SOLCAL21, Local Cell ID=2, Cell Name=PI_UIO_SOLCA_2, eNodeB ID=44043, Cell FDD TDD indication=CELL_FDD",Reliable,102.548,23.921
2026-04-11 04:00,60,"PI_UIO_SOLCA_UL/Cell:eNodeB Function Name=PI_UIO_SOLCAL21, Local Cell ID=3, Cell Name=PI_UIO_SOLCA_3, eNodeB ID=44043, Cell FDD TDD indication=CELL_FDD",Reliable,789.037,30.337
2026-04-11 04:00,60,"PI_UIO_SOLCA_UL/Cell:eNodeB Function Name=PI_UIO_SOLCAL21, Local Cell ID=7, Cell Name=PI_UIO_SOLCA_APT_7, eNodeB ID=44043, Cell FDD TDD indication=CELL_FDD",Reliable,76.751,8.865
2026-04-11 04:00,60,"PI_UIO_SOLCA_UL/Cell:eNodeB Function Name=PI_UIO_SOLCAL21, Local Cell ID=8, Cell Name=PI_UIO_SOLCA_APT_8, eNodeB ID=44043, Cell FDD TDD indication=CELL_FDD",Reliable,130.531,15.824
2026-04-11 04:00,60,"PI_UIO_SOLCA_UL/Cell:eNodeB Function Name=PI_UIO_SOLCAL21, Local Cell ID=9, Cell Name=PI_UIO_SOLCA_APT_9, eNodeB ID=44043, Cell FDD TDD indication=CELL_FDD",Reliable,217.187,11.643
2026-04-11 04:00,60,"PI_UIO_CARCELEN_BAJO_UL/Cell:eNodeB Function Name=PI_UIO_CARCELEN_BAJOL21, Local Cell ID=1, Cell Name=PI_UIO_CARCELEN_BAJO_1, eNodeB ID=44091, Cell FDD TDD indication=CELL_FDD",Reliable,18.486,5.649
2026-04-11 04:00,60,"PI_UIO_CARCELEN_BAJO_UL/Cell:eNodeB Function Name=PI_UIO_CARCELEN_BAJOL21, Local Cell ID=2, Cell Name=PI_UIO_CARCELEN_BAJO_2, eNodeB ID=44091, Cell FDD TDD indication=CELL_FDD",Reliable,31.638,5.779
2026-04-11 04:00,60,"PI_UIO_LDU_UL/Cell:eNodeB Function Name=PI_UIO_LDU_L, Local Cell ID=1, Cell Name=PI_UIO_LDU_1, eNodeB ID=44047, Cell FDD TDD indication=CELL_FDD",Reliable,7.599,1.471
2026-04-11 04:00,60,"PI_UIO_LDU_UL/Cell:eNodeB Function Name=PI_UIO_LDU_L, Local Cell ID=2, Cell Name=PI_UIO_LDU_2, eNodeB ID=44047, Cell FDD TDD indication=CELL_FDD",Reliable,172.334,11.561
2026-04-11 04:00,60,"PI_UIO_LDU_UL/Cell:eNodeB Function Name=PI_UIO_LDU_L, Local Cell ID=3, Cell Name=PI_UIO_LDU_3, eNodeB ID=44047, Cell FDD TDD indication=CELL_FDD",Reliable,27.209,4.099
2026-04-11 04:00,60,"PI_UIO_LDU_UL/Cell:eNodeB Function Name=PI_UIO_LDU_L, Local Cell ID=11, Cell Name=PI_UIO_LDU_11, eNodeB ID=44047, Cell FDD TDD indication=CELL_FDD",Reliable,0.013,0.015
2026-04-11 04:00,60,"PI_UIO_LDU_UL/Cell:eNodeB Function Name=PI_UIO_LDU_L, Local Cell ID=12, Cell Name=PI_UIO_LDU_12, eNodeB ID=44047, Cell FDD TDD indication=CELL_FDD",Reliable,102.961,3.993
2026-04-11 04:00,60,"PI_UIO_LDU_UL/Cell:eNodeB Function Name=PI_UIO_LDU_L, Local Cell ID=13, Cell Name=PI_UIO_LDU_13, eNodeB ID=44047, Cell FDD TDD indication=CELL_FDD",Reliable,4.838,0.102
2026-04-11 04:00,60,"PI_UIO_LOS_PLANETAS_UL/Cell:eNodeB Function Name=PI_UIO_LOS_PLANETAS_L, Local Cell ID=1, Cell Name=PI_UIO_LOS_PLANETAS_L21_1, eNodeB ID=44212, Cell FDD TDD indication=CELL_FDD",Reliable,16.176,3.074
2026-04-11 04:00,60,"PI_UIO_LOS_PLANETAS_UL/Cell:eNodeB Function Name=PI_UIO_LOS_PLANETAS_L, Local Cell ID=2, Cell Name=PI_UIO_LOS_PLANETAS_L21_2, eNodeB ID=44212, Cell FDD TDD indication=CELL_FDD",Reliable,2.971,1.322
2026-04-11 04:00,60,"PI_UIO_LOS_PLANETAS_UL/Cell:eNodeB Function Name=PI_UIO_LOS_PLANETAS_L, Local Cell ID=3, Cell Name=PI_UIO_LOS_PLANETAS_L21_3, eNodeB ID=44212, Cell FDD TDD indication=CELL_FDD",Reliable,2.544,0.749
2026-04-11 04:00,60,"PI_UIO_LOS_PLANETAS_UL/Cell:eNodeB Function Name=PI_UIO_LOS_PLANETAS_L, Local Cell ID=11, Cell Name=PI_UIO_LOS_PLANETAS_L19_11, eNodeB ID=44212, Cell FDD TDD indication=CELL_FDD",Reliable,0.001,0.06
2026-04-11 04:00,60,"PI_UIO_LOS_PLANETAS_UL/Cell:eNodeB Function Name=PI_UIO_LOS_PLANETAS_L, Local Cell ID=12, Cell Name=PI_UIO_LOS_PLANETAS_L19_12, eNodeB ID=44212, Cell FDD TDD indication=CELL_FDD",Reliable,0.046,0.021
2026-04-11 04:00,60,"PI_UIO_LOS_PLANETAS_UL/Cell:eNodeB Function Name=PI_UIO_LOS_PLANETAS_L, Local Cell ID=13, Cell Name=PI_UIO_LOS_PLANETAS_L19_13, eNodeB ID=44212, Cell FDD TDD indication=CELL_FDD",Reliable,0.01,0.022
2026-04-11 04:00,60,"TU_AMB_PUERTO_ARTURO_UL/Cell:eNodeB Function Name=TU_AMB_PUERTO_ARTUROL21, Local Cell ID=1, Cell Name=TU_AMB_PUERTO_ARTURO_1, eNodeB ID=44484, Cell FDD TDD indication=CELL_FDD",Reliable,143.292,13.172
2026-04-11 04:00,60,"TU_AMB_PUERTO_ARTURO_UL/Cell:eNodeB Function Name=TU_AMB_PUERTO_ARTUROL21, Local Cell ID=2, Cell Name=TU_AMB_PUERTO_ARTURO_2, eNodeB ID=44484, Cell FDD TDD indication=CELL_FDD",Reliable,146.162,3.631
2026-04-11 04:00,60,"TU_AMB_PUERTO_ARTURO_UL/Cell:eNodeB Function Name=TU_AMB_PUERTO_ARTUROL21, Local Cell ID=7, Cell Name=TU_AMB_PUERTO_ARTURO_APT_7, eNodeB ID=44484, Cell FDD TDD indication=CELL_FDD",Reliable,702.665,33.888
2026-04-11 04:00,60,"TU_AMB_PUERTO_ARTURO_UL/Cell:eNodeB Function Name=TU_AMB_PUERTO_ARTUROL21, Local Cell ID=8, Cell Name=TU_AMB_PUERTO_ARTURO_APT_8, eNodeB ID=44484, Cell FDD TDD indication=CELL_FDD",Reliable,82.754,14.643
2026-04-11 04:00,60,"TU_AMB_PUERTO_ARTURO_UL/Cell:eNodeB Function Name=TU_AMB_PUERTO_ARTUROL21, Local Cell ID=9, Cell Name=TU_AMB_PUERTO_ARTURO_APT_9, eNodeB ID=44484, Cell FDD TDD indication=CELL_FDD",Reliable,38.68,5.769
2026-04-11 04:00,60,"TU_AMB_PARQUE_INDUSTRIAL_UL/Cell:eNodeB Function Name=TU_AMB_PARQUE_INDUSTRIALL21, Local Cell ID=1, Cell Name=TU_AMB_PARQUE_INDUSTRIAL_1, eNodeB ID=44482, Cell FDD TDD indication=CELL_FDD",Reliable,128.331,5.542
2026-04-11 04:00,60,"TU_AMB_PARQUE_INDUSTRIAL_UL/Cell:eNodeB Function Name=TU_AMB_PARQUE_INDUSTRIALL21, Local Cell ID=2, Cell Name=TU_AMB_PARQUE_INDUSTRIAL_2, eNodeB ID=44482, Cell FDD TDD indication=CELL_FDD",Reliable,1151.437,71.256
2026-04-11 04:00,60,"TU_AMB_PARQUE_INDUSTRIAL_UL/Cell:eNodeB Function Name=TU_AMB_PARQUE_INDUSTRIALL21, Local Cell ID=3, Cell Name=TU_AMB_PARQUE_INDUSTRIAL_3, eNodeB ID=44482, Cell FDD TDD indication=CELL_FDD",Reliable,189.996,11.974
2026-04-11 04:00,60,"TU_AMB_LA_PRADERA_UL/Cell:eNodeB Function Name=TU_AMB_LA_PRADERAL21, Local Cell ID=1, Cell Name=TU_AMB_LA_PRADERA_1, eNodeB ID=44452, Cell FDD TDD indication=CELL_FDD",Reliable,50.276,10.923
2026-04-11 04:00,60,"TU_AMB_LA_PRADERA_UL/Cell:eNodeB Function Name=TU_AMB_LA_PRADERAL21, Local Cell ID=2, Cell Name=TU_AMB_LA_PRADERA_2, eNodeB ID=44452, Cell FDD TDD indication=CELL_FDD",Reliable,11.986,6.607
2026-04-11 04:00,60,"TU_AMB_LA_PRADERA_UL/Cell:eNodeB Function Name=TU_AMB_LA_PRADERAL21, Local Cell ID=3, Cell Name=TU_AMB_LA_PRADERA_3, eNodeB ID=44452, Cell FDD TDD indication=CELL_FDD",Reliable,414.669,23.883
2026-04-11 04:00,60,"TU_AMB_LA_CONCEPCION_UL/Cell:eNodeB Function Name=TU_AMB_LA_CONCEPCIONL21, Local Cell ID=1, Cell Name=TU_AMB_LA_CONCEPCION_1, eNodeB ID=44473, Cell FDD TDD indication=CELL_FDD",Reliable,2.448,0.76
2026-04-11 04:00,60,"TU_AMB_LA_CONCEPCION_UL/Cell:eNodeB Function Name=TU_AMB_LA_CONCEPCIONL21, Local Cell ID=2, Cell Name=TU_AMB_LA_CONCEPCION_2, eNodeB ID=44473, Cell FDD TDD indication=CELL_FDD",Reliable,25.242,2.282
2026-04-11 04:00,60,"TU_AMB_LA_CONCEPCION_UL/Cell:eNodeB Function Name=TU_AMB_LA_CONCEPCIONL21, Local Cell ID=3, Cell Name=TU_AMB_LA_CONCEPCION_3, eNodeB ID=44473, Cell FDD TDD indication=CELL_FDD",Reliable,1.376,0.278
2026-04-11 04:00,60,"TU_AMB_LA_MERCED_UL/Cell:eNodeB Function Name=TU_AMB_LA_MERCEDL21, Local Cell ID=1, Cell Name=TU_AMB_LA_MERCED_1, eNodeB ID=44477, Cell FDD TDD indication=CELL_FDD",Reliable,61.69,5.844
2026-04-11 04:00,60,"TU_AMB_LA_MERCED_UL/Cell:eNodeB Function Name=TU_AMB_LA_MERCEDL21, Local Cell ID=2, Cell Name=TU_AMB_LA_MERCED_2, eNodeB ID=44477, Cell FDD TDD indication=CELL_FDD",Reliable,118.22,10.347
2026-04-11 04:00,60,"TU_AMB_LA_MERCED_UL/Cell:eNodeB Function Name=TU_AMB_LA_MERCEDL21, Local Cell ID=3, Cell Name=TU_AMB_LA_MERCED_3, eNodeB ID=44477, Cell FDD TDD indication=CELL_FDD",Reliable,154.963,23.936
2026-04-11 04:00,60,"TU_AMB_IZAMBA_UL/Cell:eNodeB Function Name=TU_AMB_IZAMBAL21, Local Cell ID=1, Cell Name=TU_AMB_IZAMBA_1, eNodeB ID=44474, Cell FDD TDD indication=CELL_FDD",Reliable,939.347,34.97
2026-04-11 04:00,60,"TU_AMB_IZAMBA_UL/Cell:eNodeB Function Name=TU_AMB_IZAMBAL21, Local Cell ID=2, Cell Name=TU_AMB_IZAMBA_2, eNodeB ID=44474, Cell FDD TDD indication=CELL_FDD",Reliable,156.506,18.165
2026-04-11 04:00,60,"TU_AMB_IZAMBA_UL/Cell:eNodeB Function Name=TU_AMB_IZAMBAL21, Local Cell ID=3, Cell Name=TU_AMB_IZAMBA_3, eNodeB ID=44474, Cell FDD TDD indication=CELL_FDD",Reliable,65.846,7.962
2026-04-11 04:00,60,"PI_UIO_FATIMA_UL/Cell:eNodeB Function Name=PIC_UIO_FATIMA_UL, Local Cell ID=1, Cell Name=PI_UIO_FATIMA_1, eNodeB ID=44125, Cell FDD TDD indication=CELL_FDD",Reliable,559.058,50.474
2026-04-11 04:00,60,"PI_UIO_FATIMA_UL/Cell:eNodeB Function Name=PIC_UIO_FATIMA_UL, Local Cell ID=2, Cell Name=PI_UIO_FATIMA_2, eNodeB ID=44125, Cell FDD TDD indication=CELL_FDD",Reliable,1173.723,158.971
2026-04-11 04:00,60,"PI_UIO_FATIMA_UL/Cell:eNodeB Function Name=PIC_UIO_FATIMA_UL, Local Cell ID=7, Cell Name=PIC_UIO_FATIMA_L7_7, eNodeB ID=44125, Cell FDD TDD indication=CELL_FDD",Reliable,2445.402,186.453
2026-04-11 04:00,60,"PI_UIO_ESPE_UL/Cell:eNodeB Function Name=PI_UIO_ESPE_L, Local Cell ID=1, Cell Name=PI_UIO_ESPE_1, eNodeB ID=44067, Cell FDD TDD indication=CELL_FDD",Reliable,14.511,2.487
2026-04-11 04:00,60,"PI_UIO_ESPE_UL/Cell:eNodeB Function Name=PI_UIO_ESPE_L, Local Cell ID=2, Cell Name=PI_UIO_ESPE_2, eNodeB ID=44067, Cell FDD TDD indication=CELL_FDD",Reliable,362.099,23.748
2026-04-11 04:00,60,"PI_UIO_ESPE_UL/Cell:eNodeB Function Name=PI_UIO_ESPE_L, Local Cell ID=3, Cell Name=PI_UIO_ESPE_3, eNodeB ID=44067, Cell FDD TDD indication=CELL_FDD",Reliable,250.254,30.774
2026-04-11 04:00,60,"PI_UIO_ESPE_UL/Cell:eNodeB Function Name=PI_UIO_ESPE_L, Local Cell ID=11, Cell Name=PI_UIO_ESPE_11, eNodeB ID=44067, Cell FDD TDD indication=CELL_FDD",Reliable,2.769,1.031
2026-04-11 04:00,60,"PI_UIO_ESPE_UL/Cell:eNodeB Function Name=PI_UIO_ESPE_L, Local Cell ID=12, Cell Name=PI_UIO_ESPE_12, eNodeB ID=44067, Cell FDD TDD indication=CELL_FDD",Reliable,10.408,0.423
2026-04-11 04:00,60,"PI_UIO_ESPE_UL/Cell:eNodeB Function Name=PI_UIO_ESPE_L, Local Cell ID=13, Cell Name=PI_UIO_ESPE_13, eNodeB ID=44067, Cell FDD TDD indication=CELL_FDD",Reliable,0.187,0.186
2026-04-11 04:00,60,"TU_AMB_CC_CARACOL_UL/Cell:eNodeB Function Name=TU_AMB_CC_CARACOLL21, Local Cell ID=1, Cell Name=TU_AMB_CC_CARACOL_1, eNodeB ID=44478, Cell FDD TDD indication=CELL_FDD",Reliable,89.378,11.565
2026-04-11 04:00,60,"TU_AMB_CC_CARACOL_UL/Cell:eNodeB Function Name=TU_AMB_CC_CARACOLL21, Local Cell ID=2, Cell Name=TU_AMB_CC_CARACOL_2, eNodeB ID=44478, Cell FDD TDD indication=CELL_FDD",Reliable,65.04,10.245
2026-04-11 04:00,60,"TU_AMB_CC_CARACOL_UL/Cell:eNodeB Function Name=TU_AMB_CC_CARACOLL21, Local Cell ID=3, Cell Name=TU_AMB_CC_CARACOL_3, eNodeB ID=44478, Cell FDD TDD indication=CELL_FDD",Reliable,82.296,3.916
2026-04-11 04:00,60,"TU_AMB_FICOA_UL/Cell:eNodeB Function Name=TU_AMB_FICOAL21, Local Cell ID=1, Cell Name=TU_AMB_FICOA_1, eNodeB ID=44461, Cell FDD TDD indication=CELL_FDD",Reliable,0.185,0.332
2026-04-11 04:00,60,"TU_AMB_FICOA_UL/Cell:eNodeB Function Name=TU_AMB_FICOAL21, Local Cell ID=2, Cell Name=TU_AMB_FICOA_2, eNodeB ID=44461, Cell FDD TDD indication=CELL_FDD",Reliable,56.835,25.153
2026-04-11 04:00,60,"TU_AMB_FICOA_UL/Cell:eNodeB Function Name=TU_AMB_FICOAL21, Local Cell ID=3, Cell Name=TU_AMB_FICOA_3, eNodeB ID=44461, Cell FDD TDD indication=CELL_FDD",Reliable,59.067,3.272
2026-04-11 04:00,60,"TU_AMB_HUACHI_CHICO_UL/Cell:eNodeB Function Name=TU_AMB_HUACHI_CHICOL21, Local Cell ID=1, Cell Name=TU_AMB_HUACHI_CHICO_1, eNodeB ID=44456, Cell FDD TDD indication=CELL_FDD",Reliable,196.957,49.547
2026-04-11 04:00,60,"TU_AMB_HUACHI_CHICO_UL/Cell:eNodeB Function Name=TU_AMB_HUACHI_CHICOL21, Local Cell ID=2, Cell Name=TU_AMB_HUACHI_CHICO_2, eNodeB ID=44456, Cell FDD TDD indication=CELL_FDD",Reliable,80.014,8.187
2026-04-11 04:00,60,"TU_AMB_HUACHI_CHICO_UL/Cell:eNodeB Function Name=TU_AMB_HUACHI_CHICOL21, Local Cell ID=3, Cell Name=TU_AMB_HUACHI_CHICO_3, eNodeB ID=44456, Cell FDD TDD indication=CELL_FDD",Reliable,20.874,7.513
2026-04-11 04:00,60,"TU_AMB_HUACHI_CHICO_UL/Cell:eNodeB Function Name=TU_AMB_HUACHI_CHICOL21, Local Cell ID=7, Cell Name=TU_AMB_HUACHI_CHICO_APT_7, eNodeB ID=44456, Cell FDD TDD indication=CELL_FDD",Reliable,140.27,25.894
2026-04-11 04:00,60,"TU_AMB_HUACHI_CHICO_UL/Cell:eNodeB Function Name=TU_AMB_HUACHI_CHICOL21, Local Cell ID=8, Cell Name=TU_AMB_HUACHI_CHICO_APT_8, eNodeB ID=44456, Cell FDD TDD indication=CELL_FDD",Reliable,107.059,28.035
2026-04-11 04:00,60,"TU_AMB_HUACHI_CHICO_UL/Cell:eNodeB Function Name=TU_AMB_HUACHI_CHICOL21, Local Cell ID=9, Cell Name=TU_AMB_HUACHI_CHICO_APT_9, eNodeB ID=44456, Cell FDD TDD indication=CELL_FDD",Reliable,218.262,39.739
2026-04-11 04:00,60,"TU_AMB_EL_OBRERO_UL/Cell:eNodeB Function Name=TU_AMB_EL_OBREROL21, Local Cell ID=1, Cell Name=TU_AMB_EL_OBRERO_1, eNodeB ID=44460, Cell FDD TDD indication=CELL_FDD",Reliable,80.033,11.605
2026-04-11 04:00,60,"TU_AMB_EL_OBRERO_UL/Cell:eNodeB Function Name=TU_AMB_EL_OBREROL21, Local Cell ID=2, Cell Name=TU_AMB_EL_OBRERO_2, eNodeB ID=44460, Cell FDD TDD indication=CELL_FDD",Reliable,23.137,5.145
2026-04-11 04:00,60,"TU_AMB_EL_OBRERO_UL/Cell:eNodeB Function Name=TU_AMB_EL_OBREROL21, Local Cell ID=3, Cell Name=TU_AMB_EL_OBRERO_3, eNodeB ID=44460, Cell FDD TDD indication=CELL_FDD",Reliable,546.675,48.69
2026-04-11 04:00,60,"TU_AMB_CC_ANDES_UL/Cell:eNodeB Function Name=TU_AMB_CC_ANDESL21, Local Cell ID=1, Cell Name=TU_AMB_CC_ANDES_1, eNodeB ID=44459, Cell FDD TDD indication=CELL_FDD",Reliable,10.568,2.706
2026-04-11 04:00,60,"TU_AMB_CC_ANDES_UL/Cell:eNodeB Function Name=TU_AMB_CC_ANDESL21, Local Cell ID=2, Cell Name=TU_AMB_CC_ANDES_2, eNodeB ID=44459, Cell FDD TDD indication=CELL_FDD",Reliable,169.498,19.505
2026-04-11 04:00,60,"TU_AMB_CC_ANDES_UL/Cell:eNodeB Function Name=TU_AMB_CC_ANDESL21, Local Cell ID=3, Cell Name=TU_AMB_CC_ANDES_3, eNodeB ID=44459, Cell FDD TDD indication=CELL_FDD",Reliable,89.115,39.847
2026-04-11 04:00,60,"TU_AMB_JARDIN_COLONIAL_UL/Cell:eNodeB Function Name=TU_AMB_JARDIN_COLONIALL21, Local Cell ID=1, Cell Name=TU_AMB_JARDIN_COLONIAL_1, eNodeB ID=44462, Cell FDD TDD indication=CELL_FDD",Reliable,24.54,5.639
2026-04-11 04:00,60,"TU_AMB_JARDIN_COLONIAL_UL/Cell:eNodeB Function Name=TU_AMB_JARDIN_COLONIALL21, Local Cell ID=2, Cell Name=TU_AMB_JARDIN_COLONIAL_2, eNodeB ID=44462, Cell FDD TDD indication=CELL_FDD",Reliable,222.824,16.341
2026-04-11 04:00,60,"TU_AMB_JARDIN_COLONIAL_UL/Cell:eNodeB Function Name=TU_AMB_JARDIN_COLONIALL21, Local Cell ID=3, Cell Name=TU_AMB_JARDIN_COLONIAL_3, eNodeB ID=44462, Cell FDD TDD indication=CELL_FDD",Reliable,20.135,2.143
2026-04-11 04:00,60,"SD_SD_MERCADO_UNION_UL/Cell:eNodeB Function Name=SD_SD_MERCADO_UNIONL21, Local Cell ID=1, Cell Name=SD_SD_MERCADO_UNION_1, eNodeB ID=44775, Cell FDD TDD indication=CELL_FDD",Reliable,0.548,3.723
2026-04-11 04:00,60,"SD_SD_MERCADO_UNION_UL/Cell:eNodeB Function Name=SD_SD_MERCADO_UNIONL21, Local Cell ID=2, Cell Name=SD_SD_MERCADO_UNION_2, eNodeB ID=44775, Cell FDD TDD indication=CELL_FDD",Reliable,51.036,15.792
2026-04-11 04:00,60,"SD_SD_MERCADO_UNION_UL/Cell:eNodeB Function Name=SD_SD_MERCADO_UNIONL21, Local Cell ID=3, Cell Name=SD_SD_MERCADO_UNION_3, eNodeB ID=44775, Cell FDD TDD indication=CELL_FDD",Reliable,1.909,1.71
2026-04-11 04:00,60,"TU_AMB_U_CATOLICA_UL/Cell:eNodeB Function Name=TU_AMB_U_CATOLICAL21, Local Cell ID=1, Cell Name=TU_AMB_U_CATOLICA_1, eNodeB ID=44479, Cell FDD TDD indication=CELL_FDD",Reliable,36.476,42.205
2026-04-11 04:00,60,"TU_AMB_U_CATOLICA_UL/Cell:eNodeB Function Name=TU_AMB_U_CATOLICAL21, Local Cell ID=2, Cell Name=TU_AMB_U_CATOLICA_2, eNodeB ID=44479, Cell FDD TDD indication=CELL_FDD",Reliable,570.121,34.967
2026-04-11 04:00,60,"TU_AMB_U_CATOLICA_UL/Cell:eNodeB Function Name=TU_AMB_U_CATOLICAL21, Local Cell ID=3, Cell Name=TU_AMB_U_CATOLICA_3, eNodeB ID=44479, Cell FDD TDD indication=CELL_FDD",Reliable,370.02,24.558
2026-04-11 04:00,60,"SD_SD_COLORADO_UL/Cell:eNodeB Function Name=SD_SD_COLORADOL21, Local Cell ID=1, Cell Name=SD_SD_COLORADO_1, eNodeB ID=44761, Cell FDD TDD indication=CELL_FDD",Reliable,43.96,6.227
2026-04-11 04:00,60,"SD_SD_COLORADO_UL/Cell:eNodeB Function Name=SD_SD_COLORADOL21, Local Cell ID=2, Cell Name=SD_SD_COLORADO_2, eNodeB ID=44761, Cell FDD TDD indication=CELL_FDD",Reliable,53.954,7.176
2026-04-11 04:00,60,"SD_SD_COLORADO_UL/Cell:eNodeB Function Name=SD_SD_COLORADOL21, Local Cell ID=3, Cell Name=SD_SD_COLORADO_3, eNodeB ID=44761, Cell FDD TDD indication=CELL_FDD",Reliable,16.713,8.362
2026-04-11 04:00,60,"SD_SD_COLORADO_UL/Cell:eNodeB Function Name=SD_SD_COLORADOL21, Local Cell ID=7, Cell Name=SD_SD_COLORADO_APT_7, eNodeB ID=44761, Cell FDD TDD indication=CELL_FDD",Reliable,65.495,20.172
2026-04-11 04:00,60,"SD_SD_COLORADO_UL/Cell:eNodeB Function Name=SD_SD_COLORADOL21, Local Cell ID=8, Cell Name=SD_SD_COLORADO_APT_8, eNodeB ID=44761, Cell FDD TDD indication=CELL_FDD",Reliable,354.61,24.088
2026-04-11 04:00,60,"SD_SD_COLORADO_UL/Cell:eNodeB Function Name=SD_SD_COLORADOL21, Local Cell ID=9, Cell Name=SD_SD_COLORADO_APT_9, eNodeB ID=44761, Cell FDD TDD indication=CELL_FDD",Reliable,259.353,16.325
2026-04-11 04:00,60,"TU_AMB_LA_CAROLINA_UL/Cell:eNodeB Function Name=TU_AMB_LA_CAROLINAL21, Local Cell ID=1, Cell Name=TU_AMB_LA_CAROLINA_1, eNodeB ID=44463, Cell FDD TDD indication=CELL_FDD",Reliable,282.879,40.167
2026-04-11 04:00,60,"TU_AMB_LA_CAROLINA_UL/Cell:eNodeB Function Name=TU_AMB_LA_CAROLINAL21, Local Cell ID=2, Cell Name=TU_AMB_LA_CAROLINA_2, eNodeB ID=44463, Cell FDD TDD indication=CELL_FDD",Reliable,287.911,52.126
2026-04-11 04:00,60,"TU_AMB_LA_CAROLINA_UL/Cell:eNodeB Function Name=TU_AMB_LA_CAROLINAL21, Local Cell ID=3, Cell Name=TU_AMB_LA_CAROLINA_3, eNodeB ID=44463, Cell FDD TDD indication=CELL_FDD",Reliable,85.551,8.812
2026-04-11 04:00,60,"TUN_AMB_MIRAFLORES_UL/Cell:eNodeB Function Name=TUN_AMB_MIRAFLORES_L, Local Cell ID=1, Cell Name=TUN_AMB_MIRAFLORES_L21_1, eNodeB ID=44454, Cell FDD TDD indication=CELL_FDD",Reliable,103.797,17.803
2026-04-11 04:00,60,"TUN_AMB_MIRAFLORES_UL/Cell:eNodeB Function Name=TUN_AMB_MIRAFLORES_L, Local Cell ID=2, Cell Name=TUN_AMB_MIRAFLORES_L21_2, eNodeB ID=44454, Cell FDD TDD indication=CELL_FDD",Reliable,24.178,3.191
2026-04-11 04:00,60,"TUN_AMB_MIRAFLORES_UL/Cell:eNodeB Function Name=TUN_AMB_MIRAFLORES_L, Local Cell ID=3, Cell Name=TUN_AMB_MIRAFLORES_L21_3, eNodeB ID=44454, Cell FDD TDD indication=CELL_FDD",Reliable,16.79,2.215
2026-04-11 04:00,60,"SD_SD_SHOPPING_UL/Cell:eNodeB Function Name=SD_SD_SHOPPINGL21, Local Cell ID=1, Cell Name=SD_SD_SHOPPING_1, eNodeB ID=44774, Cell FDD TDD indication=CELL_FDD",Reliable,2.785,1.923
2026-04-11 04:00,60,"SD_SD_SHOPPING_UL/Cell:eNodeB Function Name=SD_SD_SHOPPINGL21, Local Cell ID=2, Cell Name=SD_SD_SHOPPING_2, eNodeB ID=44774, Cell FDD TDD indication=CELL_FDD",Reliable,119.948,5.774
2026-04-11 04:00,60,"SD_SD_SHOPPING_UL/Cell:eNodeB Function Name=SD_SD_SHOPPINGL21, Local Cell ID=3, Cell Name=SD_SD_SHOPPING_3, eNodeB ID=44774, Cell FDD TDD indication=CELL_FDD",Reliable,12.937,5.058
2026-04-11 04:00,60,"TU_AMB_MERCADO_MAYORISTA_UL/Cell:eNodeB Function Name=TU_AMB_MERCADO_MAYORISTAL21, Local Cell ID=1, Cell Name=TU_AMB_MERCADO_MAYORISTA_1, eNodeB ID=44471, Cell FDD TDD indication=CELL_FDD",Reliable,137.257,9.137
2026-04-11 04:00,60,"TU_AMB_MERCADO_MAYORISTA_UL/Cell:eNodeB Function Name=TU_AMB_MERCADO_MAYORISTAL21, Local Cell ID=2, Cell Name=TU_AMB_MERCADO_MAYORISTA_2, eNodeB ID=44471, Cell FDD TDD indication=CELL_FDD",Reliable,447.618,49.398
2026-04-11 04:00,60,"TU_AMB_MERCADO_MAYORISTA_UL/Cell:eNodeB Function Name=TU_AMB_MERCADO_MAYORISTAL21, Local Cell ID=3, Cell Name=TU_AMB_MERCADO_MAYORISTA_3, eNodeB ID=44471, Cell FDD TDD indication=CELL_FDD",Reliable,116.634,9.583
2026-04-11 04:00,60,"TU_AMB_SAN_JUAN_UL/Cell:eNodeB Function Name=TU_AMB_SAN_JUANL21, Local Cell ID=1, Cell Name=TU_AMB_SAN_JUAN_1, eNodeB ID=44470, Cell FDD TDD indication=CELL_FDD",Reliable,281.046,25.669
2026-04-11 04:00,60,"TU_AMB_SAN_JUAN_UL/Cell:eNodeB Function Name=TU_AMB_SAN_JUANL21, Local Cell ID=2, Cell Name=TU_AMB_SAN_JUAN_2, eNodeB ID=44470, Cell FDD TDD indication=CELL_FDD",Reliable,18.377,4.542
2026-04-11 04:00,60,"TU_AMB_SAN_JUAN_UL/Cell:eNodeB Function Name=TU_AMB_SAN_JUANL21, Local Cell ID=3, Cell Name=TU_AMB_SAN_JUAN_3, eNodeB ID=44470, Cell FDD TDD indication=CELL_FDD",Reliable,103.051,33.681
2026-04-11 04:00,60,"SD_SD_VIRGEN_DEL_CISNE_UL/Cell:eNodeB Function Name=SD_SD_VIRGEN_DEL_CISNEL21, Local Cell ID=1, Cell Name=SD_SD_VIRGEN_DEL_CISNE_1, eNodeB ID=44769, Cell FDD TDD indication=CELL_FDD",Reliable,22.212,7.722
2026-04-11 04:00,60,"SD_SD_VIRGEN_DEL_CISNE_UL/Cell:eNodeB Function Name=SD_SD_VIRGEN_DEL_CISNEL21, Local Cell ID=2, Cell Name=SD_SD_VIRGEN_DEL_CISNE_2, eNodeB ID=44769, Cell FDD TDD indication=CELL_FDD",Reliable,509.719,220.284
2026-04-11 04:00,60,"SD_SD_VIRGEN_DEL_CISNE_UL/Cell:eNodeB Function Name=SD_SD_VIRGEN_DEL_CISNEL21, Local Cell ID=3, Cell Name=SD_SD_VIRGEN_DEL_CISNE_3, eNodeB ID=44769, Cell FDD TDD indication=CELL_FDD",Reliable,217.746,31.765
2026-04-11 04:00,60,"SD_SD_VIRGEN_DEL_CISNE_UL/Cell:eNodeB Function Name=SD_SD_VIRGEN_DEL_CISNEL21, Local Cell ID=7, Cell Name=SD_SD_VIRGEN_DEL_CISNE_APT_7, eNodeB ID=44769, Cell FDD TDD indication=CELL_FDD",Reliable,164.362,65.396
2026-04-11 04:00,60,"SD_SD_VIRGEN_DEL_CISNE_UL/Cell:eNodeB Function Name=SD_SD_VIRGEN_DEL_CISNEL21, Local Cell ID=8, Cell Name=SD_SD_VIRGEN_DEL_CISNE_APT_8, eNodeB ID=44769, Cell FDD TDD indication=CELL_FDD",Reliable,144.168,83.328
2026-04-11 04:00,60,"SD_SD_VIRGEN_DEL_CISNE_UL/Cell:eNodeB Function Name=SD_SD_VIRGEN_DEL_CISNEL21, Local Cell ID=9, Cell Name=SD_SD_VIRGEN_DEL_CISNE_APT_9, eNodeB ID=44769, Cell FDD TDD indication=CELL_FDD",Reliable,253.41,51.924
2026-04-11 04:00,60,"SD_SD_COOP_2_DE_MAYO_UL/Cell:eNodeB Function Name=STD_STD_COOP_2_DE_MAYO_L, Local Cell ID=1, Cell Name=STD_STD_COOP_2_DE_MAYO_L21_1, eNodeB ID=44770, Cell FDD TDD indication=CELL_FDD",Reliable,9.202,2.82
2026-04-11 04:00,60,"SD_SD_COOP_2_DE_MAYO_UL/Cell:eNodeB Function Name=STD_STD_COOP_2_DE_MAYO_L, Local Cell ID=3, Cell Name=STD_STD_COOP_2_DE_MAYO_L21_3, eNodeB ID=44770, Cell FDD TDD indication=CELL_FDD",Reliable,113.575,4.739
2026-04-11 04:00,60,"SD_SD_COOP_2_DE_MAYO_UL/Cell:eNodeB Function Name=STD_STD_COOP_2_DE_MAYO_L, Local Cell ID=7, Cell Name=STD_STD_COOP_2_DE_MAYO_L7_7, eNodeB ID=44770, Cell FDD TDD indication=CELL_FDD",Reliable,332.42,97.799
2026-04-11 04:00,60,"SD_SD_COOP_2_DE_MAYO_UL/Cell:eNodeB Function Name=STD_STD_COOP_2_DE_MAYO_L, Local Cell ID=8, Cell Name=STD_STD_COOP_2_DE_MAYO_L7_8, eNodeB ID=44770, Cell FDD TDD indication=CELL_FDD",Reliable,7.285,12.029
2026-04-11 04:00,60,"SD_SD_COOP_2_DE_MAYO_UL/Cell:eNodeB Function Name=STD_STD_COOP_2_DE_MAYO_L, Local Cell ID=9, Cell Name=STD_STD_COOP_2_DE_MAYO_L7_9, eNodeB ID=44770, Cell FDD TDD indication=CELL_FDD",Reliable,11.854,15.754
2026-04-11 04:00,60,"SD_SD_COOP_2_DE_MAYO_UL/Cell:eNodeB Function Name=STD_STD_COOP_2_DE_MAYO_L, Local Cell ID=2, Cell Name=STD_STD_COOP_2_DE_MAYO_L21_2, eNodeB ID=44770, Cell FDD TDD indication=CELL_FDD",Reliable,2.248,1.407
2026-04-11 04:00,60,"TU_AMB_REGISTRO_CIVIL_UL/Cell:eNodeB Function Name=TU_AMB_REGISTRO_CIVILL21, Local Cell ID=1, Cell Name=TU_AMB_REGISTRO_CIVIL_1, eNodeB ID=44481, Cell FDD TDD indication=CELL_FDD",Reliable,94.725,13.24
2026-04-11 04:00,60,"TU_AMB_REGISTRO_CIVIL_UL/Cell:eNodeB Function Name=TU_AMB_REGISTRO_CIVILL21, Local Cell ID=2, Cell Name=TU_AMB_REGISTRO_CIVIL_2, eNodeB ID=44481, Cell FDD TDD indication=CELL_FDD",Reliable,95.975,9.412
2026-04-11 04:00,60,"TU_AMB_REGISTRO_CIVIL_UL/Cell:eNodeB Function Name=TU_AMB_REGISTRO_CIVILL21, Local Cell ID=3, Cell Name=TU_AMB_REGISTRO_CIVIL_3, eNodeB ID=44481, Cell FDD TDD indication=CELL_FDD",Reliable,69.364,11.634
2026-04-11 04:00,60,"SD_SD_COOP_NUEVA_REPUBLICA_UL/Cell:eNodeB Function Name=SD_SD_COOP_NUEVA_REPUBLICAL21, Local Cell ID=1, Cell Name=SD_SD_COOP_NUEVA_REPUBLICA_1, eNodeB ID=44771, Cell FDD TDD indication=CELL_FDD",Reliable,4.64,0.853
2026-04-11 04:00,60,"SD_SD_COOP_NUEVA_REPUBLICA_UL/Cell:eNodeB Function Name=SD_SD_COOP_NUEVA_REPUBLICAL21, Local Cell ID=2, Cell Name=SD_SD_COOP_NUEVA_REPUBLICA_2, eNodeB ID=44771, Cell FDD TDD indication=CELL_FDD",Reliable,12.232,9.933
2026-04-11 04:00,60,"SD_SD_COOP_NUEVA_REPUBLICA_UL/Cell:eNodeB Function Name=SD_SD_COOP_NUEVA_REPUBLICAL21, Local Cell ID=3, Cell Name=SD_SD_COOP_NUEVA_REPUBLICA_3, eNodeB ID=44771, Cell FDD TDD indication=CELL_FDD",Reliable,0.867,1.047
2026-04-11 04:00,60,"SD_SD_LIBERTADOR_UL/Cell:eNodeB Function Name=SD_SD_LIBERTADORL21, Local Cell ID=1, Cell Name=SD_SD_LIBERTADOR_1, eNodeB ID=44767, Cell FDD TDD indication=CELL_FDD",Reliable,75.387,6.38
2026-04-11 04:00,60,"SD_SD_LIBERTADOR_UL/Cell:eNodeB Function Name=SD_SD_LIBERTADORL21, Local Cell ID=2, Cell Name=SD_SD_LIBERTADOR_2, eNodeB ID=44767, Cell FDD TDD indication=CELL_FDD",Reliable,0.138,0.601
2026-04-11 04:00,60,"SD_SD_LIBERTADOR_UL/Cell:eNodeB Function Name=SD_SD_LIBERTADORL21, Local Cell ID=3, Cell Name=SD_SD_LIBERTADOR_3, eNodeB ID=44767, Cell FDD TDD indication=CELL_FDD",Reliable,16.191,3.591
2026-04-11 04:00,60,"SD_SD_LIBERTADOR_UL/Cell:eNodeB Function Name=SD_SD_LIBERTADORL21, Local Cell ID=7, Cell Name=SD_SD_LIBERTADOR_APT_7, eNodeB ID=44767, Cell FDD TDD indication=CELL_FDD",Reliable,394.954,35.504
2026-04-11 04:00,60,"SD_SD_LIBERTADOR_UL/Cell:eNodeB Function Name=SD_SD_LIBERTADORL21, Local Cell ID=8, Cell Name=SD_SD_LIBERTADOR_APT_8, eNodeB ID=44767, Cell FDD TDD indication=CELL_FDD",Reliable,29.056,37.921
2026-04-11 04:00,60,"SD_SD_LIBERTADOR_UL/Cell:eNodeB Function Name=SD_SD_LIBERTADORL21, Local Cell ID=9, Cell Name=SD_SD_LIBERTADOR_APT_9, eNodeB ID=44767, Cell FDD TDD indication=CELL_FDD",Reliable,69.64,2.291
2026-04-11 04:00,60,"PI_UIO_POLIT_LASSO_UL/Cell:eNodeB Function Name=PI_UIO_POLIT_LASSOL21, Local Cell ID=1, Cell Name=PI_UIO_POLIT_LASSO_1, eNodeB ID=44176, Cell FDD TDD indication=CELL_FDD",Reliable,15.909,3.273
2026-04-11 04:00,60,"PI_UIO_POLIT_LASSO_UL/Cell:eNodeB Function Name=PI_UIO_POLIT_LASSOL21, Local Cell ID=2, Cell Name=PI_UIO_POLIT_LASSO_2, eNodeB ID=44176, Cell FDD TDD indication=CELL_FDD",Reliable,175.999,7.665
2026-04-11 04:00,60,"PI_UIO_CHILLOGALLO_UL/Cell:eNodeB Function Name=PI_UIO_CHILLOGALLO_UL, Local Cell ID=1, Cell Name=PIC_UIO_CHILLOGALLO_L21_1, eNodeB ID=44056, Cell FDD TDD indication=CELL_FDD",Reliable,42.759,6.114
2026-04-11 04:00,60,"PI_UIO_CHILLOGALLO_UL/Cell:eNodeB Function Name=PI_UIO_CHILLOGALLO_UL, Local Cell ID=2, Cell Name=PIC_UIO_CHILLOGALLO_L21_2, eNodeB ID=44056, Cell FDD TDD indication=CELL_FDD",Reliable,146.318,8.638
2026-04-11 04:00,60,"PI_UIO_CHILLOGALLO_UL/Cell:eNodeB Function Name=PI_UIO_CHILLOGALLO_UL, Local Cell ID=3, Cell Name=PIC_UIO_CHILLOGALLO_L21_3, eNodeB ID=44056, Cell FDD TDD indication=CELL_FDD",Reliable,20.065,4.361
2026-04-11 04:00,60,"PI_UIO_CHILLOGALLO_UL/Cell:eNodeB Function Name=PI_UIO_CHILLOGALLO_UL, Local Cell ID=7, Cell Name=PIC_UIO_CHILLOGALLO_L7_7, eNodeB ID=44056, Cell FDD TDD indication=CELL_FDD",Reliable,363.756,110.708
2026-04-11 04:00,60,"PI_UIO_CHILLOGALLO_UL/Cell:eNodeB Function Name=PI_UIO_CHILLOGALLO_UL, Local Cell ID=8, Cell Name=PIC_UIO_CHILLOGALLO_L7_8, eNodeB ID=44056, Cell FDD TDD indication=CELL_FDD",Reliable,188.292,26.49
2026-04-11 04:00,60,"PI_UIO_CHILLOGALLO_UL/Cell:eNodeB Function Name=PI_UIO_CHILLOGALLO_UL, Local Cell ID=9, Cell Name=PIC_UIO_CHILLOGALLO_L7_9, eNodeB ID=44056, Cell FDD TDD indication=CELL_FDD",Reliable,638.082,305.265
2026-04-11 04:00,60,"SD_SD_NORTE_UL/Cell:eNodeB Function Name=SD_SD_NORTEL21, Local Cell ID=1, Cell Name=SD_SD_NORTE_1, eNodeB ID=44773, Cell FDD TDD indication=CELL_FDD",Reliable,88.785,6.593
2026-04-11 04:00,60,"SD_SD_NORTE_UL/Cell:eNodeB Function Name=SD_SD_NORTEL21, Local Cell ID=2, Cell Name=SD_SD_NORTE_2, eNodeB ID=44773, Cell FDD TDD indication=CELL_FDD",Reliable,22.682,16.308
2026-04-11 04:00,60,"SD_SD_NORTE_UL/Cell:eNodeB Function Name=SD_SD_NORTEL21, Local Cell ID=3, Cell Name=SD_SD_NORTE_3, eNodeB ID=44773, Cell FDD TDD indication=CELL_FDD",Reliable,6.433,3.095
2026-04-11 04:00,60,"PI_UIO_IPIALES_UL/Cell:eNodeB Function Name=PI_UIO_IPIALESL21, Local Cell ID=1, Cell Name=PI_UIO_IPIALES_1, eNodeB ID=44266, Cell FDD TDD indication=CELL_FDD",Reliable,1109.845,74.779
2026-04-11 04:00,60,"PI_UIO_IPIALES_UL/Cell:eNodeB Function Name=PI_UIO_IPIALESL21, Local Cell ID=2, Cell Name=PI_UIO_IPIALES_2, eNodeB ID=44266, Cell FDD TDD indication=CELL_FDD",Reliable,52.065,15.109
2026-04-11 04:00,60,"SD_SD_ZARACAY_UL/Cell:eNodeB Function Name=SD_SD_ZARACAYL21, Local Cell ID=1, Cell Name=SD_SD_ZARACAY_1, eNodeB ID=44781, Cell FDD TDD indication=CELL_FDD",Reliable,0.086,0.729
2026-04-11 04:00,60,"SD_SD_ZARACAY_UL/Cell:eNodeB Function Name=SD_SD_ZARACAYL21, Local Cell ID=2, Cell Name=SD_SD_ZARACAY_2, eNodeB ID=44781, Cell FDD TDD indication=CELL_FDD",Reliable,54.372,4.331
2026-04-11 04:00,60,"SD_SD_ZARACAY_UL/Cell:eNodeB Function Name=SD_SD_ZARACAYL21, Local Cell ID=3, Cell Name=SD_SD_ZARACAY_3, eNodeB ID=44781, Cell FDD TDD indication=CELL_FDD",Reliable,1.395,0.51
2026-04-11 04:00,60,"SD_SD_ANILLO_VIAL_UL/Cell:eNodeB Function Name=SD_SD_ANILLO_VIALL21, Local Cell ID=1, Cell Name=SD_SD_ANILLO_VIAL_1, eNodeB ID=44776, Cell FDD TDD indication=CELL_FDD",Reliable,2.214,1.683
2026-04-11 04:00,60,"SD_SD_ANILLO_VIAL_UL/Cell:eNodeB Function Name=SD_SD_ANILLO_VIALL21, Local Cell ID=2, Cell Name=SD_SD_ANILLO_VIAL_2, eNodeB ID=44776, Cell FDD TDD indication=CELL_FDD",Reliable,1.907,0.446
2026-04-11 04:00,60,"SD_SD_ANILLO_VIAL_UL/Cell:eNodeB Function Name=SD_SD_ANILLO_VIALL21, Local Cell ID=3, Cell Name=SD_SD_ANILLO_VIAL_3, eNodeB ID=44776, Cell FDD TDD indication=CELL_FDD",Reliable,0.167,0.215
2026-04-11 04:00,60,"PIC_UIO_LA_GRANJA_ULN/Cell:eNodeB Function Name=PI_UIO_LA_GRANJAL21, Local Cell ID=1, Cell Name=PI_UIO_LA_GRANJA_1, eNodeB ID=44141, Cell FDD TDD indication=CELL_FDD",Reliable,73.276,5.296
2026-04-11 04:00,60,"PIC_UIO_LA_GRANJA_ULN/Cell:eNodeB Function Name=PI_UIO_LA_GRANJAL21, Local Cell ID=2, Cell Name=PI_UIO_LA_GRANJA_2, eNodeB ID=44141, Cell FDD TDD indication=CELL_FDD",Reliable,78.286,13.765
2026-04-11 04:00,60,"PI_UIO_TERMINAL_QUITUMBE_UL/Cell:eNodeB Function Name=PIC_UIO_TERMINAL_QUITUMBE_L, Local Cell ID=1, Cell Name=PIC_UIO_TERMINAL_QUITUMBE_L21_1, eNodeB ID=44190, Cell FDD TDD indication=CELL_FDD",Reliable,564.021,41.54
2026-04-11 04:00,60,"PI_UIO_TERMINAL_QUITUMBE_UL/Cell:eNodeB Function Name=PIC_UIO_TERMINAL_QUITUMBE_L, Local Cell ID=2, Cell Name=PIC_UIO_TERMINAL_QUITUMBE_L21_2, eNodeB ID=44190, Cell FDD TDD indication=CELL_FDD",Reliable,610.348,37.238
2026-04-11 04:00,60,"PI_UIO_TERMINAL_QUITUMBE_UL/Cell:eNodeB Function Name=PIC_UIO_TERMINAL_QUITUMBE_L, Local Cell ID=3, Cell Name=PIC_UIO_TERMINAL_QUITUMBE_L21_3, eNodeB ID=44190, Cell FDD TDD indication=CELL_FDD",Reliable,2234.132,202.96
2026-04-11 04:00,60,"PI_UIO_TERMINAL_QUITUMBE_UL/Cell:eNodeB Function Name=PIC_UIO_TERMINAL_QUITUMBE_L, Local Cell ID=13, Cell Name=PIC_UIO_TERMINAL_QUITUMBE_L19_13, eNodeB ID=44190, Cell FDD TDD indication=CELL_FDD",Reliable,44.099,79.133
2026-04-11 04:00,60,"PI_UIO_TERMINAL_QUITUMBE_UL/Cell:eNodeB Function Name=PIC_UIO_TERMINAL_QUITUMBE_L, Local Cell ID=11, Cell Name=PIC_UIO_TERMINAL_QUITUMBE_L19_11, eNodeB ID=44190, Cell FDD TDD indication=CELL_FDD",Reliable,46.452,3.619
2026-04-11 04:00,60,"PI_UIO_TERMINAL_QUITUMBE_UL/Cell:eNodeB Function Name=PIC_UIO_TERMINAL_QUITUMBE_L, Local Cell ID=12, Cell Name=PIC_UIO_TERMINAL_QUITUMBE_L19_12, eNodeB ID=44190, Cell FDD TDD indication=CELL_FDD",Reliable,1.519,0.329
2026-04-11 04:00,60,"PI_UIO_SAN_BARTOLO_UL/Cell:eNodeB Function Name=PIC_UIO_SAN_BARTOLO_L, Local Cell ID=1, Cell Name=PIC_UIO_SAN_BARTOLO_L21_1, eNodeB ID=44052, Cell FDD TDD indication=CELL_FDD",Reliable,368.157,32.176
2026-04-11 04:00,60,"PI_UIO_SAN_BARTOLO_UL/Cell:eNodeB Function Name=PIC_UIO_SAN_BARTOLO_L, Local Cell ID=2, Cell Name=PIC_UIO_SAN_BARTOLO_L21_2, eNodeB ID=44052, Cell FDD TDD indication=CELL_FDD",Reliable,2049.456,115.075
2026-04-11 04:00,60,"PI_UIO_SAN_BARTOLO_UL/Cell:eNodeB Function Name=PIC_UIO_SAN_BARTOLO_L, Local Cell ID=3, Cell Name=PIC_UIO_SAN_BARTOLO_L21_3, eNodeB ID=44052, Cell FDD TDD indication=CELL_FDD",Reliable,2195.656,172.246
2026-04-11 04:00,60,"PI_UIO_SAN_BARTOLO_UL/Cell:eNodeB Function Name=PIC_UIO_SAN_BARTOLO_L, Local Cell ID=11, Cell Name=PIC_UIO_SAN_BARTOLO_L19_11, eNodeB ID=44052, Cell FDD TDD indication=CELL_FDD",Reliable,177.631,21.105
2026-04-11 04:00,60,"PI_UIO_SAN_BARTOLO_UL/Cell:eNodeB Function Name=PIC_UIO_SAN_BARTOLO_L, Local Cell ID=12, Cell Name=PIC_UIO_SAN_BARTOLO_L19_12, eNodeB ID=44052, Cell FDD TDD indication=CELL_FDD",Reliable,20.551,2.905
2026-04-11 04:00,60,"PI_UIO_SAN_BARTOLO_UL/Cell:eNodeB Function Name=PIC_UIO_SAN_BARTOLO_L, Local Cell ID=13, Cell Name=PIC_UIO_SAN_BARTOLO_L19_13, eNodeB ID=44052, Cell FDD TDD indication=CELL_FDD",Reliable,115.816,10.975
2026-04-11 04:00,60,"PI_UIO_EL_CAMAL_UL/Cell:eNodeB Function Name=PI_UIO_EL_CAMALL21, Local Cell ID=1, Cell Name=PI_UIO_EL_CAMAL_1, eNodeB ID=44026, Cell FDD TDD indication=CELL_FDD",Reliable,484.234,38.985
2026-04-11 04:00,60,"PI_UIO_EL_CAMAL_UL/Cell:eNodeB Function Name=PI_UIO_EL_CAMALL21, Local Cell ID=2, Cell Name=PI_UIO_EL_CAMAL_2, eNodeB ID=44026, Cell FDD TDD indication=CELL_FDD",Reliable,202.302,18.992
2026-04-11 04:00,60,"PI_UIO_EL_CAMAL_UL/Cell:eNodeB Function Name=PI_UIO_EL_CAMALL21, Local Cell ID=3, Cell Name=PI_UIO_EL_CAMAL_3, eNodeB ID=44026, Cell FDD TDD indication=CELL_FDD",Reliable,4.705,0.36
2026-04-11 04:00,60,"PI_UIO_EL_CAMAL_UL/Cell:eNodeB Function Name=PI_UIO_EL_CAMALL21, Local Cell ID=7, Cell Name=PI_UIO_EL_CAMAL_APT_7, eNodeB ID=44026, Cell FDD TDD indication=CELL_FDD",Reliable,107.537,42.454
2026-04-11 04:00,60,"PI_UIO_EL_CAMAL_UL/Cell:eNodeB Function Name=PI_UIO_EL_CAMALL21, Local Cell ID=8, Cell Name=PI_UIO_EL_CAMAL_APT_8, eNodeB ID=44026, Cell FDD TDD indication=CELL_FDD",Reliable,420.068,24.431
2026-04-11 04:00,60,"PI_UIO_EL_CAMAL_UL/Cell:eNodeB Function Name=PI_UIO_EL_CAMALL21, Local Cell ID=9, Cell Name=PI_UIO_EL_CAMAL_APT_9, eNodeB ID=44026, Cell FDD TDD indication=CELL_FDD",Reliable,510.954,146.528
2026-04-11 04:00,60,"TU_BAN_BANOS_UL/Cell:eNodeB Function Name=TUN_BAN_BANOS_L, Local Cell ID=1, Cell Name=TU_BAN_BANOS_1, eNodeB ID=44500, Cell FDD TDD indication=CELL_FDD",Reliable,1736.523,257.649
2026-04-11 04:00,60,"TU_BAN_BANOS_UL/Cell:eNodeB Function Name=TUN_BAN_BANOS_L, Local Cell ID=2, Cell Name=TU_BAN_BANOS_2, eNodeB ID=44500, Cell FDD TDD indication=CELL_FDD",Reliable,852.007,98.559
2026-04-11 04:00,60,"TU_BAN_BANOS_UL/Cell:eNodeB Function Name=TUN_BAN_BANOS_L, Local Cell ID=3, Cell Name=TU_BAN_BANOS_3, eNodeB ID=44500, Cell FDD TDD indication=CELL_FDD",Reliable,1432.401,216.955
2026-04-11 04:00,60,"PI_UIO_PLAYA_CHICA_UL/Cell:eNodeB Function Name=PI_UIO_PLAYA_CHICAL21, Local Cell ID=1, Cell Name=PIC_UIO_PLAYA_CHICA_L21_1, eNodeB ID=44231, Cell FDD TDD indication=CELL_FDD",Reliable,6.452,2.73
2026-04-11 04:00,60,"PI_UIO_PLAYA_CHICA_UL/Cell:eNodeB Function Name=PI_UIO_PLAYA_CHICAL21, Local Cell ID=2, Cell Name=PIC_UIO_PLAYA_CHICA_L21_2, eNodeB ID=44231, Cell FDD TDD indication=CELL_FDD",Reliable,82.558,4.912
2026-04-11 04:00,60,"PI_UIO_PLAYA_CHICA_UL/Cell:eNodeB Function Name=PI_UIO_PLAYA_CHICAL21, Local Cell ID=3, Cell Name=PIC_UIO_PLAYA_CHICA_L21_3, eNodeB ID=44231, Cell FDD TDD indication=CELL_FDD",Reliable,3.434,1.798
2026-04-11 04:00,60,"TU_AMB_SEYMOUR_UL/Cell:eNodeB Function Name=TU_AMB_SEYMOURL21, Local Cell ID=1, Cell Name=TU_AMB_SEYMOUR_1, eNodeB ID=44468, Cell FDD TDD indication=CELL_FDD",Reliable,1.976,0.713
2026-04-11 04:00,60,"TU_AMB_SEYMOUR_UL/Cell:eNodeB Function Name=TU_AMB_SEYMOURL21, Local Cell ID=2, Cell Name=TU_AMB_SEYMOUR_2, eNodeB ID=44468, Cell FDD TDD indication=CELL_FDD",Reliable,86.597,4.418
2026-04-11 04:00,60,"TU_AMB_SEYMOUR_UL/Cell:eNodeB Function Name=TU_AMB_SEYMOURL21, Local Cell ID=3, Cell Name=TU_AMB_SEYMOUR_3, eNodeB ID=44468, Cell FDD TDD indication=CELL_FDD",Reliable,17.191,12.97
2026-04-11 04:00,60,"TU_AMB_INGAHURCO_UL/Cell:eNodeB Function Name=TU_AMB_INGAHURCOL21, Local Cell ID=1, Cell Name=TU_AMB_INGAHURCO_1, eNodeB ID=44475, Cell FDD TDD indication=CELL_FDD",Reliable,657.323,41.399
2026-04-11 04:00,60,"TU_AMB_INGAHURCO_UL/Cell:eNodeB Function Name=TU_AMB_INGAHURCOL21, Local Cell ID=2, Cell Name=TU_AMB_INGAHURCO_2, eNodeB ID=44475, Cell FDD TDD indication=CELL_FDD",Reliable,224.435,15.326
2026-04-11 04:00,60,"TU_AMB_INGAHURCO_UL/Cell:eNodeB Function Name=TU_AMB_INGAHURCOL21, Local Cell ID=3, Cell Name=TU_AMB_INGAHURCO_3, eNodeB ID=44475, Cell FDD TDD indication=CELL_FDD",Reliable,320.748,30.916
2026-04-11 04:00,60,"PI_UIO_FISCALIA_GENERAL_UL/Cell:eNodeB Function Name=PI_UIO_FISCALIA_GENERALL21, Local Cell ID=1, Cell Name=PI_UIO_FISCALIA_GENERAL_1, eNodeB ID=44263, Cell FDD TDD indication=CELL_FDD",Reliable,1.162,0.579
2026-04-11 04:00,60,"PI_UIO_FISCALIA_GENERAL_UL/Cell:eNodeB Function Name=PI_UIO_FISCALIA_GENERALL21, Local Cell ID=2, Cell Name=PI_UIO_FISCALIA_GENERAL_2, eNodeB ID=44263, Cell FDD TDD indication=CELL_FDD",Reliable,138.006,9.655
2026-04-11 04:00,60,"PI_UIO_FISCALIA_GENERAL_UL/Cell:eNodeB Function Name=PI_UIO_FISCALIA_GENERALL21, Local Cell ID=3, Cell Name=PI_UIO_FISCALIA_GENERAL_3, eNodeB ID=44263, Cell FDD TDD indication=CELL_FDD",Reliable,0.708,0.444
2026-04-11 04:00,60,"PI_UIO_FISCALIA_GENERAL_UL/Cell:eNodeB Function Name=PI_UIO_FISCALIA_GENERALL21, Local Cell ID=11, Cell Name=PI_UIO_FISCALIA_GENERAL_11, eNodeB ID=44263, Cell FDD TDD indication=CELL_FDD",Reliable,0.549,0.283
2026-04-11 04:00,60,"PI_UIO_FISCALIA_GENERAL_UL/Cell:eNodeB Function Name=PI_UIO_FISCALIA_GENERALL21, Local Cell ID=12, Cell Name=PI_UIO_FISCALIA_GENERAL_12, eNodeB ID=44263, Cell FDD TDD indication=CELL_FDD",Reliable,0.178,0.109
2026-04-11 04:00,60,"PI_UIO_FISCALIA_GENERAL_UL/Cell:eNodeB Function Name=PI_UIO_FISCALIA_GENERALL21, Local Cell ID=13, Cell Name=PI_UIO_FISCALIA_GENERAL_13, eNodeB ID=44263, Cell FDD TDD indication=CELL_FDD",Reliable,0.303,0.112
2026-04-11 04:00,60,"SD_SD_SUR_UL/Cell:eNodeB Function Name=SD_SD_SURL21, Local Cell ID=1, Cell Name=SD_SD_SUR_1, eNodeB ID=44765, Cell FDD TDD indication=CELL_FDD",Reliable,2.762,3.826
2026-04-11 04:00,60,"SD_SD_SUR_UL/Cell:eNodeB Function Name=SD_SD_SURL21, Local Cell ID=2, Cell Name=SD_SD_SUR_2, eNodeB ID=44765, Cell FDD TDD indication=CELL_FDD",Reliable,1.155,4.462
2026-04-11 04:00,60,"SD_SD_SUR_UL/Cell:eNodeB Function Name=SD_SD_SURL21, Local Cell ID=3, Cell Name=SD_SD_SUR_3, eNodeB ID=44765, Cell FDD TDD indication=CELL_FDD",Reliable,28.438,7.729
2026-04-11 04:00,60,"SD_SD_SUR_UL/Cell:eNodeB Function Name=SD_SD_SURL21, Local Cell ID=7, Cell Name=SD_SD_SUR_APT_7, eNodeB ID=44765, Cell FDD TDD indication=CELL_FDD",Reliable,198.856,357.167
2026-04-11 04:00,60,"SD_SD_SUR_UL/Cell:eNodeB Function Name=SD_SD_SURL21, Local Cell ID=8, Cell Name=SD_SD_SUR_APT_8, eNodeB ID=44765, Cell FDD TDD indication=CELL_FDD",Reliable,2.142,9.933
2026-04-11 04:00,60,"SD_SD_SUR_UL/Cell:eNodeB Function Name=SD_SD_SURL21, Local Cell ID=9, Cell Name=SD_SD_SUR_APT_9, eNodeB ID=44765, Cell FDD TDD indication=CELL_FDD",Reliable,23.221,16.715
2026-04-11 04:00,60,"SD_SD_ESTE_UL/Cell:eNodeB Function Name=SD_SD_ESTEL21, Local Cell ID=1, Cell Name=SD_SD_ESTE_1, eNodeB ID=44764, Cell FDD TDD indication=CELL_FDD",Reliable,37.584,8.486
2026-04-11 04:00,60,"SD_SD_ESTE_UL/Cell:eNodeB Function Name=SD_SD_ESTEL21, Local Cell ID=2, Cell Name=SD_SD_ESTE_2, eNodeB ID=44764, Cell FDD TDD indication=CELL_FDD",Reliable,76.787,14.321
2026-04-11 04:00,60,"SD_SD_ESTE_UL/Cell:eNodeB Function Name=SD_SD_ESTEL21, Local Cell ID=3, Cell Name=SD_SD_ESTE_3, eNodeB ID=44764, Cell FDD TDD indication=CELL_FDD",Reliable,178.464,16.09
2026-04-11 04:00,60,"TU_AMB_CASHAPAMBA_UL/Cell:eNodeB Function Name=TU_AMB_CASHAPAMBAL21, Local Cell ID=1, Cell Name=TU_AMB_CASHAPAMBA_1, eNodeB ID=44476, Cell FDD TDD indication=CELL_FDD",Reliable,539.515,59.908
2026-04-11 04:00,60,"TU_AMB_CASHAPAMBA_UL/Cell:eNodeB Function Name=TU_AMB_CASHAPAMBAL21, Local Cell ID=2, Cell Name=TU_AMB_CASHAPAMBA_2, eNodeB ID=44476, Cell FDD TDD indication=CELL_FDD",Reliable,315.608,64.733
2026-04-11 04:00,60,"TU_AMB_CASHAPAMBA_UL/Cell:eNodeB Function Name=TU_AMB_CASHAPAMBAL21, Local Cell ID=3, Cell Name=TU_AMB_CASHAPAMBA_3, eNodeB ID=44476, Cell FDD TDD indication=CELL_FDD",Reliable,6.012,2.186
2026-04-11 04:00,60,"PI_UIO_NODO_4_INAQUITO_MONTESERRIN_UL/Cell:eNodeB Function Name=PI_UIO_NODO_4_INAQUITO_MONTESERRINL21, Local Cell ID=1, Cell Name=PI_UIO_NODO_4_INAQUITO_MONTESERRIN_1, eNodeB ID=44326, Cell FDD TDD indication=CELL_FDD",Reliable,88.665,8.829
2026-04-11 04:00,60,"PI_UIO_NODO_4_INAQUITO_MONTESERRIN_UL/Cell:eNodeB Function Name=PI_UIO_NODO_4_INAQUITO_MONTESERRINL21, Local Cell ID=2, Cell Name=PI_UIO_NODO_4_INAQUITO_MONTESERRIN_2, eNodeB ID=44326, Cell FDD TDD indication=CELL_FDD",Reliable,227.277,13.484
2026-04-11 04:00,60,"PI_UIO_NODO_4_INAQUITO_MONTESERRIN_UL/Cell:eNodeB Function Name=PI_UIO_NODO_4_INAQUITO_MONTESERRINL21, Local Cell ID=3, Cell Name=PI_UIO_NODO_4_INAQUITO_MONTESERRIN_3, eNodeB ID=44326, Cell FDD TDD indication=CELL_FDD",Reliable,0.031,0.087
2026-04-11 04:00,60,"PIC_UIO_PLAZA_ARTIGAS_ULN/Cell:eNodeB Function Name=PIC_UIO_PLAZA_ARTIGAS_L, Local Cell ID=1, Cell Name=PI_UIO_PLAZA_ARTIGAS_1, eNodeB ID=44639, Cell FDD TDD indication=CELL_FDD",Reliable,73.801,8.492
2026-04-11 04:00,60,"PIC_UIO_PLAZA_ARTIGAS_ULN/Cell:eNodeB Function Name=PIC_UIO_PLAZA_ARTIGAS_L, Local Cell ID=2, Cell Name=PI_UIO_PLAZA_ARTIGAS_2, eNodeB ID=44639, Cell FDD TDD indication=CELL_FDD",Reliable,44.544,9.233
2026-04-11 04:00,60,"PIC_UIO_PLAZA_ARTIGAS_ULN/Cell:eNodeB Function Name=PIC_UIO_PLAZA_ARTIGAS_L, Local Cell ID=3, Cell Name=PI_UIO_PLAZA_ARTIGAS_3, eNodeB ID=44639, Cell FDD TDD indication=CELL_FDD",Reliable,65.004,24.1
2026-04-11 04:00,60,"PIC_UIO_PLAZA_ARTIGAS_ULN/Cell:eNodeB Function Name=PIC_UIO_PLAZA_ARTIGAS_L, Local Cell ID=11, Cell Name=PI_UIO_PLAZA_ARTIGAS_11, eNodeB ID=44639, Cell FDD TDD indication=CELL_FDD",Reliable,8.628,1.62
2026-04-11 04:00,60,"PIC_UIO_PLAZA_ARTIGAS_ULN/Cell:eNodeB Function Name=PIC_UIO_PLAZA_ARTIGAS_L, Local Cell ID=12, Cell Name=PI_UIO_PLAZA_ARTIGAS_12, eNodeB ID=44639, Cell FDD TDD indication=CELL_FDD",Reliable,1.433,0.033
2026-04-11 04:00,60,"PIC_UIO_PLAZA_ARTIGAS_ULN/Cell:eNodeB Function Name=PIC_UIO_PLAZA_ARTIGAS_L, Local Cell ID=13, Cell Name=PI_UIO_PLAZA_ARTIGAS_13, eNodeB ID=44639, Cell FDD TDD indication=CELL_FDD",Reliable,0.811,0.489
2026-04-11 04:00,60,"SD_SD_VIA_QUEVEDO_UL/Cell:eNodeB Function Name=SD_SD_VIA_QUEVEDOL21, Local Cell ID=1, Cell Name=SD_SD_VIA_QUEVEDO_1, eNodeB ID=44777, Cell FDD TDD indication=CELL_FDD",Reliable,24.738,5.209
2026-04-11 04:00,60,"SD_SD_VIA_QUEVEDO_UL/Cell:eNodeB Function Name=SD_SD_VIA_QUEVEDOL21, Local Cell ID=2, Cell Name=SD_SD_VIA_QUEVEDO_2, eNodeB ID=44777, Cell FDD TDD indication=CELL_FDD",Reliable,25.15,65.385
2026-04-11 04:00,60,"SD_SD_VIA_QUEVEDO_UL/Cell:eNodeB Function Name=SD_SD_VIA_QUEVEDOL21, Local Cell ID=3, Cell Name=SD_SD_VIA_QUEVEDO_3, eNodeB ID=44777, Cell FDD TDD indication=CELL_FDD",Reliable,65.727,12.622
2026-04-11 04:00,60,"PIC_UIO_EL_INCA_UL/Cell:eNodeB Function Name=PIC_UIO_EL_INCA_L, Local Cell ID=1, Cell Name=PI_UIO_EL_INCA_1, eNodeB ID=44118, Cell FDD TDD indication=CELL_FDD",Reliable,93.974,24.125
2026-04-11 04:00,60,"PIC_UIO_EL_INCA_UL/Cell:eNodeB Function Name=PIC_UIO_EL_INCA_L, Local Cell ID=2, Cell Name=PI_UIO_EL_INCA_2, eNodeB ID=44118, Cell FDD TDD indication=CELL_FDD",Reliable,5.225,2.548
2026-04-11 04:00,60,"PIC_UIO_EL_INCA_UL/Cell:eNodeB Function Name=PIC_UIO_EL_INCA_L, Local Cell ID=3, Cell Name=PI_UIO_EL_INCA_3, eNodeB ID=44118, Cell FDD TDD indication=CELL_FDD",Reliable,9.396,2.824
2026-04-11 04:00,60,"PI_UIO_CENTRO_COMERCIAL_ELBOSQUE_UL/Cell:eNodeB Function Name=PI_UIO_CENTRO_COMERCIAL_ELBOSQUEL21, Local Cell ID=1, Cell Name=PI_UIO_CENTRO_COMERCIAL_ELBOSQUE_1, eNodeB ID=44946, Cell FDD TDD indication=CELL_FDD",Reliable,0.021,0.013
2026-04-11 04:00,60,"PI_UIO_CENTRO_COMERCIAL_ELBOSQUE_UL/Cell:eNodeB Function Name=PI_UIO_CENTRO_COMERCIAL_ELBOSQUEL21, Local Cell ID=2, Cell Name=PI_UIO_CENTRO_COMERCIAL_ELBOSQUE_2, eNodeB ID=44946, Cell FDD TDD indication=CELL_FDD",Reliable,0,0
2026-04-11 04:00,60,"PI_UIO_MONTESERRIN_BAJO_UL/Cell:eNodeB Function Name=PI_UIO_MONTESERRIN_BAJOL21, Local Cell ID=1, Cell Name=PI_UIO_MONTESERRIN_BAJO_1, eNodeB ID=44255, Cell FDD TDD indication=CELL_FDD",Reliable,1.253,0.896
2026-04-11 04:00,60,"PI_UIO_MONTESERRIN_BAJO_UL/Cell:eNodeB Function Name=PI_UIO_MONTESERRIN_BAJOL21, Local Cell ID=2, Cell Name=PI_UIO_MONTESERRIN_BAJO_2, eNodeB ID=44255, Cell FDD TDD indication=CELL_FDD",Reliable,21.585,1.064
2026-04-11 04:00,60,"PI_UIO_PONCEANO_UL/Cell:eNodeB Function Name=PI_UIO_PONCEANOL21, Local Cell ID=1, Cell Name=PI_UIO_PONCEANO_1, eNodeB ID=44303, Cell FDD TDD indication=CELL_FDD",Reliable,7.05,1.883
2026-04-11 04:00,60,"PI_UIO_PONCEANO_UL/Cell:eNodeB Function Name=PI_UIO_PONCEANOL21, Local Cell ID=2, Cell Name=PI_UIO_PONCEANO_2, eNodeB ID=44303, Cell FDD TDD indication=CELL_FDD",Reliable,0.935,0.621
2026-04-11 04:00,60,"PI_UIO_PONCEANO_UL/Cell:eNodeB Function Name=PI_UIO_PONCEANOL21, Local Cell ID=3, Cell Name=PI_UIO_PONCEANO_3, eNodeB ID=44303, Cell FDD TDD indication=CELL_FDD",Reliable,142.41,9.193
2026-04-11 04:00,60,"PI_UIO_LA_INMACULADA_UL/Cell:eNodeB Function Name=PI_UIO_LA_INMACULADAL21, Local Cell ID=1, Cell Name=PI_UIO_LA_INMACULADA_1, eNodeB ID=44262, Cell FDD TDD indication=CELL_FDD",Reliable,121.919,12.217
2026-04-11 04:00,60,"PI_UIO_LA_INMACULADA_UL/Cell:eNodeB Function Name=PI_UIO_LA_INMACULADAL21, Local Cell ID=2, Cell Name=PI_UIO_LA_INMACULADA_2, eNodeB ID=44262, Cell FDD TDD indication=CELL_FDD",Reliable,3.788,1.571
2026-04-11 04:00,60,"PIC_UIO_ECHEVERRIA_ULN/Cell:eNodeB Function Name=PI_UIO_ECHEVERRIAL21, Local Cell ID=1, Cell Name=PI_UIO_ECHEVERRIA_1, eNodeB ID=44213, Cell FDD TDD indication=CELL_FDD",Reliable,5.393,2.371
2026-04-11 04:00,60,"PIC_UIO_ECHEVERRIA_ULN/Cell:eNodeB Function Name=PI_UIO_ECHEVERRIAL21, Local Cell ID=2, Cell Name=PI_UIO_ECHEVERRIA_2, eNodeB ID=44213, Cell FDD TDD indication=CELL_FDD",Reliable,21.462,5.683
2026-04-11 04:00,60,"PI_UIO_USHIMANA_UL/Cell:eNodeB Function Name=PIC_UIO_USHIMANA_L, Local Cell ID=1, Cell Name=PIC_UIO_USHIMANA_L21_1, eNodeB ID=44371, Cell FDD TDD indication=CELL_FDD",Reliable,40.08,4.713
2026-04-11 04:00,60,"PI_UIO_USHIMANA_UL/Cell:eNodeB Function Name=PIC_UIO_USHIMANA_L, Local Cell ID=2, Cell Name=PIC_UIO_USHIMANA_L21_2, eNodeB ID=44371, Cell FDD TDD indication=CELL_FDD",Reliable,252.552,20.913
2026-04-11 04:00,60,"PI_UIO_USHIMANA_UL/Cell:eNodeB Function Name=PIC_UIO_USHIMANA_L, Local Cell ID=3, Cell Name=PIC_UIO_USHIMANA_L21_3, eNodeB ID=44371, Cell FDD TDD indication=CELL_FDD",Reliable,73.021,10.432
2026-04-11 04:00,60,"PI_UIO_RAFAEL_RAMOS_UL/Cell:eNodeB Function Name=PI_UIO_RAFAEL_RAMOS_L, Local Cell ID=1, Cell Name=PI_UIO_RAFAEL_RAMOS_1, eNodeB ID=44382, Cell FDD TDD indication=CELL_FDD",Reliable,84.201,10.211
2026-04-11 04:00,60,"PI_UIO_RAFAEL_RAMOS_UL/Cell:eNodeB Function Name=PI_UIO_RAFAEL_RAMOS_L, Local Cell ID=2, Cell Name=PI_UIO_RAFAEL_RAMOS_2, eNodeB ID=44382, Cell FDD TDD indication=CELL_FDD",Reliable,30.644,4.884
2026-04-11 04:00,60,"PI_UIO_RAFAEL_RAMOS_UL/Cell:eNodeB Function Name=PI_UIO_RAFAEL_RAMOS_L, Local Cell ID=3, Cell Name=PI_UIO_RAFAEL_RAMOS_3, eNodeB ID=44382, Cell FDD TDD indication=CELL_FDD",Reliable,9.021,1.622
2026-04-11 04:00,60,"PI_UIO_RAFAEL_RAMOS_UL/Cell:eNodeB Function Name=PI_UIO_RAFAEL_RAMOS_L, Local Cell ID=11, Cell Name=PI_UIO_RAFAEL_RAMOS_11, eNodeB ID=44382, Cell FDD TDD indication=CELL_FDD",Reliable,110.846,9.755
2026-04-11 04:00,60,"PI_UIO_RAFAEL_RAMOS_UL/Cell:eNodeB Function Name=PI_UIO_RAFAEL_RAMOS_L, Local Cell ID=12, Cell Name=PI_UIO_RAFAEL_RAMOS_12, eNodeB ID=44382, Cell FDD TDD indication=CELL_FDD",Reliable,0.04,0.059
2026-04-11 04:00,60,"PI_UIO_RAFAEL_RAMOS_UL/Cell:eNodeB Function Name=PI_UIO_RAFAEL_RAMOS_L, Local Cell ID=13, Cell Name=PI_UIO_RAFAEL_RAMOS_13, eNodeB ID=44382, Cell FDD TDD indication=CELL_FDD",Reliable,1.011,0.567
2026-04-11 04:00,60,"PI_UIO_MOSQUERA_UL/Cell:eNodeB Function Name=PIC_UIO_MOSQUERA_L, Local Cell ID=1, Cell Name=PIC_UIO_MOSQUERA_L21_1, eNodeB ID=44323, Cell FDD TDD indication=CELL_FDD",Reliable,57.404,9.93
2026-04-11 04:00,60,"PI_UIO_MOSQUERA_UL/Cell:eNodeB Function Name=PIC_UIO_MOSQUERA_L, Local Cell ID=2, Cell Name=PIC_UIO_MOSQUERA_L21_2, eNodeB ID=44323, Cell FDD TDD indication=CELL_FDD",Reliable,63.414,4.08
2026-04-11 04:00,60,"PI_UIO_ASAMBLEA_NACIONAL_UL/Cell:eNodeB Function Name=PI_UIO_ASAMBLEA_NACIONALL21, Local Cell ID=1, Cell Name=PI_UIO_ASAMBLEA_NACIONAL_1, eNodeB ID=44942, Cell FDD TDD indication=CELL_FDD",Reliable,0,0
2026-04-11 04:00,60,"PI_UIO_ASAMBLEA_NACIONAL_UL/Cell:eNodeB Function Name=PI_UIO_ASAMBLEA_NACIONALL21, Local Cell ID=2, Cell Name=PI_UIO_ASAMBLEA_NACIONAL_2, eNodeB ID=44942, Cell FDD TDD indication=CELL_FDD",Reliable,26.717,0.488
2026-04-11 04:00,60,"PI_UIO_JQUERI_UL/Cell:eNodeB Function Name=PI_UIO_JQUERIL21, Local Cell ID=1, Cell Name=PI_UIO_JQUERI_1, eNodeB ID=44318, Cell FDD TDD indication=CELL_FDD",Reliable,84.73,19.603
2026-04-11 04:00,60,"PI_UIO_JQUERI_UL/Cell:eNodeB Function Name=PI_UIO_JQUERIL21, Local Cell ID=2, Cell Name=PI_UIO_JQUERI_2, eNodeB ID=44318, Cell FDD TDD indication=CELL_FDD",Reliable,171.326,13.24
2026-04-11 04:00,60,"PI_UIO_JQUERI_UL/Cell:eNodeB Function Name=PI_UIO_JQUERIL21, Local Cell ID=7, Cell Name=PI_UIO_JQUERI_APT_7, eNodeB ID=44318, Cell FDD TDD indication=CELL_FDD",Reliable,38.984,9.552
2026-04-11 04:00,60,"PI_UIO_JQUERI_UL/Cell:eNodeB Function Name=PI_UIO_JQUERIL21, Local Cell ID=8, Cell Name=PI_UIO_JQUERI_APT_8, eNodeB ID=44318, Cell FDD TDD indication=CELL_FDD",Reliable,29.944,5.463
2026-04-11 04:00,60,"PIC_UIO_MINISTERIO_FINANZAS_ULN/Cell:eNodeB Function Name=PI_UIO_MINISTERIO_FINANZASL21, Local Cell ID=1, Cell Name=PI_UIO_MINISTERIO_FINANZAS_1, eNodeB ID=44227, Cell FDD TDD indication=CELL_FDD",Reliable,9.018,7.071
2026-04-11 04:00,60,"PIC_UIO_MINISTERIO_FINANZAS_ULN/Cell:eNodeB Function Name=PI_UIO_MINISTERIO_FINANZASL21, Local Cell ID=2, Cell Name=PI_UIO_MINISTERIO_FINANZAS_2, eNodeB ID=44227, Cell FDD TDD indication=CELL_FDD",Reliable,11.455,2.554
2026-04-11 04:00,60,"PIC_UIO_MINISTERIO_FINANZAS_ULN/Cell:eNodeB Function Name=PI_UIO_MINISTERIO_FINANZASL21, Local Cell ID=3, Cell Name=PI_UIO_MINISTERIO_FINANZAS_3, eNodeB ID=44227, Cell FDD TDD indication=CELL_FDD",Reliable,20.529,3.544
2026-04-11 04:00,60,"PI_UIO_ESTACION_NORTE_UL/Cell:eNodeB Function Name=PI_UIO_ESTACION_NORTE_L, Local Cell ID=1, Cell Name=PI_UIO_ESTACION_NORTE_1, eNodeB ID=44317, Cell FDD TDD indication=CELL_FDD",Reliable,203.205,5.673
2026-04-11 04:00,60,"PI_UIO_ESTACION_NORTE_UL/Cell:eNodeB Function Name=PI_UIO_ESTACION_NORTE_L, Local Cell ID=2, Cell Name=PI_UIO_ESTACION_NORTE_2, eNodeB ID=44317, Cell FDD TDD indication=CELL_FDD",Reliable,16.61,1.018
2026-04-11 04:00,60,"PI_UIO_ESTACION_NORTE_UL/Cell:eNodeB Function Name=PI_UIO_ESTACION_NORTE_L, Local Cell ID=3, Cell Name=PI_UIO_ESTACION_NORTE_3, eNodeB ID=44317, Cell FDD TDD indication=CELL_FDD",Reliable,3.826,1.17
2026-04-11 04:00,60,"PI_UIO_ESTACION_NORTE_UL/Cell:eNodeB Function Name=PI_UIO_ESTACION_NORTE_L, Local Cell ID=11, Cell Name=PI_UIO_ESTACION_NORTE_11, eNodeB ID=44317, Cell FDD TDD indication=CELL_FDD",Reliable,0.063,0.072
2026-04-11 04:00,60,"PI_UIO_ESTACION_NORTE_UL/Cell:eNodeB Function Name=PI_UIO_ESTACION_NORTE_L, Local Cell ID=12, Cell Name=PI_UIO_ESTACION_NORTE_12, eNodeB ID=44317, Cell FDD TDD indication=CELL_FDD",Reliable,0.012,0.01
2026-04-11 04:00,60,"PI_UIO_ESTACION_NORTE_UL/Cell:eNodeB Function Name=PI_UIO_ESTACION_NORTE_L, Local Cell ID=13, Cell Name=PI_UIO_ESTACION_NORTE_13, eNodeB ID=44317, Cell FDD TDD indication=CELL_FDD",Reliable,0.297,0.139
2026-04-11 04:00,60,"PI_UIO_EL_CARMELO_UL/Cell:eNodeB Function Name=PIC_UIO_EL_CARMELO_L, Local Cell ID=1, Cell Name=PIC_UIO_EL_CARMELO_L21_1, eNodeB ID=44316, Cell FDD TDD indication=CELL_FDD",Reliable,32.874,2.687
2026-04-11 04:00,60,"PI_UIO_EL_CARMELO_UL/Cell:eNodeB Function Name=PIC_UIO_EL_CARMELO_L, Local Cell ID=2, Cell Name=PIC_UIO_EL_CARMELO_L21_2, eNodeB ID=44316, Cell FDD TDD indication=CELL_FDD",Reliable,117.087,13.457
2026-04-11 04:00,60,"PI_UIO_EL_CARMELO_UL/Cell:eNodeB Function Name=PIC_UIO_EL_CARMELO_L, Local Cell ID=3, Cell Name=PIC_UIO_EL_CARMELO_L21_3, eNodeB ID=44316, Cell FDD TDD indication=CELL_FDD",Reliable,60.619,52.688
2026-04-11 04:00,60,"PI_UIO_EL_CARMELO_UL/Cell:eNodeB Function Name=PIC_UIO_EL_CARMELO_L, Local Cell ID=7, Cell Name=PIC_UIO_EL_CARMELO_L7_7, eNodeB ID=44316, Cell FDD TDD indication=CELL_FDD",Reliable,9.623,2.212
2026-04-11 04:00,60,"PI_UIO_EL_CARMELO_UL/Cell:eNodeB Function Name=PIC_UIO_EL_CARMELO_L, Local Cell ID=8, Cell Name=PIC_UIO_EL_CARMELO_L7_8, eNodeB ID=44316, Cell FDD TDD indication=CELL_FDD",Reliable,28.14,7.47
2026-04-11 04:00,60,"PI_UIO_EL_CARMELO_UL/Cell:eNodeB Function Name=PIC_UIO_EL_CARMELO_L, Local Cell ID=9, Cell Name=PIC_UIO_EL_CARMELO_L7_9, eNodeB ID=44316, Cell FDD TDD indication=CELL_FDD",Reliable,298.454,141.309
2026-04-11 04:00,60,"PI_UIO_EL_CARMELO_UL/Cell:eNodeB Function Name=PIC_UIO_EL_CARMELO_L, Local Cell ID=13, Cell Name=PIC_UIO_EL_CARMELO_L19_13, eNodeB ID=44316, Cell FDD TDD indication=CELL_FDD",Reliable,0.159,0.087
2026-04-11 04:00,60,"PI_UIO_EL_CARMELO_UL/Cell:eNodeB Function Name=PIC_UIO_EL_CARMELO_L, Local Cell ID=11, Cell Name=PIC_UIO_EL_CARMELO_L19_11, eNodeB ID=44316, Cell FDD TDD indication=CELL_FDD",Reliable,0,0
2026-04-11 04:00,60,"PI_UIO_EL_CARMELO_UL/Cell:eNodeB Function Name=PIC_UIO_EL_CARMELO_L, Local Cell ID=12, Cell Name=PIC_UIO_EL_CARMELO_L19_12, eNodeB ID=44316, Cell FDD TDD indication=CELL_FDD",Reliable,0.002,0.006
2026-04-11 04:00,60,"PI_UIO_JARDINES_DEL_BOSQUE_UL/Cell:eNodeB Function Name=PIC_UIO_JARDINES_DEL_BOSQUE_L, Local Cell ID=1, Cell Name=PIC_UIO_JARDINES_DEL_BOSQUE_L21_1, eNodeB ID=44994, Cell FDD TDD indication=CELL_FDD",Reliable,37.751,6.986
2026-04-11 04:00,60,"PI_UIO_JARDINES_DEL_BOSQUE_UL/Cell:eNodeB Function Name=PIC_UIO_JARDINES_DEL_BOSQUE_L, Local Cell ID=2, Cell Name=PIC_UIO_JARDINES_DEL_BOSQUE_L21_2, eNodeB ID=44994, Cell FDD TDD indication=CELL_FDD",Reliable,47.941,659.471
2026-04-11 04:00,60,"PI_UIO_CARDENAL_DE_LA_TORRE_UL/Cell:eNodeB Function Name=PI_UIO_CARDENAL_DE_LA_TORREL21, Local Cell ID=1, Cell Name=PIC_UIO_CARDENAL_DE_LA_TORRE_L21_1, eNodeB ID=44059, Cell FDD TDD indication=CELL_FDD",Reliable,107.336,10.776
2026-04-11 04:00,60,"PI_UIO_CARDENAL_DE_LA_TORRE_UL/Cell:eNodeB Function Name=PI_UIO_CARDENAL_DE_LA_TORREL21, Local Cell ID=2, Cell Name=PIC_UIO_CARDENAL_DE_LA_TORRE_L21_2, eNodeB ID=44059, Cell FDD TDD indication=CELL_FDD",Reliable,766.122,33.521
2026-04-11 04:00,60,"PI_UIO_CARDENAL_DE_LA_TORRE_UL/Cell:eNodeB Function Name=PI_UIO_CARDENAL_DE_LA_TORREL21, Local Cell ID=3, Cell Name=PIC_UIO_CARDENAL_DE_LA_TORRE_L21_3, eNodeB ID=44059, Cell FDD TDD indication=CELL_FDD",Reliable,28.217,4.069
2026-04-11 04:00,60,"PIC_UIO_MTOP_ULN/Cell:eNodeB Function Name=PI_UIO_MTOP_L, Local Cell ID=1, Cell Name=PI_UIO_MTOP_1, eNodeB ID=44325, Cell FDD TDD indication=CELL_FDD",Reliable,20.056,3.01
2026-04-11 04:00,60,"PIC_UIO_MTOP_ULN/Cell:eNodeB Function Name=PI_UIO_MTOP_L, Local Cell ID=2, Cell Name=PI_UIO_MTOP_2, eNodeB ID=44325, Cell FDD TDD indication=CELL_FDD",Reliable,204.747,23.725
2026-04-11 04:00,60,"PIC_UIO_MTOP_ULN/Cell:eNodeB Function Name=PI_UIO_MTOP_L, Local Cell ID=3, Cell Name=PI_UIO_MTOP_3, eNodeB ID=44325, Cell FDD TDD indication=CELL_FDD",Reliable,131.972,19.36
2026-04-11 04:00,60,"PIC_UIO_MTOP_ULN/Cell:eNodeB Function Name=PI_UIO_MTOP_L, Local Cell ID=11, Cell Name=PI_UIO_MTOP_11, eNodeB ID=44325, Cell FDD TDD indication=CELL_FDD",Reliable,0.057,0.104
2026-04-11 04:00,60,"PIC_UIO_MTOP_ULN/Cell:eNodeB Function Name=PI_UIO_MTOP_L, Local Cell ID=12, Cell Name=PI_UIO_MTOP_12, eNodeB ID=44325, Cell FDD TDD indication=CELL_FDD",Reliable,1.671,41.405
2026-04-11 04:00,60,"PIC_UIO_MTOP_ULN/Cell:eNodeB Function Name=PI_UIO_MTOP_L, Local Cell ID=13, Cell Name=PI_UIO_MTOP_13, eNodeB ID=44325, Cell FDD TDD indication=CELL_FDD",Reliable,38.848,6.846
2026-04-11 04:00,60,"PI_UIO_MOSCU_UL/Cell:eNodeB Function Name=PIC_UIO_MOSCU_L, Local Cell ID=1, Cell Name=PIC_UIO_MOSCU_L21_1, eNodeB ID=44239, Cell FDD TDD indication=CELL_FDD",Reliable,418.841,18.045
2026-04-11 04:00,60,"PI_UIO_MOSCU_UL/Cell:eNodeB Function Name=PIC_UIO_MOSCU_L, Local Cell ID=2, Cell Name=PIC_UIO_MOSCU_L21_2, eNodeB ID=44239, Cell FDD TDD indication=CELL_FDD",Reliable,162.94,5.528
2026-04-11 04:00,60,"PIC_UIO_JARDIN_ULN/Cell:eNodeB Function Name=PI_UIO_JARDIN_L, Local Cell ID=1, Cell Name=PI_UIO_JARDIN_1, eNodeB ID=44377, Cell FDD TDD indication=CELL_FDD",Reliable,566.565,14.155
2026-04-11 04:00,60,"PIC_UIO_JARDIN_ULN/Cell:eNodeB Function Name=PI_UIO_JARDIN_L, Local Cell ID=2, Cell Name=PI_UIO_JARDIN_2, eNodeB ID=44377, Cell FDD TDD indication=CELL_FDD",Reliable,44.17,12.685
2026-04-11 04:00,60,"PIC_UIO_JARDIN_ULN/Cell:eNodeB Function Name=PI_UIO_JARDIN_L, Local Cell ID=3, Cell Name=PI_UIO_JARDIN_3, eNodeB ID=44377, Cell FDD TDD indication=CELL_FDD",Reliable,73.5,9.894
2026-04-11 04:00,60,"PIC_UIO_JARDIN_ULN/Cell:eNodeB Function Name=PI_UIO_JARDIN_L, Local Cell ID=11, Cell Name=PI_UIO_JARDIN_11, eNodeB ID=44377, Cell FDD TDD indication=CELL_FDD",Reliable,0.046,0.014
2026-04-11 04:00,60,"PIC_UIO_JARDIN_ULN/Cell:eNodeB Function Name=PI_UIO_JARDIN_L, Local Cell ID=12, Cell Name=PI_UIO_JARDIN_12, eNodeB ID=44377, Cell FDD TDD indication=CELL_FDD",Reliable,0.147,0.073
2026-04-11 04:00,60,"PIC_UIO_JARDIN_ULN/Cell:eNodeB Function Name=PI_UIO_JARDIN_L, Local Cell ID=13, Cell Name=PI_UIO_JARDIN_13, eNodeB ID=44377, Cell FDD TDD indication=CELL_FDD",Reliable,1.872,0.094
2026-04-11 04:00,60,"PIC_UIO_TUMBACO_PATAGUA_ULN/Cell:eNodeB Function Name=PI_UIO_TUMBACO_PATAGUAL21, Local Cell ID=1, Cell Name=PI_UIO_TUMBACO_PATAGUA_1, eNodeB ID=44245, Cell FDD TDD indication=CELL_FDD",Reliable,20.2,8.369
2026-04-11 04:00,60,"PIC_UIO_TUMBACO_PATAGUA_ULN/Cell:eNodeB Function Name=PI_UIO_TUMBACO_PATAGUAL21, Local Cell ID=2, Cell Name=PI_UIO_TUMBACO_PATAGUA_2, eNodeB ID=44245, Cell FDD TDD indication=CELL_FDD",Reliable,122.728,9.897
2026-04-11 04:00,60,"PIC_UIO_TUMBACO_PATAGUA_ULN/Cell:eNodeB Function Name=PI_UIO_TUMBACO_PATAGUAL21, Local Cell ID=3, Cell Name=PI_UIO_TUMBACO_PATAGUA_3, eNodeB ID=44245, Cell FDD TDD indication=CELL_FDD",Reliable,384.963,31.096
2026-04-11 04:00,60,"PIC_UIO_CUERO_CAICEDO_ULN/Cell:eNodeB Function Name=PI_UIO_CUERO_CAICEDO_L, Local Cell ID=1, Cell Name=PI_UIO_CUERO_CAICEDO_1, eNodeB ID=44376, Cell FDD TDD indication=CELL_FDD",Reliable,16.561,6.767
2026-04-11 04:00,60,"PIC_UIO_CUERO_CAICEDO_ULN/Cell:eNodeB Function Name=PI_UIO_CUERO_CAICEDO_L, Local Cell ID=2, Cell Name=PI_UIO_CUERO_CAICEDO_2, eNodeB ID=44376, Cell FDD TDD indication=CELL_FDD",Reliable,39.064,13.808
2026-04-11 04:00,60,"PIC_UIO_CUERO_CAICEDO_ULN/Cell:eNodeB Function Name=PI_UIO_CUERO_CAICEDO_L, Local Cell ID=3, Cell Name=PI_UIO_CUERO_CAICEDO_3, eNodeB ID=44376, Cell FDD TDD indication=CELL_FDD",Reliable,2.222,1.533
2026-04-11 04:00,60,"PIC_UIO_CUERO_CAICEDO_ULN/Cell:eNodeB Function Name=PI_UIO_CUERO_CAICEDO_L, Local Cell ID=11, Cell Name=PI_UIO_CUERO_CAICEDO_11, eNodeB ID=44376, Cell FDD TDD indication=CELL_FDD",Reliable,0.533,0.197
2026-04-11 04:00,60,"PIC_UIO_CUERO_CAICEDO_ULN/Cell:eNodeB Function Name=PI_UIO_CUERO_CAICEDO_L, Local Cell ID=12, Cell Name=PI_UIO_CUERO_CAICEDO_12, eNodeB ID=44376, Cell FDD TDD indication=CELL_FDD",Reliable,2.723,1.308
2026-04-11 04:00,60,"PIC_UIO_CUERO_CAICEDO_ULN/Cell:eNodeB Function Name=PI_UIO_CUERO_CAICEDO_L, Local Cell ID=13, Cell Name=PI_UIO_CUERO_CAICEDO_13, eNodeB ID=44376, Cell FDD TDD indication=CELL_FDD",Reliable,0.076,0.127
2026-04-11 04:00,60,"PI_UIO_MACHALA_UL/Cell:eNodeB Function Name=PI_UIO_MACHALAL21, Local Cell ID=1, Cell Name=PI_UIO_MACHALA_1, eNodeB ID=44380, Cell FDD TDD indication=CELL_FDD",Reliable,232.071,22.254
2026-04-11 04:00,60,"PI_UIO_MACHALA_UL/Cell:eNodeB Function Name=PI_UIO_MACHALAL21, Local Cell ID=2, Cell Name=PI_UIO_MACHALA_2, eNodeB ID=44380, Cell FDD TDD indication=CELL_FDD",Reliable,83.442,9.648
2026-04-11 04:00,60,"PI_UIO_MEGAMAXI_UL/Cell:eNodeB Function Name=PI_UIO_MEGAMAXIL21, Local Cell ID=1, Cell Name=PI_UIO_MEGAMAXI_1, eNodeB ID=44261, Cell FDD TDD indication=CELL_FDD",Reliable,4.306,2.721
2026-04-11 04:00,60,"PI_UIO_MEGAMAXI_UL/Cell:eNodeB Function Name=PI_UIO_MEGAMAXIL21, Local Cell ID=2, Cell Name=PI_UIO_MEGAMAXI_2, eNodeB ID=44261, Cell FDD TDD indication=CELL_FDD",Reliable,14.792,2.972
2026-04-11 04:00,60,"PI_UIO_MEGAMAXI_UL/Cell:eNodeB Function Name=PI_UIO_MEGAMAXIL21, Local Cell ID=3, Cell Name=PI_UIO_MEGAMAXI_3, eNodeB ID=44261, Cell FDD TDD indication=CELL_FDD",Reliable,78.186,16.084
2026-04-11 04:00,60,"PI_UIO_ENTRADA_ESTADIO_UL/Cell:eNodeB Function Name=PI_UIO_ENTRADA_ESTADIOL21, Local Cell ID=1, Cell Name=PI_UIO_ENTRADA_ESTADIO_1, eNodeB ID=44301, Cell FDD TDD indication=CELL_FDD",Reliable,61.975,9.042
2026-04-11 04:00,60,"PI_UIO_ENTRADA_ESTADIO_UL/Cell:eNodeB Function Name=PI_UIO_ENTRADA_ESTADIOL21, Local Cell ID=2, Cell Name=PI_UIO_ENTRADA_ESTADIO_2, eNodeB ID=44301, Cell FDD TDD indication=CELL_FDD",Reliable,29.523,3.138
2026-04-11 04:00,60,"PI_UIO_ENTRADA_ESTADIO_UL/Cell:eNodeB Function Name=PI_UIO_ENTRADA_ESTADIOL21, Local Cell ID=3, Cell Name=PI_UIO_ENTRADA_ESTADIO_3, eNodeB ID=44301, Cell FDD TDD indication=CELL_FDD",Reliable,674.709,34.936
2026-04-11 04:00,60,"PI_UIO_CHECOSLOVAQUIA_UL/Cell:eNodeB Function Name=PI_UIO_CHECOSLOVAQUIAL21, Local Cell ID=1, Cell Name=PI_UIO_CHECOSLOVAQUIA_1, eNodeB ID=44374, Cell FDD TDD indication=CELL_FDD",Reliable,4.603,1.451
2026-04-11 04:00,60,"PI_UIO_CHECOSLOVAQUIA_UL/Cell:eNodeB Function Name=PI_UIO_CHECOSLOVAQUIAL21, Local Cell ID=2, Cell Name=PI_UIO_CHECOSLOVAQUIA_2, eNodeB ID=44374, Cell FDD TDD indication=CELL_FDD",Reliable,672.099,33.712
2026-04-11 04:00,60,"PI_UIO_TRIBUNA_UL/Cell:eNodeB Function Name=PIC_UIO_TRIBUNA_L, Local Cell ID=1, Cell Name=PI_UIO_TRIBUNA_1, eNodeB ID=44321, Cell FDD TDD indication=CELL_FDD",Reliable,434.94,35.223
2026-04-11 04:00,60,"PI_UIO_TRIBUNA_UL/Cell:eNodeB Function Name=PIC_UIO_TRIBUNA_L, Local Cell ID=2, Cell Name=PI_UIO_TRIBUNA_2, eNodeB ID=44321, Cell FDD TDD indication=CELL_FDD",Reliable,1.595,1.931
2026-04-11 04:00,60,"PI_UIO_TRIBUNA_UL/Cell:eNodeB Function Name=PIC_UIO_TRIBUNA_L, Local Cell ID=3, Cell Name=PI_UIO_TRIBUNA_3, eNodeB ID=44321, Cell FDD TDD indication=CELL_FDD",Reliable,1.275,0.355
2026-04-11 04:00,60,"PI_UIO_TRIBUNA_UL/Cell:eNodeB Function Name=PIC_UIO_TRIBUNA_L, Local Cell ID=11, Cell Name=PI_UIO_TRIBUNA_11, eNodeB ID=44321, Cell FDD TDD indication=CELL_FDD",Reliable,0.354,0.103
2026-04-11 04:00,60,"PI_UIO_TRIBUNA_UL/Cell:eNodeB Function Name=PIC_UIO_TRIBUNA_L, Local Cell ID=12, Cell Name=PI_UIO_TRIBUNA_12, eNodeB ID=44321, Cell FDD TDD indication=CELL_FDD",Reliable,0.007,0.021
2026-04-11 04:00,60,"PI_UIO_TRIBUNA_UL/Cell:eNodeB Function Name=PIC_UIO_TRIBUNA_L, Local Cell ID=13, Cell Name=PI_UIO_TRIBUNA_13, eNodeB ID=44321, Cell FDD TDD indication=CELL_FDD",Reliable,0.001,0.001
2026-04-11 04:00,60,"PI_UIO_BICENTENARIO_UL/Cell:eNodeB Function Name=PIC_UIO_BICENTENARIO_L, Local Cell ID=1, Cell Name=PIC_UIO_BICENTENARIO_L21_1, eNodeB ID=44313, Cell FDD TDD indication=CELL_FDD",Reliable,110.05,9.507
2026-04-11 04:00,60,"PI_UIO_BICENTENARIO_UL/Cell:eNodeB Function Name=PIC_UIO_BICENTENARIO_L, Local Cell ID=2, Cell Name=PIC_UIO_BICENTENARIO_L21_2, eNodeB ID=44313, Cell FDD TDD indication=CELL_FDD",Reliable,36.047,8.129
2026-04-11 04:00,60,"PI_UIO_BICENTENARIO_UL/Cell:eNodeB Function Name=PIC_UIO_BICENTENARIO_L, Local Cell ID=3, Cell Name=PIC_UIO_BICENTENARIO_L21_3, eNodeB ID=44313, Cell FDD TDD indication=CELL_FDD",Reliable,74.873,7.301
2026-04-11 04:00,60,"PI_UIO_BICENTENARIO_UL/Cell:eNodeB Function Name=PIC_UIO_BICENTENARIO_L, Local Cell ID=11, Cell Name=PIC_UIO_BICENTENARIO_L21_11, eNodeB ID=44313, Cell FDD TDD indication=CELL_FDD",Reliable,1.307,2.793
2026-04-11 04:00,60,"PI_UIO_BICENTENARIO_UL/Cell:eNodeB Function Name=PIC_UIO_BICENTENARIO_L, Local Cell ID=12, Cell Name=PIC_UIO_BICENTENARIO_L21_12, eNodeB ID=44313, Cell FDD TDD indication=CELL_FDD",Reliable,0.018,0.028
2026-04-11 04:00,60,"PI_UIO_BICENTENARIO_UL/Cell:eNodeB Function Name=PIC_UIO_BICENTENARIO_L, Local Cell ID=13, Cell Name=PIC_UIO_BICENTENARIO_L21_13, eNodeB ID=44313, Cell FDD TDD indication=CELL_FDD",Reliable,0.138,0.208
2026-04-11 04:00,60,"PI_UIO_REINA_VICTORIA_UL/Cell:eNodeB Function Name=PI_UIO_REINA_VICTORIA_L, Local Cell ID=1, Cell Name=PI_UIO_REINA_VICTORIA_1, eNodeB ID=44329, Cell FDD TDD indication=CELL_FDD",Reliable,60.59,31.342
2026-04-11 04:00,60,"PI_UIO_REINA_VICTORIA_UL/Cell:eNodeB Function Name=PI_UIO_REINA_VICTORIA_L, Local Cell ID=2, Cell Name=PI_UIO_REINA_VICTORIA_2, eNodeB ID=44329, Cell FDD TDD indication=CELL_FDD",Reliable,56.473,23.019
2026-04-11 04:00,60,"PI_UIO_REINA_VICTORIA_UL/Cell:eNodeB Function Name=PI_UIO_REINA_VICTORIA_L, Local Cell ID=3, Cell Name=PI_UIO_REINA_VICTORIA_3, eNodeB ID=44329, Cell FDD TDD indication=CELL_FDD",Reliable,63.98,13.231
2026-04-11 04:00,60,"PI_UIO_REINA_VICTORIA_UL/Cell:eNodeB Function Name=PI_UIO_REINA_VICTORIA_L, Local Cell ID=11, Cell Name=PI_UIO_REINA_VICTORIA_11, eNodeB ID=44329, Cell FDD TDD indication=CELL_FDD",Reliable,0.426,0.194
2026-04-11 04:00,60,"PI_UIO_REINA_VICTORIA_UL/Cell:eNodeB Function Name=PI_UIO_REINA_VICTORIA_L, Local Cell ID=12, Cell Name=PI_UIO_REINA_VICTORIA_12, eNodeB ID=44329, Cell FDD TDD indication=CELL_FDD",Reliable,63.871,6.495
2026-04-11 04:00,60,"PI_UIO_REINA_VICTORIA_UL/Cell:eNodeB Function Name=PI_UIO_REINA_VICTORIA_L, Local Cell ID=13, Cell Name=PI_UIO_REINA_VICTORIA_13, eNodeB ID=44329, Cell FDD TDD indication=CELL_FDD",Reliable,3.3,0.674
2026-04-11 04:00,60,"PI_UIO_JOSE_BARREIRO_UL/Cell:eNodeB Function Name=PI_UIO_JOSE_BARREIROL21, Local Cell ID=1, Cell Name=PI_UIO_JOSE_BARREIRO_1, eNodeB ID=44260, Cell FDD TDD indication=CELL_FDD",Reliable,413.056,88.499
2026-04-11 04:00,60,"PI_UIO_JOSE_BARREIRO_UL/Cell:eNodeB Function Name=PI_UIO_JOSE_BARREIROL21, Local Cell ID=2, Cell Name=PI_UIO_JOSE_BARREIRO_2, eNodeB ID=44260, Cell FDD TDD indication=CELL_FDD",Reliable,35.297,15.772
2026-04-11 04:00,60,"PI_UIO_COL_ALEMAN_UL/Cell:eNodeB Function Name=PIC_UIO_COL_ALEMAN_L, Local Cell ID=1, Cell Name=PI_UIO_COL_ALEMAN_1, eNodeB ID=44070, Cell FDD TDD indication=CELL_FDD",Reliable,96.147,21.021
2026-04-11 04:00,60,"PI_UIO_COL_ALEMAN_UL/Cell:eNodeB Function Name=PIC_UIO_COL_ALEMAN_L, Local Cell ID=2, Cell Name=PI_UIO_COL_ALEMAN_2, eNodeB ID=44070, Cell FDD TDD indication=CELL_FDD",Reliable,7.939,3.9
2026-04-11 04:00,60,"PI_UIO_PARCAYACU_UL/Cell:eNodeB Function Name=PIC_UIO_PARCAYACU_L, Local Cell ID=1, Cell Name=PIC_UIO_PARCAYACU_L21_1, eNodeB ID=44166, Cell FDD TDD indication=CELL_FDD",Reliable,295.835,26.596
2026-04-11 04:00,60,"PI_UIO_PARCAYACU_UL/Cell:eNodeB Function Name=PIC_UIO_PARCAYACU_L, Local Cell ID=2, Cell Name=PIC_UIO_PARCAYACU_L21_2, eNodeB ID=44166, Cell FDD TDD indication=CELL_FDD",Reliable,159.583,23.317
2026-04-11 04:00,60,"PI_UIO_PARCAYACU_UL/Cell:eNodeB Function Name=PIC_UIO_PARCAYACU_L, Local Cell ID=7, Cell Name=PIC_UIO_PARCAYACU_L7_7, eNodeB ID=44166, Cell FDD TDD indication=CELL_FDD",Reliable,103.525,14.249
2026-04-11 04:00,60,"PI_UIO_PARCAYACU_UL/Cell:eNodeB Function Name=PIC_UIO_PARCAYACU_L, Local Cell ID=8, Cell Name=PIC_UIO_PARCAYACU_L7_8, eNodeB ID=44166, Cell FDD TDD indication=CELL_FDD",Reliable,298.924,26.945
2026-04-11 04:00,60,"PI_UIO_RAFAEL_AULESTIA_UL/Cell:eNodeB Function Name=PI_UIO_RAFAEL_AULESTIA_L, Local Cell ID=1, Cell Name=PI_UIO_RAFAEL_AULESTIA_1, eNodeB ID=44307, Cell FDD TDD indication=CELL_FDD",Reliable,13.723,1.081
2026-04-11 04:00,60,"PI_UIO_RAFAEL_AULESTIA_UL/Cell:eNodeB Function Name=PI_UIO_RAFAEL_AULESTIA_L, Local Cell ID=2, Cell Name=PI_UIO_RAFAEL_AULESTIA_2, eNodeB ID=44307, Cell FDD TDD indication=CELL_FDD",Reliable,169.143,10.33
2026-04-11 04:00,60,"PI_UIO_RAFAEL_AULESTIA_UL/Cell:eNodeB Function Name=PI_UIO_RAFAEL_AULESTIA_L, Local Cell ID=3, Cell Name=PI_UIO_RAFAEL_AULESTIA_3, eNodeB ID=44307, Cell FDD TDD indication=CELL_FDD",Reliable,11.455,1.244
2026-04-11 04:00,60,"PI_UIO_RAFAEL_AULESTIA_UL/Cell:eNodeB Function Name=PI_UIO_RAFAEL_AULESTIA_L, Local Cell ID=11, Cell Name=PI_UIO_RAFAEL_AULESTIA_11, eNodeB ID=44307, Cell FDD TDD indication=CELL_FDD",Reliable,0.897,0.757
2026-04-11 04:00,60,"PI_UIO_RAFAEL_AULESTIA_UL/Cell:eNodeB Function Name=PI_UIO_RAFAEL_AULESTIA_L, Local Cell ID=12, Cell Name=PI_UIO_RAFAEL_AULESTIA_12, eNodeB ID=44307, Cell FDD TDD indication=CELL_FDD",Reliable,0.005,0.006
2026-04-11 04:00,60,"PI_UIO_RAFAEL_AULESTIA_UL/Cell:eNodeB Function Name=PI_UIO_RAFAEL_AULESTIA_L, Local Cell ID=13, Cell Name=PI_UIO_RAFAEL_AULESTIA_13, eNodeB ID=44307, Cell FDD TDD indication=CELL_FDD",Reliable,0,0
2026-04-11 04:00,60,"PIC_UIO_CUMBAYA_ESTE_ULN/Cell:eNodeB Function Name=PI_UIO_CUMBAYA_ESTEL21, Local Cell ID=1, Cell Name=PI_UIO_CUMBAYA_ESTE_1, eNodeB ID=44066, Cell FDD TDD indication=CELL_FDD",Reliable,50.308,17.419
2026-04-11 04:00,60,"PIC_UIO_CUMBAYA_ESTE_ULN/Cell:eNodeB Function Name=PI_UIO_CUMBAYA_ESTEL21, Local Cell ID=2, Cell Name=PI_UIO_CUMBAYA_ESTE_2, eNodeB ID=44066, Cell FDD TDD indication=CELL_FDD",Reliable,0.083,0.283
2026-04-11 04:00,60,"PIC_UIO_CUMBAYA_ESTE_ULN/Cell:eNodeB Function Name=PI_UIO_CUMBAYA_ESTEL21, Local Cell ID=3, Cell Name=PI_UIO_CUMBAYA_ESTE_3, eNodeB ID=44066, Cell FDD TDD indication=CELL_FDD",Reliable,11.884,2.155
2026-04-11 04:00,60,"PI_UIO_CORUNA_UL/Cell:eNodeB Function Name=PI_UIO_CORUNAL21, Local Cell ID=1, Cell Name=PI_UIO_CORUNA_1, eNodeB ID=44327, Cell FDD TDD indication=CELL_FDD",Reliable,6.342,2.065
2026-04-11 04:00,60,"PI_UIO_CORUNA_UL/Cell:eNodeB Function Name=PI_UIO_CORUNAL21, Local Cell ID=2, Cell Name=PI_UIO_CORUNA_2, eNodeB ID=44327, Cell FDD TDD indication=CELL_FDD",Reliable,7.756,1.578
2026-04-11 04:00,60,"PI_UIO_CORUNA_UL/Cell:eNodeB Function Name=PI_UIO_CORUNAL21, Local Cell ID=7, Cell Name=PI_UIO_CORUNA_APT_7, eNodeB ID=44327, Cell FDD TDD indication=CELL_FDD",Reliable,3.701,2.953
2026-04-11 04:00,60,"PI_UIO_CORUNA_UL/Cell:eNodeB Function Name=PI_UIO_CORUNAL21, Local Cell ID=8, Cell Name=PI_UIO_CORUNA_APT_8, eNodeB ID=44327, Cell FDD TDD indication=CELL_FDD",Reliable,5.243,1.606
2026-04-11 04:00,60,"PIC_UIO_CALDAS_ULN/Cell:eNodeB Function Name=PI_UIO_CALDAS_L, Local Cell ID=1, Cell Name=PI_UIO_CALDAS_1, eNodeB ID=44103, Cell FDD TDD indication=CELL_FDD",Reliable,92.975,24.643
2026-04-11 04:00,60,"PIC_UIO_CALDAS_ULN/Cell:eNodeB Function Name=PI_UIO_CALDAS_L, Local Cell ID=2, Cell Name=PI_UIO_CALDAS_2, eNodeB ID=44103, Cell FDD TDD indication=CELL_FDD",Reliable,14.857,3.579
2026-04-11 04:00,60,"PIC_UIO_CALDAS_ULN/Cell:eNodeB Function Name=PI_UIO_CALDAS_L, Local Cell ID=11, Cell Name=PI_UIO_CALDAS_11, eNodeB ID=44103, Cell FDD TDD indication=CELL_FDD",Reliable,2.224,0.178
2026-04-11 04:00,60,"PIC_UIO_CALDAS_ULN/Cell:eNodeB Function Name=PI_UIO_CALDAS_L, Local Cell ID=12, Cell Name=PI_UIO_CALDAS_12, eNodeB ID=44103, Cell FDD TDD indication=CELL_FDD",Reliable,3.554,0.534
2026-04-11 04:00,60,"PIC_UIO_HOSP_CARLOS_ANDRADE_MARIN_ULN/Cell:eNodeB Function Name=PI_UIO_HOSP_CARLOS_ANDRADE_MARIN_L, Local Cell ID=1, Cell Name=PI_UIO_HOSP_CARLOS_ANDRADE_MARIN_1, eNodeB ID=44991, Cell FDD TDD indication=CELL_FDD",Reliable,52.354,7.8
2026-04-11 04:00,60,"PIC_UIO_HOSP_CARLOS_ANDRADE_MARIN_ULN/Cell:eNodeB Function Name=PI_UIO_HOSP_CARLOS_ANDRADE_MARIN_L, Local Cell ID=2, Cell Name=PI_UIO_HOSP_CARLOS_ANDRADE_MARIN_2, eNodeB ID=44991, Cell FDD TDD indication=CELL_FDD",Reliable,1838.3,141.57
2026-04-11 04:00,60,"PIC_UIO_HOSP_CARLOS_ANDRADE_MARIN_ULN/Cell:eNodeB Function Name=PI_UIO_HOSP_CARLOS_ANDRADE_MARIN_L, Local Cell ID=3, Cell Name=PI_UIO_HOSP_CARLOS_ANDRADE_MARIN_3, eNodeB ID=44991, Cell FDD TDD indication=CELL_FDD",Reliable,2.337,1.267
2026-04-11 04:00,60,"PIC_UIO_HOSP_CARLOS_ANDRADE_MARIN_ULN/Cell:eNodeB Function Name=PI_UIO_HOSP_CARLOS_ANDRADE_MARIN_L, Local Cell ID=7, Cell Name=PI_UIO_HOSP_CARLOS_ANDRADE_MARIN_APT_7, eNodeB ID=44991, Cell FDD TDD indication=CELL_FDD",Reliable,1.237,0.771
2026-04-11 04:00,60,"PIC_UIO_HOSP_CARLOS_ANDRADE_MARIN_ULN/Cell:eNodeB Function Name=PI_UIO_HOSP_CARLOS_ANDRADE_MARIN_L, Local Cell ID=8, Cell Name=PI_UIO_HOSP_CARLOS_ANDRADE_MARIN_APT_8, eNodeB ID=44991, Cell FDD TDD indication=CELL_FDD",Reliable,767.117,76.101
2026-04-11 04:00,60,"PIC_UIO_HOSP_CARLOS_ANDRADE_MARIN_ULN/Cell:eNodeB Function Name=PI_UIO_HOSP_CARLOS_ANDRADE_MARIN_L, Local Cell ID=9, Cell Name=PI_UIO_HOSP_CARLOS_ANDRADE_MARIN_APT_9, eNodeB ID=44991, Cell FDD TDD indication=CELL_FDD",Reliable,0.604,0.303
2026-04-11 04:00,60,"PIC_UIO_HOSP_CARLOS_ANDRADE_MARIN_ULN/Cell:eNodeB Function Name=PI_UIO_HOSP_CARLOS_ANDRADE_MARIN_L, Local Cell ID=11, Cell Name=PI_UIO_HOSP_CARLOS_ANDRADE_MARIN_11, eNodeB ID=44991, Cell FDD TDD indication=CELL_FDD",Reliable,0.246,0.081
2026-04-11 04:00,60,"PIC_UIO_HOSP_CARLOS_ANDRADE_MARIN_ULN/Cell:eNodeB Function Name=PI_UIO_HOSP_CARLOS_ANDRADE_MARIN_L, Local Cell ID=12, Cell Name=PI_UIO_HOSP_CARLOS_ANDRADE_MARIN_12, eNodeB ID=44991, Cell FDD TDD indication=CELL_FDD",Reliable,2.264,0.623
2026-04-11 04:00,60,"PIC_UIO_HOSP_CARLOS_ANDRADE_MARIN_ULN/Cell:eNodeB Function Name=PI_UIO_HOSP_CARLOS_ANDRADE_MARIN_L, Local Cell ID=13, Cell Name=PI_UIO_HOSP_CARLOS_ANDRADE_MARIN_13, eNodeB ID=44991, Cell FDD TDD indication=CELL_FDD",Reliable,0.052,0.044
2026-04-11 04:00,60,"PIC_UIO_LA_VINA_ULN/Cell:eNodeB Function Name=PI_UIO_LA_VINAL21, Local Cell ID=1, Cell Name=PI_UIO_LA_VINA_1, eNodeB ID=44379, Cell FDD TDD indication=CELL_FDD",Reliable,0,0
2026-04-11 04:00,60,"PIC_UIO_LA_VINA_ULN/Cell:eNodeB Function Name=PI_UIO_LA_VINAL21, Local Cell ID=2, Cell Name=PI_UIO_LA_VINA_2, eNodeB ID=44379, Cell FDD TDD indication=CELL_FDD",Reliable,0.417,0.418
2026-04-11 04:00,60,"PIC_UIO_LA_VINA_ULN/Cell:eNodeB Function Name=PI_UIO_LA_VINAL21, Local Cell ID=3, Cell Name=PI_UIO_LA_VINA_3, eNodeB ID=44379, Cell FDD TDD indication=CELL_FDD",Reliable,1.434,0.963
2026-04-11 04:00,60,"PIC_UIO_NACIONES_UNIDAS_ULN/Cell:eNodeB Function Name=PIC_UIO_NACIONES_UNIDAS_L, Local Cell ID=1, Cell Name=PIC_UIO_NACIONES_UNIDAS_L21_1, eNodeB ID=44364, Cell FDD TDD indication=CELL_FDD",Reliable,4.935,2.128
2026-04-11 04:00,60,"PIC_UIO_NACIONES_UNIDAS_ULN/Cell:eNodeB Function Name=PIC_UIO_NACIONES_UNIDAS_L, Local Cell ID=2, Cell Name=PIC_UIO_NACIONES_UNIDAS_L21_2, eNodeB ID=44364, Cell FDD TDD indication=CELL_FDD",Reliable,115.702,25.013
2026-04-11 04:00,60,"PIC_UIO_NACIONES_UNIDAS_ULN/Cell:eNodeB Function Name=PIC_UIO_NACIONES_UNIDAS_L, Local Cell ID=3, Cell Name=PIC_UIO_NACIONES_UNIDAS_L21_3, eNodeB ID=44364, Cell FDD TDD indication=CELL_FDD",Reliable,95.363,10.14
2026-04-11 04:00,60,"PIC_UIO_NACIONES_UNIDAS_ULN/Cell:eNodeB Function Name=PIC_UIO_NACIONES_UNIDAS_L, Local Cell ID=12, Cell Name=PIC_UIO_NACIONES_UNIDAS_L19_12, eNodeB ID=44364, Cell FDD TDD indication=CELL_FDD",Reliable,13.043,2.83
2026-04-11 04:00,60,"PIC_UIO_NACIONES_UNIDAS_ULN/Cell:eNodeB Function Name=PIC_UIO_NACIONES_UNIDAS_L, Local Cell ID=13, Cell Name=PIC_UIO_NACIONES_UNIDAS_L19_13, eNodeB ID=44364, Cell FDD TDD indication=CELL_FDD",Reliable,298.482,14.966
2026-04-11 04:00,60,"PIC_UIO_NACIONES_UNIDAS_ULN/Cell:eNodeB Function Name=PIC_UIO_NACIONES_UNIDAS_L, Local Cell ID=11, Cell Name=PIC_UIO_NACIONES_UNIDAS_L19_11, eNodeB ID=44364, Cell FDD TDD indication=CELL_FDD",Reliable,2.152,0.66
2026-04-11 04:00,60,"PI_UIO_NUEVO_POLANCO_UL/Cell:eNodeB Function Name=PI_UIO_NUEVO_POLANCOL21, Local Cell ID=1, Cell Name=PI_UIO_NUEVO_POLANCO_1, eNodeB ID=44997, Cell FDD TDD indication=CELL_FDD",Reliable,1.968,1.867
2026-04-11 04:00,60,"PI_UIO_NUEVO_POLANCO_UL/Cell:eNodeB Function Name=PI_UIO_NUEVO_POLANCOL21, Local Cell ID=2, Cell Name=PI_UIO_NUEVO_POLANCO_2, eNodeB ID=44997, Cell FDD TDD indication=CELL_FDD",Reliable,159.398,13.202
2026-04-11 04:00,60,"PIC_UIO_CONTRALORIA_ULN/Cell:eNodeB Function Name=PI_UIO_CONTRALORIA_L, Local Cell ID=1, Cell Name=PI_UIO_CONTRALORIA_1, eNodeB ID=44337, Cell FDD TDD indication=CELL_FDD",Reliable,1.436,0.999
2026-04-11 04:00,60,"PIC_UIO_CONTRALORIA_ULN/Cell:eNodeB Function Name=PI_UIO_CONTRALORIA_L, Local Cell ID=2, Cell Name=PI_UIO_CONTRALORIA_2, eNodeB ID=44337, Cell FDD TDD indication=CELL_FDD",Reliable,370.288,12.783
2026-04-11 04:00,60,"PIC_UIO_CONTRALORIA_ULN/Cell:eNodeB Function Name=PI_UIO_CONTRALORIA_L, Local Cell ID=3, Cell Name=PI_UIO_CONTRALORIA_3, eNodeB ID=44337, Cell FDD TDD indication=CELL_FDD",Reliable,2.151,0.629
2026-04-11 04:00,60,"PIC_UIO_CONTRALORIA_ULN/Cell:eNodeB Function Name=PI_UIO_CONTRALORIA_L, Local Cell ID=11, Cell Name=PI_UIO_CONTRALORIA_11, eNodeB ID=44337, Cell FDD TDD indication=CELL_FDD",Reliable,0,0
2026-04-11 04:00,60,"PIC_UIO_CONTRALORIA_ULN/Cell:eNodeB Function Name=PI_UIO_CONTRALORIA_L, Local Cell ID=12, Cell Name=PI_UIO_CONTRALORIA_12, eNodeB ID=44337, Cell FDD TDD indication=CELL_FDD",Reliable,11.576,1.376
2026-04-11 04:00,60,"PIC_UIO_CONTRALORIA_ULN/Cell:eNodeB Function Name=PI_UIO_CONTRALORIA_L, Local Cell ID=13, Cell Name=PI_UIO_CONTRALORIA_13, eNodeB ID=44337, Cell FDD TDD indication=CELL_FDD",Reliable,0.048,0.052
2026-04-11 04:00,60,"PI_UIO_REPUBLICA_COUB_UL/Cell:eNodeB Function Name=PI_UIO_REPUBLICA_COUBL21, Local Cell ID=1, Cell Name=PI_UIO_REPUBLICA_COUB_1, eNodeB ID=44320, Cell FDD TDD indication=CELL_FDD",Reliable,2.346,0.403
2026-04-11 04:00,60,"PI_UIO_REPUBLICA_COUB_UL/Cell:eNodeB Function Name=PI_UIO_REPUBLICA_COUBL21, Local Cell ID=2, Cell Name=PI_UIO_REPUBLICA_COUB_2, eNodeB ID=44320, Cell FDD TDD indication=CELL_FDD",Reliable,14.896,4.725
2026-04-11 04:00,60,"PI_UIO_REPUBLICA_COUB_UL/Cell:eNodeB Function Name=PI_UIO_REPUBLICA_COUBL21, Local Cell ID=3, Cell Name=PI_UIO_REPUBLICA_COUB_3, eNodeB ID=44320, Cell FDD TDD indication=CELL_FDD",Reliable,198.032,16.149
2026-04-11 04:00,60,"PIC_UIO_PATRIA_ULN/Cell:eNodeB Function Name=PI_UIO_PATRIA_L, Local Cell ID=1, Cell Name=PI_UIO_PATRIA_1, eNodeB ID=44381, Cell FDD TDD indication=CELL_FDD",Reliable,54.085,4.763
2026-04-11 04:00,60,"PIC_UIO_PATRIA_ULN/Cell:eNodeB Function Name=PI_UIO_PATRIA_L, Local Cell ID=2, Cell Name=PI_UIO_PATRIA_2, eNodeB ID=44381, Cell FDD TDD indication=CELL_FDD",Reliable,111.441,8.235
2026-04-11 04:00,60,"PIC_UIO_PATRIA_ULN/Cell:eNodeB Function Name=PI_UIO_PATRIA_L, Local Cell ID=3, Cell Name=PI_UIO_PATRIA_3, eNodeB ID=44381, Cell FDD TDD indication=CELL_FDD",Reliable,57.275,4.392
2026-04-11 04:00,60,"PIC_UIO_PATRIA_ULN/Cell:eNodeB Function Name=PI_UIO_PATRIA_L, Local Cell ID=11, Cell Name=PI_UIO_PATRIA_11, eNodeB ID=44381, Cell FDD TDD indication=CELL_FDD",Reliable,0.022,0.029
2026-04-11 04:00,60,"PIC_UIO_PATRIA_ULN/Cell:eNodeB Function Name=PI_UIO_PATRIA_L, Local Cell ID=12, Cell Name=PI_UIO_PATRIA_12, eNodeB ID=44381, Cell FDD TDD indication=CELL_FDD",Reliable,0.19,0.339
2026-04-11 04:00,60,"PIC_UIO_PATRIA_ULN/Cell:eNodeB Function Name=PI_UIO_PATRIA_L, Local Cell ID=13, Cell Name=PI_UIO_PATRIA_13, eNodeB ID=44381, Cell FDD TDD indication=CELL_FDD",Reliable,0.016,0.007
2026-04-11 04:00,60,"PIC_UIO_QUICENTRO_NORTE_UL/Cell:eNodeB Function Name=PIC_UIO_QUICENTRO_NORTE_L, Local Cell ID=1, Cell Name=PIC_UIO_QUICENTRO_NORTE_L21_1, eNodeB ID=44386, Cell FDD TDD indication=CELL_FDD",Reliable,137.552,9.512
2026-04-11 04:00,60,"PIC_UIO_QUICENTRO_NORTE_UL/Cell:eNodeB Function Name=PIC_UIO_QUICENTRO_NORTE_L, Local Cell ID=2, Cell Name=PIC_UIO_QUICENTRO_NORTE_L21_2, eNodeB ID=44386, Cell FDD TDD indication=CELL_FDD",Reliable,18.338,8.181
2026-04-11 04:00,60,"PIC_UIO_QUICENTRO_NORTE_UL/Cell:eNodeB Function Name=PIC_UIO_QUICENTRO_NORTE_L, Local Cell ID=3, Cell Name=PIC_UIO_QUICENTRO_NORTE_L21_3, eNodeB ID=44386, Cell FDD TDD indication=CELL_FDD",Reliable,5.498,1.234
2026-04-11 04:00,60,"PIC_UIO_QUICENTRO_NORTE_UL/Cell:eNodeB Function Name=PIC_UIO_QUICENTRO_NORTE_L, Local Cell ID=12, Cell Name=PIC_UIO_QUICENTRO_NORTE_L19_12, eNodeB ID=44386, Cell FDD TDD indication=CELL_FDD",Reliable,1.127,2.013
2026-04-11 04:00,60,"PIC_UIO_QUICENTRO_NORTE_UL/Cell:eNodeB Function Name=PIC_UIO_QUICENTRO_NORTE_L, Local Cell ID=13, Cell Name=PIC_UIO_QUICENTRO_NORTE_L19_13, eNodeB ID=44386, Cell FDD TDD indication=CELL_FDD",Reliable,0.002,0.002
2026-04-11 04:00,60,"PIC_UIO_QUICENTRO_NORTE_UL/Cell:eNodeB Function Name=PIC_UIO_QUICENTRO_NORTE_L, Local Cell ID=11, Cell Name=PIC_UIO_QUICENTRO_NORTE_L19_11, eNodeB ID=44386, Cell FDD TDD indication=CELL_FDD",Reliable,0.069,0.059
2026-04-11 04:00,60,"PI_UIO_NUEVA_UTE_UL/Cell:eNodeB Function Name=PI_UIO_NUEVA_UTEL21, Local Cell ID=1, Cell Name=PI_UIO_NUEVA_UTE_1, eNodeB ID=44319, Cell FDD TDD indication=CELL_FDD",Reliable,418.446,151.548
2026-04-11 04:00,60,"PI_UIO_NUEVA_UTE_UL/Cell:eNodeB Function Name=PI_UIO_NUEVA_UTEL21, Local Cell ID=2, Cell Name=PI_UIO_NUEVA_UTE_2, eNodeB ID=44319, Cell FDD TDD indication=CELL_FDD",Reliable,29.314,2.499
2026-04-11 04:00,60,"PI_UIO_NUEVA_UTE_UL/Cell:eNodeB Function Name=PI_UIO_NUEVA_UTEL21, Local Cell ID=7, Cell Name=PI_UIO_NUEVA_UTE_APT_7, eNodeB ID=44319, Cell FDD TDD indication=CELL_FDD",Reliable,618.628,268.747
2026-04-11 04:00,60,"PI_UIO_NUEVA_UTE_UL/Cell:eNodeB Function Name=PI_UIO_NUEVA_UTEL21, Local Cell ID=8, Cell Name=PI_UIO_NUEVA_UTE_APT_8, eNodeB ID=44319, Cell FDD TDD indication=CELL_FDD",Reliable,256.141,18.385
2026-04-11 04:00,60,"PI_UIO_MASTODONTES_UL/Cell:eNodeB Function Name=PI_UIO_MASTODONTESL21, Local Cell ID=1, Cell Name=PI_UIO_MASTODONTES_1, eNodeB ID=44308, Cell FDD TDD indication=CELL_FDD",Reliable,75.463,7.313
2026-04-11 04:00,60,"PI_UIO_MASTODONTES_UL/Cell:eNodeB Function Name=PI_UIO_MASTODONTESL21, Local Cell ID=2, Cell Name=PI_UIO_MASTODONTES_2, eNodeB ID=44308, Cell FDD TDD indication=CELL_FDD",Reliable,417.353,88.179
2026-04-11 04:00,60,"PI_UIO_PALACIO_PRESIDENCIAL_UL/Cell:eNodeB Function Name=PI_UIO_PALACIO_PRESIDENCIALL21, Local Cell ID=1, Cell Name=PI_UIO_PALACIO_PRESIDENCIAL_1, eNodeB ID=44943, Cell FDD TDD indication=CELL_FDD",Reliable,1.428,0.339
2026-04-11 04:00,60,"PI_UIO_PALACIO_PRESIDENCIAL_UL/Cell:eNodeB Function Name=PI_UIO_PALACIO_PRESIDENCIALL21, Local Cell ID=2, Cell Name=PI_UIO_PALACIO_PRESIDENCIAL_2, eNodeB ID=44943, Cell FDD TDD indication=CELL_FDD",Reliable,57.087,2.905
2026-04-11 04:00,60,"PI_UIO_PLAZA_FOCH_UL/Cell:eNodeB Function Name=PI_UIO_PLAZA_FOCHL21, Local Cell ID=1, Cell Name=PI_UIO_PLAZA_FOCH_1, eNodeB ID=44969, Cell FDD TDD indication=CELL_FDD",Reliable,116.746,81.827
2026-04-11 04:00,60,"PI_UIO_PLAZA_FOCH_UL/Cell:eNodeB Function Name=PI_UIO_PLAZA_FOCHL21, Local Cell ID=2, Cell Name=PI_UIO_PLAZA_FOCH_2, eNodeB ID=44969, Cell FDD TDD indication=CELL_FDD",Reliable,23.961,7.572
2026-04-11 04:00,60,"PI_UIO_PLAZA_FOCH_UL/Cell:eNodeB Function Name=PI_UIO_PLAZA_FOCHL21, Local Cell ID=3, Cell Name=PI_UIO_PLAZA_FOCH_3, eNodeB ID=44969, Cell FDD TDD indication=CELL_FDD",Reliable,84.784,24.723
2026-04-11 04:00,60,"PI_UIO_USFQ_UL/Cell:eNodeB Function Name=PI_UIO_USFQ_L, Local Cell ID=1, Cell Name=PI_UIO_USFQ_1, eNodeB ID=44436, Cell FDD TDD indication=CELL_FDD",Reliable,0.019,0.029
2026-04-11 04:00,60,"PI_UIO_USFQ_UL/Cell:eNodeB Function Name=PI_UIO_USFQ_L, Local Cell ID=2, Cell Name=PI_UIO_USFQ_2, eNodeB ID=44436, Cell FDD TDD indication=CELL_FDD",Reliable,33.601,1.38
2026-04-11 04:00,60,"PI_UIO_USFQ_UL/Cell:eNodeB Function Name=PI_UIO_USFQ_L, Local Cell ID=3, Cell Name=PI_UIO_USFQ_3, eNodeB ID=44436, Cell FDD TDD indication=CELL_FDD",Reliable,0.407,0.436
2026-04-11 04:00,60,"PI_UIO_USFQ_UL/Cell:eNodeB Function Name=PI_UIO_USFQ_L, Local Cell ID=11, Cell Name=PI_UIO_USFQ_11, eNodeB ID=44436, Cell FDD TDD indication=CELL_FDD",Reliable,0,0
2026-04-11 04:00,60,"PI_UIO_USFQ_UL/Cell:eNodeB Function Name=PI_UIO_USFQ_L, Local Cell ID=12, Cell Name=PI_UIO_USFQ_12, eNodeB ID=44436, Cell FDD TDD indication=CELL_FDD",Reliable,0,0
2026-04-11 04:00,60,"PI_UIO_USFQ_UL/Cell:eNodeB Function Name=PI_UIO_USFQ_L, Local Cell ID=13, Cell Name=PI_UIO_USFQ_13, eNodeB ID=44436, Cell FDD TDD indication=CELL_FDD",Reliable,0,0
2026-04-11 04:00,60,"PI_UIO_QUICENTRO_UL/Cell:eNodeB Function Name=PIC_UIO_QUICENTRO_L, Local Cell ID=1, Cell Name=PIC_UIO_QUICENTRO_L21_1, eNodeB ID=44272, Cell FDD TDD indication=CELL_FDD",Reliable,8.766,3.802
2026-04-11 04:00,60,"PI_UIO_QUICENTRO_UL/Cell:eNodeB Function Name=PIC_UIO_QUICENTRO_L, Local Cell ID=2, Cell Name=PIC_UIO_QUICENTRO_L21_2, eNodeB ID=44272, Cell FDD TDD indication=CELL_FDD",Reliable,54.299,8.488
2026-04-11 04:00,60,"PI_UIO_QUICENTRO_UL/Cell:eNodeB Function Name=PIC_UIO_QUICENTRO_L, Local Cell ID=3, Cell Name=PIC_UIO_QUICENTRO_L21_3, eNodeB ID=44272, Cell FDD TDD indication=CELL_FDD",Reliable,71.791,10.788
2026-04-11 04:00,60,"PI_UIO_QUICENTRO_UL/Cell:eNodeB Function Name=PIC_UIO_QUICENTRO_L, Local Cell ID=11, Cell Name=PIC_UIO_QUICENTRO_L19_11, eNodeB ID=44272, Cell FDD TDD indication=CELL_FDD",Reliable,4.963,0.061
2026-04-11 04:00,60,"PI_UIO_QUICENTRO_UL/Cell:eNodeB Function Name=PIC_UIO_QUICENTRO_L, Local Cell ID=12, Cell Name=PIC_UIO_QUICENTRO_L19_12, eNodeB ID=44272, Cell FDD TDD indication=CELL_FDD",Reliable,1.715,0.751
2026-04-11 04:00,60,"PI_UIO_QUICENTRO_UL/Cell:eNodeB Function Name=PIC_UIO_QUICENTRO_L, Local Cell ID=13, Cell Name=PIC_UIO_QUICENTRO_L19_13, eNodeB ID=44272, Cell FDD TDD indication=CELL_FDD",Reliable,2.88,0.819
2026-04-11 04:00,60,"PIC_UIO_TERRANOVA_ULN/Cell:eNodeB Function Name=PIC_UIO_TERRANOVA_L, Local Cell ID=1, Cell Name=PIC_UIO_TERRANOVA_L21_1, eNodeB ID=44995, Cell FDD TDD indication=CELL_FDD",Reliable,6.842,2.068
2026-04-11 04:00,60,"PIC_UIO_TERRANOVA_ULN/Cell:eNodeB Function Name=PIC_UIO_TERRANOVA_L, Local Cell ID=2, Cell Name=PIC_UIO_TERRANOVA_L21_2, eNodeB ID=44995, Cell FDD TDD indication=CELL_FDD",Reliable,103.005,7.088
2026-04-11 04:00,60,"PI_UIO_ARELLANO_UL/Cell:eNodeB Function Name=PI_UIO_ARELLANOL21, Local Cell ID=1, Cell Name=PI_UIO_ARELLANO_1, eNodeB ID=44324, Cell FDD TDD indication=CELL_FDD",Reliable,43.075,3.276
2026-04-11 04:00,60,"PI_UIO_ARELLANO_UL/Cell:eNodeB Function Name=PI_UIO_ARELLANOL21, Local Cell ID=2, Cell Name=PI_UIO_ARELLANO_2, eNodeB ID=44324, Cell FDD TDD indication=CELL_FDD",Reliable,3.732,0.762
2026-04-11 04:00,60,"PI_UIO_AV_AMAZONAS_TRR_UL/Cell:eNodeB Function Name=PI_UIO_AV_AMAZONAS_TRRL21, Local Cell ID=1, Cell Name=PI_UIO_AV_AMAZONAS_TRR_1, eNodeB ID=44965, Cell FDD TDD indication=CELL_FDD",Reliable,222.311,12.454
2026-04-11 04:00,60,"PI_UIO_AV_AMAZONAS_TRR_UL/Cell:eNodeB Function Name=PI_UIO_AV_AMAZONAS_TRRL21, Local Cell ID=2, Cell Name=PI_UIO_AV_AMAZONAS_TRR_2, eNodeB ID=44965, Cell FDD TDD indication=CELL_FDD",Reliable,0.263,0.177
2026-04-11 04:00,60,"PI_UIO_AV_AMAZONAS_TRR_UL/Cell:eNodeB Function Name=PI_UIO_AV_AMAZONAS_TRRL21, Local Cell ID=3, Cell Name=PI_UIO_AV_AMAZONAS_TRR_3, eNodeB ID=44965, Cell FDD TDD indication=CELL_FDD",Reliable,224.816,16.909
2026-04-11 04:00,60,"PI_UIO_REGIMIENTO_QUITO_UL/Cell:eNodeB Function Name=PI_UIO_REGIMIENTO_QUITOL21, Local Cell ID=1, Cell Name=PI_UIO_REGIMIENTO_QUITO_1, eNodeB ID=44383, Cell FDD TDD indication=CELL_FDD",Reliable,28.074,8.051
2026-04-11 04:00,60,"PI_UIO_REGIMIENTO_QUITO_UL/Cell:eNodeB Function Name=PI_UIO_REGIMIENTO_QUITOL21, Local Cell ID=2, Cell Name=PI_UIO_REGIMIENTO_QUITO_2, eNodeB ID=44383, Cell FDD TDD indication=CELL_FDD",Reliable,307.49,14.473
2026-04-11 04:00,60,"PI_UIO_TUFINO(PI)_UL/Cell:eNodeB Function Name=PI_UIO_TUFINO(PI)L21, Local Cell ID=1, Cell Name=PI_UIO_TUFINO(PI)_1, eNodeB ID=44306, Cell FDD TDD indication=CELL_FDD",Reliable,64.576,11.812
2026-04-11 04:00,60,"PI_UIO_TUFINO(PI)_UL/Cell:eNodeB Function Name=PI_UIO_TUFINO(PI)L21, Local Cell ID=2, Cell Name=PI_UIO_TUFINO(PI)_2, eNodeB ID=44306, Cell FDD TDD indication=CELL_FDD",Reliable,103.072,7.008
2026-04-11 04:00,60,"PI_UIO_TUFINO(PI)_UL/Cell:eNodeB Function Name=PI_UIO_TUFINO(PI)L21, Local Cell ID=3, Cell Name=PI_UIO_TUFINO(PI)_3, eNodeB ID=44306, Cell FDD TDD indication=CELL_FDD",Reliable,2.168,0.961
2026-04-11 04:00,60,"PI_UIO_COL_CENTRAL_TECNICO_TRR_UL/Cell:eNodeB Function Name=PI_UIO_COL_CENTRAL_TECNICO_TRRL21, Local Cell ID=1, Cell Name=PI_UIO_COL_CENTRAL_TECNICO_TRR_1, eNodeB ID=44808, Cell FDD TDD indication=CELL_FDD",Reliable,23.53,8.56
2026-04-11 04:00,60,"PI_UIO_COL_CENTRAL_TECNICO_TRR_UL/Cell:eNodeB Function Name=PI_UIO_COL_CENTRAL_TECNICO_TRRL21, Local Cell ID=2, Cell Name=PI_UIO_COL_CENTRAL_TECNICO_TRR_2, eNodeB ID=44808, Cell FDD TDD indication=CELL_FDD",Reliable,0.466,0.497
2026-04-11 04:00,60,"PI_UIO_COL_CENTRAL_TECNICO_TRR_UL/Cell:eNodeB Function Name=PI_UIO_COL_CENTRAL_TECNICO_TRRL21, Local Cell ID=3, Cell Name=PI_UIO_COL_CENTRAL_TECNICO_TRR_3, eNodeB ID=44808, Cell FDD TDD indication=CELL_FDD",Reliable,19.733,4.488
2026-04-11 04:00,60,"PI_UIO_CORDILLERA_UL/Cell:eNodeB Function Name=PI_UIO_CORDILLERA_L, Local Cell ID=1, Cell Name=PI_UIO_CORDILLERA_1, eNodeB ID=44315, Cell FDD TDD indication=CELL_FDD",Reliable,28.85,18.374
2026-04-11 04:00,60,"PI_UIO_CORDILLERA_UL/Cell:eNodeB Function Name=PI_UIO_CORDILLERA_L, Local Cell ID=2, Cell Name=PI_UIO_CORDILLERA_2, eNodeB ID=44315, Cell FDD TDD indication=CELL_FDD",Reliable,10.369,2.222
2026-04-11 04:00,60,"PI_UIO_CORDILLERA_UL/Cell:eNodeB Function Name=PI_UIO_CORDILLERA_L, Local Cell ID=3, Cell Name=PI_UIO_CORDILLERA_3, eNodeB ID=44315, Cell FDD TDD indication=CELL_FDD",Reliable,1.036,3.1
2026-04-11 04:00,60,"PI_UIO_CORDILLERA_UL/Cell:eNodeB Function Name=PI_UIO_CORDILLERA_L, Local Cell ID=11, Cell Name=PI_UIO_CORDILLERA_11, eNodeB ID=44315, Cell FDD TDD indication=CELL_FDD",Reliable,3.057,1.627
2026-04-11 04:00,60,"PI_UIO_CORDILLERA_UL/Cell:eNodeB Function Name=PI_UIO_CORDILLERA_L, Local Cell ID=12, Cell Name=PI_UIO_CORDILLERA_12, eNodeB ID=44315, Cell FDD TDD indication=CELL_FDD",Reliable,0.265,0.062
2026-04-11 04:00,60,"PI_UIO_CORDILLERA_UL/Cell:eNodeB Function Name=PI_UIO_CORDILLERA_L, Local Cell ID=13, Cell Name=PI_UIO_CORDILLERA_13, eNodeB ID=44315, Cell FDD TDD indication=CELL_FDD",Reliable,0,0.001
2026-04-11 04:00,60,"PI_UIO_ISLA_SAN_CRISTOBAL_UL/Cell:eNodeB Function Name=PI_UIO_ISLA_SAN_CRISTOBALL21, Local Cell ID=1, Cell Name=PI_UIO_ISLA_SAN_CRISTOBAL_1, eNodeB ID=44437, Cell FDD TDD indication=CELL_FDD",Reliable,118.427,22.166
2026-04-11 04:00,60,"PI_UIO_ISLA_SAN_CRISTOBAL_UL/Cell:eNodeB Function Name=PI_UIO_ISLA_SAN_CRISTOBALL21, Local Cell ID=2, Cell Name=PI_UIO_ISLA_SAN_CRISTOBAL_2, eNodeB ID=44437, Cell FDD TDD indication=CELL_FDD",Reliable,18.759,4.824
2026-04-11 04:00,60,"PI_UIO_ISLA_SAN_CRISTOBAL_UL/Cell:eNodeB Function Name=PI_UIO_ISLA_SAN_CRISTOBALL21, Local Cell ID=3, Cell Name=PI_UIO_ISLA_SAN_CRISTOBAL_3, eNodeB ID=44437, Cell FDD TDD indication=CELL_FDD",Reliable,74.289,15.988
2026-04-11 04:00,60,"PI_UIO_LA_MASCOTA_UL/Cell:eNodeB Function Name=PI_UIO_LA_MASCOTAL21, Local Cell ID=1, Cell Name=PI_UIO_LA_MASCOTA_1, eNodeB ID=44219, Cell FDD TDD indication=CELL_FDD",Reliable,4.152,1.864
2026-04-11 04:00,60,"PI_UIO_LA_MASCOTA_UL/Cell:eNodeB Function Name=PI_UIO_LA_MASCOTAL21, Local Cell ID=2, Cell Name=PI_UIO_LA_MASCOTA_2, eNodeB ID=44219, Cell FDD TDD indication=CELL_FDD",Reliable,22.39,4.529
2026-04-11 04:00,60,"PI_UIO_LA_MASCOTA_UL/Cell:eNodeB Function Name=PI_UIO_LA_MASCOTAL21, Local Cell ID=3, Cell Name=PI_UIO_LA_MASCOTA_3, eNodeB ID=44219, Cell FDD TDD indication=CELL_FDD",Reliable,29.032,228.579
2026-04-11 04:00,60,"PI_UIO_ECU911_UL/Cell:eNodeB Function Name=PI_UIO_ECU911L21, Local Cell ID=1, Cell Name=PI_UIO_ECU911_1, eNodeB ID=44940, Cell FDD TDD indication=CELL_FDD",Reliable,182.472,20.325
2026-04-11 04:00,60,"IM_URC_YACHAY_UL/Cell:eNodeB Function Name=IM_URC_YACHAYL21, Local Cell ID=1, Cell Name=IM_URC_YACHAY_1, eNodeB ID=44755, Cell FDD TDD indication=CELL_FDD",Reliable,17.734,19.369
2026-04-11 04:00,60,"IM_URC_YACHAY_UL/Cell:eNodeB Function Name=IM_URC_YACHAYL21, Local Cell ID=2, Cell Name=IM_URC_YACHAY_2, eNodeB ID=44755, Cell FDD TDD indication=CELL_FDD",Reliable,91.67,7.776
2026-04-11 04:00,60,"IM_URC_YACHAY_UL/Cell:eNodeB Function Name=IM_URC_YACHAYL21, Local Cell ID=3, Cell Name=IM_URC_YACHAY_3, eNodeB ID=44755, Cell FDD TDD indication=CELL_FDD",Reliable,7.229,2.36
2026-04-11 04:00,60,"PI_UIO_EL_EDEN_UL/Cell:eNodeB Function Name=PI_UIO_EL_EDENL21, Local Cell ID=1, Cell Name=PI_UIO_EL_EDEN_1, eNodeB ID=44117, Cell FDD TDD indication=CELL_FDD",Reliable,7.848,2.572
2026-04-11 04:00,60,"PI_UIO_EL_EDEN_UL/Cell:eNodeB Function Name=PI_UIO_EL_EDENL21, Local Cell ID=2, Cell Name=PI_UIO_EL_EDEN_2, eNodeB ID=44117, Cell FDD TDD indication=CELL_FDD",Reliable,16.344,4.288
2026-04-11 04:00,60,"PI_UIO_EL_EDEN_UL/Cell:eNodeB Function Name=PI_UIO_EL_EDENL21, Local Cell ID=3, Cell Name=PI_UIO_EL_EDEN_3, eNodeB ID=44117, Cell FDD TDD indication=CELL_FDD",Reliable,136.725,15.909
2026-04-11 04:00,60,"PI_UIO_FLACSO_TRR_UL/Cell:eNodeB Function Name=PI_UIO_FLACSO_TRRL21, Local Cell ID=1, Cell Name=PI_UIO_FLACSO_TRR_1, eNodeB ID=44967, Cell FDD TDD indication=CELL_FDD",Reliable,46.356,166.955
2026-04-11 04:00,60,"PI_UIO_FLACSO_TRR_UL/Cell:eNodeB Function Name=PI_UIO_FLACSO_TRRL21, Local Cell ID=2, Cell Name=PI_UIO_FLACSO_TRR_2, eNodeB ID=44967, Cell FDD TDD indication=CELL_FDD",Reliable,0.012,0.036
2026-04-11 04:00,60,"PI_UIO_FLACSO_TRR_UL/Cell:eNodeB Function Name=PI_UIO_FLACSO_TRRL21, Local Cell ID=3, Cell Name=PI_UIO_FLACSO_TRR_3, eNodeB ID=44967, Cell FDD TDD indication=CELL_FDD",Reliable,3.421,0.7
2026-04-11 04:00,60,"PI_UIO_WHIMPER_TRR_UL/Cell:eNodeB Function Name=PI_UIO_WHIMPER_TRR_L, Local Cell ID=1, Cell Name=PI_UIO_WHIMPER_TRR_1, eNodeB ID=44968, Cell FDD TDD indication=CELL_FDD",Reliable,114.965,9.071
2026-04-11 04:00,60,"PI_UIO_WHIMPER_TRR_UL/Cell:eNodeB Function Name=PI_UIO_WHIMPER_TRR_L, Local Cell ID=2, Cell Name=PI_UIO_WHIMPER_TRR_2, eNodeB ID=44968, Cell FDD TDD indication=CELL_FDD",Reliable,9.191,0.535
2026-04-11 04:00,60,"PI_UIO_WHIMPER_TRR_UL/Cell:eNodeB Function Name=PI_UIO_WHIMPER_TRR_L, Local Cell ID=3, Cell Name=PI_UIO_WHIMPER_TRR_3, eNodeB ID=44968, Cell FDD TDD indication=CELL_FDD",Reliable,72.89,9.23
2026-04-11 04:00,60,"PI_UIO_WHIMPER_TRR_UL/Cell:eNodeB Function Name=PI_UIO_WHIMPER_TRR_L, Local Cell ID=11, Cell Name=PI_UIO_WHIMPER_TRR_11, eNodeB ID=44968, Cell FDD TDD indication=CELL_FDD",Reliable,0,0
2026-04-11 04:00,60,"PI_UIO_WHIMPER_TRR_UL/Cell:eNodeB Function Name=PI_UIO_WHIMPER_TRR_L, Local Cell ID=12, Cell Name=PI_UIO_WHIMPER_TRR_12, eNodeB ID=44968, Cell FDD TDD indication=CELL_FDD",Reliable,0.616,0.179
2026-04-11 04:00,60,"PI_UIO_WHIMPER_TRR_UL/Cell:eNodeB Function Name=PI_UIO_WHIMPER_TRR_L, Local Cell ID=13, Cell Name=PI_UIO_WHIMPER_TRR_13, eNodeB ID=44968, Cell FDD TDD indication=CELL_FDD",Reliable,2.449,0.555
2026-04-11 04:00,60,"PI_UIO_BELLO_HORIZONTE_TRR_UL/Cell:eNodeB Function Name=PIC_UIO_BELLO_HORIZONTE_TRR_L, Local Cell ID=1, Cell Name=PIC_UIO_BELLO_HORIZONTE_TRR_L21_1, eNodeB ID=44966, Cell FDD TDD indication=CELL_FDD",Reliable,426.597,171.9
2026-04-11 04:00,60,"PI_UIO_BELLO_HORIZONTE_TRR_UL/Cell:eNodeB Function Name=PIC_UIO_BELLO_HORIZONTE_TRR_L, Local Cell ID=2, Cell Name=PIC_UIO_BELLO_HORIZONTE_TRR_L21_2, eNodeB ID=44966, Cell FDD TDD indication=CELL_FDD",Reliable,47.456,9.008
2026-04-11 04:00,60,"PI_UIO_BELLO_HORIZONTE_TRR_UL/Cell:eNodeB Function Name=PIC_UIO_BELLO_HORIZONTE_TRR_L, Local Cell ID=3, Cell Name=PIC_UIO_BELLO_HORIZONTE_TRR_L21_3, eNodeB ID=44966, Cell FDD TDD indication=CELL_FDD",Reliable,3.072,1.651
2026-04-11 04:00,60,"PI_UIO_BELLO_HORIZONTE_TRR_UL/Cell:eNodeB Function Name=PIC_UIO_BELLO_HORIZONTE_TRR_L, Local Cell ID=11, Cell Name=PIC_UIO_BELLO_HORIZONTE_TRR_L19_11, eNodeB ID=44966, Cell FDD TDD indication=CELL_FDD",Reliable,6.348,2.709
2026-04-11 04:00,60,"PI_UIO_BELLO_HORIZONTE_TRR_UL/Cell:eNodeB Function Name=PIC_UIO_BELLO_HORIZONTE_TRR_L, Local Cell ID=12, Cell Name=PIC_UIO_BELLO_HORIZONTE_TRR_L19_12, eNodeB ID=44966, Cell FDD TDD indication=CELL_FDD",Reliable,20.156,6.022
2026-04-11 04:00,60,"PI_UIO_BELLO_HORIZONTE_TRR_UL/Cell:eNodeB Function Name=PIC_UIO_BELLO_HORIZONTE_TRR_L, Local Cell ID=13, Cell Name=PIC_UIO_BELLO_HORIZONTE_TRR_L19_13, eNodeB ID=44966, Cell FDD TDD indication=CELL_FDD",Reliable,6.735,2.677
2026-04-11 04:00,60,"PI_UIO_PLAZA_ARGENTINA_UL/Cell:eNodeB Function Name=PI_UIO_PLAZA_ARGENTINA_L, Local Cell ID=1, Cell Name=PI_UIO_PLAZA_ARGENTINA_1, eNodeB ID=44328, Cell FDD TDD indication=CELL_FDD",Reliable,10.695,3.887
2026-04-11 04:00,60,"PI_UIO_PLAZA_ARGENTINA_UL/Cell:eNodeB Function Name=PI_UIO_PLAZA_ARGENTINA_L, Local Cell ID=2, Cell Name=PI_UIO_PLAZA_ARGENTINA_2, eNodeB ID=44328, Cell FDD TDD indication=CELL_FDD",Reliable,9.253,2.55
2026-04-11 04:00,60,"PI_UIO_PLAZA_ARGENTINA_UL/Cell:eNodeB Function Name=PI_UIO_PLAZA_ARGENTINA_L, Local Cell ID=3, Cell Name=PI_UIO_PLAZA_ARGENTINA_3, eNodeB ID=44328, Cell FDD TDD indication=CELL_FDD",Reliable,9.925,2.645
2026-04-11 04:00,60,"PI_UIO_PLAZA_ARGENTINA_UL/Cell:eNodeB Function Name=PI_UIO_PLAZA_ARGENTINA_L, Local Cell ID=11, Cell Name=PI_UIO_PLAZA_ARGENTINA_11, eNodeB ID=44328, Cell FDD TDD indication=CELL_FDD",Reliable,0.046,0.048
2026-04-11 04:00,60,"PI_UIO_PLAZA_ARGENTINA_UL/Cell:eNodeB Function Name=PI_UIO_PLAZA_ARGENTINA_L, Local Cell ID=12, Cell Name=PI_UIO_PLAZA_ARGENTINA_12, eNodeB ID=44328, Cell FDD TDD indication=CELL_FDD",Reliable,7.407,1.112
2026-04-11 04:00,60,"PI_UIO_PLAZA_ARGENTINA_UL/Cell:eNodeB Function Name=PI_UIO_PLAZA_ARGENTINA_L, Local Cell ID=13, Cell Name=PI_UIO_PLAZA_ARGENTINA_13, eNodeB ID=44328, Cell FDD TDD indication=CELL_FDD",Reliable,0.023,0.01
2026-04-11 04:00,60,"PI_UIO_NODO_1_EL_PINTADO_SIGCHOS_UL/Cell:eNodeB Function Name=PI_UIO_NODO_1_EL_PINTADO_SIGCHOSL21, Local Cell ID=1, Cell Name=PI_UIO_NODO_1_EL_PINTADO_SIGCHOS_1, eNodeB ID=44238, Cell FDD TDD indication=CELL_FDD",Reliable,2.274,1.796
2026-04-11 04:00,60,"PI_UIO_NODO_1_EL_PINTADO_SIGCHOS_UL/Cell:eNodeB Function Name=PI_UIO_NODO_1_EL_PINTADO_SIGCHOSL21, Local Cell ID=2, Cell Name=PI_UIO_NODO_1_EL_PINTADO_SIGCHOS_2, eNodeB ID=44238, Cell FDD TDD indication=CELL_FDD",Reliable,3.246,2.73
2026-04-11 04:00,60,"PI_UIO_NODO_1_EL_PINTADO_SIGCHOS_UL/Cell:eNodeB Function Name=PI_UIO_NODO_1_EL_PINTADO_SIGCHOSL21, Local Cell ID=3, Cell Name=PI_UIO_NODO_1_EL_PINTADO_SIGCHOS_3, eNodeB ID=44238, Cell FDD TDD indication=CELL_FDD",Reliable,48.492,10.804
2026-04-11 04:00,60,"PI_UIO_LA_RAYA_UL/Cell:eNodeB Function Name=PI_UIO_LA_RAYAL21, Local Cell ID=1, Cell Name=PI_UIO_LA_RAYA_1, eNodeB ID=44347, Cell FDD TDD indication=CELL_FDD",Reliable,48.198,6.267
2026-04-11 04:00,60,"PI_UIO_LA_RAYA_UL/Cell:eNodeB Function Name=PI_UIO_LA_RAYAL21, Local Cell ID=2, Cell Name=PI_UIO_LA_RAYA_2, eNodeB ID=44347, Cell FDD TDD indication=CELL_FDD",Reliable,226.971,13.125
2026-04-11 04:00,60,"SD_SD_LAS_PALMERAS_UL/Cell:eNodeB Function Name=SD_SD_LAS_PALMERASL21, Local Cell ID=1, Cell Name=SD_SD_LAS_PALMERAS_1, eNodeB ID=44782, Cell FDD TDD indication=CELL_FDD",Reliable,6.805,2.188
2026-04-11 04:00,60,"SD_SD_LAS_PALMERAS_UL/Cell:eNodeB Function Name=SD_SD_LAS_PALMERASL21, Local Cell ID=2, Cell Name=SD_SD_LAS_PALMERAS_2, eNodeB ID=44782, Cell FDD TDD indication=CELL_FDD",Reliable,2.554,4.588
2026-04-11 04:00,60,"SD_SD_LAS_PALMERAS_UL/Cell:eNodeB Function Name=SD_SD_LAS_PALMERASL21, Local Cell ID=3, Cell Name=SD_SD_LAS_PALMERAS_3, eNodeB ID=44782, Cell FDD TDD indication=CELL_FDD",Reliable,10.152,10.297
2026-04-11 04:00,60,"SD_SD_TSACHILAS_UL/Cell:eNodeB Function Name=STD_STD_TSACHILAS_L, Local Cell ID=1, Cell Name=SD_SD_TSACHILAS_1, eNodeB ID=44796, Cell FDD TDD indication=CELL_FDD",Reliable,4.83,3.624
2026-04-11 04:00,60,"SD_SD_TSACHILAS_UL/Cell:eNodeB Function Name=STD_STD_TSACHILAS_L, Local Cell ID=2, Cell Name=SD_SD_TSACHILAS_2, eNodeB ID=44796, Cell FDD TDD indication=CELL_FDD",Reliable,13.571,6.911
2026-04-11 04:00,60,"SD_SD_TSACHILAS_UL/Cell:eNodeB Function Name=STD_STD_TSACHILAS_L, Local Cell ID=3, Cell Name=SD_SD_TSACHILAS_3, eNodeB ID=44796, Cell FDD TDD indication=CELL_FDD",Reliable,52.921,9.037
2026-04-11 04:00,60,"PI_UIO_LA_BOTA_UL/Cell:eNodeB Function Name=PI_UIO_LA_BOTA_L, Local Cell ID=1, Cell Name=PI_UIO_LA_BOTA_1, eNodeB ID=44137, Cell FDD TDD indication=CELL_FDD",Reliable,98.617,12.237
2026-04-11 04:00,60,"PI_UIO_LA_BOTA_UL/Cell:eNodeB Function Name=PI_UIO_LA_BOTA_L, Local Cell ID=2, Cell Name=PI_UIO_LA_BOTA_2, eNodeB ID=44137, Cell FDD TDD indication=CELL_FDD",Reliable,16.302,5.533
2026-04-11 04:00,60,"PI_UIO_LA_BOTA_UL/Cell:eNodeB Function Name=PI_UIO_LA_BOTA_L, Local Cell ID=3, Cell Name=PI_UIO_LA_BOTA_3, eNodeB ID=44137, Cell FDD TDD indication=CELL_FDD",Reliable,106.092,12.284
2026-04-11 04:00,60,"PI_UIO_LA_BOTA_UL/Cell:eNodeB Function Name=PI_UIO_LA_BOTA_L, Local Cell ID=11, Cell Name=PI_UIO_LA_BOTA_11, eNodeB ID=44137, Cell FDD TDD indication=CELL_FDD",Reliable,0.205,0.132
2026-04-11 04:00,60,"PI_UIO_LA_BOTA_UL/Cell:eNodeB Function Name=PI_UIO_LA_BOTA_L, Local Cell ID=12, Cell Name=PI_UIO_LA_BOTA_12, eNodeB ID=44137, Cell FDD TDD indication=CELL_FDD",Reliable,1.087,0.569
2026-04-11 04:00,60,"PI_UIO_LA_BOTA_UL/Cell:eNodeB Function Name=PI_UIO_LA_BOTA_L, Local Cell ID=13, Cell Name=PI_UIO_LA_BOTA_13, eNodeB ID=44137, Cell FDD TDD indication=CELL_FDD",Reliable,1.215,0.062
2026-04-11 04:00,60,"PI_UIO_CARCELEN_UL/Cell:eNodeB Function Name=PI_UIO_CARCELENL21, Local Cell ID=1, Cell Name=PI_UIO_CARCELEN_1, eNodeB ID=44031, Cell FDD TDD indication=CELL_FDD",Reliable,187.402,26.118
2026-04-11 04:00,60,"PI_UIO_CARCELEN_UL/Cell:eNodeB Function Name=PI_UIO_CARCELENL21, Local Cell ID=2, Cell Name=PI_UIO_CARCELEN_2, eNodeB ID=44031, Cell FDD TDD indication=CELL_FDD",Reliable,23.373,4.091
2026-04-11 04:00,60,"PI_UIO_CARCELEN_UL/Cell:eNodeB Function Name=PI_UIO_CARCELENL21, Local Cell ID=3, Cell Name=PI_UIO_CARCELEN_3, eNodeB ID=44031, Cell FDD TDD indication=CELL_FDD",Reliable,98.772,38.816
2026-04-11 04:00,60,"PIC_UIO_HOSP_SAN_FRANCISCO_UL/Cell:eNodeB Function Name=PIC_UIO_HOSP_SAN_FRANCISCO_L, Local Cell ID=1, Cell Name=PIC_UIO_HOSP_SAN_FRANCISCO_L21_1, eNodeB ID=43668, Cell FDD TDD indication=CELL_FDD",Reliable,42.06,8.272
2026-04-11 04:00,60,"PIC_UIO_HOSP_SAN_FRANCISCO_UL/Cell:eNodeB Function Name=PIC_UIO_HOSP_SAN_FRANCISCO_L, Local Cell ID=2, Cell Name=PIC_UIO_HOSP_SAN_FRANCISCO_L21_2, eNodeB ID=43668, Cell FDD TDD indication=CELL_FDD",Reliable,224.694,136.74
2026-04-11 04:00,60,"PIC_UIO_HOSP_SAN_FRANCISCO_UL/Cell:eNodeB Function Name=PIC_UIO_HOSP_SAN_FRANCISCO_L, Local Cell ID=3, Cell Name=PIC_UIO_HOSP_SAN_FRANCISCO_L21_3, eNodeB ID=43668, Cell FDD TDD indication=CELL_FDD",Reliable,71.273,8.686
2026-04-11 04:00,60,"PI_UIO_LIZARAZU_UL/Cell:eNodeB Function Name=PI_UIO_LIZARAZUL21, Local Cell ID=1, Cell Name=PI_UIO_LIZARAZU_1, eNodeB ID=44223, Cell FDD TDD indication=CELL_FDD",Reliable,129.636,887.973
2026-04-11 04:00,60,"PI_UIO_LIZARAZU_UL/Cell:eNodeB Function Name=PI_UIO_LIZARAZUL21, Local Cell ID=2, Cell Name=PI_UIO_LIZARAZU_2, eNodeB ID=44223, Cell FDD TDD indication=CELL_FDD",Reliable,3.694,2.099
2026-04-11 04:00,60,"PI_UIO_MENA_DEL_HIERRO_UL/Cell:eNodeB Function Name=PIC_UIO_MENA_DEL_HIERRO_L, Local Cell ID=1, Cell Name=PIC_UIO_MENA_DEL_HIERRO_L21_1, eNodeB ID=44299, Cell FDD TDD indication=CELL_FDD",Reliable,44.905,3.703
2026-04-11 04:00,60,"PI_UIO_MENA_DEL_HIERRO_UL/Cell:eNodeB Function Name=PIC_UIO_MENA_DEL_HIERRO_L, Local Cell ID=2, Cell Name=PIC_UIO_MENA_DEL_HIERRO_L21_2, eNodeB ID=44299, Cell FDD TDD indication=CELL_FDD",Reliable,1.352,1.004
2026-04-11 04:00,60,"PI_UIO_ESMIL_UL/Cell:eNodeB Function Name=PI_UIO_ESMILL21, Local Cell ID=1, Cell Name=PI_UIO_ESMIL_1, eNodeB ID=44265, Cell FDD TDD indication=CELL_FDD",Reliable,375.159,23.834
2026-04-11 04:00,60,"PI_UIO_ESMIL_UL/Cell:eNodeB Function Name=PI_UIO_ESMILL21, Local Cell ID=2, Cell Name=PI_UIO_ESMIL_2, eNodeB ID=44265, Cell FDD TDD indication=CELL_FDD",Reliable,59.933,47.232
2026-04-11 04:00,60,"PI_UIO_ESMIL_UL/Cell:eNodeB Function Name=PI_UIO_ESMILL21, Local Cell ID=3, Cell Name=PI_UIO_ESMIL_3, eNodeB ID=44265, Cell FDD TDD indication=CELL_FDD",Reliable,86.483,12.943
2026-04-11 04:00,60,"PI_UIO_MONJAS(3G)_UL/Cell:eNodeB Function Name=PIC_UIO_MONJAS_3G_L, Local Cell ID=1, Cell Name=PIC_UIO_MONJAS_3G_L21_1, eNodeB ID=44039, Cell FDD TDD indication=CELL_FDD",Reliable,5.336,3.644
2026-04-11 04:00,60,"PI_UIO_MONJAS(3G)_UL/Cell:eNodeB Function Name=PIC_UIO_MONJAS_3G_L, Local Cell ID=2, Cell Name=PIC_UIO_MONJAS_3G_L21_2, eNodeB ID=44039, Cell FDD TDD indication=CELL_FDD",Reliable,125.231,18.028
2026-04-11 04:00,60,"PI_UIO_MONJAS(3G)_UL/Cell:eNodeB Function Name=PIC_UIO_MONJAS_3G_L, Local Cell ID=3, Cell Name=PIC_UIO_MONJAS_3G_L21_3, eNodeB ID=44039, Cell FDD TDD indication=CELL_FDD",Reliable,3089.037,65.09
2026-04-11 04:00,60,"PI_UIO_MONJAS(3G)_UL/Cell:eNodeB Function Name=PIC_UIO_MONJAS_3G_L, Local Cell ID=7, Cell Name=PIC_UIO_MONJAS_3G_L7_7, eNodeB ID=44039, Cell FDD TDD indication=CELL_FDD",Reliable,386.219,18.283
2026-04-11 04:00,60,"PI_UIO_MONJAS(3G)_UL/Cell:eNodeB Function Name=PIC_UIO_MONJAS_3G_L, Local Cell ID=8, Cell Name=PIC_UIO_MONJAS_3G_L7_8, eNodeB ID=44039, Cell FDD TDD indication=CELL_FDD",Reliable,338.758,19.62
2026-04-11 04:00,60,"PI_UIO_MONJAS(3G)_UL/Cell:eNodeB Function Name=PIC_UIO_MONJAS_3G_L, Local Cell ID=9, Cell Name=PIC_UIO_MONJAS_3G_L7_9, eNodeB ID=44039, Cell FDD TDD indication=CELL_FDD",Reliable,25.098,18.38
2026-04-11 04:00,60,"PIC_UIO_VILLALENGUA_ULN/Cell:eNodeB Function Name=PI_UIO_VILLALENGUAL21, Local Cell ID=1, Cell Name=PI_UIO_VILLALENGUA_1, eNodeB ID=44385, Cell FDD TDD indication=CELL_FDD",Reliable,7.03,2.348
2026-04-11 04:00,60,"PIC_UIO_VILLALENGUA_ULN/Cell:eNodeB Function Name=PI_UIO_VILLALENGUAL21, Local Cell ID=2, Cell Name=PI_UIO_VILLALENGUA_2, eNodeB ID=44385, Cell FDD TDD indication=CELL_FDD",Reliable,13.308,4.042
2026-04-11 04:00,60,"PI_UIO_SANTA_RITA(3G)_UL/Cell:eNodeB Function Name=PI_UIO_SANTA_RITA(3G)_L, Local Cell ID=1, Cell Name=PI_UIO_SANTA_RITA(3G)_1, eNodeB ID=44044, Cell FDD TDD indication=CELL_FDD",Reliable,373.955,60.393
2026-04-11 04:00,60,"PI_UIO_SANTA_RITA(3G)_UL/Cell:eNodeB Function Name=PI_UIO_SANTA_RITA(3G)_L, Local Cell ID=2, Cell Name=PI_UIO_SANTA_RITA(3G)_2, eNodeB ID=44044, Cell FDD TDD indication=CELL_FDD",Reliable,525.431,570.444
2026-04-11 04:00,60,"PI_UIO_SANTA_RITA(3G)_UL/Cell:eNodeB Function Name=PI_UIO_SANTA_RITA(3G)_L, Local Cell ID=3, Cell Name=PI_UIO_SANTA_RITA(3G)_3, eNodeB ID=44044, Cell FDD TDD indication=CELL_FDD",Reliable,30.906,6.786
2026-04-11 04:00,60,"PI_UIO_SANTA_RITA(3G)_UL/Cell:eNodeB Function Name=PI_UIO_SANTA_RITA(3G)_L, Local Cell ID=7, Cell Name=PI_UIO_SANTA_RITA(3G)_APT_7, eNodeB ID=44044, Cell FDD TDD indication=CELL_FDD",Reliable,339.323,37.352
2026-04-11 04:00,60,"PI_UIO_SANTA_RITA(3G)_UL/Cell:eNodeB Function Name=PI_UIO_SANTA_RITA(3G)_L, Local Cell ID=8, Cell Name=PI_UIO_SANTA_RITA(3G)_APT_8, eNodeB ID=44044, Cell FDD TDD indication=CELL_FDD",Reliable,48.816,4.694
2026-04-11 04:00,60,"PI_UIO_SANTA_RITA(3G)_UL/Cell:eNodeB Function Name=PI_UIO_SANTA_RITA(3G)_L, Local Cell ID=9, Cell Name=PI_UIO_SANTA_RITA(3G)_APT_9, eNodeB ID=44044, Cell FDD TDD indication=CELL_FDD",Reliable,224.258,120.977
2026-04-11 04:00,60,"PI_UIO_SANTA_RITA(3G)_UL/Cell:eNodeB Function Name=PI_UIO_SANTA_RITA(3G)_L, Local Cell ID=11, Cell Name=PI_UIO_SANTA_RITA(3G)_11, eNodeB ID=44044, Cell FDD TDD indication=CELL_FDD",Reliable,54.658,3.43
2026-04-11 04:00,60,"PI_UIO_SANTA_RITA(3G)_UL/Cell:eNodeB Function Name=PI_UIO_SANTA_RITA(3G)_L, Local Cell ID=12, Cell Name=PI_UIO_SANTA_RITA(3G)_12, eNodeB ID=44044, Cell FDD TDD indication=CELL_FDD",Reliable,0.733,0.526
2026-04-11 04:00,60,"PI_UIO_SANTA_RITA(3G)_UL/Cell:eNodeB Function Name=PI_UIO_SANTA_RITA(3G)_L, Local Cell ID=13, Cell Name=PI_UIO_SANTA_RITA(3G)_13, eNodeB ID=44044, Cell FDD TDD indication=CELL_FDD",Reliable,26.75,1.705
2026-04-11 04:00,60,"PI_UIO_PLAZA_DEL_VALLE_UL/Cell:eNodeB Function Name=PI_UIO_PLAZA_DEL_VALLEL21, Local Cell ID=1, Cell Name=PI_UIO_PLAZA_DEL_VALLE_1, eNodeB ID=44932, Cell FDD TDD indication=CELL_FDD",Reliable,57.392,4.47
2026-04-11 04:00,60,"PI_UIO_PLAZA_DEL_VALLE_UL/Cell:eNodeB Function Name=PI_UIO_PLAZA_DEL_VALLEL21, Local Cell ID=2, Cell Name=PI_UIO_PLAZA_DEL_VALLE_2, eNodeB ID=44932, Cell FDD TDD indication=CELL_FDD",Reliable,549.799,21.001
2026-04-11 04:00,60,"PI_UIO_PLAZA_DEL_VALLE_UL/Cell:eNodeB Function Name=PI_UIO_PLAZA_DEL_VALLEL21, Local Cell ID=3, Cell Name=PI_UIO_PLAZA_DEL_VALLE_3, eNodeB ID=44932, Cell FDD TDD indication=CELL_FDD",Reliable,25.83,4.298
2026-04-11 04:00,60,"PI_UIO_CALDERON_QUIFATEX_UL/Cell:eNodeB Function Name=PI_UIO_CALDERON_QUIFATEX_L, Local Cell ID=1, Cell Name=PI_UIO_CALDERON_QUIFATEX_1, eNodeB ID=44087, Cell FDD TDD indication=CELL_FDD",Reliable,457.062,24.533
2026-04-11 04:00,60,"PI_UIO_CALDERON_QUIFATEX_UL/Cell:eNodeB Function Name=PI_UIO_CALDERON_QUIFATEX_L, Local Cell ID=2, Cell Name=PI_UIO_CALDERON_QUIFATEX_2, eNodeB ID=44087, Cell FDD TDD indication=CELL_FDD",Reliable,112.153,14.156
2026-04-11 04:00,60,"PI_UIO_CALDERON_QUIFATEX_UL/Cell:eNodeB Function Name=PI_UIO_CALDERON_QUIFATEX_L, Local Cell ID=3, Cell Name=PI_UIO_CALDERON_QUIFATEX_3, eNodeB ID=44087, Cell FDD TDD indication=CELL_FDD",Reliable,1069.951,346.166
2026-04-11 04:00,60,"PI_UIO_CALDERON_QUIFATEX_UL/Cell:eNodeB Function Name=PI_UIO_CALDERON_QUIFATEX_L, Local Cell ID=7, Cell Name=PI_UIO_CALDERON_QUIFATEX_APT_7, eNodeB ID=44087, Cell FDD TDD indication=CELL_FDD",Reliable,258.609,27.195
2026-04-11 04:00,60,"PI_UIO_CALDERON_QUIFATEX_UL/Cell:eNodeB Function Name=PI_UIO_CALDERON_QUIFATEX_L, Local Cell ID=8, Cell Name=PI_UIO_CALDERON_QUIFATEX_APT_8, eNodeB ID=44087, Cell FDD TDD indication=CELL_FDD",Reliable,360.739,18.223
2026-04-11 04:00,60,"PI_UIO_CALDERON_QUIFATEX_UL/Cell:eNodeB Function Name=PI_UIO_CALDERON_QUIFATEX_L, Local Cell ID=9, Cell Name=PI_UIO_CALDERON_QUIFATEX_APT_9, eNodeB ID=44087, Cell FDD TDD indication=CELL_FDD",Reliable,280.731,25.901
2026-04-11 04:00,60,"PI_UIO_CALDERON_QUIFATEX_UL/Cell:eNodeB Function Name=PI_UIO_CALDERON_QUIFATEX_L, Local Cell ID=11, Cell Name=PI_UIO_CALDERON_QUIFATEX_11, eNodeB ID=44087, Cell FDD TDD indication=CELL_FDD",Reliable,0.045,0.061
2026-04-11 04:00,60,"PI_UIO_CALDERON_QUIFATEX_UL/Cell:eNodeB Function Name=PI_UIO_CALDERON_QUIFATEX_L, Local Cell ID=12, Cell Name=PI_UIO_CALDERON_QUIFATEX_12, eNodeB ID=44087, Cell FDD TDD indication=CELL_FDD",Reliable,4.465,1.541
2026-04-11 04:00,60,"PI_UIO_CALDERON_QUIFATEX_UL/Cell:eNodeB Function Name=PI_UIO_CALDERON_QUIFATEX_L, Local Cell ID=13, Cell Name=PI_UIO_CALDERON_QUIFATEX_13, eNodeB ID=44087, Cell FDD TDD indication=CELL_FDD",Reliable,1.815,0.762
2026-04-11 04:00,60,"PI_UIO_CARAPUNGO_UL/Cell:eNodeB Function Name=PI_UIO_CARAPUNGOL21, Local Cell ID=1, Cell Name=PI_UIO_CARAPUNGO_1, eNodeB ID=44090, Cell FDD TDD indication=CELL_FDD",Reliable,665.728,49.048
2026-04-11 04:00,60,"PI_UIO_CARAPUNGO_UL/Cell:eNodeB Function Name=PI_UIO_CARAPUNGOL21, Local Cell ID=2, Cell Name=PI_UIO_CARAPUNGO_2, eNodeB ID=44090, Cell FDD TDD indication=CELL_FDD",Reliable,127.68,14.65
2026-04-11 04:00,60,"PI_UIO_CARAPUNGO_UL/Cell:eNodeB Function Name=PI_UIO_CARAPUNGOL21, Local Cell ID=3, Cell Name=PI_UIO_CARAPUNGO_3, eNodeB ID=44090, Cell FDD TDD indication=CELL_FDD",Reliable,19.603,3.943
2026-04-11 04:00,60,"PIC_UIO_FLORON_TRR_ULN/Cell:eNodeB Function Name=PI_UIO_FLORON_TRR_L, Local Cell ID=1, Cell Name=PI_UIO_FLORON_TRR_1, eNodeB ID=44358, Cell FDD TDD indication=CELL_FDD",Reliable,460.033,37.651
2026-04-11 04:00,60,"PIC_UIO_FLORON_TRR_ULN/Cell:eNodeB Function Name=PI_UIO_FLORON_TRR_L, Local Cell ID=2, Cell Name=PI_UIO_FLORON_TRR_2, eNodeB ID=44358, Cell FDD TDD indication=CELL_FDD",Reliable,4.111,1.726
2026-04-11 04:00,60,"PIC_UIO_FLORON_TRR_ULN/Cell:eNodeB Function Name=PI_UIO_FLORON_TRR_L, Local Cell ID=3, Cell Name=PI_UIO_FLORON_TRR_3, eNodeB ID=44358, Cell FDD TDD indication=CELL_FDD",Reliable,13.312,5.371
2026-04-11 04:00,60,"PIC_UIO_FLORON_TRR_ULN/Cell:eNodeB Function Name=PI_UIO_FLORON_TRR_L, Local Cell ID=11, Cell Name=PI_UIO_FLORON_TRR_11, eNodeB ID=44358, Cell FDD TDD indication=CELL_FDD",Reliable,107.662,27.051
2026-04-11 04:00,60,"PIC_UIO_FLORON_TRR_ULN/Cell:eNodeB Function Name=PI_UIO_FLORON_TRR_L, Local Cell ID=12, Cell Name=PI_UIO_FLORON_TRR_12, eNodeB ID=44358, Cell FDD TDD indication=CELL_FDD",Reliable,0.313,0.217
2026-04-11 04:00,60,"PIC_UIO_FLORON_TRR_ULN/Cell:eNodeB Function Name=PI_UIO_FLORON_TRR_L, Local Cell ID=13, Cell Name=PI_UIO_FLORON_TRR_13, eNodeB ID=44358, Cell FDD TDD indication=CELL_FDD",Reliable,6.534,1.375
2026-04-11 04:00,60,"PI_UIO_CARAPUNGO_NORTE_UL/Cell:eNodeB Function Name=PI_UIO_CARAPUNGO_NORTEL21, Local Cell ID=1, Cell Name=PI_UIO_CARAPUNGO_NORTE_1, eNodeB ID=44089, Cell FDD TDD indication=CELL_FDD",Reliable,87.469,6.698
2026-04-11 04:00,60,"PI_UIO_CARAPUNGO_NORTE_UL/Cell:eNodeB Function Name=PI_UIO_CARAPUNGO_NORTEL21, Local Cell ID=2, Cell Name=PI_UIO_CARAPUNGO_NORTE_2, eNodeB ID=44089, Cell FDD TDD indication=CELL_FDD",Reliable,42.138,9.303
2026-04-11 04:00,60,"PI_UIO_CARAPUNGO_NORTE_UL/Cell:eNodeB Function Name=PI_UIO_CARAPUNGO_NORTEL21, Local Cell ID=3, Cell Name=PI_UIO_CARAPUNGO_NORTE_3, eNodeB ID=44089, Cell FDD TDD indication=CELL_FDD",Reliable,224.834,23.413
2026-04-11 04:00,60,"PI_UIO_CONCHA_ACUSTICA_TRR_UL/Cell:eNodeB Function Name=PI_UIO_CONCHA_ACUSTICA_TRR_L, Local Cell ID=1, Cell Name=PI_UIO_CONCHA_ACUSTICA_TRR_1, eNodeB ID=44293, Cell FDD TDD indication=CELL_FDD",Reliable,408.421,293.801
2026-04-11 04:00,60,"PI_UIO_CONCHA_ACUSTICA_TRR_UL/Cell:eNodeB Function Name=PI_UIO_CONCHA_ACUSTICA_TRR_L, Local Cell ID=2, Cell Name=PI_UIO_CONCHA_ACUSTICA_TRR_2, eNodeB ID=44293, Cell FDD TDD indication=CELL_FDD",Reliable,129.174,13.17
2026-04-11 04:00,60,"PI_UIO_CONCHA_ACUSTICA_TRR_UL/Cell:eNodeB Function Name=PI_UIO_CONCHA_ACUSTICA_TRR_L, Local Cell ID=3, Cell Name=PI_UIO_CONCHA_ACUSTICA_TRR_3, eNodeB ID=44293, Cell FDD TDD indication=CELL_FDD",Reliable,3.805,2.034
2026-04-11 04:00,60,"PI_UIO_CONCHA_ACUSTICA_TRR_UL/Cell:eNodeB Function Name=PI_UIO_CONCHA_ACUSTICA_TRR_L, Local Cell ID=11, Cell Name=PI_UIO_CONCHA_ACUSTICA_TRR_11, eNodeB ID=44293, Cell FDD TDD indication=CELL_FDD",Reliable,11.594,1.215
2026-04-11 04:00,60,"PI_UIO_CONCHA_ACUSTICA_TRR_UL/Cell:eNodeB Function Name=PI_UIO_CONCHA_ACUSTICA_TRR_L, Local Cell ID=12, Cell Name=PI_UIO_CONCHA_ACUSTICA_TRR_12, eNodeB ID=44293, Cell FDD TDD indication=CELL_FDD",Reliable,7.348,2.381
2026-04-11 04:00,60,"PI_UIO_CONCHA_ACUSTICA_TRR_UL/Cell:eNodeB Function Name=PI_UIO_CONCHA_ACUSTICA_TRR_L, Local Cell ID=13, Cell Name=PI_UIO_CONCHA_ACUSTICA_TRR_13, eNodeB ID=44293, Cell FDD TDD indication=CELL_FDD",Reliable,5.686,0.251
2026-04-11 04:00,60,"PIC_UIO_CALDERON_UL/Cell:eNodeB Function Name=PIC_UIO_CALDERON_L, Local Cell ID=1, Cell Name=PIC_UIO_CALDERON_L21_1, eNodeB ID=44049, Cell FDD TDD indication=CELL_FDD",Reliable,293.584,52.823
2026-04-11 04:00,60,"PIC_UIO_CALDERON_UL/Cell:eNodeB Function Name=PIC_UIO_CALDERON_L, Local Cell ID=2, Cell Name=PIC_UIO_CALDERON_L21_2, eNodeB ID=44049, Cell FDD TDD indication=CELL_FDD",Reliable,169.2,24.474
2026-04-11 04:00,60,"PIC_UIO_CALDERON_UL/Cell:eNodeB Function Name=PIC_UIO_CALDERON_L, Local Cell ID=3, Cell Name=PIC_UIO_CALDERON_L21_3, eNodeB ID=44049, Cell FDD TDD indication=CELL_FDD",Reliable,660.202,40.288
2026-04-11 04:00,60,"PIC_UIO_CALDERON_UL/Cell:eNodeB Function Name=PIC_UIO_CALDERON_L, Local Cell ID=7, Cell Name=PIC_UIO_CALDERON_L7_7, eNodeB ID=44049, Cell FDD TDD indication=CELL_FDD",Reliable,706.88,76.56
2026-04-11 04:00,60,"PIC_UIO_CALDERON_UL/Cell:eNodeB Function Name=PIC_UIO_CALDERON_L, Local Cell ID=8, Cell Name=PIC_UIO_CALDERON_L7_8, eNodeB ID=44049, Cell FDD TDD indication=CELL_FDD",Reliable,722.292,77.432
2026-04-11 04:00,60,"PIC_UIO_CALDERON_UL/Cell:eNodeB Function Name=PIC_UIO_CALDERON_L, Local Cell ID=9, Cell Name=PIC_UIO_CALDERON_L7_9, eNodeB ID=44049, Cell FDD TDD indication=CELL_FDD",Reliable,342.51,41.42
2026-04-11 04:00,60,"PIC_UIO_CALDERON_UL/Cell:eNodeB Function Name=PIC_UIO_CALDERON_L, Local Cell ID=11, Cell Name=PIC_UIO_CALDERON_L19_11, eNodeB ID=44049, Cell FDD TDD indication=CELL_FDD",Reliable,9.3,4.16
2026-04-11 04:00,60,"PIC_UIO_CALDERON_UL/Cell:eNodeB Function Name=PIC_UIO_CALDERON_L, Local Cell ID=12, Cell Name=PIC_UIO_CALDERON_L19_12, eNodeB ID=44049, Cell FDD TDD indication=CELL_FDD",Reliable,46.616,14.157
2026-04-11 04:00,60,"PIC_UIO_CALDERON_UL/Cell:eNodeB Function Name=PIC_UIO_CALDERON_L, Local Cell ID=13, Cell Name=PIC_UIO_CALDERON_L19_13, eNodeB ID=44049, Cell FDD TDD indication=CELL_FDD",Reliable,215.918,21.419
2026-04-11 04:00,60,"PI_UIO_LLANO_GRANDE_UL/Cell:eNodeB Function Name=PI_UIO_LLANO_GRANDE_L, Local Cell ID=1, Cell Name=PI_UIO_LLANO_GRANDE_1, eNodeB ID=44150, Cell FDD TDD indication=CELL_FDD",Reliable,386.914,36.863
2026-04-11 04:00,60,"PI_UIO_LLANO_GRANDE_UL/Cell:eNodeB Function Name=PI_UIO_LLANO_GRANDE_L, Local Cell ID=2, Cell Name=PI_UIO_LLANO_GRANDE_2, eNodeB ID=44150, Cell FDD TDD indication=CELL_FDD",Reliable,314.083,12.232
2026-04-11 04:00,60,"PI_UIO_LLANO_GRANDE_UL/Cell:eNodeB Function Name=PI_UIO_LLANO_GRANDE_L, Local Cell ID=3, Cell Name=PI_UIO_LLANO_GRANDE_3, eNodeB ID=44150, Cell FDD TDD indication=CELL_FDD",Reliable,231.831,21.436
2026-04-11 04:00,60,"PI_UIO_LLANO_GRANDE_UL/Cell:eNodeB Function Name=PI_UIO_LLANO_GRANDE_L, Local Cell ID=11, Cell Name=PI_UIO_LLANO_GRANDE_11, eNodeB ID=44150, Cell FDD TDD indication=CELL_FDD",Reliable,0.149,0.214
2026-04-11 04:00,60,"PI_UIO_LLANO_GRANDE_UL/Cell:eNodeB Function Name=PI_UIO_LLANO_GRANDE_L, Local Cell ID=12, Cell Name=PI_UIO_LLANO_GRANDE_12, eNodeB ID=44150, Cell FDD TDD indication=CELL_FDD",Reliable,5.008,1.738
2026-04-11 04:00,60,"PI_UIO_LLANO_GRANDE_UL/Cell:eNodeB Function Name=PI_UIO_LLANO_GRANDE_L, Local Cell ID=13, Cell Name=PI_UIO_LLANO_GRANDE_13, eNodeB ID=44150, Cell FDD TDD indication=CELL_FDD",Reliable,4.675,0.626
2026-04-11 04:00,60,"PI_UIO_SAN_ANTONIO_CENTRO_UL/Cell:eNodeB Function Name=PIC_UIO_SAN_ANTONIO_CENTRO_L, Local Cell ID=1, Cell Name=PIC_UIO_SAN_ANTONIO_CENTRO_L21_1, eNodeB ID=44234, Cell FDD TDD indication=CELL_FDD",Reliable,598.164,47.638
2026-04-11 04:00,60,"PI_UIO_SAN_ANTONIO_CENTRO_UL/Cell:eNodeB Function Name=PIC_UIO_SAN_ANTONIO_CENTRO_L, Local Cell ID=2, Cell Name=PIC_UIO_SAN_ANTONIO_CENTRO_L21_2, eNodeB ID=44234, Cell FDD TDD indication=CELL_FDD",Reliable,22.607,3.831
2026-04-11 04:00,60,"PI_UIO_SAN_ANTONIO_CENTRO_UL/Cell:eNodeB Function Name=PIC_UIO_SAN_ANTONIO_CENTRO_L, Local Cell ID=3, Cell Name=PIC_UIO_SAN_ANTONIO_CENTRO_L21_3, eNodeB ID=44234, Cell FDD TDD indication=CELL_FDD",Reliable,3.904,1.43
2026-04-11 04:00,60,"PI_UIO_CARCELEN_JOSEFINOS_UL/Cell:eNodeB Function Name=PI_UIO_CARCELEN_JOSEFINOS_L, Local Cell ID=1, Cell Name=PI_UIO_CARCELEN_JOSEFINOS_1, eNodeB ID=44093, Cell FDD TDD indication=CELL_FDD",Reliable,26.791,8.582
2026-04-11 04:00,60,"PI_UIO_CARCELEN_JOSEFINOS_UL/Cell:eNodeB Function Name=PI_UIO_CARCELEN_JOSEFINOS_L, Local Cell ID=2, Cell Name=PI_UIO_CARCELEN_JOSEFINOS_2, eNodeB ID=44093, Cell FDD TDD indication=CELL_FDD",Reliable,246.247,12.477
2026-04-11 04:00,60,"PI_UIO_CARCELEN_JOSEFINOS_UL/Cell:eNodeB Function Name=PI_UIO_CARCELEN_JOSEFINOS_L, Local Cell ID=3, Cell Name=PI_UIO_CARCELEN_JOSEFINOS_3, eNodeB ID=44093, Cell FDD TDD indication=CELL_FDD",Reliable,423.89,40.702
2026-04-11 04:00,60,"PI_UIO_CARCELEN_JOSEFINOS_UL/Cell:eNodeB Function Name=PI_UIO_CARCELEN_JOSEFINOS_L, Local Cell ID=11, Cell Name=PI_UIO_CARCELEN_JOSEFINOS_11, eNodeB ID=44093, Cell FDD TDD indication=CELL_FDD",Reliable,13.135,6.674
2026-04-11 04:00,60,"PI_UIO_CARCELEN_JOSEFINOS_UL/Cell:eNodeB Function Name=PI_UIO_CARCELEN_JOSEFINOS_L, Local Cell ID=12, Cell Name=PI_UIO_CARCELEN_JOSEFINOS_12, eNodeB ID=44093, Cell FDD TDD indication=CELL_FDD",Reliable,2.212,0.4
2026-04-11 04:00,60,"PI_UIO_CARCELEN_JOSEFINOS_UL/Cell:eNodeB Function Name=PI_UIO_CARCELEN_JOSEFINOS_L, Local Cell ID=13, Cell Name=PI_UIO_CARCELEN_JOSEFINOS_13, eNodeB ID=44093, Cell FDD TDD indication=CELL_FDD",Reliable,7.995,1.446
2026-04-11 04:00,60,"PI_UIO_GRANILANDIA_UL/Cell:eNodeB Function Name=PI_UIO_GRANILANDIA_L, Local Cell ID=1, Cell Name=PI_UIO_GRANILANDIA_1, eNodeB ID=44037, Cell FDD TDD indication=CELL_FDD",Reliable,68.775,19.614
2026-04-11 04:00,60,"PI_UIO_GRANILANDIA_UL/Cell:eNodeB Function Name=PI_UIO_GRANILANDIA_L, Local Cell ID=2, Cell Name=PI_UIO_GRANILANDIA_2, eNodeB ID=44037, Cell FDD TDD indication=CELL_FDD",Reliable,270.945,34.499
2026-04-11 04:00,60,"PI_UIO_GRANILANDIA_UL/Cell:eNodeB Function Name=PI_UIO_GRANILANDIA_L, Local Cell ID=3, Cell Name=PI_UIO_GRANILANDIA_3, eNodeB ID=44037, Cell FDD TDD indication=CELL_FDD",Reliable,355.808,27.025
2026-04-11 04:00,60,"PI_UIO_GRANILANDIA_UL/Cell:eNodeB Function Name=PI_UIO_GRANILANDIA_L, Local Cell ID=7, Cell Name=PI_UIO_GRANILANDIA_APT_7, eNodeB ID=44037, Cell FDD TDD indication=CELL_FDD",Reliable,139.672,60.93
2026-04-11 04:00,60,"PI_UIO_GRANILANDIA_UL/Cell:eNodeB Function Name=PI_UIO_GRANILANDIA_L, Local Cell ID=8, Cell Name=PI_UIO_GRANILANDIA_APT_8, eNodeB ID=44037, Cell FDD TDD indication=CELL_FDD",Reliable,34.522,121.247
2026-04-11 04:00,60,"PI_UIO_GRANILANDIA_UL/Cell:eNodeB Function Name=PI_UIO_GRANILANDIA_L, Local Cell ID=9, Cell Name=PI_UIO_GRANILANDIA_APT_9, eNodeB ID=44037, Cell FDD TDD indication=CELL_FDD",Reliable,70.83,12.46
2026-04-11 04:00,60,"PI_UIO_GRANILANDIA_UL/Cell:eNodeB Function Name=PI_UIO_GRANILANDIA_L, Local Cell ID=11, Cell Name=PI_UIO_GRANILANDIA_11, eNodeB ID=44037, Cell FDD TDD indication=CELL_FDD",Reliable,0.006,0.003
2026-04-11 04:00,60,"PI_UIO_GRANILANDIA_UL/Cell:eNodeB Function Name=PI_UIO_GRANILANDIA_L, Local Cell ID=12, Cell Name=PI_UIO_GRANILANDIA_12, eNodeB ID=44037, Cell FDD TDD indication=CELL_FDD",Reliable,131.882,9.412
2026-04-11 04:00,60,"PI_UIO_GRANILANDIA_UL/Cell:eNodeB Function Name=PI_UIO_GRANILANDIA_L, Local Cell ID=13, Cell Name=PI_UIO_GRANILANDIA_13, eNodeB ID=44037, Cell FDD TDD indication=CELL_FDD",Reliable,0.021,0.005
2026-04-11 04:00,60,"PIC_UIO_POMASQUI_UL/Cell:eNodeB Function Name=PIC_UIO_POMASQUI_L, Local Cell ID=1, Cell Name=PIC_UIO_POMASQUI_L21_1, eNodeB ID=44177, Cell FDD TDD indication=CELL_FDD",Reliable,108.967,7.522
2026-04-11 04:00,60,"PIC_UIO_POMASQUI_UL/Cell:eNodeB Function Name=PIC_UIO_POMASQUI_L, Local Cell ID=2, Cell Name=PIC_UIO_POMASQUI_L21_2, eNodeB ID=44177, Cell FDD TDD indication=CELL_FDD",Reliable,350.123,243.138
2026-04-11 04:00,60,"PIC_UIO_POMASQUI_UL/Cell:eNodeB Function Name=PIC_UIO_POMASQUI_L, Local Cell ID=3, Cell Name=PIC_UIO_POMASQUI_L21_3, eNodeB ID=44177, Cell FDD TDD indication=CELL_FDD",Reliable,15.066,5.561
2026-04-11 04:00,60,"PIC_UIO_POMASQUI_UL/Cell:eNodeB Function Name=PIC_UIO_POMASQUI_L, Local Cell ID=7, Cell Name=PIC_UIO_POMASQUI_L7_7, eNodeB ID=44177, Cell FDD TDD indication=CELL_FDD",Reliable,104.639,22.612
2026-04-11 04:00,60,"PIC_UIO_POMASQUI_UL/Cell:eNodeB Function Name=PIC_UIO_POMASQUI_L, Local Cell ID=8, Cell Name=PIC_UIO_POMASQUI_L7_8, eNodeB ID=44177, Cell FDD TDD indication=CELL_FDD",Reliable,178.888,82.899
2026-04-11 04:00,60,"PIC_UIO_POMASQUI_UL/Cell:eNodeB Function Name=PIC_UIO_POMASQUI_L, Local Cell ID=9, Cell Name=PIC_UIO_POMASQUI_L7_9, eNodeB ID=44177, Cell FDD TDD indication=CELL_FDD",Reliable,7.147,1.969
2026-04-11 04:00,60,"PI_UIO_RITHER_UL/Cell:eNodeB Function Name=PI_UIO_RITHERL21, Local Cell ID=1, Cell Name=PI_UIO_RITHER_1, eNodeB ID=44246, Cell FDD TDD indication=CELL_FDD",Reliable,79.328,8.461
2026-04-11 04:00,60,"PI_UIO_RITHER_UL/Cell:eNodeB Function Name=PI_UIO_RITHERL21, Local Cell ID=2, Cell Name=PI_UIO_RITHER_2, eNodeB ID=44246, Cell FDD TDD indication=CELL_FDD",Reliable,20.135,1.601
2026-04-11 04:00,60,"ES_ATA_ATACAMES_UL/Cell:eNodeB Function Name=ES_ATA_ATACAMESL21, Local Cell ID=1, Cell Name=ES_ATA_ATACAMES_1, eNodeB ID=44604, Cell FDD TDD indication=CELL_FDD",Reliable,11.832,1.154
2026-04-11 04:00,60,"ES_ATA_ATACAMES_UL/Cell:eNodeB Function Name=ES_ATA_ATACAMESL21, Local Cell ID=2, Cell Name=ES_ATA_ATACAMES_2, eNodeB ID=44604, Cell FDD TDD indication=CELL_FDD",Reliable,62.586,6.087
2026-04-11 04:00,60,"ES_ATA_ATACAMES_UL/Cell:eNodeB Function Name=ES_ATA_ATACAMESL21, Local Cell ID=3, Cell Name=ES_ATA_ATACAMES_3, eNodeB ID=44604, Cell FDD TDD indication=CELL_FDD",Reliable,5.239,1.066
2026-04-11 04:00,60,"ES_ATA_ATACAMES_UL/Cell:eNodeB Function Name=ES_ATA_ATACAMESL21, Local Cell ID=7, Cell Name=ES_ATA_ATACAMES_APT_7, eNodeB ID=44604, Cell FDD TDD indication=CELL_FDD",Reliable,365.294,48.819
2026-04-11 04:00,60,"ES_ATA_ATACAMES_UL/Cell:eNodeB Function Name=ES_ATA_ATACAMESL21, Local Cell ID=8, Cell Name=ES_ATA_ATACAMES_APT_8, eNodeB ID=44604, Cell FDD TDD indication=CELL_FDD",Reliable,112.353,15.03
2026-04-11 04:00,60,"ES_ATA_ATACAMES_UL/Cell:eNodeB Function Name=ES_ATA_ATACAMESL21, Local Cell ID=9, Cell Name=ES_ATA_ATACAMES_APT_9, eNodeB ID=44604, Cell FDD TDD indication=CELL_FDD",Reliable,0.166,0.101
2026-04-11 04:00,60,"ES_ATA_TONSUPA_MALECON_UL/Cell:eNodeB Function Name=ES_ATA_TONSUPA_MALECONL21, Local Cell ID=1, Cell Name=ES_ATA_TONSUPA_MALECON_1, eNodeB ID=44610, Cell FDD TDD indication=CELL_FDD",Reliable,199.425,13.884
2026-04-11 04:00,60,"ES_ATA_TONSUPA_MALECON_UL/Cell:eNodeB Function Name=ES_ATA_TONSUPA_MALECONL21, Local Cell ID=2, Cell Name=ES_ATA_TONSUPA_MALECON_2, eNodeB ID=44610, Cell FDD TDD indication=CELL_FDD",Reliable,115.383,222.84
2026-04-11 04:00,60,"ES_ATA_TONSUPA_MALECON_UL/Cell:eNodeB Function Name=ES_ATA_TONSUPA_MALECONL21, Local Cell ID=3, Cell Name=ES_ATA_TONSUPA_MALECON_3, eNodeB ID=44610, Cell FDD TDD indication=CELL_FDD",Reliable,365.266,13.143
2026-04-11 04:00,60,"PIC_UIO_BENALCAZAR_1000_TRR_ULN/Cell:eNodeB Function Name=PIC_UIO_BENALCAZAR_1000_TRR_L, Local Cell ID=1, Cell Name=PIC_UIO_BENALCAZAR_1000_TRR_L21_1, eNodeB ID=44961, Cell FDD TDD indication=CELL_FDD",Reliable,3.51,0.634
2026-04-11 04:00,60,"PIC_UIO_BENALCAZAR_1000_TRR_ULN/Cell:eNodeB Function Name=PIC_UIO_BENALCAZAR_1000_TRR_L, Local Cell ID=2, Cell Name=PIC_UIO_BENALCAZAR_1000_TRR_L21_2, eNodeB ID=44961, Cell FDD TDD indication=CELL_FDD",Reliable,89.577,9.299
2026-04-11 04:00,60,"PIC_UIO_BENALCAZAR_1000_TRR_ULN/Cell:eNodeB Function Name=PIC_UIO_BENALCAZAR_1000_TRR_L, Local Cell ID=3, Cell Name=PIC_UIO_BENALCAZAR_1000_TRR_L21_3, eNodeB ID=44961, Cell FDD TDD indication=CELL_FDD",Reliable,3.065,2.337
2026-04-11 04:00,60,"PIC_UIO_BENALCAZAR_1000_TRR_ULN/Cell:eNodeB Function Name=PIC_UIO_BENALCAZAR_1000_TRR_L, Local Cell ID=11, Cell Name=PIC_UIO_BENALCAZAR_1000_TRR_L19_11, eNodeB ID=44961, Cell FDD TDD indication=CELL_FDD",Reliable,0,0
2026-04-11 04:00,60,"PIC_UIO_BENALCAZAR_1000_TRR_ULN/Cell:eNodeB Function Name=PIC_UIO_BENALCAZAR_1000_TRR_L, Local Cell ID=12, Cell Name=PIC_UIO_BENALCAZAR_1000_TRR_L19_12, eNodeB ID=44961, Cell FDD TDD indication=CELL_FDD",Reliable,0.049,0.035
2026-04-11 04:00,60,"PIC_UIO_BENALCAZAR_1000_TRR_ULN/Cell:eNodeB Function Name=PIC_UIO_BENALCAZAR_1000_TRR_L, Local Cell ID=13, Cell Name=PIC_UIO_BENALCAZAR_1000_TRR_L19_13, eNodeB ID=44961, Cell FDD TDD indication=CELL_FDD",Reliable,1.193,0.769
2026-04-11 04:00,60,"ES_ATA_ATACAMES_CENTRO_UL/Cell:eNodeB Function Name=ESM_ATA_ATACAMES_CENTRO_L, Local Cell ID=1, Cell Name=ESM_ATA_ATACAMES_CENTRO_L21_1, eNodeB ID=44609, Cell FDD TDD indication=CELL_FDD",Reliable,220.327,26.646
2026-04-11 04:00,60,"ES_ATA_ATACAMES_CENTRO_UL/Cell:eNodeB Function Name=ESM_ATA_ATACAMES_CENTRO_L, Local Cell ID=2, Cell Name=ESM_ATA_ATACAMES_CENTRO_L21_2, eNodeB ID=44609, Cell FDD TDD indication=CELL_FDD",Reliable,58.185,8.335
2026-04-11 04:00,60,"ES_ATA_ATACAMES_CENTRO_UL/Cell:eNodeB Function Name=ESM_ATA_ATACAMES_CENTRO_L, Local Cell ID=3, Cell Name=ESM_ATA_ATACAMES_CENTRO_L21_3, eNodeB ID=44609, Cell FDD TDD indication=CELL_FDD",Reliable,270.864,79.966
2026-04-11 04:00,60,"ES_ESM_ESMERALDAS_CENTRO_UL/Cell:eNodeB Function Name=ES_ESM_ESMERALDAS_CENTROL21, Local Cell ID=1, Cell Name=ES_ESM_ESMERALDAS_CENTRO_1, eNodeB ID=44600, Cell FDD TDD indication=CELL_FDD",Reliable,33.484,2.504
2026-04-11 04:00,60,"ES_ESM_ESMERALDAS_CENTRO_UL/Cell:eNodeB Function Name=ES_ESM_ESMERALDAS_CENTROL21, Local Cell ID=2, Cell Name=ES_ESM_ESMERALDAS_CENTRO_2, eNodeB ID=44600, Cell FDD TDD indication=CELL_FDD",Reliable,397.585,23.856
2026-04-11 04:00,60,"ES_ESM_ESMERALDAS_CENTRO_UL/Cell:eNodeB Function Name=ES_ESM_ESMERALDAS_CENTROL21, Local Cell ID=3, Cell Name=ES_ESM_ESMERALDAS_CENTRO_3, eNodeB ID=44600, Cell FDD TDD indication=CELL_FDD",Reliable,39.722,8.658
2026-04-11 04:00,60,"ES_ESM_ESMERALDAS_CENTRO_UL/Cell:eNodeB Function Name=ES_ESM_ESMERALDAS_CENTROL21, Local Cell ID=7, Cell Name=ES_ESM_ESMERALDAS_CENTRO_APT_7, eNodeB ID=44600, Cell FDD TDD indication=CELL_FDD",Reliable,355.061,17.785
2026-04-11 04:00,60,"ES_ESM_ESMERALDAS_CENTRO_UL/Cell:eNodeB Function Name=ES_ESM_ESMERALDAS_CENTROL21, Local Cell ID=8, Cell Name=ES_ESM_ESMERALDAS_CENTRO_APT_8, eNodeB ID=44600, Cell FDD TDD indication=CELL_FDD",Reliable,19.827,4
2026-04-11 04:00,60,"ES_ESM_ESMERALDAS_CENTRO_UL/Cell:eNodeB Function Name=ES_ESM_ESMERALDAS_CENTROL21, Local Cell ID=9, Cell Name=ES_ESM_ESMERALDAS_CENTRO_APT_9, eNodeB ID=44600, Cell FDD TDD indication=CELL_FDD",Reliable,0.735,0.448
2026-04-11 04:00,60,"ES_ESM_CNT_CENTRAL_UL/Cell:eNodeB Function Name=ES_ESM_CNT_CENTRALL21, Local Cell ID=1, Cell Name=ES_ESM_CNT_CENTRAL_1, eNodeB ID=44606, Cell FDD TDD indication=CELL_FDD",Reliable,334.66,5.327
2026-04-11 04:00,60,"ES_ESM_CNT_CENTRAL_UL/Cell:eNodeB Function Name=ES_ESM_CNT_CENTRALL21, Local Cell ID=2, Cell Name=ES_ESM_CNT_CENTRAL_2, eNodeB ID=44606, Cell FDD TDD indication=CELL_FDD",Reliable,153.491,15.987
2026-04-11 04:00,60,"ES_ESM_CNT_CENTRAL_UL/Cell:eNodeB Function Name=ES_ESM_CNT_CENTRALL21, Local Cell ID=3, Cell Name=ES_ESM_CNT_CENTRAL_3, eNodeB ID=44606, Cell FDD TDD indication=CELL_FDD",Reliable,21.456,5.92
2026-04-11 04:00,60,"TU_AMB_COL_BOLIVAR_UL/Cell:eNodeB Function Name=TU_AMB_COL_BOLIVARL21, Local Cell ID=1, Cell Name=TU_AMB_COL_BOLIVAR_1, eNodeB ID=44466, Cell FDD TDD indication=CELL_FDD",Reliable,115.163,15.745
2026-04-11 04:00,60,"TU_AMB_COL_BOLIVAR_UL/Cell:eNodeB Function Name=TU_AMB_COL_BOLIVARL21, Local Cell ID=2, Cell Name=TU_AMB_COL_BOLIVAR_2, eNodeB ID=44466, Cell FDD TDD indication=CELL_FDD",Reliable,30.79,4.089
2026-04-11 04:00,60,"TU_AMB_COL_BOLIVAR_UL/Cell:eNodeB Function Name=TU_AMB_COL_BOLIVARL21, Local Cell ID=3, Cell Name=TU_AMB_COL_BOLIVAR_3, eNodeB ID=44466, Cell FDD TDD indication=CELL_FDD",Reliable,467.608,19.296
2026-04-11 04:00,60,"TUN_AMB_LETAMENDI_ULN/Cell:eNodeB Function Name=TU_AMB_LETAMENDIL21, Local Cell ID=1, Cell Name=TU_AMB_LETAMENDI_1, eNodeB ID=44515, Cell FDD TDD indication=CELL_FDD",Reliable,102.926,9.32
2026-04-11 04:00,60,"TUN_AMB_LETAMENDI_ULN/Cell:eNodeB Function Name=TU_AMB_LETAMENDIL21, Local Cell ID=2, Cell Name=TU_AMB_LETAMENDI_2, eNodeB ID=44515, Cell FDD TDD indication=CELL_FDD",Reliable,2.166,0.974
2026-04-11 04:00,60,"TU_AMB_CASINO_COUB_UL/Cell:eNodeB Function Name=TU_AMB_CASINO_COUBL21, Local Cell ID=1, Cell Name=TU_AMB_CASINO_COUB_1, eNodeB ID=44485, Cell FDD TDD indication=CELL_FDD",Reliable,359.281,25.168
2026-04-11 04:00,60,"TU_AMB_CASINO_COUB_UL/Cell:eNodeB Function Name=TU_AMB_CASINO_COUBL21, Local Cell ID=2, Cell Name=TU_AMB_CASINO_COUB_2, eNodeB ID=44485, Cell FDD TDD indication=CELL_FDD",Reliable,16.986,5.446
2026-04-11 04:00,60,"TU_AMB_CASINO_COUB_UL/Cell:eNodeB Function Name=TU_AMB_CASINO_COUBL21, Local Cell ID=3, Cell Name=TU_AMB_CASINO_COUB_3, eNodeB ID=44485, Cell FDD TDD indication=CELL_FDD",Reliable,59.653,14.81
2026-04-11 04:00,60,"TU_AMB_COLISEO_DEPORTES_UL/Cell:eNodeB Function Name=TU_AMB_COLISEO_DEPORTESL21, Local Cell ID=1, Cell Name=TU_AMB_COLISEO_DEPORTES_1, eNodeB ID=44467, Cell FDD TDD indication=CELL_FDD",Reliable,376.549,20.055
2026-04-11 04:00,60,"TU_AMB_COLISEO_DEPORTES_UL/Cell:eNodeB Function Name=TU_AMB_COLISEO_DEPORTESL21, Local Cell ID=2, Cell Name=TU_AMB_COLISEO_DEPORTES_2, eNodeB ID=44467, Cell FDD TDD indication=CELL_FDD",Reliable,52.688,12.177
2026-04-11 04:00,60,"TU_AMB_COLISEO_DEPORTES_UL/Cell:eNodeB Function Name=TU_AMB_COLISEO_DEPORTESL21, Local Cell ID=3, Cell Name=TU_AMB_COLISEO_DEPORTES_3, eNodeB ID=44467, Cell FDD TDD indication=CELL_FDD",Reliable,9.689,0.759
2026-04-11 04:00,60,"TU_AMB_ECU_911_UL/Cell:eNodeB Function Name=TU_AMB_ECU_911L21, Local Cell ID=1, Cell Name=TU_AMB_ECU_911_1, eNodeB ID=44511, Cell FDD TDD indication=CELL_FDD",Reliable,3.493,1.571
2026-04-11 04:00,60,"TU_AMB_ECU_911_UL/Cell:eNodeB Function Name=TU_AMB_ECU_911L21, Local Cell ID=2, Cell Name=TU_AMB_ECU_911_2, eNodeB ID=44511, Cell FDD TDD indication=CELL_FDD",Reliable,563.148,13.278
2026-04-11 04:00,60,"TU_AMB_ECU_911_UL/Cell:eNodeB Function Name=TU_AMB_ECU_911L21, Local Cell ID=3, Cell Name=TU_AMB_ECU_911_3, eNodeB ID=44511, Cell FDD TDD indication=CELL_FDD",Reliable,597.556,31.151
2026-04-11 04:00,60,"TU_AMB_HUACHI_SOLIS_TRR_UL/Cell:eNodeB Function Name=TU_AMB_HUACHI_SOLIS_TRRL21, Local Cell ID=1, Cell Name=TU_AMB_HUACHI_SOLIS_TRR_1, eNodeB ID=44805, Cell FDD TDD indication=CELL_FDD",Reliable,273.287,16.691
2026-04-11 04:00,60,"TU_AMB_HUACHI_SOLIS_TRR_UL/Cell:eNodeB Function Name=TU_AMB_HUACHI_SOLIS_TRRL21, Local Cell ID=2, Cell Name=TU_AMB_HUACHI_SOLIS_TRR_2, eNodeB ID=44805, Cell FDD TDD indication=CELL_FDD",Reliable,112.725,17.264
2026-04-11 04:00,60,"TU_AMB_HUACHI_SOLIS_TRR_UL/Cell:eNodeB Function Name=TU_AMB_HUACHI_SOLIS_TRRL21, Local Cell ID=3, Cell Name=TU_AMB_HUACHI_SOLIS_TRR_3, eNodeB ID=44805, Cell FDD TDD indication=CELL_FDD",Reliable,395.762,36.579
2026-04-11 04:00,60,"IM_IBA_EL_EJIDO_UL/Cell:eNodeB Function Name=IM_IBA_EL_EJIDOL21, Local Cell ID=1, Cell Name=IM_IBA_EL_EJIDO_1, eNodeB ID=44717, Cell FDD TDD indication=CELL_FDD",Reliable,151.044,18.683
2026-04-11 04:00,60,"IM_IBA_EL_EJIDO_UL/Cell:eNodeB Function Name=IM_IBA_EL_EJIDOL21, Local Cell ID=2, Cell Name=IM_IBA_EL_EJIDO_2, eNodeB ID=44717, Cell FDD TDD indication=CELL_FDD",Reliable,45.61,3.606
2026-04-11 04:00,60,"IM_IBA_EL_EJIDO_UL/Cell:eNodeB Function Name=IM_IBA_EL_EJIDOL21, Local Cell ID=3, Cell Name=IM_IBA_EL_EJIDO_3, eNodeB ID=44717, Cell FDD TDD indication=CELL_FDD",Reliable,154.31,18.25
2026-04-11 04:00,60,"IM_IBA_TERMINAL_TERRESTRE_UL/Cell:eNodeB Function Name=IM_IBA_TERMINAL_TERRESTREL21, Local Cell ID=1, Cell Name=IM_IBA_TERMINAL_TERRESTRE_1, eNodeB ID=44718, Cell FDD TDD indication=CELL_FDD",Reliable,330.26,32.87
2026-04-11 04:00,60,"IM_IBA_TERMINAL_TERRESTRE_UL/Cell:eNodeB Function Name=IM_IBA_TERMINAL_TERRESTREL21, Local Cell ID=2, Cell Name=IM_IBA_TERMINAL_TERRESTRE_2, eNodeB ID=44718, Cell FDD TDD indication=CELL_FDD",Reliable,61.21,8.406
2026-04-11 04:00,60,"IM_IBA_TERMINAL_TERRESTRE_UL/Cell:eNodeB Function Name=IM_IBA_TERMINAL_TERRESTREL21, Local Cell ID=3, Cell Name=IM_IBA_TERMINAL_TERRESTRE_3, eNodeB ID=44718, Cell FDD TDD indication=CELL_FDD",Reliable,115.881,8.672
2026-04-11 04:00,60,"IM_IBA_PLAZOLETA_UL/Cell:eNodeB Function Name=IM_IBA_PLAZOLETAL21, Local Cell ID=1, Cell Name=IM_IBA_PLAZOLETA_1, eNodeB ID=44756, Cell FDD TDD indication=CELL_FDD",Reliable,147.777,19.338
2026-04-11 04:00,60,"IM_IBA_PLAZOLETA_UL/Cell:eNodeB Function Name=IM_IBA_PLAZOLETAL21, Local Cell ID=2, Cell Name=IM_IBA_PLAZOLETA_2, eNodeB ID=44756, Cell FDD TDD indication=CELL_FDD",Reliable,193.181,23.414
2026-04-11 04:00,60,"IM_IBA_PLAZOLETA_UL/Cell:eNodeB Function Name=IM_IBA_PLAZOLETAL21, Local Cell ID=3, Cell Name=IM_IBA_PLAZOLETA_3, eNodeB ID=44756, Cell FDD TDD indication=CELL_FDD",Reliable,12.603,4.037
2026-04-11 04:00,60,"IM_IBA_U_CATOLICA_UL/Cell:eNodeB Function Name=IM_IBA_U_CATOLICAL21, Local Cell ID=1, Cell Name=IM_IBA_U_CATOLICA_1, eNodeB ID=44722, Cell FDD TDD indication=CELL_FDD",Reliable,0.678,0.832
2026-04-11 04:00,60,"IM_IBA_U_CATOLICA_UL/Cell:eNodeB Function Name=IM_IBA_U_CATOLICAL21, Local Cell ID=2, Cell Name=IM_IBA_U_CATOLICA_2, eNodeB ID=44722, Cell FDD TDD indication=CELL_FDD",Reliable,94.692,15.797
2026-04-11 04:00,60,"IM_IBA_U_CATOLICA_UL/Cell:eNodeB Function Name=IM_IBA_U_CATOLICAL21, Local Cell ID=3, Cell Name=IM_IBA_U_CATOLICA_3, eNodeB ID=44722, Cell FDD TDD indication=CELL_FDD",Reliable,168.969,6.113
2026-04-11 04:00,60,"IM_IBA_TEODORO_GOMEZ_UL/Cell:eNodeB Function Name=IMB_IBA_TEODORO_GOMEZ_L, Local Cell ID=1, Cell Name=IMB_IBA_TEODORO_GOMEZ_L21_1, eNodeB ID=44720, Cell FDD TDD indication=CELL_FDD",Reliable,327.364,60.089
2026-04-11 04:00,60,"IM_IBA_TEODORO_GOMEZ_UL/Cell:eNodeB Function Name=IMB_IBA_TEODORO_GOMEZ_L, Local Cell ID=2, Cell Name=IMB_IBA_TEODORO_GOMEZ_L21_2, eNodeB ID=44720, Cell FDD TDD indication=CELL_FDD",Reliable,218.209,22.75
2026-04-11 04:00,60,"IM_IBA_TEODORO_GOMEZ_UL/Cell:eNodeB Function Name=IMB_IBA_TEODORO_GOMEZ_L, Local Cell ID=3, Cell Name=IMB_IBA_TEODORO_GOMEZ_L21_3, eNodeB ID=44720, Cell FDD TDD indication=CELL_FDD",Reliable,12.694,2.703
2026-04-11 04:00,60,"IM_IBA_IBARRA_SUR_UL/Cell:eNodeB Function Name=IM_IBA_IBARRA_SURL21, Local Cell ID=1, Cell Name=IM_IBA_IBARRA_SUR_1, eNodeB ID=44714, Cell FDD TDD indication=CELL_FDD",Reliable,362.216,30.032
2026-04-11 04:00,60,"IM_IBA_IBARRA_SUR_UL/Cell:eNodeB Function Name=IM_IBA_IBARRA_SURL21, Local Cell ID=2, Cell Name=IM_IBA_IBARRA_SUR_2, eNodeB ID=44714, Cell FDD TDD indication=CELL_FDD",Reliable,11.642,5.374
2026-04-11 04:00,60,"IM_IBA_IBARRA_SUR_UL/Cell:eNodeB Function Name=IM_IBA_IBARRA_SURL21, Local Cell ID=3, Cell Name=IM_IBA_IBARRA_SUR_3, eNodeB ID=44714, Cell FDD TDD indication=CELL_FDD",Reliable,183.407,6.795
2026-04-11 04:00,60,"IM_IBA_AZAYA_NORTE_UL/Cell:eNodeB Function Name=IM_IBA_AZAYA_NORTEL21, Local Cell ID=1, Cell Name=IM_IBA_AZAYA_NORTE_1, eNodeB ID=44721, Cell FDD TDD indication=CELL_FDD",Reliable,169.564,740.859
2026-04-11 04:00,60,"IM_IBA_AZAYA_NORTE_UL/Cell:eNodeB Function Name=IM_IBA_AZAYA_NORTEL21, Local Cell ID=2, Cell Name=IM_IBA_AZAYA_NORTE_2, eNodeB ID=44721, Cell FDD TDD indication=CELL_FDD",Reliable,242.55,19.864
2026-04-11 04:00,60,"IM_IBA_AZAYA_NORTE_UL/Cell:eNodeB Function Name=IM_IBA_AZAYA_NORTEL21, Local Cell ID=3, Cell Name=IM_IBA_AZAYA_NORTE_3, eNodeB ID=44721, Cell FDD TDD indication=CELL_FDD",Reliable,38.341,11.451
2026-04-11 04:00,60,"IM_IBA_COOP_CHOFERES_UL/Cell:eNodeB Function Name=IM_IBA_COOP_CHOFERESL21, Local Cell ID=1, Cell Name=IM_IBA_COOP_CHOFERES_1, eNodeB ID=44716, Cell FDD TDD indication=CELL_FDD",Reliable,388.816,31.782
2026-04-11 04:00,60,"IM_IBA_COOP_CHOFERES_UL/Cell:eNodeB Function Name=IM_IBA_COOP_CHOFERESL21, Local Cell ID=2, Cell Name=IM_IBA_COOP_CHOFERES_2, eNodeB ID=44716, Cell FDD TDD indication=CELL_FDD",Reliable,64.492,8.051
2026-04-11 04:00,60,"IM_IBA_COOP_CHOFERES_UL/Cell:eNodeB Function Name=IM_IBA_COOP_CHOFERESL21, Local Cell ID=3, Cell Name=IM_IBA_COOP_CHOFERES_3, eNodeB ID=44716, Cell FDD TDD indication=CELL_FDD",Reliable,126.618,8.956
2026-04-11 04:00,60,"IM_IBA_ESTADIO_UL/Cell:eNodeB Function Name=IM_IBA_ESTADIOL21, Local Cell ID=1, Cell Name=IM_IBA_ESTADIO_1, eNodeB ID=44730, Cell FDD TDD indication=CELL_FDD",Reliable,56.265,18.35
2026-04-11 04:00,60,"IM_IBA_ESTADIO_UL/Cell:eNodeB Function Name=IM_IBA_ESTADIOL21, Local Cell ID=2, Cell Name=IM_IBA_ESTADIO_2, eNodeB ID=44730, Cell FDD TDD indication=CELL_FDD",Reliable,940.721,38.486
2026-04-11 04:00,60,"IM_IBA_ESTADIO_UL/Cell:eNodeB Function Name=IM_IBA_ESTADIOL21, Local Cell ID=3, Cell Name=IM_IBA_ESTADIO_3, eNodeB ID=44730, Cell FDD TDD indication=CELL_FDD",Reliable,609.345,37.549
2026-04-11 04:00,60,"ES_ESM_ESMERALDAS_NORTE_UL/Cell:eNodeB Function Name=ES_ESM_ESMERALDAS_NORTEL21, Local Cell ID=1, Cell Name=ES_ESM_NORTE_1, eNodeB ID=44615, Cell FDD TDD indication=CELL_FDD",Reliable,133.241,10.367
2026-04-11 04:00,60,"ES_ESM_ESMERALDAS_NORTE_UL/Cell:eNodeB Function Name=ES_ESM_ESMERALDAS_NORTEL21, Local Cell ID=2, Cell Name=ES_ESM_NORTE_2, eNodeB ID=44615, Cell FDD TDD indication=CELL_FDD",Reliable,414.475,15.99
2026-04-11 04:00,60,"ES_ESM_ESMERALDAS_NORTE_UL/Cell:eNodeB Function Name=ES_ESM_ESMERALDAS_NORTEL21, Local Cell ID=3, Cell Name=ES_ESM_NORTE_3, eNodeB ID=44615, Cell FDD TDD indication=CELL_FDD",Reliable,56.245,13.55
2026-04-11 04:00,60,"ES_ESM_3(REFINERIA)_UL/Cell:eNodeB Function Name=ES_ESM_3(REFINERIA)L21, Local Cell ID=1, Cell Name=ES_ESM_3(REFINERIA)_1, eNodeB ID=44617, Cell FDD TDD indication=CELL_FDD",Reliable,232.914,17.805
2026-04-11 04:00,60,"ES_ESM_3(REFINERIA)_UL/Cell:eNodeB Function Name=ES_ESM_3(REFINERIA)L21, Local Cell ID=2, Cell Name=ES_ESM_3(REFINERIA)_2, eNodeB ID=44617, Cell FDD TDD indication=CELL_FDD",Reliable,783.271,264.134
2026-04-11 04:00,60,"ES_ESM_3(REFINERIA)_UL/Cell:eNodeB Function Name=ES_ESM_3(REFINERIA)L21, Local Cell ID=3, Cell Name=ES_ESM_3(REFINERIA)_3, eNodeB ID=44617, Cell FDD TDD indication=CELL_FDD",Reliable,32.146,2.446
2026-04-11 04:00,60,"ES_ESM_3(REFINERIA)_UL/Cell:eNodeB Function Name=ES_ESM_3(REFINERIA)L21, Local Cell ID=4, Cell Name=ES_ESM_3(REFINERIA)_4, eNodeB ID=44617, Cell FDD TDD indication=CELL_FDD",Reliable,80.222,3.798
2026-04-11 04:00,60,"ES_ESM_3(REFINERIA)_UL/Cell:eNodeB Function Name=ES_ESM_3(REFINERIA)L21, Local Cell ID=7, Cell Name=ES_ESM_3(REFINERIA)_APT_7, eNodeB ID=44617, Cell FDD TDD indication=CELL_FDD",Reliable,14.825,7.831
2026-04-11 04:00,60,"ES_ESM_3(REFINERIA)_UL/Cell:eNodeB Function Name=ES_ESM_3(REFINERIA)L21, Local Cell ID=8, Cell Name=ES_ESM_3(REFINERIA)_APT_8, eNodeB ID=44617, Cell FDD TDD indication=CELL_FDD",Reliable,723.067,31.335
2026-04-11 04:00,60,"ES_ESM_3(REFINERIA)_UL/Cell:eNodeB Function Name=ES_ESM_3(REFINERIA)L21, Local Cell ID=9, Cell Name=ES_ESM_3(REFINERIA)_APT_9, eNodeB ID=44617, Cell FDD TDD indication=CELL_FDD",Reliable,10.077,7.825
2026-04-11 04:00,60,"ES_ESM_PALMAS_UL/Cell:eNodeB Function Name=ES_ESM_PALMASL21, Local Cell ID=1, Cell Name=ES_ESM_PALMAS_1, eNodeB ID=44601, Cell FDD TDD indication=CELL_FDD",Reliable,1046.574,64.594
2026-04-11 04:00,60,"ES_ESM_PALMAS_UL/Cell:eNodeB Function Name=ES_ESM_PALMASL21, Local Cell ID=2, Cell Name=ES_ESM_PALMAS_2, eNodeB ID=44601, Cell FDD TDD indication=CELL_FDD",Reliable,622.309,29.457
2026-04-11 04:00,60,"ES_ESM_PALMAS_UL/Cell:eNodeB Function Name=ES_ESM_PALMASL21, Local Cell ID=3, Cell Name=ES_ESM_PALMAS_3, eNodeB ID=44601, Cell FDD TDD indication=CELL_FDD",Reliable,140.403,17.131
2026-04-11 04:00,60,"ES_ESM_PALMAS_UL/Cell:eNodeB Function Name=ES_ESM_PALMASL21, Local Cell ID=7, Cell Name=ES_ESM_PALMAS_APT_7, eNodeB ID=44601, Cell FDD TDD indication=CELL_FDD",Reliable,265.522,19.108
2026-04-11 04:00,60,"ES_ESM_PALMAS_UL/Cell:eNodeB Function Name=ES_ESM_PALMASL21, Local Cell ID=8, Cell Name=ES_ESM_PALMAS_APT_8, eNodeB ID=44601, Cell FDD TDD indication=CELL_FDD",Reliable,3.325,3.837
2026-04-11 04:00,60,"ES_ESM_PALMAS_UL/Cell:eNodeB Function Name=ES_ESM_PALMASL21, Local Cell ID=9, Cell Name=ES_ESM_PALMAS_APT_9, eNodeB ID=44601, Cell FDD TDD indication=CELL_FDD",Reliable,186.358,7.153
2026-04-11 04:00,60,"ES_ATA_SAME_UL/Cell:eNodeB Function Name=ES_ATA_SAMEL21, Local Cell ID=1, Cell Name=ES_ATA_SAME_1, eNodeB ID=44605, Cell FDD TDD indication=CELL_FDD",Reliable,6.969,1.72
2026-04-11 04:00,60,"ES_ATA_SAME_UL/Cell:eNodeB Function Name=ES_ATA_SAMEL21, Local Cell ID=2, Cell Name=ES_ATA_SAME_2, eNodeB ID=44605, Cell FDD TDD indication=CELL_FDD",Reliable,50.382,4.771
2026-04-11 04:00,60,"ES_ATA_SAME_UL/Cell:eNodeB Function Name=ES_ATA_SAMEL21, Local Cell ID=3, Cell Name=ES_ATA_SAME_3, eNodeB ID=44605, Cell FDD TDD indication=CELL_FDD",Reliable,2.707,0.909
2026-04-11 04:00,60,"PI_UIO_MERCADO_MAYORISTA_UL/Cell:eNodeB Function Name=PI_UIO_MERCADO_MAYORISTAL21, Local Cell ID=1, Cell Name=PI_UIO_MERCADO_MAYORISTA_1, eNodeB ID=44251, Cell FDD TDD indication=CELL_FDD",Reliable,711.16,26.938
2026-04-11 04:00,60,"PI_UIO_MERCADO_MAYORISTA_UL/Cell:eNodeB Function Name=PI_UIO_MERCADO_MAYORISTAL21, Local Cell ID=2, Cell Name=PI_UIO_MERCADO_MAYORISTA_2, eNodeB ID=44251, Cell FDD TDD indication=CELL_FDD",Reliable,228.241,25.087
2026-04-11 04:00,60,"PI_UIO_MERCADO_MAYORISTA_UL/Cell:eNodeB Function Name=PI_UIO_MERCADO_MAYORISTAL21, Local Cell ID=3, Cell Name=PI_UIO_MERCADO_MAYORISTA_3, eNodeB ID=44251, Cell FDD TDD indication=CELL_FDD",Reliable,191.594,18.721
2026-04-11 04:00,60,"PI_UIO_CINCO_DE_JUNIO_UL/Cell:eNodeB Function Name=PI_UIO_CINCO_DE_JUNIO_UL, Local Cell ID=1, Cell Name=PI_UIO_CINCO_DE_JUNIO_1, eNodeB ID=44341, Cell FDD TDD indication=CELL_FDD",Reliable,34.352,13.78
2026-04-11 04:00,60,"PI_UIO_CINCO_DE_JUNIO_UL/Cell:eNodeB Function Name=PI_UIO_CINCO_DE_JUNIO_UL, Local Cell ID=2, Cell Name=PI_UIO_CINCO_DE_JUNIO_2, eNodeB ID=44341, Cell FDD TDD indication=CELL_FDD",Reliable,1.748,0.76
2026-04-11 04:00,60,"PI_UIO_CINCO_DE_JUNIO_UL/Cell:eNodeB Function Name=PI_UIO_CINCO_DE_JUNIO_UL, Local Cell ID=3, Cell Name=PI_UIO_CINCO_DE_JUNIO_3, eNodeB ID=44341, Cell FDD TDD indication=CELL_FDD",Reliable,2.46,2.028
2026-04-11 04:00,60,"ES_ATA_TONSUPA_UL/Cell:eNodeB Function Name=ES_ATA_TONSUPAL21, Local Cell ID=1, Cell Name=ES_ATA_TONSUPA_1, eNodeB ID=44603, Cell FDD TDD indication=CELL_FDD",Reliable,0,0
2026-04-11 04:00,60,"ES_ATA_TONSUPA_UL/Cell:eNodeB Function Name=ES_ATA_TONSUPAL21, Local Cell ID=2, Cell Name=ES_ATA_TONSUPA_2, eNodeB ID=44603, Cell FDD TDD indication=CELL_FDD",Reliable,0,0
2026-04-11 04:00,60,"ES_ATA_TONSUPA_UL/Cell:eNodeB Function Name=ES_ATA_TONSUPAL21, Local Cell ID=3, Cell Name=ES_ATA_TONSUPA_3, eNodeB ID=44603, Cell FDD TDD indication=CELL_FDD",Reliable,0,0
2026-04-11 04:00,60,"ES_ATA_CASTELNOVO_UL/Cell:eNodeB Function Name=ES_ATA_CASTELNOVOL21, Local Cell ID=1, Cell Name=ES_ATA_CASTELNOVO_1, eNodeB ID=44626, Cell FDD TDD indication=CELL_FDD",Reliable,148.363,9.357
2026-04-11 04:00,60,"ES_ATA_CASTELNOVO_UL/Cell:eNodeB Function Name=ES_ATA_CASTELNOVOL21, Local Cell ID=2, Cell Name=ES_ATA_CASTELNOVO_2, eNodeB ID=44626, Cell FDD TDD indication=CELL_FDD",Reliable,6.191,1.274
2026-04-11 04:00,60,"ES_ATA_CASTELNOVO_UL/Cell:eNodeB Function Name=ES_ATA_CASTELNOVOL21, Local Cell ID=3, Cell Name=ES_ATA_CASTELNOVO_3, eNodeB ID=44626, Cell FDD TDD indication=CELL_FDD",Reliable,64.634,8.202
2026-04-11 04:00,60,"ES_ATA_CASTELNOVO_UL/Cell:eNodeB Function Name=ES_ATA_CASTELNOVOL21, Local Cell ID=7, Cell Name=ES_ATA_CASTELNOVO_APT_7, eNodeB ID=44626, Cell FDD TDD indication=CELL_FDD",Reliable,1134.035,102.789
2026-04-11 04:00,60,"ES_ATA_CASTELNOVO_UL/Cell:eNodeB Function Name=ES_ATA_CASTELNOVOL21, Local Cell ID=8, Cell Name=ES_ATA_CASTELNOVO_APT_8, eNodeB ID=44626, Cell FDD TDD indication=CELL_FDD",Reliable,17.194,5.128
2026-04-11 04:00,60,"ES_ATA_CASTELNOVO_UL/Cell:eNodeB Function Name=ES_ATA_CASTELNOVOL21, Local Cell ID=9, Cell Name=ES_ATA_CASTELNOVO_APT_9, eNodeB ID=44626, Cell FDD TDD indication=CELL_FDD",Reliable,182.673,17.957
2026-04-11 04:00,60,"PI_UIO_LA_INTERNACIONAL_UL/Cell:eNodeB Function Name=PI_UIO_LA_INTERNACIONAL_L, Local Cell ID=1, Cell Name=PIC_UIO_LA_INTERNACIONAL_L21_1, eNodeB ID=44222, Cell FDD TDD indication=CELL_FDD",Reliable,269.234,25.956
2026-04-11 04:00,60,"PI_UIO_LA_INTERNACIONAL_UL/Cell:eNodeB Function Name=PI_UIO_LA_INTERNACIONAL_L, Local Cell ID=2, Cell Name=PIC_UIO_LA_INTERNACIONAL_L21_2, eNodeB ID=44222, Cell FDD TDD indication=CELL_FDD",Reliable,194.502,18.719
2026-04-11 04:00,60,"PI_UIO_LA_INTERNACIONAL_UL/Cell:eNodeB Function Name=PI_UIO_LA_INTERNACIONAL_L, Local Cell ID=3, Cell Name=PIC_UIO_LA_INTERNACIONAL_L21_3, eNodeB ID=44222, Cell FDD TDD indication=CELL_FDD",Reliable,258.297,20.813
2026-04-11 04:00,60,"PI_UIO_LA_INTERNACIONAL_UL/Cell:eNodeB Function Name=PI_UIO_LA_INTERNACIONAL_L, Local Cell ID=11, Cell Name=PIC_UIO_LA_INTERNACIONAL_L19_11, eNodeB ID=44222, Cell FDD TDD indication=CELL_FDD",Reliable,49.502,9.527
2026-04-11 04:00,60,"PI_UIO_LA_INTERNACIONAL_UL/Cell:eNodeB Function Name=PI_UIO_LA_INTERNACIONAL_L, Local Cell ID=12, Cell Name=PIC_UIO_LA_INTERNACIONAL_L19_12, eNodeB ID=44222, Cell FDD TDD indication=CELL_FDD",Reliable,40.112,10.364
2026-04-11 04:00,60,"PI_UIO_LA_INTERNACIONAL_UL/Cell:eNodeB Function Name=PI_UIO_LA_INTERNACIONAL_L, Local Cell ID=13, Cell Name=PIC_UIO_LA_INTERNACIONAL_L19_13, eNodeB ID=44222, Cell FDD TDD indication=CELL_FDD",Reliable,0.398,0.546
2026-04-11 04:00,60,"ES_ESM_PARAISO_UL/Cell:eNodeB Function Name=ES_ESM_PARAISOL21, Local Cell ID=1, Cell Name=ES_ESM_PARAISO_1, eNodeB ID=44635, Cell FDD TDD indication=CELL_FDD",Reliable,130.087,7.43
2026-04-11 04:00,60,"ES_ESM_PARAISO_UL/Cell:eNodeB Function Name=ES_ESM_PARAISOL21, Local Cell ID=2, Cell Name=ES_ESM_PARAISO_2, eNodeB ID=44635, Cell FDD TDD indication=CELL_FDD",Reliable,392.434,51.478
2026-04-11 04:00,60,"ES_ESM_PARAISO_UL/Cell:eNodeB Function Name=ES_ESM_PARAISOL21, Local Cell ID=3, Cell Name=ES_ESM_PARAISO_3, eNodeB ID=44635, Cell FDD TDD indication=CELL_FDD",Reliable,0.602,0.43
2026-04-11 04:00,60,"ES_ESM_PARAISO_UL/Cell:eNodeB Function Name=ES_ESM_PARAISOL21, Local Cell ID=7, Cell Name=ES_ESM_PARAISO_APT_7, eNodeB ID=44635, Cell FDD TDD indication=CELL_FDD",Reliable,1381.921,137.113
2026-04-11 04:00,60,"ES_ESM_PARAISO_UL/Cell:eNodeB Function Name=ES_ESM_PARAISOL21, Local Cell ID=8, Cell Name=ES_ESM_PARAISO_APT_8, eNodeB ID=44635, Cell FDD TDD indication=CELL_FDD",Reliable,41.848,4.389
2026-04-11 04:00,60,"ES_ESM_PARAISO_UL/Cell:eNodeB Function Name=ES_ESM_PARAISOL21, Local Cell ID=9, Cell Name=ES_ESM_PARAISO_APT_9, eNodeB ID=44635, Cell FDD TDD indication=CELL_FDD",Reliable,1.21,0.716
2026-04-11 04:00,60,"PI_UIO_GUANGOPOLO_UL/Cell:eNodeB Function Name=PI_UIO_GUANGOPOLOL21, Local Cell ID=1, Cell Name=PI_UIO_GUANGOPOLO_1, eNodeB ID=44230, Cell FDD TDD indication=CELL_FDD",Reliable,234.265,30.161
2026-04-11 04:00,60,"PI_UIO_GUANGOPOLO_UL/Cell:eNodeB Function Name=PI_UIO_GUANGOPOLOL21, Local Cell ID=2, Cell Name=PI_UIO_GUANGOPOLO_2, eNodeB ID=44230, Cell FDD TDD indication=CELL_FDD",Reliable,332.689,12.8
2026-04-11 04:00,60,"PI_UIO_GUANGOPOLO_UL/Cell:eNodeB Function Name=PI_UIO_GUANGOPOLOL21, Local Cell ID=3, Cell Name=PI_UIO_GUANGOPOLO_3, eNodeB ID=44230, Cell FDD TDD indication=CELL_FDD",Reliable,10.843,7.142
2026-04-11 04:00,60,"PI_UIO_GUANGOPOLO_UL/Cell:eNodeB Function Name=PI_UIO_GUANGOPOLOL21, Local Cell ID=7, Cell Name=PI_UIO_GUANGOPOLO_APT_7, eNodeB ID=44230, Cell FDD TDD indication=CELL_FDD",Reliable,157.258,28.235
2026-04-11 04:00,60,"PI_UIO_GUANGOPOLO_UL/Cell:eNodeB Function Name=PI_UIO_GUANGOPOLOL21, Local Cell ID=8, Cell Name=PI_UIO_GUANGOPOLO_APT_8, eNodeB ID=44230, Cell FDD TDD indication=CELL_FDD",Reliable,1.894,0.527
2026-04-11 04:00,60,"PI_UIO_GUANGOPOLO_UL/Cell:eNodeB Function Name=PI_UIO_GUANGOPOLOL21, Local Cell ID=9, Cell Name=PI_UIO_GUANGOPOLO_APT_9, eNodeB ID=44230, Cell FDD TDD indication=CELL_FDD",Reliable,9.554,11.744
2026-04-11 04:00,60,"PI_UIO_NAZACOTA_UL/Cell:eNodeB Function Name=PI_UIO_NAZACOTAL_L, Local Cell ID=1, Cell Name=PI_UIO_NAZACOTA_1, eNodeB ID=44304, Cell FDD TDD indication=CELL_FDD",Reliable,150.826,24.298
2026-04-11 04:00,60,"PI_UIO_NAZACOTA_UL/Cell:eNodeB Function Name=PI_UIO_NAZACOTAL_L, Local Cell ID=2, Cell Name=PI_UIO_NAZACOTA_2, eNodeB ID=44304, Cell FDD TDD indication=CELL_FDD",Reliable,393.505,19.301
2026-04-11 04:00,60,"PI_UIO_NAZACOTA_UL/Cell:eNodeB Function Name=PI_UIO_NAZACOTAL_L, Local Cell ID=3, Cell Name=PI_UIO_NAZACOTA_3, eNodeB ID=44304, Cell FDD TDD indication=CELL_FDD",Reliable,16.314,1.36
2026-04-11 04:00,60,"PI_UIO_NAZACOTA_UL/Cell:eNodeB Function Name=PI_UIO_NAZACOTAL_L, Local Cell ID=12, Cell Name=PI_UIO_NAZACOTA_12, eNodeB ID=44304, Cell FDD TDD indication=CELL_FDD",Reliable,1.275,1.179
2026-04-11 04:00,60,"PI_UIO_NAZACOTA_UL/Cell:eNodeB Function Name=PI_UIO_NAZACOTAL_L, Local Cell ID=13, Cell Name=PI_UIO_NAZACOTA_13, eNodeB ID=44304, Cell FDD TDD indication=CELL_FDD",Reliable,0.525,0.039
2026-04-11 04:00,60,"PI_UIO_NAZACOTA_UL/Cell:eNodeB Function Name=PI_UIO_NAZACOTAL_L, Local Cell ID=11, Cell Name=PI_UIO_NAZACOTA_11, eNodeB ID=44304, Cell FDD TDD indication=CELL_FDD",Reliable,2.534,0.505
2026-04-11 04:00,60,"ES_ESM_POTOSI_UL/Cell:eNodeB Function Name=ES_ESM_POTOSIL21, Local Cell ID=1, Cell Name=ES_ESM_POTOSI_1, eNodeB ID=44607, Cell FDD TDD indication=CELL_FDD",Reliable,37.398,2.532
2026-04-11 04:00,60,"ES_ESM_POTOSI_UL/Cell:eNodeB Function Name=ES_ESM_POTOSIL21, Local Cell ID=2, Cell Name=ES_ESM_POTOSI_2, eNodeB ID=44607, Cell FDD TDD indication=CELL_FDD",Reliable,88.07,8.894
2026-04-11 04:00,60,"ES_ESM_POTOSI_UL/Cell:eNodeB Function Name=ES_ESM_POTOSIL21, Local Cell ID=3, Cell Name=ES_ESM_POTOSI_3, eNodeB ID=44607, Cell FDD TDD indication=CELL_FDD",Reliable,0.402,0.268
2026-04-11 04:00,60,"PI_UIO_SANGOLQUI_SUR_UL/Cell:eNodeB Function Name=PI_UIO_SANGOLQUI_SURL21, Local Cell ID=1, Cell Name=PI_UIO_SANGOLQUI_SUR_1, eNodeB ID=44199, Cell FDD TDD indication=CELL_FDD",Reliable,649.602,178.533
2026-04-11 04:00,60,"PI_UIO_SANGOLQUI_SUR_UL/Cell:eNodeB Function Name=PI_UIO_SANGOLQUI_SURL21, Local Cell ID=2, Cell Name=PI_UIO_SANGOLQUI_SUR_2, eNodeB ID=44199, Cell FDD TDD indication=CELL_FDD",Reliable,157.172,11.224
2026-04-11 04:00,60,"PI_UIO_SANGOLQUI_SUR_UL/Cell:eNodeB Function Name=PI_UIO_SANGOLQUI_SURL21, Local Cell ID=3, Cell Name=PI_UIO_SANGOLQUI_SUR_3, eNodeB ID=44199, Cell FDD TDD indication=CELL_FDD",Reliable,533.016,154.45
2026-04-11 04:00,60,"PI_UIO_ESTADIO_DEL_AUCAS_UL/Cell:eNodeB Function Name=PI_UIO_ESTADIO_DEL_AUCAS_L, Local Cell ID=1, Cell Name=PI_UIO_ESTADIO_DEL_AUCAS_1, eNodeB ID=44232, Cell FDD TDD indication=CELL_FDD",Reliable,30.323,11.669
2026-04-11 04:00,60,"PI_UIO_ESTADIO_DEL_AUCAS_UL/Cell:eNodeB Function Name=PI_UIO_ESTADIO_DEL_AUCAS_L, Local Cell ID=2, Cell Name=PI_UIO_ESTADIO_DEL_AUCAS_2, eNodeB ID=44232, Cell FDD TDD indication=CELL_FDD",Reliable,439.856,25.564
2026-04-11 04:00,60,"PI_UIO_ESTADIO_DEL_AUCAS_UL/Cell:eNodeB Function Name=PI_UIO_ESTADIO_DEL_AUCAS_L, Local Cell ID=3, Cell Name=PI_UIO_ESTADIO_DEL_AUCAS_3, eNodeB ID=44232, Cell FDD TDD indication=CELL_FDD",Reliable,97.36,15.938
2026-04-11 04:00,60,"PI_UIO_ESTADIO_DEL_AUCAS_UL/Cell:eNodeB Function Name=PI_UIO_ESTADIO_DEL_AUCAS_L, Local Cell ID=11, Cell Name=PI_UIO_ESTADIO_DEL_AUCAS_11, eNodeB ID=44232, Cell FDD TDD indication=CELL_FDD",Reliable,6.084,1.111
2026-04-11 04:00,60,"PI_UIO_ESTADIO_DEL_AUCAS_UL/Cell:eNodeB Function Name=PI_UIO_ESTADIO_DEL_AUCAS_L, Local Cell ID=12, Cell Name=PI_UIO_ESTADIO_DEL_AUCAS_12, eNodeB ID=44232, Cell FDD TDD indication=CELL_FDD",Reliable,0.001,0.11
2026-04-11 04:00,60,"PI_UIO_ESTADIO_DEL_AUCAS_UL/Cell:eNodeB Function Name=PI_UIO_ESTADIO_DEL_AUCAS_L, Local Cell ID=13, Cell Name=PI_UIO_ESTADIO_DEL_AUCAS_13, eNodeB ID=44232, Cell FDD TDD indication=CELL_FDD",Reliable,1.154,0.077
2026-04-11 04:00,60,"PI_UIO_PIFO_UL/Cell:eNodeB Function Name=PIC_UIO_PIFO_L, Local Cell ID=1, Cell Name=PIC_UIO_PIFO_L21_1, eNodeB ID=44057, Cell FDD TDD indication=CELL_FDD",Reliable,257.736,34.392
2026-04-11 04:00,60,"PI_UIO_PIFO_UL/Cell:eNodeB Function Name=PIC_UIO_PIFO_L, Local Cell ID=2, Cell Name=PIC_UIO_PIFO_L21_2, eNodeB ID=44057, Cell FDD TDD indication=CELL_FDD",Reliable,332.838,31.545
2026-04-11 04:00,60,"PI_UIO_PIFO_UL/Cell:eNodeB Function Name=PIC_UIO_PIFO_L, Local Cell ID=3, Cell Name=PIC_UIO_PIFO_L21_3, eNodeB ID=44057, Cell FDD TDD indication=CELL_FDD",Reliable,1031.258,80.657
2026-04-11 04:00,60,"PI_UIO_EL_PORVENIR_UL/Cell:eNodeB Function Name=PI_UIO_EL_PORVENIRL21, Local Cell ID=1, Cell Name=PI_UIO_EL_PORVENIR_1, eNodeB ID=44120, Cell FDD TDD indication=CELL_FDD",Reliable,94.791,11.13
2026-04-11 04:00,60,"PI_UIO_EL_PORVENIR_UL/Cell:eNodeB Function Name=PI_UIO_EL_PORVENIRL21, Local Cell ID=2, Cell Name=PI_UIO_EL_PORVENIR_2, eNodeB ID=44120, Cell FDD TDD indication=CELL_FDD",Reliable,134.625,14.655
2026-04-11 04:00,60,"PI_UIO_ONTANEDA_UL/Cell:eNodeB Function Name=PI_UIO_ONTANEDAL21, Local Cell ID=1, Cell Name=PIC_UIO_ONTANEDA_L21_1, eNodeB ID=44228, Cell FDD TDD indication=CELL_FDD",Reliable,42.016,5
2026-04-11 04:00,60,"PI_UIO_ONTANEDA_UL/Cell:eNodeB Function Name=PI_UIO_ONTANEDAL21, Local Cell ID=2, Cell Name=PIC_UIO_ONTANEDA_L21_2, eNodeB ID=44228, Cell FDD TDD indication=CELL_FDD",Reliable,3.412,3.478
2026-04-11 04:00,60,"PI_UIO_ONTANEDA_UL/Cell:eNodeB Function Name=PI_UIO_ONTANEDAL21, Local Cell ID=3, Cell Name=PIC_UIO_ONTANEDA_L21_3, eNodeB ID=44228, Cell FDD TDD indication=CELL_FDD",Reliable,16.95,6.897
2026-04-11 04:00,60,"ES_ESM_ALMENDROS_UL/Cell:eNodeB Function Name=ES_ESM_ALMENDROSL21, Local Cell ID=1, Cell Name=ES_ESM_ALMENDROS_1, eNodeB ID=44616, Cell FDD TDD indication=CELL_FDD",Reliable,4.264,1.436
2026-04-11 04:00,60,"ES_ESM_ALMENDROS_UL/Cell:eNodeB Function Name=ES_ESM_ALMENDROSL21, Local Cell ID=2, Cell Name=ES_ESM_ALMENDROS_2, eNodeB ID=44616, Cell FDD TDD indication=CELL_FDD",Reliable,1.767,0.614
2026-04-11 04:00,60,"ES_ESM_ALMENDROS_UL/Cell:eNodeB Function Name=ES_ESM_ALMENDROSL21, Local Cell ID=3, Cell Name=ES_ESM_ALMENDROS_3, eNodeB ID=44616, Cell FDD TDD indication=CELL_FDD",Reliable,7.44,2.024
2026-04-11 04:00,60,"ES_ATA_TON_PLAYA_ALMENDRO_UL/Cell:eNodeB Function Name=ES_ATA_TON_PLAYA_ALMENDROL21, Local Cell ID=1, Cell Name=ES_ATA_TON_PLAYA_ALMENDRO_1, eNodeB ID=44913, Cell FDD TDD indication=CELL_FDD",Reliable,32.036,1.753
2026-04-11 04:00,60,"ES_ATA_TON_PLAYA_ALMENDRO_UL/Cell:eNodeB Function Name=ES_ATA_TON_PLAYA_ALMENDROL21, Local Cell ID=2, Cell Name=ES_ATA_TON_PLAYA_ALMENDRO_2, eNodeB ID=44913, Cell FDD TDD indication=CELL_FDD",Reliable,9.916,2.262
2026-04-11 04:00,60,"ES_ATA_TON_PLAYA_ALMENDRO_UL/Cell:eNodeB Function Name=ES_ATA_TON_PLAYA_ALMENDROL21, Local Cell ID=3, Cell Name=ES_ATA_TON_PLAYA_ALMENDRO_3, eNodeB ID=44913, Cell FDD TDD indication=CELL_FDD",Reliable,54.36,7.984
2026-04-11 04:00,60,"ES_ATA_TON_PLAYA_ALMENDRO_UL/Cell:eNodeB Function Name=ES_ATA_TON_PLAYA_ALMENDROL21, Local Cell ID=7, Cell Name=ES_ATA_TON_PLAYA_ALMENDRO_APT_7, eNodeB ID=44913, Cell FDD TDD indication=CELL_FDD",Reliable,19.95,1.166
2026-04-11 04:00,60,"ES_ATA_TON_PLAYA_ALMENDRO_UL/Cell:eNodeB Function Name=ES_ATA_TON_PLAYA_ALMENDROL21, Local Cell ID=8, Cell Name=ES_ATA_TON_PLAYA_ALMENDRO_APT_8, eNodeB ID=44913, Cell FDD TDD indication=CELL_FDD",Reliable,45.803,9.883
2026-04-11 04:00,60,"ES_ATA_TON_PLAYA_ALMENDRO_UL/Cell:eNodeB Function Name=ES_ATA_TON_PLAYA_ALMENDROL21, Local Cell ID=9, Cell Name=ES_ATA_TON_PLAYA_ALMENDRO_APT_9, eNodeB ID=44913, Cell FDD TDD indication=CELL_FDD",Reliable,375.191,26.685
2026-04-11 04:00,60,"PI_UIO_NODO_4_PINTADO_3_UL/Cell:eNodeB Function Name=PIC_UIO_NODO_4_PINTADO_3_L, Local Cell ID=1, Cell Name=PIC_UIO_NODO_4_PINTADO_3_L21_1, eNodeB ID=44253, Cell FDD TDD indication=CELL_FDD",Reliable,689.818,64.286
2026-04-11 04:00,60,"PI_UIO_NODO_4_PINTADO_3_UL/Cell:eNodeB Function Name=PIC_UIO_NODO_4_PINTADO_3_L, Local Cell ID=2, Cell Name=PIC_UIO_NODO_4_PINTADO_3_L21_2, eNodeB ID=44253, Cell FDD TDD indication=CELL_FDD",Reliable,102.217,13.194
2026-04-11 04:00,60,"PI_UIO_NODO_4_PINTADO_3_UL/Cell:eNodeB Function Name=PIC_UIO_NODO_4_PINTADO_3_L, Local Cell ID=3, Cell Name=PIC_UIO_NODO_4_PINTADO_3_L21_3, eNodeB ID=44253, Cell FDD TDD indication=CELL_FDD",Reliable,25.69,21.035
2026-04-11 04:00,60,"TU_AMB_AMERICAN_PARK_UL/Cell:eNodeB Function Name=TU_AMB_AMERICAN_PARKL21, Local Cell ID=1, Cell Name=TU_AMB_AMERICAN_PARK_1, eNodeB ID=44472, Cell FDD TDD indication=CELL_FDD",Reliable,341.813,106.419
2026-04-11 04:00,60,"TU_AMB_AMERICAN_PARK_UL/Cell:eNodeB Function Name=TU_AMB_AMERICAN_PARKL21, Local Cell ID=2, Cell Name=TU_AMB_AMERICAN_PARK_2, eNodeB ID=44472, Cell FDD TDD indication=CELL_FDD",Reliable,940.668,229.26
2026-04-11 04:00,60,"TU_AMB_AMERICAN_PARK_UL/Cell:eNodeB Function Name=TU_AMB_AMERICAN_PARKL21, Local Cell ID=3, Cell Name=TU_AMB_AMERICAN_PARK_3, eNodeB ID=44472, Cell FDD TDD indication=CELL_FDD",Reliable,73.674,6.876
2026-04-11 04:00,60,"PI_UIO_LA_FLORESTA_UL/Cell:eNodeB Function Name=PI_UIO_LA_FLORESTA_L, Local Cell ID=1, Cell Name=PI_UIO_LA_FLORESTA_1, eNodeB ID=44336, Cell FDD TDD indication=CELL_FDD",Reliable,7.949,2.889
2026-04-11 04:00,60,"PI_UIO_LA_FLORESTA_UL/Cell:eNodeB Function Name=PI_UIO_LA_FLORESTA_L, Local Cell ID=2, Cell Name=PI_UIO_LA_FLORESTA_2, eNodeB ID=44336, Cell FDD TDD indication=CELL_FDD",Reliable,71.779,4.586
2026-04-11 04:00,60,"PI_UIO_LA_FLORESTA_UL/Cell:eNodeB Function Name=PI_UIO_LA_FLORESTA_L, Local Cell ID=3, Cell Name=PI_UIO_LA_FLORESTA_3, eNodeB ID=44336, Cell FDD TDD indication=CELL_FDD",Reliable,8.509,4.068
2026-04-11 04:00,60,"PI_UIO_LA_FLORESTA_UL/Cell:eNodeB Function Name=PI_UIO_LA_FLORESTA_L, Local Cell ID=11, Cell Name=PI_UIO_LA_FLORESTA_11, eNodeB ID=44336, Cell FDD TDD indication=CELL_FDD",Reliable,0.484,0.48
2026-04-11 04:00,60,"PI_UIO_LA_FLORESTA_UL/Cell:eNodeB Function Name=PI_UIO_LA_FLORESTA_L, Local Cell ID=12, Cell Name=PI_UIO_LA_FLORESTA_12, eNodeB ID=44336, Cell FDD TDD indication=CELL_FDD",Reliable,0.961,0.716
2026-04-11 04:00,60,"PI_UIO_LA_FLORESTA_UL/Cell:eNodeB Function Name=PI_UIO_LA_FLORESTA_L, Local Cell ID=13, Cell Name=PI_UIO_LA_FLORESTA_13, eNodeB ID=44336, Cell FDD TDD indication=CELL_FDD",Reliable,2.697,1.947
2026-04-11 04:00,60,"PI_UIO_TEODORO_SALEM_UL/Cell:eNodeB Function Name=PI_UIO_TEODORO_SALEML21, Local Cell ID=1, Cell Name=PI_UIO_TEODORO_SALEM_1, eNodeB ID=44312, Cell FDD TDD indication=CELL_FDD",Reliable,47.868,6.127
2026-04-11 04:00,60,"PI_UIO_TEODORO_SALEM_UL/Cell:eNodeB Function Name=PI_UIO_TEODORO_SALEML21, Local Cell ID=2, Cell Name=PI_UIO_TEODORO_SALEM_2, eNodeB ID=44312, Cell FDD TDD indication=CELL_FDD",Reliable,64.368,6.311
2026-04-11 04:00,60,"PI_UIO_TEODORO_SALEM_UL/Cell:eNodeB Function Name=PI_UIO_TEODORO_SALEML21, Local Cell ID=3, Cell Name=PI_UIO_TEODORO_SALEM_3, eNodeB ID=44312, Cell FDD TDD indication=CELL_FDD",Reliable,14.682,3.09
2026-04-11 04:00,60,"PIC_UIO_SANGOLQUI_CNT_UL/Cell:eNodeB Function Name=PIC_UIO_SANGOLQUI_CNT_L, Local Cell ID=1, Cell Name=PIC_UIO_SANGOLQUI_CNT_L21_1, eNodeB ID=44018, Cell FDD TDD indication=CELL_FDD",Reliable,509.302,206.084
2026-04-11 04:00,60,"PIC_UIO_SANGOLQUI_CNT_UL/Cell:eNodeB Function Name=PIC_UIO_SANGOLQUI_CNT_L, Local Cell ID=2, Cell Name=PIC_UIO_SANGOLQUI_CNT_L21_2, eNodeB ID=44018, Cell FDD TDD indication=CELL_FDD",Reliable,32.966,6.369
2026-04-11 04:00,60,"PIC_UIO_SANGOLQUI_CNT_UL/Cell:eNodeB Function Name=PIC_UIO_SANGOLQUI_CNT_L, Local Cell ID=3, Cell Name=PIC_UIO_SANGOLQUI_CNT_L21_3, eNodeB ID=44018, Cell FDD TDD indication=CELL_FDD",Reliable,79.04,25.909
2026-04-11 04:00,60,"PIC_UIO_SANGOLQUI_CNT_UL/Cell:eNodeB Function Name=PIC_UIO_SANGOLQUI_CNT_L, Local Cell ID=7, Cell Name=PIC_UIO_SANGOLQUI_CNT_L7_7, eNodeB ID=44018, Cell FDD TDD indication=CELL_FDD",Reliable,1009.471,124.709
2026-04-11 04:00,60,"PIC_UIO_SANGOLQUI_CNT_UL/Cell:eNodeB Function Name=PIC_UIO_SANGOLQUI_CNT_L, Local Cell ID=8, Cell Name=PIC_UIO_SANGOLQUI_CNT_L7_8, eNodeB ID=44018, Cell FDD TDD indication=CELL_FDD",Reliable,195.882,26.505
2026-04-11 04:00,60,"PIC_UIO_SANGOLQUI_CNT_UL/Cell:eNodeB Function Name=PIC_UIO_SANGOLQUI_CNT_L, Local Cell ID=9, Cell Name=PIC_UIO_SANGOLQUI_CNT_L7_9, eNodeB ID=44018, Cell FDD TDD indication=CELL_FDD",Reliable,176.312,182.843
2026-04-11 04:00,60,"PIC_UIO_SANGOLQUI_CNT_UL/Cell:eNodeB Function Name=PIC_UIO_SANGOLQUI_CNT_L, Local Cell ID=11, Cell Name=PIC_UIO_SANGOLQUI_CNT_L19_11, eNodeB ID=44018, Cell FDD TDD indication=CELL_FDD",Reliable,264.891,454.845
2026-04-11 04:00,60,"PIC_UIO_SANGOLQUI_CNT_UL/Cell:eNodeB Function Name=PIC_UIO_SANGOLQUI_CNT_L, Local Cell ID=12, Cell Name=PIC_UIO_SANGOLQUI_CNT_L19_12, eNodeB ID=44018, Cell FDD TDD indication=CELL_FDD",Reliable,741.052,45.876
2026-04-11 04:00,60,"PIC_UIO_SANGOLQUI_CNT_UL/Cell:eNodeB Function Name=PIC_UIO_SANGOLQUI_CNT_L, Local Cell ID=13, Cell Name=PIC_UIO_SANGOLQUI_CNT_L19_13, eNodeB ID=44018, Cell FDD TDD indication=CELL_FDD",Reliable,37.166,8.025
2026-04-11 04:00,60,"TU_AMB_ESFORCE_TRR_UL/Cell:eNodeB Function Name=TU_AMB_ESFORCE_TRRL21, Local Cell ID=1, Cell Name=TU_AMB_ESFORCE_TRR_1, eNodeB ID=44806, Cell FDD TDD indication=CELL_FDD",Reliable,2233.697,84.428
2026-04-11 04:00,60,"TU_AMB_ESFORCE_TRR_UL/Cell:eNodeB Function Name=TU_AMB_ESFORCE_TRRL21, Local Cell ID=2, Cell Name=TU_AMB_ESFORCE_TRR_2, eNodeB ID=44806, Cell FDD TDD indication=CELL_FDD",Reliable,852.779,113.151
2026-04-11 04:00,60,"TU_AMB_ESFORCE_TRR_UL/Cell:eNodeB Function Name=TU_AMB_ESFORCE_TRRL21, Local Cell ID=3, Cell Name=TU_AMB_ESFORCE_TRR_3, eNodeB ID=44806, Cell FDD TDD indication=CELL_FDD",Reliable,17.691,1.629
2026-04-11 04:00,60,"COT_LAT_LATACUNGA_NORTE_UL/Cell:eNodeB Function Name=COT_LAT_LATACUNGA_NORTE_L, Local Cell ID=1, Cell Name=CO_LAT_LATACUNGA_NORTE_1, eNodeB ID=44692, Cell FDD TDD indication=CELL_FDD",Reliable,121.681,8.445
2026-04-11 04:00,60,"COT_LAT_LATACUNGA_NORTE_UL/Cell:eNodeB Function Name=COT_LAT_LATACUNGA_NORTE_L, Local Cell ID=2, Cell Name=CO_LAT_LATACUNGA_NORTE_2, eNodeB ID=44692, Cell FDD TDD indication=CELL_FDD",Reliable,43.907,7.925
2026-04-11 04:00,60,"COT_LAT_LATACUNGA_NORTE_UL/Cell:eNodeB Function Name=COT_LAT_LATACUNGA_NORTE_L, Local Cell ID=3, Cell Name=CO_LAT_LATACUNGA_NORTE_3, eNodeB ID=44692, Cell FDD TDD indication=CELL_FDD",Reliable,32.181,12.385
2026-04-11 04:00,60,"COT_LAT_IESS_UL/Cell:eNodeB Function Name=COT_LAT_IESS_L, Local Cell ID=1, Cell Name=CO_LAT_IESS_1, eNodeB ID=44690, Cell FDD TDD indication=CELL_FDD",Unreliable,571.539,248.428
2026-04-11 04:00,60,"COT_LAT_IESS_UL/Cell:eNodeB Function Name=COT_LAT_IESS_L, Local Cell ID=2, Cell Name=CO_LAT_IESS_2, eNodeB ID=44690, Cell FDD TDD indication=CELL_FDD",Unreliable,110.356,11.685
2026-04-11 04:00,60,"COT_LAT_IESS_UL/Cell:eNodeB Function Name=COT_LAT_IESS_L, Local Cell ID=3, Cell Name=CO_LAT_IESS_3, eNodeB ID=44690, Cell FDD TDD indication=CELL_FDD",Unreliable,106.1,22.266
2026-04-11 04:00,60,"COT_LAT_LATACUNGA(3G)_UL/Cell:eNodeB Function Name=COT_LAT_LATACUNGA(3G)_L, Local Cell ID=1, Cell Name=CO_LAT_LATACUNGA(3G)_1, eNodeB ID=44661, Cell FDD TDD indication=CELL_FDD",Reliable,606.013,52.726
2026-04-11 04:00,60,"COT_LAT_LATACUNGA(3G)_UL/Cell:eNodeB Function Name=COT_LAT_LATACUNGA(3G)_L, Local Cell ID=2, Cell Name=CO_LAT_LATACUNGA(3G)_2, eNodeB ID=44661, Cell FDD TDD indication=CELL_FDD",Reliable,230.426,18.499
2026-04-11 04:00,60,"COT_LAT_LATACUNGA(3G)_UL/Cell:eNodeB Function Name=COT_LAT_LATACUNGA(3G)_L, Local Cell ID=3, Cell Name=CO_LAT_LATACUNGA(3G)_3, eNodeB ID=44661, Cell FDD TDD indication=CELL_FDD",Reliable,97.427,15.888
2026-04-11 04:00,60,"COT_LAT_LATACUNGA(3G)_UL/Cell:eNodeB Function Name=COT_LAT_LATACUNGA(3G)_L, Local Cell ID=7, Cell Name=CO_LAT_LATACUNGA(3G)_APT_7, eNodeB ID=44661, Cell FDD TDD indication=CELL_FDD",Reliable,157.848,14.961
2026-04-11 04:00,60,"COT_LAT_LATACUNGA(3G)_UL/Cell:eNodeB Function Name=COT_LAT_LATACUNGA(3G)_L, Local Cell ID=8, Cell Name=CO_LAT_LATACUNGA(3G)_APT_8, eNodeB ID=44661, Cell FDD TDD indication=CELL_FDD",Reliable,206.901,27.467
2026-04-11 04:00,60,"COT_LAT_LATACUNGA(3G)_UL/Cell:eNodeB Function Name=COT_LAT_LATACUNGA(3G)_L, Local Cell ID=9, Cell Name=CO_LAT_LATACUNGA(3G)_APT_9, eNodeB ID=44661, Cell FDD TDD indication=CELL_FDD",Reliable,236.427,49.272
2026-04-11 04:00,60,"COT_LAT_AEROPUERTO_UL/Cell:eNodeB Function Name=COT_LAT_AEROPUERTO_L, Local Cell ID=1, Cell Name=CO_LAT_AEROPUERTO_1, eNodeB ID=44664, Cell FDD TDD indication=CELL_FDD",Reliable,577.46,46.106
2026-04-11 04:00,60,"COT_LAT_AEROPUERTO_UL/Cell:eNodeB Function Name=COT_LAT_AEROPUERTO_L, Local Cell ID=2, Cell Name=CO_LAT_AEROPUERTO_2, eNodeB ID=44664, Cell FDD TDD indication=CELL_FDD",Reliable,21.583,4.401
2026-04-11 04:00,60,"COT_LAT_AEROPUERTO_UL/Cell:eNodeB Function Name=COT_LAT_AEROPUERTO_L, Local Cell ID=3, Cell Name=CO_LAT_AEROPUERTO_3, eNodeB ID=44664, Cell FDD TDD indication=CELL_FDD",Reliable,159.195,16.486
2026-04-11 04:00,60,"COT_LAT_AEROPUERTO_UL/Cell:eNodeB Function Name=COT_LAT_AEROPUERTO_L, Local Cell ID=7, Cell Name=CO_LAT_AEROPUERTO_APT_7, eNodeB ID=44664, Cell FDD TDD indication=CELL_FDD",Reliable,87.241,12.203
2026-04-11 04:00,60,"COT_LAT_AEROPUERTO_UL/Cell:eNodeB Function Name=COT_LAT_AEROPUERTO_L, Local Cell ID=8, Cell Name=CO_LAT_AEROPUERTO_APT_8, eNodeB ID=44664, Cell FDD TDD indication=CELL_FDD",Reliable,176.28,19.071
2026-04-11 04:00,60,"COT_LAT_AEROPUERTO_UL/Cell:eNodeB Function Name=COT_LAT_AEROPUERTO_L, Local Cell ID=9, Cell Name=CO_LAT_AEROPUERTO_APT_9, eNodeB ID=44664, Cell FDD TDD indication=CELL_FDD",Reliable,440.725,41.544
2026-04-11 04:00,60,"PI_UIO_CLINICA_SAN_RAFAEL_TRR_UL/Cell:eNodeB Function Name=PIC_UIO_CLINICA_SAN_RAFAEL_TRR_L, Local Cell ID=1, Cell Name=PIC_UIO_CLINICA_SAN_RAFAEL_TRR_L21_1, eNodeB ID=44807, Cell FDD TDD indication=CELL_FDD",Reliable,139.691,14.57
2026-04-11 04:00,60,"PI_UIO_CLINICA_SAN_RAFAEL_TRR_UL/Cell:eNodeB Function Name=PIC_UIO_CLINICA_SAN_RAFAEL_TRR_L, Local Cell ID=2, Cell Name=PIC_UIO_CLINICA_SAN_RAFAEL_TRR_L21_2, eNodeB ID=44807, Cell FDD TDD indication=CELL_FDD",Reliable,2.016,1.066
2026-04-11 04:00,60,"PI_UIO_CLINICA_SAN_RAFAEL_TRR_UL/Cell:eNodeB Function Name=PIC_UIO_CLINICA_SAN_RAFAEL_TRR_L, Local Cell ID=3, Cell Name=PIC_UIO_CLINICA_SAN_RAFAEL_TRR_L21_3, eNodeB ID=44807, Cell FDD TDD indication=CELL_FDD",Reliable,59.39,12.805
2026-04-11 04:00,60,"PI_UIO_SERAPIO_JAPERABI_UL/Cell:eNodeB Function Name=PI_UIO_SERAPIO_JAPERABIL21, Local Cell ID=1, Cell Name=PI_UIO_SERAPIO_JAPERABI_1, eNodeB ID=44243, Cell FDD TDD indication=CELL_FDD",Reliable,71.398,5.853
2026-04-11 04:00,60,"PI_UIO_SERAPIO_JAPERABI_UL/Cell:eNodeB Function Name=PI_UIO_SERAPIO_JAPERABIL21, Local Cell ID=2, Cell Name=PI_UIO_SERAPIO_JAPERABI_2, eNodeB ID=44243, Cell FDD TDD indication=CELL_FDD",Reliable,103.697,10.439
2026-04-11 04:00,60,"PI_UIO_SERAPIO_JAPERABI_UL/Cell:eNodeB Function Name=PI_UIO_SERAPIO_JAPERABIL21, Local Cell ID=3, Cell Name=PI_UIO_SERAPIO_JAPERABI_3, eNodeB ID=44243, Cell FDD TDD indication=CELL_FDD",Reliable,4.607,1.543
2026-04-11 04:00,60,"PI_UIO_LA_TOLA_BAJA_UL/Cell:eNodeB Function Name=PI_UIO_LA_TOLA_BAJAL21, Local Cell ID=1, Cell Name=PI_UIO_LA_TOLA_BAJA_1, eNodeB ID=44147, Cell FDD TDD indication=CELL_FDD",Reliable,60.246,18.6
2026-04-11 04:00,60,"PI_UIO_LA_TOLA_BAJA_UL/Cell:eNodeB Function Name=PI_UIO_LA_TOLA_BAJAL21, Local Cell ID=2, Cell Name=PI_UIO_LA_TOLA_BAJA_2, eNodeB ID=44147, Cell FDD TDD indication=CELL_FDD",Reliable,45.288,25.803
2026-04-11 04:00,60,"PI_UIO_LA_TOLA_BAJA_UL/Cell:eNodeB Function Name=PI_UIO_LA_TOLA_BAJAL21, Local Cell ID=3, Cell Name=PI_UIO_LA_TOLA_BAJA_3, eNodeB ID=44147, Cell FDD TDD indication=CELL_FDD",Reliable,2.705,1.231
2026-04-11 04:00,60,"PI_UIO_LA_TOLA_BAJA_UL/Cell:eNodeB Function Name=PI_UIO_LA_TOLA_BAJAL21, Local Cell ID=7, Cell Name=PI_UIO_LA_TOLA_BAJA_APT_7, eNodeB ID=44147, Cell FDD TDD indication=CELL_FDD",Reliable,73.114,5.971
2026-04-11 04:00,60,"PI_UIO_LA_TOLA_BAJA_UL/Cell:eNodeB Function Name=PI_UIO_LA_TOLA_BAJAL21, Local Cell ID=8, Cell Name=PI_UIO_LA_TOLA_BAJA_APT_8, eNodeB ID=44147, Cell FDD TDD indication=CELL_FDD",Reliable,205.887,5.312
2026-04-11 04:00,60,"PI_UIO_LA_TOLA_BAJA_UL/Cell:eNodeB Function Name=PI_UIO_LA_TOLA_BAJAL21, Local Cell ID=9, Cell Name=PI_UIO_LA_TOLA_BAJA_APT_9, eNodeB ID=44147, Cell FDD TDD indication=CELL_FDD",Reliable,2.792,10.479
2026-04-11 04:00,60,"SD_SD_NODO_1_STD4(VIA_QUEVEDO)_UL/Cell:eNodeB Function Name=SD_SD_NODO_1_STD4(VIA_QUEVEDO)L21, Local Cell ID=1, Cell Name=SD_SD_NODO_1_STD4(VIA_QUEVEDO)_1, eNodeB ID=44784, Cell FDD TDD indication=CELL_FDD",Reliable,522.281,28.325
2026-04-11 04:00,60,"SD_SD_NODO_1_STD4(VIA_QUEVEDO)_UL/Cell:eNodeB Function Name=SD_SD_NODO_1_STD4(VIA_QUEVEDO)L21, Local Cell ID=2, Cell Name=SD_SD_NODO_1_STD4(VIA_QUEVEDO)_2, eNodeB ID=44784, Cell FDD TDD indication=CELL_FDD",Reliable,190.016,80.896
2026-04-11 04:00,60,"SD_SD_NODO_1_STD4(VIA_QUEVEDO)_UL/Cell:eNodeB Function Name=SD_SD_NODO_1_STD4(VIA_QUEVEDO)L21, Local Cell ID=3, Cell Name=SD_SD_NODO_1_STD4(VIA_QUEVEDO)_3, eNodeB ID=44784, Cell FDD TDD indication=CELL_FDD",Reliable,11.705,4.308
2026-04-11 04:00,60,"SD_SD_NODO_1_STD4(VIA_QUEVEDO)_UL/Cell:eNodeB Function Name=SD_SD_NODO_1_STD4(VIA_QUEVEDO)L21, Local Cell ID=7, Cell Name=SD_SD_NODO_1_STD4(VIA_QUEVEDO)_APT_7, eNodeB ID=44784, Cell FDD TDD indication=CELL_FDD",Reliable,76.573,11.495
2026-04-11 04:00,60,"SD_SD_NODO_1_STD4(VIA_QUEVEDO)_UL/Cell:eNodeB Function Name=SD_SD_NODO_1_STD4(VIA_QUEVEDO)L21, Local Cell ID=8, Cell Name=SD_SD_NODO_1_STD4(VIA_QUEVEDO)_APT_8, eNodeB ID=44784, Cell FDD TDD indication=CELL_FDD",Reliable,28.915,9.757
2026-04-11 04:00,60,"SD_SD_NODO_1_STD4(VIA_QUEVEDO)_UL/Cell:eNodeB Function Name=SD_SD_NODO_1_STD4(VIA_QUEVEDO)L21, Local Cell ID=9, Cell Name=SD_SD_NODO_1_STD4(VIA_QUEVEDO)_APT_9, eNodeB ID=44784, Cell FDD TDD indication=CELL_FDD",Reliable,70.993,13.466
2026-04-11 04:00,60,"SD_SD_NODO_1_STD4(COCA_COLA)_UL/Cell:eNodeB Function Name=SD_SD_NODO_1_STD4(COCA_COLA)L21, Local Cell ID=1, Cell Name=SD_SD_NODO_1_STD4(COCA_COLA)_1, eNodeB ID=44783, Cell FDD TDD indication=CELL_FDD",Reliable,33.957,17.858
2026-04-11 04:00,60,"SD_SD_NODO_1_STD4(COCA_COLA)_UL/Cell:eNodeB Function Name=SD_SD_NODO_1_STD4(COCA_COLA)L21, Local Cell ID=2, Cell Name=SD_SD_NODO_1_STD4(COCA_COLA)_2, eNodeB ID=44783, Cell FDD TDD indication=CELL_FDD",Reliable,86.814,7.678
2026-04-11 04:00,60,"SD_SD_NODO_1_STD4(COCA_COLA)_UL/Cell:eNodeB Function Name=SD_SD_NODO_1_STD4(COCA_COLA)L21, Local Cell ID=3, Cell Name=SD_SD_NODO_1_STD4(COCA_COLA)_3, eNodeB ID=44783, Cell FDD TDD indication=CELL_FDD",Reliable,2.948,5.31
2026-04-11 04:00,60,"COT_LAT_U_TECNICA_UL/Cell:eNodeB Function Name=COT_LAT_U_TECNICA_L, Local Cell ID=1, Cell Name=CO_LAT_U_TECNICA_1, eNodeB ID=44693, Cell FDD TDD indication=CELL_FDD",Reliable,415.584,31.856
2026-04-11 04:00,60,"COT_LAT_U_TECNICA_UL/Cell:eNodeB Function Name=COT_LAT_U_TECNICA_L, Local Cell ID=2, Cell Name=CO_LAT_U_TECNICA_2, eNodeB ID=44693, Cell FDD TDD indication=CELL_FDD",Reliable,320.399,16.546
2026-04-11 04:00,60,"COT_LAT_U_TECNICA_UL/Cell:eNodeB Function Name=COT_LAT_U_TECNICA_L, Local Cell ID=3, Cell Name=CO_LAT_U_TECNICA_3, eNodeB ID=44693, Cell FDD TDD indication=CELL_FDD",Reliable,589.516,42.751
2026-04-11 04:00,60,"PI_UIO_SELVA_ALEGRE(3G)_UL/Cell:eNodeB Function Name=PI_UIO_SELVA_ALEGRE(3G)L21, Local Cell ID=1, Cell Name=PI_UIO_SELVA_ALEGRE(3G)_1, eNodeB ID=44277, Cell FDD TDD indication=CELL_FDD",Reliable,1.149,0.919
2026-04-11 04:00,60,"PI_UIO_SELVA_ALEGRE(3G)_UL/Cell:eNodeB Function Name=PI_UIO_SELVA_ALEGRE(3G)L21, Local Cell ID=2, Cell Name=PI_UIO_SELVA_ALEGRE(3G)_2, eNodeB ID=44277, Cell FDD TDD indication=CELL_FDD",Reliable,30.512,6
2026-04-11 04:00,60,"PI_UIO_SELVA_ALEGRE(3G)_UL/Cell:eNodeB Function Name=PI_UIO_SELVA_ALEGRE(3G)L21, Local Cell ID=3, Cell Name=PI_UIO_SELVA_ALEGRE(3G)_3, eNodeB ID=44277, Cell FDD TDD indication=CELL_FDD",Reliable,0.132,0.174
2026-04-11 04:00,60,"PIC_UIO_TUMBACO_ULN/Cell:eNodeB Function Name=PI_UIO_TUMBACOL21, Local Cell ID=1, Cell Name=PI_UIO_TUMBACO_1, eNodeB ID=44019, Cell FDD TDD indication=CELL_FDD",Reliable,47.487,8.764
2026-04-11 04:00,60,"PIC_UIO_TUMBACO_ULN/Cell:eNodeB Function Name=PI_UIO_TUMBACOL21, Local Cell ID=2, Cell Name=PI_UIO_TUMBACO_2, eNodeB ID=44019, Cell FDD TDD indication=CELL_FDD",Reliable,31.145,3.85
2026-04-11 04:00,60,"PIC_UIO_TUMBACO_ULN/Cell:eNodeB Function Name=PI_UIO_TUMBACOL21, Local Cell ID=3, Cell Name=PI_UIO_TUMBACO_3, eNodeB ID=44019, Cell FDD TDD indication=CELL_FDD",Reliable,446.296,27.26
2026-04-11 04:00,60,"PIC_UIO_TUMBACO_ULN/Cell:eNodeB Function Name=PI_UIO_TUMBACOL21, Local Cell ID=7, Cell Name=PI_UIO_TUMBACO_APT_7, eNodeB ID=44019, Cell FDD TDD indication=CELL_FDD",Reliable,286.565,21.548
2026-04-11 04:00,60,"PIC_UIO_TUMBACO_ULN/Cell:eNodeB Function Name=PI_UIO_TUMBACOL21, Local Cell ID=8, Cell Name=PI_UIO_TUMBACO_APT_8, eNodeB ID=44019, Cell FDD TDD indication=CELL_FDD",Reliable,150.158,13.215
2026-04-11 04:00,60,"PIC_UIO_TUMBACO_ULN/Cell:eNodeB Function Name=PI_UIO_TUMBACOL21, Local Cell ID=9, Cell Name=PI_UIO_TUMBACO_APT_9, eNodeB ID=44019, Cell FDD TDD indication=CELL_FDD",Reliable,1902.795,45.415
2026-04-11 04:00,60,"PIC_UIO_LA_CERAMICA_ULN/Cell:eNodeB Function Name=PI_UIO_LA_CERAMICAL21, Local Cell ID=1, Cell Name=PI_UIO_LA_CERAMICA_1, eNodeB ID=44378, Cell FDD TDD indication=CELL_FDD",Reliable,56.996,5.253
2026-04-11 04:00,60,"PIC_UIO_LA_CERAMICA_ULN/Cell:eNodeB Function Name=PI_UIO_LA_CERAMICAL21, Local Cell ID=2, Cell Name=PI_UIO_LA_CERAMICA_2, eNodeB ID=44378, Cell FDD TDD indication=CELL_FDD",Reliable,1.538,0.413
2026-04-11 04:00,60,"PIC_UIO_LA_CERAMICA_ULN/Cell:eNodeB Function Name=PI_UIO_LA_CERAMICAL21, Local Cell ID=3, Cell Name=PI_UIO_LA_CERAMICA_3, eNodeB ID=44378, Cell FDD TDD indication=CELL_FDD",Reliable,10.344,3.19
2026-04-11 04:00,60,"SMALL_UIO_REGISTRO_CIVILL21/Cell:eNodeB Function Name=SMALL_UIO_REGISTRO_CIVILL21, Local Cell ID=1, Cell Name=SMALL_UIO_REGISTRO_CIVIL_L21_1, eNodeB ID=43204, Cell FDD TDD indication=CELL_FDD",Reliable,0.007,0.016
2026-04-11 04:00,60,"SMALL_UIO_MADRIGALL21/Cell:eNodeB Function Name=SMALL_UIO_MADRIGALL21, Local Cell ID=1, Cell Name=SMALL_UIO_MADRIGAL_L21_1, eNodeB ID=43207, Cell FDD TDD indication=CELL_FDD",Reliable,0.307,0.218
2026-04-11 04:00,60,"SMALL_GYE_CENTRO_CIVICOL21/Cell:eNodeB Function Name=SMALL_GYE_CENTRO_CIVICOL21, Local Cell ID=1, Cell Name=SMALL_GYE_CENTRO_CIVICO_L21_1, eNodeB ID=43212, Cell FDD TDD indication=CELL_FDD",Reliable,0,0
2026-04-11 04:00,60,"SMALL_STD_BAHIAL21/Cell:eNodeB Function Name=SMALL_STD_BAHIAL21, Local Cell ID=1, Cell Name=SMALL_STD_BAHIA_L21_1, eNodeB ID=43224, Cell FDD TDD indication=CELL_FDD",Reliable,0.057,0.2
2026-04-11 04:00,60,"SMALL_BHY_ECU911L21/Cell:eNodeB Function Name=SMALL_BHY_ECU911L21, Local Cell ID=1, Cell Name=SMALL_BHY_ECU911_L21_1, eNodeB ID=43235, Cell FDD TDD indication=CELL_FDD",Reliable,4.178,1.153
2026-04-11 04:00,60,"SMALL_PTVJO_ECU_911L21/Cell:eNodeB Function Name=SMALL_PTVJO_ECU_911L21, Local Cell ID=1, Cell Name=SMALL_PTVJO_ECU_911_L21_1, eNodeB ID=43225, Cell FDD TDD indication=CELL_FDD",Reliable,0,0
2026-04-11 04:00,60,"SMALL_RIO_EMPRESA_ELECTRICAL21/Cell:eNodeB Function Name=SMALL_RIO_EMPRESA_ELECTRICAL21, Local Cell ID=1, Cell Name=SMALL_RIO_EMPRESA_ELECTRICA_L21_1, eNodeB ID=43202, Cell FDD TDD indication=CELL_FDD",Reliable,0,0
2026-04-11 04:00,60,"SMALL_UIO_NAYONL21/Cell:eNodeB Function Name=SMALL_UIO_NAYONL21, Local Cell ID=1, Cell Name=SMALL_UIO_NAYON_L21_1, eNodeB ID=43232, Cell FDD TDD indication=CELL_FDD",Reliable,0.011,0.032
2026-04-11 04:00,60,"SMALL_CUE_MALL_DEL_RIO_L/Cell:eNodeB Function Name=SMALL_CUE_MALL_DEL_RIO_L, Local Cell ID=1, Cell Name=SMALL_CUE_MALL_RIO_L21_1, eNodeB ID=43231, Cell FDD TDD indication=CELL_FDD",Reliable,0,0
2026-04-11 04:00,60,"SMALL_GYE_ORO_VERDEL21/Cell:eNodeB Function Name=SMALL_GYE_ORO_VERDEL21, Local Cell ID=1, Cell Name=SMALL_GYE_ORO_VERDE_L21_1, eNodeB ID=43210, Cell FDD TDD indication=CELL_FDD",Reliable,0,0
2026-04-11 04:00,60,"SMALL_UIO_HILTON_COLONL21/Cell:eNodeB Function Name=SMALL_UIO_HILTON_COLONL21, Local Cell ID=1, Cell Name=SMALL_UIO_HILTON_COLON_L21_1, eNodeB ID=43217, Cell FDD TDD indication=CELL_FDD",Reliable,6.83,1.421
2026-04-11 04:00,60,"SMALL_UIO_DTA_CENTERL21/Cell:eNodeB Function Name=SMALL_UIO_DTA_CENTERL21, Local Cell ID=1, Cell Name=SMALL_UIO_DTA_CENTER_L21_1, eNodeB ID=43229, Cell FDD TDD indication=CELL_FDD",Reliable,0,0
2026-04-11 04:00,60,"SMALL_UIO_MARRIOTL21/Cell:eNodeB Function Name=SMALL_UIO_MARRIOTL21, Local Cell ID=1, Cell Name=SMALL_UIO_MARRIOT_L21_1, eNodeB ID=43206, Cell FDD TDD indication=CELL_FDD",Reliable,0.188,0.193
2026-04-11 04:00,60,"PIC_UIO_LAMP_PLATFINANCIERA2_UL/Cell:eNodeB Function Name=PIC_UIO_LAMP_PLATFINANCIERA2_L, Local Cell ID=5, Cell Name=LAMP_UIO_PLATFINANCIERA2_5, eNodeB ID=43242, Cell FDD TDD indication=CELL_FDD",Reliable,0,0
2026-04-11 04:00,60,"PIC_UIO_LAMP_PLATFINANCIERA2_UL/Cell:eNodeB Function Name=PIC_UIO_LAMP_PLATFINANCIERA2_L, Local Cell ID=4, Cell Name=LAMP_UIO_PLATFINANCIERA2_4, eNodeB ID=43242, Cell FDD TDD indication=CELL_FDD",Reliable,0.038,0.012
2026-04-11 04:00,60,"PIC_UIO_LAMP_PLATFINANCIERA2_UL/Cell:eNodeB Function Name=PIC_UIO_LAMP_PLATFINANCIERA2_L, Local Cell ID=3, Cell Name=LAMP_UIO_PLATFINANCIERA2_3, eNodeB ID=43242, Cell FDD TDD indication=CELL_FDD",Reliable,0,0
2026-04-11 04:00,60,"PIC_UIO_LAMP_PLATFINANCIERA2_UL/Cell:eNodeB Function Name=PIC_UIO_LAMP_PLATFINANCIERA2_L, Local Cell ID=2, Cell Name=LAMP_UIO_PLATFINANCIERA2_2, eNodeB ID=43242, Cell FDD TDD indication=CELL_FDD",Reliable,0,0
2026-04-11 04:00,60,"PIC_UIO_LAMP_PLATFINANCIERA2_UL/Cell:eNodeB Function Name=PIC_UIO_LAMP_PLATFINANCIERA2_L, Local Cell ID=1, Cell Name=LAMP_UIO_PLATFINANCIERA2_1, eNodeB ID=43242, Cell FDD TDD indication=CELL_FDD",Reliable,0,0
2026-04-11 04:00,60,"PIC_UIO_LAMP_PLATFINANCIERA3_UL/Cell:eNodeB Function Name=PIC_UIO_LAMP_PLATFINANCIERA3_L, Local Cell ID=6, Cell Name=LAMP_UIO_PLATFINANCIERA3_6, eNodeB ID=43243, Cell FDD TDD indication=CELL_FDD",Reliable,0,0
2026-04-11 04:00,60,"PIC_UIO_LAMP_PLATFINANCIERA3_UL/Cell:eNodeB Function Name=PIC_UIO_LAMP_PLATFINANCIERA3_L, Local Cell ID=5, Cell Name=LAMP_UIO_PLATFINANCIERA3_5, eNodeB ID=43243, Cell FDD TDD indication=CELL_FDD",Reliable,0,0
2026-04-11 04:00,60,"PIC_UIO_LAMP_PLATFINANCIERA3_UL/Cell:eNodeB Function Name=PIC_UIO_LAMP_PLATFINANCIERA3_L, Local Cell ID=4, Cell Name=LAMP_UIO_PLATFINANCIERA3_4, eNodeB ID=43243, Cell FDD TDD indication=CELL_FDD",Reliable,0.009,0.011
2026-04-11 04:00,60,"PIC_UIO_LAMP_PLATFINANCIERA3_UL/Cell:eNodeB Function Name=PIC_UIO_LAMP_PLATFINANCIERA3_L, Local Cell ID=3, Cell Name=LAMP_UIO_PLATFINANCIERA3_3, eNodeB ID=43243, Cell FDD TDD indication=CELL_FDD",Reliable,0.117,0.021
2026-04-11 04:00,60,"PIC_UIO_LAMP_PLATFINANCIERA3_UL/Cell:eNodeB Function Name=PIC_UIO_LAMP_PLATFINANCIERA3_L, Local Cell ID=2, Cell Name=LAMP_UIO_PLATFINANCIERA3_2, eNodeB ID=43243, Cell FDD TDD indication=CELL_FDD",Reliable,0,0
2026-04-11 04:00,60,"PIC_UIO_LAMP_PLATFINANCIERA3_UL/Cell:eNodeB Function Name=PIC_UIO_LAMP_PLATFINANCIERA3_L, Local Cell ID=1, Cell Name=LAMP_UIO_PLATFINANCIERA3_1, eNodeB ID=43243, Cell FDD TDD indication=CELL_FDD",Reliable,0,0
2026-04-11 04:00,60,"PIC_UIO_LAMP_PLATFINANCIERA1_UL/Cell:eNodeB Function Name=PIC_UIO_LAMP_PLATFINANCIERA1_L, Local Cell ID=7, Cell Name=LAMP_UIO_PLATFINANCIERA1_7, eNodeB ID=43241, Cell FDD TDD indication=CELL_FDD",Reliable,0,0
2026-04-11 04:00,60,"PIC_UIO_LAMP_PLATFINANCIERA1_UL/Cell:eNodeB Function Name=PIC_UIO_LAMP_PLATFINANCIERA1_L, Local Cell ID=6, Cell Name=LAMP_UIO_PLATFINANCIERA1_6, eNodeB ID=43241, Cell FDD TDD indication=CELL_FDD",Reliable,0,0
2026-04-11 04:00,60,"PIC_UIO_LAMP_PLATFINANCIERA1_UL/Cell:eNodeB Function Name=PIC_UIO_LAMP_PLATFINANCIERA1_L, Local Cell ID=5, Cell Name=LAMP_UIO_PLATFINANCIERA1_5, eNodeB ID=43241, Cell FDD TDD indication=CELL_FDD",Reliable,0,0
2026-04-11 04:00,60,"PIC_UIO_LAMP_PLATFINANCIERA1_UL/Cell:eNodeB Function Name=PIC_UIO_LAMP_PLATFINANCIERA1_L, Local Cell ID=4, Cell Name=LAMP_UIO_PLATFINANCIERA1_4, eNodeB ID=43241, Cell FDD TDD indication=CELL_FDD",Reliable,0,0
2026-04-11 04:00,60,"PIC_UIO_LAMP_PLATFINANCIERA1_UL/Cell:eNodeB Function Name=PIC_UIO_LAMP_PLATFINANCIERA1_L, Local Cell ID=3, Cell Name=LAMP_UIO_PLATFINANCIERA1_3, eNodeB ID=43241, Cell FDD TDD indication=CELL_FDD",Reliable,0,0
2026-04-11 04:00,60,"PIC_UIO_LAMP_PLATFINANCIERA1_UL/Cell:eNodeB Function Name=PIC_UIO_LAMP_PLATFINANCIERA1_L, Local Cell ID=2, Cell Name=LAMP_UIO_PLATFINANCIERA1_2, eNodeB ID=43241, Cell FDD TDD indication=CELL_FDD",Reliable,0,0
2026-04-11 04:00,60,"PIC_UIO_LAMP_PLATFINANCIERA1_UL/Cell:eNodeB Function Name=PIC_UIO_LAMP_PLATFINANCIERA1_L, Local Cell ID=1, Cell Name=LAMP_UIO_PLATFINANCIERA1_1, eNodeB ID=43241, Cell FDD TDD indication=CELL_FDD",Reliable,0,0
2026-04-11 04:00,60,"PIC_UIO_LAMP_PLATFINANCIERA_UL/Cell:eNodeB Function Name=PIC_UIO_LAMP_PLATFINANCIERA_L, Local Cell ID=2, Cell Name=PIC_UIO_LAMP_PLATFINANCIERA_L21_2, eNodeB ID=43240, Cell FDD TDD indication=CELL_FDD",Reliable,2.119,0.433
2026-04-11 04:00,60,"PIC_UIO_LAMP_PLATFINANCIERA_UL/Cell:eNodeB Function Name=PIC_UIO_LAMP_PLATFINANCIERA_L, Local Cell ID=1, Cell Name=PIC_UIO_LAMP_PLATFINANCIERA_L21_1, eNodeB ID=43240, Cell FDD TDD indication=CELL_FDD",Reliable,0,0
2026-04-11 04:00,60,"PIC_UIO_LAMP_PLATFINANCIERA_UL/Cell:eNodeB Function Name=PIC_UIO_LAMP_PLATFINANCIERA_L, Local Cell ID=5, Cell Name=PIC_UIO_LAMP_PLATFINANCIERA_L21_5, eNodeB ID=43240, Cell FDD TDD indication=CELL_FDD",Reliable,0,0
2026-04-11 04:00,60,"PIC_UIO_LAMP_PLATFINANCIERA_UL/Cell:eNodeB Function Name=PIC_UIO_LAMP_PLATFINANCIERA_L, Local Cell ID=4, Cell Name=PIC_UIO_LAMP_PLATFINANCIERA_L21_4, eNodeB ID=43240, Cell FDD TDD indication=CELL_FDD",Reliable,0,0
2026-04-11 04:00,60,"PIC_UIO_LAMP_PLATFINANCIERA_UL/Cell:eNodeB Function Name=PIC_UIO_LAMP_PLATFINANCIERA_L, Local Cell ID=3, Cell Name=PIC_UIO_LAMP_PLATFINANCIERA_L21_3, eNodeB ID=43240, Cell FDD TDD indication=CELL_FDD",Reliable,0.016,0.046
2026-04-11 04:00,60,"SMALL_UIO_SHERATONL21/Cell:eNodeB Function Name=SMALL_UIO_SHERATONL21, Local Cell ID=1, Cell Name=SMALL_UIO_SHERATON_L21_1, eNodeB ID=43233, Cell FDD TDD indication=CELL_FDD",Reliable,0.116,0.096
2026-04-11 04:00,60,"STD_STD_SMALLCELL_BATALLON_MONTUFAR_UL/Cell:eNodeB Function Name=STD_STD_SC_BATALLON_MONTUFAR_L, Local Cell ID=0, Cell Name=STD_STD_SMALLCELL_BATALLON_MONTUFAR_L21_1, eNodeB ID=43273, Cell FDD TDD indication=CELL_FDD",Reliable,111.344,13.807
2026-04-11 04:00,60,"IMB_IBA_003_UL (IBA_ECU911)/Cell:eNodeB Function Name=IMB_IBA_003L21 (IBA_ECU911), Local Cell ID=1, Cell Name=IMB_IBA_003_1, eNodeB ID=43542, Cell FDD TDD indication=CELL_FDD",Reliable,375.461,19.704
2026-04-11 04:00,60,"IMB_IBA_003_UL (IBA_ECU911)/Cell:eNodeB Function Name=IMB_IBA_003L21 (IBA_ECU911), Local Cell ID=2, Cell Name=IMB_IBA_003_2, eNodeB ID=43542, Cell FDD TDD indication=CELL_FDD",Reliable,482.903,24.868
2026-04-11 04:00,60,"IMB_IBA_003_UL (IBA_ECU911)/Cell:eNodeB Function Name=IMB_IBA_003L21 (IBA_ECU911), Local Cell ID=3, Cell Name=IMB_IBA_003_3, eNodeB ID=43542, Cell FDD TDD indication=CELL_FDD",Reliable,11.116,4.229
2026-04-11 04:00,60,"PIC_UIO_CAPILLA_ULN/Cell:eNodeB Function Name=PIC_UIO_CAPILLA_L, Local Cell ID=1, Cell Name=PIC_UIO_CAPILLA_L21_1, eNodeB ID=44850, Cell FDD TDD indication=CELL_FDD",Reliable,0,0
2026-04-11 04:00,60,"PIC_UIO_CAPILLA_ULN/Cell:eNodeB Function Name=PIC_UIO_CAPILLA_L, Local Cell ID=2, Cell Name=PIC_UIO_CAPILLA_L21_2, eNodeB ID=44850, Cell FDD TDD indication=CELL_FDD",Reliable,43.122,3.381
2026-04-11 04:00,60,"PIC_UIO_CAPILLA_ULN/Cell:eNodeB Function Name=PIC_UIO_CAPILLA_L, Local Cell ID=3, Cell Name=PIC_UIO_CAPILLA_L21_3, eNodeB ID=44850, Cell FDD TDD indication=CELL_FDD",Reliable,69.641,2.814
2026-04-11 04:00,60,"PI_UIO_TANASA_UL/Cell:eNodeB Function Name=PIC_UIO_TANASA_L, Local Cell ID=1, Cell Name=PIC_UIO_TANASA_L21_1, eNodeB ID=44352, Cell FDD TDD indication=CELL_FDD",Reliable,24.119,50.197
2026-04-11 04:00,60,"PI_UIO_TANASA_UL/Cell:eNodeB Function Name=PIC_UIO_TANASA_L, Local Cell ID=2, Cell Name=PIC_UIO_TANASA_L21_2, eNodeB ID=44352, Cell FDD TDD indication=CELL_FDD",Reliable,667.712,121.959
2026-04-11 04:00,60,"SD_SD_BRISAS_UL/Cell:eNodeB Function Name=SD_SD_BRISASL21, Local Cell ID=1, Cell Name=SD_SD_BRISAS_1, eNodeB ID=43534, Cell FDD TDD indication=CELL_FDD",Reliable,352.205,32.812
2026-04-11 04:00,60,"SD_SD_BRISAS_UL/Cell:eNodeB Function Name=SD_SD_BRISASL21, Local Cell ID=2, Cell Name=SD_SD_BRISAS_2, eNodeB ID=43534, Cell FDD TDD indication=CELL_FDD",Reliable,235.534,14.435
2026-04-11 04:00,60,"SD_SD_BRISAS_UL/Cell:eNodeB Function Name=SD_SD_BRISASL21, Local Cell ID=3, Cell Name=SD_SD_BRISAS_3, eNodeB ID=43534, Cell FDD TDD indication=CELL_FDD",Reliable,10.317,13.987
2026-04-11 04:00,60,"SD_SD_GUAYAQUIL_UL/Cell:eNodeB Function Name=SD_SD_GUAYAQUILL21, Local Cell ID=1, Cell Name=SD_SD_GUAYAQUIL_1, eNodeB ID=43583, Cell FDD TDD indication=CELL_FDD",Reliable,5.101,3.669
2026-04-11 04:00,60,"SD_SD_GUAYAQUIL_UL/Cell:eNodeB Function Name=SD_SD_GUAYAQUILL21, Local Cell ID=2, Cell Name=SD_SD_GUAYAQUIL_2, eNodeB ID=43583, Cell FDD TDD indication=CELL_FDD",Reliable,5.345,3.288
2026-04-11 04:00,60,"SD_SD_GUAYAQUIL_UL/Cell:eNodeB Function Name=SD_SD_GUAYAQUILL21, Local Cell ID=3, Cell Name=SD_SD_GUAYAQUIL_3, eNodeB ID=43583, Cell FDD TDD indication=CELL_FDD",Reliable,7.431,1.836
2026-04-11 04:00,60,"PI_UIO_CONOCOTO_OESTE_UL/Cell:eNodeB Function Name=PI_UIO_CONOCOTO_OESTEL21, Local Cell ID=1, Cell Name=PI_UIO_CONOCOTO_OESTE_1, eNodeB ID=44209, Cell FDD TDD indication=CELL_FDD",Reliable,119.845,11.212
2026-04-11 04:00,60,"PI_UIO_CONOCOTO_OESTE_UL/Cell:eNodeB Function Name=PI_UIO_CONOCOTO_OESTEL21, Local Cell ID=2, Cell Name=PI_UIO_CONOCOTO_OESTE_2, eNodeB ID=44209, Cell FDD TDD indication=CELL_FDD",Reliable,50.903,131.459
2026-04-11 04:00,60,"PI_UIO_CONOCOTO_OESTE_UL/Cell:eNodeB Function Name=PI_UIO_CONOCOTO_OESTEL21, Local Cell ID=3, Cell Name=PI_UIO_CONOCOTO_OESTE_3, eNodeB ID=44209, Cell FDD TDD indication=CELL_FDD",Reliable,246.39,25.009
2026-04-11 04:00,60,"ES_ATA_ESME_ATACAMES_NORTE_UL/Cell:eNodeB Function Name=ES_ATA_ESME_ATACAMES_NORTEL21, Local Cell ID=1, Cell Name=ES_ATA_ESME_ATACAMES_NORTE_1, eNodeB ID=43540, Cell FDD TDD indication=CELL_FDD",Reliable,13.502,1.179
2026-04-11 04:00,60,"ES_ATA_ESME_ATACAMES_NORTE_UL/Cell:eNodeB Function Name=ES_ATA_ESME_ATACAMES_NORTEL21, Local Cell ID=2, Cell Name=ES_ATA_ESME_ATACAMES_NORTE_2, eNodeB ID=43540, Cell FDD TDD indication=CELL_FDD",Reliable,2.421,0.62
2026-04-11 04:00,60,"ES_ATA_ESME_ATACAMES_NORTE_UL/Cell:eNodeB Function Name=ES_ATA_ESME_ATACAMES_NORTEL21, Local Cell ID=3, Cell Name=ES_ATA_ESME_ATACAMES_NORTE_3, eNodeB ID=43540, Cell FDD TDD indication=CELL_FDD",Reliable,12.594,1.426
2026-04-11 04:00,60,"PI_UIO_CAMANO_UL/Cell:eNodeB Function Name=PI_UIO_CAMANOL21, Local Cell ID=1, Cell Name=PI_UIO_CAMANO_1, eNodeB ID=43522, Cell FDD TDD indication=CELL_FDD",Reliable,59.113,4.29
2026-04-11 04:00,60,"PI_UIO_CAMANO_UL/Cell:eNodeB Function Name=PI_UIO_CAMANOL21, Local Cell ID=2, Cell Name=PI_UIO_CAMANO_2, eNodeB ID=43522, Cell FDD TDD indication=CELL_FDD",Reliable,0.957,0.86
2026-04-11 04:00,60,"PI_UIO_CONFITECA_UL/Cell:eNodeB Function Name=PI_UIO_CONFITECA_L, Local Cell ID=1, Cell Name=PI_UIO_CONFITECA_1, eNodeB ID=44375, Cell FDD TDD indication=CELL_FDD",Reliable,445.801,234.539
2026-04-11 04:00,60,"PI_UIO_CONFITECA_UL/Cell:eNodeB Function Name=PI_UIO_CONFITECA_L, Local Cell ID=2, Cell Name=PI_UIO_CONFITECA_2, eNodeB ID=44375, Cell FDD TDD indication=CELL_FDD",Reliable,649.906,136.169
2026-04-11 04:00,60,"PI_UIO_CONFITECA_UL/Cell:eNodeB Function Name=PI_UIO_CONFITECA_L, Local Cell ID=3, Cell Name=PI_UIO_CONFITECA_3, eNodeB ID=44375, Cell FDD TDD indication=CELL_FDD",Reliable,43.97,12.357
2026-04-11 04:00,60,"PI_UIO_CONFITECA_UL/Cell:eNodeB Function Name=PI_UIO_CONFITECA_L, Local Cell ID=7, Cell Name=PI_UIO_CONFITECA_APT_7, eNodeB ID=44375, Cell FDD TDD indication=CELL_FDD",Reliable,388.355,43.352
2026-04-11 04:00,60,"PI_UIO_CONFITECA_UL/Cell:eNodeB Function Name=PI_UIO_CONFITECA_L, Local Cell ID=8, Cell Name=PI_UIO_CONFITECA_APT_8, eNodeB ID=44375, Cell FDD TDD indication=CELL_FDD",Reliable,3.658,1.805
2026-04-11 04:00,60,"PI_UIO_CONFITECA_UL/Cell:eNodeB Function Name=PI_UIO_CONFITECA_L, Local Cell ID=9, Cell Name=PI_UIO_CONFITECA_APT_9, eNodeB ID=44375, Cell FDD TDD indication=CELL_FDD",Reliable,946.393,341.713
2026-04-11 04:00,60,"PI_UIO_CONFITECA_UL/Cell:eNodeB Function Name=PI_UIO_CONFITECA_L, Local Cell ID=11, Cell Name=PI_UIO_CONFITECA_11, eNodeB ID=44375, Cell FDD TDD indication=CELL_FDD",Reliable,126.276,12.774
2026-04-11 04:00,60,"PI_UIO_CONFITECA_UL/Cell:eNodeB Function Name=PI_UIO_CONFITECA_L, Local Cell ID=12, Cell Name=PI_UIO_CONFITECA_12, eNodeB ID=44375, Cell FDD TDD indication=CELL_FDD",Reliable,1.379,0.67
2026-04-11 04:00,60,"PI_UIO_CONFITECA_UL/Cell:eNodeB Function Name=PI_UIO_CONFITECA_L, Local Cell ID=13, Cell Name=PI_UIO_CONFITECA_13, eNodeB ID=44375, Cell FDD TDD indication=CELL_FDD",Reliable,6.01,0.747
2026-04-11 04:00,60,"PI_UIO_LIZARZABURO_UL/Cell:eNodeB Function Name=PI_UIO_LIZARZABUROL21, Local Cell ID=1, Cell Name=PI_UIO_LIZARZABURO_1, eNodeB ID=43528, Cell FDD TDD indication=CELL_FDD",Reliable,157.16,17.632
2026-04-11 04:00,60,"PI_UIO_LIZARZABURO_UL/Cell:eNodeB Function Name=PI_UIO_LIZARZABUROL21, Local Cell ID=2, Cell Name=PI_UIO_LIZARZABURO_2, eNodeB ID=43528, Cell FDD TDD indication=CELL_FDD",Reliable,1576.561,230.007
2026-04-11 04:00,60,"PI_UIO_LIZARZABURO_UL/Cell:eNodeB Function Name=PI_UIO_LIZARZABUROL21, Local Cell ID=3, Cell Name=PI_UIO_LIZARZABURO_3, eNodeB ID=43528, Cell FDD TDD indication=CELL_FDD",Reliable,55.917,20.526
2026-04-11 04:00,60,"PI_UIO_NODO_1_GUAMANI_EL_EJERCITO_UL/Cell:eNodeB Function Name=PIC_UIO_NODO_1_GUAMANI_EL_EJERCITO_L, Local Cell ID=1, Cell Name=PI_UIO_NODO_1_GUAMANI_EL_EJERCITO_L21_1, eNodeB ID=44128, Cell FDD TDD indication=CELL_FDD",Reliable,157.049,7.283
2026-04-11 04:00,60,"PI_UIO_NODO_1_GUAMANI_EL_EJERCITO_UL/Cell:eNodeB Function Name=PIC_UIO_NODO_1_GUAMANI_EL_EJERCITO_L, Local Cell ID=2, Cell Name=PI_UIO_NODO_1_GUAMANI_EL_EJERCITO_L21_2, eNodeB ID=44128, Cell FDD TDD indication=CELL_FDD",Reliable,5.774,0.638
2026-04-11 04:00,60,"PI_UIO_NODO_1_GUAMANI_EL_EJERCITO_UL/Cell:eNodeB Function Name=PIC_UIO_NODO_1_GUAMANI_EL_EJERCITO_L, Local Cell ID=3, Cell Name=PI_UIO_NODO_1_GUAMANI_EL_EJERCITO_L21_3, eNodeB ID=44128, Cell FDD TDD indication=CELL_FDD",Reliable,73.684,10.98
2026-04-11 04:00,60,"PI_UIO_QUITUS_UL/Cell:eNodeB Function Name=PI_UIO_QUITUS_L, Local Cell ID=1, Cell Name=PI_UIO_QUITUS_1, eNodeB ID=43619, Cell FDD TDD indication=CELL_FDD",Reliable,397.547,30.322
2026-04-11 04:00,60,"PI_UIO_QUITUS_UL/Cell:eNodeB Function Name=PI_UIO_QUITUS_L, Local Cell ID=2, Cell Name=PI_UIO_QUITUS_2, eNodeB ID=43619, Cell FDD TDD indication=CELL_FDD",Reliable,26.044,6.128
2026-04-11 04:00,60,"PI_UIO_QUITUS_UL/Cell:eNodeB Function Name=PI_UIO_QUITUS_L, Local Cell ID=3, Cell Name=PI_UIO_QUITUS_3, eNodeB ID=43619, Cell FDD TDD indication=CELL_FDD",Reliable,0.509,0.226
2026-04-11 04:00,60,"PI_UIO_QUITUS_UL/Cell:eNodeB Function Name=PI_UIO_QUITUS_L, Local Cell ID=11, Cell Name=PI_UIO_QUITUS_11, eNodeB ID=43619, Cell FDD TDD indication=CELL_FDD",Reliable,93.263,3.001
2026-04-11 04:00,60,"PI_UIO_QUITUS_UL/Cell:eNodeB Function Name=PI_UIO_QUITUS_L, Local Cell ID=12, Cell Name=PI_UIO_QUITUS_12, eNodeB ID=43619, Cell FDD TDD indication=CELL_FDD",Reliable,1.185,0.123
2026-04-11 04:00,60,"PI_UIO_QUITUS_UL/Cell:eNodeB Function Name=PI_UIO_QUITUS_L, Local Cell ID=13, Cell Name=PI_UIO_QUITUS_13, eNodeB ID=43619, Cell FDD TDD indication=CELL_FDD",Reliable,169.067,5.097
2026-04-11 04:00,60,"PI_UIO_SANGOLQUI_UL/Cell:eNodeB Function Name=PIC_UIO_SANGOLQUI_L, Local Cell ID=1, Cell Name=PIC_UIO_SANGOLQUI_L21_1, eNodeB ID=44338, Cell FDD TDD indication=CELL_FDD",Reliable,3.825,2.226
2026-04-11 04:00,60,"PI_UIO_SANGOLQUI_UL/Cell:eNodeB Function Name=PIC_UIO_SANGOLQUI_L, Local Cell ID=2, Cell Name=PIC_UIO_SANGOLQUI_L21_2, eNodeB ID=44338, Cell FDD TDD indication=CELL_FDD",Reliable,39.602,4.322
2026-04-11 04:00,60,"PI_UIO_SANGOLQUI_UL/Cell:eNodeB Function Name=PIC_UIO_SANGOLQUI_L, Local Cell ID=3, Cell Name=PIC_UIO_SANGOLQUI_L21_3, eNodeB ID=44338, Cell FDD TDD indication=CELL_FDD",Reliable,45.435,16.658
2026-04-11 04:00,60,"PI_UIO_SCALA_MALL_UL/Cell:eNodeB Function Name=PI_UIO_SCALA_MALLL21, Local Cell ID=1, Cell Name=PI_UIO_SCALA_MALL_1, eNodeB ID=44941, Cell FDD TDD indication=CELL_FDD",Reliable,0,0
2026-04-11 04:00,60,"PI_UIO_SCALA_MALL_UL/Cell:eNodeB Function Name=PI_UIO_SCALA_MALLL21, Local Cell ID=2, Cell Name=PI_UIO_SCALA_MALL_2, eNodeB ID=44941, Cell FDD TDD indication=CELL_FDD",Reliable,8.78,4.071
2026-04-11 04:00,60,"PI_UIO_SELVA_ALEGRE_UL/Cell:eNodeB Function Name=PIC_UIO_SELVA_ALEGRE_L, Local Cell ID=1, Cell Name=PIC_UIO_SELVA_ALEGRE_L21_1, eNodeB ID=44363, Cell FDD TDD indication=CELL_FDD",Reliable,220.782,26.173
2026-04-11 04:00,60,"PI_UIO_SELVA_ALEGRE_UL/Cell:eNodeB Function Name=PIC_UIO_SELVA_ALEGRE_L, Local Cell ID=2, Cell Name=PIC_UIO_SELVA_ALEGRE_L21_2, eNodeB ID=44363, Cell FDD TDD indication=CELL_FDD",Reliable,130.871,25.702
2026-04-11 04:00,60,"PI_UIO_SELVA_ALEGRE_UL/Cell:eNodeB Function Name=PIC_UIO_SELVA_ALEGRE_L, Local Cell ID=3, Cell Name=PIC_UIO_SELVA_ALEGRE_L21_3, eNodeB ID=44363, Cell FDD TDD indication=CELL_FDD",Reliable,203.771,11.16
2026-04-11 04:00,60,"PI_UIO_SELVA_ALEGRE_UL/Cell:eNodeB Function Name=PIC_UIO_SELVA_ALEGRE_L, Local Cell ID=7, Cell Name=PIC_UIO_SELVA_ALEGRE_L7_7, eNodeB ID=44363, Cell FDD TDD indication=CELL_FDD",Reliable,379.713,66.822
2026-04-11 04:00,60,"PI_UIO_SELVA_ALEGRE_UL/Cell:eNodeB Function Name=PIC_UIO_SELVA_ALEGRE_L, Local Cell ID=8, Cell Name=PIC_UIO_SELVA_ALEGRE_L7_8, eNodeB ID=44363, Cell FDD TDD indication=CELL_FDD",Reliable,464.527,21.783
2026-04-11 04:00,60,"PI_UIO_SELVA_ALEGRE_UL/Cell:eNodeB Function Name=PIC_UIO_SELVA_ALEGRE_L, Local Cell ID=9, Cell Name=PIC_UIO_SELVA_ALEGRE_L7_9, eNodeB ID=44363, Cell FDD TDD indication=CELL_FDD",Reliable,295.168,156.531
2026-04-11 04:00,60,"SD_SD_TULCAN_UL/Cell:eNodeB Function Name=SD_SD_TULCANL21, Local Cell ID=1, Cell Name=SD_SD_TULCAN_1, eNodeB ID=43553, Cell FDD TDD indication=CELL_FDD",Reliable,249.769,48.299
2026-04-11 04:00,60,"SD_SD_TULCAN_UL/Cell:eNodeB Function Name=SD_SD_TULCANL21, Local Cell ID=2, Cell Name=SD_SD_TULCAN_2, eNodeB ID=43553, Cell FDD TDD indication=CELL_FDD",Reliable,314.02,14.546
2026-04-11 04:00,60,"SD_SD_TULCAN_UL/Cell:eNodeB Function Name=SD_SD_TULCANL21, Local Cell ID=3, Cell Name=SD_SD_TULCAN_3, eNodeB ID=43553, Cell FDD TDD indication=CELL_FDD",Reliable,82.835,10.801
2026-04-11 04:00,60,"STD_STD_002_UL(STD_LA_MADRE)/Cell:eNodeB Function Name=STD_STD_002L21 (STD_LA_MADRE), Local Cell ID=1, Cell Name=STD_STD_002_1, eNodeB ID=43535, Cell FDD TDD indication=CELL_FDD",Reliable,1.128,1.951
2026-04-11 04:00,60,"STD_STD_002_UL(STD_LA_MADRE)/Cell:eNodeB Function Name=STD_STD_002L21 (STD_LA_MADRE), Local Cell ID=2, Cell Name=STD_STD_002_2, eNodeB ID=43535, Cell FDD TDD indication=CELL_FDD",Reliable,732.726,17.689
2026-04-11 04:00,60,"STD_STD_002_UL(STD_LA_MADRE)/Cell:eNodeB Function Name=STD_STD_002L21 (STD_LA_MADRE), Local Cell ID=3, Cell Name=STD_STD_002_3, eNodeB ID=43535, Cell FDD TDD indication=CELL_FDD",Reliable,1.638,1.366
2026-04-11 04:00,60,"EASYMACRO_PILE/Cell:eNodeB Function Name=MA_MO_EASYMACRO_PILEL21, Local Cell ID=2, Cell Name=MA_MO_EASYMACRO_PILE2, eNodeB ID=43276, Cell FDD TDD indication=CELL_FDD",Reliable,54.307,4.955
2026-04-11 04:00,60,"EASYMACRO_PILE/Cell:eNodeB Function Name=MA_MO_EASYMACRO_PILEL21, Local Cell ID=1, Cell Name=MA_MO_EASYMACRO_PILE1, eNodeB ID=43276, Cell FDD TDD indication=CELL_FDD",Reliable,12.662,2.861
2026-04-11 04:00,60,"PIC_UIO_LAMP_SOCIAL1_UL/Cell:eNodeB Function Name=PIC_UIO_LAMP_SOCIAL1_L, Local Cell ID=7, Cell Name=PI_UIO_LAMP_SOCIAL1_7, eNodeB ID=43253, Cell FDD TDD indication=CELL_FDD",Reliable,0,0
2026-04-11 04:00,60,"PIC_UIO_LAMP_SOCIAL1_UL/Cell:eNodeB Function Name=PIC_UIO_LAMP_SOCIAL1_L, Local Cell ID=6, Cell Name=PI_UIO_LAMP_SOCIAL1_6, eNodeB ID=43253, Cell FDD TDD indication=CELL_FDD",Reliable,0,0
2026-04-11 04:00,60,"PIC_UIO_LAMP_SOCIAL1_UL/Cell:eNodeB Function Name=PIC_UIO_LAMP_SOCIAL1_L, Local Cell ID=5, Cell Name=PI_UIO_LAMP_SOCIAL1_5, eNodeB ID=43253, Cell FDD TDD indication=CELL_FDD",Reliable,1.018,0.496
2026-04-11 04:00,60,"PIC_UIO_LAMP_SOCIAL1_UL/Cell:eNodeB Function Name=PIC_UIO_LAMP_SOCIAL1_L, Local Cell ID=4, Cell Name=PI_UIO_LAMP_SOCIAL1_4, eNodeB ID=43253, Cell FDD TDD indication=CELL_FDD",Reliable,0,0
2026-04-11 04:00,60,"PIC_UIO_LAMP_SOCIAL1_UL/Cell:eNodeB Function Name=PIC_UIO_LAMP_SOCIAL1_L, Local Cell ID=3, Cell Name=PI_UIO_LAMP_SOCIAL1_3, eNodeB ID=43253, Cell FDD TDD indication=CELL_FDD",Reliable,0.023,0.048
2026-04-11 04:00,60,"PIC_UIO_LAMP_SOCIAL1_UL/Cell:eNodeB Function Name=PIC_UIO_LAMP_SOCIAL1_L, Local Cell ID=2, Cell Name=PI_UIO_LAMP_SOCIAL1_2, eNodeB ID=43253, Cell FDD TDD indication=CELL_FDD",Reliable,0.005,0.018
2026-04-11 04:00,60,"PIC_UIO_LAMP_SOCIAL1_UL/Cell:eNodeB Function Name=PIC_UIO_LAMP_SOCIAL1_L, Local Cell ID=1, Cell Name=PI_UIO_LAMP_SOCIAL1_1, eNodeB ID=43253, Cell FDD TDD indication=CELL_FDD",Reliable,1.995,0.234
2026-04-11 04:00,60,"PIC_UIO_LAMP_SOCIAL1_UL/Cell:eNodeB Function Name=PIC_UIO_LAMP_SOCIAL1_L, Local Cell ID=10, Cell Name=PI_UIO_LAMP_SOCIAL1_10, eNodeB ID=43253, Cell FDD TDD indication=CELL_FDD",Reliable,0,0
2026-04-11 04:00,60,"PIC_UIO_LAMP_SOCIAL1_UL/Cell:eNodeB Function Name=PIC_UIO_LAMP_SOCIAL1_L, Local Cell ID=11, Cell Name=PI_UIO_LAMP_SOCIAL1_11, eNodeB ID=43253, Cell FDD TDD indication=CELL_FDD",Reliable,0,0
2026-04-11 04:00,60,"PIC_UIO_LAMP_SOCIAL1_UL/Cell:eNodeB Function Name=PIC_UIO_LAMP_SOCIAL1_L, Local Cell ID=8, Cell Name=PI_UIO_LAMP_SOCIAL1_8, eNodeB ID=43253, Cell FDD TDD indication=CELL_FDD",Reliable,0,0
2026-04-11 04:00,60,"PIC_UIO_LAMP_SOCIAL1_UL/Cell:eNodeB Function Name=PIC_UIO_LAMP_SOCIAL1_L, Local Cell ID=9, Cell Name=PI_UIO_LAMP_SOCIAL1_9, eNodeB ID=43253, Cell FDD TDD indication=CELL_FDD",Reliable,0,0
2026-04-11 04:00,60,"PIC_UIO_LAMP_SOCIAL2_UL/Cell:eNodeB Function Name=PIC_UIO_LAMP_SOCIAL2_L, Local Cell ID=5, Cell Name=PIC_UIO_LAMP_SOCIAL2_L21_5, eNodeB ID=43254, Cell FDD TDD indication=CELL_FDD",Reliable,0.005,0.007
2026-04-11 04:00,60,"PIC_UIO_LAMP_SOCIAL2_UL/Cell:eNodeB Function Name=PIC_UIO_LAMP_SOCIAL2_L, Local Cell ID=4, Cell Name=PIC_UIO_LAMP_SOCIAL2_L21_4, eNodeB ID=43254, Cell FDD TDD indication=CELL_FDD",Reliable,0,0
2026-04-11 04:00,60,"PIC_UIO_LAMP_SOCIAL2_UL/Cell:eNodeB Function Name=PIC_UIO_LAMP_SOCIAL2_L, Local Cell ID=3, Cell Name=PIC_UIO_LAMP_SOCIAL2_L21_3, eNodeB ID=43254, Cell FDD TDD indication=CELL_FDD",Reliable,0,0
2026-04-11 04:00,60,"PIC_UIO_LAMP_SOCIAL2_UL/Cell:eNodeB Function Name=PIC_UIO_LAMP_SOCIAL2_L, Local Cell ID=2, Cell Name=PIC_UIO_LAMP_SOCIAL2_L21_2, eNodeB ID=43254, Cell FDD TDD indication=CELL_FDD",Reliable,0.863,0.135
2026-04-11 04:00,60,"PIC_UIO_LAMP_SOCIAL2_UL/Cell:eNodeB Function Name=PIC_UIO_LAMP_SOCIAL2_L, Local Cell ID=1, Cell Name=PIC_UIO_LAMP_SOCIAL2_L21_1, eNodeB ID=43254, Cell FDD TDD indication=CELL_FDD",Reliable,0,0
2026-04-11 04:00,60,"CIS_QUICENTRO_SUR_LTEL21/Cell:eNodeB Function Name=CIS_QUICENTRO_SUR_LTEL21, Local Cell ID=1, Cell Name=CIS_QUICENTRO_SUR_LTE_L21_1, eNodeB ID=43282, Cell FDD TDD indication=CELL_FDD",Reliable,6.691,0.454
2026-04-11 04:00,60,"PIC_UIO_CIUDAD_FUTURA_UL/Cell:eNodeB Function Name=PIC_UIO_CIUDAD_FUTURA_L, Local Cell ID=8, Cell Name=PIC_UIO_CIUDAD_FUTURA_APT_8, eNodeB ID=43560, Cell FDD TDD indication=CELL_FDD",Reliable,259.587,33.099
2026-04-11 04:00,60,"PIC_UIO_CIUDAD_FUTURA_UL/Cell:eNodeB Function Name=PIC_UIO_CIUDAD_FUTURA_L, Local Cell ID=7, Cell Name=PIC_UIO_CIUDAD_FUTURA_APT_7, eNodeB ID=43560, Cell FDD TDD indication=CELL_FDD",Reliable,116.15,17.665
2026-04-11 04:00,60,"PIC_UIO_QUITUMBE_NAN_UL/Cell:eNodeB Function Name=PIC_UIO_QUITUMBE_NAN_L, Local Cell ID=9, Cell Name=PIC_UIO_QUITUMBE_NAN_APT_9, eNodeB ID=43631, Cell FDD TDD indication=CELL_FDD",Reliable,348.096,26.716
2026-04-11 04:00,60,"PIC_UIO_QUITUMBE_NAN_UL/Cell:eNodeB Function Name=PIC_UIO_QUITUMBE_NAN_L, Local Cell ID=8, Cell Name=PIC_UIO_QUITUMBE_NAN_APT_8, eNodeB ID=43631, Cell FDD TDD indication=CELL_FDD",Reliable,318.741,76.901
2026-04-11 04:00,60,"PIC_UIO_QUITUMBE_NAN_UL/Cell:eNodeB Function Name=PIC_UIO_QUITUMBE_NAN_L, Local Cell ID=7, Cell Name=PIC_UIO_QUITUMBE_NAN_APT_7, eNodeB ID=43631, Cell FDD TDD indication=CELL_FDD",Reliable,703.48,53.527
2026-04-11 04:00,60,"PIC_UIO_LA_SANTIAGO_UL/Cell:eNodeB Function Name=PIC_UIO_LA_SANTIAGO_L, Local Cell ID=9, Cell Name=PIC_UIO_LA_SANTIAGO_APT_9, eNodeB ID=43629, Cell FDD TDD indication=CELL_FDD",Reliable,412.229,62.655
2026-04-11 04:00,60,"PIC_UIO_LA_SANTIAGO_UL/Cell:eNodeB Function Name=PIC_UIO_LA_SANTIAGO_L, Local Cell ID=8, Cell Name=PIC_UIO_LA_SANTIAGO_APT_8, eNodeB ID=43629, Cell FDD TDD indication=CELL_FDD",Reliable,409.301,56.245
2026-04-11 04:00,60,"PIC_UIO_LA_SANTIAGO_UL/Cell:eNodeB Function Name=PIC_UIO_LA_SANTIAGO_L, Local Cell ID=7, Cell Name=PIC_UIO_LA_SANTIAGO_APT_7, eNodeB ID=43629, Cell FDD TDD indication=CELL_FDD",Reliable,1285.853,97.604
2026-04-11 04:00,60,"PIC_UIO_LAS_CUADRAS_UL/Cell:eNodeB Function Name=PIC_UIO_LAS_CUADRAS_L, Local Cell ID=9, Cell Name=PIC_UIO_LAS_CUADRAS_APT_9, eNodeB ID=43548, Cell FDD TDD indication=CELL_FDD",Reliable,505.949,58.748
2026-04-11 04:00,60,"PIC_UIO_LAS_CUADRAS_UL/Cell:eNodeB Function Name=PIC_UIO_LAS_CUADRAS_L, Local Cell ID=8, Cell Name=PIC_UIO_LAS_CUADRAS_APT_8, eNodeB ID=43548, Cell FDD TDD indication=CELL_FDD",Reliable,470.025,130.416
2026-04-11 04:00,60,"PIC_UIO_LAS_CUADRAS_UL/Cell:eNodeB Function Name=PIC_UIO_LAS_CUADRAS_L, Local Cell ID=7, Cell Name=PIC_UIO_LAS_CUADRAS_APT_7, eNodeB ID=43548, Cell FDD TDD indication=CELL_FDD",Reliable,510.421,39.295
2026-04-11 04:00,60,"PIC_UIO_BORBON_UL/Cell:eNodeB Function Name=PIC_UIO_BORBON_L, Local Cell ID=9, Cell Name=PIC_UIO_BORBON_APT_9, eNodeB ID=43559, Cell FDD TDD indication=CELL_FDD",Reliable,2741.754,170.202
2026-04-11 04:00,60,"PIC_UIO_BORBON_UL/Cell:eNodeB Function Name=PIC_UIO_BORBON_L, Local Cell ID=8, Cell Name=PIC_UIO_BORBON_APT_8, eNodeB ID=43559, Cell FDD TDD indication=CELL_FDD",Reliable,893.746,40.626
2026-04-11 04:00,60,"PIC_UIO_BORBON_UL/Cell:eNodeB Function Name=PIC_UIO_BORBON_L, Local Cell ID=7, Cell Name=PIC_UIO_BORBON_APT_7, eNodeB ID=43559, Cell FDD TDD indication=CELL_FDD",Reliable,470.634,1434.417
2026-04-11 04:00,60,"PIC_UIO_ANA_PAREDES_UL/Cell:eNodeB Function Name=PIC_UIO_ANA_PAREDES_L, Local Cell ID=9, Cell Name=PIC_UIO_ANA_PAREDES_APT_9, eNodeB ID=43543, Cell FDD TDD indication=CELL_FDD",Reliable,737.929,27.942
2026-04-11 04:00,60,"PIC_UIO_ANA_PAREDES_UL/Cell:eNodeB Function Name=PIC_UIO_ANA_PAREDES_L, Local Cell ID=8, Cell Name=PIC_UIO_ANA_PAREDES_APT_8, eNodeB ID=43543, Cell FDD TDD indication=CELL_FDD",Reliable,224.688,16.182
2026-04-11 04:00,60,"PIC_UIO_ANA_PAREDES_UL/Cell:eNodeB Function Name=PIC_UIO_ANA_PAREDES_L, Local Cell ID=7, Cell Name=PIC_UIO_ANA_PAREDES_APT_7, eNodeB ID=43543, Cell FDD TDD indication=CELL_FDD",Reliable,206.95,18.83
2026-04-11 04:00,60,"PIC_UIO_CUSCUNGO_UL/Cell:eNodeB Function Name=PIC_UIO_CUSCUNGO_L, Local Cell ID=9, Cell Name=PIC_UIO_CUSCUNGO_APT_9, eNodeB ID=43600, Cell FDD TDD indication=CELL_FDD",Reliable,576.219,74.538
2026-04-11 04:00,60,"PIC_UIO_CUSCUNGO_UL/Cell:eNodeB Function Name=PIC_UIO_CUSCUNGO_L, Local Cell ID=8, Cell Name=PIC_UIO_CUSCUNGO_APT_8, eNodeB ID=43600, Cell FDD TDD indication=CELL_FDD",Reliable,301.077,29.985
2026-04-11 04:00,60,"PIC_UIO_CUSCUNGO_UL/Cell:eNodeB Function Name=PIC_UIO_CUSCUNGO_L, Local Cell ID=7, Cell Name=PIC_UIO_CUSCUNGO_APT_7, eNodeB ID=43600, Cell FDD TDD indication=CELL_FDD",Reliable,448.437,90.71
2026-04-11 04:00,60,"PIC_UIO_YAGUACHI_UL/Cell:eNodeB Function Name=PIC_UIO_YAGUACHI_L, Local Cell ID=8, Cell Name=PIC_UIO_YAGUACHI_APT_8, eNodeB ID=43539, Cell FDD TDD indication=CELL_FDD",Reliable,492.447,39.812
2026-04-11 04:00,60,"PIC_UIO_YAGUACHI_UL/Cell:eNodeB Function Name=PIC_UIO_YAGUACHI_L, Local Cell ID=7, Cell Name=PIC_UIO_YAGUACHI_APT_7, eNodeB ID=43539, Cell FDD TDD indication=CELL_FDD",Reliable,122.368,22.5
2026-04-11 04:00,60,"PIC_UIO_MONJAS_ALTO_UL/Cell:eNodeB Function Name=PIC_UIO_MONJAS_ALTO_L, Local Cell ID=8, Cell Name=PIC_UIO_MONJAS_ALTO_APT_8, eNodeB ID=43525, Cell FDD TDD indication=CELL_FDD",Reliable,499.015,40.082
2026-04-11 04:00,60,"PIC_UIO_MONJAS_ALTO_UL/Cell:eNodeB Function Name=PIC_UIO_MONJAS_ALTO_L, Local Cell ID=7, Cell Name=PIC_UIO_MONJAS_ALTO_APT_7, eNodeB ID=43525, Cell FDD TDD indication=CELL_FDD",Reliable,505.85,35.56
2026-04-11 04:00,60,"PIC_UIO_SOLANDA_NORTE_UL/Cell:eNodeB Function Name=PIC_UIO_SOLANDA_NORTE_L, Local Cell ID=9, Cell Name=PIC_UIO_SOLANDA_NORTE_APT_9, eNodeB ID=43609, Cell FDD TDD indication=CELL_FDD",Reliable,450.196,26.836
2026-04-11 04:00,60,"PIC_UIO_SOLANDA_NORTE_UL/Cell:eNodeB Function Name=PIC_UIO_SOLANDA_NORTE_L, Local Cell ID=8, Cell Name=PIC_UIO_SOLANDA_NORTE_APT_8, eNodeB ID=43609, Cell FDD TDD indication=CELL_FDD",Reliable,652.975,37.408
2026-04-11 04:00,60,"PIC_UIO_SOLANDA_NORTE_UL/Cell:eNodeB Function Name=PIC_UIO_SOLANDA_NORTE_L, Local Cell ID=7, Cell Name=PIC_UIO_SOLANDA_NORTE_APT_7, eNodeB ID=43609, Cell FDD TDD indication=CELL_FDD",Reliable,1001.893,98.725
2026-04-11 04:00,60,"PIC_UIO_PUEBLO_UNIDO_UL/Cell:eNodeB Function Name=PIC_UIO_PUEBLO_UNIDO_L, Local Cell ID=8, Cell Name=PIC_UIO_PUEBLO_UNIDO_APT_8, eNodeB ID=43562, Cell FDD TDD indication=CELL_FDD",Reliable,824.841,48.208
2026-04-11 04:00,60,"PIC_UIO_PUEBLO_UNIDO_UL/Cell:eNodeB Function Name=PIC_UIO_PUEBLO_UNIDO_L, Local Cell ID=7, Cell Name=PIC_UIO_PUEBLO_UNIDO_APT_7, eNodeB ID=43562, Cell FDD TDD indication=CELL_FDD",Reliable,671.533,50.676
2026-04-11 04:00,60,"PIC_UIO_QUIMIAG_UL/Cell:eNodeB Function Name=PIC_UIO_QUIMIAG_L, Local Cell ID=9, Cell Name=PIC_UIO_QUIMIAG_APT_9, eNodeB ID=43563, Cell FDD TDD indication=CELL_FDD",Reliable,1064.84,219.723
2026-04-11 04:00,60,"PIC_UIO_QUIMIAG_UL/Cell:eNodeB Function Name=PIC_UIO_QUIMIAG_L, Local Cell ID=8, Cell Name=PIC_UIO_QUIMIAG_APT_8, eNodeB ID=43563, Cell FDD TDD indication=CELL_FDD",Reliable,48.667,6.098
2026-04-11 04:00,60,"PIC_UIO_QUIMIAG_UL/Cell:eNodeB Function Name=PIC_UIO_QUIMIAG_L, Local Cell ID=7, Cell Name=PIC_UIO_QUIMIAG_APT_7, eNodeB ID=43563, Cell FDD TDD indication=CELL_FDD",Reliable,97.45,59.383
2026-04-11 04:00,60,"PIC_UIO_CONDOR_NAN_UL/Cell:eNodeB Function Name=PIC_UIO_CONDOR_NAN_L, Local Cell ID=7, Cell Name=PIC_UIO_CONDOR_NAN_APT_7, eNodeB ID=44217, Cell FDD TDD indication=CELL_FDD",Reliable,300.348,25.568
2026-04-11 04:00,60,"PIC_UIO_CONDOR_NAN_UL/Cell:eNodeB Function Name=PIC_UIO_CONDOR_NAN_L, Local Cell ID=8, Cell Name=PIC_UIO_CONDOR_NAN_APT_8, eNodeB ID=44217, Cell FDD TDD indication=CELL_FDD",Reliable,117.915,23.086
2026-04-11 04:00,60,"PIC_UIO_CONDOR_NAN_UL/Cell:eNodeB Function Name=PIC_UIO_CONDOR_NAN_L, Local Cell ID=9, Cell Name=PIC_UIO_CONDOR_NAN_APT_9, eNodeB ID=44217, Cell FDD TDD indication=CELL_FDD",Reliable,429.945,59.354
2026-04-11 04:00,60,"PIC_UIO_HACIENDA_ORTEGA_UL/Cell:eNodeB Function Name=PIC_UIO_HACIENDA_ORTEGA_L, Local Cell ID=7, Cell Name=PIC_UIO_HACIENDA_ORTEGA_L7_7, eNodeB ID=44252, Cell FDD TDD indication=CELL_FDD",Reliable,936.228,170.547
2026-04-11 04:00,60,"PIC_UIO_HACIENDA_ORTEGA_UL/Cell:eNodeB Function Name=PIC_UIO_HACIENDA_ORTEGA_L, Local Cell ID=8, Cell Name=PIC_UIO_HACIENDA_ORTEGA_L7_8, eNodeB ID=44252, Cell FDD TDD indication=CELL_FDD",Reliable,560.912,47.099
2026-04-11 04:00,60,"PIC_UIO_HACIENDA_ORTEGA_UL/Cell:eNodeB Function Name=PIC_UIO_HACIENDA_ORTEGA_L, Local Cell ID=9, Cell Name=PIC_UIO_HACIENDA_ORTEGA_L7_9, eNodeB ID=44252, Cell FDD TDD indication=CELL_FDD",Reliable,154.314,100.642
2026-04-11 04:00,60,"PIC_UIO_SALVADOR_ALLENDE_UL/Cell:eNodeB Function Name=PIC_UIO_SALVADOR_ALLENDE_L, Local Cell ID=7, Cell Name=PIC_UIO_SALVADOR_ALLENDE_L7_7, eNodeB ID=44185, Cell FDD TDD indication=CELL_FDD",Reliable,97.525,11.621
2026-04-11 04:00,60,"PIC_UIO_SALVADOR_ALLENDE_UL/Cell:eNodeB Function Name=PIC_UIO_SALVADOR_ALLENDE_L, Local Cell ID=8, Cell Name=PIC_UIO_SALVADOR_ALLENDE_L7_8, eNodeB ID=44185, Cell FDD TDD indication=CELL_FDD",Reliable,142.799,13.589
2026-04-11 04:00,60,"PIC_UIO_SALVADOR_ALLENDE_UL/Cell:eNodeB Function Name=PIC_UIO_SALVADOR_ALLENDE_L, Local Cell ID=9, Cell Name=PIC_UIO_SALVADOR_ALLENDE_L7_9, eNodeB ID=44185, Cell FDD TDD indication=CELL_FDD",Reliable,1244.732,84.295
2026-04-11 04:00,60,"PIC_UIO_MARTHA_BUCARAM_UL/Cell:eNodeB Function Name=PIC_UIO_MARTHA_BUCARAM_L, Local Cell ID=7, Cell Name=PIC_UIO_MARTHA_BUCARAM_L7_7, eNodeB ID=44353, Cell FDD TDD indication=CELL_FDD",Reliable,63.495,7.952
2026-04-11 04:00,60,"PIC_UIO_MARTHA_BUCARAM_UL/Cell:eNodeB Function Name=PIC_UIO_MARTHA_BUCARAM_L, Local Cell ID=8, Cell Name=PIC_UIO_MARTHA_BUCARAM_L7_8, eNodeB ID=44353, Cell FDD TDD indication=CELL_FDD",Reliable,9.407,2.504
2026-04-11 04:00,60,"PIC_UIO_MARTHA_BUCARAM_UL/Cell:eNodeB Function Name=PIC_UIO_MARTHA_BUCARAM_L, Local Cell ID=9, Cell Name=PIC_UIO_MARTHA_BUCARAM_L7_9, eNodeB ID=44353, Cell FDD TDD indication=CELL_FDD",Reliable,131.031,24.769
2026-04-11 04:00,60,"PIC_UIO_CUTUGLAHUA_UL/Cell:eNodeB Function Name=PIC_MEJ_CUTUGLAHUA_L, Local Cell ID=7, Cell Name=PIC_MEJ_CUTUGLAHUA_L7_7, eNodeB ID=44109, Cell FDD TDD indication=CELL_FDD",Reliable,77.958,5.514
2026-04-11 04:00,60,"PIC_UIO_CUTUGLAHUA_UL/Cell:eNodeB Function Name=PIC_MEJ_CUTUGLAHUA_L, Local Cell ID=8, Cell Name=PIC_MEJ_CUTUGLAHUA_L7_8, eNodeB ID=44109, Cell FDD TDD indication=CELL_FDD",Reliable,160.005,35.488
2026-04-11 04:00,60,"PIC_UIO_CUTUGLAHUA_UL/Cell:eNodeB Function Name=PIC_MEJ_CUTUGLAHUA_L, Local Cell ID=9, Cell Name=PIC_MEJ_CUTUGLAHUA_L7_9, eNodeB ID=44109, Cell FDD TDD indication=CELL_FDD",Reliable,420.405,210.954
2026-04-11 04:00,60,"PIC_UIO_SAN_FERNANDO_UL/Cell:eNodeB Function Name=PIC_UIO_SAN_FERNANDO_L, Local Cell ID=7, Cell Name=PIC_UIO_SAN_FERNANDO_L7_7, eNodeB ID=44186, Cell FDD TDD indication=CELL_FDD",Reliable,271.274,19.702
2026-04-11 04:00,60,"PIC_UIO_SAN_FERNANDO_UL/Cell:eNodeB Function Name=PIC_UIO_SAN_FERNANDO_L, Local Cell ID=8, Cell Name=PIC_UIO_SAN_FERNANDO_L7_8, eNodeB ID=44186, Cell FDD TDD indication=CELL_FDD",Reliable,520.282,139.696
2026-04-11 04:00,60,"PIC_UIO_SAN_FERNANDO_UL/Cell:eNodeB Function Name=PIC_UIO_SAN_FERNANDO_L, Local Cell ID=9, Cell Name=PIC_UIO_SAN_FERNANDO_L7_9, eNodeB ID=44186, Cell FDD TDD indication=CELL_FDD",Reliable,478.68,25.357
2026-04-11 04:00,60,"PIC_UIO_EL_CONDE_UL/Cell:eNodeB Function Name=PIC_UIO_EL_CONDE_L, Local Cell ID=7, Cell Name=PIC_UIO_EL_CONDE_L7_7, eNodeB ID=44354, Cell FDD TDD indication=CELL_FDD",Reliable,97.722,7.75
2026-04-11 04:00,60,"PIC_UIO_EL_CONDE_UL/Cell:eNodeB Function Name=PIC_UIO_EL_CONDE_L, Local Cell ID=8, Cell Name=PIC_UIO_EL_CONDE_L7_8, eNodeB ID=44354, Cell FDD TDD indication=CELL_FDD",Reliable,35.546,6.48
2026-04-11 04:00,60,"PIC_UIO_EL_CONDE_UL/Cell:eNodeB Function Name=PIC_UIO_EL_CONDE_L, Local Cell ID=9, Cell Name=PIC_UIO_EL_CONDE_L7_9, eNodeB ID=44354, Cell FDD TDD indication=CELL_FDD",Reliable,699.792,38.679
2026-04-11 04:00,60,"PIC_UIO_FERROVIARIA_UL/Cell:eNodeB Function Name=PIC_UIO_FERROVIARIA_L, Local Cell ID=7, Cell Name=PIC_UIO_FERROVIARIA_APT_7, eNodeB ID=44284, Cell FDD TDD indication=CELL_FDD",Reliable,1094.395,72.827
2026-04-11 04:00,60,"PIC_UIO_FERROVIARIA_UL/Cell:eNodeB Function Name=PIC_UIO_FERROVIARIA_L, Local Cell ID=8, Cell Name=PIC_UIO_FERROVIARIA_APT_8, eNodeB ID=44284, Cell FDD TDD indication=CELL_FDD",Reliable,676.088,38.338
2026-04-11 04:00,60,"PIC_UIO_FERROVIARIA_UL/Cell:eNodeB Function Name=PIC_UIO_FERROVIARIA_L, Local Cell ID=9, Cell Name=PIC_UIO_FERROVIARIA_APT_9, eNodeB ID=44284, Cell FDD TDD indication=CELL_FDD",Reliable,92.076,9.82
2026-04-11 04:00,60,"PIC_UIO_BUENA_AVENTURA_UL/Cell:eNodeB Function Name=PIC_UIO_BUENA_AVENTURA_L, Local Cell ID=7, Cell Name=PIC_UIO_BUENA_AVENTURA_APT_7, eNodeB ID=44350, Cell FDD TDD indication=CELL_FDD",Reliable,34.653,3.74
2026-04-11 04:00,60,"PIC_UIO_BUENA_AVENTURA_UL/Cell:eNodeB Function Name=PIC_UIO_BUENA_AVENTURA_L, Local Cell ID=8, Cell Name=PIC_UIO_BUENA_AVENTURA_APT_8, eNodeB ID=44350, Cell FDD TDD indication=CELL_FDD",Reliable,390.593,33.666
2026-04-11 04:00,60,"PIC_UIO_VIA_PINTAG_UL/Cell:eNodeB Function Name=PIC_UIO_VIA_PINTAGL21, Local Cell ID=7, Cell Name=PIC_UIO_VIA_PINTAG_APT_7, eNodeB ID=44280, Cell FDD TDD indication=CELL_FDD",Reliable,258.801,34.194
2026-04-11 04:00,60,"PIC_UIO_VIA_PINTAG_UL/Cell:eNodeB Function Name=PIC_UIO_VIA_PINTAGL21, Local Cell ID=8, Cell Name=PIC_UIO_VIA_PINTAG_APT_8, eNodeB ID=44280, Cell FDD TDD indication=CELL_FDD",Reliable,446.721,279.013
2026-04-11 04:00,60,"PIC_UIO_VIA_PINTAG_UL/Cell:eNodeB Function Name=PIC_UIO_VIA_PINTAGL21, Local Cell ID=9, Cell Name=PIC_UIO_VIA_PINTAG_APT_9, eNodeB ID=44280, Cell FDD TDD indication=CELL_FDD",Reliable,245.366,64.898
2026-04-11 04:00,60,"PIC_UIO_ANGOCHAGUA_TRR_UL/Cell:eNodeB Function Name=PIC_UIO_ANGOCHAGUA_TRR_L, Local Cell ID=7, Cell Name=PIC_UIO_ANGOCHAGUA_TRR_APT_7, eNodeB ID=44849, Cell FDD TDD indication=CELL_FDD",Reliable,309.257,33.577
2026-04-11 04:00,60,"PIC_UIO_ANGOCHAGUA_TRR_UL/Cell:eNodeB Function Name=PIC_UIO_ANGOCHAGUA_TRR_L, Local Cell ID=8, Cell Name=PIC_UIO_ANGOCHAGUA_TRR_APT_8, eNodeB ID=44849, Cell FDD TDD indication=CELL_FDD",Reliable,201.3,12.8
2026-04-11 04:00,60,"PIC_UIO_ANGOCHAGUA_TRR_UL/Cell:eNodeB Function Name=PIC_UIO_ANGOCHAGUA_TRR_L, Local Cell ID=9, Cell Name=PIC_UIO_ANGOCHAGUA_TRR_APT_9, eNodeB ID=44849, Cell FDD TDD indication=CELL_FDD",Reliable,174.762,20.574
2026-04-11 04:00,60,"PIC_UIO_PANECILLO_UL/Cell:eNodeB Function Name=PIC_UIO_PANECILLO_L, Local Cell ID=7, Cell Name=PIC_UIO_PANECILLO_APT_7, eNodeB ID=44014, Cell FDD TDD indication=CELL_FDD",Reliable,229.639,18.865
2026-04-11 04:00,60,"PIC_UIO_PANECILLO_UL/Cell:eNodeB Function Name=PIC_UIO_PANECILLO_L, Local Cell ID=8, Cell Name=PIC_UIO_PANECILLO_APT_8, eNodeB ID=44014, Cell FDD TDD indication=CELL_FDD",Reliable,390.376,37.439
2026-04-11 04:00,60,"PIC_CHI_COLIBRI_UL/Cell:eNodeB Function Name=PIC_RUM_COLIBRI_L, Local Cell ID=7, Cell Name=PIC_RUM_COLIBRI_L7_7, eNodeB ID=44130, Cell FDD TDD indication=CELL_FDD",Reliable,24.656,3.792
2026-04-11 04:00,60,"PIC_CHI_COLIBRI_UL/Cell:eNodeB Function Name=PIC_RUM_COLIBRI_L, Local Cell ID=8, Cell Name=PIC_RUM_COLIBRI_L7_8, eNodeB ID=44130, Cell FDD TDD indication=CELL_FDD",Reliable,776.774,86.812
2026-04-11 04:00,60,"PIC_CHI_COLIBRI_UL/Cell:eNodeB Function Name=PIC_RUM_COLIBRI_L, Local Cell ID=9, Cell Name=PIC_RUM_COLIBRI_L7_9, eNodeB ID=44130, Cell FDD TDD indication=CELL_FDD",Reliable,209.79,59.143
2026-04-11 04:00,60,"PIC_UIO_ZAPOTILLO_UL/Cell:eNodeB Function Name=PIC_UIO_ZAPOTILLOL21, Local Cell ID=7, Cell Name=PIC_UIO_ZAPOTILLO_APT_7, eNodeB ID=44342, Cell FDD TDD indication=CELL_FDD",Reliable,609.912,60.539
2026-04-11 04:00,60,"PIC_UIO_ZAPOTILLO_UL/Cell:eNodeB Function Name=PIC_UIO_ZAPOTILLOL21, Local Cell ID=8, Cell Name=PIC_UIO_ZAPOTILLO_APT_8, eNodeB ID=44342, Cell FDD TDD indication=CELL_FDD",Reliable,360.619,24.508
2026-04-11 04:00,60,"PIC_UIO_ZAPOTILLO_UL/Cell:eNodeB Function Name=PIC_UIO_ZAPOTILLOL21, Local Cell ID=9, Cell Name=PIC_UIO_ZAPOTILLO_APT_9, eNodeB ID=44342, Cell FDD TDD indication=CELL_FDD",Reliable,739.393,51.335
2026-04-11 04:00,60,"PIC_UIO_TAMBILLO_UL/Cell:eNodeB Function Name=PIC_UIO_TAMBILLO_L, Local Cell ID=7, Cell Name=PIC_UIO_TAMBILLO_APT_7, eNodeB ID=44241, Cell FDD TDD indication=CELL_FDD",Reliable,887.192,54.088
2026-04-11 04:00,60,"PIC_UIO_TAMBILLO_UL/Cell:eNodeB Function Name=PIC_UIO_TAMBILLO_L, Local Cell ID=8, Cell Name=PIC_UIO_TAMBILLO_APT_8, eNodeB ID=44241, Cell FDD TDD indication=CELL_FDD",Reliable,732.18,65.462
2026-04-11 04:00,60,"PIC_UIO_TAMBILLO_UL/Cell:eNodeB Function Name=PIC_UIO_TAMBILLO_L, Local Cell ID=9, Cell Name=PIC_UIO_TAMBILLO_APT_9, eNodeB ID=44241, Cell FDD TDD indication=CELL_FDD",Reliable,63.262,4.55
2026-04-11 04:00,60,"PIC_UIO_PLAYON_UL/Cell:eNodeB Function Name=PIC_UIO_PLAYON_L, Local Cell ID=7, Cell Name=PIC_UIO_PLAYON_APT_7, eNodeB ID=44268, Cell FDD TDD indication=CELL_FDD",Reliable,4.626,5.798
2026-04-11 04:00,60,"PIC_UIO_PLAYON_UL/Cell:eNodeB Function Name=PIC_UIO_PLAYON_L, Local Cell ID=8, Cell Name=PIC_UIO_PLAYON_APT_8, eNodeB ID=44268, Cell FDD TDD indication=CELL_FDD",Reliable,4.493,1.928
2026-04-11 04:00,60,"PIC_UIO_PLAYON_UL/Cell:eNodeB Function Name=PIC_UIO_PLAYON_L, Local Cell ID=9, Cell Name=PIC_UIO_PLAYON_APT_9, eNodeB ID=44268, Cell FDD TDD indication=CELL_FDD",Reliable,83.562,67.754
2026-04-11 04:00,60,"PIC_CHI_COTOGCHOA_UL/Cell:eNodeB Function Name=PIC_CHI_COTOGCHOA_L, Local Cell ID=7, Cell Name=PIC_CHI_COTOGCHOA_APT_7, eNodeB ID=44108, Cell FDD TDD indication=CELL_FDD",Reliable,504.901,27.397
2026-04-11 04:00,60,"PIC_CHI_COTOGCHOA_UL/Cell:eNodeB Function Name=PIC_CHI_COTOGCHOA_L, Local Cell ID=8, Cell Name=PIC_CHI_COTOGCHOA_APT_8, eNodeB ID=44108, Cell FDD TDD indication=CELL_FDD",Reliable,2133.745,269.933
2026-04-11 04:00,60,"PIC_CHI_COTOGCHOA_UL/Cell:eNodeB Function Name=PIC_CHI_COTOGCHOA_L, Local Cell ID=9, Cell Name=PIC_CHI_COTOGCHOA_APT_9, eNodeB ID=44108, Cell FDD TDD indication=CELL_FDD",Reliable,593.722,43.141
2026-04-11 04:00,60,"PIC_UIO_LA_MERCED_UL/Cell:eNodeB Function Name=PIC_UIO_LA_MERCED_L, Local Cell ID=7, Cell Name=PIC_UIO_LA_MERCED_APT_7, eNodeB ID=44254, Cell FDD TDD indication=CELL_FDD",Reliable,234.478,264.991
2026-04-11 04:00,60,"PIC_UIO_LA_MERCED_UL/Cell:eNodeB Function Name=PIC_UIO_LA_MERCED_L, Local Cell ID=8, Cell Name=PIC_UIO_LA_MERCED_APT_8, eNodeB ID=44254, Cell FDD TDD indication=CELL_FDD",Reliable,64.379,13.746
2026-04-11 04:00,60,"PIC_UIO_LA_MERCED_UL/Cell:eNodeB Function Name=PIC_UIO_LA_MERCED_L, Local Cell ID=9, Cell Name=PIC_UIO_LA_MERCED_APT_9, eNodeB ID=44254, Cell FDD TDD indication=CELL_FDD",Reliable,135.352,17.209
2026-04-11 04:00,60,"PIC_MEJ_TESALIA_UL/Cell:eNodeB Function Name=PIC_MEJ_TESALIA_L, Local Cell ID=7, Cell Name=PIC_MEJ_TESALIA_APT_7, eNodeB ID=44428, Cell FDD TDD indication=CELL_FDD",Reliable,264.428,17.832
2026-04-11 04:00,60,"PIC_MEJ_TESALIA_UL/Cell:eNodeB Function Name=PIC_MEJ_TESALIA_L, Local Cell ID=8, Cell Name=PIC_MEJ_TESALIA_APT_8, eNodeB ID=44428, Cell FDD TDD indication=CELL_FDD",Reliable,70.015,7.372
2026-04-11 04:00,60,"PIC_MEJ_TESALIA_UL/Cell:eNodeB Function Name=PIC_MEJ_TESALIA_L, Local Cell ID=9, Cell Name=PIC_MEJ_TESALIA_APT_9, eNodeB ID=44428, Cell FDD TDD indication=CELL_FDD",Reliable,226.242,15.934
2026-04-11 04:00,60,"PIC_CHI_PASAJE_SAN_BLAS_UL/Cell:eNodeB Function Name=PIC_CHI_PASAJE_SAN_BLAS_L, Local Cell ID=9, Cell Name=PIC_CHI_PASAJE_SAN_BLAS_APT_9, eNodeB ID=43561, Cell FDD TDD indication=CELL_FDD",Reliable,53.865,10.458
2026-04-11 04:00,60,"PIC_CHI_PASAJE_SAN_BLAS_UL/Cell:eNodeB Function Name=PIC_CHI_PASAJE_SAN_BLAS_L, Local Cell ID=8, Cell Name=PIC_CHI_PASAJE_SAN_BLAS_APT_8, eNodeB ID=43561, Cell FDD TDD indication=CELL_FDD",Reliable,411.719,34.409
2026-04-11 04:00,60,"PIC_CHI_PASAJE_SAN_BLAS_UL/Cell:eNodeB Function Name=PIC_CHI_PASAJE_SAN_BLAS_L, Local Cell ID=7, Cell Name=PIC_CHI_PASAJE_SAN_BLAS_APT_7, eNodeB ID=43561, Cell FDD TDD indication=CELL_FDD",Reliable,474.518,19.673
2026-04-11 04:00,60,"PIC_CHI_COL_LA_SALLE_UL/Cell:eNodeB Function Name=PIC_CHI_COL_LA_SALLE_L, Local Cell ID=9, Cell Name=PIC_CHI_COL_LA_SALLE_APT_9, eNodeB ID=43506, Cell FDD TDD indication=CELL_FDD",Reliable,360.074,143.116
2026-04-11 04:00,60,"PIC_CHI_COL_LA_SALLE_UL/Cell:eNodeB Function Name=PIC_CHI_COL_LA_SALLE_L, Local Cell ID=8, Cell Name=PIC_CHI_COL_LA_SALLE_APT_8, eNodeB ID=43506, Cell FDD TDD indication=CELL_FDD",Reliable,441.473,49.568
2026-04-11 04:00,60,"PIC_CHI_COL_LA_SALLE_UL/Cell:eNodeB Function Name=PIC_CHI_COL_LA_SALLE_L, Local Cell ID=7, Cell Name=PIC_CHI_COL_LA_SALLE_APT_7, eNodeB ID=43506, Cell FDD TDD indication=CELL_FDD",Reliable,517.046,48.289
2026-04-11 04:00,60,"PIC_CHI_BALCON_DEL_VALLE_UL/Cell:eNodeB Function Name=PIC_CHI_BALCON_DEL_VALLE_L, Local Cell ID=8, Cell Name=PIC_CHI_BALCON_DEL_VALLE_APT_8, eNodeB ID=43558, Cell FDD TDD indication=CELL_FDD",Reliable,509.296,172.884
2026-04-11 04:00,60,"PIC_CHI_BALCON_DEL_VALLE_UL/Cell:eNodeB Function Name=PIC_CHI_BALCON_DEL_VALLE_L, Local Cell ID=7, Cell Name=PIC_CHI_BALCON_DEL_VALLE_APT_7, eNodeB ID=43558, Cell FDD TDD indication=CELL_FDD",Reliable,547.472,56.141
2026-04-11 04:00,60,"PIC_UIO_BURGUEOS_ULN/Cell:eNodeB Function Name=PIC_UIO_BURGUEOS_L, Local Cell ID=9, Cell Name=PIC_UIO_BURGUEOS_APT_9, eNodeB ID=43586, Cell FDD TDD indication=CELL_FDD",Reliable,14.708,4.025
2026-04-11 04:00,60,"PIC_UIO_BURGUEOS_ULN/Cell:eNodeB Function Name=PIC_UIO_BURGUEOS_L, Local Cell ID=8, Cell Name=PIC_UIO_BURGUEOS_APT_8, eNodeB ID=43586, Cell FDD TDD indication=CELL_FDD",Reliable,194.699,15.12
2026-04-11 04:00,60,"PIC_UIO_BURGUEOS_ULN/Cell:eNodeB Function Name=PIC_UIO_BURGUEOS_L, Local Cell ID=7, Cell Name=PIC_UIO_BURGUEOS_APT_7, eNodeB ID=43586, Cell FDD TDD indication=CELL_FDD",Reliable,221.316,8.814
2026-04-11 04:00,60,"PIC_ALO_ALOAG(3G)_UL/Cell:eNodeB Function Name=PIC_ALO_ALOAG_L, Local Cell ID=7, Cell Name=PIC_ALO_ALOAG_APT_7, eNodeB ID=44400, Cell FDD TDD indication=CELL_FDD",Reliable,1.61,0.486
2026-04-11 04:00,60,"PIC_ALO_ALOAG(3G)_UL/Cell:eNodeB Function Name=PIC_ALO_ALOAG_L, Local Cell ID=8, Cell Name=PIC_ALO_ALOAG_APT_8, eNodeB ID=44400, Cell FDD TDD indication=CELL_FDD",Reliable,577.21,51.829
2026-04-11 04:00,60,"PIC_ALO_ALOAG(3G)_UL/Cell:eNodeB Function Name=PIC_ALO_ALOAG_L, Local Cell ID=9, Cell Name=PIC_ALO_ALOAG_APT_9, eNodeB ID=44400, Cell FDD TDD indication=CELL_FDD",Reliable,564.954,55.332
2026-04-11 04:00,60,"PIC_UIO_CASHAPAMBA(PI)_UL/Cell:eNodeB Function Name=PIC_UIO_CASHAPAMBA_L, Local Cell ID=7, Cell Name=PIC_UIO_CASHAPAMBA_L7_7, eNodeB ID=44365, Cell FDD TDD indication=CELL_FDD",Reliable,53.578,6.663
2026-04-11 04:00,60,"PIC_UIO_CASHAPAMBA(PI)_UL/Cell:eNodeB Function Name=PIC_UIO_CASHAPAMBA_L, Local Cell ID=8, Cell Name=PIC_UIO_CASHAPAMBA_L7_8, eNodeB ID=44365, Cell FDD TDD indication=CELL_FDD",Reliable,738.033,50.101
2026-04-11 04:00,60,"PIC_UIO_CASHAPAMBA(PI)_UL/Cell:eNodeB Function Name=PIC_UIO_CASHAPAMBA_L, Local Cell ID=9, Cell Name=PIC_UIO_CASHAPAMBA_L7_9, eNodeB ID=44365, Cell FDD TDD indication=CELL_FDD",Reliable,29.841,4.446
2026-04-11 04:00,60,"PIC_CHI_PUEBLO_BLANCO_UL/Cell:eNodeB Function Name=PIC_CHI_PUEBLO_BLANCO_L, Local Cell ID=7, Cell Name=PIC_CHI_PUEBLO_BLANCO_APT_7, eNodeB ID=44348, Cell FDD TDD indication=CELL_FDD",Reliable,28.754,6.672
2026-04-11 04:00,60,"PIC_CHI_PUEBLO_BLANCO_UL/Cell:eNodeB Function Name=PIC_CHI_PUEBLO_BLANCO_L, Local Cell ID=8, Cell Name=PIC_CHI_PUEBLO_BLANCO_APT_8, eNodeB ID=44348, Cell FDD TDD indication=CELL_FDD",Reliable,41.773,7.327
2026-04-11 04:00,60,"PIC_CHI_PUEBLO_BLANCO_UL/Cell:eNodeB Function Name=PIC_CHI_PUEBLO_BLANCO_L, Local Cell ID=9, Cell Name=PIC_CHI_PUEBLO_BLANCO_APT_9, eNodeB ID=44348, Cell FDD TDD indication=CELL_FDD",Reliable,30.16,3.057
2026-04-11 04:00,60,"PIC_UIO_VIA_PAPALLACTA_QUITO_UL/Cell:eNodeB Function Name=PIC_UIO_VIA_PAPALLACTA_QUITOL7, Local Cell ID=7, Cell Name=PIC_UIO_VIA_PAPALLACTA_QUITO_APT_7, eNodeB ID=44367, Cell FDD TDD indication=CELL_FDD",Reliable,1057.197,46.298
2026-04-11 04:00,60,"PIC_UIO_VIA_PAPALLACTA_QUITO_UL/Cell:eNodeB Function Name=PIC_UIO_VIA_PAPALLACTA_QUITOL7, Local Cell ID=8, Cell Name=PIC_UIO_VIA_PAPALLACTA_QUITO_APT_8, eNodeB ID=44367, Cell FDD TDD indication=CELL_FDD",Reliable,82.612,16.829
2026-04-11 04:00,60,"PIC_UIO_VIA_PAPALLACTA_QUITO_UL/Cell:eNodeB Function Name=PIC_UIO_VIA_PAPALLACTA_QUITOL7, Local Cell ID=9, Cell Name=PIC_UIO_VIA_PAPALLACTA_QUITO_APT_9, eNodeB ID=44367, Cell FDD TDD indication=CELL_FDD",Reliable,1462.455,136.936
2026-04-11 04:00,60,"PIC_UIO_SAN_ISIDRO_PUENGAS_UL/Cell:eNodeB Function Name=PIC_UIO_SAN_ISIDRO_PUENGAS_L, Local Cell ID=1, Cell Name=PIC_UIO_SAN_ISIDRO_PUENGAS_AWS_1, eNodeB ID=44344, Cell FDD TDD indication=CELL_FDD",Reliable,1090.228,58.747
2026-04-11 04:00,60,"PIC_UIO_SAN_ISIDRO_PUENGAS_UL/Cell:eNodeB Function Name=PIC_UIO_SAN_ISIDRO_PUENGAS_L, Local Cell ID=8, Cell Name=PIC_UIO_SAN_ISIDRO_PUENGAS_APT_8, eNodeB ID=44344, Cell FDD TDD indication=CELL_FDD",Reliable,629.505,37.741
2026-04-11 04:00,60,"PIC_UIO_SAN_ISIDRO_PUENGAS_UL/Cell:eNodeB Function Name=PIC_UIO_SAN_ISIDRO_PUENGAS_L, Local Cell ID=9, Cell Name=PIC_UIO_SAN_ISIDRO_PUENGAS_APT_9, eNodeB ID=44344, Cell FDD TDD indication=CELL_FDD",Reliable,712.761,60.827
2026-04-11 04:00,60,"PIC_TUM_AURELIO_DAVILA_ULN/Cell:eNodeB Function Name=PIC_TUM_AURELIO_DAVILA_L, Local Cell ID=7, Cell Name=PIC_TUM_AURELIO_DAVILA_APT_7, eNodeB ID=43545, Cell FDD TDD indication=CELL_FDD",Reliable,67.987,8.163
2026-04-11 04:00,60,"PIC_TUM_AURELIO_DAVILA_ULN/Cell:eNodeB Function Name=PIC_TUM_AURELIO_DAVILA_L, Local Cell ID=8, Cell Name=PIC_TUM_AURELIO_DAVILA_APT_8, eNodeB ID=43545, Cell FDD TDD indication=CELL_FDD",Reliable,136.925,20.085
2026-04-11 04:00,60,"PIC_TUM_AURELIO_DAVILA_ULN/Cell:eNodeB Function Name=PIC_TUM_AURELIO_DAVILA_L, Local Cell ID=9, Cell Name=PIC_TUM_AURELIO_DAVILA_APT_9, eNodeB ID=43545, Cell FDD TDD indication=CELL_FDD",Reliable,554.461,63.888
2026-04-11 04:00,60,"PIC_UIO_ALANGASI_CENTRAL_UL/Cell:eNodeB Function Name=PIC_UIO_ALANGASI_CENTRAL_L, Local Cell ID=7, Cell Name=PIC_UIO_ALANGASI_CENTRAL_APT_7, eNodeB ID=44279, Cell FDD TDD indication=CELL_FDD",Reliable,108.282,10.625
2026-04-11 04:00,60,"PIC_UIO_ALANGASI_CENTRAL_UL/Cell:eNodeB Function Name=PIC_UIO_ALANGASI_CENTRAL_L, Local Cell ID=8, Cell Name=PIC_UIO_ALANGASI_CENTRAL_APT_8, eNodeB ID=44279, Cell FDD TDD indication=CELL_FDD",Reliable,9.907,12.773
2026-04-11 04:00,60,"PIC_UIO_ALANGASI_CENTRAL_UL/Cell:eNodeB Function Name=PIC_UIO_ALANGASI_CENTRAL_L, Local Cell ID=9, Cell Name=PIC_UIO_ALANGASI_CENTRAL_APT_9, eNodeB ID=44279, Cell FDD TDD indication=CELL_FDD",Reliable,452.766,40.485
2026-04-11 04:00,60,"PIC_UIO_PARQUE_ITALIA_UL/Cell:eNodeB Function Name=PIC_UIO_PARQUE_ITALIA_L, Local Cell ID=7, Cell Name=PIC_UIO_PARQUE_ITALIA_APT_7, eNodeB ID=43551, Cell FDD TDD indication=CELL_FDD",Reliable,349.259,27.257
2026-04-11 04:00,60,"PIC_UIO_PARQUE_ITALIA_UL/Cell:eNodeB Function Name=PIC_UIO_PARQUE_ITALIA_L, Local Cell ID=8, Cell Name=PIC_UIO_PARQUE_ITALIA_APT_8, eNodeB ID=43551, Cell FDD TDD indication=CELL_FDD",Reliable,2802.61,132.775
2026-04-11 04:00,60,"PIC_UIO_PARQUE_ITALIA_UL/Cell:eNodeB Function Name=PIC_UIO_PARQUE_ITALIA_L, Local Cell ID=9, Cell Name=PIC_UIO_PARQUE_ITALIA_APT_9, eNodeB ID=43551, Cell FDD TDD indication=CELL_FDD",Reliable,347.385,22.898
2026-04-11 04:00,60,"PIC_CHI_SAN_FRANCISCO_DE_CONOCOTO_UL/Cell:eNodeB Function Name=PIC_CHI_SAN_FRANCISCO_DE_CONOCOTO_L, Local Cell ID=7, Cell Name=PIC_CHI_SAN_FRANCISCO_DE_CONOCOTO_L7_7, eNodeB ID=44237, Cell FDD TDD indication=CELL_FDD",Reliable,82.336,10.917
2026-04-11 04:00,60,"PIC_CHI_SAN_FRANCISCO_DE_CONOCOTO_UL/Cell:eNodeB Function Name=PIC_CHI_SAN_FRANCISCO_DE_CONOCOTO_L, Local Cell ID=8, Cell Name=PIC_CHI_SAN_FRANCISCO_DE_CONOCOTO_L7_8, eNodeB ID=44237, Cell FDD TDD indication=CELL_FDD",Reliable,230.497,19.813
2026-04-11 04:00,60,"PIC_CHI_SAN_FRANCISCO_DE_CONOCOTO_UL/Cell:eNodeB Function Name=PIC_CHI_SAN_FRANCISCO_DE_CONOCOTO_L, Local Cell ID=9, Cell Name=PIC_CHI_SAN_FRANCISCO_DE_CONOCOTO_L7_9, eNodeB ID=44237, Cell FDD TDD indication=CELL_FDD",Reliable,494.66,37.47
2026-04-11 04:00,60,"PIC_UIO_COW_INTER_CUMBAYA_UL/Cell:eNodeB Function Name=PIC_UIO_COW_INTER_CUMBAYA_L, Local Cell ID=7, Cell Name=PIC_UIO_COW_INTER_CUMBAYA_APT_7, eNodeB ID=44931, Cell FDD TDD indication=CELL_FDD",Reliable,63.402,7.564
2026-04-11 04:00,60,"PIC_UIO_COW_INTER_CUMBAYA_UL/Cell:eNodeB Function Name=PIC_UIO_COW_INTER_CUMBAYA_L, Local Cell ID=8, Cell Name=PIC_UIO_COW_INTER_CUMBAYA_APT_8, eNodeB ID=44931, Cell FDD TDD indication=CELL_FDD",Reliable,224.07,46.597
2026-04-11 04:00,60,"PIC_UIO_COW_INTER_CUMBAYA_UL/Cell:eNodeB Function Name=PIC_UIO_COW_INTER_CUMBAYA_L, Local Cell ID=9, Cell Name=PIC_UIO_COW_INTER_CUMBAYA_APT_9, eNodeB ID=44931, Cell FDD TDD indication=CELL_FDD",Reliable,663.736,121.513
2026-04-11 04:00,60,"PIC_UIO_EL_QUINCHE_UL/Cell:eNodeB Function Name=PIC_UIO_EL_QUINCHE_L, Local Cell ID=7, Cell Name=PIC_UIO_QUINCHE_APT_7, eNodeB ID=44401, Cell FDD TDD indication=CELL_FDD",Reliable,904.919,65.982
2026-04-11 04:00,60,"PIC_UIO_EL_QUINCHE_UL/Cell:eNodeB Function Name=PIC_UIO_EL_QUINCHE_L, Local Cell ID=8, Cell Name=PIC_UIO_QUINCHE_APT_8, eNodeB ID=44401, Cell FDD TDD indication=CELL_FDD",Reliable,1032.601,93.211
2026-04-11 04:00,60,"PIC_UIO_EL_QUINCHE_UL/Cell:eNodeB Function Name=PIC_UIO_EL_QUINCHE_L, Local Cell ID=9, Cell Name=PIC_UIO_QUINCHE_APT_9, eNodeB ID=44401, Cell FDD TDD indication=CELL_FDD",Reliable,52.569,11.629
2026-04-11 04:00,60,"PIC_UIO_CALDERON_BELLAVISTA_UL/Cell:eNodeB Function Name=PIC_UIO_CALDERON_BELLAVISTA_L, Local Cell ID=7, Cell Name=PIC_UIO_CALDERON_BELLAVISTA_APT_7, eNodeB ID=44360, Cell FDD TDD indication=CELL_FDD",Reliable,138.521,16.728
2026-04-11 04:00,60,"PIC_UIO_CALDERON_BELLAVISTA_UL/Cell:eNodeB Function Name=PIC_UIO_CALDERON_BELLAVISTA_L, Local Cell ID=8, Cell Name=PIC_UIO_CALDERON_BELLAVISTA_APT_8, eNodeB ID=44360, Cell FDD TDD indication=CELL_FDD",Reliable,19.538,322.097
2026-04-11 04:00,60,"PIC_UIO_CALDERON_BELLAVISTA_UL/Cell:eNodeB Function Name=PIC_UIO_CALDERON_BELLAVISTA_L, Local Cell ID=9, Cell Name=PIC_UIO_CALDERON_BELLAVISTA_APT_9, eNodeB ID=44360, Cell FDD TDD indication=CELL_FDD",Reliable,167.341,7.038
2026-04-11 04:00,60,"PIC_UIO_PISULI_UL/Cell:eNodeB Function Name=PIC_UIO_PISULI_L, Local Cell ID=7, Cell Name=PIC_UIO_PISULI_APT_7, eNodeB ID=44172, Cell FDD TDD indication=CELL_FDD",Reliable,1289.918,231.658
2026-04-11 04:00,60,"PIC_UIO_PISULI_UL/Cell:eNodeB Function Name=PIC_UIO_PISULI_L, Local Cell ID=8, Cell Name=PIC_UIO_PISULI_APT_8, eNodeB ID=44172, Cell FDD TDD indication=CELL_FDD",Reliable,1273.451,90.639
2026-04-11 04:00,60,"PIC_UIO_PISULI_UL/Cell:eNodeB Function Name=PIC_UIO_PISULI_L, Local Cell ID=9, Cell Name=PIC_UIO_PISULI_APT_9, eNodeB ID=44172, Cell FDD TDD indication=CELL_FDD",Reliable,75.826,13.117
2026-04-11 04:00,60,"PIC_UIO_URB_EL_CONDADO_UL/Cell:eNodeB Function Name=PIC_UIO_URB_EL_CONDADO_L, Local Cell ID=9, Cell Name=PIC_UIO_URB_EL_CONDADO_APT_9, eNodeB ID=43604, Cell FDD TDD indication=CELL_FDD",Reliable,950.028,67.757
2026-04-11 04:00,60,"PIC_UIO_URB_EL_CONDADO_UL/Cell:eNodeB Function Name=PIC_UIO_URB_EL_CONDADO_L, Local Cell ID=8, Cell Name=PIC_UIO_URB_EL_CONDADO_APT_8, eNodeB ID=43604, Cell FDD TDD indication=CELL_FDD",Reliable,138.697,28.139
2026-04-11 04:00,60,"PIC_UIO_URB_EL_CONDADO_UL/Cell:eNodeB Function Name=PIC_UIO_URB_EL_CONDADO_L, Local Cell ID=7, Cell Name=PIC_UIO_URB_EL_CONDADO_APT_7, eNodeB ID=43604, Cell FDD TDD indication=CELL_FDD",Reliable,723.007,541.657
2026-04-11 04:00,60,"CAR_TUL_19_DE_NOVIEMBRE_UL/Cell:eNodeB Function Name=CAR_TUL_19_DE_NOVIEMBRE_L, Local Cell ID=9, Cell Name=CAR_TUL_19_DE_NOVIEMBRE_APT_9, eNodeB ID=43531, Cell FDD TDD indication=CELL_FDD",Reliable,665.024,90.606
2026-04-11 04:00,60,"CAR_TUL_19_DE_NOVIEMBRE_UL/Cell:eNodeB Function Name=CAR_TUL_19_DE_NOVIEMBRE_L, Local Cell ID=8, Cell Name=CAR_TUL_19_DE_NOVIEMBRE_APT_8, eNodeB ID=43531, Cell FDD TDD indication=CELL_FDD",Reliable,1773.161,183.599
2026-04-11 04:00,60,"CAR_TUL_19_DE_NOVIEMBRE_UL/Cell:eNodeB Function Name=CAR_TUL_19_DE_NOVIEMBRE_L, Local Cell ID=7, Cell Name=CAR_TUL_19_DE_NOVIEMBRE_APT_7, eNodeB ID=43531, Cell FDD TDD indication=CELL_FDD",Reliable,1361.168,88.898
2026-04-11 04:00,60,"CAR_TUL_LA_RIOJA_UL/Cell:eNodeB Function Name=CAR_TUL_LA_RIOJA_L, Local Cell ID=9, Cell Name=CAR_TUL_LA_RIOJA_APT_9, eNodeB ID=43580, Cell FDD TDD indication=CELL_FDD",Reliable,241.558,17.592
2026-04-11 04:00,60,"CAR_TUL_LA_RIOJA_UL/Cell:eNodeB Function Name=CAR_TUL_LA_RIOJA_L, Local Cell ID=8, Cell Name=CAR_TUL_LA_RIOJA_APT_8, eNodeB ID=43580, Cell FDD TDD indication=CELL_FDD",Reliable,68.588,7.87
2026-04-11 04:00,60,"CAR_TUL_LA_RIOJA_UL/Cell:eNodeB Function Name=CAR_TUL_LA_RIOJA_L, Local Cell ID=7, Cell Name=CAR_TUL_LA_RIOJA_APT_7, eNodeB ID=43580, Cell FDD TDD indication=CELL_FDD",Reliable,349.048,28.609
2026-04-11 04:00,60,"PIC_UIO_MARIANO_PAREDES_UL/Cell:eNodeB Function Name=PIC_UIO_MARIANO_PAREDES_L, Local Cell ID=9, Cell Name=PIC_UIO_MARIANO_PAREDES_APT_9, eNodeB ID=43527, Cell FDD TDD indication=CELL_FDD",Reliable,419.69,43.118
2026-04-11 04:00,60,"PIC_UIO_MARIANO_PAREDES_UL/Cell:eNodeB Function Name=PIC_UIO_MARIANO_PAREDES_L, Local Cell ID=8, Cell Name=PIC_UIO_MARIANO_PAREDES_APT_8, eNodeB ID=43527, Cell FDD TDD indication=CELL_FDD",Reliable,480.621,206.056
2026-04-11 04:00,60,"PIC_UIO_MARIANO_PAREDES_UL/Cell:eNodeB Function Name=PIC_UIO_MARIANO_PAREDES_L, Local Cell ID=7, Cell Name=PIC_UIO_MARIANO_PAREDES_APT_7, eNodeB ID=43527, Cell FDD TDD indication=CELL_FDD",Reliable,931.313,398.315
2026-04-11 04:00,60,"PIC_UIO_CARAPUNGO_LOS_PELICANOS_UL/Cell:eNodeB Function Name=PIC_UIO_CARAPUNGO_LOS_PELICANOS_L, Local Cell ID=9, Cell Name=PIC_UIO_CARAPUNGO_LOS_PELICANOS_APT_9, eNodeB ID=43626, Cell FDD TDD indication=CELL_FDD",Reliable,152.601,18.901
2026-04-11 04:00,60,"PIC_UIO_CARAPUNGO_LOS_PELICANOS_UL/Cell:eNodeB Function Name=PIC_UIO_CARAPUNGO_LOS_PELICANOS_L, Local Cell ID=8, Cell Name=PIC_UIO_CARAPUNGO_LOS_PELICANOS_APT_8, eNodeB ID=43626, Cell FDD TDD indication=CELL_FDD",Reliable,221.136,18.667
2026-04-11 04:00,60,"PIC_UIO_CARAPUNGO_LOS_PELICANOS_UL/Cell:eNodeB Function Name=PIC_UIO_CARAPUNGO_LOS_PELICANOS_L, Local Cell ID=7, Cell Name=PIC_UIO_CARAPUNGO_LOS_PELICANOS_APT_7, eNodeB ID=43626, Cell FDD TDD indication=CELL_FDD",Reliable,79.222,23.067
2026-04-11 04:00,60,"PIC_UIO_29_DE_ABRIL_UL/Cell:eNodeB Function Name=PIC_UIO_29_DE_ABRIL_L, Local Cell ID=9, Cell Name=PIC_UIO_29_DE_ABRIL_APT_9, eNodeB ID=43601, Cell FDD TDD indication=CELL_FDD",Reliable,394.15,308.808
2026-04-11 04:00,60,"PIC_UIO_29_DE_ABRIL_UL/Cell:eNodeB Function Name=PIC_UIO_29_DE_ABRIL_L, Local Cell ID=8, Cell Name=PIC_UIO_29_DE_ABRIL_APT_8, eNodeB ID=43601, Cell FDD TDD indication=CELL_FDD",Reliable,13.461,5.806
2026-04-11 04:00,60,"PIC_UIO_29_DE_ABRIL_UL/Cell:eNodeB Function Name=PIC_UIO_29_DE_ABRIL_L, Local Cell ID=7, Cell Name=PIC_UIO_29_DE_ABRIL_APT_7, eNodeB ID=43601, Cell FDD TDD indication=CELL_FDD",Reliable,80.629,18.237
2026-04-11 04:00,60,"PIC_UIO_AREA_VERDE_UL/Cell:eNodeB Function Name=PIC_UIO_AREA_VERDE_L, Local Cell ID=9, Cell Name=PIC_UIO_AREA_VERDE_APT_9, eNodeB ID=43625, Cell FDD TDD indication=CELL_FDD",Reliable,47.172,4.283
2026-04-11 04:00,60,"PIC_UIO_AREA_VERDE_UL/Cell:eNodeB Function Name=PIC_UIO_AREA_VERDE_L, Local Cell ID=8, Cell Name=PIC_UIO_AREA_VERDE_APT_8, eNodeB ID=43625, Cell FDD TDD indication=CELL_FDD",Reliable,131.616,10.743
2026-04-11 04:00,60,"PIC_UIO_AREA_VERDE_UL/Cell:eNodeB Function Name=PIC_UIO_AREA_VERDE_L, Local Cell ID=7, Cell Name=PIC_UIO_AREA_VERDE_APT_7, eNodeB ID=43625, Cell FDD TDD indication=CELL_FDD",Reliable,208.747,31.96
2026-04-11 04:00,60,"PIC_UIO_FRANCISCO_DALMAU_UL/Cell:eNodeB Function Name=PIC_UIO_FRANCISCO_DALMAU_L, Local Cell ID=8, Cell Name=PIC_UIO_FRANCISCO_DALMAU_APT_8, eNodeB ID=43587, Cell FDD TDD indication=CELL_FDD",Reliable,90.06,18.354
2026-04-11 04:00,60,"PIC_UIO_FRANCISCO_DALMAU_UL/Cell:eNodeB Function Name=PIC_UIO_FRANCISCO_DALMAU_L, Local Cell ID=7, Cell Name=PIC_UIO_FRANCISCO_DALMAU_APT_7, eNodeB ID=43587, Cell FDD TDD indication=CELL_FDD",Reliable,18.812,5.178
2026-04-11 04:00,60,"PIC_UIO_BELLAVISTA_ALTA_UL/Cell:eNodeB Function Name=PIC_UIO_BELLAVISTA_ALTA_L, Local Cell ID=7, Cell Name=PIC_UIO_BELLAVISTA_ALTA_APT_7, eNodeB ID=44082, Cell FDD TDD indication=CELL_FDD",Reliable,149.192,214.458
2026-04-11 04:00,60,"PIC_UIO_BELLAVISTA_ALTA_UL/Cell:eNodeB Function Name=PIC_UIO_BELLAVISTA_ALTA_L, Local Cell ID=8, Cell Name=PIC_UIO_BELLAVISTA_ALTA_APT_8, eNodeB ID=44082, Cell FDD TDD indication=CELL_FDD",Reliable,115.814,11.777
2026-04-11 04:00,60,"PIC_UIO_BELLAVISTA_ALTA_UL/Cell:eNodeB Function Name=PIC_UIO_BELLAVISTA_ALTA_L, Local Cell ID=9, Cell Name=PIC_UIO_BELLAVISTA_ALTA_APT_9, eNodeB ID=44082, Cell FDD TDD indication=CELL_FDD",Reliable,600.622,82.95
2026-04-11 04:00,60,"PIC_UIO_ELOY_ALFARO_UL/Cell:eNodeB Function Name=PIC_UIO_ELOY_ALFARO_L, Local Cell ID=7, Cell Name=PIC_UIO_ELOY_ALFARO_APT_7, eNodeB ID=44034, Cell FDD TDD indication=CELL_FDD",Reliable,551.823,61.257
2026-04-11 04:00,60,"PIC_UIO_ELOY_ALFARO_UL/Cell:eNodeB Function Name=PIC_UIO_ELOY_ALFARO_L, Local Cell ID=8, Cell Name=PIC_UIO_ELOY_ALFARO_APT_8, eNodeB ID=44034, Cell FDD TDD indication=CELL_FDD",Reliable,140.414,17.449
2026-04-11 04:00,60,"PIC_UIO_ELOY_ALFARO_UL/Cell:eNodeB Function Name=PIC_UIO_ELOY_ALFARO_L, Local Cell ID=9, Cell Name=PIC_UIO_ELOY_ALFARO_APT_9, eNodeB ID=44034, Cell FDD TDD indication=CELL_FDD",Reliable,9.798,1.374
2026-04-11 04:00,60,"PIC_UIO_VIA_PIFO_UL/Cell:eNodeB Function Name=PIC_UIO_VIA_PIFO_L, Local Cell ID=7, Cell Name=PIC_UIO_VIA_PIFO_L7_7, eNodeB ID=44435, Cell FDD TDD indication=CELL_FDD",Reliable,55.286,8.344
2026-04-11 04:00,60,"PIC_UIO_VIA_PIFO_UL/Cell:eNodeB Function Name=PIC_UIO_VIA_PIFO_L, Local Cell ID=8, Cell Name=PIC_UIO_VIA_PIFO_L7_8, eNodeB ID=44435, Cell FDD TDD indication=CELL_FDD",Reliable,136.456,64.611
2026-04-11 04:00,60,"PIC_UIO_VIA_PIFO_UL/Cell:eNodeB Function Name=PIC_UIO_VIA_PIFO_L, Local Cell ID=9, Cell Name=PIC_UIO_VIA_PIFO_L7_9, eNodeB ID=44435, Cell FDD TDD indication=CELL_FDD",Reliable,55.214,16.999
2026-04-11 04:00,60,"PIC_UIO_GRAL_AGUIRRE_UL/Cell:eNodeB Function Name=PIC_UIO_GRAL_AGUIRRE_L, Local Cell ID=7, Cell Name=PIC_UIO_GRAL_AGUIRRE_APT_7, eNodeB ID=43547, Cell FDD TDD indication=CELL_FDD",Reliable,706.759,46.778
2026-04-11 04:00,60,"PIC_UIO_GRAL_AGUIRRE_UL/Cell:eNodeB Function Name=PIC_UIO_GRAL_AGUIRRE_L, Local Cell ID=8, Cell Name=PIC_UIO_GRAL_AGUIRRE_APT_8, eNodeB ID=43547, Cell FDD TDD indication=CELL_FDD",Reliable,81.715,14.453
2026-04-11 04:00,60,"PIC_UIO_GRAL_AGUIRRE_UL/Cell:eNodeB Function Name=PIC_UIO_GRAL_AGUIRRE_L, Local Cell ID=9, Cell Name=PIC_UIO_GRAL_AGUIRRE_APT_9, eNodeB ID=43547, Cell FDD TDD indication=CELL_FDD",Reliable,735.099,56.133
2026-04-11 04:00,60,"ESM_ESM_ESME_MIDUVI_UL/Cell:eNodeB Function Name=ESM_ESM_ESME_MIDUVI_L, Local Cell ID=7, Cell Name=ESM_ESM_ESME_MIDUVI_APT_7, eNodeB ID=44181, Cell FDD TDD indication=CELL_FDD",Reliable,145.42,27.623
2026-04-11 04:00,60,"ESM_ESM_ESME_MIDUVI_UL/Cell:eNodeB Function Name=ESM_ESM_ESME_MIDUVI_L, Local Cell ID=8, Cell Name=ESM_ESM_ESME_MIDUVI_APT_8, eNodeB ID=44181, Cell FDD TDD indication=CELL_FDD",Reliable,145.396,15.198
2026-04-11 04:00,60,"ESM_ESM_ESME_MIDUVI_UL/Cell:eNodeB Function Name=ESM_ESM_ESME_MIDUVI_L, Local Cell ID=9, Cell Name=ESM_ESM_ESME_MIDUVI_APT_9, eNodeB ID=44181, Cell FDD TDD indication=CELL_FDD",Reliable,179.977,11.765
2026-04-11 04:00,60,"PIC_UIO_VIA_PULULAHUA_UL/Cell:eNodeB Function Name=PIC_UIO_VIA_PULULAHUAL21, Local Cell ID=7, Cell Name=PIC_UIO_VIA_PULULAHUA_APT_7, eNodeB ID=44282, Cell FDD TDD indication=CELL_FDD",Reliable,3.657,2.196
2026-04-11 04:00,60,"PIC_UIO_VIA_PULULAHUA_UL/Cell:eNodeB Function Name=PIC_UIO_VIA_PULULAHUAL21, Local Cell ID=8, Cell Name=PIC_UIO_VIA_PULULAHUA_APT_8, eNodeB ID=44282, Cell FDD TDD indication=CELL_FDD",Reliable,132.378,15.73
2026-04-11 04:00,60,"PIC_UIO_VIA_PULULAHUA_UL/Cell:eNodeB Function Name=PIC_UIO_VIA_PULULAHUAL21, Local Cell ID=9, Cell Name=PIC_UIO_VIA_PULULAHUA_APT_9, eNodeB ID=44282, Cell FDD TDD indication=CELL_FDD",Reliable,166.259,50.087
2026-04-11 04:00,60,"PIC_UIO_YANBAL_UL/Cell:eNodeB Function Name=PIC_UIO_YANBAL_L, Local Cell ID=7, Cell Name=PIC_UIO_YANBAL_L7_1, eNodeB ID=44196, Cell FDD TDD indication=CELL_FDD",Reliable,98.461,14.051
2026-04-11 04:00,60,"PIC_UIO_YANBAL_UL/Cell:eNodeB Function Name=PIC_UIO_YANBAL_L, Local Cell ID=8, Cell Name=PIC_UIO_YANBAL_L7_2, eNodeB ID=44196, Cell FDD TDD indication=CELL_FDD",Reliable,20.283,4.574
2026-04-11 04:00,60,"PIC_UIO_YANBAL_UL/Cell:eNodeB Function Name=PIC_UIO_YANBAL_L, Local Cell ID=9, Cell Name=PIC_UIO_YANBAL_L7_3, eNodeB ID=44196, Cell FDD TDD indication=CELL_FDD",Reliable,239.971,20.133
2026-04-11 04:00,60,"PIC_UIO_CALDERON_SAN_JUAN_UL/Cell:eNodeB Function Name=PIC_UIO_CALDERON_SAN_JUAN_L, Local Cell ID=7, Cell Name=PIC_UIO_CALDERON_SAN_JUAN_APT_7, eNodeB ID=44359, Cell FDD TDD indication=CELL_FDD",Reliable,37.251,3.734
2026-04-11 04:00,60,"PIC_UIO_CALDERON_SAN_JUAN_UL/Cell:eNodeB Function Name=PIC_UIO_CALDERON_SAN_JUAN_L, Local Cell ID=8, Cell Name=PIC_UIO_CALDERON_SAN_JUAN_APT_8, eNodeB ID=44359, Cell FDD TDD indication=CELL_FDD",Reliable,15.426,2.4
2026-04-11 04:00,60,"PIC_UIO_CALDERON_SAN_JUAN_UL/Cell:eNodeB Function Name=PIC_UIO_CALDERON_SAN_JUAN_L, Local Cell ID=9, Cell Name=PIC_UIO_CALDERON_SAN_JUAN_APT_9, eNodeB ID=44359, Cell FDD TDD indication=CELL_FDD",Reliable,20.879,5.933
2026-04-11 04:00,60,"ESM_ESM_ESME_SANTA_VAINAS_UL/Cell:eNodeB Function Name=ESM_ESM_ESME_SANTA_VAINAS_L, Local Cell ID=7, Cell Name=ESM_ESM_ESME_SANTA_VAINAS_APT_7, eNodeB ID=43607, Cell FDD TDD indication=CELL_FDD",Reliable,0.158,0.351
2026-04-11 04:00,60,"ESM_ESM_ESME_SANTA_VAINAS_UL/Cell:eNodeB Function Name=ESM_ESM_ESME_SANTA_VAINAS_L, Local Cell ID=8, Cell Name=ESM_ESM_ESME_SANTA_VAINAS_APT_8, eNodeB ID=43607, Cell FDD TDD indication=CELL_FDD",Reliable,2.286,0.918
2026-04-11 04:00,60,"ESM_ESM_ESME_SANTA_VAINAS_UL/Cell:eNodeB Function Name=ESM_ESM_ESME_SANTA_VAINAS_L, Local Cell ID=9, Cell Name=ESM_ESM_ESME_SANTA_VAINAS_APT_9, eNodeB ID=43607, Cell FDD TDD indication=CELL_FDD",Reliable,0,0
2026-04-11 04:00,60,"PIC_UIO_CALDERON_QUITUS_UL/Cell:eNodeB Function Name=PIC_UIO_CALDERON_QUITUS_L, Local Cell ID=7, Cell Name=PIC_UIO_CALDERON_QUITUS_L7_7, eNodeB ID=44088, Cell FDD TDD indication=CELL_FDD",Reliable,489.033,46.792
2026-04-11 04:00,60,"PIC_UIO_CALDERON_QUITUS_UL/Cell:eNodeB Function Name=PIC_UIO_CALDERON_QUITUS_L, Local Cell ID=8, Cell Name=PIC_UIO_CALDERON_QUITUS_L7_8, eNodeB ID=44088, Cell FDD TDD indication=CELL_FDD",Reliable,799.622,94.214
2026-04-11 04:00,60,"PIC_UIO_CALDERON_QUITUS_UL/Cell:eNodeB Function Name=PIC_UIO_CALDERON_QUITUS_L, Local Cell ID=9, Cell Name=PIC_UIO_CALDERON_QUITUS_L7_9, eNodeB ID=44088, Cell FDD TDD indication=CELL_FDD",Reliable,36.224,11.866
2026-04-11 04:00,60,"PIC_UIO_MARIANITAS_UL/Cell:eNodeB Function Name=PIC_UIO_MARIANITAS_L, Local Cell ID=7, Cell Name=PIC_UIO_MARIANITAS_APT_7, eNodeB ID=44158, Cell FDD TDD indication=CELL_FDD",Reliable,261.338,31.725
2026-04-11 04:00,60,"PIC_UIO_MARIANITAS_UL/Cell:eNodeB Function Name=PIC_UIO_MARIANITAS_L, Local Cell ID=8, Cell Name=PIC_UIO_MARIANITAS_APT_8, eNodeB ID=44158, Cell FDD TDD indication=CELL_FDD",Reliable,204.614,27.337
2026-04-11 04:00,60,"PIC_UIO_MARIANITAS_UL/Cell:eNodeB Function Name=PIC_UIO_MARIANITAS_L, Local Cell ID=9, Cell Name=PIC_UIO_MARIANITAS_APT_9, eNodeB ID=44158, Cell FDD TDD indication=CELL_FDD",Reliable,180.688,13.376
2026-04-11 04:00,60,"ESM_ESM_ESME_LAS_AMERICAS_UL/Cell:eNodeB Function Name=ESM_ESM_ESME_LAS_AMERICAS_L, Local Cell ID=9, Cell Name=ESM_ESME_LAS_AMERICAS_APT_9, eNodeB ID=43605, Cell FDD TDD indication=CELL_FDD",Reliable,1.861,1.305
2026-04-11 04:00,60,"ESM_ESM_ESME_LAS_AMERICAS_UL/Cell:eNodeB Function Name=ESM_ESM_ESME_LAS_AMERICAS_L, Local Cell ID=8, Cell Name=ESM_ESME_LAS_AMERICAS_APT_8, eNodeB ID=43605, Cell FDD TDD indication=CELL_FDD",Reliable,15.233,3.458
2026-04-11 04:00,60,"ESM_ESM_ESME_LAS_AMERICAS_UL/Cell:eNodeB Function Name=ESM_ESM_ESME_LAS_AMERICAS_L, Local Cell ID=7, Cell Name=ESM_ESME_LAS_AMERICAS_APT_7, eNodeB ID=43605, Cell FDD TDD indication=CELL_FDD",Reliable,148.191,7.773
2026-04-11 04:00,60,"ESM_ESM_LA_TOLITA_UL/Cell:eNodeB Function Name=ESM_ESM_LA_TOLITA_L, Local Cell ID=7, Cell Name=ESM_ESM_LA_TOLITA_APT_7, eNodeB ID=44608, Cell FDD TDD indication=CELL_FDD",Reliable,4.127,3.243
2026-04-11 04:00,60,"ESM_ESM_LA_TOLITA_UL/Cell:eNodeB Function Name=ESM_ESM_LA_TOLITA_L, Local Cell ID=8, Cell Name=ESM_ESM_LA_TOLITA_APT_8, eNodeB ID=44608, Cell FDD TDD indication=CELL_FDD",Reliable,369.048,39.828
2026-04-11 04:00,60,"ESM_ESM_LA_TOLITA_UL/Cell:eNodeB Function Name=ESM_ESM_LA_TOLITA_L, Local Cell ID=9, Cell Name=ESM_ESM_LA_TOLITA_APT_9, eNodeB ID=44608, Cell FDD TDD indication=CELL_FDD",Reliable,4296.567,546.678
2026-04-11 04:00,60,"IMB_IBA_LA_PRIMAVERA_UL/Cell:eNodeB Function Name=IMB_IBA_LA_PRIMAVERA_L, Local Cell ID=9, Cell Name=IMB_IBA_LA_PRIMAVERA_APT_9, eNodeB ID=43590, Cell FDD TDD indication=CELL_FDD",Reliable,325.479,154.445
2026-04-11 04:00,60,"IMB_IBA_LA_PRIMAVERA_UL/Cell:eNodeB Function Name=IMB_IBA_LA_PRIMAVERA_L, Local Cell ID=8, Cell Name=IMB_IBA_LA_PRIMAVERA_APT_8, eNodeB ID=43590, Cell FDD TDD indication=CELL_FDD",Reliable,169.081,13.307
2026-04-11 04:00,60,"IMB_IBA_LA_PRIMAVERA_UL/Cell:eNodeB Function Name=IMB_IBA_LA_PRIMAVERA_L, Local Cell ID=7, Cell Name=IMB_IBA_LA_PRIMAVERA_APT_7, eNodeB ID=43590, Cell FDD TDD indication=CELL_FDD",Reliable,146.248,18.88
2026-04-11 04:00,60,"IMB_IBA_ALPACHACA_UL/Cell:eNodeB Function Name=IMB_IBA_ALPACHACA_L, Local Cell ID=9, Cell Name=IMB_IBA_ALPACHACA_APT_9, eNodeB ID=43614, Cell FDD TDD indication=CELL_FDD",Reliable,400.156,21.077
2026-04-11 04:00,60,"IMB_IBA_ALPACHACA_UL/Cell:eNodeB Function Name=IMB_IBA_ALPACHACA_L, Local Cell ID=8, Cell Name=IMB_IBA_ALPACHACA_APT_8, eNodeB ID=43614, Cell FDD TDD indication=CELL_FDD",Reliable,307.267,31.124
2026-04-11 04:00,60,"IMB_IBA_ALPACHACA_UL/Cell:eNodeB Function Name=IMB_IBA_ALPACHACA_L, Local Cell ID=7, Cell Name=IMB_IBA_ALPACHACA_APT_7, eNodeB ID=43614, Cell FDD TDD indication=CELL_FDD",Reliable,587.083,43.986
2026-04-11 04:00,60,"IMB_IBA_013_UL (YAHUARCOCHA)/Cell:eNodeB Function Name=IMB_IBA_YAHUARCOCHA_L, Local Cell ID=9, Cell Name=IMB_IBA_YAHUARCOCHA_APT_9, eNodeB ID=43617, Cell FDD TDD indication=CELL_FDD",Reliable,2.981,0.192
2026-04-11 04:00,60,"IMB_IBA_013_UL (YAHUARCOCHA)/Cell:eNodeB Function Name=IMB_IBA_YAHUARCOCHA_L, Local Cell ID=8, Cell Name=IMB_IBA_YAHUARCOCHA_APT_8, eNodeB ID=43617, Cell FDD TDD indication=CELL_FDD",Reliable,135.128,9.852
2026-04-11 04:00,60,"IMB_IBA_013_UL (YAHUARCOCHA)/Cell:eNodeB Function Name=IMB_IBA_YAHUARCOCHA_L, Local Cell ID=7, Cell Name=IMB_IBA_YAHUARCOCHA_APT_7, eNodeB ID=43617, Cell FDD TDD indication=CELL_FDD",Reliable,27.622,3.004
2026-04-11 04:00,60,"IMB_IBA_YANAHURCO_UL/Cell:eNodeB Function Name=IMB_IBA_YANAHURCO_L, Local Cell ID=9, Cell Name=IMB_IBA_YANAHURCO_APT_9, eNodeB ID=43566, Cell FDD TDD indication=CELL_FDD",Reliable,81.296,10.735
2026-04-11 04:00,60,"IMB_IBA_YANAHURCO_UL/Cell:eNodeB Function Name=IMB_IBA_YANAHURCO_L, Local Cell ID=8, Cell Name=IMB_IBA_YANAHURCO_APT_8, eNodeB ID=43566, Cell FDD TDD indication=CELL_FDD",Reliable,204.585,14.873
2026-04-11 04:00,60,"IMB_IBA_YANAHURCO_UL/Cell:eNodeB Function Name=IMB_IBA_YANAHURCO_L, Local Cell ID=7, Cell Name=IMB_IBA_YANAHURCO_APT_7, eNodeB ID=43566, Cell FDD TDD indication=CELL_FDD",Reliable,105.015,39.584
2026-04-11 04:00,60,"STD_STD_CHOFER_2_UL/Cell:eNodeB Function Name=STD_STD_CHOFER_2_L, Local Cell ID=9, Cell Name=STD_STD_CHOFER_2_APT_9, eNodeB ID=43663, Cell FDD TDD indication=CELL_FDD",Reliable,495.912,79.09
2026-04-11 04:00,60,"STD_STD_CHOFER_2_UL/Cell:eNodeB Function Name=STD_STD_CHOFER_2_L, Local Cell ID=8, Cell Name=STD_STD_CHOFER_2_APT_8, eNodeB ID=43663, Cell FDD TDD indication=CELL_FDD",Reliable,0.001,0.015
2026-04-11 04:00,60,"STD_STD_CHOFER_2_UL/Cell:eNodeB Function Name=STD_STD_CHOFER_2_L, Local Cell ID=7, Cell Name=STD_STD_CHOFER_2_APT_7, eNodeB ID=43663, Cell FDD TDD indication=CELL_FDD",Reliable,0.047,0.581
2026-04-11 04:00,60,"PAS_PUY_LOJA_UL/Cell:eNodeB Function Name=PAS_PUY_LOJA_L, Local Cell ID=9, Cell Name=PAS_PUY_LOJA_L7_9, eNodeB ID=43613, Cell FDD TDD indication=CELL_FDD",Reliable,404.156,21.565
2026-04-11 04:00,60,"PAS_PUY_LOJA_UL/Cell:eNodeB Function Name=PAS_PUY_LOJA_L, Local Cell ID=8, Cell Name=PAS_PUY_LOJA_L7_8, eNodeB ID=43613, Cell FDD TDD indication=CELL_FDD",Reliable,11.276,46.617
2026-04-11 04:00,60,"PAS_PUY_LOJA_UL/Cell:eNodeB Function Name=PAS_PUY_LOJA_L, Local Cell ID=7, Cell Name=PAS_PUY_LOJA_L7_7, eNodeB ID=43613, Cell FDD TDD indication=CELL_FDD",Reliable,396.992,20.032
2026-04-11 04:00,60,"PAS_PUY_LOJA_UL/Cell:eNodeB Function Name=PAS_PUY_LOJA_L, Local Cell ID=2, Cell Name=PAS_PUY_LOJA_L21_2, eNodeB ID=43613, Cell FDD TDD indication=CELL_FDD",Reliable,125.713,12.827
2026-04-11 04:00,60,"PAS_PUY_LOJA_UL/Cell:eNodeB Function Name=PAS_PUY_LOJA_L, Local Cell ID=3, Cell Name=PAS_PUY_LOJA_L21_3, eNodeB ID=43613, Cell FDD TDD indication=CELL_FDD",Reliable,28.691,8.117
2026-04-11 04:00,60,"PAS_PUY_LOJA_UL/Cell:eNodeB Function Name=PAS_PUY_LOJA_L, Local Cell ID=1, Cell Name=PAS_PUY_LOJA_L21_1, eNodeB ID=43613, Cell FDD TDD indication=CELL_FDD",Reliable,606.011,35.317
2026-04-11 04:00,60,"STD_STD_SAN_RAFAEL_UL/Cell:eNodeB Function Name=STD_STD_SAN_RAFAEL_L, Local Cell ID=9, Cell Name=STD_STD_SAN_RAFAEL_APT_9, eNodeB ID=43536, Cell FDD TDD indication=CELL_FDD",Reliable,22.928,2.322
2026-04-11 04:00,60,"STD_STD_SAN_RAFAEL_UL/Cell:eNodeB Function Name=STD_STD_SAN_RAFAEL_L, Local Cell ID=8, Cell Name=STD_STD_SAN_RAFAEL_APT_8, eNodeB ID=43536, Cell FDD TDD indication=CELL_FDD",Reliable,7.16,6.335
2026-04-11 04:00,60,"STD_STD_SAN_RAFAEL_UL/Cell:eNodeB Function Name=STD_STD_SAN_RAFAEL_L, Local Cell ID=7, Cell Name=STD_STD_SAN_RAFAEL_APT_7, eNodeB ID=43536, Cell FDD TDD indication=CELL_FDD",Reliable,102.375,36.681
2026-04-11 04:00,60,"IMB_IBA_BOLA_AMARILLA_UL/Cell:eNodeB Function Name=IMB_IBA_BOLA_AMARILLA_L, Local Cell ID=9, Cell Name=IMB_IBA_BOLA_AMARILLA_APT_9, eNodeB ID=43567, Cell FDD TDD indication=CELL_FDD",Reliable,440.504,45.741
2026-04-11 04:00,60,"IMB_IBA_BOLA_AMARILLA_UL/Cell:eNodeB Function Name=IMB_IBA_BOLA_AMARILLA_L, Local Cell ID=8, Cell Name=IMB_IBA_BOLA_AMARILLA_APT_8, eNodeB ID=43567, Cell FDD TDD indication=CELL_FDD",Reliable,423.853,177.254
2026-04-11 04:00,60,"IMB_IBA_BOLA_AMARILLA_UL/Cell:eNodeB Function Name=IMB_IBA_BOLA_AMARILLA_L, Local Cell ID=7, Cell Name=IMB_IBA_BOLA_AMARILLA_APT_7, eNodeB ID=43567, Cell FDD TDD indication=CELL_FDD",Reliable,215.345,21.439
2026-04-11 04:00,60,"STD_STD_QUINCHES_UL/Cell:eNodeB Function Name=STD_STD_QUINCHES_L, Local Cell ID=9, Cell Name=STD_STD_QUINCHES_APT_9, eNodeB ID=43568, Cell FDD TDD indication=CELL_FDD",Reliable,14.561,9.198
2026-04-11 04:00,60,"STD_STD_QUINCHES_UL/Cell:eNodeB Function Name=STD_STD_QUINCHES_L, Local Cell ID=8, Cell Name=STD_STD_QUINCHES_APT_8, eNodeB ID=43568, Cell FDD TDD indication=CELL_FDD",Reliable,91.234,33.928
2026-04-11 04:00,60,"STD_STD_QUINCHES_UL/Cell:eNodeB Function Name=STD_STD_QUINCHES_L, Local Cell ID=7, Cell Name=STD_STD_QUINCHES_APT_7, eNodeB ID=43568, Cell FDD TDD indication=CELL_FDD",Reliable,368.859,49.826
2026-04-11 04:00,60,"TUN_AMB_LA_MADRE_ULN/Cell:eNodeB Function Name=TUN_AMB_LA_MADRE_L, Local Cell ID=8, Cell Name=TUN_AMB_LA_MADRE_APT_8, eNodeB ID=43538, Cell FDD TDD indication=CELL_FDD",Reliable,140.091,13.695
2026-04-11 04:00,60,"TUN_AMB_LA_MADRE_ULN/Cell:eNodeB Function Name=TUN_AMB_LA_MADRE_L, Local Cell ID=7, Cell Name=TUN_AMB_LA_MADRE_APT_7, eNodeB ID=43538, Cell FDD TDD indication=CELL_FDD",Reliable,655.796,14.251
2026-04-11 04:00,60,"TUN_AMB_AYLLON_UL/Cell:eNodeB Function Name=TUN_AMB_AYLLON_L, Local Cell ID=9, Cell Name=TUN_AMB_AYLLON_APT_9, eNodeB ID=43575, Cell FDD TDD indication=CELL_FDD",Reliable,238.754,26.18
2026-04-11 04:00,60,"TUN_AMB_AYLLON_UL/Cell:eNodeB Function Name=TUN_AMB_AYLLON_L, Local Cell ID=8, Cell Name=TUN_AMB_AYLLON_APT_8, eNodeB ID=43575, Cell FDD TDD indication=CELL_FDD",Reliable,147.964,17.229
2026-04-11 04:00,60,"TUN_AMB_AYLLON_UL/Cell:eNodeB Function Name=TUN_AMB_AYLLON_L, Local Cell ID=7, Cell Name=TUN_AMB_AYLLON_APT_7, eNodeB ID=43575, Cell FDD TDD indication=CELL_FDD",Reliable,1104.977,77.809
2026-04-11 04:00,60,"CAR_TUL_NORTE_UL/Cell:eNodeB Function Name=CAR_TUL_NORTE_L, Local Cell ID=9, Cell Name=CAR_TUL_NORTE_APT_9, eNodeB ID=43530, Cell FDD TDD indication=CELL_FDD",Reliable,250.857,18.994
2026-04-11 04:00,60,"CAR_TUL_NORTE_UL/Cell:eNodeB Function Name=CAR_TUL_NORTE_L, Local Cell ID=8, Cell Name=CAR_TUL_NORTE_APT_8, eNodeB ID=43530, Cell FDD TDD indication=CELL_FDD",Reliable,389.317,37.641
2026-04-11 04:00,60,"CAR_TUL_NORTE_UL/Cell:eNodeB Function Name=CAR_TUL_NORTE_L, Local Cell ID=7, Cell Name=CAR_TUL_NORTE_APT_7, eNodeB ID=43530, Cell FDD TDD indication=CELL_FDD",Reliable,541.898,26.051
2026-04-11 04:00,60,"TUN_PIL_COLEGIO_JORGE_ALVAREZ_UL/Cell:eNodeB Function Name=TUN_PIL_COLEGIO_JORGE_ALVAREZ_L, Local Cell ID=9, Cell Name=TUN_PIL_COLEGIO_JORGE_ALVAREZ_APT_9, eNodeB ID=43611, Cell FDD TDD indication=CELL_FDD",Reliable,99.822,13.071
2026-04-11 04:00,60,"TUN_PIL_COLEGIO_JORGE_ALVAREZ_UL/Cell:eNodeB Function Name=TUN_PIL_COLEGIO_JORGE_ALVAREZ_L, Local Cell ID=8, Cell Name=TUN_PIL_COLEGIO_JORGE_ALVAREZ_APT_8, eNodeB ID=43611, Cell FDD TDD indication=CELL_FDD",Reliable,571.562,297.312
2026-04-11 04:00,60,"TUN_PIL_COLEGIO_JORGE_ALVAREZ_UL/Cell:eNodeB Function Name=TUN_PIL_COLEGIO_JORGE_ALVAREZ_L, Local Cell ID=7, Cell Name=TUN_PIL_COLEGIO_JORGE_ALVAREZ_APT_7, eNodeB ID=43611, Cell FDD TDD indication=CELL_FDD",Reliable,461.352,96.291
2026-04-11 04:00,60,"TUN_AMB_JUAN_LEON_MERA_UL/Cell:eNodeB Function Name=TUN_AMB_JUAN_LEON_MERA_L, Local Cell ID=9, Cell Name=TUN_AMB_JUAN_LEON_MERA_APT_9, eNodeB ID=43593, Cell FDD TDD indication=CELL_FDD",Reliable,289.003,17.718
2026-04-11 04:00,60,"TUN_AMB_JUAN_LEON_MERA_UL/Cell:eNodeB Function Name=TUN_AMB_JUAN_LEON_MERA_L, Local Cell ID=8, Cell Name=TUN_AMB_JUAN_LEON_MERA_APT_8, eNodeB ID=43593, Cell FDD TDD indication=CELL_FDD",Reliable,750.226,46.38
2026-04-11 04:00,60,"TUN_AMB_JUAN_LEON_MERA_UL/Cell:eNodeB Function Name=TUN_AMB_JUAN_LEON_MERA_L, Local Cell ID=7, Cell Name=TUN_AMB_JUAN_LEON_MERA_APT_7, eNodeB ID=43593, Cell FDD TDD indication=CELL_FDD",Reliable,182.307,11.899
2026-04-11 04:00,60,"PIC_UIO_LLANO_CHICO_UL/Cell:eNodeB Function Name=PIC_UIO_LLANO_CHICO_L, Local Cell ID=7, Cell Name=PIC_UIO_LLANO_CHICO_L7_7, eNodeB ID=44149, Cell FDD TDD indication=CELL_FDD",Reliable,144.486,13.807
2026-04-11 04:00,60,"PIC_UIO_LLANO_CHICO_UL/Cell:eNodeB Function Name=PIC_UIO_LLANO_CHICO_L, Local Cell ID=8, Cell Name=PIC_UIO_LLANO_CHICO_L7_8, eNodeB ID=44149, Cell FDD TDD indication=CELL_FDD",Reliable,407.74,51.406
2026-04-11 04:00,60,"PIC_UIO_LLANO_CHICO_UL/Cell:eNodeB Function Name=PIC_UIO_LLANO_CHICO_L, Local Cell ID=9, Cell Name=PIC_UIO_LLANO_CHICO_L7_9, eNodeB ID=44149, Cell FDD TDD indication=CELL_FDD",Reliable,835.175,62.336
2026-04-11 04:00,60,"L_GUA11069_BELLAVISTA_NORTE/Cell:eNodeB Function Name=L_GUA11069_BELLAVISTA_NORTE, Local Cell ID=9, Cell Name=L_GUA11069_BELLAVISTA_NORTE_9, eNodeB ID=11069, Cell FDD TDD indication=CELL_FDD",Reliable,33.671,6.334
2026-04-11 04:00,60,"L_GUA11069_BELLAVISTA_NORTE/Cell:eNodeB Function Name=L_GUA11069_BELLAVISTA_NORTE, Local Cell ID=8, Cell Name=L_GUA11069_BELLAVISTA_NORTE_8, eNodeB ID=11069, Cell FDD TDD indication=CELL_FDD",Reliable,8.827,11.238
2026-04-11 04:00,60,"L_GUA11069_BELLAVISTA_NORTE/Cell:eNodeB Function Name=L_GUA11069_BELLAVISTA_NORTE, Local Cell ID=7, Cell Name=L_GUA11069_BELLAVISTA_NORTE_7, eNodeB ID=11069, Cell FDD TDD indication=CELL_FDD",Reliable,753.06,57.841
2026-04-11 04:00,60,"L_GUA11069_BELLAVISTA_NORTE/Cell:eNodeB Function Name=L_GUA11069_BELLAVISTA_NORTE, Local Cell ID=3, Cell Name=L_GUA11069_BELLAVISTA_NORTE_3, eNodeB ID=11069, Cell FDD TDD indication=CELL_FDD",Reliable,340.153,31.205
2026-04-11 04:00,60,"L_GUA11069_BELLAVISTA_NORTE/Cell:eNodeB Function Name=L_GUA11069_BELLAVISTA_NORTE, Local Cell ID=2, Cell Name=L_GUA11069_BELLAVISTA_NORTE_2, eNodeB ID=11069, Cell FDD TDD indication=CELL_FDD",Reliable,346.43,13.708
2026-04-11 04:00,60,"L_GUA11069_BELLAVISTA_NORTE/Cell:eNodeB Function Name=L_GUA11069_BELLAVISTA_NORTE, Local Cell ID=1, Cell Name=L_GUA11069_BELLAVISTA_NORTE_1, eNodeB ID=11069, Cell FDD TDD indication=CELL_FDD",Reliable,33.556,11.085
2026-04-11 04:00,60,"L_GUA11098_SALADO_OESTE/Cell:eNodeB Function Name=L_GUA11098_SALADO_OESTE, Local Cell ID=9, Cell Name=L_GUA11098_SALADO_OESTE_9, eNodeB ID=11098, Cell FDD TDD indication=CELL_FDD",Reliable,25.831,4.353
2026-04-11 04:00,60,"L_GUA11098_SALADO_OESTE/Cell:eNodeB Function Name=L_GUA11098_SALADO_OESTE, Local Cell ID=8, Cell Name=L_GUA11098_SALADO_OESTE_8, eNodeB ID=11098, Cell FDD TDD indication=CELL_FDD",Reliable,0.38,0.421
2026-04-11 04:00,60,"L_GUA11098_SALADO_OESTE/Cell:eNodeB Function Name=L_GUA11098_SALADO_OESTE, Local Cell ID=7, Cell Name=L_GUA11098_SALADO_OESTE_7, eNodeB ID=11098, Cell FDD TDD indication=CELL_FDD",Reliable,31.286,2.094
2026-04-11 04:00,60,"L_GUA11098_SALADO_OESTE/Cell:eNodeB Function Name=L_GUA11098_SALADO_OESTE, Local Cell ID=3, Cell Name=L_GUA11098_SALADO_OESTE_3, eNodeB ID=11098, Cell FDD TDD indication=CELL_FDD",Reliable,173.559,112.835
2026-04-11 04:00,60,"L_GUA11098_SALADO_OESTE/Cell:eNodeB Function Name=L_GUA11098_SALADO_OESTE, Local Cell ID=2, Cell Name=L_GUA11098_SALADO_OESTE_2, eNodeB ID=11098, Cell FDD TDD indication=CELL_FDD",Unreliable,0,0
2026-04-11 04:00,60,"L_GUA11098_SALADO_OESTE/Cell:eNodeB Function Name=L_GUA11098_SALADO_OESTE, Local Cell ID=1, Cell Name=L_GUA11098_SALADO_OESTE_1, eNodeB ID=11098, Cell FDD TDD indication=CELL_FDD",Reliable,17.032,4.563
2026-04-11 04:00,60,"L_GUA11136_CISNE_NORTE/Cell:eNodeB Function Name=L_GUA11136_CISNE_NORTE, Local Cell ID=9, Cell Name=L_GUA11136_CISNE_NORTE_9, eNodeB ID=11136, Cell FDD TDD indication=CELL_FDD",Reliable,3.219,3.079
2026-04-11 04:00,60,"L_GUA11136_CISNE_NORTE/Cell:eNodeB Function Name=L_GUA11136_CISNE_NORTE, Local Cell ID=8, Cell Name=L_GUA11136_CISNE_NORTE_8, eNodeB ID=11136, Cell FDD TDD indication=CELL_FDD",Reliable,53.904,5.303
2026-04-11 04:00,60,"L_GUA11136_CISNE_NORTE/Cell:eNodeB Function Name=L_GUA11136_CISNE_NORTE, Local Cell ID=7, Cell Name=L_GUA11136_CISNE_NORTE_7, eNodeB ID=11136, Cell FDD TDD indication=CELL_FDD",Reliable,0.081,0.2
2026-04-11 04:00,60,"L_GUA11136_CISNE_NORTE/Cell:eNodeB Function Name=L_GUA11136_CISNE_NORTE, Local Cell ID=3, Cell Name=L_GUA11136_CISNE_NORTE_3, eNodeB ID=11136, Cell FDD TDD indication=CELL_FDD",Reliable,99.257,7.903
2026-04-11 04:00,60,"L_GUA11136_CISNE_NORTE/Cell:eNodeB Function Name=L_GUA11136_CISNE_NORTE, Local Cell ID=2, Cell Name=L_GUA11136_CISNE_NORTE_2, eNodeB ID=11136, Cell FDD TDD indication=CELL_FDD",Reliable,47.48,24.735
2026-04-11 04:00,60,"L_GUA11136_CISNE_NORTE/Cell:eNodeB Function Name=L_GUA11136_CISNE_NORTE, Local Cell ID=1, Cell Name=L_GUA11136_CISNE_NORTE_1, eNodeB ID=11136, Cell FDD TDD indication=CELL_FDD",Reliable,83.489,11.002
2026-04-11 04:00,60,"PIC_UIO_MARIANO_POZO_UL/Cell:eNodeB Function Name=PIC_UIO_MARIANO_POZO_L, Local Cell ID=7, Cell Name=PIC_UIO_MARIANO_POZO_APT_7, eNodeB ID=43550, Cell FDD TDD indication=CELL_FDD",Reliable,466.79,43.581
2026-04-11 04:00,60,"PIC_UIO_MARIANO_POZO_UL/Cell:eNodeB Function Name=PIC_UIO_MARIANO_POZO_L, Local Cell ID=8, Cell Name=PIC_UIO_MARIANO_POZO_APT_8, eNodeB ID=43550, Cell FDD TDD indication=CELL_FDD",Reliable,5.88,2.098
2026-04-11 04:00,60,"PIC_UIO_MARIANO_POZO_UL/Cell:eNodeB Function Name=PIC_UIO_MARIANO_POZO_L, Local Cell ID=9, Cell Name=PIC_UIO_MARIANO_POZO_APT_9, eNodeB ID=43550, Cell FDD TDD indication=CELL_FDD",Reliable,335.143,29.88
2026-04-11 04:00,60,"PIC_UIO_UYUMBICHO_UL/Cell:eNodeB Function Name=PIC_UIO_UYUMBICHO_L, Local Cell ID=7, Cell Name=PIC_UIO_UYUMBICHO_L7_7, eNodeB ID=44278, Cell FDD TDD indication=CELL_FDD",Reliable,456.492,56.171
2026-04-11 04:00,60,"PIC_UIO_UYUMBICHO_UL/Cell:eNodeB Function Name=PIC_UIO_UYUMBICHO_L, Local Cell ID=8, Cell Name=PIC_UIO_UYUMBICHO_L7_8, eNodeB ID=44278, Cell FDD TDD indication=CELL_FDD",Reliable,409.352,59.6
2026-04-11 04:00,60,"PIC_UIO_UYUMBICHO_UL/Cell:eNodeB Function Name=PIC_UIO_UYUMBICHO_L, Local Cell ID=9, Cell Name=PIC_UIO_UYUMBICHO_L7_9, eNodeB ID=44278, Cell FDD TDD indication=CELL_FDD",Reliable,63.641,19.804
2026-04-11 04:00,60,"PIC_MEJ_MACHACHI_UL/Cell:eNodeB Function Name=PIC_MEJ_MACHACHI_L, Local Cell ID=7, Cell Name=PIC_MEJ_MACHACHI_L7_7, eNodeB ID=44402, Cell FDD TDD indication=CELL_FDD",Reliable,457.719,182.23
2026-04-11 04:00,60,"PIC_MEJ_MACHACHI_UL/Cell:eNodeB Function Name=PIC_MEJ_MACHACHI_L, Local Cell ID=8, Cell Name=PIC_MEJ_MACHACHI_L7_8, eNodeB ID=44402, Cell FDD TDD indication=CELL_FDD",Reliable,1241.864,145.52
2026-04-11 04:00,60,"PIC_MEJ_MACHACHI_UL/Cell:eNodeB Function Name=PIC_MEJ_MACHACHI_L, Local Cell ID=9, Cell Name=PIC_MEJ_MACHACHI_L7_9, eNodeB ID=44402, Cell FDD TDD indication=CELL_FDD",Reliable,636.552,35.751
2026-04-11 04:00,60,"IMB_COT_COTACACHI(3G)_UL/Cell:eNodeB Function Name=IMB_COT_COTACACHI_L, Local Cell ID=7, Cell Name=IMB_COT_COTACACHI_APT_7, eNodeB ID=44735, Cell FDD TDD indication=CELL_FDD",Reliable,437.028,62.346
2026-04-11 04:00,60,"IMB_COT_COTACACHI(3G)_UL/Cell:eNodeB Function Name=IMB_COT_COTACACHI_L, Local Cell ID=8, Cell Name=IMB_COT_COTACACHI_APT_8, eNodeB ID=44735, Cell FDD TDD indication=CELL_FDD",Reliable,533.009,55.187
2026-04-11 04:00,60,"IMB_COT_COTACACHI(3G)_UL/Cell:eNodeB Function Name=IMB_COT_COTACACHI_L, Local Cell ID=9, Cell Name=IMB_COT_COTACACHI_APT_9, eNodeB ID=44735, Cell FDD TDD indication=CELL_FDD",Reliable,975.708,228.356
2026-04-11 04:00,60,"PIC_UIO_AMAGUANA_UL/Cell:eNodeB Function Name=PIC_UIO_AMAGUANA_L, Local Cell ID=7, Cell Name=PIC_UIO_AMAGUANA_L7_7, eNodeB ID=44055, Cell FDD TDD indication=CELL_FDD",Reliable,283.662,29.988
2026-04-11 04:00,60,"PIC_UIO_AMAGUANA_UL/Cell:eNodeB Function Name=PIC_UIO_AMAGUANA_L, Local Cell ID=8, Cell Name=PIC_UIO_AMAGUANA_L7_8, eNodeB ID=44055, Cell FDD TDD indication=CELL_FDD",Reliable,196.905,24.273
2026-04-11 04:00,60,"PIC_UIO_AMAGUANA_UL/Cell:eNodeB Function Name=PIC_UIO_AMAGUANA_L, Local Cell ID=9, Cell Name=PIC_UIO_AMAGUANA_L7_9, eNodeB ID=44055, Cell FDD TDD indication=CELL_FDD",Reliable,400.916,28.22
2026-04-11 04:00,60,"PIC_UIO_GUAMANI_UL/Cell:eNodeB Function Name=PIC_UIO_GUAMANI_L, Local Cell ID=7, Cell Name=PIC_UIO_GUAMANI_L7_7, eNodeB ID=44004, Cell FDD TDD indication=CELL_FDD",Reliable,708.403,38.539
2026-04-11 04:00,60,"PIC_UIO_GUAMANI_UL/Cell:eNodeB Function Name=PIC_UIO_GUAMANI_L, Local Cell ID=8, Cell Name=PIC_UIO_GUAMANI_L7_8, eNodeB ID=44004, Cell FDD TDD indication=CELL_FDD",Reliable,555.312,46.024
2026-04-11 04:00,60,"PIC_UIO_GUAMANI_UL/Cell:eNodeB Function Name=PIC_UIO_GUAMANI_L, Local Cell ID=9, Cell Name=PIC_UIO_GUAMANI_L7_9, eNodeB ID=44004, Cell FDD TDD indication=CELL_FDD",Reliable,796.276,41.534
2026-04-11 04:00,60,"STD_STD_PUERTO_LIMON_UL/Cell:eNodeB Function Name=STD_STD_PUERTO_LIMON_L, Local Cell ID=7, Cell Name=STD_STD_PUERTO_LIMON_APT_7, eNodeB ID=44787, Cell FDD TDD indication=CELL_FDD",Reliable,5.713,4.081
2026-04-11 04:00,60,"STD_STD_PUERTO_LIMON_UL/Cell:eNodeB Function Name=STD_STD_PUERTO_LIMON_L, Local Cell ID=8, Cell Name=STD_STD_PUERTO_LIMON_APT_8, eNodeB ID=44787, Cell FDD TDD indication=CELL_FDD",Reliable,0.945,2.468
2026-04-11 04:00,60,"STD_STD_PUERTO_LIMON_UL/Cell:eNodeB Function Name=STD_STD_PUERTO_LIMON_L, Local Cell ID=9, Cell Name=STD_STD_PUERTO_LIMON_APT_9, eNodeB ID=44787, Cell FDD TDD indication=CELL_FDD",Reliable,151.945,11.177
2026-04-11 04:00,60,"STD_CON_LA_CONCORDIA_UL/Cell:eNodeB Function Name=STD_CON_LA_CONCORDIA_L, Local Cell ID=7, Cell Name=STD_CON_LA_CONCORDIA_APT_7, eNodeB ID=44792, Cell FDD TDD indication=CELL_FDD",Reliable,112.834,17.563
2026-04-11 04:00,60,"STD_CON_LA_CONCORDIA_UL/Cell:eNodeB Function Name=STD_CON_LA_CONCORDIA_L, Local Cell ID=8, Cell Name=STD_CON_LA_CONCORDIA_APT_8, eNodeB ID=44792, Cell FDD TDD indication=CELL_FDD",Reliable,733.194,36.042
2026-04-11 04:00,60,"STD_CON_LA_CONCORDIA_UL/Cell:eNodeB Function Name=STD_CON_LA_CONCORDIA_L, Local Cell ID=9, Cell Name=STD_CON_LA_CONCORDIA_APT_9, eNodeB ID=44792, Cell FDD TDD indication=CELL_FDD",Reliable,427.749,12.033
2026-04-11 04:00,60,"STD_STD_SD_BOMBOLI_UL/Cell:eNodeB Function Name=STD_STD_SD_BOMBOLI_L, Local Cell ID=7, Cell Name=STD_STD_SD_BOMBOLI_APT_7, eNodeB ID=44762, Cell FDD TDD indication=CELL_FDD",Reliable,244.746,86.457
2026-04-11 04:00,60,"STD_STD_SD_BOMBOLI_UL/Cell:eNodeB Function Name=STD_STD_SD_BOMBOLI_L, Local Cell ID=8, Cell Name=STD_STD_SD_BOMBOLI_APT_8, eNodeB ID=44762, Cell FDD TDD indication=CELL_FDD",Reliable,33.463,22.368
2026-04-11 04:00,60,"STD_STD_SD_BOMBOLI_UL/Cell:eNodeB Function Name=STD_STD_SD_BOMBOLI_L, Local Cell ID=9, Cell Name=STD_STD_SD_BOMBOLI_APT_9, eNodeB ID=44762, Cell FDD TDD indication=CELL_FDD",Reliable,228.481,227.251
2026-04-11 04:00,60,"PIC_CAY_CAYAMBE_CNT_UL/Cell:eNodeB Function Name=PIC_CAY_CAYAMBE_CNT_L, Local Cell ID=7, Cell Name=PIC_CAY_CAYAMBE_CNT_APT_7, eNodeB ID=44410, Cell FDD TDD indication=CELL_FDD",Reliable,155.417,16.771
2026-04-11 04:00,60,"PIC_CAY_CAYAMBE_CNT_UL/Cell:eNodeB Function Name=PIC_CAY_CAYAMBE_CNT_L, Local Cell ID=8, Cell Name=PIC_CAY_CAYAMBE_CNT_APT_8, eNodeB ID=44410, Cell FDD TDD indication=CELL_FDD",Reliable,176.239,14.654
2026-04-11 04:00,60,"PIC_CAY_CAYAMBE_CNT_UL/Cell:eNodeB Function Name=PIC_CAY_CAYAMBE_CNT_L, Local Cell ID=9, Cell Name=PIC_CAY_CAYAMBE_CNT_APT_9, eNodeB ID=44410, Cell FDD TDD indication=CELL_FDD",Reliable,155.474,22.665
2026-04-11 04:00,60,"IMB_GON_CAJAS_UL/Cell:eNodeB Function Name=IMB_GON_CAJAS_L, Local Cell ID=7, Cell Name=IMB_GON_CAJAS_APT_7, eNodeB ID=44752, Cell FDD TDD indication=CELL_FDD",Reliable,521.142,30.37
2026-04-11 04:00,60,"IMB_GON_CAJAS_UL/Cell:eNodeB Function Name=IMB_GON_CAJAS_L, Local Cell ID=8, Cell Name=IMB_GON_CAJAS_APT_8, eNodeB ID=44752, Cell FDD TDD indication=CELL_FDD",Reliable,1164.608,117.14
2026-04-11 04:00,60,"IMB_GON_CAJAS_UL/Cell:eNodeB Function Name=IMB_GON_CAJAS_L, Local Cell ID=9, Cell Name=IMB_GON_CAJAS_APT_9, eNodeB ID=44752, Cell FDD TDD indication=CELL_FDD",Reliable,1234.744,116.46
2026-04-11 04:00,60,"ORE_COC_PAYAMINO_UL/Cell:eNodeB Function Name=ORE_COC_PAYAMINO_L, Local Cell ID=9, Cell Name=ORE_COC_PAYAMINO_APT_9, eNodeB ID=43645, Cell FDD TDD indication=CELL_FDD",Reliable,33.477,11.845
2026-04-11 04:00,60,"ORE_COC_PAYAMINO_UL/Cell:eNodeB Function Name=ORE_COC_PAYAMINO_L, Local Cell ID=8, Cell Name=ORE_COC_PAYAMINO_APT_8, eNodeB ID=43645, Cell FDD TDD indication=CELL_FDD",Reliable,201.865,15.895
2026-04-11 04:00,60,"ORE_COC_PAYAMINO_UL/Cell:eNodeB Function Name=ORE_COC_PAYAMINO_L, Local Cell ID=7, Cell Name=ORE_COC_PAYAMINO_APT_7, eNodeB ID=43645, Cell FDD TDD indication=CELL_FDD",Reliable,461.947,46.498
2026-04-11 04:00,60,"PAS_PUY_U_ESTATAL_AMAZONICA_UL/Cell:eNodeB Function Name=PAS_PUY_U_ESTATAL_AMAZONICA_L, Local Cell ID=9, Cell Name=PAS_PUY_U_ESTATAL_AMAZONICA_APT_9, eNodeB ID=43647, Cell FDD TDD indication=CELL_FDD",Reliable,490.667,20.347
2026-04-11 04:00,60,"PAS_PUY_U_ESTATAL_AMAZONICA_UL/Cell:eNodeB Function Name=PAS_PUY_U_ESTATAL_AMAZONICA_L, Local Cell ID=8, Cell Name=PAS_PUY_U_ESTATAL_AMAZONICA_APT_8, eNodeB ID=43647, Cell FDD TDD indication=CELL_FDD",Reliable,12.45,7.098
2026-04-11 04:00,60,"PAS_PUY_U_ESTATAL_AMAZONICA_UL/Cell:eNodeB Function Name=PAS_PUY_U_ESTATAL_AMAZONICA_L, Local Cell ID=7, Cell Name=PAS_PUY_U_ESTATAL_AMAZONICA_APT_7, eNodeB ID=43647, Cell FDD TDD indication=CELL_FDD",Reliable,134.487,15.261
2026-04-11 04:00,60,"PAS_PUY_MARIN_UL/Cell:eNodeB Function Name=PAS_PUY_MARIN_L, Local Cell ID=9, Cell Name=PAS_PUY_MARIN_APT_9, eNodeB ID=43612, Cell FDD TDD indication=CELL_FDD",Reliable,1279.927,137.789
2026-04-11 04:00,60,"PAS_PUY_MARIN_UL/Cell:eNodeB Function Name=PAS_PUY_MARIN_L, Local Cell ID=8, Cell Name=PAS_PUY_MARIN_APT_8, eNodeB ID=43612, Cell FDD TDD indication=CELL_FDD",Reliable,329.135,37.091
2026-04-11 04:00,60,"PAS_PUY_MARIN_UL/Cell:eNodeB Function Name=PAS_PUY_MARIN_L, Local Cell ID=7, Cell Name=PAS_PUY_MARIN_APT_7, eNodeB ID=43612, Cell FDD TDD indication=CELL_FDD",Reliable,382.385,123.875
2026-04-11 04:00,60,"IMB_IBA_LA_FLORIDA_UL/Cell:eNodeB Function Name=IMB_IBA_LA_FLORIDA_L, Local Cell ID=9, Cell Name=IMB_IBA_LA_FLORIDA_APT_9, eNodeB ID=43589, Cell FDD TDD indication=CELL_FDD",Reliable,262.565,23.858
2026-04-11 04:00,60,"IMB_IBA_LA_FLORIDA_UL/Cell:eNodeB Function Name=IMB_IBA_LA_FLORIDA_L, Local Cell ID=8, Cell Name=IMB_IBA_LA_FLORIDA_APT_8, eNodeB ID=43589, Cell FDD TDD indication=CELL_FDD",Reliable,170.747,11.489
2026-04-11 04:00,60,"IMB_IBA_LA_FLORIDA_UL/Cell:eNodeB Function Name=IMB_IBA_LA_FLORIDA_L, Local Cell ID=7, Cell Name=IMB_IBA_LA_FLORIDA_APT_7, eNodeB ID=43589, Cell FDD TDD indication=CELL_FDD",Reliable,155.488,19.367
2026-04-11 04:00,60,"ORE_COC_TERMINAL_TERRESTRE_UL/Cell:eNodeB Function Name=ORE_COC_TERMINAL_TERRESTRE_L, Local Cell ID=9, Cell Name=ORE_COC_TERMINAL_TERRESTRE_APT_9, eNodeB ID=43643, Cell FDD TDD indication=CELL_FDD",Reliable,1523.63,159.445
2026-04-11 04:00,60,"ORE_COC_TERMINAL_TERRESTRE_UL/Cell:eNodeB Function Name=ORE_COC_TERMINAL_TERRESTRE_L, Local Cell ID=8, Cell Name=ORE_COC_TERMINAL_TERRESTRE_APT_8, eNodeB ID=43643, Cell FDD TDD indication=CELL_FDD",Reliable,275.418,21.332
2026-04-11 04:00,60,"ORE_COC_TERMINAL_TERRESTRE_UL/Cell:eNodeB Function Name=ORE_COC_TERMINAL_TERRESTRE_L, Local Cell ID=7, Cell Name=ORE_COC_TERMINAL_TERRESTRE_APT_7, eNodeB ID=43643, Cell FDD TDD indication=CELL_FDD",Reliable,1114.768,61.533
2026-04-11 04:00,60,"PIC_UIO_CICLISTA_UL/Cell:eNodeB Function Name=PIC_UIO_CICLISTA_L, Local Cell ID=9, Cell Name=PIC_UIO_CICLISTA_L7_9, eNodeB ID=43526, Cell FDD TDD indication=CELL_FDD",Reliable,179.474,8.522
2026-04-11 04:00,60,"PIC_UIO_CICLISTA_UL/Cell:eNodeB Function Name=PIC_UIO_CICLISTA_L, Local Cell ID=8, Cell Name=PIC_UIO_CICLISTA_L7_8, eNodeB ID=43526, Cell FDD TDD indication=CELL_FDD",Reliable,0.122,0.183
2026-04-11 04:00,60,"PIC_UIO_CICLISTA_UL/Cell:eNodeB Function Name=PIC_UIO_CICLISTA_L, Local Cell ID=7, Cell Name=PIC_UIO_CICLISTA_L7_7, eNodeB ID=43526, Cell FDD TDD indication=CELL_FDD",Reliable,21.908,8.59
2026-04-11 04:00,60,"PIC_UIO_FERNANDO_AYARZA_UL/Cell:eNodeB Function Name=PIC_UIO_FERNANDO_AYARZA_L, Local Cell ID=9, Cell Name=PIC_UIO_FERNANDO_AYARZA_APT_9, eNodeB ID=43602, Cell FDD TDD indication=CELL_FDD",Reliable,377.49,29.302
2026-04-11 04:00,60,"PIC_UIO_FERNANDO_AYARZA_UL/Cell:eNodeB Function Name=PIC_UIO_FERNANDO_AYARZA_L, Local Cell ID=8, Cell Name=PIC_UIO_FERNANDO_AYARZA_APT_8, eNodeB ID=43602, Cell FDD TDD indication=CELL_FDD",Reliable,22.064,3.833
2026-04-11 04:00,60,"PIC_UIO_FERNANDO_AYARZA_UL/Cell:eNodeB Function Name=PIC_UIO_FERNANDO_AYARZA_L, Local Cell ID=7, Cell Name=PIC_UIO_FERNANDO_AYARZA_APT_7, eNodeB ID=43602, Cell FDD TDD indication=CELL_FDD",Reliable,18.143,1.917
2026-04-11 04:00,60,"PIC_UIO_LA_PULIDA_UL/Cell:eNodeB Function Name=PIC_UIO_LA_PULIDA_L, Local Cell ID=9, Cell Name=PIC_UIO_LA_PULIDA_APT_9, eNodeB ID=43664, Cell FDD TDD indication=CELL_FDD",Reliable,168.411,25.189
2026-04-11 04:00,60,"PIC_UIO_LA_PULIDA_UL/Cell:eNodeB Function Name=PIC_UIO_LA_PULIDA_L, Local Cell ID=8, Cell Name=PIC_UIO_LA_PULIDA_APT_8, eNodeB ID=43664, Cell FDD TDD indication=CELL_FDD",Reliable,12.979,5.425
2026-04-11 04:00,60,"PIC_UIO_LA_PULIDA_UL/Cell:eNodeB Function Name=PIC_UIO_LA_PULIDA_L, Local Cell ID=7, Cell Name=PIC_UIO_LA_PULIDA_APT_7, eNodeB ID=43664, Cell FDD TDD indication=CELL_FDD",Reliable,199.875,22.007
2026-04-11 04:00,60,"STD_STD_SAN_GABRIEL_UL/Cell:eNodeB Function Name=STD_STD_SAN_GABRIEL_L, Local Cell ID=9, Cell Name=STD_STD_SAN_GABRIEL_APT_9, eNodeB ID=43638, Cell FDD TDD indication=CELL_FDD",Reliable,208.428,28.229
2026-04-11 04:00,60,"STD_STD_SAN_GABRIEL_UL/Cell:eNodeB Function Name=STD_STD_SAN_GABRIEL_L, Local Cell ID=8, Cell Name=STD_STD_SAN_GABRIEL_APT_8, eNodeB ID=43638, Cell FDD TDD indication=CELL_FDD",Reliable,13.775,10.206
2026-04-11 04:00,60,"STD_STD_SAN_GABRIEL_UL/Cell:eNodeB Function Name=STD_STD_SAN_GABRIEL_L, Local Cell ID=7, Cell Name=STD_STD_SAN_GABRIEL_APT_7, eNodeB ID=43638, Cell FDD TDD indication=CELL_FDD",Reliable,9.935,8.424
2026-04-11 04:00,60,"SUC_LAG_001_UL (LAGO SIMON BOLIVAR)/Cell:eNodeB Function Name=SUC_LAG_LAGO_SIMON_BOLIVAR_L, Local Cell ID=9, Cell Name=SUC_LAG_LAGO_SIMON_BOLIVAR_APT_9, eNodeB ID=43639, Cell FDD TDD indication=CELL_FDD",Reliable,1012.178,82.121
2026-04-11 04:00,60,"SUC_LAG_001_UL (LAGO SIMON BOLIVAR)/Cell:eNodeB Function Name=SUC_LAG_LAGO_SIMON_BOLIVAR_L, Local Cell ID=8, Cell Name=SUC_LAG_LAGO_SIMON_BOLIVAR_APT_8, eNodeB ID=43639, Cell FDD TDD indication=CELL_FDD",Reliable,714.512,55.768
2026-04-11 04:00,60,"SUC_LAG_001_UL (LAGO SIMON BOLIVAR)/Cell:eNodeB Function Name=SUC_LAG_LAGO_SIMON_BOLIVAR_L, Local Cell ID=7, Cell Name=SUC_LAG_LAGO_SIMON_BOLIVAR_APT_7, eNodeB ID=43639, Cell FDD TDD indication=CELL_FDD",Reliable,575.065,63.656
2026-04-11 04:00,60,"SUC_LAG_003_UL (LAGO PETRO)/Cell:eNodeB Function Name=SUC_LAG_LAGO_PETRO_L, Local Cell ID=9, Cell Name=SUC_LAG_LAGO_PETRO_APT_9, eNodeB ID=43641, Cell FDD TDD indication=CELL_FDD",Reliable,669.642,55.164
2026-04-11 04:00,60,"SUC_LAG_003_UL (LAGO PETRO)/Cell:eNodeB Function Name=SUC_LAG_LAGO_PETRO_L, Local Cell ID=8, Cell Name=SUC_LAG_LAGO_PETRO_APT_8, eNodeB ID=43641, Cell FDD TDD indication=CELL_FDD",Reliable,741.931,97.891
2026-04-11 04:00,60,"SUC_LAG_003_UL (LAGO PETRO)/Cell:eNodeB Function Name=SUC_LAG_LAGO_PETRO_L, Local Cell ID=7, Cell Name=SUC_LAG_LAGO_PETRO_APT_7, eNodeB ID=43641, Cell FDD TDD indication=CELL_FDD",Reliable,267.08,32.743
2026-04-11 04:00,60,"TUN_AMB_MINARICA_UL/Cell:eNodeB Function Name=TUN_AMB_MINARICA_L, Local Cell ID=9, Cell Name=TUN_AMB_MINARICA_APT_9, eNodeB ID=43572, Cell FDD TDD indication=CELL_FDD",Reliable,302.458,33.456
2026-04-11 04:00,60,"TUN_AMB_MINARICA_UL/Cell:eNodeB Function Name=TUN_AMB_MINARICA_L, Local Cell ID=8, Cell Name=TUN_AMB_MINARICA_APT_8, eNodeB ID=43572, Cell FDD TDD indication=CELL_FDD",Reliable,815.547,155.91
2026-04-11 04:00,60,"TUN_AMB_MINARICA_UL/Cell:eNodeB Function Name=TUN_AMB_MINARICA_L, Local Cell ID=7, Cell Name=TUN_AMB_MINARICA_APT_7, eNodeB ID=43572, Cell FDD TDD indication=CELL_FDD",Reliable,454.32,35.442
2026-04-11 04:00,60,"TUN_AMB_SAN_ANTONIO_UL/Cell:eNodeB Function Name=TUN_AMB_SAN_ANTONIO_L, Local Cell ID=9, Cell Name=TUN_AMB_SAN_ANTONIO_APT_9, eNodeB ID=43571, Cell FDD TDD indication=CELL_FDD",Reliable,42.444,6.619
2026-04-11 04:00,60,"TUN_AMB_SAN_ANTONIO_UL/Cell:eNodeB Function Name=TUN_AMB_SAN_ANTONIO_L, Local Cell ID=8, Cell Name=TUN_AMB_SAN_ANTONIO_APT_8, eNodeB ID=43571, Cell FDD TDD indication=CELL_FDD",Reliable,4.844,1.752
2026-04-11 04:00,60,"TUN_AMB_SAN_ANTONIO_UL/Cell:eNodeB Function Name=TUN_AMB_SAN_ANTONIO_L, Local Cell ID=7, Cell Name=TUN_AMB_SAN_ANTONIO_APT_7, eNodeB ID=43571, Cell FDD TDD indication=CELL_FDD",Reliable,251.461,366.972
2026-04-11 04:00,60,"TUN_AMB_HUACHI_GRANDE_UL/Cell:eNodeB Function Name=TUN_AMB_HUACHI_GRANDE_L, Local Cell ID=7, Cell Name=TUN_AMB_HUACHI_GRANDE_APT_7, eNodeB ID=44509, Cell FDD TDD indication=CELL_FDD",Reliable,644.771,39.286
2026-04-11 04:00,60,"TUN_AMB_HUACHI_GRANDE_UL/Cell:eNodeB Function Name=TUN_AMB_HUACHI_GRANDE_L, Local Cell ID=8, Cell Name=TUN_AMB_HUACHI_GRANDE_APT_8, eNodeB ID=44509, Cell FDD TDD indication=CELL_FDD",Reliable,325.57,32.675
2026-04-11 04:00,60,"TUN_AMB_HUACHI_GRANDE_UL/Cell:eNodeB Function Name=TUN_AMB_HUACHI_GRANDE_L, Local Cell ID=9, Cell Name=TUN_AMB_HUACHI_GRANDE_APT_9, eNodeB ID=44509, Cell FDD TDD indication=CELL_FDD",Reliable,243.859,25.469
2026-04-11 04:00,60,"IMB_IBA_EL_RETORNO_UL/Cell:eNodeB Function Name=IMB_IBA_EL_RETORNO_L, Local Cell ID=7, Cell Name=IMB_IBA_EL_RETORNO_APT_7, eNodeB ID=44753, Cell FDD TDD indication=CELL_FDD",Reliable,68.322,11.036
2026-04-11 04:00,60,"IMB_IBA_EL_RETORNO_UL/Cell:eNodeB Function Name=IMB_IBA_EL_RETORNO_L, Local Cell ID=8, Cell Name=IMB_IBA_EL_RETORNO_APT_8, eNodeB ID=44753, Cell FDD TDD indication=CELL_FDD",Reliable,330.518,16.139
2026-04-11 04:00,60,"IMB_IBA_EL_RETORNO_UL/Cell:eNodeB Function Name=IMB_IBA_EL_RETORNO_L, Local Cell ID=9, Cell Name=IMB_IBA_EL_RETORNO_APT_9, eNodeB ID=44753, Cell FDD TDD indication=CELL_FDD",Reliable,240.402,34.087
2026-04-11 04:00,60,"IMB_IBA_UTN_UL/Cell:eNodeB Function Name=IMB_IBA_UTN_L, Local Cell ID=7, Cell Name=IMB_IBA_UTN_APT_7, eNodeB ID=44754, Cell FDD TDD indication=CELL_FDD",Reliable,47.652,11.678
2026-04-11 04:00,60,"IMB_IBA_UTN_UL/Cell:eNodeB Function Name=IMB_IBA_UTN_L, Local Cell ID=8, Cell Name=IMB_IBA_UTN_APT_8, eNodeB ID=44754, Cell FDD TDD indication=CELL_FDD",Reliable,399.32,39.612
2026-04-11 04:00,60,"IMB_IBA_UTN_UL/Cell:eNodeB Function Name=IMB_IBA_UTN_L, Local Cell ID=9, Cell Name=IMB_IBA_UTN_APT_9, eNodeB ID=44754, Cell FDD TDD indication=CELL_FDD",Reliable,553.601,82.108
2026-04-11 04:00,60,"IMB_CHA_CHALTURA_UL/Cell:eNodeB Function Name=IMB_CHA_CHALTURA_L, Local Cell ID=7, Cell Name=IMB_CHA_CHALTURA_APT_7, eNodeB ID=44732, Cell FDD TDD indication=CELL_FDD",Reliable,521.763,46.243
2026-04-11 04:00,60,"IMB_CHA_CHALTURA_UL/Cell:eNodeB Function Name=IMB_CHA_CHALTURA_L, Local Cell ID=8, Cell Name=IMB_CHA_CHALTURA_APT_8, eNodeB ID=44732, Cell FDD TDD indication=CELL_FDD",Reliable,472.509,89.733
2026-04-11 04:00,60,"IMB_CHA_CHALTURA_UL/Cell:eNodeB Function Name=IMB_CHA_CHALTURA_L, Local Cell ID=9, Cell Name=IMB_CHA_CHALTURA_APT_9, eNodeB ID=44732, Cell FDD TDD indication=CELL_FDD",Reliable,278.639,27.736
2026-04-11 04:00,60,"IMB_ROQ_SAN_ROQUE_UL/Cell:eNodeB Function Name=IMB_ROQ_SAN_ROQUE_L, Local Cell ID=7, Cell Name=IMB_ROQ_SAN_ROQUE_APT_7, eNodeB ID=44734, Cell FDD TDD indication=CELL_FDD",Reliable,427.75,134.686
2026-04-11 04:00,60,"IMB_ROQ_SAN_ROQUE_UL/Cell:eNodeB Function Name=IMB_ROQ_SAN_ROQUE_L, Local Cell ID=8, Cell Name=IMB_ROQ_SAN_ROQUE_APT_8, eNodeB ID=44734, Cell FDD TDD indication=CELL_FDD",Reliable,310.407,40.237
2026-04-11 04:00,60,"IMB_ROQ_SAN_ROQUE_UL/Cell:eNodeB Function Name=IMB_ROQ_SAN_ROQUE_L, Local Cell ID=9, Cell Name=IMB_ROQ_SAN_ROQUE_APT_9, eNodeB ID=44734, Cell FDD TDD indication=CELL_FDD",Reliable,333.882,35.967
2026-04-11 04:00,60,"ORE_COC_COCA_SRI_UL/Cell:eNodeB Function Name=ORE_COC_COCA_SRI_L, Local Cell ID=7, Cell Name=ORE_COC_COCA_SRI_APT_7, eNodeB ID=44862, Cell FDD TDD indication=CELL_FDD",Reliable,448.157,54.855
2026-04-11 04:00,60,"ORE_COC_COCA_SRI_UL/Cell:eNodeB Function Name=ORE_COC_COCA_SRI_L, Local Cell ID=8, Cell Name=ORE_COC_COCA_SRI_APT_8, eNodeB ID=44862, Cell FDD TDD indication=CELL_FDD",Reliable,678.285,184.267
2026-04-11 04:00,60,"ORE_COC_COCA_SRI_UL/Cell:eNodeB Function Name=ORE_COC_COCA_SRI_L, Local Cell ID=9, Cell Name=ORE_COC_COCA_SRI_APT_9, eNodeB ID=44862, Cell FDD TDD indication=CELL_FDD",Reliable,1133.433,93.598
2026-04-11 04:00,60,"ORE_JOY_JOYA_DE_LOS_SACHAS_UL/Cell:eNodeB Function Name=ORE_JOY_JOYA_DE_LOS_SACHAS_L, Local Cell ID=7, Cell Name=ORE_JOY_JOYA_DE_LOS_SACHAS_L7_7, eNodeB ID=44863, Cell FDD TDD indication=CELL_FDD",Reliable,510.185,50.217
2026-04-11 04:00,60,"ORE_JOY_JOYA_DE_LOS_SACHAS_UL/Cell:eNodeB Function Name=ORE_JOY_JOYA_DE_LOS_SACHAS_L, Local Cell ID=8, Cell Name=ORE_JOY_JOYA_DE_LOS_SACHAS_L7_8, eNodeB ID=44863, Cell FDD TDD indication=CELL_FDD",Reliable,488.402,128.623
2026-04-11 04:00,60,"ORE_JOY_JOYA_DE_LOS_SACHAS_UL/Cell:eNodeB Function Name=ORE_JOY_JOYA_DE_LOS_SACHAS_L, Local Cell ID=9, Cell Name=ORE_JOY_JOYA_DE_LOS_SACHAS_L7_9, eNodeB ID=44863, Cell FDD TDD indication=CELL_FDD",Reliable,541.917,53.923
2026-04-11 04:00,60,"ORE_JOY_JOYA_DE_LOS_SACHAS_UL/Cell:eNodeB Function Name=ORE_JOY_JOYA_DE_LOS_SACHAS_L, Local Cell ID=1, Cell Name=ORE_JOY_JOYA_DE_LOS_SACHAS_L21_1, eNodeB ID=44863, Cell FDD TDD indication=CELL_FDD",Reliable,476.297,486.973
2026-04-11 04:00,60,"ORE_JOY_JOYA_DE_LOS_SACHAS_UL/Cell:eNodeB Function Name=ORE_JOY_JOYA_DE_LOS_SACHAS_L, Local Cell ID=2, Cell Name=ORE_JOY_JOYA_DE_LOS_SACHAS_L21_2, eNodeB ID=44863, Cell FDD TDD indication=CELL_FDD",Reliable,591.008,61.814
2026-04-11 04:00,60,"ORE_JOY_JOYA_DE_LOS_SACHAS_UL/Cell:eNodeB Function Name=ORE_JOY_JOYA_DE_LOS_SACHAS_L, Local Cell ID=3, Cell Name=ORE_JOY_JOYA_DE_LOS_SACHAS_L21_3, eNodeB ID=44863, Cell FDD TDD indication=CELL_FDD",Reliable,690.515,47.893
2026-04-11 04:00,60,"ORE_COC_COCA_CNT_UL/Cell:eNodeB Function Name=ORE_COC_COCA_CNT_L, Local Cell ID=7, Cell Name=ORE_COC_COCA_CNT_L7_7, eNodeB ID=44860, Cell FDD TDD indication=CELL_FDD",Reliable,264.43,161.334
2026-04-11 04:00,60,"ORE_COC_COCA_CNT_UL/Cell:eNodeB Function Name=ORE_COC_COCA_CNT_L, Local Cell ID=8, Cell Name=ORE_COC_COCA_CNT_L7_8, eNodeB ID=44860, Cell FDD TDD indication=CELL_FDD",Reliable,166.613,32.498
2026-04-11 04:00,60,"ORE_COC_COCA_CNT_UL/Cell:eNodeB Function Name=ORE_COC_COCA_CNT_L, Local Cell ID=9, Cell Name=ORE_COC_COCA_CNT_L7_9, eNodeB ID=44860, Cell FDD TDD indication=CELL_FDD",Reliable,517.493,42.335
2026-04-11 04:00,60,"ORE_COC_COCA_CNT_UL/Cell:eNodeB Function Name=ORE_COC_COCA_CNT_L, Local Cell ID=3, Cell Name=ORE_COC_COCA_CNT_L21_3, eNodeB ID=44860, Cell FDD TDD indication=CELL_FDD",Reliable,1046.102,91.772
2026-04-11 04:00,60,"ORE_COC_COCA_CNT_UL/Cell:eNodeB Function Name=ORE_COC_COCA_CNT_L, Local Cell ID=2, Cell Name=ORE_COC_COCA_CNT_L21_2, eNodeB ID=44860, Cell FDD TDD indication=CELL_FDD",Reliable,531.152,35.794
2026-04-11 04:00,60,"ORE_COC_COCA_CNT_UL/Cell:eNodeB Function Name=ORE_COC_COCA_CNT_L, Local Cell ID=1, Cell Name=ORE_COC_COCA_CNT_L21_1, eNodeB ID=44860, Cell FDD TDD indication=CELL_FDD",Reliable,342.831,19.547
2026-04-11 04:00,60,"IMB_IBA_DIEZ_DE_AGOSTO_UL/Cell:eNodeB Function Name=IMB_IBA_DIEZ_DE_AGOSTO_L, Local Cell ID=7, Cell Name=IMB_IBA_DIEZ_DE_AGOSTO_APT_7, eNodeB ID=44728, Cell FDD TDD indication=CELL_FDD",Reliable,41.755,8.902
2026-04-11 04:00,60,"IMB_IBA_DIEZ_DE_AGOSTO_UL/Cell:eNodeB Function Name=IMB_IBA_DIEZ_DE_AGOSTO_L, Local Cell ID=8, Cell Name=IMB_IBA_DIEZ_DE_AGOSTO_APT_8, eNodeB ID=44728, Cell FDD TDD indication=CELL_FDD",Reliable,217.897,13.792
2026-04-11 04:00,60,"IMB_IBA_DIEZ_DE_AGOSTO_UL/Cell:eNodeB Function Name=IMB_IBA_DIEZ_DE_AGOSTO_L, Local Cell ID=9, Cell Name=IMB_IBA_DIEZ_DE_AGOSTO_APT_9, eNodeB ID=44728, Cell FDD TDD indication=CELL_FDD",Reliable,153.985,23.592
2026-04-11 04:00,60,"IMB_OTA_JACINTO_COLLAHUAZO_UL/Cell:eNodeB Function Name=IMB_OTA_JACINTO_COLLAHUAZO_L, Local Cell ID=7, Cell Name=IMB_OTA_JACINTO_COLLAHUAZO_APT_7, eNodeB ID=44726, Cell FDD TDD indication=CELL_FDD",Reliable,572.982,42.118
2026-04-11 04:00,60,"IMB_OTA_JACINTO_COLLAHUAZO_UL/Cell:eNodeB Function Name=IMB_OTA_JACINTO_COLLAHUAZO_L, Local Cell ID=8, Cell Name=IMB_OTA_JACINTO_COLLAHUAZO_APT_8, eNodeB ID=44726, Cell FDD TDD indication=CELL_FDD",Reliable,393.289,69.94
2026-04-11 04:00,60,"IMB_OTA_JACINTO_COLLAHUAZO_UL/Cell:eNodeB Function Name=IMB_OTA_JACINTO_COLLAHUAZO_L, Local Cell ID=9, Cell Name=IMB_OTA_JACINTO_COLLAHUAZO_APT_9, eNodeB ID=44726, Cell FDD TDD indication=CELL_FDD",Reliable,465.183,20.891
2026-04-11 04:00,60,"PIC_CHI_SAN_PEDRO_DE_TABOADA_UL/Cell:eNodeB Function Name=PIC_CHI_SAN_PEDRO_DE_TABOADA_L, Local Cell ID=7, Cell Name=PIC_CHI_SAN_PEDRO_DE_TABOADA_L7_7, eNodeB ID=44236, Cell FDD TDD indication=CELL_FDD",Reliable,60.512,20.291
2026-04-11 04:00,60,"PIC_CHI_SAN_PEDRO_DE_TABOADA_UL/Cell:eNodeB Function Name=PIC_CHI_SAN_PEDRO_DE_TABOADA_L, Local Cell ID=8, Cell Name=PIC_CHI_SAN_PEDRO_DE_TABOADA_L7_8, eNodeB ID=44236, Cell FDD TDD indication=CELL_FDD",Reliable,1016.134,44.296
2026-04-11 04:00,60,"PIC_CHI_SAN_PEDRO_DE_TABOADA_UL/Cell:eNodeB Function Name=PIC_CHI_SAN_PEDRO_DE_TABOADA_L, Local Cell ID=9, Cell Name=PIC_CHI_SAN_PEDRO_DE_TABOADA_L7_9, eNodeB ID=44236, Cell FDD TDD indication=CELL_FDD",Reliable,479.088,45.375
2026-04-11 04:00,60,"COT_LAT_BRIGADA_PATRIA_UL/Cell:eNodeB Function Name=COT_LAT_BRIGADA_PATRIA_L, Local Cell ID=7, Cell Name=COT_LAT_BRIGADA_PATRIA_L7_7, eNodeB ID=44678, Cell FDD TDD indication=CELL_FDD",Reliable,824.476,38.59
2026-04-11 04:00,60,"COT_LAT_BRIGADA_PATRIA_UL/Cell:eNodeB Function Name=COT_LAT_BRIGADA_PATRIA_L, Local Cell ID=9, Cell Name=COT_LAT_BRIGADA_PATRIA_L7_9, eNodeB ID=44678, Cell FDD TDD indication=CELL_FDD",Reliable,38.224,2.916
2026-04-11 04:00,60,"COT_LAT_BRIGADA_PATRIA_UL/Cell:eNodeB Function Name=COT_LAT_BRIGADA_PATRIA_L, Local Cell ID=1, Cell Name=COT_LAT_BRIGADA_PATRIA_L21_1, eNodeB ID=44678, Cell FDD TDD indication=CELL_FDD",Reliable,61.942,12.021
2026-04-11 04:00,60,"COT_LAT_BRIGADA_PATRIA_UL/Cell:eNodeB Function Name=COT_LAT_BRIGADA_PATRIA_L, Local Cell ID=2, Cell Name=COT_LAT_BRIGADA_PATRIA_L21_2, eNodeB ID=44678, Cell FDD TDD indication=CELL_FDD",Reliable,200.054,33.078
2026-04-11 04:00,60,"COT_LAT_BRIGADA_PATRIA_UL/Cell:eNodeB Function Name=COT_LAT_BRIGADA_PATRIA_L, Local Cell ID=3, Cell Name=COT_LAT_BRIGADA_PATRIA_L21_3, eNodeB ID=44678, Cell FDD TDD indication=CELL_FDD",Reliable,748.157,151.113
2026-04-11 04:00,60,"COT_SAL_SALCEDO_NORTE_UL/Cell:eNodeB Function Name=COT_SAL_SALCEDO_NORTE_L, Local Cell ID=7, Cell Name=COT_SAL_SALCEDO_NORTE_L7_7, eNodeB ID=44667, Cell FDD TDD indication=CELL_FDD",Reliable,299.277,29.417
2026-04-11 04:00,60,"COT_SAL_SALCEDO_NORTE_UL/Cell:eNodeB Function Name=COT_SAL_SALCEDO_NORTE_L, Local Cell ID=8, Cell Name=COT_SAL_SALCEDO_NORTE_L7_8, eNodeB ID=44667, Cell FDD TDD indication=CELL_FDD",Reliable,131.092,23.629
2026-04-11 04:00,60,"COT_SAL_SALCEDO_NORTE_UL/Cell:eNodeB Function Name=COT_SAL_SALCEDO_NORTE_L, Local Cell ID=9, Cell Name=COT_SAL_SALCEDO_NORTE_L7_9, eNodeB ID=44667, Cell FDD TDD indication=CELL_FDD",Reliable,938.444,41.072
2026-04-11 04:00,60,"COT_SAL_SALCEDO_NORTE_UL/Cell:eNodeB Function Name=COT_SAL_SALCEDO_NORTE_L, Local Cell ID=3, Cell Name=COT_LAT_SALCEDO_NORTE_L21_3, eNodeB ID=44667, Cell FDD TDD indication=CELL_FDD",Reliable,372.757,34.908
2026-04-11 04:00,60,"COT_SAL_SALCEDO_NORTE_UL/Cell:eNodeB Function Name=COT_SAL_SALCEDO_NORTE_L, Local Cell ID=2, Cell Name=COT_LAT_SALCEDO_NORTE_L21_2, eNodeB ID=44667, Cell FDD TDD indication=CELL_FDD",Reliable,190.575,33.805
2026-04-11 04:00,60,"COT_SAL_SALCEDO_NORTE_UL/Cell:eNodeB Function Name=COT_SAL_SALCEDO_NORTE_L, Local Cell ID=1, Cell Name=COT_LAT_SALCEDO_NORTE_L21_1, eNodeB ID=44667, Cell FDD TDD indication=CELL_FDD",Reliable,333.001,45.931
2026-04-11 04:00,60,"COT_LAT_LATACUNGA_UL/Cell:eNodeB Function Name=COT_LAT_LATACUNGA_L, Local Cell ID=7, Cell Name=COT_LAT_LATACUNGA_L7_7, eNodeB ID=44691, Cell FDD TDD indication=CELL_FDD",Reliable,87.829,9.608
2026-04-11 04:00,60,"COT_LAT_LATACUNGA_UL/Cell:eNodeB Function Name=COT_LAT_LATACUNGA_L, Local Cell ID=8, Cell Name=COT_LAT_LATACUNGA_L7_8, eNodeB ID=44691, Cell FDD TDD indication=CELL_FDD",Reliable,204.989,208.942
2026-04-11 04:00,60,"COT_LAT_LATACUNGA_UL/Cell:eNodeB Function Name=COT_LAT_LATACUNGA_L, Local Cell ID=9, Cell Name=COT_LAT_LATACUNGA_L7_9, eNodeB ID=44691, Cell FDD TDD indication=CELL_FDD",Reliable,24.781,4.294
2026-04-11 04:00,60,"COT_LAT_LATACUNGA_UL/Cell:eNodeB Function Name=COT_LAT_LATACUNGA_L, Local Cell ID=1, Cell Name=COT_LAT_LATACUNGA_L21_1, eNodeB ID=44691, Cell FDD TDD indication=CELL_FDD",Reliable,862.229,181.82
2026-04-11 04:00,60,"COT_LAT_LATACUNGA_UL/Cell:eNodeB Function Name=COT_LAT_LATACUNGA_L, Local Cell ID=2, Cell Name=COT_LAT_LATACUNGA_L21_2, eNodeB ID=44691, Cell FDD TDD indication=CELL_FDD",Reliable,379.407,29.116
2026-04-11 04:00,60,"COT_LAT_LATACUNGA_UL/Cell:eNodeB Function Name=COT_LAT_LATACUNGA_L, Local Cell ID=3, Cell Name=COT_LAT_LATACUNGA_L21_3, eNodeB ID=44691, Cell FDD TDD indication=CELL_FDD",Reliable,53.777,6.11
2026-04-11 04:00,60,"TUN_AMB_ATAHUALPA_TRR_UL/Cell:eNodeB Function Name=TUN_AMB_ATAHUALPA_TRR_L, Local Cell ID=7, Cell Name=TUN_AMB_ATAHUALPA_TRR_APT_7, eNodeB ID=43010, Cell FDD TDD indication=CELL_FDD",Reliable,95.017,13.099
2026-04-11 04:00,60,"TUN_AMB_ATAHUALPA_TRR_UL/Cell:eNodeB Function Name=TUN_AMB_ATAHUALPA_TRR_L, Local Cell ID=8, Cell Name=TUN_AMB_ATAHUALPA_TRR_APT_8, eNodeB ID=43010, Cell FDD TDD indication=CELL_FDD",Reliable,59.523,11.375
2026-04-11 04:00,60,"TUN_AMB_ATAHUALPA_TRR_UL/Cell:eNodeB Function Name=TUN_AMB_ATAHUALPA_TRR_L, Local Cell ID=9, Cell Name=TUN_AMB_ATAHUALPA_TRR_APT_9, eNodeB ID=43010, Cell FDD TDD indication=CELL_FDD",Reliable,66.294,30.118
2026-04-11 04:00,60,"IMB_IBA_SAN_ANTONIO_UL/Cell:eNodeB Function Name=IMB_IBA_SAN_ANTONIO_L, Local Cell ID=7, Cell Name=IMB_IBA_SAN_ANTONIO_APT_7, eNodeB ID=44723, Cell FDD TDD indication=CELL_FDD",Reliable,183.31,17.751
2026-04-11 04:00,60,"IMB_IBA_SAN_ANTONIO_UL/Cell:eNodeB Function Name=IMB_IBA_SAN_ANTONIO_L, Local Cell ID=8, Cell Name=IMB_IBA_SAN_ANTONIO_APT_8, eNodeB ID=44723, Cell FDD TDD indication=CELL_FDD",Reliable,550.807,54.702
2026-04-11 04:00,60,"IMB_IBA_SAN_ANTONIO_UL/Cell:eNodeB Function Name=IMB_IBA_SAN_ANTONIO_L, Local Cell ID=9, Cell Name=IMB_IBA_SAN_ANTONIO_APT_9, eNodeB ID=44723, Cell FDD TDD indication=CELL_FDD",Reliable,188.59,18.433
2026-04-11 04:00,60,"NAP_TEN_TENA_CNT_UL/Cell:eNodeB Function Name=NAP_TEN_TENA_CNT_L, Local Cell ID=7, Cell Name=NAP_TEN_TENA_CNT_L7_7, eNodeB ID=44881, Cell FDD TDD indication=CELL_FDD",Reliable,47.914,4.226
2026-04-11 04:00,60,"NAP_TEN_TENA_CNT_UL/Cell:eNodeB Function Name=NAP_TEN_TENA_CNT_L, Local Cell ID=8, Cell Name=NAP_TEN_TENA_CNT_L7_8, eNodeB ID=44881, Cell FDD TDD indication=CELL_FDD",Reliable,1051.11,144.912
2026-04-11 04:00,60,"NAP_TEN_TENA_CNT_UL/Cell:eNodeB Function Name=NAP_TEN_TENA_CNT_L, Local Cell ID=9, Cell Name=NAP_TEN_TENA_CNT_L7_9, eNodeB ID=44881, Cell FDD TDD indication=CELL_FDD",Reliable,446.944,43.145
2026-04-11 04:00,60,"NAP_TEN_TENA_CNT_UL/Cell:eNodeB Function Name=NAP_TEN_TENA_CNT_L, Local Cell ID=2, Cell Name=NAP_TEN_TENA_CNT_L21_2, eNodeB ID=44881, Cell FDD TDD indication=CELL_FDD",Reliable,100.175,9.74
2026-04-11 04:00,60,"NAP_TEN_TENA_CNT_UL/Cell:eNodeB Function Name=NAP_TEN_TENA_CNT_L, Local Cell ID=1, Cell Name=NAP_TEN_TENA_CNT_L21_1, eNodeB ID=44881, Cell FDD TDD indication=CELL_FDD",Reliable,589.615,262.769
2026-04-11 04:00,60,"NAP_TEN_TENA_CNT_UL/Cell:eNodeB Function Name=NAP_TEN_TENA_CNT_L, Local Cell ID=3, Cell Name=NAP_TEN_TENA_CNT_L21_3, eNodeB ID=44881, Cell FDD TDD indication=CELL_FDD",Reliable,81.648,7.404
2026-04-11 04:00,60,"IMB_IBA_IBARRA_AZAYA_UL/Cell:eNodeB Function Name=IMB_IBA_IBARRA_AZAYA_L, Local Cell ID=7, Cell Name=IMB_IBA_IBARRA_AZAYA_APT_7, eNodeB ID=44715, Cell FDD TDD indication=CELL_FDD",Reliable,177.666,17.437
2026-04-11 04:00,60,"IMB_IBA_IBARRA_AZAYA_UL/Cell:eNodeB Function Name=IMB_IBA_IBARRA_AZAYA_L, Local Cell ID=8, Cell Name=IMB_IBA_IBARRA_AZAYA_APT_8, eNodeB ID=44715, Cell FDD TDD indication=CELL_FDD",Reliable,342.845,63.376
2026-04-11 04:00,60,"IMB_IBA_IBARRA_AZAYA_UL/Cell:eNodeB Function Name=IMB_IBA_IBARRA_AZAYA_L, Local Cell ID=9, Cell Name=IMB_IBA_IBARRA_AZAYA_APT_9, eNodeB ID=44715, Cell FDD TDD indication=CELL_FDD",Reliable,135.436,22.902
2026-04-11 04:00,60,"SUC_LAG_LAGO_AGUARICO_UL/Cell:eNodeB Function Name=SUC_LAG_LAGO_AGUARICO_L, Local Cell ID=7, Cell Name=SUC_LAG_LAGO_AGUARICO_APT_7, eNodeB ID=44817, Cell FDD TDD indication=CELL_FDD",Reliable,376.15,27.773
2026-04-11 04:00,60,"SUC_LAG_LAGO_AGUARICO_UL/Cell:eNodeB Function Name=SUC_LAG_LAGO_AGUARICO_L, Local Cell ID=8, Cell Name=SUC_LAG_LAGO_AGUARICO_APT_8, eNodeB ID=44817, Cell FDD TDD indication=CELL_FDD",Reliable,4.854,1.875
2026-04-11 04:00,60,"SUC_LAG_LAGO_AGUARICO_UL/Cell:eNodeB Function Name=SUC_LAG_LAGO_AGUARICO_L, Local Cell ID=9, Cell Name=SUC_LAG_LAGO_AGUARICO_APT_9, eNodeB ID=44817, Cell FDD TDD indication=CELL_FDD",Reliable,223.249,253.054
2026-04-11 04:00,60,"SUC_LAG_LAGO_AEROPUERTO_UL/Cell:eNodeB Function Name=SUC_LAG_LAGO_AEROPUERTO_L, Local Cell ID=7, Cell Name=SUC_LAG_LAGO_AEROPUERTO_APT_7, eNodeB ID=44814, Cell FDD TDD indication=CELL_FDD",Reliable,2565.828,216.969
2026-04-11 04:00,60,"SUC_LAG_LAGO_AEROPUERTO_UL/Cell:eNodeB Function Name=SUC_LAG_LAGO_AEROPUERTO_L, Local Cell ID=8, Cell Name=SUC_LAG_LAGO_AEROPUERTO_APT_8, eNodeB ID=44814, Cell FDD TDD indication=CELL_FDD",Reliable,1244.303,81.205
2026-04-11 04:00,60,"SUC_LAG_LAGO_AEROPUERTO_UL/Cell:eNodeB Function Name=SUC_LAG_LAGO_AEROPUERTO_L, Local Cell ID=9, Cell Name=SUC_LAG_LAGO_AEROPUERTO_APT_9, eNodeB ID=44814, Cell FDD TDD indication=CELL_FDD",Reliable,1143.562,63.55
2026-04-11 04:00,60,"STD_STD_SD_VIA_QUITO_UL/Cell:eNodeB Function Name=STD_STD_SD_VIA_QUITO_L, Local Cell ID=7, Cell Name=STD_STD_SD_VIA_QUITO_APT_7, eNodeB ID=44778, Cell FDD TDD indication=CELL_FDD",Reliable,82.995,19.86
2026-04-11 04:00,60,"STD_STD_SD_VIA_QUITO_UL/Cell:eNodeB Function Name=STD_STD_SD_VIA_QUITO_L, Local Cell ID=8, Cell Name=STD_STD_SD_VIA_QUITO_APT_8, eNodeB ID=44778, Cell FDD TDD indication=CELL_FDD",Reliable,344.115,40.897
2026-04-11 04:00,60,"STD_STD_SD_VIA_QUITO_UL/Cell:eNodeB Function Name=STD_STD_SD_VIA_QUITO_L, Local Cell ID=9, Cell Name=STD_STD_SD_VIA_QUITO_APT_9, eNodeB ID=44778, Cell FDD TDD indication=CELL_FDD",Reliable,15.288,10.564
2026-04-11 04:00,60,"STD_STD_SD_LA_MERCED_UL/Cell:eNodeB Function Name=STD_STD_SD_LA_MERCED_L, Local Cell ID=7, Cell Name=STD_STD_SD_LA_MERCED_APT_7, eNodeB ID=44772, Cell FDD TDD indication=CELL_FDD",Reliable,7.954,3.65
2026-04-11 04:00,60,"STD_STD_SD_LA_MERCED_UL/Cell:eNodeB Function Name=STD_STD_SD_LA_MERCED_L, Local Cell ID=8, Cell Name=STD_STD_SD_LA_MERCED_APT_8, eNodeB ID=44772, Cell FDD TDD indication=CELL_FDD",Reliable,0.95,1.224
2026-04-11 04:00,60,"STD_STD_SD_LA_MERCED_UL/Cell:eNodeB Function Name=STD_STD_SD_LA_MERCED_L, Local Cell ID=9, Cell Name=STD_STD_SD_LA_MERCED_APT_9, eNodeB ID=44772, Cell FDD TDD indication=CELL_FDD",Reliable,28.381,14.172
2026-04-11 04:00,60,"IMB_ATU_ATUNTAQUI_UL/Cell:eNodeB Function Name=IMB_ATU_ATUNTAQUI_L, Local Cell ID=7, Cell Name=IMB_ATU_ATUNTAQUI_APT_7, eNodeB ID=44724, Cell FDD TDD indication=CELL_FDD",Reliable,702.892,71.143
2026-04-11 04:00,60,"IMB_ATU_ATUNTAQUI_UL/Cell:eNodeB Function Name=IMB_ATU_ATUNTAQUI_L, Local Cell ID=8, Cell Name=IMB_ATU_ATUNTAQUI_APT_8, eNodeB ID=44724, Cell FDD TDD indication=CELL_FDD",Reliable,301.442,32.081
2026-04-11 04:00,60,"IMB_ATU_ATUNTAQUI_UL/Cell:eNodeB Function Name=IMB_ATU_ATUNTAQUI_L, Local Cell ID=9, Cell Name=IMB_ATU_ATUNTAQUI_APT_9, eNodeB ID=44724, Cell FDD TDD indication=CELL_FDD",Reliable,583.911,41.427
2026-04-11 04:00,60,"STD_STD_LUZ_DE_AMERICA_UL/Cell:eNodeB Function Name=STD_STD_LUZ_DE_AMERICA_L, Local Cell ID=7, Cell Name=STD_STD_LUZ_DE_AMERICA_APT_7, eNodeB ID=44766, Cell FDD TDD indication=CELL_FDD",Reliable,157.059,12.001
2026-04-11 04:00,60,"STD_STD_LUZ_DE_AMERICA_UL/Cell:eNodeB Function Name=STD_STD_LUZ_DE_AMERICA_L, Local Cell ID=8, Cell Name=STD_STD_LUZ_DE_AMERICA_APT_8, eNodeB ID=44766, Cell FDD TDD indication=CELL_FDD",Reliable,229.698,13.861
2026-04-11 04:00,60,"STD_STD_LUZ_DE_AMERICA_UL/Cell:eNodeB Function Name=STD_STD_LUZ_DE_AMERICA_L, Local Cell ID=9, Cell Name=STD_STD_LUZ_DE_AMERICA_APT_9, eNodeB ID=44766, Cell FDD TDD indication=CELL_FDD",Reliable,3.493,0.742
2026-04-11 04:00,60,"ORE_COC_COCA_NORTE_UL/Cell:eNodeB Function Name=ORE_COC_COCA_NORTE_L, Local Cell ID=7, Cell Name=ORE_COC_COCA_NORTE_L7_7, eNodeB ID=44864, Cell FDD TDD indication=CELL_FDD",Reliable,708.381,71.368
2026-04-11 04:00,60,"ORE_COC_COCA_NORTE_UL/Cell:eNodeB Function Name=ORE_COC_COCA_NORTE_L, Local Cell ID=8, Cell Name=ORE_COC_COCA_NORTE_L7_8, eNodeB ID=44864, Cell FDD TDD indication=CELL_FDD",Reliable,992.339,74.495
2026-04-11 04:00,60,"ORE_COC_COCA_NORTE_UL/Cell:eNodeB Function Name=ORE_COC_COCA_NORTE_L, Local Cell ID=9, Cell Name=ORE_COC_COCA_NORTE_L7_9, eNodeB ID=44864, Cell FDD TDD indication=CELL_FDD",Reliable,1404.843,87.862
2026-04-11 04:00,60,"ORE_COC_COCA_NORTE_UL/Cell:eNodeB Function Name=ORE_COC_COCA_NORTE_L, Local Cell ID=1, Cell Name=ORE_COC_COCA_NORTE_L21_1, eNodeB ID=44864, Cell FDD TDD indication=CELL_FDD",Reliable,1452.016,136.453
2026-04-11 04:00,60,"ORE_COC_COCA_NORTE_UL/Cell:eNodeB Function Name=ORE_COC_COCA_NORTE_L, Local Cell ID=3, Cell Name=ORE_COC_COCA_NORTE_L21_3, eNodeB ID=44864, Cell FDD TDD indication=CELL_FDD",Reliable,69.645,10.388
2026-04-11 04:00,60,"NAP_TEN_TENA_SUR_UL/Cell:eNodeB Function Name=NAP_TEN_TENA_SUR_L, Local Cell ID=7, Cell Name=NAP_TEN_TENA_SUR_L7_7, eNodeB ID=44889, Cell FDD TDD indication=CELL_FDD",Reliable,804.755,63.873
2026-04-11 04:00,60,"NAP_TEN_TENA_SUR_UL/Cell:eNodeB Function Name=NAP_TEN_TENA_SUR_L, Local Cell ID=8, Cell Name=NAP_TEN_TENA_SUR_L7_8, eNodeB ID=44889, Cell FDD TDD indication=CELL_FDD",Reliable,553.514,49.521
2026-04-11 04:00,60,"NAP_TEN_TENA_SUR_UL/Cell:eNodeB Function Name=NAP_TEN_TENA_SUR_L, Local Cell ID=9, Cell Name=NAP_TEN_TENA_SUR_L7_9, eNodeB ID=44889, Cell FDD TDD indication=CELL_FDD",Reliable,991.506,92.403
2026-04-11 04:00,60,"NAP_TEN_TENA_SUR_UL/Cell:eNodeB Function Name=NAP_TEN_TENA_SUR_L, Local Cell ID=3, Cell Name=NAP_TEN_TENA_SUR_L21_3, eNodeB ID=44889, Cell FDD TDD indication=CELL_FDD",Reliable,1888.932,1235.745
2026-04-11 04:00,60,"COT_LAT_LATACUNGA_SUR_UL/Cell:eNodeB Function Name=COT_LAT_LATACUNGA_SUR_L, Local Cell ID=7, Cell Name=COT_LAT_LATACUNGA_SUR_APT_7, eNodeB ID=44665, Cell FDD TDD indication=CELL_FDD",Reliable,557.687,68.429
2026-04-11 04:00,60,"COT_LAT_LATACUNGA_SUR_UL/Cell:eNodeB Function Name=COT_LAT_LATACUNGA_SUR_L, Local Cell ID=8, Cell Name=COT_LAT_LATACUNGA_SUR_APT_8, eNodeB ID=44665, Cell FDD TDD indication=CELL_FDD",Reliable,281.242,697.11
2026-04-11 04:00,60,"COT_LAT_LATACUNGA_SUR_UL/Cell:eNodeB Function Name=COT_LAT_LATACUNGA_SUR_L, Local Cell ID=9, Cell Name=COT_LAT_LATACUNGA_SUR_APT_9, eNodeB ID=44665, Cell FDD TDD indication=CELL_FDD",Reliable,1204.536,549.63
2026-04-11 04:00,60,"L_GUA11204_TRES_BOCAS/Cell:eNodeB Function Name=L_GUA11204_TRES_BOCAS, Local Cell ID=3, Cell Name=L_GUA11204_TRES_BOCAS_3, eNodeB ID=11204, Cell FDD TDD indication=CELL_FDD",Reliable,106.104,10.923
2026-04-11 04:00,60,"L_GUA11204_TRES_BOCAS/Cell:eNodeB Function Name=L_GUA11204_TRES_BOCAS, Local Cell ID=2, Cell Name=L_GUA11204_TRES_BOCAS_2, eNodeB ID=11204, Cell FDD TDD indication=CELL_FDD",Reliable,367.186,28.957
2026-04-11 04:00,60,"L_GUA11204_TRES_BOCAS/Cell:eNodeB Function Name=L_GUA11204_TRES_BOCAS, Local Cell ID=1, Cell Name=L_GUA11204_TRES_BOCAS_1, eNodeB ID=11204, Cell FDD TDD indication=CELL_FDD",Reliable,8.528,0.999
2026-04-11 04:00,60,"COT_SAL_SALCEDO_UL/Cell:eNodeB Function Name=COT_SAL_SALCEDO_L, Local Cell ID=7, Cell Name=COT_SAL_SALCEDO_L7_7, eNodeB ID=44662, Cell FDD TDD indication=CELL_FDD",Reliable,55.648,8.539
2026-04-11 04:00,60,"COT_SAL_SALCEDO_UL/Cell:eNodeB Function Name=COT_SAL_SALCEDO_L, Local Cell ID=8, Cell Name=COT_SAL_SALCEDO_L7_8, eNodeB ID=44662, Cell FDD TDD indication=CELL_FDD",Reliable,339.763,33.793
2026-04-11 04:00,60,"COT_SAL_SALCEDO_UL/Cell:eNodeB Function Name=COT_SAL_SALCEDO_L, Local Cell ID=9, Cell Name=COT_SAL_SALCEDO_L7_9, eNodeB ID=44662, Cell FDD TDD indication=CELL_FDD",Reliable,365.54,26.991
2026-04-11 04:00,60,"COT_SAL_SALCEDO_UL/Cell:eNodeB Function Name=COT_SAL_SALCEDO_L, Local Cell ID=3, Cell Name=COT_LAT_SALCEDO_L21_3, eNodeB ID=44662, Cell FDD TDD indication=CELL_FDD",Reliable,546.667,46.732
2026-04-11 04:00,60,"COT_SAL_SALCEDO_UL/Cell:eNodeB Function Name=COT_SAL_SALCEDO_L, Local Cell ID=2, Cell Name=COT_LAT_SALCEDO_L21_2, eNodeB ID=44662, Cell FDD TDD indication=CELL_FDD",Reliable,2.793,0.696
2026-04-11 04:00,60,"COT_SAL_SALCEDO_UL/Cell:eNodeB Function Name=COT_SAL_SALCEDO_L, Local Cell ID=1, Cell Name=COT_LAT_SALCEDO_L21_1, eNodeB ID=44662, Cell FDD TDD indication=CELL_FDD",Reliable,256.11,24.986
2026-04-11 04:00,60,"L_GUA11013_PORTETE/Cell:eNodeB Function Name=L_GUA11013_PORTETE, Local Cell ID=9, Cell Name=L_GUA11013_PORTETE_9, eNodeB ID=11013, Cell FDD TDD indication=CELL_FDD",Reliable,3.841,2.591
2026-04-11 04:00,60,"L_GUA11013_PORTETE/Cell:eNodeB Function Name=L_GUA11013_PORTETE, Local Cell ID=8, Cell Name=L_GUA11013_PORTETE_8, eNodeB ID=11013, Cell FDD TDD indication=CELL_FDD",Reliable,1.638,1.085
2026-04-11 04:00,60,"L_GUA11013_PORTETE/Cell:eNodeB Function Name=L_GUA11013_PORTETE, Local Cell ID=7, Cell Name=L_GUA11013_PORTETE_7, eNodeB ID=11013, Cell FDD TDD indication=CELL_FDD",Reliable,0.12,0.134
2026-04-11 04:00,60,"L_GUA11013_PORTETE/Cell:eNodeB Function Name=L_GUA11013_PORTETE, Local Cell ID=3, Cell Name=L_GUA11013_PORTETE_3, eNodeB ID=11013, Cell FDD TDD indication=CELL_FDD",Reliable,102.208,14.676
2026-04-11 04:00,60,"L_GUA11013_PORTETE/Cell:eNodeB Function Name=L_GUA11013_PORTETE, Local Cell ID=2, Cell Name=L_GUA11013_PORTETE_2, eNodeB ID=11013, Cell FDD TDD indication=CELL_FDD",Reliable,142.442,11.269
2026-04-11 04:00,60,"L_GUA11013_PORTETE/Cell:eNodeB Function Name=L_GUA11013_PORTETE, Local Cell ID=1, Cell Name=L_GUA11013_PORTETE_1, eNodeB ID=11013, Cell FDD TDD indication=CELL_FDD",Reliable,566.2,88.535
2026-04-11 04:00,60,"IMB_IBA_QUIROGA_UL/Cell:eNodeB Function Name=IMB_IBA_QUIROGA_L, Local Cell ID=7, Cell Name=IMB_IBA_QUIROGA_APT_7, eNodeB ID=44737, Cell FDD TDD indication=CELL_FDD",Reliable,116.326,23.683
2026-04-11 04:00,60,"IMB_IBA_QUIROGA_UL/Cell:eNodeB Function Name=IMB_IBA_QUIROGA_L, Local Cell ID=8, Cell Name=IMB_IBA_QUIROGA_APT_8, eNodeB ID=44737, Cell FDD TDD indication=CELL_FDD",Reliable,160.788,59.753
2026-04-11 04:00,60,"IMB_IBA_QUIROGA_UL/Cell:eNodeB Function Name=IMB_IBA_QUIROGA_L, Local Cell ID=9, Cell Name=IMB_IBA_QUIROGA_APT_9, eNodeB ID=44737, Cell FDD TDD indication=CELL_FDD",Reliable,560.883,59.662
2026-04-11 04:00,60,"L_GUA11150_LA_FLORESTA_ESTE/Cell:eNodeB Function Name=L_GUA11150_LA_FLORESTA_ESTE, Local Cell ID=9, Cell Name=L_GUA11150_LA_FLORESTA_ESTE_9, eNodeB ID=11150, Cell FDD TDD indication=CELL_FDD",Reliable,120.753,11.017
2026-04-11 04:00,60,"L_GUA11150_LA_FLORESTA_ESTE/Cell:eNodeB Function Name=L_GUA11150_LA_FLORESTA_ESTE, Local Cell ID=8, Cell Name=L_GUA11150_LA_FLORESTA_ESTE_8, eNodeB ID=11150, Cell FDD TDD indication=CELL_FDD",Reliable,337.356,34.479
2026-04-11 04:00,60,"L_GUA11150_LA_FLORESTA_ESTE/Cell:eNodeB Function Name=L_GUA11150_LA_FLORESTA_ESTE, Local Cell ID=7, Cell Name=L_GUA11150_LA_FLORESTA_ESTE_7, eNodeB ID=11150, Cell FDD TDD indication=CELL_FDD",Reliable,27.623,31.988
2026-04-11 04:00,60,"L_GUA11150_LA_FLORESTA_ESTE/Cell:eNodeB Function Name=L_GUA11150_LA_FLORESTA_ESTE, Local Cell ID=3, Cell Name=L_GUA11150_LA_FLORESTA_ESTE_3, eNodeB ID=11150, Cell FDD TDD indication=CELL_FDD",Reliable,447.495,28.913
2026-04-11 04:00,60,"L_GUA11150_LA_FLORESTA_ESTE/Cell:eNodeB Function Name=L_GUA11150_LA_FLORESTA_ESTE, Local Cell ID=2, Cell Name=L_GUA11150_LA_FLORESTA_ESTE_2, eNodeB ID=11150, Cell FDD TDD indication=CELL_FDD",Reliable,1386.816,100.346
2026-04-11 04:00,60,"L_GUA11150_LA_FLORESTA_ESTE/Cell:eNodeB Function Name=L_GUA11150_LA_FLORESTA_ESTE, Local Cell ID=1, Cell Name=L_GUA11150_LA_FLORESTA_ESTE_1, eNodeB ID=11150, Cell FDD TDD indication=CELL_FDD",Reliable,315.021,72.547
2026-04-11 04:00,60,"L_GUA11159_LOS_ALMENDROS/Cell:eNodeB Function Name=L_GUA11159_LOS_ALMENDROS, Local Cell ID=9, Cell Name=L_GUA11159_LOS_ALMENDROS_9, eNodeB ID=11159, Cell FDD TDD indication=CELL_FDD",Reliable,0.685,0.324
2026-04-11 04:00,60,"L_GUA11159_LOS_ALMENDROS/Cell:eNodeB Function Name=L_GUA11159_LOS_ALMENDROS, Local Cell ID=8, Cell Name=L_GUA11159_LOS_ALMENDROS_8, eNodeB ID=11159, Cell FDD TDD indication=CELL_FDD",Reliable,1.195,0.409
2026-04-11 04:00,60,"L_GUA11159_LOS_ALMENDROS/Cell:eNodeB Function Name=L_GUA11159_LOS_ALMENDROS, Local Cell ID=7, Cell Name=L_GUA11159_LOS_ALMENDROS_7, eNodeB ID=11159, Cell FDD TDD indication=CELL_FDD",Reliable,155.713,8.902
2026-04-11 04:00,60,"L_GUA11159_LOS_ALMENDROS/Cell:eNodeB Function Name=L_GUA11159_LOS_ALMENDROS, Local Cell ID=3, Cell Name=L_GUA11159_LOS_ALMENDROS_3, eNodeB ID=11159, Cell FDD TDD indication=CELL_FDD",Reliable,101.283,105.491
2026-04-11 04:00,60,"L_GUA11159_LOS_ALMENDROS/Cell:eNodeB Function Name=L_GUA11159_LOS_ALMENDROS, Local Cell ID=2, Cell Name=L_GUA11159_LOS_ALMENDROS_2, eNodeB ID=11159, Cell FDD TDD indication=CELL_FDD",Reliable,242.317,11.041
2026-04-11 04:00,60,"L_GUA11159_LOS_ALMENDROS/Cell:eNodeB Function Name=L_GUA11159_LOS_ALMENDROS, Local Cell ID=1, Cell Name=L_GUA11159_LOS_ALMENDROS_1, eNodeB ID=11159, Cell FDD TDD indication=CELL_FDD",Reliable,1.682,1.233
2026-04-11 04:00,60,"L_GUA11093_PRADERA_SUR/Cell:eNodeB Function Name=L_GUA11093_PRADERA_SUR, Local Cell ID=9, Cell Name=L_GUA11093_PRADERA_SUR_9, eNodeB ID=11093, Cell FDD TDD indication=CELL_FDD",Reliable,271.37,23.586
2026-04-11 04:00,60,"L_GUA11093_PRADERA_SUR/Cell:eNodeB Function Name=L_GUA11093_PRADERA_SUR, Local Cell ID=8, Cell Name=L_GUA11093_PRADERA_SUR_8, eNodeB ID=11093, Cell FDD TDD indication=CELL_FDD",Reliable,235.594,69.485
2026-04-11 04:00,60,"L_GUA11093_PRADERA_SUR/Cell:eNodeB Function Name=L_GUA11093_PRADERA_SUR, Local Cell ID=7, Cell Name=L_GUA11093_PRADERA_SUR_7, eNodeB ID=11093, Cell FDD TDD indication=CELL_FDD",Reliable,10.771,1.394
2026-04-11 04:00,60,"L_GUA11093_PRADERA_SUR/Cell:eNodeB Function Name=L_GUA11093_PRADERA_SUR, Local Cell ID=3, Cell Name=L_GUA11093_PRADERA_SUR_3, eNodeB ID=11093, Cell FDD TDD indication=CELL_FDD",Reliable,390.908,47.398
2026-04-11 04:00,60,"L_GUA11093_PRADERA_SUR/Cell:eNodeB Function Name=L_GUA11093_PRADERA_SUR, Local Cell ID=2, Cell Name=L_GUA11093_PRADERA_SUR_2, eNodeB ID=11093, Cell FDD TDD indication=CELL_FDD",Reliable,102.05,29.643
2026-04-11 04:00,60,"L_GUA11093_PRADERA_SUR/Cell:eNodeB Function Name=L_GUA11093_PRADERA_SUR, Local Cell ID=1, Cell Name=L_GUA11093_PRADERA_SUR_1, eNodeB ID=11093, Cell FDD TDD indication=CELL_FDD",Reliable,886.56,40.828
2026-04-11 04:00,60,"L_GUA11187_VALDIVIA_GYE/Cell:eNodeB Function Name=L_GUA11187_VALDIVIA_GYE, Local Cell ID=9, Cell Name=L_GUA11187_VALDIVIA_GYE_9, eNodeB ID=11187, Cell FDD TDD indication=CELL_FDD",Reliable,162.262,17.872
2026-04-11 04:00,60,"L_GUA11187_VALDIVIA_GYE/Cell:eNodeB Function Name=L_GUA11187_VALDIVIA_GYE, Local Cell ID=8, Cell Name=L_GUA11187_VALDIVIA_GYE_8, eNodeB ID=11187, Cell FDD TDD indication=CELL_FDD",Reliable,198.742,18.672
2026-04-11 04:00,60,"L_GUA11187_VALDIVIA_GYE/Cell:eNodeB Function Name=L_GUA11187_VALDIVIA_GYE, Local Cell ID=7, Cell Name=L_GUA11187_VALDIVIA_GYE_7, eNodeB ID=11187, Cell FDD TDD indication=CELL_FDD",Reliable,2.947,2.241
2026-04-11 04:00,60,"L_GUA11187_VALDIVIA_GYE/Cell:eNodeB Function Name=L_GUA11187_VALDIVIA_GYE, Local Cell ID=3, Cell Name=L_GUA11187_VALDIVIA_GYE_3, eNodeB ID=11187, Cell FDD TDD indication=CELL_FDD",Reliable,22.586,422.667
2026-04-11 04:00,60,"L_GUA11187_VALDIVIA_GYE/Cell:eNodeB Function Name=L_GUA11187_VALDIVIA_GYE, Local Cell ID=2, Cell Name=L_GUA11187_VALDIVIA_GYE_2, eNodeB ID=11187, Cell FDD TDD indication=CELL_FDD",Reliable,43.914,10.173
2026-04-11 04:00,60,"L_GUA11187_VALDIVIA_GYE/Cell:eNodeB Function Name=L_GUA11187_VALDIVIA_GYE, Local Cell ID=1, Cell Name=L_GUA11187_VALDIVIA_GYE_1, eNodeB ID=11187, Cell FDD TDD indication=CELL_FDD",Reliable,32.251,12.392
2026-04-11 04:00,60,"L_GUA11175_PUERTO_MARITIMO_SUR/Cell:eNodeB Function Name=L_GUA11175_PUERTO_MARITIMO_SUR, Local Cell ID=9, Cell Name=L_GUA11175_PUERTO_MARITIMO_SUR_9, eNodeB ID=11175, Cell FDD TDD indication=CELL_FDD",Reliable,4.334,0.063
2026-04-11 04:00,60,"L_GUA11175_PUERTO_MARITIMO_SUR/Cell:eNodeB Function Name=L_GUA11175_PUERTO_MARITIMO_SUR, Local Cell ID=8, Cell Name=L_GUA11175_PUERTO_MARITIMO_SUR_8, eNodeB ID=11175, Cell FDD TDD indication=CELL_FDD",Reliable,6.829,0.38
2026-04-11 04:00,60,"L_GUA11175_PUERTO_MARITIMO_SUR/Cell:eNodeB Function Name=L_GUA11175_PUERTO_MARITIMO_SUR, Local Cell ID=7, Cell Name=L_GUA11175_PUERTO_MARITIMO_SUR_7, eNodeB ID=11175, Cell FDD TDD indication=CELL_FDD",Reliable,5.547,0.692
2026-04-11 04:00,60,"L_GUA11175_PUERTO_MARITIMO_SUR/Cell:eNodeB Function Name=L_GUA11175_PUERTO_MARITIMO_SUR, Local Cell ID=3, Cell Name=L_GUA11175_PUERTO_MARITIMO_SUR_3, eNodeB ID=11175, Cell FDD TDD indication=CELL_FDD",Reliable,16.928,3.02
2026-04-11 04:00,60,"L_GUA11175_PUERTO_MARITIMO_SUR/Cell:eNodeB Function Name=L_GUA11175_PUERTO_MARITIMO_SUR, Local Cell ID=2, Cell Name=L_GUA11175_PUERTO_MARITIMO_SUR_2, eNodeB ID=11175, Cell FDD TDD indication=CELL_FDD",Reliable,475.986,33.734
2026-04-11 04:00,60,"L_GUA11175_PUERTO_MARITIMO_SUR/Cell:eNodeB Function Name=L_GUA11175_PUERTO_MARITIMO_SUR, Local Cell ID=1, Cell Name=L_GUA11175_PUERTO_MARITIMO_SUR_1, eNodeB ID=11175, Cell FDD TDD indication=CELL_FDD",Reliable,97.278,9.281
2026-04-11 04:00,60,"L_GUA11097_SALADO_GYE/Cell:eNodeB Function Name=L_GUA11097_SALADO_GYE, Local Cell ID=9, Cell Name=L_GUA11097_SALADO_GYE_9, eNodeB ID=11097, Cell FDD TDD indication=CELL_FDD",Reliable,7.956,49.724
2026-04-11 04:00,60,"L_GUA11097_SALADO_GYE/Cell:eNodeB Function Name=L_GUA11097_SALADO_GYE, Local Cell ID=8, Cell Name=L_GUA11097_SALADO_GYE_8, eNodeB ID=11097, Cell FDD TDD indication=CELL_FDD",Reliable,32.684,6.15
2026-04-11 04:00,60,"L_GUA11097_SALADO_GYE/Cell:eNodeB Function Name=L_GUA11097_SALADO_GYE, Local Cell ID=7, Cell Name=L_GUA11097_SALADO_GYE_7, eNodeB ID=11097, Cell FDD TDD indication=CELL_FDD",Reliable,29.681,5.587
2026-04-11 04:00,60,"L_GUA11097_SALADO_GYE/Cell:eNodeB Function Name=L_GUA11097_SALADO_GYE, Local Cell ID=3, Cell Name=L_GUA11097_SALADO_GYE_3, eNodeB ID=11097, Cell FDD TDD indication=CELL_FDD",Reliable,100.781,12.314
2026-04-11 04:00,60,"L_GUA11097_SALADO_GYE/Cell:eNodeB Function Name=L_GUA11097_SALADO_GYE, Local Cell ID=2, Cell Name=L_GUA11097_SALADO_GYE_2, eNodeB ID=11097, Cell FDD TDD indication=CELL_FDD",Reliable,272.968,16.876
2026-04-11 04:00,60,"L_GUA11097_SALADO_GYE/Cell:eNodeB Function Name=L_GUA11097_SALADO_GYE, Local Cell ID=1, Cell Name=L_GUA11097_SALADO_GYE_1, eNodeB ID=11097, Cell FDD TDD indication=CELL_FDD",Reliable,152.307,17.017
2026-04-11 04:00,60,"L_GUA11099_SAN_EDUARDO_2/Cell:eNodeB Function Name=L_GUA11099_SAN_EDUARDO_2, Local Cell ID=9, Cell Name=L_GUA11099_SAN_EDUARDO_2_9, eNodeB ID=11099, Cell FDD TDD indication=CELL_FDD",Reliable,77.7,2.659
2026-04-11 04:00,60,"L_GUA11099_SAN_EDUARDO_2/Cell:eNodeB Function Name=L_GUA11099_SAN_EDUARDO_2, Local Cell ID=8, Cell Name=L_GUA11099_SAN_EDUARDO_2_8, eNodeB ID=11099, Cell FDD TDD indication=CELL_FDD",Reliable,1.796,0.579
2026-04-11 04:00,60,"L_GUA11099_SAN_EDUARDO_2/Cell:eNodeB Function Name=L_GUA11099_SAN_EDUARDO_2, Local Cell ID=7, Cell Name=L_GUA11099_SAN_EDUARDO_2_7, eNodeB ID=11099, Cell FDD TDD indication=CELL_FDD",Reliable,226.306,16.878
2026-04-11 04:00,60,"L_GUA11099_SAN_EDUARDO_2/Cell:eNodeB Function Name=L_GUA11099_SAN_EDUARDO_2, Local Cell ID=3, Cell Name=L_GUA11099_SAN_EDUARDO_2_3, eNodeB ID=11099, Cell FDD TDD indication=CELL_FDD",Reliable,242.422,19.193
2026-04-11 04:00,60,"L_GUA11099_SAN_EDUARDO_2/Cell:eNodeB Function Name=L_GUA11099_SAN_EDUARDO_2, Local Cell ID=2, Cell Name=L_GUA11099_SAN_EDUARDO_2_2, eNodeB ID=11099, Cell FDD TDD indication=CELL_FDD",Reliable,173.936,13.945
2026-04-11 04:00,60,"L_GUA11099_SAN_EDUARDO_2/Cell:eNodeB Function Name=L_GUA11099_SAN_EDUARDO_2, Local Cell ID=1, Cell Name=L_GUA11099_SAN_EDUARDO_2_1, eNodeB ID=11099, Cell FDD TDD indication=CELL_FDD",Reliable,70.331,25.405
2026-04-11 04:00,60,"L_GUA11147_JARDINES_DEL_SALADO/Cell:eNodeB Function Name=L_GUA11147_JARDINES_DEL_SALADO, Local Cell ID=9, Cell Name=L_GUA11147_JARDINES_DEL_SALADO_9, eNodeB ID=11147, Cell FDD TDD indication=CELL_FDD",Reliable,52.011,8.359
2026-04-11 04:00,60,"L_GUA11147_JARDINES_DEL_SALADO/Cell:eNodeB Function Name=L_GUA11147_JARDINES_DEL_SALADO, Local Cell ID=8, Cell Name=L_GUA11147_JARDINES_DEL_SALADO_8, eNodeB ID=11147, Cell FDD TDD indication=CELL_FDD",Reliable,1.613,0.945
2026-04-11 04:00,60,"L_GUA11147_JARDINES_DEL_SALADO/Cell:eNodeB Function Name=L_GUA11147_JARDINES_DEL_SALADO, Local Cell ID=7, Cell Name=L_GUA11147_JARDINES_DEL_SALADO_7, eNodeB ID=11147, Cell FDD TDD indication=CELL_FDD",Reliable,1.459,0.861
2026-04-11 04:00,60,"L_GUA11147_JARDINES_DEL_SALADO/Cell:eNodeB Function Name=L_GUA11147_JARDINES_DEL_SALADO, Local Cell ID=3, Cell Name=L_GUA11147_JARDINES_DEL_SALADO_3, eNodeB ID=11147, Cell FDD TDD indication=CELL_FDD",Reliable,225.51,12.727
2026-04-11 04:00,60,"L_GUA11147_JARDINES_DEL_SALADO/Cell:eNodeB Function Name=L_GUA11147_JARDINES_DEL_SALADO, Local Cell ID=2, Cell Name=L_GUA11147_JARDINES_DEL_SALADO_2, eNodeB ID=11147, Cell FDD TDD indication=CELL_FDD",Reliable,9.065,1.306
2026-04-11 04:00,60,"L_GUA11147_JARDINES_DEL_SALADO/Cell:eNodeB Function Name=L_GUA11147_JARDINES_DEL_SALADO, Local Cell ID=1, Cell Name=L_GUA11147_JARDINES_DEL_SALADO_1, eNodeB ID=11147, Cell FDD TDD indication=CELL_FDD",Reliable,5.607,1.071
2026-04-11 04:00,60,"PIC_OLM_OLMEDO_COUB_UL/Cell:eNodeB Function Name=PIC_OLM_OLMEDO_COUB_L, Local Cell ID=7, Cell Name=PIC_OLM_OLMEDO_COUB_APT_7, eNodeB ID=44413, Cell FDD TDD indication=CELL_FDD",Reliable,38.19,8.56
2026-04-11 04:00,60,"PIC_OLM_OLMEDO_COUB_UL/Cell:eNodeB Function Name=PIC_OLM_OLMEDO_COUB_L, Local Cell ID=8, Cell Name=PIC_OLM_OLMEDO_COUB_APT_8, eNodeB ID=44413, Cell FDD TDD indication=CELL_FDD",Reliable,112.946,7.884
2026-04-11 04:00,60,"PIC_OLM_OLMEDO_COUB_UL/Cell:eNodeB Function Name=PIC_OLM_OLMEDO_COUB_L, Local Cell ID=9, Cell Name=PIC_OLM_OLMEDO_COUB_APT_9, eNodeB ID=44413, Cell FDD TDD indication=CELL_FDD",Reliable,816.358,44.807
2026-04-11 04:00,60,"ESM_QND_QUININDE_SUR_UL/Cell:eNodeB Function Name=ESM_QND_QUININDE_SUR_L, Local Cell ID=7, Cell Name=ESM_QND_QUININDE_SUR_APT_7, eNodeB ID=44628, Cell FDD TDD indication=CELL_FDD",Reliable,65.986,7.291
2026-04-11 04:00,60,"ESM_QND_QUININDE_SUR_UL/Cell:eNodeB Function Name=ESM_QND_QUININDE_SUR_L, Local Cell ID=8, Cell Name=ESM_QND_QUININDE_SUR_APT_8, eNodeB ID=44628, Cell FDD TDD indication=CELL_FDD",Reliable,19.646,2.38
2026-04-11 04:00,60,"ESM_QND_QUININDE_SUR_UL/Cell:eNodeB Function Name=ESM_QND_QUININDE_SUR_L, Local Cell ID=9, Cell Name=ESM_QND_QUININDE_SUR_APT_9, eNodeB ID=44628, Cell FDD TDD indication=CELL_FDD",Reliable,374.02,18.273
2026-04-11 04:00,60,"ESM_QND_QUININDE_UL/Cell:eNodeB Function Name=ESM_QND_QUININDE_L, Local Cell ID=7, Cell Name=ESM_QND_QUININDE_APT_7, eNodeB ID=44627, Cell FDD TDD indication=CELL_FDD",Reliable,1.632,0.701
2026-04-11 04:00,60,"ESM_QND_QUININDE_UL/Cell:eNodeB Function Name=ESM_QND_QUININDE_L, Local Cell ID=8, Cell Name=ESM_QND_QUININDE_APT_8, eNodeB ID=44627, Cell FDD TDD indication=CELL_FDD",Reliable,2.987,2.44
2026-04-11 04:00,60,"ESM_QND_QUININDE_UL/Cell:eNodeB Function Name=ESM_QND_QUININDE_L, Local Cell ID=9, Cell Name=ESM_QND_QUININDE_APT_9, eNodeB ID=44627, Cell FDD TDD indication=CELL_FDD",Reliable,81.641,10.107
2026-04-11 04:00,60,"L_GUA11078_LA_CHALA/Cell:eNodeB Function Name=L_GUA11078_LA_CHALA, Local Cell ID=9, Cell Name=L_GUA11078_LA_CHALA_9, eNodeB ID=11078, Cell FDD TDD indication=CELL_FDD",Reliable,10.872,2.469
2026-04-11 04:00,60,"L_GUA11078_LA_CHALA/Cell:eNodeB Function Name=L_GUA11078_LA_CHALA, Local Cell ID=8, Cell Name=L_GUA11078_LA_CHALA_8, eNodeB ID=11078, Cell FDD TDD indication=CELL_FDD",Reliable,2.478,5.511
2026-04-11 04:00,60,"L_GUA11078_LA_CHALA/Cell:eNodeB Function Name=L_GUA11078_LA_CHALA, Local Cell ID=7, Cell Name=L_GUA11078_LA_CHALA_7, eNodeB ID=11078, Cell FDD TDD indication=CELL_FDD",Reliable,185.486,74.202
2026-04-11 04:00,60,"L_GUA11078_LA_CHALA/Cell:eNodeB Function Name=L_GUA11078_LA_CHALA, Local Cell ID=3, Cell Name=L_GUA11078_LA_CHALA_3, eNodeB ID=11078, Cell FDD TDD indication=CELL_FDD",Reliable,82.924,15.53
2026-04-11 04:00,60,"L_GUA11078_LA_CHALA/Cell:eNodeB Function Name=L_GUA11078_LA_CHALA, Local Cell ID=2, Cell Name=L_GUA11078_LA_CHALA_2, eNodeB ID=11078, Cell FDD TDD indication=CELL_FDD",Reliable,70.797,39.812
2026-04-11 04:00,60,"L_GUA11078_LA_CHALA/Cell:eNodeB Function Name=L_GUA11078_LA_CHALA, Local Cell ID=1, Cell Name=L_GUA11078_LA_CHALA_1, eNodeB ID=11078, Cell FDD TDD indication=CELL_FDD",Reliable,303.611,34.028
2026-04-11 04:00,60,"COT_SAL_LOCOA_UL/Cell:eNodeB Function Name=COT_SAL_LOCOA_L, Local Cell ID=7, Cell Name=COT_SAL_LOCOA_APT_7, eNodeB ID=43503, Cell FDD TDD indication=CELL_FDD",Reliable,71.338,10.685
2026-04-11 04:00,60,"COT_SAL_LOCOA_UL/Cell:eNodeB Function Name=COT_SAL_LOCOA_L, Local Cell ID=8, Cell Name=COT_SAL_LOCOA_APT_8, eNodeB ID=43503, Cell FDD TDD indication=CELL_FDD",Reliable,192.552,12.622
2026-04-11 04:00,60,"COT_SAL_LOCOA_UL/Cell:eNodeB Function Name=COT_SAL_LOCOA_L, Local Cell ID=9, Cell Name=COT_SAL_LOCOA_APT_9, eNodeB ID=43503, Cell FDD TDD indication=CELL_FDD",Reliable,97.493,50.01
2026-04-11 04:00,60,"L_GUA11023_ESCLUSAS/Cell:eNodeB Function Name=L_GUA11023_ESCLUSAS, Local Cell ID=9, Cell Name=L_GUA11023_ESCLUSAS_9, eNodeB ID=11023, Cell FDD TDD indication=CELL_FDD",Reliable,36.393,6.235
2026-04-11 04:00,60,"L_GUA11023_ESCLUSAS/Cell:eNodeB Function Name=L_GUA11023_ESCLUSAS, Local Cell ID=8, Cell Name=L_GUA11023_ESCLUSAS_8, eNodeB ID=11023, Cell FDD TDD indication=CELL_FDD",Reliable,7.63,3.843
2026-04-11 04:00,60,"L_GUA11023_ESCLUSAS/Cell:eNodeB Function Name=L_GUA11023_ESCLUSAS, Local Cell ID=7, Cell Name=L_GUA11023_ESCLUSAS_7, eNodeB ID=11023, Cell FDD TDD indication=CELL_FDD",Reliable,565.589,21.759
2026-04-11 04:00,60,"L_GUA11023_ESCLUSAS/Cell:eNodeB Function Name=L_GUA11023_ESCLUSAS, Local Cell ID=3, Cell Name=L_GUA11023_ESCLUSAS_3, eNodeB ID=11023, Cell FDD TDD indication=CELL_FDD",Reliable,34.216,479.454
2026-04-11 04:00,60,"L_GUA11023_ESCLUSAS/Cell:eNodeB Function Name=L_GUA11023_ESCLUSAS, Local Cell ID=2, Cell Name=L_GUA11023_ESCLUSAS_2, eNodeB ID=11023, Cell FDD TDD indication=CELL_FDD",Reliable,105.482,11.409
2026-04-11 04:00,60,"L_GUA11023_ESCLUSAS/Cell:eNodeB Function Name=L_GUA11023_ESCLUSAS, Local Cell ID=1, Cell Name=L_GUA11023_ESCLUSAS_1, eNodeB ID=11023, Cell FDD TDD indication=CELL_FDD",Reliable,190.487,74.927
2026-04-11 04:00,60,"L_GUA11200_LAS_ACACIAS_NGYE/Cell:eNodeB Function Name=L_GUA11200_LAS_ACACIAS_NGYE, Local Cell ID=9, Cell Name=L_GUA11200_LAS_ACACIAS_NGYE_9, eNodeB ID=11200, Cell FDD TDD indication=CELL_FDD",Reliable,3.279,1.587
2026-04-11 04:00,60,"L_GUA11200_LAS_ACACIAS_NGYE/Cell:eNodeB Function Name=L_GUA11200_LAS_ACACIAS_NGYE, Local Cell ID=8, Cell Name=L_GUA11200_LAS_ACACIAS_NGYE_8, eNodeB ID=11200, Cell FDD TDD indication=CELL_FDD",Reliable,7.99,23.388
2026-04-11 04:00,60,"L_GUA11200_LAS_ACACIAS_NGYE/Cell:eNodeB Function Name=L_GUA11200_LAS_ACACIAS_NGYE, Local Cell ID=7, Cell Name=L_GUA11200_LAS_ACACIAS_NGYE_7, eNodeB ID=11200, Cell FDD TDD indication=CELL_FDD",Reliable,0.463,0.688
2026-04-11 04:00,60,"L_GUA11200_LAS_ACACIAS_NGYE/Cell:eNodeB Function Name=L_GUA11200_LAS_ACACIAS_NGYE, Local Cell ID=3, Cell Name=L_GUA11200_LAS_ACACIAS_NGYE_3, eNodeB ID=11200, Cell FDD TDD indication=CELL_FDD",Reliable,38.789,8.215
2026-04-11 04:00,60,"L_GUA11200_LAS_ACACIAS_NGYE/Cell:eNodeB Function Name=L_GUA11200_LAS_ACACIAS_NGYE, Local Cell ID=2, Cell Name=L_GUA11200_LAS_ACACIAS_NGYE_2, eNodeB ID=11200, Cell FDD TDD indication=CELL_FDD",Reliable,26.739,5.98
2026-04-11 04:00,60,"L_GUA11200_LAS_ACACIAS_NGYE/Cell:eNodeB Function Name=L_GUA11200_LAS_ACACIAS_NGYE, Local Cell ID=1, Cell Name=L_GUA11200_LAS_ACACIAS_NGYE_1, eNodeB ID=11200, Cell FDD TDD indication=CELL_FDD",Reliable,121.824,26.078
2026-04-11 04:00,60,"L_GUA11081_LA_PAZ/Cell:eNodeB Function Name=L_GUA11081_LA_PAZ, Local Cell ID=9, Cell Name=L_GUA11081_LA_PAZ_9, eNodeB ID=11081, Cell FDD TDD indication=CELL_FDD",Reliable,8.347,10.326
2026-04-11 04:00,60,"L_GUA11081_LA_PAZ/Cell:eNodeB Function Name=L_GUA11081_LA_PAZ, Local Cell ID=8, Cell Name=L_GUA11081_LA_PAZ_8, eNodeB ID=11081, Cell FDD TDD indication=CELL_FDD",Reliable,22.672,4.813
2026-04-11 04:00,60,"L_GUA11081_LA_PAZ/Cell:eNodeB Function Name=L_GUA11081_LA_PAZ, Local Cell ID=7, Cell Name=L_GUA11081_LA_PAZ_7, eNodeB ID=11081, Cell FDD TDD indication=CELL_FDD",Reliable,89.181,8.405
2026-04-11 04:00,60,"L_GUA11081_LA_PAZ/Cell:eNodeB Function Name=L_GUA11081_LA_PAZ, Local Cell ID=3, Cell Name=L_GUA11081_LA_PAZ_3, eNodeB ID=11081, Cell FDD TDD indication=CELL_FDD",Reliable,30.048,15.6
2026-04-11 04:00,60,"L_GUA11081_LA_PAZ/Cell:eNodeB Function Name=L_GUA11081_LA_PAZ, Local Cell ID=2, Cell Name=L_GUA11081_LA_PAZ_2, eNodeB ID=11081, Cell FDD TDD indication=CELL_FDD",Reliable,200.368,20.674
2026-04-11 04:00,60,"L_GUA11081_LA_PAZ/Cell:eNodeB Function Name=L_GUA11081_LA_PAZ, Local Cell ID=1, Cell Name=L_GUA11081_LA_PAZ_1, eNodeB ID=11081, Cell FDD TDD indication=CELL_FDD",Reliable,46.714,22.798
2026-04-11 04:00,60,"L_GUA11302_GUA_GYE_208/Cell:eNodeB Function Name=L_GUA11302_GUA_GYE_208, Local Cell ID=3, Cell Name=L_GUA11302_GUA_GYE_208_3, eNodeB ID=11302, Cell FDD TDD indication=CELL_FDD",Reliable,90.939,12.583
2026-04-11 04:00,60,"L_GUA11302_GUA_GYE_208/Cell:eNodeB Function Name=L_GUA11302_GUA_GYE_208, Local Cell ID=2, Cell Name=L_GUA11302_GUA_GYE_208_2, eNodeB ID=11302, Cell FDD TDD indication=CELL_FDD",Reliable,2.949,1.754
2026-04-11 04:00,60,"L_GUA11302_GUA_GYE_208/Cell:eNodeB Function Name=L_GUA11302_GUA_GYE_208, Local Cell ID=1, Cell Name=L_GUA11302_GUA_GYE_208_1, eNodeB ID=11302, Cell FDD TDD indication=CELL_FDD",Reliable,0.999,0.892
2026-04-11 04:00,60,"L_GUA11079_LA_FLORESTA_GYE/Cell:eNodeB Function Name=L_GUA11079_LA_FLORESTA_GYE, Local Cell ID=9, Cell Name=L_GUA11079_LA_FLORESTA_GYE_9, eNodeB ID=11079, Cell FDD TDD indication=CELL_FDD",Reliable,68.726,9.761
2026-04-11 04:00,60,"L_GUA11079_LA_FLORESTA_GYE/Cell:eNodeB Function Name=L_GUA11079_LA_FLORESTA_GYE, Local Cell ID=8, Cell Name=L_GUA11079_LA_FLORESTA_GYE_8, eNodeB ID=11079, Cell FDD TDD indication=CELL_FDD",Reliable,0.598,0.415
2026-04-11 04:00,60,"L_GUA11079_LA_FLORESTA_GYE/Cell:eNodeB Function Name=L_GUA11079_LA_FLORESTA_GYE, Local Cell ID=7, Cell Name=L_GUA11079_LA_FLORESTA_GYE_7, eNodeB ID=11079, Cell FDD TDD indication=CELL_FDD",Reliable,10.95,0.965
2026-04-11 04:00,60,"L_GUA11079_LA_FLORESTA_GYE/Cell:eNodeB Function Name=L_GUA11079_LA_FLORESTA_GYE, Local Cell ID=3, Cell Name=L_GUA11079_LA_FLORESTA_GYE_3, eNodeB ID=11079, Cell FDD TDD indication=CELL_FDD",Reliable,12.722,5.592
2026-04-11 04:00,60,"L_GUA11079_LA_FLORESTA_GYE/Cell:eNodeB Function Name=L_GUA11079_LA_FLORESTA_GYE, Local Cell ID=2, Cell Name=L_GUA11079_LA_FLORESTA_GYE_2, eNodeB ID=11079, Cell FDD TDD indication=CELL_FDD",Reliable,3.757,1.598
2026-04-11 04:00,60,"L_GUA11079_LA_FLORESTA_GYE/Cell:eNodeB Function Name=L_GUA11079_LA_FLORESTA_GYE, Local Cell ID=1, Cell Name=L_GUA11079_LA_FLORESTA_GYE_1, eNodeB ID=11079, Cell FDD TDD indication=CELL_FDD",Reliable,104.528,14.225
2026-04-11 04:00,60,"L_GUA11019_LETAMENDI/Cell:eNodeB Function Name=L_GUA11019_LETAMENDI, Local Cell ID=9, Cell Name=L_GUA11019_LETAMENDI_9, eNodeB ID=11019, Cell FDD TDD indication=CELL_FDD",Reliable,1.37,0.194
2026-04-11 04:00,60,"L_GUA11019_LETAMENDI/Cell:eNodeB Function Name=L_GUA11019_LETAMENDI, Local Cell ID=8, Cell Name=L_GUA11019_LETAMENDI_8, eNodeB ID=11019, Cell FDD TDD indication=CELL_FDD",Reliable,0.093,0.112
2026-04-11 04:00,60,"L_GUA11019_LETAMENDI/Cell:eNodeB Function Name=L_GUA11019_LETAMENDI, Local Cell ID=7, Cell Name=L_GUA11019_LETAMENDI_7, eNodeB ID=11019, Cell FDD TDD indication=CELL_FDD",Reliable,38.979,8.231
2026-04-11 04:00,60,"L_GUA11019_LETAMENDI/Cell:eNodeB Function Name=L_GUA11019_LETAMENDI, Local Cell ID=3, Cell Name=L_GUA11019_LETAMENDI_3, eNodeB ID=11019, Cell FDD TDD indication=CELL_FDD",Reliable,106.188,17.274
2026-04-11 04:00,60,"L_GUA11019_LETAMENDI/Cell:eNodeB Function Name=L_GUA11019_LETAMENDI, Local Cell ID=2, Cell Name=L_GUA11019_LETAMENDI_2, eNodeB ID=11019, Cell FDD TDD indication=CELL_FDD",Reliable,162.786,12.569
2026-04-11 04:00,60,"L_GUA11019_LETAMENDI/Cell:eNodeB Function Name=L_GUA11019_LETAMENDI, Local Cell ID=1, Cell Name=L_GUA11019_LETAMENDI_1, eNodeB ID=11019, Cell FDD TDD indication=CELL_FDD",Reliable,317.153,24.206
2026-04-11 04:00,60,"L_GUA11269_LOS_ESTEROS_GYE/Cell:eNodeB Function Name=L_GUA11269_LOS_ESTEROS_GYE, Local Cell ID=3, Cell Name=L_GUA11269_LOS_ESTEROS_GYE_3, eNodeB ID=11269, Cell FDD TDD indication=CELL_FDD",Reliable,114.794,52.864
2026-04-11 04:00,60,"L_GUA11269_LOS_ESTEROS_GYE/Cell:eNodeB Function Name=L_GUA11269_LOS_ESTEROS_GYE, Local Cell ID=2, Cell Name=L_GUA11269_LOS_ESTEROS_GYE_2, eNodeB ID=11269, Cell FDD TDD indication=CELL_FDD",Reliable,134.134,19.279
2026-04-11 04:00,60,"L_GUA11269_LOS_ESTEROS_GYE/Cell:eNodeB Function Name=L_GUA11269_LOS_ESTEROS_GYE, Local Cell ID=1, Cell Name=L_GUA11269_LOS_ESTEROS_GYE_1, eNodeB ID=11269, Cell FDD TDD indication=CELL_FDD",Reliable,379.05,21.977
2026-04-11 04:00,60,"L_GUA11082_LA_SAIBA/Cell:eNodeB Function Name=L_GUA11082_LA_SAIBA, Local Cell ID=9, Cell Name=L_GUA11082_LA_SAIBA_9, eNodeB ID=11082, Cell FDD TDD indication=CELL_FDD",Reliable,0.921,0.328
2026-04-11 04:00,60,"L_GUA11082_LA_SAIBA/Cell:eNodeB Function Name=L_GUA11082_LA_SAIBA, Local Cell ID=8, Cell Name=L_GUA11082_LA_SAIBA_8, eNodeB ID=11082, Cell FDD TDD indication=CELL_FDD",Reliable,7.963,2.998
2026-04-11 04:00,60,"L_GUA11082_LA_SAIBA/Cell:eNodeB Function Name=L_GUA11082_LA_SAIBA, Local Cell ID=7, Cell Name=L_GUA11082_LA_SAIBA_7, eNodeB ID=11082, Cell FDD TDD indication=CELL_FDD",Reliable,159.261,8.184
2026-04-11 04:00,60,"L_GUA11082_LA_SAIBA/Cell:eNodeB Function Name=L_GUA11082_LA_SAIBA, Local Cell ID=3, Cell Name=L_GUA11082_LA_SAIBA_3, eNodeB ID=11082, Cell FDD TDD indication=CELL_FDD",Reliable,91.419,4.731
2026-04-11 04:00,60,"L_GUA11082_LA_SAIBA/Cell:eNodeB Function Name=L_GUA11082_LA_SAIBA, Local Cell ID=2, Cell Name=L_GUA11082_LA_SAIBA_2, eNodeB ID=11082, Cell FDD TDD indication=CELL_FDD",Reliable,829.89,63.174
2026-04-11 04:00,60,"L_GUA11082_LA_SAIBA/Cell:eNodeB Function Name=L_GUA11082_LA_SAIBA, Local Cell ID=1, Cell Name=L_GUA11082_LA_SAIBA_1, eNodeB ID=11082, Cell FDD TDD indication=CELL_FDD",Reliable,543.509,24.256
2026-04-11 04:00,60,"L_GUA11015_PUERTO_NUEVO/Cell:eNodeB Function Name=L_GUA11015_PUERTO_NUEVO, Local Cell ID=9, Cell Name=L_GUA11015_PUERTO_NUEVO_9, eNodeB ID=11015, Cell FDD TDD indication=CELL_FDD",Reliable,3.512,1.545
2026-04-11 04:00,60,"L_GUA11015_PUERTO_NUEVO/Cell:eNodeB Function Name=L_GUA11015_PUERTO_NUEVO, Local Cell ID=8, Cell Name=L_GUA11015_PUERTO_NUEVO_8, eNodeB ID=11015, Cell FDD TDD indication=CELL_FDD",Reliable,51.514,5.6
2026-04-11 04:00,60,"L_GUA11015_PUERTO_NUEVO/Cell:eNodeB Function Name=L_GUA11015_PUERTO_NUEVO, Local Cell ID=7, Cell Name=L_GUA11015_PUERTO_NUEVO_7, eNodeB ID=11015, Cell FDD TDD indication=CELL_FDD",Reliable,103.169,6.008
2026-04-11 04:00,60,"L_GUA11015_PUERTO_NUEVO/Cell:eNodeB Function Name=L_GUA11015_PUERTO_NUEVO, Local Cell ID=3, Cell Name=L_GUA11015_PUERTO_NUEVO_3, eNodeB ID=11015, Cell FDD TDD indication=CELL_FDD",Reliable,179.334,16.381
2026-04-11 04:00,60,"L_GUA11015_PUERTO_NUEVO/Cell:eNodeB Function Name=L_GUA11015_PUERTO_NUEVO, Local Cell ID=2, Cell Name=L_GUA11015_PUERTO_NUEVO_2, eNodeB ID=11015, Cell FDD TDD indication=CELL_FDD",Reliable,54.898,11.607
2026-04-11 04:00,60,"L_GUA11015_PUERTO_NUEVO/Cell:eNodeB Function Name=L_GUA11015_PUERTO_NUEVO, Local Cell ID=1, Cell Name=L_GUA11015_PUERTO_NUEVO_1, eNodeB ID=11015, Cell FDD TDD indication=CELL_FDD",Reliable,180.838,21.198
2026-04-11 04:00,60,"L_GUA11083_LA_UNION_GYE/Cell:eNodeB Function Name=L_GUA11083_LA_UNION_GYE, Local Cell ID=3, Cell Name=L_GUA11083_LA_UNION_GYE_3, eNodeB ID=11083, Cell FDD TDD indication=CELL_FDD",Reliable,61.296,7.186
2026-04-11 04:00,60,"L_GUA11083_LA_UNION_GYE/Cell:eNodeB Function Name=L_GUA11083_LA_UNION_GYE, Local Cell ID=2, Cell Name=L_GUA11083_LA_UNION_GYE_2, eNodeB ID=11083, Cell FDD TDD indication=CELL_FDD",Reliable,115.338,8.241
2026-04-11 04:00,60,"L_GUA11083_LA_UNION_GYE/Cell:eNodeB Function Name=L_GUA11083_LA_UNION_GYE, Local Cell ID=1, Cell Name=L_GUA11083_LA_UNION_GYE_1, eNodeB ID=11083, Cell FDD TDD indication=CELL_FDD",Reliable,445.983,37.921
2026-04-11 04:00,60,"L_GUA11105_UNION_SUR/Cell:eNodeB Function Name=L_GUA11105_UNION_SUR, Local Cell ID=9, Cell Name=L_GUA11105_UNION_SUR_9, eNodeB ID=11105, Cell FDD TDD indication=CELL_FDD",Reliable,0.713,0.453
2026-04-11 04:00,60,"L_GUA11105_UNION_SUR/Cell:eNodeB Function Name=L_GUA11105_UNION_SUR, Local Cell ID=8, Cell Name=L_GUA11105_UNION_SUR_8, eNodeB ID=11105, Cell FDD TDD indication=CELL_FDD",Reliable,66.181,88.549
2026-04-11 04:00,60,"L_GUA11105_UNION_SUR/Cell:eNodeB Function Name=L_GUA11105_UNION_SUR, Local Cell ID=7, Cell Name=L_GUA11105_UNION_SUR_7, eNodeB ID=11105, Cell FDD TDD indication=CELL_FDD",Reliable,4.492,2.646
2026-04-11 04:00,60,"L_GUA11105_UNION_SUR/Cell:eNodeB Function Name=L_GUA11105_UNION_SUR, Local Cell ID=3, Cell Name=L_GUA11105_UNION_SUR_3, eNodeB ID=11105, Cell FDD TDD indication=CELL_FDD",Reliable,236.094,164.594
2026-04-11 04:00,60,"L_GUA11105_UNION_SUR/Cell:eNodeB Function Name=L_GUA11105_UNION_SUR, Local Cell ID=2, Cell Name=L_GUA11105_UNION_SUR_2, eNodeB ID=11105, Cell FDD TDD indication=CELL_FDD",Reliable,733.122,81.708
2026-04-11 04:00,60,"L_GUA11105_UNION_SUR/Cell:eNodeB Function Name=L_GUA11105_UNION_SUR, Local Cell ID=1, Cell Name=L_GUA11105_UNION_SUR_1, eNodeB ID=11105, Cell FDD TDD indication=CELL_FDD",Reliable,415.29,32.883
2026-04-11 04:00,60,"L_GUA11127_BASE_NAVAL/Cell:eNodeB Function Name=L_GUA11127_BASE_NAVAL, Local Cell ID=9, Cell Name=L_GUA11127_BASE_NAVAL_9, eNodeB ID=11127, Cell FDD TDD indication=CELL_FDD",Reliable,4.317,0.433
2026-04-11 04:00,60,"L_GUA11127_BASE_NAVAL/Cell:eNodeB Function Name=L_GUA11127_BASE_NAVAL, Local Cell ID=8, Cell Name=L_GUA11127_BASE_NAVAL_8, eNodeB ID=11127, Cell FDD TDD indication=CELL_FDD",Reliable,5.619,0.738
2026-04-11 04:00,60,"L_GUA11127_BASE_NAVAL/Cell:eNodeB Function Name=L_GUA11127_BASE_NAVAL, Local Cell ID=7, Cell Name=L_GUA11127_BASE_NAVAL_7, eNodeB ID=11127, Cell FDD TDD indication=CELL_FDD",Reliable,0,0
2026-04-11 04:00,60,"L_GUA11127_BASE_NAVAL/Cell:eNodeB Function Name=L_GUA11127_BASE_NAVAL, Local Cell ID=3, Cell Name=L_GUA11127_BASE_NAVAL_3, eNodeB ID=11127, Cell FDD TDD indication=CELL_FDD",Reliable,575.05,45.08
2026-04-11 04:00,60,"L_GUA11127_BASE_NAVAL/Cell:eNodeB Function Name=L_GUA11127_BASE_NAVAL, Local Cell ID=2, Cell Name=L_GUA11127_BASE_NAVAL_2, eNodeB ID=11127, Cell FDD TDD indication=CELL_FDD",Reliable,583.858,32.868
2026-04-11 04:00,60,"L_GUA11127_BASE_NAVAL/Cell:eNodeB Function Name=L_GUA11127_BASE_NAVAL, Local Cell ID=1, Cell Name=L_GUA11127_BASE_NAVAL_1, eNodeB ID=11127, Cell FDD TDD indication=CELL_FDD",Reliable,106.17,9.855
2026-04-11 04:00,60,"L_GUA11182_UNION_DE_BANANEROS/Cell:eNodeB Function Name=L_GUA11182_UNION_DE_BANANEROS, Local Cell ID=9, Cell Name=L_GUA11182_UNION_DE_BANANEROS_9, eNodeB ID=11182, Cell FDD TDD indication=CELL_FDD",Reliable,2.832,1.748
2026-04-11 04:00,60,"L_GUA11182_UNION_DE_BANANEROS/Cell:eNodeB Function Name=L_GUA11182_UNION_DE_BANANEROS, Local Cell ID=8, Cell Name=L_GUA11182_UNION_DE_BANANEROS_8, eNodeB ID=11182, Cell FDD TDD indication=CELL_FDD",Reliable,2.337,0.631
2026-04-11 04:00,60,"L_GUA11182_UNION_DE_BANANEROS/Cell:eNodeB Function Name=L_GUA11182_UNION_DE_BANANEROS, Local Cell ID=7, Cell Name=L_GUA11182_UNION_DE_BANANEROS_7, eNodeB ID=11182, Cell FDD TDD indication=CELL_FDD",Reliable,1.864,12.279
2026-04-11 04:00,60,"L_GUA11182_UNION_DE_BANANEROS/Cell:eNodeB Function Name=L_GUA11182_UNION_DE_BANANEROS, Local Cell ID=3, Cell Name=L_GUA11182_UNION_DE_BANANEROS_3, eNodeB ID=11182, Cell FDD TDD indication=CELL_FDD",Reliable,431.805,17.16
2026-04-11 04:00,60,"L_GUA11182_UNION_DE_BANANEROS/Cell:eNodeB Function Name=L_GUA11182_UNION_DE_BANANEROS, Local Cell ID=2, Cell Name=L_GUA11182_UNION_DE_BANANEROS_2, eNodeB ID=11182, Cell FDD TDD indication=CELL_FDD",Reliable,29.237,9.923
2026-04-11 04:00,60,"L_GUA11182_UNION_DE_BANANEROS/Cell:eNodeB Function Name=L_GUA11182_UNION_DE_BANANEROS, Local Cell ID=1, Cell Name=L_GUA11182_UNION_DE_BANANEROS_1, eNodeB ID=11182, Cell FDD TDD indication=CELL_FDD",Reliable,156.96,123.034
2026-04-11 04:00,60,"L_GUA11262_ESCLUSAS_OESTE/Cell:eNodeB Function Name=L_GUA11262_ESCLUSAS_OESTE, Local Cell ID=3, Cell Name=L_GUA11262_ESCLUSAS_OESTE_3, eNodeB ID=11262, Cell FDD TDD indication=CELL_FDD",Reliable,31.918,5.229
2026-04-11 04:00,60,"L_GUA11262_ESCLUSAS_OESTE/Cell:eNodeB Function Name=L_GUA11262_ESCLUSAS_OESTE, Local Cell ID=2, Cell Name=L_GUA11262_ESCLUSAS_OESTE_2, eNodeB ID=11262, Cell FDD TDD indication=CELL_FDD",Reliable,10.226,10.175
2026-04-11 04:00,60,"L_GUA11262_ESCLUSAS_OESTE/Cell:eNodeB Function Name=L_GUA11262_ESCLUSAS_OESTE, Local Cell ID=1, Cell Name=L_GUA11262_ESCLUSAS_OESTE_1, eNodeB ID=11262, Cell FDD TDD indication=CELL_FDD",Reliable,0.936,1.107
2026-04-11 04:00,60,"L_GUA11280_GUA_GYE_203/Cell:eNodeB Function Name=L_GUA11280_GUA_GYE_203, Local Cell ID=3, Cell Name=L_GUA11280_GUA_GYE_203_3, eNodeB ID=11280, Cell FDD TDD indication=CELL_FDD",Reliable,284.7,33.085
2026-04-11 04:00,60,"L_GUA11280_GUA_GYE_203/Cell:eNodeB Function Name=L_GUA11280_GUA_GYE_203, Local Cell ID=2, Cell Name=L_GUA11280_GUA_GYE_203_2, eNodeB ID=11280, Cell FDD TDD indication=CELL_FDD",Reliable,435.547,46.882
2026-04-11 04:00,60,"L_GUA11280_GUA_GYE_203/Cell:eNodeB Function Name=L_GUA11280_GUA_GYE_203, Local Cell ID=1, Cell Name=L_GUA11280_GUA_GYE_203_1, eNodeB ID=11280, Cell FDD TDD indication=CELL_FDD",Reliable,57.394,7.395
2026-04-11 04:00,60,"L_GUA11292_GUA_GYE_JULIO_POTES/Cell:eNodeB Function Name=L_GUA11292_GUA_GYE_JULIO_POTES, Local Cell ID=9, Cell Name=L_GUA11292_GUA_GYE_JULIO_POTES_9, eNodeB ID=11292, Cell FDD TDD indication=CELL_FDD",Reliable,29.318,3.12
2026-04-11 04:00,60,"L_GUA11292_GUA_GYE_JULIO_POTES/Cell:eNodeB Function Name=L_GUA11292_GUA_GYE_JULIO_POTES, Local Cell ID=8, Cell Name=L_GUA11292_GUA_GYE_JULIO_POTES_8, eNodeB ID=11292, Cell FDD TDD indication=CELL_FDD",Reliable,0.232,0.146
2026-04-11 04:00,60,"L_GUA11292_GUA_GYE_JULIO_POTES/Cell:eNodeB Function Name=L_GUA11292_GUA_GYE_JULIO_POTES, Local Cell ID=7, Cell Name=L_GUA11292_GUA_GYE_JULIO_POTES_7, eNodeB ID=11292, Cell FDD TDD indication=CELL_FDD",Reliable,1.433,0.382
2026-04-11 04:00,60,"L_GUA11292_GUA_GYE_JULIO_POTES/Cell:eNodeB Function Name=L_GUA11292_GUA_GYE_JULIO_POTES, Local Cell ID=3, Cell Name=L_GUA11292_GUA_GYE_JULIO_POTES_3, eNodeB ID=11292, Cell FDD TDD indication=CELL_FDD",Reliable,125.128,43.435
2026-04-11 04:00,60,"L_GUA11292_GUA_GYE_JULIO_POTES/Cell:eNodeB Function Name=L_GUA11292_GUA_GYE_JULIO_POTES, Local Cell ID=2, Cell Name=L_GUA11292_GUA_GYE_JULIO_POTES_2, eNodeB ID=11292, Cell FDD TDD indication=CELL_FDD",Reliable,27.317,3.157
2026-04-11 04:00,60,"L_GUA11292_GUA_GYE_JULIO_POTES/Cell:eNodeB Function Name=L_GUA11292_GUA_GYE_JULIO_POTES, Local Cell ID=1, Cell Name=L_GUA11292_GUA_GYE_JULIO_POTES_1, eNodeB ID=11292, Cell FDD TDD indication=CELL_FDD",Reliable,12.224,5.19
2026-04-11 04:00,60,"L_GUA11434_GUA_GYE_GUAYAS_Y_QUIL/Cell:eNodeB Function Name=L_GUA11434_GUA_GYE_GUAYAS_Y_QUIL, Local Cell ID=9, Cell Name=L_GUA11434_GUA_GYE_GUAYAS_Y_QUIL_9, eNodeB ID=11434, Cell FDD TDD indication=CELL_FDD",Reliable,727.152,99.334
2026-04-11 04:00,60,"L_GUA11434_GUA_GYE_GUAYAS_Y_QUIL/Cell:eNodeB Function Name=L_GUA11434_GUA_GYE_GUAYAS_Y_QUIL, Local Cell ID=8, Cell Name=L_GUA11434_GUA_GYE_GUAYAS_Y_QUIL_8, eNodeB ID=11434, Cell FDD TDD indication=CELL_FDD",Reliable,692.073,67.995
2026-04-11 04:00,60,"L_GUA11434_GUA_GYE_GUAYAS_Y_QUIL/Cell:eNodeB Function Name=L_GUA11434_GUA_GYE_GUAYAS_Y_QUIL, Local Cell ID=7, Cell Name=L_GUA11434_GUA_GYE_GUAYAS_Y_QUIL_7, eNodeB ID=11434, Cell FDD TDD indication=CELL_FDD",Reliable,1.278,0.865
2026-04-11 04:00,60,"L_GUA11434_GUA_GYE_GUAYAS_Y_QUIL/Cell:eNodeB Function Name=L_GUA11434_GUA_GYE_GUAYAS_Y_QUIL, Local Cell ID=3, Cell Name=L_GUA11434_GUA_GYE_GUAYAS_Y_QUIL_3, eNodeB ID=11434, Cell FDD TDD indication=CELL_FDD",Reliable,3430.599,265.695
2026-04-11 04:00,60,"L_GUA11434_GUA_GYE_GUAYAS_Y_QUIL/Cell:eNodeB Function Name=L_GUA11434_GUA_GYE_GUAYAS_Y_QUIL, Local Cell ID=2, Cell Name=L_GUA11434_GUA_GYE_GUAYAS_Y_QUIL_2, eNodeB ID=11434, Cell FDD TDD indication=CELL_FDD",Reliable,295.241,26.077
2026-04-11 04:00,60,"L_GUA11434_GUA_GYE_GUAYAS_Y_QUIL/Cell:eNodeB Function Name=L_GUA11434_GUA_GYE_GUAYAS_Y_QUIL, Local Cell ID=1, Cell Name=L_GUA11434_GUA_GYE_GUAYAS_Y_QUIL_1, eNodeB ID=11434, Cell FDD TDD indication=CELL_FDD",Reliable,19.447,5.789
2026-04-11 04:00,60,"L_GUA11211_GUA_GYE_H_GUASM_S/Cell:eNodeB Function Name=L_GUA11211_GUA_GYE_H_GUASM_S, Local Cell ID=9, Cell Name=L_GUA11211_GUA_GYE_H_GUASM_S_9, eNodeB ID=11211, Cell FDD TDD indication=CELL_FDD",Reliable,929.437,237.598
2026-04-11 04:00,60,"L_GUA11211_GUA_GYE_H_GUASM_S/Cell:eNodeB Function Name=L_GUA11211_GUA_GYE_H_GUASM_S, Local Cell ID=8, Cell Name=L_GUA11211_GUA_GYE_H_GUASM_S_8, eNodeB ID=11211, Cell FDD TDD indication=CELL_FDD",Reliable,38.567,3.773
2026-04-11 04:00,60,"L_GUA11211_GUA_GYE_H_GUASM_S/Cell:eNodeB Function Name=L_GUA11211_GUA_GYE_H_GUASM_S, Local Cell ID=7, Cell Name=L_GUA11211_GUA_GYE_H_GUASM_S_7, eNodeB ID=11211, Cell FDD TDD indication=CELL_FDD",Reliable,3.497,1.834
2026-04-11 04:00,60,"L_GUA11211_GUA_GYE_H_GUASM_S/Cell:eNodeB Function Name=L_GUA11211_GUA_GYE_H_GUASM_S, Local Cell ID=3, Cell Name=L_GUA11211_GUA_GYE_H_GUASM_S_3, eNodeB ID=11211, Cell FDD TDD indication=CELL_FDD",Reliable,1552.349,121.41
2026-04-11 04:00,60,"L_GUA11211_GUA_GYE_H_GUASM_S/Cell:eNodeB Function Name=L_GUA11211_GUA_GYE_H_GUASM_S, Local Cell ID=2, Cell Name=L_GUA11211_GUA_GYE_H_GUASM_S_2, eNodeB ID=11211, Cell FDD TDD indication=CELL_FDD",Reliable,132.172,14.888
2026-04-11 04:00,60,"L_GUA11211_GUA_GYE_H_GUASM_S/Cell:eNodeB Function Name=L_GUA11211_GUA_GYE_H_GUASM_S, Local Cell ID=1, Cell Name=L_GUA11211_GUA_GYE_H_GUASM_S_1, eNodeB ID=11211, Cell FDD TDD indication=CELL_FDD",Reliable,118.856,9.677
2026-04-11 04:00,60,"L_GUA11009_EL_GUASMO/Cell:eNodeB Function Name=L_GUA11009_EL_GUASMO, Local Cell ID=9, Cell Name=L_GUA11009_EL_GUASMO_9, eNodeB ID=11009, Cell FDD TDD indication=CELL_FDD",Reliable,275.799,18.056
2026-04-11 04:00,60,"L_GUA11009_EL_GUASMO/Cell:eNodeB Function Name=L_GUA11009_EL_GUASMO, Local Cell ID=8, Cell Name=L_GUA11009_EL_GUASMO_8, eNodeB ID=11009, Cell FDD TDD indication=CELL_FDD",Reliable,14.515,2.433
2026-04-11 04:00,60,"L_GUA11009_EL_GUASMO/Cell:eNodeB Function Name=L_GUA11009_EL_GUASMO, Local Cell ID=7, Cell Name=L_GUA11009_EL_GUASMO_7, eNodeB ID=11009, Cell FDD TDD indication=CELL_FDD",Reliable,2.558,0.499
2026-04-11 04:00,60,"L_GUA11009_EL_GUASMO/Cell:eNodeB Function Name=L_GUA11009_EL_GUASMO, Local Cell ID=3, Cell Name=L_GUA11009_EL_GUASMO_3, eNodeB ID=11009, Cell FDD TDD indication=CELL_FDD",Reliable,248.44,24.573
2026-04-11 04:00,60,"L_GUA11009_EL_GUASMO/Cell:eNodeB Function Name=L_GUA11009_EL_GUASMO, Local Cell ID=2, Cell Name=L_GUA11009_EL_GUASMO_2, eNodeB ID=11009, Cell FDD TDD indication=CELL_FDD",Reliable,19.845,9.93
2026-04-11 04:00,60,"L_GUA11009_EL_GUASMO/Cell:eNodeB Function Name=L_GUA11009_EL_GUASMO, Local Cell ID=1, Cell Name=L_GUA11009_EL_GUASMO_1, eNodeB ID=11009, Cell FDD TDD indication=CELL_FDD",Reliable,70.29,11.245
2026-04-11 04:00,60,"L_GUA11037_GUASMO_SUR_TEM/Cell:eNodeB Function Name=L_GUA11037_GUASMO_SUR_TEM, Local Cell ID=9, Cell Name=L_GUA11037_GUASMO_SUR_TEM_9, eNodeB ID=11037, Cell FDD TDD indication=CELL_FDD",Reliable,106.274,16.185
2026-04-11 04:00,60,"L_GUA11037_GUASMO_SUR_TEM/Cell:eNodeB Function Name=L_GUA11037_GUASMO_SUR_TEM, Local Cell ID=8, Cell Name=L_GUA11037_GUASMO_SUR_TEM_8, eNodeB ID=11037, Cell FDD TDD indication=CELL_FDD",Reliable,0.703,0.577
2026-04-11 04:00,60,"L_GUA11037_GUASMO_SUR_TEM/Cell:eNodeB Function Name=L_GUA11037_GUASMO_SUR_TEM, Local Cell ID=7, Cell Name=L_GUA11037_GUASMO_SUR_TEM_7, eNodeB ID=11037, Cell FDD TDD indication=CELL_FDD",Reliable,1073.97,44.272
2026-04-11 04:00,60,"L_GUA11037_GUASMO_SUR_TEM/Cell:eNodeB Function Name=L_GUA11037_GUASMO_SUR_TEM, Local Cell ID=3, Cell Name=L_GUA11037_GUASMO_SUR_TEM_3, eNodeB ID=11037, Cell FDD TDD indication=CELL_FDD",Reliable,507.912,79.288
2026-04-11 04:00,60,"L_GUA11037_GUASMO_SUR_TEM/Cell:eNodeB Function Name=L_GUA11037_GUASMO_SUR_TEM, Local Cell ID=2, Cell Name=L_GUA11037_GUASMO_SUR_TEM_2, eNodeB ID=11037, Cell FDD TDD indication=CELL_FDD",Reliable,7.148,3.775
2026-04-11 04:00,60,"L_GUA11037_GUASMO_SUR_TEM/Cell:eNodeB Function Name=L_GUA11037_GUASMO_SUR_TEM, Local Cell ID=1, Cell Name=L_GUA11037_GUASMO_SUR_TEM_1, eNodeB ID=11037, Cell FDD TDD indication=CELL_FDD",Reliable,148.47,12.734
2026-04-11 04:00,60,"L_GUA11048_MALL_DEL_SUR/Cell:eNodeB Function Name=L_GUA11048_MALL_DEL_SUR, Local Cell ID=9, Cell Name=L_GUA11048_MALL_DEL_SUR_9, eNodeB ID=11048, Cell FDD TDD indication=CELL_FDD",Reliable,1.133,0.987
2026-04-11 04:00,60,"L_GUA11048_MALL_DEL_SUR/Cell:eNodeB Function Name=L_GUA11048_MALL_DEL_SUR, Local Cell ID=8, Cell Name=L_GUA11048_MALL_DEL_SUR_8, eNodeB ID=11048, Cell FDD TDD indication=CELL_FDD",Reliable,389.646,47.336
2026-04-11 04:00,60,"L_GUA11048_MALL_DEL_SUR/Cell:eNodeB Function Name=L_GUA11048_MALL_DEL_SUR, Local Cell ID=7, Cell Name=L_GUA11048_MALL_DEL_SUR_7, eNodeB ID=11048, Cell FDD TDD indication=CELL_FDD",Reliable,0.554,0.631
2026-04-11 04:00,60,"L_GUA11048_MALL_DEL_SUR/Cell:eNodeB Function Name=L_GUA11048_MALL_DEL_SUR, Local Cell ID=3, Cell Name=L_GUA11048_MALL_DEL_SUR_3, eNodeB ID=11048, Cell FDD TDD indication=CELL_FDD",Reliable,59.865,3.682
2026-04-11 04:00,60,"L_GUA11048_MALL_DEL_SUR/Cell:eNodeB Function Name=L_GUA11048_MALL_DEL_SUR, Local Cell ID=2, Cell Name=L_GUA11048_MALL_DEL_SUR_2, eNodeB ID=11048, Cell FDD TDD indication=CELL_FDD",Reliable,920.528,70.271
2026-04-11 04:00,60,"L_GUA11048_MALL_DEL_SUR/Cell:eNodeB Function Name=L_GUA11048_MALL_DEL_SUR, Local Cell ID=1, Cell Name=L_GUA11048_MALL_DEL_SUR_1, eNodeB ID=11048, Cell FDD TDD indication=CELL_FDD",Reliable,31.357,6.368
2026-04-11 04:00,60,"L_GUA11072_FERTISA/Cell:eNodeB Function Name=L_GUA11072_FERTISA, Local Cell ID=9, Cell Name=L_GUA11072_FERTISA_9, eNodeB ID=11072, Cell FDD TDD indication=CELL_FDD",Reliable,6.385,88.636
2026-04-11 04:00,60,"L_GUA11072_FERTISA/Cell:eNodeB Function Name=L_GUA11072_FERTISA, Local Cell ID=8, Cell Name=L_GUA11072_FERTISA_8, eNodeB ID=11072, Cell FDD TDD indication=CELL_FDD",Reliable,145.612,11.828
2026-04-11 04:00,60,"L_GUA11072_FERTISA/Cell:eNodeB Function Name=L_GUA11072_FERTISA, Local Cell ID=7, Cell Name=L_GUA11072_FERTISA_7, eNodeB ID=11072, Cell FDD TDD indication=CELL_FDD",Reliable,10.603,1.41
2026-04-11 04:00,60,"L_GUA11072_FERTISA/Cell:eNodeB Function Name=L_GUA11072_FERTISA, Local Cell ID=3, Cell Name=L_GUA11072_FERTISA_3, eNodeB ID=11072, Cell FDD TDD indication=CELL_FDD",Reliable,80.552,21.169
2026-04-11 04:00,60,"L_GUA11072_FERTISA/Cell:eNodeB Function Name=L_GUA11072_FERTISA, Local Cell ID=2, Cell Name=L_GUA11072_FERTISA_2, eNodeB ID=11072, Cell FDD TDD indication=CELL_FDD",Reliable,62.547,7.103
2026-04-11 04:00,60,"L_GUA11072_FERTISA/Cell:eNodeB Function Name=L_GUA11072_FERTISA, Local Cell ID=1, Cell Name=L_GUA11072_FERTISA_1, eNodeB ID=11072, Cell FDD TDD indication=CELL_FDD",Reliable,99.192,9.268
2026-04-11 04:00,60,"L_GUA11266_GUA_GYE_204/Cell:eNodeB Function Name=L_GUA11266_GUA_GYE_204, Local Cell ID=3, Cell Name=L_GUA11266_GUA_GYE_LA_FLORESTA_TRES_3, eNodeB ID=11266, Cell FDD TDD indication=CELL_FDD",Reliable,2.586,0.937
2026-04-11 04:00,60,"L_GUA11266_GUA_GYE_204/Cell:eNodeB Function Name=L_GUA11266_GUA_GYE_204, Local Cell ID=2, Cell Name=L_GUA11266_GUA_GYE_LA_FLORESTA_TRES_2, eNodeB ID=11266, Cell FDD TDD indication=CELL_FDD",Reliable,118.113,8.313
2026-04-11 04:00,60,"L_GUA11266_GUA_GYE_204/Cell:eNodeB Function Name=L_GUA11266_GUA_GYE_204, Local Cell ID=1, Cell Name=L_GUA11266_GUA_GYE_LA_FLORESTA_TRES_1, eNodeB ID=11266, Cell FDD TDD indication=CELL_FDD",Reliable,4.247,2.782
2026-04-11 04:00,60,"L_GUA11007_GUAYAQUIL_CISNE/Cell:eNodeB Function Name=L_GUA11007_GUAYAQUIL_CISNE, Local Cell ID=9, Cell Name=L_GUA11007_GUAYAQUIL_CISNE_9, eNodeB ID=11007, Cell FDD TDD indication=CELL_FDD",Reliable,8.684,2.403
2026-04-11 04:00,60,"L_GUA11007_GUAYAQUIL_CISNE/Cell:eNodeB Function Name=L_GUA11007_GUAYAQUIL_CISNE, Local Cell ID=8, Cell Name=L_GUA11007_GUAYAQUIL_CISNE_8, eNodeB ID=11007, Cell FDD TDD indication=CELL_FDD",Reliable,11.149,2.361
2026-04-11 04:00,60,"L_GUA11007_GUAYAQUIL_CISNE/Cell:eNodeB Function Name=L_GUA11007_GUAYAQUIL_CISNE, Local Cell ID=7, Cell Name=L_GUA11007_GUAYAQUIL_CISNE_7, eNodeB ID=11007, Cell FDD TDD indication=CELL_FDD",Reliable,3.935,2.552
2026-04-11 04:00,60,"L_GUA11007_GUAYAQUIL_CISNE/Cell:eNodeB Function Name=L_GUA11007_GUAYAQUIL_CISNE, Local Cell ID=3, Cell Name=L_GUA11007_GUAYAQUIL_CISNE_3, eNodeB ID=11007, Cell FDD TDD indication=CELL_FDD",Reliable,352.026,20.706
2026-04-11 04:00,60,"L_GUA11007_GUAYAQUIL_CISNE/Cell:eNodeB Function Name=L_GUA11007_GUAYAQUIL_CISNE, Local Cell ID=2, Cell Name=L_GUA11007_GUAYAQUIL_CISNE_2, eNodeB ID=11007, Cell FDD TDD indication=CELL_FDD",Reliable,845.561,74.13
2026-04-11 04:00,60,"L_GUA11007_GUAYAQUIL_CISNE/Cell:eNodeB Function Name=L_GUA11007_GUAYAQUIL_CISNE, Local Cell ID=1, Cell Name=L_GUA11007_GUAYAQUIL_CISNE_1, eNodeB ID=11007, Cell FDD TDD indication=CELL_FDD",Reliable,47.817,12.824
2026-04-11 04:00,60,"L_GUA11012_ISLA_TRINITARIA/Cell:eNodeB Function Name=L_GUA11012_ISLA_TRINITARIA, Local Cell ID=9, Cell Name=L_GUA11012_ISLA_TRINITARIA_9, eNodeB ID=11012, Cell FDD TDD indication=CELL_FDD",Reliable,53.395,28.188
2026-04-11 04:00,60,"L_GUA11012_ISLA_TRINITARIA/Cell:eNodeB Function Name=L_GUA11012_ISLA_TRINITARIA, Local Cell ID=8, Cell Name=L_GUA11012_ISLA_TRINITARIA_8, eNodeB ID=11012, Cell FDD TDD indication=CELL_FDD",Reliable,87.825,10.839
2026-04-11 04:00,60,"L_GUA11012_ISLA_TRINITARIA/Cell:eNodeB Function Name=L_GUA11012_ISLA_TRINITARIA, Local Cell ID=7, Cell Name=L_GUA11012_ISLA_TRINITARIA_7, eNodeB ID=11012, Cell FDD TDD indication=CELL_FDD",Reliable,78.568,19.806
2026-04-11 04:00,60,"L_GUA11012_ISLA_TRINITARIA/Cell:eNodeB Function Name=L_GUA11012_ISLA_TRINITARIA, Local Cell ID=3, Cell Name=L_GUA11012_ISLA_TRINITARIA_3, eNodeB ID=11012, Cell FDD TDD indication=CELL_FDD",Reliable,728.169,145.269
2026-04-11 04:00,60,"L_GUA11012_ISLA_TRINITARIA/Cell:eNodeB Function Name=L_GUA11012_ISLA_TRINITARIA, Local Cell ID=2, Cell Name=L_GUA11012_ISLA_TRINITARIA_2, eNodeB ID=11012, Cell FDD TDD indication=CELL_FDD",Reliable,147.189,12.559
2026-04-11 04:00,60,"L_GUA11012_ISLA_TRINITARIA/Cell:eNodeB Function Name=L_GUA11012_ISLA_TRINITARIA, Local Cell ID=1, Cell Name=L_GUA11012_ISLA_TRINITARIA_1, eNodeB ID=11012, Cell FDD TDD indication=CELL_FDD",Reliable,419.696,31.114
2026-04-11 04:00,60,"L_GUA11058_BATALLON/Cell:eNodeB Function Name=L_GUA11058_BATALLON, Local Cell ID=9, Cell Name=L_GUA11058_BATALLON_9, eNodeB ID=11058, Cell FDD TDD indication=CELL_FDD",Reliable,38.729,10.725
2026-04-11 04:00,60,"L_GUA11058_BATALLON/Cell:eNodeB Function Name=L_GUA11058_BATALLON, Local Cell ID=8, Cell Name=L_GUA11058_BATALLON_8, eNodeB ID=11058, Cell FDD TDD indication=CELL_FDD",Reliable,1.423,1.053
2026-04-11 04:00,60,"L_GUA11058_BATALLON/Cell:eNodeB Function Name=L_GUA11058_BATALLON, Local Cell ID=7, Cell Name=L_GUA11058_BATALLON_7, eNodeB ID=11058, Cell FDD TDD indication=CELL_FDD",Reliable,61.471,8.411
2026-04-11 04:00,60,"L_GUA11058_BATALLON/Cell:eNodeB Function Name=L_GUA11058_BATALLON, Local Cell ID=3, Cell Name=L_GUA11058_BATALLON_3, eNodeB ID=11058, Cell FDD TDD indication=CELL_FDD",Reliable,10.269,2.633
2026-04-11 04:00,60,"L_GUA11058_BATALLON/Cell:eNodeB Function Name=L_GUA11058_BATALLON, Local Cell ID=2, Cell Name=L_GUA11058_BATALLON_2, eNodeB ID=11058, Cell FDD TDD indication=CELL_FDD",Reliable,44.336,10.929
2026-04-11 04:00,60,"L_GUA11058_BATALLON/Cell:eNodeB Function Name=L_GUA11058_BATALLON, Local Cell ID=1, Cell Name=L_GUA11058_BATALLON_1, eNodeB ID=11058, Cell FDD TDD indication=CELL_FDD",Reliable,79.72,10.105
2026-04-11 04:00,60,"L_GUA11084_LETAMENDI_SUR/Cell:eNodeB Function Name=L_GUA11084_LETAMENDI_SUR, Local Cell ID=9, Cell Name=L_GUA11084_LETAMENDI_SUR_9, eNodeB ID=11084, Cell FDD TDD indication=CELL_FDD",Reliable,771.206,49.33
2026-04-11 04:00,60,"L_GUA11084_LETAMENDI_SUR/Cell:eNodeB Function Name=L_GUA11084_LETAMENDI_SUR, Local Cell ID=8, Cell Name=L_GUA11084_LETAMENDI_SUR_8, eNodeB ID=11084, Cell FDD TDD indication=CELL_FDD",Reliable,18.33,5.488
2026-04-11 04:00,60,"L_GUA11084_LETAMENDI_SUR/Cell:eNodeB Function Name=L_GUA11084_LETAMENDI_SUR, Local Cell ID=7, Cell Name=L_GUA11084_LETAMENDI_SUR_7, eNodeB ID=11084, Cell FDD TDD indication=CELL_FDD",Reliable,6.87,2.006
2026-04-11 04:00,60,"L_GUA11084_LETAMENDI_SUR/Cell:eNodeB Function Name=L_GUA11084_LETAMENDI_SUR, Local Cell ID=3, Cell Name=L_GUA11084_LETAMENDI_SUR_3, eNodeB ID=11084, Cell FDD TDD indication=CELL_FDD",Reliable,0.195,0.773
2026-04-11 04:00,60,"L_GUA11084_LETAMENDI_SUR/Cell:eNodeB Function Name=L_GUA11084_LETAMENDI_SUR, Local Cell ID=2, Cell Name=L_GUA11084_LETAMENDI_SUR_2, eNodeB ID=11084, Cell FDD TDD indication=CELL_FDD",Reliable,13.704,9.254
2026-04-11 04:00,60,"L_GUA11084_LETAMENDI_SUR/Cell:eNodeB Function Name=L_GUA11084_LETAMENDI_SUR, Local Cell ID=1, Cell Name=L_GUA11084_LETAMENDI_SUR_1, eNodeB ID=11084, Cell FDD TDD indication=CELL_FDD",Reliable,75.428,8.259
2026-04-11 04:00,60,"L_GUA11085_MADRIGAL/Cell:eNodeB Function Name=L_GUA11085_MADRIGAL, Local Cell ID=9, Cell Name=L_GUA11085_MADRIGAL_9, eNodeB ID=11085, Cell FDD TDD indication=CELL_FDD",Reliable,168.716,9.957
2026-04-11 04:00,60,"L_GUA11085_MADRIGAL/Cell:eNodeB Function Name=L_GUA11085_MADRIGAL, Local Cell ID=8, Cell Name=L_GUA11085_MADRIGAL_8, eNodeB ID=11085, Cell FDD TDD indication=CELL_FDD",Reliable,0.187,0.233
2026-04-11 04:00,60,"L_GUA11085_MADRIGAL/Cell:eNodeB Function Name=L_GUA11085_MADRIGAL, Local Cell ID=7, Cell Name=L_GUA11085_MADRIGAL_7, eNodeB ID=11085, Cell FDD TDD indication=CELL_FDD",Reliable,91.721,11.264
2026-04-11 04:00,60,"L_GUA11085_MADRIGAL/Cell:eNodeB Function Name=L_GUA11085_MADRIGAL, Local Cell ID=3, Cell Name=L_GUA11085_MADRIGAL_3, eNodeB ID=11085, Cell FDD TDD indication=CELL_FDD",Reliable,401.496,48.399
2026-04-11 04:00,60,"L_GUA11085_MADRIGAL/Cell:eNodeB Function Name=L_GUA11085_MADRIGAL, Local Cell ID=2, Cell Name=L_GUA11085_MADRIGAL_2, eNodeB ID=11085, Cell FDD TDD indication=CELL_FDD",Reliable,144.369,20.715
2026-04-11 04:00,60,"L_GUA11085_MADRIGAL/Cell:eNodeB Function Name=L_GUA11085_MADRIGAL, Local Cell ID=1, Cell Name=L_GUA11085_MADRIGAL_1, eNodeB ID=11085, Cell FDD TDD indication=CELL_FDD",Reliable,30.464,8.801
2026-04-11 04:00,60,"L_GUA11096_PUERTO_LISA/Cell:eNodeB Function Name=L_GUA11096_PUERTO_LISA, Local Cell ID=9, Cell Name=L_GUA11096_PUERTO_LISA_9, eNodeB ID=11096, Cell FDD TDD indication=CELL_FDD",Reliable,47.364,4.451
2026-04-11 04:00,60,"L_GUA11096_PUERTO_LISA/Cell:eNodeB Function Name=L_GUA11096_PUERTO_LISA, Local Cell ID=8, Cell Name=L_GUA11096_PUERTO_LISA_8, eNodeB ID=11096, Cell FDD TDD indication=CELL_FDD",Reliable,186.146,18.516
2026-04-11 04:00,60,"L_GUA11096_PUERTO_LISA/Cell:eNodeB Function Name=L_GUA11096_PUERTO_LISA, Local Cell ID=7, Cell Name=L_GUA11096_PUERTO_LISA_7, eNodeB ID=11096, Cell FDD TDD indication=CELL_FDD",Reliable,42.32,22.351
2026-04-11 04:00,60,"L_GUA11096_PUERTO_LISA/Cell:eNodeB Function Name=L_GUA11096_PUERTO_LISA, Local Cell ID=3, Cell Name=L_GUA11096_PUERTO_LISA_3, eNodeB ID=11096, Cell FDD TDD indication=CELL_FDD",Reliable,70.894,21.446
2026-04-11 04:00,60,"L_GUA11096_PUERTO_LISA/Cell:eNodeB Function Name=L_GUA11096_PUERTO_LISA, Local Cell ID=2, Cell Name=L_GUA11096_PUERTO_LISA_2, eNodeB ID=11096, Cell FDD TDD indication=CELL_FDD",Reliable,250.79,188.28
2026-04-11 04:00,60,"L_GUA11096_PUERTO_LISA/Cell:eNodeB Function Name=L_GUA11096_PUERTO_LISA, Local Cell ID=1, Cell Name=L_GUA11096_PUERTO_LISA_1, eNodeB ID=11096, Cell FDD TDD indication=CELL_FDD",Reliable,124.787,27.377
2026-04-11 04:00,60,"L_GUA11104_TRINIPUERTO/Cell:eNodeB Function Name=L_GUA11104_TRINIPUERTO, Local Cell ID=9, Cell Name=L_GUA11104_TRINIPUERTO_9, eNodeB ID=11104, Cell FDD TDD indication=CELL_FDD",Reliable,120.3,100.715
2026-04-11 04:00,60,"L_GUA11104_TRINIPUERTO/Cell:eNodeB Function Name=L_GUA11104_TRINIPUERTO, Local Cell ID=8, Cell Name=L_GUA11104_TRINIPUERTO_8, eNodeB ID=11104, Cell FDD TDD indication=CELL_FDD",Reliable,206.446,9.921
2026-04-11 04:00,60,"L_GUA11104_TRINIPUERTO/Cell:eNodeB Function Name=L_GUA11104_TRINIPUERTO, Local Cell ID=7, Cell Name=L_GUA11104_TRINIPUERTO_7, eNodeB ID=11104, Cell FDD TDD indication=CELL_FDD",Reliable,0.622,0.289
2026-04-11 04:00,60,"L_GUA11104_TRINIPUERTO/Cell:eNodeB Function Name=L_GUA11104_TRINIPUERTO, Local Cell ID=3, Cell Name=L_GUA11104_TRINIPUERTO_3, eNodeB ID=11104, Cell FDD TDD indication=CELL_FDD",Reliable,1309.179,176.903
2026-04-11 04:00,60,"L_GUA11104_TRINIPUERTO/Cell:eNodeB Function Name=L_GUA11104_TRINIPUERTO, Local Cell ID=2, Cell Name=L_GUA11104_TRINIPUERTO_2, eNodeB ID=11104, Cell FDD TDD indication=CELL_FDD",Reliable,985.677,107.157
2026-04-11 04:00,60,"L_GUA11104_TRINIPUERTO/Cell:eNodeB Function Name=L_GUA11104_TRINIPUERTO, Local Cell ID=1, Cell Name=L_GUA11104_TRINIPUERTO_1, eNodeB ID=11104, Cell FDD TDD indication=CELL_FDD",Reliable,179.898,23.587
2026-04-11 04:00,60,"L_GUA11129_BATALLON_CENTRO/Cell:eNodeB Function Name=L_GUA11129_BATALLON_CENTRO, Local Cell ID=9, Cell Name=L_GUA11129_BATALLON_CENTRO_9, eNodeB ID=11129, Cell FDD TDD indication=CELL_FDD",Reliable,78.079,9.761
2026-04-11 04:00,60,"L_GUA11129_BATALLON_CENTRO/Cell:eNodeB Function Name=L_GUA11129_BATALLON_CENTRO, Local Cell ID=8, Cell Name=L_GUA11129_BATALLON_CENTRO_8, eNodeB ID=11129, Cell FDD TDD indication=CELL_FDD",Reliable,70.717,8.622
2026-04-11 04:00,60,"L_GUA11129_BATALLON_CENTRO/Cell:eNodeB Function Name=L_GUA11129_BATALLON_CENTRO, Local Cell ID=7, Cell Name=L_GUA11129_BATALLON_CENTRO_7, eNodeB ID=11129, Cell FDD TDD indication=CELL_FDD",Reliable,9.828,2.863
2026-04-11 04:00,60,"L_GUA11129_BATALLON_CENTRO/Cell:eNodeB Function Name=L_GUA11129_BATALLON_CENTRO, Local Cell ID=3, Cell Name=L_GUA11129_BATALLON_CENTRO_3, eNodeB ID=11129, Cell FDD TDD indication=CELL_FDD",Reliable,143.339,15.95
2026-04-11 04:00,60,"L_GUA11129_BATALLON_CENTRO/Cell:eNodeB Function Name=L_GUA11129_BATALLON_CENTRO, Local Cell ID=2, Cell Name=L_GUA11129_BATALLON_CENTRO_2, eNodeB ID=11129, Cell FDD TDD indication=CELL_FDD",Reliable,180.308,28.997
2026-04-11 04:00,60,"L_GUA11129_BATALLON_CENTRO/Cell:eNodeB Function Name=L_GUA11129_BATALLON_CENTRO, Local Cell ID=1, Cell Name=L_GUA11129_BATALLON_CENTRO_1, eNodeB ID=11129, Cell FDD TDD indication=CELL_FDD",Reliable,55.622,20.815
2026-04-11 04:00,60,"L_GUA11173_PORTETE_SUR/Cell:eNodeB Function Name=L_GUA11173_PORTETE_SUR, Local Cell ID=9, Cell Name=L_GUA11173_PORTETE_SUR_9, eNodeB ID=11173, Cell FDD TDD indication=CELL_FDD",Reliable,5.401,4.137
2026-04-11 04:00,60,"L_GUA11173_PORTETE_SUR/Cell:eNodeB Function Name=L_GUA11173_PORTETE_SUR, Local Cell ID=8, Cell Name=L_GUA11173_PORTETE_SUR_8, eNodeB ID=11173, Cell FDD TDD indication=CELL_FDD",Reliable,59.553,2.662
2026-04-11 04:00,60,"L_GUA11173_PORTETE_SUR/Cell:eNodeB Function Name=L_GUA11173_PORTETE_SUR, Local Cell ID=7, Cell Name=L_GUA11173_PORTETE_SUR_7, eNodeB ID=11173, Cell FDD TDD indication=CELL_FDD",Reliable,10.055,2.097
2026-04-11 04:00,60,"L_GUA11173_PORTETE_SUR/Cell:eNodeB Function Name=L_GUA11173_PORTETE_SUR, Local Cell ID=3, Cell Name=L_GUA11173_PORTETE_SUR_3, eNodeB ID=11173, Cell FDD TDD indication=CELL_FDD",Reliable,295.003,18.436
2026-04-11 04:00,60,"L_GUA11173_PORTETE_SUR/Cell:eNodeB Function Name=L_GUA11173_PORTETE_SUR, Local Cell ID=2, Cell Name=L_GUA11173_PORTETE_SUR_2, eNodeB ID=11173, Cell FDD TDD indication=CELL_FDD",Reliable,28.173,10.182
2026-04-11 04:00,60,"L_GUA11173_PORTETE_SUR/Cell:eNodeB Function Name=L_GUA11173_PORTETE_SUR, Local Cell ID=1, Cell Name=L_GUA11173_PORTETE_SUR_1, eNodeB ID=11173, Cell FDD TDD indication=CELL_FDD",Reliable,1407.086,27.501
2026-04-11 04:00,60,"L_GUA11253_GUA_GYE_231/Cell:eNodeB Function Name=L_GUA11253_GUA_GYE_231, Local Cell ID=3, Cell Name=L_GUA11253_GUA_GYE_231_3, eNodeB ID=11253, Cell FDD TDD indication=CELL_FDD",Reliable,96.502,5.29
2026-04-11 04:00,60,"L_GUA11253_GUA_GYE_231/Cell:eNodeB Function Name=L_GUA11253_GUA_GYE_231, Local Cell ID=2, Cell Name=L_GUA11253_GUA_GYE_231_2, eNodeB ID=11253, Cell FDD TDD indication=CELL_FDD",Reliable,31.452,6.612
2026-04-11 04:00,60,"L_GUA11253_GUA_GYE_231/Cell:eNodeB Function Name=L_GUA11253_GUA_GYE_231, Local Cell ID=1, Cell Name=L_GUA11253_GUA_GYE_231_1, eNodeB ID=11253, Cell FDD TDD indication=CELL_FDD",Reliable,97.805,7.939
2026-04-11 04:00,60,"L_GUA11282_GUA_GYE_BARRIO_LINDO/Cell:eNodeB Function Name=L_GUA11282_GUA_GYE_BARRIO_LINDO, Local Cell ID=3, Cell Name=L_GUA11282_GUA_GYE_BARRIO_LINDO_3, eNodeB ID=11282, Cell FDD TDD indication=CELL_FDD",Reliable,134.785,19.498
2026-04-11 04:00,60,"L_GUA11282_GUA_GYE_BARRIO_LINDO/Cell:eNodeB Function Name=L_GUA11282_GUA_GYE_BARRIO_LINDO, Local Cell ID=2, Cell Name=L_GUA11282_GUA_GYE_BARRIO_LINDO_2, eNodeB ID=11282, Cell FDD TDD indication=CELL_FDD",Reliable,38.189,7.653
2026-04-11 04:00,60,"L_GUA11282_GUA_GYE_BARRIO_LINDO/Cell:eNodeB Function Name=L_GUA11282_GUA_GYE_BARRIO_LINDO, Local Cell ID=1, Cell Name=L_GUA11282_GUA_GYE_BARRIO_LINDO_1, eNodeB ID=11282, Cell FDD TDD indication=CELL_FDD",Reliable,217.945,12.807
2026-04-11 04:00,60,"L_GUA11338_GUA_GYE_PERIMETRAL/Cell:eNodeB Function Name=L_GUA11338_GUA_GYE_PERIMETRAL, Local Cell ID=3, Cell Name=L_GUA11338_GUA_GYE_PERIMETRAL_3, eNodeB ID=11338, Cell FDD TDD indication=CELL_FDD",Reliable,61.262,18.857
2026-04-11 04:00,60,"L_GUA11338_GUA_GYE_PERIMETRAL/Cell:eNodeB Function Name=L_GUA11338_GUA_GYE_PERIMETRAL, Local Cell ID=2, Cell Name=L_GUA11338_GUA_GYE_PERIMETRAL_2, eNodeB ID=11338, Cell FDD TDD indication=CELL_FDD",Reliable,44.055,4.661
2026-04-11 04:00,60,"L_GUA11338_GUA_GYE_PERIMETRAL/Cell:eNodeB Function Name=L_GUA11338_GUA_GYE_PERIMETRAL, Local Cell ID=1, Cell Name=L_GUA11338_GUA_GYE_PERIMETRAL_1, eNodeB ID=11338, Cell FDD TDD indication=CELL_FDD",Reliable,152.909,31.919
2026-04-11 04:00,60,"L_GUA11344_GUA_GYE_FUERZA_DE_LOS_POBRES/Cell:eNodeB Function Name=L_GUA11344_GUA_GYE_FUERZA_DE_LOS_POBRES, Local Cell ID=3, Cell Name=L_GUA11344_GUA_GYE_FUERZA_DE_LOS_POBRES_3, eNodeB ID=11344, Cell FDD TDD indication=CELL_FDD",Reliable,9.59,3.935
2026-04-11 04:00,60,"L_GUA11344_GUA_GYE_FUERZA_DE_LOS_POBRES/Cell:eNodeB Function Name=L_GUA11344_GUA_GYE_FUERZA_DE_LOS_POBRES, Local Cell ID=2, Cell Name=L_GUA11344_GUA_GYE_FUERZA_DE_LOS_POBRES_2, eNodeB ID=11344, Cell FDD TDD indication=CELL_FDD",Reliable,1.491,1.38
2026-04-11 04:00,60,"L_GUA11344_GUA_GYE_FUERZA_DE_LOS_POBRES/Cell:eNodeB Function Name=L_GUA11344_GUA_GYE_FUERZA_DE_LOS_POBRES, Local Cell ID=1, Cell Name=L_GUA11344_GUA_GYE_FUERZA_DE_LOS_POBRES_1, eNodeB ID=11344, Cell FDD TDD indication=CELL_FDD",Reliable,322.338,24.684
2026-04-11 04:00,60,"L_GUA11027_URDANETA/Cell:eNodeB Function Name=L_GUA11027_URDANETA, Local Cell ID=3, Cell Name=L_GUA11027_URDANETA_3, eNodeB ID=11027, Cell FDD TDD indication=CELL_FDD",Reliable,47.145,8.269
2026-04-11 04:00,60,"L_GUA11027_URDANETA/Cell:eNodeB Function Name=L_GUA11027_URDANETA, Local Cell ID=2, Cell Name=L_GUA11027_URDANETA_2, eNodeB ID=11027, Cell FDD TDD indication=CELL_FDD",Reliable,49.278,8.472
2026-04-11 04:00,60,"L_GUA11027_URDANETA/Cell:eNodeB Function Name=L_GUA11027_URDANETA, Local Cell ID=1, Cell Name=L_GUA11027_URDANETA_1, eNodeB ID=11027, Cell FDD TDD indication=CELL_FDD",Reliable,7.73,1.68
2026-04-11 04:00,60,"L_GUA11066_BARRIO_PUERTO_LISA/Cell:eNodeB Function Name=L_GUA11066_BARRIO_PUERTO_LISA, Local Cell ID=9, Cell Name=L_GUA11066_BARRIO_PUERTO_LISA_9, eNodeB ID=11066, Cell FDD TDD indication=CELL_FDD",Reliable,281.235,8.285
2026-04-11 04:00,60,"L_GUA11066_BARRIO_PUERTO_LISA/Cell:eNodeB Function Name=L_GUA11066_BARRIO_PUERTO_LISA, Local Cell ID=8, Cell Name=L_GUA11066_BARRIO_PUERTO_LISA_8, eNodeB ID=11066, Cell FDD TDD indication=CELL_FDD",Reliable,23.148,0.768
2026-04-11 04:00,60,"L_GUA11066_BARRIO_PUERTO_LISA/Cell:eNodeB Function Name=L_GUA11066_BARRIO_PUERTO_LISA, Local Cell ID=7, Cell Name=L_GUA11066_BARRIO_PUERTO_LISA_7, eNodeB ID=11066, Cell FDD TDD indication=CELL_FDD",Reliable,2.96,0.724
2026-04-11 04:00,60,"L_GUA11066_BARRIO_PUERTO_LISA/Cell:eNodeB Function Name=L_GUA11066_BARRIO_PUERTO_LISA, Local Cell ID=3, Cell Name=L_GUA11066_BARRIO_PUERTO_LISA_3, eNodeB ID=11066, Cell FDD TDD indication=CELL_FDD",Reliable,246.669,28.53
2026-04-11 04:00,60,"L_GUA11066_BARRIO_PUERTO_LISA/Cell:eNodeB Function Name=L_GUA11066_BARRIO_PUERTO_LISA, Local Cell ID=2, Cell Name=L_GUA11066_BARRIO_PUERTO_LISA_2, eNodeB ID=11066, Cell FDD TDD indication=CELL_FDD",Reliable,56.213,12.675
2026-04-11 04:00,60,"L_GUA11066_BARRIO_PUERTO_LISA/Cell:eNodeB Function Name=L_GUA11066_BARRIO_PUERTO_LISA, Local Cell ID=1, Cell Name=L_GUA11066_BARRIO_PUERTO_LISA_1, eNodeB ID=11066, Cell FDD TDD indication=CELL_FDD",Reliable,76.474,7.856
2026-04-11 04:00,60,"L_GUA11075_GARAY/Cell:eNodeB Function Name=L_GUA11075_GARAY, Local Cell ID=9, Cell Name=L_GUA11075_GARAY_9, eNodeB ID=11075, Cell FDD TDD indication=CELL_FDD",Reliable,56.081,5.601
2026-04-11 04:00,60,"L_GUA11075_GARAY/Cell:eNodeB Function Name=L_GUA11075_GARAY, Local Cell ID=8, Cell Name=L_GUA11075_GARAY_8, eNodeB ID=11075, Cell FDD TDD indication=CELL_FDD",Reliable,5.582,1.214
2026-04-11 04:00,60,"L_GUA11075_GARAY/Cell:eNodeB Function Name=L_GUA11075_GARAY, Local Cell ID=7, Cell Name=L_GUA11075_GARAY_7, eNodeB ID=11075, Cell FDD TDD indication=CELL_FDD",Reliable,147.201,23.123
2026-04-11 04:00,60,"L_GUA11075_GARAY/Cell:eNodeB Function Name=L_GUA11075_GARAY, Local Cell ID=3, Cell Name=L_GUA11075_GARAY_3, eNodeB ID=11075, Cell FDD TDD indication=CELL_FDD",Reliable,31.374,5.965
2026-04-11 04:00,60,"L_GUA11075_GARAY/Cell:eNodeB Function Name=L_GUA11075_GARAY, Local Cell ID=2, Cell Name=L_GUA11075_GARAY_2, eNodeB ID=11075, Cell FDD TDD indication=CELL_FDD",Reliable,190.412,68.899
2026-04-11 04:00,60,"L_GUA11075_GARAY/Cell:eNodeB Function Name=L_GUA11075_GARAY, Local Cell ID=1, Cell Name=L_GUA11075_GARAY_1, eNodeB ID=11075, Cell FDD TDD indication=CELL_FDD",Reliable,567.442,43.566
2026-04-11 04:00,60,"L_GUA11164_CAPWELL/Cell:eNodeB Function Name=L_GUA11164_CAPWELL, Local Cell ID=9, Cell Name=L_GUA11164_CAPWELL_9, eNodeB ID=11164, Cell FDD TDD indication=CELL_FDD",Reliable,4.354,0.481
2026-04-11 04:00,60,"L_GUA11164_CAPWELL/Cell:eNodeB Function Name=L_GUA11164_CAPWELL, Local Cell ID=8, Cell Name=L_GUA11164_CAPWELL_8, eNodeB ID=11164, Cell FDD TDD indication=CELL_FDD",Reliable,10.123,1.648
2026-04-11 04:00,60,"L_GUA11164_CAPWELL/Cell:eNodeB Function Name=L_GUA11164_CAPWELL, Local Cell ID=7, Cell Name=L_GUA11164_CAPWELL_7, eNodeB ID=11164, Cell FDD TDD indication=CELL_FDD",Reliable,0.862,0.309
2026-04-11 04:00,60,"L_GUA11164_CAPWELL/Cell:eNodeB Function Name=L_GUA11164_CAPWELL, Local Cell ID=3, Cell Name=L_GUA11164_CAPWELL_3, eNodeB ID=11164, Cell FDD TDD indication=CELL_FDD",Reliable,10.56,1.822
2026-04-11 04:00,60,"L_GUA11164_CAPWELL/Cell:eNodeB Function Name=L_GUA11164_CAPWELL, Local Cell ID=2, Cell Name=L_GUA11164_CAPWELL_2, eNodeB ID=11164, Cell FDD TDD indication=CELL_FDD",Reliable,50.926,4.653
2026-04-11 04:00,60,"L_GUA11164_CAPWELL/Cell:eNodeB Function Name=L_GUA11164_CAPWELL, Local Cell ID=1, Cell Name=L_GUA11164_CAPWELL_1, eNodeB ID=11164, Cell FDD TDD indication=CELL_FDD",Reliable,3.527,1.715
2026-04-11 04:00,60,"L_GUA11184_URDANETA_SUR/Cell:eNodeB Function Name=L_GUA11184_URDANETA_SUR, Local Cell ID=9, Cell Name=L_GUA11184_URDANETA_SUR_9, eNodeB ID=11184, Cell FDD TDD indication=CELL_FDD",Reliable,2.114,0.101
2026-04-11 04:00,60,"L_GUA11184_URDANETA_SUR/Cell:eNodeB Function Name=L_GUA11184_URDANETA_SUR, Local Cell ID=8, Cell Name=L_GUA11184_URDANETA_SUR_8, eNodeB ID=11184, Cell FDD TDD indication=CELL_FDD",Reliable,1125.741,45.16
2026-04-11 04:00,60,"L_GUA11184_URDANETA_SUR/Cell:eNodeB Function Name=L_GUA11184_URDANETA_SUR, Local Cell ID=7, Cell Name=L_GUA11184_URDANETA_SUR_7, eNodeB ID=11184, Cell FDD TDD indication=CELL_FDD",Reliable,1.083,0.863
2026-04-11 04:00,60,"L_GUA11184_URDANETA_SUR/Cell:eNodeB Function Name=L_GUA11184_URDANETA_SUR, Local Cell ID=3, Cell Name=L_GUA11184_URDANETA_SUR_3, eNodeB ID=11184, Cell FDD TDD indication=CELL_FDD",Reliable,24.498,6.319
2026-04-11 04:00,60,"L_GUA11184_URDANETA_SUR/Cell:eNodeB Function Name=L_GUA11184_URDANETA_SUR, Local Cell ID=2, Cell Name=L_GUA11184_URDANETA_SUR_2, eNodeB ID=11184, Cell FDD TDD indication=CELL_FDD",Reliable,595.866,41.567
2026-04-11 04:00,60,"L_GUA11184_URDANETA_SUR/Cell:eNodeB Function Name=L_GUA11184_URDANETA_SUR, Local Cell ID=1, Cell Name=L_GUA11184_URDANETA_SUR_1, eNodeB ID=11184, Cell FDD TDD indication=CELL_FDD",Reliable,32.057,4.312
2026-04-11 04:00,60,"L_GUA11193_AYACUCHO_NORTE/Cell:eNodeB Function Name=L_GUA11193_AYACUCHO_NORTE, Local Cell ID=9, Cell Name=L_GUA11193_AYACUCHO_NORTE_9, eNodeB ID=11193, Cell FDD TDD indication=CELL_FDD",Reliable,192.133,11.096
2026-04-11 04:00,60,"L_GUA11193_AYACUCHO_NORTE/Cell:eNodeB Function Name=L_GUA11193_AYACUCHO_NORTE, Local Cell ID=8, Cell Name=L_GUA11193_AYACUCHO_NORTE_8, eNodeB ID=11193, Cell FDD TDD indication=CELL_FDD",Reliable,0.631,0.415
2026-04-11 04:00,60,"L_GUA11193_AYACUCHO_NORTE/Cell:eNodeB Function Name=L_GUA11193_AYACUCHO_NORTE, Local Cell ID=7, Cell Name=L_GUA11193_AYACUCHO_NORTE_7, eNodeB ID=11193, Cell FDD TDD indication=CELL_FDD",Reliable,769.707,43.116
2026-04-11 04:00,60,"L_GUA11193_AYACUCHO_NORTE/Cell:eNodeB Function Name=L_GUA11193_AYACUCHO_NORTE, Local Cell ID=3, Cell Name=L_GUA11193_AYACUCHO_NORTE_3, eNodeB ID=11193, Cell FDD TDD indication=CELL_FDD",Reliable,537.251,29.83
2026-04-11 04:00,60,"L_GUA11193_AYACUCHO_NORTE/Cell:eNodeB Function Name=L_GUA11193_AYACUCHO_NORTE, Local Cell ID=2, Cell Name=L_GUA11193_AYACUCHO_NORTE_2, eNodeB ID=11193, Cell FDD TDD indication=CELL_FDD",Reliable,3.118,2.122
2026-04-11 04:00,60,"L_GUA11193_AYACUCHO_NORTE/Cell:eNodeB Function Name=L_GUA11193_AYACUCHO_NORTE, Local Cell ID=1, Cell Name=L_GUA11193_AYACUCHO_NORTE_1, eNodeB ID=11193, Cell FDD TDD indication=CELL_FDD",Reliable,192.2,29.362
2026-04-11 04:00,60,"L_GUA11199_MILAGROGYE/Cell:eNodeB Function Name=L_GUA11199_MILAGROGYE, Local Cell ID=9, Cell Name=L_GUA11199_MILAGROGYE_9, eNodeB ID=11199, Cell FDD TDD indication=CELL_FDD",Reliable,14.808,2.033
2026-04-11 04:00,60,"L_GUA11199_MILAGROGYE/Cell:eNodeB Function Name=L_GUA11199_MILAGROGYE, Local Cell ID=8, Cell Name=L_GUA11199_MILAGROGYE_8, eNodeB ID=11199, Cell FDD TDD indication=CELL_FDD",Reliable,20.98,8.738
2026-04-11 04:00,60,"L_GUA11199_MILAGROGYE/Cell:eNodeB Function Name=L_GUA11199_MILAGROGYE, Local Cell ID=7, Cell Name=L_GUA11199_MILAGROGYE_7, eNodeB ID=11199, Cell FDD TDD indication=CELL_FDD",Reliable,7.153,5.501
2026-04-11 04:00,60,"L_GUA11199_MILAGROGYE/Cell:eNodeB Function Name=L_GUA11199_MILAGROGYE, Local Cell ID=3, Cell Name=L_GUA11199_MILAGROGYE_3, eNodeB ID=11199, Cell FDD TDD indication=CELL_FDD",Reliable,16.304,4.848
2026-04-11 04:00,60,"L_GUA11199_MILAGROGYE/Cell:eNodeB Function Name=L_GUA11199_MILAGROGYE, Local Cell ID=2, Cell Name=L_GUA11199_MILAGROGYE_2, eNodeB ID=11199, Cell FDD TDD indication=CELL_FDD",Reliable,17.928,4.405
2026-04-11 04:00,60,"L_GUA11199_MILAGROGYE/Cell:eNodeB Function Name=L_GUA11199_MILAGROGYE, Local Cell ID=1, Cell Name=L_GUA11199_MILAGROGYE_1, eNodeB ID=11199, Cell FDD TDD indication=CELL_FDD",Reliable,232.56,18.784
2026-04-11 04:00,60,"L_GUA11213_FORESTAL_GYE/Cell:eNodeB Function Name=L_GUA11213_FORESTAL_GYE, Local Cell ID=9, Cell Name=L_GUA11213_FORESTAL_GYE_9, eNodeB ID=11213, Cell FDD TDD indication=CELL_FDD",Reliable,2.574,0.53
2026-04-11 04:00,60,"L_GUA11213_FORESTAL_GYE/Cell:eNodeB Function Name=L_GUA11213_FORESTAL_GYE, Local Cell ID=8, Cell Name=L_GUA11213_FORESTAL_GYE_8, eNodeB ID=11213, Cell FDD TDD indication=CELL_FDD",Reliable,5.168,1.688
2026-04-11 04:00,60,"L_GUA11213_FORESTAL_GYE/Cell:eNodeB Function Name=L_GUA11213_FORESTAL_GYE, Local Cell ID=7, Cell Name=L_GUA11213_FORESTAL_GYE_7, eNodeB ID=11213, Cell FDD TDD indication=CELL_FDD",Reliable,7.041,1.774
2026-04-11 04:00,60,"L_GUA11213_FORESTAL_GYE/Cell:eNodeB Function Name=L_GUA11213_FORESTAL_GYE, Local Cell ID=3, Cell Name=L_GUA11213_FORESTAL_GYE_3, eNodeB ID=11213, Cell FDD TDD indication=CELL_FDD",Reliable,256.221,19.094
2026-04-11 04:00,60,"L_GUA11213_FORESTAL_GYE/Cell:eNodeB Function Name=L_GUA11213_FORESTAL_GYE, Local Cell ID=2, Cell Name=L_GUA11213_FORESTAL_GYE_2, eNodeB ID=11213, Cell FDD TDD indication=CELL_FDD",Reliable,37.679,7.554
2026-04-11 04:00,60,"L_GUA11213_FORESTAL_GYE/Cell:eNodeB Function Name=L_GUA11213_FORESTAL_GYE, Local Cell ID=1, Cell Name=L_GUA11213_FORESTAL_GYE_1, eNodeB ID=11213, Cell FDD TDD indication=CELL_FDD",Reliable,9.883,16.48
2026-04-11 04:00,60,"L_GUA11267_LA_UNIVERSAL/Cell:eNodeB Function Name=L_GUA11267_LA_UNIVERSAL, Local Cell ID=9, Cell Name=L_GUA11267_LA_UNIVERSAL_9, eNodeB ID=11267, Cell FDD TDD indication=CELL_FDD",Reliable,1.1,0.432
2026-04-11 04:00,60,"L_GUA11267_LA_UNIVERSAL/Cell:eNodeB Function Name=L_GUA11267_LA_UNIVERSAL, Local Cell ID=8, Cell Name=L_GUA11267_LA_UNIVERSAL_8, eNodeB ID=11267, Cell FDD TDD indication=CELL_FDD",Reliable,264.825,21.651
2026-04-11 04:00,60,"L_GUA11267_LA_UNIVERSAL/Cell:eNodeB Function Name=L_GUA11267_LA_UNIVERSAL, Local Cell ID=7, Cell Name=L_GUA11267_LA_UNIVERSAL_7, eNodeB ID=11267, Cell FDD TDD indication=CELL_FDD",Reliable,27.594,2.427
2026-04-11 04:00,60,"L_GUA11267_LA_UNIVERSAL/Cell:eNodeB Function Name=L_GUA11267_LA_UNIVERSAL, Local Cell ID=3, Cell Name=L_GUA11267_LA_UNIVERSAL_3, eNodeB ID=11267, Cell FDD TDD indication=CELL_FDD",Reliable,4.593,3.605
2026-04-11 04:00,60,"L_GUA11267_LA_UNIVERSAL/Cell:eNodeB Function Name=L_GUA11267_LA_UNIVERSAL, Local Cell ID=2, Cell Name=L_GUA11267_LA_UNIVERSAL_2, eNodeB ID=11267, Cell FDD TDD indication=CELL_FDD",Reliable,8.663,1.5
2026-04-11 04:00,60,"L_GUA11267_LA_UNIVERSAL/Cell:eNodeB Function Name=L_GUA11267_LA_UNIVERSAL, Local Cell ID=1, Cell Name=L_GUA11267_LA_UNIVERSAL_1, eNodeB ID=11267, Cell FDD TDD indication=CELL_FDD",Reliable,3.265,0.324
2026-04-11 04:00,60,"L_GUA11030_SAN_MARINO/Cell:eNodeB Function Name=L_GUA11030_SAN_MARINO, Local Cell ID=9, Cell Name=L_GUA11030_SAN_MARINO_9, eNodeB ID=11030, Cell FDD TDD indication=CELL_FDD",Reliable,71.265,4.507
2026-04-11 04:00,60,"L_GUA11030_SAN_MARINO/Cell:eNodeB Function Name=L_GUA11030_SAN_MARINO, Local Cell ID=8, Cell Name=L_GUA11030_SAN_MARINO_8, eNodeB ID=11030, Cell FDD TDD indication=CELL_FDD",Reliable,31.421,4.953
2026-04-11 04:00,60,"L_GUA11030_SAN_MARINO/Cell:eNodeB Function Name=L_GUA11030_SAN_MARINO, Local Cell ID=7, Cell Name=L_GUA11030_SAN_MARINO_7, eNodeB ID=11030, Cell FDD TDD indication=CELL_FDD",Reliable,0.058,0.063
2026-04-11 04:00,60,"L_GUA11030_SAN_MARINO/Cell:eNodeB Function Name=L_GUA11030_SAN_MARINO, Local Cell ID=3, Cell Name=L_GUA11030_SAN_MARINO_3, eNodeB ID=11030, Cell FDD TDD indication=CELL_FDD",Reliable,1.304,0.548
2026-04-11 04:00,60,"L_GUA11030_SAN_MARINO/Cell:eNodeB Function Name=L_GUA11030_SAN_MARINO, Local Cell ID=2, Cell Name=L_GUA11030_SAN_MARINO_2, eNodeB ID=11030, Cell FDD TDD indication=CELL_FDD",Reliable,65.952,6.536
2026-04-11 04:00,60,"L_GUA11030_SAN_MARINO/Cell:eNodeB Function Name=L_GUA11030_SAN_MARINO, Local Cell ID=1, Cell Name=L_GUA11030_SAN_MARINO_1, eNodeB ID=11030, Cell FDD TDD indication=CELL_FDD",Reliable,1.237,1.013
2026-04-11 04:00,60,"L_GUA11721_GUA_GYE_CEIBOS PERIMETRAL/Cell:eNodeB Function Name=L_GUA11721_GUA_GYE_CEIBOS PERIMETRAL, Local Cell ID=9, Cell Name=L_GUA11721_GUA_GYE_CEIBOS PERIMETRAL_9, eNodeB ID=11721, Cell FDD TDD indication=CELL_FDD",Reliable,117.368,10.046
2026-04-11 04:00,60,"L_GUA11721_GUA_GYE_CEIBOS PERIMETRAL/Cell:eNodeB Function Name=L_GUA11721_GUA_GYE_CEIBOS PERIMETRAL, Local Cell ID=8, Cell Name=L_GUA11721_GUA_GYE_CEIBOS PERIMETRAL_8, eNodeB ID=11721, Cell FDD TDD indication=CELL_FDD",Reliable,32.982,1.86
2026-04-11 04:00,60,"L_GUA11721_GUA_GYE_CEIBOS PERIMETRAL/Cell:eNodeB Function Name=L_GUA11721_GUA_GYE_CEIBOS PERIMETRAL, Local Cell ID=7, Cell Name=L_GUA11721_GUA_GYE_CEIBOS PERIMETRAL_7, eNodeB ID=11721, Cell FDD TDD indication=CELL_FDD",Reliable,365.478,21.771
2026-04-11 04:00,60,"L_GUA11721_GUA_GYE_CEIBOS PERIMETRAL/Cell:eNodeB Function Name=L_GUA11721_GUA_GYE_CEIBOS PERIMETRAL, Local Cell ID=3, Cell Name=L_GUA11721_GUA_GYE_CEIBOS PERIMETRAL_3, eNodeB ID=11721, Cell FDD TDD indication=CELL_FDD",Reliable,57.362,9.086
2026-04-11 04:00,60,"L_GUA11721_GUA_GYE_CEIBOS PERIMETRAL/Cell:eNodeB Function Name=L_GUA11721_GUA_GYE_CEIBOS PERIMETRAL, Local Cell ID=2, Cell Name=L_GUA11721_GUA_GYE_CEIBOS PERIMETRAL_2, eNodeB ID=11721, Cell FDD TDD indication=CELL_FDD",Reliable,21.342,7.455
2026-04-11 04:00,60,"L_GUA11721_GUA_GYE_CEIBOS PERIMETRAL/Cell:eNodeB Function Name=L_GUA11721_GUA_GYE_CEIBOS PERIMETRAL, Local Cell ID=1, Cell Name=L_GUA11721_GUA_GYE_CEIBOS PERIMETRAL_1, eNodeB ID=11721, Cell FDD TDD indication=CELL_FDD",Reliable,95.752,16.478
2026-04-11 04:00,60,"ORO_PAS_PASAJE_L/Cell:eNodeB Function Name=ORO_PAS_PASAJE_L, Local Cell ID=3, Cell Name=ORO_PAS_PASAJE_L21_3, eNodeB ID=22071, Cell FDD TDD indication=CELL_FDD",Reliable,55.233,9.256
2026-04-11 04:00,60,"ORO_PAS_PASAJE_L/Cell:eNodeB Function Name=ORO_PAS_PASAJE_L, Local Cell ID=2, Cell Name=ORO_PAS_PASAJE_L21_2, eNodeB ID=22071, Cell FDD TDD indication=CELL_FDD",Reliable,332.441,32.353
2026-04-11 04:00,60,"ORO_PAS_PASAJE_L/Cell:eNodeB Function Name=ORO_PAS_PASAJE_L, Local Cell ID=1, Cell Name=ORO_PAS_PASAJE_L21_1, eNodeB ID=22071, Cell FDD TDD indication=CELL_FDD",Reliable,542.98,50.639
2026-04-11 04:00,60,"L_GUA11245_GUA_GYE_053/Cell:eNodeB Function Name=L_GUA11245_GUA_GYE_053, Local Cell ID=9, Cell Name=L_GUA11245_GUA_GYE_053_9, eNodeB ID=11245, Cell FDD TDD indication=CELL_FDD",Reliable,0.216,0.197
2026-04-11 04:00,60,"L_GUA11245_GUA_GYE_053/Cell:eNodeB Function Name=L_GUA11245_GUA_GYE_053, Local Cell ID=8, Cell Name=L_GUA11245_GUA_GYE_053_8, eNodeB ID=11245, Cell FDD TDD indication=CELL_FDD",Reliable,0.609,3.532
2026-04-11 04:00,60,"L_GUA11245_GUA_GYE_053/Cell:eNodeB Function Name=L_GUA11245_GUA_GYE_053, Local Cell ID=7, Cell Name=L_GUA11245_GUA_GYE_053_7, eNodeB ID=11245, Cell FDD TDD indication=CELL_FDD",Reliable,175.973,8.109
2026-04-11 04:00,60,"L_GUA11245_GUA_GYE_053/Cell:eNodeB Function Name=L_GUA11245_GUA_GYE_053, Local Cell ID=3, Cell Name=L_GUA11245_GUA_GYE_053_3, eNodeB ID=11245, Cell FDD TDD indication=CELL_FDD",Reliable,4.233,2.169
2026-04-11 04:00,60,"L_GUA11245_GUA_GYE_053/Cell:eNodeB Function Name=L_GUA11245_GUA_GYE_053, Local Cell ID=2, Cell Name=L_GUA11245_GUA_GYE_053_2, eNodeB ID=11245, Cell FDD TDD indication=CELL_FDD",Reliable,66.502,13.074
2026-04-11 04:00,60,"L_GUA11245_GUA_GYE_053/Cell:eNodeB Function Name=L_GUA11245_GUA_GYE_053, Local Cell ID=1, Cell Name=L_GUA11245_GUA_GYE_053_1, eNodeB ID=11245, Cell FDD TDD indication=CELL_FDD",Reliable,45.421,6.505
2026-04-11 04:00,60,"L_GUA11112_MINISTERIO_DEL_LITORAL/Cell:eNodeB Function Name=L_GUA11112_MINISTERIO_DEL_LITORAL, Local Cell ID=9, Cell Name=L_GUA11112_MINISTERIO_DEL_LITORAL_9, eNodeB ID=11112, Cell FDD TDD indication=CELL_FDD",Reliable,0.046,0.029
2026-04-11 04:00,60,"L_GUA11112_MINISTERIO_DEL_LITORAL/Cell:eNodeB Function Name=L_GUA11112_MINISTERIO_DEL_LITORAL, Local Cell ID=8, Cell Name=L_GUA11112_MINISTERIO_DEL_LITORAL_8, eNodeB ID=11112, Cell FDD TDD indication=CELL_FDD",Reliable,0.321,0.213
2026-04-11 04:00,60,"L_GUA11112_MINISTERIO_DEL_LITORAL/Cell:eNodeB Function Name=L_GUA11112_MINISTERIO_DEL_LITORAL, Local Cell ID=7, Cell Name=L_GUA11112_MINISTERIO_DEL_LITORAL_7, eNodeB ID=11112, Cell FDD TDD indication=CELL_FDD",Reliable,194.031,11.423
2026-04-11 04:00,60,"L_GUA11112_MINISTERIO_DEL_LITORAL/Cell:eNodeB Function Name=L_GUA11112_MINISTERIO_DEL_LITORAL, Local Cell ID=3, Cell Name=L_GUA11112_MINISTERIO_DEL_LITORAL_3, eNodeB ID=11112, Cell FDD TDD indication=CELL_FDD",Reliable,4.574,1.317
2026-04-11 04:00,60,"L_GUA11112_MINISTERIO_DEL_LITORAL/Cell:eNodeB Function Name=L_GUA11112_MINISTERIO_DEL_LITORAL, Local Cell ID=2, Cell Name=L_GUA11112_MINISTERIO_DEL_LITORAL_2, eNodeB ID=11112, Cell FDD TDD indication=CELL_FDD",Reliable,8.712,0.934
2026-04-11 04:00,60,"L_GUA11112_MINISTERIO_DEL_LITORAL/Cell:eNodeB Function Name=L_GUA11112_MINISTERIO_DEL_LITORAL, Local Cell ID=1, Cell Name=L_GUA11112_MINISTERIO_DEL_LITORAL_1, eNodeB ID=11112, Cell FDD TDD indication=CELL_FDD",Reliable,35.847,1.539
2026-04-11 04:00,60,"L_GUA11102_TRMNL_TRRSTRE_GYE/Cell:eNodeB Function Name=L_GUA11102_TRMNL_TRRSTRE_GYE, Local Cell ID=9, Cell Name=L_GUA11102_TRMNL_TRRSTRE_GYE_9, eNodeB ID=11102, Cell FDD TDD indication=CELL_FDD",Reliable,84.86,11.521
2026-04-11 04:00,60,"L_GUA11102_TRMNL_TRRSTRE_GYE/Cell:eNodeB Function Name=L_GUA11102_TRMNL_TRRSTRE_GYE, Local Cell ID=8, Cell Name=L_GUA11102_TRMNL_TRRSTRE_GYE_8, eNodeB ID=11102, Cell FDD TDD indication=CELL_FDD",Reliable,755.272,39.271
2026-04-11 04:00,60,"L_GUA11102_TRMNL_TRRSTRE_GYE/Cell:eNodeB Function Name=L_GUA11102_TRMNL_TRRSTRE_GYE, Local Cell ID=7, Cell Name=L_GUA11102_TRMNL_TRRSTRE_GYE_7, eNodeB ID=11102, Cell FDD TDD indication=CELL_FDD",Reliable,97.725,19.502
2026-04-11 04:00,60,"L_GUA11059_COLINAS_DE_LA_FLORIDA/Cell:eNodeB Function Name=L_GUA11059_COLINAS_DE_LA_FLORIDA, Local Cell ID=9, Cell Name=L_GUA11059_COLINAS_DE_LA_FLORIDA_9, eNodeB ID=11059, Cell FDD TDD indication=CELL_FDD",Reliable,62.322,5.935
2026-04-11 04:00,60,"L_GUA11059_COLINAS_DE_LA_FLORIDA/Cell:eNodeB Function Name=L_GUA11059_COLINAS_DE_LA_FLORIDA, Local Cell ID=8, Cell Name=L_GUA11059_COLINAS_DE_LA_FLORIDA_8, eNodeB ID=11059, Cell FDD TDD indication=CELL_FDD",Reliable,57.305,15.18
2026-04-11 04:00,60,"L_GUA11059_COLINAS_DE_LA_FLORIDA/Cell:eNodeB Function Name=L_GUA11059_COLINAS_DE_LA_FLORIDA, Local Cell ID=7, Cell Name=L_GUA11059_COLINAS_DE_LA_FLORIDA_7, eNodeB ID=11059, Cell FDD TDD indication=CELL_FDD",Reliable,15.247,1.216
2026-04-11 04:00,60,"L_GUA11059_COLINAS_DE_LA_FLORIDA/Cell:eNodeB Function Name=L_GUA11059_COLINAS_DE_LA_FLORIDA, Local Cell ID=3, Cell Name=L_GUA11059_COLINAS_DE_LA_FLORIDA_3, eNodeB ID=11059, Cell FDD TDD indication=CELL_FDD",Reliable,132.626,14.14
2026-04-11 04:00,60,"L_GUA11059_COLINAS_DE_LA_FLORIDA/Cell:eNodeB Function Name=L_GUA11059_COLINAS_DE_LA_FLORIDA, Local Cell ID=2, Cell Name=L_GUA11059_COLINAS_DE_LA_FLORIDA_2, eNodeB ID=11059, Cell FDD TDD indication=CELL_FDD",Reliable,45.125,5.634
2026-04-11 04:00,60,"L_GUA11059_COLINAS_DE_LA_FLORIDA/Cell:eNodeB Function Name=L_GUA11059_COLINAS_DE_LA_FLORIDA, Local Cell ID=1, Cell Name=L_GUA11059_COLINAS_DE_LA_FLORIDA_1, eNodeB ID=11059, Cell FDD TDD indication=CELL_FDD",Reliable,20.046,3.272
2026-04-11 04:00,60,"L_GUA11040_MONTEBELLO_SURESTE/Cell:eNodeB Function Name=L_GUA11040_MONTEBELLO_SURESTE, Local Cell ID=9, Cell Name=L_GUA11040_MONTEBELLO_SURESTE_9, eNodeB ID=11040, Cell FDD TDD indication=CELL_FDD",Reliable,125.485,11.658
2026-04-11 04:00,60,"L_GUA11040_MONTEBELLO_SURESTE/Cell:eNodeB Function Name=L_GUA11040_MONTEBELLO_SURESTE, Local Cell ID=8, Cell Name=L_GUA11040_MONTEBELLO_SURESTE_8, eNodeB ID=11040, Cell FDD TDD indication=CELL_FDD",Reliable,11.608,1.27
2026-04-11 04:00,60,"L_GUA11040_MONTEBELLO_SURESTE/Cell:eNodeB Function Name=L_GUA11040_MONTEBELLO_SURESTE, Local Cell ID=7, Cell Name=L_GUA11040_MONTEBELLO_SURESTE_7, eNodeB ID=11040, Cell FDD TDD indication=CELL_FDD",Reliable,12.261,1.575
2026-04-11 04:00,60,"L_GUA11040_MONTEBELLO_SURESTE/Cell:eNodeB Function Name=L_GUA11040_MONTEBELLO_SURESTE, Local Cell ID=3, Cell Name=L_GUA11040_MONTEBELLO_SURESTE_3, eNodeB ID=11040, Cell FDD TDD indication=CELL_FDD",Reliable,1887.334,91.997
2026-04-11 04:00,60,"L_GUA11040_MONTEBELLO_SURESTE/Cell:eNodeB Function Name=L_GUA11040_MONTEBELLO_SURESTE, Local Cell ID=2, Cell Name=L_GUA11040_MONTEBELLO_SURESTE_2, eNodeB ID=11040, Cell FDD TDD indication=CELL_FDD",Reliable,351.097,31.728
2026-04-11 04:00,60,"L_GUA11040_MONTEBELLO_SURESTE/Cell:eNodeB Function Name=L_GUA11040_MONTEBELLO_SURESTE, Local Cell ID=1, Cell Name=L_GUA11040_MONTEBELLO_SURESTE_1, eNodeB ID=11040, Cell FDD TDD indication=CELL_FDD",Reliable,1077.452,60.996
2026-04-11 04:00,60,"L_GUA11100_SAN_FELIPE_CTE/Cell:eNodeB Function Name=L_GUA11100_SAN_FELIPE_CTE, Local Cell ID=9, Cell Name=L_GUA11100_SAN_FELIPE_CTE_9, eNodeB ID=11100, Cell FDD TDD indication=CELL_FDD",Reliable,7.399,2.347
2026-04-11 04:00,60,"L_GUA11100_SAN_FELIPE_CTE/Cell:eNodeB Function Name=L_GUA11100_SAN_FELIPE_CTE, Local Cell ID=8, Cell Name=L_GUA11100_SAN_FELIPE_CTE_8, eNodeB ID=11100, Cell FDD TDD indication=CELL_FDD",Reliable,34.008,4.574
2026-04-11 04:00,60,"L_GUA11100_SAN_FELIPE_CTE/Cell:eNodeB Function Name=L_GUA11100_SAN_FELIPE_CTE, Local Cell ID=7, Cell Name=L_GUA11100_SAN_FELIPE_CTE_7, eNodeB ID=11100, Cell FDD TDD indication=CELL_FDD",Reliable,0.299,0.253
2026-04-11 04:00,60,"L_GUA11100_SAN_FELIPE_CTE/Cell:eNodeB Function Name=L_GUA11100_SAN_FELIPE_CTE, Local Cell ID=3, Cell Name=L_GUA11100_SAN_FELIPE_CTE_3, eNodeB ID=11100, Cell FDD TDD indication=CELL_FDD",Reliable,5.178,3.841
2026-04-11 04:00,60,"L_GUA11100_SAN_FELIPE_CTE/Cell:eNodeB Function Name=L_GUA11100_SAN_FELIPE_CTE, Local Cell ID=2, Cell Name=L_GUA11100_SAN_FELIPE_CTE_2, eNodeB ID=11100, Cell FDD TDD indication=CELL_FDD",Reliable,286.042,18.428
2026-04-11 04:00,60,"L_GUA11100_SAN_FELIPE_CTE/Cell:eNodeB Function Name=L_GUA11100_SAN_FELIPE_CTE, Local Cell ID=1, Cell Name=L_GUA11100_SAN_FELIPE_CTE_1, eNodeB ID=11100, Cell FDD TDD indication=CELL_FDD",Reliable,989.328,69.248
2026-04-11 04:00,60,"L_GUA11163_MAPASINGUE_OESTE/Cell:eNodeB Function Name=L_GUA11163_MAPASINGUE_OESTE, Local Cell ID=9, Cell Name=L_GUA11163_MAPASINGUE_OESTE_9, eNodeB ID=11163, Cell FDD TDD indication=CELL_FDD",Reliable,5.633,1.113
2026-04-11 04:00,60,"L_GUA11163_MAPASINGUE_OESTE/Cell:eNodeB Function Name=L_GUA11163_MAPASINGUE_OESTE, Local Cell ID=8, Cell Name=L_GUA11163_MAPASINGUE_OESTE_8, eNodeB ID=11163, Cell FDD TDD indication=CELL_FDD",Reliable,8.759,1.534
2026-04-11 04:00,60,"L_GUA11163_MAPASINGUE_OESTE/Cell:eNodeB Function Name=L_GUA11163_MAPASINGUE_OESTE, Local Cell ID=7, Cell Name=L_GUA11163_MAPASINGUE_OESTE_7, eNodeB ID=11163, Cell FDD TDD indication=CELL_FDD",Reliable,103.39,31.611
2026-04-11 04:00,60,"L_GUA11163_MAPASINGUE_OESTE/Cell:eNodeB Function Name=L_GUA11163_MAPASINGUE_OESTE, Local Cell ID=3, Cell Name=L_GUA11163_MAPASINGUE_OESTE_3, eNodeB ID=11163, Cell FDD TDD indication=CELL_FDD",Reliable,410.033,29.025
2026-04-11 04:00,60,"L_GUA11163_MAPASINGUE_OESTE/Cell:eNodeB Function Name=L_GUA11163_MAPASINGUE_OESTE, Local Cell ID=2, Cell Name=L_GUA11163_MAPASINGUE_OESTE_2, eNodeB ID=11163, Cell FDD TDD indication=CELL_FDD",Reliable,24.235,3.387
2026-04-11 04:00,60,"L_GUA11163_MAPASINGUE_OESTE/Cell:eNodeB Function Name=L_GUA11163_MAPASINGUE_OESTE, Local Cell ID=1, Cell Name=L_GUA11163_MAPASINGUE_OESTE_1, eNodeB ID=11163, Cell FDD TDD indication=CELL_FDD",Reliable,66.338,7.619
2026-04-11 04:00,60,"L_GUA11174_LOS_ANGELES_GYE/Cell:eNodeB Function Name=L_GUA11174_LOS_ANGELES_GYE, Local Cell ID=9, Cell Name=L_GUA11174_LOS_ANGELES_GYE_9, eNodeB ID=11174, Cell FDD TDD indication=CELL_FDD",Reliable,0,0
2026-04-11 04:00,60,"L_GUA11174_LOS_ANGELES_GYE/Cell:eNodeB Function Name=L_GUA11174_LOS_ANGELES_GYE, Local Cell ID=8, Cell Name=L_GUA11174_LOS_ANGELES_GYE_8, eNodeB ID=11174, Cell FDD TDD indication=CELL_FDD",Reliable,46.477,5.493
2026-04-11 04:00,60,"L_GUA11174_LOS_ANGELES_GYE/Cell:eNodeB Function Name=L_GUA11174_LOS_ANGELES_GYE, Local Cell ID=7, Cell Name=L_GUA11174_LOS_ANGELES_GYE_7, eNodeB ID=11174, Cell FDD TDD indication=CELL_FDD",Reliable,11.917,4.513
2026-04-11 04:00,60,"L_GUA11174_LOS_ANGELES_GYE/Cell:eNodeB Function Name=L_GUA11174_LOS_ANGELES_GYE, Local Cell ID=3, Cell Name=L_GUA11174_LOS_ANGELES_GYE_3, eNodeB ID=11174, Cell FDD TDD indication=CELL_FDD",Reliable,0,0
2026-04-11 04:00,60,"L_GUA11174_LOS_ANGELES_GYE/Cell:eNodeB Function Name=L_GUA11174_LOS_ANGELES_GYE, Local Cell ID=2, Cell Name=L_GUA11174_LOS_ANGELES_GYE_2, eNodeB ID=11174, Cell FDD TDD indication=CELL_FDD",Reliable,0,0
2026-04-11 04:00,60,"L_GUA11174_LOS_ANGELES_GYE/Cell:eNodeB Function Name=L_GUA11174_LOS_ANGELES_GYE, Local Cell ID=1, Cell Name=L_GUA11174_LOS_ANGELES_GYE_1, eNodeB ID=11174, Cell FDD TDD indication=CELL_FDD",Reliable,0,0
2026-04-11 04:00,60,"L_GUA11246_COOP_LA_CONCORDIA/Cell:eNodeB Function Name=L_GUA11246_COOP_LA_CONCORDIA, Local Cell ID=9, Cell Name=L_GUA11246_COOP_LA_CONCORDIA_9, eNodeB ID=11246, Cell FDD TDD indication=CELL_FDD",Reliable,50.99,9.158
2026-04-11 04:00,60,"L_GUA11246_COOP_LA_CONCORDIA/Cell:eNodeB Function Name=L_GUA11246_COOP_LA_CONCORDIA, Local Cell ID=8, Cell Name=L_GUA11246_COOP_LA_CONCORDIA_8, eNodeB ID=11246, Cell FDD TDD indication=CELL_FDD",Reliable,0,0.001
2026-04-11 04:00,60,"L_GUA11246_COOP_LA_CONCORDIA/Cell:eNodeB Function Name=L_GUA11246_COOP_LA_CONCORDIA, Local Cell ID=7, Cell Name=L_GUA11246_COOP_LA_CONCORDIA_7, eNodeB ID=11246, Cell FDD TDD indication=CELL_FDD",Reliable,2.049,1.417
2026-04-11 04:00,60,"L_GUA11246_COOP_LA_CONCORDIA/Cell:eNodeB Function Name=L_GUA11246_COOP_LA_CONCORDIA, Local Cell ID=3, Cell Name=L_GUA11246_COOP_LA_CONCORDIA_3, eNodeB ID=11246, Cell FDD TDD indication=CELL_FDD",Reliable,68.17,5.327
2026-04-11 04:00,60,"L_GUA11246_COOP_LA_CONCORDIA/Cell:eNodeB Function Name=L_GUA11246_COOP_LA_CONCORDIA, Local Cell ID=2, Cell Name=L_GUA11246_COOP_LA_CONCORDIA_2, eNodeB ID=11246, Cell FDD TDD indication=CELL_FDD",Reliable,0.554,0.41
2026-04-11 04:00,60,"L_GUA11246_COOP_LA_CONCORDIA/Cell:eNodeB Function Name=L_GUA11246_COOP_LA_CONCORDIA, Local Cell ID=1, Cell Name=L_GUA11246_COOP_LA_CONCORDIA_1, eNodeB ID=11246, Cell FDD TDD indication=CELL_FDD",Reliable,166.643,24.984
2026-04-11 04:00,60,"L_GUA11060_SAN_IGNACIO_DE_LOYOLA/Cell:eNodeB Function Name=L_GUA11060_SAN_IGNACIO_DE_LOYOLA, Local Cell ID=9, Cell Name=L_GUA11060_SAN_IGNACIO_DE_LOYOLA_9, eNodeB ID=11060, Cell FDD TDD indication=CELL_FDD",Reliable,41.693,35.712
2026-04-11 04:00,60,"L_GUA11060_SAN_IGNACIO_DE_LOYOLA/Cell:eNodeB Function Name=L_GUA11060_SAN_IGNACIO_DE_LOYOLA, Local Cell ID=8, Cell Name=L_GUA11060_SAN_IGNACIO_DE_LOYOLA_8, eNodeB ID=11060, Cell FDD TDD indication=CELL_FDD",Reliable,0.175,0.347
2026-04-11 04:00,60,"L_GUA11060_SAN_IGNACIO_DE_LOYOLA/Cell:eNodeB Function Name=L_GUA11060_SAN_IGNACIO_DE_LOYOLA, Local Cell ID=7, Cell Name=L_GUA11060_SAN_IGNACIO_DE_LOYOLA_7, eNodeB ID=11060, Cell FDD TDD indication=CELL_FDD",Reliable,2.78,0.606
2026-04-11 04:00,60,"L_GUA11060_SAN_IGNACIO_DE_LOYOLA/Cell:eNodeB Function Name=L_GUA11060_SAN_IGNACIO_DE_LOYOLA, Local Cell ID=3, Cell Name=L_GUA11060_SAN_IGNACIO_DE_LOYOLA_3, eNodeB ID=11060, Cell FDD TDD indication=CELL_FDD",Reliable,138.747,15.742
2026-04-11 04:00,60,"L_GUA11060_SAN_IGNACIO_DE_LOYOLA/Cell:eNodeB Function Name=L_GUA11060_SAN_IGNACIO_DE_LOYOLA, Local Cell ID=2, Cell Name=L_GUA11060_SAN_IGNACIO_DE_LOYOLA_2, eNodeB ID=11060, Cell FDD TDD indication=CELL_FDD",Reliable,85.343,7.4
2026-04-11 04:00,60,"L_GUA11060_SAN_IGNACIO_DE_LOYOLA/Cell:eNodeB Function Name=L_GUA11060_SAN_IGNACIO_DE_LOYOLA, Local Cell ID=1, Cell Name=L_GUA11060_SAN_IGNACIO_DE_LOYOLA_1, eNodeB ID=11060, Cell FDD TDD indication=CELL_FDD",Reliable,7.162,2.573
2026-04-11 04:00,60,"L_GUA11111_MONTE_SINAI/Cell:eNodeB Function Name=L_GUA11111_MONTE_SINAI, Local Cell ID=9, Cell Name=L_GUA11111_MONTE_SINAI_9, eNodeB ID=11111, Cell FDD TDD indication=CELL_FDD",Reliable,5.818,1.12
2026-04-11 04:00,60,"L_GUA11111_MONTE_SINAI/Cell:eNodeB Function Name=L_GUA11111_MONTE_SINAI, Local Cell ID=8, Cell Name=L_GUA11111_MONTE_SINAI_8, eNodeB ID=11111, Cell FDD TDD indication=CELL_FDD",Reliable,1.399,2.919
2026-04-11 04:00,60,"L_GUA11111_MONTE_SINAI/Cell:eNodeB Function Name=L_GUA11111_MONTE_SINAI, Local Cell ID=7, Cell Name=L_GUA11111_MONTE_SINAI_7, eNodeB ID=11111, Cell FDD TDD indication=CELL_FDD",Reliable,15.366,2.509
2026-04-11 04:00,60,"L_GUA11111_MONTE_SINAI/Cell:eNodeB Function Name=L_GUA11111_MONTE_SINAI, Local Cell ID=3, Cell Name=L_GUA11111_MONTE_SINAI_3, eNodeB ID=11111, Cell FDD TDD indication=CELL_FDD",Reliable,323.533,31.223
2026-04-11 04:00,60,"L_GUA11111_MONTE_SINAI/Cell:eNodeB Function Name=L_GUA11111_MONTE_SINAI, Local Cell ID=2, Cell Name=L_GUA11111_MONTE_SINAI_2, eNodeB ID=11111, Cell FDD TDD indication=CELL_FDD",Reliable,303.914,43.346
2026-04-11 04:00,60,"L_GUA11111_MONTE_SINAI/Cell:eNodeB Function Name=L_GUA11111_MONTE_SINAI, Local Cell ID=1, Cell Name=L_GUA11111_MONTE_SINAI_1, eNodeB ID=11111, Cell FDD TDD indication=CELL_FDD",Reliable,375.848,26.76
2026-04-11 04:00,60,"L_GUA11145_FLORIDA_NORTE/Cell:eNodeB Function Name=L_GUA11145_FLORIDA_NORTE, Local Cell ID=9, Cell Name=L_GUA11145_FLORIDA_NORTE_9, eNodeB ID=11145, Cell FDD TDD indication=CELL_FDD",Reliable,3.331,0.221
2026-04-11 04:00,60,"L_GUA11145_FLORIDA_NORTE/Cell:eNodeB Function Name=L_GUA11145_FLORIDA_NORTE, Local Cell ID=8, Cell Name=L_GUA11145_FLORIDA_NORTE_8, eNodeB ID=11145, Cell FDD TDD indication=CELL_FDD",Reliable,62.682,15.526
2026-04-11 04:00,60,"L_GUA11145_FLORIDA_NORTE/Cell:eNodeB Function Name=L_GUA11145_FLORIDA_NORTE, Local Cell ID=7, Cell Name=L_GUA11145_FLORIDA_NORTE_7, eNodeB ID=11145, Cell FDD TDD indication=CELL_FDD",Reliable,43.282,9.296
2026-04-11 04:00,60,"L_GUA11145_FLORIDA_NORTE/Cell:eNodeB Function Name=L_GUA11145_FLORIDA_NORTE, Local Cell ID=3, Cell Name=L_GUA11145_FLORIDA_NORTE_3, eNodeB ID=11145, Cell FDD TDD indication=CELL_FDD",Reliable,58.232,14.247
2026-04-11 04:00,60,"L_GUA11145_FLORIDA_NORTE/Cell:eNodeB Function Name=L_GUA11145_FLORIDA_NORTE, Local Cell ID=2, Cell Name=L_GUA11145_FLORIDA_NORTE_2, eNodeB ID=11145, Cell FDD TDD indication=CELL_FDD",Reliable,523.288,23
2026-04-11 04:00,60,"L_GUA11145_FLORIDA_NORTE/Cell:eNodeB Function Name=L_GUA11145_FLORIDA_NORTE, Local Cell ID=1, Cell Name=L_GUA11145_FLORIDA_NORTE_1, eNodeB ID=11145, Cell FDD TDD indication=CELL_FDD",Reliable,216.995,21.348
2026-04-11 04:00,60,"L_GUA11151_HORIZONTES_DEL_GUERRERO/Cell:eNodeB Function Name=L_GUA11151_HORIZONTES_DEL_GUERRERO, Local Cell ID=9, Cell Name=L_GUA11151_HORIZONTES_DEL_GUERRERO_9, eNodeB ID=11151, Cell FDD TDD indication=CELL_FDD",Reliable,17.398,5.587
2026-04-11 04:00,60,"L_GUA11151_HORIZONTES_DEL_GUERRERO/Cell:eNodeB Function Name=L_GUA11151_HORIZONTES_DEL_GUERRERO, Local Cell ID=8, Cell Name=L_GUA11151_HORIZONTES_DEL_GUERRERO_8, eNodeB ID=11151, Cell FDD TDD indication=CELL_FDD",Reliable,263.546,61.932
2026-04-11 04:00,60,"L_GUA11151_HORIZONTES_DEL_GUERRERO/Cell:eNodeB Function Name=L_GUA11151_HORIZONTES_DEL_GUERRERO, Local Cell ID=7, Cell Name=L_GUA11151_HORIZONTES_DEL_GUERRERO_7, eNodeB ID=11151, Cell FDD TDD indication=CELL_FDD",Reliable,0.009,0.001
2026-04-11 04:00,60,"L_GUA11151_HORIZONTES_DEL_GUERRERO/Cell:eNodeB Function Name=L_GUA11151_HORIZONTES_DEL_GUERRERO, Local Cell ID=3, Cell Name=L_GUA11151_HORIZONTES_DEL_GUERRERO_3, eNodeB ID=11151, Cell FDD TDD indication=CELL_FDD",Reliable,0.514,0.702
2026-04-11 04:00,60,"L_GUA11151_HORIZONTES_DEL_GUERRERO/Cell:eNodeB Function Name=L_GUA11151_HORIZONTES_DEL_GUERRERO, Local Cell ID=2, Cell Name=L_GUA11151_HORIZONTES_DEL_GUERRERO_2, eNodeB ID=11151, Cell FDD TDD indication=CELL_FDD",Reliable,154.733,15.109
2026-04-11 04:00,60,"L_GUA11151_HORIZONTES_DEL_GUERRERO/Cell:eNodeB Function Name=L_GUA11151_HORIZONTES_DEL_GUERRERO, Local Cell ID=1, Cell Name=L_GUA11151_HORIZONTES_DEL_GUERRERO_1, eNodeB ID=11151, Cell FDD TDD indication=CELL_FDD",Reliable,23.785,1.443
2026-04-11 04:00,60,"L_GUA11153_PANCHO_JACOME/Cell:eNodeB Function Name=L_GUA11153_PANCHO_JACOME, Local Cell ID=9, Cell Name=L_GUA11153_PANCHO_JACOME_9, eNodeB ID=11153, Cell FDD TDD indication=CELL_FDD",Reliable,40.875,21.985
2026-04-11 04:00,60,"L_GUA11153_PANCHO_JACOME/Cell:eNodeB Function Name=L_GUA11153_PANCHO_JACOME, Local Cell ID=8, Cell Name=L_GUA11153_PANCHO_JACOME_8, eNodeB ID=11153, Cell FDD TDD indication=CELL_FDD",Reliable,0.631,0.488
2026-04-11 04:00,60,"L_GUA11153_PANCHO_JACOME/Cell:eNodeB Function Name=L_GUA11153_PANCHO_JACOME, Local Cell ID=7, Cell Name=L_GUA11153_PANCHO_JACOME_7, eNodeB ID=11153, Cell FDD TDD indication=CELL_FDD",Reliable,367.025,27.52
2026-04-11 04:00,60,"L_GUA11153_PANCHO_JACOME/Cell:eNodeB Function Name=L_GUA11153_PANCHO_JACOME, Local Cell ID=3, Cell Name=L_GUA11153_PANCHO_JACOME_3, eNodeB ID=11153, Cell FDD TDD indication=CELL_FDD",Reliable,211.563,27.24
2026-04-11 04:00,60,"L_GUA11153_PANCHO_JACOME/Cell:eNodeB Function Name=L_GUA11153_PANCHO_JACOME, Local Cell ID=2, Cell Name=L_GUA11153_PANCHO_JACOME_2, eNodeB ID=11153, Cell FDD TDD indication=CELL_FDD",Reliable,0.437,0.5
2026-04-11 04:00,60,"L_GUA11153_PANCHO_JACOME/Cell:eNodeB Function Name=L_GUA11153_PANCHO_JACOME, Local Cell ID=1, Cell Name=L_GUA11153_PANCHO_JACOME_1, eNodeB ID=11153, Cell FDD TDD indication=CELL_FDD",Reliable,244.503,25.895
2026-04-11 04:00,60,"L_GUA11192_VOLUNTAD_DE_DIOS_NOROESTE/Cell:eNodeB Function Name=L_GUA11192_VOLUNTAD_DE_DIOS_NOROESTE, Local Cell ID=9, Cell Name=L_GUA11192_VOLUNTAD_DE_DIOS_NOROESTE_9, eNodeB ID=11192, Cell FDD TDD indication=CELL_FDD",Reliable,96.15,6.692
2026-04-11 04:00,60,"L_GUA11192_VOLUNTAD_DE_DIOS_NOROESTE/Cell:eNodeB Function Name=L_GUA11192_VOLUNTAD_DE_DIOS_NOROESTE, Local Cell ID=8, Cell Name=L_GUA11192_VOLUNTAD_DE_DIOS_NOROESTE_8, eNodeB ID=11192, Cell FDD TDD indication=CELL_FDD",Reliable,0.022,0.032
2026-04-11 04:00,60,"L_GUA11192_VOLUNTAD_DE_DIOS_NOROESTE/Cell:eNodeB Function Name=L_GUA11192_VOLUNTAD_DE_DIOS_NOROESTE, Local Cell ID=7, Cell Name=L_GUA11192_VOLUNTAD_DE_DIOS_NOROESTE_7, eNodeB ID=11192, Cell FDD TDD indication=CELL_FDD",Reliable,59.389,92.416
2026-04-11 04:00,60,"L_GUA11192_VOLUNTAD_DE_DIOS_NOROESTE/Cell:eNodeB Function Name=L_GUA11192_VOLUNTAD_DE_DIOS_NOROESTE, Local Cell ID=3, Cell Name=L_GUA11192_VOLUNTAD_DE_DIOS_NOROESTE_3, eNodeB ID=11192, Cell FDD TDD indication=CELL_FDD",Reliable,237.306,38.97
2026-04-11 04:00,60,"L_GUA11192_VOLUNTAD_DE_DIOS_NOROESTE/Cell:eNodeB Function Name=L_GUA11192_VOLUNTAD_DE_DIOS_NOROESTE, Local Cell ID=2, Cell Name=L_GUA11192_VOLUNTAD_DE_DIOS_NOROESTE_2, eNodeB ID=11192, Cell FDD TDD indication=CELL_FDD",Reliable,112.46,35.589
2026-04-11 04:00,60,"L_GUA11192_VOLUNTAD_DE_DIOS_NOROESTE/Cell:eNodeB Function Name=L_GUA11192_VOLUNTAD_DE_DIOS_NOROESTE, Local Cell ID=1, Cell Name=L_GUA11192_VOLUNTAD_DE_DIOS_NOROESTE_1, eNodeB ID=11192, Cell FDD TDD indication=CELL_FDD",Reliable,98.161,26.998
2026-04-11 04:00,60,"L_GUA11248_GUA_GYE_SOCIO_VIVIENDA/Cell:eNodeB Function Name=L_GUA11248_GUA_GYE_SOCIO_VIVIENDA, Local Cell ID=9, Cell Name=L_GUA11248_GUA_GYE_SOCIO_VIVIENDA_9, eNodeB ID=11248, Cell FDD TDD indication=CELL_FDD",Reliable,0.028,0.036
2026-04-11 04:00,60,"L_GUA11248_GUA_GYE_SOCIO_VIVIENDA/Cell:eNodeB Function Name=L_GUA11248_GUA_GYE_SOCIO_VIVIENDA, Local Cell ID=8, Cell Name=L_GUA11248_GUA_GYE_SOCIO_VIVIENDA_8, eNodeB ID=11248, Cell FDD TDD indication=CELL_FDD",Reliable,0,0
2026-04-11 04:00,60,"L_GUA11248_GUA_GYE_SOCIO_VIVIENDA/Cell:eNodeB Function Name=L_GUA11248_GUA_GYE_SOCIO_VIVIENDA, Local Cell ID=7, Cell Name=L_GUA11248_GUA_GYE_SOCIO_VIVIENDA_7, eNodeB ID=11248, Cell FDD TDD indication=CELL_FDD",Reliable,0.027,0.042
2026-04-11 04:00,60,"L_GUA11248_GUA_GYE_SOCIO_VIVIENDA/Cell:eNodeB Function Name=L_GUA11248_GUA_GYE_SOCIO_VIVIENDA, Local Cell ID=3, Cell Name=L_GUA11248_GUA_GYE_SOCIO_VIVIENDA_3, eNodeB ID=11248, Cell FDD TDD indication=CELL_FDD",Reliable,0.843,0.828
2026-04-11 04:00,60,"L_GUA11248_GUA_GYE_SOCIO_VIVIENDA/Cell:eNodeB Function Name=L_GUA11248_GUA_GYE_SOCIO_VIVIENDA, Local Cell ID=2, Cell Name=L_GUA11248_GUA_GYE_SOCIO_VIVIENDA_2, eNodeB ID=11248, Cell FDD TDD indication=CELL_FDD",Reliable,217.918,63.896
2026-04-11 04:00,60,"L_GUA11248_GUA_GYE_SOCIO_VIVIENDA/Cell:eNodeB Function Name=L_GUA11248_GUA_GYE_SOCIO_VIVIENDA, Local Cell ID=1, Cell Name=L_GUA11248_GUA_GYE_SOCIO_VIVIENDA_1, eNodeB ID=11248, Cell FDD TDD indication=CELL_FDD",Reliable,13.639,6.427
2026-04-11 04:00,60,"L_GUA11275_GUA_GYE_015/Cell:eNodeB Function Name=L_GUA11275_GUA_GYE_015, Local Cell ID=3, Cell Name=L_GUA11275_GUA_GYE_015_3, eNodeB ID=11275, Cell FDD TDD indication=CELL_FDD",Reliable,144.252,20.736
2026-04-11 04:00,60,"L_GUA11275_GUA_GYE_015/Cell:eNodeB Function Name=L_GUA11275_GUA_GYE_015, Local Cell ID=2, Cell Name=L_GUA11275_GUA_GYE_015_2, eNodeB ID=11275, Cell FDD TDD indication=CELL_FDD",Reliable,721.59,53.432
2026-04-11 04:00,60,"L_GUA11275_GUA_GYE_015/Cell:eNodeB Function Name=L_GUA11275_GUA_GYE_015, Local Cell ID=1, Cell Name=L_GUA11275_GUA_GYE_015_1, eNodeB ID=11275, Cell FDD TDD indication=CELL_FDD",Reliable,0.163,0.176
2026-04-11 04:00,60,"L_GUA11320_GUA_GYE_SERGIO_TORAL_DOS/Cell:eNodeB Function Name=L_GUA11320_GUA_GYE_SERGIO_TORAL_DOS, Local Cell ID=9, Cell Name=L_GUA11320_GUA_GYE_SERGIO_TORAL_DOS_9, eNodeB ID=11320, Cell FDD TDD indication=CELL_FDD",Reliable,65.623,4.232
2026-04-11 04:00,60,"L_GUA11320_GUA_GYE_SERGIO_TORAL_DOS/Cell:eNodeB Function Name=L_GUA11320_GUA_GYE_SERGIO_TORAL_DOS, Local Cell ID=8, Cell Name=L_GUA11320_GUA_GYE_SERGIO_TORAL_DOS_8, eNodeB ID=11320, Cell FDD TDD indication=CELL_FDD",Reliable,294.508,17.391
2026-04-11 04:00,60,"L_GUA11320_GUA_GYE_SERGIO_TORAL_DOS/Cell:eNodeB Function Name=L_GUA11320_GUA_GYE_SERGIO_TORAL_DOS, Local Cell ID=7, Cell Name=L_GUA11320_GUA_GYE_SERGIO_TORAL_DOS_7, eNodeB ID=11320, Cell FDD TDD indication=CELL_FDD",Reliable,28.17,3.884
2026-04-11 04:00,60,"L_GUA11320_GUA_GYE_SERGIO_TORAL_DOS/Cell:eNodeB Function Name=L_GUA11320_GUA_GYE_SERGIO_TORAL_DOS, Local Cell ID=3, Cell Name=L_GUA11320_GUA_GYE_SERGIO_TORAL_DOS_3, eNodeB ID=11320, Cell FDD TDD indication=CELL_FDD",Reliable,14.796,2.894
2026-04-11 04:00,60,"L_GUA11320_GUA_GYE_SERGIO_TORAL_DOS/Cell:eNodeB Function Name=L_GUA11320_GUA_GYE_SERGIO_TORAL_DOS, Local Cell ID=2, Cell Name=L_GUA11320_GUA_GYE_SERGIO_TORAL_DOS_2, eNodeB ID=11320, Cell FDD TDD indication=CELL_FDD",Reliable,734.561,54.011
2026-04-11 04:00,60,"L_GUA11320_GUA_GYE_SERGIO_TORAL_DOS/Cell:eNodeB Function Name=L_GUA11320_GUA_GYE_SERGIO_TORAL_DOS, Local Cell ID=1, Cell Name=L_GUA11320_GUA_GYE_SERGIO_TORAL_DOS_1, eNodeB ID=11320, Cell FDD TDD indication=CELL_FDD",Reliable,56.277,17.826
2026-04-11 04:00,60,"L_GUA11664_GUA_GYE_TRINIDAD_DE_DIOS/Cell:eNodeB Function Name=L_GUA11664_GUA_GYE_TRINIDAD_DE_DIOS, Local Cell ID=9, Cell Name=L_GUA11664_GUA_GYE_TRINIDAD_DE_DIOS_9, eNodeB ID=11664, Cell FDD TDD indication=CELL_FDD",Reliable,597.069,50.698
2026-04-11 04:00,60,"L_GUA11664_GUA_GYE_TRINIDAD_DE_DIOS/Cell:eNodeB Function Name=L_GUA11664_GUA_GYE_TRINIDAD_DE_DIOS, Local Cell ID=8, Cell Name=L_GUA11664_GUA_GYE_TRINIDAD_DE_DIOS_8, eNodeB ID=11664, Cell FDD TDD indication=CELL_FDD",Reliable,3.181,1.415
2026-04-11 04:00,60,"L_GUA11664_GUA_GYE_TRINIDAD_DE_DIOS/Cell:eNodeB Function Name=L_GUA11664_GUA_GYE_TRINIDAD_DE_DIOS, Local Cell ID=7, Cell Name=L_GUA11664_GUA_GYE_TRINIDAD_DE_DIOS_7, eNodeB ID=11664, Cell FDD TDD indication=CELL_FDD",Reliable,16.883,174.272
2026-04-11 04:00,60,"L_GUA11664_GUA_GYE_TRINIDAD_DE_DIOS/Cell:eNodeB Function Name=L_GUA11664_GUA_GYE_TRINIDAD_DE_DIOS, Local Cell ID=3, Cell Name=L_GUA11664_GUA_GYE_TRINIDAD_DE_DIOS_3, eNodeB ID=11664, Cell FDD TDD indication=CELL_FDD",Reliable,692.484,35.2
2026-04-11 04:00,60,"L_GUA11664_GUA_GYE_TRINIDAD_DE_DIOS/Cell:eNodeB Function Name=L_GUA11664_GUA_GYE_TRINIDAD_DE_DIOS, Local Cell ID=2, Cell Name=L_GUA11664_GUA_GYE_TRINIDAD_DE_DIOS_2, eNodeB ID=11664, Cell FDD TDD indication=CELL_FDD",Reliable,360.439,32.484
2026-04-11 04:00,60,"L_GUA11664_GUA_GYE_TRINIDAD_DE_DIOS/Cell:eNodeB Function Name=L_GUA11664_GUA_GYE_TRINIDAD_DE_DIOS, Local Cell ID=1, Cell Name=L_GUA11664_GUA_GYE_TRINIDAD_DE_DIOS_1, eNodeB ID=11664, Cell FDD TDD indication=CELL_FDD",Reliable,8.903,5.719
2026-04-11 04:00,60,"L_GUA11674_GUA_HOSPITAL_SINAI/Cell:eNodeB Function Name=L_GUA11674_GUA_HOSPITAL_SINAI, Local Cell ID=9, Cell Name=L_GUA11674_GUA_GYE_HOSPITAL_SINAI_9, eNodeB ID=11674, Cell FDD TDD indication=CELL_FDD",Reliable,0.033,0.066
2026-04-11 04:00,60,"L_GUA11674_GUA_HOSPITAL_SINAI/Cell:eNodeB Function Name=L_GUA11674_GUA_HOSPITAL_SINAI, Local Cell ID=8, Cell Name=L_GUA11674_GUA_GYE_HOSPITAL_SINAI_8, eNodeB ID=11674, Cell FDD TDD indication=CELL_FDD",Reliable,239.302,829.78
2026-04-11 04:00,60,"L_GUA11674_GUA_HOSPITAL_SINAI/Cell:eNodeB Function Name=L_GUA11674_GUA_HOSPITAL_SINAI, Local Cell ID=7, Cell Name=L_GUA11674_GUA_GYE_HOSPITAL_SINAI_7, eNodeB ID=11674, Cell FDD TDD indication=CELL_FDD",Reliable,4.616,0.842
2026-04-11 04:00,60,"L_GUA11674_GUA_HOSPITAL_SINAI/Cell:eNodeB Function Name=L_GUA11674_GUA_HOSPITAL_SINAI, Local Cell ID=3, Cell Name=L_GUA11674_GUA_GYE_HOSPITAL_SINAI_3, eNodeB ID=11674, Cell FDD TDD indication=CELL_FDD",Reliable,102.307,17.65
2026-04-11 04:00,60,"L_GUA11674_GUA_HOSPITAL_SINAI/Cell:eNodeB Function Name=L_GUA11674_GUA_HOSPITAL_SINAI, Local Cell ID=2, Cell Name=L_GUA11674_GUA_GYE_HOSPITAL_SINAI_2, eNodeB ID=11674, Cell FDD TDD indication=CELL_FDD",Reliable,1151.306,92.702
2026-04-11 04:00,60,"L_GUA11674_GUA_HOSPITAL_SINAI/Cell:eNodeB Function Name=L_GUA11674_GUA_HOSPITAL_SINAI, Local Cell ID=1, Cell Name=L_GUA11674_GUA_GYE_HOSPITAL_SINAI_1, eNodeB ID=11674, Cell FDD TDD indication=CELL_FDD",Reliable,29.12,9.858
2026-04-11 04:00,60,"L_GUA11050_SAMANES/Cell:eNodeB Function Name=L_GUA11050_SAMANES, Local Cell ID=9, Cell Name=L_GUA11050_SAMANES_9, eNodeB ID=11050, Cell FDD TDD indication=CELL_FDD",Reliable,8.263,2.673
2026-04-11 04:00,60,"L_GUA11050_SAMANES/Cell:eNodeB Function Name=L_GUA11050_SAMANES, Local Cell ID=8, Cell Name=L_GUA11050_SAMANES_8, eNodeB ID=11050, Cell FDD TDD indication=CELL_FDD",Reliable,48.642,22.632
2026-04-11 04:00,60,"L_GUA11050_SAMANES/Cell:eNodeB Function Name=L_GUA11050_SAMANES, Local Cell ID=7, Cell Name=L_GUA11050_SAMANES_7, eNodeB ID=11050, Cell FDD TDD indication=CELL_FDD",Reliable,2.168,0.575
2026-04-11 04:00,60,"L_GUA11050_SAMANES/Cell:eNodeB Function Name=L_GUA11050_SAMANES, Local Cell ID=3, Cell Name=L_GUA11050_SAMANES_3, eNodeB ID=11050, Cell FDD TDD indication=CELL_FDD",Reliable,4.8,1.84
2026-04-11 04:00,60,"L_GUA11050_SAMANES/Cell:eNodeB Function Name=L_GUA11050_SAMANES, Local Cell ID=2, Cell Name=L_GUA11050_SAMANES_2, eNodeB ID=11050, Cell FDD TDD indication=CELL_FDD",Reliable,9.847,2.732
2026-04-11 04:00,60,"L_GUA11050_SAMANES/Cell:eNodeB Function Name=L_GUA11050_SAMANES, Local Cell ID=1, Cell Name=L_GUA11050_SAMANES_1, eNodeB ID=11050, Cell FDD TDD indication=CELL_FDD",Reliable,8.81,3.826
2026-04-11 04:00,60,"L_GUA11683_GUA_DUR_HERRADURA/Cell:eNodeB Function Name=L_GUA11683_GUA_DUR_HERRADURA, Local Cell ID=9, Cell Name=L_GUA11683_GUA_DUR_HERRADURA_9, eNodeB ID=11683, Cell FDD TDD indication=CELL_FDD",Reliable,3.217,3.396
2026-04-11 04:00,60,"L_GUA11683_GUA_DUR_HERRADURA/Cell:eNodeB Function Name=L_GUA11683_GUA_DUR_HERRADURA, Local Cell ID=8, Cell Name=L_GUA11683_GUA_DUR_HERRADURA_8, eNodeB ID=11683, Cell FDD TDD indication=CELL_FDD",Reliable,866.458,58.311
2026-04-11 04:00,60,"L_GUA11683_GUA_DUR_HERRADURA/Cell:eNodeB Function Name=L_GUA11683_GUA_DUR_HERRADURA, Local Cell ID=7, Cell Name=L_GUA11683_GUA_DUR_HERRADURA_7, eNodeB ID=11683, Cell FDD TDD indication=CELL_FDD",Reliable,306.785,8.584
2026-04-11 04:00,60,"L_GUA11683_GUA_DUR_HERRADURA/Cell:eNodeB Function Name=L_GUA11683_GUA_DUR_HERRADURA, Local Cell ID=3, Cell Name=L_GUA11683_GUA_DUR_HERRADURA_3, eNodeB ID=11683, Cell FDD TDD indication=CELL_FDD",Reliable,105.722,27.295
2026-04-11 04:00,60,"L_GUA11683_GUA_DUR_HERRADURA/Cell:eNodeB Function Name=L_GUA11683_GUA_DUR_HERRADURA, Local Cell ID=2, Cell Name=L_GUA11683_GUA_DUR_HERRADURA_2, eNodeB ID=11683, Cell FDD TDD indication=CELL_FDD",Reliable,136.882,13.775
2026-04-11 04:00,60,"L_GUA11683_GUA_DUR_HERRADURA/Cell:eNodeB Function Name=L_GUA11683_GUA_DUR_HERRADURA, Local Cell ID=1, Cell Name=L_GUA11683_GUA_DUR_HERRADURA_1, eNodeB ID=11683, Cell FDD TDD indication=CELL_FDD",Reliable,841.896,251.37
2026-04-11 04:00,60,"L_GUA11223_PARQUE_CALIFORNIA/Cell:eNodeB Function Name=L_GUA11223_PARQUE_CALIFORNIA, Local Cell ID=3, Cell Name=L_GUA11223_PARQUE_CALIFORNIA_3, eNodeB ID=11223, Cell FDD TDD indication=CELL_FDD",Reliable,295.609,17.098
2026-04-11 04:00,60,"L_GUA11223_PARQUE_CALIFORNIA/Cell:eNodeB Function Name=L_GUA11223_PARQUE_CALIFORNIA, Local Cell ID=2, Cell Name=L_GUA11223_PARQUE_CALIFORNIA_2, eNodeB ID=11223, Cell FDD TDD indication=CELL_FDD",Reliable,149.038,30.721
2026-04-11 04:00,60,"L_GUA11223_PARQUE_CALIFORNIA/Cell:eNodeB Function Name=L_GUA11223_PARQUE_CALIFORNIA, Local Cell ID=1, Cell Name=L_GUA11223_PARQUE_CALIFORNIA_1, eNodeB ID=11223, Cell FDD TDD indication=CELL_FDD",Reliable,2.837,0.687
2026-04-11 04:00,60,"L_GUA11223_PARQUE_CALIFORNIA/Cell:eNodeB Function Name=L_GUA11223_PARQUE_CALIFORNIA, Local Cell ID=9, Cell Name=L_GUA11223_PARQUE_CALIFORNIA_9, eNodeB ID=11223, Cell FDD TDD indication=CELL_FDD",Reliable,0.807,0.595
2026-04-11 04:00,60,"L_GUA11223_PARQUE_CALIFORNIA/Cell:eNodeB Function Name=L_GUA11223_PARQUE_CALIFORNIA, Local Cell ID=8, Cell Name=L_GUA11223_PARQUE_CALIFORNIA_8, eNodeB ID=11223, Cell FDD TDD indication=CELL_FDD",Reliable,14.003,3.101
2026-04-11 04:00,60,"L_GUA11223_PARQUE_CALIFORNIA/Cell:eNodeB Function Name=L_GUA11223_PARQUE_CALIFORNIA, Local Cell ID=7, Cell Name=L_GUA11223_PARQUE_CALIFORNIA_7, eNodeB ID=11223, Cell FDD TDD indication=CELL_FDD",Reliable,6.532,1.776
2026-04-11 04:00,60,"L_GUA11168_MONTEBELLO_NORTE/Cell:eNodeB Function Name=L_GUA11168_MONTEBELLO_NORTE, Local Cell ID=9, Cell Name=L_GUA11168_MONTEBELLO_NORTE_9, eNodeB ID=11168, Cell FDD TDD indication=CELL_FDD",Reliable,65.11,11.157
2026-04-11 04:00,60,"L_GUA11168_MONTEBELLO_NORTE/Cell:eNodeB Function Name=L_GUA11168_MONTEBELLO_NORTE, Local Cell ID=8, Cell Name=L_GUA11168_MONTEBELLO_NORTE_8, eNodeB ID=11168, Cell FDD TDD indication=CELL_FDD",Reliable,18.565,3.992
2026-04-11 04:00,60,"L_GUA11168_MONTEBELLO_NORTE/Cell:eNodeB Function Name=L_GUA11168_MONTEBELLO_NORTE, Local Cell ID=7, Cell Name=L_GUA11168_MONTEBELLO_NORTE_7, eNodeB ID=11168, Cell FDD TDD indication=CELL_FDD",Reliable,221.187,22.605
2026-04-11 04:00,60,"L_GUA11168_MONTEBELLO_NORTE/Cell:eNodeB Function Name=L_GUA11168_MONTEBELLO_NORTE, Local Cell ID=3, Cell Name=L_GUA11168_MONTEBELLO_NORTE_3, eNodeB ID=11168, Cell FDD TDD indication=CELL_FDD",Reliable,249.855,29.655
2026-04-11 04:00,60,"L_GUA11168_MONTEBELLO_NORTE/Cell:eNodeB Function Name=L_GUA11168_MONTEBELLO_NORTE, Local Cell ID=2, Cell Name=L_GUA11168_MONTEBELLO_NORTE_2, eNodeB ID=11168, Cell FDD TDD indication=CELL_FDD",Reliable,1473.016,60.1
2026-04-11 04:00,60,"L_GUA11168_MONTEBELLO_NORTE/Cell:eNodeB Function Name=L_GUA11168_MONTEBELLO_NORTE, Local Cell ID=1, Cell Name=L_GUA11168_MONTEBELLO_NORTE_1, eNodeB ID=11168, Cell FDD TDD indication=CELL_FDD",Reliable,289.15,41.01
2026-04-11 04:00,60,"L_GUA11171_PASCUALES_NORTE/Cell:eNodeB Function Name=L_GUA11171_PASCUALES_NORTE, Local Cell ID=9, Cell Name=L_GUA11171_PASCUALES_NORTE_9, eNodeB ID=11171, Cell FDD TDD indication=CELL_FDD",Reliable,2.066,0.185
2026-04-11 04:00,60,"L_GUA11171_PASCUALES_NORTE/Cell:eNodeB Function Name=L_GUA11171_PASCUALES_NORTE, Local Cell ID=8, Cell Name=L_GUA11171_PASCUALES_NORTE_8, eNodeB ID=11171, Cell FDD TDD indication=CELL_FDD",Reliable,1145.311,175.344
2026-04-11 04:00,60,"L_GUA11171_PASCUALES_NORTE/Cell:eNodeB Function Name=L_GUA11171_PASCUALES_NORTE, Local Cell ID=7, Cell Name=L_GUA11171_PASCUALES_NORTE_7, eNodeB ID=11171, Cell FDD TDD indication=CELL_FDD",Reliable,3892.529,566.93
2026-04-11 04:00,60,"L_GUA11171_PASCUALES_NORTE/Cell:eNodeB Function Name=L_GUA11171_PASCUALES_NORTE, Local Cell ID=3, Cell Name=L_GUA11171_PASCUALES_NORTE_3, eNodeB ID=11171, Cell FDD TDD indication=CELL_FDD",Reliable,76.15,7.541
2026-04-11 04:00,60,"L_GUA11171_PASCUALES_NORTE/Cell:eNodeB Function Name=L_GUA11171_PASCUALES_NORTE, Local Cell ID=2, Cell Name=L_GUA11171_PASCUALES_NORTE_2, eNodeB ID=11171, Cell FDD TDD indication=CELL_FDD",Reliable,4695.927,1432.475
2026-04-11 04:00,60,"L_GUA11171_PASCUALES_NORTE/Cell:eNodeB Function Name=L_GUA11171_PASCUALES_NORTE, Local Cell ID=1, Cell Name=L_GUA11171_PASCUALES_NORTE_1, eNodeB ID=11171, Cell FDD TDD indication=CELL_FDD",Reliable,8363.784,2290.975
2026-04-11 04:00,60,"L_GUA11177_SAN_IGNACIO_DE_LOYOLA_NORTE/Cell:eNodeB Function Name=L_GUA11177_SAN_IGNACIO_DE_LOYOLA_NORTE, Local Cell ID=9, Cell Name=L_GUA11177_SAN_IGNACIO_DE_LOYOLA_NORTE_9, eNodeB ID=11177, Cell FDD TDD indication=CELL_FDD",Reliable,276.285,9.918
2026-04-11 04:00,60,"L_GUA11177_SAN_IGNACIO_DE_LOYOLA_NORTE/Cell:eNodeB Function Name=L_GUA11177_SAN_IGNACIO_DE_LOYOLA_NORTE, Local Cell ID=8, Cell Name=L_GUA11177_SAN_IGNACIO_DE_LOYOLA_NORTE_8, eNodeB ID=11177, Cell FDD TDD indication=CELL_FDD",Reliable,0.574,0.336
2026-04-11 04:00,60,"L_GUA11177_SAN_IGNACIO_DE_LOYOLA_NORTE/Cell:eNodeB Function Name=L_GUA11177_SAN_IGNACIO_DE_LOYOLA_NORTE, Local Cell ID=7, Cell Name=L_GUA11177_SAN_IGNACIO_DE_LOYOLA_NORTE_7, eNodeB ID=11177, Cell FDD TDD indication=CELL_FDD",Reliable,0.001,0.042
2026-04-11 04:00,60,"L_GUA11177_SAN_IGNACIO_DE_LOYOLA_NORTE/Cell:eNodeB Function Name=L_GUA11177_SAN_IGNACIO_DE_LOYOLA_NORTE, Local Cell ID=3, Cell Name=L_GUA11177_SAN_IGNACIO_DE_LOYOLA_NORTE_3, eNodeB ID=11177, Cell FDD TDD indication=CELL_FDD",Reliable,528.912,28.119
2026-04-11 04:00,60,"L_GUA11177_SAN_IGNACIO_DE_LOYOLA_NORTE/Cell:eNodeB Function Name=L_GUA11177_SAN_IGNACIO_DE_LOYOLA_NORTE, Local Cell ID=2, Cell Name=L_GUA11177_SAN_IGNACIO_DE_LOYOLA_NORTE_2, eNodeB ID=11177, Cell FDD TDD indication=CELL_FDD",Reliable,248.506,37.604
2026-04-11 04:00,60,"L_GUA11177_SAN_IGNACIO_DE_LOYOLA_NORTE/Cell:eNodeB Function Name=L_GUA11177_SAN_IGNACIO_DE_LOYOLA_NORTE, Local Cell ID=1, Cell Name=L_GUA11177_SAN_IGNACIO_DE_LOYOLA_NORTE_1, eNodeB ID=11177, Cell FDD TDD indication=CELL_FDD",Reliable,152.523,8.606
2026-04-11 04:00,60,"L_GUA11197_EL_FORTIN/Cell:eNodeB Function Name=L_GUA11197_EL_FORTIN, Local Cell ID=9, Cell Name=L_GUA11197_EL_FORTIN_9, eNodeB ID=11197, Cell FDD TDD indication=CELL_FDD",Reliable,0.15,0.203
2026-04-11 04:00,60,"L_GUA11197_EL_FORTIN/Cell:eNodeB Function Name=L_GUA11197_EL_FORTIN, Local Cell ID=8, Cell Name=L_GUA11197_EL_FORTIN_8, eNodeB ID=11197, Cell FDD TDD indication=CELL_FDD",Reliable,162.217,11.123
2026-04-11 04:00,60,"L_GUA11197_EL_FORTIN/Cell:eNodeB Function Name=L_GUA11197_EL_FORTIN, Local Cell ID=7, Cell Name=L_GUA11197_EL_FORTIN_7, eNodeB ID=11197, Cell FDD TDD indication=CELL_FDD",Reliable,26.273,4.283
2026-04-11 04:00,60,"L_GUA11197_EL_FORTIN/Cell:eNodeB Function Name=L_GUA11197_EL_FORTIN, Local Cell ID=3, Cell Name=L_GUA11197_EL_FORTIN_3, eNodeB ID=11197, Cell FDD TDD indication=CELL_FDD",Reliable,205.007,18.889
2026-04-11 04:00,60,"L_GUA11197_EL_FORTIN/Cell:eNodeB Function Name=L_GUA11197_EL_FORTIN, Local Cell ID=2, Cell Name=L_GUA11197_EL_FORTIN_2, eNodeB ID=11197, Cell FDD TDD indication=CELL_FDD",Reliable,227.99,22.227
2026-04-11 04:00,60,"L_GUA11197_EL_FORTIN/Cell:eNodeB Function Name=L_GUA11197_EL_FORTIN, Local Cell ID=1, Cell Name=L_GUA11197_EL_FORTIN_1, eNodeB ID=11197, Cell FDD TDD indication=CELL_FDD",Reliable,5.879,1.555
2026-04-11 04:00,60,"L_GUA11198_MI_LOTE_2/Cell:eNodeB Function Name=L_GUA11198_MI_LOTE_2, Local Cell ID=9, Cell Name=L_GUA11198_MI_LOTE_2_9, eNodeB ID=11198, Cell FDD TDD indication=CELL_FDD",Reliable,1100.311,117.472
2026-04-11 04:00,60,"L_GUA11198_MI_LOTE_2/Cell:eNodeB Function Name=L_GUA11198_MI_LOTE_2, Local Cell ID=8, Cell Name=L_GUA11198_MI_LOTE_2_8, eNodeB ID=11198, Cell FDD TDD indication=CELL_FDD",Reliable,16.58,7.883
2026-04-11 04:00,60,"L_GUA11198_MI_LOTE_2/Cell:eNodeB Function Name=L_GUA11198_MI_LOTE_2, Local Cell ID=7, Cell Name=L_GUA11198_MI_LOTE_2_7, eNodeB ID=11198, Cell FDD TDD indication=CELL_FDD",Reliable,210.214,7.436
2026-04-11 04:00,60,"L_GUA11198_MI_LOTE_2/Cell:eNodeB Function Name=L_GUA11198_MI_LOTE_2, Local Cell ID=3, Cell Name=L_GUA11198_MI_LOTE_2_3, eNodeB ID=11198, Cell FDD TDD indication=CELL_FDD",Reliable,1056.591,86.807
2026-04-11 04:00,60,"L_GUA11198_MI_LOTE_2/Cell:eNodeB Function Name=L_GUA11198_MI_LOTE_2, Local Cell ID=2, Cell Name=L_GUA11198_MI_LOTE_2_2, eNodeB ID=11198, Cell FDD TDD indication=CELL_FDD",Reliable,71.921,15.442
2026-04-11 04:00,60,"L_GUA11198_MI_LOTE_2/Cell:eNodeB Function Name=L_GUA11198_MI_LOTE_2, Local Cell ID=1, Cell Name=L_GUA11198_MI_LOTE_2_1, eNodeB ID=11198, Cell FDD TDD indication=CELL_FDD",Reliable,44.057,5.89
2026-04-11 04:00,60,"L_GUA11289_FLOR_DE_BASTION_5/Cell:eNodeB Function Name=L_GUA11289_FLOR_DE_BASTION_5, Local Cell ID=9, Cell Name=L_GUA11289_FLOR_DE_BASTION_5_9, eNodeB ID=11289, Cell FDD TDD indication=CELL_FDD",Reliable,8.368,4.52
2026-04-11 04:00,60,"L_GUA11289_FLOR_DE_BASTION_5/Cell:eNodeB Function Name=L_GUA11289_FLOR_DE_BASTION_5, Local Cell ID=8, Cell Name=L_GUA11289_FLOR_DE_BASTION_5_8, eNodeB ID=11289, Cell FDD TDD indication=CELL_FDD",Reliable,34.624,1.822
2026-04-11 04:00,60,"L_GUA11289_FLOR_DE_BASTION_5/Cell:eNodeB Function Name=L_GUA11289_FLOR_DE_BASTION_5, Local Cell ID=7, Cell Name=L_GUA11289_FLOR_DE_BASTION_5_7, eNodeB ID=11289, Cell FDD TDD indication=CELL_FDD",Reliable,0.028,0.04
2026-04-11 04:00,60,"L_GUA11289_FLOR_DE_BASTION_5/Cell:eNodeB Function Name=L_GUA11289_FLOR_DE_BASTION_5, Local Cell ID=3, Cell Name=L_GUA11289_FLOR_DE_BASTION_5_3, eNodeB ID=11289, Cell FDD TDD indication=CELL_FDD",Reliable,18.734,5.863
2026-04-11 04:00,60,"L_GUA11289_FLOR_DE_BASTION_5/Cell:eNodeB Function Name=L_GUA11289_FLOR_DE_BASTION_5, Local Cell ID=2, Cell Name=L_GUA11289_FLOR_DE_BASTION_5_2, eNodeB ID=11289, Cell FDD TDD indication=CELL_FDD",Reliable,17.5,2.665
2026-04-11 04:00,60,"L_GUA11289_FLOR_DE_BASTION_5/Cell:eNodeB Function Name=L_GUA11289_FLOR_DE_BASTION_5, Local Cell ID=1, Cell Name=L_GUA11289_FLOR_DE_BASTION_5_1, eNodeB ID=11289, Cell FDD TDD indication=CELL_FDD",Reliable,174.386,13.242
2026-04-11 04:00,60,"L_GUA11291_IGUANAS_UNO/Cell:eNodeB Function Name=L_GUA11291_IGUANAS_UNO, Local Cell ID=9, Cell Name=L_GUA11291_IGUANAS_UNO_9, eNodeB ID=11291, Cell FDD TDD indication=CELL_FDD",Reliable,135.864,6.003
2026-04-11 04:00,60,"L_GUA11291_IGUANAS_UNO/Cell:eNodeB Function Name=L_GUA11291_IGUANAS_UNO, Local Cell ID=8, Cell Name=L_GUA11291_IGUANAS_UNO_8, eNodeB ID=11291, Cell FDD TDD indication=CELL_FDD",Reliable,0.807,14.778
2026-04-11 04:00,60,"L_GUA11291_IGUANAS_UNO/Cell:eNodeB Function Name=L_GUA11291_IGUANAS_UNO, Local Cell ID=7, Cell Name=L_GUA11291_IGUANAS_UNO_7, eNodeB ID=11291, Cell FDD TDD indication=CELL_FDD",Reliable,11.606,1.609
2026-04-11 04:00,60,"L_GUA11291_IGUANAS_UNO/Cell:eNodeB Function Name=L_GUA11291_IGUANAS_UNO, Local Cell ID=3, Cell Name=L_GUA11291_IGUANAS_UNO_3, eNodeB ID=11291, Cell FDD TDD indication=CELL_FDD",Reliable,121.142,10.086
2026-04-11 04:00,60,"L_GUA11291_IGUANAS_UNO/Cell:eNodeB Function Name=L_GUA11291_IGUANAS_UNO, Local Cell ID=2, Cell Name=L_GUA11291_IGUANAS_UNO_2, eNodeB ID=11291, Cell FDD TDD indication=CELL_FDD",Reliable,2.382,10.64
2026-04-11 04:00,60,"L_GUA11291_IGUANAS_UNO/Cell:eNodeB Function Name=L_GUA11291_IGUANAS_UNO, Local Cell ID=1, Cell Name=L_GUA11291_IGUANAS_UNO_1, eNodeB ID=11291, Cell FDD TDD indication=CELL_FDD",Reliable,92.631,7.072
2026-04-11 04:00,60,"L_GUA11676_GUA_GYE_LA_PLANADA/Cell:eNodeB Function Name=L_GUA11676_GUA_GYE_LA_PLANADA, Local Cell ID=9, Cell Name=L_GUA11676_GUA_GYE_LA_PLANADA_9, eNodeB ID=11676, Cell FDD TDD indication=CELL_FDD",Reliable,41.714,0.808
2026-04-11 04:00,60,"L_GUA11676_GUA_GYE_LA_PLANADA/Cell:eNodeB Function Name=L_GUA11676_GUA_GYE_LA_PLANADA, Local Cell ID=8, Cell Name=L_GUA11676_GUA_GYE_LA_PLANADA_8, eNodeB ID=11676, Cell FDD TDD indication=CELL_FDD",Reliable,128.767,9.498
2026-04-11 04:00,60,"L_GUA11676_GUA_GYE_LA_PLANADA/Cell:eNodeB Function Name=L_GUA11676_GUA_GYE_LA_PLANADA, Local Cell ID=7, Cell Name=L_GUA11676_GUA_GYE_LA_PLANADA_7, eNodeB ID=11676, Cell FDD TDD indication=CELL_FDD",Reliable,472.893,71.748
2026-04-11 04:00,60,"L_GUA11676_GUA_GYE_LA_PLANADA/Cell:eNodeB Function Name=L_GUA11676_GUA_GYE_LA_PLANADA, Local Cell ID=3, Cell Name=L_GUA11676_GUA_GYE_LA_PLANADA_3, eNodeB ID=11676, Cell FDD TDD indication=CELL_FDD",Reliable,1.497,0.445
2026-04-11 04:00,60,"L_GUA11676_GUA_GYE_LA_PLANADA/Cell:eNodeB Function Name=L_GUA11676_GUA_GYE_LA_PLANADA, Local Cell ID=2, Cell Name=L_GUA11676_GUA_GYE_LA_PLANADA_2, eNodeB ID=11676, Cell FDD TDD indication=CELL_FDD",Reliable,488.389,172.776
2026-04-11 04:00,60,"L_GUA11676_GUA_GYE_LA_PLANADA/Cell:eNodeB Function Name=L_GUA11676_GUA_GYE_LA_PLANADA, Local Cell ID=1, Cell Name=L_GUA11676_GUA_GYE_LA_PLANADA_1, eNodeB ID=11676, Cell FDD TDD indication=CELL_FDD",Reliable,222.149,25.422
2026-04-11 04:00,60,"L_GUA11685_GUA_DUR_EL_RECREO_4/Cell:eNodeB Function Name=L_GUA11685_GUA_DUR_EL_RECREO_4, Local Cell ID=9, Cell Name=L_GUA11685_GUA_DUR_EL_RECREO_4_9, eNodeB ID=11685, Cell FDD TDD indication=CELL_FDD",Reliable,54.878,7.663
2026-04-11 04:00,60,"L_GUA11685_GUA_DUR_EL_RECREO_4/Cell:eNodeB Function Name=L_GUA11685_GUA_DUR_EL_RECREO_4, Local Cell ID=8, Cell Name=L_GUA11685_GUA_DUR_EL_RECREO_4_8, eNodeB ID=11685, Cell FDD TDD indication=CELL_FDD",Reliable,378.448,29.063
2026-04-11 04:00,60,"L_GUA11685_GUA_DUR_EL_RECREO_4/Cell:eNodeB Function Name=L_GUA11685_GUA_DUR_EL_RECREO_4, Local Cell ID=7, Cell Name=L_GUA11685_GUA_DUR_EL_RECREO_4_7, eNodeB ID=11685, Cell FDD TDD indication=CELL_FDD",Reliable,13.742,7.322
2026-04-11 04:00,60,"L_GUA11685_GUA_DUR_EL_RECREO_4/Cell:eNodeB Function Name=L_GUA11685_GUA_DUR_EL_RECREO_4, Local Cell ID=3, Cell Name=L_GUA11685_GUA_DUR_EL_RECREO_4_3, eNodeB ID=11685, Cell FDD TDD indication=CELL_FDD",Reliable,86.649,19.97
2026-04-11 04:00,60,"L_GUA11685_GUA_DUR_EL_RECREO_4/Cell:eNodeB Function Name=L_GUA11685_GUA_DUR_EL_RECREO_4, Local Cell ID=2, Cell Name=L_GUA11685_GUA_DUR_EL_RECREO_4_2, eNodeB ID=11685, Cell FDD TDD indication=CELL_FDD",Reliable,161.76,14.575
2026-04-11 04:00,60,"L_GUA11685_GUA_DUR_EL_RECREO_4/Cell:eNodeB Function Name=L_GUA11685_GUA_DUR_EL_RECREO_4, Local Cell ID=1, Cell Name=L_GUA11685_GUA_DUR_EL_RECREO_4_1, eNodeB ID=11685, Cell FDD TDD indication=CELL_FDD",Reliable,458.893,234.319
2026-04-11 04:00,60,"L_GUA11352_PRIMAVERA/Cell:eNodeB Function Name=L_GUA11352_PRIMAVERA, Local Cell ID=9, Cell Name=L_GUA11352_PRIMAVERA_9, eNodeB ID=11352, Cell FDD TDD indication=CELL_FDD",Reliable,298.216,18.872
2026-04-11 04:00,60,"L_GUA11352_PRIMAVERA/Cell:eNodeB Function Name=L_GUA11352_PRIMAVERA, Local Cell ID=8, Cell Name=L_GUA11352_PRIMAVERA_8, eNodeB ID=11352, Cell FDD TDD indication=CELL_FDD",Reliable,44.214,50.013
2026-04-11 04:00,60,"L_GUA11352_PRIMAVERA/Cell:eNodeB Function Name=L_GUA11352_PRIMAVERA, Local Cell ID=7, Cell Name=L_GUA11352_PRIMAVERA_7, eNodeB ID=11352, Cell FDD TDD indication=CELL_FDD",Reliable,5.64,1.801
2026-04-11 04:00,60,"L_GUA11352_PRIMAVERA/Cell:eNodeB Function Name=L_GUA11352_PRIMAVERA, Local Cell ID=3, Cell Name=L_GUA11352_PRIMAVERA_3, eNodeB ID=11352, Cell FDD TDD indication=CELL_FDD",Reliable,278.324,18.534
2026-04-11 04:00,60,"L_GUA11352_PRIMAVERA/Cell:eNodeB Function Name=L_GUA11352_PRIMAVERA, Local Cell ID=2, Cell Name=L_GUA11352_PRIMAVERA_2, eNodeB ID=11352, Cell FDD TDD indication=CELL_FDD",Reliable,121.434,13.162
2026-04-11 04:00,60,"L_GUA11352_PRIMAVERA/Cell:eNodeB Function Name=L_GUA11352_PRIMAVERA, Local Cell ID=1, Cell Name=L_GUA11352_PRIMAVERA_1, eNodeB ID=11352, Cell FDD TDD indication=CELL_FDD",Reliable,66.197,124.4
2026-04-11 04:00,60,"L_GUA11364_EL_RECREO_1/Cell:eNodeB Function Name=L_GUA11364_EL_RECREO_1, Local Cell ID=9, Cell Name=L_GUA11364_EL_RECREO_1_9, eNodeB ID=11364, Cell FDD TDD indication=CELL_FDD",Reliable,77.6,7.154
2026-04-11 04:00,60,"L_GUA11364_EL_RECREO_1/Cell:eNodeB Function Name=L_GUA11364_EL_RECREO_1, Local Cell ID=8, Cell Name=L_GUA11364_EL_RECREO_1_8, eNodeB ID=11364, Cell FDD TDD indication=CELL_FDD",Reliable,33.048,18.721
2026-04-11 04:00,60,"L_GUA11364_EL_RECREO_1/Cell:eNodeB Function Name=L_GUA11364_EL_RECREO_1, Local Cell ID=7, Cell Name=L_GUA11364_EL_RECREO_1_7, eNodeB ID=11364, Cell FDD TDD indication=CELL_FDD",Reliable,22.911,6.776
2026-04-11 04:00,60,"L_GUA11364_EL_RECREO_1/Cell:eNodeB Function Name=L_GUA11364_EL_RECREO_1, Local Cell ID=3, Cell Name=L_GUA11364_EL_RECREO_1_3, eNodeB ID=11364, Cell FDD TDD indication=CELL_FDD",Reliable,402.073,35.27
2026-04-11 04:00,60,"L_GUA11364_EL_RECREO_1/Cell:eNodeB Function Name=L_GUA11364_EL_RECREO_1, Local Cell ID=2, Cell Name=L_GUA11364_EL_RECREO_1_2, eNodeB ID=11364, Cell FDD TDD indication=CELL_FDD",Reliable,693.216,186.259
2026-04-11 04:00,60,"L_GUA11364_EL_RECREO_1/Cell:eNodeB Function Name=L_GUA11364_EL_RECREO_1, Local Cell ID=1, Cell Name=L_GUA11364_EL_RECREO_1_1, eNodeB ID=11364, Cell FDD TDD indication=CELL_FDD",Reliable,435.999,41.862
2026-04-11 04:00,60,"L_GUA11369_ARBOLITO/Cell:eNodeB Function Name=L_GUA11369_ARBOLITO, Local Cell ID=9, Cell Name=L_GUA11369_ARBOLITO_9, eNodeB ID=11369, Cell FDD TDD indication=CELL_FDD",Reliable,2.13,0.562
2026-04-11 04:00,60,"L_GUA11369_ARBOLITO/Cell:eNodeB Function Name=L_GUA11369_ARBOLITO, Local Cell ID=8, Cell Name=L_GUA11369_ARBOLITO_8, eNodeB ID=11369, Cell FDD TDD indication=CELL_FDD",Reliable,581.141,46.166
2026-04-11 04:00,60,"L_GUA11369_ARBOLITO/Cell:eNodeB Function Name=L_GUA11369_ARBOLITO, Local Cell ID=7, Cell Name=L_GUA11369_ARBOLITO_7, eNodeB ID=11369, Cell FDD TDD indication=CELL_FDD",Reliable,41.479,3.678
2026-04-11 04:00,60,"L_GUA11369_ARBOLITO/Cell:eNodeB Function Name=L_GUA11369_ARBOLITO, Local Cell ID=3, Cell Name=L_GUA11369_ARBOLITO_3, eNodeB ID=11369, Cell FDD TDD indication=CELL_FDD",Reliable,114.125,7.577
2026-04-11 04:00,60,"L_GUA11369_ARBOLITO/Cell:eNodeB Function Name=L_GUA11369_ARBOLITO, Local Cell ID=2, Cell Name=L_GUA11369_ARBOLITO_2, eNodeB ID=11369, Cell FDD TDD indication=CELL_FDD",Reliable,15.752,4.929
2026-04-11 04:00,60,"L_GUA11369_ARBOLITO/Cell:eNodeB Function Name=L_GUA11369_ARBOLITO, Local Cell ID=1, Cell Name=L_GUA11369_ARBOLITO_1, eNodeB ID=11369, Cell FDD TDD indication=CELL_FDD",Reliable,2.921,1.858
2026-04-11 04:00,60,"L_GUA11371_FERIA_DE_DURAN/Cell:eNodeB Function Name=L_GUA11371_FERIA_DE_DURAN, Local Cell ID=3, Cell Name=L_GUA11371_FERIA_DE_DURAN_3, eNodeB ID=11371, Cell FDD TDD indication=CELL_FDD",Reliable,201.59,17.416
2026-04-11 04:00,60,"L_GUA11371_FERIA_DE_DURAN/Cell:eNodeB Function Name=L_GUA11371_FERIA_DE_DURAN, Local Cell ID=2, Cell Name=L_GUA11371_FERIA_DE_DURAN_2, eNodeB ID=11371, Cell FDD TDD indication=CELL_FDD",Reliable,402.211,52.251
2026-04-11 04:00,60,"L_GUA11371_FERIA_DE_DURAN/Cell:eNodeB Function Name=L_GUA11371_FERIA_DE_DURAN, Local Cell ID=1, Cell Name=L_GUA11371_FERIA_DE_DURAN_1, eNodeB ID=11371, Cell FDD TDD indication=CELL_FDD",Reliable,44.979,11.055
2026-04-11 04:00,60,"L_GUA11372_PANORAMA/Cell:eNodeB Function Name=L_GUA11372_PANORAMA, Local Cell ID=9, Cell Name=L_GUA11372_PANORAMA_9, eNodeB ID=11372, Cell FDD TDD indication=CELL_FDD",Reliable,486.923,22.538
2026-04-11 04:00,60,"L_GUA11372_PANORAMA/Cell:eNodeB Function Name=L_GUA11372_PANORAMA, Local Cell ID=8, Cell Name=L_GUA11372_PANORAMA_8, eNodeB ID=11372, Cell FDD TDD indication=CELL_FDD",Reliable,44.405,2.761
2026-04-11 04:00,60,"L_GUA11372_PANORAMA/Cell:eNodeB Function Name=L_GUA11372_PANORAMA, Local Cell ID=7, Cell Name=L_GUA11372_PANORAMA_7, eNodeB ID=11372, Cell FDD TDD indication=CELL_FDD",Reliable,4.386,2.47
2026-04-11 04:00,60,"L_GUA11372_PANORAMA/Cell:eNodeB Function Name=L_GUA11372_PANORAMA, Local Cell ID=3, Cell Name=L_GUA11372_PANORAMA_3, eNodeB ID=11372, Cell FDD TDD indication=CELL_FDD",Reliable,240.352,14.906
2026-04-11 04:00,60,"L_GUA11372_PANORAMA/Cell:eNodeB Function Name=L_GUA11372_PANORAMA, Local Cell ID=2, Cell Name=L_GUA11372_PANORAMA_2, eNodeB ID=11372, Cell FDD TDD indication=CELL_FDD",Reliable,760.867,47.453
2026-04-11 04:00,60,"L_GUA11372_PANORAMA/Cell:eNodeB Function Name=L_GUA11372_PANORAMA, Local Cell ID=1, Cell Name=L_GUA11372_PANORAMA_1, eNodeB ID=11372, Cell FDD TDD indication=CELL_FDD",Reliable,376.126,19.737
2026-04-11 04:00,60,"L_GUA11373_SAN_GABRIEL_1/Cell:eNodeB Function Name=L_GUA11373_SAN_GABRIEL_1, Local Cell ID=9, Cell Name=L_GUA11373_SAN_GABRIEL_1_9, eNodeB ID=11373, Cell FDD TDD indication=CELL_FDD",Reliable,127.435,8.788
2026-04-11 04:00,60,"L_GUA11373_SAN_GABRIEL_1/Cell:eNodeB Function Name=L_GUA11373_SAN_GABRIEL_1, Local Cell ID=8, Cell Name=L_GUA11373_SAN_GABRIEL_1_8, eNodeB ID=11373, Cell FDD TDD indication=CELL_FDD",Reliable,22.64,3.222
2026-04-11 04:00,60,"L_GUA11373_SAN_GABRIEL_1/Cell:eNodeB Function Name=L_GUA11373_SAN_GABRIEL_1, Local Cell ID=7, Cell Name=L_GUA11373_SAN_GABRIEL_1_7, eNodeB ID=11373, Cell FDD TDD indication=CELL_FDD",Reliable,366.517,32.714
2026-04-11 04:00,60,"L_GUA11373_SAN_GABRIEL_1/Cell:eNodeB Function Name=L_GUA11373_SAN_GABRIEL_1, Local Cell ID=3, Cell Name=L_GUA11373_SAN_GABRIEL_1_3, eNodeB ID=11373, Cell FDD TDD indication=CELL_FDD",Reliable,349.07,41.149
2026-04-11 04:00,60,"L_GUA11373_SAN_GABRIEL_1/Cell:eNodeB Function Name=L_GUA11373_SAN_GABRIEL_1, Local Cell ID=2, Cell Name=L_GUA11373_SAN_GABRIEL_1_2, eNodeB ID=11373, Cell FDD TDD indication=CELL_FDD",Reliable,18.831,12.896
2026-04-11 04:00,60,"L_GUA11373_SAN_GABRIEL_1/Cell:eNodeB Function Name=L_GUA11373_SAN_GABRIEL_1, Local Cell ID=1, Cell Name=L_GUA11373_SAN_GABRIEL_1_1, eNodeB ID=11373, Cell FDD TDD indication=CELL_FDD",Reliable,290.837,28.659
2026-04-11 04:00,60,"L_GUA11392_PANORAMA_SUR/Cell:eNodeB Function Name=L_GUA11392_PANORAMA_SUR, Local Cell ID=9, Cell Name=L_GUA11392_PANORAMA_SUR_9, eNodeB ID=11392, Cell FDD TDD indication=CELL_FDD",Reliable,483.916,32.959
2026-04-11 04:00,60,"L_GUA11392_PANORAMA_SUR/Cell:eNodeB Function Name=L_GUA11392_PANORAMA_SUR, Local Cell ID=8, Cell Name=L_GUA11392_PANORAMA_SUR_8, eNodeB ID=11392, Cell FDD TDD indication=CELL_FDD",Reliable,62.456,42.097
2026-04-11 04:00,60,"L_GUA11392_PANORAMA_SUR/Cell:eNodeB Function Name=L_GUA11392_PANORAMA_SUR, Local Cell ID=7, Cell Name=L_GUA11392_PANORAMA_SUR_7, eNodeB ID=11392, Cell FDD TDD indication=CELL_FDD",Reliable,135.145,14.177
2026-04-11 04:00,60,"L_GUA11392_PANORAMA_SUR/Cell:eNodeB Function Name=L_GUA11392_PANORAMA_SUR, Local Cell ID=3, Cell Name=L_GUA11392_PANORAMA_SUR_3, eNodeB ID=11392, Cell FDD TDD indication=CELL_FDD",Reliable,1440.876,114.153
2026-04-11 04:00,60,"L_GUA11392_PANORAMA_SUR/Cell:eNodeB Function Name=L_GUA11392_PANORAMA_SUR, Local Cell ID=2, Cell Name=L_GUA11392_PANORAMA_SUR_2, eNodeB ID=11392, Cell FDD TDD indication=CELL_FDD",Reliable,2089.698,177.382
2026-04-11 04:00,60,"L_GUA11392_PANORAMA_SUR/Cell:eNodeB Function Name=L_GUA11392_PANORAMA_SUR, Local Cell ID=1, Cell Name=L_GUA11392_PANORAMA_SUR_1, eNodeB ID=11392, Cell FDD TDD indication=CELL_FDD",Reliable,539.586,51.954
2026-04-11 04:00,60,"L_GUA11425_GUA_DUR_VIA_YAGUACHI/Cell:eNodeB Function Name=L_GUA11425_GUA_DUR_VIA_YAGUACHI, Local Cell ID=9, Cell Name=L_GUA11425_GUA_DUR_VIA_YAGUACHI_9, eNodeB ID=11425, Cell FDD TDD indication=CELL_FDD",Reliable,4.765,1.225
2026-04-11 04:00,60,"L_GUA11425_GUA_DUR_VIA_YAGUACHI/Cell:eNodeB Function Name=L_GUA11425_GUA_DUR_VIA_YAGUACHI, Local Cell ID=8, Cell Name=L_GUA11425_GUA_DUR_VIA_YAGUACHI_8, eNodeB ID=11425, Cell FDD TDD indication=CELL_FDD",Reliable,2.308,0.368
2026-04-11 04:00,60,"L_GUA11425_GUA_DUR_VIA_YAGUACHI/Cell:eNodeB Function Name=L_GUA11425_GUA_DUR_VIA_YAGUACHI, Local Cell ID=7, Cell Name=L_GUA11425_GUA_DUR_VIA_YAGUACHI_7, eNodeB ID=11425, Cell FDD TDD indication=CELL_FDD",Reliable,0.136,0.156
2026-04-11 04:00,60,"L_GUA11425_GUA_DUR_VIA_YAGUACHI/Cell:eNodeB Function Name=L_GUA11425_GUA_DUR_VIA_YAGUACHI, Local Cell ID=3, Cell Name=L_GUA11425_GUA_DUR_VIA_YAGUACHI_3, eNodeB ID=11425, Cell FDD TDD indication=CELL_FDD",Reliable,31.221,5.881
2026-04-11 04:00,60,"L_GUA11425_GUA_DUR_VIA_YAGUACHI/Cell:eNodeB Function Name=L_GUA11425_GUA_DUR_VIA_YAGUACHI, Local Cell ID=2, Cell Name=L_GUA11425_GUA_DUR_VIA_YAGUACHI_2, eNodeB ID=11425, Cell FDD TDD indication=CELL_FDD",Reliable,4.14,0.897
2026-04-11 04:00,60,"L_GUA11425_GUA_DUR_VIA_YAGUACHI/Cell:eNodeB Function Name=L_GUA11425_GUA_DUR_VIA_YAGUACHI, Local Cell ID=1, Cell Name=L_GUA11425_GUA_DUR_VIA_YAGUACHI_1, eNodeB ID=11425, Cell FDD TDD indication=CELL_FDD",Reliable,33.645,5.128
2026-04-11 04:00,60,"L_GUA11429_GUA_DUR_004/Cell:eNodeB Function Name=L_GUA11429_GUA_DUR_004, Local Cell ID=3, Cell Name=L_GUA11429_GUA_DUR_004_3, eNodeB ID=11429, Cell FDD TDD indication=CELL_FDD",Reliable,202.919,417.706
2026-04-11 04:00,60,"L_GUA11429_GUA_DUR_004/Cell:eNodeB Function Name=L_GUA11429_GUA_DUR_004, Local Cell ID=2, Cell Name=L_GUA11429_GUA_DUR_004_2, eNodeB ID=11429, Cell FDD TDD indication=CELL_FDD",Reliable,165.553,34.285
2026-04-11 04:00,60,"L_GUA11429_GUA_DUR_004/Cell:eNodeB Function Name=L_GUA11429_GUA_DUR_004, Local Cell ID=1, Cell Name=L_GUA11429_GUA_DUR_004_1, eNodeB ID=11429, Cell FDD TDD indication=CELL_FDD",Reliable,654.805,28.801
2026-04-11 04:00,60,"L_GUA11703_GUA_DUR_RECREO_NORTE/Cell:eNodeB Function Name=L_GUA11703_GUA_DUR_RECREO_NORTE, Local Cell ID=9, Cell Name=L_GUA11703_GUA_DUR_RECREO_NORTE_9, eNodeB ID=11703, Cell FDD TDD indication=CELL_FDD",Reliable,0.007,0.017
2026-04-11 04:00,60,"L_GUA11703_GUA_DUR_RECREO_NORTE/Cell:eNodeB Function Name=L_GUA11703_GUA_DUR_RECREO_NORTE, Local Cell ID=8, Cell Name=L_GUA11703_GUA_DUR_RECREO_NORTE_8, eNodeB ID=11703, Cell FDD TDD indication=CELL_FDD",Reliable,217.3,8.284
2026-04-11 04:00,60,"L_GUA11703_GUA_DUR_RECREO_NORTE/Cell:eNodeB Function Name=L_GUA11703_GUA_DUR_RECREO_NORTE, Local Cell ID=7, Cell Name=L_GUA11703_GUA_DUR_RECREO_NORTE_7, eNodeB ID=11703, Cell FDD TDD indication=CELL_FDD",Reliable,0.176,1.021
2026-04-11 04:00,60,"L_GUA11703_GUA_DUR_RECREO_NORTE/Cell:eNodeB Function Name=L_GUA11703_GUA_DUR_RECREO_NORTE, Local Cell ID=3, Cell Name=L_GUA11703_GUA_DUR_RECREO_NORTE_3, eNodeB ID=11703, Cell FDD TDD indication=CELL_FDD",Reliable,13.278,4.21
2026-04-11 04:00,60,"L_GUA11703_GUA_DUR_RECREO_NORTE/Cell:eNodeB Function Name=L_GUA11703_GUA_DUR_RECREO_NORTE, Local Cell ID=2, Cell Name=L_GUA11703_GUA_DUR_RECREO_NORTE_2, eNodeB ID=11703, Cell FDD TDD indication=CELL_FDD",Reliable,0.634,0.506
2026-04-11 04:00,60,"L_GUA11703_GUA_DUR_RECREO_NORTE/Cell:eNodeB Function Name=L_GUA11703_GUA_DUR_RECREO_NORTE, Local Cell ID=1, Cell Name=L_GUA11703_GUA_DUR_RECREO_NORTE_1, eNodeB ID=11703, Cell FDD TDD indication=CELL_FDD",Reliable,63.73,9.656
2026-04-11 04:00,60,"L_GUA11704_GUA_DUR_PRONACA/Cell:eNodeB Function Name=L_GUA11704_GUA_DUR_PRONACA, Local Cell ID=3, Cell Name=L_GUA11704_GUA_DUR_PRONACA_3, eNodeB ID=11704, Cell FDD TDD indication=CELL_FDD",Reliable,1584.622,78.689
2026-04-11 04:00,60,"L_GUA11704_GUA_DUR_PRONACA/Cell:eNodeB Function Name=L_GUA11704_GUA_DUR_PRONACA, Local Cell ID=2, Cell Name=L_GUA11704_GUA_DUR_PRONACA_2, eNodeB ID=11704, Cell FDD TDD indication=CELL_FDD",Reliable,268.191,22.937
2026-04-11 04:00,60,"L_GUA11704_GUA_DUR_PRONACA/Cell:eNodeB Function Name=L_GUA11704_GUA_DUR_PRONACA, Local Cell ID=1, Cell Name=L_GUA11704_GUA_DUR_PRONACA_1, eNodeB ID=11704, Cell FDD TDD indication=CELL_FDD",Reliable,540.886,147.883
2026-04-11 04:00,60,"L_GUA11340_GUA_MIL_BELLAVISTA_NORTE/Cell:eNodeB Function Name=L_GUA11340_GUA_MIL_BELLAVISTA_NORTE, Local Cell ID=3, Cell Name=L_GUA11340_GUA_MIL_BELLAVISTA_NORTE_3, eNodeB ID=11340, Cell FDD TDD indication=CELL_FDD",Reliable,69.449,14.62
2026-04-11 04:00,60,"L_GUA11340_GUA_MIL_BELLAVISTA_NORTE/Cell:eNodeB Function Name=L_GUA11340_GUA_MIL_BELLAVISTA_NORTE, Local Cell ID=2, Cell Name=L_GUA11340_GUA_MIL_BELLAVISTA_NORTE_2, eNodeB ID=11340, Cell FDD TDD indication=CELL_FDD",Reliable,36.257,9.636
2026-04-11 04:00,60,"L_GUA11340_GUA_MIL_BELLAVISTA_NORTE/Cell:eNodeB Function Name=L_GUA11340_GUA_MIL_BELLAVISTA_NORTE, Local Cell ID=1, Cell Name=L_GUA11340_GUA_MIL_BELLAVISTA_NORTE_1, eNodeB ID=11340, Cell FDD TDD indication=CELL_FDD",Reliable,102.531,13.621
2026-04-11 04:00,60,"L_GUA11340_GUA_MIL_BELLAVISTA_NORTE/Cell:eNodeB Function Name=L_GUA11340_GUA_MIL_BELLAVISTA_NORTE, Local Cell ID=9, Cell Name=L_GUA11340_GUA_MIL_BELLAVISTA_NORTE_9, eNodeB ID=11340, Cell FDD TDD indication=CELL_FDD",Reliable,18.558,147.694
2026-04-11 04:00,60,"L_GUA11340_GUA_MIL_BELLAVISTA_NORTE/Cell:eNodeB Function Name=L_GUA11340_GUA_MIL_BELLAVISTA_NORTE, Local Cell ID=8, Cell Name=L_GUA11340_GUA_MIL_BELLAVISTA_NORTE_8, eNodeB ID=11340, Cell FDD TDD indication=CELL_FDD",Reliable,5.833,1.987
2026-04-11 04:00,60,"L_GUA11340_GUA_MIL_BELLAVISTA_NORTE/Cell:eNodeB Function Name=L_GUA11340_GUA_MIL_BELLAVISTA_NORTE, Local Cell ID=7, Cell Name=L_GUA11340_GUA_MIL_BELLAVISTA_NORTE_7, eNodeB ID=11340, Cell FDD TDD indication=CELL_FDD",Reliable,40.369,7.486
2026-04-11 04:00,60,"L_GUA11362_MILAGRO_NORESTE/Cell:eNodeB Function Name=L_GUA11362_MILAGRO_NORESTE, Local Cell ID=9, Cell Name=L_GUA11362_MILAGRO_NORESTE_9, eNodeB ID=11362, Cell FDD TDD indication=CELL_FDD",Reliable,9.593,3.363
2026-04-11 04:00,60,"L_GUA11362_MILAGRO_NORESTE/Cell:eNodeB Function Name=L_GUA11362_MILAGRO_NORESTE, Local Cell ID=8, Cell Name=L_GUA11362_MILAGRO_NORESTE_8, eNodeB ID=11362, Cell FDD TDD indication=CELL_FDD",Reliable,3.612,1.792
2026-04-11 04:00,60,"L_GUA11362_MILAGRO_NORESTE/Cell:eNodeB Function Name=L_GUA11362_MILAGRO_NORESTE, Local Cell ID=7, Cell Name=L_GUA11362_MILAGRO_NORESTE_7, eNodeB ID=11362, Cell FDD TDD indication=CELL_FDD",Reliable,139.131,300.708
2026-04-11 04:00,60,"L_GUA11362_MILAGRO_NORESTE/Cell:eNodeB Function Name=L_GUA11362_MILAGRO_NORESTE, Local Cell ID=3, Cell Name=L_GUA11362_MILAGRO_NORESTE_3, eNodeB ID=11362, Cell FDD TDD indication=CELL_FDD",Reliable,150.576,11.203
2026-04-11 04:00,60,"L_GUA11362_MILAGRO_NORESTE/Cell:eNodeB Function Name=L_GUA11362_MILAGRO_NORESTE, Local Cell ID=2, Cell Name=L_GUA11362_MILAGRO_NORESTE_2, eNodeB ID=11362, Cell FDD TDD indication=CELL_FDD",Reliable,246.234,27.416
2026-04-11 04:00,60,"L_GUA11362_MILAGRO_NORESTE/Cell:eNodeB Function Name=L_GUA11362_MILAGRO_NORESTE, Local Cell ID=1, Cell Name=L_GUA11362_MILAGRO_NORESTE_1, eNodeB ID=11362, Cell FDD TDD indication=CELL_FDD",Reliable,79.452,62.617
2026-04-11 04:00,60,"L_GUA11363_MILAGRO_SUROESTE/Cell:eNodeB Function Name=L_GUA11363_MILAGRO_SUROESTE, Local Cell ID=9, Cell Name=L_GUA11363_MILAGRO_SUROESTE_9, eNodeB ID=11363, Cell FDD TDD indication=CELL_FDD",Reliable,497.023,44.49
2026-04-11 04:00,60,"L_GUA11363_MILAGRO_SUROESTE/Cell:eNodeB Function Name=L_GUA11363_MILAGRO_SUROESTE, Local Cell ID=8, Cell Name=L_GUA11363_MILAGRO_SUROESTE_8, eNodeB ID=11363, Cell FDD TDD indication=CELL_FDD",Reliable,105.115,12.741
2026-04-11 04:00,60,"L_GUA11363_MILAGRO_SUROESTE/Cell:eNodeB Function Name=L_GUA11363_MILAGRO_SUROESTE, Local Cell ID=7, Cell Name=L_GUA11363_MILAGRO_SUROESTE_7, eNodeB ID=11363, Cell FDD TDD indication=CELL_FDD",Reliable,91.425,11.666
2026-04-11 04:00,60,"L_GUA11363_MILAGRO_SUROESTE/Cell:eNodeB Function Name=L_GUA11363_MILAGRO_SUROESTE, Local Cell ID=3, Cell Name=L_GUA11363_MILAGRO_SUROESTE_3, eNodeB ID=11363, Cell FDD TDD indication=CELL_FDD",Reliable,10.471,2.592
2026-04-11 04:00,60,"L_GUA11363_MILAGRO_SUROESTE/Cell:eNodeB Function Name=L_GUA11363_MILAGRO_SUROESTE, Local Cell ID=2, Cell Name=L_GUA11363_MILAGRO_SUROESTE_2, eNodeB ID=11363, Cell FDD TDD indication=CELL_FDD",Reliable,192.156,37.121
2026-04-11 04:00,60,"L_GUA11363_MILAGRO_SUROESTE/Cell:eNodeB Function Name=L_GUA11363_MILAGRO_SUROESTE, Local Cell ID=1, Cell Name=L_GUA11363_MILAGRO_SUROESTE_1, eNodeB ID=11363, Cell FDD TDD indication=CELL_FDD",Reliable,204.797,18.192
2026-04-11 04:00,60,"L_GUA11375_MILAGRO_ESTE/Cell:eNodeB Function Name=L_GUA11375_MILAGRO_ESTE, Local Cell ID=9, Cell Name=L_GUA11375_MILAGRO_ESTE_9, eNodeB ID=11375, Cell FDD TDD indication=CELL_FDD",Reliable,277.552,12.923
2026-04-11 04:00,60,"L_GUA11375_MILAGRO_ESTE/Cell:eNodeB Function Name=L_GUA11375_MILAGRO_ESTE, Local Cell ID=8, Cell Name=L_GUA11375_MILAGRO_ESTE_8, eNodeB ID=11375, Cell FDD TDD indication=CELL_FDD",Reliable,309.836,27.611
2026-04-11 04:00,60,"L_GUA11375_MILAGRO_ESTE/Cell:eNodeB Function Name=L_GUA11375_MILAGRO_ESTE, Local Cell ID=7, Cell Name=L_GUA11375_MILAGRO_ESTE_7, eNodeB ID=11375, Cell FDD TDD indication=CELL_FDD",Reliable,11.642,38.015
2026-04-11 04:00,60,"L_GUA11375_MILAGRO_ESTE/Cell:eNodeB Function Name=L_GUA11375_MILAGRO_ESTE, Local Cell ID=3, Cell Name=L_GUA11375_MILAGRO_ESTE_3, eNodeB ID=11375, Cell FDD TDD indication=CELL_FDD",Reliable,69.095,4.657
2026-04-11 04:00,60,"L_GUA11375_MILAGRO_ESTE/Cell:eNodeB Function Name=L_GUA11375_MILAGRO_ESTE, Local Cell ID=2, Cell Name=L_GUA11375_MILAGRO_ESTE_2, eNodeB ID=11375, Cell FDD TDD indication=CELL_FDD",Reliable,4.059,3.113
2026-04-11 04:00,60,"L_GUA11375_MILAGRO_ESTE/Cell:eNodeB Function Name=L_GUA11375_MILAGRO_ESTE, Local Cell ID=1, Cell Name=L_GUA11375_MILAGRO_ESTE_1, eNodeB ID=11375, Cell FDD TDD indication=CELL_FDD",Reliable,7.806,4.101
2026-04-11 04:00,60,"L_GUA11376_MILAGRO_SUR/Cell:eNodeB Function Name=L_GUA11376_MILAGRO_SUR, Local Cell ID=9, Cell Name=L_GUA11376_MILAGRO_SUR_9, eNodeB ID=11376, Cell FDD TDD indication=CELL_FDD",Reliable,15.727,3.906
2026-04-11 04:00,60,"L_GUA11376_MILAGRO_SUR/Cell:eNodeB Function Name=L_GUA11376_MILAGRO_SUR, Local Cell ID=8, Cell Name=L_GUA11376_MILAGRO_SUR_8, eNodeB ID=11376, Cell FDD TDD indication=CELL_FDD",Reliable,1282.328,90.385
2026-04-11 04:00,60,"L_GUA11376_MILAGRO_SUR/Cell:eNodeB Function Name=L_GUA11376_MILAGRO_SUR, Local Cell ID=7, Cell Name=L_GUA11376_MILAGRO_SUR_7, eNodeB ID=11376, Cell FDD TDD indication=CELL_FDD",Reliable,7.375,1.134
2026-04-11 04:00,60,"L_GUA11376_MILAGRO_SUR/Cell:eNodeB Function Name=L_GUA11376_MILAGRO_SUR, Local Cell ID=3, Cell Name=L_GUA11376_MILAGRO_SUR_3, eNodeB ID=11376, Cell FDD TDD indication=CELL_FDD",Reliable,7.068,3.337
2026-04-11 04:00,60,"L_GUA11376_MILAGRO_SUR/Cell:eNodeB Function Name=L_GUA11376_MILAGRO_SUR, Local Cell ID=2, Cell Name=L_GUA11376_MILAGRO_SUR_2, eNodeB ID=11376, Cell FDD TDD indication=CELL_FDD",Reliable,68.24,9.436
2026-04-11 04:00,60,"L_GUA11376_MILAGRO_SUR/Cell:eNodeB Function Name=L_GUA11376_MILAGRO_SUR, Local Cell ID=1, Cell Name=L_GUA11376_MILAGRO_SUR_1, eNodeB ID=11376, Cell FDD TDD indication=CELL_FDD",Reliable,83.687,9.946
2026-04-11 04:00,60,"L_GUA11377_MILAGRO_SURESTE/Cell:eNodeB Function Name=L_GUA11377_MILAGRO_SURESTE, Local Cell ID=9, Cell Name=L_GUA11377_MILAGRO_SURESTE_9, eNodeB ID=11377, Cell FDD TDD indication=CELL_FDD",Reliable,81.882,4.742
2026-04-11 04:00,60,"L_GUA11377_MILAGRO_SURESTE/Cell:eNodeB Function Name=L_GUA11377_MILAGRO_SURESTE, Local Cell ID=8, Cell Name=L_GUA11377_MILAGRO_SURESTE_8, eNodeB ID=11377, Cell FDD TDD indication=CELL_FDD",Reliable,33.258,11.095
2026-04-11 04:00,60,"L_GUA11377_MILAGRO_SURESTE/Cell:eNodeB Function Name=L_GUA11377_MILAGRO_SURESTE, Local Cell ID=7, Cell Name=L_GUA11377_MILAGRO_SURESTE_7, eNodeB ID=11377, Cell FDD TDD indication=CELL_FDD",Reliable,45.727,17.001
2026-04-11 04:00,60,"L_GUA11377_MILAGRO_SURESTE/Cell:eNodeB Function Name=L_GUA11377_MILAGRO_SURESTE, Local Cell ID=3, Cell Name=L_GUA11377_MILAGRO_SURESTE_3, eNodeB ID=11377, Cell FDD TDD indication=CELL_FDD",Reliable,167.377,24.924
2026-04-11 04:00,60,"L_GUA11377_MILAGRO_SURESTE/Cell:eNodeB Function Name=L_GUA11377_MILAGRO_SURESTE, Local Cell ID=2, Cell Name=L_GUA11377_MILAGRO_SURESTE_2, eNodeB ID=11377, Cell FDD TDD indication=CELL_FDD",Reliable,83.613,21.902
2026-04-11 04:00,60,"L_GUA11377_MILAGRO_SURESTE/Cell:eNodeB Function Name=L_GUA11377_MILAGRO_SURESTE, Local Cell ID=1, Cell Name=L_GUA11377_MILAGRO_SURESTE_1, eNodeB ID=11377, Cell FDD TDD indication=CELL_FDD",Reliable,266.415,29.133
2026-04-11 04:00,60,"L_GUA11332_GUA_PLA_PAQUISHA/Cell:eNodeB Function Name=L_GUA11332_GUA_PLA_PAQUISHA, Local Cell ID=9, Cell Name=L_GUA11332_GUA_PLA_PAQUISHA_9, eNodeB ID=11332, Cell FDD TDD indication=CELL_FDD",Reliable,1.408,1.036
2026-04-11 04:00,60,"L_GUA11332_GUA_PLA_PAQUISHA/Cell:eNodeB Function Name=L_GUA11332_GUA_PLA_PAQUISHA, Local Cell ID=8, Cell Name=L_GUA11332_GUA_PLA_PAQUISHA_8, eNodeB ID=11332, Cell FDD TDD indication=CELL_FDD",Reliable,68.647,25.626
2026-04-11 04:00,60,"L_GUA11332_GUA_PLA_PAQUISHA/Cell:eNodeB Function Name=L_GUA11332_GUA_PLA_PAQUISHA, Local Cell ID=7, Cell Name=L_GUA11332_GUA_PLA_PAQUISHA_7, eNodeB ID=11332, Cell FDD TDD indication=CELL_FDD",Reliable,61.784,9.139
2026-04-11 04:00,60,"L_GUA11332_GUA_PLA_PAQUISHA/Cell:eNodeB Function Name=L_GUA11332_GUA_PLA_PAQUISHA, Local Cell ID=3, Cell Name=L_GUA11332_GUA_PLA_PAQUISHA_3, eNodeB ID=11332, Cell FDD TDD indication=CELL_FDD",Reliable,87.791,12.175
2026-04-11 04:00,60,"L_GUA11332_GUA_PLA_PAQUISHA/Cell:eNodeB Function Name=L_GUA11332_GUA_PLA_PAQUISHA, Local Cell ID=2, Cell Name=L_GUA11332_GUA_PLA_PAQUISHA_2, eNodeB ID=11332, Cell FDD TDD indication=CELL_FDD",Reliable,69.8,16.445
2026-04-11 04:00,60,"L_GUA11332_GUA_PLA_PAQUISHA/Cell:eNodeB Function Name=L_GUA11332_GUA_PLA_PAQUISHA, Local Cell ID=1, Cell Name=L_GUA11332_GUA_PLA_PAQUISHA_1, eNodeB ID=11332, Cell FDD TDD indication=CELL_FDD",Reliable,52.693,6.938
2026-04-11 04:00,60,"L_GUA11361_PLAYAS_NOROESTE/Cell:eNodeB Function Name=L_GUA11361_PLAYAS_NOROESTE, Local Cell ID=9, Cell Name=L_GUA11361_PLAYAS_NOROESTE_9, eNodeB ID=11361, Cell FDD TDD indication=CELL_FDD",Reliable,1.274,1.386
2026-04-11 04:00,60,"L_GUA11361_PLAYAS_NOROESTE/Cell:eNodeB Function Name=L_GUA11361_PLAYAS_NOROESTE, Local Cell ID=8, Cell Name=L_GUA11361_PLAYAS_NOROESTE_8, eNodeB ID=11361, Cell FDD TDD indication=CELL_FDD",Reliable,0.083,0.046
2026-04-11 04:00,60,"L_GUA11361_PLAYAS_NOROESTE/Cell:eNodeB Function Name=L_GUA11361_PLAYAS_NOROESTE, Local Cell ID=7, Cell Name=L_GUA11361_PLAYAS_NOROESTE_7, eNodeB ID=11361, Cell FDD TDD indication=CELL_FDD",Reliable,623.944,39.63
2026-04-11 04:00,60,"L_GUA11361_PLAYAS_NOROESTE/Cell:eNodeB Function Name=L_GUA11361_PLAYAS_NOROESTE, Local Cell ID=3, Cell Name=L_GUA11361_PLAYAS_NOROESTE_3, eNodeB ID=11361, Cell FDD TDD indication=CELL_FDD",Reliable,3.018,1.15
2026-04-11 04:00,60,"L_GUA11361_PLAYAS_NOROESTE/Cell:eNodeB Function Name=L_GUA11361_PLAYAS_NOROESTE, Local Cell ID=2, Cell Name=L_GUA11361_PLAYAS_NOROESTE_2, eNodeB ID=11361, Cell FDD TDD indication=CELL_FDD",Reliable,131.988,13.174
2026-04-11 04:00,60,"L_GUA11361_PLAYAS_NOROESTE/Cell:eNodeB Function Name=L_GUA11361_PLAYAS_NOROESTE, Local Cell ID=1, Cell Name=L_GUA11361_PLAYAS_NOROESTE_1, eNodeB ID=11361, Cell FDD TDD indication=CELL_FDD",Reliable,25.599,6.403
2026-04-11 04:00,60,"L_GUA11378_PLAYAS_ESTE/Cell:eNodeB Function Name=L_GUA11378_PLAYAS_ESTE, Local Cell ID=9, Cell Name=L_GUA11378_PLAYAS_ESTE_9, eNodeB ID=11378, Cell FDD TDD indication=CELL_FDD",Reliable,0.551,0.251
2026-04-11 04:00,60,"L_GUA11378_PLAYAS_ESTE/Cell:eNodeB Function Name=L_GUA11378_PLAYAS_ESTE, Local Cell ID=8, Cell Name=L_GUA11378_PLAYAS_ESTE_8, eNodeB ID=11378, Cell FDD TDD indication=CELL_FDD",Reliable,29.486,4.114
2026-04-11 04:00,60,"L_GUA11378_PLAYAS_ESTE/Cell:eNodeB Function Name=L_GUA11378_PLAYAS_ESTE, Local Cell ID=7, Cell Name=L_GUA11378_PLAYAS_ESTE_7, eNodeB ID=11378, Cell FDD TDD indication=CELL_FDD",Reliable,139.294,10.889
2026-04-11 04:00,60,"L_GUA11378_PLAYAS_ESTE/Cell:eNodeB Function Name=L_GUA11378_PLAYAS_ESTE, Local Cell ID=3, Cell Name=L_GUA11378_PLAYAS_ESTE_3, eNodeB ID=11378, Cell FDD TDD indication=CELL_FDD",Reliable,14.045,4.806
2026-04-11 04:00,60,"L_GUA11378_PLAYAS_ESTE/Cell:eNodeB Function Name=L_GUA11378_PLAYAS_ESTE, Local Cell ID=2, Cell Name=L_GUA11378_PLAYAS_ESTE_2, eNodeB ID=11378, Cell FDD TDD indication=CELL_FDD",Reliable,273.244,10.907
2026-04-11 04:00,60,"L_GUA11378_PLAYAS_ESTE/Cell:eNodeB Function Name=L_GUA11378_PLAYAS_ESTE, Local Cell ID=1, Cell Name=L_GUA11378_PLAYAS_ESTE_1, eNodeB ID=11378, Cell FDD TDD indication=CELL_FDD",Reliable,341.667,32.396
2026-04-11 04:00,60,"TUN_AMB_MAYORISTA_AMBATO_UL/Cell:eNodeB Function Name=TUN_AMB_MAYORISTA_AMBATO_L, Local Cell ID=7, Cell Name=TUN_AMB_MAYORISTA_AMBATO_APT_7, eNodeB ID=44453, Cell FDD TDD indication=CELL_FDD",Reliable,1454.824,825.476
2026-04-11 04:00,60,"TUN_AMB_MAYORISTA_AMBATO_UL/Cell:eNodeB Function Name=TUN_AMB_MAYORISTA_AMBATO_L, Local Cell ID=8, Cell Name=TUN_AMB_MAYORISTA_AMBATO_APT_8, eNodeB ID=44453, Cell FDD TDD indication=CELL_FDD",Reliable,286.767,64.123
2026-04-11 04:00,60,"TUN_AMB_MAYORISTA_AMBATO_UL/Cell:eNodeB Function Name=TUN_AMB_MAYORISTA_AMBATO_L, Local Cell ID=9, Cell Name=TUN_AMB_MAYORISTA_AMBATO_APT_9, eNodeB ID=44453, Cell FDD TDD indication=CELL_FDD",Reliable,1297.76,328.381
2026-04-11 04:00,60,"PIC_UIO_EASYMACRO_UNIVERS_CENTRAL_UL/Cell:eNodeB Function Name=PIC_UIO_EASYMACRO_UNIVERS_CENTRALL21, Local Cell ID=3, Cell Name=PIC_UIO_EASYMACRO_UNIVERS_CENTRAL_3, eNodeB ID=43269, Cell FDD TDD indication=CELL_FDD",Reliable,277.342,31.921
2026-04-11 04:00,60,"PIC_UIO_EASYMACRO_UNIVERS_CENTRAL_UL/Cell:eNodeB Function Name=PIC_UIO_EASYMACRO_UNIVERS_CENTRALL21, Local Cell ID=2, Cell Name=PIC_UIO_EASYMACRO_UNIVERS_CENTRAL_2, eNodeB ID=43269, Cell FDD TDD indication=CELL_FDD",Reliable,15.186,1.23
2026-04-11 04:00,60,"PIC_UIO_EASYMACRO_UNIVERS_CENTRAL_UL/Cell:eNodeB Function Name=PIC_UIO_EASYMACRO_UNIVERS_CENTRALL21, Local Cell ID=1, Cell Name=PIC_UIO_EASYMACRO_UNIVERS_CENTRAL_1, eNodeB ID=43269, Cell FDD TDD indication=CELL_FDD",Reliable,3.405,2.034
2026-04-11 04:00,60,"PIC_UIO_EASYMACRO_ENTR_POLITECNICA_UL/Cell:eNodeB Function Name=PIC_UIO_EASYMACRO_ENTR_POLITECNICAL21, Local Cell ID=3, Cell Name=PIC_UIO_EASYMACRO_ENTR_POLITECNICA_3, eNodeB ID=43268, Cell FDD TDD indication=CELL_FDD",Reliable,105.013,10.807
2026-04-11 04:00,60,"PIC_UIO_EASYMACRO_ENTR_POLITECNICA_UL/Cell:eNodeB Function Name=PIC_UIO_EASYMACRO_ENTR_POLITECNICAL21, Local Cell ID=2, Cell Name=PIC_UIO_EASYMACRO_ENTR_POLITECNICA_2, eNodeB ID=43268, Cell FDD TDD indication=CELL_FDD",Reliable,5.708,1.32
2026-04-11 04:00,60,"PIC_UIO_EASYMACRO_ENTR_POLITECNICA_UL/Cell:eNodeB Function Name=PIC_UIO_EASYMACRO_ENTR_POLITECNICAL21, Local Cell ID=1, Cell Name=PIC_UIO_EASYMACRO_ENTR_POLITECNICA_1, eNodeB ID=43268, Cell FDD TDD indication=CELL_FDD",Reliable,19.082,27.313
2026-04-11 04:00,60,"PIC_UIO_EASYMACRO_CENT_EXPO_QUITO_UL/Cell:eNodeB Function Name=PIC_UIO_EASYMACRO_CENT_EXPO_QUITOL21, Local Cell ID=2, Cell Name=PIC_UIO_EASYMACRO_CENT_EXPO_QUITO_2, eNodeB ID=44387, Cell FDD TDD indication=CELL_FDD",Reliable,16.37,2.743
2026-04-11 04:00,60,"PIC_UIO_EASYMACRO_CENT_EXPO_QUITO_UL/Cell:eNodeB Function Name=PIC_UIO_EASYMACRO_CENT_EXPO_QUITOL21, Local Cell ID=1, Cell Name=PIC_UIO_EASYMACRO_CENT_EXPO_QUITO_1, eNodeB ID=44387, Cell FDD TDD indication=CELL_FDD",Reliable,17.724,2.062
2026-04-11 04:00,60,"PIC_UIO_EASYMACRO_SECTOR_CUMANDA_UL/Cell:eNodeB Function Name=PIC_UIO_EASYMACRO_SECTOR_CUMANDAL21, Local Cell ID=3, Cell Name=PIC_UIO_EASYMACRO_SECTOR_CUMANDA3, eNodeB ID=43271, Cell FDD TDD indication=CELL_FDD",Reliable,72.735,11.389
2026-04-11 04:00,60,"PIC_UIO_EASYMACRO_SECTOR_CUMANDA_UL/Cell:eNodeB Function Name=PIC_UIO_EASYMACRO_SECTOR_CUMANDAL21, Local Cell ID=2, Cell Name=PIC_UIO_EASYMACRO_SECTOR_CUMANDA2, eNodeB ID=43271, Cell FDD TDD indication=CELL_FDD",Reliable,0.019,0.014
2026-04-11 04:00,60,"PIC_UIO_EASYMACRO_SECTOR_CUMANDA_UL/Cell:eNodeB Function Name=PIC_UIO_EASYMACRO_SECTOR_CUMANDAL21, Local Cell ID=1, Cell Name=PIC_UIO_EASYMACRO_SECTOR_CUMANDA1, eNodeB ID=43271, Cell FDD TDD indication=CELL_FDD",Reliable,41.013,7.917
2026-04-11 04:00,60,"IMB_GON_SAN_PABLO_UL/Cell:eNodeB Function Name=IMB_GON_SAN_PABLO_L, Local Cell ID=7, Cell Name=IMB_GON_SAN_PABLO_APT_7, eNodeB ID=44751, Cell FDD TDD indication=CELL_FDD",Reliable,1824.233,510.743
2026-04-11 04:00,60,"IMB_GON_SAN_PABLO_UL/Cell:eNodeB Function Name=IMB_GON_SAN_PABLO_L, Local Cell ID=8, Cell Name=IMB_GON_SAN_PABLO_APT_8, eNodeB ID=44751, Cell FDD TDD indication=CELL_FDD",Reliable,577.82,40.558
2026-04-11 04:00,60,"IMB_GON_SAN_PABLO_UL/Cell:eNodeB Function Name=IMB_GON_SAN_PABLO_L, Local Cell ID=9, Cell Name=IMB_GON_SAN_PABLO_APT_9, eNodeB ID=44751, Cell FDD TDD indication=CELL_FDD",Reliable,1785.953,122.613
2026-04-11 04:00,60,"ORE_DAY_DAYUMA_UL/Cell:eNodeB Function Name=ORE_DAY_DAYUMA_L, Local Cell ID=9, Cell Name=ORE_DAY_DAYUMA_APT_9, eNodeB ID=43213, Cell FDD TDD indication=CELL_FDD",Reliable,2564.836,158.181
2026-04-11 04:00,60,"ORE_DAY_DAYUMA_UL/Cell:eNodeB Function Name=ORE_DAY_DAYUMA_L, Local Cell ID=8, Cell Name=ORE_DAY_DAYUMA_APT_8, eNodeB ID=43213, Cell FDD TDD indication=CELL_FDD",Reliable,4586.862,155.83
2026-04-11 04:00,60,"ORE_DAY_DAYUMA_UL/Cell:eNodeB Function Name=ORE_DAY_DAYUMA_L, Local Cell ID=7, Cell Name=ORE_DAY_DAYUMA_APT_7, eNodeB ID=43213, Cell FDD TDD indication=CELL_FDD",Reliable,10.81,5.814
2026-04-11 04:00,60,"SUC_PUT_BLOQUE_58_UL/Cell:eNodeB Function Name=SUC_PUT_BLOQUE_58_L, Local Cell ID=9, Cell Name=SUC_PUT_BLOQUE_58_APT_9, eNodeB ID=43214, Cell FDD TDD indication=CELL_FDD",Reliable,316.447,37.853
2026-04-11 04:00,60,"SUC_PUT_BLOQUE_58_UL/Cell:eNodeB Function Name=SUC_PUT_BLOQUE_58_L, Local Cell ID=8, Cell Name=SUC_PUT_BLOQUE_58_APT_8, eNodeB ID=43214, Cell FDD TDD indication=CELL_FDD",Reliable,573.055,47.636
2026-04-11 04:00,60,"SUC_PUT_BLOQUE_58_UL/Cell:eNodeB Function Name=SUC_PUT_BLOQUE_58_L, Local Cell ID=7, Cell Name=SUC_PUT_BLOQUE_58_APT_7, eNodeB ID=43214, Cell FDD TDD indication=CELL_FDD",Reliable,947.077,168.307
2026-04-11 04:00,60,"PI_UIO_MONTESERRIN_UL/Cell:eNodeB Function Name=PI_UIO_MONTESERRINL21, Local Cell ID=3, Cell Name=PI_UIO_MONTESERRIN_3, eNodeB ID=44012, Cell FDD TDD indication=CELL_FDD",Reliable,38.044,4.751
2026-04-11 04:00,60,"PI_UIO_MONTESERRIN_UL/Cell:eNodeB Function Name=PI_UIO_MONTESERRINL21, Local Cell ID=1, Cell Name=PI_UIO_MONTESERRIN_1, eNodeB ID=44012, Cell FDD TDD indication=CELL_FDD",Reliable,25.666,2.193
2026-04-11 04:00,60,"PI_UIO_MONTESERRIN_UL/Cell:eNodeB Function Name=PI_UIO_MONTESERRINL21, Local Cell ID=2, Cell Name=PI_UIO_MONTESERRIN_2, eNodeB ID=44012, Cell FDD TDD indication=CELL_FDD",Reliable,81.481,10.472
2026-04-11 04:00,60,"PI_UIO_MONTESERRIN_UL/Cell:eNodeB Function Name=PI_UIO_MONTESERRINL21, Local Cell ID=7, Cell Name=PI_UIO_MONTESERRIN_APT_7, eNodeB ID=44012, Cell FDD TDD indication=CELL_FDD",Reliable,22.395,2.808
2026-04-11 04:00,60,"PI_UIO_MONTESERRIN_UL/Cell:eNodeB Function Name=PI_UIO_MONTESERRINL21, Local Cell ID=8, Cell Name=PI_UIO_MONTESERRIN_APT_8, eNodeB ID=44012, Cell FDD TDD indication=CELL_FDD",Reliable,17.856,3.005
2026-04-11 04:00,60,"PIC_CHI_LA_CHORRERA_UL/Cell:eNodeB Function Name=PIC_CHI_LA_CHORRERA_L, Local Cell ID=13, Cell Name=PIC_CHI_LA_CHORRERA_L19_13, eNodeB ID=43307, Cell FDD TDD indication=CELL_FDD",Reliable,16.999,3.518
2026-04-11 04:00,60,"PIC_CHI_LA_CHORRERA_UL/Cell:eNodeB Function Name=PIC_CHI_LA_CHORRERA_L, Local Cell ID=12, Cell Name=PIC_CHI_LA_CHORRERA_L19_12, eNodeB ID=43307, Cell FDD TDD indication=CELL_FDD",Reliable,4.552,1.663
2026-04-11 04:00,60,"PIC_CHI_LA_CHORRERA_UL/Cell:eNodeB Function Name=PIC_CHI_LA_CHORRERA_L, Local Cell ID=11, Cell Name=PIC_CHI_LA_CHORRERA_L19_11, eNodeB ID=43307, Cell FDD TDD indication=CELL_FDD",Reliable,0.051,0.053
2026-04-11 04:00,60,"PIC_CHI_LA_CHORRERA_UL/Cell:eNodeB Function Name=PIC_CHI_LA_CHORRERA_L, Local Cell ID=9, Cell Name=PIC_CHI_LA_CHORRERA_L7_9, eNodeB ID=43307, Cell FDD TDD indication=CELL_FDD",Reliable,140.808,16.425
2026-04-11 04:00,60,"PIC_CHI_LA_CHORRERA_UL/Cell:eNodeB Function Name=PIC_CHI_LA_CHORRERA_L, Local Cell ID=8, Cell Name=PIC_CHI_LA_CHORRERA_L7_8, eNodeB ID=43307, Cell FDD TDD indication=CELL_FDD",Reliable,45.641,7.239
2026-04-11 04:00,60,"PIC_CHI_LA_CHORRERA_UL/Cell:eNodeB Function Name=PIC_CHI_LA_CHORRERA_L, Local Cell ID=7, Cell Name=PIC_CHI_LA_CHORRERA_L7_7, eNodeB ID=43307, Cell FDD TDD indication=CELL_FDD",Reliable,26.882,6.813
2026-04-11 04:00,60,"SUC_LAG_VIA_A_COLOMBIA_UL/Cell:eNodeB Function Name=SUC_LAG_VIA_A_COLOMBIA_L, Local Cell ID=9, Cell Name=SUC_LAG_VIA_A_COLOMBIA_APT_9, eNodeB ID=43313, Cell FDD TDD indication=CELL_FDD",Reliable,18.326,6.654
2026-04-11 04:00,60,"SUC_LAG_VIA_A_COLOMBIA_UL/Cell:eNodeB Function Name=SUC_LAG_VIA_A_COLOMBIA_L, Local Cell ID=8, Cell Name=SUC_LAG_VIA_A_COLOMBIA_APT_8, eNodeB ID=43313, Cell FDD TDD indication=CELL_FDD",Reliable,333.826,36.546
2026-04-11 04:00,60,"SUC_LAG_VIA_A_COLOMBIA_UL/Cell:eNodeB Function Name=SUC_LAG_VIA_A_COLOMBIA_L, Local Cell ID=7, Cell Name=SUC_LAG_VIA_A_COLOMBIA_APT_7, eNodeB ID=43313, Cell FDD TDD indication=CELL_FDD",Reliable,285.315,16.808
2026-04-11 04:00,60,"PIC_CAY_JUAN_MONTALVO_UL/Cell:eNodeB Function Name=PIC_CAY_JUAN_MONTALVO_L, Local Cell ID=9, Cell Name=PIC_CAY_JUAN_MONTALVO_L7_9, eNodeB ID=43306, Cell FDD TDD indication=CELL_FDD",Reliable,365.612,70.113
2026-04-11 04:00,60,"PIC_CAY_JUAN_MONTALVO_UL/Cell:eNodeB Function Name=PIC_CAY_JUAN_MONTALVO_L, Local Cell ID=8, Cell Name=PIC_CAY_JUAN_MONTALVO_L7_8, eNodeB ID=43306, Cell FDD TDD indication=CELL_FDD",Reliable,613.581,49.103
2026-04-11 04:00,60,"PIC_CAY_JUAN_MONTALVO_UL/Cell:eNodeB Function Name=PIC_CAY_JUAN_MONTALVO_L, Local Cell ID=7, Cell Name=PIC_CAY_JUAN_MONTALVO_L7_7, eNodeB ID=43306, Cell FDD TDD indication=CELL_FDD",Reliable,1825.671,110.459
2026-04-11 04:00,60,"PIC_MAC_FUERTE_MIL_ATAHUALPA_UL/Cell:eNodeB Function Name=PIC_MAC_FUERTE_MIL_ATAHUALPA_L, Local Cell ID=9, Cell Name=PIC_MAC_FUERTE_MIL_ATAHUALPA_L7_9, eNodeB ID=43309, Cell FDD TDD indication=CELL_FDD",Reliable,1182.364,1377.129
2026-04-11 04:00,60,"PIC_MAC_FUERTE_MIL_ATAHUALPA_UL/Cell:eNodeB Function Name=PIC_MAC_FUERTE_MIL_ATAHUALPA_L, Local Cell ID=8, Cell Name=PIC_MAC_FUERTE_MIL_ATAHUALPA_L7_8, eNodeB ID=43309, Cell FDD TDD indication=CELL_FDD",Reliable,123.892,4.875
2026-04-11 04:00,60,"PIC_MAC_FUERTE_MIL_ATAHUALPA_UL/Cell:eNodeB Function Name=PIC_MAC_FUERTE_MIL_ATAHUALPA_L, Local Cell ID=7, Cell Name=PIC_MAC_FUERTE_MIL_ATAHUALPA_L7_7, eNodeB ID=43309, Cell FDD TDD indication=CELL_FDD",Reliable,34.089,3.574
2026-04-11 04:00,60,"PAS_PUY_VIA_A_MACAS_UL/Cell:eNodeB Function Name=PAS_PUY_VIA_A_MACAS_L, Local Cell ID=9, Cell Name=PAS_PUY_VIA_A_MACAS_L7_9, eNodeB ID=43284, Cell FDD TDD indication=CELL_FDD",Reliable,584.45,55.419
2026-04-11 04:00,60,"PAS_PUY_VIA_A_MACAS_UL/Cell:eNodeB Function Name=PAS_PUY_VIA_A_MACAS_L, Local Cell ID=8, Cell Name=PAS_PUY_VIA_A_MACAS_L7_8, eNodeB ID=43284, Cell FDD TDD indication=CELL_FDD",Reliable,106.14,26.779
2026-04-11 04:00,60,"PAS_PUY_VIA_A_MACAS_UL/Cell:eNodeB Function Name=PAS_PUY_VIA_A_MACAS_L, Local Cell ID=7, Cell Name=PAS_PUY_VIA_A_MACAS_L7_7, eNodeB ID=43284, Cell FDD TDD indication=CELL_FDD",Reliable,445.945,27.309
2026-04-11 04:00,60,"PIC_CHI_SAN_NICOLASL7/Cell:eNodeB Function Name=PIC_CHI_SAN_NICOLASL7, Local Cell ID=9, Cell Name=PIC_CHI_SAN_NICOLAS_L7_9, eNodeB ID=43100, Cell FDD TDD indication=CELL_FDD",Reliable,246.103,14.986
2026-04-11 04:00,60,"PIC_CHI_SAN_NICOLASL7/Cell:eNodeB Function Name=PIC_CHI_SAN_NICOLASL7, Local Cell ID=8, Cell Name=PIC_CHI_SAN_NICOLAS_L7_8, eNodeB ID=43100, Cell FDD TDD indication=CELL_FDD",Reliable,170.547,11.593
2026-04-11 04:00,60,"PIC_CHI_SAN_NICOLASL7/Cell:eNodeB Function Name=PIC_CHI_SAN_NICOLASL7, Local Cell ID=7, Cell Name=PIC_CHI_SAN_NICOLAS_L7_7, eNodeB ID=43100, Cell FDD TDD indication=CELL_FDD",Reliable,256.811,40.569
2026-04-11 04:00,60,"COT_LAT_BYPASS_UL/Cell:eNodeB Function Name=COT_LAT_BYPASS_L, Local Cell ID=9, Cell Name=COT_LAT_BYPASS_L7_9, eNodeB ID=43302, Cell FDD TDD indication=CELL_FDD",Reliable,701.684,59.251
2026-04-11 04:00,60,"COT_LAT_BYPASS_UL/Cell:eNodeB Function Name=COT_LAT_BYPASS_L, Local Cell ID=8, Cell Name=COT_LAT_BYPASS_L7_8, eNodeB ID=43302, Cell FDD TDD indication=CELL_FDD",Reliable,63.249,16.517
2026-04-11 04:00,60,"COT_LAT_BYPASS_UL/Cell:eNodeB Function Name=COT_LAT_BYPASS_L, Local Cell ID=7, Cell Name=COT_LAT_BYPASS_L7_7, eNodeB ID=43302, Cell FDD TDD indication=CELL_FDD",Reliable,153.392,12.682
2026-04-11 04:00,60,"COT_LAT_CHAN_CHICO_UL/Cell:eNodeB Function Name=COT_LAT_CHAN_CHICO_L, Local Cell ID=9, Cell Name=COT_LAT_CHAN_CHICO_L7_9, eNodeB ID=43294, Cell FDD TDD indication=CELL_FDD",Reliable,83.469,6.892
2026-04-11 04:00,60,"COT_LAT_CHAN_CHICO_UL/Cell:eNodeB Function Name=COT_LAT_CHAN_CHICO_L, Local Cell ID=8, Cell Name=COT_LAT_CHAN_CHICO_L7_8, eNodeB ID=43294, Cell FDD TDD indication=CELL_FDD",Reliable,1.144,0.696
2026-04-11 04:00,60,"COT_LAT_CHAN_CHICO_UL/Cell:eNodeB Function Name=COT_LAT_CHAN_CHICO_L, Local Cell ID=7, Cell Name=COT_LAT_CHAN_CHICO_L7_7, eNodeB ID=43294, Cell FDD TDD indication=CELL_FDD",Reliable,338.23,93.156
2026-04-11 04:00,60,"IMB_IBA_MIN_LABOL7/Cell:eNodeB Function Name=IMB_IBA_MIN_LABOL7, Local Cell ID=9, Cell Name=IMB_IBA_MIN_LABO_L7_9, eNodeB ID=43532, Cell FDD TDD indication=CELL_FDD",Reliable,104.176,35.507
2026-04-11 04:00,60,"IMB_IBA_MIN_LABOL7/Cell:eNodeB Function Name=IMB_IBA_MIN_LABOL7, Local Cell ID=8, Cell Name=IMB_IBA_MIN_LABO_L7_8, eNodeB ID=43532, Cell FDD TDD indication=CELL_FDD",Reliable,856.468,51.384
2026-04-11 04:00,60,"IMB_IBA_MIN_LABOL7/Cell:eNodeB Function Name=IMB_IBA_MIN_LABOL7, Local Cell ID=7, Cell Name=IMB_IBA_MIN_LABO_L7_7, eNodeB ID=43532, Cell FDD TDD indication=CELL_FDD",Reliable,126.544,9.315
2026-04-11 04:00,60,"PIC_CHI_SANTA_ISABEL_UL/Cell:eNodeB Function Name=PIC_CHI_SANTA_ISABEL_L, Local Cell ID=13, Cell Name=PIC_CHI_SANTA_ISABEL_L19_13, eNodeB ID=43320, Cell FDD TDD indication=CELL_FDD",Reliable,0.068,0.103
2026-04-11 04:00,60,"PIC_CHI_SANTA_ISABEL_UL/Cell:eNodeB Function Name=PIC_CHI_SANTA_ISABEL_L, Local Cell ID=12, Cell Name=PIC_CHI_SANTA_ISABEL_L19_12, eNodeB ID=43320, Cell FDD TDD indication=CELL_FDD",Reliable,340.106,19.77
2026-04-11 04:00,60,"PIC_CHI_SANTA_ISABEL_UL/Cell:eNodeB Function Name=PIC_CHI_SANTA_ISABEL_L, Local Cell ID=11, Cell Name=PIC_CHI_SANTA_ISABEL_L19_11, eNodeB ID=43320, Cell FDD TDD indication=CELL_FDD",Reliable,48.778,22.55
2026-04-11 04:00,60,"PIC_CHI_SANTA_ISABEL_UL/Cell:eNodeB Function Name=PIC_CHI_SANTA_ISABEL_L, Local Cell ID=8, Cell Name=PIC_CHI_SANTA_ISABEL_L7_8, eNodeB ID=43320, Cell FDD TDD indication=CELL_FDD",Reliable,1901.986,132.805
2026-04-11 04:00,60,"PIC_CHI_SANTA_ISABEL_UL/Cell:eNodeB Function Name=PIC_CHI_SANTA_ISABEL_L, Local Cell ID=7, Cell Name=PIC_CHI_SANTA_ISABEL_L7_7, eNodeB ID=43320, Cell FDD TDD indication=CELL_FDD",Reliable,51.36,14.558
2026-04-11 04:00,60,"IMB_SJQ_CEMENTO_SELVA_ALEGRE_UL/Cell:eNodeB Function Name=IMB_SJQ_CEMENTO_SELVA_ALEGRE_L, Local Cell ID=8, Cell Name=IMB_SJQ_CEMENTO_SELVA_ALEGRE_L7_8, eNodeB ID=43315, Cell FDD TDD indication=CELL_FDD",Reliable,15.741,4.218
2026-04-11 04:00,60,"IMB_SJQ_CEMENTO_SELVA_ALEGRE_UL/Cell:eNodeB Function Name=IMB_SJQ_CEMENTO_SELVA_ALEGRE_L, Local Cell ID=7, Cell Name=IMB_SJQ_CEMENTO_SELVA_ALEGRE_L7_7, eNodeB ID=43315, Cell FDD TDD indication=CELL_FDD",Reliable,323.246,55.445
2026-04-11 04:00,60,"PIC_UIO_SANTA_ROSA_UL/Cell:eNodeB Function Name=PIC_UIO_SANTA_ROSA_L, Local Cell ID=9, Cell Name=PIC_UIO_SANTA_ROSA_L7_9, eNodeB ID=43298, Cell FDD TDD indication=CELL_FDD",Reliable,135.152,26.799
2026-04-11 04:00,60,"PIC_UIO_SANTA_ROSA_UL/Cell:eNodeB Function Name=PIC_UIO_SANTA_ROSA_L, Local Cell ID=8, Cell Name=PIC_UIO_SANTA_ROSA_L7_8, eNodeB ID=43298, Cell FDD TDD indication=CELL_FDD",Reliable,112.282,9.967
2026-04-11 04:00,60,"PIC_UIO_SANTA_ROSA_UL/Cell:eNodeB Function Name=PIC_UIO_SANTA_ROSA_L, Local Cell ID=7, Cell Name=PIC_UIO_SANTA_ROSA_L7_7, eNodeB ID=43298, Cell FDD TDD indication=CELL_FDD",Reliable,694.458,46.497
2026-04-11 04:00,60,"CAR_BOL_CABRAS_UL/Cell:eNodeB Function Name=CAR_BOL_CABRAS_L, Local Cell ID=9, Cell Name=CAR_BOL_CABRAS_L7_9, eNodeB ID=43303, Cell FDD TDD indication=CELL_FDD",Reliable,1488.718,297.073
2026-04-11 04:00,60,"CAR_BOL_CABRAS_UL/Cell:eNodeB Function Name=CAR_BOL_CABRAS_L, Local Cell ID=8, Cell Name=CAR_BOL_CABRAS_L7_8, eNodeB ID=43303, Cell FDD TDD indication=CELL_FDD",Reliable,898.927,101.74
2026-04-11 04:00,60,"CAR_BOL_CABRAS_UL/Cell:eNodeB Function Name=CAR_BOL_CABRAS_L, Local Cell ID=7, Cell Name=CAR_BOL_CABRAS_L7_7, eNodeB ID=43303, Cell FDD TDD indication=CELL_FDD",Reliable,167.065,30.171
2026-04-11 04:00,60,"NAP_TEN_NORTE_UL/Cell:eNodeB Function Name=NAP_TEN_NORTE_L, Local Cell ID=9, Cell Name=NAP_TEN_NORTE_L7_9, eNodeB ID=43295, Cell FDD TDD indication=CELL_FDD",Reliable,333.555,20.219
2026-04-11 04:00,60,"NAP_TEN_NORTE_UL/Cell:eNodeB Function Name=NAP_TEN_NORTE_L, Local Cell ID=8, Cell Name=NAP_TEN_NORTE_L7_8, eNodeB ID=43295, Cell FDD TDD indication=CELL_FDD",Reliable,394.383,59.364
2026-04-11 04:00,60,"NAP_TEN_NORTE_UL/Cell:eNodeB Function Name=NAP_TEN_NORTE_L, Local Cell ID=7, Cell Name=NAP_TEN_NORTE_L7_7, eNodeB ID=43295, Cell FDD TDD indication=CELL_FDD",Reliable,941.455,1262.043
2026-04-11 04:00,60,"PIC_UIO_ORIENTE_QUITENOL7/Cell:eNodeB Function Name=PIC_UIO_ORIENTE_QUITENOL7, Local Cell ID=9, Cell Name=PIC_UIO_ORIENTE_QUITENO_L7_9, eNodeB ID=43312, Cell FDD TDD indication=CELL_FDD",Reliable,5.769,2.44
2026-04-11 04:00,60,"PIC_UIO_ORIENTE_QUITENOL7/Cell:eNodeB Function Name=PIC_UIO_ORIENTE_QUITENOL7, Local Cell ID=8, Cell Name=PIC_UIO_ORIENTE_QUITENO_L7_8, eNodeB ID=43312, Cell FDD TDD indication=CELL_FDD",Reliable,190.868,13.57
2026-04-11 04:00,60,"PIC_UIO_ORIENTE_QUITENOL7/Cell:eNodeB Function Name=PIC_UIO_ORIENTE_QUITENOL7, Local Cell ID=7, Cell Name=PIC_UIO_ORIENTE_QUITENO_L7_7, eNodeB ID=43312, Cell FDD TDD indication=CELL_FDD",Reliable,241.137,24.978
2026-04-11 04:00,60,"PIC_YAR_OTON_UL/Cell:eNodeB Function Name=PIC_YAR_OTON_L, Local Cell ID=9, Cell Name=PIC_YAR_OTON_L7_9, eNodeB ID=43318, Cell FDD TDD indication=CELL_FDD",Reliable,17.003,17.113
2026-04-11 04:00,60,"PIC_YAR_OTON_UL/Cell:eNodeB Function Name=PIC_YAR_OTON_L, Local Cell ID=8, Cell Name=PIC_YAR_OTON_L7_8, eNodeB ID=43318, Cell FDD TDD indication=CELL_FDD",Reliable,1402.265,106.675
2026-04-11 04:00,60,"PIC_YAR_OTON_UL/Cell:eNodeB Function Name=PIC_YAR_OTON_L, Local Cell ID=7, Cell Name=PIC_YAR_OTON_L7_7, eNodeB ID=43318, Cell FDD TDD indication=CELL_FDD",Reliable,541.226,39.743
2026-04-11 04:00,60,"STD_CON_CONCORDIA_NORTEL7/Cell:eNodeB Function Name=STD_CON_CONCORDIA_NORTEL7, Local Cell ID=9, Cell Name=STD_CON_CONCORDIA_NORTE_L7_9, eNodeB ID=43102, Cell FDD TDD indication=CELL_FDD",Reliable,159.378,13.795
2026-04-11 04:00,60,"STD_CON_CONCORDIA_NORTEL7/Cell:eNodeB Function Name=STD_CON_CONCORDIA_NORTEL7, Local Cell ID=8, Cell Name=STD_CON_CONCORDIA_NORTE_L7_8, eNodeB ID=43102, Cell FDD TDD indication=CELL_FDD",Reliable,10.633,5.093
2026-04-11 04:00,60,"STD_CON_CONCORDIA_NORTEL7/Cell:eNodeB Function Name=STD_CON_CONCORDIA_NORTEL7, Local Cell ID=7, Cell Name=STD_CON_CONCORDIA_NORTE_L7_7, eNodeB ID=43102, Cell FDD TDD indication=CELL_FDD",Reliable,5.235,1.787
2026-04-11 04:00,60,"PIC_CHI_SANTA_TERESITA_DEL_VALLE_UL/Cell:eNodeB Function Name=PIC_CHI_SANTA_TERESITA_DEL_VALLE_L, Local Cell ID=13, Cell Name=PIC_CHI_SANTA_TERESITA_DEL_VALLE_L19_13, eNodeB ID=43308, Cell FDD TDD indication=CELL_FDD",Reliable,1.835,0.982
2026-04-11 04:00,60,"PIC_CHI_SANTA_TERESITA_DEL_VALLE_UL/Cell:eNodeB Function Name=PIC_CHI_SANTA_TERESITA_DEL_VALLE_L, Local Cell ID=12, Cell Name=PIC_CHI_SANTA_TERESITA_DEL_VALLE_L19_12, eNodeB ID=43308, Cell FDD TDD indication=CELL_FDD",Reliable,7.561,3.968
2026-04-11 04:00,60,"PIC_CHI_SANTA_TERESITA_DEL_VALLE_UL/Cell:eNodeB Function Name=PIC_CHI_SANTA_TERESITA_DEL_VALLE_L, Local Cell ID=11, Cell Name=PIC_CHI_SANTA_TERESITA_DEL_VALLE_L19_11, eNodeB ID=43308, Cell FDD TDD indication=CELL_FDD",Reliable,242.589,27.917
2026-04-11 04:00,60,"PIC_CHI_SANTA_TERESITA_DEL_VALLE_UL/Cell:eNodeB Function Name=PIC_CHI_SANTA_TERESITA_DEL_VALLE_L, Local Cell ID=9, Cell Name=PIC_CHI_SANTA_TERESITA_DEL_VALLE_L7_9, eNodeB ID=43308, Cell FDD TDD indication=CELL_FDD",Reliable,54.201,39.73
2026-04-11 04:00,60,"PIC_CHI_SANTA_TERESITA_DEL_VALLE_UL/Cell:eNodeB Function Name=PIC_CHI_SANTA_TERESITA_DEL_VALLE_L, Local Cell ID=8, Cell Name=PIC_CHI_SANTA_TERESITA_DEL_VALLE_L7_8, eNodeB ID=43308, Cell FDD TDD indication=CELL_FDD",Reliable,63.46,16.296
2026-04-11 04:00,60,"PIC_CHI_SANTA_TERESITA_DEL_VALLE_UL/Cell:eNodeB Function Name=PIC_CHI_SANTA_TERESITA_DEL_VALLE_L, Local Cell ID=7, Cell Name=PIC_CHI_SANTA_TERESITA_DEL_VALLE_L7_7, eNodeB ID=43308, Cell FDD TDD indication=CELL_FDD",Reliable,21.099,2.806
2026-04-11 04:00,60,"PIC_TAB_TABACUNDO_OESTEL7/Cell:eNodeB Function Name=PIC_TAB_TABACUNDO_OESTEL7, Local Cell ID=9, Cell Name=PIC_TAB_TABACUNDO_OESTE_L7_9, eNodeB ID=43291, Cell FDD TDD indication=CELL_FDD",Reliable,320.618,30.542
2026-04-11 04:00,60,"PIC_TAB_TABACUNDO_OESTEL7/Cell:eNodeB Function Name=PIC_TAB_TABACUNDO_OESTEL7, Local Cell ID=8, Cell Name=PIC_TAB_TABACUNDO_OESTE_L7_8, eNodeB ID=43291, Cell FDD TDD indication=CELL_FDD",Reliable,504.52,32.917
2026-04-11 04:00,60,"PIC_TAB_TABACUNDO_OESTEL7/Cell:eNodeB Function Name=PIC_TAB_TABACUNDO_OESTEL7, Local Cell ID=7, Cell Name=PIC_TAB_TABACUNDO_OESTE_L7_7, eNodeB ID=43291, Cell FDD TDD indication=CELL_FDD",Reliable,571.025,41.016
2026-04-11 04:00,60,"PIC_UIO_COOP_COMITE_UL/Cell:eNodeB Function Name=PIC_UIO_COOP_COMITE_L, Local Cell ID=9, Cell Name=PIC_UIO_COOP_COMITE_L7_9, eNodeB ID=43310, Cell FDD TDD indication=CELL_FDD",Reliable,756.686,57.259
2026-04-11 04:00,60,"PIC_UIO_COOP_COMITE_UL/Cell:eNodeB Function Name=PIC_UIO_COOP_COMITE_L, Local Cell ID=8, Cell Name=PIC_UIO_COOP_COMITE_L7_8, eNodeB ID=43310, Cell FDD TDD indication=CELL_FDD",Reliable,354.351,16.665
2026-04-11 04:00,60,"PIC_UIO_COOP_COMITE_UL/Cell:eNodeB Function Name=PIC_UIO_COOP_COMITE_L, Local Cell ID=7, Cell Name=PIC_UIO_COOP_COMITE_L7_7, eNodeB ID=43310, Cell FDD TDD indication=CELL_FDD",Reliable,432.092,39.885
2026-04-11 04:00,60,"TUN_QUE_YANAYACU_UL/Cell:eNodeB Function Name=TUN_QUE_YANAYACU_L, Local Cell ID=8, Cell Name=TUN_QUE_YANAYACU_L7_8, eNodeB ID=43323, Cell FDD TDD indication=CELL_FDD",Reliable,127.039,12.341
2026-04-11 04:00,60,"TUN_QUE_YANAYACU_UL/Cell:eNodeB Function Name=TUN_QUE_YANAYACU_L, Local Cell ID=7, Cell Name=TUN_QUE_YANAYACU_L7_7, eNodeB ID=43323, Cell FDD TDD indication=CELL_FDD",Reliable,289.664,36.818
2026-04-11 04:00,60,"PIC_NAN_SAN_FRANCISCO_UL/Cell:eNodeB Function Name=PIC_NAN_SAN_FRANCISCO_L, Local Cell ID=9, Cell Name=PIC_NAN_SAN_FRANCISCO_L7_9, eNodeB ID=43317, Cell FDD TDD indication=CELL_FDD",Reliable,146.502,14.57
2026-04-11 04:00,60,"PIC_NAN_SAN_FRANCISCO_UL/Cell:eNodeB Function Name=PIC_NAN_SAN_FRANCISCO_L, Local Cell ID=8, Cell Name=PIC_NAN_SAN_FRANCISCO_L7_8, eNodeB ID=43317, Cell FDD TDD indication=CELL_FDD",Reliable,301.388,53.014
2026-04-11 04:00,60,"PIC_NAN_SAN_FRANCISCO_UL/Cell:eNodeB Function Name=PIC_NAN_SAN_FRANCISCO_L, Local Cell ID=7, Cell Name=PIC_NAN_SAN_FRANCISCO_L7_7, eNodeB ID=43317, Cell FDD TDD indication=CELL_FDD",Reliable,247.121,17.48
2026-04-11 04:00,60,"TUN_AMB_SOLCA_UL/Cell:eNodeB Function Name=TUN_AMB_SOLCA_L, Local Cell ID=9, Cell Name=TUN_AMB_SOLCA_L7_9, eNodeB ID=43285, Cell FDD TDD indication=CELL_FDD",Reliable,720.284,36.998
2026-04-11 04:00,60,"TUN_AMB_SOLCA_UL/Cell:eNodeB Function Name=TUN_AMB_SOLCA_L, Local Cell ID=8, Cell Name=TUN_AMB_SOLCA_L7_8, eNodeB ID=43285, Cell FDD TDD indication=CELL_FDD",Reliable,468.859,49.339
2026-04-11 04:00,60,"TUN_AMB_SOLCA_UL/Cell:eNodeB Function Name=TUN_AMB_SOLCA_L, Local Cell ID=7, Cell Name=TUN_AMB_SOLCA_L7_7, eNodeB ID=43285, Cell FDD TDD indication=CELL_FDD",Reliable,382.378,28.218
2026-04-11 04:00,60,"TUN_AMB_HUACHI_BELEN_BAJO_UL/Cell:eNodeB Function Name=TUN_AMB_HUACHI_BELEN_BAJO_L, Local Cell ID=9, Cell Name=TUN_AMB_HUACHI_BELEN_BAJO_L7_9, eNodeB ID=43289, Cell FDD TDD indication=CELL_FDD",Reliable,325.653,33.198
2026-04-11 04:00,60,"TUN_AMB_HUACHI_BELEN_BAJO_UL/Cell:eNodeB Function Name=TUN_AMB_HUACHI_BELEN_BAJO_L, Local Cell ID=8, Cell Name=TUN_AMB_HUACHI_BELEN_BAJO_L7_8, eNodeB ID=43289, Cell FDD TDD indication=CELL_FDD",Reliable,1016.269,78.306
2026-04-11 04:00,60,"TUN_AMB_HUACHI_BELEN_BAJO_UL/Cell:eNodeB Function Name=TUN_AMB_HUACHI_BELEN_BAJO_L, Local Cell ID=7, Cell Name=TUN_AMB_HUACHI_BELEN_BAJO_L7_7, eNodeB ID=43289, Cell FDD TDD indication=CELL_FDD",Reliable,80.587,18.198
2026-04-11 04:00,60,"STD_VHE_ENTR_VALLE_HERMOSO_UL/Cell:eNodeB Function Name=STD_VHE_ENTR_VALLE_HERMOSO_L, Local Cell ID=9, Cell Name=STD_VHE_ENTR_VALLE_HERMOSO_L7_9, eNodeB ID=43292, Cell FDD TDD indication=CELL_FDD",Reliable,294.146,14.612
2026-04-11 04:00,60,"STD_VHE_ENTR_VALLE_HERMOSO_UL/Cell:eNodeB Function Name=STD_VHE_ENTR_VALLE_HERMOSO_L, Local Cell ID=8, Cell Name=STD_VHE_ENTR_VALLE_HERMOSO_L7_8, eNodeB ID=43292, Cell FDD TDD indication=CELL_FDD",Reliable,328.203,42.6
2026-04-11 04:00,60,"STD_VHE_ENTR_VALLE_HERMOSO_UL/Cell:eNodeB Function Name=STD_VHE_ENTR_VALLE_HERMOSO_L, Local Cell ID=7, Cell Name=STD_VHE_ENTR_VALLE_HERMOSO_L7_7, eNodeB ID=43292, Cell FDD TDD indication=CELL_FDD",Reliable,290.28,33.616
2026-04-11 04:00,60,"COT_MAN_ENTR_LA_MANA_UL/Cell:eNodeB Function Name=COT_MAN_ENTR_LA_MANA_L, Local Cell ID=9, Cell Name=COT_MAN_ENTR_LA_MANA_L7_9, eNodeB ID=43304, Cell FDD TDD indication=CELL_FDD",Reliable,129.359,26.82
2026-04-11 04:00,60,"COT_MAN_ENTR_LA_MANA_UL/Cell:eNodeB Function Name=COT_MAN_ENTR_LA_MANA_L, Local Cell ID=8, Cell Name=COT_MAN_ENTR_LA_MANA_L7_8, eNodeB ID=43304, Cell FDD TDD indication=CELL_FDD",Reliable,824.921,83.351
2026-04-11 04:00,60,"COT_MAN_ENTR_LA_MANA_UL/Cell:eNodeB Function Name=COT_MAN_ENTR_LA_MANA_L, Local Cell ID=7, Cell Name=COT_MAN_ENTR_LA_MANA_L7_7, eNodeB ID=43304, Cell FDD TDD indication=CELL_FDD",Reliable,0,0
2026-04-11 04:00,60,"L_GUA11152_LA_FLORIDA_OESTE/Cell:eNodeB Function Name=L_GUA11152_LA_FLORIDA_OESTE, Local Cell ID=9, Cell Name=L_GUA11152_LA_FLORIDA_OESTE_9, eNodeB ID=11152, Cell FDD TDD indication=CELL_FDD",Reliable,39.292,343.388
2026-04-11 04:00,60,"L_GUA11152_LA_FLORIDA_OESTE/Cell:eNodeB Function Name=L_GUA11152_LA_FLORIDA_OESTE, Local Cell ID=8, Cell Name=L_GUA11152_LA_FLORIDA_OESTE_8, eNodeB ID=11152, Cell FDD TDD indication=CELL_FDD",Reliable,8.194,6.641
2026-04-11 04:00,60,"L_GUA11152_LA_FLORIDA_OESTE/Cell:eNodeB Function Name=L_GUA11152_LA_FLORIDA_OESTE, Local Cell ID=7, Cell Name=L_GUA11152_LA_FLORIDA_OESTE_7, eNodeB ID=11152, Cell FDD TDD indication=CELL_FDD",Reliable,0.092,0.091
2026-04-11 04:00,60,"L_GUA11152_LA_FLORIDA_OESTE/Cell:eNodeB Function Name=L_GUA11152_LA_FLORIDA_OESTE, Local Cell ID=3, Cell Name=L_GUA11152_LA_FLORIDA_OESTE_3, eNodeB ID=11152, Cell FDD TDD indication=CELL_FDD",Reliable,87.399,17.3
2026-04-11 04:00,60,"L_GUA11152_LA_FLORIDA_OESTE/Cell:eNodeB Function Name=L_GUA11152_LA_FLORIDA_OESTE, Local Cell ID=2, Cell Name=L_GUA11152_LA_FLORIDA_OESTE_2, eNodeB ID=11152, Cell FDD TDD indication=CELL_FDD",Reliable,23.958,10.557
2026-04-11 04:00,60,"L_GUA11152_LA_FLORIDA_OESTE/Cell:eNodeB Function Name=L_GUA11152_LA_FLORIDA_OESTE, Local Cell ID=1, Cell Name=L_GUA11152_LA_FLORIDA_OESTE_1, eNodeB ID=11152, Cell FDD TDD indication=CELL_FDD",Reliable,1.808,2.347
2026-04-11 04:00,60,"STD_CON_EASYMACRO_CONCORDIA_NORTE_UL/Cell:eNodeB Function Name=STD_CON_CONCORDIA_NORTE_L, Local Cell ID=2, Cell Name=STD_CON_EASYMACRO_CONCORDIA_NORTE_L21_2, eNodeB ID=43299, Cell FDD TDD indication=CELL_FDD",Reliable,231.118,20.373
2026-04-11 04:00,60,"STD_CON_EASYMACRO_CONCORDIA_NORTE_UL/Cell:eNodeB Function Name=STD_CON_CONCORDIA_NORTE_L, Local Cell ID=1, Cell Name=STD_CON_EASYMACRO_CONCORDIA_NORTE_L21_1, eNodeB ID=43299, Cell FDD TDD indication=CELL_FDD",Reliable,6.388,1.471
2026-04-11 04:00,60,"PIC_CHI_EASYMACRO_SAN_NICOLAS_UL/Cell:eNodeB Function Name=PIC_CHI_EASYMACRO_SAN_NICOLAS, Local Cell ID=3, Cell Name=PIC_CHI_EASYMACRO_SAN_NICOLAS_L21_3, eNodeB ID=43288, Cell FDD TDD indication=CELL_FDD",Reliable,169.76,18.628
2026-04-11 04:00,60,"PIC_CHI_EASYMACRO_SAN_NICOLAS_UL/Cell:eNodeB Function Name=PIC_CHI_EASYMACRO_SAN_NICOLAS, Local Cell ID=2, Cell Name=PIC_CHI_EASYMACRO_SAN_NICOLAS_L21_2, eNodeB ID=43288, Cell FDD TDD indication=CELL_FDD",Reliable,682.5,49.947
2026-04-11 04:00,60,"PIC_CHI_EASYMACRO_SAN_NICOLAS_UL/Cell:eNodeB Function Name=PIC_CHI_EASYMACRO_SAN_NICOLAS, Local Cell ID=1, Cell Name=PIC_CHI_EASYMACRO_SAN_NICOLAS_L21_1, eNodeB ID=43288, Cell FDD TDD indication=CELL_FDD",Reliable,379.618,38.02
2026-04-11 04:00,60,"PIC_UIO_MARCOPAMBA_UL/Cell:eNodeB Function Name=PIC_UIO_EASYMACRO_MARCOPAMBA_L, Local Cell ID=2, Cell Name=PIC_UIO_EASYMACRO_MARCOPAMBA_L21_2, eNodeB ID=43286, Cell FDD TDD indication=CELL_FDD",Reliable,1459.312,80.2
2026-04-11 04:00,60,"PIC_UIO_MARCOPAMBA_UL/Cell:eNodeB Function Name=PIC_UIO_EASYMACRO_MARCOPAMBA_L, Local Cell ID=1, Cell Name=PIC_UIO_EASYMACRO_MARCOPAMBA_L21_1, eNodeB ID=43286, Cell FDD TDD indication=CELL_FDD",Reliable,318.046,26.29
2026-04-11 04:00,60,"PIC_UIO_MARCOPAMBA_UL/Cell:eNodeB Function Name=PIC_UIO_EASYMACRO_MARCOPAMBA_L, Local Cell ID=8, Cell Name=PIC_UIO_MARCOPAMBA_L7_8, eNodeB ID=43286, Cell FDD TDD indication=CELL_FDD",Reliable,764.698,105.332
2026-04-11 04:00,60,"PIC_UIO_MARCOPAMBA_UL/Cell:eNodeB Function Name=PIC_UIO_EASYMACRO_MARCOPAMBA_L, Local Cell ID=7, Cell Name=PIC_UIO_MARCOPAMBA_L7_7, eNodeB ID=43286, Cell FDD TDD indication=CELL_FDD",Reliable,395.32,17.1
2026-04-11 04:00,60,"PIC_QUI_SAN_MIGUEL_ALTAPAMBA_UL/Cell:eNodeB Function Name=PIC_QUI_SAN_MIGUEL_ALTAPAMBA_L, Local Cell ID=9, Cell Name=PIC_QUI_SAN_MIGUEL_ALTAPAMBA_L7_9, eNodeB ID=43321, Cell FDD TDD indication=CELL_FDD",Reliable,297.446,53.372
2026-04-11 04:00,60,"PIC_QUI_SAN_MIGUEL_ALTAPAMBA_UL/Cell:eNodeB Function Name=PIC_QUI_SAN_MIGUEL_ALTAPAMBA_L, Local Cell ID=8, Cell Name=PIC_QUI_SAN_MIGUEL_ALTAPAMBA_L7_8, eNodeB ID=43321, Cell FDD TDD indication=CELL_FDD",Reliable,406.895,50.879
2026-04-11 04:00,60,"PIC_QUI_SAN_MIGUEL_ALTAPAMBA_UL/Cell:eNodeB Function Name=PIC_QUI_SAN_MIGUEL_ALTAPAMBA_L, Local Cell ID=7, Cell Name=PIC_QUI_SAN_MIGUEL_ALTAPAMBA_L7_7, eNodeB ID=43321, Cell FDD TDD indication=CELL_FDD",Reliable,951.419,56.888
2026-04-11 04:00,60,"ORE_COC_CAMP_PETROL_UL/Cell:eNodeB Function Name=ORE_COC_CAMP_PETROL_L, Local Cell ID=9, Cell Name=ORE_COC_CAMP_PETROL_L7_9, eNodeB ID=43305, Cell FDD TDD indication=CELL_FDD",Reliable,794.93,119.303
2026-04-11 04:00,60,"ORE_COC_CAMP_PETROL_UL/Cell:eNodeB Function Name=ORE_COC_CAMP_PETROL_L, Local Cell ID=8, Cell Name=ORE_COC_CAMP_PETROL_L7_8, eNodeB ID=43305, Cell FDD TDD indication=CELL_FDD",Reliable,456.683,71.314
2026-04-11 04:00,60,"ORE_COC_CAMP_PETROL_UL/Cell:eNodeB Function Name=ORE_COC_CAMP_PETROL_L, Local Cell ID=7, Cell Name=ORE_COC_CAMP_PETROL_L7_7, eNodeB ID=43305, Cell FDD TDD indication=CELL_FDD",Reliable,0.008,0.006
2026-04-11 04:00,60,"ORE_DAY_PINDO_UL/Cell:eNodeB Function Name=ORE_DAY_PINDO_L, Local Cell ID=9, Cell Name=ORE_DAY_PINDO_L7_9, eNodeB ID=43300, Cell FDD TDD indication=CELL_FDD",Reliable,807.852,267.692
2026-04-11 04:00,60,"ORE_DAY_PINDO_UL/Cell:eNodeB Function Name=ORE_DAY_PINDO_L, Local Cell ID=8, Cell Name=ORE_DAY_PINDO_L7_8, eNodeB ID=43300, Cell FDD TDD indication=CELL_FDD",Reliable,236.617,33.093
2026-04-11 04:00,60,"ORE_DAY_PINDO_UL/Cell:eNodeB Function Name=ORE_DAY_PINDO_L, Local Cell ID=7, Cell Name=ORE_DAY_PINDO_L7_7, eNodeB ID=43300, Cell FDD TDD indication=CELL_FDD",Reliable,489.507,52.256
2026-04-11 04:00,60,"PIC_PVM_ARASHA_UL/Cell:eNodeB Function Name=PIC_PVM_ARASHA_L, Local Cell ID=9, Cell Name=PIC_PVM_ARASHA_L7_9, eNodeB ID=43296, Cell FDD TDD indication=CELL_FDD",Reliable,103.195,20.758
2026-04-11 04:00,60,"PIC_PVM_ARASHA_UL/Cell:eNodeB Function Name=PIC_PVM_ARASHA_L, Local Cell ID=8, Cell Name=PIC_PVM_ARASHA_L7_8, eNodeB ID=43296, Cell FDD TDD indication=CELL_FDD",Reliable,275.892,21.993
2026-04-11 04:00,60,"PIC_PVM_ARASHA_UL/Cell:eNodeB Function Name=PIC_PVM_ARASHA_L, Local Cell ID=7, Cell Name=PIC_PVM_ARASHA_L7_7, eNodeB ID=43296, Cell FDD TDD indication=CELL_FDD",Reliable,496.136,61.855
2026-04-11 04:00,60,"NAP_CHO_YURALPA_UL/Cell:eNodeB Function Name=NAP_CHO_YURALPA_L, Local Cell ID=7, Cell Name=NAP_CHO_YURALPA_L7_7, eNodeB ID=43293, Cell FDD TDD indication=CELL_FDD",Reliable,52.73,5.096
2026-04-11 04:00,60,"NAP_CHO_YURALPA_UL/Cell:eNodeB Function Name=NAP_CHO_YURALPA_L, Local Cell ID=8, Cell Name=NAP_CHO_YURALPA_L7_8, eNodeB ID=43293, Cell FDD TDD indication=CELL_FDD",Reliable,146.857,103.17
2026-04-11 04:00,60,"NAP_CHO_YURALPA_UL/Cell:eNodeB Function Name=NAP_CHO_YURALPA_L, Local Cell ID=9, Cell Name=NAP_CHO_YURALPA_L7_9, eNodeB ID=43293, Cell FDD TDD indication=CELL_FDD",Reliable,218.538,22.372
2026-04-11 04:00,60,"PIC_GUA_REDONDEL_GUAYLLABAMBA_UL/Cell:eNodeB Function Name=PIC_GUA_REDONDEL_GUAYLLABAMBA_L, Local Cell ID=9, Cell Name=PIC_GUA_REDONDEL_GUAYLLABAMBA_L7_9, eNodeB ID=43319, Cell FDD TDD indication=CELL_FDD",Reliable,613.833,51.111
2026-04-11 04:00,60,"PIC_GUA_REDONDEL_GUAYLLABAMBA_UL/Cell:eNodeB Function Name=PIC_GUA_REDONDEL_GUAYLLABAMBA_L, Local Cell ID=8, Cell Name=PIC_GUA_REDONDEL_GUAYLLABAMBA_L7_8, eNodeB ID=43319, Cell FDD TDD indication=CELL_FDD",Reliable,322.2,43.738
2026-04-11 04:00,60,"PIC_GUA_REDONDEL_GUAYLLABAMBA_UL/Cell:eNodeB Function Name=PIC_GUA_REDONDEL_GUAYLLABAMBA_L, Local Cell ID=7, Cell Name=PIC_GUA_REDONDEL_GUAYLLABAMBA_L7_7, eNodeB ID=43319, Cell FDD TDD indication=CELL_FDD",Reliable,337.538,30.558
2026-04-11 04:00,60,"SUC_LIM_VICTORIA_UL/Cell:eNodeB Function Name=SUC_LIM_VICTORIA_L, Local Cell ID=9, Cell Name=SUC_LIM_VICTORIA_L7_9, eNodeB ID=43301, Cell FDD TDD indication=CELL_FDD",Reliable,277.29,61.072
2026-04-11 04:00,60,"SUC_LIM_VICTORIA_UL/Cell:eNodeB Function Name=SUC_LIM_VICTORIA_L, Local Cell ID=8, Cell Name=SUC_LIM_VICTORIA_L7_8, eNodeB ID=43301, Cell FDD TDD indication=CELL_FDD",Reliable,1684.156,119.339
2026-04-11 04:00,60,"SUC_LIM_VICTORIA_UL/Cell:eNodeB Function Name=SUC_LIM_VICTORIA_L, Local Cell ID=7, Cell Name=SUC_LIM_VICTORIA_L7_7, eNodeB ID=43301, Cell FDD TDD indication=CELL_FDD",Reliable,663.93,90.987
2026-04-11 04:00,60,"ESM_ESM_SAN_MATEO_UL/Cell:eNodeB Function Name=ESM_ESM_SAN_MATEO_L, Local Cell ID=9, Cell Name=ESM_ESM_SAN_MATEO_L7_9, eNodeB ID=43283, Cell FDD TDD indication=CELL_FDD",Reliable,21.403,9.451
2026-04-11 04:00,60,"ESM_ESM_SAN_MATEO_UL/Cell:eNodeB Function Name=ESM_ESM_SAN_MATEO_L, Local Cell ID=8, Cell Name=ESM_ESM_SAN_MATEO_L7_8, eNodeB ID=43283, Cell FDD TDD indication=CELL_FDD",Reliable,329.182,24.865
2026-04-11 04:00,60,"ESM_ESM_SAN_MATEO_UL/Cell:eNodeB Function Name=ESM_ESM_SAN_MATEO_L, Local Cell ID=7, Cell Name=ESM_ESM_SAN_MATEO_L7_7, eNodeB ID=43283, Cell FDD TDD indication=CELL_FDD",Reliable,49.155,4.703
2026-04-11 04:00,60,"ESM_ESM_SANTA_CRUZ_UL/Cell:eNodeB Function Name=ESM_ESM_SANTA_CRUZ_L, Local Cell ID=9, Cell Name=ESM_ESM_SANTA_CRUZ_L7_9, eNodeB ID=43287, Cell FDD TDD indication=CELL_FDD",Reliable,564.921,30.062
2026-04-11 04:00,60,"ESM_ESM_SANTA_CRUZ_UL/Cell:eNodeB Function Name=ESM_ESM_SANTA_CRUZ_L, Local Cell ID=8, Cell Name=ESM_ESM_SANTA_CRUZ_L7_8, eNodeB ID=43287, Cell FDD TDD indication=CELL_FDD",Reliable,0.046,0.377
2026-04-11 04:00,60,"ESM_ESM_SANTA_CRUZ_UL/Cell:eNodeB Function Name=ESM_ESM_SANTA_CRUZ_L, Local Cell ID=7, Cell Name=ESM_ESM_SANTA_CRUZ_L7_7, eNodeB ID=43287, Cell FDD TDD indication=CELL_FDD",Reliable,4.186,20.163
2026-04-11 04:00,60,"ESM_MAL_MALIMPIA_UL/Cell:eNodeB Function Name=ESM_MAL_MALIMPIA_L, Local Cell ID=9, Cell Name=ESM_MAL_MALIMPIA_L7_9, eNodeB ID=43297, Cell FDD TDD indication=CELL_FDD",Reliable,293.293,18.056
2026-04-11 04:00,60,"ESM_MAL_MALIMPIA_UL/Cell:eNodeB Function Name=ESM_MAL_MALIMPIA_L, Local Cell ID=8, Cell Name=ESM_MAL_MALIMPIA_L7_8, eNodeB ID=43297, Cell FDD TDD indication=CELL_FDD",Reliable,13.795,3.752
2026-04-11 04:00,60,"ESM_MAL_MALIMPIA_UL/Cell:eNodeB Function Name=ESM_MAL_MALIMPIA_L, Local Cell ID=7, Cell Name=ESM_MAL_MALIMPIA_L7_7, eNodeB ID=43297, Cell FDD TDD indication=CELL_FDD",Reliable,625.67,75.757
2026-04-11 04:00,60,"ESM_SFR_EL_SALTO_UL/Cell:eNodeB Function Name=ESM_SFR_EL_SALTO_L, Local Cell ID=9, Cell Name=ESM_SFR_EL_SALTO_L7_9, eNodeB ID=43290, Cell FDD TDD indication=CELL_FDD",Reliable,692.937,66.381
2026-04-11 04:00,60,"ESM_SFR_EL_SALTO_UL/Cell:eNodeB Function Name=ESM_SFR_EL_SALTO_L, Local Cell ID=8, Cell Name=ESM_SFR_EL_SALTO_L7_8, eNodeB ID=43290, Cell FDD TDD indication=CELL_FDD",Reliable,117.714,11.053
2026-04-11 04:00,60,"ESM_SFR_EL_SALTO_UL/Cell:eNodeB Function Name=ESM_SFR_EL_SALTO_L, Local Cell ID=7, Cell Name=ESM_SFR_EL_SALTO_L7_7, eNodeB ID=43290, Cell FDD TDD indication=CELL_FDD",Reliable,181.179,51.591
2026-04-11 04:00,60,"GAL_BEL_BELLAVISTA_UL/Cell:eNodeB Function Name=GAL_BEL_BELLAVISTA_L, Local Cell ID=9, Cell Name=GAL_BEL_BELLAVISTA_L7_9, eNodeB ID=43314, Cell FDD TDD indication=CELL_FDD",Reliable,22.535,6.204
2026-04-11 04:00,60,"GAL_BEL_BELLAVISTA_UL/Cell:eNodeB Function Name=GAL_BEL_BELLAVISTA_L, Local Cell ID=8, Cell Name=GAL_BEL_BELLAVISTA_L7_8, eNodeB ID=43314, Cell FDD TDD indication=CELL_FDD",Reliable,552.991,1136.436
2026-04-11 04:00,60,"GAL_BEL_BELLAVISTA_UL/Cell:eNodeB Function Name=GAL_BEL_BELLAVISTA_L, Local Cell ID=7, Cell Name=GAL_BEL_BELLAVISTA_L7_7, eNodeB ID=43314, Cell FDD TDD indication=CELL_FDD",Reliable,618.575,31.522
2026-04-11 04:00,60,"PIC_SJM_ENTR_SAN_JOSE_MINAS_UL/Cell:eNodeB Function Name=PIC_SJM_ENTR_SAN_JOSE_MINAS_L, Local Cell ID=9, Cell Name=PIC_SJM_ENTR_SAN_JOSE_MINAS_L7_9, eNodeB ID=44225, Cell FDD TDD indication=CELL_FDD",Reliable,401.068,18.835
2026-04-11 04:00,60,"PIC_SJM_ENTR_SAN_JOSE_MINAS_UL/Cell:eNodeB Function Name=PIC_SJM_ENTR_SAN_JOSE_MINAS_L, Local Cell ID=8, Cell Name=PIC_SJM_ENTR_SAN_JOSE_MINAS_L7_8, eNodeB ID=44225, Cell FDD TDD indication=CELL_FDD",Reliable,368.876,23.743
2026-04-11 04:00,60,"PIC_SJM_ENTR_SAN_JOSE_MINAS_UL/Cell:eNodeB Function Name=PIC_SJM_ENTR_SAN_JOSE_MINAS_L, Local Cell ID=7, Cell Name=PIC_SJM_ENTR_SAN_JOSE_MINAS_L7_7, eNodeB ID=44225, Cell FDD TDD indication=CELL_FDD",Reliable,193.335,22.142
2026-04-11 04:00,60,"PIC_UIO_PARQUE_CUMANDAL7/Cell:eNodeB Function Name=PIC_UIO_PARQUE_CUMANDAL7, Local Cell ID=7, Cell Name=PIC_UIO_PARQUE_CUMANDA_L7_7, eNodeB ID=43208, Cell FDD TDD indication=CELL_FDD",Reliable,151.614,14.682
2026-04-11 04:00,60,"PIC_UIO_PARQUE_CUMANDAL7/Cell:eNodeB Function Name=PIC_UIO_PARQUE_CUMANDAL7, Local Cell ID=8, Cell Name=PIC_UIO_PARQUE_CUMANDA_L7_8, eNodeB ID=43208, Cell FDD TDD indication=CELL_FDD",Reliable,16.413,2.787
2026-04-11 04:00,60,"PIC_UIO_PARQUE_CUMANDAL7/Cell:eNodeB Function Name=PIC_UIO_PARQUE_CUMANDAL7, Local Cell ID=9, Cell Name=PIC_UIO_PARQUE_CUMANDA_L7_9, eNodeB ID=43208, Cell FDD TDD indication=CELL_FDD",Reliable,34.992,20.475
2026-04-11 04:00,60,"SUC_SHU_SHUSHUFINDI_OESTE_UL/Cell:eNodeB Function Name=SUC_SHU_SHUSHUFINDI_OESTE_L, Local Cell ID=9, Cell Name=SUC_SHU_SUSHUFINDI_OESTE_L7_9, eNodeB ID=43322, Cell FDD TDD indication=CELL_FDD",Reliable,686.705,92.099
2026-04-11 04:00,60,"SUC_SHU_SHUSHUFINDI_OESTE_UL/Cell:eNodeB Function Name=SUC_SHU_SHUSHUFINDI_OESTE_L, Local Cell ID=8, Cell Name=SUC_SHU_SUSHUFINDI_OESTE_L7_8, eNodeB ID=43322, Cell FDD TDD indication=CELL_FDD",Reliable,1888.831,219.039
2026-04-11 04:00,60,"SUC_SHU_SHUSHUFINDI_OESTE_UL/Cell:eNodeB Function Name=SUC_SHU_SHUSHUFINDI_OESTE_L, Local Cell ID=7, Cell Name=SUC_SHU_SUSHUFINDI_OESTE_L7_7, eNodeB ID=43322, Cell FDD TDD indication=CELL_FDD",Reliable,1581.731,126.498
2026-04-11 04:00,60,"PIC_CHI_FAJARDO_UL/Cell:eNodeB Function Name=PIC_CHI_FAJARDO_L, Local Cell ID=9, Cell Name=PIC_CHI_FAJARDO_L7_9, eNodeB ID=44247, Cell FDD TDD indication=CELL_FDD",Reliable,440.543,41.469
2026-04-11 04:00,60,"PIC_CHI_FAJARDO_UL/Cell:eNodeB Function Name=PIC_CHI_FAJARDO_L, Local Cell ID=8, Cell Name=PIC_CHI_FAJARDO_L7_8, eNodeB ID=44247, Cell FDD TDD indication=CELL_FDD",Reliable,1087.457,211.92
2026-04-11 04:00,60,"PIC_CHI_FAJARDO_UL/Cell:eNodeB Function Name=PIC_CHI_FAJARDO_L, Local Cell ID=7, Cell Name=PIC_CHI_FAJARDO_L7_7, eNodeB ID=44247, Cell FDD TDD indication=CELL_FDD",Reliable,685.6,32.302
2026-04-11 04:00,60,"ORE_LOR_LORETO_UL/Cell:eNodeB Function Name=ORE_LOR_LORETO_L, Local Cell ID=9, Cell Name=ORE_LOR_LORETO_L7_9, eNodeB ID=44866, Cell FDD TDD indication=CELL_FDD",Reliable,70.55,29.045
2026-04-11 04:00,60,"ORE_LOR_LORETO_UL/Cell:eNodeB Function Name=ORE_LOR_LORETO_L, Local Cell ID=8, Cell Name=ORE_LOR_LORETO_L7_8, eNodeB ID=44866, Cell FDD TDD indication=CELL_FDD",Reliable,369.869,291.122
2026-04-11 04:00,60,"ORE_LOR_LORETO_UL/Cell:eNodeB Function Name=ORE_LOR_LORETO_L, Local Cell ID=7, Cell Name=ORE_LOR_LORETO_L7_7, eNodeB ID=44866, Cell FDD TDD indication=CELL_FDD",Reliable,249.083,49.12
2026-04-11 04:00,60,"ORE_LOR_LORETO_UL/Cell:eNodeB Function Name=ORE_LOR_LORETO_L, Local Cell ID=10, Cell Name=ORE_LOR_LORETO_L7_10, eNodeB ID=44866, Cell FDD TDD indication=CELL_FDD",Reliable,426.405,32.147
2026-04-11 04:00,60,"PIC_UIO_JOAQUIN_MANCHENO_UL/Cell:eNodeB Function Name=PIC_UIO_JOAQUIN_MANCHENO_L, Local Cell ID=9, Cell Name=PIC_UIO_JOAQUIN_MANCHENO_9, eNodeB ID=43622, Cell FDD TDD indication=CELL_FDD",Reliable,1549.76,74.158
2026-04-11 04:00,60,"PIC_UIO_JOAQUIN_MANCHENO_UL/Cell:eNodeB Function Name=PIC_UIO_JOAQUIN_MANCHENO_L, Local Cell ID=8, Cell Name=PIC_UIO_JOAQUIN_MANCHENO_8, eNodeB ID=43622, Cell FDD TDD indication=CELL_FDD",Reliable,198.888,22.647
2026-04-11 04:00,60,"PIC_UIO_JOAQUIN_MANCHENO_UL/Cell:eNodeB Function Name=PIC_UIO_JOAQUIN_MANCHENO_L, Local Cell ID=7, Cell Name=PIC_UIO_JOAQUIN_MANCHENO_7, eNodeB ID=43622, Cell FDD TDD indication=CELL_FDD",Reliable,938.31,110.329
2026-04-11 04:00,60,"COT_PUJ_PUJILI_UL/Cell:eNodeB Function Name=COT_PUJ_PUJILI_L, Local Cell ID=9, Cell Name=COT_PUJ_PUJILI_L7_9, eNodeB ID=44680, Cell FDD TDD indication=CELL_FDD",Reliable,499.981,50.959
2026-04-11 04:00,60,"COT_PUJ_PUJILI_UL/Cell:eNodeB Function Name=COT_PUJ_PUJILI_L, Local Cell ID=8, Cell Name=COT_PUJ_PUJILI_L7_8, eNodeB ID=44680, Cell FDD TDD indication=CELL_FDD",Reliable,266.9,34.915
2026-04-11 04:00,60,"COT_PUJ_PUJILI_UL/Cell:eNodeB Function Name=COT_PUJ_PUJILI_L, Local Cell ID=7, Cell Name=COT_PUJ_PUJILI_L7_7, eNodeB ID=44680, Cell FDD TDD indication=CELL_FDD",Reliable,592.516,34.138
2026-04-11 04:00,60,"TUN_AMB_HUACHI_BELEN_UL/Cell:eNodeB Function Name=TUN_AMB_HUACHI_BELEN_L, Local Cell ID=9, Cell Name=TUN_AMB_HUACHI_BELEN_L7_9, eNodeB ID=44488, Cell FDD TDD indication=CELL_FDD",Reliable,267.589,25.638
2026-04-11 04:00,60,"TUN_AMB_HUACHI_BELEN_UL/Cell:eNodeB Function Name=TUN_AMB_HUACHI_BELEN_L, Local Cell ID=8, Cell Name=TUN_AMB_HUACHI_BELEN_L7_8, eNodeB ID=44488, Cell FDD TDD indication=CELL_FDD",Reliable,519.674,90.967
2026-04-11 04:00,60,"TUN_AMB_HUACHI_BELEN_UL/Cell:eNodeB Function Name=TUN_AMB_HUACHI_BELEN_L, Local Cell ID=7, Cell Name=TUN_AMB_HUACHI_BELEN_L7_7, eNodeB ID=44488, Cell FDD TDD indication=CELL_FDD",Reliable,364.029,22.762
2026-04-11 04:00,60,"PIC_UIO_MACARENA_UL/Cell:eNodeB Function Name=PIC_UIO_MACARENA_L, Local Cell ID=9, Cell Name=PIC_UIO_MACARENA_L7_9, eNodeB ID=44226, Cell FDD TDD indication=CELL_FDD",Reliable,1730.994,129.449
2026-04-11 04:00,60,"PIC_UIO_MACARENA_UL/Cell:eNodeB Function Name=PIC_UIO_MACARENA_L, Local Cell ID=8, Cell Name=PIC_UIO_MACARENA_L7_8, eNodeB ID=44226, Cell FDD TDD indication=CELL_FDD",Reliable,178.726,18.519
2026-04-11 04:00,60,"PIC_UIO_MACARENA_UL/Cell:eNodeB Function Name=PIC_UIO_MACARENA_L, Local Cell ID=7, Cell Name=PIC_UIO_MACARENA_L7_7, eNodeB ID=44226, Cell FDD TDD indication=CELL_FDD",Reliable,313.886,22.005
2026-04-11 04:00,60,"SUC_LAG_LAGO_SALIDA_UL/Cell:eNodeB Function Name=SUC_LAG_LAGO_SALIDA_L, Local Cell ID=9, Cell Name=SUC_LAG_LAGO_SALIDA_L7_9, eNodeB ID=43640, Cell FDD TDD indication=CELL_FDD",Reliable,1462.628,56.229
2026-04-11 04:00,60,"SUC_LAG_LAGO_SALIDA_UL/Cell:eNodeB Function Name=SUC_LAG_LAGO_SALIDA_L, Local Cell ID=8, Cell Name=SUC_LAG_LAGO_SALIDA_L7_8, eNodeB ID=43640, Cell FDD TDD indication=CELL_FDD",Reliable,280.374,21.668
2026-04-11 04:00,60,"SUC_LAG_LAGO_SALIDA_UL/Cell:eNodeB Function Name=SUC_LAG_LAGO_SALIDA_L, Local Cell ID=7, Cell Name=SUC_LAG_LAGO_SALIDA_L7_7, eNodeB ID=43640, Cell FDD TDD indication=CELL_FDD",Reliable,702.684,148.517
2026-04-11 04:00,60,"SUC_LAG_SANTA_CECILIA_UL/Cell:eNodeB Function Name=SUC_LAG_SANTA_CECILIA_L, Local Cell ID=9, Cell Name=SUC_LAG_SANTA_CECILIA_L7_9, eNodeB ID=44827, Cell FDD TDD indication=CELL_FDD",Reliable,206.616,18.631
2026-04-11 04:00,60,"SUC_LAG_SANTA_CECILIA_UL/Cell:eNodeB Function Name=SUC_LAG_SANTA_CECILIA_L, Local Cell ID=8, Cell Name=SUC_LAG_SANTA_CECILIA_L7_8, eNodeB ID=44827, Cell FDD TDD indication=CELL_FDD",Reliable,663.633,34.526
2026-04-11 04:00,60,"SUC_LAG_SANTA_CECILIA_UL/Cell:eNodeB Function Name=SUC_LAG_SANTA_CECILIA_L, Local Cell ID=7, Cell Name=SUC_LAG_SANTA_CECILIA_L7_7, eNodeB ID=44827, Cell FDD TDD indication=CELL_FDD",Reliable,510.684,58.768
2026-04-11 04:00,60,"PIC_UIO_109_UL (PARQUE_SUECIA)/Cell:eNodeB Function Name=PIC_UIO_PARQUE_SUECIA_L, Local Cell ID=7, Cell Name=PIC_UIO_PARQUE_SUECIA_APT_7, eNodeB ID=43552, Cell FDD TDD indication=CELL_FDD",Reliable,20.957,3.282
2026-04-11 04:00,60,"PIC_UIO_109_UL (PARQUE_SUECIA)/Cell:eNodeB Function Name=PIC_UIO_PARQUE_SUECIA_L, Local Cell ID=8, Cell Name=PIC_UIO_PARQUE_SUECIA_APT_8, eNodeB ID=43552, Cell FDD TDD indication=CELL_FDD",Reliable,221.964,15.413
2026-04-11 04:00,60,"COT_SIG_SIMAHURCO_UL/Cell:eNodeB Function Name=COT_SIG_SIMAHURCO_L, Local Cell ID=9, Cell Name=COT_SIG_SIMAHURCO_L7_9, eNodeB ID=44699, Cell FDD TDD indication=CELL_FDD",Reliable,2530.767,149.945
2026-04-11 04:00,60,"COT_SIG_SIMAHURCO_UL/Cell:eNodeB Function Name=COT_SIG_SIMAHURCO_L, Local Cell ID=8, Cell Name=COT_SIG_SIMAHURCO_L7_8, eNodeB ID=44699, Cell FDD TDD indication=CELL_FDD",Reliable,213.389,25.073
2026-04-11 04:00,60,"COT_SIG_SIMAHURCO_UL/Cell:eNodeB Function Name=COT_SIG_SIMAHURCO_L, Local Cell ID=7, Cell Name=COT_SIG_SIMAHURCO_L7_7, eNodeB ID=44699, Cell FDD TDD indication=CELL_FDD",Reliable,1895.95,110.052
2026-04-11 04:00,60,"ORE_JOY_ENOKANQUI_UL/Cell:eNodeB Function Name=ORE_JOY_ENOKANQUI_L, Local Cell ID=9, Cell Name=ORE_JOY_ENOKANQUI_L7_9, eNodeB ID=44865, Cell FDD TDD indication=CELL_FDD",Reliable,204.509,40.882
2026-04-11 04:00,60,"ORE_JOY_ENOKANQUI_UL/Cell:eNodeB Function Name=ORE_JOY_ENOKANQUI_L, Local Cell ID=8, Cell Name=ORE_JOY_ENOKANQUI_L7_8, eNodeB ID=44865, Cell FDD TDD indication=CELL_FDD",Reliable,529.356,71.823
2026-04-11 04:00,60,"ORE_JOY_ENOKANQUI_UL/Cell:eNodeB Function Name=ORE_JOY_ENOKANQUI_L, Local Cell ID=7, Cell Name=ORE_JOY_ENOKANQUI_L7_7, eNodeB ID=44865, Cell FDD TDD indication=CELL_FDD",Reliable,252.309,52.269
2026-04-11 04:00,60,"CAR_TUL_TANQUES_DE_AGUA_UL/Cell:eNodeB Function Name=CAR_TUL_TANQUES_DE_AGUA_L, Local Cell ID=7, Cell Name=CAR_TUL_TANQUES_DE_AGUA_APT_7, eNodeB ID=44838, Cell FDD TDD indication=CELL_FDD",Reliable,232.922,46.037
2026-04-11 04:00,60,"CAR_TUL_TANQUES_DE_AGUA_UL/Cell:eNodeB Function Name=CAR_TUL_TANQUES_DE_AGUA_L, Local Cell ID=8, Cell Name=CAR_TUL_TANQUES_DE_AGUA_APT_8, eNodeB ID=44838, Cell FDD TDD indication=CELL_FDD",Reliable,594.658,62.312
2026-04-11 04:00,60,"CAR_TUL_TANQUES_DE_AGUA_UL/Cell:eNodeB Function Name=CAR_TUL_TANQUES_DE_AGUA_L, Local Cell ID=9, Cell Name=CAR_TUL_TANQUES_DE_AGUA_APT_9, eNodeB ID=44838, Cell FDD TDD indication=CELL_FDD",Reliable,974.977,76.546
2026-04-11 04:00,60,"PIC_UIO_MIRALOMA_EL_INCA_UL/Cell:eNodeB Function Name=PIC_UIO_MIRALOMA_EL_INCA_L, Local Cell ID=8, Cell Name=PIC_UIO_MIRALOMA_EL_INCA_L7_8, eNodeB ID=44356, Cell FDD TDD indication=CELL_FDD",Reliable,476.537,127.768
2026-04-11 04:00,60,"PIC_UIO_MIRALOMA_EL_INCA_UL/Cell:eNodeB Function Name=PIC_UIO_MIRALOMA_EL_INCA_L, Local Cell ID=7, Cell Name=PIC_UIO_MIRALOMA_EL_INCA_L7_7, eNodeB ID=44356, Cell FDD TDD indication=CELL_FDD",Reliable,392.648,44.169
2026-04-11 04:00,60,"PI_UIO_CIPRESES_UL/Cell:eNodeB Function Name=PI_UIO_CIPRESESL21, Local Cell ID=1, Cell Name=PI_UIO_CIPRESES_1, eNodeB ID=44100, Cell FDD TDD indication=CELL_FDD",Reliable,3.798,1.874
2026-04-11 04:00,60,"PI_UIO_CIPRESES_UL/Cell:eNodeB Function Name=PI_UIO_CIPRESESL21, Local Cell ID=2, Cell Name=PI_UIO_CIPRESES_2, eNodeB ID=44100, Cell FDD TDD indication=CELL_FDD",Reliable,0.94,0.501
2026-04-11 04:00,60,"PIC_UIO_LOS_CABILDOS_ULN/Cell:eNodeB Function Name=PI_UIO_LOS_CABILDOSL21, Local Cell ID=1, Cell Name=PI_UIO_LOS_CABILDOS_1, eNodeB ID=44152, Cell FDD TDD indication=CELL_FDD",Reliable,26.433,7.26
2026-04-11 04:00,60,"PIC_UIO_LOS_CABILDOS_ULN/Cell:eNodeB Function Name=PI_UIO_LOS_CABILDOSL21, Local Cell ID=2, Cell Name=PI_UIO_LOS_CABILDOS_2, eNodeB ID=44152, Cell FDD TDD indication=CELL_FDD",Reliable,7.204,3.624
2026-04-11 04:00,60,"PI_UIO_LOS_TUNELES_UL/Cell:eNodeB Function Name=PI_UIO_LOS_TUNELESL21, Local Cell ID=1, Cell Name=PI_UIO_LOS_TUNELES_1, eNodeB ID=44153, Cell FDD TDD indication=CELL_FDD",Reliable,7.896,3.097
2026-04-11 04:00,60,"PI_UIO_LOS_TUNELES_UL/Cell:eNodeB Function Name=PI_UIO_LOS_TUNELESL21, Local Cell ID=2, Cell Name=PI_UIO_LOS_TUNELES_2, eNodeB ID=44153, Cell FDD TDD indication=CELL_FDD",Reliable,18.754,6.451
2026-04-11 04:00,60,"TU_AMB_COL_TEC_GUAYAQUIL_UL/Cell:eNodeB Function Name=TU_AMB_COL_TEC_GUAYAQUIL_L, Local Cell ID=3, Cell Name=TU_AMB_COL_TEC_GUAYAQUIL_3, eNodeB ID=44469, Cell FDD TDD indication=CELL_FDD",Reliable,1.191,0.592
2026-04-11 04:00,60,"TU_AMB_COL_TEC_GUAYAQUIL_UL/Cell:eNodeB Function Name=TU_AMB_COL_TEC_GUAYAQUIL_L, Local Cell ID=2, Cell Name=TU_AMB_COL_TEC_GUAYAQUIL_2, eNodeB ID=44469, Cell FDD TDD indication=CELL_FDD",Reliable,77.738,18.659
2026-04-11 04:00,60,"TU_AMB_COL_TEC_GUAYAQUIL_UL/Cell:eNodeB Function Name=TU_AMB_COL_TEC_GUAYAQUIL_L, Local Cell ID=1, Cell Name=TU_AMB_COL_TEC_GUAYAQUIL_1, eNodeB ID=44469, Cell FDD TDD indication=CELL_FDD",Reliable,29.378,6.526
2026-04-11 04:00,60,"AZU_CUE_HUAYNA_CAPAC_UL/Cell:eNodeB Function Name=AZU_CUE_HUAYNA_CAPAC_L, Local Cell ID=3, Cell Name=AZU_CUE_HUAYNA_CAPAC_L21_3, eNodeB ID=22149, Cell FDD TDD indication=CELL_FDD",Reliable,61.984,5.635
2026-04-11 04:00,60,"AZU_CUE_HUAYNA_CAPAC_UL/Cell:eNodeB Function Name=AZU_CUE_HUAYNA_CAPAC_L, Local Cell ID=2, Cell Name=AZU_CUE_HUAYNA_CAPAC_L21_2, eNodeB ID=22149, Cell FDD TDD indication=CELL_FDD",Reliable,280.974,70.482
2026-04-11 04:00,60,"AZU_CUE_HUAYNA_CAPAC_UL/Cell:eNodeB Function Name=AZU_CUE_HUAYNA_CAPAC_L, Local Cell ID=1, Cell Name=AZU_CUE_HUAYNA_CAPAC_L21_1, eNodeB ID=22149, Cell FDD TDD indication=CELL_FDD",Reliable,450.049,27.002
2026-04-11 04:00,60,"AZU_CUE_LA_SALLE_UL/Cell:eNodeB Function Name=AZU_CUE_LA_SALLE_L, Local Cell ID=9, Cell Name=AZU_CUE_LA_SALLE_L7_9, eNodeB ID=22168, Cell FDD TDD indication=CELL_FDD",Reliable,771.729,30.903
2026-04-11 04:00,60,"AZU_CUE_LA_SALLE_UL/Cell:eNodeB Function Name=AZU_CUE_LA_SALLE_L, Local Cell ID=8, Cell Name=AZU_CUE_LA_SALLE_L7_8, eNodeB ID=22168, Cell FDD TDD indication=CELL_FDD",Reliable,8.374,2.261
2026-04-11 04:00,60,"AZU_CUE_LA_SALLE_UL/Cell:eNodeB Function Name=AZU_CUE_LA_SALLE_L, Local Cell ID=7, Cell Name=AZU_CUE_LA_SALLE_L7_7, eNodeB ID=22168, Cell FDD TDD indication=CELL_FDD",Reliable,132.184,18.312
2026-04-11 04:00,60,"AZU_CUE_SOLCA_UL/Cell:eNodeB Function Name=AZU_CUE_SOLCA_L, Local Cell ID=9, Cell Name=AZU_CUE_SOLCA_L7_9, eNodeB ID=22131, Cell FDD TDD indication=CELL_FDD",Reliable,22.151,10.165
2026-04-11 04:00,60,"AZU_CUE_SOLCA_UL/Cell:eNodeB Function Name=AZU_CUE_SOLCA_L, Local Cell ID=8, Cell Name=AZU_CUE_SOLCA_L7_8, eNodeB ID=22131, Cell FDD TDD indication=CELL_FDD",Reliable,133.536,13.241
2026-04-11 04:00,60,"AZU_CUE_SOLCA_UL/Cell:eNodeB Function Name=AZU_CUE_SOLCA_L, Local Cell ID=7, Cell Name=AZU_CUE_SOLCA_L7_7, eNodeB ID=22131, Cell FDD TDD indication=CELL_FDD",Reliable,615.627,28.968
2026-04-11 04:00,60,"NAP_BAE_CUYUJA_UL/Cell:eNodeB Function Name=NAP_BAE_CUYUJA_L, Local Cell ID=8, Cell Name=NAP_BAE_CUYUJA_L7_8, eNodeB ID=44899, Cell FDD TDD indication=CELL_FDD",Reliable,45.517,16.259
2026-04-11 04:00,60,"NAP_BAE_CUYUJA_UL/Cell:eNodeB Function Name=NAP_BAE_CUYUJA_L, Local Cell ID=7, Cell Name=NAP_BAE_CUYUJA_L7_7, eNodeB ID=44899, Cell FDD TDD indication=CELL_FDD",Reliable,444.629,34.959
2026-04-11 04:00,60,"AZU_CUE_FATIMA_UL/Cell:eNodeB Function Name=AZU_CUE_FATIMA_L, Local Cell ID=3, Cell Name=AZU_CUE_FATIMA_L21_3, eNodeB ID=22132, Cell FDD TDD indication=CELL_FDD",Reliable,6.325,3.185
2026-04-11 04:00,60,"AZU_CUE_FATIMA_UL/Cell:eNodeB Function Name=AZU_CUE_FATIMA_L, Local Cell ID=2, Cell Name=AZU_CUE_FATIMA_L21_2, eNodeB ID=22132, Cell FDD TDD indication=CELL_FDD",Reliable,5.507,0.617
2026-04-11 04:00,60,"AZU_CUE_FATIMA_UL/Cell:eNodeB Function Name=AZU_CUE_FATIMA_L, Local Cell ID=1, Cell Name=AZU_CUE_FATIMA_L21_1, eNodeB ID=22132, Cell FDD TDD indication=CELL_FDD",Reliable,0.831,0.933
2026-04-11 04:00,60,"AZU_CUE_ORDONEZ_UL/Cell:eNodeB Function Name=AZU_CUE_ORDONEZ_L, Local Cell ID=9, Cell Name=AZU_CUE_ORDONEZ_L7_9, eNodeB ID=22216, Cell FDD TDD indication=CELL_FDD",Reliable,3.962,5.824
2026-04-11 04:00,60,"AZU_CUE_ORDONEZ_UL/Cell:eNodeB Function Name=AZU_CUE_ORDONEZ_L, Local Cell ID=8, Cell Name=AZU_CUE_ORDONEZ_L7_8, eNodeB ID=22216, Cell FDD TDD indication=CELL_FDD",Reliable,36.103,12.281
2026-04-11 04:00,60,"AZU_CUE_ORDONEZ_UL/Cell:eNodeB Function Name=AZU_CUE_ORDONEZ_L, Local Cell ID=7, Cell Name=AZU_CUE_ORDONEZ_L7_7, eNodeB ID=22216, Cell FDD TDD indication=CELL_FDD",Reliable,627.98,32.687
2026-04-11 04:00,60,"AZU_CUE_BATAN_UL/Cell:eNodeB Function Name=AZU_CUE_BATAN_L, Local Cell ID=9, Cell Name=AZU_CUE_BATAN_L7_9, eNodeB ID=22140, Cell FDD TDD indication=CELL_FDD",Reliable,241.992,29.341
2026-04-11 04:00,60,"AZU_CUE_BATAN_UL/Cell:eNodeB Function Name=AZU_CUE_BATAN_L, Local Cell ID=8, Cell Name=AZU_CUE_BATAN_L7_8, eNodeB ID=22140, Cell FDD TDD indication=CELL_FDD",Reliable,93.492,11.006
2026-04-11 04:00,60,"AZU_CUE_BATAN_UL/Cell:eNodeB Function Name=AZU_CUE_BATAN_L, Local Cell ID=7, Cell Name=AZU_CUE_BATAN_L7_7, eNodeB ID=22140, Cell FDD TDD indication=CELL_FDD",Reliable,97.656,10.532
2026-04-11 04:00,60,"AZU_CUE_BATAN_UL/Cell:eNodeB Function Name=AZU_CUE_BATAN_L, Local Cell ID=3, Cell Name=AZU_CUE_BATAN_L21_3, eNodeB ID=22140, Cell FDD TDD indication=CELL_FDD",Reliable,69.621,10.026
2026-04-11 04:00,60,"AZU_CUE_BATAN_UL/Cell:eNodeB Function Name=AZU_CUE_BATAN_L, Local Cell ID=2, Cell Name=AZU_CUE_BATAN_L21_2, eNodeB ID=22140, Cell FDD TDD indication=CELL_FDD",Reliable,17.035,1.482
2026-04-11 04:00,60,"AZU_CUE_BATAN_UL/Cell:eNodeB Function Name=AZU_CUE_BATAN_L, Local Cell ID=1, Cell Name=AZU_CUE_BATAN_L21_1, eNodeB ID=22140, Cell FDD TDD indication=CELL_FDD",Reliable,449.631,14.404
2026-04-11 04:00,60,"AZU_CUE_REMIGIO_UL/Cell:eNodeB Function Name=AZU_CUE_REMIGIO_L, Local Cell ID=3, Cell Name=AZU_CUE_REMIGIO_L21_3, eNodeB ID=22141, Cell FDD TDD indication=CELL_FDD",Reliable,39.053,6.885
2026-04-11 04:00,60,"AZU_CUE_REMIGIO_UL/Cell:eNodeB Function Name=AZU_CUE_REMIGIO_L, Local Cell ID=2, Cell Name=AZU_CUE_REMIGIO_L21_2, eNodeB ID=22141, Cell FDD TDD indication=CELL_FDD",Reliable,667.594,32.262
2026-04-11 04:00,60,"AZU_CUE_REMIGIO_UL/Cell:eNodeB Function Name=AZU_CUE_REMIGIO_L, Local Cell ID=1, Cell Name=AZU_CUE_REMIGIO_L21_1, eNodeB ID=22141, Cell FDD TDD indication=CELL_FDD",Reliable,105.826,13.373
2026-04-11 04:00,60,"AZU_CUE_ORO_VERDE_UL/Cell:eNodeB Function Name=AZU_CUE_ORO_VERDE_L, Local Cell ID=9, Cell Name=AZU_CUE_ORO_VERDE_L7_9, eNodeB ID=22158, Cell FDD TDD indication=CELL_FDD",Reliable,74.492,6.093
2026-04-11 04:00,60,"AZU_CUE_ORO_VERDE_UL/Cell:eNodeB Function Name=AZU_CUE_ORO_VERDE_L, Local Cell ID=8, Cell Name=AZU_CUE_ORO_VERDE_L7_8, eNodeB ID=22158, Cell FDD TDD indication=CELL_FDD",Reliable,67.122,9.398
2026-04-11 04:00,60,"AZU_CUE_ORO_VERDE_UL/Cell:eNodeB Function Name=AZU_CUE_ORO_VERDE_L, Local Cell ID=7, Cell Name=AZU_CUE_ORO_VERDE_L7_7, eNodeB ID=22158, Cell FDD TDD indication=CELL_FDD",Reliable,30.336,3.193
2026-04-11 04:00,60,"AZU_CUE_ORO_VERDE_UL/Cell:eNodeB Function Name=AZU_CUE_ORO_VERDE_L, Local Cell ID=3, Cell Name=AZU_CUE_ORO_VERDE_L21_3, eNodeB ID=22158, Cell FDD TDD indication=CELL_FDD",Reliable,186.424,26.723
2026-04-11 04:00,60,"AZU_CUE_ORO_VERDE_UL/Cell:eNodeB Function Name=AZU_CUE_ORO_VERDE_L, Local Cell ID=2, Cell Name=AZU_CUE_ORO_VERDE_L21_2, eNodeB ID=22158, Cell FDD TDD indication=CELL_FDD",Reliable,204.133,15.726
2026-04-11 04:00,60,"AZU_CUE_ORO_VERDE_UL/Cell:eNodeB Function Name=AZU_CUE_ORO_VERDE_L, Local Cell ID=1, Cell Name=AZU_CUE_ORO_VERDE_L21_1, eNodeB ID=22158, Cell FDD TDD indication=CELL_FDD",Reliable,26.156,35.488
2026-04-11 04:00,60,"AZU_CUE_DEL_ARRIERO_UL/Cell:eNodeB Function Name=AZU_CUE_DEL_ARRIERO_L, Local Cell ID=9, Cell Name=AZU_CUE_DELARRIERO_L7_9, eNodeB ID=22219, Cell FDD TDD indication=CELL_FDD",Reliable,126.676,9.361
2026-04-11 04:00,60,"AZU_CUE_DEL_ARRIERO_UL/Cell:eNodeB Function Name=AZU_CUE_DEL_ARRIERO_L, Local Cell ID=8, Cell Name=AZU_CUE_DELARRIERO_L7_8, eNodeB ID=22219, Cell FDD TDD indication=CELL_FDD",Reliable,47.073,8.298
2026-04-11 04:00,60,"AZU_CUE_DEL_ARRIERO_UL/Cell:eNodeB Function Name=AZU_CUE_DEL_ARRIERO_L, Local Cell ID=7, Cell Name=AZU_CUE_DELARRIERO_L7_7, eNodeB ID=22219, Cell FDD TDD indication=CELL_FDD",Reliable,777.856,60.241
2026-04-11 04:00,60,"AZU_CUE_DON_BOSCO_UL/Cell:eNodeB Function Name=AZU_CUE_DON_BOSCO_L, Local Cell ID=9, Cell Name=AZU_CUE_DON_BOSCO_L7_9, eNodeB ID=22174, Cell FDD TDD indication=CELL_FDD",Reliable,119.511,3.787
2026-04-11 04:00,60,"AZU_CUE_DON_BOSCO_UL/Cell:eNodeB Function Name=AZU_CUE_DON_BOSCO_L, Local Cell ID=8, Cell Name=AZU_CUE_DON_BOSCO_L7_8, eNodeB ID=22174, Cell FDD TDD indication=CELL_FDD",Reliable,7.951,1.959
2026-04-11 04:00,60,"AZU_CUE_DON_BOSCO_UL/Cell:eNodeB Function Name=AZU_CUE_DON_BOSCO_L, Local Cell ID=7, Cell Name=AZU_CUE_DON_BOSCO_L7_7, eNodeB ID=22174, Cell FDD TDD indication=CELL_FDD",Reliable,10.622,2.574
2026-04-11 04:00,60,"AZU_CUE_DON_BOSCO_UL/Cell:eNodeB Function Name=AZU_CUE_DON_BOSCO_L, Local Cell ID=3, Cell Name=AZU_CUE_DON_BOSCO_L21_3, eNodeB ID=22174, Cell FDD TDD indication=CELL_FDD",Reliable,9.872,3.354
2026-04-11 04:00,60,"AZU_CUE_DON_BOSCO_UL/Cell:eNodeB Function Name=AZU_CUE_DON_BOSCO_L, Local Cell ID=2, Cell Name=AZU_CUE_DON_BOSCO_L21_2, eNodeB ID=22174, Cell FDD TDD indication=CELL_FDD",Reliable,12.063,6.181
2026-04-11 04:00,60,"AZU_CUE_DON_BOSCO_UL/Cell:eNodeB Function Name=AZU_CUE_DON_BOSCO_L, Local Cell ID=1, Cell Name=AZU_CUE_DON_BOSCO_L21_1, eNodeB ID=22174, Cell FDD TDD indication=CELL_FDD",Reliable,115.735,12.625
2026-04-11 04:00,60,"AZU_CUE_LA_VICTORIA_UL/Cell:eNodeB Function Name=AZU_CUE_LA_VICTORIA_L, Local Cell ID=9, Cell Name=AZU_CUE_LA_VICTORIA_L7_9, eNodeB ID=22229, Cell FDD TDD indication=CELL_FDD",Reliable,3.285,0.733
2026-04-11 04:00,60,"AZU_CUE_LA_VICTORIA_UL/Cell:eNodeB Function Name=AZU_CUE_LA_VICTORIA_L, Local Cell ID=8, Cell Name=AZU_CUE_LA_VICTORIA_L7_8, eNodeB ID=22229, Cell FDD TDD indication=CELL_FDD",Reliable,14082.716,223.307
2026-04-11 04:00,60,"AZU_CUE_LA_VICTORIA_UL/Cell:eNodeB Function Name=AZU_CUE_LA_VICTORIA_L, Local Cell ID=7, Cell Name=AZU_CUE_LA_VICTORIA_L7_7, eNodeB ID=22229, Cell FDD TDD indication=CELL_FDD",Reliable,1.182,0.347
2026-04-11 04:00,60,"AZU_CUE_MISICATA_UL/Cell:eNodeB Function Name=AZU_CUE_MISICATA_L, Local Cell ID=9, Cell Name=AZU_CUE_MISICATA_L7_9, eNodeB ID=22227, Cell FDD TDD indication=CELL_FDD",Reliable,65.387,6.654
2026-04-11 04:00,60,"AZU_CUE_MISICATA_UL/Cell:eNodeB Function Name=AZU_CUE_MISICATA_L, Local Cell ID=8, Cell Name=AZU_CUE_MISICATA_L7_8, eNodeB ID=22227, Cell FDD TDD indication=CELL_FDD",Reliable,0.26,0.336
2026-04-11 04:00,60,"AZU_CUE_MISICATA_UL/Cell:eNodeB Function Name=AZU_CUE_MISICATA_L, Local Cell ID=7, Cell Name=AZU_CUE_MISICATA_L7_7, eNodeB ID=22227, Cell FDD TDD indication=CELL_FDD",Reliable,32.473,3.864
2026-04-11 04:00,60,"AZU_CUE_YANUNCAY_UL/Cell:eNodeB Function Name=AZU_CUE_YANUNCAY_L, Local Cell ID=9, Cell Name=AZU_CUE_YANUNCAY_L7_9, eNodeB ID=22173, Cell FDD TDD indication=CELL_FDD",Reliable,123.052,6.473
2026-04-11 04:00,60,"AZU_CUE_YANUNCAY_UL/Cell:eNodeB Function Name=AZU_CUE_YANUNCAY_L, Local Cell ID=8, Cell Name=AZU_CUE_YANUNCAY_L7_8, eNodeB ID=22173, Cell FDD TDD indication=CELL_FDD",Reliable,45.583,6.443
2026-04-11 04:00,60,"AZU_CUE_YANUNCAY_UL/Cell:eNodeB Function Name=AZU_CUE_YANUNCAY_L, Local Cell ID=7, Cell Name=AZU_CUE_YANUNCAY_L7_7, eNodeB ID=22173, Cell FDD TDD indication=CELL_FDD",Reliable,526.058,40.845
2026-04-11 04:00,60,"AZU_CUE_NARANCAY_UL/Cell:eNodeB Function Name=AZU_CUE_NARANCAY_L, Local Cell ID=9, Cell Name=AZU_CUE_NARANCAY_L7_9, eNodeB ID=22565, Cell FDD TDD indication=CELL_FDD",Reliable,3.129,5.554
2026-04-11 04:00,60,"AZU_CUE_NARANCAY_UL/Cell:eNodeB Function Name=AZU_CUE_NARANCAY_L, Local Cell ID=8, Cell Name=AZU_CUE_NARANCAY_L7_8, eNodeB ID=22565, Cell FDD TDD indication=CELL_FDD",Reliable,324.922,32.972
2026-04-11 04:00,60,"AZU_CUE_NARANCAY_UL/Cell:eNodeB Function Name=AZU_CUE_NARANCAY_L, Local Cell ID=7, Cell Name=AZU_CUE_NARANCAY_L7_7, eNodeB ID=22565, Cell FDD TDD indication=CELL_FDD",Reliable,568.4,30.199
2026-04-11 04:00,60,"AZU_CUE_RIO_SOL_UL/Cell:eNodeB Function Name=AZU_CUE_RIO_SOL_L, Local Cell ID=9, Cell Name=AZU_CUE_RIO_SOL_L7_9, eNodeB ID=22152, Cell FDD TDD indication=CELL_FDD",Reliable,18.488,3.6
2026-04-11 04:00,60,"AZU_CUE_RIO_SOL_UL/Cell:eNodeB Function Name=AZU_CUE_RIO_SOL_L, Local Cell ID=8, Cell Name=AZU_CUE_RIO_SOL_L7_8, eNodeB ID=22152, Cell FDD TDD indication=CELL_FDD",Reliable,1069.12,52.815
2026-04-11 04:00,60,"AZU_CUE_RIO_SOL_UL/Cell:eNodeB Function Name=AZU_CUE_RIO_SOL_L, Local Cell ID=7, Cell Name=AZU_CUE_RIO_SOL_L7_7, eNodeB ID=22152, Cell FDD TDD indication=CELL_FDD",Reliable,108.622,13.608
2026-04-11 04:00,60,"AZU_CUE_PARQUE_INDUSTRIAL_UL/Cell:eNodeB Function Name=AZU_CUE_PARQUE_INDUSTRIAL_L, Local Cell ID=9, Cell Name=AZU_CUE_PARQUE_INDUSTRIAL_L7_9, eNodeB ID=22170, Cell FDD TDD indication=CELL_FDD",Reliable,47.078,3.357
2026-04-11 04:00,60,"AZU_CUE_PARQUE_INDUSTRIAL_UL/Cell:eNodeB Function Name=AZU_CUE_PARQUE_INDUSTRIAL_L, Local Cell ID=8, Cell Name=AZU_CUE_PARQUE_INDUSTRIAL_L7_8, eNodeB ID=22170, Cell FDD TDD indication=CELL_FDD",Reliable,29.371,4.166
2026-04-11 04:00,60,"AZU_CUE_PARQUE_INDUSTRIAL_UL/Cell:eNodeB Function Name=AZU_CUE_PARQUE_INDUSTRIAL_L, Local Cell ID=7, Cell Name=AZU_CUE_PARQUE_INDUSTRIAL_L7_7, eNodeB ID=22170, Cell FDD TDD indication=CELL_FDD",Reliable,58.552,10.197
2026-04-11 04:00,60,"AZU_CUE_PARQUE_INDUSTRIAL_UL/Cell:eNodeB Function Name=AZU_CUE_PARQUE_INDUSTRIAL_L, Local Cell ID=3, Cell Name=AZU_CUE_PARQUE_INDUSTRIAL_L21_3, eNodeB ID=22170, Cell FDD TDD indication=CELL_FDD",Reliable,1704.199,116.461
2026-04-11 04:00,60,"AZU_CUE_PARQUE_INDUSTRIAL_UL/Cell:eNodeB Function Name=AZU_CUE_PARQUE_INDUSTRIAL_L, Local Cell ID=2, Cell Name=AZU_CUE_PARQUE_INDUSTRIAL_L21_2, eNodeB ID=22170, Cell FDD TDD indication=CELL_FDD",Reliable,28.956,3.669
2026-04-11 04:00,60,"AZU_CUE_PARQUE_INDUSTRIAL_UL/Cell:eNodeB Function Name=AZU_CUE_PARQUE_INDUSTRIAL_L, Local Cell ID=1, Cell Name=AZU_CUE_PARQUE_INDUSTRIAL_L21_1, eNodeB ID=22170, Cell FDD TDD indication=CELL_FDD",Reliable,937.154,144.173
2026-04-11 04:00,60,"AZU_CUE_PATAMARCA_UL/Cell:eNodeB Function Name=AZU_CUE_PATAMARCA_L, Local Cell ID=9, Cell Name=AZU_CUE_PATAMARCA_L7_9, eNodeB ID=22147, Cell FDD TDD indication=CELL_FDD",Reliable,104.303,7.649
2026-04-11 04:00,60,"AZU_CUE_PATAMARCA_UL/Cell:eNodeB Function Name=AZU_CUE_PATAMARCA_L, Local Cell ID=8, Cell Name=AZU_CUE_PATAMARCA_L7_8, eNodeB ID=22147, Cell FDD TDD indication=CELL_FDD",Reliable,15.597,2.528
2026-04-11 04:00,60,"AZU_CUE_PATAMARCA_UL/Cell:eNodeB Function Name=AZU_CUE_PATAMARCA_L, Local Cell ID=7, Cell Name=AZU_CUE_PATAMARCA_L7_7, eNodeB ID=22147, Cell FDD TDD indication=CELL_FDD",Reliable,8.699,3.423
2026-04-11 04:00,60,"AZU_CUE_UNE_CUENCA_UL/Cell:eNodeB Function Name=AZU_CUE_UNE_CUENCA_L, Local Cell ID=9, Cell Name=AZU_CUE_UNECUENCA_L7_9, eNodeB ID=22218, Cell FDD TDD indication=CELL_FDD",Reliable,7.534,3.761
2026-04-11 04:00,60,"AZU_CUE_UNE_CUENCA_UL/Cell:eNodeB Function Name=AZU_CUE_UNE_CUENCA_L, Local Cell ID=8, Cell Name=AZU_CUE_UNECUENCA_L7_8, eNodeB ID=22218, Cell FDD TDD indication=CELL_FDD",Reliable,130.911,13.213
2026-04-11 04:00,60,"AZU_CUE_UNE_CUENCA_UL/Cell:eNodeB Function Name=AZU_CUE_UNE_CUENCA_L, Local Cell ID=7, Cell Name=AZU_CUE_UNECUENCA_L7_7, eNodeB ID=22218, Cell FDD TDD indication=CELL_FDD",Reliable,81.268,11.635
2026-04-11 04:00,60,"AZU_CUE_CHAULLABAMBA_UL/Cell:eNodeB Function Name=AZU_CUE_CHAULLABAMBA_L, Local Cell ID=9, Cell Name=AZU_CUE_CHAULLABAMBA_L7_9, eNodeB ID=22150, Cell FDD TDD indication=CELL_FDD",Reliable,405.195,22.489
2026-04-11 04:00,60,"AZU_CUE_CHAULLABAMBA_UL/Cell:eNodeB Function Name=AZU_CUE_CHAULLABAMBA_L, Local Cell ID=8, Cell Name=AZU_CUE_CHAULLABAMBA_L7_8, eNodeB ID=22150, Cell FDD TDD indication=CELL_FDD",Reliable,227.013,29.422
2026-04-11 04:00,60,"AZU_CUE_CHAULLABAMBA_UL/Cell:eNodeB Function Name=AZU_CUE_CHAULLABAMBA_L, Local Cell ID=7, Cell Name=AZU_CUE_CHAULLABAMBA_L7_7, eNodeB ID=22150, Cell FDD TDD indication=CELL_FDD",Reliable,95.012,4.879
2026-04-11 04:00,60,"AZU_CUE_CHAULLABAMBA_NORTE_UL/Cell:eNodeB Function Name=AZU_CUE_CHAULLABAMBA_NORTE_L, Local Cell ID=9, Cell Name=AZU_CUE_CHAULLABAMBA_NORTE_L7_9, eNodeB ID=22550, Cell FDD TDD indication=CELL_FDD",Reliable,334.826,12.922
2026-04-11 04:00,60,"AZU_CUE_CHAULLABAMBA_NORTE_UL/Cell:eNodeB Function Name=AZU_CUE_CHAULLABAMBA_NORTE_L, Local Cell ID=8, Cell Name=AZU_CUE_CHAULLABAMBA_NORTE_L7_8, eNodeB ID=22550, Cell FDD TDD indication=CELL_FDD",Reliable,417.217,33.236
2026-04-11 04:00,60,"AZU_CUE_CHAULLABAMBA_NORTE_UL/Cell:eNodeB Function Name=AZU_CUE_CHAULLABAMBA_NORTE_L, Local Cell ID=7, Cell Name=AZU_CUE_CHAULLABAMBA_NORTE_L7_7, eNodeB ID=22550, Cell FDD TDD indication=CELL_FDD",Reliable,165.331,9.22
2026-04-11 04:00,60,"AZU_CUE_RICACUENCA2_UL/Cell:eNodeB Function Name=AZU_CUE_RICACUENCA2_L, Local Cell ID=9, Cell Name=AZU_CUE_RICACUENCA2_L7_9, eNodeB ID=22211, Cell FDD TDD indication=CELL_FDD",Reliable,38.147,26.703
2026-04-11 04:00,60,"AZU_CUE_RICACUENCA2_UL/Cell:eNodeB Function Name=AZU_CUE_RICACUENCA2_L, Local Cell ID=8, Cell Name=AZU_CUE_RICACUENCA2_L7_8, eNodeB ID=22211, Cell FDD TDD indication=CELL_FDD",Reliable,40.869,6.737
2026-04-11 04:00,60,"AZU_CUE_RICACUENCA2_UL/Cell:eNodeB Function Name=AZU_CUE_RICACUENCA2_L, Local Cell ID=7, Cell Name=AZU_CUE_RICACUENCA2_L7_7, eNodeB ID=22211, Cell FDD TDD indication=CELL_FDD",Reliable,215.342,30.368
2026-04-11 04:00,60,"AZU_CUE_CHIQUINTAD_UL/Cell:eNodeB Function Name=AZU_CUE_CHIQUINTAD_L, Local Cell ID=9, Cell Name=AZU_CUE_CHIQUINTAD_L7_9, eNodeB ID=22547, Cell FDD TDD indication=CELL_FDD",Reliable,17.972,4.038
2026-04-11 04:00,60,"AZU_CUE_CHIQUINTAD_UL/Cell:eNodeB Function Name=AZU_CUE_CHIQUINTAD_L, Local Cell ID=8, Cell Name=AZU_CUE_CHIQUINTAD_L7_8, eNodeB ID=22547, Cell FDD TDD indication=CELL_FDD",Reliable,360.876,22.559
2026-04-11 04:00,60,"AZU_CUE_CHIQUINTAD_UL/Cell:eNodeB Function Name=AZU_CUE_CHIQUINTAD_L, Local Cell ID=7, Cell Name=AZU_CUE_CHIQUINTAD_L7_7, eNodeB ID=22547, Cell FDD TDD indication=CELL_FDD",Reliable,226.71,15.377
2026-04-11 04:00,60,"AZU_CUE_MAYANCELA_UL/Cell:eNodeB Function Name=AZU_CUE_MAYANCELA_L, Local Cell ID=9, Cell Name=AZU_CUE_MAYANCELA_L7_9, eNodeB ID=22558, Cell FDD TDD indication=CELL_FDD",Reliable,75.834,16.38
2026-04-11 04:00,60,"AZU_CUE_MAYANCELA_UL/Cell:eNodeB Function Name=AZU_CUE_MAYANCELA_L, Local Cell ID=8, Cell Name=AZU_CUE_MAYANCELA_L7_8, eNodeB ID=22558, Cell FDD TDD indication=CELL_FDD",Reliable,59.077,7.741
2026-04-11 04:00,60,"AZU_CUE_MAYANCELA_UL/Cell:eNodeB Function Name=AZU_CUE_MAYANCELA_L, Local Cell ID=7, Cell Name=AZU_CUE_MAYANCELA_L7_7, eNodeB ID=22558, Cell FDD TDD indication=CELL_FDD",Reliable,19.63,11.722
2026-04-11 04:00,60,"AZU_CUE_CAPULISPAMBA_UL/Cell:eNodeB Function Name=AZU_CUE_CAPULISPAMBA_L, Local Cell ID=9, Cell Name=AZU_CUE_CAPULISPAMBA_L7_9, eNodeB ID=22578, Cell FDD TDD indication=CELL_FDD",Reliable,393.067,41.105
2026-04-11 04:00,60,"AZU_CUE_CAPULISPAMBA_UL/Cell:eNodeB Function Name=AZU_CUE_CAPULISPAMBA_L, Local Cell ID=8, Cell Name=AZU_CUE_CAPULISPAMBA_L7_8, eNodeB ID=22578, Cell FDD TDD indication=CELL_FDD",Reliable,313.017,22.838
2026-04-11 04:00,60,"AZU_CUE_CAPULISPAMBA_UL/Cell:eNodeB Function Name=AZU_CUE_CAPULISPAMBA_L, Local Cell ID=7, Cell Name=AZU_CUE_CAPULISPAMBA_L7_7, eNodeB ID=22578, Cell FDD TDD indication=CELL_FDD",Reliable,33.522,4.423
2026-04-11 04:00,60,"ORO_MCH_ESTE_UL/Cell:eNodeB Function Name=ORO_MCH_ESTE_L, Local Cell ID=9, Cell Name=ORO_MCH_ESTE_L7_9, eNodeB ID=22051, Cell FDD TDD indication=CELL_FDD",Reliable,0.693,0.638
2026-04-11 04:00,60,"ORO_MCH_ESTE_UL/Cell:eNodeB Function Name=ORO_MCH_ESTE_L, Local Cell ID=8, Cell Name=ORO_MCH_ESTE_L7_8, eNodeB ID=22051, Cell FDD TDD indication=CELL_FDD",Reliable,220.789,4.925
2026-04-11 04:00,60,"ORO_MCH_ESTE_UL/Cell:eNodeB Function Name=ORO_MCH_ESTE_L, Local Cell ID=7, Cell Name=ORO_MCH_ESTE_L7_7, eNodeB ID=22051, Cell FDD TDD indication=CELL_FDD",Reliable,2.051,1.124
2026-04-11 04:00,60,"ORO_MCH_ESTE_UL/Cell:eNodeB Function Name=ORO_MCH_ESTE_L, Local Cell ID=3, Cell Name=ORO_MCH_ESTE_L21_3, eNodeB ID=22051, Cell FDD TDD indication=CELL_FDD",Reliable,0.189,0.083
2026-04-11 04:00,60,"ORO_MCH_ESTE_UL/Cell:eNodeB Function Name=ORO_MCH_ESTE_L, Local Cell ID=2, Cell Name=ORO_MCH_ESTE_L21_2, eNodeB ID=22051, Cell FDD TDD indication=CELL_FDD",Reliable,3.262,0.858
2026-04-11 04:00,60,"ORO_MCH_ESTE_UL/Cell:eNodeB Function Name=ORO_MCH_ESTE_L, Local Cell ID=1, Cell Name=ORO_MCH_ESTE_L21_1, eNodeB ID=22051, Cell FDD TDD indication=CELL_FDD",Reliable,1.593,1.037
2026-04-11 04:00,60,"ORO_MCH_SHOPPING_UL/Cell:eNodeB Function Name=ORO_MCH_SHOPPING_L, Local Cell ID=9, Cell Name=ORO_MCH_SHOPPING_L7_9, eNodeB ID=22052, Cell FDD TDD indication=CELL_FDD",Reliable,1.735,0.78
2026-04-11 04:00,60,"ORO_MCH_SHOPPING_UL/Cell:eNodeB Function Name=ORO_MCH_SHOPPING_L, Local Cell ID=8, Cell Name=ORO_MCH_SHOPPING_L7_8, eNodeB ID=22052, Cell FDD TDD indication=CELL_FDD",Reliable,2.568,4.49
2026-04-11 04:00,60,"ORO_MCH_SHOPPING_UL/Cell:eNodeB Function Name=ORO_MCH_SHOPPING_L, Local Cell ID=7, Cell Name=ORO_MCH_SHOPPING_L7_7, eNodeB ID=22052, Cell FDD TDD indication=CELL_FDD",Reliable,232.662,22.493
2026-04-11 04:00,60,"ORO_MCH_SHOPPING_UL/Cell:eNodeB Function Name=ORO_MCH_SHOPPING_L, Local Cell ID=3, Cell Name=ORO_MCH_SHOPPING_L21_3, eNodeB ID=22052, Cell FDD TDD indication=CELL_FDD",Reliable,4.94,2.757
2026-04-11 04:00,60,"ORO_MCH_SHOPPING_UL/Cell:eNodeB Function Name=ORO_MCH_SHOPPING_L, Local Cell ID=2, Cell Name=ORO_MCH_SHOPPING_L21_2, eNodeB ID=22052, Cell FDD TDD indication=CELL_FDD",Reliable,4.526,1.909
2026-04-11 04:00,60,"ORO_MCH_SHOPPING_UL/Cell:eNodeB Function Name=ORO_MCH_SHOPPING_L, Local Cell ID=1, Cell Name=ORO_MCH_SHOPPING_L21_1, eNodeB ID=22052, Cell FDD TDD indication=CELL_FDD",Reliable,94.893,5.095
2026-04-11 04:00,60,"ORO_MCH_BRISAS_UL/Cell:eNodeB Function Name=ORO_MCH_BRISAS_L, Local Cell ID=9, Cell Name=ORO_MCH_BRISAS_L7_9, eNodeB ID=22054, Cell FDD TDD indication=CELL_FDD",Reliable,3.708,0.684
2026-04-11 04:00,60,"ORO_MCH_BRISAS_UL/Cell:eNodeB Function Name=ORO_MCH_BRISAS_L, Local Cell ID=8, Cell Name=ORO_MCH_BRISAS_L7_8, eNodeB ID=22054, Cell FDD TDD indication=CELL_FDD",Reliable,3.649,1.362
2026-04-11 04:00,60,"ORO_MCH_BRISAS_UL/Cell:eNodeB Function Name=ORO_MCH_BRISAS_L, Local Cell ID=7, Cell Name=ORO_MCH_BRISAS_L7_7, eNodeB ID=22054, Cell FDD TDD indication=CELL_FDD",Reliable,0.002,0.004
2026-04-11 04:00,60,"ORO_MCH_BRISAS_UL/Cell:eNodeB Function Name=ORO_MCH_BRISAS_L, Local Cell ID=3, Cell Name=ORO_MCH_BRISAS_L21_3, eNodeB ID=22054, Cell FDD TDD indication=CELL_FDD",Reliable,65.871,8.381
2026-04-11 04:00,60,"ORO_MCH_BRISAS_UL/Cell:eNodeB Function Name=ORO_MCH_BRISAS_L, Local Cell ID=2, Cell Name=ORO_MCH_BRISAS_L21_2, eNodeB ID=22054, Cell FDD TDD indication=CELL_FDD",Reliable,2.387,1.806
2026-04-11 04:00,60,"ORO_MCH_BRISAS_UL/Cell:eNodeB Function Name=ORO_MCH_BRISAS_L, Local Cell ID=1, Cell Name=ORO_MCH_BRISAS_L21_1, eNodeB ID=22054, Cell FDD TDD indication=CELL_FDD",Reliable,38.642,9.344
2026-04-11 04:00,60,"ORO_MCH_URDESA_UL/Cell:eNodeB Function Name=ORO_MCH_URDESA_L, Local Cell ID=9, Cell Name=ORO_MCH_URDESA_L7_9, eNodeB ID=22055, Cell FDD TDD indication=CELL_FDD",Reliable,17.864,2.328
2026-04-11 04:00,60,"ORO_MCH_URDESA_UL/Cell:eNodeB Function Name=ORO_MCH_URDESA_L, Local Cell ID=8, Cell Name=ORO_MCH_URDESA_L7_8, eNodeB ID=22055, Cell FDD TDD indication=CELL_FDD",Reliable,0.027,0.083
2026-04-11 04:00,60,"ORO_MCH_URDESA_UL/Cell:eNodeB Function Name=ORO_MCH_URDESA_L, Local Cell ID=7, Cell Name=ORO_MCH_URDESA_L7_7, eNodeB ID=22055, Cell FDD TDD indication=CELL_FDD",Reliable,124.872,12.784
2026-04-11 04:00,60,"ORO_MCH_URDESA_UL/Cell:eNodeB Function Name=ORO_MCH_URDESA_L, Local Cell ID=3, Cell Name=ORO_MCH_URDESA_L21_3, eNodeB ID=22055, Cell FDD TDD indication=CELL_FDD",Reliable,175.362,9.695
2026-04-11 04:00,60,"ORO_MCH_URDESA_UL/Cell:eNodeB Function Name=ORO_MCH_URDESA_L, Local Cell ID=2, Cell Name=ORO_MCH_URDESA_L21_2, eNodeB ID=22055, Cell FDD TDD indication=CELL_FDD",Reliable,3.716,1.706
2026-04-11 04:00,60,"ORO_MCH_URDESA_UL/Cell:eNodeB Function Name=ORO_MCH_URDESA_L, Local Cell ID=1, Cell Name=ORO_MCH_URDESA_L21_1, eNodeB ID=22055, Cell FDD TDD indication=CELL_FDD",Reliable,54.998,7.056
2026-04-11 04:00,60,"ORO_MCH_NORTE_UL/Cell:eNodeB Function Name=ORO_MCH_NORTE_L, Local Cell ID=9, Cell Name=ORO_MCH_NORTE_L7_9, eNodeB ID=22056, Cell FDD TDD indication=CELL_FDD",Reliable,232.526,24.519
2026-04-11 04:00,60,"ORO_MCH_NORTE_UL/Cell:eNodeB Function Name=ORO_MCH_NORTE_L, Local Cell ID=8, Cell Name=ORO_MCH_NORTE_L7_8, eNodeB ID=22056, Cell FDD TDD indication=CELL_FDD",Reliable,0.733,0.193
2026-04-11 04:00,60,"ORO_MCH_NORTE_UL/Cell:eNodeB Function Name=ORO_MCH_NORTE_L, Local Cell ID=7, Cell Name=ORO_MCH_NORTE_L7_7, eNodeB ID=22056, Cell FDD TDD indication=CELL_FDD",Reliable,0.272,0.292
2026-04-11 04:00,60,"ORO_MCH_NORTE_UL/Cell:eNodeB Function Name=ORO_MCH_NORTE_L, Local Cell ID=3, Cell Name=ORO_MCH_NORTE_L21_3, eNodeB ID=22056, Cell FDD TDD indication=CELL_FDD",Reliable,98.142,13.41
2026-04-11 04:00,60,"ORO_MCH_NORTE_UL/Cell:eNodeB Function Name=ORO_MCH_NORTE_L, Local Cell ID=2, Cell Name=ORO_MCH_NORTE_L21_2, eNodeB ID=22056, Cell FDD TDD indication=CELL_FDD",Reliable,7.161,2.489
2026-04-11 04:00,60,"ORO_MCH_NORTE_UL/Cell:eNodeB Function Name=ORO_MCH_NORTE_L, Local Cell ID=1, Cell Name=ORO_MCH_NORTE_L21_1, eNodeB ID=22056, Cell FDD TDD indication=CELL_FDD",Reliable,87.659,10.951
2026-04-11 04:00,60,"ORO_MCH_NORESTE_UL/Cell:eNodeB Function Name=ORO_MCH_NORESTE_L, Local Cell ID=9, Cell Name=ORO_MCH_NORESTE_L7_9, eNodeB ID=22057, Cell FDD TDD indication=CELL_FDD",Reliable,4.741,1.092
2026-04-11 04:00,60,"ORO_MCH_NORESTE_UL/Cell:eNodeB Function Name=ORO_MCH_NORESTE_L, Local Cell ID=8, Cell Name=ORO_MCH_NORESTE_L7_8, eNodeB ID=22057, Cell FDD TDD indication=CELL_FDD",Reliable,2.316,1.722
2026-04-11 04:00,60,"ORO_MCH_NORESTE_UL/Cell:eNodeB Function Name=ORO_MCH_NORESTE_L, Local Cell ID=7, Cell Name=ORO_MCH_NORESTE_L7_7, eNodeB ID=22057, Cell FDD TDD indication=CELL_FDD",Reliable,60.379,27.961
2026-04-11 04:00,60,"ORO_MCH_NORESTE_UL/Cell:eNodeB Function Name=ORO_MCH_NORESTE_L, Local Cell ID=3, Cell Name=ORO_MCH_NORESTE_L21_3, eNodeB ID=22057, Cell FDD TDD indication=CELL_FDD",Reliable,0.448,0.387
2026-04-11 04:00,60,"ORO_MCH_NORESTE_UL/Cell:eNodeB Function Name=ORO_MCH_NORESTE_L, Local Cell ID=2, Cell Name=ORO_MCH_NORESTE_L21_2, eNodeB ID=22057, Cell FDD TDD indication=CELL_FDD",Reliable,213.953,19.55
2026-04-11 04:00,60,"ORO_MCH_NORESTE_UL/Cell:eNodeB Function Name=ORO_MCH_NORESTE_L, Local Cell ID=1, Cell Name=ORO_MCH_NORESTE_L21_1, eNodeB ID=22057, Cell FDD TDD indication=CELL_FDD",Reliable,6.64,6.586
2026-04-11 04:00,60,"ORO_MCH_MACHALA_UL/Cell:eNodeB Function Name=ORO_MCH_MACHALA_L, Local Cell ID=9, Cell Name=ORO_MCH_MACHALA_L7_9, eNodeB ID=22058, Cell FDD TDD indication=CELL_FDD",Reliable,192.194,14.512
2026-04-11 04:00,60,"ORO_MCH_MACHALA_UL/Cell:eNodeB Function Name=ORO_MCH_MACHALA_L, Local Cell ID=8, Cell Name=ORO_MCH_MACHALA_L7_8, eNodeB ID=22058, Cell FDD TDD indication=CELL_FDD",Reliable,3.154,1.055
2026-04-11 04:00,60,"ORO_MCH_MACHALA_UL/Cell:eNodeB Function Name=ORO_MCH_MACHALA_L, Local Cell ID=7, Cell Name=ORO_MCH_MACHALA_L7_7, eNodeB ID=22058, Cell FDD TDD indication=CELL_FDD",Reliable,6.293,1.297
2026-04-11 04:00,60,"ORO_MCH_MACHALA_UL/Cell:eNodeB Function Name=ORO_MCH_MACHALA_L, Local Cell ID=3, Cell Name=ORO_MCH_MACHALA_L21_3, eNodeB ID=22058, Cell FDD TDD indication=CELL_FDD",Reliable,3.524,1.707
2026-04-11 04:00,60,"ORO_MCH_MACHALA_UL/Cell:eNodeB Function Name=ORO_MCH_MACHALA_L, Local Cell ID=2, Cell Name=ORO_MCH_MACHALA_L21_2, eNodeB ID=22058, Cell FDD TDD indication=CELL_FDD",Reliable,289.486,8.447
2026-04-11 04:00,60,"ORO_MCH_MACHALA_UL/Cell:eNodeB Function Name=ORO_MCH_MACHALA_L, Local Cell ID=1, Cell Name=ORO_MCH_MACHALA_L21_1, eNodeB ID=22058, Cell FDD TDD indication=CELL_FDD",Reliable,122.944,26.804
2026-04-11 04:00,60,"ORO_MCH_CENTRO_DOS_UL/Cell:eNodeB Function Name=ORO_MCH_CENTRO_DOS_L, Local Cell ID=9, Cell Name=ORO_MCH_CENTRO_DOS_L7_9, eNodeB ID=22059, Cell FDD TDD indication=CELL_FDD",Reliable,3.408,1.225
2026-04-11 04:00,60,"ORO_MCH_CENTRO_DOS_UL/Cell:eNodeB Function Name=ORO_MCH_CENTRO_DOS_L, Local Cell ID=8, Cell Name=ORO_MCH_CENTRO_DOS_L7_8, eNodeB ID=22059, Cell FDD TDD indication=CELL_FDD",Reliable,0.023,0.032
2026-04-11 04:00,60,"ORO_MCH_CENTRO_DOS_UL/Cell:eNodeB Function Name=ORO_MCH_CENTRO_DOS_L, Local Cell ID=7, Cell Name=ORO_MCH_CENTRO_DOS_L7_7, eNodeB ID=22059, Cell FDD TDD indication=CELL_FDD",Reliable,22.118,5.098
2026-04-11 04:00,60,"ORO_MCH_CENTRO_DOS_UL/Cell:eNodeB Function Name=ORO_MCH_CENTRO_DOS_L, Local Cell ID=3, Cell Name=ORO_MCH_CENTRO_DOS_L21_3, eNodeB ID=22059, Cell FDD TDD indication=CELL_FDD",Reliable,6.507,1.247
2026-04-11 04:00,60,"ORO_MCH_CENTRO_DOS_UL/Cell:eNodeB Function Name=ORO_MCH_CENTRO_DOS_L, Local Cell ID=2, Cell Name=ORO_MCH_CENTRO_DOS_L21_2, eNodeB ID=22059, Cell FDD TDD indication=CELL_FDD",Reliable,10.481,2.651
2026-04-11 04:00,60,"ORO_MCH_CENTRO_DOS_UL/Cell:eNodeB Function Name=ORO_MCH_CENTRO_DOS_L, Local Cell ID=1, Cell Name=ORO_MCH_CENTRO_DOS_L21_1, eNodeB ID=22059, Cell FDD TDD indication=CELL_FDD",Reliable,26.466,5.14
2026-04-11 04:00,60,"ORO_MCH_EL_CAMBIO_UL/Cell:eNodeB Function Name=ORO_MCH_EL_CAMBIO_L, Local Cell ID=9, Cell Name=ORO_MCH_EL_CAMBIO_L7_9, eNodeB ID=22060, Cell FDD TDD indication=CELL_FDD",Reliable,97.122,15.819
2026-04-11 04:00,60,"ORO_MCH_EL_CAMBIO_UL/Cell:eNodeB Function Name=ORO_MCH_EL_CAMBIO_L, Local Cell ID=8, Cell Name=ORO_MCH_EL_CAMBIO_L7_8, eNodeB ID=22060, Cell FDD TDD indication=CELL_FDD",Reliable,227.845,21.552
2026-04-11 04:00,60,"ORO_MCH_EL_CAMBIO_UL/Cell:eNodeB Function Name=ORO_MCH_EL_CAMBIO_L, Local Cell ID=7, Cell Name=ORO_MCH_EL_CAMBIO_L7_7, eNodeB ID=22060, Cell FDD TDD indication=CELL_FDD",Reliable,26.349,6.385
2026-04-11 04:00,60,"ORO_MCH_EL_CAMBIO_UL/Cell:eNodeB Function Name=ORO_MCH_EL_CAMBIO_L, Local Cell ID=3, Cell Name=ORO_MCH_EL_CAMBIO_L21_3, eNodeB ID=22060, Cell FDD TDD indication=CELL_FDD",Reliable,1894.806,96.827
2026-04-11 04:00,60,"ORO_MCH_EL_CAMBIO_UL/Cell:eNodeB Function Name=ORO_MCH_EL_CAMBIO_L, Local Cell ID=2, Cell Name=ORO_MCH_EL_CAMBIO_L21_2, eNodeB ID=22060, Cell FDD TDD indication=CELL_FDD",Reliable,18.482,4.801
2026-04-11 04:00,60,"ORO_MCH_EL_CAMBIO_UL/Cell:eNodeB Function Name=ORO_MCH_EL_CAMBIO_L, Local Cell ID=1, Cell Name=ORO_MCH_EL_CAMBIO_L21_1, eNodeB ID=22060, Cell FDD TDD indication=CELL_FDD",Reliable,7.234,2.478
2026-04-11 04:00,60,"ORO_MCH_AEROPUERTO_UL/Cell:eNodeB Function Name=ORO_MCH_AEROPUERTO_L, Local Cell ID=9, Cell Name=ORO_MCH_AEROPUERTO_L7_9, eNodeB ID=22061, Cell FDD TDD indication=CELL_FDD",Reliable,0.826,0.98
2026-04-11 04:00,60,"ORO_MCH_AEROPUERTO_UL/Cell:eNodeB Function Name=ORO_MCH_AEROPUERTO_L, Local Cell ID=8, Cell Name=ORO_MCH_AEROPUERTO_L7_8, eNodeB ID=22061, Cell FDD TDD indication=CELL_FDD",Reliable,23.7,2.95
2026-04-11 04:00,60,"ORO_MCH_AEROPUERTO_UL/Cell:eNodeB Function Name=ORO_MCH_AEROPUERTO_L, Local Cell ID=7, Cell Name=ORO_MCH_AEROPUERTO_L7_7, eNodeB ID=22061, Cell FDD TDD indication=CELL_FDD",Reliable,0,0
2026-04-11 04:00,60,"ORO_MCH_AEROPUERTO_UL/Cell:eNodeB Function Name=ORO_MCH_AEROPUERTO_L, Local Cell ID=3, Cell Name=ORO_MCH_AEROPUERTO_L21_3, eNodeB ID=22061, Cell FDD TDD indication=CELL_FDD",Reliable,34.487,8.503
2026-04-11 04:00,60,"ORO_MCH_AEROPUERTO_UL/Cell:eNodeB Function Name=ORO_MCH_AEROPUERTO_L, Local Cell ID=2, Cell Name=ORO_MCH_AEROPUERTO_L21_2, eNodeB ID=22061, Cell FDD TDD indication=CELL_FDD",Reliable,93.804,45.005
2026-04-11 04:00,60,"ORO_MCH_AEROPUERTO_UL/Cell:eNodeB Function Name=ORO_MCH_AEROPUERTO_L, Local Cell ID=1, Cell Name=ORO_MCH_AEROPUERTO_L21_1, eNodeB ID=22061, Cell FDD TDD indication=CELL_FDD",Reliable,80.39,10.259
2026-04-11 04:00,60,"ORO_MCH_ARIZAGA_UL/Cell:eNodeB Function Name=ORO_MCH_ARIZAGA_L, Local Cell ID=3, Cell Name=ORO_MCH_ARIZAGA_L21_3, eNodeB ID=22063, Cell FDD TDD indication=CELL_FDD",Reliable,347.183,25.034
2026-04-11 04:00,60,"ORO_MCH_ARIZAGA_UL/Cell:eNodeB Function Name=ORO_MCH_ARIZAGA_L, Local Cell ID=2, Cell Name=ORO_MCH_ARIZAGA_L21_2, eNodeB ID=22063, Cell FDD TDD indication=CELL_FDD",Reliable,177.788,12.156
2026-04-11 04:00,60,"ORO_MCH_ARIZAGA_UL/Cell:eNodeB Function Name=ORO_MCH_ARIZAGA_L, Local Cell ID=1, Cell Name=ORO_MCH_ARIZAGA_L21_1, eNodeB ID=22063, Cell FDD TDD indication=CELL_FDD",Reliable,74.652,6.437
2026-04-11 04:00,60,"ORO_MCH_OCTAVIA_UL/Cell:eNodeB Function Name=ORO_MCH_OCTAVIA_L, Local Cell ID=3, Cell Name=ORO_MCH_OCTAVIA_L21_3, eNodeB ID=22065, Cell FDD TDD indication=CELL_FDD",Reliable,20.599,3.61
2026-04-11 04:00,60,"ORO_MCH_OCTAVIA_UL/Cell:eNodeB Function Name=ORO_MCH_OCTAVIA_L, Local Cell ID=2, Cell Name=ORO_MCH_OCTAVIA_L21_2, eNodeB ID=22065, Cell FDD TDD indication=CELL_FDD",Reliable,6.061,2.481
2026-04-11 04:00,60,"ORO_MCH_OCTAVIA_UL/Cell:eNodeB Function Name=ORO_MCH_OCTAVIA_L, Local Cell ID=1, Cell Name=ORO_MCH_OCTAVIA_L21_1, eNodeB ID=22065, Cell FDD TDD indication=CELL_FDD",Reliable,0.785,0.556
2026-04-11 04:00,60,"ORO_MCH_PUERTO_BOLIVAR_UL/Cell:eNodeB Function Name=ORO_MCH_PUERTO_BOLIVAR_L, Local Cell ID=9, Cell Name=ORO_MCH_PUERTO_BOLIVAR_L7_9, eNodeB ID=22067, Cell FDD TDD indication=CELL_FDD",Reliable,0.02,0.028
2026-04-11 04:00,60,"ORO_MCH_PUERTO_BOLIVAR_UL/Cell:eNodeB Function Name=ORO_MCH_PUERTO_BOLIVAR_L, Local Cell ID=8, Cell Name=ORO_MCH_PUERTO_BOLIVAR_L7_8, eNodeB ID=22067, Cell FDD TDD indication=CELL_FDD",Reliable,168.865,23.096
2026-04-11 04:00,60,"ORO_MCH_PUERTO_BOLIVAR_UL/Cell:eNodeB Function Name=ORO_MCH_PUERTO_BOLIVAR_L, Local Cell ID=7, Cell Name=ORO_MCH_PUERTO_BOLIVAR_L7_7, eNodeB ID=22067, Cell FDD TDD indication=CELL_FDD",Reliable,0.023,0.075
2026-04-11 04:00,60,"ORO_MCH_PUERTO_BOLIVAR_UL/Cell:eNodeB Function Name=ORO_MCH_PUERTO_BOLIVAR_L, Local Cell ID=3, Cell Name=ORO_MCH_PUERTO_BOLIVAR_L21_3, eNodeB ID=22067, Cell FDD TDD indication=CELL_FDD",Reliable,202.563,16.732
2026-04-11 04:00,60,"ORO_MCH_PUERTO_BOLIVAR_UL/Cell:eNodeB Function Name=ORO_MCH_PUERTO_BOLIVAR_L, Local Cell ID=2, Cell Name=ORO_MCH_PUERTO_BOLIVAR_L21_2, eNodeB ID=22067, Cell FDD TDD indication=CELL_FDD",Reliable,489.603,96.082
2026-04-11 04:00,60,"ORO_MCH_PUERTO_BOLIVAR_UL/Cell:eNodeB Function Name=ORO_MCH_PUERTO_BOLIVAR_L, Local Cell ID=1, Cell Name=ORO_MCH_PUERTO_BOLIVAR_L21_1, eNodeB ID=22067, Cell FDD TDD indication=CELL_FDD",Reliable,18.023,8.734
2026-04-11 04:00,60,"ORO_MCH_LA_UNION_COLOMBIANA_UL/Cell:eNodeB Function Name=ORO_MCH_LA_UNION_COLOMBIANA_L, Local Cell ID=9, Cell Name=ORO_MCH_LA_UNION_COLOMBIANA_L7_9, eNodeB ID=22544, Cell FDD TDD indication=CELL_FDD",Reliable,95.836,9.815
2026-04-11 04:00,60,"ORO_MCH_LA_UNION_COLOMBIANA_UL/Cell:eNodeB Function Name=ORO_MCH_LA_UNION_COLOMBIANA_L, Local Cell ID=8, Cell Name=ORO_MCH_LA_UNION_COLOMBIANA_L7_8, eNodeB ID=22544, Cell FDD TDD indication=CELL_FDD",Reliable,9.856,1.026
2026-04-11 04:00,60,"ORO_MCH_LA_UNION_COLOMBIANA_UL/Cell:eNodeB Function Name=ORO_MCH_LA_UNION_COLOMBIANA_L, Local Cell ID=7, Cell Name=ORO_MCH_LA_UNION_COLOMBIANA_L7_7, eNodeB ID=22544, Cell FDD TDD indication=CELL_FDD",Reliable,14.152,0.92
2026-04-11 04:00,60,"ORO_PAS_LA_PEANA_UL/Cell:eNodeB Function Name=ORO_PAS_LA_PEANA_L, Local Cell ID=9, Cell Name=ORO_PAS_LA_PEANA_L7_9, eNodeB ID=22553, Cell FDD TDD indication=CELL_FDD",Reliable,143.468,23.053
2026-04-11 04:00,60,"ORO_PAS_LA_PEANA_UL/Cell:eNodeB Function Name=ORO_PAS_LA_PEANA_L, Local Cell ID=8, Cell Name=ORO_PAS_LA_PEANA_L7_8, eNodeB ID=22553, Cell FDD TDD indication=CELL_FDD",Reliable,125.013,10.371
2026-04-11 04:00,60,"ORO_PAS_LA_PEANA_UL/Cell:eNodeB Function Name=ORO_PAS_LA_PEANA_L, Local Cell ID=7, Cell Name=ORO_PAS_LA_PEANA_L7_7, eNodeB ID=22553, Cell FDD TDD indication=CELL_FDD",Reliable,174.482,17.678
2026-04-11 04:00,60,"ORO_MCH_CICOMACHALA_UL/Cell:eNodeB Function Name=ORO_MCH_CICOMCH_L, Local Cell ID=3, Cell Name=ORO_MCH_CICOMCH_L21_3, eNodeB ID=22311, Cell FDD TDD indication=CELL_FDD",Reliable,1519.674,13.476
2026-04-11 04:00,60,"ORO_MCH_CICOMACHALA_UL/Cell:eNodeB Function Name=ORO_MCH_CICOMCH_L, Local Cell ID=2, Cell Name=ORO_MCH_CICOMCH_L21_2, eNodeB ID=22311, Cell FDD TDD indication=CELL_FDD",Reliable,27.842,5.69
2026-04-11 04:00,60,"ORO_MCH_CICOMACHALA_UL/Cell:eNodeB Function Name=ORO_MCH_CICOMCH_L, Local Cell ID=1, Cell Name=ORO_MCH_CICOMCH_L21_1, eNodeB ID=22311, Cell FDD TDD indication=CELL_FDD",Reliable,79.747,8.424
2026-04-11 04:00,60,"ORO_MCH_ARAUJO_UL/Cell:eNodeB Function Name=ORO_MCH_ ARAUJO_L, Local Cell ID=3, Cell Name=ORO_MCH_ARAUJO_L21_3, eNodeB ID=22329, Cell FDD TDD indication=CELL_FDD",Reliable,2.437,0.532
2026-04-11 04:00,60,"ORO_MCH_ARAUJO_UL/Cell:eNodeB Function Name=ORO_MCH_ ARAUJO_L, Local Cell ID=2, Cell Name=ORO_MCH_ARAUJO_L21_2, eNodeB ID=22329, Cell FDD TDD indication=CELL_FDD",Reliable,206.752,25.159
2026-04-11 04:00,60,"ORO_MCH_ARAUJO_UL/Cell:eNodeB Function Name=ORO_MCH_ ARAUJO_L, Local Cell ID=1, Cell Name=ORO_MCH_ARAUJO_L21_1, eNodeB ID=22329, Cell FDD TDD indication=CELL_FDD",Reliable,153.158,13.084
2026-04-11 04:00,60,"ORO_MCH_JUAN_MONTALVO_UL/Cell:eNodeB Function Name=ORO_MCH_ JUAN_MONTALVO_L, Local Cell ID=3, Cell Name=ORO_MCH_ JUAN_MONTALVO_L21_3, eNodeB ID=22330, Cell FDD TDD indication=CELL_FDD",Reliable,3.799,0.724
2026-04-11 04:00,60,"ORO_MCH_JUAN_MONTALVO_UL/Cell:eNodeB Function Name=ORO_MCH_ JUAN_MONTALVO_L, Local Cell ID=2, Cell Name=ORO_MCH_ JUAN_MONTALVO_L21_2, eNodeB ID=22330, Cell FDD TDD indication=CELL_FDD",Reliable,116.201,6.778
2026-04-11 04:00,60,"ORO_MCH_JUAN_MONTALVO_UL/Cell:eNodeB Function Name=ORO_MCH_ JUAN_MONTALVO_L, Local Cell ID=1, Cell Name=ORO_MCH_ JUAN_MONTALVO_L21_1, eNodeB ID=22330, Cell FDD TDD indication=CELL_FDD",Reliable,0.088,0.041
2026-04-11 04:00,60,"ORO_MCH_ PALMERAS_UL/Cell:eNodeB Function Name=ORO_MCH_ PALMERAS_L, Local Cell ID=3, Cell Name=ORO_MCH_PALMERAS_L21_3, eNodeB ID=22331, Cell FDD TDD indication=CELL_FDD",Reliable,4.295,2.317
2026-04-11 04:00,60,"ORO_MCH_ PALMERAS_UL/Cell:eNodeB Function Name=ORO_MCH_ PALMERAS_L, Local Cell ID=2, Cell Name=ORO_MCH_PALMERAS_L21_2, eNodeB ID=22331, Cell FDD TDD indication=CELL_FDD",Reliable,58.887,9.464
2026-04-11 04:00,60,"ORO_MCH_ PALMERAS_UL/Cell:eNodeB Function Name=ORO_MCH_ PALMERAS_L, Local Cell ID=1, Cell Name=ORO_MCH_PALMERAS_L21_1, eNodeB ID=22331, Cell FDD TDD indication=CELL_FDD",Reliable,75.634,7.928
2026-04-11 04:00,60,"ORO_IBE_IBERIA_UL/Cell:eNodeB Function Name=ORO_IBE_IBERIA_L, Local Cell ID=9, Cell Name=ORO_IBE_IBERIA_L7_9, eNodeB ID=22549, Cell FDD TDD indication=CELL_FDD",Reliable,0.499,0.496
2026-04-11 04:00,60,"ORO_IBE_IBERIA_UL/Cell:eNodeB Function Name=ORO_IBE_IBERIA_L, Local Cell ID=8, Cell Name=ORO_IBE_IBERIA_L7_8, eNodeB ID=22549, Cell FDD TDD indication=CELL_FDD",Reliable,0.233,0.173
2026-04-11 04:00,60,"ORO_IBE_IBERIA_UL/Cell:eNodeB Function Name=ORO_IBE_IBERIA_L, Local Cell ID=7, Cell Name=ORO_IBE_IBERIA_L7_7, eNodeB ID=22549, Cell FDD TDD indication=CELL_FDD",Reliable,104.741,13.389
2026-04-11 04:00,60,"ORO_MCH_VIA_BALOSA_UL/Cell:eNodeB Function Name=ORO_MCH_VIA_BALOSA_L, Local Cell ID=9, Cell Name=ORO_MCH_VIA_BALOSA_L7_9, eNodeB ID=22577, Cell FDD TDD indication=CELL_FDD",Reliable,22.2,5.017
2026-04-11 04:00,60,"ORO_MCH_VIA_BALOSA_UL/Cell:eNodeB Function Name=ORO_MCH_VIA_BALOSA_L, Local Cell ID=8, Cell Name=ORO_MCH_VIA_BALOSA_L7_8, eNodeB ID=22577, Cell FDD TDD indication=CELL_FDD",Reliable,57.091,5.671
2026-04-11 04:00,60,"ORO_MCH_VIA_BALOSA_UL/Cell:eNodeB Function Name=ORO_MCH_VIA_BALOSA_L, Local Cell ID=7, Cell Name=ORO_MCH_VIA_BALOSA_L7_7, eNodeB ID=22577, Cell FDD TDD indication=CELL_FDD",Reliable,16.113,1.648
2026-04-11 04:00,60,"AZU_CUE_TARQUI_UL/Cell:eNodeB Function Name=AZU_CUE_TARQUI_L, Local Cell ID=9, Cell Name=AZU_CUE_TARQUI_L7_9, eNodeB ID=22129, Cell FDD TDD indication=CELL_FDD",Reliable,206.117,13.822
2026-04-11 04:00,60,"AZU_CUE_TARQUI_UL/Cell:eNodeB Function Name=AZU_CUE_TARQUI_L, Local Cell ID=8, Cell Name=AZU_CUE_TARQUI_L7_8, eNodeB ID=22129, Cell FDD TDD indication=CELL_FDD",Reliable,66.79,4.608
2026-04-11 04:00,60,"AZU_CUE_TARQUI_UL/Cell:eNodeB Function Name=AZU_CUE_TARQUI_L, Local Cell ID=7, Cell Name=AZU_CUE_TARQUI_L7_7, eNodeB ID=22129, Cell FDD TDD indication=CELL_FDD",Reliable,83.828,15.211
