Result Time,Granularity Period,Object Name,Reliability,"DOWNLINK TRAFFIC VOLUME","UPLINK TRAFFIC VOLUME"
,Minutes,,,MB,MB
2026-04-10 22:00,60,"PI_UIO_AMAZONAS_UL/Cell:eNodeB Function Name=PIC_UIO_AMAZONAS_L, Local Cell ID=1, Cell Name=PI_UIO_AMAZONAS_1, eNodeB ID=44080, Cell FDD TDD indication=CELL_FDD",Reliable,800.9,68.711
2026-04-10 22:00,60,"PI_UIO_AMAZONAS_UL/Cell:eNodeB Function Name=PIC_UIO_AMAZONAS_L, Local Cell ID=2, Cell Name=PI_UIO_AMAZONAS_2, eNodeB ID=44080, Cell FDD TDD indication=CELL_FDD",Reliable,134.959,15.53
2026-04-10 22:00,60,"PI_UIO_AMAZONAS_UL/Cell:eNodeB Function Name=PIC_UIO_AMAZONAS_L, Local Cell ID=3, Cell Name=PI_UIO_AMAZONAS_3, eNodeB ID=44080, Cell FDD TDD indication=CELL_FDD",Reliable,685.216,99.301
2026-04-10 22:00,60,"PI_UIO_AMAZONAS_UL/Cell:eNodeB Function Name=PIC_UIO_AMAZONAS_L, Local Cell ID=11, Cell Name=PI_UIO_AMAZONAS_11, eNodeB ID=44080, Cell FDD TDD indication=CELL_FDD",Reliable,175.226,9.197
2026-04-10 22:00,60,"PI_UIO_AMAZONAS_UL/Cell:eNodeB Function Name=PIC_UIO_AMAZONAS_L, Local Cell ID=12, Cell Name=PI_UIO_AMAZONAS_12, eNodeB ID=44080, Cell FDD TDD indication=CELL_FDD",Reliable,3.092,0.249
2026-04-10 22:00,60,"PI_UIO_AMAZONAS_UL/Cell:eNodeB Function Name=PIC_UIO_AMAZONAS_L, Local Cell ID=13, Cell Name=PI_UIO_AMAZONAS_13, eNodeB ID=44080, Cell FDD TDD indication=CELL_FDD",Reliable,43.835,5.385
2026-04-10 22:00,60,"PI_UIO_ISAAC_ALBENIZ_UL/Cell:eNodeB Function Name=PI_UIO_ISAAC_ALBENIZL21, Local Cell ID=1, Cell Name=PI_UIO_ISAAC_ALBENIZ_1, eNodeB ID=44133, Cell FDD TDD indication=CELL_FDD",Reliable,12.204,1.534
2026-04-10 22:00,60,"PI_UIO_ISAAC_ALBENIZ_UL/Cell:eNodeB Function Name=PI_UIO_ISAAC_ALBENIZL21, Local Cell ID=2, Cell Name=PI_UIO_ISAAC_ALBENIZ_2, eNodeB ID=44133, Cell FDD TDD indication=CELL_FDD",Reliable,479.953,29.014
2026-04-10 22:00,60,"PI_UIO_ISAAC_ALBENIZ_UL/Cell:eNodeB Function Name=PI_UIO_ISAAC_ALBENIZL21, Local Cell ID=3, Cell Name=PI_UIO_ISAAC_ALBENIZ_3, eNodeB ID=44133, Cell FDD TDD indication=CELL_FDD",Reliable,523.876,60.999
2026-04-10 22:00,60,"PI_UIO_BUGAMBILLAS_UL/Cell:eNodeB Function Name=PI_UIO_BUGAMBILLAS_L, Local Cell ID=1, Cell Name=PI_UIO_BUGAMBILLAS_1, eNodeB ID=44086, Cell FDD TDD indication=CELL_FDD",Reliable,3764.463,469.236
2026-04-10 22:00,60,"PI_UIO_BUGAMBILLAS_UL/Cell:eNodeB Function Name=PI_UIO_BUGAMBILLAS_L, Local Cell ID=2, Cell Name=PI_UIO_BUGAMBILLAS_2, eNodeB ID=44086, Cell FDD TDD indication=CELL_FDD",Reliable,387.46,286.754
2026-04-10 22:00,60,"PI_UIO_BUGAMBILLAS_UL/Cell:eNodeB Function Name=PI_UIO_BUGAMBILLAS_L, Local Cell ID=3, Cell Name=PI_UIO_BUGAMBILLAS_3, eNodeB ID=44086, Cell FDD TDD indication=CELL_FDD",Reliable,33.684,7.885
2026-04-10 22:00,60,"PI_UIO_BUGAMBILLAS_UL/Cell:eNodeB Function Name=PI_UIO_BUGAMBILLAS_L, Local Cell ID=11, Cell Name=PI_UIO_BUGAMBILLAS_11, eNodeB ID=44086, Cell FDD TDD indication=CELL_FDD",Reliable,4306.593,816.421
2026-04-10 22:00,60,"PI_UIO_BUGAMBILLAS_UL/Cell:eNodeB Function Name=PI_UIO_BUGAMBILLAS_L, Local Cell ID=12, Cell Name=PI_UIO_BUGAMBILLAS_12, eNodeB ID=44086, Cell FDD TDD indication=CELL_FDD",Reliable,61.916,169.671
2026-04-10 22:00,60,"PI_UIO_BUGAMBILLAS_UL/Cell:eNodeB Function Name=PI_UIO_BUGAMBILLAS_L, Local Cell ID=13, Cell Name=PI_UIO_BUGAMBILLAS_13, eNodeB ID=44086, Cell FDD TDD indication=CELL_FDD",Reliable,86.87,7.762
2026-04-10 22:00,60,"PI_UIO_GASPAR_DE_VILLAROEL_UL/Cell:eNodeB Function Name=PI_UIO_GASPAR_DE_VILLAROELL21, Local Cell ID=1, Cell Name=PI_UIO_GASPAR_DE_VILLAROEL_1, eNodeB ID=44127, Cell FDD TDD indication=CELL_FDD",Reliable,39.473,17.214
2026-04-10 22:00,60,"PI_UIO_GASPAR_DE_VILLAROEL_UL/Cell:eNodeB Function Name=PI_UIO_GASPAR_DE_VILLAROELL21, Local Cell ID=2, Cell Name=PI_UIO_GASPAR_DE_VILLAROEL_2, eNodeB ID=44127, Cell FDD TDD indication=CELL_FDD",Reliable,111.24,15.553
2026-04-10 22:00,60,"PI_UIO_GRANADOS_UL/Cell:eNodeB Function Name=PI_UIO_GRANADOSL21, Local Cell ID=1, Cell Name=PI_UIO_GRANADOS_1, eNodeB ID=44072, Cell FDD TDD indication=CELL_FDD",Reliable,1481.456,72.689
2026-04-10 22:00,60,"PI_UIO_GRANADOS_UL/Cell:eNodeB Function Name=PI_UIO_GRANADOSL21, Local Cell ID=2, Cell Name=PI_UIO_GRANADOS_2, eNodeB ID=44072, Cell FDD TDD indication=CELL_FDD",Reliable,1894.535,362.589
2026-04-10 22:00,60,"PIC_UIO_AMERICA_ULN/Cell:eNodeB Function Name=PIC_UIO_AMERICA_L, Local Cell ID=1, Cell Name=PIC_UIO_AMERICA_L21_1, eNodeB ID=44027, Cell FDD TDD indication=CELL_FDD",Reliable,805.509,68.855
2026-04-10 22:00,60,"PIC_UIO_AMERICA_ULN/Cell:eNodeB Function Name=PIC_UIO_AMERICA_L, Local Cell ID=2, Cell Name=PIC_UIO_AMERICA_L21_2, eNodeB ID=44027, Cell FDD TDD indication=CELL_FDD",Reliable,666.216,122.05
2026-04-10 22:00,60,"PIC_UIO_AMERICA_ULN/Cell:eNodeB Function Name=PIC_UIO_AMERICA_L, Local Cell ID=3, Cell Name=PIC_UIO_AMERICA_L21_3, eNodeB ID=44027, Cell FDD TDD indication=CELL_FDD",Reliable,778.49,90.696
2026-04-10 22:00,60,"PIC_UIO_AMERICA_ULN/Cell:eNodeB Function Name=PIC_UIO_AMERICA_L, Local Cell ID=7, Cell Name=PIC_UIO_AMERICA_L7_7, eNodeB ID=44027, Cell FDD TDD indication=CELL_FDD",Reliable,161.706,25.279
2026-04-10 22:00,60,"PIC_UIO_AMERICA_ULN/Cell:eNodeB Function Name=PIC_UIO_AMERICA_L, Local Cell ID=8, Cell Name=PIC_UIO_AMERICA_L7_8, eNodeB ID=44027, Cell FDD TDD indication=CELL_FDD",Reliable,222.895,22.245
2026-04-10 22:00,60,"PIC_UIO_AMERICA_ULN/Cell:eNodeB Function Name=PIC_UIO_AMERICA_L, Local Cell ID=9, Cell Name=PIC_UIO_AMERICA_L7_9, eNodeB ID=44027, Cell FDD TDD indication=CELL_FDD",Reliable,1594.583,61.428
2026-04-10 22:00,60,"PIC_UIO_AMERICA_ULN/Cell:eNodeB Function Name=PIC_UIO_AMERICA_L, Local Cell ID=11, Cell Name=PIC_UIO_AMERICA_L19_11, eNodeB ID=44027, Cell FDD TDD indication=CELL_FDD",Reliable,110.915,11.552
2026-04-10 22:00,60,"PIC_UIO_AMERICA_ULN/Cell:eNodeB Function Name=PIC_UIO_AMERICA_L, Local Cell ID=12, Cell Name=PIC_UIO_AMERICA_L19_12, eNodeB ID=44027, Cell FDD TDD indication=CELL_FDD",Reliable,27.581,14.767
2026-04-10 22:00,60,"PIC_UIO_AMERICA_ULN/Cell:eNodeB Function Name=PIC_UIO_AMERICA_L, Local Cell ID=13, Cell Name=PIC_UIO_AMERICA_L19_13, eNodeB ID=44027, Cell FDD TDD indication=CELL_FDD",Reliable,12.525,1.86
2026-04-10 22:00,60,"PI_UIO_EL_LABRADOR_UL/Cell:eNodeB Function Name=PI_UIO_EL_LABRADORL21, Local Cell ID=1, Cell Name=PI_UIO_EL_LABRADOR_1, eNodeB ID=44119, Cell FDD TDD indication=CELL_FDD",Reliable,727.983,42.178
2026-04-10 22:00,60,"PI_UIO_EL_LABRADOR_UL/Cell:eNodeB Function Name=PI_UIO_EL_LABRADORL21, Local Cell ID=2, Cell Name=PI_UIO_EL_LABRADOR_2, eNodeB ID=44119, Cell FDD TDD indication=CELL_FDD",Reliable,274.185,18.644
2026-04-10 22:00,60,"PI_UIO_EL_LABRADOR_UL/Cell:eNodeB Function Name=PI_UIO_EL_LABRADORL21, Local Cell ID=3, Cell Name=PI_UIO_EL_LABRADOR_3, eNodeB ID=44119, Cell FDD TDD indication=CELL_FDD",Reliable,278.881,30.072
2026-04-10 22:00,60,"PIC_UIO_INAQUITO_UL/Cell:eNodeB Function Name=PIC_UIO_INAQUITO_L, Local Cell ID=1, Cell Name=PIC_UIO_INAQUITO_L21_1, eNodeB ID=44005, Cell FDD TDD indication=CELL_FDD",Reliable,181.431,77.801
2026-04-10 22:00,60,"PIC_UIO_INAQUITO_UL/Cell:eNodeB Function Name=PIC_UIO_INAQUITO_L, Local Cell ID=2, Cell Name=PIC_UIO_INAQUITO_L21_2, eNodeB ID=44005, Cell FDD TDD indication=CELL_FDD",Reliable,292.313,46.568
2026-04-10 22:00,60,"PIC_UIO_INAQUITO_UL/Cell:eNodeB Function Name=PIC_UIO_INAQUITO_L, Local Cell ID=3, Cell Name=PIC_UIO_INAQUITO_L21_3, eNodeB ID=44005, Cell FDD TDD indication=CELL_FDD",Reliable,820.312,131.404
2026-04-10 22:00,60,"PIC_UIO_INAQUITO_UL/Cell:eNodeB Function Name=PIC_UIO_INAQUITO_L, Local Cell ID=7, Cell Name=PIC_UIO_INAQUITO_L7_7, eNodeB ID=44005, Cell FDD TDD indication=CELL_FDD",Reliable,1202.762,250.927
2026-04-10 22:00,60,"PIC_UIO_INAQUITO_UL/Cell:eNodeB Function Name=PIC_UIO_INAQUITO_L, Local Cell ID=8, Cell Name=PIC_UIO_INAQUITO_L7_8, eNodeB ID=44005, Cell FDD TDD indication=CELL_FDD",Reliable,202.922,13.22
2026-04-10 22:00,60,"PIC_UIO_INAQUITO_UL/Cell:eNodeB Function Name=PIC_UIO_INAQUITO_L, Local Cell ID=9, Cell Name=PIC_UIO_INAQUITO_L7_9, eNodeB ID=44005, Cell FDD TDD indication=CELL_FDD",Reliable,406.563,29.82
2026-04-10 22:00,60,"PIC_UIO_INAQUITO_UL/Cell:eNodeB Function Name=PIC_UIO_INAQUITO_L, Local Cell ID=11, Cell Name=PIC_UIO_INAQUITO_L19_11, eNodeB ID=44005, Cell FDD TDD indication=CELL_FDD",Reliable,1191.712,734.509
2026-04-10 22:00,60,"PIC_UIO_INAQUITO_UL/Cell:eNodeB Function Name=PIC_UIO_INAQUITO_L, Local Cell ID=12, Cell Name=PIC_UIO_INAQUITO_L19_12, eNodeB ID=44005, Cell FDD TDD indication=CELL_FDD",Reliable,12.634,2.045
2026-04-10 22:00,60,"PIC_UIO_INAQUITO_UL/Cell:eNodeB Function Name=PIC_UIO_INAQUITO_L, Local Cell ID=13, Cell Name=PIC_UIO_INAQUITO_L19_13, eNodeB ID=44005, Cell FDD TDD indication=CELL_FDD",Reliable,92.204,8.688
2026-04-10 22:00,60,"PIC_UIO_BATAN_ALTO_ULN/Cell:eNodeB Function Name=PIC_UIO_BATAN_ALTO_L, Local Cell ID=1, Cell Name=PIC_UIO_BATAN_ALTO_L21_1, eNodeB ID=44062, Cell FDD TDD indication=CELL_FDD",Reliable,1574.122,158.031
2026-04-10 22:00,60,"PIC_UIO_BATAN_ALTO_ULN/Cell:eNodeB Function Name=PIC_UIO_BATAN_ALTO_L, Local Cell ID=2, Cell Name=PIC_UIO_BATAN_ALTO_L21_2, eNodeB ID=44062, Cell FDD TDD indication=CELL_FDD",Reliable,4.237,1.483
2026-04-10 22:00,60,"PIC_UIO_BATAN_ALTO_ULN/Cell:eNodeB Function Name=PIC_UIO_BATAN_ALTO_L, Local Cell ID=3, Cell Name=PIC_UIO_BATAN_ALTO_L21_3, eNodeB ID=44062, Cell FDD TDD indication=CELL_FDD",Reliable,2.065,0.58
2026-04-10 22:00,60,"PIC_UIO_MANOSCA_ULN/Cell:eNodeB Function Name=PI_UIO_MANOSCAL21, Local Cell ID=1, Cell Name=PI_UIO_MANOSCA_1, eNodeB ID=44156, Cell FDD TDD indication=CELL_FDD",Reliable,1657.29,214.432
2026-04-10 22:00,60,"PIC_UIO_MANOSCA_ULN/Cell:eNodeB Function Name=PI_UIO_MANOSCAL21, Local Cell ID=2, Cell Name=PI_UIO_MANOSCA_2, eNodeB ID=44156, Cell FDD TDD indication=CELL_FDD",Reliable,600.019,40.336
2026-04-10 22:00,60,"PIC_UIO_BELLAVISTA_ULN/Cell:eNodeB Function Name=PI_UIO_BELLAVISTAL21, Local Cell ID=1, Cell Name=PI_UIO_BELLAVISTA_1, eNodeB ID=44083, Cell FDD TDD indication=CELL_FDD",Reliable,262.445,19.921
2026-04-10 22:00,60,"PIC_UIO_BELLAVISTA_ULN/Cell:eNodeB Function Name=PI_UIO_BELLAVISTAL21, Local Cell ID=2, Cell Name=PI_UIO_BELLAVISTA_2, eNodeB ID=44083, Cell FDD TDD indication=CELL_FDD",Reliable,291.863,18.296
2026-04-10 22:00,60,"PI_UIO_PILLAGUA_UL/Cell:eNodeB Function Name=PIC_UIO_PILLAGUA_L, Local Cell ID=1, Cell Name=PIC_UIO_PILLAGUA_L21_1, eNodeB ID=44170, Cell FDD TDD indication=CELL_FDD",Reliable,154.782,12.907
2026-04-10 22:00,60,"PI_UIO_PILLAGUA_UL/Cell:eNodeB Function Name=PIC_UIO_PILLAGUA_L, Local Cell ID=2, Cell Name=PIC_UIO_PILLAGUA_L21_2, eNodeB ID=44170, Cell FDD TDD indication=CELL_FDD",Reliable,0.002,0.004
2026-04-10 22:00,60,"PI_UIO_REPUBLICA_DEL_SALVADOR_UL/Cell:eNodeB Function Name=PIC_UIO_REPUBLICA_DEL_SALVADOR_L, Local Cell ID=1, Cell Name=PI_UIO_REPUBLICA_DEL_SALVADOR_1, eNodeB ID=44182, Cell FDD TDD indication=CELL_FDD",Reliable,2129.676,218.694
2026-04-10 22:00,60,"PI_UIO_REPUBLICA_DEL_SALVADOR_UL/Cell:eNodeB Function Name=PIC_UIO_REPUBLICA_DEL_SALVADOR_L, Local Cell ID=2, Cell Name=PI_UIO_REPUBLICA_DEL_SALVADOR_2, eNodeB ID=44182, Cell FDD TDD indication=CELL_FDD",Reliable,2768.024,218.754
2026-04-10 22:00,60,"PIC_UIO_ATAHUALPA_ULN/Cell:eNodeB Function Name=PI_UIO_ATAHUALPA_L, Local Cell ID=1, Cell Name=PI_UIO_ATAHUALPA_1, eNodeB ID=44081, Cell FDD TDD indication=CELL_FDD",Reliable,1516.998,511.029
2026-04-10 22:00,60,"PIC_UIO_ATAHUALPA_ULN/Cell:eNodeB Function Name=PI_UIO_ATAHUALPA_L, Local Cell ID=2, Cell Name=PI_UIO_ATAHUALPA_2, eNodeB ID=44081, Cell FDD TDD indication=CELL_FDD",Reliable,620.978,100.337
2026-04-10 22:00,60,"PIC_UIO_ATAHUALPA_ULN/Cell:eNodeB Function Name=PI_UIO_ATAHUALPA_L, Local Cell ID=3, Cell Name=PI_UIO_ATAHUALPA_3, eNodeB ID=44081, Cell FDD TDD indication=CELL_FDD",Reliable,349.185,46.152
2026-04-10 22:00,60,"PIC_UIO_ATAHUALPA_ULN/Cell:eNodeB Function Name=PI_UIO_ATAHUALPA_L, Local Cell ID=11, Cell Name=PI_UIO_ATAHUALPA_11, eNodeB ID=44081, Cell FDD TDD indication=CELL_FDD",Reliable,159.663,10.748
2026-04-10 22:00,60,"PIC_UIO_ATAHUALPA_ULN/Cell:eNodeB Function Name=PI_UIO_ATAHUALPA_L, Local Cell ID=12, Cell Name=PI_UIO_ATAHUALPA_12, eNodeB ID=44081, Cell FDD TDD indication=CELL_FDD",Reliable,87.798,5.685
2026-04-10 22:00,60,"PIC_UIO_ATAHUALPA_ULN/Cell:eNodeB Function Name=PI_UIO_ATAHUALPA_L, Local Cell ID=13, Cell Name=PI_UIO_ATAHUALPA_13, eNodeB ID=44081, Cell FDD TDD indication=CELL_FDD",Reliable,26.847,4.682
2026-04-10 22:00,60,"PI_UIO_RUMIPAMBA_UL/Cell:eNodeB Function Name=PI_UIO_RUMIPAMBAL21, Local Cell ID=1, Cell Name=PI_UIO_RUMIPAMBA_1, eNodeB ID=44028, Cell FDD TDD indication=CELL_FDD",Reliable,722.009,65.33
2026-04-10 22:00,60,"PI_UIO_RUMIPAMBA_UL/Cell:eNodeB Function Name=PI_UIO_RUMIPAMBAL21, Local Cell ID=2, Cell Name=PI_UIO_RUMIPAMBA_2, eNodeB ID=44028, Cell FDD TDD indication=CELL_FDD",Reliable,3459.639,161.863
2026-04-10 22:00,60,"PI_UIO_RUMIPAMBA_UL/Cell:eNodeB Function Name=PI_UIO_RUMIPAMBAL21, Local Cell ID=3, Cell Name=PI_UIO_RUMIPAMBA_3, eNodeB ID=44028, Cell FDD TDD indication=CELL_FDD",Reliable,1118.249,172.616
2026-04-10 22:00,60,"PI_UIO_RIO_COCA_UL/Cell:eNodeB Function Name=PI_UIO_RIO_COCA_L, Local Cell ID=1, Cell Name=PI_UIO_RIO_COCA_1, eNodeB ID=44046, Cell FDD TDD indication=CELL_FDD",Reliable,1474.866,61.835
2026-04-10 22:00,60,"PI_UIO_RIO_COCA_UL/Cell:eNodeB Function Name=PI_UIO_RIO_COCA_L, Local Cell ID=2, Cell Name=PI_UIO_RIO_COCA_2, eNodeB ID=44046, Cell FDD TDD indication=CELL_FDD",Reliable,638.058,75.31
2026-04-10 22:00,60,"PI_UIO_RIO_COCA_UL/Cell:eNodeB Function Name=PI_UIO_RIO_COCA_L, Local Cell ID=3, Cell Name=PI_UIO_RIO_COCA_3, eNodeB ID=44046, Cell FDD TDD indication=CELL_FDD",Reliable,1997.57,315.609
2026-04-10 22:00,60,"PI_UIO_RIO_COCA_UL/Cell:eNodeB Function Name=PI_UIO_RIO_COCA_L, Local Cell ID=7, Cell Name=PI_UIO_RIO_COCA_7, eNodeB ID=44046, Cell FDD TDD indication=CELL_FDD",Reliable,217.464,17.311
2026-04-10 22:00,60,"PI_UIO_RIO_COCA_UL/Cell:eNodeB Function Name=PI_UIO_RIO_COCA_L, Local Cell ID=8, Cell Name=PI_UIO_RIO_COCA_8, eNodeB ID=44046, Cell FDD TDD indication=CELL_FDD",Reliable,191.155,9.756
2026-04-10 22:00,60,"PI_UIO_RIO_COCA_UL/Cell:eNodeB Function Name=PI_UIO_RIO_COCA_L, Local Cell ID=9, Cell Name=PI_UIO_RIO_COCA_9, eNodeB ID=44046, Cell FDD TDD indication=CELL_FDD",Reliable,798.245,136.541
2026-04-10 22:00,60,"PI_UIO_RIO_COCA_UL/Cell:eNodeB Function Name=PI_UIO_RIO_COCA_L, Local Cell ID=11, Cell Name=PI_UIO_RIO_COCA_11, eNodeB ID=44046, Cell FDD TDD indication=CELL_FDD",Reliable,68.377,5.304
2026-04-10 22:00,60,"PI_UIO_RIO_COCA_UL/Cell:eNodeB Function Name=PI_UIO_RIO_COCA_L, Local Cell ID=12, Cell Name=PI_UIO_RIO_COCA_12, eNodeB ID=44046, Cell FDD TDD indication=CELL_FDD",Reliable,13.252,0.447
2026-04-10 22:00,60,"PI_UIO_RIO_COCA_UL/Cell:eNodeB Function Name=PI_UIO_RIO_COCA_L, Local Cell ID=13, Cell Name=PI_UIO_RIO_COCA_13, eNodeB ID=44046, Cell FDD TDD indication=CELL_FDD",Reliable,34.721,6.545
2026-04-10 22:00,60,"PI_UIO_QUITO_TENIS_UL/Cell:eNodeB Function Name=PI_UIO_QUITO_TENISL21, Local Cell ID=1, Cell Name=PI_UIO_QUITO_TENIS_1, eNodeB ID=44016, Cell FDD TDD indication=CELL_FDD",Reliable,89.184,9.378
2026-04-10 22:00,60,"PI_UIO_QUITO_TENIS_UL/Cell:eNodeB Function Name=PI_UIO_QUITO_TENISL21, Local Cell ID=2, Cell Name=PI_UIO_QUITO_TENIS_2, eNodeB ID=44016, Cell FDD TDD indication=CELL_FDD",Reliable,303.127,34.874
2026-04-10 22:00,60,"PI_UIO_QUITO_TENIS_UL/Cell:eNodeB Function Name=PI_UIO_QUITO_TENISL21, Local Cell ID=3, Cell Name=PI_UIO_QUITO_TENIS_3, eNodeB ID=44016, Cell FDD TDD indication=CELL_FDD",Reliable,248.672,24.019
2026-04-10 22:00,60,"PI_UIO_QUITO_TENIS_UL/Cell:eNodeB Function Name=PI_UIO_QUITO_TENISL21, Local Cell ID=7, Cell Name=PI_UIO_QUITO_TENIS_APT_7, eNodeB ID=44016, Cell FDD TDD indication=CELL_FDD",Reliable,422.184,43.063
2026-04-10 22:00,60,"PI_UIO_QUITO_TENIS_UL/Cell:eNodeB Function Name=PI_UIO_QUITO_TENISL21, Local Cell ID=8, Cell Name=PI_UIO_QUITO_TENIS_APT_8, eNodeB ID=44016, Cell FDD TDD indication=CELL_FDD",Reliable,420.47,54.58
2026-04-10 22:00,60,"PI_UIO_QUITO_TENIS_UL/Cell:eNodeB Function Name=PI_UIO_QUITO_TENISL21, Local Cell ID=9, Cell Name=PI_UIO_QUITO_TENIS_APT_9, eNodeB ID=44016, Cell FDD TDD indication=CELL_FDD",Reliable,704.735,272.12
2026-04-10 22:00,60,"PI_UIO_LA_LUZ_UL/Cell:eNodeB Function Name=PI_UIO_LA_LUZ_L, Local Cell ID=1, Cell Name=PI_UIO_LA_LUZ_1, eNodeB ID=44038, Cell FDD TDD indication=CELL_FDD",Reliable,2682.082,374.37
2026-04-10 22:00,60,"PI_UIO_LA_LUZ_UL/Cell:eNodeB Function Name=PI_UIO_LA_LUZ_L, Local Cell ID=2, Cell Name=PI_UIO_LA_LUZ_2, eNodeB ID=44038, Cell FDD TDD indication=CELL_FDD",Reliable,1091.436,239.85
2026-04-10 22:00,60,"PI_UIO_LA_LUZ_UL/Cell:eNodeB Function Name=PI_UIO_LA_LUZ_L, Local Cell ID=3, Cell Name=PI_UIO_LA_LUZ_3, eNodeB ID=44038, Cell FDD TDD indication=CELL_FDD",Reliable,1163.778,188.345
2026-04-10 22:00,60,"PI_UIO_LA_LUZ_UL/Cell:eNodeB Function Name=PI_UIO_LA_LUZ_L, Local Cell ID=11, Cell Name=PI_UIO_LA_LUZ_11, eNodeB ID=44038, Cell FDD TDD indication=CELL_FDD",Reliable,393.087,38.984
2026-04-10 22:00,60,"PI_UIO_LA_LUZ_UL/Cell:eNodeB Function Name=PI_UIO_LA_LUZ_L, Local Cell ID=12, Cell Name=PI_UIO_LA_LUZ_12, eNodeB ID=44038, Cell FDD TDD indication=CELL_FDD",Reliable,221.855,36.592
2026-04-10 22:00,60,"PI_UIO_LA_LUZ_UL/Cell:eNodeB Function Name=PI_UIO_LA_LUZ_L, Local Cell ID=13, Cell Name=PI_UIO_LA_LUZ_13, eNodeB ID=44038, Cell FDD TDD indication=CELL_FDD",Reliable,265.493,13.788
2026-04-10 22:00,60,"PI_UIO_CC_SAN_MARCOS_UL/Cell:eNodeB Function Name=PI_UIO_CC_SAN_MARCOSL21, Local Cell ID=1, Cell Name=PI_UIO_CC_SAN_MARCOS_1, eNodeB ID=44187, Cell FDD TDD indication=CELL_FDD",Reliable,443.152,162.247
2026-04-10 22:00,60,"PI_UIO_CC_SAN_MARCOS_UL/Cell:eNodeB Function Name=PI_UIO_CC_SAN_MARCOSL21, Local Cell ID=2, Cell Name=PI_UIO_CC_SAN_MARCOS_2, eNodeB ID=44187, Cell FDD TDD indication=CELL_FDD",Reliable,532.681,48.803
2026-04-10 22:00,60,"PI_UIO_CC_SAN_MARCOS_UL/Cell:eNodeB Function Name=PI_UIO_CC_SAN_MARCOSL21, Local Cell ID=3, Cell Name=PI_UIO_CC_SAN_MARCOS_3, eNodeB ID=44187, Cell FDD TDD indication=CELL_FDD",Reliable,266.01,20.82
2026-04-10 22:00,60,"PI_UIO_MURIALDO_UL/Cell:eNodeB Function Name=PIC_UIO_MURIALDO_L, Local Cell ID=1, Cell Name=PIC_UIO_MURIALDO_L1, eNodeB ID=44163, Cell FDD TDD indication=CELL_FDD",Reliable,724.281,57.637
2026-04-10 22:00,60,"PI_UIO_MURIALDO_UL/Cell:eNodeB Function Name=PIC_UIO_MURIALDO_L, Local Cell ID=2, Cell Name=PIC_UIO_MURIALDO_L2, eNodeB ID=44163, Cell FDD TDD indication=CELL_FDD",Reliable,781.304,49.062
2026-04-10 22:00,60,"PI_UIO_MURIALDO_UL/Cell:eNodeB Function Name=PIC_UIO_MURIALDO_L, Local Cell ID=7, Cell Name=PIC_UIO_MURIALDO_L7_7, eNodeB ID=44163, Cell FDD TDD indication=CELL_FDD",Reliable,2756.833,296.495
2026-04-10 22:00,60,"PI_UIO_DE_LOS_PINOS_UL/Cell:eNodeB Function Name=PI_UIO_DE_LOS_PINOSL21, Local Cell ID=1, Cell Name=PI_UIO_DE_LOS_PINOS_1, eNodeB ID=44111, Cell FDD TDD indication=CELL_FDD",Reliable,635.901,78.734
2026-04-10 22:00,60,"PI_UIO_DE_LOS_PINOS_UL/Cell:eNodeB Function Name=PI_UIO_DE_LOS_PINOSL21, Local Cell ID=2, Cell Name=PI_UIO_DE_LOS_PINOS_2, eNodeB ID=44111, Cell FDD TDD indication=CELL_FDD",Reliable,1683.173,171.004
2026-04-10 22:00,60,"PI_UIO_DE_LOS_ALAMOS_UL/Cell:eNodeB Function Name=PI_UIO_DE_LOS_ALAMOSL21, Local Cell ID=1, Cell Name=PI_UIO_DE_LOS_ALAMOS_1, eNodeB ID=44110, Cell FDD TDD indication=CELL_FDD",Reliable,496.465,38.569
2026-04-10 22:00,60,"PI_UIO_DE_LOS_ALAMOS_UL/Cell:eNodeB Function Name=PI_UIO_DE_LOS_ALAMOSL21, Local Cell ID=2, Cell Name=PI_UIO_DE_LOS_ALAMOS_2, eNodeB ID=44110, Cell FDD TDD indication=CELL_FDD",Reliable,278.625,28.941
2026-04-10 22:00,60,"PI_UIO_DE_LOS_ALAMOS_UL/Cell:eNodeB Function Name=PI_UIO_DE_LOS_ALAMOSL21, Local Cell ID=3, Cell Name=PI_UIO_DE_LOS_ALAMOS_3, eNodeB ID=44110, Cell FDD TDD indication=CELL_FDD",Reliable,810.968,195.327
2026-04-10 22:00,60,"PI_UIO_DE_LOS_ALAMOS_UL/Cell:eNodeB Function Name=PI_UIO_DE_LOS_ALAMOSL21, Local Cell ID=7, Cell Name=PI_UIO_DE_LOS_ALAMOS_APT_7, eNodeB ID=44110, Cell FDD TDD indication=CELL_FDD",Reliable,402.395,27.922
2026-04-10 22:00,60,"PI_UIO_DE_LOS_ALAMOS_UL/Cell:eNodeB Function Name=PI_UIO_DE_LOS_ALAMOSL21, Local Cell ID=8, Cell Name=PI_UIO_DE_LOS_ALAMOS_APT_8, eNodeB ID=44110, Cell FDD TDD indication=CELL_FDD",Reliable,2157.842,1826.819
2026-04-10 22:00,60,"PI_UIO_DE_LOS_ALAMOS_UL/Cell:eNodeB Function Name=PI_UIO_DE_LOS_ALAMOSL21, Local Cell ID=9, Cell Name=PI_UIO_DE_LOS_ALAMOS_APT_9, eNodeB ID=44110, Cell FDD TDD indication=CELL_FDD",Reliable,1201.782,72.786
2026-04-10 22:00,60,"PI_UIO_SAN_JOSE_DEL_VALLE_UL/Cell:eNodeB Function Name=PIC_UIO_SAN_JOSE_DEL_VALLE_L, Local Cell ID=1, Cell Name=PIC_UIO_SAN_JOSE_DEL_VALLE_L21_1, eNodeB ID=44200, Cell FDD TDD indication=CELL_FDD",Reliable,300.865,27.522
2026-04-10 22:00,60,"PI_UIO_SAN_JOSE_DEL_VALLE_UL/Cell:eNodeB Function Name=PIC_UIO_SAN_JOSE_DEL_VALLE_L, Local Cell ID=2, Cell Name=PIC_UIO_SAN_JOSE_DEL_VALLE_L21_2, eNodeB ID=44200, Cell FDD TDD indication=CELL_FDD",Reliable,580.931,43.145
2026-04-10 22:00,60,"PI_UIO_SAN_JOSE_DEL_VALLE_UL/Cell:eNodeB Function Name=PIC_UIO_SAN_JOSE_DEL_VALLE_L, Local Cell ID=3, Cell Name=PIC_UIO_SAN_JOSE_DEL_VALLE_L21_3, eNodeB ID=44200, Cell FDD TDD indication=CELL_FDD",Reliable,2825.077,253.586
2026-04-10 22:00,60,"PI_UIO_LA_MOYA_UL/Cell:eNodeB Function Name=PI_UIO_LA_MOYAL21, Local Cell ID=1, Cell Name=PI_UIO_LA_MOYA_1, eNodeB ID=44143, Cell FDD TDD indication=CELL_FDD",Reliable,1445.582,289.058
2026-04-10 22:00,60,"PI_UIO_LA_MOYA_UL/Cell:eNodeB Function Name=PI_UIO_LA_MOYAL21, Local Cell ID=2, Cell Name=PI_UIO_LA_MOYA_2, eNodeB ID=44143, Cell FDD TDD indication=CELL_FDD",Reliable,296.238,30.65
2026-04-10 22:00,60,"PI_UIO_LA_MOYA_UL/Cell:eNodeB Function Name=PI_UIO_LA_MOYAL21, Local Cell ID=3, Cell Name=PI_UIO_LA_MOYA_3, eNodeB ID=44143, Cell FDD TDD indication=CELL_FDD",Reliable,1635.949,111.959
2026-04-10 22:00,60,"PI_UIO_LA_MOYA_UL/Cell:eNodeB Function Name=PI_UIO_LA_MOYAL21, Local Cell ID=7, Cell Name=PI_UIO_LA_MOYA_APT_7, eNodeB ID=44143, Cell FDD TDD indication=CELL_FDD",Reliable,77.778,9.994
2026-04-10 22:00,60,"PI_UIO_LA_MOYA_UL/Cell:eNodeB Function Name=PI_UIO_LA_MOYAL21, Local Cell ID=8, Cell Name=PI_UIO_LA_MOYA_APT_8, eNodeB ID=44143, Cell FDD TDD indication=CELL_FDD",Reliable,2165.401,344.699
2026-04-10 22:00,60,"PI_UIO_LA_MOYA_UL/Cell:eNodeB Function Name=PI_UIO_LA_MOYAL21, Local Cell ID=9, Cell Name=PI_UIO_LA_MOYA_APT_9, eNodeB ID=44143, Cell FDD TDD indication=CELL_FDD",Reliable,1168.727,99.048
2026-04-10 22:00,60,"PI_UIO_LUMBISI_UL/Cell:eNodeB Function Name=PI_UIO_LUMBISIL21, Local Cell ID=1, Cell Name=PIC_UIO_LUMBISI_L21_1, eNodeB ID=44154, Cell FDD TDD indication=CELL_FDD",Reliable,325.704,45.043
2026-04-10 22:00,60,"PI_UIO_LUMBISI_UL/Cell:eNodeB Function Name=PI_UIO_LUMBISIL21, Local Cell ID=2, Cell Name=PIC_UIO_LUMBISI_L21_2, eNodeB ID=44154, Cell FDD TDD indication=CELL_FDD",Reliable,481.931,36.288
2026-04-10 22:00,60,"PI_UIO_LUMBISI_UL/Cell:eNodeB Function Name=PI_UIO_LUMBISIL21, Local Cell ID=3, Cell Name=PIC_UIO_LUMBISI_L21_3, eNodeB ID=44154, Cell FDD TDD indication=CELL_FDD",Reliable,269.492,21.972
2026-04-10 22:00,60,"PI_UIO_LUMBISI_UL/Cell:eNodeB Function Name=PI_UIO_LUMBISIL21, Local Cell ID=7, Cell Name=PIC_UIO_LUMBISI_L7_7, eNodeB ID=44154, Cell FDD TDD indication=CELL_FDD",Reliable,730.843,670.235
2026-04-10 22:00,60,"PI_UIO_LUMBISI_UL/Cell:eNodeB Function Name=PI_UIO_LUMBISIL21, Local Cell ID=8, Cell Name=PIC_UIO_LUMBISI_L7_8, eNodeB ID=44154, Cell FDD TDD indication=CELL_FDD",Reliable,25.228,13.829
2026-04-10 22:00,60,"PI_UIO_LUMBISI_UL/Cell:eNodeB Function Name=PI_UIO_LUMBISIL21, Local Cell ID=9, Cell Name=PIC_UIO_LUMBISI_L7_9, eNodeB ID=44154, Cell FDD TDD indication=CELL_FDD",Reliable,246.253,26.681
2026-04-10 22:00,60,"PI_UIO_CC_SAN_LUIS_UL/Cell:eNodeB Function Name=PI_UIO_CC_SAN_LUIS_L, Local Cell ID=1, Cell Name=PI_UIO_CC_SAN_LUIS_1, eNodeB ID=44197, Cell FDD TDD indication=CELL_FDD",Reliable,296.073,34.336
2026-04-10 22:00,60,"PI_UIO_CC_SAN_LUIS_UL/Cell:eNodeB Function Name=PI_UIO_CC_SAN_LUIS_L, Local Cell ID=2, Cell Name=PI_UIO_CC_SAN_LUIS_2, eNodeB ID=44197, Cell FDD TDD indication=CELL_FDD",Reliable,1652.621,249.298
2026-04-10 22:00,60,"PI_UIO_CC_SAN_LUIS_UL/Cell:eNodeB Function Name=PI_UIO_CC_SAN_LUIS_L, Local Cell ID=3, Cell Name=PI_UIO_CC_SAN_LUIS_3, eNodeB ID=44197, Cell FDD TDD indication=CELL_FDD",Reliable,165.369,18.763
2026-04-10 22:00,60,"PI_UIO_CC_SAN_LUIS_UL/Cell:eNodeB Function Name=PI_UIO_CC_SAN_LUIS_L, Local Cell ID=11, Cell Name=PI_UIO_CC_SAN_LUIS_11, eNodeB ID=44197, Cell FDD TDD indication=CELL_FDD",Reliable,105.23,9.248
2026-04-10 22:00,60,"PI_UIO_CC_SAN_LUIS_UL/Cell:eNodeB Function Name=PI_UIO_CC_SAN_LUIS_L, Local Cell ID=12, Cell Name=PI_UIO_CC_SAN_LUIS_12, eNodeB ID=44197, Cell FDD TDD indication=CELL_FDD",Reliable,701.875,54.75
2026-04-10 22:00,60,"PI_UIO_CC_SAN_LUIS_UL/Cell:eNodeB Function Name=PI_UIO_CC_SAN_LUIS_L, Local Cell ID=13, Cell Name=PI_UIO_CC_SAN_LUIS_13, eNodeB ID=44197, Cell FDD TDD indication=CELL_FDD",Reliable,100.862,4.616
2026-04-10 22:00,60,"PI_UIO_LA_COMUNA_UL/Cell:eNodeB Function Name=PI_UIO_LA_COMUNA_L, Local Cell ID=1, Cell Name=PI_UIO_LA_COMUNA_1, eNodeB ID=44138, Cell FDD TDD indication=CELL_FDD",Reliable,1095.235,58.379
2026-04-10 22:00,60,"PI_UIO_LA_COMUNA_UL/Cell:eNodeB Function Name=PI_UIO_LA_COMUNA_L, Local Cell ID=2, Cell Name=PI_UIO_LA_COMUNA_2, eNodeB ID=44138, Cell FDD TDD indication=CELL_FDD",Reliable,799.235,62.757
2026-04-10 22:00,60,"PI_UIO_LA_COMUNA_UL/Cell:eNodeB Function Name=PI_UIO_LA_COMUNA_L, Local Cell ID=3, Cell Name=PI_UIO_LA_COMUNA_3, eNodeB ID=44138, Cell FDD TDD indication=CELL_FDD",Reliable,482.96,119.74
2026-04-10 22:00,60,"PI_UIO_LA_COMUNA_UL/Cell:eNodeB Function Name=PI_UIO_LA_COMUNA_L, Local Cell ID=11, Cell Name=PI_UIO_LA_COMUNA_11, eNodeB ID=44138, Cell FDD TDD indication=CELL_FDD",Reliable,459.55,38.232
2026-04-10 22:00,60,"PI_UIO_LA_COMUNA_UL/Cell:eNodeB Function Name=PI_UIO_LA_COMUNA_L, Local Cell ID=12, Cell Name=PI_UIO_LA_COMUNA_12, eNodeB ID=44138, Cell FDD TDD indication=CELL_FDD",Reliable,716.939,34.259
2026-04-10 22:00,60,"PI_UIO_LA_COMUNA_UL/Cell:eNodeB Function Name=PI_UIO_LA_COMUNA_L, Local Cell ID=13, Cell Name=PI_UIO_LA_COMUNA_13, eNodeB ID=44138, Cell FDD TDD indication=CELL_FDD",Reliable,65.733,9.732
2026-04-10 22:00,60,"PIC_UIO_TRIBUNAL_SUPREMO_ULN/Cell:eNodeB Function Name=PI_UIO_TRIBUNAL_SUPREMO_L, Local Cell ID=1, Cell Name=PI_UIO_TRIBUNAL_SUPREMO_1, eNodeB ID=44192, Cell FDD TDD indication=CELL_FDD",Reliable,1310.668,132.103
2026-04-10 22:00,60,"PIC_UIO_TRIBUNAL_SUPREMO_ULN/Cell:eNodeB Function Name=PI_UIO_TRIBUNAL_SUPREMO_L, Local Cell ID=2, Cell Name=PI_UIO_TRIBUNAL_SUPREMO_2, eNodeB ID=44192, Cell FDD TDD indication=CELL_FDD",Reliable,326.765,63.137
2026-04-10 22:00,60,"PIC_UIO_TRIBUNAL_SUPREMO_ULN/Cell:eNodeB Function Name=PI_UIO_TRIBUNAL_SUPREMO_L, Local Cell ID=3, Cell Name=PI_UIO_TRIBUNAL_SUPREMO_3, eNodeB ID=44192, Cell FDD TDD indication=CELL_FDD",Reliable,345.831,26.233
2026-04-10 22:00,60,"PIC_UIO_TRIBUNAL_SUPREMO_ULN/Cell:eNodeB Function Name=PI_UIO_TRIBUNAL_SUPREMO_L, Local Cell ID=11, Cell Name=PI_UIO_TRIBUNAL_SUPREMO_11, eNodeB ID=44192, Cell FDD TDD indication=CELL_FDD",Reliable,762.657,77.143
2026-04-10 22:00,60,"PIC_UIO_TRIBUNAL_SUPREMO_ULN/Cell:eNodeB Function Name=PI_UIO_TRIBUNAL_SUPREMO_L, Local Cell ID=12, Cell Name=PI_UIO_TRIBUNAL_SUPREMO_12, eNodeB ID=44192, Cell FDD TDD indication=CELL_FDD",Reliable,19.515,4.18
2026-04-10 22:00,60,"PIC_UIO_TRIBUNAL_SUPREMO_ULN/Cell:eNodeB Function Name=PI_UIO_TRIBUNAL_SUPREMO_L, Local Cell ID=13, Cell Name=PI_UIO_TRIBUNAL_SUPREMO_13, eNodeB ID=44192, Cell FDD TDD indication=CELL_FDD",Reliable,14.668,1.994
2026-04-10 22:00,60,"PI_UIO_PARQUE_INGLES_UL/Cell:eNodeB Function Name=PI_UIO_PARQUE_INGLESL21, Local Cell ID=1, Cell Name=PI_UIO_PARQUE_INGLES_1, eNodeB ID=44167, Cell FDD TDD indication=CELL_FDD",Reliable,425.29,77.306
2026-04-10 22:00,60,"PI_UIO_PARQUE_INGLES_UL/Cell:eNodeB Function Name=PI_UIO_PARQUE_INGLESL21, Local Cell ID=2, Cell Name=PI_UIO_PARQUE_INGLES_2, eNodeB ID=44167, Cell FDD TDD indication=CELL_FDD",Reliable,687.755,58.737
2026-04-10 22:00,60,"PI_UIO_PARQUE_INGLES_UL/Cell:eNodeB Function Name=PI_UIO_PARQUE_INGLESL21, Local Cell ID=3, Cell Name=PI_UIO_PARQUE_INGLES_3, eNodeB ID=44167, Cell FDD TDD indication=CELL_FDD",Reliable,828.791,99.286
2026-04-10 22:00,60,"PI_UIO_CONOCOTO_UL/Cell:eNodeB Function Name=PI_UIO_CONOCOTOL21, Local Cell ID=1, Cell Name=PI_UIO_CONOCOTO_1, eNodeB ID=44022, Cell FDD TDD indication=CELL_FDD",Reliable,577.98,137.596
2026-04-10 22:00,60,"PI_UIO_CONOCOTO_UL/Cell:eNodeB Function Name=PI_UIO_CONOCOTOL21, Local Cell ID=2, Cell Name=PI_UIO_CONOCOTO_2, eNodeB ID=44022, Cell FDD TDD indication=CELL_FDD",Reliable,1416.194,110.244
2026-04-10 22:00,60,"PI_UIO_CONOCOTO_UL/Cell:eNodeB Function Name=PI_UIO_CONOCOTOL21, Local Cell ID=3, Cell Name=PI_UIO_CONOCOTO_3, eNodeB ID=44022, Cell FDD TDD indication=CELL_FDD",Reliable,2772.094,1458.33
2026-04-10 22:00,60,"PI_UIO_CONOCOTO_UL/Cell:eNodeB Function Name=PI_UIO_CONOCOTOL21, Local Cell ID=7, Cell Name=PI_UIO_CONOCOTO_APT_7, eNodeB ID=44022, Cell FDD TDD indication=CELL_FDD",Reliable,1115.752,201.027
2026-04-10 22:00,60,"PI_UIO_CONOCOTO_UL/Cell:eNodeB Function Name=PI_UIO_CONOCOTOL21, Local Cell ID=8, Cell Name=PI_UIO_CONOCOTO_APT_8, eNodeB ID=44022, Cell FDD TDD indication=CELL_FDD",Reliable,2934.396,296.073
2026-04-10 22:00,60,"PI_UIO_CONOCOTO_UL/Cell:eNodeB Function Name=PI_UIO_CONOCOTOL21, Local Cell ID=9, Cell Name=PI_UIO_CONOCOTO_APT_9, eNodeB ID=44022, Cell FDD TDD indication=CELL_FDD",Reliable,3435.149,696.763
2026-04-10 22:00,60,"PIC_UIO_ALAMEDA_ULN/Cell:eNodeB Function Name=PIC_UIO_ALAMEDA_L, Local Cell ID=1, Cell Name=PIC_UIO_ALAMEDA_L21_1, eNodeB ID=44030, Cell FDD TDD indication=CELL_FDD",Reliable,983.956,121.519
2026-04-10 22:00,60,"PIC_UIO_ALAMEDA_ULN/Cell:eNodeB Function Name=PIC_UIO_ALAMEDA_L, Local Cell ID=2, Cell Name=PIC_UIO_ALAMEDA_L21_2, eNodeB ID=44030, Cell FDD TDD indication=CELL_FDD",Reliable,483.721,47.947
2026-04-10 22:00,60,"PIC_UIO_ALAMEDA_ULN/Cell:eNodeB Function Name=PIC_UIO_ALAMEDA_L, Local Cell ID=3, Cell Name=PIC_UIO_ALAMEDA_L21_3, eNodeB ID=44030, Cell FDD TDD indication=CELL_FDD",Reliable,451.857,37.664
2026-04-10 22:00,60,"PIC_UIO_ALAMEDA_ULN/Cell:eNodeB Function Name=PIC_UIO_ALAMEDA_L, Local Cell ID=7, Cell Name=PIC_UIO_ALAMEDA_L7_7, eNodeB ID=44030, Cell FDD TDD indication=CELL_FDD",Reliable,2898.387,362.968
2026-04-10 22:00,60,"PIC_UIO_ALAMEDA_ULN/Cell:eNodeB Function Name=PIC_UIO_ALAMEDA_L, Local Cell ID=8, Cell Name=PIC_UIO_ALAMEDA_L7_8, eNodeB ID=44030, Cell FDD TDD indication=CELL_FDD",Reliable,1964.561,280.375
2026-04-10 22:00,60,"PIC_UIO_ALAMEDA_ULN/Cell:eNodeB Function Name=PIC_UIO_ALAMEDA_L, Local Cell ID=9, Cell Name=PIC_UIO_ALAMEDA_L7_9, eNodeB ID=44030, Cell FDD TDD indication=CELL_FDD",Reliable,1191.473,101.613
2026-04-10 22:00,60,"PIC_UIO_ALAMEDA_ULN/Cell:eNodeB Function Name=PIC_UIO_ALAMEDA_L, Local Cell ID=11, Cell Name=PIC_UIO_ALAMEDA_L19_11, eNodeB ID=44030, Cell FDD TDD indication=CELL_FDD",Reliable,193.82,71.506
2026-04-10 22:00,60,"PIC_UIO_ALAMEDA_ULN/Cell:eNodeB Function Name=PIC_UIO_ALAMEDA_L, Local Cell ID=12, Cell Name=PIC_UIO_ALAMEDA_L19_12, eNodeB ID=44030, Cell FDD TDD indication=CELL_FDD",Reliable,45.784,6.443
2026-04-10 22:00,60,"PIC_UIO_ALAMEDA_ULN/Cell:eNodeB Function Name=PIC_UIO_ALAMEDA_L, Local Cell ID=13, Cell Name=PIC_UIO_ALAMEDA_L19_13, eNodeB ID=44030, Cell FDD TDD indication=CELL_FDD",Reliable,43.915,21.691
2026-04-10 22:00,60,"PI_UIO_VACA_DE_CASTRO_UL/Cell:eNodeB Function Name=PI_UIO_VACA_DE_CASTROL21, Local Cell ID=1, Cell Name=PI_UIO_VACA_DE_CASTRO_1, eNodeB ID=44194, Cell FDD TDD indication=CELL_FDD",Reliable,513.584,69.944
2026-04-10 22:00,60,"PI_UIO_VACA_DE_CASTRO_UL/Cell:eNodeB Function Name=PI_UIO_VACA_DE_CASTROL21, Local Cell ID=2, Cell Name=PI_UIO_VACA_DE_CASTRO_2, eNodeB ID=44194, Cell FDD TDD indication=CELL_FDD",Reliable,609.122,44.302
2026-04-10 22:00,60,"PI_UIO_VACA_DE_CASTRO_UL/Cell:eNodeB Function Name=PI_UIO_VACA_DE_CASTROL21, Local Cell ID=3, Cell Name=PI_UIO_VACA_DE_CASTRO_3, eNodeB ID=44194, Cell FDD TDD indication=CELL_FDD",Reliable,1000.861,69.118
2026-04-10 22:00,60,"PIC_UIO_TOMAS_DE_BERLANGA_ULN/Cell:eNodeB Function Name=PI_UIO_TOMAS_DE_BERLANGA_L, Local Cell ID=1, Cell Name=PI_UIO_TOMAS_DE_BERLANGA_1, eNodeB ID=44191, Cell FDD TDD indication=CELL_FDD",Reliable,140.405,53.285
2026-04-10 22:00,60,"PIC_UIO_TOMAS_DE_BERLANGA_ULN/Cell:eNodeB Function Name=PI_UIO_TOMAS_DE_BERLANGA_L, Local Cell ID=2, Cell Name=PI_UIO_TOMAS_DE_BERLANGA_2, eNodeB ID=44191, Cell FDD TDD indication=CELL_FDD",Reliable,348.476,43.434
2026-04-10 22:00,60,"PIC_UIO_TOMAS_DE_BERLANGA_ULN/Cell:eNodeB Function Name=PI_UIO_TOMAS_DE_BERLANGA_L, Local Cell ID=3, Cell Name=PI_UIO_TOMAS_DE_BERLANGA_3, eNodeB ID=44191, Cell FDD TDD indication=CELL_FDD",Reliable,5018.989,3343.484
2026-04-10 22:00,60,"PIC_UIO_TOMAS_DE_BERLANGA_ULN/Cell:eNodeB Function Name=PI_UIO_TOMAS_DE_BERLANGA_L, Local Cell ID=11, Cell Name=PI_UIO_TOMAS_DE_BERLANGA_11, eNodeB ID=44191, Cell FDD TDD indication=CELL_FDD",Reliable,11.189,0.449
2026-04-10 22:00,60,"PIC_UIO_TOMAS_DE_BERLANGA_ULN/Cell:eNodeB Function Name=PI_UIO_TOMAS_DE_BERLANGA_L, Local Cell ID=12, Cell Name=PI_UIO_TOMAS_DE_BERLANGA_12, eNodeB ID=44191, Cell FDD TDD indication=CELL_FDD",Reliable,5.254,0.459
2026-04-10 22:00,60,"PIC_UIO_TOMAS_DE_BERLANGA_ULN/Cell:eNodeB Function Name=PI_UIO_TOMAS_DE_BERLANGA_L, Local Cell ID=13, Cell Name=PI_UIO_TOMAS_DE_BERLANGA_13, eNodeB ID=44191, Cell FDD TDD indication=CELL_FDD",Reliable,230.722,227.965
2026-04-10 22:00,60,"PI_UIO_LA_GASCA_UL/Cell:eNodeB Function Name=PI_UIO_LA_GASCAL21, Local Cell ID=1, Cell Name=PI_UIO_LA_GASCA_1, eNodeB ID=44139, Cell FDD TDD indication=CELL_FDD",Reliable,518.908,297.287
2026-04-10 22:00,60,"PI_UIO_LA_GASCA_UL/Cell:eNodeB Function Name=PI_UIO_LA_GASCAL21, Local Cell ID=2, Cell Name=PI_UIO_LA_GASCA_2, eNodeB ID=44139, Cell FDD TDD indication=CELL_FDD",Reliable,571.417,33.111
2026-04-10 22:00,60,"PI_UIO_LA_GASCA_UL/Cell:eNodeB Function Name=PI_UIO_LA_GASCAL21, Local Cell ID=3, Cell Name=PI_UIO_LA_GASCA_3, eNodeB ID=44139, Cell FDD TDD indication=CELL_FDD",Reliable,1374.042,123.282
2026-04-10 22:00,60,"PIC_UIO_MARISCAL_SUCRE_ULN/Cell:eNodeB Function Name=PIC_UIO_MARISCAL_SUCRE_L, Local Cell ID=1, Cell Name=PIC_UIO_MARISCAL_SUCRE_L21_1, eNodeB ID=44008, Cell FDD TDD indication=CELL_FDD",Reliable,766.155,122.156
2026-04-10 22:00,60,"PIC_UIO_MARISCAL_SUCRE_ULN/Cell:eNodeB Function Name=PIC_UIO_MARISCAL_SUCRE_L, Local Cell ID=2, Cell Name=PIC_UIO_MARISCAL_SUCRE_L21_2, eNodeB ID=44008, Cell FDD TDD indication=CELL_FDD",Reliable,1344.413,111.517
2026-04-10 22:00,60,"PIC_UIO_MARISCAL_SUCRE_ULN/Cell:eNodeB Function Name=PIC_UIO_MARISCAL_SUCRE_L, Local Cell ID=3, Cell Name=PIC_UIO_MARISCAL_SUCRE_L21_3, eNodeB ID=44008, Cell FDD TDD indication=CELL_FDD",Reliable,911.643,111.146
2026-04-10 22:00,60,"PIC_UIO_MARISCAL_SUCRE_ULN/Cell:eNodeB Function Name=PIC_UIO_MARISCAL_SUCRE_L, Local Cell ID=7, Cell Name=PIC_UIO_MARISCAL_SUCRE_L7_7, eNodeB ID=44008, Cell FDD TDD indication=CELL_FDD",Reliable,619.379,188.947
2026-04-10 22:00,60,"PIC_UIO_MARISCAL_SUCRE_ULN/Cell:eNodeB Function Name=PIC_UIO_MARISCAL_SUCRE_L, Local Cell ID=8, Cell Name=PIC_UIO_MARISCAL_SUCRE_L7_8, eNodeB ID=44008, Cell FDD TDD indication=CELL_FDD",Reliable,2073.194,319.803
2026-04-10 22:00,60,"PIC_UIO_MARISCAL_SUCRE_ULN/Cell:eNodeB Function Name=PIC_UIO_MARISCAL_SUCRE_L, Local Cell ID=9, Cell Name=PIC_UIO_MARISCAL_SUCRE_L7_9, eNodeB ID=44008, Cell FDD TDD indication=CELL_FDD",Reliable,2809.064,125.538
2026-04-10 22:00,60,"PIC_UIO_MARISCAL_SUCRE_ULN/Cell:eNodeB Function Name=PIC_UIO_MARISCAL_SUCRE_L, Local Cell ID=11, Cell Name=PIC_UIO_MARISCAL_SUCRE_L19_11, eNodeB ID=44008, Cell FDD TDD indication=CELL_FDD",Reliable,53.205,6.592
2026-04-10 22:00,60,"PIC_UIO_MARISCAL_SUCRE_ULN/Cell:eNodeB Function Name=PIC_UIO_MARISCAL_SUCRE_L, Local Cell ID=12, Cell Name=PIC_UIO_MARISCAL_SUCRE_L19_12, eNodeB ID=44008, Cell FDD TDD indication=CELL_FDD",Reliable,500.478,16.931
2026-04-10 22:00,60,"PIC_UIO_MARISCAL_SUCRE_ULN/Cell:eNodeB Function Name=PIC_UIO_MARISCAL_SUCRE_L, Local Cell ID=13, Cell Name=PIC_UIO_MARISCAL_SUCRE_L19_13, eNodeB ID=44008, Cell FDD TDD indication=CELL_FDD",Reliable,29.759,2.543
2026-04-10 22:00,60,"PI_UIO_PEDRO_ALVARADO_UL/Cell:eNodeB Function Name=PI_UIO_PEDRO_ALVARADOL21, Local Cell ID=1, Cell Name=PI_UIO_PEDRO_ALVARADO_1, eNodeB ID=44169, Cell FDD TDD indication=CELL_FDD",Reliable,1420.95,116.436
2026-04-10 22:00,60,"PI_UIO_PEDRO_ALVARADO_UL/Cell:eNodeB Function Name=PI_UIO_PEDRO_ALVARADOL21, Local Cell ID=2, Cell Name=PI_UIO_PEDRO_ALVARADO_2, eNodeB ID=44169, Cell FDD TDD indication=CELL_FDD",Reliable,90.264,11.174
2026-04-10 22:00,60,"PI_UIO_PEDRO_ALVARADO_UL/Cell:eNodeB Function Name=PI_UIO_PEDRO_ALVARADOL21, Local Cell ID=3, Cell Name=PI_UIO_PEDRO_ALVARADO_3, eNodeB ID=44169, Cell FDD TDD indication=CELL_FDD",Reliable,129.57,8.379
2026-04-10 22:00,60,"PI_UIO_FLORIDA_UL/Cell:eNodeB Function Name=PI_UIO_FLORIDAL21, Local Cell ID=1, Cell Name=PI_UIO_FLORIDA_1, eNodeB ID=44126, Cell FDD TDD indication=CELL_FDD",Reliable,1839.179,158.149
2026-04-10 22:00,60,"PI_UIO_FLORIDA_UL/Cell:eNodeB Function Name=PI_UIO_FLORIDAL21, Local Cell ID=2, Cell Name=PI_UIO_FLORIDA_2, eNodeB ID=44126, Cell FDD TDD indication=CELL_FDD",Reliable,859.431,39.61
2026-04-10 22:00,60,"PI_UIO_FLORIDA_UL/Cell:eNodeB Function Name=PI_UIO_FLORIDAL21, Local Cell ID=3, Cell Name=PI_UIO_FLORIDA_3, eNodeB ID=44126, Cell FDD TDD indication=CELL_FDD",Reliable,235.542,20.729
2026-04-10 22:00,60,"PI_UIO_HERMANO_MIGUEL_UL/Cell:eNodeB Function Name=PI_UIO_HERMANO_MIGUELL21, Local Cell ID=1, Cell Name=PI_UIO_HERMANO_MIGUEL_1, eNodeB ID=44104, Cell FDD TDD indication=CELL_FDD",Reliable,1007.885,108.452
2026-04-10 22:00,60,"PI_UIO_HERMANO_MIGUEL_UL/Cell:eNodeB Function Name=PI_UIO_HERMANO_MIGUELL21, Local Cell ID=2, Cell Name=PI_UIO_HERMANO_MIGUEL_2, eNodeB ID=44104, Cell FDD TDD indication=CELL_FDD",Reliable,374.477,25.55
2026-04-10 22:00,60,"PI_UIO_HERMANO_MIGUEL_UL/Cell:eNodeB Function Name=PI_UIO_HERMANO_MIGUELL21, Local Cell ID=3, Cell Name=PI_UIO_HERMANO_MIGUEL_3, eNodeB ID=44104, Cell FDD TDD indication=CELL_FDD",Reliable,235.304,24.571
2026-04-10 22:00,60,"PI_UIO_ALONSO_DE_ANGULO_UL/Cell:eNodeB Function Name=PI_UIO_ALONSO_DE_ANGULO_L, Local Cell ID=1, Cell Name=PI_UIO_ALONSO_DE_ANGULO_1, eNodeB ID=44058, Cell FDD TDD indication=CELL_FDD",Reliable,1681.954,77.264
2026-04-10 22:00,60,"PI_UIO_ALONSO_DE_ANGULO_UL/Cell:eNodeB Function Name=PI_UIO_ALONSO_DE_ANGULO_L, Local Cell ID=2, Cell Name=PI_UIO_ALONSO_DE_ANGULO_2, eNodeB ID=44058, Cell FDD TDD indication=CELL_FDD",Reliable,1499.772,115.79
2026-04-10 22:00,60,"PI_UIO_ALONSO_DE_ANGULO_UL/Cell:eNodeB Function Name=PI_UIO_ALONSO_DE_ANGULO_L, Local Cell ID=3, Cell Name=PI_UIO_ALONSO_DE_ANGULO_3, eNodeB ID=44058, Cell FDD TDD indication=CELL_FDD",Reliable,1048.483,76.149
2026-04-10 22:00,60,"PI_UIO_ALONSO_DE_ANGULO_UL/Cell:eNodeB Function Name=PI_UIO_ALONSO_DE_ANGULO_L, Local Cell ID=7, Cell Name=PI_UIO_ALONSO_DE_ANGULO_APT_7, eNodeB ID=44058, Cell FDD TDD indication=CELL_FDD",Reliable,703.937,70.187
2026-04-10 22:00,60,"PI_UIO_ALONSO_DE_ANGULO_UL/Cell:eNodeB Function Name=PI_UIO_ALONSO_DE_ANGULO_L, Local Cell ID=8, Cell Name=PI_UIO_ALONSO_DE_ANGULO_APT_8, eNodeB ID=44058, Cell FDD TDD indication=CELL_FDD",Reliable,2181.562,183.557
2026-04-10 22:00,60,"PI_UIO_ALONSO_DE_ANGULO_UL/Cell:eNodeB Function Name=PI_UIO_ALONSO_DE_ANGULO_L, Local Cell ID=9, Cell Name=PI_UIO_ALONSO_DE_ANGULO_APT_9, eNodeB ID=44058, Cell FDD TDD indication=CELL_FDD",Reliable,1958.931,297.608
2026-04-10 22:00,60,"PI_UIO_ALONSO_DE_ANGULO_UL/Cell:eNodeB Function Name=PI_UIO_ALONSO_DE_ANGULO_L, Local Cell ID=11, Cell Name=PI_UIO_ALONSO_DE_ANGULO_11, eNodeB ID=44058, Cell FDD TDD indication=CELL_FDD",Reliable,73.59,23.532
2026-04-10 22:00,60,"PI_UIO_ALONSO_DE_ANGULO_UL/Cell:eNodeB Function Name=PI_UIO_ALONSO_DE_ANGULO_L, Local Cell ID=12, Cell Name=PI_UIO_ALONSO_DE_ANGULO_12, eNodeB ID=44058, Cell FDD TDD indication=CELL_FDD",Reliable,115.926,15.581
2026-04-10 22:00,60,"PI_UIO_ALONSO_DE_ANGULO_UL/Cell:eNodeB Function Name=PI_UIO_ALONSO_DE_ANGULO_L, Local Cell ID=13, Cell Name=PI_UIO_ALONSO_DE_ANGULO_13, eNodeB ID=44058, Cell FDD TDD indication=CELL_FDD",Reliable,200.88,17.238
2026-04-10 22:00,60,"PI_UIO_EL_RECREO_UL/Cell:eNodeB Function Name=PI_UIO_EL_RECREO_L, Local Cell ID=1, Cell Name=PI_UIO_EL_RECREO_1, eNodeB ID=44121, Cell FDD TDD indication=CELL_FDD",Reliable,847.078,84.645
2026-04-10 22:00,60,"PI_UIO_EL_RECREO_UL/Cell:eNodeB Function Name=PI_UIO_EL_RECREO_L, Local Cell ID=2, Cell Name=PI_UIO_EL_RECREO_2, eNodeB ID=44121, Cell FDD TDD indication=CELL_FDD",Reliable,1971.009,204.04
2026-04-10 22:00,60,"PI_UIO_EL_RECREO_UL/Cell:eNodeB Function Name=PI_UIO_EL_RECREO_L, Local Cell ID=3, Cell Name=PI_UIO_EL_RECREO_3, eNodeB ID=44121, Cell FDD TDD indication=CELL_FDD",Reliable,888.327,82.716
2026-04-10 22:00,60,"PI_UIO_EL_RECREO_UL/Cell:eNodeB Function Name=PI_UIO_EL_RECREO_L, Local Cell ID=11, Cell Name=PI_UIO_EL_RECREO_11, eNodeB ID=44121, Cell FDD TDD indication=CELL_FDD",Reliable,71.829,3.471
2026-04-10 22:00,60,"PI_UIO_EL_RECREO_UL/Cell:eNodeB Function Name=PI_UIO_EL_RECREO_L, Local Cell ID=12, Cell Name=PI_UIO_EL_RECREO_12, eNodeB ID=44121, Cell FDD TDD indication=CELL_FDD",Reliable,384.458,36.7
2026-04-10 22:00,60,"PI_UIO_EL_RECREO_UL/Cell:eNodeB Function Name=PI_UIO_EL_RECREO_L, Local Cell ID=13, Cell Name=PI_UIO_EL_RECREO_13, eNodeB ID=44121, Cell FDD TDD indication=CELL_FDD",Reliable,164.822,17.198
2026-04-10 22:00,60,"PI_UIO_CHIRIYACU_ALTO_UL/Cell:eNodeB Function Name=PI_UIO_CHIRIYACU_ALTO_UL, Local Cell ID=1, Cell Name=PI_UIO_CHIRIYACU_ALTO_1, eNodeB ID=44098, Cell FDD TDD indication=CELL_FDD",Reliable,1125.769,79.416
2026-04-10 22:00,60,"PI_UIO_CHIRIYACU_ALTO_UL/Cell:eNodeB Function Name=PI_UIO_CHIRIYACU_ALTO_UL, Local Cell ID=2, Cell Name=PI_UIO_CHIRIYACU_ALTO_2, eNodeB ID=44098, Cell FDD TDD indication=CELL_FDD",Reliable,616.508,365.761
2026-04-10 22:00,60,"PI_UIO_CINCO_ESQUINAS_UL/Cell:eNodeB Function Name=PI_UIO_CINCO_ESQUINAS_UL, Local Cell ID=1, Cell Name=PI_UIO_CINCO_ESQUINAS_1, eNodeB ID=44099, Cell FDD TDD indication=CELL_FDD",Reliable,892.76,64.228
2026-04-10 22:00,60,"PI_UIO_CINCO_ESQUINAS_UL/Cell:eNodeB Function Name=PI_UIO_CINCO_ESQUINAS_UL, Local Cell ID=2, Cell Name=PI_UIO_CINCO_ESQUINAS_2, eNodeB ID=44099, Cell FDD TDD indication=CELL_FDD",Reliable,1013.346,61.084
2026-04-10 22:00,60,"PI_UIO_CINCO_ESQUINAS_UL/Cell:eNodeB Function Name=PI_UIO_CINCO_ESQUINAS_UL, Local Cell ID=3, Cell Name=PI_UIO_CINCO_ESQUINAS_3, eNodeB ID=44099, Cell FDD TDD indication=CELL_FDD",Reliable,577.573,29.584
2026-04-10 22:00,60,"PI_UIO_EL_TEJAR_UL/Cell:eNodeB Function Name=PI_UIO_EL_TEJARL21, Local Cell ID=1, Cell Name=PI_UIO_EL_TEJAR_1, eNodeB ID=44122, Cell FDD TDD indication=CELL_FDD",Reliable,1004.635,87.68
2026-04-10 22:00,60,"PI_UIO_EL_TEJAR_UL/Cell:eNodeB Function Name=PI_UIO_EL_TEJARL21, Local Cell ID=2, Cell Name=PI_UIO_EL_TEJAR_2, eNodeB ID=44122, Cell FDD TDD indication=CELL_FDD",Reliable,609.233,56.751
2026-04-10 22:00,60,"PI_UIO_AGUA_CLARA_UL/Cell:eNodeB Function Name=PI_UIO_AGUA_CLARAL21, Local Cell ID=1, Cell Name=PI_UIO_AGUA_CLARA_1, eNodeB ID=44077, Cell FDD TDD indication=CELL_FDD",Reliable,589.831,33.434
2026-04-10 22:00,60,"PI_UIO_AGUA_CLARA_UL/Cell:eNodeB Function Name=PI_UIO_AGUA_CLARAL21, Local Cell ID=2, Cell Name=PI_UIO_AGUA_CLARA_2, eNodeB ID=44077, Cell FDD TDD indication=CELL_FDD",Reliable,678.038,63.226
2026-04-10 22:00,60,"PI_UIO_COTOCOLLAO_UL/Cell:eNodeB Function Name=PI_UIO_COTOCOLLAOL21, Local Cell ID=1, Cell Name=PI_UIO_COTOCOLLAO_1, eNodeB ID=44107, Cell FDD TDD indication=CELL_FDD",Reliable,2483.596,174.942
2026-04-10 22:00,60,"PI_UIO_COTOCOLLAO_UL/Cell:eNodeB Function Name=PI_UIO_COTOCOLLAOL21, Local Cell ID=2, Cell Name=PI_UIO_COTOCOLLAO_2, eNodeB ID=44107, Cell FDD TDD indication=CELL_FDD",Reliable,223.01,19.541
2026-04-10 22:00,60,"PI_UIO_COTOCOLLAO_UL/Cell:eNodeB Function Name=PI_UIO_COTOCOLLAOL21, Local Cell ID=3, Cell Name=PI_UIO_COTOCOLLAO_3, eNodeB ID=44107, Cell FDD TDD indication=CELL_FDD",Reliable,382.676,25.978
2026-04-10 22:00,60,"PI_UIO_SAN_CARLOS_UL/Cell:eNodeB Function Name=PI_UIO_SAN_CARLOSL21, Local Cell ID=1, Cell Name=PI_UIO_SAN_CARLOS_1, eNodeB ID=44930, Cell FDD TDD indication=CELL_FDD",Reliable,1272.758,150.347
2026-04-10 22:00,60,"PI_UIO_SAN_CARLOS_UL/Cell:eNodeB Function Name=PI_UIO_SAN_CARLOSL21, Local Cell ID=2, Cell Name=PI_UIO_SAN_CARLOS_2, eNodeB ID=44930, Cell FDD TDD indication=CELL_FDD",Reliable,321.988,26.81
2026-04-10 22:00,60,"PI_UIO_SAN_CARLOS_UL/Cell:eNodeB Function Name=PI_UIO_SAN_CARLOSL21, Local Cell ID=3, Cell Name=PI_UIO_SAN_CARLOS_3, eNodeB ID=44930, Cell FDD TDD indication=CELL_FDD",Reliable,2529.636,163.635
2026-04-10 22:00,60,"PI_UIO_EL_CONDADO_UL/Cell:eNodeB Function Name=PI_UIO_EL_CONDADOL21, Local Cell ID=1, Cell Name=PI_UIO_EL_CONDADO_1, eNodeB ID=44003, Cell FDD TDD indication=CELL_FDD",Reliable,6324.674,80.75
2026-04-10 22:00,60,"PI_UIO_EL_CONDADO_UL/Cell:eNodeB Function Name=PI_UIO_EL_CONDADOL21, Local Cell ID=2, Cell Name=PI_UIO_EL_CONDADO_2, eNodeB ID=44003, Cell FDD TDD indication=CELL_FDD",Reliable,1026.821,85.423
2026-04-10 22:00,60,"PI_UIO_EL_CONDADO_UL/Cell:eNodeB Function Name=PI_UIO_EL_CONDADOL21, Local Cell ID=3, Cell Name=PI_UIO_EL_CONDADO_3, eNodeB ID=44003, Cell FDD TDD indication=CELL_FDD",Reliable,2348.145,197.263
2026-04-10 22:00,60,"PI_UIO_EL_CONDADO_UL/Cell:eNodeB Function Name=PI_UIO_EL_CONDADOL21, Local Cell ID=7, Cell Name=PI_UIO_EL_CONDADO_APT_7, eNodeB ID=44003, Cell FDD TDD indication=CELL_FDD",Reliable,2162.923,181.76
2026-04-10 22:00,60,"PI_UIO_EL_CONDADO_UL/Cell:eNodeB Function Name=PI_UIO_EL_CONDADOL21, Local Cell ID=8, Cell Name=PI_UIO_EL_CONDADO_APT_8, eNodeB ID=44003, Cell FDD TDD indication=CELL_FDD",Reliable,3892.943,582.985
2026-04-10 22:00,60,"PI_UIO_EL_CONDADO_UL/Cell:eNodeB Function Name=PI_UIO_EL_CONDADOL21, Local Cell ID=9, Cell Name=PI_UIO_EL_CONDADO_APT_9, eNodeB ID=44003, Cell FDD TDD indication=CELL_FDD",Reliable,201.571,13.632
2026-04-10 22:00,60,"PI_UIO_CHILIBULO_UL/Cell:eNodeB Function Name=PI_UIO_CHILIBULOL21, Local Cell ID=1, Cell Name=PI_UIO_CHILIBULO_1, eNodeB ID=44097, Cell FDD TDD indication=CELL_FDD",Reliable,1622.431,87.897
2026-04-10 22:00,60,"PI_UIO_CHILIBULO_UL/Cell:eNodeB Function Name=PI_UIO_CHILIBULOL21, Local Cell ID=2, Cell Name=PI_UIO_CHILIBULO_2, eNodeB ID=44097, Cell FDD TDD indication=CELL_FDD",Reliable,1626.784,96.311
2026-04-10 22:00,60,"PI_UIO_ABELARDO_MONCAYO_UL/Cell:eNodeB Function Name=PI_UIO_ABELARDO_MONCAYOL21, Local Cell ID=1, Cell Name=PI_UIO_ABELARDO_MONCAYO_1, eNodeB ID=44076, Cell FDD TDD indication=CELL_FDD",Reliable,231.563,18.643
2026-04-10 22:00,60,"PI_UIO_ABELARDO_MONCAYO_UL/Cell:eNodeB Function Name=PI_UIO_ABELARDO_MONCAYOL21, Local Cell ID=2, Cell Name=PI_UIO_ABELARDO_MONCAYO_2, eNodeB ID=44076, Cell FDD TDD indication=CELL_FDD",Reliable,1015.526,72.887
2026-04-10 22:00,60,"PI_UIO_ABELARDO_MONCAYO_UL/Cell:eNodeB Function Name=PI_UIO_ABELARDO_MONCAYOL21, Local Cell ID=3, Cell Name=PI_UIO_ABELARDO_MONCAYO_3, eNodeB ID=44076, Cell FDD TDD indication=CELL_FDD",Reliable,61.496,8.531
2026-04-10 22:00,60,"PI_UIO_PUENTE_GUAJALO_UL/Cell:eNodeB Function Name=PI_UIO_PUENTE_GUAJALOL21, Local Cell ID=1, Cell Name=PIC_UIO_PUENTE_GUAJALO_L21_1, eNodeB ID=44178, Cell FDD TDD indication=CELL_FDD",Reliable,232.719,22.828
2026-04-10 22:00,60,"PI_UIO_PUENTE_GUAJALO_UL/Cell:eNodeB Function Name=PI_UIO_PUENTE_GUAJALOL21, Local Cell ID=2, Cell Name=PIC_UIO_PUENTE_GUAJALO_L21_2, eNodeB ID=44178, Cell FDD TDD indication=CELL_FDD",Reliable,1378.289,95.645
2026-04-10 22:00,60,"PI_UIO_PUENTE_GUAJALO_UL/Cell:eNodeB Function Name=PI_UIO_PUENTE_GUAJALOL21, Local Cell ID=3, Cell Name=PIC_UIO_PUENTE_GUAJALO_L21_3, eNodeB ID=44178, Cell FDD TDD indication=CELL_FDD",Reliable,744.504,50.905
2026-04-10 22:00,60,"PI_UIO_WHIMPER_UL/Cell:eNodeB Function Name=PI_UIO_WHIMPER_L, Local Cell ID=1, Cell Name=PI_UIO_WHIMPER_1, eNodeB ID=44041, Cell FDD TDD indication=CELL_FDD",Reliable,490.358,104.369
2026-04-10 22:00,60,"PI_UIO_WHIMPER_UL/Cell:eNodeB Function Name=PI_UIO_WHIMPER_L, Local Cell ID=2, Cell Name=PI_UIO_WHIMPER_2, eNodeB ID=44041, Cell FDD TDD indication=CELL_FDD",Reliable,1465.143,144.333
2026-04-10 22:00,60,"PI_UIO_WHIMPER_UL/Cell:eNodeB Function Name=PI_UIO_WHIMPER_L, Local Cell ID=3, Cell Name=PI_UIO_WHIMPER_3, eNodeB ID=44041, Cell FDD TDD indication=CELL_FDD",Reliable,765.096,381.208
2026-04-10 22:00,60,"PI_UIO_WHIMPER_UL/Cell:eNodeB Function Name=PI_UIO_WHIMPER_L, Local Cell ID=7, Cell Name=PI_UIO_WHIMPER_APT_7, eNodeB ID=44041, Cell FDD TDD indication=CELL_FDD",Reliable,588.737,251.541
2026-04-10 22:00,60,"PI_UIO_WHIMPER_UL/Cell:eNodeB Function Name=PI_UIO_WHIMPER_L, Local Cell ID=8, Cell Name=PI_UIO_WHIMPER_APT_8, eNodeB ID=44041, Cell FDD TDD indication=CELL_FDD",Reliable,354.925,112.423
2026-04-10 22:00,60,"PI_UIO_WHIMPER_UL/Cell:eNodeB Function Name=PI_UIO_WHIMPER_L, Local Cell ID=9, Cell Name=PI_UIO_WHIMPER_APT_9, eNodeB ID=44041, Cell FDD TDD indication=CELL_FDD",Reliable,659.959,109.668
2026-04-10 22:00,60,"PI_UIO_WHIMPER_UL/Cell:eNodeB Function Name=PI_UIO_WHIMPER_L, Local Cell ID=11, Cell Name=PI_UIO_WHIMPER_11, eNodeB ID=44041, Cell FDD TDD indication=CELL_FDD",Reliable,73.155,8.505
2026-04-10 22:00,60,"PI_UIO_WHIMPER_UL/Cell:eNodeB Function Name=PI_UIO_WHIMPER_L, Local Cell ID=12, Cell Name=PI_UIO_WHIMPER_12, eNodeB ID=44041, Cell FDD TDD indication=CELL_FDD",Reliable,175.307,17.752
2026-04-10 22:00,60,"PI_UIO_WHIMPER_UL/Cell:eNodeB Function Name=PI_UIO_WHIMPER_L, Local Cell ID=13, Cell Name=PI_UIO_WHIMPER_13, eNodeB ID=44041, Cell FDD TDD indication=CELL_FDD",Reliable,79.066,13.644
2026-04-10 22:00,60,"PIC_UIO_ALTOS_DEL_VALLE_ULN/Cell:eNodeB Function Name=PIC_UIO_ALTOS_DEL_VALLE_L, Local Cell ID=1, Cell Name=PIC_UIO_ALTOS_DEL_VALLE_L21_1, eNodeB ID=44079, Cell FDD TDD indication=CELL_FDD",Reliable,144.005,99.055
2026-04-10 22:00,60,"PIC_UIO_ALTOS_DEL_VALLE_ULN/Cell:eNodeB Function Name=PIC_UIO_ALTOS_DEL_VALLE_L, Local Cell ID=2, Cell Name=PIC_UIO_ALTOS_DEL_VALLE_L21_2, eNodeB ID=44079, Cell FDD TDD indication=CELL_FDD",Reliable,351.548,228.315
2026-04-10 22:00,60,"PIC_UIO_ALTOS_DEL_VALLE_ULN/Cell:eNodeB Function Name=PIC_UIO_ALTOS_DEL_VALLE_L, Local Cell ID=3, Cell Name=PIC_UIO_ALTOS_DEL_VALLE_L21_3, eNodeB ID=44079, Cell FDD TDD indication=CELL_FDD",Reliable,85.972,20.788
2026-04-10 22:00,60,"PIC_UIO_ALTOS_DEL_VALLE_ULN/Cell:eNodeB Function Name=PIC_UIO_ALTOS_DEL_VALLE_L, Local Cell ID=7, Cell Name=PIC_UIO_ALTOS_DEL_VALLE_L7_7, eNodeB ID=44079, Cell FDD TDD indication=CELL_FDD",Reliable,460.354,112.223
2026-04-10 22:00,60,"PIC_UIO_ALTOS_DEL_VALLE_ULN/Cell:eNodeB Function Name=PIC_UIO_ALTOS_DEL_VALLE_L, Local Cell ID=8, Cell Name=PIC_UIO_ALTOS_DEL_VALLE_L7_8, eNodeB ID=44079, Cell FDD TDD indication=CELL_FDD",Reliable,969.806,94.108
2026-04-10 22:00,60,"PIC_UIO_ALTOS_DEL_VALLE_ULN/Cell:eNodeB Function Name=PIC_UIO_ALTOS_DEL_VALLE_L, Local Cell ID=9, Cell Name=PIC_UIO_ALTOS_DEL_VALLE_L7_9, eNodeB ID=44079, Cell FDD TDD indication=CELL_FDD",Reliable,647.529,82.522
2026-04-10 22:00,60,"PIC_UIO_VIVALDI_UL/Cell:eNodeB Function Name=PIC_UIO_VIVALDI_L, Local Cell ID=9, Cell Name=PIC_UIO_VIVALDI_L7_9, eNodeB ID=44023, Cell FDD TDD indication=CELL_FDD",Reliable,338.981,54.795
2026-04-10 22:00,60,"PIC_UIO_VIVALDI_UL/Cell:eNodeB Function Name=PIC_UIO_VIVALDI_L, Local Cell ID=8, Cell Name=PIC_UIO_VIVALDI_L7_8, eNodeB ID=44023, Cell FDD TDD indication=CELL_FDD",Reliable,331.775,28.799
2026-04-10 22:00,60,"PIC_UIO_VIVALDI_UL/Cell:eNodeB Function Name=PIC_UIO_VIVALDI_L, Local Cell ID=7, Cell Name=PIC_UIO_VIVALDI_L7_7, eNodeB ID=44023, Cell FDD TDD indication=CELL_FDD",Reliable,357.839,52
2026-04-10 22:00,60,"PIC_UIO_VIVALDI_UL/Cell:eNodeB Function Name=PIC_UIO_VIVALDI_L, Local Cell ID=3, Cell Name=PIC_UIO_VIVALDI_L21_3, eNodeB ID=44023, Cell FDD TDD indication=CELL_FDD",Reliable,1534.213,81.695
2026-04-10 22:00,60,"PIC_UIO_VIVALDI_UL/Cell:eNodeB Function Name=PIC_UIO_VIVALDI_L, Local Cell ID=2, Cell Name=PIC_UIO_VIVALDI_L21_2, eNodeB ID=44023, Cell FDD TDD indication=CELL_FDD",Reliable,573.528,35.045
2026-04-10 22:00,60,"PIC_UIO_VIVALDI_UL/Cell:eNodeB Function Name=PIC_UIO_VIVALDI_L, Local Cell ID=1, Cell Name=PIC_UIO_VIVALDI_L21_1, eNodeB ID=44023, Cell FDD TDD indication=CELL_FDD",Reliable,1942.515,162.401
2026-04-10 22:00,60,"PIC_UIO_VIVALDI_UL/Cell:eNodeB Function Name=PIC_UIO_VIVALDI_L, Local Cell ID=11, Cell Name=PIC_UIO_VIVALDI_L19_11, eNodeB ID=44023, Cell FDD TDD indication=CELL_FDD",Reliable,116.443,19.219
2026-04-10 22:00,60,"PIC_UIO_VIVALDI_UL/Cell:eNodeB Function Name=PIC_UIO_VIVALDI_L, Local Cell ID=12, Cell Name=PIC_UIO_VIVALDI_L19_12, eNodeB ID=44023, Cell FDD TDD indication=CELL_FDD",Reliable,2.251,0.428
2026-04-10 22:00,60,"PIC_UIO_VIVALDI_UL/Cell:eNodeB Function Name=PIC_UIO_VIVALDI_L, Local Cell ID=13, Cell Name=PIC_UIO_VIVALDI_L19_13, eNodeB ID=44023, Cell FDD TDD indication=CELL_FDD",Reliable,141.55,11.204
2026-04-10 22:00,60,"PIC_UIO_MULTICENTRO_ULN/Cell:eNodeB Function Name=PI_UIO_MULTICENTRO_L, Local Cell ID=3, Cell Name=PI_UIO_MULTICENTRO_3, eNodeB ID=44064, Cell FDD TDD indication=CELL_FDD",Reliable,764.937,73.938
2026-04-10 22:00,60,"PIC_UIO_MULTICENTRO_ULN/Cell:eNodeB Function Name=PI_UIO_MULTICENTRO_L, Local Cell ID=2, Cell Name=PI_UIO_MULTICENTRO_2, eNodeB ID=44064, Cell FDD TDD indication=CELL_FDD",Reliable,2377.228,171.42
2026-04-10 22:00,60,"PIC_UIO_MULTICENTRO_ULN/Cell:eNodeB Function Name=PI_UIO_MULTICENTRO_L, Local Cell ID=1, Cell Name=PI_UIO_MULTICENTRO_1, eNodeB ID=44064, Cell FDD TDD indication=CELL_FDD",Reliable,342.269,22.082
2026-04-10 22:00,60,"PIC_UIO_MULTICENTRO_ULN/Cell:eNodeB Function Name=PI_UIO_MULTICENTRO_L, Local Cell ID=11, Cell Name=PI_UIO_MULTICENTRO_11, eNodeB ID=44064, Cell FDD TDD indication=CELL_FDD",Reliable,377.294,57.903
2026-04-10 22:00,60,"PIC_UIO_MULTICENTRO_ULN/Cell:eNodeB Function Name=PI_UIO_MULTICENTRO_L, Local Cell ID=12, Cell Name=PI_UIO_MULTICENTRO_12, eNodeB ID=44064, Cell FDD TDD indication=CELL_FDD",Reliable,597.88,56.726
2026-04-10 22:00,60,"PIC_UIO_MULTICENTRO_ULN/Cell:eNodeB Function Name=PI_UIO_MULTICENTRO_L, Local Cell ID=13, Cell Name=PI_UIO_MULTICENTRO_13, eNodeB ID=44064, Cell FDD TDD indication=CELL_FDD",Reliable,6.078,1.036
2026-04-10 22:00,60,"PI_UIO_EL_BEATERIO_UL/Cell:eNodeB Function Name=PI_UIO_EL_BEATERIOL21, Local Cell ID=1, Cell Name=PIC_UIO_EL_BEATERIO_L21_1, eNodeB ID=44114, Cell FDD TDD indication=CELL_FDD",Reliable,2151.982,82.873
2026-04-10 22:00,60,"PI_UIO_EL_BEATERIO_UL/Cell:eNodeB Function Name=PI_UIO_EL_BEATERIOL21, Local Cell ID=2, Cell Name=PIC_UIO_EL_BEATERIO_L21_2, eNodeB ID=44114, Cell FDD TDD indication=CELL_FDD",Reliable,1332.097,79.51
2026-04-10 22:00,60,"PI_UIO_EL_BEATERIO_UL/Cell:eNodeB Function Name=PI_UIO_EL_BEATERIOL21, Local Cell ID=3, Cell Name=PIC_UIO_EL_BEATERIO_L21_3, eNodeB ID=44114, Cell FDD TDD indication=CELL_FDD",Reliable,606.573,37.69
2026-04-10 22:00,60,"PI_UIO_SOLANDA_UL/Cell:eNodeB Function Name=PI_UIO_SOLANDAL21, Local Cell ID=1, Cell Name=PI_UIO_SOLANDA_1, eNodeB ID=44189, Cell FDD TDD indication=CELL_FDD",Reliable,1886.777,94.86
2026-04-10 22:00,60,"PI_UIO_SOLANDA_UL/Cell:eNodeB Function Name=PI_UIO_SOLANDAL21, Local Cell ID=2, Cell Name=PI_UIO_SOLANDA_2, eNodeB ID=44189, Cell FDD TDD indication=CELL_FDD",Reliable,578.902,67.957
2026-04-10 22:00,60,"PI_UIO_SOLANDA_UL/Cell:eNodeB Function Name=PI_UIO_SOLANDAL21, Local Cell ID=3, Cell Name=PI_UIO_SOLANDA_3, eNodeB ID=44189, Cell FDD TDD indication=CELL_FDD",Reliable,2646.697,730.42
2026-04-10 22:00,60,"PI_UIO_BILOXI_UL/Cell:eNodeB Function Name=PI_UIO_BILOXIL21, Local Cell ID=1, Cell Name=PI_UIO_BILOXI_1, eNodeB ID=44085, Cell FDD TDD indication=CELL_FDD",Reliable,1365.592,149.651
2026-04-10 22:00,60,"PI_UIO_BILOXI_UL/Cell:eNodeB Function Name=PI_UIO_BILOXIL21, Local Cell ID=2, Cell Name=PI_UIO_BILOXI_2, eNodeB ID=44085, Cell FDD TDD indication=CELL_FDD",Reliable,1159.352,106.5
2026-04-10 22:00,60,"PI_UIO_BILOXI_UL/Cell:eNodeB Function Name=PI_UIO_BILOXIL21, Local Cell ID=3, Cell Name=PI_UIO_BILOXI_3, eNodeB ID=44085, Cell FDD TDD indication=CELL_FDD",Reliable,1156.525,111.363
2026-04-10 22:00,60,"PI_UIO_EL_CALZADO_UL/Cell:eNodeB Function Name=PI_UIO_EL_CALZADOL21, Local Cell ID=1, Cell Name=PI_UIO_EL_CALZADO_1, eNodeB ID=44116, Cell FDD TDD indication=CELL_FDD",Reliable,3403.26,541.393
2026-04-10 22:00,60,"PI_UIO_EL_CALZADO_UL/Cell:eNodeB Function Name=PI_UIO_EL_CALZADOL21, Local Cell ID=2, Cell Name=PI_UIO_EL_CALZADO_2, eNodeB ID=44116, Cell FDD TDD indication=CELL_FDD",Reliable,2977.373,341.355
2026-04-10 22:00,60,"PI_UIO_EL_CALZADO_UL/Cell:eNodeB Function Name=PI_UIO_EL_CALZADOL21, Local Cell ID=3, Cell Name=PI_UIO_EL_CALZADO_3, eNodeB ID=44116, Cell FDD TDD indication=CELL_FDD",Reliable,1380.278,244.091
2026-04-10 22:00,60,"PI_UIO_LA_ARMENIA_UL/Cell:eNodeB Function Name=PI_UIO_LA_ARMENIAL21, Local Cell ID=1, Cell Name=PI_UIO_LA_ARMENIA_1, eNodeB ID=44136, Cell FDD TDD indication=CELL_FDD",Reliable,2901.426,484.14
2026-04-10 22:00,60,"PI_UIO_LA_ARMENIA_UL/Cell:eNodeB Function Name=PI_UIO_LA_ARMENIAL21, Local Cell ID=2, Cell Name=PI_UIO_LA_ARMENIA_2, eNodeB ID=44136, Cell FDD TDD indication=CELL_FDD",Reliable,2736.375,234.044
2026-04-10 22:00,60,"PI_UIO_LA_ARMENIA_UL/Cell:eNodeB Function Name=PI_UIO_LA_ARMENIAL21, Local Cell ID=3, Cell Name=PI_UIO_LA_ARMENIA_3, eNodeB ID=44136, Cell FDD TDD indication=CELL_FDD",Reliable,159.071,11.003
2026-04-10 22:00,60,"PI_UIO_COL_CONS_PROVINCIAL_UL/Cell:eNodeB Function Name=PI_UIO_COL_CONS_PROVINCIALL21, Local Cell ID=1, Cell Name=PI_UIO_COL_CONS_PROVINCIAL_1, eNodeB ID=44101, Cell FDD TDD indication=CELL_FDD",Reliable,716.782,43.511
2026-04-10 22:00,60,"PI_UIO_COL_CONS_PROVINCIAL_UL/Cell:eNodeB Function Name=PI_UIO_COL_CONS_PROVINCIALL21, Local Cell ID=2, Cell Name=PI_UIO_COL_CONS_PROVINCIAL_2, eNodeB ID=44101, Cell FDD TDD indication=CELL_FDD",Reliable,650.877,114.558
2026-04-10 22:00,60,"PI_UIO_CDLA_IBARRA_UL/Cell:eNodeB Function Name=PI_UIO_CDLA_IBARRAL21, Local Cell ID=1, Cell Name=PIC_UIO_CDLA_IBARRA_L21_1, eNodeB ID=44096, Cell FDD TDD indication=CELL_FDD",Reliable,256.05,27.391
2026-04-10 22:00,60,"PI_UIO_CDLA_IBARRA_UL/Cell:eNodeB Function Name=PI_UIO_CDLA_IBARRAL21, Local Cell ID=2, Cell Name=PIC_UIO_CDLA_IBARRA_L21_2, eNodeB ID=44096, Cell FDD TDD indication=CELL_FDD",Reliable,98.826,13.295
2026-04-10 22:00,60,"PI_UIO_CDLA_IBARRA_UL/Cell:eNodeB Function Name=PI_UIO_CDLA_IBARRAL21, Local Cell ID=3, Cell Name=PIC_UIO_CDLA_IBARRA_L21_3, eNodeB ID=44096, Cell FDD TDD indication=CELL_FDD",Reliable,329.101,36.464
2026-04-10 22:00,60,"PI_UIO_PIO_DOCE_UL/Cell:eNodeB Function Name=PI_UIO_PIO_DOCEL21, Local Cell ID=1, Cell Name=PI_UIO_PIO_DOCE_1, eNodeB ID=44171, Cell FDD TDD indication=CELL_FDD",Reliable,467.836,24.095
2026-04-10 22:00,60,"PI_UIO_PIO_DOCE_UL/Cell:eNodeB Function Name=PI_UIO_PIO_DOCEL21, Local Cell ID=2, Cell Name=PI_UIO_PIO_DOCE_2, eNodeB ID=44171, Cell FDD TDD indication=CELL_FDD",Reliable,289.156,46.37
2026-04-10 22:00,60,"PI_UIO_PIO_DOCE_UL/Cell:eNodeB Function Name=PI_UIO_PIO_DOCEL21, Local Cell ID=3, Cell Name=PI_UIO_PIO_DOCE_3, eNodeB ID=44171, Cell FDD TDD indication=CELL_FDD",Reliable,265.197,33.124
2026-04-10 22:00,60,"PI_UIO_BRASIL_UL/Cell:eNodeB Function Name=PI_UIO_BRASIL_L, Local Cell ID=1, Cell Name=PI_UIO_BRASIL_1, eNodeB ID=44029, Cell FDD TDD indication=CELL_FDD",Reliable,1209.889,74.962
2026-04-10 22:00,60,"PI_UIO_BRASIL_UL/Cell:eNodeB Function Name=PI_UIO_BRASIL_L, Local Cell ID=2, Cell Name=PI_UIO_BRASIL_2, eNodeB ID=44029, Cell FDD TDD indication=CELL_FDD",Reliable,2194.99,238.862
2026-04-10 22:00,60,"PI_UIO_BRASIL_UL/Cell:eNodeB Function Name=PI_UIO_BRASIL_L, Local Cell ID=3, Cell Name=PI_UIO_BRASIL_3, eNodeB ID=44029, Cell FDD TDD indication=CELL_FDD",Reliable,1358.317,102.498
2026-04-10 22:00,60,"PI_UIO_BRASIL_UL/Cell:eNodeB Function Name=PI_UIO_BRASIL_L, Local Cell ID=7, Cell Name=PI_UIO_BRASIL_APT_7, eNodeB ID=44029, Cell FDD TDD indication=CELL_FDD",Reliable,1576.73,160.005
2026-04-10 22:00,60,"PI_UIO_BRASIL_UL/Cell:eNodeB Function Name=PI_UIO_BRASIL_L, Local Cell ID=8, Cell Name=PI_UIO_BRASIL_APT_8, eNodeB ID=44029, Cell FDD TDD indication=CELL_FDD",Reliable,1494.105,325.506
2026-04-10 22:00,60,"PI_UIO_BRASIL_UL/Cell:eNodeB Function Name=PI_UIO_BRASIL_L, Local Cell ID=9, Cell Name=PI_UIO_BRASIL_APT_9, eNodeB ID=44029, Cell FDD TDD indication=CELL_FDD",Reliable,3610.547,419.041
2026-04-10 22:00,60,"PI_UIO_BRASIL_UL/Cell:eNodeB Function Name=PI_UIO_BRASIL_L, Local Cell ID=11, Cell Name=PI_UIO_BRASIL_11, eNodeB ID=44029, Cell FDD TDD indication=CELL_FDD",Reliable,88.654,5.38
2026-04-10 22:00,60,"PI_UIO_BRASIL_UL/Cell:eNodeB Function Name=PI_UIO_BRASIL_L, Local Cell ID=12, Cell Name=PI_UIO_BRASIL_12, eNodeB ID=44029, Cell FDD TDD indication=CELL_FDD",Reliable,154.798,49.04
2026-04-10 22:00,60,"PI_UIO_BRASIL_UL/Cell:eNodeB Function Name=PI_UIO_BRASIL_L, Local Cell ID=13, Cell Name=PI_UIO_BRASIL_13, eNodeB ID=44029, Cell FDD TDD indication=CELL_FDD",Reliable,3.459,1.578
2026-04-10 22:00,60,"PI_UIO_AJAVI_UL/Cell:eNodeB Function Name=PI_UIO_AJAVIL21, Local Cell ID=1, Cell Name=PIC_UIO_AJAVI_L21_1, eNodeB ID=44078, Cell FDD TDD indication=CELL_FDD",Reliable,2069.124,160.704
2026-04-10 22:00,60,"PI_UIO_AJAVI_UL/Cell:eNodeB Function Name=PI_UIO_AJAVIL21, Local Cell ID=2, Cell Name=PIC_UIO_AJAVI_L21_2, eNodeB ID=44078, Cell FDD TDD indication=CELL_FDD",Reliable,1980.097,113.88
2026-04-10 22:00,60,"PI_UIO_AJAVI_UL/Cell:eNodeB Function Name=PI_UIO_AJAVIL21, Local Cell ID=3, Cell Name=PIC_UIO_AJAVI_L21_3, eNodeB ID=44078, Cell FDD TDD indication=CELL_FDD",Reliable,1638.804,140.949
2026-04-10 22:00,60,"PI_UIO_PATRONATO_SAN_JOSE_UL/Cell:eNodeB Function Name=PIC_UIO_PATRONATO_SAN_JOSE_L, Local Cell ID=1, Cell Name=PI_UIO_PATRONATO_SAN_JOSE_1, eNodeB ID=44168, Cell FDD TDD indication=CELL_FDD",Reliable,3877.269,183.572
2026-04-10 22:00,60,"PI_UIO_PATRONATO_SAN_JOSE_UL/Cell:eNodeB Function Name=PIC_UIO_PATRONATO_SAN_JOSE_L, Local Cell ID=2, Cell Name=PI_UIO_PATRONATO_SAN_JOSE_2, eNodeB ID=44168, Cell FDD TDD indication=CELL_FDD",Reliable,101.567,10.977
2026-04-10 22:00,60,"PI_UIO_PATRONATO_SAN_JOSE_UL/Cell:eNodeB Function Name=PIC_UIO_PATRONATO_SAN_JOSE_L, Local Cell ID=3, Cell Name=PI_UIO_PATRONATO_SAN_JOSE_3, eNodeB ID=44168, Cell FDD TDD indication=CELL_FDD",Reliable,1667.821,336.595
2026-04-10 22:00,60,"PI_UIO_ECUATORIANA_UL/Cell:eNodeB Function Name=PI_UIO_ECUATORIANAL21, Local Cell ID=1, Cell Name=PI_UIO_ECUATORIANA_1, eNodeB ID=44113, Cell FDD TDD indication=CELL_FDD",Reliable,942.273,80.775
2026-04-10 22:00,60,"PI_UIO_ECUATORIANA_UL/Cell:eNodeB Function Name=PI_UIO_ECUATORIANAL21, Local Cell ID=2, Cell Name=PI_UIO_ECUATORIANA_2, eNodeB ID=44113, Cell FDD TDD indication=CELL_FDD",Reliable,69.666,10.52
2026-04-10 22:00,60,"PI_UIO_ECUATORIANA_UL/Cell:eNodeB Function Name=PI_UIO_ECUATORIANAL21, Local Cell ID=3, Cell Name=PI_UIO_ECUATORIANA_3, eNodeB ID=44113, Cell FDD TDD indication=CELL_FDD",Reliable,634.682,62.149
2026-04-10 22:00,60,"PI_UIO_VILLAFLORA_UL/Cell:eNodeB Function Name=PI_UIO_VILLAFLORAL21, Local Cell ID=1, Cell Name=PI_UIO_VILLAFLORA_1, eNodeB ID=44020, Cell FDD TDD indication=CELL_FDD",Reliable,468.073,34.793
2026-04-10 22:00,60,"PI_UIO_VILLAFLORA_UL/Cell:eNodeB Function Name=PI_UIO_VILLAFLORAL21, Local Cell ID=2, Cell Name=PI_UIO_VILLAFLORA_2, eNodeB ID=44020, Cell FDD TDD indication=CELL_FDD",Reliable,188.514,42.062
2026-04-10 22:00,60,"PI_UIO_VILLAFLORA_UL/Cell:eNodeB Function Name=PI_UIO_VILLAFLORAL21, Local Cell ID=3, Cell Name=PI_UIO_VILLAFLORA_3, eNodeB ID=44020, Cell FDD TDD indication=CELL_FDD",Reliable,116.232,14.596
2026-04-10 22:00,60,"PI_UIO_VILLAFLORA_UL/Cell:eNodeB Function Name=PI_UIO_VILLAFLORAL21, Local Cell ID=7, Cell Name=PI_UIO_VILLAFLORA_APT_7, eNodeB ID=44020, Cell FDD TDD indication=CELL_FDD",Reliable,3530.563,468.116
2026-04-10 22:00,60,"PI_UIO_VILLAFLORA_UL/Cell:eNodeB Function Name=PI_UIO_VILLAFLORAL21, Local Cell ID=8, Cell Name=PI_UIO_VILLAFLORA_APT_8, eNodeB ID=44020, Cell FDD TDD indication=CELL_FDD",Reliable,1287.299,159.856
2026-04-10 22:00,60,"PI_UIO_VILLAFLORA_UL/Cell:eNodeB Function Name=PI_UIO_VILLAFLORAL21, Local Cell ID=9, Cell Name=PI_UIO_VILLAFLORA_APT_9, eNodeB ID=44020, Cell FDD TDD indication=CELL_FDD",Reliable,2197.394,264.034
2026-04-10 22:00,60,"PI_UIO_PUENTE_NUEVE_UL/Cell:eNodeB Function Name=PIC_UIO_PUENTE_NUEVE_L, Local Cell ID=1, Cell Name=PI_UIO_PUENTE_NUEVE_1, eNodeB ID=44179, Cell FDD TDD indication=CELL_FDD",Reliable,674.107,71.348
2026-04-10 22:00,60,"PI_UIO_PUENTE_NUEVE_UL/Cell:eNodeB Function Name=PIC_UIO_PUENTE_NUEVE_L, Local Cell ID=2, Cell Name=PI_UIO_PUENTE_NUEVE_2, eNodeB ID=44179, Cell FDD TDD indication=CELL_FDD",Reliable,1046.078,86.13
2026-04-10 22:00,60,"PI_UIO_PUENTE_NUEVE_UL/Cell:eNodeB Function Name=PIC_UIO_PUENTE_NUEVE_L, Local Cell ID=3, Cell Name=PI_UIO_PUENTE_NUEVE_3, eNodeB ID=44179, Cell FDD TDD indication=CELL_FDD",Reliable,1493.536,83.452
2026-04-10 22:00,60,"PI_UIO_PLYWOOD_UL/Cell:eNodeB Function Name=PI_UIO_PLYWOODL21, Local Cell ID=1, Cell Name=PI_UIO_PLYWOOD_1, eNodeB ID=44174, Cell FDD TDD indication=CELL_FDD",Reliable,497.65,43.386
2026-04-10 22:00,60,"PI_UIO_PLYWOOD_UL/Cell:eNodeB Function Name=PI_UIO_PLYWOODL21, Local Cell ID=2, Cell Name=PI_UIO_PLYWOOD_2, eNodeB ID=44174, Cell FDD TDD indication=CELL_FDD",Reliable,982.811,117.167
2026-04-10 22:00,60,"PI_UIO_PLYWOOD_UL/Cell:eNodeB Function Name=PI_UIO_PLYWOODL21, Local Cell ID=3, Cell Name=PI_UIO_PLYWOOD_3, eNodeB ID=44174, Cell FDD TDD indication=CELL_FDD",Reliable,309.276,191.896
2026-04-10 22:00,60,"PI_UIO_GUAMANI_ALTO_UL/Cell:eNodeB Function Name=PIC_UIO_GUAMANI_ALTO_L, Local Cell ID=1, Cell Name=PIC_UIO_GUAMANI_ALTO_L21_1, eNodeB ID=44129, Cell FDD TDD indication=CELL_FDD",Reliable,1037.584,72.428
2026-04-10 22:00,60,"PI_UIO_GUAMANI_ALTO_UL/Cell:eNodeB Function Name=PIC_UIO_GUAMANI_ALTO_L, Local Cell ID=2, Cell Name=PIC_UIO_GUAMANI_ALTO_L21_2, eNodeB ID=44129, Cell FDD TDD indication=CELL_FDD",Reliable,86.783,35.84
2026-04-10 22:00,60,"PI_UIO_GUAMANI_ALTO_UL/Cell:eNodeB Function Name=PIC_UIO_GUAMANI_ALTO_L, Local Cell ID=3, Cell Name=PIC_UIO_GUAMANI_ALTO_L21_3, eNodeB ID=44129, Cell FDD TDD indication=CELL_FDD",Reliable,1784.82,149.188
2026-04-10 22:00,60,"PI_UIO_GUAMANI_ALTO_UL/Cell:eNodeB Function Name=PIC_UIO_GUAMANI_ALTO_L, Local Cell ID=7, Cell Name=PIC_UIO_GUAMANI_ALTO_L7_7, eNodeB ID=44129, Cell FDD TDD indication=CELL_FDD",Reliable,1992.668,284.636
2026-04-10 22:00,60,"PI_UIO_GUAMANI_ALTO_UL/Cell:eNodeB Function Name=PIC_UIO_GUAMANI_ALTO_L, Local Cell ID=8, Cell Name=PIC_UIO_GUAMANI_ALTO_L7_8, eNodeB ID=44129, Cell FDD TDD indication=CELL_FDD",Reliable,867.149,83.475
2026-04-10 22:00,60,"PI_UIO_GUAMANI_ALTO_UL/Cell:eNodeB Function Name=PIC_UIO_GUAMANI_ALTO_L, Local Cell ID=9, Cell Name=PIC_UIO_GUAMANI_ALTO_L7_9, eNodeB ID=44129, Cell FDD TDD indication=CELL_FDD",Reliable,2940.473,254.432
2026-04-10 22:00,60,"PI_UIO_GUAMANI_ALTO_UL/Cell:eNodeB Function Name=PIC_UIO_GUAMANI_ALTO_L, Local Cell ID=11, Cell Name=PIC_UIO_GUAMANI_ALTO_L19_11, eNodeB ID=44129, Cell FDD TDD indication=CELL_FDD",Reliable,798.288,145.051
2026-04-10 22:00,60,"PI_UIO_GUAMANI_ALTO_UL/Cell:eNodeB Function Name=PIC_UIO_GUAMANI_ALTO_L, Local Cell ID=12, Cell Name=PIC_UIO_GUAMANI_ALTO_L19_12, eNodeB ID=44129, Cell FDD TDD indication=CELL_FDD",Reliable,444.226,17.657
2026-04-10 22:00,60,"PI_UIO_GUAMANI_ALTO_UL/Cell:eNodeB Function Name=PIC_UIO_GUAMANI_ALTO_L, Local Cell ID=13, Cell Name=PIC_UIO_GUAMANI_ALTO_L19_13, eNodeB ID=44129, Cell FDD TDD indication=CELL_FDD",Reliable,986.001,86.008
2026-04-10 22:00,60,"PI_UIO_LA_PRENSA_UL/Cell:eNodeB Function Name=PIC_UIO_LA_PRENSA_L, Local Cell ID=1, Cell Name=PI_UIO_LA_PRENSA_1, eNodeB ID=44011, Cell FDD TDD indication=CELL_FDD",Reliable,1235.973,84.03
2026-04-10 22:00,60,"PI_UIO_LA_PRENSA_UL/Cell:eNodeB Function Name=PIC_UIO_LA_PRENSA_L, Local Cell ID=2, Cell Name=PI_UIO_LA_PRENSA_2, eNodeB ID=44011, Cell FDD TDD indication=CELL_FDD",Reliable,641.548,67.864
2026-04-10 22:00,60,"PI_UIO_LA_PRENSA_UL/Cell:eNodeB Function Name=PIC_UIO_LA_PRENSA_L, Local Cell ID=3, Cell Name=PI_UIO_LA_PRENSA_3, eNodeB ID=44011, Cell FDD TDD indication=CELL_FDD",Reliable,911.551,72.818
2026-04-10 22:00,60,"PI_UIO_ESTACION_DE_TRENES_UL/Cell:eNodeB Function Name=PI_UIO_ESTACION_DE_TRENESL21, Local Cell ID=1, Cell Name=PI_UIO_ESTACION_DE_TRENES_1, eNodeB ID=44123, Cell FDD TDD indication=CELL_FDD",Reliable,1101.951,667.244
2026-04-10 22:00,60,"PI_UIO_ESTACION_DE_TRENES_UL/Cell:eNodeB Function Name=PI_UIO_ESTACION_DE_TRENESL21, Local Cell ID=2, Cell Name=PI_UIO_ESTACION_DE_TRENES_2, eNodeB ID=44123, Cell FDD TDD indication=CELL_FDD",Reliable,1618.783,145.341
2026-04-10 22:00,60,"PI_UIO_ESTACION_DE_TRENES_UL/Cell:eNodeB Function Name=PI_UIO_ESTACION_DE_TRENESL21, Local Cell ID=3, Cell Name=PI_UIO_ESTACION_DE_TRENES_3, eNodeB ID=44123, Cell FDD TDD indication=CELL_FDD",Reliable,89.995,12.679
2026-04-10 22:00,60,"PI_UIO_LEGARDA_UL/Cell:eNodeB Function Name=PI_UIO_LEGARDAL21, Local Cell ID=1, Cell Name=PI_UIO_LEGARDA_1, eNodeB ID=44065, Cell FDD TDD indication=CELL_FDD",Reliable,188.894,11.125
2026-04-10 22:00,60,"PI_UIO_LEGARDA_UL/Cell:eNodeB Function Name=PI_UIO_LEGARDAL21, Local Cell ID=2, Cell Name=PI_UIO_LEGARDA_2, eNodeB ID=44065, Cell FDD TDD indication=CELL_FDD",Reliable,314.345,29.864
2026-04-10 22:00,60,"PI_UIO_LEGARDA_UL/Cell:eNodeB Function Name=PI_UIO_LEGARDAL21, Local Cell ID=3, Cell Name=PI_UIO_LEGARDA_3, eNodeB ID=44065, Cell FDD TDD indication=CELL_FDD",Reliable,626.474,49.299
2026-04-10 22:00,60,"PI_UIO_EL_BOSQUE_UL/Cell:eNodeB Function Name=PI_UIO_EL_BOSQUEL21, Local Cell ID=1, Cell Name=PI_UIO_EL_BOSQUE_1, eNodeB ID=44115, Cell FDD TDD indication=CELL_FDD",Reliable,1555.729,75.726
2026-04-10 22:00,60,"PI_UIO_EL_BOSQUE_UL/Cell:eNodeB Function Name=PI_UIO_EL_BOSQUEL21, Local Cell ID=2, Cell Name=PI_UIO_EL_BOSQUE_2, eNodeB ID=44115, Cell FDD TDD indication=CELL_FDD",Reliable,419.167,18.664
2026-04-10 22:00,60,"PI_UIO_EL_BOSQUE_UL/Cell:eNodeB Function Name=PI_UIO_EL_BOSQUEL21, Local Cell ID=3, Cell Name=PI_UIO_EL_BOSQUE_3, eNodeB ID=44115, Cell FDD TDD indication=CELL_FDD",Reliable,278.814,23.5
2026-04-10 22:00,60,"PI_UIO_NAIQ_UL/Cell:eNodeB Function Name=PI_UIO_NAIQL21, Local Cell ID=1, Cell Name=PIC_UIO_NAIQ_L21_1, eNodeB ID=44289, Cell FDD TDD indication=CELL_FDD",Reliable,503.657,34.677
2026-04-10 22:00,60,"PI_UIO_NAIQ_UL/Cell:eNodeB Function Name=PI_UIO_NAIQL21, Local Cell ID=2, Cell Name=PIC_UIO_NAIQ_L21_2, eNodeB ID=44289, Cell FDD TDD indication=CELL_FDD",Reliable,818.827,254.477
2026-04-10 22:00,60,"PI_UIO_NAIQ_UL/Cell:eNodeB Function Name=PI_UIO_NAIQL21, Local Cell ID=3, Cell Name=PIC_UIO_NAIQ_L21_3, eNodeB ID=44289, Cell FDD TDD indication=CELL_FDD",Reliable,769.347,92.422
2026-04-10 22:00,60,"PI_UIO_NAIQ_UL/Cell:eNodeB Function Name=PI_UIO_NAIQL21, Local Cell ID=12, Cell Name=PIC_UIO_NAIQ_L19_12, eNodeB ID=44289, Cell FDD TDD indication=CELL_FDD",Reliable,40.169,3.388
2026-04-10 22:00,60,"PI_UIO_NAIQ_UL/Cell:eNodeB Function Name=PI_UIO_NAIQL21, Local Cell ID=11, Cell Name=PIC_UIO_NAIQ_L19_11, eNodeB ID=44289, Cell FDD TDD indication=CELL_FDD",Reliable,12.676,1.391
2026-04-10 22:00,60,"PI_UIO_NUEVO_AEROPUERTO_UL/Cell:eNodeB Function Name=PI_UIO_NUEVO_AEROPUERTO_L, Local Cell ID=1, Cell Name=PI_UIO_NUEVO_AEROPUERTO_1, eNodeB ID=44068, Cell FDD TDD indication=CELL_FDD",Reliable,4451.638,427.655
2026-04-10 22:00,60,"PI_UIO_NUEVO_AEROPUERTO_UL/Cell:eNodeB Function Name=PI_UIO_NUEVO_AEROPUERTO_L, Local Cell ID=2, Cell Name=PI_UIO_NUEVO_AEROPUERTO_2, eNodeB ID=44068, Cell FDD TDD indication=CELL_FDD",Reliable,253.989,36.181
2026-04-10 22:00,60,"PI_UIO_NUEVO_AEROPUERTO_UL/Cell:eNodeB Function Name=PI_UIO_NUEVO_AEROPUERTO_L, Local Cell ID=3, Cell Name=PI_UIO_NUEVO_AEROPUERTO_3, eNodeB ID=44068, Cell FDD TDD indication=CELL_FDD",Reliable,1203.648,119.383
2026-04-10 22:00,60,"PI_UIO_NUEVO_AEROPUERTO_UL/Cell:eNodeB Function Name=PI_UIO_NUEVO_AEROPUERTO_L, Local Cell ID=7, Cell Name=PI_UIO_NUEVO_AEROPUERTO_APT_7, eNodeB ID=44068, Cell FDD TDD indication=CELL_FDD",Reliable,371.765,18.308
2026-04-10 22:00,60,"PI_UIO_NUEVO_AEROPUERTO_UL/Cell:eNodeB Function Name=PI_UIO_NUEVO_AEROPUERTO_L, Local Cell ID=8, Cell Name=PI_UIO_NUEVO_AEROPUERTO_APT_8, eNodeB ID=44068, Cell FDD TDD indication=CELL_FDD",Reliable,284.213,29.684
2026-04-10 22:00,60,"PI_UIO_NUEVO_AEROPUERTO_UL/Cell:eNodeB Function Name=PI_UIO_NUEVO_AEROPUERTO_L, Local Cell ID=9, Cell Name=PI_UIO_NUEVO_AEROPUERTO_APT_9, eNodeB ID=44068, Cell FDD TDD indication=CELL_FDD",Reliable,2583.912,180.934
2026-04-10 22:00,60,"PI_UIO_NUEVO_AEROPUERTO_UL/Cell:eNodeB Function Name=PI_UIO_NUEVO_AEROPUERTO_L, Local Cell ID=11, Cell Name=PI_UIO_NUEVO_AEROPUERTO_11, eNodeB ID=44068, Cell FDD TDD indication=CELL_FDD",Reliable,699.241,280.511
2026-04-10 22:00,60,"PI_UIO_NUEVO_AEROPUERTO_UL/Cell:eNodeB Function Name=PI_UIO_NUEVO_AEROPUERTO_L, Local Cell ID=12, Cell Name=PI_UIO_NUEVO_AEROPUERTO_12, eNodeB ID=44068, Cell FDD TDD indication=CELL_FDD",Reliable,259.09,34.131
2026-04-10 22:00,60,"PI_UIO_NUEVO_AEROPUERTO_UL/Cell:eNodeB Function Name=PI_UIO_NUEVO_AEROPUERTO_L, Local Cell ID=13, Cell Name=PI_UIO_NUEVO_AEROPUERTO_13, eNodeB ID=44068, Cell FDD TDD indication=CELL_FDD",Reliable,418.928,127.543
2026-04-10 22:00,60,"PIC_UIO_COLEGIO_CERVANTES_ULN/Cell:eNodeB Function Name=PI_UIO_COLEGIO_CERVANTESL21, Local Cell ID=1, Cell Name=PI_UIO_COLEGIO_CERVANTES_1, eNodeB ID=44215, Cell FDD TDD indication=CELL_FDD",Reliable,559.684,83.746
2026-04-10 22:00,60,"PIC_UIO_COLEGIO_CERVANTES_ULN/Cell:eNodeB Function Name=PI_UIO_COLEGIO_CERVANTESL21, Local Cell ID=2, Cell Name=PI_UIO_COLEGIO_CERVANTES_2, eNodeB ID=44215, Cell FDD TDD indication=CELL_FDD",Reliable,468.558,29.86
2026-04-10 22:00,60,"PIC_UIO_COLEGIO_CERVANTES_ULN/Cell:eNodeB Function Name=PI_UIO_COLEGIO_CERVANTESL21, Local Cell ID=3, Cell Name=PI_UIO_COLEGIO_CERVANTES_3, eNodeB ID=44215, Cell FDD TDD indication=CELL_FDD",Reliable,67.469,5.6
2026-04-10 22:00,60,"PIC_UIO_COLEGIO_CERVANTES_ULN/Cell:eNodeB Function Name=PI_UIO_COLEGIO_CERVANTESL21, Local Cell ID=7, Cell Name=PI_UIO_COLEGIO_CERVANTES_APT_7, eNodeB ID=44215, Cell FDD TDD indication=CELL_FDD",Reliable,810.555,154.306
2026-04-10 22:00,60,"PIC_UIO_COLEGIO_CERVANTES_ULN/Cell:eNodeB Function Name=PI_UIO_COLEGIO_CERVANTESL21, Local Cell ID=8, Cell Name=PI_UIO_COLEGIO_CERVANTES_APT_8, eNodeB ID=44215, Cell FDD TDD indication=CELL_FDD",Reliable,534.039,59.81
2026-04-10 22:00,60,"PIC_UIO_COLEGIO_CERVANTES_ULN/Cell:eNodeB Function Name=PI_UIO_COLEGIO_CERVANTESL21, Local Cell ID=9, Cell Name=PI_UIO_COLEGIO_CERVANTES_APT_9, eNodeB ID=44215, Cell FDD TDD indication=CELL_FDD",Reliable,1183.992,231.792
2026-04-10 22:00,60,"PI_UIO_DIEGO_DE_VASQUEZ_UL/Cell:eNodeB Function Name=PI_UIO_DIEGO_DE_VASQUEZL21, Local Cell ID=1, Cell Name=PI_UIO_DIEGO_DE_VASQUEZ_1, eNodeB ID=44112, Cell FDD TDD indication=CELL_FDD",Reliable,319.718,341.389
2026-04-10 22:00,60,"PI_UIO_DIEGO_DE_VASQUEZ_UL/Cell:eNodeB Function Name=PI_UIO_DIEGO_DE_VASQUEZL21, Local Cell ID=2, Cell Name=PI_UIO_DIEGO_DE_VASQUEZ_2, eNodeB ID=44112, Cell FDD TDD indication=CELL_FDD",Reliable,524.764,30.658
2026-04-10 22:00,60,"PI_UIO_CARCELEN_INDUSTRIAL_UL/Cell:eNodeB Function Name=PI_UIO_CARCELEN_INDUSTRIALL21, Local Cell ID=1, Cell Name=PI_UIO_CARCELEN_INDUSTRIAL_1, eNodeB ID=44092, Cell FDD TDD indication=CELL_FDD",Reliable,83.776,9.114
2026-04-10 22:00,60,"PI_UIO_CARCELEN_INDUSTRIAL_UL/Cell:eNodeB Function Name=PI_UIO_CARCELEN_INDUSTRIALL21, Local Cell ID=2, Cell Name=PI_UIO_CARCELEN_INDUSTRIAL_2, eNodeB ID=44092, Cell FDD TDD indication=CELL_FDD",Reliable,27.152,4.325
2026-04-10 22:00,60,"PI_UIO_TRIANGULO_UL/Cell:eNodeB Function Name=PI_UIO_TRIANGULOL21, Local Cell ID=1, Cell Name=PI_UIO_TRIANGULO_1, eNodeB ID=44244, Cell FDD TDD indication=CELL_FDD",Reliable,785.821,48.561
2026-04-10 22:00,60,"PI_UIO_TRIANGULO_UL/Cell:eNodeB Function Name=PI_UIO_TRIANGULOL21, Local Cell ID=2, Cell Name=PI_UIO_TRIANGULO_2, eNodeB ID=44244, Cell FDD TDD indication=CELL_FDD",Reliable,1062.513,122.659
2026-04-10 22:00,60,"PI_UIO_TRIANGULO_UL/Cell:eNodeB Function Name=PI_UIO_TRIANGULOL21, Local Cell ID=3, Cell Name=PI_UIO_TRIANGULO_3, eNodeB ID=44244, Cell FDD TDD indication=CELL_FDD",Reliable,428.493,27.22
2026-04-10 22:00,60,"PI_UIO_KENNEDY_UL/Cell:eNodeB Function Name=PI_UIO_KENNEDYL21, Local Cell ID=1, Cell Name=PI_UIO_KENNEDY_1, eNodeB ID=44071, Cell FDD TDD indication=CELL_FDD",Reliable,1668.083,92.048
2026-04-10 22:00,60,"PI_UIO_KENNEDY_UL/Cell:eNodeB Function Name=PI_UIO_KENNEDYL21, Local Cell ID=2, Cell Name=PI_UIO_KENNEDY_2, eNodeB ID=44071, Cell FDD TDD indication=CELL_FDD",Reliable,262.222,21.173
2026-04-10 22:00,60,"PI_UIO_BUSTAMANTE_UL/Cell:eNodeB Function Name=PI_UIO_BUSTAMANTEL21, Local Cell ID=1, Cell Name=PI_UIO_BUSTAMANTE_1, eNodeB ID=44075, Cell FDD TDD indication=CELL_FDD",Reliable,262.372,11.185
2026-04-10 22:00,60,"PI_UIO_BUSTAMANTE_UL/Cell:eNodeB Function Name=PI_UIO_BUSTAMANTEL21, Local Cell ID=2, Cell Name=PI_UIO_BUSTAMANTE_2, eNodeB ID=44075, Cell FDD TDD indication=CELL_FDD",Reliable,855.897,60.179
2026-04-10 22:00,60,"PI_UIO_TREBOL_UL/Cell:eNodeB Function Name=PI_UIO_TREBOL_L, Local Cell ID=3, Cell Name=PI_UIO_TREBOL_3, eNodeB ID=44073, Cell FDD TDD indication=CELL_FDD",Reliable,828.031,265.638
2026-04-10 22:00,60,"PI_UIO_TREBOL_UL/Cell:eNodeB Function Name=PI_UIO_TREBOL_L, Local Cell ID=2, Cell Name=PI_UIO_TREBOL_2, eNodeB ID=44073, Cell FDD TDD indication=CELL_FDD",Reliable,12.263,2.527
2026-04-10 22:00,60,"PI_UIO_TREBOL_UL/Cell:eNodeB Function Name=PI_UIO_TREBOL_L, Local Cell ID=1, Cell Name=PI_UIO_TREBOL_1, eNodeB ID=44073, Cell FDD TDD indication=CELL_FDD",Reliable,1326.428,106.898
2026-04-10 22:00,60,"PI_UIO_TREBOL_UL/Cell:eNodeB Function Name=PI_UIO_TREBOL_L, Local Cell ID=11, Cell Name=PI_UIO_TREBOL_11, eNodeB ID=44073, Cell FDD TDD indication=CELL_FDD",Reliable,41.497,10.597
2026-04-10 22:00,60,"PI_UIO_TREBOL_UL/Cell:eNodeB Function Name=PI_UIO_TREBOL_L, Local Cell ID=12, Cell Name=PI_UIO_TREBOL_12, eNodeB ID=44073, Cell FDD TDD indication=CELL_FDD",Reliable,1.914,0.159
2026-04-10 22:00,60,"PI_UIO_TREBOL_UL/Cell:eNodeB Function Name=PI_UIO_TREBOL_L, Local Cell ID=13, Cell Name=PI_UIO_TREBOL_13, eNodeB ID=44073, Cell FDD TDD indication=CELL_FDD",Reliable,10.603,4.396
2026-04-10 22:00,60,"PIC_UIO_JACARANDA_ULN/Cell:eNodeB Function Name=PI_UIO_JACARANDA_L, Local Cell ID=1, Cell Name=PI_UIO_JACARANDA_1, eNodeB ID=44203, Cell FDD TDD indication=CELL_FDD",Reliable,187.879,5.179
2026-04-10 22:00,60,"PIC_UIO_JACARANDA_ULN/Cell:eNodeB Function Name=PI_UIO_JACARANDA_L, Local Cell ID=2, Cell Name=PI_UIO_JACARANDA_2, eNodeB ID=44203, Cell FDD TDD indication=CELL_FDD",Reliable,416.51,41.115
2026-04-10 22:00,60,"PIC_UIO_JACARANDA_ULN/Cell:eNodeB Function Name=PI_UIO_JACARANDA_L, Local Cell ID=3, Cell Name=PI_UIO_JACARANDA_3, eNodeB ID=44203, Cell FDD TDD indication=CELL_FDD",Reliable,860.871,51.381
2026-04-10 22:00,60,"PIC_UIO_JACARANDA_ULN/Cell:eNodeB Function Name=PI_UIO_JACARANDA_L, Local Cell ID=11, Cell Name=PI_UIO_JACARANDA_11, eNodeB ID=44203, Cell FDD TDD indication=CELL_FDD",Reliable,0.017,0.024
2026-04-10 22:00,60,"PIC_UIO_JACARANDA_ULN/Cell:eNodeB Function Name=PI_UIO_JACARANDA_L, Local Cell ID=12, Cell Name=PI_UIO_JACARANDA_12, eNodeB ID=44203, Cell FDD TDD indication=CELL_FDD",Reliable,321.923,32.503
2026-04-10 22:00,60,"PIC_UIO_JACARANDA_ULN/Cell:eNodeB Function Name=PI_UIO_JACARANDA_L, Local Cell ID=13, Cell Name=PI_UIO_JACARANDA_13, eNodeB ID=44203, Cell FDD TDD indication=CELL_FDD",Reliable,93.058,7.657
2026-04-10 22:00,60,"PI_UIO_VICENTINA_UL/Cell:eNodeB Function Name=PIC_UIO_VICENTINA_L, Local Cell ID=1, Cell Name=PIC_UIO_VICENTINA_L21_1, eNodeB ID=44195, Cell FDD TDD indication=CELL_FDD",Reliable,51.318,3.966
2026-04-10 22:00,60,"PI_UIO_VICENTINA_UL/Cell:eNodeB Function Name=PIC_UIO_VICENTINA_L, Local Cell ID=2, Cell Name=PIC_UIO_VICENTINA_L21_2, eNodeB ID=44195, Cell FDD TDD indication=CELL_FDD",Reliable,967.378,50.156
2026-04-10 22:00,60,"PI_UIO_VICENTINA_UL/Cell:eNodeB Function Name=PIC_UIO_VICENTINA_L, Local Cell ID=3, Cell Name=PIC_UIO_VICENTINA_L21_3, eNodeB ID=44195, Cell FDD TDD indication=CELL_FDD",Reliable,220.327,24.827
2026-04-10 22:00,60,"PI_UIO_VICENTINA_UL/Cell:eNodeB Function Name=PIC_UIO_VICENTINA_L, Local Cell ID=11, Cell Name=PIC_UIO_VICENTINA_L19_11, eNodeB ID=44195, Cell FDD TDD indication=CELL_FDD",Reliable,0.95,0.348
2026-04-10 22:00,60,"PI_UIO_VICENTINA_UL/Cell:eNodeB Function Name=PIC_UIO_VICENTINA_L, Local Cell ID=12, Cell Name=PIC_UIO_VICENTINA_L19_12, eNodeB ID=44195, Cell FDD TDD indication=CELL_FDD",Reliable,309.491,21.335
2026-04-10 22:00,60,"PI_UIO_VICENTINA_UL/Cell:eNodeB Function Name=PIC_UIO_VICENTINA_L, Local Cell ID=13, Cell Name=PIC_UIO_VICENTINA_L19_13, eNodeB ID=44195, Cell FDD TDD indication=CELL_FDD",Reliable,29.92,2.777
2026-04-10 22:00,60,"PI_UIO_JEFATURA_UL/Cell:eNodeB Function Name=PI_UIO_JEFATURAL21, Local Cell ID=1, Cell Name=PI_UIO_JEFATURA_1, eNodeB ID=44135, Cell FDD TDD indication=CELL_FDD",Reliable,1042.779,364.281
2026-04-10 22:00,60,"PI_UIO_JEFATURA_UL/Cell:eNodeB Function Name=PI_UIO_JEFATURAL21, Local Cell ID=2, Cell Name=PI_UIO_JEFATURA_2, eNodeB ID=44135, Cell FDD TDD indication=CELL_FDD",Reliable,287.693,151.986
2026-04-10 22:00,60,"PI_UIO_LA_MAGDALENA_UL/Cell:eNodeB Function Name=PI_UIO_LA_MAGDALENAL21, Local Cell ID=1, Cell Name=PI_UIO_LA_MAGDALENA_1, eNodeB ID=44142, Cell FDD TDD indication=CELL_FDD",Reliable,973.122,406.678
2026-04-10 22:00,60,"PI_UIO_LA_MAGDALENA_UL/Cell:eNodeB Function Name=PI_UIO_LA_MAGDALENAL21, Local Cell ID=2, Cell Name=PI_UIO_LA_MAGDALENA_2, eNodeB ID=44142, Cell FDD TDD indication=CELL_FDD",Reliable,1199.38,94.453
2026-04-10 22:00,60,"PI_UIO_LA_MAGDALENA_UL/Cell:eNodeB Function Name=PI_UIO_LA_MAGDALENAL21, Local Cell ID=3, Cell Name=PI_UIO_LA_MAGDALENA_3, eNodeB ID=44142, Cell FDD TDD indication=CELL_FDD",Reliable,994.442,59.461
2026-04-10 22:00,60,"PIC_UIO_BENALCAZAR_ULN/Cell:eNodeB Function Name=PI_UIO_BENALCAZAR_L, Local Cell ID=1, Cell Name=PI_UIO_BENALCAZAR_1, eNodeB ID=44084, Cell FDD TDD indication=CELL_FDD",Reliable,596.027,81.788
2026-04-10 22:00,60,"PIC_UIO_BENALCAZAR_ULN/Cell:eNodeB Function Name=PI_UIO_BENALCAZAR_L, Local Cell ID=2, Cell Name=PI_UIO_BENALCAZAR_2, eNodeB ID=44084, Cell FDD TDD indication=CELL_FDD",Reliable,1000.307,156.803
2026-04-10 22:00,60,"PIC_UIO_BENALCAZAR_ULN/Cell:eNodeB Function Name=PI_UIO_BENALCAZAR_L, Local Cell ID=3, Cell Name=PI_UIO_BENALCAZAR_3, eNodeB ID=44084, Cell FDD TDD indication=CELL_FDD",Reliable,881.08,116.038
2026-04-10 22:00,60,"PIC_UIO_BENALCAZAR_ULN/Cell:eNodeB Function Name=PI_UIO_BENALCAZAR_L, Local Cell ID=11, Cell Name=PI_UIO_BENALCAZAR_11, eNodeB ID=44084, Cell FDD TDD indication=CELL_FDD",Reliable,283.476,16.627
2026-04-10 22:00,60,"PIC_UIO_BENALCAZAR_ULN/Cell:eNodeB Function Name=PI_UIO_BENALCAZAR_L, Local Cell ID=12, Cell Name=PI_UIO_BENALCAZAR_12, eNodeB ID=44084, Cell FDD TDD indication=CELL_FDD",Reliable,267.22,32.201
2026-04-10 22:00,60,"PIC_UIO_BENALCAZAR_ULN/Cell:eNodeB Function Name=PI_UIO_BENALCAZAR_L, Local Cell ID=13, Cell Name=PI_UIO_BENALCAZAR_13, eNodeB ID=44084, Cell FDD TDD indication=CELL_FDD",Reliable,183.034,7.785
2026-04-10 22:00,60,"PI_UIO_REAL_AUDIENCIA_UL/Cell:eNodeB Function Name=PI_UIO_REAL_AUDIENCIAL21, Local Cell ID=1, Cell Name=PI_UIO_REAL_AUDIENCIA_1, eNodeB ID=44148, Cell FDD TDD indication=CELL_FDD",Reliable,1205.577,88.995
2026-04-10 22:00,60,"PI_UIO_REAL_AUDIENCIA_UL/Cell:eNodeB Function Name=PI_UIO_REAL_AUDIENCIAL21, Local Cell ID=2, Cell Name=PI_UIO_REAL_AUDIENCIA_2, eNodeB ID=44148, Cell FDD TDD indication=CELL_FDD",Reliable,96.238,82.652
2026-04-10 22:00,60,"PI_UIO_CORDERO_UL/Cell:eNodeB Function Name=PI_UIO_CORDERO_L, Local Cell ID=1, Cell Name=PI_UIO_CORDERO_1, eNodeB ID=44045, Cell FDD TDD indication=CELL_FDD",Reliable,1801.3,153.574
2026-04-10 22:00,60,"PI_UIO_CORDERO_UL/Cell:eNodeB Function Name=PI_UIO_CORDERO_L, Local Cell ID=2, Cell Name=PI_UIO_CORDERO_2, eNodeB ID=44045, Cell FDD TDD indication=CELL_FDD",Reliable,950.529,101.8
2026-04-10 22:00,60,"PI_UIO_CORDERO_UL/Cell:eNodeB Function Name=PI_UIO_CORDERO_L, Local Cell ID=3, Cell Name=PI_UIO_CORDERO_3, eNodeB ID=44045, Cell FDD TDD indication=CELL_FDD",Reliable,2160.535,153.843
2026-04-10 22:00,60,"PI_UIO_CORDERO_UL/Cell:eNodeB Function Name=PI_UIO_CORDERO_L, Local Cell ID=7, Cell Name=PI_UIO_CORDERO_APT_7, eNodeB ID=44045, Cell FDD TDD indication=CELL_FDD",Reliable,202.137,19.593
2026-04-10 22:00,60,"PI_UIO_CORDERO_UL/Cell:eNodeB Function Name=PI_UIO_CORDERO_L, Local Cell ID=8, Cell Name=PI_UIO_CORDERO_APT_8, eNodeB ID=44045, Cell FDD TDD indication=CELL_FDD",Reliable,1104.84,23.351
2026-04-10 22:00,60,"PI_UIO_CORDERO_UL/Cell:eNodeB Function Name=PI_UIO_CORDERO_L, Local Cell ID=9, Cell Name=PI_UIO_CORDERO_APT_9, eNodeB ID=44045, Cell FDD TDD indication=CELL_FDD",Reliable,842.293,105.89
2026-04-10 22:00,60,"PI_UIO_CORDERO_UL/Cell:eNodeB Function Name=PI_UIO_CORDERO_L, Local Cell ID=11, Cell Name=PI_UIO_CORDERO_11, eNodeB ID=44045, Cell FDD TDD indication=CELL_FDD",Reliable,17.311,1.557
2026-04-10 22:00,60,"PI_UIO_CORDERO_UL/Cell:eNodeB Function Name=PI_UIO_CORDERO_L, Local Cell ID=12, Cell Name=PI_UIO_CORDERO_12, eNodeB ID=44045, Cell FDD TDD indication=CELL_FDD",Reliable,38.014,5.33
2026-04-10 22:00,60,"PI_UIO_CORDERO_UL/Cell:eNodeB Function Name=PI_UIO_CORDERO_L, Local Cell ID=13, Cell Name=PI_UIO_CORDERO_13, eNodeB ID=44045, Cell FDD TDD indication=CELL_FDD",Reliable,247.908,24.181
2026-04-10 22:00,60,"PI_UIO_MANUEL_VALDIVIESO_UL/Cell:eNodeB Function Name=PIC_UIO_MANUEL_VALDIVIESO_L, Local Cell ID=1, Cell Name=PIC_UIO_MANUEL_VALDIVIESO_L21_1, eNodeB ID=44157, Cell FDD TDD indication=CELL_FDD",Reliable,322.28,112.445
2026-04-10 22:00,60,"PI_UIO_MANUEL_VALDIVIESO_UL/Cell:eNodeB Function Name=PIC_UIO_MANUEL_VALDIVIESO_L, Local Cell ID=2, Cell Name=PIC_UIO_MANUEL_VALDIVIESO_L21_2, eNodeB ID=44157, Cell FDD TDD indication=CELL_FDD",Reliable,956.262,45.644
2026-04-10 22:00,60,"PI_UIO_CENTRAL_CARCELEN_CNT_UL/Cell:eNodeB Function Name=PI_UIO_CENTRAL_CARCELEN_CNTL21, Local Cell ID=1, Cell Name=PI_UIO_CENTRAL_CARCELEN_CNT_1, eNodeB ID=44162, Cell FDD TDD indication=CELL_FDD",Reliable,1060.268,334.831
2026-04-10 22:00,60,"PI_UIO_CENTRAL_CARCELEN_CNT_UL/Cell:eNodeB Function Name=PI_UIO_CENTRAL_CARCELEN_CNTL21, Local Cell ID=2, Cell Name=PI_UIO_CENTRAL_CARCELEN_CNT_2, eNodeB ID=44162, Cell FDD TDD indication=CELL_FDD",Reliable,100.02,18.24
2026-04-10 22:00,60,"PI_UIO_RODRIGO_DE_CHAVEZ_UL/Cell:eNodeB Function Name=PI_UIO_RODRIGO_DE_CHAVEZL21, Local Cell ID=1, Cell Name=PI_UIO_RODRIGO_DE_CHAVEZ_1, eNodeB ID=44183, Cell FDD TDD indication=CELL_FDD",Reliable,222.271,16.831
2026-04-10 22:00,60,"PI_UIO_RODRIGO_DE_CHAVEZ_UL/Cell:eNodeB Function Name=PI_UIO_RODRIGO_DE_CHAVEZL21, Local Cell ID=2, Cell Name=PI_UIO_RODRIGO_DE_CHAVEZ_2, eNodeB ID=44183, Cell FDD TDD indication=CELL_FDD",Reliable,461.066,27.583
2026-04-10 22:00,60,"PI_UIO_RODRIGO_DE_CHAVEZ_UL/Cell:eNodeB Function Name=PI_UIO_RODRIGO_DE_CHAVEZL21, Local Cell ID=3, Cell Name=PI_UIO_RODRIGO_DE_CHAVEZ_3, eNodeB ID=44183, Cell FDD TDD indication=CELL_FDD",Reliable,396.503,41.233
2026-04-10 22:00,60,"PI_UIO_HOSP_MILITAR_UL/Cell:eNodeB Function Name=PI_UIO_HOSP_MILITARL21, Local Cell ID=1, Cell Name=PI_UIO_HOSP_MILITAR_1, eNodeB ID=44035, Cell FDD TDD indication=CELL_FDD",Reliable,23.35,4.96
2026-04-10 22:00,60,"PI_UIO_HOSP_MILITAR_UL/Cell:eNodeB Function Name=PI_UIO_HOSP_MILITARL21, Local Cell ID=2, Cell Name=PI_UIO_HOSP_MILITAR_2, eNodeB ID=44035, Cell FDD TDD indication=CELL_FDD",Reliable,3531.982,171.973
2026-04-10 22:00,60,"PI_UIO_HOSP_MILITAR_UL/Cell:eNodeB Function Name=PI_UIO_HOSP_MILITARL21, Local Cell ID=3, Cell Name=PI_UIO_HOSP_MILITAR_3, eNodeB ID=44035, Cell FDD TDD indication=CELL_FDD",Reliable,890.608,110.637
2026-04-10 22:00,60,"PI_UIO_HOSP_MILITAR_UL/Cell:eNodeB Function Name=PI_UIO_HOSP_MILITARL21, Local Cell ID=7, Cell Name=PI_UIO_HOSP_MILITAR_APT_7, eNodeB ID=44035, Cell FDD TDD indication=CELL_FDD",Reliable,278.581,62.636
2026-04-10 22:00,60,"PI_UIO_HOSP_MILITAR_UL/Cell:eNodeB Function Name=PI_UIO_HOSP_MILITARL21, Local Cell ID=8, Cell Name=PI_UIO_HOSP_MILITAR_APT_8, eNodeB ID=44035, Cell FDD TDD indication=CELL_FDD",Reliable,1502.044,87.142
2026-04-10 22:00,60,"PI_UIO_HOSP_MILITAR_UL/Cell:eNodeB Function Name=PI_UIO_HOSP_MILITARL21, Local Cell ID=9, Cell Name=PI_UIO_HOSP_MILITAR_APT_9, eNodeB ID=44035, Cell FDD TDD indication=CELL_FDD",Reliable,774.269,55.187
2026-04-10 22:00,60,"PI_UIO_NUEVA_AURORA_UL/Cell:eNodeB Function Name=PI_UIO_NUEVA_AURORAL21, Local Cell ID=1, Cell Name=PI_UIO_NUEVA_AURORA_1, eNodeB ID=44164, Cell FDD TDD indication=CELL_FDD",Reliable,408.498,26.238
2026-04-10 22:00,60,"PI_UIO_NUEVA_AURORA_UL/Cell:eNodeB Function Name=PI_UIO_NUEVA_AURORAL21, Local Cell ID=2, Cell Name=PI_UIO_NUEVA_AURORA_2, eNodeB ID=44164, Cell FDD TDD indication=CELL_FDD",Reliable,994.43,61.287
2026-04-10 22:00,60,"PI_UIO_NUEVA_AURORA_UL/Cell:eNodeB Function Name=PI_UIO_NUEVA_AURORAL21, Local Cell ID=3, Cell Name=PI_UIO_NUEVA_AURORA_3, eNodeB ID=44164, Cell FDD TDD indication=CELL_FDD",Reliable,564.45,40.179
2026-04-10 22:00,60,"PI_UIO_LULUNCOTO_UL/Cell:eNodeB Function Name=PI_UIO_LULUNCOTOL21, Local Cell ID=1, Cell Name=PIC_UIO_LULUNCOTO_L21_1, eNodeB ID=44040, Cell FDD TDD indication=CELL_FDD",Reliable,765.197,51.981
2026-04-10 22:00,60,"PI_UIO_LULUNCOTO_UL/Cell:eNodeB Function Name=PI_UIO_LULUNCOTOL21, Local Cell ID=2, Cell Name=PIC_UIO_LULUNCOTO_L21_2, eNodeB ID=44040, Cell FDD TDD indication=CELL_FDD",Reliable,1166.501,64.924
2026-04-10 22:00,60,"PIC_UIO_NUEVO_AMANECER_SUR_UL/Cell:eNodeB Function Name=PIC_UIO_NUEVO_AMANECER_SUR_L, Local Cell ID=1, Cell Name=PIC_UIO_NUEVO_AMANECER_SUR_L21_1, eNodeB ID=44165, Cell FDD TDD indication=CELL_FDD",Reliable,1021.601,72.104
2026-04-10 22:00,60,"PIC_UIO_NUEVO_AMANECER_SUR_UL/Cell:eNodeB Function Name=PIC_UIO_NUEVO_AMANECER_SUR_L, Local Cell ID=2, Cell Name=PIC_UIO_NUEVO_AMANECER_SUR_L21_2, eNodeB ID=44165, Cell FDD TDD indication=CELL_FDD",Reliable,484.823,87.759
2026-04-10 22:00,60,"PIC_UIO_NUEVO_AMANECER_SUR_UL/Cell:eNodeB Function Name=PIC_UIO_NUEVO_AMANECER_SUR_L, Local Cell ID=3, Cell Name=PIC_UIO_NUEVO_AMANECER_SUR_L21_3, eNodeB ID=44165, Cell FDD TDD indication=CELL_FDD",Reliable,404.041,38.967
2026-04-10 22:00,60,"PIC_UIO_NUEVO_AMANECER_SUR_UL/Cell:eNodeB Function Name=PIC_UIO_NUEVO_AMANECER_SUR_L, Local Cell ID=7, Cell Name=PIC_UIO_NUEVO_AMANECER_SUR_L7_7, eNodeB ID=44165, Cell FDD TDD indication=CELL_FDD",Reliable,2164.773,210.843
2026-04-10 22:00,60,"PIC_UIO_NUEVO_AMANECER_SUR_UL/Cell:eNodeB Function Name=PIC_UIO_NUEVO_AMANECER_SUR_L, Local Cell ID=8, Cell Name=PIC_UIO_NUEVO_AMANECER_SUR_L8_8, eNodeB ID=44165, Cell FDD TDD indication=CELL_FDD",Reliable,1150.781,83.525
2026-04-10 22:00,60,"PIC_UIO_NUEVO_AMANECER_SUR_UL/Cell:eNodeB Function Name=PIC_UIO_NUEVO_AMANECER_SUR_L, Local Cell ID=9, Cell Name=PIC_UIO_NUEVO_AMANECER_SUR_L9_9, eNodeB ID=44165, Cell FDD TDD indication=CELL_FDD",Reliable,1889.149,266.16
2026-04-10 22:00,60,"PI_UIO_DAMMER_UL/Cell:eNodeB Function Name=PI_UIO_DAMMERL21, Local Cell ID=1, Cell Name=PI_UIO_DAMMER_1, eNodeB ID=44033, Cell FDD TDD indication=CELL_FDD",Reliable,500.367,40.92
2026-04-10 22:00,60,"PI_UIO_DAMMER_UL/Cell:eNodeB Function Name=PI_UIO_DAMMERL21, Local Cell ID=2, Cell Name=PI_UIO_DAMMER_2, eNodeB ID=44033, Cell FDD TDD indication=CELL_FDD",Reliable,1340.48,256.219
2026-04-10 22:00,60,"PI_UIO_DAMMER_UL/Cell:eNodeB Function Name=PI_UIO_DAMMERL21, Local Cell ID=7, Cell Name=PI_UIO_DAMMER_APT_7, eNodeB ID=44033, Cell FDD TDD indication=CELL_FDD",Reliable,3799.488,448.819
2026-04-10 22:00,60,"PI_UIO_DAMMER_UL/Cell:eNodeB Function Name=PI_UIO_DAMMERL21, Local Cell ID=8, Cell Name=PI_UIO_DAMMER_APT_8, eNodeB ID=44033, Cell FDD TDD indication=CELL_FDD",Reliable,245.653,18.853
2026-04-10 22:00,60,"PI_UIO_SEK_UL/Cell:eNodeB Function Name=PIC_UIO_SEK_UL, Local Cell ID=1, Cell Name=PI_UIO_SEK_1, eNodeB ID=44242, Cell FDD TDD indication=CELL_FDD",Reliable,292.893,75.445
2026-04-10 22:00,60,"PI_UIO_SEK_UL/Cell:eNodeB Function Name=PIC_UIO_SEK_UL, Local Cell ID=2, Cell Name=PI_UIO_SEK_2, eNodeB ID=44242, Cell FDD TDD indication=CELL_FDD",Reliable,797.794,120.452
2026-04-10 22:00,60,"PI_UIO_SEK_UL/Cell:eNodeB Function Name=PIC_UIO_SEK_UL, Local Cell ID=3, Cell Name=PI_UIO_SEK_3, eNodeB ID=44242, Cell FDD TDD indication=CELL_FDD",Reliable,8.952,1.58
2026-04-10 22:00,60,"PI_UIO_NAYON_UL/Cell:eNodeB Function Name=PI_UIO_NAYONL21, Local Cell ID=1, Cell Name=PI_UIO_NAYON_1, eNodeB ID=44036, Cell FDD TDD indication=CELL_FDD",Reliable,888.038,64.896
2026-04-10 22:00,60,"PI_UIO_NAYON_UL/Cell:eNodeB Function Name=PI_UIO_NAYONL21, Local Cell ID=2, Cell Name=PI_UIO_NAYON_2, eNodeB ID=44036, Cell FDD TDD indication=CELL_FDD",Reliable,1227.851,147.208
2026-04-10 22:00,60,"PI_UIO_NAYON_UL/Cell:eNodeB Function Name=PI_UIO_NAYONL21, Local Cell ID=3, Cell Name=PI_UIO_NAYON_3, eNodeB ID=44036, Cell FDD TDD indication=CELL_FDD",Reliable,524.568,27.685
2026-04-10 22:00,60,"PI_UIO_NAYON_UL/Cell:eNodeB Function Name=PI_UIO_NAYONL21, Local Cell ID=7, Cell Name=PI_UIO_NAYON_APT_7, eNodeB ID=44036, Cell FDD TDD indication=CELL_FDD",Reliable,1851.76,309.105
2026-04-10 22:00,60,"PI_UIO_NAYON_UL/Cell:eNodeB Function Name=PI_UIO_NAYONL21, Local Cell ID=8, Cell Name=PI_UIO_NAYON_APT_8, eNodeB ID=44036, Cell FDD TDD indication=CELL_FDD",Reliable,1067.944,64.745
2026-04-10 22:00,60,"PI_UIO_NAYON_UL/Cell:eNodeB Function Name=PI_UIO_NAYONL21, Local Cell ID=9, Cell Name=PI_UIO_NAYON_APT_9, eNodeB ID=44036, Cell FDD TDD indication=CELL_FDD",Reliable,625.457,79.535
2026-04-10 22:00,60,"PI_UIO_LAURELES_UL/Cell:eNodeB Function Name=PIC_UIO_LAURELES_L, Local Cell ID=1, Cell Name=PIC_UIO_LAURELES_L21_1, eNodeB ID=44051, Cell FDD TDD indication=CELL_FDD",Reliable,827.69,105.248
2026-04-10 22:00,60,"PI_UIO_LAURELES_UL/Cell:eNodeB Function Name=PIC_UIO_LAURELES_L, Local Cell ID=2, Cell Name=PIC_UIO_LAURELES_L21_2, eNodeB ID=44051, Cell FDD TDD indication=CELL_FDD",Reliable,898.903,74.402
2026-04-10 22:00,60,"PI_UIO_LAURELES_UL/Cell:eNodeB Function Name=PIC_UIO_LAURELES_L, Local Cell ID=3, Cell Name=PIC_UIO_LAURELES_L21_3, eNodeB ID=44051, Cell FDD TDD indication=CELL_FDD",Reliable,7039.085,1331.565
2026-04-10 22:00,60,"PI_UIO_LAURELES_UL/Cell:eNodeB Function Name=PIC_UIO_LAURELES_L, Local Cell ID=7, Cell Name=PIC_UIO_LAURELES_L7_7, eNodeB ID=44051, Cell FDD TDD indication=CELL_FDD",Reliable,535.599,208.386
2026-04-10 22:00,60,"PI_UIO_LAURELES_UL/Cell:eNodeB Function Name=PIC_UIO_LAURELES_L, Local Cell ID=8, Cell Name=PIC_UIO_LAURELES_L7_8, eNodeB ID=44051, Cell FDD TDD indication=CELL_FDD",Reliable,1906.08,502.774
2026-04-10 22:00,60,"PI_UIO_LAURELES_UL/Cell:eNodeB Function Name=PIC_UIO_LAURELES_L, Local Cell ID=9, Cell Name=PIC_UIO_LAURELES_L7_9, eNodeB ID=44051, Cell FDD TDD indication=CELL_FDD",Reliable,4682.374,942.435
2026-04-10 22:00,60,"PI_UIO_LAURELES_UL/Cell:eNodeB Function Name=PIC_UIO_LAURELES_L, Local Cell ID=11, Cell Name=PIC_UIO_LAURELES_L19_11, eNodeB ID=44051, Cell FDD TDD indication=CELL_FDD",Reliable,1178.305,234.805
2026-04-10 22:00,60,"PI_UIO_LAURELES_UL/Cell:eNodeB Function Name=PIC_UIO_LAURELES_L, Local Cell ID=12, Cell Name=PIC_UIO_LAURELES_L19_12, eNodeB ID=44051, Cell FDD TDD indication=CELL_FDD",Reliable,52.285,4.463
2026-04-10 22:00,60,"PI_UIO_LAURELES_UL/Cell:eNodeB Function Name=PIC_UIO_LAURELES_L, Local Cell ID=13, Cell Name=PIC_UIO_LAURELES_L19_13, eNodeB ID=44051, Cell FDD TDD indication=CELL_FDD",Reliable,1594.337,263.656
2026-04-10 22:00,60,"PI_UIO_PINTADO_UL/Cell:eNodeB Function Name=PI_UIO_PINTADOL21, Local Cell ID=1, Cell Name=PI_UIO_PINTADO_1, eNodeB ID=44021, Cell FDD TDD indication=CELL_FDD",Reliable,4120.586,433.179
2026-04-10 22:00,60,"PI_UIO_PINTADO_UL/Cell:eNodeB Function Name=PI_UIO_PINTADOL21, Local Cell ID=2, Cell Name=PI_UIO_PINTADO_2, eNodeB ID=44021, Cell FDD TDD indication=CELL_FDD",Reliable,3181.265,119.724
2026-04-10 22:00,60,"PI_UIO_PINTADO_UL/Cell:eNodeB Function Name=PI_UIO_PINTADOL21, Local Cell ID=3, Cell Name=PI_UIO_PINTADO_3, eNodeB ID=44021, Cell FDD TDD indication=CELL_FDD",Reliable,219.228,13.354
2026-04-10 22:00,60,"PI_UIO_PINTADO_UL/Cell:eNodeB Function Name=PI_UIO_PINTADOL21, Local Cell ID=7, Cell Name=PI_UIO_PINTADO_APT_7, eNodeB ID=44021, Cell FDD TDD indication=CELL_FDD",Reliable,2769.717,298.181
2026-04-10 22:00,60,"PI_UIO_PINTADO_UL/Cell:eNodeB Function Name=PI_UIO_PINTADOL21, Local Cell ID=8, Cell Name=PI_UIO_PINTADO_APT_8, eNodeB ID=44021, Cell FDD TDD indication=CELL_FDD",Reliable,4046.316,375.199
2026-04-10 22:00,60,"PI_UIO_PINTADO_UL/Cell:eNodeB Function Name=PI_UIO_PINTADOL21, Local Cell ID=9, Cell Name=PI_UIO_PINTADO_APT_9, eNodeB ID=44021, Cell FDD TDD indication=CELL_FDD",Reliable,3415.586,591.096
2026-04-10 22:00,60,"PI_UIO_PLAZA_ARENAS_UL/Cell:eNodeB Function Name=PI_UIO_PLAZA_ARENASL21, Local Cell ID=1, Cell Name=PI_UIO_PLAZA_ARENAS_1, eNodeB ID=44173, Cell FDD TDD indication=CELL_FDD",Reliable,45.116,3.815
2026-04-10 22:00,60,"PI_UIO_PLAZA_ARENAS_UL/Cell:eNodeB Function Name=PI_UIO_PLAZA_ARENASL21, Local Cell ID=2, Cell Name=PI_UIO_PLAZA_ARENAS_2, eNodeB ID=44173, Cell FDD TDD indication=CELL_FDD",Reliable,59.693,8.817
2026-04-10 22:00,60,"PI_UIO_PLAZA_ARENAS_UL/Cell:eNodeB Function Name=PI_UIO_PLAZA_ARENASL21, Local Cell ID=3, Cell Name=PI_UIO_PLAZA_ARENAS_3, eNodeB ID=44173, Cell FDD TDD indication=CELL_FDD",Reliable,1013.895,86.895
2026-04-10 22:00,60,"PI_UIO_LOJA_UL/Cell:eNodeB Function Name=PI_UIO_LOJAL21, Local Cell ID=1, Cell Name=PIC_UIO_LOJA_L21_1, eNodeB ID=44224, Cell FDD TDD indication=CELL_FDD",Reliable,183.921,25.066
2026-04-10 22:00,60,"PI_UIO_LOJA_UL/Cell:eNodeB Function Name=PI_UIO_LOJAL21, Local Cell ID=2, Cell Name=PIC_UIO_LOJA_L21_2, eNodeB ID=44224, Cell FDD TDD indication=CELL_FDD",Reliable,370.959,22.062
2026-04-10 22:00,60,"PI_UIO_LOJA_UL/Cell:eNodeB Function Name=PI_UIO_LOJAL21, Local Cell ID=7, Cell Name=PIC_UIO_LOJA_L7_7, eNodeB ID=44224, Cell FDD TDD indication=CELL_FDD",Reliable,1945.67,899.746
2026-04-10 22:00,60,"PI_UIO_LOJA_UL/Cell:eNodeB Function Name=PI_UIO_LOJAL21, Local Cell ID=8, Cell Name=PIC_UIO_LOJA_L7_8, eNodeB ID=44224, Cell FDD TDD indication=CELL_FDD",Reliable,253.651,55.246
2026-04-10 22:00,60,"PI_UIO_SAN_RAFAEL_UL/Cell:eNodeB Function Name=PI_UIO_SAN_RAFAELL21, Local Cell ID=1, Cell Name=PI_UIO_SAN_RAFAEL_1, eNodeB ID=44017, Cell FDD TDD indication=CELL_FDD",Reliable,495.27,59.521
2026-04-10 22:00,60,"PI_UIO_SAN_RAFAEL_UL/Cell:eNodeB Function Name=PI_UIO_SAN_RAFAELL21, Local Cell ID=2, Cell Name=PI_UIO_SAN_RAFAEL_2, eNodeB ID=44017, Cell FDD TDD indication=CELL_FDD",Reliable,243.937,164.602
2026-04-10 22:00,60,"PI_UIO_SAN_RAFAEL_UL/Cell:eNodeB Function Name=PI_UIO_SAN_RAFAELL21, Local Cell ID=3, Cell Name=PI_UIO_SAN_RAFAEL_3, eNodeB ID=44017, Cell FDD TDD indication=CELL_FDD",Reliable,1760.6,1501.961
2026-04-10 22:00,60,"PI_UIO_SAN_RAFAEL_UL/Cell:eNodeB Function Name=PI_UIO_SAN_RAFAELL21, Local Cell ID=7, Cell Name=PI_UIO_SAN_RAFAEL_APT_7, eNodeB ID=44017, Cell FDD TDD indication=CELL_FDD",Reliable,3913.161,505.774
2026-04-10 22:00,60,"PI_UIO_SAN_RAFAEL_UL/Cell:eNodeB Function Name=PI_UIO_SAN_RAFAELL21, Local Cell ID=8, Cell Name=PI_UIO_SAN_RAFAEL_APT_8, eNodeB ID=44017, Cell FDD TDD indication=CELL_FDD",Reliable,5813.351,737.22
2026-04-10 22:00,60,"PI_UIO_SAN_RAFAEL_UL/Cell:eNodeB Function Name=PI_UIO_SAN_RAFAELL21, Local Cell ID=9, Cell Name=PI_UIO_SAN_RAFAEL_APT_9, eNodeB ID=44017, Cell FDD TDD indication=CELL_FDD",Reliable,4170.499,453.735
2026-04-10 22:00,60,"PI_UIO_SABANILLA_UL/Cell:eNodeB Function Name=PI_UIO_SABANILLAL21, Local Cell ID=1, Cell Name=PI_UIO_SABANILLA_1, eNodeB ID=44184, Cell FDD TDD indication=CELL_FDD",Reliable,688.906,66.83
2026-04-10 22:00,60,"PI_UIO_SABANILLA_UL/Cell:eNodeB Function Name=PI_UIO_SABANILLAL21, Local Cell ID=2, Cell Name=PI_UIO_SABANILLA_2, eNodeB ID=44184, Cell FDD TDD indication=CELL_FDD",Reliable,1565.743,167.913
2026-04-10 22:00,60,"PI_UIO_AMAGASI_DEL_INCA_UL/Cell:eNodeB Function Name=PI_UIO_AMAGASI_DEL_INCAL21, Local Cell ID=1, Cell Name=PI_UIO_AMAGASI_DEL_INCA_1, eNodeB ID=44060, Cell FDD TDD indication=CELL_FDD",Reliable,63.802,13.421
2026-04-10 22:00,60,"PI_UIO_AMAGASI_DEL_INCA_UL/Cell:eNodeB Function Name=PI_UIO_AMAGASI_DEL_INCAL21, Local Cell ID=8, Cell Name=PI_UIO_AMAGASI_DEL_INCA_APT_8, eNodeB ID=44060, Cell FDD TDD indication=CELL_FDD",Reliable,138.52,21.724
2026-04-10 22:00,60,"PI_UIO_SOLCA_UL/Cell:eNodeB Function Name=PI_UIO_SOLCAL21, Local Cell ID=1, Cell Name=PI_UIO_SOLCA_1, eNodeB ID=44043, Cell FDD TDD indication=CELL_FDD",Reliable,1009.224,69.615
2026-04-10 22:00,60,"PI_UIO_SOLCA_UL/Cell:eNodeB Function Name=PI_UIO_SOLCAL21, Local Cell ID=2, Cell Name=PI_UIO_SOLCA_2, eNodeB ID=44043, Cell FDD TDD indication=CELL_FDD",Reliable,121.553,28.986
2026-04-10 22:00,60,"PI_UIO_SOLCA_UL/Cell:eNodeB Function Name=PI_UIO_SOLCAL21, Local Cell ID=3, Cell Name=PI_UIO_SOLCA_3, eNodeB ID=44043, Cell FDD TDD indication=CELL_FDD",Reliable,879.092,73.617
2026-04-10 22:00,60,"PI_UIO_SOLCA_UL/Cell:eNodeB Function Name=PI_UIO_SOLCAL21, Local Cell ID=7, Cell Name=PI_UIO_SOLCA_APT_7, eNodeB ID=44043, Cell FDD TDD indication=CELL_FDD",Reliable,687.155,46.732
2026-04-10 22:00,60,"PI_UIO_SOLCA_UL/Cell:eNodeB Function Name=PI_UIO_SOLCAL21, Local Cell ID=8, Cell Name=PI_UIO_SOLCA_APT_8, eNodeB ID=44043, Cell FDD TDD indication=CELL_FDD",Reliable,2218.654,160.192
2026-04-10 22:00,60,"PI_UIO_SOLCA_UL/Cell:eNodeB Function Name=PI_UIO_SOLCAL21, Local Cell ID=9, Cell Name=PI_UIO_SOLCA_APT_9, eNodeB ID=44043, Cell FDD TDD indication=CELL_FDD",Reliable,1099.391,104.515
2026-04-10 22:00,60,"PI_UIO_CARCELEN_BAJO_UL/Cell:eNodeB Function Name=PI_UIO_CARCELEN_BAJOL21, Local Cell ID=1, Cell Name=PI_UIO_CARCELEN_BAJO_1, eNodeB ID=44091, Cell FDD TDD indication=CELL_FDD",Reliable,1291.998,82.852
2026-04-10 22:00,60,"PI_UIO_CARCELEN_BAJO_UL/Cell:eNodeB Function Name=PI_UIO_CARCELEN_BAJOL21, Local Cell ID=2, Cell Name=PI_UIO_CARCELEN_BAJO_2, eNodeB ID=44091, Cell FDD TDD indication=CELL_FDD",Reliable,410.01,33.942
2026-04-10 22:00,60,"PI_UIO_LDU_UL/Cell:eNodeB Function Name=PI_UIO_LDU_L, Local Cell ID=1, Cell Name=PI_UIO_LDU_1, eNodeB ID=44047, Cell FDD TDD indication=CELL_FDD",Reliable,736.513,39.812
2026-04-10 22:00,60,"PI_UIO_LDU_UL/Cell:eNodeB Function Name=PI_UIO_LDU_L, Local Cell ID=2, Cell Name=PI_UIO_LDU_2, eNodeB ID=44047, Cell FDD TDD indication=CELL_FDD",Reliable,297.812,23.907
2026-04-10 22:00,60,"PI_UIO_LDU_UL/Cell:eNodeB Function Name=PI_UIO_LDU_L, Local Cell ID=3, Cell Name=PI_UIO_LDU_3, eNodeB ID=44047, Cell FDD TDD indication=CELL_FDD",Reliable,206.856,16.225
2026-04-10 22:00,60,"PI_UIO_LDU_UL/Cell:eNodeB Function Name=PI_UIO_LDU_L, Local Cell ID=11, Cell Name=PI_UIO_LDU_11, eNodeB ID=44047, Cell FDD TDD indication=CELL_FDD",Reliable,28.767,3.202
2026-04-10 22:00,60,"PI_UIO_LDU_UL/Cell:eNodeB Function Name=PI_UIO_LDU_L, Local Cell ID=12, Cell Name=PI_UIO_LDU_12, eNodeB ID=44047, Cell FDD TDD indication=CELL_FDD",Reliable,53.365,4.999
2026-04-10 22:00,60,"PI_UIO_LDU_UL/Cell:eNodeB Function Name=PI_UIO_LDU_L, Local Cell ID=13, Cell Name=PI_UIO_LDU_13, eNodeB ID=44047, Cell FDD TDD indication=CELL_FDD",Reliable,8.47,1.063
2026-04-10 22:00,60,"PI_UIO_LOS_PLANETAS_UL/Cell:eNodeB Function Name=PI_UIO_LOS_PLANETAS_L, Local Cell ID=1, Cell Name=PI_UIO_LOS_PLANETAS_L21_1, eNodeB ID=44212, Cell FDD TDD indication=CELL_FDD",Reliable,1791.15,158.566
2026-04-10 22:00,60,"PI_UIO_LOS_PLANETAS_UL/Cell:eNodeB Function Name=PI_UIO_LOS_PLANETAS_L, Local Cell ID=2, Cell Name=PI_UIO_LOS_PLANETAS_L21_2, eNodeB ID=44212, Cell FDD TDD indication=CELL_FDD",Reliable,110.479,9.317
2026-04-10 22:00,60,"PI_UIO_LOS_PLANETAS_UL/Cell:eNodeB Function Name=PI_UIO_LOS_PLANETAS_L, Local Cell ID=3, Cell Name=PI_UIO_LOS_PLANETAS_L21_3, eNodeB ID=44212, Cell FDD TDD indication=CELL_FDD",Reliable,364.767,206.474
2026-04-10 22:00,60,"PI_UIO_LOS_PLANETAS_UL/Cell:eNodeB Function Name=PI_UIO_LOS_PLANETAS_L, Local Cell ID=11, Cell Name=PI_UIO_LOS_PLANETAS_L19_11, eNodeB ID=44212, Cell FDD TDD indication=CELL_FDD",Reliable,263.305,13.196
2026-04-10 22:00,60,"PI_UIO_LOS_PLANETAS_UL/Cell:eNodeB Function Name=PI_UIO_LOS_PLANETAS_L, Local Cell ID=12, Cell Name=PI_UIO_LOS_PLANETAS_L19_12, eNodeB ID=44212, Cell FDD TDD indication=CELL_FDD",Reliable,203.39,4.861
2026-04-10 22:00,60,"PI_UIO_LOS_PLANETAS_UL/Cell:eNodeB Function Name=PI_UIO_LOS_PLANETAS_L, Local Cell ID=13, Cell Name=PI_UIO_LOS_PLANETAS_L19_13, eNodeB ID=44212, Cell FDD TDD indication=CELL_FDD",Reliable,39.529,1.661
2026-04-10 22:00,60,"TU_AMB_PUERTO_ARTURO_UL/Cell:eNodeB Function Name=TU_AMB_PUERTO_ARTUROL21, Local Cell ID=1, Cell Name=TU_AMB_PUERTO_ARTURO_1, eNodeB ID=44484, Cell FDD TDD indication=CELL_FDD",Reliable,547.023,36.3
2026-04-10 22:00,60,"TU_AMB_PUERTO_ARTURO_UL/Cell:eNodeB Function Name=TU_AMB_PUERTO_ARTUROL21, Local Cell ID=2, Cell Name=TU_AMB_PUERTO_ARTURO_2, eNodeB ID=44484, Cell FDD TDD indication=CELL_FDD",Reliable,601.072,68.548
2026-04-10 22:00,60,"TU_AMB_PUERTO_ARTURO_UL/Cell:eNodeB Function Name=TU_AMB_PUERTO_ARTUROL21, Local Cell ID=7, Cell Name=TU_AMB_PUERTO_ARTURO_APT_7, eNodeB ID=44484, Cell FDD TDD indication=CELL_FDD",Reliable,1322.071,154.166
2026-04-10 22:00,60,"TU_AMB_PUERTO_ARTURO_UL/Cell:eNodeB Function Name=TU_AMB_PUERTO_ARTUROL21, Local Cell ID=8, Cell Name=TU_AMB_PUERTO_ARTURO_APT_8, eNodeB ID=44484, Cell FDD TDD indication=CELL_FDD",Reliable,1659.713,209.978
2026-04-10 22:00,60,"TU_AMB_PUERTO_ARTURO_UL/Cell:eNodeB Function Name=TU_AMB_PUERTO_ARTUROL21, Local Cell ID=9, Cell Name=TU_AMB_PUERTO_ARTURO_APT_9, eNodeB ID=44484, Cell FDD TDD indication=CELL_FDD",Reliable,1240.042,76.069
2026-04-10 22:00,60,"TU_AMB_PARQUE_INDUSTRIAL_UL/Cell:eNodeB Function Name=TU_AMB_PARQUE_INDUSTRIALL21, Local Cell ID=1, Cell Name=TU_AMB_PARQUE_INDUSTRIAL_1, eNodeB ID=44482, Cell FDD TDD indication=CELL_FDD",Reliable,1312.193,100.702
2026-04-10 22:00,60,"TU_AMB_PARQUE_INDUSTRIAL_UL/Cell:eNodeB Function Name=TU_AMB_PARQUE_INDUSTRIALL21, Local Cell ID=2, Cell Name=TU_AMB_PARQUE_INDUSTRIAL_2, eNodeB ID=44482, Cell FDD TDD indication=CELL_FDD",Reliable,3375.159,508.184
2026-04-10 22:00,60,"TU_AMB_PARQUE_INDUSTRIAL_UL/Cell:eNodeB Function Name=TU_AMB_PARQUE_INDUSTRIALL21, Local Cell ID=3, Cell Name=TU_AMB_PARQUE_INDUSTRIAL_3, eNodeB ID=44482, Cell FDD TDD indication=CELL_FDD",Reliable,624.197,37.691
2026-04-10 22:00,60,"TU_AMB_LA_PRADERA_UL/Cell:eNodeB Function Name=TU_AMB_LA_PRADERAL21, Local Cell ID=1, Cell Name=TU_AMB_LA_PRADERA_1, eNodeB ID=44452, Cell FDD TDD indication=CELL_FDD",Reliable,763.795,76.015
2026-04-10 22:00,60,"TU_AMB_LA_PRADERA_UL/Cell:eNodeB Function Name=TU_AMB_LA_PRADERAL21, Local Cell ID=2, Cell Name=TU_AMB_LA_PRADERA_2, eNodeB ID=44452, Cell FDD TDD indication=CELL_FDD",Reliable,1191.429,102.808
2026-04-10 22:00,60,"TU_AMB_LA_PRADERA_UL/Cell:eNodeB Function Name=TU_AMB_LA_PRADERAL21, Local Cell ID=3, Cell Name=TU_AMB_LA_PRADERA_3, eNodeB ID=44452, Cell FDD TDD indication=CELL_FDD",Reliable,714.341,142.131
2026-04-10 22:00,60,"TU_AMB_LA_CONCEPCION_UL/Cell:eNodeB Function Name=TU_AMB_LA_CONCEPCIONL21, Local Cell ID=1, Cell Name=TU_AMB_LA_CONCEPCION_1, eNodeB ID=44473, Cell FDD TDD indication=CELL_FDD",Reliable,345.157,30.797
2026-04-10 22:00,60,"TU_AMB_LA_CONCEPCION_UL/Cell:eNodeB Function Name=TU_AMB_LA_CONCEPCIONL21, Local Cell ID=2, Cell Name=TU_AMB_LA_CONCEPCION_2, eNodeB ID=44473, Cell FDD TDD indication=CELL_FDD",Reliable,218.863,12.325
2026-04-10 22:00,60,"TU_AMB_LA_CONCEPCION_UL/Cell:eNodeB Function Name=TU_AMB_LA_CONCEPCIONL21, Local Cell ID=3, Cell Name=TU_AMB_LA_CONCEPCION_3, eNodeB ID=44473, Cell FDD TDD indication=CELL_FDD",Reliable,60.696,4.981
2026-04-10 22:00,60,"TU_AMB_LA_MERCED_UL/Cell:eNodeB Function Name=TU_AMB_LA_MERCEDL21, Local Cell ID=1, Cell Name=TU_AMB_LA_MERCED_1, eNodeB ID=44477, Cell FDD TDD indication=CELL_FDD",Reliable,1475.926,90.884
2026-04-10 22:00,60,"TU_AMB_LA_MERCED_UL/Cell:eNodeB Function Name=TU_AMB_LA_MERCEDL21, Local Cell ID=2, Cell Name=TU_AMB_LA_MERCED_2, eNodeB ID=44477, Cell FDD TDD indication=CELL_FDD",Reliable,737.141,320.83
2026-04-10 22:00,60,"TU_AMB_LA_MERCED_UL/Cell:eNodeB Function Name=TU_AMB_LA_MERCEDL21, Local Cell ID=3, Cell Name=TU_AMB_LA_MERCED_3, eNodeB ID=44477, Cell FDD TDD indication=CELL_FDD",Reliable,1616.871,101.986
2026-04-10 22:00,60,"TU_AMB_IZAMBA_UL/Cell:eNodeB Function Name=TU_AMB_IZAMBAL21, Local Cell ID=1, Cell Name=TU_AMB_IZAMBA_1, eNodeB ID=44474, Cell FDD TDD indication=CELL_FDD",Reliable,842.601,68.244
2026-04-10 22:00,60,"TU_AMB_IZAMBA_UL/Cell:eNodeB Function Name=TU_AMB_IZAMBAL21, Local Cell ID=2, Cell Name=TU_AMB_IZAMBA_2, eNodeB ID=44474, Cell FDD TDD indication=CELL_FDD",Reliable,4557.506,299.008
2026-04-10 22:00,60,"TU_AMB_IZAMBA_UL/Cell:eNodeB Function Name=TU_AMB_IZAMBAL21, Local Cell ID=3, Cell Name=TU_AMB_IZAMBA_3, eNodeB ID=44474, Cell FDD TDD indication=CELL_FDD",Reliable,1726.345,128.512
2026-04-10 22:00,60,"PI_UIO_FATIMA_UL/Cell:eNodeB Function Name=PIC_UIO_FATIMA_UL, Local Cell ID=1, Cell Name=PI_UIO_FATIMA_1, eNodeB ID=44125, Cell FDD TDD indication=CELL_FDD",Reliable,2276.63,168.185
2026-04-10 22:00,60,"PI_UIO_FATIMA_UL/Cell:eNodeB Function Name=PIC_UIO_FATIMA_UL, Local Cell ID=2, Cell Name=PI_UIO_FATIMA_2, eNodeB ID=44125, Cell FDD TDD indication=CELL_FDD",Reliable,3780.926,177.519
2026-04-10 22:00,60,"PI_UIO_FATIMA_UL/Cell:eNodeB Function Name=PIC_UIO_FATIMA_UL, Local Cell ID=7, Cell Name=PIC_UIO_FATIMA_L7_7, eNodeB ID=44125, Cell FDD TDD indication=CELL_FDD",Reliable,7989.319,863.099
2026-04-10 22:00,60,"PI_UIO_ESPE_UL/Cell:eNodeB Function Name=PI_UIO_ESPE_L, Local Cell ID=1, Cell Name=PI_UIO_ESPE_1, eNodeB ID=44067, Cell FDD TDD indication=CELL_FDD",Reliable,1149.568,132.495
2026-04-10 22:00,60,"PI_UIO_ESPE_UL/Cell:eNodeB Function Name=PI_UIO_ESPE_L, Local Cell ID=2, Cell Name=PI_UIO_ESPE_2, eNodeB ID=44067, Cell FDD TDD indication=CELL_FDD",Reliable,692.842,36.33
2026-04-10 22:00,60,"PI_UIO_ESPE_UL/Cell:eNodeB Function Name=PI_UIO_ESPE_L, Local Cell ID=3, Cell Name=PI_UIO_ESPE_3, eNodeB ID=44067, Cell FDD TDD indication=CELL_FDD",Reliable,524.956,42.783
2026-04-10 22:00,60,"PI_UIO_ESPE_UL/Cell:eNodeB Function Name=PI_UIO_ESPE_L, Local Cell ID=11, Cell Name=PI_UIO_ESPE_11, eNodeB ID=44067, Cell FDD TDD indication=CELL_FDD",Reliable,170.247,16.609
2026-04-10 22:00,60,"PI_UIO_ESPE_UL/Cell:eNodeB Function Name=PI_UIO_ESPE_L, Local Cell ID=12, Cell Name=PI_UIO_ESPE_12, eNodeB ID=44067, Cell FDD TDD indication=CELL_FDD",Reliable,235.187,39.463
2026-04-10 22:00,60,"PI_UIO_ESPE_UL/Cell:eNodeB Function Name=PI_UIO_ESPE_L, Local Cell ID=13, Cell Name=PI_UIO_ESPE_13, eNodeB ID=44067, Cell FDD TDD indication=CELL_FDD",Reliable,34.277,5.272
2026-04-10 22:00,60,"TU_AMB_CC_CARACOL_UL/Cell:eNodeB Function Name=TU_AMB_CC_CARACOLL21, Local Cell ID=1, Cell Name=TU_AMB_CC_CARACOL_1, eNodeB ID=44478, Cell FDD TDD indication=CELL_FDD",Reliable,2171.459,298.705
2026-04-10 22:00,60,"TU_AMB_CC_CARACOL_UL/Cell:eNodeB Function Name=TU_AMB_CC_CARACOLL21, Local Cell ID=2, Cell Name=TU_AMB_CC_CARACOL_2, eNodeB ID=44478, Cell FDD TDD indication=CELL_FDD",Reliable,529.329,275.923
2026-04-10 22:00,60,"TU_AMB_CC_CARACOL_UL/Cell:eNodeB Function Name=TU_AMB_CC_CARACOLL21, Local Cell ID=3, Cell Name=TU_AMB_CC_CARACOL_3, eNodeB ID=44478, Cell FDD TDD indication=CELL_FDD",Reliable,311.484,17.567
2026-04-10 22:00,60,"TU_AMB_FICOA_UL/Cell:eNodeB Function Name=TU_AMB_FICOAL21, Local Cell ID=1, Cell Name=TU_AMB_FICOA_1, eNodeB ID=44461, Cell FDD TDD indication=CELL_FDD",Reliable,545.186,60.52
2026-04-10 22:00,60,"TU_AMB_FICOA_UL/Cell:eNodeB Function Name=TU_AMB_FICOAL21, Local Cell ID=2, Cell Name=TU_AMB_FICOA_2, eNodeB ID=44461, Cell FDD TDD indication=CELL_FDD",Reliable,3089.593,552.668
2026-04-10 22:00,60,"TU_AMB_FICOA_UL/Cell:eNodeB Function Name=TU_AMB_FICOAL21, Local Cell ID=3, Cell Name=TU_AMB_FICOA_3, eNodeB ID=44461, Cell FDD TDD indication=CELL_FDD",Reliable,2291.182,286.375
2026-04-10 22:00,60,"TU_AMB_HUACHI_CHICO_UL/Cell:eNodeB Function Name=TU_AMB_HUACHI_CHICOL21, Local Cell ID=1, Cell Name=TU_AMB_HUACHI_CHICO_1, eNodeB ID=44456, Cell FDD TDD indication=CELL_FDD",Reliable,1570.493,165.594
2026-04-10 22:00,60,"TU_AMB_HUACHI_CHICO_UL/Cell:eNodeB Function Name=TU_AMB_HUACHI_CHICOL21, Local Cell ID=2, Cell Name=TU_AMB_HUACHI_CHICO_2, eNodeB ID=44456, Cell FDD TDD indication=CELL_FDD",Reliable,933.278,175.426
2026-04-10 22:00,60,"TU_AMB_HUACHI_CHICO_UL/Cell:eNodeB Function Name=TU_AMB_HUACHI_CHICOL21, Local Cell ID=3, Cell Name=TU_AMB_HUACHI_CHICO_3, eNodeB ID=44456, Cell FDD TDD indication=CELL_FDD",Reliable,2364.26,134.563
2026-04-10 22:00,60,"TU_AMB_HUACHI_CHICO_UL/Cell:eNodeB Function Name=TU_AMB_HUACHI_CHICOL21, Local Cell ID=7, Cell Name=TU_AMB_HUACHI_CHICO_APT_7, eNodeB ID=44456, Cell FDD TDD indication=CELL_FDD",Reliable,3083.234,305.477
2026-04-10 22:00,60,"TU_AMB_HUACHI_CHICO_UL/Cell:eNodeB Function Name=TU_AMB_HUACHI_CHICOL21, Local Cell ID=8, Cell Name=TU_AMB_HUACHI_CHICO_APT_8, eNodeB ID=44456, Cell FDD TDD indication=CELL_FDD",Reliable,4067.424,496.32
2026-04-10 22:00,60,"TU_AMB_HUACHI_CHICO_UL/Cell:eNodeB Function Name=TU_AMB_HUACHI_CHICOL21, Local Cell ID=9, Cell Name=TU_AMB_HUACHI_CHICO_APT_9, eNodeB ID=44456, Cell FDD TDD indication=CELL_FDD",Reliable,1356.475,104.016
2026-04-10 22:00,60,"TU_AMB_EL_OBRERO_UL/Cell:eNodeB Function Name=TU_AMB_EL_OBREROL21, Local Cell ID=1, Cell Name=TU_AMB_EL_OBRERO_1, eNodeB ID=44460, Cell FDD TDD indication=CELL_FDD",Reliable,740.787,143.567
2026-04-10 22:00,60,"TU_AMB_EL_OBRERO_UL/Cell:eNodeB Function Name=TU_AMB_EL_OBREROL21, Local Cell ID=2, Cell Name=TU_AMB_EL_OBRERO_2, eNodeB ID=44460, Cell FDD TDD indication=CELL_FDD",Reliable,502.597,58.693
2026-04-10 22:00,60,"TU_AMB_EL_OBRERO_UL/Cell:eNodeB Function Name=TU_AMB_EL_OBREROL21, Local Cell ID=3, Cell Name=TU_AMB_EL_OBRERO_3, eNodeB ID=44460, Cell FDD TDD indication=CELL_FDD",Reliable,1226.49,112.719
2026-04-10 22:00,60,"TU_AMB_CC_ANDES_UL/Cell:eNodeB Function Name=TU_AMB_CC_ANDESL21, Local Cell ID=1, Cell Name=TU_AMB_CC_ANDES_1, eNodeB ID=44459, Cell FDD TDD indication=CELL_FDD",Reliable,1023.046,76.797
2026-04-10 22:00,60,"TU_AMB_CC_ANDES_UL/Cell:eNodeB Function Name=TU_AMB_CC_ANDESL21, Local Cell ID=2, Cell Name=TU_AMB_CC_ANDES_2, eNodeB ID=44459, Cell FDD TDD indication=CELL_FDD",Reliable,2239.629,164.472
2026-04-10 22:00,60,"TU_AMB_CC_ANDES_UL/Cell:eNodeB Function Name=TU_AMB_CC_ANDESL21, Local Cell ID=3, Cell Name=TU_AMB_CC_ANDES_3, eNodeB ID=44459, Cell FDD TDD indication=CELL_FDD",Reliable,961.505,106.157
2026-04-10 22:00,60,"TU_AMB_JARDIN_COLONIAL_UL/Cell:eNodeB Function Name=TU_AMB_JARDIN_COLONIALL21, Local Cell ID=1, Cell Name=TU_AMB_JARDIN_COLONIAL_1, eNodeB ID=44462, Cell FDD TDD indication=CELL_FDD",Reliable,1588.675,563.633
2026-04-10 22:00,60,"TU_AMB_JARDIN_COLONIAL_UL/Cell:eNodeB Function Name=TU_AMB_JARDIN_COLONIALL21, Local Cell ID=2, Cell Name=TU_AMB_JARDIN_COLONIAL_2, eNodeB ID=44462, Cell FDD TDD indication=CELL_FDD",Reliable,2242.907,903.843
2026-04-10 22:00,60,"TU_AMB_JARDIN_COLONIAL_UL/Cell:eNodeB Function Name=TU_AMB_JARDIN_COLONIALL21, Local Cell ID=3, Cell Name=TU_AMB_JARDIN_COLONIAL_3, eNodeB ID=44462, Cell FDD TDD indication=CELL_FDD",Reliable,694.799,63.685
2026-04-10 22:00,60,"SD_SD_MERCADO_UNION_UL/Cell:eNodeB Function Name=SD_SD_MERCADO_UNIONL21, Local Cell ID=1, Cell Name=SD_SD_MERCADO_UNION_1, eNodeB ID=44775, Cell FDD TDD indication=CELL_FDD",Reliable,43.741,10.783
2026-04-10 22:00,60,"SD_SD_MERCADO_UNION_UL/Cell:eNodeB Function Name=SD_SD_MERCADO_UNIONL21, Local Cell ID=2, Cell Name=SD_SD_MERCADO_UNION_2, eNodeB ID=44775, Cell FDD TDD indication=CELL_FDD",Reliable,567.311,45.325
2026-04-10 22:00,60,"SD_SD_MERCADO_UNION_UL/Cell:eNodeB Function Name=SD_SD_MERCADO_UNIONL21, Local Cell ID=3, Cell Name=SD_SD_MERCADO_UNION_3, eNodeB ID=44775, Cell FDD TDD indication=CELL_FDD",Reliable,434.624,39.297
2026-04-10 22:00,60,"TU_AMB_U_CATOLICA_UL/Cell:eNodeB Function Name=TU_AMB_U_CATOLICAL21, Local Cell ID=1, Cell Name=TU_AMB_U_CATOLICA_1, eNodeB ID=44479, Cell FDD TDD indication=CELL_FDD",Reliable,2087.477,223.681
2026-04-10 22:00,60,"TU_AMB_U_CATOLICA_UL/Cell:eNodeB Function Name=TU_AMB_U_CATOLICAL21, Local Cell ID=2, Cell Name=TU_AMB_U_CATOLICA_2, eNodeB ID=44479, Cell FDD TDD indication=CELL_FDD",Reliable,2580.005,204.139
2026-04-10 22:00,60,"TU_AMB_U_CATOLICA_UL/Cell:eNodeB Function Name=TU_AMB_U_CATOLICAL21, Local Cell ID=3, Cell Name=TU_AMB_U_CATOLICA_3, eNodeB ID=44479, Cell FDD TDD indication=CELL_FDD",Reliable,2891.709,504.316
2026-04-10 22:00,60,"SD_SD_COLORADO_UL/Cell:eNodeB Function Name=SD_SD_COLORADOL21, Local Cell ID=1, Cell Name=SD_SD_COLORADO_1, eNodeB ID=44761, Cell FDD TDD indication=CELL_FDD",Reliable,283.357,57.969
2026-04-10 22:00,60,"SD_SD_COLORADO_UL/Cell:eNodeB Function Name=SD_SD_COLORADOL21, Local Cell ID=2, Cell Name=SD_SD_COLORADO_2, eNodeB ID=44761, Cell FDD TDD indication=CELL_FDD",Reliable,233.381,24.65
2026-04-10 22:00,60,"SD_SD_COLORADO_UL/Cell:eNodeB Function Name=SD_SD_COLORADOL21, Local Cell ID=3, Cell Name=SD_SD_COLORADO_3, eNodeB ID=44761, Cell FDD TDD indication=CELL_FDD",Reliable,734.974,96.901
2026-04-10 22:00,60,"SD_SD_COLORADO_UL/Cell:eNodeB Function Name=SD_SD_COLORADOL21, Local Cell ID=7, Cell Name=SD_SD_COLORADO_APT_7, eNodeB ID=44761, Cell FDD TDD indication=CELL_FDD",Reliable,1167.289,229.684
2026-04-10 22:00,60,"SD_SD_COLORADO_UL/Cell:eNodeB Function Name=SD_SD_COLORADOL21, Local Cell ID=8, Cell Name=SD_SD_COLORADO_APT_8, eNodeB ID=44761, Cell FDD TDD indication=CELL_FDD",Reliable,1474.515,364.522
2026-04-10 22:00,60,"SD_SD_COLORADO_UL/Cell:eNodeB Function Name=SD_SD_COLORADOL21, Local Cell ID=9, Cell Name=SD_SD_COLORADO_APT_9, eNodeB ID=44761, Cell FDD TDD indication=CELL_FDD",Reliable,724.306,59.75
2026-04-10 22:00,60,"TU_AMB_LA_CAROLINA_UL/Cell:eNodeB Function Name=TU_AMB_LA_CAROLINAL21, Local Cell ID=1, Cell Name=TU_AMB_LA_CAROLINA_1, eNodeB ID=44463, Cell FDD TDD indication=CELL_FDD",Reliable,1067.304,66.613
2026-04-10 22:00,60,"TU_AMB_LA_CAROLINA_UL/Cell:eNodeB Function Name=TU_AMB_LA_CAROLINAL21, Local Cell ID=2, Cell Name=TU_AMB_LA_CAROLINA_2, eNodeB ID=44463, Cell FDD TDD indication=CELL_FDD",Reliable,3121.892,248.145
2026-04-10 22:00,60,"TU_AMB_LA_CAROLINA_UL/Cell:eNodeB Function Name=TU_AMB_LA_CAROLINAL21, Local Cell ID=3, Cell Name=TU_AMB_LA_CAROLINA_3, eNodeB ID=44463, Cell FDD TDD indication=CELL_FDD",Reliable,1310.803,125.775
2026-04-10 22:00,60,"TUN_AMB_MIRAFLORES_UL/Cell:eNodeB Function Name=TUN_AMB_MIRAFLORES_L, Local Cell ID=1, Cell Name=TUN_AMB_MIRAFLORES_L21_1, eNodeB ID=44454, Cell FDD TDD indication=CELL_FDD",Reliable,2305.603,586.448
2026-04-10 22:00,60,"TUN_AMB_MIRAFLORES_UL/Cell:eNodeB Function Name=TUN_AMB_MIRAFLORES_L, Local Cell ID=2, Cell Name=TUN_AMB_MIRAFLORES_L21_2, eNodeB ID=44454, Cell FDD TDD indication=CELL_FDD",Reliable,894.694,103.019
2026-04-10 22:00,60,"TUN_AMB_MIRAFLORES_UL/Cell:eNodeB Function Name=TUN_AMB_MIRAFLORES_L, Local Cell ID=3, Cell Name=TUN_AMB_MIRAFLORES_L21_3, eNodeB ID=44454, Cell FDD TDD indication=CELL_FDD",Reliable,2821.868,215.745
2026-04-10 22:00,60,"SD_SD_SHOPPING_UL/Cell:eNodeB Function Name=SD_SD_SHOPPINGL21, Local Cell ID=1, Cell Name=SD_SD_SHOPPING_1, eNodeB ID=44774, Cell FDD TDD indication=CELL_FDD",Reliable,820.763,110.744
2026-04-10 22:00,60,"SD_SD_SHOPPING_UL/Cell:eNodeB Function Name=SD_SD_SHOPPINGL21, Local Cell ID=2, Cell Name=SD_SD_SHOPPING_2, eNodeB ID=44774, Cell FDD TDD indication=CELL_FDD",Reliable,137.305,13.163
2026-04-10 22:00,60,"SD_SD_SHOPPING_UL/Cell:eNodeB Function Name=SD_SD_SHOPPINGL21, Local Cell ID=3, Cell Name=SD_SD_SHOPPING_3, eNodeB ID=44774, Cell FDD TDD indication=CELL_FDD",Reliable,393.937,71.59
2026-04-10 22:00,60,"TU_AMB_MERCADO_MAYORISTA_UL/Cell:eNodeB Function Name=TU_AMB_MERCADO_MAYORISTAL21, Local Cell ID=1, Cell Name=TU_AMB_MERCADO_MAYORISTA_1, eNodeB ID=44471, Cell FDD TDD indication=CELL_FDD",Reliable,836.224,120.482
2026-04-10 22:00,60,"TU_AMB_MERCADO_MAYORISTA_UL/Cell:eNodeB Function Name=TU_AMB_MERCADO_MAYORISTAL21, Local Cell ID=2, Cell Name=TU_AMB_MERCADO_MAYORISTA_2, eNodeB ID=44471, Cell FDD TDD indication=CELL_FDD",Reliable,3877.067,304.48
2026-04-10 22:00,60,"TU_AMB_MERCADO_MAYORISTA_UL/Cell:eNodeB Function Name=TU_AMB_MERCADO_MAYORISTAL21, Local Cell ID=3, Cell Name=TU_AMB_MERCADO_MAYORISTA_3, eNodeB ID=44471, Cell FDD TDD indication=CELL_FDD",Reliable,969.465,65.642
2026-04-10 22:00,60,"TU_AMB_SAN_JUAN_UL/Cell:eNodeB Function Name=TU_AMB_SAN_JUANL21, Local Cell ID=1, Cell Name=TU_AMB_SAN_JUAN_1, eNodeB ID=44470, Cell FDD TDD indication=CELL_FDD",Reliable,1822.541,130.61
2026-04-10 22:00,60,"TU_AMB_SAN_JUAN_UL/Cell:eNodeB Function Name=TU_AMB_SAN_JUANL21, Local Cell ID=2, Cell Name=TU_AMB_SAN_JUAN_2, eNodeB ID=44470, Cell FDD TDD indication=CELL_FDD",Reliable,1185.317,122.823
2026-04-10 22:00,60,"TU_AMB_SAN_JUAN_UL/Cell:eNodeB Function Name=TU_AMB_SAN_JUANL21, Local Cell ID=3, Cell Name=TU_AMB_SAN_JUAN_3, eNodeB ID=44470, Cell FDD TDD indication=CELL_FDD",Reliable,1569.328,171.529
2026-04-10 22:00,60,"SD_SD_VIRGEN_DEL_CISNE_UL/Cell:eNodeB Function Name=SD_SD_VIRGEN_DEL_CISNEL21, Local Cell ID=1, Cell Name=SD_SD_VIRGEN_DEL_CISNE_1, eNodeB ID=44769, Cell FDD TDD indication=CELL_FDD",Reliable,172.5,32.683
2026-04-10 22:00,60,"SD_SD_VIRGEN_DEL_CISNE_UL/Cell:eNodeB Function Name=SD_SD_VIRGEN_DEL_CISNEL21, Local Cell ID=2, Cell Name=SD_SD_VIRGEN_DEL_CISNE_2, eNodeB ID=44769, Cell FDD TDD indication=CELL_FDD",Reliable,1988.873,232.563
2026-04-10 22:00,60,"SD_SD_VIRGEN_DEL_CISNE_UL/Cell:eNodeB Function Name=SD_SD_VIRGEN_DEL_CISNEL21, Local Cell ID=3, Cell Name=SD_SD_VIRGEN_DEL_CISNE_3, eNodeB ID=44769, Cell FDD TDD indication=CELL_FDD",Reliable,496.052,71.538
2026-04-10 22:00,60,"SD_SD_VIRGEN_DEL_CISNE_UL/Cell:eNodeB Function Name=SD_SD_VIRGEN_DEL_CISNEL21, Local Cell ID=7, Cell Name=SD_SD_VIRGEN_DEL_CISNE_APT_7, eNodeB ID=44769, Cell FDD TDD indication=CELL_FDD",Reliable,813.487,243.519
2026-04-10 22:00,60,"SD_SD_VIRGEN_DEL_CISNE_UL/Cell:eNodeB Function Name=SD_SD_VIRGEN_DEL_CISNEL21, Local Cell ID=8, Cell Name=SD_SD_VIRGEN_DEL_CISNE_APT_8, eNodeB ID=44769, Cell FDD TDD indication=CELL_FDD",Reliable,830.441,115.849
2026-04-10 22:00,60,"SD_SD_VIRGEN_DEL_CISNE_UL/Cell:eNodeB Function Name=SD_SD_VIRGEN_DEL_CISNEL21, Local Cell ID=9, Cell Name=SD_SD_VIRGEN_DEL_CISNE_APT_9, eNodeB ID=44769, Cell FDD TDD indication=CELL_FDD",Reliable,990.523,138.066
2026-04-10 22:00,60,"SD_SD_COOP_2_DE_MAYO_UL/Cell:eNodeB Function Name=STD_STD_COOP_2_DE_MAYO_L, Local Cell ID=1, Cell Name=STD_STD_COOP_2_DE_MAYO_L21_1, eNodeB ID=44770, Cell FDD TDD indication=CELL_FDD",Reliable,120.815,8.63
2026-04-10 22:00,60,"SD_SD_COOP_2_DE_MAYO_UL/Cell:eNodeB Function Name=STD_STD_COOP_2_DE_MAYO_L, Local Cell ID=3, Cell Name=STD_STD_COOP_2_DE_MAYO_L21_3, eNodeB ID=44770, Cell FDD TDD indication=CELL_FDD",Reliable,138.402,8.169
2026-04-10 22:00,60,"SD_SD_COOP_2_DE_MAYO_UL/Cell:eNodeB Function Name=STD_STD_COOP_2_DE_MAYO_L, Local Cell ID=7, Cell Name=STD_STD_COOP_2_DE_MAYO_L7_7, eNodeB ID=44770, Cell FDD TDD indication=CELL_FDD",Reliable,1975.723,167.747
2026-04-10 22:00,60,"SD_SD_COOP_2_DE_MAYO_UL/Cell:eNodeB Function Name=STD_STD_COOP_2_DE_MAYO_L, Local Cell ID=8, Cell Name=STD_STD_COOP_2_DE_MAYO_L7_8, eNodeB ID=44770, Cell FDD TDD indication=CELL_FDD",Reliable,627.328,68.961
2026-04-10 22:00,60,"SD_SD_COOP_2_DE_MAYO_UL/Cell:eNodeB Function Name=STD_STD_COOP_2_DE_MAYO_L, Local Cell ID=9, Cell Name=STD_STD_COOP_2_DE_MAYO_L7_9, eNodeB ID=44770, Cell FDD TDD indication=CELL_FDD",Reliable,548.257,71.3
2026-04-10 22:00,60,"SD_SD_COOP_2_DE_MAYO_UL/Cell:eNodeB Function Name=STD_STD_COOP_2_DE_MAYO_L, Local Cell ID=2, Cell Name=STD_STD_COOP_2_DE_MAYO_L21_2, eNodeB ID=44770, Cell FDD TDD indication=CELL_FDD",Reliable,100.834,8.022
2026-04-10 22:00,60,"TU_AMB_REGISTRO_CIVIL_UL/Cell:eNodeB Function Name=TU_AMB_REGISTRO_CIVILL21, Local Cell ID=1, Cell Name=TU_AMB_REGISTRO_CIVIL_1, eNodeB ID=44481, Cell FDD TDD indication=CELL_FDD",Reliable,960.752,101.462
2026-04-10 22:00,60,"TU_AMB_REGISTRO_CIVIL_UL/Cell:eNodeB Function Name=TU_AMB_REGISTRO_CIVILL21, Local Cell ID=2, Cell Name=TU_AMB_REGISTRO_CIVIL_2, eNodeB ID=44481, Cell FDD TDD indication=CELL_FDD",Reliable,569.264,57.427
2026-04-10 22:00,60,"TU_AMB_REGISTRO_CIVIL_UL/Cell:eNodeB Function Name=TU_AMB_REGISTRO_CIVILL21, Local Cell ID=3, Cell Name=TU_AMB_REGISTRO_CIVIL_3, eNodeB ID=44481, Cell FDD TDD indication=CELL_FDD",Reliable,847.09,192.566
2026-04-10 22:00,60,"SD_SD_COOP_NUEVA_REPUBLICA_UL/Cell:eNodeB Function Name=SD_SD_COOP_NUEVA_REPUBLICAL21, Local Cell ID=1, Cell Name=SD_SD_COOP_NUEVA_REPUBLICA_1, eNodeB ID=44771, Cell FDD TDD indication=CELL_FDD",Reliable,35.132,4.536
2026-04-10 22:00,60,"SD_SD_COOP_NUEVA_REPUBLICA_UL/Cell:eNodeB Function Name=SD_SD_COOP_NUEVA_REPUBLICAL21, Local Cell ID=2, Cell Name=SD_SD_COOP_NUEVA_REPUBLICA_2, eNodeB ID=44771, Cell FDD TDD indication=CELL_FDD",Reliable,971.978,90.7
2026-04-10 22:00,60,"SD_SD_COOP_NUEVA_REPUBLICA_UL/Cell:eNodeB Function Name=SD_SD_COOP_NUEVA_REPUBLICAL21, Local Cell ID=3, Cell Name=SD_SD_COOP_NUEVA_REPUBLICA_3, eNodeB ID=44771, Cell FDD TDD indication=CELL_FDD",Reliable,1268.74,72.628
2026-04-10 22:00,60,"SD_SD_LIBERTADOR_UL/Cell:eNodeB Function Name=SD_SD_LIBERTADORL21, Local Cell ID=1, Cell Name=SD_SD_LIBERTADOR_1, eNodeB ID=44767, Cell FDD TDD indication=CELL_FDD",Reliable,1274.867,73.952
2026-04-10 22:00,60,"SD_SD_LIBERTADOR_UL/Cell:eNodeB Function Name=SD_SD_LIBERTADORL21, Local Cell ID=2, Cell Name=SD_SD_LIBERTADOR_2, eNodeB ID=44767, Cell FDD TDD indication=CELL_FDD",Reliable,480.517,19.046
2026-04-10 22:00,60,"SD_SD_LIBERTADOR_UL/Cell:eNodeB Function Name=SD_SD_LIBERTADORL21, Local Cell ID=3, Cell Name=SD_SD_LIBERTADOR_3, eNodeB ID=44767, Cell FDD TDD indication=CELL_FDD",Reliable,670.898,36.906
2026-04-10 22:00,60,"SD_SD_LIBERTADOR_UL/Cell:eNodeB Function Name=SD_SD_LIBERTADORL21, Local Cell ID=7, Cell Name=SD_SD_LIBERTADOR_APT_7, eNodeB ID=44767, Cell FDD TDD indication=CELL_FDD",Reliable,1113.675,219.787
2026-04-10 22:00,60,"SD_SD_LIBERTADOR_UL/Cell:eNodeB Function Name=SD_SD_LIBERTADORL21, Local Cell ID=8, Cell Name=SD_SD_LIBERTADOR_APT_8, eNodeB ID=44767, Cell FDD TDD indication=CELL_FDD",Reliable,1008.798,301.053
2026-04-10 22:00,60,"SD_SD_LIBERTADOR_UL/Cell:eNodeB Function Name=SD_SD_LIBERTADORL21, Local Cell ID=9, Cell Name=SD_SD_LIBERTADOR_APT_9, eNodeB ID=44767, Cell FDD TDD indication=CELL_FDD",Reliable,233.437,110.509
2026-04-10 22:00,60,"PI_UIO_POLIT_LASSO_UL/Cell:eNodeB Function Name=PI_UIO_POLIT_LASSOL21, Local Cell ID=1, Cell Name=PI_UIO_POLIT_LASSO_1, eNodeB ID=44176, Cell FDD TDD indication=CELL_FDD",Reliable,455.149,53.337
2026-04-10 22:00,60,"PI_UIO_POLIT_LASSO_UL/Cell:eNodeB Function Name=PI_UIO_POLIT_LASSOL21, Local Cell ID=2, Cell Name=PI_UIO_POLIT_LASSO_2, eNodeB ID=44176, Cell FDD TDD indication=CELL_FDD",Reliable,548.741,30.662
2026-04-10 22:00,60,"PI_UIO_CHILLOGALLO_UL/Cell:eNodeB Function Name=PI_UIO_CHILLOGALLO_UL, Local Cell ID=1, Cell Name=PIC_UIO_CHILLOGALLO_L21_1, eNodeB ID=44056, Cell FDD TDD indication=CELL_FDD",Reliable,366.859,38.721
2026-04-10 22:00,60,"PI_UIO_CHILLOGALLO_UL/Cell:eNodeB Function Name=PI_UIO_CHILLOGALLO_UL, Local Cell ID=2, Cell Name=PIC_UIO_CHILLOGALLO_L21_2, eNodeB ID=44056, Cell FDD TDD indication=CELL_FDD",Reliable,357.349,33.836
2026-04-10 22:00,60,"PI_UIO_CHILLOGALLO_UL/Cell:eNodeB Function Name=PI_UIO_CHILLOGALLO_UL, Local Cell ID=3, Cell Name=PIC_UIO_CHILLOGALLO_L21_3, eNodeB ID=44056, Cell FDD TDD indication=CELL_FDD",Reliable,1373.735,147.929
2026-04-10 22:00,60,"PI_UIO_CHILLOGALLO_UL/Cell:eNodeB Function Name=PI_UIO_CHILLOGALLO_UL, Local Cell ID=7, Cell Name=PIC_UIO_CHILLOGALLO_L7_7, eNodeB ID=44056, Cell FDD TDD indication=CELL_FDD",Reliable,2854.234,395.056
2026-04-10 22:00,60,"PI_UIO_CHILLOGALLO_UL/Cell:eNodeB Function Name=PI_UIO_CHILLOGALLO_UL, Local Cell ID=8, Cell Name=PIC_UIO_CHILLOGALLO_L7_8, eNodeB ID=44056, Cell FDD TDD indication=CELL_FDD",Reliable,1527.806,135.389
2026-04-10 22:00,60,"PI_UIO_CHILLOGALLO_UL/Cell:eNodeB Function Name=PI_UIO_CHILLOGALLO_UL, Local Cell ID=9, Cell Name=PIC_UIO_CHILLOGALLO_L7_9, eNodeB ID=44056, Cell FDD TDD indication=CELL_FDD",Reliable,4444.225,448.192
2026-04-10 22:00,60,"SD_SD_NORTE_UL/Cell:eNodeB Function Name=SD_SD_NORTEL21, Local Cell ID=1, Cell Name=SD_SD_NORTE_1, eNodeB ID=44773, Cell FDD TDD indication=CELL_FDD",Reliable,549.349,33.146
2026-04-10 22:00,60,"SD_SD_NORTE_UL/Cell:eNodeB Function Name=SD_SD_NORTEL21, Local Cell ID=2, Cell Name=SD_SD_NORTE_2, eNodeB ID=44773, Cell FDD TDD indication=CELL_FDD",Reliable,1053.034,93.962
2026-04-10 22:00,60,"SD_SD_NORTE_UL/Cell:eNodeB Function Name=SD_SD_NORTEL21, Local Cell ID=3, Cell Name=SD_SD_NORTE_3, eNodeB ID=44773, Cell FDD TDD indication=CELL_FDD",Reliable,440.481,33.528
2026-04-10 22:00,60,"PI_UIO_IPIALES_UL/Cell:eNodeB Function Name=PI_UIO_IPIALESL21, Local Cell ID=1, Cell Name=PI_UIO_IPIALES_1, eNodeB ID=44266, Cell FDD TDD indication=CELL_FDD",Reliable,614.56,61.694
2026-04-10 22:00,60,"PI_UIO_IPIALES_UL/Cell:eNodeB Function Name=PI_UIO_IPIALESL21, Local Cell ID=2, Cell Name=PI_UIO_IPIALES_2, eNodeB ID=44266, Cell FDD TDD indication=CELL_FDD",Reliable,379.271,37.04
2026-04-10 22:00,60,"SD_SD_ZARACAY_UL/Cell:eNodeB Function Name=SD_SD_ZARACAYL21, Local Cell ID=1, Cell Name=SD_SD_ZARACAY_1, eNodeB ID=44781, Cell FDD TDD indication=CELL_FDD",Reliable,803.537,32.499
2026-04-10 22:00,60,"SD_SD_ZARACAY_UL/Cell:eNodeB Function Name=SD_SD_ZARACAYL21, Local Cell ID=2, Cell Name=SD_SD_ZARACAY_2, eNodeB ID=44781, Cell FDD TDD indication=CELL_FDD",Reliable,407.048,37.509
2026-04-10 22:00,60,"SD_SD_ZARACAY_UL/Cell:eNodeB Function Name=SD_SD_ZARACAYL21, Local Cell ID=3, Cell Name=SD_SD_ZARACAY_3, eNodeB ID=44781, Cell FDD TDD indication=CELL_FDD",Reliable,315.162,28.655
2026-04-10 22:00,60,"SD_SD_ANILLO_VIAL_UL/Cell:eNodeB Function Name=SD_SD_ANILLO_VIALL21, Local Cell ID=1, Cell Name=SD_SD_ANILLO_VIAL_1, eNodeB ID=44776, Cell FDD TDD indication=CELL_FDD",Reliable,598.289,84.043
2026-04-10 22:00,60,"SD_SD_ANILLO_VIAL_UL/Cell:eNodeB Function Name=SD_SD_ANILLO_VIALL21, Local Cell ID=2, Cell Name=SD_SD_ANILLO_VIAL_2, eNodeB ID=44776, Cell FDD TDD indication=CELL_FDD",Reliable,205.522,38.382
2026-04-10 22:00,60,"SD_SD_ANILLO_VIAL_UL/Cell:eNodeB Function Name=SD_SD_ANILLO_VIALL21, Local Cell ID=3, Cell Name=SD_SD_ANILLO_VIAL_3, eNodeB ID=44776, Cell FDD TDD indication=CELL_FDD",Reliable,49.064,14.313
2026-04-10 22:00,60,"PIC_UIO_LA_GRANJA_ULN/Cell:eNodeB Function Name=PI_UIO_LA_GRANJAL21, Local Cell ID=1, Cell Name=PI_UIO_LA_GRANJA_1, eNodeB ID=44141, Cell FDD TDD indication=CELL_FDD",Reliable,186.718,15.106
2026-04-10 22:00,60,"PIC_UIO_LA_GRANJA_ULN/Cell:eNodeB Function Name=PI_UIO_LA_GRANJAL21, Local Cell ID=2, Cell Name=PI_UIO_LA_GRANJA_2, eNodeB ID=44141, Cell FDD TDD indication=CELL_FDD",Reliable,650.749,167.26
2026-04-10 22:00,60,"PI_UIO_TERMINAL_QUITUMBE_UL/Cell:eNodeB Function Name=PIC_UIO_TERMINAL_QUITUMBE_L, Local Cell ID=1, Cell Name=PIC_UIO_TERMINAL_QUITUMBE_L21_1, eNodeB ID=44190, Cell FDD TDD indication=CELL_FDD",Reliable,3042.475,367.283
2026-04-10 22:00,60,"PI_UIO_TERMINAL_QUITUMBE_UL/Cell:eNodeB Function Name=PIC_UIO_TERMINAL_QUITUMBE_L, Local Cell ID=2, Cell Name=PIC_UIO_TERMINAL_QUITUMBE_L21_2, eNodeB ID=44190, Cell FDD TDD indication=CELL_FDD",Reliable,1461.074,296.701
2026-04-10 22:00,60,"PI_UIO_TERMINAL_QUITUMBE_UL/Cell:eNodeB Function Name=PIC_UIO_TERMINAL_QUITUMBE_L, Local Cell ID=3, Cell Name=PIC_UIO_TERMINAL_QUITUMBE_L21_3, eNodeB ID=44190, Cell FDD TDD indication=CELL_FDD",Reliable,9681.51,1273.24
2026-04-10 22:00,60,"PI_UIO_TERMINAL_QUITUMBE_UL/Cell:eNodeB Function Name=PIC_UIO_TERMINAL_QUITUMBE_L, Local Cell ID=13, Cell Name=PIC_UIO_TERMINAL_QUITUMBE_L19_13, eNodeB ID=44190, Cell FDD TDD indication=CELL_FDD",Reliable,1281.048,178.742
2026-04-10 22:00,60,"PI_UIO_TERMINAL_QUITUMBE_UL/Cell:eNodeB Function Name=PIC_UIO_TERMINAL_QUITUMBE_L, Local Cell ID=11, Cell Name=PIC_UIO_TERMINAL_QUITUMBE_L19_11, eNodeB ID=44190, Cell FDD TDD indication=CELL_FDD",Reliable,133.208,12.533
2026-04-10 22:00,60,"PI_UIO_TERMINAL_QUITUMBE_UL/Cell:eNodeB Function Name=PIC_UIO_TERMINAL_QUITUMBE_L, Local Cell ID=12, Cell Name=PIC_UIO_TERMINAL_QUITUMBE_L19_12, eNodeB ID=44190, Cell FDD TDD indication=CELL_FDD",Reliable,229.854,25.568
2026-04-10 22:00,60,"PI_UIO_SAN_BARTOLO_UL/Cell:eNodeB Function Name=PIC_UIO_SAN_BARTOLO_L, Local Cell ID=1, Cell Name=PIC_UIO_SAN_BARTOLO_L21_1, eNodeB ID=44052, Cell FDD TDD indication=CELL_FDD",Reliable,1216.541,128.668
2026-04-10 22:00,60,"PI_UIO_SAN_BARTOLO_UL/Cell:eNodeB Function Name=PIC_UIO_SAN_BARTOLO_L, Local Cell ID=2, Cell Name=PIC_UIO_SAN_BARTOLO_L21_2, eNodeB ID=44052, Cell FDD TDD indication=CELL_FDD",Reliable,1044.925,87.292
2026-04-10 22:00,60,"PI_UIO_SAN_BARTOLO_UL/Cell:eNodeB Function Name=PIC_UIO_SAN_BARTOLO_L, Local Cell ID=3, Cell Name=PIC_UIO_SAN_BARTOLO_L21_3, eNodeB ID=44052, Cell FDD TDD indication=CELL_FDD",Reliable,1043.887,386.374
2026-04-10 22:00,60,"PI_UIO_SAN_BARTOLO_UL/Cell:eNodeB Function Name=PIC_UIO_SAN_BARTOLO_L, Local Cell ID=11, Cell Name=PIC_UIO_SAN_BARTOLO_L19_11, eNodeB ID=44052, Cell FDD TDD indication=CELL_FDD",Reliable,1228.906,110.7
2026-04-10 22:00,60,"PI_UIO_SAN_BARTOLO_UL/Cell:eNodeB Function Name=PIC_UIO_SAN_BARTOLO_L, Local Cell ID=12, Cell Name=PIC_UIO_SAN_BARTOLO_L19_12, eNodeB ID=44052, Cell FDD TDD indication=CELL_FDD",Reliable,320.35,20.522
2026-04-10 22:00,60,"PI_UIO_SAN_BARTOLO_UL/Cell:eNodeB Function Name=PIC_UIO_SAN_BARTOLO_L, Local Cell ID=13, Cell Name=PIC_UIO_SAN_BARTOLO_L19_13, eNodeB ID=44052, Cell FDD TDD indication=CELL_FDD",Reliable,119.95,9.373
2026-04-10 22:00,60,"PI_UIO_EL_CAMAL_UL/Cell:eNodeB Function Name=PI_UIO_EL_CAMALL21, Local Cell ID=1, Cell Name=PI_UIO_EL_CAMAL_1, eNodeB ID=44026, Cell FDD TDD indication=CELL_FDD",Reliable,2388.759,287.579
2026-04-10 22:00,60,"PI_UIO_EL_CAMAL_UL/Cell:eNodeB Function Name=PI_UIO_EL_CAMALL21, Local Cell ID=2, Cell Name=PI_UIO_EL_CAMAL_2, eNodeB ID=44026, Cell FDD TDD indication=CELL_FDD",Reliable,1099.711,142.041
2026-04-10 22:00,60,"PI_UIO_EL_CAMAL_UL/Cell:eNodeB Function Name=PI_UIO_EL_CAMALL21, Local Cell ID=3, Cell Name=PI_UIO_EL_CAMAL_3, eNodeB ID=44026, Cell FDD TDD indication=CELL_FDD",Reliable,16.83,4.591
2026-04-10 22:00,60,"PI_UIO_EL_CAMAL_UL/Cell:eNodeB Function Name=PI_UIO_EL_CAMALL21, Local Cell ID=7, Cell Name=PI_UIO_EL_CAMAL_APT_7, eNodeB ID=44026, Cell FDD TDD indication=CELL_FDD",Reliable,967.648,86.494
2026-04-10 22:00,60,"PI_UIO_EL_CAMAL_UL/Cell:eNodeB Function Name=PI_UIO_EL_CAMALL21, Local Cell ID=8, Cell Name=PI_UIO_EL_CAMAL_APT_8, eNodeB ID=44026, Cell FDD TDD indication=CELL_FDD",Reliable,1680.386,135.041
2026-04-10 22:00,60,"PI_UIO_EL_CAMAL_UL/Cell:eNodeB Function Name=PI_UIO_EL_CAMALL21, Local Cell ID=9, Cell Name=PI_UIO_EL_CAMAL_APT_9, eNodeB ID=44026, Cell FDD TDD indication=CELL_FDD",Reliable,1808.111,186.424
2026-04-10 22:00,60,"TU_BAN_BANOS_UL/Cell:eNodeB Function Name=TUN_BAN_BANOS_L, Local Cell ID=1, Cell Name=TU_BAN_BANOS_1, eNodeB ID=44500, Cell FDD TDD indication=CELL_FDD",Reliable,11320.868,1381.322
2026-04-10 22:00,60,"TU_BAN_BANOS_UL/Cell:eNodeB Function Name=TUN_BAN_BANOS_L, Local Cell ID=2, Cell Name=TU_BAN_BANOS_2, eNodeB ID=44500, Cell FDD TDD indication=CELL_FDD",Reliable,12654.797,1864.818
2026-04-10 22:00,60,"TU_BAN_BANOS_UL/Cell:eNodeB Function Name=TUN_BAN_BANOS_L, Local Cell ID=3, Cell Name=TU_BAN_BANOS_3, eNodeB ID=44500, Cell FDD TDD indication=CELL_FDD",Reliable,11680.773,1012.33
2026-04-10 22:00,60,"PI_UIO_PLAYA_CHICA_UL/Cell:eNodeB Function Name=PI_UIO_PLAYA_CHICAL21, Local Cell ID=1, Cell Name=PIC_UIO_PLAYA_CHICA_L21_1, eNodeB ID=44231, Cell FDD TDD indication=CELL_FDD",Reliable,368.939,48.638
2026-04-10 22:00,60,"PI_UIO_PLAYA_CHICA_UL/Cell:eNodeB Function Name=PI_UIO_PLAYA_CHICAL21, Local Cell ID=2, Cell Name=PIC_UIO_PLAYA_CHICA_L21_2, eNodeB ID=44231, Cell FDD TDD indication=CELL_FDD",Reliable,475.278,30.374
2026-04-10 22:00,60,"PI_UIO_PLAYA_CHICA_UL/Cell:eNodeB Function Name=PI_UIO_PLAYA_CHICAL21, Local Cell ID=3, Cell Name=PIC_UIO_PLAYA_CHICA_L21_3, eNodeB ID=44231, Cell FDD TDD indication=CELL_FDD",Reliable,803.966,61.524
2026-04-10 22:00,60,"TU_AMB_SEYMOUR_UL/Cell:eNodeB Function Name=TU_AMB_SEYMOURL21, Local Cell ID=1, Cell Name=TU_AMB_SEYMOUR_1, eNodeB ID=44468, Cell FDD TDD indication=CELL_FDD",Reliable,425.126,38.162
2026-04-10 22:00,60,"TU_AMB_SEYMOUR_UL/Cell:eNodeB Function Name=TU_AMB_SEYMOURL21, Local Cell ID=2, Cell Name=TU_AMB_SEYMOUR_2, eNodeB ID=44468, Cell FDD TDD indication=CELL_FDD",Reliable,197.55,29.409
2026-04-10 22:00,60,"TU_AMB_SEYMOUR_UL/Cell:eNodeB Function Name=TU_AMB_SEYMOURL21, Local Cell ID=3, Cell Name=TU_AMB_SEYMOUR_3, eNodeB ID=44468, Cell FDD TDD indication=CELL_FDD",Reliable,711.228,55.481
2026-04-10 22:00,60,"TU_AMB_INGAHURCO_UL/Cell:eNodeB Function Name=TU_AMB_INGAHURCOL21, Local Cell ID=1, Cell Name=TU_AMB_INGAHURCO_1, eNodeB ID=44475, Cell FDD TDD indication=CELL_FDD",Reliable,1183.844,82.663
2026-04-10 22:00,60,"TU_AMB_INGAHURCO_UL/Cell:eNodeB Function Name=TU_AMB_INGAHURCOL21, Local Cell ID=2, Cell Name=TU_AMB_INGAHURCO_2, eNodeB ID=44475, Cell FDD TDD indication=CELL_FDD",Reliable,1274.301,47.128
2026-04-10 22:00,60,"TU_AMB_INGAHURCO_UL/Cell:eNodeB Function Name=TU_AMB_INGAHURCOL21, Local Cell ID=3, Cell Name=TU_AMB_INGAHURCO_3, eNodeB ID=44475, Cell FDD TDD indication=CELL_FDD",Reliable,3157.559,266.728
2026-04-10 22:00,60,"PI_UIO_FISCALIA_GENERAL_UL/Cell:eNodeB Function Name=PI_UIO_FISCALIA_GENERALL21, Local Cell ID=1, Cell Name=PI_UIO_FISCALIA_GENERAL_1, eNodeB ID=44263, Cell FDD TDD indication=CELL_FDD",Reliable,153.648,123.433
2026-04-10 22:00,60,"PI_UIO_FISCALIA_GENERAL_UL/Cell:eNodeB Function Name=PI_UIO_FISCALIA_GENERALL21, Local Cell ID=2, Cell Name=PI_UIO_FISCALIA_GENERAL_2, eNodeB ID=44263, Cell FDD TDD indication=CELL_FDD",Reliable,588.659,90.854
2026-04-10 22:00,60,"PI_UIO_FISCALIA_GENERAL_UL/Cell:eNodeB Function Name=PI_UIO_FISCALIA_GENERALL21, Local Cell ID=3, Cell Name=PI_UIO_FISCALIA_GENERAL_3, eNodeB ID=44263, Cell FDD TDD indication=CELL_FDD",Reliable,3.4,34.047
2026-04-10 22:00,60,"PI_UIO_FISCALIA_GENERAL_UL/Cell:eNodeB Function Name=PI_UIO_FISCALIA_GENERALL21, Local Cell ID=11, Cell Name=PI_UIO_FISCALIA_GENERAL_11, eNodeB ID=44263, Cell FDD TDD indication=CELL_FDD",Reliable,25.903,3.325
2026-04-10 22:00,60,"PI_UIO_FISCALIA_GENERAL_UL/Cell:eNodeB Function Name=PI_UIO_FISCALIA_GENERALL21, Local Cell ID=12, Cell Name=PI_UIO_FISCALIA_GENERAL_12, eNodeB ID=44263, Cell FDD TDD indication=CELL_FDD",Reliable,31.993,5.706
2026-04-10 22:00,60,"PI_UIO_FISCALIA_GENERAL_UL/Cell:eNodeB Function Name=PI_UIO_FISCALIA_GENERALL21, Local Cell ID=13, Cell Name=PI_UIO_FISCALIA_GENERAL_13, eNodeB ID=44263, Cell FDD TDD indication=CELL_FDD",Reliable,0.286,0.285
2026-04-10 22:00,60,"SD_SD_SUR_UL/Cell:eNodeB Function Name=SD_SD_SURL21, Local Cell ID=1, Cell Name=SD_SD_SUR_1, eNodeB ID=44765, Cell FDD TDD indication=CELL_FDD",Reliable,108.651,36.705
2026-04-10 22:00,60,"SD_SD_SUR_UL/Cell:eNodeB Function Name=SD_SD_SURL21, Local Cell ID=2, Cell Name=SD_SD_SUR_2, eNodeB ID=44765, Cell FDD TDD indication=CELL_FDD",Reliable,280.559,33.097
2026-04-10 22:00,60,"SD_SD_SUR_UL/Cell:eNodeB Function Name=SD_SD_SURL21, Local Cell ID=3, Cell Name=SD_SD_SUR_3, eNodeB ID=44765, Cell FDD TDD indication=CELL_FDD",Reliable,480.566,47.847
2026-04-10 22:00,60,"SD_SD_SUR_UL/Cell:eNodeB Function Name=SD_SD_SURL21, Local Cell ID=7, Cell Name=SD_SD_SUR_APT_7, eNodeB ID=44765, Cell FDD TDD indication=CELL_FDD",Reliable,1942.22,710.077
2026-04-10 22:00,60,"SD_SD_SUR_UL/Cell:eNodeB Function Name=SD_SD_SURL21, Local Cell ID=8, Cell Name=SD_SD_SUR_APT_8, eNodeB ID=44765, Cell FDD TDD indication=CELL_FDD",Reliable,141.435,48.409
2026-04-10 22:00,60,"SD_SD_SUR_UL/Cell:eNodeB Function Name=SD_SD_SURL21, Local Cell ID=9, Cell Name=SD_SD_SUR_APT_9, eNodeB ID=44765, Cell FDD TDD indication=CELL_FDD",Reliable,1116.49,125.909
2026-04-10 22:00,60,"SD_SD_ESTE_UL/Cell:eNodeB Function Name=SD_SD_ESTEL21, Local Cell ID=1, Cell Name=SD_SD_ESTE_1, eNodeB ID=44764, Cell FDD TDD indication=CELL_FDD",Reliable,230.591,93.54
2026-04-10 22:00,60,"SD_SD_ESTE_UL/Cell:eNodeB Function Name=SD_SD_ESTEL21, Local Cell ID=2, Cell Name=SD_SD_ESTE_2, eNodeB ID=44764, Cell FDD TDD indication=CELL_FDD",Reliable,1668.848,270.756
2026-04-10 22:00,60,"SD_SD_ESTE_UL/Cell:eNodeB Function Name=SD_SD_ESTEL21, Local Cell ID=3, Cell Name=SD_SD_ESTE_3, eNodeB ID=44764, Cell FDD TDD indication=CELL_FDD",Reliable,2730.149,268.466
2026-04-10 22:00,60,"TU_AMB_CASHAPAMBA_UL/Cell:eNodeB Function Name=TU_AMB_CASHAPAMBAL21, Local Cell ID=1, Cell Name=TU_AMB_CASHAPAMBA_1, eNodeB ID=44476, Cell FDD TDD indication=CELL_FDD",Reliable,2432.842,220.008
2026-04-10 22:00,60,"TU_AMB_CASHAPAMBA_UL/Cell:eNodeB Function Name=TU_AMB_CASHAPAMBAL21, Local Cell ID=2, Cell Name=TU_AMB_CASHAPAMBA_2, eNodeB ID=44476, Cell FDD TDD indication=CELL_FDD",Reliable,1947.882,127.056
2026-04-10 22:00,60,"TU_AMB_CASHAPAMBA_UL/Cell:eNodeB Function Name=TU_AMB_CASHAPAMBAL21, Local Cell ID=3, Cell Name=TU_AMB_CASHAPAMBA_3, eNodeB ID=44476, Cell FDD TDD indication=CELL_FDD",Reliable,409.632,50.057
2026-04-10 22:00,60,"PI_UIO_NODO_4_INAQUITO_MONTESERRIN_UL/Cell:eNodeB Function Name=PI_UIO_NODO_4_INAQUITO_MONTESERRINL21, Local Cell ID=1, Cell Name=PI_UIO_NODO_4_INAQUITO_MONTESERRIN_1, eNodeB ID=44326, Cell FDD TDD indication=CELL_FDD",Reliable,729.381,74.321
2026-04-10 22:00,60,"PI_UIO_NODO_4_INAQUITO_MONTESERRIN_UL/Cell:eNodeB Function Name=PI_UIO_NODO_4_INAQUITO_MONTESERRINL21, Local Cell ID=2, Cell Name=PI_UIO_NODO_4_INAQUITO_MONTESERRIN_2, eNodeB ID=44326, Cell FDD TDD indication=CELL_FDD",Reliable,1413.928,254.753
2026-04-10 22:00,60,"PI_UIO_NODO_4_INAQUITO_MONTESERRIN_UL/Cell:eNodeB Function Name=PI_UIO_NODO_4_INAQUITO_MONTESERRINL21, Local Cell ID=3, Cell Name=PI_UIO_NODO_4_INAQUITO_MONTESERRIN_3, eNodeB ID=44326, Cell FDD TDD indication=CELL_FDD",Reliable,1066.691,80.853
2026-04-10 22:00,60,"PIC_UIO_PLAZA_ARTIGAS_ULN/Cell:eNodeB Function Name=PIC_UIO_PLAZA_ARTIGAS_L, Local Cell ID=1, Cell Name=PI_UIO_PLAZA_ARTIGAS_1, eNodeB ID=44639, Cell FDD TDD indication=CELL_FDD",Reliable,1704.518,269.961
2026-04-10 22:00,60,"PIC_UIO_PLAZA_ARTIGAS_ULN/Cell:eNodeB Function Name=PIC_UIO_PLAZA_ARTIGAS_L, Local Cell ID=2, Cell Name=PI_UIO_PLAZA_ARTIGAS_2, eNodeB ID=44639, Cell FDD TDD indication=CELL_FDD",Reliable,827.767,70.99
2026-04-10 22:00,60,"PIC_UIO_PLAZA_ARTIGAS_ULN/Cell:eNodeB Function Name=PIC_UIO_PLAZA_ARTIGAS_L, Local Cell ID=3, Cell Name=PI_UIO_PLAZA_ARTIGAS_3, eNodeB ID=44639, Cell FDD TDD indication=CELL_FDD",Reliable,604.454,62.904
2026-04-10 22:00,60,"PIC_UIO_PLAZA_ARTIGAS_ULN/Cell:eNodeB Function Name=PIC_UIO_PLAZA_ARTIGAS_L, Local Cell ID=11, Cell Name=PI_UIO_PLAZA_ARTIGAS_11, eNodeB ID=44639, Cell FDD TDD indication=CELL_FDD",Reliable,225.37,26.538
2026-04-10 22:00,60,"PIC_UIO_PLAZA_ARTIGAS_ULN/Cell:eNodeB Function Name=PIC_UIO_PLAZA_ARTIGAS_L, Local Cell ID=12, Cell Name=PI_UIO_PLAZA_ARTIGAS_12, eNodeB ID=44639, Cell FDD TDD indication=CELL_FDD",Reliable,26.948,4.858
2026-04-10 22:00,60,"PIC_UIO_PLAZA_ARTIGAS_ULN/Cell:eNodeB Function Name=PIC_UIO_PLAZA_ARTIGAS_L, Local Cell ID=13, Cell Name=PI_UIO_PLAZA_ARTIGAS_13, eNodeB ID=44639, Cell FDD TDD indication=CELL_FDD",Reliable,237.197,29.364
2026-04-10 22:00,60,"SD_SD_VIA_QUEVEDO_UL/Cell:eNodeB Function Name=SD_SD_VIA_QUEVEDOL21, Local Cell ID=1, Cell Name=SD_SD_VIA_QUEVEDO_1, eNodeB ID=44777, Cell FDD TDD indication=CELL_FDD",Reliable,144.128,18.295
2026-04-10 22:00,60,"SD_SD_VIA_QUEVEDO_UL/Cell:eNodeB Function Name=SD_SD_VIA_QUEVEDOL21, Local Cell ID=2, Cell Name=SD_SD_VIA_QUEVEDO_2, eNodeB ID=44777, Cell FDD TDD indication=CELL_FDD",Reliable,797.065,69.177
2026-04-10 22:00,60,"SD_SD_VIA_QUEVEDO_UL/Cell:eNodeB Function Name=SD_SD_VIA_QUEVEDOL21, Local Cell ID=3, Cell Name=SD_SD_VIA_QUEVEDO_3, eNodeB ID=44777, Cell FDD TDD indication=CELL_FDD",Reliable,154.67,32.959
2026-04-10 22:00,60,"PIC_UIO_EL_INCA_UL/Cell:eNodeB Function Name=PIC_UIO_EL_INCA_L, Local Cell ID=1, Cell Name=PI_UIO_EL_INCA_1, eNodeB ID=44118, Cell FDD TDD indication=CELL_FDD",Reliable,531.207,44.85
2026-04-10 22:00,60,"PIC_UIO_EL_INCA_UL/Cell:eNodeB Function Name=PIC_UIO_EL_INCA_L, Local Cell ID=2, Cell Name=PI_UIO_EL_INCA_2, eNodeB ID=44118, Cell FDD TDD indication=CELL_FDD",Reliable,328.391,27.936
2026-04-10 22:00,60,"PIC_UIO_EL_INCA_UL/Cell:eNodeB Function Name=PIC_UIO_EL_INCA_L, Local Cell ID=3, Cell Name=PI_UIO_EL_INCA_3, eNodeB ID=44118, Cell FDD TDD indication=CELL_FDD",Reliable,134.748,14.602
2026-04-10 22:00,60,"PI_UIO_CENTRO_COMERCIAL_ELBOSQUE_UL/Cell:eNodeB Function Name=PI_UIO_CENTRO_COMERCIAL_ELBOSQUEL21, Local Cell ID=1, Cell Name=PI_UIO_CENTRO_COMERCIAL_ELBOSQUE_1, eNodeB ID=44946, Cell FDD TDD indication=CELL_FDD",Reliable,6.548,1.896
2026-04-10 22:00,60,"PI_UIO_CENTRO_COMERCIAL_ELBOSQUE_UL/Cell:eNodeB Function Name=PI_UIO_CENTRO_COMERCIAL_ELBOSQUEL21, Local Cell ID=2, Cell Name=PI_UIO_CENTRO_COMERCIAL_ELBOSQUE_2, eNodeB ID=44946, Cell FDD TDD indication=CELL_FDD",Reliable,0.001,0
2026-04-10 22:00,60,"PI_UIO_MONTESERRIN_BAJO_UL/Cell:eNodeB Function Name=PI_UIO_MONTESERRIN_BAJOL21, Local Cell ID=1, Cell Name=PI_UIO_MONTESERRIN_BAJO_1, eNodeB ID=44255, Cell FDD TDD indication=CELL_FDD",Reliable,233.956,54.455
2026-04-10 22:00,60,"PI_UIO_MONTESERRIN_BAJO_UL/Cell:eNodeB Function Name=PI_UIO_MONTESERRIN_BAJOL21, Local Cell ID=2, Cell Name=PI_UIO_MONTESERRIN_BAJO_2, eNodeB ID=44255, Cell FDD TDD indication=CELL_FDD",Reliable,133.016,26.586
2026-04-10 22:00,60,"PI_UIO_PONCEANO_UL/Cell:eNodeB Function Name=PI_UIO_PONCEANOL21, Local Cell ID=1, Cell Name=PI_UIO_PONCEANO_1, eNodeB ID=44303, Cell FDD TDD indication=CELL_FDD",Reliable,79.21,8.96
2026-04-10 22:00,60,"PI_UIO_PONCEANO_UL/Cell:eNodeB Function Name=PI_UIO_PONCEANOL21, Local Cell ID=2, Cell Name=PI_UIO_PONCEANO_2, eNodeB ID=44303, Cell FDD TDD indication=CELL_FDD",Reliable,90.85,4.653
2026-04-10 22:00,60,"PI_UIO_PONCEANO_UL/Cell:eNodeB Function Name=PI_UIO_PONCEANOL21, Local Cell ID=3, Cell Name=PI_UIO_PONCEANO_3, eNodeB ID=44303, Cell FDD TDD indication=CELL_FDD",Reliable,1658.61,117.792
2026-04-10 22:00,60,"PI_UIO_LA_INMACULADA_UL/Cell:eNodeB Function Name=PI_UIO_LA_INMACULADAL21, Local Cell ID=1, Cell Name=PI_UIO_LA_INMACULADA_1, eNodeB ID=44262, Cell FDD TDD indication=CELL_FDD",Reliable,545.224,57.286
2026-04-10 22:00,60,"PI_UIO_LA_INMACULADA_UL/Cell:eNodeB Function Name=PI_UIO_LA_INMACULADAL21, Local Cell ID=2, Cell Name=PI_UIO_LA_INMACULADA_2, eNodeB ID=44262, Cell FDD TDD indication=CELL_FDD",Reliable,434.547,34.142
2026-04-10 22:00,60,"PIC_UIO_ECHEVERRIA_ULN/Cell:eNodeB Function Name=PI_UIO_ECHEVERRIAL21, Local Cell ID=1, Cell Name=PI_UIO_ECHEVERRIA_1, eNodeB ID=44213, Cell FDD TDD indication=CELL_FDD",Reliable,747.402,33.719
2026-04-10 22:00,60,"PIC_UIO_ECHEVERRIA_ULN/Cell:eNodeB Function Name=PI_UIO_ECHEVERRIAL21, Local Cell ID=2, Cell Name=PI_UIO_ECHEVERRIA_2, eNodeB ID=44213, Cell FDD TDD indication=CELL_FDD",Reliable,1054.472,85.104
2026-04-10 22:00,60,"PI_UIO_USHIMANA_UL/Cell:eNodeB Function Name=PIC_UIO_USHIMANA_L, Local Cell ID=1, Cell Name=PIC_UIO_USHIMANA_L21_1, eNodeB ID=44371, Cell FDD TDD indication=CELL_FDD",Reliable,325.289,47.601
2026-04-10 22:00,60,"PI_UIO_USHIMANA_UL/Cell:eNodeB Function Name=PIC_UIO_USHIMANA_L, Local Cell ID=2, Cell Name=PIC_UIO_USHIMANA_L21_2, eNodeB ID=44371, Cell FDD TDD indication=CELL_FDD",Reliable,2037,118.011
2026-04-10 22:00,60,"PI_UIO_USHIMANA_UL/Cell:eNodeB Function Name=PIC_UIO_USHIMANA_L, Local Cell ID=3, Cell Name=PIC_UIO_USHIMANA_L21_3, eNodeB ID=44371, Cell FDD TDD indication=CELL_FDD",Reliable,714.584,108.493
2026-04-10 22:00,60,"PI_UIO_RAFAEL_RAMOS_UL/Cell:eNodeB Function Name=PI_UIO_RAFAEL_RAMOS_L, Local Cell ID=1, Cell Name=PI_UIO_RAFAEL_RAMOS_1, eNodeB ID=44382, Cell FDD TDD indication=CELL_FDD",Reliable,1399.642,208.328
2026-04-10 22:00,60,"PI_UIO_RAFAEL_RAMOS_UL/Cell:eNodeB Function Name=PI_UIO_RAFAEL_RAMOS_L, Local Cell ID=2, Cell Name=PI_UIO_RAFAEL_RAMOS_2, eNodeB ID=44382, Cell FDD TDD indication=CELL_FDD",Reliable,592.701,58.265
2026-04-10 22:00,60,"PI_UIO_RAFAEL_RAMOS_UL/Cell:eNodeB Function Name=PI_UIO_RAFAEL_RAMOS_L, Local Cell ID=3, Cell Name=PI_UIO_RAFAEL_RAMOS_3, eNodeB ID=44382, Cell FDD TDD indication=CELL_FDD",Reliable,274.753,44.12
2026-04-10 22:00,60,"PI_UIO_RAFAEL_RAMOS_UL/Cell:eNodeB Function Name=PI_UIO_RAFAEL_RAMOS_L, Local Cell ID=11, Cell Name=PI_UIO_RAFAEL_RAMOS_11, eNodeB ID=44382, Cell FDD TDD indication=CELL_FDD",Reliable,832.242,95.265
2026-04-10 22:00,60,"PI_UIO_RAFAEL_RAMOS_UL/Cell:eNodeB Function Name=PI_UIO_RAFAEL_RAMOS_L, Local Cell ID=12, Cell Name=PI_UIO_RAFAEL_RAMOS_12, eNodeB ID=44382, Cell FDD TDD indication=CELL_FDD",Reliable,1.981,0.756
2026-04-10 22:00,60,"PI_UIO_RAFAEL_RAMOS_UL/Cell:eNodeB Function Name=PI_UIO_RAFAEL_RAMOS_L, Local Cell ID=13, Cell Name=PI_UIO_RAFAEL_RAMOS_13, eNodeB ID=44382, Cell FDD TDD indication=CELL_FDD",Reliable,17.15,1.151
2026-04-10 22:00,60,"PI_UIO_MOSQUERA_UL/Cell:eNodeB Function Name=PIC_UIO_MOSQUERA_L, Local Cell ID=1, Cell Name=PIC_UIO_MOSQUERA_L21_1, eNodeB ID=44323, Cell FDD TDD indication=CELL_FDD",Reliable,717.27,133.392
2026-04-10 22:00,60,"PI_UIO_MOSQUERA_UL/Cell:eNodeB Function Name=PIC_UIO_MOSQUERA_L, Local Cell ID=2, Cell Name=PIC_UIO_MOSQUERA_L21_2, eNodeB ID=44323, Cell FDD TDD indication=CELL_FDD",Reliable,99.41,11.216
2026-04-10 22:00,60,"PI_UIO_ASAMBLEA_NACIONAL_UL/Cell:eNodeB Function Name=PI_UIO_ASAMBLEA_NACIONALL21, Local Cell ID=1, Cell Name=PI_UIO_ASAMBLEA_NACIONAL_1, eNodeB ID=44942, Cell FDD TDD indication=CELL_FDD",Reliable,0.224,0.119
2026-04-10 22:00,60,"PI_UIO_ASAMBLEA_NACIONAL_UL/Cell:eNodeB Function Name=PI_UIO_ASAMBLEA_NACIONALL21, Local Cell ID=2, Cell Name=PI_UIO_ASAMBLEA_NACIONAL_2, eNodeB ID=44942, Cell FDD TDD indication=CELL_FDD",Reliable,171.025,12.513
2026-04-10 22:00,60,"PI_UIO_JQUERI_UL/Cell:eNodeB Function Name=PI_UIO_JQUERIL21, Local Cell ID=1, Cell Name=PI_UIO_JQUERI_1, eNodeB ID=44318, Cell FDD TDD indication=CELL_FDD",Reliable,1559.534,133.343
2026-04-10 22:00,60,"PI_UIO_JQUERI_UL/Cell:eNodeB Function Name=PI_UIO_JQUERIL21, Local Cell ID=2, Cell Name=PI_UIO_JQUERI_2, eNodeB ID=44318, Cell FDD TDD indication=CELL_FDD",Reliable,820.282,188.752
2026-04-10 22:00,60,"PI_UIO_JQUERI_UL/Cell:eNodeB Function Name=PI_UIO_JQUERIL21, Local Cell ID=7, Cell Name=PI_UIO_JQUERI_APT_7, eNodeB ID=44318, Cell FDD TDD indication=CELL_FDD",Reliable,470.819,39.135
2026-04-10 22:00,60,"PI_UIO_JQUERI_UL/Cell:eNodeB Function Name=PI_UIO_JQUERIL21, Local Cell ID=8, Cell Name=PI_UIO_JQUERI_APT_8, eNodeB ID=44318, Cell FDD TDD indication=CELL_FDD",Reliable,697.744,75.566
2026-04-10 22:00,60,"PIC_UIO_MINISTERIO_FINANZAS_ULN/Cell:eNodeB Function Name=PI_UIO_MINISTERIO_FINANZASL21, Local Cell ID=1, Cell Name=PI_UIO_MINISTERIO_FINANZAS_1, eNodeB ID=44227, Cell FDD TDD indication=CELL_FDD",Reliable,641.099,37.152
2026-04-10 22:00,60,"PIC_UIO_MINISTERIO_FINANZAS_ULN/Cell:eNodeB Function Name=PI_UIO_MINISTERIO_FINANZASL21, Local Cell ID=2, Cell Name=PI_UIO_MINISTERIO_FINANZAS_2, eNodeB ID=44227, Cell FDD TDD indication=CELL_FDD",Reliable,259.072,29.828
2026-04-10 22:00,60,"PIC_UIO_MINISTERIO_FINANZAS_ULN/Cell:eNodeB Function Name=PI_UIO_MINISTERIO_FINANZASL21, Local Cell ID=3, Cell Name=PI_UIO_MINISTERIO_FINANZAS_3, eNodeB ID=44227, Cell FDD TDD indication=CELL_FDD",Reliable,598.617,119.126
2026-04-10 22:00,60,"PI_UIO_ESTACION_NORTE_UL/Cell:eNodeB Function Name=PI_UIO_ESTACION_NORTE_L, Local Cell ID=1, Cell Name=PI_UIO_ESTACION_NORTE_1, eNodeB ID=44317, Cell FDD TDD indication=CELL_FDD",Reliable,1125.794,136.983
2026-04-10 22:00,60,"PI_UIO_ESTACION_NORTE_UL/Cell:eNodeB Function Name=PI_UIO_ESTACION_NORTE_L, Local Cell ID=2, Cell Name=PI_UIO_ESTACION_NORTE_2, eNodeB ID=44317, Cell FDD TDD indication=CELL_FDD",Reliable,522.301,61.773
2026-04-10 22:00,60,"PI_UIO_ESTACION_NORTE_UL/Cell:eNodeB Function Name=PI_UIO_ESTACION_NORTE_L, Local Cell ID=3, Cell Name=PI_UIO_ESTACION_NORTE_3, eNodeB ID=44317, Cell FDD TDD indication=CELL_FDD",Reliable,630.512,61.071
2026-04-10 22:00,60,"PI_UIO_ESTACION_NORTE_UL/Cell:eNodeB Function Name=PI_UIO_ESTACION_NORTE_L, Local Cell ID=11, Cell Name=PI_UIO_ESTACION_NORTE_11, eNodeB ID=44317, Cell FDD TDD indication=CELL_FDD",Reliable,341.218,38.407
2026-04-10 22:00,60,"PI_UIO_ESTACION_NORTE_UL/Cell:eNodeB Function Name=PI_UIO_ESTACION_NORTE_L, Local Cell ID=12, Cell Name=PI_UIO_ESTACION_NORTE_12, eNodeB ID=44317, Cell FDD TDD indication=CELL_FDD",Reliable,0.62,0.466
2026-04-10 22:00,60,"PI_UIO_ESTACION_NORTE_UL/Cell:eNodeB Function Name=PI_UIO_ESTACION_NORTE_L, Local Cell ID=13, Cell Name=PI_UIO_ESTACION_NORTE_13, eNodeB ID=44317, Cell FDD TDD indication=CELL_FDD",Reliable,13.21,4.11
2026-04-10 22:00,60,"PI_UIO_EL_CARMELO_UL/Cell:eNodeB Function Name=PIC_UIO_EL_CARMELO_L, Local Cell ID=1, Cell Name=PIC_UIO_EL_CARMELO_L21_1, eNodeB ID=44316, Cell FDD TDD indication=CELL_FDD",Reliable,186.569,17.986
2026-04-10 22:00,60,"PI_UIO_EL_CARMELO_UL/Cell:eNodeB Function Name=PIC_UIO_EL_CARMELO_L, Local Cell ID=2, Cell Name=PIC_UIO_EL_CARMELO_L21_2, eNodeB ID=44316, Cell FDD TDD indication=CELL_FDD",Reliable,2919.288,1322.09
2026-04-10 22:00,60,"PI_UIO_EL_CARMELO_UL/Cell:eNodeB Function Name=PIC_UIO_EL_CARMELO_L, Local Cell ID=3, Cell Name=PIC_UIO_EL_CARMELO_L21_3, eNodeB ID=44316, Cell FDD TDD indication=CELL_FDD",Reliable,1367.296,371.683
2026-04-10 22:00,60,"PI_UIO_EL_CARMELO_UL/Cell:eNodeB Function Name=PIC_UIO_EL_CARMELO_L, Local Cell ID=7, Cell Name=PIC_UIO_EL_CARMELO_L7_7, eNodeB ID=44316, Cell FDD TDD indication=CELL_FDD",Reliable,122.975,11.562
2026-04-10 22:00,60,"PI_UIO_EL_CARMELO_UL/Cell:eNodeB Function Name=PIC_UIO_EL_CARMELO_L, Local Cell ID=8, Cell Name=PIC_UIO_EL_CARMELO_L7_8, eNodeB ID=44316, Cell FDD TDD indication=CELL_FDD",Reliable,2560.094,3385.276
2026-04-10 22:00,60,"PI_UIO_EL_CARMELO_UL/Cell:eNodeB Function Name=PIC_UIO_EL_CARMELO_L, Local Cell ID=9, Cell Name=PIC_UIO_EL_CARMELO_L7_9, eNodeB ID=44316, Cell FDD TDD indication=CELL_FDD",Reliable,2500.75,289.515
2026-04-10 22:00,60,"PI_UIO_EL_CARMELO_UL/Cell:eNodeB Function Name=PIC_UIO_EL_CARMELO_L, Local Cell ID=13, Cell Name=PIC_UIO_EL_CARMELO_L19_13, eNodeB ID=44316, Cell FDD TDD indication=CELL_FDD",Reliable,24.699,1.78
2026-04-10 22:00,60,"PI_UIO_EL_CARMELO_UL/Cell:eNodeB Function Name=PIC_UIO_EL_CARMELO_L, Local Cell ID=11, Cell Name=PIC_UIO_EL_CARMELO_L19_11, eNodeB ID=44316, Cell FDD TDD indication=CELL_FDD",Reliable,0.187,0.068
2026-04-10 22:00,60,"PI_UIO_EL_CARMELO_UL/Cell:eNodeB Function Name=PIC_UIO_EL_CARMELO_L, Local Cell ID=12, Cell Name=PIC_UIO_EL_CARMELO_L19_12, eNodeB ID=44316, Cell FDD TDD indication=CELL_FDD",Reliable,19.355,10.296
2026-04-10 22:00,60,"PI_UIO_JARDINES_DEL_BOSQUE_UL/Cell:eNodeB Function Name=PIC_UIO_JARDINES_DEL_BOSQUE_L, Local Cell ID=1, Cell Name=PIC_UIO_JARDINES_DEL_BOSQUE_L21_1, eNodeB ID=44994, Cell FDD TDD indication=CELL_FDD",Reliable,850.532,74.166
2026-04-10 22:00,60,"PI_UIO_JARDINES_DEL_BOSQUE_UL/Cell:eNodeB Function Name=PIC_UIO_JARDINES_DEL_BOSQUE_L, Local Cell ID=2, Cell Name=PIC_UIO_JARDINES_DEL_BOSQUE_L21_2, eNodeB ID=44994, Cell FDD TDD indication=CELL_FDD",Reliable,273.861,32.616
2026-04-10 22:00,60,"PI_UIO_CARDENAL_DE_LA_TORRE_UL/Cell:eNodeB Function Name=PI_UIO_CARDENAL_DE_LA_TORREL21, Local Cell ID=1, Cell Name=PIC_UIO_CARDENAL_DE_LA_TORRE_L21_1, eNodeB ID=44059, Cell FDD TDD indication=CELL_FDD",Reliable,1569.061,134.242
2026-04-10 22:00,60,"PI_UIO_CARDENAL_DE_LA_TORRE_UL/Cell:eNodeB Function Name=PI_UIO_CARDENAL_DE_LA_TORREL21, Local Cell ID=2, Cell Name=PIC_UIO_CARDENAL_DE_LA_TORRE_L21_2, eNodeB ID=44059, Cell FDD TDD indication=CELL_FDD",Reliable,740.178,95.553
2026-04-10 22:00,60,"PI_UIO_CARDENAL_DE_LA_TORRE_UL/Cell:eNodeB Function Name=PI_UIO_CARDENAL_DE_LA_TORREL21, Local Cell ID=3, Cell Name=PIC_UIO_CARDENAL_DE_LA_TORRE_L21_3, eNodeB ID=44059, Cell FDD TDD indication=CELL_FDD",Reliable,399.839,54.514
2026-04-10 22:00,60,"PIC_UIO_MTOP_ULN/Cell:eNodeB Function Name=PI_UIO_MTOP_L, Local Cell ID=1, Cell Name=PI_UIO_MTOP_1, eNodeB ID=44325, Cell FDD TDD indication=CELL_FDD",Reliable,152.061,19.262
2026-04-10 22:00,60,"PIC_UIO_MTOP_ULN/Cell:eNodeB Function Name=PI_UIO_MTOP_L, Local Cell ID=2, Cell Name=PI_UIO_MTOP_2, eNodeB ID=44325, Cell FDD TDD indication=CELL_FDD",Reliable,762.277,62.848
2026-04-10 22:00,60,"PIC_UIO_MTOP_ULN/Cell:eNodeB Function Name=PI_UIO_MTOP_L, Local Cell ID=3, Cell Name=PI_UIO_MTOP_3, eNodeB ID=44325, Cell FDD TDD indication=CELL_FDD",Reliable,922.176,89.87
2026-04-10 22:00,60,"PIC_UIO_MTOP_ULN/Cell:eNodeB Function Name=PI_UIO_MTOP_L, Local Cell ID=11, Cell Name=PI_UIO_MTOP_11, eNodeB ID=44325, Cell FDD TDD indication=CELL_FDD",Reliable,12.434,2.477
2026-04-10 22:00,60,"PIC_UIO_MTOP_ULN/Cell:eNodeB Function Name=PI_UIO_MTOP_L, Local Cell ID=12, Cell Name=PI_UIO_MTOP_12, eNodeB ID=44325, Cell FDD TDD indication=CELL_FDD",Reliable,36.42,6.084
2026-04-10 22:00,60,"PIC_UIO_MTOP_ULN/Cell:eNodeB Function Name=PI_UIO_MTOP_L, Local Cell ID=13, Cell Name=PI_UIO_MTOP_13, eNodeB ID=44325, Cell FDD TDD indication=CELL_FDD",Reliable,103.817,13.008
2026-04-10 22:00,60,"PI_UIO_MOSCU_UL/Cell:eNodeB Function Name=PIC_UIO_MOSCU_L, Local Cell ID=1, Cell Name=PIC_UIO_MOSCU_L21_1, eNodeB ID=44239, Cell FDD TDD indication=CELL_FDD",Reliable,1206.882,79.6
2026-04-10 22:00,60,"PI_UIO_MOSCU_UL/Cell:eNodeB Function Name=PIC_UIO_MOSCU_L, Local Cell ID=2, Cell Name=PIC_UIO_MOSCU_L21_2, eNodeB ID=44239, Cell FDD TDD indication=CELL_FDD",Reliable,550.412,34.968
2026-04-10 22:00,60,"PIC_UIO_JARDIN_ULN/Cell:eNodeB Function Name=PI_UIO_JARDIN_L, Local Cell ID=1, Cell Name=PI_UIO_JARDIN_1, eNodeB ID=44377, Cell FDD TDD indication=CELL_FDD",Reliable,180.929,23.662
2026-04-10 22:00,60,"PIC_UIO_JARDIN_ULN/Cell:eNodeB Function Name=PI_UIO_JARDIN_L, Local Cell ID=2, Cell Name=PI_UIO_JARDIN_2, eNodeB ID=44377, Cell FDD TDD indication=CELL_FDD",Reliable,2651.8,366.657
2026-04-10 22:00,60,"PIC_UIO_JARDIN_ULN/Cell:eNodeB Function Name=PI_UIO_JARDIN_L, Local Cell ID=3, Cell Name=PI_UIO_JARDIN_3, eNodeB ID=44377, Cell FDD TDD indication=CELL_FDD",Reliable,373.921,114.243
2026-04-10 22:00,60,"PIC_UIO_JARDIN_ULN/Cell:eNodeB Function Name=PI_UIO_JARDIN_L, Local Cell ID=11, Cell Name=PI_UIO_JARDIN_11, eNodeB ID=44377, Cell FDD TDD indication=CELL_FDD",Reliable,5.031,0.844
2026-04-10 22:00,60,"PIC_UIO_JARDIN_ULN/Cell:eNodeB Function Name=PI_UIO_JARDIN_L, Local Cell ID=12, Cell Name=PI_UIO_JARDIN_12, eNodeB ID=44377, Cell FDD TDD indication=CELL_FDD",Reliable,60.914,16.434
2026-04-10 22:00,60,"PIC_UIO_JARDIN_ULN/Cell:eNodeB Function Name=PI_UIO_JARDIN_L, Local Cell ID=13, Cell Name=PI_UIO_JARDIN_13, eNodeB ID=44377, Cell FDD TDD indication=CELL_FDD",Reliable,43.903,6.125
2026-04-10 22:00,60,"PIC_UIO_TUMBACO_PATAGUA_ULN/Cell:eNodeB Function Name=PI_UIO_TUMBACO_PATAGUAL21, Local Cell ID=1, Cell Name=PI_UIO_TUMBACO_PATAGUA_1, eNodeB ID=44245, Cell FDD TDD indication=CELL_FDD",Reliable,54.081,6.521
2026-04-10 22:00,60,"PIC_UIO_TUMBACO_PATAGUA_ULN/Cell:eNodeB Function Name=PI_UIO_TUMBACO_PATAGUAL21, Local Cell ID=2, Cell Name=PI_UIO_TUMBACO_PATAGUA_2, eNodeB ID=44245, Cell FDD TDD indication=CELL_FDD",Reliable,571.582,36.545
2026-04-10 22:00,60,"PIC_UIO_TUMBACO_PATAGUA_ULN/Cell:eNodeB Function Name=PI_UIO_TUMBACO_PATAGUAL21, Local Cell ID=3, Cell Name=PI_UIO_TUMBACO_PATAGUA_3, eNodeB ID=44245, Cell FDD TDD indication=CELL_FDD",Reliable,280.598,25.753
2026-04-10 22:00,60,"PIC_UIO_CUERO_CAICEDO_ULN/Cell:eNodeB Function Name=PI_UIO_CUERO_CAICEDO_L, Local Cell ID=1, Cell Name=PI_UIO_CUERO_CAICEDO_1, eNodeB ID=44376, Cell FDD TDD indication=CELL_FDD",Reliable,212.246,17.19
2026-04-10 22:00,60,"PIC_UIO_CUERO_CAICEDO_ULN/Cell:eNodeB Function Name=PI_UIO_CUERO_CAICEDO_L, Local Cell ID=2, Cell Name=PI_UIO_CUERO_CAICEDO_2, eNodeB ID=44376, Cell FDD TDD indication=CELL_FDD",Reliable,730.09,160.821
2026-04-10 22:00,60,"PIC_UIO_CUERO_CAICEDO_ULN/Cell:eNodeB Function Name=PI_UIO_CUERO_CAICEDO_L, Local Cell ID=3, Cell Name=PI_UIO_CUERO_CAICEDO_3, eNodeB ID=44376, Cell FDD TDD indication=CELL_FDD",Reliable,737.378,48.489
2026-04-10 22:00,60,"PIC_UIO_CUERO_CAICEDO_ULN/Cell:eNodeB Function Name=PI_UIO_CUERO_CAICEDO_L, Local Cell ID=11, Cell Name=PI_UIO_CUERO_CAICEDO_11, eNodeB ID=44376, Cell FDD TDD indication=CELL_FDD",Reliable,29.657,3.693
2026-04-10 22:00,60,"PIC_UIO_CUERO_CAICEDO_ULN/Cell:eNodeB Function Name=PI_UIO_CUERO_CAICEDO_L, Local Cell ID=12, Cell Name=PI_UIO_CUERO_CAICEDO_12, eNodeB ID=44376, Cell FDD TDD indication=CELL_FDD",Reliable,812.035,250.568
2026-04-10 22:00,60,"PIC_UIO_CUERO_CAICEDO_ULN/Cell:eNodeB Function Name=PI_UIO_CUERO_CAICEDO_L, Local Cell ID=13, Cell Name=PI_UIO_CUERO_CAICEDO_13, eNodeB ID=44376, Cell FDD TDD indication=CELL_FDD",Reliable,22.065,4.475
2026-04-10 22:00,60,"PI_UIO_MACHALA_UL/Cell:eNodeB Function Name=PI_UIO_MACHALAL21, Local Cell ID=1, Cell Name=PI_UIO_MACHALA_1, eNodeB ID=44380, Cell FDD TDD indication=CELL_FDD",Reliable,2075.954,205.295
2026-04-10 22:00,60,"PI_UIO_MACHALA_UL/Cell:eNodeB Function Name=PI_UIO_MACHALAL21, Local Cell ID=2, Cell Name=PI_UIO_MACHALA_2, eNodeB ID=44380, Cell FDD TDD indication=CELL_FDD",Reliable,1117.164,79.442
2026-04-10 22:00,60,"PI_UIO_MEGAMAXI_UL/Cell:eNodeB Function Name=PI_UIO_MEGAMAXIL21, Local Cell ID=1, Cell Name=PI_UIO_MEGAMAXI_1, eNodeB ID=44261, Cell FDD TDD indication=CELL_FDD",Reliable,117.129,33.287
2026-04-10 22:00,60,"PI_UIO_MEGAMAXI_UL/Cell:eNodeB Function Name=PI_UIO_MEGAMAXIL21, Local Cell ID=2, Cell Name=PI_UIO_MEGAMAXI_2, eNodeB ID=44261, Cell FDD TDD indication=CELL_FDD",Reliable,202.986,29.014
2026-04-10 22:00,60,"PI_UIO_MEGAMAXI_UL/Cell:eNodeB Function Name=PI_UIO_MEGAMAXIL21, Local Cell ID=3, Cell Name=PI_UIO_MEGAMAXI_3, eNodeB ID=44261, Cell FDD TDD indication=CELL_FDD",Reliable,1853.941,211.293
2026-04-10 22:00,60,"PI_UIO_ENTRADA_ESTADIO_UL/Cell:eNodeB Function Name=PI_UIO_ENTRADA_ESTADIOL21, Local Cell ID=1, Cell Name=PI_UIO_ENTRADA_ESTADIO_1, eNodeB ID=44301, Cell FDD TDD indication=CELL_FDD",Reliable,150.721,16.01
2026-04-10 22:00,60,"PI_UIO_ENTRADA_ESTADIO_UL/Cell:eNodeB Function Name=PI_UIO_ENTRADA_ESTADIOL21, Local Cell ID=2, Cell Name=PI_UIO_ENTRADA_ESTADIO_2, eNodeB ID=44301, Cell FDD TDD indication=CELL_FDD",Reliable,379.894,25.822
2026-04-10 22:00,60,"PI_UIO_ENTRADA_ESTADIO_UL/Cell:eNodeB Function Name=PI_UIO_ENTRADA_ESTADIOL21, Local Cell ID=3, Cell Name=PI_UIO_ENTRADA_ESTADIO_3, eNodeB ID=44301, Cell FDD TDD indication=CELL_FDD",Reliable,741.891,58.523
2026-04-10 22:00,60,"PI_UIO_CHECOSLOVAQUIA_UL/Cell:eNodeB Function Name=PI_UIO_CHECOSLOVAQUIAL21, Local Cell ID=1, Cell Name=PI_UIO_CHECOSLOVAQUIA_1, eNodeB ID=44374, Cell FDD TDD indication=CELL_FDD",Reliable,762.498,77.548
2026-04-10 22:00,60,"PI_UIO_CHECOSLOVAQUIA_UL/Cell:eNodeB Function Name=PI_UIO_CHECOSLOVAQUIAL21, Local Cell ID=2, Cell Name=PI_UIO_CHECOSLOVAQUIA_2, eNodeB ID=44374, Cell FDD TDD indication=CELL_FDD",Reliable,704.09,53.751
2026-04-10 22:00,60,"PI_UIO_TRIBUNA_UL/Cell:eNodeB Function Name=PIC_UIO_TRIBUNA_L, Local Cell ID=1, Cell Name=PI_UIO_TRIBUNA_1, eNodeB ID=44321, Cell FDD TDD indication=CELL_FDD",Reliable,944.369,91.699
2026-04-10 22:00,60,"PI_UIO_TRIBUNA_UL/Cell:eNodeB Function Name=PIC_UIO_TRIBUNA_L, Local Cell ID=2, Cell Name=PI_UIO_TRIBUNA_2, eNodeB ID=44321, Cell FDD TDD indication=CELL_FDD",Reliable,104.276,22.586
2026-04-10 22:00,60,"PI_UIO_TRIBUNA_UL/Cell:eNodeB Function Name=PIC_UIO_TRIBUNA_L, Local Cell ID=3, Cell Name=PI_UIO_TRIBUNA_3, eNodeB ID=44321, Cell FDD TDD indication=CELL_FDD",Reliable,17.734,4.132
2026-04-10 22:00,60,"PI_UIO_TRIBUNA_UL/Cell:eNodeB Function Name=PIC_UIO_TRIBUNA_L, Local Cell ID=11, Cell Name=PI_UIO_TRIBUNA_11, eNodeB ID=44321, Cell FDD TDD indication=CELL_FDD",Reliable,9.785,1.425
2026-04-10 22:00,60,"PI_UIO_TRIBUNA_UL/Cell:eNodeB Function Name=PIC_UIO_TRIBUNA_L, Local Cell ID=12, Cell Name=PI_UIO_TRIBUNA_12, eNodeB ID=44321, Cell FDD TDD indication=CELL_FDD",Reliable,6.9,1.108
2026-04-10 22:00,60,"PI_UIO_TRIBUNA_UL/Cell:eNodeB Function Name=PIC_UIO_TRIBUNA_L, Local Cell ID=13, Cell Name=PI_UIO_TRIBUNA_13, eNodeB ID=44321, Cell FDD TDD indication=CELL_FDD",Reliable,0.092,0.05
2026-04-10 22:00,60,"PI_UIO_BICENTENARIO_UL/Cell:eNodeB Function Name=PIC_UIO_BICENTENARIO_L, Local Cell ID=1, Cell Name=PIC_UIO_BICENTENARIO_L21_1, eNodeB ID=44313, Cell FDD TDD indication=CELL_FDD",Reliable,404.861,62.677
2026-04-10 22:00,60,"PI_UIO_BICENTENARIO_UL/Cell:eNodeB Function Name=PIC_UIO_BICENTENARIO_L, Local Cell ID=2, Cell Name=PIC_UIO_BICENTENARIO_L21_2, eNodeB ID=44313, Cell FDD TDD indication=CELL_FDD",Reliable,325.447,38.667
2026-04-10 22:00,60,"PI_UIO_BICENTENARIO_UL/Cell:eNodeB Function Name=PIC_UIO_BICENTENARIO_L, Local Cell ID=3, Cell Name=PIC_UIO_BICENTENARIO_L21_3, eNodeB ID=44313, Cell FDD TDD indication=CELL_FDD",Reliable,1336.081,74.455
2026-04-10 22:00,60,"PI_UIO_BICENTENARIO_UL/Cell:eNodeB Function Name=PIC_UIO_BICENTENARIO_L, Local Cell ID=11, Cell Name=PIC_UIO_BICENTENARIO_L21_11, eNodeB ID=44313, Cell FDD TDD indication=CELL_FDD",Reliable,346.985,45.392
2026-04-10 22:00,60,"PI_UIO_BICENTENARIO_UL/Cell:eNodeB Function Name=PIC_UIO_BICENTENARIO_L, Local Cell ID=12, Cell Name=PIC_UIO_BICENTENARIO_L21_12, eNodeB ID=44313, Cell FDD TDD indication=CELL_FDD",Reliable,44.425,5.06
2026-04-10 22:00,60,"PI_UIO_BICENTENARIO_UL/Cell:eNodeB Function Name=PIC_UIO_BICENTENARIO_L, Local Cell ID=13, Cell Name=PIC_UIO_BICENTENARIO_L21_13, eNodeB ID=44313, Cell FDD TDD indication=CELL_FDD",Reliable,111.834,9.042
2026-04-10 22:00,60,"PI_UIO_REINA_VICTORIA_UL/Cell:eNodeB Function Name=PI_UIO_REINA_VICTORIA_L, Local Cell ID=1, Cell Name=PI_UIO_REINA_VICTORIA_1, eNodeB ID=44329, Cell FDD TDD indication=CELL_FDD",Reliable,336.406,21.552
2026-04-10 22:00,60,"PI_UIO_REINA_VICTORIA_UL/Cell:eNodeB Function Name=PI_UIO_REINA_VICTORIA_L, Local Cell ID=2, Cell Name=PI_UIO_REINA_VICTORIA_2, eNodeB ID=44329, Cell FDD TDD indication=CELL_FDD",Reliable,1502.088,558.913
2026-04-10 22:00,60,"PI_UIO_REINA_VICTORIA_UL/Cell:eNodeB Function Name=PI_UIO_REINA_VICTORIA_L, Local Cell ID=3, Cell Name=PI_UIO_REINA_VICTORIA_3, eNodeB ID=44329, Cell FDD TDD indication=CELL_FDD",Reliable,621.676,218.545
2026-04-10 22:00,60,"PI_UIO_REINA_VICTORIA_UL/Cell:eNodeB Function Name=PI_UIO_REINA_VICTORIA_L, Local Cell ID=11, Cell Name=PI_UIO_REINA_VICTORIA_11, eNodeB ID=44329, Cell FDD TDD indication=CELL_FDD",Reliable,2.78,1.21
2026-04-10 22:00,60,"PI_UIO_REINA_VICTORIA_UL/Cell:eNodeB Function Name=PI_UIO_REINA_VICTORIA_L, Local Cell ID=12, Cell Name=PI_UIO_REINA_VICTORIA_12, eNodeB ID=44329, Cell FDD TDD indication=CELL_FDD",Reliable,72.316,20.13
2026-04-10 22:00,60,"PI_UIO_REINA_VICTORIA_UL/Cell:eNodeB Function Name=PI_UIO_REINA_VICTORIA_L, Local Cell ID=13, Cell Name=PI_UIO_REINA_VICTORIA_13, eNodeB ID=44329, Cell FDD TDD indication=CELL_FDD",Reliable,169.842,29.085
2026-04-10 22:00,60,"PI_UIO_JOSE_BARREIRO_UL/Cell:eNodeB Function Name=PI_UIO_JOSE_BARREIROL21, Local Cell ID=1, Cell Name=PI_UIO_JOSE_BARREIRO_1, eNodeB ID=44260, Cell FDD TDD indication=CELL_FDD",Reliable,1473.97,224.983
2026-04-10 22:00,60,"PI_UIO_JOSE_BARREIRO_UL/Cell:eNodeB Function Name=PI_UIO_JOSE_BARREIROL21, Local Cell ID=2, Cell Name=PI_UIO_JOSE_BARREIRO_2, eNodeB ID=44260, Cell FDD TDD indication=CELL_FDD",Reliable,504.128,53.637
2026-04-10 22:00,60,"PI_UIO_COL_ALEMAN_UL/Cell:eNodeB Function Name=PIC_UIO_COL_ALEMAN_L, Local Cell ID=1, Cell Name=PI_UIO_COL_ALEMAN_1, eNodeB ID=44070, Cell FDD TDD indication=CELL_FDD",Reliable,1462.127,112.426
2026-04-10 22:00,60,"PI_UIO_COL_ALEMAN_UL/Cell:eNodeB Function Name=PIC_UIO_COL_ALEMAN_L, Local Cell ID=2, Cell Name=PI_UIO_COL_ALEMAN_2, eNodeB ID=44070, Cell FDD TDD indication=CELL_FDD",Reliable,410.601,110.205
2026-04-10 22:00,60,"PI_UIO_PARCAYACU_UL/Cell:eNodeB Function Name=PIC_UIO_PARCAYACU_L, Local Cell ID=1, Cell Name=PIC_UIO_PARCAYACU_L21_1, eNodeB ID=44166, Cell FDD TDD indication=CELL_FDD",Reliable,2124.307,2581.44
2026-04-10 22:00,60,"PI_UIO_PARCAYACU_UL/Cell:eNodeB Function Name=PIC_UIO_PARCAYACU_L, Local Cell ID=2, Cell Name=PIC_UIO_PARCAYACU_L21_2, eNodeB ID=44166, Cell FDD TDD indication=CELL_FDD",Reliable,2631.009,446.575
2026-04-10 22:00,60,"PI_UIO_PARCAYACU_UL/Cell:eNodeB Function Name=PIC_UIO_PARCAYACU_L, Local Cell ID=7, Cell Name=PIC_UIO_PARCAYACU_L7_7, eNodeB ID=44166, Cell FDD TDD indication=CELL_FDD",Reliable,962.412,117.673
2026-04-10 22:00,60,"PI_UIO_PARCAYACU_UL/Cell:eNodeB Function Name=PIC_UIO_PARCAYACU_L, Local Cell ID=8, Cell Name=PIC_UIO_PARCAYACU_L7_8, eNodeB ID=44166, Cell FDD TDD indication=CELL_FDD",Reliable,3329.515,268.217
2026-04-10 22:00,60,"PI_UIO_RAFAEL_AULESTIA_UL/Cell:eNodeB Function Name=PI_UIO_RAFAEL_AULESTIA_L, Local Cell ID=1, Cell Name=PI_UIO_RAFAEL_AULESTIA_1, eNodeB ID=44307, Cell FDD TDD indication=CELL_FDD",Reliable,294.731,33.145
2026-04-10 22:00,60,"PI_UIO_RAFAEL_AULESTIA_UL/Cell:eNodeB Function Name=PI_UIO_RAFAEL_AULESTIA_L, Local Cell ID=2, Cell Name=PI_UIO_RAFAEL_AULESTIA_2, eNodeB ID=44307, Cell FDD TDD indication=CELL_FDD",Reliable,704.976,84.498
2026-04-10 22:00,60,"PI_UIO_RAFAEL_AULESTIA_UL/Cell:eNodeB Function Name=PI_UIO_RAFAEL_AULESTIA_L, Local Cell ID=3, Cell Name=PI_UIO_RAFAEL_AULESTIA_3, eNodeB ID=44307, Cell FDD TDD indication=CELL_FDD",Reliable,345.412,43.163
2026-04-10 22:00,60,"PI_UIO_RAFAEL_AULESTIA_UL/Cell:eNodeB Function Name=PI_UIO_RAFAEL_AULESTIA_L, Local Cell ID=11, Cell Name=PI_UIO_RAFAEL_AULESTIA_11, eNodeB ID=44307, Cell FDD TDD indication=CELL_FDD",Reliable,29.834,6.957
2026-04-10 22:00,60,"PI_UIO_RAFAEL_AULESTIA_UL/Cell:eNodeB Function Name=PI_UIO_RAFAEL_AULESTIA_L, Local Cell ID=12, Cell Name=PI_UIO_RAFAEL_AULESTIA_12, eNodeB ID=44307, Cell FDD TDD indication=CELL_FDD",Reliable,105.235,8.974
2026-04-10 22:00,60,"PI_UIO_RAFAEL_AULESTIA_UL/Cell:eNodeB Function Name=PI_UIO_RAFAEL_AULESTIA_L, Local Cell ID=13, Cell Name=PI_UIO_RAFAEL_AULESTIA_13, eNodeB ID=44307, Cell FDD TDD indication=CELL_FDD",Reliable,0.369,0.213
2026-04-10 22:00,60,"PIC_UIO_CUMBAYA_ESTE_ULN/Cell:eNodeB Function Name=PI_UIO_CUMBAYA_ESTEL21, Local Cell ID=1, Cell Name=PI_UIO_CUMBAYA_ESTE_1, eNodeB ID=44066, Cell FDD TDD indication=CELL_FDD",Reliable,1201.451,89.918
2026-04-10 22:00,60,"PIC_UIO_CUMBAYA_ESTE_ULN/Cell:eNodeB Function Name=PI_UIO_CUMBAYA_ESTEL21, Local Cell ID=2, Cell Name=PI_UIO_CUMBAYA_ESTE_2, eNodeB ID=44066, Cell FDD TDD indication=CELL_FDD",Reliable,218.308,15.406
2026-04-10 22:00,60,"PIC_UIO_CUMBAYA_ESTE_ULN/Cell:eNodeB Function Name=PI_UIO_CUMBAYA_ESTEL21, Local Cell ID=3, Cell Name=PI_UIO_CUMBAYA_ESTE_3, eNodeB ID=44066, Cell FDD TDD indication=CELL_FDD",Reliable,342.208,21.187
2026-04-10 22:00,60,"PI_UIO_CORUNA_UL/Cell:eNodeB Function Name=PI_UIO_CORUNAL21, Local Cell ID=1, Cell Name=PI_UIO_CORUNA_1, eNodeB ID=44327, Cell FDD TDD indication=CELL_FDD",Reliable,477.294,63.043
2026-04-10 22:00,60,"PI_UIO_CORUNA_UL/Cell:eNodeB Function Name=PI_UIO_CORUNAL21, Local Cell ID=2, Cell Name=PI_UIO_CORUNA_2, eNodeB ID=44327, Cell FDD TDD indication=CELL_FDD",Reliable,277.516,54.324
2026-04-10 22:00,60,"PI_UIO_CORUNA_UL/Cell:eNodeB Function Name=PI_UIO_CORUNAL21, Local Cell ID=7, Cell Name=PI_UIO_CORUNA_APT_7, eNodeB ID=44327, Cell FDD TDD indication=CELL_FDD",Reliable,297.861,23.512
2026-04-10 22:00,60,"PI_UIO_CORUNA_UL/Cell:eNodeB Function Name=PI_UIO_CORUNAL21, Local Cell ID=8, Cell Name=PI_UIO_CORUNA_APT_8, eNodeB ID=44327, Cell FDD TDD indication=CELL_FDD",Reliable,563.356,90.705
2026-04-10 22:00,60,"PIC_UIO_CALDAS_ULN/Cell:eNodeB Function Name=PI_UIO_CALDAS_L, Local Cell ID=1, Cell Name=PI_UIO_CALDAS_1, eNodeB ID=44103, Cell FDD TDD indication=CELL_FDD",Reliable,962.718,116.272
2026-04-10 22:00,60,"PIC_UIO_CALDAS_ULN/Cell:eNodeB Function Name=PI_UIO_CALDAS_L, Local Cell ID=2, Cell Name=PI_UIO_CALDAS_2, eNodeB ID=44103, Cell FDD TDD indication=CELL_FDD",Reliable,333.535,29.551
2026-04-10 22:00,60,"PIC_UIO_CALDAS_ULN/Cell:eNodeB Function Name=PI_UIO_CALDAS_L, Local Cell ID=11, Cell Name=PI_UIO_CALDAS_11, eNodeB ID=44103, Cell FDD TDD indication=CELL_FDD",Reliable,2.818,1.033
2026-04-10 22:00,60,"PIC_UIO_CALDAS_ULN/Cell:eNodeB Function Name=PI_UIO_CALDAS_L, Local Cell ID=12, Cell Name=PI_UIO_CALDAS_12, eNodeB ID=44103, Cell FDD TDD indication=CELL_FDD",Reliable,89.804,50.433
2026-04-10 22:00,60,"PIC_UIO_HOSP_CARLOS_ANDRADE_MARIN_ULN/Cell:eNodeB Function Name=PI_UIO_HOSP_CARLOS_ANDRADE_MARIN_L, Local Cell ID=1, Cell Name=PI_UIO_HOSP_CARLOS_ANDRADE_MARIN_1, eNodeB ID=44991, Cell FDD TDD indication=CELL_FDD",Reliable,150.731,14.035
2026-04-10 22:00,60,"PIC_UIO_HOSP_CARLOS_ANDRADE_MARIN_ULN/Cell:eNodeB Function Name=PI_UIO_HOSP_CARLOS_ANDRADE_MARIN_L, Local Cell ID=2, Cell Name=PI_UIO_HOSP_CARLOS_ANDRADE_MARIN_2, eNodeB ID=44991, Cell FDD TDD indication=CELL_FDD",Reliable,8218.849,519.45
2026-04-10 22:00,60,"PIC_UIO_HOSP_CARLOS_ANDRADE_MARIN_ULN/Cell:eNodeB Function Name=PI_UIO_HOSP_CARLOS_ANDRADE_MARIN_L, Local Cell ID=3, Cell Name=PI_UIO_HOSP_CARLOS_ANDRADE_MARIN_3, eNodeB ID=44991, Cell FDD TDD indication=CELL_FDD",Reliable,356.913,43.206
2026-04-10 22:00,60,"PIC_UIO_HOSP_CARLOS_ANDRADE_MARIN_ULN/Cell:eNodeB Function Name=PI_UIO_HOSP_CARLOS_ANDRADE_MARIN_L, Local Cell ID=7, Cell Name=PI_UIO_HOSP_CARLOS_ANDRADE_MARIN_APT_7, eNodeB ID=44991, Cell FDD TDD indication=CELL_FDD",Reliable,131.171,37.94
2026-04-10 22:00,60,"PIC_UIO_HOSP_CARLOS_ANDRADE_MARIN_ULN/Cell:eNodeB Function Name=PI_UIO_HOSP_CARLOS_ANDRADE_MARIN_L, Local Cell ID=8, Cell Name=PI_UIO_HOSP_CARLOS_ANDRADE_MARIN_APT_8, eNodeB ID=44991, Cell FDD TDD indication=CELL_FDD",Reliable,2102.177,320.952
2026-04-10 22:00,60,"PIC_UIO_HOSP_CARLOS_ANDRADE_MARIN_ULN/Cell:eNodeB Function Name=PI_UIO_HOSP_CARLOS_ANDRADE_MARIN_L, Local Cell ID=9, Cell Name=PI_UIO_HOSP_CARLOS_ANDRADE_MARIN_APT_9, eNodeB ID=44991, Cell FDD TDD indication=CELL_FDD",Reliable,84.096,7.473
2026-04-10 22:00,60,"PIC_UIO_HOSP_CARLOS_ANDRADE_MARIN_ULN/Cell:eNodeB Function Name=PI_UIO_HOSP_CARLOS_ANDRADE_MARIN_L, Local Cell ID=11, Cell Name=PI_UIO_HOSP_CARLOS_ANDRADE_MARIN_11, eNodeB ID=44991, Cell FDD TDD indication=CELL_FDD",Reliable,2.33,0.196
2026-04-10 22:00,60,"PIC_UIO_HOSP_CARLOS_ANDRADE_MARIN_ULN/Cell:eNodeB Function Name=PI_UIO_HOSP_CARLOS_ANDRADE_MARIN_L, Local Cell ID=12, Cell Name=PI_UIO_HOSP_CARLOS_ANDRADE_MARIN_12, eNodeB ID=44991, Cell FDD TDD indication=CELL_FDD",Reliable,14.865,5.066
2026-04-10 22:00,60,"PIC_UIO_HOSP_CARLOS_ANDRADE_MARIN_ULN/Cell:eNodeB Function Name=PI_UIO_HOSP_CARLOS_ANDRADE_MARIN_L, Local Cell ID=13, Cell Name=PI_UIO_HOSP_CARLOS_ANDRADE_MARIN_13, eNodeB ID=44991, Cell FDD TDD indication=CELL_FDD",Reliable,7.315,1.551
2026-04-10 22:00,60,"PIC_UIO_LA_VINA_ULN/Cell:eNodeB Function Name=PI_UIO_LA_VINAL21, Local Cell ID=1, Cell Name=PI_UIO_LA_VINA_1, eNodeB ID=44379, Cell FDD TDD indication=CELL_FDD",Reliable,0.056,0.06
2026-04-10 22:00,60,"PIC_UIO_LA_VINA_ULN/Cell:eNodeB Function Name=PI_UIO_LA_VINAL21, Local Cell ID=2, Cell Name=PI_UIO_LA_VINA_2, eNodeB ID=44379, Cell FDD TDD indication=CELL_FDD",Reliable,9.021,1.066
2026-04-10 22:00,60,"PIC_UIO_LA_VINA_ULN/Cell:eNodeB Function Name=PI_UIO_LA_VINAL21, Local Cell ID=3, Cell Name=PI_UIO_LA_VINA_3, eNodeB ID=44379, Cell FDD TDD indication=CELL_FDD",Reliable,4.271,1.078
2026-04-10 22:00,60,"PIC_UIO_NACIONES_UNIDAS_ULN/Cell:eNodeB Function Name=PIC_UIO_NACIONES_UNIDAS_L, Local Cell ID=1, Cell Name=PIC_UIO_NACIONES_UNIDAS_L21_1, eNodeB ID=44364, Cell FDD TDD indication=CELL_FDD",Reliable,329.224,49.817
2026-04-10 22:00,60,"PIC_UIO_NACIONES_UNIDAS_ULN/Cell:eNodeB Function Name=PIC_UIO_NACIONES_UNIDAS_L, Local Cell ID=2, Cell Name=PIC_UIO_NACIONES_UNIDAS_L21_2, eNodeB ID=44364, Cell FDD TDD indication=CELL_FDD",Reliable,1744.745,199.898
2026-04-10 22:00,60,"PIC_UIO_NACIONES_UNIDAS_ULN/Cell:eNodeB Function Name=PIC_UIO_NACIONES_UNIDAS_L, Local Cell ID=3, Cell Name=PIC_UIO_NACIONES_UNIDAS_L21_3, eNodeB ID=44364, Cell FDD TDD indication=CELL_FDD",Reliable,1058.523,153.202
2026-04-10 22:00,60,"PIC_UIO_NACIONES_UNIDAS_ULN/Cell:eNodeB Function Name=PIC_UIO_NACIONES_UNIDAS_L, Local Cell ID=12, Cell Name=PIC_UIO_NACIONES_UNIDAS_L19_12, eNodeB ID=44364, Cell FDD TDD indication=CELL_FDD",Reliable,435.96,17.704
2026-04-10 22:00,60,"PIC_UIO_NACIONES_UNIDAS_ULN/Cell:eNodeB Function Name=PIC_UIO_NACIONES_UNIDAS_L, Local Cell ID=13, Cell Name=PIC_UIO_NACIONES_UNIDAS_L19_13, eNodeB ID=44364, Cell FDD TDD indication=CELL_FDD",Reliable,546.337,43.719
2026-04-10 22:00,60,"PIC_UIO_NACIONES_UNIDAS_ULN/Cell:eNodeB Function Name=PIC_UIO_NACIONES_UNIDAS_L, Local Cell ID=11, Cell Name=PIC_UIO_NACIONES_UNIDAS_L19_11, eNodeB ID=44364, Cell FDD TDD indication=CELL_FDD",Reliable,34.159,6.837
2026-04-10 22:00,60,"PI_UIO_NUEVO_POLANCO_UL/Cell:eNodeB Function Name=PI_UIO_NUEVO_POLANCOL21, Local Cell ID=1, Cell Name=PI_UIO_NUEVO_POLANCO_1, eNodeB ID=44997, Cell FDD TDD indication=CELL_FDD",Reliable,635.409,173.184
2026-04-10 22:00,60,"PI_UIO_NUEVO_POLANCO_UL/Cell:eNodeB Function Name=PI_UIO_NUEVO_POLANCOL21, Local Cell ID=2, Cell Name=PI_UIO_NUEVO_POLANCO_2, eNodeB ID=44997, Cell FDD TDD indication=CELL_FDD",Reliable,630.326,44.309
2026-04-10 22:00,60,"PIC_UIO_CONTRALORIA_ULN/Cell:eNodeB Function Name=PI_UIO_CONTRALORIA_L, Local Cell ID=1, Cell Name=PI_UIO_CONTRALORIA_1, eNodeB ID=44337, Cell FDD TDD indication=CELL_FDD",Reliable,208.078,22.605
2026-04-10 22:00,60,"PIC_UIO_CONTRALORIA_ULN/Cell:eNodeB Function Name=PI_UIO_CONTRALORIA_L, Local Cell ID=2, Cell Name=PI_UIO_CONTRALORIA_2, eNodeB ID=44337, Cell FDD TDD indication=CELL_FDD",Reliable,680.278,84.16
2026-04-10 22:00,60,"PIC_UIO_CONTRALORIA_ULN/Cell:eNodeB Function Name=PI_UIO_CONTRALORIA_L, Local Cell ID=3, Cell Name=PI_UIO_CONTRALORIA_3, eNodeB ID=44337, Cell FDD TDD indication=CELL_FDD",Reliable,158.324,41.657
2026-04-10 22:00,60,"PIC_UIO_CONTRALORIA_ULN/Cell:eNodeB Function Name=PI_UIO_CONTRALORIA_L, Local Cell ID=11, Cell Name=PI_UIO_CONTRALORIA_11, eNodeB ID=44337, Cell FDD TDD indication=CELL_FDD",Reliable,32.094,9.56
2026-04-10 22:00,60,"PIC_UIO_CONTRALORIA_ULN/Cell:eNodeB Function Name=PI_UIO_CONTRALORIA_L, Local Cell ID=12, Cell Name=PI_UIO_CONTRALORIA_12, eNodeB ID=44337, Cell FDD TDD indication=CELL_FDD",Reliable,1194.977,64.959
2026-04-10 22:00,60,"PIC_UIO_CONTRALORIA_ULN/Cell:eNodeB Function Name=PI_UIO_CONTRALORIA_L, Local Cell ID=13, Cell Name=PI_UIO_CONTRALORIA_13, eNodeB ID=44337, Cell FDD TDD indication=CELL_FDD",Reliable,37.083,1.839
2026-04-10 22:00,60,"PI_UIO_REPUBLICA_COUB_UL/Cell:eNodeB Function Name=PI_UIO_REPUBLICA_COUBL21, Local Cell ID=1, Cell Name=PI_UIO_REPUBLICA_COUB_1, eNodeB ID=44320, Cell FDD TDD indication=CELL_FDD",Reliable,64.653,10.706
2026-04-10 22:00,60,"PI_UIO_REPUBLICA_COUB_UL/Cell:eNodeB Function Name=PI_UIO_REPUBLICA_COUBL21, Local Cell ID=2, Cell Name=PI_UIO_REPUBLICA_COUB_2, eNodeB ID=44320, Cell FDD TDD indication=CELL_FDD",Reliable,242.335,21.547
2026-04-10 22:00,60,"PI_UIO_REPUBLICA_COUB_UL/Cell:eNodeB Function Name=PI_UIO_REPUBLICA_COUBL21, Local Cell ID=3, Cell Name=PI_UIO_REPUBLICA_COUB_3, eNodeB ID=44320, Cell FDD TDD indication=CELL_FDD",Reliable,746.231,176.434
2026-04-10 22:00,60,"PIC_UIO_PATRIA_ULN/Cell:eNodeB Function Name=PI_UIO_PATRIA_L, Local Cell ID=1, Cell Name=PI_UIO_PATRIA_1, eNodeB ID=44381, Cell FDD TDD indication=CELL_FDD",Reliable,74.983,18.254
2026-04-10 22:00,60,"PIC_UIO_PATRIA_ULN/Cell:eNodeB Function Name=PI_UIO_PATRIA_L, Local Cell ID=2, Cell Name=PI_UIO_PATRIA_2, eNodeB ID=44381, Cell FDD TDD indication=CELL_FDD",Reliable,1719.869,248.527
2026-04-10 22:00,60,"PIC_UIO_PATRIA_ULN/Cell:eNodeB Function Name=PI_UIO_PATRIA_L, Local Cell ID=3, Cell Name=PI_UIO_PATRIA_3, eNodeB ID=44381, Cell FDD TDD indication=CELL_FDD",Reliable,197.492,25.002
2026-04-10 22:00,60,"PIC_UIO_PATRIA_ULN/Cell:eNodeB Function Name=PI_UIO_PATRIA_L, Local Cell ID=11, Cell Name=PI_UIO_PATRIA_11, eNodeB ID=44381, Cell FDD TDD indication=CELL_FDD",Reliable,0.529,0.186
2026-04-10 22:00,60,"PIC_UIO_PATRIA_ULN/Cell:eNodeB Function Name=PI_UIO_PATRIA_L, Local Cell ID=12, Cell Name=PI_UIO_PATRIA_12, eNodeB ID=44381, Cell FDD TDD indication=CELL_FDD",Reliable,309.719,19.418
2026-04-10 22:00,60,"PIC_UIO_PATRIA_ULN/Cell:eNodeB Function Name=PI_UIO_PATRIA_L, Local Cell ID=13, Cell Name=PI_UIO_PATRIA_13, eNodeB ID=44381, Cell FDD TDD indication=CELL_FDD",Reliable,8.557,0.412
2026-04-10 22:00,60,"PIC_UIO_QUICENTRO_NORTE_UL/Cell:eNodeB Function Name=PIC_UIO_QUICENTRO_NORTE_L, Local Cell ID=1, Cell Name=PIC_UIO_QUICENTRO_NORTE_L21_1, eNodeB ID=44386, Cell FDD TDD indication=CELL_FDD",Reliable,657.279,59.126
2026-04-10 22:00,60,"PIC_UIO_QUICENTRO_NORTE_UL/Cell:eNodeB Function Name=PIC_UIO_QUICENTRO_NORTE_L, Local Cell ID=2, Cell Name=PIC_UIO_QUICENTRO_NORTE_L21_2, eNodeB ID=44386, Cell FDD TDD indication=CELL_FDD",Reliable,965.927,140.789
2026-04-10 22:00,60,"PIC_UIO_QUICENTRO_NORTE_UL/Cell:eNodeB Function Name=PIC_UIO_QUICENTRO_NORTE_L, Local Cell ID=3, Cell Name=PIC_UIO_QUICENTRO_NORTE_L21_3, eNodeB ID=44386, Cell FDD TDD indication=CELL_FDD",Reliable,140.824,11.021
2026-04-10 22:00,60,"PIC_UIO_QUICENTRO_NORTE_UL/Cell:eNodeB Function Name=PIC_UIO_QUICENTRO_NORTE_L, Local Cell ID=12, Cell Name=PIC_UIO_QUICENTRO_NORTE_L19_12, eNodeB ID=44386, Cell FDD TDD indication=CELL_FDD",Reliable,203.31,11.844
2026-04-10 22:00,60,"PIC_UIO_QUICENTRO_NORTE_UL/Cell:eNodeB Function Name=PIC_UIO_QUICENTRO_NORTE_L, Local Cell ID=13, Cell Name=PIC_UIO_QUICENTRO_NORTE_L19_13, eNodeB ID=44386, Cell FDD TDD indication=CELL_FDD",Reliable,5.295,0.208
2026-04-10 22:00,60,"PIC_UIO_QUICENTRO_NORTE_UL/Cell:eNodeB Function Name=PIC_UIO_QUICENTRO_NORTE_L, Local Cell ID=11, Cell Name=PIC_UIO_QUICENTRO_NORTE_L19_11, eNodeB ID=44386, Cell FDD TDD indication=CELL_FDD",Reliable,143.638,12.491
2026-04-10 22:00,60,"PI_UIO_NUEVA_UTE_UL/Cell:eNodeB Function Name=PI_UIO_NUEVA_UTEL21, Local Cell ID=1, Cell Name=PI_UIO_NUEVA_UTE_1, eNodeB ID=44319, Cell FDD TDD indication=CELL_FDD",Reliable,1997.64,164.789
2026-04-10 22:00,60,"PI_UIO_NUEVA_UTE_UL/Cell:eNodeB Function Name=PI_UIO_NUEVA_UTEL21, Local Cell ID=2, Cell Name=PI_UIO_NUEVA_UTE_2, eNodeB ID=44319, Cell FDD TDD indication=CELL_FDD",Reliable,1480.46,77.413
2026-04-10 22:00,60,"PI_UIO_NUEVA_UTE_UL/Cell:eNodeB Function Name=PI_UIO_NUEVA_UTEL21, Local Cell ID=7, Cell Name=PI_UIO_NUEVA_UTE_APT_7, eNodeB ID=44319, Cell FDD TDD indication=CELL_FDD",Reliable,3858.268,634.776
2026-04-10 22:00,60,"PI_UIO_NUEVA_UTE_UL/Cell:eNodeB Function Name=PI_UIO_NUEVA_UTEL21, Local Cell ID=8, Cell Name=PI_UIO_NUEVA_UTE_APT_8, eNodeB ID=44319, Cell FDD TDD indication=CELL_FDD",Reliable,1490.663,110.826
2026-04-10 22:00,60,"PI_UIO_MASTODONTES_UL/Cell:eNodeB Function Name=PI_UIO_MASTODONTESL21, Local Cell ID=1, Cell Name=PI_UIO_MASTODONTES_1, eNodeB ID=44308, Cell FDD TDD indication=CELL_FDD",Reliable,422.329,30.529
2026-04-10 22:00,60,"PI_UIO_MASTODONTES_UL/Cell:eNodeB Function Name=PI_UIO_MASTODONTESL21, Local Cell ID=2, Cell Name=PI_UIO_MASTODONTES_2, eNodeB ID=44308, Cell FDD TDD indication=CELL_FDD",Reliable,943.467,96.076
2026-04-10 22:00,60,"PI_UIO_PALACIO_PRESIDENCIAL_UL/Cell:eNodeB Function Name=PI_UIO_PALACIO_PRESIDENCIALL21, Local Cell ID=1, Cell Name=PI_UIO_PALACIO_PRESIDENCIAL_1, eNodeB ID=44943, Cell FDD TDD indication=CELL_FDD",Reliable,121.613,46.914
2026-04-10 22:00,60,"PI_UIO_PALACIO_PRESIDENCIAL_UL/Cell:eNodeB Function Name=PI_UIO_PALACIO_PRESIDENCIALL21, Local Cell ID=2, Cell Name=PI_UIO_PALACIO_PRESIDENCIAL_2, eNodeB ID=44943, Cell FDD TDD indication=CELL_FDD",Reliable,215.434,16.564
2026-04-10 22:00,60,"PI_UIO_PLAZA_FOCH_UL/Cell:eNodeB Function Name=PI_UIO_PLAZA_FOCHL21, Local Cell ID=1, Cell Name=PI_UIO_PLAZA_FOCH_1, eNodeB ID=44969, Cell FDD TDD indication=CELL_FDD",Reliable,915.414,215.457
2026-04-10 22:00,60,"PI_UIO_PLAZA_FOCH_UL/Cell:eNodeB Function Name=PI_UIO_PLAZA_FOCHL21, Local Cell ID=2, Cell Name=PI_UIO_PLAZA_FOCH_2, eNodeB ID=44969, Cell FDD TDD indication=CELL_FDD",Reliable,1534.904,219.497
2026-04-10 22:00,60,"PI_UIO_PLAZA_FOCH_UL/Cell:eNodeB Function Name=PI_UIO_PLAZA_FOCHL21, Local Cell ID=3, Cell Name=PI_UIO_PLAZA_FOCH_3, eNodeB ID=44969, Cell FDD TDD indication=CELL_FDD",Reliable,407.689,167.89
2026-04-10 22:00,60,"PI_UIO_USFQ_UL/Cell:eNodeB Function Name=PI_UIO_USFQ_L, Local Cell ID=1, Cell Name=PI_UIO_USFQ_1, eNodeB ID=44436, Cell FDD TDD indication=CELL_FDD",Reliable,7.926,0.978
2026-04-10 22:00,60,"PI_UIO_USFQ_UL/Cell:eNodeB Function Name=PI_UIO_USFQ_L, Local Cell ID=2, Cell Name=PI_UIO_USFQ_2, eNodeB ID=44436, Cell FDD TDD indication=CELL_FDD",Reliable,371.533,15.154
2026-04-10 22:00,60,"PI_UIO_USFQ_UL/Cell:eNodeB Function Name=PI_UIO_USFQ_L, Local Cell ID=3, Cell Name=PI_UIO_USFQ_3, eNodeB ID=44436, Cell FDD TDD indication=CELL_FDD",Reliable,125.422,6.233
2026-04-10 22:00,60,"PI_UIO_USFQ_UL/Cell:eNodeB Function Name=PI_UIO_USFQ_L, Local Cell ID=11, Cell Name=PI_UIO_USFQ_11, eNodeB ID=44436, Cell FDD TDD indication=CELL_FDD",Reliable,2.512,0.212
2026-04-10 22:00,60,"PI_UIO_USFQ_UL/Cell:eNodeB Function Name=PI_UIO_USFQ_L, Local Cell ID=12, Cell Name=PI_UIO_USFQ_12, eNodeB ID=44436, Cell FDD TDD indication=CELL_FDD",Reliable,9.464,0.728
2026-04-10 22:00,60,"PI_UIO_USFQ_UL/Cell:eNodeB Function Name=PI_UIO_USFQ_L, Local Cell ID=13, Cell Name=PI_UIO_USFQ_13, eNodeB ID=44436, Cell FDD TDD indication=CELL_FDD",Reliable,8.57,0.322
2026-04-10 22:00,60,"PI_UIO_QUICENTRO_UL/Cell:eNodeB Function Name=PIC_UIO_QUICENTRO_L, Local Cell ID=1, Cell Name=PIC_UIO_QUICENTRO_L21_1, eNodeB ID=44272, Cell FDD TDD indication=CELL_FDD",Reliable,187.31,14.42
2026-04-10 22:00,60,"PI_UIO_QUICENTRO_UL/Cell:eNodeB Function Name=PIC_UIO_QUICENTRO_L, Local Cell ID=2, Cell Name=PIC_UIO_QUICENTRO_L21_2, eNodeB ID=44272, Cell FDD TDD indication=CELL_FDD",Reliable,944.992,49.931
2026-04-10 22:00,60,"PI_UIO_QUICENTRO_UL/Cell:eNodeB Function Name=PIC_UIO_QUICENTRO_L, Local Cell ID=3, Cell Name=PIC_UIO_QUICENTRO_L21_3, eNodeB ID=44272, Cell FDD TDD indication=CELL_FDD",Reliable,1289.244,171.29
2026-04-10 22:00,60,"PI_UIO_QUICENTRO_UL/Cell:eNodeB Function Name=PIC_UIO_QUICENTRO_L, Local Cell ID=11, Cell Name=PIC_UIO_QUICENTRO_L19_11, eNodeB ID=44272, Cell FDD TDD indication=CELL_FDD",Reliable,309.289,18.969
2026-04-10 22:00,60,"PI_UIO_QUICENTRO_UL/Cell:eNodeB Function Name=PIC_UIO_QUICENTRO_L, Local Cell ID=12, Cell Name=PIC_UIO_QUICENTRO_L19_12, eNodeB ID=44272, Cell FDD TDD indication=CELL_FDD",Reliable,54.239,10.253
2026-04-10 22:00,60,"PI_UIO_QUICENTRO_UL/Cell:eNodeB Function Name=PIC_UIO_QUICENTRO_L, Local Cell ID=13, Cell Name=PIC_UIO_QUICENTRO_L19_13, eNodeB ID=44272, Cell FDD TDD indication=CELL_FDD",Reliable,380.74,40.69
2026-04-10 22:00,60,"PIC_UIO_TERRANOVA_ULN/Cell:eNodeB Function Name=PIC_UIO_TERRANOVA_L, Local Cell ID=1, Cell Name=PIC_UIO_TERRANOVA_L21_1, eNodeB ID=44995, Cell FDD TDD indication=CELL_FDD",Reliable,529.132,48.782
2026-04-10 22:00,60,"PIC_UIO_TERRANOVA_ULN/Cell:eNodeB Function Name=PIC_UIO_TERRANOVA_L, Local Cell ID=2, Cell Name=PIC_UIO_TERRANOVA_L21_2, eNodeB ID=44995, Cell FDD TDD indication=CELL_FDD",Reliable,282.241,20.475
2026-04-10 22:00,60,"PI_UIO_ARELLANO_UL/Cell:eNodeB Function Name=PI_UIO_ARELLANOL21, Local Cell ID=1, Cell Name=PI_UIO_ARELLANO_1, eNodeB ID=44324, Cell FDD TDD indication=CELL_FDD",Reliable,269.431,24.915
2026-04-10 22:00,60,"PI_UIO_ARELLANO_UL/Cell:eNodeB Function Name=PI_UIO_ARELLANOL21, Local Cell ID=2, Cell Name=PI_UIO_ARELLANO_2, eNodeB ID=44324, Cell FDD TDD indication=CELL_FDD",Reliable,606.434,18.61
2026-04-10 22:00,60,"PI_UIO_AV_AMAZONAS_TRR_UL/Cell:eNodeB Function Name=PI_UIO_AV_AMAZONAS_TRRL21, Local Cell ID=1, Cell Name=PI_UIO_AV_AMAZONAS_TRR_1, eNodeB ID=44965, Cell FDD TDD indication=CELL_FDD",Reliable,924.31,62.641
2026-04-10 22:00,60,"PI_UIO_AV_AMAZONAS_TRR_UL/Cell:eNodeB Function Name=PI_UIO_AV_AMAZONAS_TRRL21, Local Cell ID=2, Cell Name=PI_UIO_AV_AMAZONAS_TRR_2, eNodeB ID=44965, Cell FDD TDD indication=CELL_FDD",Reliable,604.183,156.106
2026-04-10 22:00,60,"PI_UIO_AV_AMAZONAS_TRR_UL/Cell:eNodeB Function Name=PI_UIO_AV_AMAZONAS_TRRL21, Local Cell ID=3, Cell Name=PI_UIO_AV_AMAZONAS_TRR_3, eNodeB ID=44965, Cell FDD TDD indication=CELL_FDD",Reliable,912.277,92.771
2026-04-10 22:00,60,"PI_UIO_REGIMIENTO_QUITO_UL/Cell:eNodeB Function Name=PI_UIO_REGIMIENTO_QUITOL21, Local Cell ID=1, Cell Name=PI_UIO_REGIMIENTO_QUITO_1, eNodeB ID=44383, Cell FDD TDD indication=CELL_FDD",Reliable,2220.508,115.799
2026-04-10 22:00,60,"PI_UIO_REGIMIENTO_QUITO_UL/Cell:eNodeB Function Name=PI_UIO_REGIMIENTO_QUITOL21, Local Cell ID=2, Cell Name=PI_UIO_REGIMIENTO_QUITO_2, eNodeB ID=44383, Cell FDD TDD indication=CELL_FDD",Reliable,1625.989,122.96
2026-04-10 22:00,60,"PI_UIO_TUFINO(PI)_UL/Cell:eNodeB Function Name=PI_UIO_TUFINO(PI)L21, Local Cell ID=1, Cell Name=PI_UIO_TUFINO(PI)_1, eNodeB ID=44306, Cell FDD TDD indication=CELL_FDD",Reliable,136.957,12.57
2026-04-10 22:00,60,"PI_UIO_TUFINO(PI)_UL/Cell:eNodeB Function Name=PI_UIO_TUFINO(PI)L21, Local Cell ID=2, Cell Name=PI_UIO_TUFINO(PI)_2, eNodeB ID=44306, Cell FDD TDD indication=CELL_FDD",Reliable,1801.968,103.637
2026-04-10 22:00,60,"PI_UIO_TUFINO(PI)_UL/Cell:eNodeB Function Name=PI_UIO_TUFINO(PI)L21, Local Cell ID=3, Cell Name=PI_UIO_TUFINO(PI)_3, eNodeB ID=44306, Cell FDD TDD indication=CELL_FDD",Reliable,211.953,24.038
2026-04-10 22:00,60,"PI_UIO_COL_CENTRAL_TECNICO_TRR_UL/Cell:eNodeB Function Name=PI_UIO_COL_CENTRAL_TECNICO_TRRL21, Local Cell ID=1, Cell Name=PI_UIO_COL_CENTRAL_TECNICO_TRR_1, eNodeB ID=44808, Cell FDD TDD indication=CELL_FDD",Reliable,529.391,41.552
2026-04-10 22:00,60,"PI_UIO_COL_CENTRAL_TECNICO_TRR_UL/Cell:eNodeB Function Name=PI_UIO_COL_CENTRAL_TECNICO_TRRL21, Local Cell ID=2, Cell Name=PI_UIO_COL_CENTRAL_TECNICO_TRR_2, eNodeB ID=44808, Cell FDD TDD indication=CELL_FDD",Reliable,193.023,14.116
2026-04-10 22:00,60,"PI_UIO_COL_CENTRAL_TECNICO_TRR_UL/Cell:eNodeB Function Name=PI_UIO_COL_CENTRAL_TECNICO_TRRL21, Local Cell ID=3, Cell Name=PI_UIO_COL_CENTRAL_TECNICO_TRR_3, eNodeB ID=44808, Cell FDD TDD indication=CELL_FDD",Reliable,541.885,82.817
2026-04-10 22:00,60,"PI_UIO_CORDILLERA_UL/Cell:eNodeB Function Name=PI_UIO_CORDILLERA_L, Local Cell ID=1, Cell Name=PI_UIO_CORDILLERA_1, eNodeB ID=44315, Cell FDD TDD indication=CELL_FDD",Reliable,202.019,12.91
2026-04-10 22:00,60,"PI_UIO_CORDILLERA_UL/Cell:eNodeB Function Name=PI_UIO_CORDILLERA_L, Local Cell ID=2, Cell Name=PI_UIO_CORDILLERA_2, eNodeB ID=44315, Cell FDD TDD indication=CELL_FDD",Reliable,313.939,74.276
2026-04-10 22:00,60,"PI_UIO_CORDILLERA_UL/Cell:eNodeB Function Name=PI_UIO_CORDILLERA_L, Local Cell ID=3, Cell Name=PI_UIO_CORDILLERA_3, eNodeB ID=44315, Cell FDD TDD indication=CELL_FDD",Reliable,290.292,15.35
2026-04-10 22:00,60,"PI_UIO_CORDILLERA_UL/Cell:eNodeB Function Name=PI_UIO_CORDILLERA_L, Local Cell ID=11, Cell Name=PI_UIO_CORDILLERA_11, eNodeB ID=44315, Cell FDD TDD indication=CELL_FDD",Reliable,13.193,0.549
2026-04-10 22:00,60,"PI_UIO_CORDILLERA_UL/Cell:eNodeB Function Name=PI_UIO_CORDILLERA_L, Local Cell ID=12, Cell Name=PI_UIO_CORDILLERA_12, eNodeB ID=44315, Cell FDD TDD indication=CELL_FDD",Reliable,26.187,2.649
2026-04-10 22:00,60,"PI_UIO_CORDILLERA_UL/Cell:eNodeB Function Name=PI_UIO_CORDILLERA_L, Local Cell ID=13, Cell Name=PI_UIO_CORDILLERA_13, eNodeB ID=44315, Cell FDD TDD indication=CELL_FDD",Reliable,0.091,0.06
2026-04-10 22:00,60,"PI_UIO_ISLA_SAN_CRISTOBAL_UL/Cell:eNodeB Function Name=PI_UIO_ISLA_SAN_CRISTOBALL21, Local Cell ID=1, Cell Name=PI_UIO_ISLA_SAN_CRISTOBAL_1, eNodeB ID=44437, Cell FDD TDD indication=CELL_FDD",Reliable,254.971,26.549
2026-04-10 22:00,60,"PI_UIO_ISLA_SAN_CRISTOBAL_UL/Cell:eNodeB Function Name=PI_UIO_ISLA_SAN_CRISTOBALL21, Local Cell ID=2, Cell Name=PI_UIO_ISLA_SAN_CRISTOBAL_2, eNodeB ID=44437, Cell FDD TDD indication=CELL_FDD",Reliable,702.707,88.511
2026-04-10 22:00,60,"PI_UIO_ISLA_SAN_CRISTOBAL_UL/Cell:eNodeB Function Name=PI_UIO_ISLA_SAN_CRISTOBALL21, Local Cell ID=3, Cell Name=PI_UIO_ISLA_SAN_CRISTOBAL_3, eNodeB ID=44437, Cell FDD TDD indication=CELL_FDD",Reliable,700.073,41.12
2026-04-10 22:00,60,"PI_UIO_LA_MASCOTA_UL/Cell:eNodeB Function Name=PI_UIO_LA_MASCOTAL21, Local Cell ID=1, Cell Name=PI_UIO_LA_MASCOTA_1, eNodeB ID=44219, Cell FDD TDD indication=CELL_FDD",Reliable,220.061,11.375
2026-04-10 22:00,60,"PI_UIO_LA_MASCOTA_UL/Cell:eNodeB Function Name=PI_UIO_LA_MASCOTAL21, Local Cell ID=2, Cell Name=PI_UIO_LA_MASCOTA_2, eNodeB ID=44219, Cell FDD TDD indication=CELL_FDD",Reliable,325.024,31.132
2026-04-10 22:00,60,"PI_UIO_LA_MASCOTA_UL/Cell:eNodeB Function Name=PI_UIO_LA_MASCOTAL21, Local Cell ID=3, Cell Name=PI_UIO_LA_MASCOTA_3, eNodeB ID=44219, Cell FDD TDD indication=CELL_FDD",Reliable,1440.088,76.153
2026-04-10 22:00,60,"PI_UIO_ECU911_UL/Cell:eNodeB Function Name=PI_UIO_ECU911L21, Local Cell ID=1, Cell Name=PI_UIO_ECU911_1, eNodeB ID=44940, Cell FDD TDD indication=CELL_FDD",Reliable,1295.611,95.182
2026-04-10 22:00,60,"IM_URC_YACHAY_UL/Cell:eNodeB Function Name=IM_URC_YACHAYL21, Local Cell ID=1, Cell Name=IM_URC_YACHAY_1, eNodeB ID=44755, Cell FDD TDD indication=CELL_FDD",Reliable,637.207,53.271
2026-04-10 22:00,60,"IM_URC_YACHAY_UL/Cell:eNodeB Function Name=IM_URC_YACHAYL21, Local Cell ID=2, Cell Name=IM_URC_YACHAY_2, eNodeB ID=44755, Cell FDD TDD indication=CELL_FDD",Reliable,297.731,24.914
2026-04-10 22:00,60,"IM_URC_YACHAY_UL/Cell:eNodeB Function Name=IM_URC_YACHAYL21, Local Cell ID=3, Cell Name=IM_URC_YACHAY_3, eNodeB ID=44755, Cell FDD TDD indication=CELL_FDD",Reliable,1441.539,71.106
2026-04-10 22:00,60,"PI_UIO_EL_EDEN_UL/Cell:eNodeB Function Name=PI_UIO_EL_EDENL21, Local Cell ID=1, Cell Name=PI_UIO_EL_EDEN_1, eNodeB ID=44117, Cell FDD TDD indication=CELL_FDD",Reliable,72.562,7.426
2026-04-10 22:00,60,"PI_UIO_EL_EDEN_UL/Cell:eNodeB Function Name=PI_UIO_EL_EDENL21, Local Cell ID=2, Cell Name=PI_UIO_EL_EDEN_2, eNodeB ID=44117, Cell FDD TDD indication=CELL_FDD",Reliable,43.892,5.428
2026-04-10 22:00,60,"PI_UIO_EL_EDEN_UL/Cell:eNodeB Function Name=PI_UIO_EL_EDENL21, Local Cell ID=3, Cell Name=PI_UIO_EL_EDEN_3, eNodeB ID=44117, Cell FDD TDD indication=CELL_FDD",Reliable,2209.116,126.281
2026-04-10 22:00,60,"PI_UIO_FLACSO_TRR_UL/Cell:eNodeB Function Name=PI_UIO_FLACSO_TRRL21, Local Cell ID=1, Cell Name=PI_UIO_FLACSO_TRR_1, eNodeB ID=44967, Cell FDD TDD indication=CELL_FDD",Reliable,2916.211,923.029
2026-04-10 22:00,60,"PI_UIO_FLACSO_TRR_UL/Cell:eNodeB Function Name=PI_UIO_FLACSO_TRRL21, Local Cell ID=2, Cell Name=PI_UIO_FLACSO_TRR_2, eNodeB ID=44967, Cell FDD TDD indication=CELL_FDD",Reliable,63.62,25.335
2026-04-10 22:00,60,"PI_UIO_FLACSO_TRR_UL/Cell:eNodeB Function Name=PI_UIO_FLACSO_TRRL21, Local Cell ID=3, Cell Name=PI_UIO_FLACSO_TRR_3, eNodeB ID=44967, Cell FDD TDD indication=CELL_FDD",Reliable,709.889,131.094
2026-04-10 22:00,60,"PI_UIO_WHIMPER_TRR_UL/Cell:eNodeB Function Name=PI_UIO_WHIMPER_TRR_L, Local Cell ID=1, Cell Name=PI_UIO_WHIMPER_TRR_1, eNodeB ID=44968, Cell FDD TDD indication=CELL_FDD",Reliable,4.74,0.991
2026-04-10 22:00,60,"PI_UIO_WHIMPER_TRR_UL/Cell:eNodeB Function Name=PI_UIO_WHIMPER_TRR_L, Local Cell ID=2, Cell Name=PI_UIO_WHIMPER_TRR_2, eNodeB ID=44968, Cell FDD TDD indication=CELL_FDD",Reliable,596.324,25.578
2026-04-10 22:00,60,"PI_UIO_WHIMPER_TRR_UL/Cell:eNodeB Function Name=PI_UIO_WHIMPER_TRR_L, Local Cell ID=3, Cell Name=PI_UIO_WHIMPER_TRR_3, eNodeB ID=44968, Cell FDD TDD indication=CELL_FDD",Reliable,464.468,129.716
2026-04-10 22:00,60,"PI_UIO_WHIMPER_TRR_UL/Cell:eNodeB Function Name=PI_UIO_WHIMPER_TRR_L, Local Cell ID=11, Cell Name=PI_UIO_WHIMPER_TRR_11, eNodeB ID=44968, Cell FDD TDD indication=CELL_FDD",Reliable,0.039,0.011
2026-04-10 22:00,60,"PI_UIO_WHIMPER_TRR_UL/Cell:eNodeB Function Name=PI_UIO_WHIMPER_TRR_L, Local Cell ID=12, Cell Name=PI_UIO_WHIMPER_TRR_12, eNodeB ID=44968, Cell FDD TDD indication=CELL_FDD",Reliable,139.48,11.875
2026-04-10 22:00,60,"PI_UIO_WHIMPER_TRR_UL/Cell:eNodeB Function Name=PI_UIO_WHIMPER_TRR_L, Local Cell ID=13, Cell Name=PI_UIO_WHIMPER_TRR_13, eNodeB ID=44968, Cell FDD TDD indication=CELL_FDD",Reliable,31.848,3.851
2026-04-10 22:00,60,"PI_UIO_BELLO_HORIZONTE_TRR_UL/Cell:eNodeB Function Name=PIC_UIO_BELLO_HORIZONTE_TRR_L, Local Cell ID=1, Cell Name=PIC_UIO_BELLO_HORIZONTE_TRR_L21_1, eNodeB ID=44966, Cell FDD TDD indication=CELL_FDD",Reliable,1467.44,157.841
2026-04-10 22:00,60,"PI_UIO_BELLO_HORIZONTE_TRR_UL/Cell:eNodeB Function Name=PIC_UIO_BELLO_HORIZONTE_TRR_L, Local Cell ID=2, Cell Name=PIC_UIO_BELLO_HORIZONTE_TRR_L21_2, eNodeB ID=44966, Cell FDD TDD indication=CELL_FDD",Reliable,1880.325,283.573
2026-04-10 22:00,60,"PI_UIO_BELLO_HORIZONTE_TRR_UL/Cell:eNodeB Function Name=PIC_UIO_BELLO_HORIZONTE_TRR_L, Local Cell ID=3, Cell Name=PIC_UIO_BELLO_HORIZONTE_TRR_L21_3, eNodeB ID=44966, Cell FDD TDD indication=CELL_FDD",Reliable,67.253,8.476
2026-04-10 22:00,60,"PI_UIO_BELLO_HORIZONTE_TRR_UL/Cell:eNodeB Function Name=PIC_UIO_BELLO_HORIZONTE_TRR_L, Local Cell ID=11, Cell Name=PIC_UIO_BELLO_HORIZONTE_TRR_L19_11, eNodeB ID=44966, Cell FDD TDD indication=CELL_FDD",Reliable,431.5,41.206
2026-04-10 22:00,60,"PI_UIO_BELLO_HORIZONTE_TRR_UL/Cell:eNodeB Function Name=PIC_UIO_BELLO_HORIZONTE_TRR_L, Local Cell ID=12, Cell Name=PIC_UIO_BELLO_HORIZONTE_TRR_L19_12, eNodeB ID=44966, Cell FDD TDD indication=CELL_FDD",Reliable,679.899,39.717
2026-04-10 22:00,60,"PI_UIO_BELLO_HORIZONTE_TRR_UL/Cell:eNodeB Function Name=PIC_UIO_BELLO_HORIZONTE_TRR_L, Local Cell ID=13, Cell Name=PIC_UIO_BELLO_HORIZONTE_TRR_L19_13, eNodeB ID=44966, Cell FDD TDD indication=CELL_FDD",Reliable,59.438,9.969
2026-04-10 22:00,60,"PI_UIO_PLAZA_ARGENTINA_UL/Cell:eNodeB Function Name=PI_UIO_PLAZA_ARGENTINA_L, Local Cell ID=1, Cell Name=PI_UIO_PLAZA_ARGENTINA_1, eNodeB ID=44328, Cell FDD TDD indication=CELL_FDD",Reliable,349.177,45.947
2026-04-10 22:00,60,"PI_UIO_PLAZA_ARGENTINA_UL/Cell:eNodeB Function Name=PI_UIO_PLAZA_ARGENTINA_L, Local Cell ID=2, Cell Name=PI_UIO_PLAZA_ARGENTINA_2, eNodeB ID=44328, Cell FDD TDD indication=CELL_FDD",Reliable,1077.91,141.715
2026-04-10 22:00,60,"PI_UIO_PLAZA_ARGENTINA_UL/Cell:eNodeB Function Name=PI_UIO_PLAZA_ARGENTINA_L, Local Cell ID=3, Cell Name=PI_UIO_PLAZA_ARGENTINA_3, eNodeB ID=44328, Cell FDD TDD indication=CELL_FDD",Reliable,193.209,18.763
2026-04-10 22:00,60,"PI_UIO_PLAZA_ARGENTINA_UL/Cell:eNodeB Function Name=PI_UIO_PLAZA_ARGENTINA_L, Local Cell ID=11, Cell Name=PI_UIO_PLAZA_ARGENTINA_11, eNodeB ID=44328, Cell FDD TDD indication=CELL_FDD",Reliable,32.107,3.388
2026-04-10 22:00,60,"PI_UIO_PLAZA_ARGENTINA_UL/Cell:eNodeB Function Name=PI_UIO_PLAZA_ARGENTINA_L, Local Cell ID=12, Cell Name=PI_UIO_PLAZA_ARGENTINA_12, eNodeB ID=44328, Cell FDD TDD indication=CELL_FDD",Reliable,463.382,41.669
2026-04-10 22:00,60,"PI_UIO_PLAZA_ARGENTINA_UL/Cell:eNodeB Function Name=PI_UIO_PLAZA_ARGENTINA_L, Local Cell ID=13, Cell Name=PI_UIO_PLAZA_ARGENTINA_13, eNodeB ID=44328, Cell FDD TDD indication=CELL_FDD",Reliable,32.246,2.856
2026-04-10 22:00,60,"PI_UIO_NODO_1_EL_PINTADO_SIGCHOS_UL/Cell:eNodeB Function Name=PI_UIO_NODO_1_EL_PINTADO_SIGCHOSL21, Local Cell ID=1, Cell Name=PI_UIO_NODO_1_EL_PINTADO_SIGCHOS_1, eNodeB ID=44238, Cell FDD TDD indication=CELL_FDD",Reliable,277.314,18.426
2026-04-10 22:00,60,"PI_UIO_NODO_1_EL_PINTADO_SIGCHOS_UL/Cell:eNodeB Function Name=PI_UIO_NODO_1_EL_PINTADO_SIGCHOSL21, Local Cell ID=2, Cell Name=PI_UIO_NODO_1_EL_PINTADO_SIGCHOS_2, eNodeB ID=44238, Cell FDD TDD indication=CELL_FDD",Reliable,333.295,2060.155
2026-04-10 22:00,60,"PI_UIO_NODO_1_EL_PINTADO_SIGCHOS_UL/Cell:eNodeB Function Name=PI_UIO_NODO_1_EL_PINTADO_SIGCHOSL21, Local Cell ID=3, Cell Name=PI_UIO_NODO_1_EL_PINTADO_SIGCHOS_3, eNodeB ID=44238, Cell FDD TDD indication=CELL_FDD",Reliable,384.229,57.23
2026-04-10 22:00,60,"PI_UIO_LA_RAYA_UL/Cell:eNodeB Function Name=PI_UIO_LA_RAYAL21, Local Cell ID=1, Cell Name=PI_UIO_LA_RAYA_1, eNodeB ID=44347, Cell FDD TDD indication=CELL_FDD",Reliable,226.01,25.863
2026-04-10 22:00,60,"PI_UIO_LA_RAYA_UL/Cell:eNodeB Function Name=PI_UIO_LA_RAYAL21, Local Cell ID=2, Cell Name=PI_UIO_LA_RAYA_2, eNodeB ID=44347, Cell FDD TDD indication=CELL_FDD",Reliable,93.392,26.465
2026-04-10 22:00,60,"SD_SD_LAS_PALMERAS_UL/Cell:eNodeB Function Name=SD_SD_LAS_PALMERASL21, Local Cell ID=1, Cell Name=SD_SD_LAS_PALMERAS_1, eNodeB ID=44782, Cell FDD TDD indication=CELL_FDD",Reliable,226.02,46.044
2026-04-10 22:00,60,"SD_SD_LAS_PALMERAS_UL/Cell:eNodeB Function Name=SD_SD_LAS_PALMERASL21, Local Cell ID=2, Cell Name=SD_SD_LAS_PALMERAS_2, eNodeB ID=44782, Cell FDD TDD indication=CELL_FDD",Reliable,225.338,51.661
2026-04-10 22:00,60,"SD_SD_LAS_PALMERAS_UL/Cell:eNodeB Function Name=SD_SD_LAS_PALMERASL21, Local Cell ID=3, Cell Name=SD_SD_LAS_PALMERAS_3, eNodeB ID=44782, Cell FDD TDD indication=CELL_FDD",Reliable,819.639,167.412
2026-04-10 22:00,60,"SD_SD_TSACHILAS_UL/Cell:eNodeB Function Name=STD_STD_TSACHILAS_L, Local Cell ID=1, Cell Name=SD_SD_TSACHILAS_1, eNodeB ID=44796, Cell FDD TDD indication=CELL_FDD",Reliable,1073.624,141.721
2026-04-10 22:00,60,"SD_SD_TSACHILAS_UL/Cell:eNodeB Function Name=STD_STD_TSACHILAS_L, Local Cell ID=2, Cell Name=SD_SD_TSACHILAS_2, eNodeB ID=44796, Cell FDD TDD indication=CELL_FDD",Reliable,701.563,87.759
2026-04-10 22:00,60,"SD_SD_TSACHILAS_UL/Cell:eNodeB Function Name=STD_STD_TSACHILAS_L, Local Cell ID=3, Cell Name=SD_SD_TSACHILAS_3, eNodeB ID=44796, Cell FDD TDD indication=CELL_FDD",Reliable,691.167,53.353
2026-04-10 22:00,60,"PI_UIO_LA_BOTA_UL/Cell:eNodeB Function Name=PI_UIO_LA_BOTA_L, Local Cell ID=1, Cell Name=PI_UIO_LA_BOTA_1, eNodeB ID=44137, Cell FDD TDD indication=CELL_FDD",Reliable,693.534,63.725
2026-04-10 22:00,60,"PI_UIO_LA_BOTA_UL/Cell:eNodeB Function Name=PI_UIO_LA_BOTA_L, Local Cell ID=2, Cell Name=PI_UIO_LA_BOTA_2, eNodeB ID=44137, Cell FDD TDD indication=CELL_FDD",Reliable,1227.854,75.568
2026-04-10 22:00,60,"PI_UIO_LA_BOTA_UL/Cell:eNodeB Function Name=PI_UIO_LA_BOTA_L, Local Cell ID=3, Cell Name=PI_UIO_LA_BOTA_3, eNodeB ID=44137, Cell FDD TDD indication=CELL_FDD",Reliable,1066.484,109.872
2026-04-10 22:00,60,"PI_UIO_LA_BOTA_UL/Cell:eNodeB Function Name=PI_UIO_LA_BOTA_L, Local Cell ID=11, Cell Name=PI_UIO_LA_BOTA_11, eNodeB ID=44137, Cell FDD TDD indication=CELL_FDD",Reliable,68.965,8.313
2026-04-10 22:00,60,"PI_UIO_LA_BOTA_UL/Cell:eNodeB Function Name=PI_UIO_LA_BOTA_L, Local Cell ID=12, Cell Name=PI_UIO_LA_BOTA_12, eNodeB ID=44137, Cell FDD TDD indication=CELL_FDD",Reliable,229.436,11.64
2026-04-10 22:00,60,"PI_UIO_LA_BOTA_UL/Cell:eNodeB Function Name=PI_UIO_LA_BOTA_L, Local Cell ID=13, Cell Name=PI_UIO_LA_BOTA_13, eNodeB ID=44137, Cell FDD TDD indication=CELL_FDD",Reliable,32.338,2.89
2026-04-10 22:00,60,"PI_UIO_CARCELEN_UL/Cell:eNodeB Function Name=PI_UIO_CARCELENL21, Local Cell ID=1, Cell Name=PI_UIO_CARCELEN_1, eNodeB ID=44031, Cell FDD TDD indication=CELL_FDD",Reliable,1857.032,238.107
2026-04-10 22:00,60,"PI_UIO_CARCELEN_UL/Cell:eNodeB Function Name=PI_UIO_CARCELENL21, Local Cell ID=2, Cell Name=PI_UIO_CARCELEN_2, eNodeB ID=44031, Cell FDD TDD indication=CELL_FDD",Reliable,2333.661,41.87
2026-04-10 22:00,60,"PI_UIO_CARCELEN_UL/Cell:eNodeB Function Name=PI_UIO_CARCELENL21, Local Cell ID=3, Cell Name=PI_UIO_CARCELEN_3, eNodeB ID=44031, Cell FDD TDD indication=CELL_FDD",Reliable,2485.852,59.6
2026-04-10 22:00,60,"PIC_UIO_HOSP_SAN_FRANCISCO_UL/Cell:eNodeB Function Name=PIC_UIO_HOSP_SAN_FRANCISCO_L, Local Cell ID=1, Cell Name=PIC_UIO_HOSP_SAN_FRANCISCO_L21_1, eNodeB ID=43668, Cell FDD TDD indication=CELL_FDD",Reliable,563.29,33.32
2026-04-10 22:00,60,"PIC_UIO_HOSP_SAN_FRANCISCO_UL/Cell:eNodeB Function Name=PIC_UIO_HOSP_SAN_FRANCISCO_L, Local Cell ID=2, Cell Name=PIC_UIO_HOSP_SAN_FRANCISCO_L21_2, eNodeB ID=43668, Cell FDD TDD indication=CELL_FDD",Reliable,1717.524,1780.214
2026-04-10 22:00,60,"PIC_UIO_HOSP_SAN_FRANCISCO_UL/Cell:eNodeB Function Name=PIC_UIO_HOSP_SAN_FRANCISCO_L, Local Cell ID=3, Cell Name=PIC_UIO_HOSP_SAN_FRANCISCO_L21_3, eNodeB ID=43668, Cell FDD TDD indication=CELL_FDD",Reliable,657.154,115.555
2026-04-10 22:00,60,"PI_UIO_LIZARAZU_UL/Cell:eNodeB Function Name=PI_UIO_LIZARAZUL21, Local Cell ID=1, Cell Name=PI_UIO_LIZARAZU_1, eNodeB ID=44223, Cell FDD TDD indication=CELL_FDD",Reliable,1690.575,165.331
2026-04-10 22:00,60,"PI_UIO_LIZARAZU_UL/Cell:eNodeB Function Name=PI_UIO_LIZARAZUL21, Local Cell ID=2, Cell Name=PI_UIO_LIZARAZU_2, eNodeB ID=44223, Cell FDD TDD indication=CELL_FDD",Reliable,783.467,87.529
2026-04-10 22:00,60,"PI_UIO_MENA_DEL_HIERRO_UL/Cell:eNodeB Function Name=PIC_UIO_MENA_DEL_HIERRO_L, Local Cell ID=1, Cell Name=PIC_UIO_MENA_DEL_HIERRO_L21_1, eNodeB ID=44299, Cell FDD TDD indication=CELL_FDD",Reliable,554.9,84.269
2026-04-10 22:00,60,"PI_UIO_MENA_DEL_HIERRO_UL/Cell:eNodeB Function Name=PIC_UIO_MENA_DEL_HIERRO_L, Local Cell ID=2, Cell Name=PIC_UIO_MENA_DEL_HIERRO_L21_2, eNodeB ID=44299, Cell FDD TDD indication=CELL_FDD",Reliable,379.832,32.361
2026-04-10 22:00,60,"PI_UIO_ESMIL_UL/Cell:eNodeB Function Name=PI_UIO_ESMILL21, Local Cell ID=1, Cell Name=PI_UIO_ESMIL_1, eNodeB ID=44265, Cell FDD TDD indication=CELL_FDD",Reliable,214.13,22.513
2026-04-10 22:00,60,"PI_UIO_ESMIL_UL/Cell:eNodeB Function Name=PI_UIO_ESMILL21, Local Cell ID=2, Cell Name=PI_UIO_ESMIL_2, eNodeB ID=44265, Cell FDD TDD indication=CELL_FDD",Reliable,585.514,55.504
2026-04-10 22:00,60,"PI_UIO_ESMIL_UL/Cell:eNodeB Function Name=PI_UIO_ESMILL21, Local Cell ID=3, Cell Name=PI_UIO_ESMIL_3, eNodeB ID=44265, Cell FDD TDD indication=CELL_FDD",Reliable,544.296,53.764
2026-04-10 22:00,60,"PI_UIO_MONJAS(3G)_UL/Cell:eNodeB Function Name=PIC_UIO_MONJAS_3G_L, Local Cell ID=1, Cell Name=PIC_UIO_MONJAS_3G_L21_1, eNodeB ID=44039, Cell FDD TDD indication=CELL_FDD",Reliable,508.512,29.656
2026-04-10 22:00,60,"PI_UIO_MONJAS(3G)_UL/Cell:eNodeB Function Name=PIC_UIO_MONJAS_3G_L, Local Cell ID=2, Cell Name=PIC_UIO_MONJAS_3G_L21_2, eNodeB ID=44039, Cell FDD TDD indication=CELL_FDD",Reliable,2375.264,97.441
2026-04-10 22:00,60,"PI_UIO_MONJAS(3G)_UL/Cell:eNodeB Function Name=PIC_UIO_MONJAS_3G_L, Local Cell ID=3, Cell Name=PIC_UIO_MONJAS_3G_L21_3, eNodeB ID=44039, Cell FDD TDD indication=CELL_FDD",Reliable,180.519,21.235
2026-04-10 22:00,60,"PI_UIO_MONJAS(3G)_UL/Cell:eNodeB Function Name=PIC_UIO_MONJAS_3G_L, Local Cell ID=7, Cell Name=PIC_UIO_MONJAS_3G_L7_7, eNodeB ID=44039, Cell FDD TDD indication=CELL_FDD",Reliable,1164.73,50.788
2026-04-10 22:00,60,"PI_UIO_MONJAS(3G)_UL/Cell:eNodeB Function Name=PIC_UIO_MONJAS_3G_L, Local Cell ID=8, Cell Name=PIC_UIO_MONJAS_3G_L7_8, eNodeB ID=44039, Cell FDD TDD indication=CELL_FDD",Reliable,1658.387,149.137
2026-04-10 22:00,60,"PI_UIO_MONJAS(3G)_UL/Cell:eNodeB Function Name=PIC_UIO_MONJAS_3G_L, Local Cell ID=9, Cell Name=PIC_UIO_MONJAS_3G_L7_9, eNodeB ID=44039, Cell FDD TDD indication=CELL_FDD",Reliable,1439.455,109.368
2026-04-10 22:00,60,"PIC_UIO_VILLALENGUA_ULN/Cell:eNodeB Function Name=PI_UIO_VILLALENGUAL21, Local Cell ID=1, Cell Name=PI_UIO_VILLALENGUA_1, eNodeB ID=44385, Cell FDD TDD indication=CELL_FDD",Reliable,518.984,139.034
2026-04-10 22:00,60,"PIC_UIO_VILLALENGUA_ULN/Cell:eNodeB Function Name=PI_UIO_VILLALENGUAL21, Local Cell ID=2, Cell Name=PI_UIO_VILLALENGUA_2, eNodeB ID=44385, Cell FDD TDD indication=CELL_FDD",Reliable,586.016,134.124
2026-04-10 22:00,60,"PI_UIO_SANTA_RITA(3G)_UL/Cell:eNodeB Function Name=PI_UIO_SANTA_RITA(3G)_L, Local Cell ID=1, Cell Name=PI_UIO_SANTA_RITA(3G)_1, eNodeB ID=44044, Cell FDD TDD indication=CELL_FDD",Reliable,2554.457,202.384
2026-04-10 22:00,60,"PI_UIO_SANTA_RITA(3G)_UL/Cell:eNodeB Function Name=PI_UIO_SANTA_RITA(3G)_L, Local Cell ID=2, Cell Name=PI_UIO_SANTA_RITA(3G)_2, eNodeB ID=44044, Cell FDD TDD indication=CELL_FDD",Reliable,8031.686,646.362
2026-04-10 22:00,60,"PI_UIO_SANTA_RITA(3G)_UL/Cell:eNodeB Function Name=PI_UIO_SANTA_RITA(3G)_L, Local Cell ID=3, Cell Name=PI_UIO_SANTA_RITA(3G)_3, eNodeB ID=44044, Cell FDD TDD indication=CELL_FDD",Reliable,1200.002,131.817
2026-04-10 22:00,60,"PI_UIO_SANTA_RITA(3G)_UL/Cell:eNodeB Function Name=PI_UIO_SANTA_RITA(3G)_L, Local Cell ID=7, Cell Name=PI_UIO_SANTA_RITA(3G)_APT_7, eNodeB ID=44044, Cell FDD TDD indication=CELL_FDD",Reliable,4793.376,452.294
2026-04-10 22:00,60,"PI_UIO_SANTA_RITA(3G)_UL/Cell:eNodeB Function Name=PI_UIO_SANTA_RITA(3G)_L, Local Cell ID=8, Cell Name=PI_UIO_SANTA_RITA(3G)_APT_8, eNodeB ID=44044, Cell FDD TDD indication=CELL_FDD",Reliable,715.107,56.013
2026-04-10 22:00,60,"PI_UIO_SANTA_RITA(3G)_UL/Cell:eNodeB Function Name=PI_UIO_SANTA_RITA(3G)_L, Local Cell ID=9, Cell Name=PI_UIO_SANTA_RITA(3G)_APT_9, eNodeB ID=44044, Cell FDD TDD indication=CELL_FDD",Reliable,1643.884,161.037
2026-04-10 22:00,60,"PI_UIO_SANTA_RITA(3G)_UL/Cell:eNodeB Function Name=PI_UIO_SANTA_RITA(3G)_L, Local Cell ID=11, Cell Name=PI_UIO_SANTA_RITA(3G)_11, eNodeB ID=44044, Cell FDD TDD indication=CELL_FDD",Reliable,45.67,6.959
2026-04-10 22:00,60,"PI_UIO_SANTA_RITA(3G)_UL/Cell:eNodeB Function Name=PI_UIO_SANTA_RITA(3G)_L, Local Cell ID=12, Cell Name=PI_UIO_SANTA_RITA(3G)_12, eNodeB ID=44044, Cell FDD TDD indication=CELL_FDD",Reliable,97.983,5.858
2026-04-10 22:00,60,"PI_UIO_SANTA_RITA(3G)_UL/Cell:eNodeB Function Name=PI_UIO_SANTA_RITA(3G)_L, Local Cell ID=13, Cell Name=PI_UIO_SANTA_RITA(3G)_13, eNodeB ID=44044, Cell FDD TDD indication=CELL_FDD",Reliable,70.463,4.564
2026-04-10 22:00,60,"PI_UIO_PLAZA_DEL_VALLE_UL/Cell:eNodeB Function Name=PI_UIO_PLAZA_DEL_VALLEL21, Local Cell ID=1, Cell Name=PI_UIO_PLAZA_DEL_VALLE_1, eNodeB ID=44932, Cell FDD TDD indication=CELL_FDD",Reliable,1674.77,139.62
2026-04-10 22:00,60,"PI_UIO_PLAZA_DEL_VALLE_UL/Cell:eNodeB Function Name=PI_UIO_PLAZA_DEL_VALLEL21, Local Cell ID=2, Cell Name=PI_UIO_PLAZA_DEL_VALLE_2, eNodeB ID=44932, Cell FDD TDD indication=CELL_FDD",Reliable,638.443,62.479
2026-04-10 22:00,60,"PI_UIO_PLAZA_DEL_VALLE_UL/Cell:eNodeB Function Name=PI_UIO_PLAZA_DEL_VALLEL21, Local Cell ID=3, Cell Name=PI_UIO_PLAZA_DEL_VALLE_3, eNodeB ID=44932, Cell FDD TDD indication=CELL_FDD",Reliable,2360.161,309.293
2026-04-10 22:00,60,"PI_UIO_CALDERON_QUIFATEX_UL/Cell:eNodeB Function Name=PI_UIO_CALDERON_QUIFATEX_L, Local Cell ID=1, Cell Name=PI_UIO_CALDERON_QUIFATEX_1, eNodeB ID=44087, Cell FDD TDD indication=CELL_FDD",Reliable,1533.347,135.806
2026-04-10 22:00,60,"PI_UIO_CALDERON_QUIFATEX_UL/Cell:eNodeB Function Name=PI_UIO_CALDERON_QUIFATEX_L, Local Cell ID=2, Cell Name=PI_UIO_CALDERON_QUIFATEX_2, eNodeB ID=44087, Cell FDD TDD indication=CELL_FDD",Reliable,627.76,76.792
2026-04-10 22:00,60,"PI_UIO_CALDERON_QUIFATEX_UL/Cell:eNodeB Function Name=PI_UIO_CALDERON_QUIFATEX_L, Local Cell ID=3, Cell Name=PI_UIO_CALDERON_QUIFATEX_3, eNodeB ID=44087, Cell FDD TDD indication=CELL_FDD",Reliable,4432.012,492.043
2026-04-10 22:00,60,"PI_UIO_CALDERON_QUIFATEX_UL/Cell:eNodeB Function Name=PI_UIO_CALDERON_QUIFATEX_L, Local Cell ID=7, Cell Name=PI_UIO_CALDERON_QUIFATEX_APT_7, eNodeB ID=44087, Cell FDD TDD indication=CELL_FDD",Reliable,930.27,160.104
2026-04-10 22:00,60,"PI_UIO_CALDERON_QUIFATEX_UL/Cell:eNodeB Function Name=PI_UIO_CALDERON_QUIFATEX_L, Local Cell ID=8, Cell Name=PI_UIO_CALDERON_QUIFATEX_APT_8, eNodeB ID=44087, Cell FDD TDD indication=CELL_FDD",Reliable,352.901,43.057
2026-04-10 22:00,60,"PI_UIO_CALDERON_QUIFATEX_UL/Cell:eNodeB Function Name=PI_UIO_CALDERON_QUIFATEX_L, Local Cell ID=9, Cell Name=PI_UIO_CALDERON_QUIFATEX_APT_9, eNodeB ID=44087, Cell FDD TDD indication=CELL_FDD",Reliable,2939.069,237.637
2026-04-10 22:00,60,"PI_UIO_CALDERON_QUIFATEX_UL/Cell:eNodeB Function Name=PI_UIO_CALDERON_QUIFATEX_L, Local Cell ID=11, Cell Name=PI_UIO_CALDERON_QUIFATEX_11, eNodeB ID=44087, Cell FDD TDD indication=CELL_FDD",Reliable,15.589,1.343
2026-04-10 22:00,60,"PI_UIO_CALDERON_QUIFATEX_UL/Cell:eNodeB Function Name=PI_UIO_CALDERON_QUIFATEX_L, Local Cell ID=12, Cell Name=PI_UIO_CALDERON_QUIFATEX_12, eNodeB ID=44087, Cell FDD TDD indication=CELL_FDD",Reliable,98.609,16.589
2026-04-10 22:00,60,"PI_UIO_CALDERON_QUIFATEX_UL/Cell:eNodeB Function Name=PI_UIO_CALDERON_QUIFATEX_L, Local Cell ID=13, Cell Name=PI_UIO_CALDERON_QUIFATEX_13, eNodeB ID=44087, Cell FDD TDD indication=CELL_FDD",Reliable,111.111,7.893
2026-04-10 22:00,60,"PI_UIO_CARAPUNGO_UL/Cell:eNodeB Function Name=PI_UIO_CARAPUNGOL21, Local Cell ID=1, Cell Name=PI_UIO_CARAPUNGO_1, eNodeB ID=44090, Cell FDD TDD indication=CELL_FDD",Reliable,2153.127,208.407
2026-04-10 22:00,60,"PI_UIO_CARAPUNGO_UL/Cell:eNodeB Function Name=PI_UIO_CARAPUNGOL21, Local Cell ID=2, Cell Name=PI_UIO_CARAPUNGO_2, eNodeB ID=44090, Cell FDD TDD indication=CELL_FDD",Reliable,1505.922,104.686
2026-04-10 22:00,60,"PI_UIO_CARAPUNGO_UL/Cell:eNodeB Function Name=PI_UIO_CARAPUNGOL21, Local Cell ID=3, Cell Name=PI_UIO_CARAPUNGO_3, eNodeB ID=44090, Cell FDD TDD indication=CELL_FDD",Reliable,712.12,73.968
2026-04-10 22:00,60,"PIC_UIO_FLORON_TRR_ULN/Cell:eNodeB Function Name=PI_UIO_FLORON_TRR_L, Local Cell ID=1, Cell Name=PI_UIO_FLORON_TRR_1, eNodeB ID=44358, Cell FDD TDD indication=CELL_FDD",Reliable,946.269,83.27
2026-04-10 22:00,60,"PIC_UIO_FLORON_TRR_ULN/Cell:eNodeB Function Name=PI_UIO_FLORON_TRR_L, Local Cell ID=2, Cell Name=PI_UIO_FLORON_TRR_2, eNodeB ID=44358, Cell FDD TDD indication=CELL_FDD",Reliable,940.123,325.14
2026-04-10 22:00,60,"PIC_UIO_FLORON_TRR_ULN/Cell:eNodeB Function Name=PI_UIO_FLORON_TRR_L, Local Cell ID=3, Cell Name=PI_UIO_FLORON_TRR_3, eNodeB ID=44358, Cell FDD TDD indication=CELL_FDD",Reliable,484.716,38.183
2026-04-10 22:00,60,"PIC_UIO_FLORON_TRR_ULN/Cell:eNodeB Function Name=PI_UIO_FLORON_TRR_L, Local Cell ID=11, Cell Name=PI_UIO_FLORON_TRR_11, eNodeB ID=44358, Cell FDD TDD indication=CELL_FDD",Reliable,35.851,4.036
2026-04-10 22:00,60,"PIC_UIO_FLORON_TRR_ULN/Cell:eNodeB Function Name=PI_UIO_FLORON_TRR_L, Local Cell ID=12, Cell Name=PI_UIO_FLORON_TRR_12, eNodeB ID=44358, Cell FDD TDD indication=CELL_FDD",Reliable,121.259,8.226
2026-04-10 22:00,60,"PIC_UIO_FLORON_TRR_ULN/Cell:eNodeB Function Name=PI_UIO_FLORON_TRR_L, Local Cell ID=13, Cell Name=PI_UIO_FLORON_TRR_13, eNodeB ID=44358, Cell FDD TDD indication=CELL_FDD",Reliable,344.276,21.169
2026-04-10 22:00,60,"PI_UIO_CARAPUNGO_NORTE_UL/Cell:eNodeB Function Name=PI_UIO_CARAPUNGO_NORTEL21, Local Cell ID=1, Cell Name=PI_UIO_CARAPUNGO_NORTE_1, eNodeB ID=44089, Cell FDD TDD indication=CELL_FDD",Reliable,339.775,86.657
2026-04-10 22:00,60,"PI_UIO_CARAPUNGO_NORTE_UL/Cell:eNodeB Function Name=PI_UIO_CARAPUNGO_NORTEL21, Local Cell ID=2, Cell Name=PI_UIO_CARAPUNGO_NORTE_2, eNodeB ID=44089, Cell FDD TDD indication=CELL_FDD",Reliable,512.215,112.741
2026-04-10 22:00,60,"PI_UIO_CARAPUNGO_NORTE_UL/Cell:eNodeB Function Name=PI_UIO_CARAPUNGO_NORTEL21, Local Cell ID=3, Cell Name=PI_UIO_CARAPUNGO_NORTE_3, eNodeB ID=44089, Cell FDD TDD indication=CELL_FDD",Reliable,818.503,92.424
2026-04-10 22:00,60,"PI_UIO_CONCHA_ACUSTICA_TRR_UL/Cell:eNodeB Function Name=PI_UIO_CONCHA_ACUSTICA_TRR_L, Local Cell ID=1, Cell Name=PI_UIO_CONCHA_ACUSTICA_TRR_1, eNodeB ID=44293, Cell FDD TDD indication=CELL_FDD",Reliable,1947.466,1240.16
2026-04-10 22:00,60,"PI_UIO_CONCHA_ACUSTICA_TRR_UL/Cell:eNodeB Function Name=PI_UIO_CONCHA_ACUSTICA_TRR_L, Local Cell ID=2, Cell Name=PI_UIO_CONCHA_ACUSTICA_TRR_2, eNodeB ID=44293, Cell FDD TDD indication=CELL_FDD",Reliable,1092.117,94.018
2026-04-10 22:00,60,"PI_UIO_CONCHA_ACUSTICA_TRR_UL/Cell:eNodeB Function Name=PI_UIO_CONCHA_ACUSTICA_TRR_L, Local Cell ID=3, Cell Name=PI_UIO_CONCHA_ACUSTICA_TRR_3, eNodeB ID=44293, Cell FDD TDD indication=CELL_FDD",Reliable,863.305,102.116
2026-04-10 22:00,60,"PI_UIO_CONCHA_ACUSTICA_TRR_UL/Cell:eNodeB Function Name=PI_UIO_CONCHA_ACUSTICA_TRR_L, Local Cell ID=11, Cell Name=PI_UIO_CONCHA_ACUSTICA_TRR_11, eNodeB ID=44293, Cell FDD TDD indication=CELL_FDD",Reliable,123.846,12.966
2026-04-10 22:00,60,"PI_UIO_CONCHA_ACUSTICA_TRR_UL/Cell:eNodeB Function Name=PI_UIO_CONCHA_ACUSTICA_TRR_L, Local Cell ID=12, Cell Name=PI_UIO_CONCHA_ACUSTICA_TRR_12, eNodeB ID=44293, Cell FDD TDD indication=CELL_FDD",Reliable,1236.229,75.988
2026-04-10 22:00,60,"PI_UIO_CONCHA_ACUSTICA_TRR_UL/Cell:eNodeB Function Name=PI_UIO_CONCHA_ACUSTICA_TRR_L, Local Cell ID=13, Cell Name=PI_UIO_CONCHA_ACUSTICA_TRR_13, eNodeB ID=44293, Cell FDD TDD indication=CELL_FDD",Reliable,46.429,11.318
2026-04-10 22:00,60,"PIC_UIO_CALDERON_UL/Cell:eNodeB Function Name=PIC_UIO_CALDERON_L, Local Cell ID=1, Cell Name=PIC_UIO_CALDERON_L21_1, eNodeB ID=44049, Cell FDD TDD indication=CELL_FDD",Reliable,1955.897,170.757
2026-04-10 22:00,60,"PIC_UIO_CALDERON_UL/Cell:eNodeB Function Name=PIC_UIO_CALDERON_L, Local Cell ID=2, Cell Name=PIC_UIO_CALDERON_L21_2, eNodeB ID=44049, Cell FDD TDD indication=CELL_FDD",Reliable,3443.041,193.79
2026-04-10 22:00,60,"PIC_UIO_CALDERON_UL/Cell:eNodeB Function Name=PIC_UIO_CALDERON_L, Local Cell ID=3, Cell Name=PIC_UIO_CALDERON_L21_3, eNodeB ID=44049, Cell FDD TDD indication=CELL_FDD",Reliable,3358.212,296.393
2026-04-10 22:00,60,"PIC_UIO_CALDERON_UL/Cell:eNodeB Function Name=PIC_UIO_CALDERON_L, Local Cell ID=7, Cell Name=PIC_UIO_CALDERON_L7_7, eNodeB ID=44049, Cell FDD TDD indication=CELL_FDD",Reliable,3688.97,678.407
2026-04-10 22:00,60,"PIC_UIO_CALDERON_UL/Cell:eNodeB Function Name=PIC_UIO_CALDERON_L, Local Cell ID=8, Cell Name=PIC_UIO_CALDERON_L7_8, eNodeB ID=44049, Cell FDD TDD indication=CELL_FDD",Reliable,2834.716,335.25
2026-04-10 22:00,60,"PIC_UIO_CALDERON_UL/Cell:eNodeB Function Name=PIC_UIO_CALDERON_L, Local Cell ID=9, Cell Name=PIC_UIO_CALDERON_L7_9, eNodeB ID=44049, Cell FDD TDD indication=CELL_FDD",Reliable,3123.84,329.808
2026-04-10 22:00,60,"PIC_UIO_CALDERON_UL/Cell:eNodeB Function Name=PIC_UIO_CALDERON_L, Local Cell ID=11, Cell Name=PIC_UIO_CALDERON_L19_11, eNodeB ID=44049, Cell FDD TDD indication=CELL_FDD",Reliable,405.625,34.84
2026-04-10 22:00,60,"PIC_UIO_CALDERON_UL/Cell:eNodeB Function Name=PIC_UIO_CALDERON_L, Local Cell ID=12, Cell Name=PIC_UIO_CALDERON_L19_12, eNodeB ID=44049, Cell FDD TDD indication=CELL_FDD",Reliable,323.713,28.582
2026-04-10 22:00,60,"PIC_UIO_CALDERON_UL/Cell:eNodeB Function Name=PIC_UIO_CALDERON_L, Local Cell ID=13, Cell Name=PIC_UIO_CALDERON_L19_13, eNodeB ID=44049, Cell FDD TDD indication=CELL_FDD",Reliable,963.248,73.742
2026-04-10 22:00,60,"PI_UIO_LLANO_GRANDE_UL/Cell:eNodeB Function Name=PI_UIO_LLANO_GRANDE_L, Local Cell ID=1, Cell Name=PI_UIO_LLANO_GRANDE_1, eNodeB ID=44150, Cell FDD TDD indication=CELL_FDD",Reliable,1466.865,102.28
2026-04-10 22:00,60,"PI_UIO_LLANO_GRANDE_UL/Cell:eNodeB Function Name=PI_UIO_LLANO_GRANDE_L, Local Cell ID=2, Cell Name=PI_UIO_LLANO_GRANDE_2, eNodeB ID=44150, Cell FDD TDD indication=CELL_FDD",Reliable,822.798,149.752
2026-04-10 22:00,60,"PI_UIO_LLANO_GRANDE_UL/Cell:eNodeB Function Name=PI_UIO_LLANO_GRANDE_L, Local Cell ID=3, Cell Name=PI_UIO_LLANO_GRANDE_3, eNodeB ID=44150, Cell FDD TDD indication=CELL_FDD",Reliable,1086.496,150.08
2026-04-10 22:00,60,"PI_UIO_LLANO_GRANDE_UL/Cell:eNodeB Function Name=PI_UIO_LLANO_GRANDE_L, Local Cell ID=11, Cell Name=PI_UIO_LLANO_GRANDE_11, eNodeB ID=44150, Cell FDD TDD indication=CELL_FDD",Reliable,25.199,1.781
2026-04-10 22:00,60,"PI_UIO_LLANO_GRANDE_UL/Cell:eNodeB Function Name=PI_UIO_LLANO_GRANDE_L, Local Cell ID=12, Cell Name=PI_UIO_LLANO_GRANDE_12, eNodeB ID=44150, Cell FDD TDD indication=CELL_FDD",Reliable,87.213,9.05
2026-04-10 22:00,60,"PI_UIO_LLANO_GRANDE_UL/Cell:eNodeB Function Name=PI_UIO_LLANO_GRANDE_L, Local Cell ID=13, Cell Name=PI_UIO_LLANO_GRANDE_13, eNodeB ID=44150, Cell FDD TDD indication=CELL_FDD",Reliable,64.681,3.83
2026-04-10 22:00,60,"PI_UIO_SAN_ANTONIO_CENTRO_UL/Cell:eNodeB Function Name=PIC_UIO_SAN_ANTONIO_CENTRO_L, Local Cell ID=1, Cell Name=PIC_UIO_SAN_ANTONIO_CENTRO_L21_1, eNodeB ID=44234, Cell FDD TDD indication=CELL_FDD",Reliable,698.836,76.878
2026-04-10 22:00,60,"PI_UIO_SAN_ANTONIO_CENTRO_UL/Cell:eNodeB Function Name=PIC_UIO_SAN_ANTONIO_CENTRO_L, Local Cell ID=2, Cell Name=PIC_UIO_SAN_ANTONIO_CENTRO_L21_2, eNodeB ID=44234, Cell FDD TDD indication=CELL_FDD",Reliable,1037.035,131.926
2026-04-10 22:00,60,"PI_UIO_SAN_ANTONIO_CENTRO_UL/Cell:eNodeB Function Name=PIC_UIO_SAN_ANTONIO_CENTRO_L, Local Cell ID=3, Cell Name=PIC_UIO_SAN_ANTONIO_CENTRO_L21_3, eNodeB ID=44234, Cell FDD TDD indication=CELL_FDD",Reliable,361.008,42.178
2026-04-10 22:00,60,"PI_UIO_CARCELEN_JOSEFINOS_UL/Cell:eNodeB Function Name=PI_UIO_CARCELEN_JOSEFINOS_L, Local Cell ID=1, Cell Name=PI_UIO_CARCELEN_JOSEFINOS_1, eNodeB ID=44093, Cell FDD TDD indication=CELL_FDD",Reliable,1506.944,101.897
2026-04-10 22:00,60,"PI_UIO_CARCELEN_JOSEFINOS_UL/Cell:eNodeB Function Name=PI_UIO_CARCELEN_JOSEFINOS_L, Local Cell ID=2, Cell Name=PI_UIO_CARCELEN_JOSEFINOS_2, eNodeB ID=44093, Cell FDD TDD indication=CELL_FDD",Reliable,3806.029,209.491
2026-04-10 22:00,60,"PI_UIO_CARCELEN_JOSEFINOS_UL/Cell:eNodeB Function Name=PI_UIO_CARCELEN_JOSEFINOS_L, Local Cell ID=3, Cell Name=PI_UIO_CARCELEN_JOSEFINOS_3, eNodeB ID=44093, Cell FDD TDD indication=CELL_FDD",Reliable,3858.378,427.885
2026-04-10 22:00,60,"PI_UIO_CARCELEN_JOSEFINOS_UL/Cell:eNodeB Function Name=PI_UIO_CARCELEN_JOSEFINOS_L, Local Cell ID=11, Cell Name=PI_UIO_CARCELEN_JOSEFINOS_11, eNodeB ID=44093, Cell FDD TDD indication=CELL_FDD",Reliable,164.957,9.36
2026-04-10 22:00,60,"PI_UIO_CARCELEN_JOSEFINOS_UL/Cell:eNodeB Function Name=PI_UIO_CARCELEN_JOSEFINOS_L, Local Cell ID=12, Cell Name=PI_UIO_CARCELEN_JOSEFINOS_12, eNodeB ID=44093, Cell FDD TDD indication=CELL_FDD",Reliable,260.755,13.08
2026-04-10 22:00,60,"PI_UIO_CARCELEN_JOSEFINOS_UL/Cell:eNodeB Function Name=PI_UIO_CARCELEN_JOSEFINOS_L, Local Cell ID=13, Cell Name=PI_UIO_CARCELEN_JOSEFINOS_13, eNodeB ID=44093, Cell FDD TDD indication=CELL_FDD",Reliable,293.782,22.738
2026-04-10 22:00,60,"PI_UIO_GRANILANDIA_UL/Cell:eNodeB Function Name=PI_UIO_GRANILANDIA_L, Local Cell ID=1, Cell Name=PI_UIO_GRANILANDIA_1, eNodeB ID=44037, Cell FDD TDD indication=CELL_FDD",Reliable,676.263,108.456
2026-04-10 22:00,60,"PI_UIO_GRANILANDIA_UL/Cell:eNodeB Function Name=PI_UIO_GRANILANDIA_L, Local Cell ID=2, Cell Name=PI_UIO_GRANILANDIA_2, eNodeB ID=44037, Cell FDD TDD indication=CELL_FDD",Reliable,3385.349,297.655
2026-04-10 22:00,60,"PI_UIO_GRANILANDIA_UL/Cell:eNodeB Function Name=PI_UIO_GRANILANDIA_L, Local Cell ID=3, Cell Name=PI_UIO_GRANILANDIA_3, eNodeB ID=44037, Cell FDD TDD indication=CELL_FDD",Reliable,1384.366,326.842
2026-04-10 22:00,60,"PI_UIO_GRANILANDIA_UL/Cell:eNodeB Function Name=PI_UIO_GRANILANDIA_L, Local Cell ID=7, Cell Name=PI_UIO_GRANILANDIA_APT_7, eNodeB ID=44037, Cell FDD TDD indication=CELL_FDD",Reliable,1598.312,139.843
2026-04-10 22:00,60,"PI_UIO_GRANILANDIA_UL/Cell:eNodeB Function Name=PI_UIO_GRANILANDIA_L, Local Cell ID=8, Cell Name=PI_UIO_GRANILANDIA_APT_8, eNodeB ID=44037, Cell FDD TDD indication=CELL_FDD",Reliable,1841.667,1968.514
2026-04-10 22:00,60,"PI_UIO_GRANILANDIA_UL/Cell:eNodeB Function Name=PI_UIO_GRANILANDIA_L, Local Cell ID=9, Cell Name=PI_UIO_GRANILANDIA_APT_9, eNodeB ID=44037, Cell FDD TDD indication=CELL_FDD",Reliable,979.039,156.047
2026-04-10 22:00,60,"PI_UIO_GRANILANDIA_UL/Cell:eNodeB Function Name=PI_UIO_GRANILANDIA_L, Local Cell ID=11, Cell Name=PI_UIO_GRANILANDIA_11, eNodeB ID=44037, Cell FDD TDD indication=CELL_FDD",Reliable,4.122,0.807
2026-04-10 22:00,60,"PI_UIO_GRANILANDIA_UL/Cell:eNodeB Function Name=PI_UIO_GRANILANDIA_L, Local Cell ID=12, Cell Name=PI_UIO_GRANILANDIA_12, eNodeB ID=44037, Cell FDD TDD indication=CELL_FDD",Reliable,196.915,20.493
2026-04-10 22:00,60,"PI_UIO_GRANILANDIA_UL/Cell:eNodeB Function Name=PI_UIO_GRANILANDIA_L, Local Cell ID=13, Cell Name=PI_UIO_GRANILANDIA_13, eNodeB ID=44037, Cell FDD TDD indication=CELL_FDD",Reliable,0.442,0.162
2026-04-10 22:00,60,"PIC_UIO_POMASQUI_UL/Cell:eNodeB Function Name=PIC_UIO_POMASQUI_L, Local Cell ID=1, Cell Name=PIC_UIO_POMASQUI_L21_1, eNodeB ID=44177, Cell FDD TDD indication=CELL_FDD",Reliable,839.33,34.778
2026-04-10 22:00,60,"PIC_UIO_POMASQUI_UL/Cell:eNodeB Function Name=PIC_UIO_POMASQUI_L, Local Cell ID=2, Cell Name=PIC_UIO_POMASQUI_L21_2, eNodeB ID=44177, Cell FDD TDD indication=CELL_FDD",Reliable,2365.811,167.521
2026-04-10 22:00,60,"PIC_UIO_POMASQUI_UL/Cell:eNodeB Function Name=PIC_UIO_POMASQUI_L, Local Cell ID=3, Cell Name=PIC_UIO_POMASQUI_L21_3, eNodeB ID=44177, Cell FDD TDD indication=CELL_FDD",Reliable,1801.387,87.675
2026-04-10 22:00,60,"PIC_UIO_POMASQUI_UL/Cell:eNodeB Function Name=PIC_UIO_POMASQUI_L, Local Cell ID=7, Cell Name=PIC_UIO_POMASQUI_L7_7, eNodeB ID=44177, Cell FDD TDD indication=CELL_FDD",Reliable,1994.702,92.04
2026-04-10 22:00,60,"PIC_UIO_POMASQUI_UL/Cell:eNodeB Function Name=PIC_UIO_POMASQUI_L, Local Cell ID=8, Cell Name=PIC_UIO_POMASQUI_L7_8, eNodeB ID=44177, Cell FDD TDD indication=CELL_FDD",Reliable,1583.508,119.725
2026-04-10 22:00,60,"PIC_UIO_POMASQUI_UL/Cell:eNodeB Function Name=PIC_UIO_POMASQUI_L, Local Cell ID=9, Cell Name=PIC_UIO_POMASQUI_L7_9, eNodeB ID=44177, Cell FDD TDD indication=CELL_FDD",Reliable,535.55,90.192
2026-04-10 22:00,60,"PI_UIO_RITHER_UL/Cell:eNodeB Function Name=PI_UIO_RITHERL21, Local Cell ID=1, Cell Name=PI_UIO_RITHER_1, eNodeB ID=44246, Cell FDD TDD indication=CELL_FDD",Reliable,1280.84,181.335
2026-04-10 22:00,60,"PI_UIO_RITHER_UL/Cell:eNodeB Function Name=PI_UIO_RITHERL21, Local Cell ID=2, Cell Name=PI_UIO_RITHER_2, eNodeB ID=44246, Cell FDD TDD indication=CELL_FDD",Reliable,167.608,33.464
2026-04-10 22:00,60,"ES_ATA_ATACAMES_UL/Cell:eNodeB Function Name=ES_ATA_ATACAMESL21, Local Cell ID=1, Cell Name=ES_ATA_ATACAMES_1, eNodeB ID=44604, Cell FDD TDD indication=CELL_FDD",Reliable,138.093,7.619
2026-04-10 22:00,60,"ES_ATA_ATACAMES_UL/Cell:eNodeB Function Name=ES_ATA_ATACAMESL21, Local Cell ID=2, Cell Name=ES_ATA_ATACAMES_2, eNodeB ID=44604, Cell FDD TDD indication=CELL_FDD",Reliable,644.5,31.18
2026-04-10 22:00,60,"ES_ATA_ATACAMES_UL/Cell:eNodeB Function Name=ES_ATA_ATACAMESL21, Local Cell ID=3, Cell Name=ES_ATA_ATACAMES_3, eNodeB ID=44604, Cell FDD TDD indication=CELL_FDD",Reliable,351.645,10.92
2026-04-10 22:00,60,"ES_ATA_ATACAMES_UL/Cell:eNodeB Function Name=ES_ATA_ATACAMESL21, Local Cell ID=7, Cell Name=ES_ATA_ATACAMES_APT_7, eNodeB ID=44604, Cell FDD TDD indication=CELL_FDD",Reliable,2021.303,1337.48
2026-04-10 22:00,60,"ES_ATA_ATACAMES_UL/Cell:eNodeB Function Name=ES_ATA_ATACAMESL21, Local Cell ID=8, Cell Name=ES_ATA_ATACAMES_APT_8, eNodeB ID=44604, Cell FDD TDD indication=CELL_FDD",Reliable,145.048,22.4
2026-04-10 22:00,60,"ES_ATA_ATACAMES_UL/Cell:eNodeB Function Name=ES_ATA_ATACAMESL21, Local Cell ID=9, Cell Name=ES_ATA_ATACAMES_APT_9, eNodeB ID=44604, Cell FDD TDD indication=CELL_FDD",Reliable,16.683,0.952
2026-04-10 22:00,60,"ES_ATA_TONSUPA_MALECON_UL/Cell:eNodeB Function Name=ES_ATA_TONSUPA_MALECONL21, Local Cell ID=1, Cell Name=ES_ATA_TONSUPA_MALECON_1, eNodeB ID=44610, Cell FDD TDD indication=CELL_FDD",Reliable,1151.072,76.355
2026-04-10 22:00,60,"ES_ATA_TONSUPA_MALECON_UL/Cell:eNodeB Function Name=ES_ATA_TONSUPA_MALECONL21, Local Cell ID=2, Cell Name=ES_ATA_TONSUPA_MALECON_2, eNodeB ID=44610, Cell FDD TDD indication=CELL_FDD",Reliable,1096.767,183.633
2026-04-10 22:00,60,"ES_ATA_TONSUPA_MALECON_UL/Cell:eNodeB Function Name=ES_ATA_TONSUPA_MALECONL21, Local Cell ID=3, Cell Name=ES_ATA_TONSUPA_MALECON_3, eNodeB ID=44610, Cell FDD TDD indication=CELL_FDD",Reliable,1885.942,120.342
2026-04-10 22:00,60,"PIC_UIO_BENALCAZAR_1000_TRR_ULN/Cell:eNodeB Function Name=PIC_UIO_BENALCAZAR_1000_TRR_L, Local Cell ID=1, Cell Name=PIC_UIO_BENALCAZAR_1000_TRR_L21_1, eNodeB ID=44961, Cell FDD TDD indication=CELL_FDD",Reliable,139.206,15.846
2026-04-10 22:00,60,"PIC_UIO_BENALCAZAR_1000_TRR_ULN/Cell:eNodeB Function Name=PIC_UIO_BENALCAZAR_1000_TRR_L, Local Cell ID=2, Cell Name=PIC_UIO_BENALCAZAR_1000_TRR_L21_2, eNodeB ID=44961, Cell FDD TDD indication=CELL_FDD",Reliable,390.459,32.853
2026-04-10 22:00,60,"PIC_UIO_BENALCAZAR_1000_TRR_ULN/Cell:eNodeB Function Name=PIC_UIO_BENALCAZAR_1000_TRR_L, Local Cell ID=3, Cell Name=PIC_UIO_BENALCAZAR_1000_TRR_L21_3, eNodeB ID=44961, Cell FDD TDD indication=CELL_FDD",Reliable,305.893,23.409
2026-04-10 22:00,60,"PIC_UIO_BENALCAZAR_1000_TRR_ULN/Cell:eNodeB Function Name=PIC_UIO_BENALCAZAR_1000_TRR_L, Local Cell ID=11, Cell Name=PIC_UIO_BENALCAZAR_1000_TRR_L19_11, eNodeB ID=44961, Cell FDD TDD indication=CELL_FDD",Reliable,1.287,0.439
2026-04-10 22:00,60,"PIC_UIO_BENALCAZAR_1000_TRR_ULN/Cell:eNodeB Function Name=PIC_UIO_BENALCAZAR_1000_TRR_L, Local Cell ID=12, Cell Name=PIC_UIO_BENALCAZAR_1000_TRR_L19_12, eNodeB ID=44961, Cell FDD TDD indication=CELL_FDD",Reliable,5.401,0.651
2026-04-10 22:00,60,"PIC_UIO_BENALCAZAR_1000_TRR_ULN/Cell:eNodeB Function Name=PIC_UIO_BENALCAZAR_1000_TRR_L, Local Cell ID=13, Cell Name=PIC_UIO_BENALCAZAR_1000_TRR_L19_13, eNodeB ID=44961, Cell FDD TDD indication=CELL_FDD",Reliable,9.646,1.322
2026-04-10 22:00,60,"ES_ATA_ATACAMES_CENTRO_UL/Cell:eNodeB Function Name=ESM_ATA_ATACAMES_CENTRO_L, Local Cell ID=1, Cell Name=ESM_ATA_ATACAMES_CENTRO_L21_1, eNodeB ID=44609, Cell FDD TDD indication=CELL_FDD",Reliable,1484.152,152.85
2026-04-10 22:00,60,"ES_ATA_ATACAMES_CENTRO_UL/Cell:eNodeB Function Name=ESM_ATA_ATACAMES_CENTRO_L, Local Cell ID=2, Cell Name=ESM_ATA_ATACAMES_CENTRO_L21_2, eNodeB ID=44609, Cell FDD TDD indication=CELL_FDD",Reliable,2106.762,88.37
2026-04-10 22:00,60,"ES_ATA_ATACAMES_CENTRO_UL/Cell:eNodeB Function Name=ESM_ATA_ATACAMES_CENTRO_L, Local Cell ID=3, Cell Name=ESM_ATA_ATACAMES_CENTRO_L21_3, eNodeB ID=44609, Cell FDD TDD indication=CELL_FDD",Reliable,2849.577,296.251
2026-04-10 22:00,60,"ES_ESM_ESMERALDAS_CENTRO_UL/Cell:eNodeB Function Name=ES_ESM_ESMERALDAS_CENTROL21, Local Cell ID=1, Cell Name=ES_ESM_ESMERALDAS_CENTRO_1, eNodeB ID=44600, Cell FDD TDD indication=CELL_FDD",Reliable,322.473,20.569
2026-04-10 22:00,60,"ES_ESM_ESMERALDAS_CENTRO_UL/Cell:eNodeB Function Name=ES_ESM_ESMERALDAS_CENTROL21, Local Cell ID=2, Cell Name=ES_ESM_ESMERALDAS_CENTRO_2, eNodeB ID=44600, Cell FDD TDD indication=CELL_FDD",Reliable,1876.265,440.803
2026-04-10 22:00,60,"ES_ESM_ESMERALDAS_CENTRO_UL/Cell:eNodeB Function Name=ES_ESM_ESMERALDAS_CENTROL21, Local Cell ID=3, Cell Name=ES_ESM_ESMERALDAS_CENTRO_3, eNodeB ID=44600, Cell FDD TDD indication=CELL_FDD",Reliable,1562.01,81.311
2026-04-10 22:00,60,"ES_ESM_ESMERALDAS_CENTRO_UL/Cell:eNodeB Function Name=ES_ESM_ESMERALDAS_CENTROL21, Local Cell ID=7, Cell Name=ES_ESM_ESMERALDAS_CENTRO_APT_7, eNodeB ID=44600, Cell FDD TDD indication=CELL_FDD",Reliable,833.818,96.468
2026-04-10 22:00,60,"ES_ESM_ESMERALDAS_CENTRO_UL/Cell:eNodeB Function Name=ES_ESM_ESMERALDAS_CENTROL21, Local Cell ID=8, Cell Name=ES_ESM_ESMERALDAS_CENTRO_APT_8, eNodeB ID=44600, Cell FDD TDD indication=CELL_FDD",Reliable,2390.04,150.463
2026-04-10 22:00,60,"ES_ESM_ESMERALDAS_CENTRO_UL/Cell:eNodeB Function Name=ES_ESM_ESMERALDAS_CENTROL21, Local Cell ID=9, Cell Name=ES_ESM_ESMERALDAS_CENTRO_APT_9, eNodeB ID=44600, Cell FDD TDD indication=CELL_FDD",Reliable,375.663,21.895
2026-04-10 22:00,60,"ES_ESM_CNT_CENTRAL_UL/Cell:eNodeB Function Name=ES_ESM_CNT_CENTRALL21, Local Cell ID=1, Cell Name=ES_ESM_CNT_CENTRAL_1, eNodeB ID=44606, Cell FDD TDD indication=CELL_FDD",Reliable,81.778,7.254
2026-04-10 22:00,60,"ES_ESM_CNT_CENTRAL_UL/Cell:eNodeB Function Name=ES_ESM_CNT_CENTRALL21, Local Cell ID=2, Cell Name=ES_ESM_CNT_CENTRAL_2, eNodeB ID=44606, Cell FDD TDD indication=CELL_FDD",Reliable,321.498,18.84
2026-04-10 22:00,60,"ES_ESM_CNT_CENTRAL_UL/Cell:eNodeB Function Name=ES_ESM_CNT_CENTRALL21, Local Cell ID=3, Cell Name=ES_ESM_CNT_CENTRAL_3, eNodeB ID=44606, Cell FDD TDD indication=CELL_FDD",Reliable,218.804,9.821
2026-04-10 22:00,60,"TU_AMB_COL_BOLIVAR_UL/Cell:eNodeB Function Name=TU_AMB_COL_BOLIVARL21, Local Cell ID=1, Cell Name=TU_AMB_COL_BOLIVAR_1, eNodeB ID=44466, Cell FDD TDD indication=CELL_FDD",Reliable,1456.884,206.9
2026-04-10 22:00,60,"TU_AMB_COL_BOLIVAR_UL/Cell:eNodeB Function Name=TU_AMB_COL_BOLIVARL21, Local Cell ID=2, Cell Name=TU_AMB_COL_BOLIVAR_2, eNodeB ID=44466, Cell FDD TDD indication=CELL_FDD",Reliable,831.897,83.097
2026-04-10 22:00,60,"TU_AMB_COL_BOLIVAR_UL/Cell:eNodeB Function Name=TU_AMB_COL_BOLIVARL21, Local Cell ID=3, Cell Name=TU_AMB_COL_BOLIVAR_3, eNodeB ID=44466, Cell FDD TDD indication=CELL_FDD",Reliable,1715.715,150.015
2026-04-10 22:00,60,"TUN_AMB_LETAMENDI_ULN/Cell:eNodeB Function Name=TU_AMB_LETAMENDIL21, Local Cell ID=1, Cell Name=TU_AMB_LETAMENDI_1, eNodeB ID=44515, Cell FDD TDD indication=CELL_FDD",Reliable,807.481,93.005
2026-04-10 22:00,60,"TUN_AMB_LETAMENDI_ULN/Cell:eNodeB Function Name=TU_AMB_LETAMENDIL21, Local Cell ID=2, Cell Name=TU_AMB_LETAMENDI_2, eNodeB ID=44515, Cell FDD TDD indication=CELL_FDD",Reliable,173.454,9.251
2026-04-10 22:00,60,"TU_AMB_CASINO_COUB_UL/Cell:eNodeB Function Name=TU_AMB_CASINO_COUBL21, Local Cell ID=1, Cell Name=TU_AMB_CASINO_COUB_1, eNodeB ID=44485, Cell FDD TDD indication=CELL_FDD",Reliable,125.916,30.77
2026-04-10 22:00,60,"TU_AMB_CASINO_COUB_UL/Cell:eNodeB Function Name=TU_AMB_CASINO_COUBL21, Local Cell ID=2, Cell Name=TU_AMB_CASINO_COUB_2, eNodeB ID=44485, Cell FDD TDD indication=CELL_FDD",Reliable,1404.24,189.472
2026-04-10 22:00,60,"TU_AMB_CASINO_COUB_UL/Cell:eNodeB Function Name=TU_AMB_CASINO_COUBL21, Local Cell ID=3, Cell Name=TU_AMB_CASINO_COUB_3, eNodeB ID=44485, Cell FDD TDD indication=CELL_FDD",Reliable,767.064,134.766
2026-04-10 22:00,60,"TU_AMB_COLISEO_DEPORTES_UL/Cell:eNodeB Function Name=TU_AMB_COLISEO_DEPORTESL21, Local Cell ID=1, Cell Name=TU_AMB_COLISEO_DEPORTES_1, eNodeB ID=44467, Cell FDD TDD indication=CELL_FDD",Reliable,1095.991,86.421
2026-04-10 22:00,60,"TU_AMB_COLISEO_DEPORTES_UL/Cell:eNodeB Function Name=TU_AMB_COLISEO_DEPORTESL21, Local Cell ID=2, Cell Name=TU_AMB_COLISEO_DEPORTES_2, eNodeB ID=44467, Cell FDD TDD indication=CELL_FDD",Reliable,903.621,142.778
2026-04-10 22:00,60,"TU_AMB_COLISEO_DEPORTES_UL/Cell:eNodeB Function Name=TU_AMB_COLISEO_DEPORTESL21, Local Cell ID=3, Cell Name=TU_AMB_COLISEO_DEPORTES_3, eNodeB ID=44467, Cell FDD TDD indication=CELL_FDD",Reliable,117.951,34.662
2026-04-10 22:00,60,"TU_AMB_ECU_911_UL/Cell:eNodeB Function Name=TU_AMB_ECU_911L21, Local Cell ID=1, Cell Name=TU_AMB_ECU_911_1, eNodeB ID=44511, Cell FDD TDD indication=CELL_FDD",Reliable,312.488,30.674
2026-04-10 22:00,60,"TU_AMB_ECU_911_UL/Cell:eNodeB Function Name=TU_AMB_ECU_911L21, Local Cell ID=2, Cell Name=TU_AMB_ECU_911_2, eNodeB ID=44511, Cell FDD TDD indication=CELL_FDD",Reliable,1139.875,183.648
2026-04-10 22:00,60,"TU_AMB_ECU_911_UL/Cell:eNodeB Function Name=TU_AMB_ECU_911L21, Local Cell ID=3, Cell Name=TU_AMB_ECU_911_3, eNodeB ID=44511, Cell FDD TDD indication=CELL_FDD",Reliable,2835.237,276.205
2026-04-10 22:00,60,"TU_AMB_HUACHI_SOLIS_TRR_UL/Cell:eNodeB Function Name=TU_AMB_HUACHI_SOLIS_TRRL21, Local Cell ID=1, Cell Name=TU_AMB_HUACHI_SOLIS_TRR_1, eNodeB ID=44805, Cell FDD TDD indication=CELL_FDD",Reliable,1971.785,168.852
2026-04-10 22:00,60,"TU_AMB_HUACHI_SOLIS_TRR_UL/Cell:eNodeB Function Name=TU_AMB_HUACHI_SOLIS_TRRL21, Local Cell ID=2, Cell Name=TU_AMB_HUACHI_SOLIS_TRR_2, eNodeB ID=44805, Cell FDD TDD indication=CELL_FDD",Reliable,1760.104,155.948
2026-04-10 22:00,60,"TU_AMB_HUACHI_SOLIS_TRR_UL/Cell:eNodeB Function Name=TU_AMB_HUACHI_SOLIS_TRRL21, Local Cell ID=3, Cell Name=TU_AMB_HUACHI_SOLIS_TRR_3, eNodeB ID=44805, Cell FDD TDD indication=CELL_FDD",Reliable,2355.63,334.575
2026-04-10 22:00,60,"IM_IBA_EL_EJIDO_UL/Cell:eNodeB Function Name=IM_IBA_EL_EJIDOL21, Local Cell ID=1, Cell Name=IM_IBA_EL_EJIDO_1, eNodeB ID=44717, Cell FDD TDD indication=CELL_FDD",Reliable,1437.517,116.13
2026-04-10 22:00,60,"IM_IBA_EL_EJIDO_UL/Cell:eNodeB Function Name=IM_IBA_EL_EJIDOL21, Local Cell ID=2, Cell Name=IM_IBA_EL_EJIDO_2, eNodeB ID=44717, Cell FDD TDD indication=CELL_FDD",Reliable,882.446,74.616
2026-04-10 22:00,60,"IM_IBA_EL_EJIDO_UL/Cell:eNodeB Function Name=IM_IBA_EL_EJIDOL21, Local Cell ID=3, Cell Name=IM_IBA_EL_EJIDO_3, eNodeB ID=44717, Cell FDD TDD indication=CELL_FDD",Reliable,1260.596,105.065
2026-04-10 22:00,60,"IM_IBA_TERMINAL_TERRESTRE_UL/Cell:eNodeB Function Name=IM_IBA_TERMINAL_TERRESTREL21, Local Cell ID=1, Cell Name=IM_IBA_TERMINAL_TERRESTRE_1, eNodeB ID=44718, Cell FDD TDD indication=CELL_FDD",Reliable,2422.001,195.08
2026-04-10 22:00,60,"IM_IBA_TERMINAL_TERRESTRE_UL/Cell:eNodeB Function Name=IM_IBA_TERMINAL_TERRESTREL21, Local Cell ID=2, Cell Name=IM_IBA_TERMINAL_TERRESTRE_2, eNodeB ID=44718, Cell FDD TDD indication=CELL_FDD",Reliable,345.003,33.908
2026-04-10 22:00,60,"IM_IBA_TERMINAL_TERRESTRE_UL/Cell:eNodeB Function Name=IM_IBA_TERMINAL_TERRESTREL21, Local Cell ID=3, Cell Name=IM_IBA_TERMINAL_TERRESTRE_3, eNodeB ID=44718, Cell FDD TDD indication=CELL_FDD",Reliable,851.2,199.738
2026-04-10 22:00,60,"IM_IBA_PLAZOLETA_UL/Cell:eNodeB Function Name=IM_IBA_PLAZOLETAL21, Local Cell ID=1, Cell Name=IM_IBA_PLAZOLETA_1, eNodeB ID=44756, Cell FDD TDD indication=CELL_FDD",Reliable,930.069,81.153
2026-04-10 22:00,60,"IM_IBA_PLAZOLETA_UL/Cell:eNodeB Function Name=IM_IBA_PLAZOLETAL21, Local Cell ID=2, Cell Name=IM_IBA_PLAZOLETA_2, eNodeB ID=44756, Cell FDD TDD indication=CELL_FDD",Reliable,1951.484,186.291
2026-04-10 22:00,60,"IM_IBA_PLAZOLETA_UL/Cell:eNodeB Function Name=IM_IBA_PLAZOLETAL21, Local Cell ID=3, Cell Name=IM_IBA_PLAZOLETA_3, eNodeB ID=44756, Cell FDD TDD indication=CELL_FDD",Reliable,2529.372,266.147
2026-04-10 22:00,60,"IM_IBA_U_CATOLICA_UL/Cell:eNodeB Function Name=IM_IBA_U_CATOLICAL21, Local Cell ID=1, Cell Name=IM_IBA_U_CATOLICA_1, eNodeB ID=44722, Cell FDD TDD indication=CELL_FDD",Reliable,34.835,2.064
2026-04-10 22:00,60,"IM_IBA_U_CATOLICA_UL/Cell:eNodeB Function Name=IM_IBA_U_CATOLICAL21, Local Cell ID=2, Cell Name=IM_IBA_U_CATOLICA_2, eNodeB ID=44722, Cell FDD TDD indication=CELL_FDD",Reliable,1182.81,143.944
2026-04-10 22:00,60,"IM_IBA_U_CATOLICA_UL/Cell:eNodeB Function Name=IM_IBA_U_CATOLICAL21, Local Cell ID=3, Cell Name=IM_IBA_U_CATOLICA_3, eNodeB ID=44722, Cell FDD TDD indication=CELL_FDD",Reliable,217.35,26.029
2026-04-10 22:00,60,"IM_IBA_TEODORO_GOMEZ_UL/Cell:eNodeB Function Name=IMB_IBA_TEODORO_GOMEZ_L, Local Cell ID=1, Cell Name=IMB_IBA_TEODORO_GOMEZ_L21_1, eNodeB ID=44720, Cell FDD TDD indication=CELL_FDD",Reliable,929.406,321.885
2026-04-10 22:00,60,"IM_IBA_TEODORO_GOMEZ_UL/Cell:eNodeB Function Name=IMB_IBA_TEODORO_GOMEZ_L, Local Cell ID=2, Cell Name=IMB_IBA_TEODORO_GOMEZ_L21_2, eNodeB ID=44720, Cell FDD TDD indication=CELL_FDD",Reliable,3231.098,342.781
2026-04-10 22:00,60,"IM_IBA_TEODORO_GOMEZ_UL/Cell:eNodeB Function Name=IMB_IBA_TEODORO_GOMEZ_L, Local Cell ID=3, Cell Name=IMB_IBA_TEODORO_GOMEZ_L21_3, eNodeB ID=44720, Cell FDD TDD indication=CELL_FDD",Reliable,491.451,62.567
2026-04-10 22:00,60,"IM_IBA_IBARRA_SUR_UL/Cell:eNodeB Function Name=IM_IBA_IBARRA_SURL21, Local Cell ID=1, Cell Name=IM_IBA_IBARRA_SUR_1, eNodeB ID=44714, Cell FDD TDD indication=CELL_FDD",Reliable,1294.061,99.603
2026-04-10 22:00,60,"IM_IBA_IBARRA_SUR_UL/Cell:eNodeB Function Name=IM_IBA_IBARRA_SURL21, Local Cell ID=2, Cell Name=IM_IBA_IBARRA_SUR_2, eNodeB ID=44714, Cell FDD TDD indication=CELL_FDD",Reliable,372.008,30.66
2026-04-10 22:00,60,"IM_IBA_IBARRA_SUR_UL/Cell:eNodeB Function Name=IM_IBA_IBARRA_SURL21, Local Cell ID=3, Cell Name=IM_IBA_IBARRA_SUR_3, eNodeB ID=44714, Cell FDD TDD indication=CELL_FDD",Reliable,614.832,52.946
2026-04-10 22:00,60,"IM_IBA_AZAYA_NORTE_UL/Cell:eNodeB Function Name=IM_IBA_AZAYA_NORTEL21, Local Cell ID=1, Cell Name=IM_IBA_AZAYA_NORTE_1, eNodeB ID=44721, Cell FDD TDD indication=CELL_FDD",Reliable,1337.799,118.749
2026-04-10 22:00,60,"IM_IBA_AZAYA_NORTE_UL/Cell:eNodeB Function Name=IM_IBA_AZAYA_NORTEL21, Local Cell ID=2, Cell Name=IM_IBA_AZAYA_NORTE_2, eNodeB ID=44721, Cell FDD TDD indication=CELL_FDD",Reliable,925.519,71.652
2026-04-10 22:00,60,"IM_IBA_AZAYA_NORTE_UL/Cell:eNodeB Function Name=IM_IBA_AZAYA_NORTEL21, Local Cell ID=3, Cell Name=IM_IBA_AZAYA_NORTE_3, eNodeB ID=44721, Cell FDD TDD indication=CELL_FDD",Reliable,887.43,107.637
2026-04-10 22:00,60,"IM_IBA_COOP_CHOFERES_UL/Cell:eNodeB Function Name=IM_IBA_COOP_CHOFERESL21, Local Cell ID=1, Cell Name=IM_IBA_COOP_CHOFERES_1, eNodeB ID=44716, Cell FDD TDD indication=CELL_FDD",Reliable,1317.068,83.392
2026-04-10 22:00,60,"IM_IBA_COOP_CHOFERES_UL/Cell:eNodeB Function Name=IM_IBA_COOP_CHOFERESL21, Local Cell ID=2, Cell Name=IM_IBA_COOP_CHOFERES_2, eNodeB ID=44716, Cell FDD TDD indication=CELL_FDD",Reliable,2882.751,110.859
2026-04-10 22:00,60,"IM_IBA_COOP_CHOFERES_UL/Cell:eNodeB Function Name=IM_IBA_COOP_CHOFERESL21, Local Cell ID=3, Cell Name=IM_IBA_COOP_CHOFERES_3, eNodeB ID=44716, Cell FDD TDD indication=CELL_FDD",Reliable,823.173,61.814
2026-04-10 22:00,60,"IM_IBA_ESTADIO_UL/Cell:eNodeB Function Name=IM_IBA_ESTADIOL21, Local Cell ID=1, Cell Name=IM_IBA_ESTADIO_1, eNodeB ID=44730, Cell FDD TDD indication=CELL_FDD",Reliable,743.981,54.105
2026-04-10 22:00,60,"IM_IBA_ESTADIO_UL/Cell:eNodeB Function Name=IM_IBA_ESTADIOL21, Local Cell ID=2, Cell Name=IM_IBA_ESTADIO_2, eNodeB ID=44730, Cell FDD TDD indication=CELL_FDD",Reliable,1276.488,59.078
2026-04-10 22:00,60,"IM_IBA_ESTADIO_UL/Cell:eNodeB Function Name=IM_IBA_ESTADIOL21, Local Cell ID=3, Cell Name=IM_IBA_ESTADIO_3, eNodeB ID=44730, Cell FDD TDD indication=CELL_FDD",Reliable,1315.107,100.527
2026-04-10 22:00,60,"ES_ESM_ESMERALDAS_NORTE_UL/Cell:eNodeB Function Name=ES_ESM_ESMERALDAS_NORTEL21, Local Cell ID=1, Cell Name=ES_ESM_NORTE_1, eNodeB ID=44615, Cell FDD TDD indication=CELL_FDD",Reliable,319.003,128.699
2026-04-10 22:00,60,"ES_ESM_ESMERALDAS_NORTE_UL/Cell:eNodeB Function Name=ES_ESM_ESMERALDAS_NORTEL21, Local Cell ID=2, Cell Name=ES_ESM_NORTE_2, eNodeB ID=44615, Cell FDD TDD indication=CELL_FDD",Reliable,438.436,26.035
2026-04-10 22:00,60,"ES_ESM_ESMERALDAS_NORTE_UL/Cell:eNodeB Function Name=ES_ESM_ESMERALDAS_NORTEL21, Local Cell ID=3, Cell Name=ES_ESM_NORTE_3, eNodeB ID=44615, Cell FDD TDD indication=CELL_FDD",Reliable,256.898,33.381
2026-04-10 22:00,60,"ES_ESM_3(REFINERIA)_UL/Cell:eNodeB Function Name=ES_ESM_3(REFINERIA)L21, Local Cell ID=1, Cell Name=ES_ESM_3(REFINERIA)_1, eNodeB ID=44617, Cell FDD TDD indication=CELL_FDD",Reliable,1143.035,67.606
2026-04-10 22:00,60,"ES_ESM_3(REFINERIA)_UL/Cell:eNodeB Function Name=ES_ESM_3(REFINERIA)L21, Local Cell ID=2, Cell Name=ES_ESM_3(REFINERIA)_2, eNodeB ID=44617, Cell FDD TDD indication=CELL_FDD",Reliable,5862.982,510.025
2026-04-10 22:00,60,"ES_ESM_3(REFINERIA)_UL/Cell:eNodeB Function Name=ES_ESM_3(REFINERIA)L21, Local Cell ID=3, Cell Name=ES_ESM_3(REFINERIA)_3, eNodeB ID=44617, Cell FDD TDD indication=CELL_FDD",Reliable,331.19,166.285
2026-04-10 22:00,60,"ES_ESM_3(REFINERIA)_UL/Cell:eNodeB Function Name=ES_ESM_3(REFINERIA)L21, Local Cell ID=4, Cell Name=ES_ESM_3(REFINERIA)_4, eNodeB ID=44617, Cell FDD TDD indication=CELL_FDD",Reliable,113.791,8.002
2026-04-10 22:00,60,"ES_ESM_3(REFINERIA)_UL/Cell:eNodeB Function Name=ES_ESM_3(REFINERIA)L21, Local Cell ID=7, Cell Name=ES_ESM_3(REFINERIA)_APT_7, eNodeB ID=44617, Cell FDD TDD indication=CELL_FDD",Reliable,1377.856,124.14
2026-04-10 22:00,60,"ES_ESM_3(REFINERIA)_UL/Cell:eNodeB Function Name=ES_ESM_3(REFINERIA)L21, Local Cell ID=8, Cell Name=ES_ESM_3(REFINERIA)_APT_8, eNodeB ID=44617, Cell FDD TDD indication=CELL_FDD",Reliable,1591.795,144.022
2026-04-10 22:00,60,"ES_ESM_3(REFINERIA)_UL/Cell:eNodeB Function Name=ES_ESM_3(REFINERIA)L21, Local Cell ID=9, Cell Name=ES_ESM_3(REFINERIA)_APT_9, eNodeB ID=44617, Cell FDD TDD indication=CELL_FDD",Reliable,2001.676,142.418
2026-04-10 22:00,60,"ES_ESM_PALMAS_UL/Cell:eNodeB Function Name=ES_ESM_PALMASL21, Local Cell ID=1, Cell Name=ES_ESM_PALMAS_1, eNodeB ID=44601, Cell FDD TDD indication=CELL_FDD",Reliable,2550.419,382.545
2026-04-10 22:00,60,"ES_ESM_PALMAS_UL/Cell:eNodeB Function Name=ES_ESM_PALMASL21, Local Cell ID=2, Cell Name=ES_ESM_PALMAS_2, eNodeB ID=44601, Cell FDD TDD indication=CELL_FDD",Reliable,299.857,23.638
2026-04-10 22:00,60,"ES_ESM_PALMAS_UL/Cell:eNodeB Function Name=ES_ESM_PALMASL21, Local Cell ID=3, Cell Name=ES_ESM_PALMAS_3, eNodeB ID=44601, Cell FDD TDD indication=CELL_FDD",Reliable,2536.097,242.807
2026-04-10 22:00,60,"ES_ESM_PALMAS_UL/Cell:eNodeB Function Name=ES_ESM_PALMASL21, Local Cell ID=7, Cell Name=ES_ESM_PALMAS_APT_7, eNodeB ID=44601, Cell FDD TDD indication=CELL_FDD",Reliable,4339.74,262.134
2026-04-10 22:00,60,"ES_ESM_PALMAS_UL/Cell:eNodeB Function Name=ES_ESM_PALMASL21, Local Cell ID=8, Cell Name=ES_ESM_PALMAS_APT_8, eNodeB ID=44601, Cell FDD TDD indication=CELL_FDD",Reliable,579.628,41.052
2026-04-10 22:00,60,"ES_ESM_PALMAS_UL/Cell:eNodeB Function Name=ES_ESM_PALMASL21, Local Cell ID=9, Cell Name=ES_ESM_PALMAS_APT_9, eNodeB ID=44601, Cell FDD TDD indication=CELL_FDD",Reliable,834.412,32.09
2026-04-10 22:00,60,"ES_ATA_SAME_UL/Cell:eNodeB Function Name=ES_ATA_SAMEL21, Local Cell ID=1, Cell Name=ES_ATA_SAME_1, eNodeB ID=44605, Cell FDD TDD indication=CELL_FDD",Reliable,96.68,21.265
2026-04-10 22:00,60,"ES_ATA_SAME_UL/Cell:eNodeB Function Name=ES_ATA_SAMEL21, Local Cell ID=2, Cell Name=ES_ATA_SAME_2, eNodeB ID=44605, Cell FDD TDD indication=CELL_FDD",Reliable,730.143,55.988
2026-04-10 22:00,60,"ES_ATA_SAME_UL/Cell:eNodeB Function Name=ES_ATA_SAMEL21, Local Cell ID=3, Cell Name=ES_ATA_SAME_3, eNodeB ID=44605, Cell FDD TDD indication=CELL_FDD",Reliable,86.428,7.213
2026-04-10 22:00,60,"PI_UIO_MERCADO_MAYORISTA_UL/Cell:eNodeB Function Name=PI_UIO_MERCADO_MAYORISTAL21, Local Cell ID=1, Cell Name=PI_UIO_MERCADO_MAYORISTA_1, eNodeB ID=44251, Cell FDD TDD indication=CELL_FDD",Reliable,376.865,30.582
2026-04-10 22:00,60,"PI_UIO_MERCADO_MAYORISTA_UL/Cell:eNodeB Function Name=PI_UIO_MERCADO_MAYORISTAL21, Local Cell ID=2, Cell Name=PI_UIO_MERCADO_MAYORISTA_2, eNodeB ID=44251, Cell FDD TDD indication=CELL_FDD",Reliable,423.686,52.101
2026-04-10 22:00,60,"PI_UIO_MERCADO_MAYORISTA_UL/Cell:eNodeB Function Name=PI_UIO_MERCADO_MAYORISTAL21, Local Cell ID=3, Cell Name=PI_UIO_MERCADO_MAYORISTA_3, eNodeB ID=44251, Cell FDD TDD indication=CELL_FDD",Reliable,980.404,74.693
2026-04-10 22:00,60,"PI_UIO_CINCO_DE_JUNIO_UL/Cell:eNodeB Function Name=PI_UIO_CINCO_DE_JUNIO_UL, Local Cell ID=1, Cell Name=PI_UIO_CINCO_DE_JUNIO_1, eNodeB ID=44341, Cell FDD TDD indication=CELL_FDD",Reliable,153.66,16.384
2026-04-10 22:00,60,"PI_UIO_CINCO_DE_JUNIO_UL/Cell:eNodeB Function Name=PI_UIO_CINCO_DE_JUNIO_UL, Local Cell ID=2, Cell Name=PI_UIO_CINCO_DE_JUNIO_2, eNodeB ID=44341, Cell FDD TDD indication=CELL_FDD",Reliable,223.535,12.252
2026-04-10 22:00,60,"PI_UIO_CINCO_DE_JUNIO_UL/Cell:eNodeB Function Name=PI_UIO_CINCO_DE_JUNIO_UL, Local Cell ID=3, Cell Name=PI_UIO_CINCO_DE_JUNIO_3, eNodeB ID=44341, Cell FDD TDD indication=CELL_FDD",Reliable,349.33,20.474
2026-04-10 22:00,60,"ES_ATA_TONSUPA_UL/Cell:eNodeB Function Name=ES_ATA_TONSUPAL21, Local Cell ID=1, Cell Name=ES_ATA_TONSUPA_1, eNodeB ID=44603, Cell FDD TDD indication=CELL_FDD",Reliable,0,0
2026-04-10 22:00,60,"ES_ATA_TONSUPA_UL/Cell:eNodeB Function Name=ES_ATA_TONSUPAL21, Local Cell ID=2, Cell Name=ES_ATA_TONSUPA_2, eNodeB ID=44603, Cell FDD TDD indication=CELL_FDD",Reliable,0,0
2026-04-10 22:00,60,"ES_ATA_TONSUPA_UL/Cell:eNodeB Function Name=ES_ATA_TONSUPAL21, Local Cell ID=3, Cell Name=ES_ATA_TONSUPA_3, eNodeB ID=44603, Cell FDD TDD indication=CELL_FDD",Reliable,0,0
2026-04-10 22:00,60,"ES_ATA_CASTELNOVO_UL/Cell:eNodeB Function Name=ES_ATA_CASTELNOVOL21, Local Cell ID=1, Cell Name=ES_ATA_CASTELNOVO_1, eNodeB ID=44626, Cell FDD TDD indication=CELL_FDD",Reliable,649.423,68.715
2026-04-10 22:00,60,"ES_ATA_CASTELNOVO_UL/Cell:eNodeB Function Name=ES_ATA_CASTELNOVOL21, Local Cell ID=2, Cell Name=ES_ATA_CASTELNOVO_2, eNodeB ID=44626, Cell FDD TDD indication=CELL_FDD",Reliable,536.732,29.709
2026-04-10 22:00,60,"ES_ATA_CASTELNOVO_UL/Cell:eNodeB Function Name=ES_ATA_CASTELNOVOL21, Local Cell ID=3, Cell Name=ES_ATA_CASTELNOVO_3, eNodeB ID=44626, Cell FDD TDD indication=CELL_FDD",Reliable,439.064,35.45
2026-04-10 22:00,60,"ES_ATA_CASTELNOVO_UL/Cell:eNodeB Function Name=ES_ATA_CASTELNOVOL21, Local Cell ID=7, Cell Name=ES_ATA_CASTELNOVO_APT_7, eNodeB ID=44626, Cell FDD TDD indication=CELL_FDD",Reliable,1880.489,159.637
2026-04-10 22:00,60,"ES_ATA_CASTELNOVO_UL/Cell:eNodeB Function Name=ES_ATA_CASTELNOVOL21, Local Cell ID=8, Cell Name=ES_ATA_CASTELNOVO_APT_8, eNodeB ID=44626, Cell FDD TDD indication=CELL_FDD",Reliable,239.263,43.435
2026-04-10 22:00,60,"ES_ATA_CASTELNOVO_UL/Cell:eNodeB Function Name=ES_ATA_CASTELNOVOL21, Local Cell ID=9, Cell Name=ES_ATA_CASTELNOVO_APT_9, eNodeB ID=44626, Cell FDD TDD indication=CELL_FDD",Reliable,599.912,51.055
2026-04-10 22:00,60,"PI_UIO_LA_INTERNACIONAL_UL/Cell:eNodeB Function Name=PI_UIO_LA_INTERNACIONAL_L, Local Cell ID=1, Cell Name=PIC_UIO_LA_INTERNACIONAL_L21_1, eNodeB ID=44222, Cell FDD TDD indication=CELL_FDD",Reliable,1372.42,118.928
2026-04-10 22:00,60,"PI_UIO_LA_INTERNACIONAL_UL/Cell:eNodeB Function Name=PI_UIO_LA_INTERNACIONAL_L, Local Cell ID=2, Cell Name=PIC_UIO_LA_INTERNACIONAL_L21_2, eNodeB ID=44222, Cell FDD TDD indication=CELL_FDD",Reliable,736.595,34.238
2026-04-10 22:00,60,"PI_UIO_LA_INTERNACIONAL_UL/Cell:eNodeB Function Name=PI_UIO_LA_INTERNACIONAL_L, Local Cell ID=3, Cell Name=PIC_UIO_LA_INTERNACIONAL_L21_3, eNodeB ID=44222, Cell FDD TDD indication=CELL_FDD",Reliable,863.826,69.958
2026-04-10 22:00,60,"PI_UIO_LA_INTERNACIONAL_UL/Cell:eNodeB Function Name=PI_UIO_LA_INTERNACIONAL_L, Local Cell ID=11, Cell Name=PIC_UIO_LA_INTERNACIONAL_L19_11, eNodeB ID=44222, Cell FDD TDD indication=CELL_FDD",Reliable,504.794,29.67
2026-04-10 22:00,60,"PI_UIO_LA_INTERNACIONAL_UL/Cell:eNodeB Function Name=PI_UIO_LA_INTERNACIONAL_L, Local Cell ID=12, Cell Name=PIC_UIO_LA_INTERNACIONAL_L19_12, eNodeB ID=44222, Cell FDD TDD indication=CELL_FDD",Reliable,252.161,14.023
2026-04-10 22:00,60,"PI_UIO_LA_INTERNACIONAL_UL/Cell:eNodeB Function Name=PI_UIO_LA_INTERNACIONAL_L, Local Cell ID=13, Cell Name=PIC_UIO_LA_INTERNACIONAL_L19_13, eNodeB ID=44222, Cell FDD TDD indication=CELL_FDD",Reliable,461.74,27.214
2026-04-10 22:00,60,"ES_ESM_PARAISO_UL/Cell:eNodeB Function Name=ES_ESM_PARAISOL21, Local Cell ID=1, Cell Name=ES_ESM_PARAISO_1, eNodeB ID=44635, Cell FDD TDD indication=CELL_FDD",Reliable,918.982,40.024
2026-04-10 22:00,60,"ES_ESM_PARAISO_UL/Cell:eNodeB Function Name=ES_ESM_PARAISOL21, Local Cell ID=2, Cell Name=ES_ESM_PARAISO_2, eNodeB ID=44635, Cell FDD TDD indication=CELL_FDD",Reliable,840.832,77.505
2026-04-10 22:00,60,"ES_ESM_PARAISO_UL/Cell:eNodeB Function Name=ES_ESM_PARAISOL21, Local Cell ID=3, Cell Name=ES_ESM_PARAISO_3, eNodeB ID=44635, Cell FDD TDD indication=CELL_FDD",Reliable,348.897,36.586
2026-04-10 22:00,60,"ES_ESM_PARAISO_UL/Cell:eNodeB Function Name=ES_ESM_PARAISOL21, Local Cell ID=7, Cell Name=ES_ESM_PARAISO_APT_7, eNodeB ID=44635, Cell FDD TDD indication=CELL_FDD",Reliable,12223.263,2333.593
2026-04-10 22:00,60,"ES_ESM_PARAISO_UL/Cell:eNodeB Function Name=ES_ESM_PARAISOL21, Local Cell ID=8, Cell Name=ES_ESM_PARAISO_APT_8, eNodeB ID=44635, Cell FDD TDD indication=CELL_FDD",Reliable,1838.578,133.373
2026-04-10 22:00,60,"ES_ESM_PARAISO_UL/Cell:eNodeB Function Name=ES_ESM_PARAISOL21, Local Cell ID=9, Cell Name=ES_ESM_PARAISO_APT_9, eNodeB ID=44635, Cell FDD TDD indication=CELL_FDD",Reliable,1102.436,57.812
2026-04-10 22:00,60,"PI_UIO_GUANGOPOLO_UL/Cell:eNodeB Function Name=PI_UIO_GUANGOPOLOL21, Local Cell ID=1, Cell Name=PI_UIO_GUANGOPOLO_1, eNodeB ID=44230, Cell FDD TDD indication=CELL_FDD",Reliable,1547.178,86.419
2026-04-10 22:00,60,"PI_UIO_GUANGOPOLO_UL/Cell:eNodeB Function Name=PI_UIO_GUANGOPOLOL21, Local Cell ID=2, Cell Name=PI_UIO_GUANGOPOLO_2, eNodeB ID=44230, Cell FDD TDD indication=CELL_FDD",Reliable,1080.643,85.264
2026-04-10 22:00,60,"PI_UIO_GUANGOPOLO_UL/Cell:eNodeB Function Name=PI_UIO_GUANGOPOLOL21, Local Cell ID=3, Cell Name=PI_UIO_GUANGOPOLO_3, eNodeB ID=44230, Cell FDD TDD indication=CELL_FDD",Reliable,1479.722,53.559
2026-04-10 22:00,60,"PI_UIO_GUANGOPOLO_UL/Cell:eNodeB Function Name=PI_UIO_GUANGOPOLOL21, Local Cell ID=7, Cell Name=PI_UIO_GUANGOPOLO_APT_7, eNodeB ID=44230, Cell FDD TDD indication=CELL_FDD",Reliable,1076.619,75.289
2026-04-10 22:00,60,"PI_UIO_GUANGOPOLO_UL/Cell:eNodeB Function Name=PI_UIO_GUANGOPOLOL21, Local Cell ID=8, Cell Name=PI_UIO_GUANGOPOLO_APT_8, eNodeB ID=44230, Cell FDD TDD indication=CELL_FDD",Reliable,648.374,39.314
2026-04-10 22:00,60,"PI_UIO_GUANGOPOLO_UL/Cell:eNodeB Function Name=PI_UIO_GUANGOPOLOL21, Local Cell ID=9, Cell Name=PI_UIO_GUANGOPOLO_APT_9, eNodeB ID=44230, Cell FDD TDD indication=CELL_FDD",Reliable,626.918,49.353
2026-04-10 22:00,60,"PI_UIO_NAZACOTA_UL/Cell:eNodeB Function Name=PI_UIO_NAZACOTAL_L, Local Cell ID=1, Cell Name=PI_UIO_NAZACOTA_1, eNodeB ID=44304, Cell FDD TDD indication=CELL_FDD",Reliable,354.988,41.27
2026-04-10 22:00,60,"PI_UIO_NAZACOTA_UL/Cell:eNodeB Function Name=PI_UIO_NAZACOTAL_L, Local Cell ID=2, Cell Name=PI_UIO_NAZACOTA_2, eNodeB ID=44304, Cell FDD TDD indication=CELL_FDD",Reliable,1450.661,69.881
2026-04-10 22:00,60,"PI_UIO_NAZACOTA_UL/Cell:eNodeB Function Name=PI_UIO_NAZACOTAL_L, Local Cell ID=3, Cell Name=PI_UIO_NAZACOTA_3, eNodeB ID=44304, Cell FDD TDD indication=CELL_FDD",Reliable,114.757,7.884
2026-04-10 22:00,60,"PI_UIO_NAZACOTA_UL/Cell:eNodeB Function Name=PI_UIO_NAZACOTAL_L, Local Cell ID=12, Cell Name=PI_UIO_NAZACOTA_12, eNodeB ID=44304, Cell FDD TDD indication=CELL_FDD",Reliable,567.894,42.899
2026-04-10 22:00,60,"PI_UIO_NAZACOTA_UL/Cell:eNodeB Function Name=PI_UIO_NAZACOTAL_L, Local Cell ID=13, Cell Name=PI_UIO_NAZACOTA_13, eNodeB ID=44304, Cell FDD TDD indication=CELL_FDD",Reliable,10.21,1.02
2026-04-10 22:00,60,"PI_UIO_NAZACOTA_UL/Cell:eNodeB Function Name=PI_UIO_NAZACOTAL_L, Local Cell ID=11, Cell Name=PI_UIO_NAZACOTA_11, eNodeB ID=44304, Cell FDD TDD indication=CELL_FDD",Reliable,352.199,20.839
2026-04-10 22:00,60,"ES_ESM_POTOSI_UL/Cell:eNodeB Function Name=ES_ESM_POTOSIL21, Local Cell ID=1, Cell Name=ES_ESM_POTOSI_1, eNodeB ID=44607, Cell FDD TDD indication=CELL_FDD",Reliable,377.918,71.306
2026-04-10 22:00,60,"ES_ESM_POTOSI_UL/Cell:eNodeB Function Name=ES_ESM_POTOSIL21, Local Cell ID=2, Cell Name=ES_ESM_POTOSI_2, eNodeB ID=44607, Cell FDD TDD indication=CELL_FDD",Reliable,1760.245,433.085
2026-04-10 22:00,60,"ES_ESM_POTOSI_UL/Cell:eNodeB Function Name=ES_ESM_POTOSIL21, Local Cell ID=3, Cell Name=ES_ESM_POTOSI_3, eNodeB ID=44607, Cell FDD TDD indication=CELL_FDD",Reliable,4.334,1.653
2026-04-10 22:00,60,"PI_UIO_SANGOLQUI_SUR_UL/Cell:eNodeB Function Name=PI_UIO_SANGOLQUI_SURL21, Local Cell ID=1, Cell Name=PI_UIO_SANGOLQUI_SUR_1, eNodeB ID=44199, Cell FDD TDD indication=CELL_FDD",Reliable,2774.316,116.578
2026-04-10 22:00,60,"PI_UIO_SANGOLQUI_SUR_UL/Cell:eNodeB Function Name=PI_UIO_SANGOLQUI_SURL21, Local Cell ID=2, Cell Name=PI_UIO_SANGOLQUI_SUR_2, eNodeB ID=44199, Cell FDD TDD indication=CELL_FDD",Reliable,1188.291,74.064
2026-04-10 22:00,60,"PI_UIO_SANGOLQUI_SUR_UL/Cell:eNodeB Function Name=PI_UIO_SANGOLQUI_SURL21, Local Cell ID=3, Cell Name=PI_UIO_SANGOLQUI_SUR_3, eNodeB ID=44199, Cell FDD TDD indication=CELL_FDD",Reliable,1384.79,122.112
2026-04-10 22:00,60,"PI_UIO_ESTADIO_DEL_AUCAS_UL/Cell:eNodeB Function Name=PI_UIO_ESTADIO_DEL_AUCAS_L, Local Cell ID=1, Cell Name=PI_UIO_ESTADIO_DEL_AUCAS_1, eNodeB ID=44232, Cell FDD TDD indication=CELL_FDD",Reliable,840.968,92.642
2026-04-10 22:00,60,"PI_UIO_ESTADIO_DEL_AUCAS_UL/Cell:eNodeB Function Name=PI_UIO_ESTADIO_DEL_AUCAS_L, Local Cell ID=2, Cell Name=PI_UIO_ESTADIO_DEL_AUCAS_2, eNodeB ID=44232, Cell FDD TDD indication=CELL_FDD",Reliable,1411.991,205.543
2026-04-10 22:00,60,"PI_UIO_ESTADIO_DEL_AUCAS_UL/Cell:eNodeB Function Name=PI_UIO_ESTADIO_DEL_AUCAS_L, Local Cell ID=3, Cell Name=PI_UIO_ESTADIO_DEL_AUCAS_3, eNodeB ID=44232, Cell FDD TDD indication=CELL_FDD",Reliable,1315.069,250.458
2026-04-10 22:00,60,"PI_UIO_ESTADIO_DEL_AUCAS_UL/Cell:eNodeB Function Name=PI_UIO_ESTADIO_DEL_AUCAS_L, Local Cell ID=11, Cell Name=PI_UIO_ESTADIO_DEL_AUCAS_11, eNodeB ID=44232, Cell FDD TDD indication=CELL_FDD",Reliable,30.708,3.495
2026-04-10 22:00,60,"PI_UIO_ESTADIO_DEL_AUCAS_UL/Cell:eNodeB Function Name=PI_UIO_ESTADIO_DEL_AUCAS_L, Local Cell ID=12, Cell Name=PI_UIO_ESTADIO_DEL_AUCAS_12, eNodeB ID=44232, Cell FDD TDD indication=CELL_FDD",Reliable,49.638,7.207
2026-04-10 22:00,60,"PI_UIO_ESTADIO_DEL_AUCAS_UL/Cell:eNodeB Function Name=PI_UIO_ESTADIO_DEL_AUCAS_L, Local Cell ID=13, Cell Name=PI_UIO_ESTADIO_DEL_AUCAS_13, eNodeB ID=44232, Cell FDD TDD indication=CELL_FDD",Reliable,23.78,27.628
2026-04-10 22:00,60,"PI_UIO_PIFO_UL/Cell:eNodeB Function Name=PIC_UIO_PIFO_L, Local Cell ID=1, Cell Name=PIC_UIO_PIFO_L21_1, eNodeB ID=44057, Cell FDD TDD indication=CELL_FDD",Reliable,2952.392,302.068
2026-04-10 22:00,60,"PI_UIO_PIFO_UL/Cell:eNodeB Function Name=PIC_UIO_PIFO_L, Local Cell ID=2, Cell Name=PIC_UIO_PIFO_L21_2, eNodeB ID=44057, Cell FDD TDD indication=CELL_FDD",Reliable,1991.259,288.299
2026-04-10 22:00,60,"PI_UIO_PIFO_UL/Cell:eNodeB Function Name=PIC_UIO_PIFO_L, Local Cell ID=3, Cell Name=PIC_UIO_PIFO_L21_3, eNodeB ID=44057, Cell FDD TDD indication=CELL_FDD",Reliable,1655.726,115.051
2026-04-10 22:00,60,"PI_UIO_EL_PORVENIR_UL/Cell:eNodeB Function Name=PI_UIO_EL_PORVENIRL21, Local Cell ID=1, Cell Name=PI_UIO_EL_PORVENIR_1, eNodeB ID=44120, Cell FDD TDD indication=CELL_FDD",Reliable,1962.614,223.272
2026-04-10 22:00,60,"PI_UIO_EL_PORVENIR_UL/Cell:eNodeB Function Name=PI_UIO_EL_PORVENIRL21, Local Cell ID=2, Cell Name=PI_UIO_EL_PORVENIR_2, eNodeB ID=44120, Cell FDD TDD indication=CELL_FDD",Reliable,1303.579,115.049
2026-04-10 22:00,60,"PI_UIO_ONTANEDA_UL/Cell:eNodeB Function Name=PI_UIO_ONTANEDAL21, Local Cell ID=1, Cell Name=PIC_UIO_ONTANEDA_L21_1, eNodeB ID=44228, Cell FDD TDD indication=CELL_FDD",Reliable,744.16,85.133
2026-04-10 22:00,60,"PI_UIO_ONTANEDA_UL/Cell:eNodeB Function Name=PI_UIO_ONTANEDAL21, Local Cell ID=2, Cell Name=PIC_UIO_ONTANEDA_L21_2, eNodeB ID=44228, Cell FDD TDD indication=CELL_FDD",Reliable,162.539,34.805
2026-04-10 22:00,60,"PI_UIO_ONTANEDA_UL/Cell:eNodeB Function Name=PI_UIO_ONTANEDAL21, Local Cell ID=3, Cell Name=PIC_UIO_ONTANEDA_L21_3, eNodeB ID=44228, Cell FDD TDD indication=CELL_FDD",Reliable,674.315,45.885
2026-04-10 22:00,60,"ES_ESM_ALMENDROS_UL/Cell:eNodeB Function Name=ES_ESM_ALMENDROSL21, Local Cell ID=1, Cell Name=ES_ESM_ALMENDROS_1, eNodeB ID=44616, Cell FDD TDD indication=CELL_FDD",Reliable,558.493,49.417
2026-04-10 22:00,60,"ES_ESM_ALMENDROS_UL/Cell:eNodeB Function Name=ES_ESM_ALMENDROSL21, Local Cell ID=2, Cell Name=ES_ESM_ALMENDROS_2, eNodeB ID=44616, Cell FDD TDD indication=CELL_FDD",Reliable,543.613,33.31
2026-04-10 22:00,60,"ES_ESM_ALMENDROS_UL/Cell:eNodeB Function Name=ES_ESM_ALMENDROSL21, Local Cell ID=3, Cell Name=ES_ESM_ALMENDROS_3, eNodeB ID=44616, Cell FDD TDD indication=CELL_FDD",Reliable,1582.471,558.7
2026-04-10 22:00,60,"ES_ATA_TON_PLAYA_ALMENDRO_UL/Cell:eNodeB Function Name=ES_ATA_TON_PLAYA_ALMENDROL21, Local Cell ID=1, Cell Name=ES_ATA_TON_PLAYA_ALMENDRO_1, eNodeB ID=44913, Cell FDD TDD indication=CELL_FDD",Reliable,32.927,2.559
2026-04-10 22:00,60,"ES_ATA_TON_PLAYA_ALMENDRO_UL/Cell:eNodeB Function Name=ES_ATA_TON_PLAYA_ALMENDROL21, Local Cell ID=2, Cell Name=ES_ATA_TON_PLAYA_ALMENDRO_2, eNodeB ID=44913, Cell FDD TDD indication=CELL_FDD",Reliable,237.689,21.952
2026-04-10 22:00,60,"ES_ATA_TON_PLAYA_ALMENDRO_UL/Cell:eNodeB Function Name=ES_ATA_TON_PLAYA_ALMENDROL21, Local Cell ID=3, Cell Name=ES_ATA_TON_PLAYA_ALMENDRO_3, eNodeB ID=44913, Cell FDD TDD indication=CELL_FDD",Reliable,1378.112,90.206
2026-04-10 22:00,60,"ES_ATA_TON_PLAYA_ALMENDRO_UL/Cell:eNodeB Function Name=ES_ATA_TON_PLAYA_ALMENDROL21, Local Cell ID=7, Cell Name=ES_ATA_TON_PLAYA_ALMENDRO_APT_7, eNodeB ID=44913, Cell FDD TDD indication=CELL_FDD",Reliable,18.736,7.463
2026-04-10 22:00,60,"ES_ATA_TON_PLAYA_ALMENDRO_UL/Cell:eNodeB Function Name=ES_ATA_TON_PLAYA_ALMENDROL21, Local Cell ID=8, Cell Name=ES_ATA_TON_PLAYA_ALMENDRO_APT_8, eNodeB ID=44913, Cell FDD TDD indication=CELL_FDD",Reliable,738.196,56.912
2026-04-10 22:00,60,"ES_ATA_TON_PLAYA_ALMENDRO_UL/Cell:eNodeB Function Name=ES_ATA_TON_PLAYA_ALMENDROL21, Local Cell ID=9, Cell Name=ES_ATA_TON_PLAYA_ALMENDRO_APT_9, eNodeB ID=44913, Cell FDD TDD indication=CELL_FDD",Reliable,2071.045,1772.424
2026-04-10 22:00,60,"PI_UIO_NODO_4_PINTADO_3_UL/Cell:eNodeB Function Name=PIC_UIO_NODO_4_PINTADO_3_L, Local Cell ID=1, Cell Name=PIC_UIO_NODO_4_PINTADO_3_L21_1, eNodeB ID=44253, Cell FDD TDD indication=CELL_FDD",Reliable,1977.63,81.452
2026-04-10 22:00,60,"PI_UIO_NODO_4_PINTADO_3_UL/Cell:eNodeB Function Name=PIC_UIO_NODO_4_PINTADO_3_L, Local Cell ID=2, Cell Name=PIC_UIO_NODO_4_PINTADO_3_L21_2, eNodeB ID=44253, Cell FDD TDD indication=CELL_FDD",Reliable,971.838,59.859
2026-04-10 22:00,60,"PI_UIO_NODO_4_PINTADO_3_UL/Cell:eNodeB Function Name=PIC_UIO_NODO_4_PINTADO_3_L, Local Cell ID=3, Cell Name=PIC_UIO_NODO_4_PINTADO_3_L21_3, eNodeB ID=44253, Cell FDD TDD indication=CELL_FDD",Reliable,853.188,73.758
2026-04-10 22:00,60,"TU_AMB_AMERICAN_PARK_UL/Cell:eNodeB Function Name=TU_AMB_AMERICAN_PARKL21, Local Cell ID=1, Cell Name=TU_AMB_AMERICAN_PARK_1, eNodeB ID=44472, Cell FDD TDD indication=CELL_FDD",Reliable,2664.229,212.251
2026-04-10 22:00,60,"TU_AMB_AMERICAN_PARK_UL/Cell:eNodeB Function Name=TU_AMB_AMERICAN_PARKL21, Local Cell ID=2, Cell Name=TU_AMB_AMERICAN_PARK_2, eNodeB ID=44472, Cell FDD TDD indication=CELL_FDD",Reliable,2523.771,487.93
2026-04-10 22:00,60,"TU_AMB_AMERICAN_PARK_UL/Cell:eNodeB Function Name=TU_AMB_AMERICAN_PARKL21, Local Cell ID=3, Cell Name=TU_AMB_AMERICAN_PARK_3, eNodeB ID=44472, Cell FDD TDD indication=CELL_FDD",Reliable,450.375,82.17
2026-04-10 22:00,60,"PI_UIO_LA_FLORESTA_UL/Cell:eNodeB Function Name=PI_UIO_LA_FLORESTA_L, Local Cell ID=1, Cell Name=PI_UIO_LA_FLORESTA_1, eNodeB ID=44336, Cell FDD TDD indication=CELL_FDD",Reliable,1167.291,91.615
2026-04-10 22:00,60,"PI_UIO_LA_FLORESTA_UL/Cell:eNodeB Function Name=PI_UIO_LA_FLORESTA_L, Local Cell ID=2, Cell Name=PI_UIO_LA_FLORESTA_2, eNodeB ID=44336, Cell FDD TDD indication=CELL_FDD",Reliable,150.793,20.018
2026-04-10 22:00,60,"PI_UIO_LA_FLORESTA_UL/Cell:eNodeB Function Name=PI_UIO_LA_FLORESTA_L, Local Cell ID=3, Cell Name=PI_UIO_LA_FLORESTA_3, eNodeB ID=44336, Cell FDD TDD indication=CELL_FDD",Reliable,1586.605,148.064
2026-04-10 22:00,60,"PI_UIO_LA_FLORESTA_UL/Cell:eNodeB Function Name=PI_UIO_LA_FLORESTA_L, Local Cell ID=11, Cell Name=PI_UIO_LA_FLORESTA_11, eNodeB ID=44336, Cell FDD TDD indication=CELL_FDD",Reliable,423.538,26.812
2026-04-10 22:00,60,"PI_UIO_LA_FLORESTA_UL/Cell:eNodeB Function Name=PI_UIO_LA_FLORESTA_L, Local Cell ID=12, Cell Name=PI_UIO_LA_FLORESTA_12, eNodeB ID=44336, Cell FDD TDD indication=CELL_FDD",Reliable,149.478,9.35
2026-04-10 22:00,60,"PI_UIO_LA_FLORESTA_UL/Cell:eNodeB Function Name=PI_UIO_LA_FLORESTA_L, Local Cell ID=13, Cell Name=PI_UIO_LA_FLORESTA_13, eNodeB ID=44336, Cell FDD TDD indication=CELL_FDD",Reliable,272.341,26.268
2026-04-10 22:00,60,"PI_UIO_TEODORO_SALEM_UL/Cell:eNodeB Function Name=PI_UIO_TEODORO_SALEML21, Local Cell ID=1, Cell Name=PI_UIO_TEODORO_SALEM_1, eNodeB ID=44312, Cell FDD TDD indication=CELL_FDD",Reliable,387.308,48.072
2026-04-10 22:00,60,"PI_UIO_TEODORO_SALEM_UL/Cell:eNodeB Function Name=PI_UIO_TEODORO_SALEML21, Local Cell ID=2, Cell Name=PI_UIO_TEODORO_SALEM_2, eNodeB ID=44312, Cell FDD TDD indication=CELL_FDD",Reliable,478.301,59.982
2026-04-10 22:00,60,"PI_UIO_TEODORO_SALEM_UL/Cell:eNodeB Function Name=PI_UIO_TEODORO_SALEML21, Local Cell ID=3, Cell Name=PI_UIO_TEODORO_SALEM_3, eNodeB ID=44312, Cell FDD TDD indication=CELL_FDD",Reliable,531.682,88.439
2026-04-10 22:00,60,"PIC_UIO_SANGOLQUI_CNT_UL/Cell:eNodeB Function Name=PIC_UIO_SANGOLQUI_CNT_L, Local Cell ID=1, Cell Name=PIC_UIO_SANGOLQUI_CNT_L21_1, eNodeB ID=44018, Cell FDD TDD indication=CELL_FDD",Reliable,2053.56,224.137
2026-04-10 22:00,60,"PIC_UIO_SANGOLQUI_CNT_UL/Cell:eNodeB Function Name=PIC_UIO_SANGOLQUI_CNT_L, Local Cell ID=2, Cell Name=PIC_UIO_SANGOLQUI_CNT_L21_2, eNodeB ID=44018, Cell FDD TDD indication=CELL_FDD",Reliable,1001.087,82.048
2026-04-10 22:00,60,"PIC_UIO_SANGOLQUI_CNT_UL/Cell:eNodeB Function Name=PIC_UIO_SANGOLQUI_CNT_L, Local Cell ID=3, Cell Name=PIC_UIO_SANGOLQUI_CNT_L21_3, eNodeB ID=44018, Cell FDD TDD indication=CELL_FDD",Reliable,3484,178.543
2026-04-10 22:00,60,"PIC_UIO_SANGOLQUI_CNT_UL/Cell:eNodeB Function Name=PIC_UIO_SANGOLQUI_CNT_L, Local Cell ID=7, Cell Name=PIC_UIO_SANGOLQUI_CNT_L7_7, eNodeB ID=44018, Cell FDD TDD indication=CELL_FDD",Reliable,4564.498,196.248
2026-04-10 22:00,60,"PIC_UIO_SANGOLQUI_CNT_UL/Cell:eNodeB Function Name=PIC_UIO_SANGOLQUI_CNT_L, Local Cell ID=8, Cell Name=PIC_UIO_SANGOLQUI_CNT_L7_8, eNodeB ID=44018, Cell FDD TDD indication=CELL_FDD",Reliable,1094.297,108.472
2026-04-10 22:00,60,"PIC_UIO_SANGOLQUI_CNT_UL/Cell:eNodeB Function Name=PIC_UIO_SANGOLQUI_CNT_L, Local Cell ID=9, Cell Name=PIC_UIO_SANGOLQUI_CNT_L7_9, eNodeB ID=44018, Cell FDD TDD indication=CELL_FDD",Reliable,2354.303,184.113
2026-04-10 22:00,60,"PIC_UIO_SANGOLQUI_CNT_UL/Cell:eNodeB Function Name=PIC_UIO_SANGOLQUI_CNT_L, Local Cell ID=11, Cell Name=PIC_UIO_SANGOLQUI_CNT_L19_11, eNodeB ID=44018, Cell FDD TDD indication=CELL_FDD",Reliable,2049.195,177.193
2026-04-10 22:00,60,"PIC_UIO_SANGOLQUI_CNT_UL/Cell:eNodeB Function Name=PIC_UIO_SANGOLQUI_CNT_L, Local Cell ID=12, Cell Name=PIC_UIO_SANGOLQUI_CNT_L19_12, eNodeB ID=44018, Cell FDD TDD indication=CELL_FDD",Reliable,856.393,99.075
2026-04-10 22:00,60,"PIC_UIO_SANGOLQUI_CNT_UL/Cell:eNodeB Function Name=PIC_UIO_SANGOLQUI_CNT_L, Local Cell ID=13, Cell Name=PIC_UIO_SANGOLQUI_CNT_L19_13, eNodeB ID=44018, Cell FDD TDD indication=CELL_FDD",Reliable,1847.414,174.654
2026-04-10 22:00,60,"TU_AMB_ESFORCE_TRR_UL/Cell:eNodeB Function Name=TU_AMB_ESFORCE_TRRL21, Local Cell ID=1, Cell Name=TU_AMB_ESFORCE_TRR_1, eNodeB ID=44806, Cell FDD TDD indication=CELL_FDD",Reliable,6288.881,1089.559
2026-04-10 22:00,60,"TU_AMB_ESFORCE_TRR_UL/Cell:eNodeB Function Name=TU_AMB_ESFORCE_TRRL21, Local Cell ID=2, Cell Name=TU_AMB_ESFORCE_TRR_2, eNodeB ID=44806, Cell FDD TDD indication=CELL_FDD",Reliable,2944.18,349.207
2026-04-10 22:00,60,"TU_AMB_ESFORCE_TRR_UL/Cell:eNodeB Function Name=TU_AMB_ESFORCE_TRRL21, Local Cell ID=3, Cell Name=TU_AMB_ESFORCE_TRR_3, eNodeB ID=44806, Cell FDD TDD indication=CELL_FDD",Reliable,160.728,128.274
2026-04-10 22:00,60,"COT_LAT_LATACUNGA_NORTE_UL/Cell:eNodeB Function Name=COT_LAT_LATACUNGA_NORTE_L, Local Cell ID=1, Cell Name=CO_LAT_LATACUNGA_NORTE_1, eNodeB ID=44692, Cell FDD TDD indication=CELL_FDD",Reliable,157.934,16.793
2026-04-10 22:00,60,"COT_LAT_LATACUNGA_NORTE_UL/Cell:eNodeB Function Name=COT_LAT_LATACUNGA_NORTE_L, Local Cell ID=2, Cell Name=CO_LAT_LATACUNGA_NORTE_2, eNodeB ID=44692, Cell FDD TDD indication=CELL_FDD",Reliable,343.124,34.764
2026-04-10 22:00,60,"COT_LAT_LATACUNGA_NORTE_UL/Cell:eNodeB Function Name=COT_LAT_LATACUNGA_NORTE_L, Local Cell ID=3, Cell Name=CO_LAT_LATACUNGA_NORTE_3, eNodeB ID=44692, Cell FDD TDD indication=CELL_FDD",Reliable,182.465,16.711
2026-04-10 22:00,60,"COT_LAT_IESS_UL/Cell:eNodeB Function Name=COT_LAT_IESS_L, Local Cell ID=1, Cell Name=CO_LAT_IESS_1, eNodeB ID=44690, Cell FDD TDD indication=CELL_FDD",Unreliable,2638.64,197.217
2026-04-10 22:00,60,"COT_LAT_IESS_UL/Cell:eNodeB Function Name=COT_LAT_IESS_L, Local Cell ID=2, Cell Name=CO_LAT_IESS_2, eNodeB ID=44690, Cell FDD TDD indication=CELL_FDD",Unreliable,2884.609,252.802
2026-04-10 22:00,60,"COT_LAT_IESS_UL/Cell:eNodeB Function Name=COT_LAT_IESS_L, Local Cell ID=3, Cell Name=CO_LAT_IESS_3, eNodeB ID=44690, Cell FDD TDD indication=CELL_FDD",Unreliable,6219.051,768.813
2026-04-10 22:00,60,"COT_LAT_LATACUNGA(3G)_UL/Cell:eNodeB Function Name=COT_LAT_LATACUNGA(3G)_L, Local Cell ID=1, Cell Name=CO_LAT_LATACUNGA(3G)_1, eNodeB ID=44661, Cell FDD TDD indication=CELL_FDD",Reliable,4904.741,402.256
2026-04-10 22:00,60,"COT_LAT_LATACUNGA(3G)_UL/Cell:eNodeB Function Name=COT_LAT_LATACUNGA(3G)_L, Local Cell ID=2, Cell Name=CO_LAT_LATACUNGA(3G)_2, eNodeB ID=44661, Cell FDD TDD indication=CELL_FDD",Reliable,1948.753,158.833
2026-04-10 22:00,60,"COT_LAT_LATACUNGA(3G)_UL/Cell:eNodeB Function Name=COT_LAT_LATACUNGA(3G)_L, Local Cell ID=3, Cell Name=CO_LAT_LATACUNGA(3G)_3, eNodeB ID=44661, Cell FDD TDD indication=CELL_FDD",Reliable,842.612,64.291
2026-04-10 22:00,60,"COT_LAT_LATACUNGA(3G)_UL/Cell:eNodeB Function Name=COT_LAT_LATACUNGA(3G)_L, Local Cell ID=7, Cell Name=CO_LAT_LATACUNGA(3G)_APT_7, eNodeB ID=44661, Cell FDD TDD indication=CELL_FDD",Reliable,1598.813,169.594
2026-04-10 22:00,60,"COT_LAT_LATACUNGA(3G)_UL/Cell:eNodeB Function Name=COT_LAT_LATACUNGA(3G)_L, Local Cell ID=8, Cell Name=CO_LAT_LATACUNGA(3G)_APT_8, eNodeB ID=44661, Cell FDD TDD indication=CELL_FDD",Reliable,2453.811,193.773
2026-04-10 22:00,60,"COT_LAT_LATACUNGA(3G)_UL/Cell:eNodeB Function Name=COT_LAT_LATACUNGA(3G)_L, Local Cell ID=9, Cell Name=CO_LAT_LATACUNGA(3G)_APT_9, eNodeB ID=44661, Cell FDD TDD indication=CELL_FDD",Reliable,2620.795,704.453
2026-04-10 22:00,60,"COT_LAT_AEROPUERTO_UL/Cell:eNodeB Function Name=COT_LAT_AEROPUERTO_L, Local Cell ID=1, Cell Name=CO_LAT_AEROPUERTO_1, eNodeB ID=44664, Cell FDD TDD indication=CELL_FDD",Reliable,3005.359,203.632
2026-04-10 22:00,60,"COT_LAT_AEROPUERTO_UL/Cell:eNodeB Function Name=COT_LAT_AEROPUERTO_L, Local Cell ID=2, Cell Name=CO_LAT_AEROPUERTO_2, eNodeB ID=44664, Cell FDD TDD indication=CELL_FDD",Reliable,668.713,51.865
2026-04-10 22:00,60,"COT_LAT_AEROPUERTO_UL/Cell:eNodeB Function Name=COT_LAT_AEROPUERTO_L, Local Cell ID=3, Cell Name=CO_LAT_AEROPUERTO_3, eNodeB ID=44664, Cell FDD TDD indication=CELL_FDD",Reliable,1782.222,129.85
2026-04-10 22:00,60,"COT_LAT_AEROPUERTO_UL/Cell:eNodeB Function Name=COT_LAT_AEROPUERTO_L, Local Cell ID=7, Cell Name=CO_LAT_AEROPUERTO_APT_7, eNodeB ID=44664, Cell FDD TDD indication=CELL_FDD",Reliable,1910.175,156.609
2026-04-10 22:00,60,"COT_LAT_AEROPUERTO_UL/Cell:eNodeB Function Name=COT_LAT_AEROPUERTO_L, Local Cell ID=8, Cell Name=CO_LAT_AEROPUERTO_APT_8, eNodeB ID=44664, Cell FDD TDD indication=CELL_FDD",Reliable,1364.085,200.187
2026-04-10 22:00,60,"COT_LAT_AEROPUERTO_UL/Cell:eNodeB Function Name=COT_LAT_AEROPUERTO_L, Local Cell ID=9, Cell Name=CO_LAT_AEROPUERTO_APT_9, eNodeB ID=44664, Cell FDD TDD indication=CELL_FDD",Reliable,2148.961,174.154
2026-04-10 22:00,60,"PI_UIO_CLINICA_SAN_RAFAEL_TRR_UL/Cell:eNodeB Function Name=PIC_UIO_CLINICA_SAN_RAFAEL_TRR_L, Local Cell ID=1, Cell Name=PIC_UIO_CLINICA_SAN_RAFAEL_TRR_L21_1, eNodeB ID=44807, Cell FDD TDD indication=CELL_FDD",Reliable,1655.569,194.703
2026-04-10 22:00,60,"PI_UIO_CLINICA_SAN_RAFAEL_TRR_UL/Cell:eNodeB Function Name=PIC_UIO_CLINICA_SAN_RAFAEL_TRR_L, Local Cell ID=2, Cell Name=PIC_UIO_CLINICA_SAN_RAFAEL_TRR_L21_2, eNodeB ID=44807, Cell FDD TDD indication=CELL_FDD",Reliable,789.326,65.449
2026-04-10 22:00,60,"PI_UIO_CLINICA_SAN_RAFAEL_TRR_UL/Cell:eNodeB Function Name=PIC_UIO_CLINICA_SAN_RAFAEL_TRR_L, Local Cell ID=3, Cell Name=PIC_UIO_CLINICA_SAN_RAFAEL_TRR_L21_3, eNodeB ID=44807, Cell FDD TDD indication=CELL_FDD",Reliable,1086.717,123.442
2026-04-10 22:00,60,"PI_UIO_SERAPIO_JAPERABI_UL/Cell:eNodeB Function Name=PI_UIO_SERAPIO_JAPERABIL21, Local Cell ID=1, Cell Name=PI_UIO_SERAPIO_JAPERABI_1, eNodeB ID=44243, Cell FDD TDD indication=CELL_FDD",Reliable,480.449,64.494
2026-04-10 22:00,60,"PI_UIO_SERAPIO_JAPERABI_UL/Cell:eNodeB Function Name=PI_UIO_SERAPIO_JAPERABIL21, Local Cell ID=2, Cell Name=PI_UIO_SERAPIO_JAPERABI_2, eNodeB ID=44243, Cell FDD TDD indication=CELL_FDD",Reliable,574.444,61.509
2026-04-10 22:00,60,"PI_UIO_SERAPIO_JAPERABI_UL/Cell:eNodeB Function Name=PI_UIO_SERAPIO_JAPERABIL21, Local Cell ID=3, Cell Name=PI_UIO_SERAPIO_JAPERABI_3, eNodeB ID=44243, Cell FDD TDD indication=CELL_FDD",Reliable,66.49,6.201
2026-04-10 22:00,60,"PI_UIO_LA_TOLA_BAJA_UL/Cell:eNodeB Function Name=PI_UIO_LA_TOLA_BAJAL21, Local Cell ID=1, Cell Name=PI_UIO_LA_TOLA_BAJA_1, eNodeB ID=44147, Cell FDD TDD indication=CELL_FDD",Reliable,1015.122,75.112
2026-04-10 22:00,60,"PI_UIO_LA_TOLA_BAJA_UL/Cell:eNodeB Function Name=PI_UIO_LA_TOLA_BAJAL21, Local Cell ID=2, Cell Name=PI_UIO_LA_TOLA_BAJA_2, eNodeB ID=44147, Cell FDD TDD indication=CELL_FDD",Reliable,175.573,18.817
2026-04-10 22:00,60,"PI_UIO_LA_TOLA_BAJA_UL/Cell:eNodeB Function Name=PI_UIO_LA_TOLA_BAJAL21, Local Cell ID=3, Cell Name=PI_UIO_LA_TOLA_BAJA_3, eNodeB ID=44147, Cell FDD TDD indication=CELL_FDD",Reliable,306.892,22.818
2026-04-10 22:00,60,"PI_UIO_LA_TOLA_BAJA_UL/Cell:eNodeB Function Name=PI_UIO_LA_TOLA_BAJAL21, Local Cell ID=7, Cell Name=PI_UIO_LA_TOLA_BAJA_APT_7, eNodeB ID=44147, Cell FDD TDD indication=CELL_FDD",Reliable,454.412,189.515
2026-04-10 22:00,60,"PI_UIO_LA_TOLA_BAJA_UL/Cell:eNodeB Function Name=PI_UIO_LA_TOLA_BAJAL21, Local Cell ID=8, Cell Name=PI_UIO_LA_TOLA_BAJA_APT_8, eNodeB ID=44147, Cell FDD TDD indication=CELL_FDD",Reliable,736.632,150.123
2026-04-10 22:00,60,"PI_UIO_LA_TOLA_BAJA_UL/Cell:eNodeB Function Name=PI_UIO_LA_TOLA_BAJAL21, Local Cell ID=9, Cell Name=PI_UIO_LA_TOLA_BAJA_APT_9, eNodeB ID=44147, Cell FDD TDD indication=CELL_FDD",Reliable,863.947,62.92
2026-04-10 22:00,60,"SD_SD_NODO_1_STD4(VIA_QUEVEDO)_UL/Cell:eNodeB Function Name=SD_SD_NODO_1_STD4(VIA_QUEVEDO)L21, Local Cell ID=1, Cell Name=SD_SD_NODO_1_STD4(VIA_QUEVEDO)_1, eNodeB ID=44784, Cell FDD TDD indication=CELL_FDD",Reliable,386.528,46.105
2026-04-10 22:00,60,"SD_SD_NODO_1_STD4(VIA_QUEVEDO)_UL/Cell:eNodeB Function Name=SD_SD_NODO_1_STD4(VIA_QUEVEDO)L21, Local Cell ID=2, Cell Name=SD_SD_NODO_1_STD4(VIA_QUEVEDO)_2, eNodeB ID=44784, Cell FDD TDD indication=CELL_FDD",Reliable,178.485,37.181
2026-04-10 22:00,60,"SD_SD_NODO_1_STD4(VIA_QUEVEDO)_UL/Cell:eNodeB Function Name=SD_SD_NODO_1_STD4(VIA_QUEVEDO)L21, Local Cell ID=3, Cell Name=SD_SD_NODO_1_STD4(VIA_QUEVEDO)_3, eNodeB ID=44784, Cell FDD TDD indication=CELL_FDD",Reliable,391.166,35.973
2026-04-10 22:00,60,"SD_SD_NODO_1_STD4(VIA_QUEVEDO)_UL/Cell:eNodeB Function Name=SD_SD_NODO_1_STD4(VIA_QUEVEDO)L21, Local Cell ID=7, Cell Name=SD_SD_NODO_1_STD4(VIA_QUEVEDO)_APT_7, eNodeB ID=44784, Cell FDD TDD indication=CELL_FDD",Reliable,672.026,82.167
2026-04-10 22:00,60,"SD_SD_NODO_1_STD4(VIA_QUEVEDO)_UL/Cell:eNodeB Function Name=SD_SD_NODO_1_STD4(VIA_QUEVEDO)L21, Local Cell ID=8, Cell Name=SD_SD_NODO_1_STD4(VIA_QUEVEDO)_APT_8, eNodeB ID=44784, Cell FDD TDD indication=CELL_FDD",Reliable,315.647,76.786
2026-04-10 22:00,60,"SD_SD_NODO_1_STD4(VIA_QUEVEDO)_UL/Cell:eNodeB Function Name=SD_SD_NODO_1_STD4(VIA_QUEVEDO)L21, Local Cell ID=9, Cell Name=SD_SD_NODO_1_STD4(VIA_QUEVEDO)_APT_9, eNodeB ID=44784, Cell FDD TDD indication=CELL_FDD",Reliable,2102.739,299.166
2026-04-10 22:00,60,"SD_SD_NODO_1_STD4(COCA_COLA)_UL/Cell:eNodeB Function Name=SD_SD_NODO_1_STD4(COCA_COLA)L21, Local Cell ID=1, Cell Name=SD_SD_NODO_1_STD4(COCA_COLA)_1, eNodeB ID=44783, Cell FDD TDD indication=CELL_FDD",Reliable,1189.418,82.835
2026-04-10 22:00,60,"SD_SD_NODO_1_STD4(COCA_COLA)_UL/Cell:eNodeB Function Name=SD_SD_NODO_1_STD4(COCA_COLA)L21, Local Cell ID=2, Cell Name=SD_SD_NODO_1_STD4(COCA_COLA)_2, eNodeB ID=44783, Cell FDD TDD indication=CELL_FDD",Reliable,704.015,44.02
2026-04-10 22:00,60,"SD_SD_NODO_1_STD4(COCA_COLA)_UL/Cell:eNodeB Function Name=SD_SD_NODO_1_STD4(COCA_COLA)L21, Local Cell ID=3, Cell Name=SD_SD_NODO_1_STD4(COCA_COLA)_3, eNodeB ID=44783, Cell FDD TDD indication=CELL_FDD",Reliable,106.325,24.155
2026-04-10 22:00,60,"COT_LAT_U_TECNICA_UL/Cell:eNodeB Function Name=COT_LAT_U_TECNICA_L, Local Cell ID=1, Cell Name=CO_LAT_U_TECNICA_1, eNodeB ID=44693, Cell FDD TDD indication=CELL_FDD",Reliable,3019.205,460.113
2026-04-10 22:00,60,"COT_LAT_U_TECNICA_UL/Cell:eNodeB Function Name=COT_LAT_U_TECNICA_L, Local Cell ID=2, Cell Name=CO_LAT_U_TECNICA_2, eNodeB ID=44693, Cell FDD TDD indication=CELL_FDD",Reliable,636.431,48.672
2026-04-10 22:00,60,"COT_LAT_U_TECNICA_UL/Cell:eNodeB Function Name=COT_LAT_U_TECNICA_L, Local Cell ID=3, Cell Name=CO_LAT_U_TECNICA_3, eNodeB ID=44693, Cell FDD TDD indication=CELL_FDD",Reliable,1158.204,125.726
2026-04-10 22:00,60,"PI_UIO_SELVA_ALEGRE(3G)_UL/Cell:eNodeB Function Name=PI_UIO_SELVA_ALEGRE(3G)L21, Local Cell ID=1, Cell Name=PI_UIO_SELVA_ALEGRE(3G)_1, eNodeB ID=44277, Cell FDD TDD indication=CELL_FDD",Reliable,163.948,11.241
2026-04-10 22:00,60,"PI_UIO_SELVA_ALEGRE(3G)_UL/Cell:eNodeB Function Name=PI_UIO_SELVA_ALEGRE(3G)L21, Local Cell ID=2, Cell Name=PI_UIO_SELVA_ALEGRE(3G)_2, eNodeB ID=44277, Cell FDD TDD indication=CELL_FDD",Reliable,197.921,21.24
2026-04-10 22:00,60,"PI_UIO_SELVA_ALEGRE(3G)_UL/Cell:eNodeB Function Name=PI_UIO_SELVA_ALEGRE(3G)L21, Local Cell ID=3, Cell Name=PI_UIO_SELVA_ALEGRE(3G)_3, eNodeB ID=44277, Cell FDD TDD indication=CELL_FDD",Reliable,18.434,3.124
2026-04-10 22:00,60,"PIC_UIO_TUMBACO_ULN/Cell:eNodeB Function Name=PI_UIO_TUMBACOL21, Local Cell ID=1, Cell Name=PI_UIO_TUMBACO_1, eNodeB ID=44019, Cell FDD TDD indication=CELL_FDD",Reliable,978.175,75.011
2026-04-10 22:00,60,"PIC_UIO_TUMBACO_ULN/Cell:eNodeB Function Name=PI_UIO_TUMBACOL21, Local Cell ID=2, Cell Name=PI_UIO_TUMBACO_2, eNodeB ID=44019, Cell FDD TDD indication=CELL_FDD",Reliable,1384.774,79.319
2026-04-10 22:00,60,"PIC_UIO_TUMBACO_ULN/Cell:eNodeB Function Name=PI_UIO_TUMBACOL21, Local Cell ID=3, Cell Name=PI_UIO_TUMBACO_3, eNodeB ID=44019, Cell FDD TDD indication=CELL_FDD",Reliable,1760.487,93.536
2026-04-10 22:00,60,"PIC_UIO_TUMBACO_ULN/Cell:eNodeB Function Name=PI_UIO_TUMBACOL21, Local Cell ID=7, Cell Name=PI_UIO_TUMBACO_APT_7, eNodeB ID=44019, Cell FDD TDD indication=CELL_FDD",Reliable,2393.147,336.91
2026-04-10 22:00,60,"PIC_UIO_TUMBACO_ULN/Cell:eNodeB Function Name=PI_UIO_TUMBACOL21, Local Cell ID=8, Cell Name=PI_UIO_TUMBACO_APT_8, eNodeB ID=44019, Cell FDD TDD indication=CELL_FDD",Reliable,2130.719,204.877
2026-04-10 22:00,60,"PIC_UIO_TUMBACO_ULN/Cell:eNodeB Function Name=PI_UIO_TUMBACOL21, Local Cell ID=9, Cell Name=PI_UIO_TUMBACO_APT_9, eNodeB ID=44019, Cell FDD TDD indication=CELL_FDD",Reliable,3615.987,281.94
2026-04-10 22:00,60,"PIC_UIO_LA_CERAMICA_ULN/Cell:eNodeB Function Name=PI_UIO_LA_CERAMICAL21, Local Cell ID=1, Cell Name=PI_UIO_LA_CERAMICA_1, eNodeB ID=44378, Cell FDD TDD indication=CELL_FDD",Reliable,595.613,203.942
2026-04-10 22:00,60,"PIC_UIO_LA_CERAMICA_ULN/Cell:eNodeB Function Name=PI_UIO_LA_CERAMICAL21, Local Cell ID=2, Cell Name=PI_UIO_LA_CERAMICA_2, eNodeB ID=44378, Cell FDD TDD indication=CELL_FDD",Reliable,201.469,15.072
2026-04-10 22:00,60,"PIC_UIO_LA_CERAMICA_ULN/Cell:eNodeB Function Name=PI_UIO_LA_CERAMICAL21, Local Cell ID=3, Cell Name=PI_UIO_LA_CERAMICA_3, eNodeB ID=44378, Cell FDD TDD indication=CELL_FDD",Reliable,348.079,51.172
2026-04-10 22:00,60,"SMALL_UIO_REGISTRO_CIVILL21/Cell:eNodeB Function Name=SMALL_UIO_REGISTRO_CIVILL21, Local Cell ID=1, Cell Name=SMALL_UIO_REGISTRO_CIVIL_L21_1, eNodeB ID=43204, Cell FDD TDD indication=CELL_FDD",Reliable,6.097,4.81
2026-04-10 22:00,60,"SMALL_UIO_MADRIGALL21/Cell:eNodeB Function Name=SMALL_UIO_MADRIGALL21, Local Cell ID=1, Cell Name=SMALL_UIO_MADRIGAL_L21_1, eNodeB ID=43207, Cell FDD TDD indication=CELL_FDD",Reliable,171.805,10.037
2026-04-10 22:00,60,"SMALL_GYE_CENTRO_CIVICOL21/Cell:eNodeB Function Name=SMALL_GYE_CENTRO_CIVICOL21, Local Cell ID=1, Cell Name=SMALL_GYE_CENTRO_CIVICO_L21_1, eNodeB ID=43212, Cell FDD TDD indication=CELL_FDD",Reliable,1.018,0.522
2026-04-10 22:00,60,"SMALL_STD_BAHIAL21/Cell:eNodeB Function Name=SMALL_STD_BAHIAL21, Local Cell ID=1, Cell Name=SMALL_STD_BAHIA_L21_1, eNodeB ID=43224, Cell FDD TDD indication=CELL_FDD",Reliable,22.475,3.636
2026-04-10 22:00,60,"SMALL_BHY_ECU911L21/Cell:eNodeB Function Name=SMALL_BHY_ECU911L21, Local Cell ID=1, Cell Name=SMALL_BHY_ECU911_L21_1, eNodeB ID=43235, Cell FDD TDD indication=CELL_FDD",Reliable,816.568,47.516
2026-04-10 22:00,60,"SMALL_PTVJO_ECU_911L21/Cell:eNodeB Function Name=SMALL_PTVJO_ECU_911L21, Local Cell ID=1, Cell Name=SMALL_PTVJO_ECU_911_L21_1, eNodeB ID=43225, Cell FDD TDD indication=CELL_FDD",Reliable,0,0.001
2026-04-10 22:00,60,"SMALL_RIO_EMPRESA_ELECTRICAL21/Cell:eNodeB Function Name=SMALL_RIO_EMPRESA_ELECTRICAL21, Local Cell ID=1, Cell Name=SMALL_RIO_EMPRESA_ELECTRICA_L21_1, eNodeB ID=43202, Cell FDD TDD indication=CELL_FDD",Reliable,0,0
2026-04-10 22:00,60,"SMALL_UIO_NAYONL21/Cell:eNodeB Function Name=SMALL_UIO_NAYONL21, Local Cell ID=1, Cell Name=SMALL_UIO_NAYON_L21_1, eNodeB ID=43232, Cell FDD TDD indication=CELL_FDD",Reliable,0.083,0.213
2026-04-10 22:00,60,"SMALL_CUE_MALL_DEL_RIO_L/Cell:eNodeB Function Name=SMALL_CUE_MALL_DEL_RIO_L, Local Cell ID=1, Cell Name=SMALL_CUE_MALL_RIO_L21_1, eNodeB ID=43231, Cell FDD TDD indication=CELL_FDD",Reliable,1.506,0.575
2026-04-10 22:00,60,"SMALL_GYE_ORO_VERDEL21/Cell:eNodeB Function Name=SMALL_GYE_ORO_VERDEL21, Local Cell ID=1, Cell Name=SMALL_GYE_ORO_VERDE_L21_1, eNodeB ID=43210, Cell FDD TDD indication=CELL_FDD",Reliable,0.105,0.074
2026-04-10 22:00,60,"SMALL_UIO_HILTON_COLONL21/Cell:eNodeB Function Name=SMALL_UIO_HILTON_COLONL21, Local Cell ID=1, Cell Name=SMALL_UIO_HILTON_COLON_L21_1, eNodeB ID=43217, Cell FDD TDD indication=CELL_FDD",Reliable,14.7,4.138
2026-04-10 22:00,60,"SMALL_UIO_DTA_CENTERL21/Cell:eNodeB Function Name=SMALL_UIO_DTA_CENTERL21, Local Cell ID=1, Cell Name=SMALL_UIO_DTA_CENTER_L21_1, eNodeB ID=43229, Cell FDD TDD indication=CELL_FDD",Reliable,0,0
2026-04-10 22:00,60,"SMALL_UIO_MARRIOTL21/Cell:eNodeB Function Name=SMALL_UIO_MARRIOTL21, Local Cell ID=1, Cell Name=SMALL_UIO_MARRIOT_L21_1, eNodeB ID=43206, Cell FDD TDD indication=CELL_FDD",Reliable,530.311,28.026
2026-04-10 22:00,60,"PIC_UIO_LAMP_PLATFINANCIERA2_UL/Cell:eNodeB Function Name=PIC_UIO_LAMP_PLATFINANCIERA2_L, Local Cell ID=5, Cell Name=LAMP_UIO_PLATFINANCIERA2_5, eNodeB ID=43242, Cell FDD TDD indication=CELL_FDD",Reliable,0.29,0.023
2026-04-10 22:00,60,"PIC_UIO_LAMP_PLATFINANCIERA2_UL/Cell:eNodeB Function Name=PIC_UIO_LAMP_PLATFINANCIERA2_L, Local Cell ID=4, Cell Name=LAMP_UIO_PLATFINANCIERA2_4, eNodeB ID=43242, Cell FDD TDD indication=CELL_FDD",Reliable,0.026,0.006
2026-04-10 22:00,60,"PIC_UIO_LAMP_PLATFINANCIERA2_UL/Cell:eNodeB Function Name=PIC_UIO_LAMP_PLATFINANCIERA2_L, Local Cell ID=3, Cell Name=LAMP_UIO_PLATFINANCIERA2_3, eNodeB ID=43242, Cell FDD TDD indication=CELL_FDD",Reliable,0.82,0.086
2026-04-10 22:00,60,"PIC_UIO_LAMP_PLATFINANCIERA2_UL/Cell:eNodeB Function Name=PIC_UIO_LAMP_PLATFINANCIERA2_L, Local Cell ID=2, Cell Name=LAMP_UIO_PLATFINANCIERA2_2, eNodeB ID=43242, Cell FDD TDD indication=CELL_FDD",Reliable,0.053,0.03
2026-04-10 22:00,60,"PIC_UIO_LAMP_PLATFINANCIERA2_UL/Cell:eNodeB Function Name=PIC_UIO_LAMP_PLATFINANCIERA2_L, Local Cell ID=1, Cell Name=LAMP_UIO_PLATFINANCIERA2_1, eNodeB ID=43242, Cell FDD TDD indication=CELL_FDD",Reliable,2.162,0.463
2026-04-10 22:00,60,"PIC_UIO_LAMP_PLATFINANCIERA3_UL/Cell:eNodeB Function Name=PIC_UIO_LAMP_PLATFINANCIERA3_L, Local Cell ID=6, Cell Name=LAMP_UIO_PLATFINANCIERA3_6, eNodeB ID=43243, Cell FDD TDD indication=CELL_FDD",Reliable,0.021,0.021
2026-04-10 22:00,60,"PIC_UIO_LAMP_PLATFINANCIERA3_UL/Cell:eNodeB Function Name=PIC_UIO_LAMP_PLATFINANCIERA3_L, Local Cell ID=5, Cell Name=LAMP_UIO_PLATFINANCIERA3_5, eNodeB ID=43243, Cell FDD TDD indication=CELL_FDD",Reliable,0,0
2026-04-10 22:00,60,"PIC_UIO_LAMP_PLATFINANCIERA3_UL/Cell:eNodeB Function Name=PIC_UIO_LAMP_PLATFINANCIERA3_L, Local Cell ID=4, Cell Name=LAMP_UIO_PLATFINANCIERA3_4, eNodeB ID=43243, Cell FDD TDD indication=CELL_FDD",Reliable,0.012,0.018
2026-04-10 22:00,60,"PIC_UIO_LAMP_PLATFINANCIERA3_UL/Cell:eNodeB Function Name=PIC_UIO_LAMP_PLATFINANCIERA3_L, Local Cell ID=3, Cell Name=LAMP_UIO_PLATFINANCIERA3_3, eNodeB ID=43243, Cell FDD TDD indication=CELL_FDD",Reliable,0.002,0.005
2026-04-10 22:00,60,"PIC_UIO_LAMP_PLATFINANCIERA3_UL/Cell:eNodeB Function Name=PIC_UIO_LAMP_PLATFINANCIERA3_L, Local Cell ID=2, Cell Name=LAMP_UIO_PLATFINANCIERA3_2, eNodeB ID=43243, Cell FDD TDD indication=CELL_FDD",Reliable,0,0
2026-04-10 22:00,60,"PIC_UIO_LAMP_PLATFINANCIERA3_UL/Cell:eNodeB Function Name=PIC_UIO_LAMP_PLATFINANCIERA3_L, Local Cell ID=1, Cell Name=LAMP_UIO_PLATFINANCIERA3_1, eNodeB ID=43243, Cell FDD TDD indication=CELL_FDD",Reliable,0.06,0.054
2026-04-10 22:00,60,"PIC_UIO_LAMP_PLATFINANCIERA1_UL/Cell:eNodeB Function Name=PIC_UIO_LAMP_PLATFINANCIERA1_L, Local Cell ID=7, Cell Name=LAMP_UIO_PLATFINANCIERA1_7, eNodeB ID=43241, Cell FDD TDD indication=CELL_FDD",Reliable,0.165,0.052
2026-04-10 22:00,60,"PIC_UIO_LAMP_PLATFINANCIERA1_UL/Cell:eNodeB Function Name=PIC_UIO_LAMP_PLATFINANCIERA1_L, Local Cell ID=6, Cell Name=LAMP_UIO_PLATFINANCIERA1_6, eNodeB ID=43241, Cell FDD TDD indication=CELL_FDD",Reliable,0,0
2026-04-10 22:00,60,"PIC_UIO_LAMP_PLATFINANCIERA1_UL/Cell:eNodeB Function Name=PIC_UIO_LAMP_PLATFINANCIERA1_L, Local Cell ID=5, Cell Name=LAMP_UIO_PLATFINANCIERA1_5, eNodeB ID=43241, Cell FDD TDD indication=CELL_FDD",Reliable,0.009,0.011
2026-04-10 22:00,60,"PIC_UIO_LAMP_PLATFINANCIERA1_UL/Cell:eNodeB Function Name=PIC_UIO_LAMP_PLATFINANCIERA1_L, Local Cell ID=4, Cell Name=LAMP_UIO_PLATFINANCIERA1_4, eNodeB ID=43241, Cell FDD TDD indication=CELL_FDD",Reliable,0.001,0.001
2026-04-10 22:00,60,"PIC_UIO_LAMP_PLATFINANCIERA1_UL/Cell:eNodeB Function Name=PIC_UIO_LAMP_PLATFINANCIERA1_L, Local Cell ID=3, Cell Name=LAMP_UIO_PLATFINANCIERA1_3, eNodeB ID=43241, Cell FDD TDD indication=CELL_FDD",Reliable,0,0
2026-04-10 22:00,60,"PIC_UIO_LAMP_PLATFINANCIERA1_UL/Cell:eNodeB Function Name=PIC_UIO_LAMP_PLATFINANCIERA1_L, Local Cell ID=2, Cell Name=LAMP_UIO_PLATFINANCIERA1_2, eNodeB ID=43241, Cell FDD TDD indication=CELL_FDD",Reliable,0.163,0.056
2026-04-10 22:00,60,"PIC_UIO_LAMP_PLATFINANCIERA1_UL/Cell:eNodeB Function Name=PIC_UIO_LAMP_PLATFINANCIERA1_L, Local Cell ID=1, Cell Name=LAMP_UIO_PLATFINANCIERA1_1, eNodeB ID=43241, Cell FDD TDD indication=CELL_FDD",Reliable,0,0
2026-04-10 22:00,60,"PIC_UIO_LAMP_PLATFINANCIERA_UL/Cell:eNodeB Function Name=PIC_UIO_LAMP_PLATFINANCIERA_L, Local Cell ID=2, Cell Name=PIC_UIO_LAMP_PLATFINANCIERA_L21_2, eNodeB ID=43240, Cell FDD TDD indication=CELL_FDD",Reliable,1.091,0.363
2026-04-10 22:00,60,"PIC_UIO_LAMP_PLATFINANCIERA_UL/Cell:eNodeB Function Name=PIC_UIO_LAMP_PLATFINANCIERA_L, Local Cell ID=1, Cell Name=PIC_UIO_LAMP_PLATFINANCIERA_L21_1, eNodeB ID=43240, Cell FDD TDD indication=CELL_FDD",Reliable,0,0
2026-04-10 22:00,60,"PIC_UIO_LAMP_PLATFINANCIERA_UL/Cell:eNodeB Function Name=PIC_UIO_LAMP_PLATFINANCIERA_L, Local Cell ID=5, Cell Name=PIC_UIO_LAMP_PLATFINANCIERA_L21_5, eNodeB ID=43240, Cell FDD TDD indication=CELL_FDD",Reliable,0,0
2026-04-10 22:00,60,"PIC_UIO_LAMP_PLATFINANCIERA_UL/Cell:eNodeB Function Name=PIC_UIO_LAMP_PLATFINANCIERA_L, Local Cell ID=4, Cell Name=PIC_UIO_LAMP_PLATFINANCIERA_L21_4, eNodeB ID=43240, Cell FDD TDD indication=CELL_FDD",Reliable,0.316,0.049
2026-04-10 22:00,60,"PIC_UIO_LAMP_PLATFINANCIERA_UL/Cell:eNodeB Function Name=PIC_UIO_LAMP_PLATFINANCIERA_L, Local Cell ID=3, Cell Name=PIC_UIO_LAMP_PLATFINANCIERA_L21_3, eNodeB ID=43240, Cell FDD TDD indication=CELL_FDD",Reliable,0.004,0.003
2026-04-10 22:00,60,"SMALL_UIO_SHERATONL21/Cell:eNodeB Function Name=SMALL_UIO_SHERATONL21, Local Cell ID=1, Cell Name=SMALL_UIO_SHERATON_L21_1, eNodeB ID=43233, Cell FDD TDD indication=CELL_FDD",Reliable,94.352,14.256
2026-04-10 22:00,60,"STD_STD_SMALLCELL_BATALLON_MONTUFAR_UL/Cell:eNodeB Function Name=STD_STD_SC_BATALLON_MONTUFAR_L, Local Cell ID=0, Cell Name=STD_STD_SMALLCELL_BATALLON_MONTUFAR_L21_1, eNodeB ID=43273, Cell FDD TDD indication=CELL_FDD",Reliable,3136.338,364.244
2026-04-10 22:00,60,"IMB_IBA_003_UL (IBA_ECU911)/Cell:eNodeB Function Name=IMB_IBA_003L21 (IBA_ECU911), Local Cell ID=1, Cell Name=IMB_IBA_003_1, eNodeB ID=43542, Cell FDD TDD indication=CELL_FDD",Reliable,1398.728,302.6
2026-04-10 22:00,60,"IMB_IBA_003_UL (IBA_ECU911)/Cell:eNodeB Function Name=IMB_IBA_003L21 (IBA_ECU911), Local Cell ID=2, Cell Name=IMB_IBA_003_2, eNodeB ID=43542, Cell FDD TDD indication=CELL_FDD",Reliable,397.235,39.524
2026-04-10 22:00,60,"IMB_IBA_003_UL (IBA_ECU911)/Cell:eNodeB Function Name=IMB_IBA_003L21 (IBA_ECU911), Local Cell ID=3, Cell Name=IMB_IBA_003_3, eNodeB ID=43542, Cell FDD TDD indication=CELL_FDD",Reliable,1015.402,197.583
2026-04-10 22:00,60,"PIC_UIO_CAPILLA_ULN/Cell:eNodeB Function Name=PIC_UIO_CAPILLA_L, Local Cell ID=1, Cell Name=PIC_UIO_CAPILLA_L21_1, eNodeB ID=44850, Cell FDD TDD indication=CELL_FDD",Reliable,3.643,0.339
2026-04-10 22:00,60,"PIC_UIO_CAPILLA_ULN/Cell:eNodeB Function Name=PIC_UIO_CAPILLA_L, Local Cell ID=2, Cell Name=PIC_UIO_CAPILLA_L21_2, eNodeB ID=44850, Cell FDD TDD indication=CELL_FDD",Reliable,214.953,27.13
2026-04-10 22:00,60,"PIC_UIO_CAPILLA_ULN/Cell:eNodeB Function Name=PIC_UIO_CAPILLA_L, Local Cell ID=3, Cell Name=PIC_UIO_CAPILLA_L21_3, eNodeB ID=44850, Cell FDD TDD indication=CELL_FDD",Reliable,16.473,36.016
2026-04-10 22:00,60,"PI_UIO_TANASA_UL/Cell:eNodeB Function Name=PIC_UIO_TANASA_L, Local Cell ID=1, Cell Name=PIC_UIO_TANASA_L21_1, eNodeB ID=44352, Cell FDD TDD indication=CELL_FDD",Reliable,435.652,83.716
2026-04-10 22:00,60,"PI_UIO_TANASA_UL/Cell:eNodeB Function Name=PIC_UIO_TANASA_L, Local Cell ID=2, Cell Name=PIC_UIO_TANASA_L21_2, eNodeB ID=44352, Cell FDD TDD indication=CELL_FDD",Reliable,816.756,54.634
2026-04-10 22:00,60,"SD_SD_BRISAS_UL/Cell:eNodeB Function Name=SD_SD_BRISASL21, Local Cell ID=1, Cell Name=SD_SD_BRISAS_1, eNodeB ID=43534, Cell FDD TDD indication=CELL_FDD",Reliable,2201.455,299.54
2026-04-10 22:00,60,"SD_SD_BRISAS_UL/Cell:eNodeB Function Name=SD_SD_BRISASL21, Local Cell ID=2, Cell Name=SD_SD_BRISAS_2, eNodeB ID=43534, Cell FDD TDD indication=CELL_FDD",Reliable,2065.263,92.172
2026-04-10 22:00,60,"SD_SD_BRISAS_UL/Cell:eNodeB Function Name=SD_SD_BRISASL21, Local Cell ID=3, Cell Name=SD_SD_BRISAS_3, eNodeB ID=43534, Cell FDD TDD indication=CELL_FDD",Reliable,854.578,127.013
2026-04-10 22:00,60,"SD_SD_GUAYAQUIL_UL/Cell:eNodeB Function Name=SD_SD_GUAYAQUILL21, Local Cell ID=1, Cell Name=SD_SD_GUAYAQUIL_1, eNodeB ID=43583, Cell FDD TDD indication=CELL_FDD",Reliable,1177.635,113.833
2026-04-10 22:00,60,"SD_SD_GUAYAQUIL_UL/Cell:eNodeB Function Name=SD_SD_GUAYAQUILL21, Local Cell ID=2, Cell Name=SD_SD_GUAYAQUIL_2, eNodeB ID=43583, Cell FDD TDD indication=CELL_FDD",Reliable,19.023,7.816
2026-04-10 22:00,60,"SD_SD_GUAYAQUIL_UL/Cell:eNodeB Function Name=SD_SD_GUAYAQUILL21, Local Cell ID=3, Cell Name=SD_SD_GUAYAQUIL_3, eNodeB ID=43583, Cell FDD TDD indication=CELL_FDD",Reliable,537.911,31.88
2026-04-10 22:00,60,"PI_UIO_CONOCOTO_OESTE_UL/Cell:eNodeB Function Name=PI_UIO_CONOCOTO_OESTEL21, Local Cell ID=1, Cell Name=PI_UIO_CONOCOTO_OESTE_1, eNodeB ID=44209, Cell FDD TDD indication=CELL_FDD",Reliable,1306.958,90.212
2026-04-10 22:00,60,"PI_UIO_CONOCOTO_OESTE_UL/Cell:eNodeB Function Name=PI_UIO_CONOCOTO_OESTEL21, Local Cell ID=2, Cell Name=PI_UIO_CONOCOTO_OESTE_2, eNodeB ID=44209, Cell FDD TDD indication=CELL_FDD",Reliable,1089.486,62.425
2026-04-10 22:00,60,"PI_UIO_CONOCOTO_OESTE_UL/Cell:eNodeB Function Name=PI_UIO_CONOCOTO_OESTEL21, Local Cell ID=3, Cell Name=PI_UIO_CONOCOTO_OESTE_3, eNodeB ID=44209, Cell FDD TDD indication=CELL_FDD",Reliable,1644.646,111.753
2026-04-10 22:00,60,"ES_ATA_ESME_ATACAMES_NORTE_UL/Cell:eNodeB Function Name=ES_ATA_ESME_ATACAMES_NORTEL21, Local Cell ID=1, Cell Name=ES_ATA_ESME_ATACAMES_NORTE_1, eNodeB ID=43540, Cell FDD TDD indication=CELL_FDD",Reliable,411.882,54.06
2026-04-10 22:00,60,"ES_ATA_ESME_ATACAMES_NORTE_UL/Cell:eNodeB Function Name=ES_ATA_ESME_ATACAMES_NORTEL21, Local Cell ID=2, Cell Name=ES_ATA_ESME_ATACAMES_NORTE_2, eNodeB ID=43540, Cell FDD TDD indication=CELL_FDD",Reliable,77.888,6.764
2026-04-10 22:00,60,"ES_ATA_ESME_ATACAMES_NORTE_UL/Cell:eNodeB Function Name=ES_ATA_ESME_ATACAMES_NORTEL21, Local Cell ID=3, Cell Name=ES_ATA_ESME_ATACAMES_NORTE_3, eNodeB ID=43540, Cell FDD TDD indication=CELL_FDD",Reliable,517.005,40.304
2026-04-10 22:00,60,"PI_UIO_CAMANO_UL/Cell:eNodeB Function Name=PI_UIO_CAMANOL21, Local Cell ID=1, Cell Name=PI_UIO_CAMANO_1, eNodeB ID=43522, Cell FDD TDD indication=CELL_FDD",Reliable,308.034,18.321
2026-04-10 22:00,60,"PI_UIO_CAMANO_UL/Cell:eNodeB Function Name=PI_UIO_CAMANOL21, Local Cell ID=2, Cell Name=PI_UIO_CAMANO_2, eNodeB ID=43522, Cell FDD TDD indication=CELL_FDD",Reliable,337.713,54.517
2026-04-10 22:00,60,"PI_UIO_CONFITECA_UL/Cell:eNodeB Function Name=PI_UIO_CONFITECA_L, Local Cell ID=1, Cell Name=PI_UIO_CONFITECA_1, eNodeB ID=44375, Cell FDD TDD indication=CELL_FDD",Reliable,2405.476,214.974
2026-04-10 22:00,60,"PI_UIO_CONFITECA_UL/Cell:eNodeB Function Name=PI_UIO_CONFITECA_L, Local Cell ID=2, Cell Name=PI_UIO_CONFITECA_2, eNodeB ID=44375, Cell FDD TDD indication=CELL_FDD",Reliable,1582.537,124.205
2026-04-10 22:00,60,"PI_UIO_CONFITECA_UL/Cell:eNodeB Function Name=PI_UIO_CONFITECA_L, Local Cell ID=3, Cell Name=PI_UIO_CONFITECA_3, eNodeB ID=44375, Cell FDD TDD indication=CELL_FDD",Reliable,1027.985,82.19
2026-04-10 22:00,60,"PI_UIO_CONFITECA_UL/Cell:eNodeB Function Name=PI_UIO_CONFITECA_L, Local Cell ID=7, Cell Name=PI_UIO_CONFITECA_APT_7, eNodeB ID=44375, Cell FDD TDD indication=CELL_FDD",Reliable,1024.548,76.088
2026-04-10 22:00,60,"PI_UIO_CONFITECA_UL/Cell:eNodeB Function Name=PI_UIO_CONFITECA_L, Local Cell ID=8, Cell Name=PI_UIO_CONFITECA_APT_8, eNodeB ID=44375, Cell FDD TDD indication=CELL_FDD",Reliable,1268.337,136.514
2026-04-10 22:00,60,"PI_UIO_CONFITECA_UL/Cell:eNodeB Function Name=PI_UIO_CONFITECA_L, Local Cell ID=9, Cell Name=PI_UIO_CONFITECA_APT_9, eNodeB ID=44375, Cell FDD TDD indication=CELL_FDD",Reliable,4875.092,536.429
2026-04-10 22:00,60,"PI_UIO_CONFITECA_UL/Cell:eNodeB Function Name=PI_UIO_CONFITECA_L, Local Cell ID=11, Cell Name=PI_UIO_CONFITECA_11, eNodeB ID=44375, Cell FDD TDD indication=CELL_FDD",Reliable,700.28,47.801
2026-04-10 22:00,60,"PI_UIO_CONFITECA_UL/Cell:eNodeB Function Name=PI_UIO_CONFITECA_L, Local Cell ID=12, Cell Name=PI_UIO_CONFITECA_12, eNodeB ID=44375, Cell FDD TDD indication=CELL_FDD",Reliable,384.269,23.017
2026-04-10 22:00,60,"PI_UIO_CONFITECA_UL/Cell:eNodeB Function Name=PI_UIO_CONFITECA_L, Local Cell ID=13, Cell Name=PI_UIO_CONFITECA_13, eNodeB ID=44375, Cell FDD TDD indication=CELL_FDD",Reliable,23.362,2.87
2026-04-10 22:00,60,"PI_UIO_LIZARZABURO_UL/Cell:eNodeB Function Name=PI_UIO_LIZARZABUROL21, Local Cell ID=1, Cell Name=PI_UIO_LIZARZABURO_1, eNodeB ID=43528, Cell FDD TDD indication=CELL_FDD",Reliable,1411.268,174.045
2026-04-10 22:00,60,"PI_UIO_LIZARZABURO_UL/Cell:eNodeB Function Name=PI_UIO_LIZARZABUROL21, Local Cell ID=2, Cell Name=PI_UIO_LIZARZABURO_2, eNodeB ID=43528, Cell FDD TDD indication=CELL_FDD",Reliable,3461.676,862.637
2026-04-10 22:00,60,"PI_UIO_LIZARZABURO_UL/Cell:eNodeB Function Name=PI_UIO_LIZARZABUROL21, Local Cell ID=3, Cell Name=PI_UIO_LIZARZABURO_3, eNodeB ID=43528, Cell FDD TDD indication=CELL_FDD",Reliable,1385.322,239.651
2026-04-10 22:00,60,"PI_UIO_NODO_1_GUAMANI_EL_EJERCITO_UL/Cell:eNodeB Function Name=PIC_UIO_NODO_1_GUAMANI_EL_EJERCITO_L, Local Cell ID=1, Cell Name=PI_UIO_NODO_1_GUAMANI_EL_EJERCITO_L21_1, eNodeB ID=44128, Cell FDD TDD indication=CELL_FDD",Reliable,753.255,39.211
2026-04-10 22:00,60,"PI_UIO_NODO_1_GUAMANI_EL_EJERCITO_UL/Cell:eNodeB Function Name=PIC_UIO_NODO_1_GUAMANI_EL_EJERCITO_L, Local Cell ID=2, Cell Name=PI_UIO_NODO_1_GUAMANI_EL_EJERCITO_L21_2, eNodeB ID=44128, Cell FDD TDD indication=CELL_FDD",Reliable,34.992,3.905
2026-04-10 22:00,60,"PI_UIO_NODO_1_GUAMANI_EL_EJERCITO_UL/Cell:eNodeB Function Name=PIC_UIO_NODO_1_GUAMANI_EL_EJERCITO_L, Local Cell ID=3, Cell Name=PI_UIO_NODO_1_GUAMANI_EL_EJERCITO_L21_3, eNodeB ID=44128, Cell FDD TDD indication=CELL_FDD",Reliable,789.057,44.92
2026-04-10 22:00,60,"PI_UIO_QUITUS_UL/Cell:eNodeB Function Name=PI_UIO_QUITUS_L, Local Cell ID=1, Cell Name=PI_UIO_QUITUS_1, eNodeB ID=43619, Cell FDD TDD indication=CELL_FDD",Reliable,1108.133,89.5
2026-04-10 22:00,60,"PI_UIO_QUITUS_UL/Cell:eNodeB Function Name=PI_UIO_QUITUS_L, Local Cell ID=2, Cell Name=PI_UIO_QUITUS_2, eNodeB ID=43619, Cell FDD TDD indication=CELL_FDD",Reliable,450.186,39.429
2026-04-10 22:00,60,"PI_UIO_QUITUS_UL/Cell:eNodeB Function Name=PI_UIO_QUITUS_L, Local Cell ID=3, Cell Name=PI_UIO_QUITUS_3, eNodeB ID=43619, Cell FDD TDD indication=CELL_FDD",Reliable,7.653,2.011
2026-04-10 22:00,60,"PI_UIO_QUITUS_UL/Cell:eNodeB Function Name=PI_UIO_QUITUS_L, Local Cell ID=11, Cell Name=PI_UIO_QUITUS_11, eNodeB ID=43619, Cell FDD TDD indication=CELL_FDD",Reliable,125.889,29.804
2026-04-10 22:00,60,"PI_UIO_QUITUS_UL/Cell:eNodeB Function Name=PI_UIO_QUITUS_L, Local Cell ID=12, Cell Name=PI_UIO_QUITUS_12, eNodeB ID=43619, Cell FDD TDD indication=CELL_FDD",Reliable,65.359,10.812
2026-04-10 22:00,60,"PI_UIO_QUITUS_UL/Cell:eNodeB Function Name=PI_UIO_QUITUS_L, Local Cell ID=13, Cell Name=PI_UIO_QUITUS_13, eNodeB ID=43619, Cell FDD TDD indication=CELL_FDD",Reliable,122.534,10.854
2026-04-10 22:00,60,"PI_UIO_SANGOLQUI_UL/Cell:eNodeB Function Name=PIC_UIO_SANGOLQUI_L, Local Cell ID=1, Cell Name=PIC_UIO_SANGOLQUI_L21_1, eNodeB ID=44338, Cell FDD TDD indication=CELL_FDD",Reliable,533.454,37.648
2026-04-10 22:00,60,"PI_UIO_SANGOLQUI_UL/Cell:eNodeB Function Name=PIC_UIO_SANGOLQUI_L, Local Cell ID=2, Cell Name=PIC_UIO_SANGOLQUI_L21_2, eNodeB ID=44338, Cell FDD TDD indication=CELL_FDD",Reliable,1048.208,34.535
2026-04-10 22:00,60,"PI_UIO_SANGOLQUI_UL/Cell:eNodeB Function Name=PIC_UIO_SANGOLQUI_L, Local Cell ID=3, Cell Name=PIC_UIO_SANGOLQUI_L21_3, eNodeB ID=44338, Cell FDD TDD indication=CELL_FDD",Reliable,2139.818,73.934
2026-04-10 22:00,60,"PI_UIO_SCALA_MALL_UL/Cell:eNodeB Function Name=PI_UIO_SCALA_MALLL21, Local Cell ID=1, Cell Name=PI_UIO_SCALA_MALL_1, eNodeB ID=44941, Cell FDD TDD indication=CELL_FDD",Reliable,25.189,2.436
2026-04-10 22:00,60,"PI_UIO_SCALA_MALL_UL/Cell:eNodeB Function Name=PI_UIO_SCALA_MALLL21, Local Cell ID=2, Cell Name=PI_UIO_SCALA_MALL_2, eNodeB ID=44941, Cell FDD TDD indication=CELL_FDD",Reliable,44.542,15.107
2026-04-10 22:00,60,"PI_UIO_SELVA_ALEGRE_UL/Cell:eNodeB Function Name=PIC_UIO_SELVA_ALEGRE_L, Local Cell ID=1, Cell Name=PIC_UIO_SELVA_ALEGRE_L21_1, eNodeB ID=44363, Cell FDD TDD indication=CELL_FDD",Reliable,1594.672,133.801
2026-04-10 22:00,60,"PI_UIO_SELVA_ALEGRE_UL/Cell:eNodeB Function Name=PIC_UIO_SELVA_ALEGRE_L, Local Cell ID=2, Cell Name=PIC_UIO_SELVA_ALEGRE_L21_2, eNodeB ID=44363, Cell FDD TDD indication=CELL_FDD",Reliable,326.907,37.217
2026-04-10 22:00,60,"PI_UIO_SELVA_ALEGRE_UL/Cell:eNodeB Function Name=PIC_UIO_SELVA_ALEGRE_L, Local Cell ID=3, Cell Name=PIC_UIO_SELVA_ALEGRE_L21_3, eNodeB ID=44363, Cell FDD TDD indication=CELL_FDD",Reliable,70.108,8.098
2026-04-10 22:00,60,"PI_UIO_SELVA_ALEGRE_UL/Cell:eNodeB Function Name=PIC_UIO_SELVA_ALEGRE_L, Local Cell ID=7, Cell Name=PIC_UIO_SELVA_ALEGRE_L7_7, eNodeB ID=44363, Cell FDD TDD indication=CELL_FDD",Reliable,2344.008,405.972
2026-04-10 22:00,60,"PI_UIO_SELVA_ALEGRE_UL/Cell:eNodeB Function Name=PIC_UIO_SELVA_ALEGRE_L, Local Cell ID=8, Cell Name=PIC_UIO_SELVA_ALEGRE_L7_8, eNodeB ID=44363, Cell FDD TDD indication=CELL_FDD",Reliable,984.823,141.216
2026-04-10 22:00,60,"PI_UIO_SELVA_ALEGRE_UL/Cell:eNodeB Function Name=PIC_UIO_SELVA_ALEGRE_L, Local Cell ID=9, Cell Name=PIC_UIO_SELVA_ALEGRE_L7_9, eNodeB ID=44363, Cell FDD TDD indication=CELL_FDD",Reliable,1821.915,230.089
2026-04-10 22:00,60,"SD_SD_TULCAN_UL/Cell:eNodeB Function Name=SD_SD_TULCANL21, Local Cell ID=1, Cell Name=SD_SD_TULCAN_1, eNodeB ID=43553, Cell FDD TDD indication=CELL_FDD",Reliable,231.917,28.932
2026-04-10 22:00,60,"SD_SD_TULCAN_UL/Cell:eNodeB Function Name=SD_SD_TULCANL21, Local Cell ID=2, Cell Name=SD_SD_TULCAN_2, eNodeB ID=43553, Cell FDD TDD indication=CELL_FDD",Reliable,283.955,39.832
2026-04-10 22:00,60,"SD_SD_TULCAN_UL/Cell:eNodeB Function Name=SD_SD_TULCANL21, Local Cell ID=3, Cell Name=SD_SD_TULCAN_3, eNodeB ID=43553, Cell FDD TDD indication=CELL_FDD",Reliable,697.467,55.879
2026-04-10 22:00,60,"STD_STD_002_UL(STD_LA_MADRE)/Cell:eNodeB Function Name=STD_STD_002L21 (STD_LA_MADRE), Local Cell ID=1, Cell Name=STD_STD_002_1, eNodeB ID=43535, Cell FDD TDD indication=CELL_FDD",Reliable,660.827,237.269
2026-04-10 22:00,60,"STD_STD_002_UL(STD_LA_MADRE)/Cell:eNodeB Function Name=STD_STD_002L21 (STD_LA_MADRE), Local Cell ID=2, Cell Name=STD_STD_002_2, eNodeB ID=43535, Cell FDD TDD indication=CELL_FDD",Reliable,1683.291,208.343
2026-04-10 22:00,60,"STD_STD_002_UL(STD_LA_MADRE)/Cell:eNodeB Function Name=STD_STD_002L21 (STD_LA_MADRE), Local Cell ID=3, Cell Name=STD_STD_002_3, eNodeB ID=43535, Cell FDD TDD indication=CELL_FDD",Reliable,1015.789,98.692
2026-04-10 22:00,60,"EASYMACRO_PILE/Cell:eNodeB Function Name=MA_MO_EASYMACRO_PILEL21, Local Cell ID=2, Cell Name=MA_MO_EASYMACRO_PILE2, eNodeB ID=43276, Cell FDD TDD indication=CELL_FDD",Reliable,263.677,261.027
2026-04-10 22:00,60,"EASYMACRO_PILE/Cell:eNodeB Function Name=MA_MO_EASYMACRO_PILEL21, Local Cell ID=1, Cell Name=MA_MO_EASYMACRO_PILE1, eNodeB ID=43276, Cell FDD TDD indication=CELL_FDD",Reliable,1170.451,15.856
2026-04-10 22:00,60,"PIC_UIO_LAMP_SOCIAL1_UL/Cell:eNodeB Function Name=PIC_UIO_LAMP_SOCIAL1_L, Local Cell ID=7, Cell Name=PI_UIO_LAMP_SOCIAL1_7, eNodeB ID=43253, Cell FDD TDD indication=CELL_FDD",Reliable,0.046,0.014
2026-04-10 22:00,60,"PIC_UIO_LAMP_SOCIAL1_UL/Cell:eNodeB Function Name=PIC_UIO_LAMP_SOCIAL1_L, Local Cell ID=6, Cell Name=PI_UIO_LAMP_SOCIAL1_6, eNodeB ID=43253, Cell FDD TDD indication=CELL_FDD",Reliable,0.259,0.094
2026-04-10 22:00,60,"PIC_UIO_LAMP_SOCIAL1_UL/Cell:eNodeB Function Name=PIC_UIO_LAMP_SOCIAL1_L, Local Cell ID=5, Cell Name=PI_UIO_LAMP_SOCIAL1_5, eNodeB ID=43253, Cell FDD TDD indication=CELL_FDD",Reliable,2.565,0.433
2026-04-10 22:00,60,"PIC_UIO_LAMP_SOCIAL1_UL/Cell:eNodeB Function Name=PIC_UIO_LAMP_SOCIAL1_L, Local Cell ID=4, Cell Name=PI_UIO_LAMP_SOCIAL1_4, eNodeB ID=43253, Cell FDD TDD indication=CELL_FDD",Reliable,1.306,0.129
2026-04-10 22:00,60,"PIC_UIO_LAMP_SOCIAL1_UL/Cell:eNodeB Function Name=PIC_UIO_LAMP_SOCIAL1_L, Local Cell ID=3, Cell Name=PI_UIO_LAMP_SOCIAL1_3, eNodeB ID=43253, Cell FDD TDD indication=CELL_FDD",Reliable,29.599,2.309
2026-04-10 22:00,60,"PIC_UIO_LAMP_SOCIAL1_UL/Cell:eNodeB Function Name=PIC_UIO_LAMP_SOCIAL1_L, Local Cell ID=2, Cell Name=PI_UIO_LAMP_SOCIAL1_2, eNodeB ID=43253, Cell FDD TDD indication=CELL_FDD",Reliable,10.461,0.886
2026-04-10 22:00,60,"PIC_UIO_LAMP_SOCIAL1_UL/Cell:eNodeB Function Name=PIC_UIO_LAMP_SOCIAL1_L, Local Cell ID=1, Cell Name=PI_UIO_LAMP_SOCIAL1_1, eNodeB ID=43253, Cell FDD TDD indication=CELL_FDD",Reliable,0.006,0.016
2026-04-10 22:00,60,"PIC_UIO_LAMP_SOCIAL1_UL/Cell:eNodeB Function Name=PIC_UIO_LAMP_SOCIAL1_L, Local Cell ID=10, Cell Name=PI_UIO_LAMP_SOCIAL1_10, eNodeB ID=43253, Cell FDD TDD indication=CELL_FDD",Reliable,0.004,0.002
2026-04-10 22:00,60,"PIC_UIO_LAMP_SOCIAL1_UL/Cell:eNodeB Function Name=PIC_UIO_LAMP_SOCIAL1_L, Local Cell ID=11, Cell Name=PI_UIO_LAMP_SOCIAL1_11, eNodeB ID=43253, Cell FDD TDD indication=CELL_FDD",Reliable,0,0
2026-04-10 22:00,60,"PIC_UIO_LAMP_SOCIAL1_UL/Cell:eNodeB Function Name=PIC_UIO_LAMP_SOCIAL1_L, Local Cell ID=8, Cell Name=PI_UIO_LAMP_SOCIAL1_8, eNodeB ID=43253, Cell FDD TDD indication=CELL_FDD",Reliable,0.048,0.008
2026-04-10 22:00,60,"PIC_UIO_LAMP_SOCIAL1_UL/Cell:eNodeB Function Name=PIC_UIO_LAMP_SOCIAL1_L, Local Cell ID=9, Cell Name=PI_UIO_LAMP_SOCIAL1_9, eNodeB ID=43253, Cell FDD TDD indication=CELL_FDD",Reliable,0.116,0.008
2026-04-10 22:00,60,"PIC_UIO_LAMP_SOCIAL2_UL/Cell:eNodeB Function Name=PIC_UIO_LAMP_SOCIAL2_L, Local Cell ID=5, Cell Name=PIC_UIO_LAMP_SOCIAL2_L21_5, eNodeB ID=43254, Cell FDD TDD indication=CELL_FDD",Reliable,0.005,0.007
2026-04-10 22:00,60,"PIC_UIO_LAMP_SOCIAL2_UL/Cell:eNodeB Function Name=PIC_UIO_LAMP_SOCIAL2_L, Local Cell ID=4, Cell Name=PIC_UIO_LAMP_SOCIAL2_L21_4, eNodeB ID=43254, Cell FDD TDD indication=CELL_FDD",Reliable,0.001,0.001
2026-04-10 22:00,60,"PIC_UIO_LAMP_SOCIAL2_UL/Cell:eNodeB Function Name=PIC_UIO_LAMP_SOCIAL2_L, Local Cell ID=3, Cell Name=PIC_UIO_LAMP_SOCIAL2_L21_3, eNodeB ID=43254, Cell FDD TDD indication=CELL_FDD",Reliable,0,0
2026-04-10 22:00,60,"PIC_UIO_LAMP_SOCIAL2_UL/Cell:eNodeB Function Name=PIC_UIO_LAMP_SOCIAL2_L, Local Cell ID=2, Cell Name=PIC_UIO_LAMP_SOCIAL2_L21_2, eNodeB ID=43254, Cell FDD TDD indication=CELL_FDD",Reliable,4.505,0.21
2026-04-10 22:00,60,"PIC_UIO_LAMP_SOCIAL2_UL/Cell:eNodeB Function Name=PIC_UIO_LAMP_SOCIAL2_L, Local Cell ID=1, Cell Name=PIC_UIO_LAMP_SOCIAL2_L21_1, eNodeB ID=43254, Cell FDD TDD indication=CELL_FDD",Reliable,0,0
2026-04-10 22:00,60,"CIS_QUICENTRO_SUR_LTEL21/Cell:eNodeB Function Name=CIS_QUICENTRO_SUR_LTEL21, Local Cell ID=1, Cell Name=CIS_QUICENTRO_SUR_LTE_L21_1, eNodeB ID=43282, Cell FDD TDD indication=CELL_FDD",Reliable,53.205,6.418
2026-04-10 22:00,60,"PIC_UIO_CIUDAD_FUTURA_UL/Cell:eNodeB Function Name=PIC_UIO_CIUDAD_FUTURA_L, Local Cell ID=8, Cell Name=PIC_UIO_CIUDAD_FUTURA_APT_8, eNodeB ID=43560, Cell FDD TDD indication=CELL_FDD",Reliable,3478.1,270.719
2026-04-10 22:00,60,"PIC_UIO_CIUDAD_FUTURA_UL/Cell:eNodeB Function Name=PIC_UIO_CIUDAD_FUTURA_L, Local Cell ID=7, Cell Name=PIC_UIO_CIUDAD_FUTURA_APT_7, eNodeB ID=43560, Cell FDD TDD indication=CELL_FDD",Reliable,3253.235,733.676
2026-04-10 22:00,60,"PIC_UIO_QUITUMBE_NAN_UL/Cell:eNodeB Function Name=PIC_UIO_QUITUMBE_NAN_L, Local Cell ID=9, Cell Name=PIC_UIO_QUITUMBE_NAN_APT_9, eNodeB ID=43631, Cell FDD TDD indication=CELL_FDD",Reliable,2884.343,140.99
2026-04-10 22:00,60,"PIC_UIO_QUITUMBE_NAN_UL/Cell:eNodeB Function Name=PIC_UIO_QUITUMBE_NAN_L, Local Cell ID=8, Cell Name=PIC_UIO_QUITUMBE_NAN_APT_8, eNodeB ID=43631, Cell FDD TDD indication=CELL_FDD",Reliable,2838.391,518.395
2026-04-10 22:00,60,"PIC_UIO_QUITUMBE_NAN_UL/Cell:eNodeB Function Name=PIC_UIO_QUITUMBE_NAN_L, Local Cell ID=7, Cell Name=PIC_UIO_QUITUMBE_NAN_APT_7, eNodeB ID=43631, Cell FDD TDD indication=CELL_FDD",Reliable,3072.581,350.208
2026-04-10 22:00,60,"PIC_UIO_LA_SANTIAGO_UL/Cell:eNodeB Function Name=PIC_UIO_LA_SANTIAGO_L, Local Cell ID=9, Cell Name=PIC_UIO_LA_SANTIAGO_APT_9, eNodeB ID=43629, Cell FDD TDD indication=CELL_FDD",Reliable,4983.069,468.892
2026-04-10 22:00,60,"PIC_UIO_LA_SANTIAGO_UL/Cell:eNodeB Function Name=PIC_UIO_LA_SANTIAGO_L, Local Cell ID=8, Cell Name=PIC_UIO_LA_SANTIAGO_APT_8, eNodeB ID=43629, Cell FDD TDD indication=CELL_FDD",Reliable,3447.362,362.212
2026-04-10 22:00,60,"PIC_UIO_LA_SANTIAGO_UL/Cell:eNodeB Function Name=PIC_UIO_LA_SANTIAGO_L, Local Cell ID=7, Cell Name=PIC_UIO_LA_SANTIAGO_APT_7, eNodeB ID=43629, Cell FDD TDD indication=CELL_FDD",Reliable,3092.366,338.849
2026-04-10 22:00,60,"PIC_UIO_LAS_CUADRAS_UL/Cell:eNodeB Function Name=PIC_UIO_LAS_CUADRAS_L, Local Cell ID=9, Cell Name=PIC_UIO_LAS_CUADRAS_APT_9, eNodeB ID=43548, Cell FDD TDD indication=CELL_FDD",Reliable,2701.937,353.816
2026-04-10 22:00,60,"PIC_UIO_LAS_CUADRAS_UL/Cell:eNodeB Function Name=PIC_UIO_LAS_CUADRAS_L, Local Cell ID=8, Cell Name=PIC_UIO_LAS_CUADRAS_APT_8, eNodeB ID=43548, Cell FDD TDD indication=CELL_FDD",Reliable,2653.295,497.732
2026-04-10 22:00,60,"PIC_UIO_LAS_CUADRAS_UL/Cell:eNodeB Function Name=PIC_UIO_LAS_CUADRAS_L, Local Cell ID=7, Cell Name=PIC_UIO_LAS_CUADRAS_APT_7, eNodeB ID=43548, Cell FDD TDD indication=CELL_FDD",Reliable,2117.568,149.009
2026-04-10 22:00,60,"PIC_UIO_BORBON_UL/Cell:eNodeB Function Name=PIC_UIO_BORBON_L, Local Cell ID=9, Cell Name=PIC_UIO_BORBON_APT_9, eNodeB ID=43559, Cell FDD TDD indication=CELL_FDD",Reliable,5752.993,599.588
2026-04-10 22:00,60,"PIC_UIO_BORBON_UL/Cell:eNodeB Function Name=PIC_UIO_BORBON_L, Local Cell ID=8, Cell Name=PIC_UIO_BORBON_APT_8, eNodeB ID=43559, Cell FDD TDD indication=CELL_FDD",Reliable,1738.728,148.466
2026-04-10 22:00,60,"PIC_UIO_BORBON_UL/Cell:eNodeB Function Name=PIC_UIO_BORBON_L, Local Cell ID=7, Cell Name=PIC_UIO_BORBON_APT_7, eNodeB ID=43559, Cell FDD TDD indication=CELL_FDD",Reliable,1049.029,104.292
2026-04-10 22:00,60,"PIC_UIO_ANA_PAREDES_UL/Cell:eNodeB Function Name=PIC_UIO_ANA_PAREDES_L, Local Cell ID=9, Cell Name=PIC_UIO_ANA_PAREDES_APT_9, eNodeB ID=43543, Cell FDD TDD indication=CELL_FDD",Reliable,638.572,39.919
2026-04-10 22:00,60,"PIC_UIO_ANA_PAREDES_UL/Cell:eNodeB Function Name=PIC_UIO_ANA_PAREDES_L, Local Cell ID=8, Cell Name=PIC_UIO_ANA_PAREDES_APT_8, eNodeB ID=43543, Cell FDD TDD indication=CELL_FDD",Reliable,458.666,72.799
2026-04-10 22:00,60,"PIC_UIO_ANA_PAREDES_UL/Cell:eNodeB Function Name=PIC_UIO_ANA_PAREDES_L, Local Cell ID=7, Cell Name=PIC_UIO_ANA_PAREDES_APT_7, eNodeB ID=43543, Cell FDD TDD indication=CELL_FDD",Reliable,827.67,67.786
2026-04-10 22:00,60,"PIC_UIO_CUSCUNGO_UL/Cell:eNodeB Function Name=PIC_UIO_CUSCUNGO_L, Local Cell ID=9, Cell Name=PIC_UIO_CUSCUNGO_APT_9, eNodeB ID=43600, Cell FDD TDD indication=CELL_FDD",Reliable,3301.021,364.882
2026-04-10 22:00,60,"PIC_UIO_CUSCUNGO_UL/Cell:eNodeB Function Name=PIC_UIO_CUSCUNGO_L, Local Cell ID=8, Cell Name=PIC_UIO_CUSCUNGO_APT_8, eNodeB ID=43600, Cell FDD TDD indication=CELL_FDD",Reliable,2627.648,441.567
2026-04-10 22:00,60,"PIC_UIO_CUSCUNGO_UL/Cell:eNodeB Function Name=PIC_UIO_CUSCUNGO_L, Local Cell ID=7, Cell Name=PIC_UIO_CUSCUNGO_APT_7, eNodeB ID=43600, Cell FDD TDD indication=CELL_FDD",Reliable,4029.928,343.809
2026-04-10 22:00,60,"PIC_UIO_YAGUACHI_UL/Cell:eNodeB Function Name=PIC_UIO_YAGUACHI_L, Local Cell ID=8, Cell Name=PIC_UIO_YAGUACHI_APT_8, eNodeB ID=43539, Cell FDD TDD indication=CELL_FDD",Reliable,3813.146,341.874
2026-04-10 22:00,60,"PIC_UIO_YAGUACHI_UL/Cell:eNodeB Function Name=PIC_UIO_YAGUACHI_L, Local Cell ID=7, Cell Name=PIC_UIO_YAGUACHI_APT_7, eNodeB ID=43539, Cell FDD TDD indication=CELL_FDD",Reliable,2269.249,182.221
2026-04-10 22:00,60,"PIC_UIO_MONJAS_ALTO_UL/Cell:eNodeB Function Name=PIC_UIO_MONJAS_ALTO_L, Local Cell ID=8, Cell Name=PIC_UIO_MONJAS_ALTO_APT_8, eNodeB ID=43525, Cell FDD TDD indication=CELL_FDD",Reliable,2520.212,157.286
2026-04-10 22:00,60,"PIC_UIO_MONJAS_ALTO_UL/Cell:eNodeB Function Name=PIC_UIO_MONJAS_ALTO_L, Local Cell ID=7, Cell Name=PIC_UIO_MONJAS_ALTO_APT_7, eNodeB ID=43525, Cell FDD TDD indication=CELL_FDD",Reliable,2043.722,165.348
2026-04-10 22:00,60,"PIC_UIO_SOLANDA_NORTE_UL/Cell:eNodeB Function Name=PIC_UIO_SOLANDA_NORTE_L, Local Cell ID=9, Cell Name=PIC_UIO_SOLANDA_NORTE_APT_9, eNodeB ID=43609, Cell FDD TDD indication=CELL_FDD",Reliable,4021.186,391.415
2026-04-10 22:00,60,"PIC_UIO_SOLANDA_NORTE_UL/Cell:eNodeB Function Name=PIC_UIO_SOLANDA_NORTE_L, Local Cell ID=8, Cell Name=PIC_UIO_SOLANDA_NORTE_APT_8, eNodeB ID=43609, Cell FDD TDD indication=CELL_FDD",Reliable,5245.259,484.411
2026-04-10 22:00,60,"PIC_UIO_SOLANDA_NORTE_UL/Cell:eNodeB Function Name=PIC_UIO_SOLANDA_NORTE_L, Local Cell ID=7, Cell Name=PIC_UIO_SOLANDA_NORTE_APT_7, eNodeB ID=43609, Cell FDD TDD indication=CELL_FDD",Reliable,4645.979,488.4
2026-04-10 22:00,60,"PIC_UIO_PUEBLO_UNIDO_UL/Cell:eNodeB Function Name=PIC_UIO_PUEBLO_UNIDO_L, Local Cell ID=8, Cell Name=PIC_UIO_PUEBLO_UNIDO_APT_8, eNodeB ID=43562, Cell FDD TDD indication=CELL_FDD",Reliable,1747.508,229.056
2026-04-10 22:00,60,"PIC_UIO_PUEBLO_UNIDO_UL/Cell:eNodeB Function Name=PIC_UIO_PUEBLO_UNIDO_L, Local Cell ID=7, Cell Name=PIC_UIO_PUEBLO_UNIDO_APT_7, eNodeB ID=43562, Cell FDD TDD indication=CELL_FDD",Reliable,3085.166,296.061
2026-04-10 22:00,60,"PIC_UIO_QUIMIAG_UL/Cell:eNodeB Function Name=PIC_UIO_QUIMIAG_L, Local Cell ID=9, Cell Name=PIC_UIO_QUIMIAG_APT_9, eNodeB ID=43563, Cell FDD TDD indication=CELL_FDD",Reliable,2238.334,224.222
2026-04-10 22:00,60,"PIC_UIO_QUIMIAG_UL/Cell:eNodeB Function Name=PIC_UIO_QUIMIAG_L, Local Cell ID=8, Cell Name=PIC_UIO_QUIMIAG_APT_8, eNodeB ID=43563, Cell FDD TDD indication=CELL_FDD",Reliable,1126.186,141.475
2026-04-10 22:00,60,"PIC_UIO_QUIMIAG_UL/Cell:eNodeB Function Name=PIC_UIO_QUIMIAG_L, Local Cell ID=7, Cell Name=PIC_UIO_QUIMIAG_APT_7, eNodeB ID=43563, Cell FDD TDD indication=CELL_FDD",Reliable,3400.347,244.893
2026-04-10 22:00,60,"PIC_UIO_CONDOR_NAN_UL/Cell:eNodeB Function Name=PIC_UIO_CONDOR_NAN_L, Local Cell ID=7, Cell Name=PIC_UIO_CONDOR_NAN_APT_7, eNodeB ID=44217, Cell FDD TDD indication=CELL_FDD",Reliable,1053.459,165.836
2026-04-10 22:00,60,"PIC_UIO_CONDOR_NAN_UL/Cell:eNodeB Function Name=PIC_UIO_CONDOR_NAN_L, Local Cell ID=8, Cell Name=PIC_UIO_CONDOR_NAN_APT_8, eNodeB ID=44217, Cell FDD TDD indication=CELL_FDD",Reliable,745.197,373.636
2026-04-10 22:00,60,"PIC_UIO_CONDOR_NAN_UL/Cell:eNodeB Function Name=PIC_UIO_CONDOR_NAN_L, Local Cell ID=9, Cell Name=PIC_UIO_CONDOR_NAN_APT_9, eNodeB ID=44217, Cell FDD TDD indication=CELL_FDD",Reliable,9913.092,379.745
2026-04-10 22:00,60,"PIC_UIO_HACIENDA_ORTEGA_UL/Cell:eNodeB Function Name=PIC_UIO_HACIENDA_ORTEGA_L, Local Cell ID=7, Cell Name=PIC_UIO_HACIENDA_ORTEGA_L7_7, eNodeB ID=44252, Cell FDD TDD indication=CELL_FDD",Reliable,3042.482,252.932
2026-04-10 22:00,60,"PIC_UIO_HACIENDA_ORTEGA_UL/Cell:eNodeB Function Name=PIC_UIO_HACIENDA_ORTEGA_L, Local Cell ID=8, Cell Name=PIC_UIO_HACIENDA_ORTEGA_L7_8, eNodeB ID=44252, Cell FDD TDD indication=CELL_FDD",Reliable,2686.356,948.718
2026-04-10 22:00,60,"PIC_UIO_HACIENDA_ORTEGA_UL/Cell:eNodeB Function Name=PIC_UIO_HACIENDA_ORTEGA_L, Local Cell ID=9, Cell Name=PIC_UIO_HACIENDA_ORTEGA_L7_9, eNodeB ID=44252, Cell FDD TDD indication=CELL_FDD",Reliable,2103.279,210.1
2026-04-10 22:00,60,"PIC_UIO_SALVADOR_ALLENDE_UL/Cell:eNodeB Function Name=PIC_UIO_SALVADOR_ALLENDE_L, Local Cell ID=7, Cell Name=PIC_UIO_SALVADOR_ALLENDE_L7_7, eNodeB ID=44185, Cell FDD TDD indication=CELL_FDD",Reliable,1701.525,198.339
2026-04-10 22:00,60,"PIC_UIO_SALVADOR_ALLENDE_UL/Cell:eNodeB Function Name=PIC_UIO_SALVADOR_ALLENDE_L, Local Cell ID=8, Cell Name=PIC_UIO_SALVADOR_ALLENDE_L7_8, eNodeB ID=44185, Cell FDD TDD indication=CELL_FDD",Reliable,1358.152,114.077
2026-04-10 22:00,60,"PIC_UIO_SALVADOR_ALLENDE_UL/Cell:eNodeB Function Name=PIC_UIO_SALVADOR_ALLENDE_L, Local Cell ID=9, Cell Name=PIC_UIO_SALVADOR_ALLENDE_L7_9, eNodeB ID=44185, Cell FDD TDD indication=CELL_FDD",Reliable,4080.263,588.14
2026-04-10 22:00,60,"PIC_UIO_MARTHA_BUCARAM_UL/Cell:eNodeB Function Name=PIC_UIO_MARTHA_BUCARAM_L, Local Cell ID=7, Cell Name=PIC_UIO_MARTHA_BUCARAM_L7_7, eNodeB ID=44353, Cell FDD TDD indication=CELL_FDD",Reliable,564.213,34.531
2026-04-10 22:00,60,"PIC_UIO_MARTHA_BUCARAM_UL/Cell:eNodeB Function Name=PIC_UIO_MARTHA_BUCARAM_L, Local Cell ID=8, Cell Name=PIC_UIO_MARTHA_BUCARAM_L7_8, eNodeB ID=44353, Cell FDD TDD indication=CELL_FDD",Reliable,352.507,19.985
2026-04-10 22:00,60,"PIC_UIO_MARTHA_BUCARAM_UL/Cell:eNodeB Function Name=PIC_UIO_MARTHA_BUCARAM_L, Local Cell ID=9, Cell Name=PIC_UIO_MARTHA_BUCARAM_L7_9, eNodeB ID=44353, Cell FDD TDD indication=CELL_FDD",Reliable,2126.232,256.047
2026-04-10 22:00,60,"PIC_UIO_CUTUGLAHUA_UL/Cell:eNodeB Function Name=PIC_MEJ_CUTUGLAHUA_L, Local Cell ID=7, Cell Name=PIC_MEJ_CUTUGLAHUA_L7_7, eNodeB ID=44109, Cell FDD TDD indication=CELL_FDD",Reliable,782.845,96.001
2026-04-10 22:00,60,"PIC_UIO_CUTUGLAHUA_UL/Cell:eNodeB Function Name=PIC_MEJ_CUTUGLAHUA_L, Local Cell ID=8, Cell Name=PIC_MEJ_CUTUGLAHUA_L7_8, eNodeB ID=44109, Cell FDD TDD indication=CELL_FDD",Reliable,2574.027,207.458
2026-04-10 22:00,60,"PIC_UIO_CUTUGLAHUA_UL/Cell:eNodeB Function Name=PIC_MEJ_CUTUGLAHUA_L, Local Cell ID=9, Cell Name=PIC_MEJ_CUTUGLAHUA_L7_9, eNodeB ID=44109, Cell FDD TDD indication=CELL_FDD",Reliable,938.562,81.252
2026-04-10 22:00,60,"PIC_UIO_SAN_FERNANDO_UL/Cell:eNodeB Function Name=PIC_UIO_SAN_FERNANDO_L, Local Cell ID=7, Cell Name=PIC_UIO_SAN_FERNANDO_L7_7, eNodeB ID=44186, Cell FDD TDD indication=CELL_FDD",Reliable,2391.881,192.183
2026-04-10 22:00,60,"PIC_UIO_SAN_FERNANDO_UL/Cell:eNodeB Function Name=PIC_UIO_SAN_FERNANDO_L, Local Cell ID=8, Cell Name=PIC_UIO_SAN_FERNANDO_L7_8, eNodeB ID=44186, Cell FDD TDD indication=CELL_FDD",Reliable,3725.787,419.695
2026-04-10 22:00,60,"PIC_UIO_SAN_FERNANDO_UL/Cell:eNodeB Function Name=PIC_UIO_SAN_FERNANDO_L, Local Cell ID=9, Cell Name=PIC_UIO_SAN_FERNANDO_L7_9, eNodeB ID=44186, Cell FDD TDD indication=CELL_FDD",Reliable,1273.465,199.153
2026-04-10 22:00,60,"PIC_UIO_EL_CONDE_UL/Cell:eNodeB Function Name=PIC_UIO_EL_CONDE_L, Local Cell ID=7, Cell Name=PIC_UIO_EL_CONDE_L7_7, eNodeB ID=44354, Cell FDD TDD indication=CELL_FDD",Reliable,2322.204,125.69
2026-04-10 22:00,60,"PIC_UIO_EL_CONDE_UL/Cell:eNodeB Function Name=PIC_UIO_EL_CONDE_L, Local Cell ID=8, Cell Name=PIC_UIO_EL_CONDE_L7_8, eNodeB ID=44354, Cell FDD TDD indication=CELL_FDD",Reliable,130.568,56.058
2026-04-10 22:00,60,"PIC_UIO_EL_CONDE_UL/Cell:eNodeB Function Name=PIC_UIO_EL_CONDE_L, Local Cell ID=9, Cell Name=PIC_UIO_EL_CONDE_L7_9, eNodeB ID=44354, Cell FDD TDD indication=CELL_FDD",Reliable,696.729,65.401
2026-04-10 22:00,60,"PIC_UIO_FERROVIARIA_UL/Cell:eNodeB Function Name=PIC_UIO_FERROVIARIA_L, Local Cell ID=7, Cell Name=PIC_UIO_FERROVIARIA_APT_7, eNodeB ID=44284, Cell FDD TDD indication=CELL_FDD",Reliable,3847.904,497.641
2026-04-10 22:00,60,"PIC_UIO_FERROVIARIA_UL/Cell:eNodeB Function Name=PIC_UIO_FERROVIARIA_L, Local Cell ID=8, Cell Name=PIC_UIO_FERROVIARIA_APT_8, eNodeB ID=44284, Cell FDD TDD indication=CELL_FDD",Reliable,921.237,100.883
2026-04-10 22:00,60,"PIC_UIO_FERROVIARIA_UL/Cell:eNodeB Function Name=PIC_UIO_FERROVIARIA_L, Local Cell ID=9, Cell Name=PIC_UIO_FERROVIARIA_APT_9, eNodeB ID=44284, Cell FDD TDD indication=CELL_FDD",Reliable,1419.686,103.267
2026-04-10 22:00,60,"PIC_UIO_BUENA_AVENTURA_UL/Cell:eNodeB Function Name=PIC_UIO_BUENA_AVENTURA_L, Local Cell ID=7, Cell Name=PIC_UIO_BUENA_AVENTURA_APT_7, eNodeB ID=44350, Cell FDD TDD indication=CELL_FDD",Reliable,443.835,42.711
2026-04-10 22:00,60,"PIC_UIO_BUENA_AVENTURA_UL/Cell:eNodeB Function Name=PIC_UIO_BUENA_AVENTURA_L, Local Cell ID=8, Cell Name=PIC_UIO_BUENA_AVENTURA_APT_8, eNodeB ID=44350, Cell FDD TDD indication=CELL_FDD",Reliable,779.249,41.603
2026-04-10 22:00,60,"PIC_UIO_VIA_PINTAG_UL/Cell:eNodeB Function Name=PIC_UIO_VIA_PINTAGL21, Local Cell ID=7, Cell Name=PIC_UIO_VIA_PINTAG_APT_7, eNodeB ID=44280, Cell FDD TDD indication=CELL_FDD",Reliable,1339.004,127.921
2026-04-10 22:00,60,"PIC_UIO_VIA_PINTAG_UL/Cell:eNodeB Function Name=PIC_UIO_VIA_PINTAGL21, Local Cell ID=8, Cell Name=PIC_UIO_VIA_PINTAG_APT_8, eNodeB ID=44280, Cell FDD TDD indication=CELL_FDD",Reliable,2562.624,151.202
2026-04-10 22:00,60,"PIC_UIO_VIA_PINTAG_UL/Cell:eNodeB Function Name=PIC_UIO_VIA_PINTAGL21, Local Cell ID=9, Cell Name=PIC_UIO_VIA_PINTAG_APT_9, eNodeB ID=44280, Cell FDD TDD indication=CELL_FDD",Reliable,1606.996,102.038
2026-04-10 22:00,60,"PIC_UIO_ANGOCHAGUA_TRR_UL/Cell:eNodeB Function Name=PIC_UIO_ANGOCHAGUA_TRR_L, Local Cell ID=7, Cell Name=PIC_UIO_ANGOCHAGUA_TRR_APT_7, eNodeB ID=44849, Cell FDD TDD indication=CELL_FDD",Reliable,3100.794,287.741
2026-04-10 22:00,60,"PIC_UIO_ANGOCHAGUA_TRR_UL/Cell:eNodeB Function Name=PIC_UIO_ANGOCHAGUA_TRR_L, Local Cell ID=8, Cell Name=PIC_UIO_ANGOCHAGUA_TRR_APT_8, eNodeB ID=44849, Cell FDD TDD indication=CELL_FDD",Reliable,485.26,36.823
2026-04-10 22:00,60,"PIC_UIO_ANGOCHAGUA_TRR_UL/Cell:eNodeB Function Name=PIC_UIO_ANGOCHAGUA_TRR_L, Local Cell ID=9, Cell Name=PIC_UIO_ANGOCHAGUA_TRR_APT_9, eNodeB ID=44849, Cell FDD TDD indication=CELL_FDD",Reliable,1584.952,287.929
2026-04-10 22:00,60,"PIC_UIO_PANECILLO_UL/Cell:eNodeB Function Name=PIC_UIO_PANECILLO_L, Local Cell ID=7, Cell Name=PIC_UIO_PANECILLO_APT_7, eNodeB ID=44014, Cell FDD TDD indication=CELL_FDD",Reliable,3115.136,285.66
2026-04-10 22:00,60,"PIC_UIO_PANECILLO_UL/Cell:eNodeB Function Name=PIC_UIO_PANECILLO_L, Local Cell ID=8, Cell Name=PIC_UIO_PANECILLO_APT_8, eNodeB ID=44014, Cell FDD TDD indication=CELL_FDD",Reliable,1433.941,125.36
2026-04-10 22:00,60,"PIC_CHI_COLIBRI_UL/Cell:eNodeB Function Name=PIC_RUM_COLIBRI_L, Local Cell ID=7, Cell Name=PIC_RUM_COLIBRI_L7_7, eNodeB ID=44130, Cell FDD TDD indication=CELL_FDD",Reliable,845.179,457.6
2026-04-10 22:00,60,"PIC_CHI_COLIBRI_UL/Cell:eNodeB Function Name=PIC_RUM_COLIBRI_L, Local Cell ID=8, Cell Name=PIC_RUM_COLIBRI_L7_8, eNodeB ID=44130, Cell FDD TDD indication=CELL_FDD",Reliable,4483.596,334.34
2026-04-10 22:00,60,"PIC_CHI_COLIBRI_UL/Cell:eNodeB Function Name=PIC_RUM_COLIBRI_L, Local Cell ID=9, Cell Name=PIC_RUM_COLIBRI_L7_9, eNodeB ID=44130, Cell FDD TDD indication=CELL_FDD",Reliable,1544.272,399.716
2026-04-10 22:00,60,"PIC_UIO_ZAPOTILLO_UL/Cell:eNodeB Function Name=PIC_UIO_ZAPOTILLOL21, Local Cell ID=7, Cell Name=PIC_UIO_ZAPOTILLO_APT_7, eNodeB ID=44342, Cell FDD TDD indication=CELL_FDD",Reliable,3279.353,296.436
2026-04-10 22:00,60,"PIC_UIO_ZAPOTILLO_UL/Cell:eNodeB Function Name=PIC_UIO_ZAPOTILLOL21, Local Cell ID=8, Cell Name=PIC_UIO_ZAPOTILLO_APT_8, eNodeB ID=44342, Cell FDD TDD indication=CELL_FDD",Reliable,1206.905,91.254
2026-04-10 22:00,60,"PIC_UIO_ZAPOTILLO_UL/Cell:eNodeB Function Name=PIC_UIO_ZAPOTILLOL21, Local Cell ID=9, Cell Name=PIC_UIO_ZAPOTILLO_APT_9, eNodeB ID=44342, Cell FDD TDD indication=CELL_FDD",Reliable,856.881,63.869
2026-04-10 22:00,60,"PIC_UIO_TAMBILLO_UL/Cell:eNodeB Function Name=PIC_UIO_TAMBILLO_L, Local Cell ID=7, Cell Name=PIC_UIO_TAMBILLO_APT_7, eNodeB ID=44241, Cell FDD TDD indication=CELL_FDD",Reliable,3176.822,212.346
2026-04-10 22:00,60,"PIC_UIO_TAMBILLO_UL/Cell:eNodeB Function Name=PIC_UIO_TAMBILLO_L, Local Cell ID=8, Cell Name=PIC_UIO_TAMBILLO_APT_8, eNodeB ID=44241, Cell FDD TDD indication=CELL_FDD",Reliable,5112.248,520.762
2026-04-10 22:00,60,"PIC_UIO_TAMBILLO_UL/Cell:eNodeB Function Name=PIC_UIO_TAMBILLO_L, Local Cell ID=9, Cell Name=PIC_UIO_TAMBILLO_APT_9, eNodeB ID=44241, Cell FDD TDD indication=CELL_FDD",Reliable,310.481,27.88
2026-04-10 22:00,60,"PIC_UIO_PLAYON_UL/Cell:eNodeB Function Name=PIC_UIO_PLAYON_L, Local Cell ID=7, Cell Name=PIC_UIO_PLAYON_APT_7, eNodeB ID=44268, Cell FDD TDD indication=CELL_FDD",Reliable,78.852,13.314
2026-04-10 22:00,60,"PIC_UIO_PLAYON_UL/Cell:eNodeB Function Name=PIC_UIO_PLAYON_L, Local Cell ID=8, Cell Name=PIC_UIO_PLAYON_APT_8, eNodeB ID=44268, Cell FDD TDD indication=CELL_FDD",Reliable,410.667,18.691
2026-04-10 22:00,60,"PIC_UIO_PLAYON_UL/Cell:eNodeB Function Name=PIC_UIO_PLAYON_L, Local Cell ID=9, Cell Name=PIC_UIO_PLAYON_APT_9, eNodeB ID=44268, Cell FDD TDD indication=CELL_FDD",Reliable,1726.948,73.273
2026-04-10 22:00,60,"PIC_CHI_COTOGCHOA_UL/Cell:eNodeB Function Name=PIC_CHI_COTOGCHOA_L, Local Cell ID=7, Cell Name=PIC_CHI_COTOGCHOA_APT_7, eNodeB ID=44108, Cell FDD TDD indication=CELL_FDD",Reliable,1307.628,112.913
2026-04-10 22:00,60,"PIC_CHI_COTOGCHOA_UL/Cell:eNodeB Function Name=PIC_CHI_COTOGCHOA_L, Local Cell ID=8, Cell Name=PIC_CHI_COTOGCHOA_APT_8, eNodeB ID=44108, Cell FDD TDD indication=CELL_FDD",Reliable,3428.493,243.452
2026-04-10 22:00,60,"PIC_CHI_COTOGCHOA_UL/Cell:eNodeB Function Name=PIC_CHI_COTOGCHOA_L, Local Cell ID=9, Cell Name=PIC_CHI_COTOGCHOA_APT_9, eNodeB ID=44108, Cell FDD TDD indication=CELL_FDD",Reliable,2058.983,148.692
2026-04-10 22:00,60,"PIC_UIO_LA_MERCED_UL/Cell:eNodeB Function Name=PIC_UIO_LA_MERCED_L, Local Cell ID=7, Cell Name=PIC_UIO_LA_MERCED_APT_7, eNodeB ID=44254, Cell FDD TDD indication=CELL_FDD",Reliable,3189.335,111.74
2026-04-10 22:00,60,"PIC_UIO_LA_MERCED_UL/Cell:eNodeB Function Name=PIC_UIO_LA_MERCED_L, Local Cell ID=8, Cell Name=PIC_UIO_LA_MERCED_APT_8, eNodeB ID=44254, Cell FDD TDD indication=CELL_FDD",Reliable,843.889,60.116
2026-04-10 22:00,60,"PIC_UIO_LA_MERCED_UL/Cell:eNodeB Function Name=PIC_UIO_LA_MERCED_L, Local Cell ID=9, Cell Name=PIC_UIO_LA_MERCED_APT_9, eNodeB ID=44254, Cell FDD TDD indication=CELL_FDD",Reliable,1077.059,87.258
2026-04-10 22:00,60,"PIC_MEJ_TESALIA_UL/Cell:eNodeB Function Name=PIC_MEJ_TESALIA_L, Local Cell ID=7, Cell Name=PIC_MEJ_TESALIA_APT_7, eNodeB ID=44428, Cell FDD TDD indication=CELL_FDD",Reliable,684.639,60.062
2026-04-10 22:00,60,"PIC_MEJ_TESALIA_UL/Cell:eNodeB Function Name=PIC_MEJ_TESALIA_L, Local Cell ID=8, Cell Name=PIC_MEJ_TESALIA_APT_8, eNodeB ID=44428, Cell FDD TDD indication=CELL_FDD",Reliable,506.304,76.034
2026-04-10 22:00,60,"PIC_MEJ_TESALIA_UL/Cell:eNodeB Function Name=PIC_MEJ_TESALIA_L, Local Cell ID=9, Cell Name=PIC_MEJ_TESALIA_APT_9, eNodeB ID=44428, Cell FDD TDD indication=CELL_FDD",Reliable,1232.148,77.955
2026-04-10 22:00,60,"PIC_CHI_PASAJE_SAN_BLAS_UL/Cell:eNodeB Function Name=PIC_CHI_PASAJE_SAN_BLAS_L, Local Cell ID=9, Cell Name=PIC_CHI_PASAJE_SAN_BLAS_APT_9, eNodeB ID=43561, Cell FDD TDD indication=CELL_FDD",Reliable,903.515,126.579
2026-04-10 22:00,60,"PIC_CHI_PASAJE_SAN_BLAS_UL/Cell:eNodeB Function Name=PIC_CHI_PASAJE_SAN_BLAS_L, Local Cell ID=8, Cell Name=PIC_CHI_PASAJE_SAN_BLAS_APT_8, eNodeB ID=43561, Cell FDD TDD indication=CELL_FDD",Reliable,3919.848,398.59
2026-04-10 22:00,60,"PIC_CHI_PASAJE_SAN_BLAS_UL/Cell:eNodeB Function Name=PIC_CHI_PASAJE_SAN_BLAS_L, Local Cell ID=7, Cell Name=PIC_CHI_PASAJE_SAN_BLAS_APT_7, eNodeB ID=43561, Cell FDD TDD indication=CELL_FDD",Reliable,2607.258,221.537
2026-04-10 22:00,60,"PIC_CHI_COL_LA_SALLE_UL/Cell:eNodeB Function Name=PIC_CHI_COL_LA_SALLE_L, Local Cell ID=9, Cell Name=PIC_CHI_COL_LA_SALLE_APT_9, eNodeB ID=43506, Cell FDD TDD indication=CELL_FDD",Reliable,585.243,53.332
2026-04-10 22:00,60,"PIC_CHI_COL_LA_SALLE_UL/Cell:eNodeB Function Name=PIC_CHI_COL_LA_SALLE_L, Local Cell ID=8, Cell Name=PIC_CHI_COL_LA_SALLE_APT_8, eNodeB ID=43506, Cell FDD TDD indication=CELL_FDD",Reliable,3256.658,404.811
2026-04-10 22:00,60,"PIC_CHI_COL_LA_SALLE_UL/Cell:eNodeB Function Name=PIC_CHI_COL_LA_SALLE_L, Local Cell ID=7, Cell Name=PIC_CHI_COL_LA_SALLE_APT_7, eNodeB ID=43506, Cell FDD TDD indication=CELL_FDD",Reliable,4119.322,375.49
2026-04-10 22:00,60,"PIC_CHI_BALCON_DEL_VALLE_UL/Cell:eNodeB Function Name=PIC_CHI_BALCON_DEL_VALLE_L, Local Cell ID=8, Cell Name=PIC_CHI_BALCON_DEL_VALLE_APT_8, eNodeB ID=43558, Cell FDD TDD indication=CELL_FDD",Reliable,1639.426,128.412
2026-04-10 22:00,60,"PIC_CHI_BALCON_DEL_VALLE_UL/Cell:eNodeB Function Name=PIC_CHI_BALCON_DEL_VALLE_L, Local Cell ID=7, Cell Name=PIC_CHI_BALCON_DEL_VALLE_APT_7, eNodeB ID=43558, Cell FDD TDD indication=CELL_FDD",Reliable,1811.956,157.196
2026-04-10 22:00,60,"PIC_UIO_BURGUEOS_ULN/Cell:eNodeB Function Name=PIC_UIO_BURGUEOS_L, Local Cell ID=9, Cell Name=PIC_UIO_BURGUEOS_APT_9, eNodeB ID=43586, Cell FDD TDD indication=CELL_FDD",Reliable,594.985,117.3
2026-04-10 22:00,60,"PIC_UIO_BURGUEOS_ULN/Cell:eNodeB Function Name=PIC_UIO_BURGUEOS_L, Local Cell ID=8, Cell Name=PIC_UIO_BURGUEOS_APT_8, eNodeB ID=43586, Cell FDD TDD indication=CELL_FDD",Reliable,513.071,39.905
2026-04-10 22:00,60,"PIC_UIO_BURGUEOS_ULN/Cell:eNodeB Function Name=PIC_UIO_BURGUEOS_L, Local Cell ID=7, Cell Name=PIC_UIO_BURGUEOS_APT_7, eNodeB ID=43586, Cell FDD TDD indication=CELL_FDD",Reliable,1321.64,69.504
2026-04-10 22:00,60,"PIC_ALO_ALOAG(3G)_UL/Cell:eNodeB Function Name=PIC_ALO_ALOAG_L, Local Cell ID=7, Cell Name=PIC_ALO_ALOAG_APT_7, eNodeB ID=44400, Cell FDD TDD indication=CELL_FDD",Reliable,109.57,8.992
2026-04-10 22:00,60,"PIC_ALO_ALOAG(3G)_UL/Cell:eNodeB Function Name=PIC_ALO_ALOAG_L, Local Cell ID=8, Cell Name=PIC_ALO_ALOAG_APT_8, eNodeB ID=44400, Cell FDD TDD indication=CELL_FDD",Reliable,1767.217,159.659
2026-04-10 22:00,60,"PIC_ALO_ALOAG(3G)_UL/Cell:eNodeB Function Name=PIC_ALO_ALOAG_L, Local Cell ID=9, Cell Name=PIC_ALO_ALOAG_APT_9, eNodeB ID=44400, Cell FDD TDD indication=CELL_FDD",Reliable,3137.128,323.013
2026-04-10 22:00,60,"PIC_UIO_CASHAPAMBA(PI)_UL/Cell:eNodeB Function Name=PIC_UIO_CASHAPAMBA_L, Local Cell ID=7, Cell Name=PIC_UIO_CASHAPAMBA_L7_7, eNodeB ID=44365, Cell FDD TDD indication=CELL_FDD",Reliable,605.991,66.989
2026-04-10 22:00,60,"PIC_UIO_CASHAPAMBA(PI)_UL/Cell:eNodeB Function Name=PIC_UIO_CASHAPAMBA_L, Local Cell ID=8, Cell Name=PIC_UIO_CASHAPAMBA_L7_8, eNodeB ID=44365, Cell FDD TDD indication=CELL_FDD",Reliable,3977.434,419.215
2026-04-10 22:00,60,"PIC_UIO_CASHAPAMBA(PI)_UL/Cell:eNodeB Function Name=PIC_UIO_CASHAPAMBA_L, Local Cell ID=9, Cell Name=PIC_UIO_CASHAPAMBA_L7_9, eNodeB ID=44365, Cell FDD TDD indication=CELL_FDD",Reliable,812.772,78.733
2026-04-10 22:00,60,"PIC_CHI_PUEBLO_BLANCO_UL/Cell:eNodeB Function Name=PIC_CHI_PUEBLO_BLANCO_L, Local Cell ID=7, Cell Name=PIC_CHI_PUEBLO_BLANCO_APT_7, eNodeB ID=44348, Cell FDD TDD indication=CELL_FDD",Reliable,1152.513,94.485
2026-04-10 22:00,60,"PIC_CHI_PUEBLO_BLANCO_UL/Cell:eNodeB Function Name=PIC_CHI_PUEBLO_BLANCO_L, Local Cell ID=8, Cell Name=PIC_CHI_PUEBLO_BLANCO_APT_8, eNodeB ID=44348, Cell FDD TDD indication=CELL_FDD",Reliable,1429.377,323.767
2026-04-10 22:00,60,"PIC_CHI_PUEBLO_BLANCO_UL/Cell:eNodeB Function Name=PIC_CHI_PUEBLO_BLANCO_L, Local Cell ID=9, Cell Name=PIC_CHI_PUEBLO_BLANCO_APT_9, eNodeB ID=44348, Cell FDD TDD indication=CELL_FDD",Reliable,551.005,40.704
2026-04-10 22:00,60,"PIC_UIO_VIA_PAPALLACTA_QUITO_UL/Cell:eNodeB Function Name=PIC_UIO_VIA_PAPALLACTA_QUITOL7, Local Cell ID=7, Cell Name=PIC_UIO_VIA_PAPALLACTA_QUITO_APT_7, eNodeB ID=44367, Cell FDD TDD indication=CELL_FDD",Reliable,2209.749,108.991
2026-04-10 22:00,60,"PIC_UIO_VIA_PAPALLACTA_QUITO_UL/Cell:eNodeB Function Name=PIC_UIO_VIA_PAPALLACTA_QUITOL7, Local Cell ID=8, Cell Name=PIC_UIO_VIA_PAPALLACTA_QUITO_APT_8, eNodeB ID=44367, Cell FDD TDD indication=CELL_FDD",Reliable,1519.617,100.749
2026-04-10 22:00,60,"PIC_UIO_VIA_PAPALLACTA_QUITO_UL/Cell:eNodeB Function Name=PIC_UIO_VIA_PAPALLACTA_QUITOL7, Local Cell ID=9, Cell Name=PIC_UIO_VIA_PAPALLACTA_QUITO_APT_9, eNodeB ID=44367, Cell FDD TDD indication=CELL_FDD",Reliable,3811.801,404.027
2026-04-10 22:00,60,"PIC_UIO_SAN_ISIDRO_PUENGAS_UL/Cell:eNodeB Function Name=PIC_UIO_SAN_ISIDRO_PUENGAS_L, Local Cell ID=1, Cell Name=PIC_UIO_SAN_ISIDRO_PUENGAS_AWS_1, eNodeB ID=44344, Cell FDD TDD indication=CELL_FDD",Reliable,3815.605,315.599
2026-04-10 22:00,60,"PIC_UIO_SAN_ISIDRO_PUENGAS_UL/Cell:eNodeB Function Name=PIC_UIO_SAN_ISIDRO_PUENGAS_L, Local Cell ID=8, Cell Name=PIC_UIO_SAN_ISIDRO_PUENGAS_APT_8, eNodeB ID=44344, Cell FDD TDD indication=CELL_FDD",Reliable,1604.87,147.247
2026-04-10 22:00,60,"PIC_UIO_SAN_ISIDRO_PUENGAS_UL/Cell:eNodeB Function Name=PIC_UIO_SAN_ISIDRO_PUENGAS_L, Local Cell ID=9, Cell Name=PIC_UIO_SAN_ISIDRO_PUENGAS_APT_9, eNodeB ID=44344, Cell FDD TDD indication=CELL_FDD",Reliable,4768.337,491.582
2026-04-10 22:00,60,"PIC_TUM_AURELIO_DAVILA_ULN/Cell:eNodeB Function Name=PIC_TUM_AURELIO_DAVILA_L, Local Cell ID=7, Cell Name=PIC_TUM_AURELIO_DAVILA_APT_7, eNodeB ID=43545, Cell FDD TDD indication=CELL_FDD",Reliable,864.275,78.38
2026-04-10 22:00,60,"PIC_TUM_AURELIO_DAVILA_ULN/Cell:eNodeB Function Name=PIC_TUM_AURELIO_DAVILA_L, Local Cell ID=8, Cell Name=PIC_TUM_AURELIO_DAVILA_APT_8, eNodeB ID=43545, Cell FDD TDD indication=CELL_FDD",Reliable,733.882,84.196
2026-04-10 22:00,60,"PIC_TUM_AURELIO_DAVILA_ULN/Cell:eNodeB Function Name=PIC_TUM_AURELIO_DAVILA_L, Local Cell ID=9, Cell Name=PIC_TUM_AURELIO_DAVILA_APT_9, eNodeB ID=43545, Cell FDD TDD indication=CELL_FDD",Reliable,768.54,57.272
2026-04-10 22:00,60,"PIC_UIO_ALANGASI_CENTRAL_UL/Cell:eNodeB Function Name=PIC_UIO_ALANGASI_CENTRAL_L, Local Cell ID=7, Cell Name=PIC_UIO_ALANGASI_CENTRAL_APT_7, eNodeB ID=44279, Cell FDD TDD indication=CELL_FDD",Reliable,1414.632,141.951
2026-04-10 22:00,60,"PIC_UIO_ALANGASI_CENTRAL_UL/Cell:eNodeB Function Name=PIC_UIO_ALANGASI_CENTRAL_L, Local Cell ID=8, Cell Name=PIC_UIO_ALANGASI_CENTRAL_APT_8, eNodeB ID=44279, Cell FDD TDD indication=CELL_FDD",Reliable,618.86,86.842
2026-04-10 22:00,60,"PIC_UIO_ALANGASI_CENTRAL_UL/Cell:eNodeB Function Name=PIC_UIO_ALANGASI_CENTRAL_L, Local Cell ID=9, Cell Name=PIC_UIO_ALANGASI_CENTRAL_APT_9, eNodeB ID=44279, Cell FDD TDD indication=CELL_FDD",Reliable,1868.286,148.704
2026-04-10 22:00,60,"PIC_UIO_PARQUE_ITALIA_UL/Cell:eNodeB Function Name=PIC_UIO_PARQUE_ITALIA_L, Local Cell ID=7, Cell Name=PIC_UIO_PARQUE_ITALIA_APT_7, eNodeB ID=43551, Cell FDD TDD indication=CELL_FDD",Reliable,1122.256,184.141
2026-04-10 22:00,60,"PIC_UIO_PARQUE_ITALIA_UL/Cell:eNodeB Function Name=PIC_UIO_PARQUE_ITALIA_L, Local Cell ID=8, Cell Name=PIC_UIO_PARQUE_ITALIA_APT_8, eNodeB ID=43551, Cell FDD TDD indication=CELL_FDD",Reliable,2908.391,274.797
2026-04-10 22:00,60,"PIC_UIO_PARQUE_ITALIA_UL/Cell:eNodeB Function Name=PIC_UIO_PARQUE_ITALIA_L, Local Cell ID=9, Cell Name=PIC_UIO_PARQUE_ITALIA_APT_9, eNodeB ID=43551, Cell FDD TDD indication=CELL_FDD",Reliable,2105.781,158.592
2026-04-10 22:00,60,"PIC_CHI_SAN_FRANCISCO_DE_CONOCOTO_UL/Cell:eNodeB Function Name=PIC_CHI_SAN_FRANCISCO_DE_CONOCOTO_L, Local Cell ID=7, Cell Name=PIC_CHI_SAN_FRANCISCO_DE_CONOCOTO_L7_7, eNodeB ID=44237, Cell FDD TDD indication=CELL_FDD",Reliable,3284.591,221.012
2026-04-10 22:00,60,"PIC_CHI_SAN_FRANCISCO_DE_CONOCOTO_UL/Cell:eNodeB Function Name=PIC_CHI_SAN_FRANCISCO_DE_CONOCOTO_L, Local Cell ID=8, Cell Name=PIC_CHI_SAN_FRANCISCO_DE_CONOCOTO_L7_8, eNodeB ID=44237, Cell FDD TDD indication=CELL_FDD",Reliable,1726.142,128.013
2026-04-10 22:00,60,"PIC_CHI_SAN_FRANCISCO_DE_CONOCOTO_UL/Cell:eNodeB Function Name=PIC_CHI_SAN_FRANCISCO_DE_CONOCOTO_L, Local Cell ID=9, Cell Name=PIC_CHI_SAN_FRANCISCO_DE_CONOCOTO_L7_9, eNodeB ID=44237, Cell FDD TDD indication=CELL_FDD",Reliable,4036.85,262.092
2026-04-10 22:00,60,"PIC_UIO_COW_INTER_CUMBAYA_UL/Cell:eNodeB Function Name=PIC_UIO_COW_INTER_CUMBAYA_L, Local Cell ID=7, Cell Name=PIC_UIO_COW_INTER_CUMBAYA_APT_7, eNodeB ID=44931, Cell FDD TDD indication=CELL_FDD",Reliable,950.781,148.676
2026-04-10 22:00,60,"PIC_UIO_COW_INTER_CUMBAYA_UL/Cell:eNodeB Function Name=PIC_UIO_COW_INTER_CUMBAYA_L, Local Cell ID=8, Cell Name=PIC_UIO_COW_INTER_CUMBAYA_APT_8, eNodeB ID=44931, Cell FDD TDD indication=CELL_FDD",Reliable,1004.809,350.663
2026-04-10 22:00,60,"PIC_UIO_COW_INTER_CUMBAYA_UL/Cell:eNodeB Function Name=PIC_UIO_COW_INTER_CUMBAYA_L, Local Cell ID=9, Cell Name=PIC_UIO_COW_INTER_CUMBAYA_APT_9, eNodeB ID=44931, Cell FDD TDD indication=CELL_FDD",Reliable,1705.802,437.707
2026-04-10 22:00,60,"PIC_UIO_EL_QUINCHE_UL/Cell:eNodeB Function Name=PIC_UIO_EL_QUINCHE_L, Local Cell ID=7, Cell Name=PIC_UIO_QUINCHE_APT_7, eNodeB ID=44401, Cell FDD TDD indication=CELL_FDD",Reliable,1482.292,129.582
2026-04-10 22:00,60,"PIC_UIO_EL_QUINCHE_UL/Cell:eNodeB Function Name=PIC_UIO_EL_QUINCHE_L, Local Cell ID=8, Cell Name=PIC_UIO_QUINCHE_APT_8, eNodeB ID=44401, Cell FDD TDD indication=CELL_FDD",Reliable,4142.004,309.133
2026-04-10 22:00,60,"PIC_UIO_EL_QUINCHE_UL/Cell:eNodeB Function Name=PIC_UIO_EL_QUINCHE_L, Local Cell ID=9, Cell Name=PIC_UIO_QUINCHE_APT_9, eNodeB ID=44401, Cell FDD TDD indication=CELL_FDD",Reliable,853.825,104.119
2026-04-10 22:00,60,"PIC_UIO_CALDERON_BELLAVISTA_UL/Cell:eNodeB Function Name=PIC_UIO_CALDERON_BELLAVISTA_L, Local Cell ID=7, Cell Name=PIC_UIO_CALDERON_BELLAVISTA_APT_7, eNodeB ID=44360, Cell FDD TDD indication=CELL_FDD",Reliable,681.104,103.04
2026-04-10 22:00,60,"PIC_UIO_CALDERON_BELLAVISTA_UL/Cell:eNodeB Function Name=PIC_UIO_CALDERON_BELLAVISTA_L, Local Cell ID=8, Cell Name=PIC_UIO_CALDERON_BELLAVISTA_APT_8, eNodeB ID=44360, Cell FDD TDD indication=CELL_FDD",Reliable,656.292,1067.733
2026-04-10 22:00,60,"PIC_UIO_CALDERON_BELLAVISTA_UL/Cell:eNodeB Function Name=PIC_UIO_CALDERON_BELLAVISTA_L, Local Cell ID=9, Cell Name=PIC_UIO_CALDERON_BELLAVISTA_APT_9, eNodeB ID=44360, Cell FDD TDD indication=CELL_FDD",Reliable,951.938,346.564
2026-04-10 22:00,60,"PIC_UIO_PISULI_UL/Cell:eNodeB Function Name=PIC_UIO_PISULI_L, Local Cell ID=7, Cell Name=PIC_UIO_PISULI_APT_7, eNodeB ID=44172, Cell FDD TDD indication=CELL_FDD",Reliable,5564.697,515.921
2026-04-10 22:00,60,"PIC_UIO_PISULI_UL/Cell:eNodeB Function Name=PIC_UIO_PISULI_L, Local Cell ID=8, Cell Name=PIC_UIO_PISULI_APT_8, eNodeB ID=44172, Cell FDD TDD indication=CELL_FDD",Reliable,4122.531,364.282
2026-04-10 22:00,60,"PIC_UIO_PISULI_UL/Cell:eNodeB Function Name=PIC_UIO_PISULI_L, Local Cell ID=9, Cell Name=PIC_UIO_PISULI_APT_9, eNodeB ID=44172, Cell FDD TDD indication=CELL_FDD",Reliable,1591.941,284.515
2026-04-10 22:00,60,"PIC_UIO_URB_EL_CONDADO_UL/Cell:eNodeB Function Name=PIC_UIO_URB_EL_CONDADO_L, Local Cell ID=9, Cell Name=PIC_UIO_URB_EL_CONDADO_APT_9, eNodeB ID=43604, Cell FDD TDD indication=CELL_FDD",Reliable,2550.293,217.31
2026-04-10 22:00,60,"PIC_UIO_URB_EL_CONDADO_UL/Cell:eNodeB Function Name=PIC_UIO_URB_EL_CONDADO_L, Local Cell ID=8, Cell Name=PIC_UIO_URB_EL_CONDADO_APT_8, eNodeB ID=43604, Cell FDD TDD indication=CELL_FDD",Reliable,2228.699,225.623
2026-04-10 22:00,60,"PIC_UIO_URB_EL_CONDADO_UL/Cell:eNodeB Function Name=PIC_UIO_URB_EL_CONDADO_L, Local Cell ID=7, Cell Name=PIC_UIO_URB_EL_CONDADO_APT_7, eNodeB ID=43604, Cell FDD TDD indication=CELL_FDD",Reliable,4042.887,291.874
2026-04-10 22:00,60,"CAR_TUL_19_DE_NOVIEMBRE_UL/Cell:eNodeB Function Name=CAR_TUL_19_DE_NOVIEMBRE_L, Local Cell ID=9, Cell Name=CAR_TUL_19_DE_NOVIEMBRE_APT_9, eNodeB ID=43531, Cell FDD TDD indication=CELL_FDD",Reliable,4648.144,409.179
2026-04-10 22:00,60,"CAR_TUL_19_DE_NOVIEMBRE_UL/Cell:eNodeB Function Name=CAR_TUL_19_DE_NOVIEMBRE_L, Local Cell ID=8, Cell Name=CAR_TUL_19_DE_NOVIEMBRE_APT_8, eNodeB ID=43531, Cell FDD TDD indication=CELL_FDD",Reliable,5845.345,555.222
2026-04-10 22:00,60,"CAR_TUL_19_DE_NOVIEMBRE_UL/Cell:eNodeB Function Name=CAR_TUL_19_DE_NOVIEMBRE_L, Local Cell ID=7, Cell Name=CAR_TUL_19_DE_NOVIEMBRE_APT_7, eNodeB ID=43531, Cell FDD TDD indication=CELL_FDD",Reliable,7213.187,556.156
2026-04-10 22:00,60,"CAR_TUL_LA_RIOJA_UL/Cell:eNodeB Function Name=CAR_TUL_LA_RIOJA_L, Local Cell ID=9, Cell Name=CAR_TUL_LA_RIOJA_APT_9, eNodeB ID=43580, Cell FDD TDD indication=CELL_FDD",Reliable,1892.729,134.635
2026-04-10 22:00,60,"CAR_TUL_LA_RIOJA_UL/Cell:eNodeB Function Name=CAR_TUL_LA_RIOJA_L, Local Cell ID=8, Cell Name=CAR_TUL_LA_RIOJA_APT_8, eNodeB ID=43580, Cell FDD TDD indication=CELL_FDD",Reliable,785.373,88.036
2026-04-10 22:00,60,"CAR_TUL_LA_RIOJA_UL/Cell:eNodeB Function Name=CAR_TUL_LA_RIOJA_L, Local Cell ID=7, Cell Name=CAR_TUL_LA_RIOJA_APT_7, eNodeB ID=43580, Cell FDD TDD indication=CELL_FDD",Reliable,1973.614,184.748
2026-04-10 22:00,60,"PIC_UIO_MARIANO_PAREDES_UL/Cell:eNodeB Function Name=PIC_UIO_MARIANO_PAREDES_L, Local Cell ID=9, Cell Name=PIC_UIO_MARIANO_PAREDES_APT_9, eNodeB ID=43527, Cell FDD TDD indication=CELL_FDD",Reliable,1253.212,174.189
2026-04-10 22:00,60,"PIC_UIO_MARIANO_PAREDES_UL/Cell:eNodeB Function Name=PIC_UIO_MARIANO_PAREDES_L, Local Cell ID=8, Cell Name=PIC_UIO_MARIANO_PAREDES_APT_8, eNodeB ID=43527, Cell FDD TDD indication=CELL_FDD",Reliable,2697.961,225.573
2026-04-10 22:00,60,"PIC_UIO_MARIANO_PAREDES_UL/Cell:eNodeB Function Name=PIC_UIO_MARIANO_PAREDES_L, Local Cell ID=7, Cell Name=PIC_UIO_MARIANO_PAREDES_APT_7, eNodeB ID=43527, Cell FDD TDD indication=CELL_FDD",Reliable,9485.966,1199.601
2026-04-10 22:00,60,"PIC_UIO_CARAPUNGO_LOS_PELICANOS_UL/Cell:eNodeB Function Name=PIC_UIO_CARAPUNGO_LOS_PELICANOS_L, Local Cell ID=9, Cell Name=PIC_UIO_CARAPUNGO_LOS_PELICANOS_APT_9, eNodeB ID=43626, Cell FDD TDD indication=CELL_FDD",Reliable,1339.28,128.153
2026-04-10 22:00,60,"PIC_UIO_CARAPUNGO_LOS_PELICANOS_UL/Cell:eNodeB Function Name=PIC_UIO_CARAPUNGO_LOS_PELICANOS_L, Local Cell ID=8, Cell Name=PIC_UIO_CARAPUNGO_LOS_PELICANOS_APT_8, eNodeB ID=43626, Cell FDD TDD indication=CELL_FDD",Reliable,1224.553,76.425
2026-04-10 22:00,60,"PIC_UIO_CARAPUNGO_LOS_PELICANOS_UL/Cell:eNodeB Function Name=PIC_UIO_CARAPUNGO_LOS_PELICANOS_L, Local Cell ID=7, Cell Name=PIC_UIO_CARAPUNGO_LOS_PELICANOS_APT_7, eNodeB ID=43626, Cell FDD TDD indication=CELL_FDD",Reliable,1263.322,123.574
2026-04-10 22:00,60,"PIC_UIO_29_DE_ABRIL_UL/Cell:eNodeB Function Name=PIC_UIO_29_DE_ABRIL_L, Local Cell ID=9, Cell Name=PIC_UIO_29_DE_ABRIL_APT_9, eNodeB ID=43601, Cell FDD TDD indication=CELL_FDD",Reliable,3047.118,321.263
2026-04-10 22:00,60,"PIC_UIO_29_DE_ABRIL_UL/Cell:eNodeB Function Name=PIC_UIO_29_DE_ABRIL_L, Local Cell ID=8, Cell Name=PIC_UIO_29_DE_ABRIL_APT_8, eNodeB ID=43601, Cell FDD TDD indication=CELL_FDD",Reliable,457.491,48.896
2026-04-10 22:00,60,"PIC_UIO_29_DE_ABRIL_UL/Cell:eNodeB Function Name=PIC_UIO_29_DE_ABRIL_L, Local Cell ID=7, Cell Name=PIC_UIO_29_DE_ABRIL_APT_7, eNodeB ID=43601, Cell FDD TDD indication=CELL_FDD",Reliable,853.58,112.857
2026-04-10 22:00,60,"PIC_UIO_AREA_VERDE_UL/Cell:eNodeB Function Name=PIC_UIO_AREA_VERDE_L, Local Cell ID=9, Cell Name=PIC_UIO_AREA_VERDE_APT_9, eNodeB ID=43625, Cell FDD TDD indication=CELL_FDD",Reliable,597.477,37.904
2026-04-10 22:00,60,"PIC_UIO_AREA_VERDE_UL/Cell:eNodeB Function Name=PIC_UIO_AREA_VERDE_L, Local Cell ID=8, Cell Name=PIC_UIO_AREA_VERDE_APT_8, eNodeB ID=43625, Cell FDD TDD indication=CELL_FDD",Reliable,681.088,62.729
2026-04-10 22:00,60,"PIC_UIO_AREA_VERDE_UL/Cell:eNodeB Function Name=PIC_UIO_AREA_VERDE_L, Local Cell ID=7, Cell Name=PIC_UIO_AREA_VERDE_APT_7, eNodeB ID=43625, Cell FDD TDD indication=CELL_FDD",Reliable,1775.495,137.654
2026-04-10 22:00,60,"PIC_UIO_FRANCISCO_DALMAU_UL/Cell:eNodeB Function Name=PIC_UIO_FRANCISCO_DALMAU_L, Local Cell ID=8, Cell Name=PIC_UIO_FRANCISCO_DALMAU_APT_8, eNodeB ID=43587, Cell FDD TDD indication=CELL_FDD",Reliable,2834.548,559.372
2026-04-10 22:00,60,"PIC_UIO_FRANCISCO_DALMAU_UL/Cell:eNodeB Function Name=PIC_UIO_FRANCISCO_DALMAU_L, Local Cell ID=7, Cell Name=PIC_UIO_FRANCISCO_DALMAU_APT_7, eNodeB ID=43587, Cell FDD TDD indication=CELL_FDD",Reliable,766.846,63.717
2026-04-10 22:00,60,"PIC_UIO_BELLAVISTA_ALTA_UL/Cell:eNodeB Function Name=PIC_UIO_BELLAVISTA_ALTA_L, Local Cell ID=7, Cell Name=PIC_UIO_BELLAVISTA_ALTA_APT_7, eNodeB ID=44082, Cell FDD TDD indication=CELL_FDD",Reliable,1617.725,145.223
2026-04-10 22:00,60,"PIC_UIO_BELLAVISTA_ALTA_UL/Cell:eNodeB Function Name=PIC_UIO_BELLAVISTA_ALTA_L, Local Cell ID=8, Cell Name=PIC_UIO_BELLAVISTA_ALTA_APT_8, eNodeB ID=44082, Cell FDD TDD indication=CELL_FDD",Reliable,808.207,54.939
2026-04-10 22:00,60,"PIC_UIO_BELLAVISTA_ALTA_UL/Cell:eNodeB Function Name=PIC_UIO_BELLAVISTA_ALTA_L, Local Cell ID=9, Cell Name=PIC_UIO_BELLAVISTA_ALTA_APT_9, eNodeB ID=44082, Cell FDD TDD indication=CELL_FDD",Reliable,2796.738,333.564
2026-04-10 22:00,60,"PIC_UIO_ELOY_ALFARO_UL/Cell:eNodeB Function Name=PIC_UIO_ELOY_ALFARO_L, Local Cell ID=7, Cell Name=PIC_UIO_ELOY_ALFARO_APT_7, eNodeB ID=44034, Cell FDD TDD indication=CELL_FDD",Reliable,2080.46,169.793
2026-04-10 22:00,60,"PIC_UIO_ELOY_ALFARO_UL/Cell:eNodeB Function Name=PIC_UIO_ELOY_ALFARO_L, Local Cell ID=8, Cell Name=PIC_UIO_ELOY_ALFARO_APT_8, eNodeB ID=44034, Cell FDD TDD indication=CELL_FDD",Reliable,1624.625,178.447
2026-04-10 22:00,60,"PIC_UIO_ELOY_ALFARO_UL/Cell:eNodeB Function Name=PIC_UIO_ELOY_ALFARO_L, Local Cell ID=9, Cell Name=PIC_UIO_ELOY_ALFARO_APT_9, eNodeB ID=44034, Cell FDD TDD indication=CELL_FDD",Reliable,224.126,31.269
2026-04-10 22:00,60,"PIC_UIO_VIA_PIFO_UL/Cell:eNodeB Function Name=PIC_UIO_VIA_PIFO_L, Local Cell ID=7, Cell Name=PIC_UIO_VIA_PIFO_L7_7, eNodeB ID=44435, Cell FDD TDD indication=CELL_FDD",Reliable,557.022,344.779
2026-04-10 22:00,60,"PIC_UIO_VIA_PIFO_UL/Cell:eNodeB Function Name=PIC_UIO_VIA_PIFO_L, Local Cell ID=8, Cell Name=PIC_UIO_VIA_PIFO_L7_8, eNodeB ID=44435, Cell FDD TDD indication=CELL_FDD",Reliable,271.797,67.422
2026-04-10 22:00,60,"PIC_UIO_VIA_PIFO_UL/Cell:eNodeB Function Name=PIC_UIO_VIA_PIFO_L, Local Cell ID=9, Cell Name=PIC_UIO_VIA_PIFO_L7_9, eNodeB ID=44435, Cell FDD TDD indication=CELL_FDD",Reliable,210.324,39.385
2026-04-10 22:00,60,"PIC_UIO_GRAL_AGUIRRE_UL/Cell:eNodeB Function Name=PIC_UIO_GRAL_AGUIRRE_L, Local Cell ID=7, Cell Name=PIC_UIO_GRAL_AGUIRRE_APT_7, eNodeB ID=43547, Cell FDD TDD indication=CELL_FDD",Reliable,3604.533,668.212
2026-04-10 22:00,60,"PIC_UIO_GRAL_AGUIRRE_UL/Cell:eNodeB Function Name=PIC_UIO_GRAL_AGUIRRE_L, Local Cell ID=8, Cell Name=PIC_UIO_GRAL_AGUIRRE_APT_8, eNodeB ID=43547, Cell FDD TDD indication=CELL_FDD",Reliable,1402.736,153.619
2026-04-10 22:00,60,"PIC_UIO_GRAL_AGUIRRE_UL/Cell:eNodeB Function Name=PIC_UIO_GRAL_AGUIRRE_L, Local Cell ID=9, Cell Name=PIC_UIO_GRAL_AGUIRRE_APT_9, eNodeB ID=43547, Cell FDD TDD indication=CELL_FDD",Reliable,2856.614,224.01
2026-04-10 22:00,60,"ESM_ESM_ESME_MIDUVI_UL/Cell:eNodeB Function Name=ESM_ESM_ESME_MIDUVI_L, Local Cell ID=7, Cell Name=ESM_ESM_ESME_MIDUVI_APT_7, eNodeB ID=44181, Cell FDD TDD indication=CELL_FDD",Reliable,1706.564,155.545
2026-04-10 22:00,60,"ESM_ESM_ESME_MIDUVI_UL/Cell:eNodeB Function Name=ESM_ESM_ESME_MIDUVI_L, Local Cell ID=8, Cell Name=ESM_ESM_ESME_MIDUVI_APT_8, eNodeB ID=44181, Cell FDD TDD indication=CELL_FDD",Reliable,576.2,60.293
2026-04-10 22:00,60,"ESM_ESM_ESME_MIDUVI_UL/Cell:eNodeB Function Name=ESM_ESM_ESME_MIDUVI_L, Local Cell ID=9, Cell Name=ESM_ESM_ESME_MIDUVI_APT_9, eNodeB ID=44181, Cell FDD TDD indication=CELL_FDD",Reliable,707.058,43.891
2026-04-10 22:00,60,"PIC_UIO_VIA_PULULAHUA_UL/Cell:eNodeB Function Name=PIC_UIO_VIA_PULULAHUAL21, Local Cell ID=7, Cell Name=PIC_UIO_VIA_PULULAHUA_APT_7, eNodeB ID=44282, Cell FDD TDD indication=CELL_FDD",Reliable,78.186,9.952
2026-04-10 22:00,60,"PIC_UIO_VIA_PULULAHUA_UL/Cell:eNodeB Function Name=PIC_UIO_VIA_PULULAHUAL21, Local Cell ID=8, Cell Name=PIC_UIO_VIA_PULULAHUA_APT_8, eNodeB ID=44282, Cell FDD TDD indication=CELL_FDD",Reliable,407.292,40.393
2026-04-10 22:00,60,"PIC_UIO_VIA_PULULAHUA_UL/Cell:eNodeB Function Name=PIC_UIO_VIA_PULULAHUAL21, Local Cell ID=9, Cell Name=PIC_UIO_VIA_PULULAHUA_APT_9, eNodeB ID=44282, Cell FDD TDD indication=CELL_FDD",Reliable,364.279,26.724
2026-04-10 22:00,60,"PIC_UIO_YANBAL_UL/Cell:eNodeB Function Name=PIC_UIO_YANBAL_L, Local Cell ID=7, Cell Name=PIC_UIO_YANBAL_L7_1, eNodeB ID=44196, Cell FDD TDD indication=CELL_FDD",Reliable,2884.739,227.196
2026-04-10 22:00,60,"PIC_UIO_YANBAL_UL/Cell:eNodeB Function Name=PIC_UIO_YANBAL_L, Local Cell ID=8, Cell Name=PIC_UIO_YANBAL_L7_2, eNodeB ID=44196, Cell FDD TDD indication=CELL_FDD",Reliable,1188.442,88.349
2026-04-10 22:00,60,"PIC_UIO_YANBAL_UL/Cell:eNodeB Function Name=PIC_UIO_YANBAL_L, Local Cell ID=9, Cell Name=PIC_UIO_YANBAL_L7_3, eNodeB ID=44196, Cell FDD TDD indication=CELL_FDD",Reliable,2280.379,190.178
2026-04-10 22:00,60,"PIC_UIO_CALDERON_SAN_JUAN_UL/Cell:eNodeB Function Name=PIC_UIO_CALDERON_SAN_JUAN_L, Local Cell ID=7, Cell Name=PIC_UIO_CALDERON_SAN_JUAN_APT_7, eNodeB ID=44359, Cell FDD TDD indication=CELL_FDD",Reliable,547.734,44.468
2026-04-10 22:00,60,"PIC_UIO_CALDERON_SAN_JUAN_UL/Cell:eNodeB Function Name=PIC_UIO_CALDERON_SAN_JUAN_L, Local Cell ID=8, Cell Name=PIC_UIO_CALDERON_SAN_JUAN_APT_8, eNodeB ID=44359, Cell FDD TDD indication=CELL_FDD",Reliable,272.122,47.208
2026-04-10 22:00,60,"PIC_UIO_CALDERON_SAN_JUAN_UL/Cell:eNodeB Function Name=PIC_UIO_CALDERON_SAN_JUAN_L, Local Cell ID=9, Cell Name=PIC_UIO_CALDERON_SAN_JUAN_APT_9, eNodeB ID=44359, Cell FDD TDD indication=CELL_FDD",Reliable,1180.999,116.631
2026-04-10 22:00,60,"ESM_ESM_ESME_SANTA_VAINAS_UL/Cell:eNodeB Function Name=ESM_ESM_ESME_SANTA_VAINAS_L, Local Cell ID=7, Cell Name=ESM_ESM_ESME_SANTA_VAINAS_APT_7, eNodeB ID=43607, Cell FDD TDD indication=CELL_FDD",Reliable,448.773,14.765
2026-04-10 22:00,60,"ESM_ESM_ESME_SANTA_VAINAS_UL/Cell:eNodeB Function Name=ESM_ESM_ESME_SANTA_VAINAS_L, Local Cell ID=8, Cell Name=ESM_ESM_ESME_SANTA_VAINAS_APT_8, eNodeB ID=43607, Cell FDD TDD indication=CELL_FDD",Reliable,580.783,37.17
2026-04-10 22:00,60,"ESM_ESM_ESME_SANTA_VAINAS_UL/Cell:eNodeB Function Name=ESM_ESM_ESME_SANTA_VAINAS_L, Local Cell ID=9, Cell Name=ESM_ESM_ESME_SANTA_VAINAS_APT_9, eNodeB ID=43607, Cell FDD TDD indication=CELL_FDD",Reliable,5.743,0.154
2026-04-10 22:00,60,"PIC_UIO_CALDERON_QUITUS_UL/Cell:eNodeB Function Name=PIC_UIO_CALDERON_QUITUS_L, Local Cell ID=7, Cell Name=PIC_UIO_CALDERON_QUITUS_L7_7, eNodeB ID=44088, Cell FDD TDD indication=CELL_FDD",Reliable,2948.92,314.706
2026-04-10 22:00,60,"PIC_UIO_CALDERON_QUITUS_UL/Cell:eNodeB Function Name=PIC_UIO_CALDERON_QUITUS_L, Local Cell ID=8, Cell Name=PIC_UIO_CALDERON_QUITUS_L7_8, eNodeB ID=44088, Cell FDD TDD indication=CELL_FDD",Reliable,4345.904,368.843
2026-04-10 22:00,60,"PIC_UIO_CALDERON_QUITUS_UL/Cell:eNodeB Function Name=PIC_UIO_CALDERON_QUITUS_L, Local Cell ID=9, Cell Name=PIC_UIO_CALDERON_QUITUS_L7_9, eNodeB ID=44088, Cell FDD TDD indication=CELL_FDD",Reliable,1172.659,98.875
2026-04-10 22:00,60,"PIC_UIO_MARIANITAS_UL/Cell:eNodeB Function Name=PIC_UIO_MARIANITAS_L, Local Cell ID=7, Cell Name=PIC_UIO_MARIANITAS_APT_7, eNodeB ID=44158, Cell FDD TDD indication=CELL_FDD",Reliable,3711.301,277.482
2026-04-10 22:00,60,"PIC_UIO_MARIANITAS_UL/Cell:eNodeB Function Name=PIC_UIO_MARIANITAS_L, Local Cell ID=8, Cell Name=PIC_UIO_MARIANITAS_APT_8, eNodeB ID=44158, Cell FDD TDD indication=CELL_FDD",Reliable,6692.997,641.737
2026-04-10 22:00,60,"PIC_UIO_MARIANITAS_UL/Cell:eNodeB Function Name=PIC_UIO_MARIANITAS_L, Local Cell ID=9, Cell Name=PIC_UIO_MARIANITAS_APT_9, eNodeB ID=44158, Cell FDD TDD indication=CELL_FDD",Reliable,713.745,55.444
2026-04-10 22:00,60,"ESM_ESM_LA_TOLITA_UL/Cell:eNodeB Function Name=ESM_ESM_LA_TOLITA_L, Local Cell ID=7, Cell Name=ESM_ESM_LA_TOLITA_APT_7, eNodeB ID=44608, Cell FDD TDD indication=CELL_FDD",Reliable,352.043,25.98
2026-04-10 22:00,60,"ESM_ESM_LA_TOLITA_UL/Cell:eNodeB Function Name=ESM_ESM_LA_TOLITA_L, Local Cell ID=8, Cell Name=ESM_ESM_LA_TOLITA_APT_8, eNodeB ID=44608, Cell FDD TDD indication=CELL_FDD",Reliable,2342.998,777.173
2026-04-10 22:00,60,"ESM_ESM_LA_TOLITA_UL/Cell:eNodeB Function Name=ESM_ESM_LA_TOLITA_L, Local Cell ID=9, Cell Name=ESM_ESM_LA_TOLITA_APT_9, eNodeB ID=44608, Cell FDD TDD indication=CELL_FDD",Reliable,13800.946,3442.187
2026-04-10 22:00,60,"IMB_IBA_LA_PRIMAVERA_UL/Cell:eNodeB Function Name=IMB_IBA_LA_PRIMAVERA_L, Local Cell ID=9, Cell Name=IMB_IBA_LA_PRIMAVERA_APT_9, eNodeB ID=43590, Cell FDD TDD indication=CELL_FDD",Reliable,1137.155,117.914
2026-04-10 22:00,60,"IMB_IBA_LA_PRIMAVERA_UL/Cell:eNodeB Function Name=IMB_IBA_LA_PRIMAVERA_L, Local Cell ID=8, Cell Name=IMB_IBA_LA_PRIMAVERA_APT_8, eNodeB ID=43590, Cell FDD TDD indication=CELL_FDD",Reliable,786.426,285.388
2026-04-10 22:00,60,"IMB_IBA_LA_PRIMAVERA_UL/Cell:eNodeB Function Name=IMB_IBA_LA_PRIMAVERA_L, Local Cell ID=7, Cell Name=IMB_IBA_LA_PRIMAVERA_APT_7, eNodeB ID=43590, Cell FDD TDD indication=CELL_FDD",Reliable,2470.797,235.276
2026-04-10 22:00,60,"IMB_IBA_ALPACHACA_UL/Cell:eNodeB Function Name=IMB_IBA_ALPACHACA_L, Local Cell ID=9, Cell Name=IMB_IBA_ALPACHACA_APT_9, eNodeB ID=43614, Cell FDD TDD indication=CELL_FDD",Reliable,6263.749,309.215
2026-04-10 22:00,60,"IMB_IBA_ALPACHACA_UL/Cell:eNodeB Function Name=IMB_IBA_ALPACHACA_L, Local Cell ID=8, Cell Name=IMB_IBA_ALPACHACA_APT_8, eNodeB ID=43614, Cell FDD TDD indication=CELL_FDD",Reliable,1201.546,113.134
2026-04-10 22:00,60,"IMB_IBA_ALPACHACA_UL/Cell:eNodeB Function Name=IMB_IBA_ALPACHACA_L, Local Cell ID=7, Cell Name=IMB_IBA_ALPACHACA_APT_7, eNodeB ID=43614, Cell FDD TDD indication=CELL_FDD",Reliable,4041.542,306.928
2026-04-10 22:00,60,"IMB_IBA_013_UL (YAHUARCOCHA)/Cell:eNodeB Function Name=IMB_IBA_YAHUARCOCHA_L, Local Cell ID=9, Cell Name=IMB_IBA_YAHUARCOCHA_APT_9, eNodeB ID=43617, Cell FDD TDD indication=CELL_FDD",Reliable,21.444,2.473
2026-04-10 22:00,60,"IMB_IBA_013_UL (YAHUARCOCHA)/Cell:eNodeB Function Name=IMB_IBA_YAHUARCOCHA_L, Local Cell ID=8, Cell Name=IMB_IBA_YAHUARCOCHA_APT_8, eNodeB ID=43617, Cell FDD TDD indication=CELL_FDD",Reliable,933.724,231.099
2026-04-10 22:00,60,"IMB_IBA_013_UL (YAHUARCOCHA)/Cell:eNodeB Function Name=IMB_IBA_YAHUARCOCHA_L, Local Cell ID=7, Cell Name=IMB_IBA_YAHUARCOCHA_APT_7, eNodeB ID=43617, Cell FDD TDD indication=CELL_FDD",Reliable,548.203,41.858
2026-04-10 22:00,60,"IMB_IBA_YANAHURCO_UL/Cell:eNodeB Function Name=IMB_IBA_YANAHURCO_L, Local Cell ID=9, Cell Name=IMB_IBA_YANAHURCO_APT_9, eNodeB ID=43566, Cell FDD TDD indication=CELL_FDD",Reliable,1003.586,67.618
2026-04-10 22:00,60,"IMB_IBA_YANAHURCO_UL/Cell:eNodeB Function Name=IMB_IBA_YANAHURCO_L, Local Cell ID=8, Cell Name=IMB_IBA_YANAHURCO_APT_8, eNodeB ID=43566, Cell FDD TDD indication=CELL_FDD",Reliable,900.437,57.117
2026-04-10 22:00,60,"IMB_IBA_YANAHURCO_UL/Cell:eNodeB Function Name=IMB_IBA_YANAHURCO_L, Local Cell ID=7, Cell Name=IMB_IBA_YANAHURCO_APT_7, eNodeB ID=43566, Cell FDD TDD indication=CELL_FDD",Reliable,1509.575,129.878
2026-04-10 22:00,60,"STD_STD_CHOFER_2_UL/Cell:eNodeB Function Name=STD_STD_CHOFER_2_L, Local Cell ID=9, Cell Name=STD_STD_CHOFER_2_APT_9, eNodeB ID=43663, Cell FDD TDD indication=CELL_FDD",Reliable,1600.222,158.826
2026-04-10 22:00,60,"STD_STD_CHOFER_2_UL/Cell:eNodeB Function Name=STD_STD_CHOFER_2_L, Local Cell ID=8, Cell Name=STD_STD_CHOFER_2_APT_8, eNodeB ID=43663, Cell FDD TDD indication=CELL_FDD",Reliable,8.476,2.553
2026-04-10 22:00,60,"STD_STD_CHOFER_2_UL/Cell:eNodeB Function Name=STD_STD_CHOFER_2_L, Local Cell ID=7, Cell Name=STD_STD_CHOFER_2_APT_7, eNodeB ID=43663, Cell FDD TDD indication=CELL_FDD",Reliable,2.24,3.675
2026-04-10 22:00,60,"PAS_PUY_LOJA_UL/Cell:eNodeB Function Name=PAS_PUY_LOJA_L, Local Cell ID=9, Cell Name=PAS_PUY_LOJA_L7_9, eNodeB ID=43613, Cell FDD TDD indication=CELL_FDD",Reliable,2922.223,477.663
2026-04-10 22:00,60,"PAS_PUY_LOJA_UL/Cell:eNodeB Function Name=PAS_PUY_LOJA_L, Local Cell ID=8, Cell Name=PAS_PUY_LOJA_L7_8, eNodeB ID=43613, Cell FDD TDD indication=CELL_FDD",Reliable,2054.963,165.979
2026-04-10 22:00,60,"PAS_PUY_LOJA_UL/Cell:eNodeB Function Name=PAS_PUY_LOJA_L, Local Cell ID=7, Cell Name=PAS_PUY_LOJA_L7_7, eNodeB ID=43613, Cell FDD TDD indication=CELL_FDD",Reliable,3061.926,280.297
2026-04-10 22:00,60,"PAS_PUY_LOJA_UL/Cell:eNodeB Function Name=PAS_PUY_LOJA_L, Local Cell ID=2, Cell Name=PAS_PUY_LOJA_L21_2, eNodeB ID=43613, Cell FDD TDD indication=CELL_FDD",Reliable,3961.968,222.393
2026-04-10 22:00,60,"PAS_PUY_LOJA_UL/Cell:eNodeB Function Name=PAS_PUY_LOJA_L, Local Cell ID=3, Cell Name=PAS_PUY_LOJA_L21_3, eNodeB ID=43613, Cell FDD TDD indication=CELL_FDD",Reliable,1549.746,164.183
2026-04-10 22:00,60,"PAS_PUY_LOJA_UL/Cell:eNodeB Function Name=PAS_PUY_LOJA_L, Local Cell ID=1, Cell Name=PAS_PUY_LOJA_L21_1, eNodeB ID=43613, Cell FDD TDD indication=CELL_FDD",Reliable,5667.717,633.244
2026-04-10 22:00,60,"STD_STD_SAN_RAFAEL_UL/Cell:eNodeB Function Name=STD_STD_SAN_RAFAEL_L, Local Cell ID=9, Cell Name=STD_STD_SAN_RAFAEL_APT_9, eNodeB ID=43536, Cell FDD TDD indication=CELL_FDD",Reliable,406.32,59.286
2026-04-10 22:00,60,"STD_STD_SAN_RAFAEL_UL/Cell:eNodeB Function Name=STD_STD_SAN_RAFAEL_L, Local Cell ID=8, Cell Name=STD_STD_SAN_RAFAEL_APT_8, eNodeB ID=43536, Cell FDD TDD indication=CELL_FDD",Reliable,247.918,59.442
2026-04-10 22:00,60,"STD_STD_SAN_RAFAEL_UL/Cell:eNodeB Function Name=STD_STD_SAN_RAFAEL_L, Local Cell ID=7, Cell Name=STD_STD_SAN_RAFAEL_APT_7, eNodeB ID=43536, Cell FDD TDD indication=CELL_FDD",Reliable,2110.027,130.944
2026-04-10 22:00,60,"IMB_IBA_BOLA_AMARILLA_UL/Cell:eNodeB Function Name=IMB_IBA_BOLA_AMARILLA_L, Local Cell ID=9, Cell Name=IMB_IBA_BOLA_AMARILLA_APT_9, eNodeB ID=43567, Cell FDD TDD indication=CELL_FDD",Reliable,5075.866,481.736
2026-04-10 22:00,60,"IMB_IBA_BOLA_AMARILLA_UL/Cell:eNodeB Function Name=IMB_IBA_BOLA_AMARILLA_L, Local Cell ID=8, Cell Name=IMB_IBA_BOLA_AMARILLA_APT_8, eNodeB ID=43567, Cell FDD TDD indication=CELL_FDD",Reliable,1197.127,222.377
2026-04-10 22:00,60,"IMB_IBA_BOLA_AMARILLA_UL/Cell:eNodeB Function Name=IMB_IBA_BOLA_AMARILLA_L, Local Cell ID=7, Cell Name=IMB_IBA_BOLA_AMARILLA_APT_7, eNodeB ID=43567, Cell FDD TDD indication=CELL_FDD",Reliable,5158.786,813.693
2026-04-10 22:00,60,"STD_STD_QUINCHES_UL/Cell:eNodeB Function Name=STD_STD_QUINCHES_L, Local Cell ID=9, Cell Name=STD_STD_QUINCHES_APT_9, eNodeB ID=43568, Cell FDD TDD indication=CELL_FDD",Reliable,711.822,82.541
2026-04-10 22:00,60,"STD_STD_QUINCHES_UL/Cell:eNodeB Function Name=STD_STD_QUINCHES_L, Local Cell ID=8, Cell Name=STD_STD_QUINCHES_APT_8, eNodeB ID=43568, Cell FDD TDD indication=CELL_FDD",Reliable,267.81,34.218
2026-04-10 22:00,60,"STD_STD_QUINCHES_UL/Cell:eNodeB Function Name=STD_STD_QUINCHES_L, Local Cell ID=7, Cell Name=STD_STD_QUINCHES_APT_7, eNodeB ID=43568, Cell FDD TDD indication=CELL_FDD",Reliable,774.741,153.367
2026-04-10 22:00,60,"TUN_AMB_LA_MADRE_ULN/Cell:eNodeB Function Name=TUN_AMB_LA_MADRE_L, Local Cell ID=8, Cell Name=TUN_AMB_LA_MADRE_APT_8, eNodeB ID=43538, Cell FDD TDD indication=CELL_FDD",Reliable,3683.466,381.798
2026-04-10 22:00,60,"TUN_AMB_LA_MADRE_ULN/Cell:eNodeB Function Name=TUN_AMB_LA_MADRE_L, Local Cell ID=7, Cell Name=TUN_AMB_LA_MADRE_APT_7, eNodeB ID=43538, Cell FDD TDD indication=CELL_FDD",Reliable,1500.434,230.697
2026-04-10 22:00,60,"TUN_AMB_AYLLON_UL/Cell:eNodeB Function Name=TUN_AMB_AYLLON_L, Local Cell ID=9, Cell Name=TUN_AMB_AYLLON_APT_9, eNodeB ID=43575, Cell FDD TDD indication=CELL_FDD",Reliable,3435.165,258.782
2026-04-10 22:00,60,"TUN_AMB_AYLLON_UL/Cell:eNodeB Function Name=TUN_AMB_AYLLON_L, Local Cell ID=8, Cell Name=TUN_AMB_AYLLON_APT_8, eNodeB ID=43575, Cell FDD TDD indication=CELL_FDD",Reliable,1165.582,160.815
2026-04-10 22:00,60,"TUN_AMB_AYLLON_UL/Cell:eNodeB Function Name=TUN_AMB_AYLLON_L, Local Cell ID=7, Cell Name=TUN_AMB_AYLLON_APT_7, eNodeB ID=43575, Cell FDD TDD indication=CELL_FDD",Reliable,6378.784,423.22
2026-04-10 22:00,60,"CAR_TUL_NORTE_UL/Cell:eNodeB Function Name=CAR_TUL_NORTE_L, Local Cell ID=9, Cell Name=CAR_TUL_NORTE_APT_9, eNodeB ID=43530, Cell FDD TDD indication=CELL_FDD",Reliable,1569.676,94.983
2026-04-10 22:00,60,"CAR_TUL_NORTE_UL/Cell:eNodeB Function Name=CAR_TUL_NORTE_L, Local Cell ID=8, Cell Name=CAR_TUL_NORTE_APT_8, eNodeB ID=43530, Cell FDD TDD indication=CELL_FDD",Reliable,2856.418,237.184
2026-04-10 22:00,60,"CAR_TUL_NORTE_UL/Cell:eNodeB Function Name=CAR_TUL_NORTE_L, Local Cell ID=7, Cell Name=CAR_TUL_NORTE_APT_7, eNodeB ID=43530, Cell FDD TDD indication=CELL_FDD",Reliable,2247.86,364.791
2026-04-10 22:00,60,"TUN_PIL_COLEGIO_JORGE_ALVAREZ_UL/Cell:eNodeB Function Name=TUN_PIL_COLEGIO_JORGE_ALVAREZ_L, Local Cell ID=9, Cell Name=TUN_PIL_COLEGIO_JORGE_ALVAREZ_APT_9, eNodeB ID=43611, Cell FDD TDD indication=CELL_FDD",Reliable,752.947,71.856
2026-04-10 22:00,60,"TUN_PIL_COLEGIO_JORGE_ALVAREZ_UL/Cell:eNodeB Function Name=TUN_PIL_COLEGIO_JORGE_ALVAREZ_L, Local Cell ID=8, Cell Name=TUN_PIL_COLEGIO_JORGE_ALVAREZ_APT_8, eNodeB ID=43611, Cell FDD TDD indication=CELL_FDD",Reliable,6059.392,624.01
2026-04-10 22:00,60,"TUN_PIL_COLEGIO_JORGE_ALVAREZ_UL/Cell:eNodeB Function Name=TUN_PIL_COLEGIO_JORGE_ALVAREZ_L, Local Cell ID=7, Cell Name=TUN_PIL_COLEGIO_JORGE_ALVAREZ_APT_7, eNodeB ID=43611, Cell FDD TDD indication=CELL_FDD",Reliable,2309.101,286.591
2026-04-10 22:00,60,"TUN_AMB_JUAN_LEON_MERA_UL/Cell:eNodeB Function Name=TUN_AMB_JUAN_LEON_MERA_L, Local Cell ID=9, Cell Name=TUN_AMB_JUAN_LEON_MERA_APT_9, eNodeB ID=43593, Cell FDD TDD indication=CELL_FDD",Reliable,210.168,27.862
2026-04-10 22:00,60,"TUN_AMB_JUAN_LEON_MERA_UL/Cell:eNodeB Function Name=TUN_AMB_JUAN_LEON_MERA_L, Local Cell ID=8, Cell Name=TUN_AMB_JUAN_LEON_MERA_APT_8, eNodeB ID=43593, Cell FDD TDD indication=CELL_FDD",Reliable,3006.663,251.463
2026-04-10 22:00,60,"TUN_AMB_JUAN_LEON_MERA_UL/Cell:eNodeB Function Name=TUN_AMB_JUAN_LEON_MERA_L, Local Cell ID=7, Cell Name=TUN_AMB_JUAN_LEON_MERA_APT_7, eNodeB ID=43593, Cell FDD TDD indication=CELL_FDD",Reliable,1177.225,183.546
2026-04-10 22:00,60,"PIC_UIO_LLANO_CHICO_UL/Cell:eNodeB Function Name=PIC_UIO_LLANO_CHICO_L, Local Cell ID=7, Cell Name=PIC_UIO_LLANO_CHICO_L7_7, eNodeB ID=44149, Cell FDD TDD indication=CELL_FDD",Reliable,1913.556,144.77
2026-04-10 22:00,60,"PIC_UIO_LLANO_CHICO_UL/Cell:eNodeB Function Name=PIC_UIO_LLANO_CHICO_L, Local Cell ID=8, Cell Name=PIC_UIO_LLANO_CHICO_L7_8, eNodeB ID=44149, Cell FDD TDD indication=CELL_FDD",Reliable,1551.837,178.818
2026-04-10 22:00,60,"PIC_UIO_LLANO_CHICO_UL/Cell:eNodeB Function Name=PIC_UIO_LLANO_CHICO_L, Local Cell ID=9, Cell Name=PIC_UIO_LLANO_CHICO_L7_9, eNodeB ID=44149, Cell FDD TDD indication=CELL_FDD",Reliable,2518.725,270.372
2026-04-10 22:00,60,"L_GUA11069_BELLAVISTA_NORTE/Cell:eNodeB Function Name=L_GUA11069_BELLAVISTA_NORTE, Local Cell ID=9, Cell Name=L_GUA11069_BELLAVISTA_NORTE_9, eNodeB ID=11069, Cell FDD TDD indication=CELL_FDD",Reliable,277.424,38.765
2026-04-10 22:00,60,"L_GUA11069_BELLAVISTA_NORTE/Cell:eNodeB Function Name=L_GUA11069_BELLAVISTA_NORTE, Local Cell ID=8, Cell Name=L_GUA11069_BELLAVISTA_NORTE_8, eNodeB ID=11069, Cell FDD TDD indication=CELL_FDD",Reliable,257.887,18.301
2026-04-10 22:00,60,"L_GUA11069_BELLAVISTA_NORTE/Cell:eNodeB Function Name=L_GUA11069_BELLAVISTA_NORTE, Local Cell ID=7, Cell Name=L_GUA11069_BELLAVISTA_NORTE_7, eNodeB ID=11069, Cell FDD TDD indication=CELL_FDD",Reliable,5841.911,817.054
2026-04-10 22:00,60,"L_GUA11069_BELLAVISTA_NORTE/Cell:eNodeB Function Name=L_GUA11069_BELLAVISTA_NORTE, Local Cell ID=3, Cell Name=L_GUA11069_BELLAVISTA_NORTE_3, eNodeB ID=11069, Cell FDD TDD indication=CELL_FDD",Reliable,2156.113,355.269
2026-04-10 22:00,60,"L_GUA11069_BELLAVISTA_NORTE/Cell:eNodeB Function Name=L_GUA11069_BELLAVISTA_NORTE, Local Cell ID=2, Cell Name=L_GUA11069_BELLAVISTA_NORTE_2, eNodeB ID=11069, Cell FDD TDD indication=CELL_FDD",Reliable,1110.063,85.179
2026-04-10 22:00,60,"L_GUA11069_BELLAVISTA_NORTE/Cell:eNodeB Function Name=L_GUA11069_BELLAVISTA_NORTE, Local Cell ID=1, Cell Name=L_GUA11069_BELLAVISTA_NORTE_1, eNodeB ID=11069, Cell FDD TDD indication=CELL_FDD",Reliable,333.958,45.512
2026-04-10 22:00,60,"L_GUA11098_SALADO_OESTE/Cell:eNodeB Function Name=L_GUA11098_SALADO_OESTE, Local Cell ID=9, Cell Name=L_GUA11098_SALADO_OESTE_9, eNodeB ID=11098, Cell FDD TDD indication=CELL_FDD",Reliable,439.721,38.047
2026-04-10 22:00,60,"L_GUA11098_SALADO_OESTE/Cell:eNodeB Function Name=L_GUA11098_SALADO_OESTE, Local Cell ID=8, Cell Name=L_GUA11098_SALADO_OESTE_8, eNodeB ID=11098, Cell FDD TDD indication=CELL_FDD",Reliable,12.703,8.527
2026-04-10 22:00,60,"L_GUA11098_SALADO_OESTE/Cell:eNodeB Function Name=L_GUA11098_SALADO_OESTE, Local Cell ID=7, Cell Name=L_GUA11098_SALADO_OESTE_7, eNodeB ID=11098, Cell FDD TDD indication=CELL_FDD",Reliable,392.215,20.536
2026-04-10 22:00,60,"L_GUA11098_SALADO_OESTE/Cell:eNodeB Function Name=L_GUA11098_SALADO_OESTE, Local Cell ID=3, Cell Name=L_GUA11098_SALADO_OESTE_3, eNodeB ID=11098, Cell FDD TDD indication=CELL_FDD",Reliable,1617.007,518.95
2026-04-10 22:00,60,"L_GUA11098_SALADO_OESTE/Cell:eNodeB Function Name=L_GUA11098_SALADO_OESTE, Local Cell ID=2, Cell Name=L_GUA11098_SALADO_OESTE_2, eNodeB ID=11098, Cell FDD TDD indication=CELL_FDD",Reliable,18.53,2.192
2026-04-10 22:00,60,"L_GUA11098_SALADO_OESTE/Cell:eNodeB Function Name=L_GUA11098_SALADO_OESTE, Local Cell ID=1, Cell Name=L_GUA11098_SALADO_OESTE_1, eNodeB ID=11098, Cell FDD TDD indication=CELL_FDD",Reliable,1524.355,118.642
2026-04-10 22:00,60,"L_GUA11136_CISNE_NORTE/Cell:eNodeB Function Name=L_GUA11136_CISNE_NORTE, Local Cell ID=9, Cell Name=L_GUA11136_CISNE_NORTE_9, eNodeB ID=11136, Cell FDD TDD indication=CELL_FDD",Reliable,216.673,25.187
2026-04-10 22:00,60,"L_GUA11136_CISNE_NORTE/Cell:eNodeB Function Name=L_GUA11136_CISNE_NORTE, Local Cell ID=8, Cell Name=L_GUA11136_CISNE_NORTE_8, eNodeB ID=11136, Cell FDD TDD indication=CELL_FDD",Reliable,416.235,132.54
2026-04-10 22:00,60,"L_GUA11136_CISNE_NORTE/Cell:eNodeB Function Name=L_GUA11136_CISNE_NORTE, Local Cell ID=7, Cell Name=L_GUA11136_CISNE_NORTE_7, eNodeB ID=11136, Cell FDD TDD indication=CELL_FDD",Reliable,256.236,19.032
2026-04-10 22:00,60,"L_GUA11136_CISNE_NORTE/Cell:eNodeB Function Name=L_GUA11136_CISNE_NORTE, Local Cell ID=3, Cell Name=L_GUA11136_CISNE_NORTE_3, eNodeB ID=11136, Cell FDD TDD indication=CELL_FDD",Reliable,1875.981,166.512
2026-04-10 22:00,60,"L_GUA11136_CISNE_NORTE/Cell:eNodeB Function Name=L_GUA11136_CISNE_NORTE, Local Cell ID=2, Cell Name=L_GUA11136_CISNE_NORTE_2, eNodeB ID=11136, Cell FDD TDD indication=CELL_FDD",Reliable,1446.609,139.687
2026-04-10 22:00,60,"L_GUA11136_CISNE_NORTE/Cell:eNodeB Function Name=L_GUA11136_CISNE_NORTE, Local Cell ID=1, Cell Name=L_GUA11136_CISNE_NORTE_1, eNodeB ID=11136, Cell FDD TDD indication=CELL_FDD",Reliable,788.406,53.559
2026-04-10 22:00,60,"PIC_UIO_MARIANO_POZO_UL/Cell:eNodeB Function Name=PIC_UIO_MARIANO_POZO_L, Local Cell ID=7, Cell Name=PIC_UIO_MARIANO_POZO_APT_7, eNodeB ID=43550, Cell FDD TDD indication=CELL_FDD",Reliable,3037.486,308.239
2026-04-10 22:00,60,"PIC_UIO_MARIANO_POZO_UL/Cell:eNodeB Function Name=PIC_UIO_MARIANO_POZO_L, Local Cell ID=8, Cell Name=PIC_UIO_MARIANO_POZO_APT_8, eNodeB ID=43550, Cell FDD TDD indication=CELL_FDD",Reliable,680.905,53.3
2026-04-10 22:00,60,"PIC_UIO_MARIANO_POZO_UL/Cell:eNodeB Function Name=PIC_UIO_MARIANO_POZO_L, Local Cell ID=9, Cell Name=PIC_UIO_MARIANO_POZO_APT_9, eNodeB ID=43550, Cell FDD TDD indication=CELL_FDD",Reliable,3498.381,421.679
2026-04-10 22:00,60,"PIC_UIO_UYUMBICHO_UL/Cell:eNodeB Function Name=PIC_UIO_UYUMBICHO_L, Local Cell ID=7, Cell Name=PIC_UIO_UYUMBICHO_L7_7, eNodeB ID=44278, Cell FDD TDD indication=CELL_FDD",Reliable,2083.227,188.255
2026-04-10 22:00,60,"PIC_UIO_UYUMBICHO_UL/Cell:eNodeB Function Name=PIC_UIO_UYUMBICHO_L, Local Cell ID=8, Cell Name=PIC_UIO_UYUMBICHO_L7_8, eNodeB ID=44278, Cell FDD TDD indication=CELL_FDD",Reliable,855.582,73.824
2026-04-10 22:00,60,"PIC_UIO_UYUMBICHO_UL/Cell:eNodeB Function Name=PIC_UIO_UYUMBICHO_L, Local Cell ID=9, Cell Name=PIC_UIO_UYUMBICHO_L7_9, eNodeB ID=44278, Cell FDD TDD indication=CELL_FDD",Reliable,1476.105,111.103
2026-04-10 22:00,60,"PIC_MEJ_MACHACHI_UL/Cell:eNodeB Function Name=PIC_MEJ_MACHACHI_L, Local Cell ID=7, Cell Name=PIC_MEJ_MACHACHI_L7_7, eNodeB ID=44402, Cell FDD TDD indication=CELL_FDD",Reliable,5348.646,697.562
2026-04-10 22:00,60,"PIC_MEJ_MACHACHI_UL/Cell:eNodeB Function Name=PIC_MEJ_MACHACHI_L, Local Cell ID=8, Cell Name=PIC_MEJ_MACHACHI_L7_8, eNodeB ID=44402, Cell FDD TDD indication=CELL_FDD",Reliable,4825.486,396.637
2026-04-10 22:00,60,"PIC_MEJ_MACHACHI_UL/Cell:eNodeB Function Name=PIC_MEJ_MACHACHI_L, Local Cell ID=9, Cell Name=PIC_MEJ_MACHACHI_L7_9, eNodeB ID=44402, Cell FDD TDD indication=CELL_FDD",Reliable,2903.072,184.043
2026-04-10 22:00,60,"IMB_COT_COTACACHI(3G)_UL/Cell:eNodeB Function Name=IMB_COT_COTACACHI_L, Local Cell ID=7, Cell Name=IMB_COT_COTACACHI_APT_7, eNodeB ID=44735, Cell FDD TDD indication=CELL_FDD",Reliable,4174.919,431.561
2026-04-10 22:00,60,"IMB_COT_COTACACHI(3G)_UL/Cell:eNodeB Function Name=IMB_COT_COTACACHI_L, Local Cell ID=8, Cell Name=IMB_COT_COTACACHI_APT_8, eNodeB ID=44735, Cell FDD TDD indication=CELL_FDD",Reliable,4977.569,400.661
2026-04-10 22:00,60,"IMB_COT_COTACACHI(3G)_UL/Cell:eNodeB Function Name=IMB_COT_COTACACHI_L, Local Cell ID=9, Cell Name=IMB_COT_COTACACHI_APT_9, eNodeB ID=44735, Cell FDD TDD indication=CELL_FDD",Reliable,4339.794,437.067
2026-04-10 22:00,60,"PIC_UIO_AMAGUANA_UL/Cell:eNodeB Function Name=PIC_UIO_AMAGUANA_L, Local Cell ID=7, Cell Name=PIC_UIO_AMAGUANA_L7_7, eNodeB ID=44055, Cell FDD TDD indication=CELL_FDD",Reliable,2955.921,240.454
2026-04-10 22:00,60,"PIC_UIO_AMAGUANA_UL/Cell:eNodeB Function Name=PIC_UIO_AMAGUANA_L, Local Cell ID=8, Cell Name=PIC_UIO_AMAGUANA_L7_8, eNodeB ID=44055, Cell FDD TDD indication=CELL_FDD",Reliable,1391.689,157.716
2026-04-10 22:00,60,"PIC_UIO_AMAGUANA_UL/Cell:eNodeB Function Name=PIC_UIO_AMAGUANA_L, Local Cell ID=9, Cell Name=PIC_UIO_AMAGUANA_L7_9, eNodeB ID=44055, Cell FDD TDD indication=CELL_FDD",Reliable,1755.837,128.91
2026-04-10 22:00,60,"PIC_UIO_GUAMANI_UL/Cell:eNodeB Function Name=PIC_UIO_GUAMANI_L, Local Cell ID=7, Cell Name=PIC_UIO_GUAMANI_L7_7, eNodeB ID=44004, Cell FDD TDD indication=CELL_FDD",Reliable,768.268,59.339
2026-04-10 22:00,60,"PIC_UIO_GUAMANI_UL/Cell:eNodeB Function Name=PIC_UIO_GUAMANI_L, Local Cell ID=8, Cell Name=PIC_UIO_GUAMANI_L7_8, eNodeB ID=44004, Cell FDD TDD indication=CELL_FDD",Reliable,2753.529,441.127
2026-04-10 22:00,60,"PIC_UIO_GUAMANI_UL/Cell:eNodeB Function Name=PIC_UIO_GUAMANI_L, Local Cell ID=9, Cell Name=PIC_UIO_GUAMANI_L7_9, eNodeB ID=44004, Cell FDD TDD indication=CELL_FDD",Reliable,2194.733,216.61
2026-04-10 22:00,60,"STD_STD_PUERTO_LIMON_UL/Cell:eNodeB Function Name=STD_STD_PUERTO_LIMON_L, Local Cell ID=7, Cell Name=STD_STD_PUERTO_LIMON_APT_7, eNodeB ID=44787, Cell FDD TDD indication=CELL_FDD",Reliable,441.539,116.287
2026-04-10 22:00,60,"STD_STD_PUERTO_LIMON_UL/Cell:eNodeB Function Name=STD_STD_PUERTO_LIMON_L, Local Cell ID=8, Cell Name=STD_STD_PUERTO_LIMON_APT_8, eNodeB ID=44787, Cell FDD TDD indication=CELL_FDD",Reliable,464.083,275.446
2026-04-10 22:00,60,"STD_STD_PUERTO_LIMON_UL/Cell:eNodeB Function Name=STD_STD_PUERTO_LIMON_L, Local Cell ID=9, Cell Name=STD_STD_PUERTO_LIMON_APT_9, eNodeB ID=44787, Cell FDD TDD indication=CELL_FDD",Reliable,473.303,36.835
2026-04-10 22:00,60,"STD_CON_LA_CONCORDIA_UL/Cell:eNodeB Function Name=STD_CON_LA_CONCORDIA_L, Local Cell ID=7, Cell Name=STD_CON_LA_CONCORDIA_APT_7, eNodeB ID=44792, Cell FDD TDD indication=CELL_FDD",Reliable,1107.905,143.444
2026-04-10 22:00,60,"STD_CON_LA_CONCORDIA_UL/Cell:eNodeB Function Name=STD_CON_LA_CONCORDIA_L, Local Cell ID=8, Cell Name=STD_CON_LA_CONCORDIA_APT_8, eNodeB ID=44792, Cell FDD TDD indication=CELL_FDD",Reliable,752.467,213.859
2026-04-10 22:00,60,"STD_CON_LA_CONCORDIA_UL/Cell:eNodeB Function Name=STD_CON_LA_CONCORDIA_L, Local Cell ID=9, Cell Name=STD_CON_LA_CONCORDIA_APT_9, eNodeB ID=44792, Cell FDD TDD indication=CELL_FDD",Reliable,1777.839,294.619
2026-04-10 22:00,60,"STD_STD_SD_BOMBOLI_UL/Cell:eNodeB Function Name=STD_STD_SD_BOMBOLI_L, Local Cell ID=7, Cell Name=STD_STD_SD_BOMBOLI_APT_7, eNodeB ID=44762, Cell FDD TDD indication=CELL_FDD",Reliable,4633.306,603.929
2026-04-10 22:00,60,"STD_STD_SD_BOMBOLI_UL/Cell:eNodeB Function Name=STD_STD_SD_BOMBOLI_L, Local Cell ID=8, Cell Name=STD_STD_SD_BOMBOLI_APT_8, eNodeB ID=44762, Cell FDD TDD indication=CELL_FDD",Reliable,2426.493,335.525
2026-04-10 22:00,60,"STD_STD_SD_BOMBOLI_UL/Cell:eNodeB Function Name=STD_STD_SD_BOMBOLI_L, Local Cell ID=9, Cell Name=STD_STD_SD_BOMBOLI_APT_9, eNodeB ID=44762, Cell FDD TDD indication=CELL_FDD",Reliable,3162.791,560.806
2026-04-10 22:00,60,"PIC_CAY_CAYAMBE_CNT_UL/Cell:eNodeB Function Name=PIC_CAY_CAYAMBE_CNT_L, Local Cell ID=7, Cell Name=PIC_CAY_CAYAMBE_CNT_APT_7, eNodeB ID=44410, Cell FDD TDD indication=CELL_FDD",Reliable,1554.915,454.262
2026-04-10 22:00,60,"PIC_CAY_CAYAMBE_CNT_UL/Cell:eNodeB Function Name=PIC_CAY_CAYAMBE_CNT_L, Local Cell ID=8, Cell Name=PIC_CAY_CAYAMBE_CNT_APT_8, eNodeB ID=44410, Cell FDD TDD indication=CELL_FDD",Reliable,1361.882,112.796
2026-04-10 22:00,60,"PIC_CAY_CAYAMBE_CNT_UL/Cell:eNodeB Function Name=PIC_CAY_CAYAMBE_CNT_L, Local Cell ID=9, Cell Name=PIC_CAY_CAYAMBE_CNT_APT_9, eNodeB ID=44410, Cell FDD TDD indication=CELL_FDD",Reliable,1578.987,126.473
2026-04-10 22:00,60,"IMB_GON_CAJAS_UL/Cell:eNodeB Function Name=IMB_GON_CAJAS_L, Local Cell ID=7, Cell Name=IMB_GON_CAJAS_APT_7, eNodeB ID=44752, Cell FDD TDD indication=CELL_FDD",Reliable,1458.863,105.754
2026-04-10 22:00,60,"IMB_GON_CAJAS_UL/Cell:eNodeB Function Name=IMB_GON_CAJAS_L, Local Cell ID=8, Cell Name=IMB_GON_CAJAS_APT_8, eNodeB ID=44752, Cell FDD TDD indication=CELL_FDD",Reliable,2118.201,185.308
2026-04-10 22:00,60,"IMB_GON_CAJAS_UL/Cell:eNodeB Function Name=IMB_GON_CAJAS_L, Local Cell ID=9, Cell Name=IMB_GON_CAJAS_APT_9, eNodeB ID=44752, Cell FDD TDD indication=CELL_FDD",Reliable,3724.678,358.86
2026-04-10 22:00,60,"ORE_COC_PAYAMINO_UL/Cell:eNodeB Function Name=ORE_COC_PAYAMINO_L, Local Cell ID=9, Cell Name=ORE_COC_PAYAMINO_APT_9, eNodeB ID=43645, Cell FDD TDD indication=CELL_FDD",Reliable,2130.226,956.637
2026-04-10 22:00,60,"ORE_COC_PAYAMINO_UL/Cell:eNodeB Function Name=ORE_COC_PAYAMINO_L, Local Cell ID=8, Cell Name=ORE_COC_PAYAMINO_APT_8, eNodeB ID=43645, Cell FDD TDD indication=CELL_FDD",Reliable,1389.62,78.212
2026-04-10 22:00,60,"ORE_COC_PAYAMINO_UL/Cell:eNodeB Function Name=ORE_COC_PAYAMINO_L, Local Cell ID=7, Cell Name=ORE_COC_PAYAMINO_APT_7, eNodeB ID=43645, Cell FDD TDD indication=CELL_FDD",Reliable,3510.37,421.206
2026-04-10 22:00,60,"PAS_PUY_U_ESTATAL_AMAZONICA_UL/Cell:eNodeB Function Name=PAS_PUY_U_ESTATAL_AMAZONICA_L, Local Cell ID=9, Cell Name=PAS_PUY_U_ESTATAL_AMAZONICA_APT_9, eNodeB ID=43647, Cell FDD TDD indication=CELL_FDD",Reliable,1090.647,168.334
2026-04-10 22:00,60,"PAS_PUY_U_ESTATAL_AMAZONICA_UL/Cell:eNodeB Function Name=PAS_PUY_U_ESTATAL_AMAZONICA_L, Local Cell ID=8, Cell Name=PAS_PUY_U_ESTATAL_AMAZONICA_APT_8, eNodeB ID=43647, Cell FDD TDD indication=CELL_FDD",Reliable,1073.2,320.121
2026-04-10 22:00,60,"PAS_PUY_U_ESTATAL_AMAZONICA_UL/Cell:eNodeB Function Name=PAS_PUY_U_ESTATAL_AMAZONICA_L, Local Cell ID=7, Cell Name=PAS_PUY_U_ESTATAL_AMAZONICA_APT_7, eNodeB ID=43647, Cell FDD TDD indication=CELL_FDD",Reliable,1642.433,291.012
2026-04-10 22:00,60,"PAS_PUY_MARIN_UL/Cell:eNodeB Function Name=PAS_PUY_MARIN_L, Local Cell ID=9, Cell Name=PAS_PUY_MARIN_APT_9, eNodeB ID=43612, Cell FDD TDD indication=CELL_FDD",Reliable,4879.505,671.425
2026-04-10 22:00,60,"PAS_PUY_MARIN_UL/Cell:eNodeB Function Name=PAS_PUY_MARIN_L, Local Cell ID=8, Cell Name=PAS_PUY_MARIN_APT_8, eNodeB ID=43612, Cell FDD TDD indication=CELL_FDD",Reliable,4558.949,245.709
2026-04-10 22:00,60,"PAS_PUY_MARIN_UL/Cell:eNodeB Function Name=PAS_PUY_MARIN_L, Local Cell ID=7, Cell Name=PAS_PUY_MARIN_APT_7, eNodeB ID=43612, Cell FDD TDD indication=CELL_FDD",Reliable,7254.348,965.034
2026-04-10 22:00,60,"IMB_IBA_LA_FLORIDA_UL/Cell:eNodeB Function Name=IMB_IBA_LA_FLORIDA_L, Local Cell ID=9, Cell Name=IMB_IBA_LA_FLORIDA_APT_9, eNodeB ID=43589, Cell FDD TDD indication=CELL_FDD",Reliable,2282.39,524.806
2026-04-10 22:00,60,"IMB_IBA_LA_FLORIDA_UL/Cell:eNodeB Function Name=IMB_IBA_LA_FLORIDA_L, Local Cell ID=8, Cell Name=IMB_IBA_LA_FLORIDA_APT_8, eNodeB ID=43589, Cell FDD TDD indication=CELL_FDD",Reliable,1462.121,150.156
2026-04-10 22:00,60,"IMB_IBA_LA_FLORIDA_UL/Cell:eNodeB Function Name=IMB_IBA_LA_FLORIDA_L, Local Cell ID=7, Cell Name=IMB_IBA_LA_FLORIDA_APT_7, eNodeB ID=43589, Cell FDD TDD indication=CELL_FDD",Reliable,2654.471,213.12
2026-04-10 22:00,60,"ORE_COC_TERMINAL_TERRESTRE_UL/Cell:eNodeB Function Name=ORE_COC_TERMINAL_TERRESTRE_L, Local Cell ID=9, Cell Name=ORE_COC_TERMINAL_TERRESTRE_APT_9, eNodeB ID=43643, Cell FDD TDD indication=CELL_FDD",Reliable,7817.263,683.705
2026-04-10 22:00,60,"ORE_COC_TERMINAL_TERRESTRE_UL/Cell:eNodeB Function Name=ORE_COC_TERMINAL_TERRESTRE_L, Local Cell ID=8, Cell Name=ORE_COC_TERMINAL_TERRESTRE_APT_8, eNodeB ID=43643, Cell FDD TDD indication=CELL_FDD",Reliable,2076.985,376.46
2026-04-10 22:00,60,"ORE_COC_TERMINAL_TERRESTRE_UL/Cell:eNodeB Function Name=ORE_COC_TERMINAL_TERRESTRE_L, Local Cell ID=7, Cell Name=ORE_COC_TERMINAL_TERRESTRE_APT_7, eNodeB ID=43643, Cell FDD TDD indication=CELL_FDD",Reliable,5118.98,713.773
2026-04-10 22:00,60,"PIC_UIO_CICLISTA_UL/Cell:eNodeB Function Name=PIC_UIO_CICLISTA_L, Local Cell ID=9, Cell Name=PIC_UIO_CICLISTA_L7_9, eNodeB ID=43526, Cell FDD TDD indication=CELL_FDD",Reliable,700.116,263.058
2026-04-10 22:00,60,"PIC_UIO_CICLISTA_UL/Cell:eNodeB Function Name=PIC_UIO_CICLISTA_L, Local Cell ID=8, Cell Name=PIC_UIO_CICLISTA_L7_8, eNodeB ID=43526, Cell FDD TDD indication=CELL_FDD",Reliable,23.111,3.058
2026-04-10 22:00,60,"PIC_UIO_CICLISTA_UL/Cell:eNodeB Function Name=PIC_UIO_CICLISTA_L, Local Cell ID=7, Cell Name=PIC_UIO_CICLISTA_L7_7, eNodeB ID=43526, Cell FDD TDD indication=CELL_FDD",Reliable,857.99,32.6
2026-04-10 22:00,60,"PIC_UIO_FERNANDO_AYARZA_UL/Cell:eNodeB Function Name=PIC_UIO_FERNANDO_AYARZA_L, Local Cell ID=9, Cell Name=PIC_UIO_FERNANDO_AYARZA_APT_9, eNodeB ID=43602, Cell FDD TDD indication=CELL_FDD",Reliable,721.713,203.355
2026-04-10 22:00,60,"PIC_UIO_FERNANDO_AYARZA_UL/Cell:eNodeB Function Name=PIC_UIO_FERNANDO_AYARZA_L, Local Cell ID=8, Cell Name=PIC_UIO_FERNANDO_AYARZA_APT_8, eNodeB ID=43602, Cell FDD TDD indication=CELL_FDD",Reliable,1361.002,241.869
2026-04-10 22:00,60,"PIC_UIO_FERNANDO_AYARZA_UL/Cell:eNodeB Function Name=PIC_UIO_FERNANDO_AYARZA_L, Local Cell ID=7, Cell Name=PIC_UIO_FERNANDO_AYARZA_APT_7, eNodeB ID=43602, Cell FDD TDD indication=CELL_FDD",Reliable,440.318,38.25
2026-04-10 22:00,60,"PIC_UIO_LA_PULIDA_UL/Cell:eNodeB Function Name=PIC_UIO_LA_PULIDA_L, Local Cell ID=9, Cell Name=PIC_UIO_LA_PULIDA_APT_9, eNodeB ID=43664, Cell FDD TDD indication=CELL_FDD",Reliable,1209.303,149.029
2026-04-10 22:00,60,"PIC_UIO_LA_PULIDA_UL/Cell:eNodeB Function Name=PIC_UIO_LA_PULIDA_L, Local Cell ID=8, Cell Name=PIC_UIO_LA_PULIDA_APT_8, eNodeB ID=43664, Cell FDD TDD indication=CELL_FDD",Reliable,939.436,68.495
2026-04-10 22:00,60,"PIC_UIO_LA_PULIDA_UL/Cell:eNodeB Function Name=PIC_UIO_LA_PULIDA_L, Local Cell ID=7, Cell Name=PIC_UIO_LA_PULIDA_APT_7, eNodeB ID=43664, Cell FDD TDD indication=CELL_FDD",Reliable,1338.689,179.337
2026-04-10 22:00,60,"STD_STD_SAN_GABRIEL_UL/Cell:eNodeB Function Name=STD_STD_SAN_GABRIEL_L, Local Cell ID=9, Cell Name=STD_STD_SAN_GABRIEL_APT_9, eNodeB ID=43638, Cell FDD TDD indication=CELL_FDD",Reliable,2440.122,293.129
2026-04-10 22:00,60,"STD_STD_SAN_GABRIEL_UL/Cell:eNodeB Function Name=STD_STD_SAN_GABRIEL_L, Local Cell ID=8, Cell Name=STD_STD_SAN_GABRIEL_APT_8, eNodeB ID=43638, Cell FDD TDD indication=CELL_FDD",Reliable,605.949,95.456
2026-04-10 22:00,60,"STD_STD_SAN_GABRIEL_UL/Cell:eNodeB Function Name=STD_STD_SAN_GABRIEL_L, Local Cell ID=7, Cell Name=STD_STD_SAN_GABRIEL_APT_7, eNodeB ID=43638, Cell FDD TDD indication=CELL_FDD",Reliable,1238.01,106.531
2026-04-10 22:00,60,"SUC_LAG_001_UL (LAGO SIMON BOLIVAR)/Cell:eNodeB Function Name=SUC_LAG_LAGO_SIMON_BOLIVAR_L, Local Cell ID=9, Cell Name=SUC_LAG_LAGO_SIMON_BOLIVAR_APT_9, eNodeB ID=43639, Cell FDD TDD indication=CELL_FDD",Reliable,5598.496,528.706
2026-04-10 22:00,60,"SUC_LAG_001_UL (LAGO SIMON BOLIVAR)/Cell:eNodeB Function Name=SUC_LAG_LAGO_SIMON_BOLIVAR_L, Local Cell ID=8, Cell Name=SUC_LAG_LAGO_SIMON_BOLIVAR_APT_8, eNodeB ID=43639, Cell FDD TDD indication=CELL_FDD",Reliable,4526.54,929.893
2026-04-10 22:00,60,"SUC_LAG_001_UL (LAGO SIMON BOLIVAR)/Cell:eNodeB Function Name=SUC_LAG_LAGO_SIMON_BOLIVAR_L, Local Cell ID=7, Cell Name=SUC_LAG_LAGO_SIMON_BOLIVAR_APT_7, eNodeB ID=43639, Cell FDD TDD indication=CELL_FDD",Reliable,5381.369,776.491
2026-04-10 22:00,60,"SUC_LAG_003_UL (LAGO PETRO)/Cell:eNodeB Function Name=SUC_LAG_LAGO_PETRO_L, Local Cell ID=9, Cell Name=SUC_LAG_LAGO_PETRO_APT_9, eNodeB ID=43641, Cell FDD TDD indication=CELL_FDD",Reliable,5081.94,563.988
2026-04-10 22:00,60,"SUC_LAG_003_UL (LAGO PETRO)/Cell:eNodeB Function Name=SUC_LAG_LAGO_PETRO_L, Local Cell ID=8, Cell Name=SUC_LAG_LAGO_PETRO_APT_8, eNodeB ID=43641, Cell FDD TDD indication=CELL_FDD",Reliable,5344.15,504.818
2026-04-10 22:00,60,"SUC_LAG_003_UL (LAGO PETRO)/Cell:eNodeB Function Name=SUC_LAG_LAGO_PETRO_L, Local Cell ID=7, Cell Name=SUC_LAG_LAGO_PETRO_APT_7, eNodeB ID=43641, Cell FDD TDD indication=CELL_FDD",Reliable,4202.055,413.632
2026-04-10 22:00,60,"TUN_AMB_MINARICA_UL/Cell:eNodeB Function Name=TUN_AMB_MINARICA_L, Local Cell ID=9, Cell Name=TUN_AMB_MINARICA_APT_9, eNodeB ID=43572, Cell FDD TDD indication=CELL_FDD",Reliable,5233.939,400.775
2026-04-10 22:00,60,"TUN_AMB_MINARICA_UL/Cell:eNodeB Function Name=TUN_AMB_MINARICA_L, Local Cell ID=8, Cell Name=TUN_AMB_MINARICA_APT_8, eNodeB ID=43572, Cell FDD TDD indication=CELL_FDD",Reliable,6439.81,809.782
2026-04-10 22:00,60,"TUN_AMB_MINARICA_UL/Cell:eNodeB Function Name=TUN_AMB_MINARICA_L, Local Cell ID=7, Cell Name=TUN_AMB_MINARICA_APT_7, eNodeB ID=43572, Cell FDD TDD indication=CELL_FDD",Reliable,3077.616,1003.075
2026-04-10 22:00,60,"TUN_AMB_SAN_ANTONIO_UL/Cell:eNodeB Function Name=TUN_AMB_SAN_ANTONIO_L, Local Cell ID=9, Cell Name=TUN_AMB_SAN_ANTONIO_APT_9, eNodeB ID=43571, Cell FDD TDD indication=CELL_FDD",Reliable,2820.263,205.453
2026-04-10 22:00,60,"TUN_AMB_SAN_ANTONIO_UL/Cell:eNodeB Function Name=TUN_AMB_SAN_ANTONIO_L, Local Cell ID=8, Cell Name=TUN_AMB_SAN_ANTONIO_APT_8, eNodeB ID=43571, Cell FDD TDD indication=CELL_FDD",Reliable,537.072,30.428
2026-04-10 22:00,60,"TUN_AMB_SAN_ANTONIO_UL/Cell:eNodeB Function Name=TUN_AMB_SAN_ANTONIO_L, Local Cell ID=7, Cell Name=TUN_AMB_SAN_ANTONIO_APT_7, eNodeB ID=43571, Cell FDD TDD indication=CELL_FDD",Reliable,2491.659,294.149
2026-04-10 22:00,60,"TUN_AMB_HUACHI_GRANDE_UL/Cell:eNodeB Function Name=TUN_AMB_HUACHI_GRANDE_L, Local Cell ID=7, Cell Name=TUN_AMB_HUACHI_GRANDE_APT_7, eNodeB ID=44509, Cell FDD TDD indication=CELL_FDD",Reliable,3163.103,329.898
2026-04-10 22:00,60,"TUN_AMB_HUACHI_GRANDE_UL/Cell:eNodeB Function Name=TUN_AMB_HUACHI_GRANDE_L, Local Cell ID=8, Cell Name=TUN_AMB_HUACHI_GRANDE_APT_8, eNodeB ID=44509, Cell FDD TDD indication=CELL_FDD",Reliable,3246.166,258.993
2026-04-10 22:00,60,"TUN_AMB_HUACHI_GRANDE_UL/Cell:eNodeB Function Name=TUN_AMB_HUACHI_GRANDE_L, Local Cell ID=9, Cell Name=TUN_AMB_HUACHI_GRANDE_APT_9, eNodeB ID=44509, Cell FDD TDD indication=CELL_FDD",Reliable,2824.839,337.421
2026-04-10 22:00,60,"IMB_IBA_EL_RETORNO_UL/Cell:eNodeB Function Name=IMB_IBA_EL_RETORNO_L, Local Cell ID=7, Cell Name=IMB_IBA_EL_RETORNO_APT_7, eNodeB ID=44753, Cell FDD TDD indication=CELL_FDD",Reliable,2597.431,1348.951
2026-04-10 22:00,60,"IMB_IBA_EL_RETORNO_UL/Cell:eNodeB Function Name=IMB_IBA_EL_RETORNO_L, Local Cell ID=8, Cell Name=IMB_IBA_EL_RETORNO_APT_8, eNodeB ID=44753, Cell FDD TDD indication=CELL_FDD",Reliable,1964.504,134.236
2026-04-10 22:00,60,"IMB_IBA_EL_RETORNO_UL/Cell:eNodeB Function Name=IMB_IBA_EL_RETORNO_L, Local Cell ID=9, Cell Name=IMB_IBA_EL_RETORNO_APT_9, eNodeB ID=44753, Cell FDD TDD indication=CELL_FDD",Reliable,2681.163,280.098
2026-04-10 22:00,60,"IMB_IBA_UTN_UL/Cell:eNodeB Function Name=IMB_IBA_UTN_L, Local Cell ID=7, Cell Name=IMB_IBA_UTN_APT_7, eNodeB ID=44754, Cell FDD TDD indication=CELL_FDD",Reliable,2522.782,568.743
2026-04-10 22:00,60,"IMB_IBA_UTN_UL/Cell:eNodeB Function Name=IMB_IBA_UTN_L, Local Cell ID=8, Cell Name=IMB_IBA_UTN_APT_8, eNodeB ID=44754, Cell FDD TDD indication=CELL_FDD",Reliable,2179.649,230.356
2026-04-10 22:00,60,"IMB_IBA_UTN_UL/Cell:eNodeB Function Name=IMB_IBA_UTN_L, Local Cell ID=9, Cell Name=IMB_IBA_UTN_APT_9, eNodeB ID=44754, Cell FDD TDD indication=CELL_FDD",Reliable,2027.001,161.228
2026-04-10 22:00,60,"IMB_CHA_CHALTURA_UL/Cell:eNodeB Function Name=IMB_CHA_CHALTURA_L, Local Cell ID=7, Cell Name=IMB_CHA_CHALTURA_APT_7, eNodeB ID=44732, Cell FDD TDD indication=CELL_FDD",Reliable,2483.08,169.798
2026-04-10 22:00,60,"IMB_CHA_CHALTURA_UL/Cell:eNodeB Function Name=IMB_CHA_CHALTURA_L, Local Cell ID=8, Cell Name=IMB_CHA_CHALTURA_APT_8, eNodeB ID=44732, Cell FDD TDD indication=CELL_FDD",Reliable,1970.31,195.867
2026-04-10 22:00,60,"IMB_CHA_CHALTURA_UL/Cell:eNodeB Function Name=IMB_CHA_CHALTURA_L, Local Cell ID=9, Cell Name=IMB_CHA_CHALTURA_APT_9, eNodeB ID=44732, Cell FDD TDD indication=CELL_FDD",Reliable,1994.316,283.326
2026-04-10 22:00,60,"IMB_ROQ_SAN_ROQUE_UL/Cell:eNodeB Function Name=IMB_ROQ_SAN_ROQUE_L, Local Cell ID=7, Cell Name=IMB_ROQ_SAN_ROQUE_APT_7, eNodeB ID=44734, Cell FDD TDD indication=CELL_FDD",Reliable,4239.943,323.888
2026-04-10 22:00,60,"IMB_ROQ_SAN_ROQUE_UL/Cell:eNodeB Function Name=IMB_ROQ_SAN_ROQUE_L, Local Cell ID=8, Cell Name=IMB_ROQ_SAN_ROQUE_APT_8, eNodeB ID=44734, Cell FDD TDD indication=CELL_FDD",Reliable,1689.767,103.466
2026-04-10 22:00,60,"IMB_ROQ_SAN_ROQUE_UL/Cell:eNodeB Function Name=IMB_ROQ_SAN_ROQUE_L, Local Cell ID=9, Cell Name=IMB_ROQ_SAN_ROQUE_APT_9, eNodeB ID=44734, Cell FDD TDD indication=CELL_FDD",Reliable,1931.186,502.582
2026-04-10 22:00,60,"ORE_COC_COCA_SRI_UL/Cell:eNodeB Function Name=ORE_COC_COCA_SRI_L, Local Cell ID=7, Cell Name=ORE_COC_COCA_SRI_APT_7, eNodeB ID=44862, Cell FDD TDD indication=CELL_FDD",Reliable,4375.131,651.51
2026-04-10 22:00,60,"ORE_COC_COCA_SRI_UL/Cell:eNodeB Function Name=ORE_COC_COCA_SRI_L, Local Cell ID=8, Cell Name=ORE_COC_COCA_SRI_APT_8, eNodeB ID=44862, Cell FDD TDD indication=CELL_FDD",Reliable,7396.946,871.896
2026-04-10 22:00,60,"ORE_COC_COCA_SRI_UL/Cell:eNodeB Function Name=ORE_COC_COCA_SRI_L, Local Cell ID=9, Cell Name=ORE_COC_COCA_SRI_APT_9, eNodeB ID=44862, Cell FDD TDD indication=CELL_FDD",Reliable,3189.159,377.373
2026-04-10 22:00,60,"ORE_JOY_JOYA_DE_LOS_SACHAS_UL/Cell:eNodeB Function Name=ORE_JOY_JOYA_DE_LOS_SACHAS_L, Local Cell ID=7, Cell Name=ORE_JOY_JOYA_DE_LOS_SACHAS_L7_7, eNodeB ID=44863, Cell FDD TDD indication=CELL_FDD",Reliable,3075.31,668.382
2026-04-10 22:00,60,"ORE_JOY_JOYA_DE_LOS_SACHAS_UL/Cell:eNodeB Function Name=ORE_JOY_JOYA_DE_LOS_SACHAS_L, Local Cell ID=8, Cell Name=ORE_JOY_JOYA_DE_LOS_SACHAS_L7_8, eNodeB ID=44863, Cell FDD TDD indication=CELL_FDD",Reliable,3591.339,468.565
2026-04-10 22:00,60,"ORE_JOY_JOYA_DE_LOS_SACHAS_UL/Cell:eNodeB Function Name=ORE_JOY_JOYA_DE_LOS_SACHAS_L, Local Cell ID=9, Cell Name=ORE_JOY_JOYA_DE_LOS_SACHAS_L7_9, eNodeB ID=44863, Cell FDD TDD indication=CELL_FDD",Reliable,4574.333,546.149
2026-04-10 22:00,60,"ORE_JOY_JOYA_DE_LOS_SACHAS_UL/Cell:eNodeB Function Name=ORE_JOY_JOYA_DE_LOS_SACHAS_L, Local Cell ID=1, Cell Name=ORE_JOY_JOYA_DE_LOS_SACHAS_L21_1, eNodeB ID=44863, Cell FDD TDD indication=CELL_FDD",Reliable,5521.632,472.894
2026-04-10 22:00,60,"ORE_JOY_JOYA_DE_LOS_SACHAS_UL/Cell:eNodeB Function Name=ORE_JOY_JOYA_DE_LOS_SACHAS_L, Local Cell ID=2, Cell Name=ORE_JOY_JOYA_DE_LOS_SACHAS_L21_2, eNodeB ID=44863, Cell FDD TDD indication=CELL_FDD",Reliable,4108.978,536.806
2026-04-10 22:00,60,"ORE_JOY_JOYA_DE_LOS_SACHAS_UL/Cell:eNodeB Function Name=ORE_JOY_JOYA_DE_LOS_SACHAS_L, Local Cell ID=3, Cell Name=ORE_JOY_JOYA_DE_LOS_SACHAS_L21_3, eNodeB ID=44863, Cell FDD TDD indication=CELL_FDD",Reliable,3274.093,433.715
2026-04-10 22:00,60,"ORE_COC_COCA_CNT_UL/Cell:eNodeB Function Name=ORE_COC_COCA_CNT_L, Local Cell ID=7, Cell Name=ORE_COC_COCA_CNT_L7_7, eNodeB ID=44860, Cell FDD TDD indication=CELL_FDD",Reliable,4414.717,900.523
2026-04-10 22:00,60,"ORE_COC_COCA_CNT_UL/Cell:eNodeB Function Name=ORE_COC_COCA_CNT_L, Local Cell ID=8, Cell Name=ORE_COC_COCA_CNT_L7_8, eNodeB ID=44860, Cell FDD TDD indication=CELL_FDD",Reliable,3986.13,520.873
2026-04-10 22:00,60,"ORE_COC_COCA_CNT_UL/Cell:eNodeB Function Name=ORE_COC_COCA_CNT_L, Local Cell ID=9, Cell Name=ORE_COC_COCA_CNT_L7_9, eNodeB ID=44860, Cell FDD TDD indication=CELL_FDD",Reliable,4169.287,338.259
2026-04-10 22:00,60,"ORE_COC_COCA_CNT_UL/Cell:eNodeB Function Name=ORE_COC_COCA_CNT_L, Local Cell ID=3, Cell Name=ORE_COC_COCA_CNT_L21_3, eNodeB ID=44860, Cell FDD TDD indication=CELL_FDD",Reliable,5995.033,938.825
2026-04-10 22:00,60,"ORE_COC_COCA_CNT_UL/Cell:eNodeB Function Name=ORE_COC_COCA_CNT_L, Local Cell ID=2, Cell Name=ORE_COC_COCA_CNT_L21_2, eNodeB ID=44860, Cell FDD TDD indication=CELL_FDD",Reliable,2864.883,494.587
2026-04-10 22:00,60,"ORE_COC_COCA_CNT_UL/Cell:eNodeB Function Name=ORE_COC_COCA_CNT_L, Local Cell ID=1, Cell Name=ORE_COC_COCA_CNT_L21_1, eNodeB ID=44860, Cell FDD TDD indication=CELL_FDD",Reliable,1758.408,158.119
2026-04-10 22:00,60,"IMB_IBA_DIEZ_DE_AGOSTO_UL/Cell:eNodeB Function Name=IMB_IBA_DIEZ_DE_AGOSTO_L, Local Cell ID=7, Cell Name=IMB_IBA_DIEZ_DE_AGOSTO_APT_7, eNodeB ID=44728, Cell FDD TDD indication=CELL_FDD",Reliable,2941.72,254.635
2026-04-10 22:00,60,"IMB_IBA_DIEZ_DE_AGOSTO_UL/Cell:eNodeB Function Name=IMB_IBA_DIEZ_DE_AGOSTO_L, Local Cell ID=8, Cell Name=IMB_IBA_DIEZ_DE_AGOSTO_APT_8, eNodeB ID=44728, Cell FDD TDD indication=CELL_FDD",Reliable,3890.461,155.383
2026-04-10 22:00,60,"IMB_IBA_DIEZ_DE_AGOSTO_UL/Cell:eNodeB Function Name=IMB_IBA_DIEZ_DE_AGOSTO_L, Local Cell ID=9, Cell Name=IMB_IBA_DIEZ_DE_AGOSTO_APT_9, eNodeB ID=44728, Cell FDD TDD indication=CELL_FDD",Reliable,2462.062,239.697
2026-04-10 22:00,60,"IMB_OTA_JACINTO_COLLAHUAZO_UL/Cell:eNodeB Function Name=IMB_OTA_JACINTO_COLLAHUAZO_L, Local Cell ID=7, Cell Name=IMB_OTA_JACINTO_COLLAHUAZO_APT_7, eNodeB ID=44726, Cell FDD TDD indication=CELL_FDD",Reliable,1472.666,179.018
2026-04-10 22:00,60,"IMB_OTA_JACINTO_COLLAHUAZO_UL/Cell:eNodeB Function Name=IMB_OTA_JACINTO_COLLAHUAZO_L, Local Cell ID=8, Cell Name=IMB_OTA_JACINTO_COLLAHUAZO_APT_8, eNodeB ID=44726, Cell FDD TDD indication=CELL_FDD",Reliable,2459.116,287.414
2026-04-10 22:00,60,"IMB_OTA_JACINTO_COLLAHUAZO_UL/Cell:eNodeB Function Name=IMB_OTA_JACINTO_COLLAHUAZO_L, Local Cell ID=9, Cell Name=IMB_OTA_JACINTO_COLLAHUAZO_APT_9, eNodeB ID=44726, Cell FDD TDD indication=CELL_FDD",Reliable,2731.284,390.258
2026-04-10 22:00,60,"PIC_CHI_SAN_PEDRO_DE_TABOADA_UL/Cell:eNodeB Function Name=PIC_CHI_SAN_PEDRO_DE_TABOADA_L, Local Cell ID=7, Cell Name=PIC_CHI_SAN_PEDRO_DE_TABOADA_L7_7, eNodeB ID=44236, Cell FDD TDD indication=CELL_FDD",Reliable,2255.984,180.354
2026-04-10 22:00,60,"PIC_CHI_SAN_PEDRO_DE_TABOADA_UL/Cell:eNodeB Function Name=PIC_CHI_SAN_PEDRO_DE_TABOADA_L, Local Cell ID=8, Cell Name=PIC_CHI_SAN_PEDRO_DE_TABOADA_L7_8, eNodeB ID=44236, Cell FDD TDD indication=CELL_FDD",Reliable,2588.578,174.849
2026-04-10 22:00,60,"PIC_CHI_SAN_PEDRO_DE_TABOADA_UL/Cell:eNodeB Function Name=PIC_CHI_SAN_PEDRO_DE_TABOADA_L, Local Cell ID=9, Cell Name=PIC_CHI_SAN_PEDRO_DE_TABOADA_L7_9, eNodeB ID=44236, Cell FDD TDD indication=CELL_FDD",Reliable,2176.128,439.674
2026-04-10 22:00,60,"COT_LAT_BRIGADA_PATRIA_UL/Cell:eNodeB Function Name=COT_LAT_BRIGADA_PATRIA_L, Local Cell ID=7, Cell Name=COT_LAT_BRIGADA_PATRIA_L7_7, eNodeB ID=44678, Cell FDD TDD indication=CELL_FDD",Reliable,895.625,103.855
2026-04-10 22:00,60,"COT_LAT_BRIGADA_PATRIA_UL/Cell:eNodeB Function Name=COT_LAT_BRIGADA_PATRIA_L, Local Cell ID=9, Cell Name=COT_LAT_BRIGADA_PATRIA_L7_9, eNodeB ID=44678, Cell FDD TDD indication=CELL_FDD",Reliable,55.327,15.378
2026-04-10 22:00,60,"COT_LAT_BRIGADA_PATRIA_UL/Cell:eNodeB Function Name=COT_LAT_BRIGADA_PATRIA_L, Local Cell ID=1, Cell Name=COT_LAT_BRIGADA_PATRIA_L21_1, eNodeB ID=44678, Cell FDD TDD indication=CELL_FDD",Reliable,334.435,36.361
2026-04-10 22:00,60,"COT_LAT_BRIGADA_PATRIA_UL/Cell:eNodeB Function Name=COT_LAT_BRIGADA_PATRIA_L, Local Cell ID=2, Cell Name=COT_LAT_BRIGADA_PATRIA_L21_2, eNodeB ID=44678, Cell FDD TDD indication=CELL_FDD",Reliable,738.098,56.881
2026-04-10 22:00,60,"COT_LAT_BRIGADA_PATRIA_UL/Cell:eNodeB Function Name=COT_LAT_BRIGADA_PATRIA_L, Local Cell ID=3, Cell Name=COT_LAT_BRIGADA_PATRIA_L21_3, eNodeB ID=44678, Cell FDD TDD indication=CELL_FDD",Reliable,6265.764,522.364
2026-04-10 22:00,60,"COT_SAL_SALCEDO_NORTE_UL/Cell:eNodeB Function Name=COT_SAL_SALCEDO_NORTE_L, Local Cell ID=7, Cell Name=COT_SAL_SALCEDO_NORTE_L7_7, eNodeB ID=44667, Cell FDD TDD indication=CELL_FDD",Reliable,2007.118,516.384
2026-04-10 22:00,60,"COT_SAL_SALCEDO_NORTE_UL/Cell:eNodeB Function Name=COT_SAL_SALCEDO_NORTE_L, Local Cell ID=8, Cell Name=COT_SAL_SALCEDO_NORTE_L7_8, eNodeB ID=44667, Cell FDD TDD indication=CELL_FDD",Reliable,2801.513,224.863
2026-04-10 22:00,60,"COT_SAL_SALCEDO_NORTE_UL/Cell:eNodeB Function Name=COT_SAL_SALCEDO_NORTE_L, Local Cell ID=9, Cell Name=COT_SAL_SALCEDO_NORTE_L7_9, eNodeB ID=44667, Cell FDD TDD indication=CELL_FDD",Reliable,2820.994,290.949
2026-04-10 22:00,60,"COT_SAL_SALCEDO_NORTE_UL/Cell:eNodeB Function Name=COT_SAL_SALCEDO_NORTE_L, Local Cell ID=3, Cell Name=COT_LAT_SALCEDO_NORTE_L21_3, eNodeB ID=44667, Cell FDD TDD indication=CELL_FDD",Reliable,2803.122,248.157
2026-04-10 22:00,60,"COT_SAL_SALCEDO_NORTE_UL/Cell:eNodeB Function Name=COT_SAL_SALCEDO_NORTE_L, Local Cell ID=2, Cell Name=COT_LAT_SALCEDO_NORTE_L21_2, eNodeB ID=44667, Cell FDD TDD indication=CELL_FDD",Reliable,2580.846,485.804
2026-04-10 22:00,60,"COT_SAL_SALCEDO_NORTE_UL/Cell:eNodeB Function Name=COT_SAL_SALCEDO_NORTE_L, Local Cell ID=1, Cell Name=COT_LAT_SALCEDO_NORTE_L21_1, eNodeB ID=44667, Cell FDD TDD indication=CELL_FDD",Reliable,1341.517,177.654
2026-04-10 22:00,60,"COT_LAT_LATACUNGA_UL/Cell:eNodeB Function Name=COT_LAT_LATACUNGA_L, Local Cell ID=7, Cell Name=COT_LAT_LATACUNGA_L7_7, eNodeB ID=44691, Cell FDD TDD indication=CELL_FDD",Reliable,298.45,23.138
2026-04-10 22:00,60,"COT_LAT_LATACUNGA_UL/Cell:eNodeB Function Name=COT_LAT_LATACUNGA_L, Local Cell ID=8, Cell Name=COT_LAT_LATACUNGA_L7_8, eNodeB ID=44691, Cell FDD TDD indication=CELL_FDD",Reliable,515.373,71.251
2026-04-10 22:00,60,"COT_LAT_LATACUNGA_UL/Cell:eNodeB Function Name=COT_LAT_LATACUNGA_L, Local Cell ID=9, Cell Name=COT_LAT_LATACUNGA_L7_9, eNodeB ID=44691, Cell FDD TDD indication=CELL_FDD",Reliable,263.995,25.76
2026-04-10 22:00,60,"COT_LAT_LATACUNGA_UL/Cell:eNodeB Function Name=COT_LAT_LATACUNGA_L, Local Cell ID=1, Cell Name=COT_LAT_LATACUNGA_L21_1, eNodeB ID=44691, Cell FDD TDD indication=CELL_FDD",Reliable,3606.552,232.855
2026-04-10 22:00,60,"COT_LAT_LATACUNGA_UL/Cell:eNodeB Function Name=COT_LAT_LATACUNGA_L, Local Cell ID=2, Cell Name=COT_LAT_LATACUNGA_L21_2, eNodeB ID=44691, Cell FDD TDD indication=CELL_FDD",Reliable,709.11,54.688
2026-04-10 22:00,60,"COT_LAT_LATACUNGA_UL/Cell:eNodeB Function Name=COT_LAT_LATACUNGA_L, Local Cell ID=3, Cell Name=COT_LAT_LATACUNGA_L21_3, eNodeB ID=44691, Cell FDD TDD indication=CELL_FDD",Reliable,611.059,50.885
2026-04-10 22:00,60,"TUN_AMB_ATAHUALPA_TRR_UL/Cell:eNodeB Function Name=TUN_AMB_ATAHUALPA_TRR_L, Local Cell ID=7, Cell Name=TUN_AMB_ATAHUALPA_TRR_APT_7, eNodeB ID=43010, Cell FDD TDD indication=CELL_FDD",Reliable,3269.498,260.407
2026-04-10 22:00,60,"TUN_AMB_ATAHUALPA_TRR_UL/Cell:eNodeB Function Name=TUN_AMB_ATAHUALPA_TRR_L, Local Cell ID=8, Cell Name=TUN_AMB_ATAHUALPA_TRR_APT_8, eNodeB ID=43010, Cell FDD TDD indication=CELL_FDD",Reliable,3339.318,187.817
2026-04-10 22:00,60,"TUN_AMB_ATAHUALPA_TRR_UL/Cell:eNodeB Function Name=TUN_AMB_ATAHUALPA_TRR_L, Local Cell ID=9, Cell Name=TUN_AMB_ATAHUALPA_TRR_APT_9, eNodeB ID=43010, Cell FDD TDD indication=CELL_FDD",Reliable,1948.94,165.304
2026-04-10 22:00,60,"IMB_IBA_SAN_ANTONIO_UL/Cell:eNodeB Function Name=IMB_IBA_SAN_ANTONIO_L, Local Cell ID=7, Cell Name=IMB_IBA_SAN_ANTONIO_APT_7, eNodeB ID=44723, Cell FDD TDD indication=CELL_FDD",Reliable,2264.359,210.166
2026-04-10 22:00,60,"IMB_IBA_SAN_ANTONIO_UL/Cell:eNodeB Function Name=IMB_IBA_SAN_ANTONIO_L, Local Cell ID=8, Cell Name=IMB_IBA_SAN_ANTONIO_APT_8, eNodeB ID=44723, Cell FDD TDD indication=CELL_FDD",Reliable,5129.051,402.593
2026-04-10 22:00,60,"IMB_IBA_SAN_ANTONIO_UL/Cell:eNodeB Function Name=IMB_IBA_SAN_ANTONIO_L, Local Cell ID=9, Cell Name=IMB_IBA_SAN_ANTONIO_APT_9, eNodeB ID=44723, Cell FDD TDD indication=CELL_FDD",Reliable,845.758,70.033
2026-04-10 22:00,60,"NAP_TEN_TENA_CNT_UL/Cell:eNodeB Function Name=NAP_TEN_TENA_CNT_L, Local Cell ID=7, Cell Name=NAP_TEN_TENA_CNT_L7_7, eNodeB ID=44881, Cell FDD TDD indication=CELL_FDD",Reliable,488.718,70.981
2026-04-10 22:00,60,"NAP_TEN_TENA_CNT_UL/Cell:eNodeB Function Name=NAP_TEN_TENA_CNT_L, Local Cell ID=8, Cell Name=NAP_TEN_TENA_CNT_L7_8, eNodeB ID=44881, Cell FDD TDD indication=CELL_FDD",Reliable,7144.138,634.695
2026-04-10 22:00,60,"NAP_TEN_TENA_CNT_UL/Cell:eNodeB Function Name=NAP_TEN_TENA_CNT_L, Local Cell ID=9, Cell Name=NAP_TEN_TENA_CNT_L7_9, eNodeB ID=44881, Cell FDD TDD indication=CELL_FDD",Reliable,2499.925,233.866
2026-04-10 22:00,60,"NAP_TEN_TENA_CNT_UL/Cell:eNodeB Function Name=NAP_TEN_TENA_CNT_L, Local Cell ID=2, Cell Name=NAP_TEN_TENA_CNT_L21_2, eNodeB ID=44881, Cell FDD TDD indication=CELL_FDD",Reliable,3366.771,603.02
2026-04-10 22:00,60,"NAP_TEN_TENA_CNT_UL/Cell:eNodeB Function Name=NAP_TEN_TENA_CNT_L, Local Cell ID=1, Cell Name=NAP_TEN_TENA_CNT_L21_1, eNodeB ID=44881, Cell FDD TDD indication=CELL_FDD",Reliable,8485.21,754.874
2026-04-10 22:00,60,"NAP_TEN_TENA_CNT_UL/Cell:eNodeB Function Name=NAP_TEN_TENA_CNT_L, Local Cell ID=3, Cell Name=NAP_TEN_TENA_CNT_L21_3, eNodeB ID=44881, Cell FDD TDD indication=CELL_FDD",Reliable,734.277,177.617
2026-04-10 22:00,60,"IMB_IBA_IBARRA_AZAYA_UL/Cell:eNodeB Function Name=IMB_IBA_IBARRA_AZAYA_L, Local Cell ID=7, Cell Name=IMB_IBA_IBARRA_AZAYA_APT_7, eNodeB ID=44715, Cell FDD TDD indication=CELL_FDD",Reliable,1518.501,135.069
2026-04-10 22:00,60,"IMB_IBA_IBARRA_AZAYA_UL/Cell:eNodeB Function Name=IMB_IBA_IBARRA_AZAYA_L, Local Cell ID=8, Cell Name=IMB_IBA_IBARRA_AZAYA_APT_8, eNodeB ID=44715, Cell FDD TDD indication=CELL_FDD",Reliable,4449.71,295.733
2026-04-10 22:00,60,"IMB_IBA_IBARRA_AZAYA_UL/Cell:eNodeB Function Name=IMB_IBA_IBARRA_AZAYA_L, Local Cell ID=9, Cell Name=IMB_IBA_IBARRA_AZAYA_APT_9, eNodeB ID=44715, Cell FDD TDD indication=CELL_FDD",Reliable,909.865,96.838
2026-04-10 22:00,60,"SUC_LAG_LAGO_AGUARICO_UL/Cell:eNodeB Function Name=SUC_LAG_LAGO_AGUARICO_L, Local Cell ID=7, Cell Name=SUC_LAG_LAGO_AGUARICO_APT_7, eNodeB ID=44817, Cell FDD TDD indication=CELL_FDD",Reliable,2193.318,324.184
2026-04-10 22:00,60,"SUC_LAG_LAGO_AGUARICO_UL/Cell:eNodeB Function Name=SUC_LAG_LAGO_AGUARICO_L, Local Cell ID=8, Cell Name=SUC_LAG_LAGO_AGUARICO_APT_8, eNodeB ID=44817, Cell FDD TDD indication=CELL_FDD",Reliable,334.737,29.634
2026-04-10 22:00,60,"SUC_LAG_LAGO_AGUARICO_UL/Cell:eNodeB Function Name=SUC_LAG_LAGO_AGUARICO_L, Local Cell ID=9, Cell Name=SUC_LAG_LAGO_AGUARICO_APT_9, eNodeB ID=44817, Cell FDD TDD indication=CELL_FDD",Reliable,1287.903,109.322
2026-04-10 22:00,60,"SUC_LAG_LAGO_AEROPUERTO_UL/Cell:eNodeB Function Name=SUC_LAG_LAGO_AEROPUERTO_L, Local Cell ID=7, Cell Name=SUC_LAG_LAGO_AEROPUERTO_APT_7, eNodeB ID=44814, Cell FDD TDD indication=CELL_FDD",Reliable,5519.606,617.533
2026-04-10 22:00,60,"SUC_LAG_LAGO_AEROPUERTO_UL/Cell:eNodeB Function Name=SUC_LAG_LAGO_AEROPUERTO_L, Local Cell ID=8, Cell Name=SUC_LAG_LAGO_AEROPUERTO_APT_8, eNodeB ID=44814, Cell FDD TDD indication=CELL_FDD",Reliable,5690.496,585.636
2026-04-10 22:00,60,"SUC_LAG_LAGO_AEROPUERTO_UL/Cell:eNodeB Function Name=SUC_LAG_LAGO_AEROPUERTO_L, Local Cell ID=9, Cell Name=SUC_LAG_LAGO_AEROPUERTO_APT_9, eNodeB ID=44814, Cell FDD TDD indication=CELL_FDD",Reliable,3404.886,436.698
2026-04-10 22:00,60,"STD_STD_SD_VIA_QUITO_UL/Cell:eNodeB Function Name=STD_STD_SD_VIA_QUITO_L, Local Cell ID=7, Cell Name=STD_STD_SD_VIA_QUITO_APT_7, eNodeB ID=44778, Cell FDD TDD indication=CELL_FDD",Reliable,1041.224,94.573
2026-04-10 22:00,60,"STD_STD_SD_VIA_QUITO_UL/Cell:eNodeB Function Name=STD_STD_SD_VIA_QUITO_L, Local Cell ID=8, Cell Name=STD_STD_SD_VIA_QUITO_APT_8, eNodeB ID=44778, Cell FDD TDD indication=CELL_FDD",Reliable,154.412,27.011
2026-04-10 22:00,60,"STD_STD_SD_VIA_QUITO_UL/Cell:eNodeB Function Name=STD_STD_SD_VIA_QUITO_L, Local Cell ID=9, Cell Name=STD_STD_SD_VIA_QUITO_APT_9, eNodeB ID=44778, Cell FDD TDD indication=CELL_FDD",Reliable,445.735,51.834
2026-04-10 22:00,60,"STD_STD_SD_LA_MERCED_UL/Cell:eNodeB Function Name=STD_STD_SD_LA_MERCED_L, Local Cell ID=7, Cell Name=STD_STD_SD_LA_MERCED_APT_7, eNodeB ID=44772, Cell FDD TDD indication=CELL_FDD",Reliable,293.732,19.706
2026-04-10 22:00,60,"STD_STD_SD_LA_MERCED_UL/Cell:eNodeB Function Name=STD_STD_SD_LA_MERCED_L, Local Cell ID=8, Cell Name=STD_STD_SD_LA_MERCED_APT_8, eNodeB ID=44772, Cell FDD TDD indication=CELL_FDD",Reliable,278.826,21.917
2026-04-10 22:00,60,"STD_STD_SD_LA_MERCED_UL/Cell:eNodeB Function Name=STD_STD_SD_LA_MERCED_L, Local Cell ID=9, Cell Name=STD_STD_SD_LA_MERCED_APT_9, eNodeB ID=44772, Cell FDD TDD indication=CELL_FDD",Reliable,979.302,99.935
2026-04-10 22:00,60,"IMB_ATU_ATUNTAQUI_UL/Cell:eNodeB Function Name=IMB_ATU_ATUNTAQUI_L, Local Cell ID=7, Cell Name=IMB_ATU_ATUNTAQUI_APT_7, eNodeB ID=44724, Cell FDD TDD indication=CELL_FDD",Reliable,3384.826,672.915
2026-04-10 22:00,60,"IMB_ATU_ATUNTAQUI_UL/Cell:eNodeB Function Name=IMB_ATU_ATUNTAQUI_L, Local Cell ID=8, Cell Name=IMB_ATU_ATUNTAQUI_APT_8, eNodeB ID=44724, Cell FDD TDD indication=CELL_FDD",Reliable,3531.269,313.117
2026-04-10 22:00,60,"IMB_ATU_ATUNTAQUI_UL/Cell:eNodeB Function Name=IMB_ATU_ATUNTAQUI_L, Local Cell ID=9, Cell Name=IMB_ATU_ATUNTAQUI_APT_9, eNodeB ID=44724, Cell FDD TDD indication=CELL_FDD",Reliable,3021.495,235.199
2026-04-10 22:00,60,"STD_STD_LUZ_DE_AMERICA_UL/Cell:eNodeB Function Name=STD_STD_LUZ_DE_AMERICA_L, Local Cell ID=7, Cell Name=STD_STD_LUZ_DE_AMERICA_APT_7, eNodeB ID=44766, Cell FDD TDD indication=CELL_FDD",Reliable,1539.856,140.915
2026-04-10 22:00,60,"STD_STD_LUZ_DE_AMERICA_UL/Cell:eNodeB Function Name=STD_STD_LUZ_DE_AMERICA_L, Local Cell ID=8, Cell Name=STD_STD_LUZ_DE_AMERICA_APT_8, eNodeB ID=44766, Cell FDD TDD indication=CELL_FDD",Reliable,962.675,109.288
2026-04-10 22:00,60,"STD_STD_LUZ_DE_AMERICA_UL/Cell:eNodeB Function Name=STD_STD_LUZ_DE_AMERICA_L, Local Cell ID=9, Cell Name=STD_STD_LUZ_DE_AMERICA_APT_9, eNodeB ID=44766, Cell FDD TDD indication=CELL_FDD",Reliable,121.317,72.025
2026-04-10 22:00,60,"ORE_COC_COCA_NORTE_UL/Cell:eNodeB Function Name=ORE_COC_COCA_NORTE_L, Local Cell ID=7, Cell Name=ORE_COC_COCA_NORTE_L7_7, eNodeB ID=44864, Cell FDD TDD indication=CELL_FDD",Reliable,3447.701,843.411
2026-04-10 22:00,60,"ORE_COC_COCA_NORTE_UL/Cell:eNodeB Function Name=ORE_COC_COCA_NORTE_L, Local Cell ID=8, Cell Name=ORE_COC_COCA_NORTE_L7_8, eNodeB ID=44864, Cell FDD TDD indication=CELL_FDD",Reliable,7396.861,728.574
2026-04-10 22:00,60,"ORE_COC_COCA_NORTE_UL/Cell:eNodeB Function Name=ORE_COC_COCA_NORTE_L, Local Cell ID=9, Cell Name=ORE_COC_COCA_NORTE_L7_9, eNodeB ID=44864, Cell FDD TDD indication=CELL_FDD",Reliable,4052.858,360.56
2026-04-10 22:00,60,"ORE_COC_COCA_NORTE_UL/Cell:eNodeB Function Name=ORE_COC_COCA_NORTE_L, Local Cell ID=1, Cell Name=ORE_COC_COCA_NORTE_L21_1, eNodeB ID=44864, Cell FDD TDD indication=CELL_FDD",Reliable,5004.096,432.862
2026-04-10 22:00,60,"ORE_COC_COCA_NORTE_UL/Cell:eNodeB Function Name=ORE_COC_COCA_NORTE_L, Local Cell ID=3, Cell Name=ORE_COC_COCA_NORTE_L21_3, eNodeB ID=44864, Cell FDD TDD indication=CELL_FDD",Reliable,1183.961,91.417
2026-04-10 22:00,60,"NAP_TEN_TENA_SUR_UL/Cell:eNodeB Function Name=NAP_TEN_TENA_SUR_L, Local Cell ID=7, Cell Name=NAP_TEN_TENA_SUR_L7_7, eNodeB ID=44889, Cell FDD TDD indication=CELL_FDD",Reliable,8195.273,603.617
2026-04-10 22:00,60,"NAP_TEN_TENA_SUR_UL/Cell:eNodeB Function Name=NAP_TEN_TENA_SUR_L, Local Cell ID=8, Cell Name=NAP_TEN_TENA_SUR_L7_8, eNodeB ID=44889, Cell FDD TDD indication=CELL_FDD",Reliable,4095.961,452.904
2026-04-10 22:00,60,"NAP_TEN_TENA_SUR_UL/Cell:eNodeB Function Name=NAP_TEN_TENA_SUR_L, Local Cell ID=9, Cell Name=NAP_TEN_TENA_SUR_L7_9, eNodeB ID=44889, Cell FDD TDD indication=CELL_FDD",Reliable,7144.927,1070.244
2026-04-10 22:00,60,"NAP_TEN_TENA_SUR_UL/Cell:eNodeB Function Name=NAP_TEN_TENA_SUR_L, Local Cell ID=3, Cell Name=NAP_TEN_TENA_SUR_L21_3, eNodeB ID=44889, Cell FDD TDD indication=CELL_FDD",Reliable,9581.168,1538.335
2026-04-10 22:00,60,"COT_LAT_LATACUNGA_SUR_UL/Cell:eNodeB Function Name=COT_LAT_LATACUNGA_SUR_L, Local Cell ID=7, Cell Name=COT_LAT_LATACUNGA_SUR_APT_7, eNodeB ID=44665, Cell FDD TDD indication=CELL_FDD",Reliable,3682.727,343.006
2026-04-10 22:00,60,"COT_LAT_LATACUNGA_SUR_UL/Cell:eNodeB Function Name=COT_LAT_LATACUNGA_SUR_L, Local Cell ID=8, Cell Name=COT_LAT_LATACUNGA_SUR_APT_8, eNodeB ID=44665, Cell FDD TDD indication=CELL_FDD",Reliable,4530.154,301.29
2026-04-10 22:00,60,"COT_LAT_LATACUNGA_SUR_UL/Cell:eNodeB Function Name=COT_LAT_LATACUNGA_SUR_L, Local Cell ID=9, Cell Name=COT_LAT_LATACUNGA_SUR_APT_9, eNodeB ID=44665, Cell FDD TDD indication=CELL_FDD",Reliable,6689.131,838.31
2026-04-10 22:00,60,"L_GUA11204_TRES_BOCAS/Cell:eNodeB Function Name=L_GUA11204_TRES_BOCAS, Local Cell ID=3, Cell Name=L_GUA11204_TRES_BOCAS_3, eNodeB ID=11204, Cell FDD TDD indication=CELL_FDD",Reliable,230.267,23.496
2026-04-10 22:00,60,"L_GUA11204_TRES_BOCAS/Cell:eNodeB Function Name=L_GUA11204_TRES_BOCAS, Local Cell ID=2, Cell Name=L_GUA11204_TRES_BOCAS_2, eNodeB ID=11204, Cell FDD TDD indication=CELL_FDD",Reliable,1540.993,227.095
2026-04-10 22:00,60,"L_GUA11204_TRES_BOCAS/Cell:eNodeB Function Name=L_GUA11204_TRES_BOCAS, Local Cell ID=1, Cell Name=L_GUA11204_TRES_BOCAS_1, eNodeB ID=11204, Cell FDD TDD indication=CELL_FDD",Reliable,91.518,29.805
2026-04-10 22:00,60,"COT_SAL_SALCEDO_UL/Cell:eNodeB Function Name=COT_SAL_SALCEDO_L, Local Cell ID=7, Cell Name=COT_SAL_SALCEDO_L7_7, eNodeB ID=44662, Cell FDD TDD indication=CELL_FDD",Reliable,2577.1,179.244
2026-04-10 22:00,60,"COT_SAL_SALCEDO_UL/Cell:eNodeB Function Name=COT_SAL_SALCEDO_L, Local Cell ID=8, Cell Name=COT_SAL_SALCEDO_L7_8, eNodeB ID=44662, Cell FDD TDD indication=CELL_FDD",Reliable,2931.811,222.723
2026-04-10 22:00,60,"COT_SAL_SALCEDO_UL/Cell:eNodeB Function Name=COT_SAL_SALCEDO_L, Local Cell ID=9, Cell Name=COT_SAL_SALCEDO_L7_9, eNodeB ID=44662, Cell FDD TDD indication=CELL_FDD",Reliable,3148.357,265.679
2026-04-10 22:00,60,"COT_SAL_SALCEDO_UL/Cell:eNodeB Function Name=COT_SAL_SALCEDO_L, Local Cell ID=3, Cell Name=COT_LAT_SALCEDO_L21_3, eNodeB ID=44662, Cell FDD TDD indication=CELL_FDD",Reliable,4717.547,312.888
2026-04-10 22:00,60,"COT_SAL_SALCEDO_UL/Cell:eNodeB Function Name=COT_SAL_SALCEDO_L, Local Cell ID=2, Cell Name=COT_LAT_SALCEDO_L21_2, eNodeB ID=44662, Cell FDD TDD indication=CELL_FDD",Reliable,147.225,5.736
2026-04-10 22:00,60,"COT_SAL_SALCEDO_UL/Cell:eNodeB Function Name=COT_SAL_SALCEDO_L, Local Cell ID=1, Cell Name=COT_LAT_SALCEDO_L21_1, eNodeB ID=44662, Cell FDD TDD indication=CELL_FDD",Reliable,3408.347,215.476
2026-04-10 22:00,60,"L_GUA11013_PORTETE/Cell:eNodeB Function Name=L_GUA11013_PORTETE, Local Cell ID=9, Cell Name=L_GUA11013_PORTETE_9, eNodeB ID=11013, Cell FDD TDD indication=CELL_FDD",Reliable,389.542,183.87
2026-04-10 22:00,60,"L_GUA11013_PORTETE/Cell:eNodeB Function Name=L_GUA11013_PORTETE, Local Cell ID=8, Cell Name=L_GUA11013_PORTETE_8, eNodeB ID=11013, Cell FDD TDD indication=CELL_FDD",Reliable,202.162,18.561
2026-04-10 22:00,60,"L_GUA11013_PORTETE/Cell:eNodeB Function Name=L_GUA11013_PORTETE, Local Cell ID=7, Cell Name=L_GUA11013_PORTETE_7, eNodeB ID=11013, Cell FDD TDD indication=CELL_FDD",Reliable,112.836,15.708
2026-04-10 22:00,60,"L_GUA11013_PORTETE/Cell:eNodeB Function Name=L_GUA11013_PORTETE, Local Cell ID=3, Cell Name=L_GUA11013_PORTETE_3, eNodeB ID=11013, Cell FDD TDD indication=CELL_FDD",Reliable,1374.693,163.256
2026-04-10 22:00,60,"L_GUA11013_PORTETE/Cell:eNodeB Function Name=L_GUA11013_PORTETE, Local Cell ID=2, Cell Name=L_GUA11013_PORTETE_2, eNodeB ID=11013, Cell FDD TDD indication=CELL_FDD",Reliable,892.138,79.686
2026-04-10 22:00,60,"L_GUA11013_PORTETE/Cell:eNodeB Function Name=L_GUA11013_PORTETE, Local Cell ID=1, Cell Name=L_GUA11013_PORTETE_1, eNodeB ID=11013, Cell FDD TDD indication=CELL_FDD",Reliable,2759.319,393.181
2026-04-10 22:00,60,"IMB_IBA_QUIROGA_UL/Cell:eNodeB Function Name=IMB_IBA_QUIROGA_L, Local Cell ID=7, Cell Name=IMB_IBA_QUIROGA_APT_7, eNodeB ID=44737, Cell FDD TDD indication=CELL_FDD",Reliable,3024.39,1599.63
2026-04-10 22:00,60,"IMB_IBA_QUIROGA_UL/Cell:eNodeB Function Name=IMB_IBA_QUIROGA_L, Local Cell ID=8, Cell Name=IMB_IBA_QUIROGA_APT_8, eNodeB ID=44737, Cell FDD TDD indication=CELL_FDD",Reliable,2175.513,357.275
2026-04-10 22:00,60,"IMB_IBA_QUIROGA_UL/Cell:eNodeB Function Name=IMB_IBA_QUIROGA_L, Local Cell ID=9, Cell Name=IMB_IBA_QUIROGA_APT_9, eNodeB ID=44737, Cell FDD TDD indication=CELL_FDD",Reliable,2749.487,632.764
2026-04-10 22:00,60,"L_GUA11150_LA_FLORESTA_ESTE/Cell:eNodeB Function Name=L_GUA11150_LA_FLORESTA_ESTE, Local Cell ID=9, Cell Name=L_GUA11150_LA_FLORESTA_ESTE_9, eNodeB ID=11150, Cell FDD TDD indication=CELL_FDD",Reliable,1287.95,96.745
2026-04-10 22:00,60,"L_GUA11150_LA_FLORESTA_ESTE/Cell:eNodeB Function Name=L_GUA11150_LA_FLORESTA_ESTE, Local Cell ID=8, Cell Name=L_GUA11150_LA_FLORESTA_ESTE_8, eNodeB ID=11150, Cell FDD TDD indication=CELL_FDD",Reliable,962.869,110.746
2026-04-10 22:00,60,"L_GUA11150_LA_FLORESTA_ESTE/Cell:eNodeB Function Name=L_GUA11150_LA_FLORESTA_ESTE, Local Cell ID=7, Cell Name=L_GUA11150_LA_FLORESTA_ESTE_7, eNodeB ID=11150, Cell FDD TDD indication=CELL_FDD",Reliable,144.365,13.605
2026-04-10 22:00,60,"L_GUA11150_LA_FLORESTA_ESTE/Cell:eNodeB Function Name=L_GUA11150_LA_FLORESTA_ESTE, Local Cell ID=3, Cell Name=L_GUA11150_LA_FLORESTA_ESTE_3, eNodeB ID=11150, Cell FDD TDD indication=CELL_FDD",Reliable,814.843,138.347
2026-04-10 22:00,60,"L_GUA11150_LA_FLORESTA_ESTE/Cell:eNodeB Function Name=L_GUA11150_LA_FLORESTA_ESTE, Local Cell ID=2, Cell Name=L_GUA11150_LA_FLORESTA_ESTE_2, eNodeB ID=11150, Cell FDD TDD indication=CELL_FDD",Reliable,3947.329,318.419
2026-04-10 22:00,60,"L_GUA11150_LA_FLORESTA_ESTE/Cell:eNodeB Function Name=L_GUA11150_LA_FLORESTA_ESTE, Local Cell ID=1, Cell Name=L_GUA11150_LA_FLORESTA_ESTE_1, eNodeB ID=11150, Cell FDD TDD indication=CELL_FDD",Reliable,1812.509,164.661
2026-04-10 22:00,60,"L_GUA11159_LOS_ALMENDROS/Cell:eNodeB Function Name=L_GUA11159_LOS_ALMENDROS, Local Cell ID=9, Cell Name=L_GUA11159_LOS_ALMENDROS_9, eNodeB ID=11159, Cell FDD TDD indication=CELL_FDD",Reliable,316.046,17.029
2026-04-10 22:00,60,"L_GUA11159_LOS_ALMENDROS/Cell:eNodeB Function Name=L_GUA11159_LOS_ALMENDROS, Local Cell ID=8, Cell Name=L_GUA11159_LOS_ALMENDROS_8, eNodeB ID=11159, Cell FDD TDD indication=CELL_FDD",Reliable,70.228,5.323
2026-04-10 22:00,60,"L_GUA11159_LOS_ALMENDROS/Cell:eNodeB Function Name=L_GUA11159_LOS_ALMENDROS, Local Cell ID=7, Cell Name=L_GUA11159_LOS_ALMENDROS_7, eNodeB ID=11159, Cell FDD TDD indication=CELL_FDD",Reliable,185.871,11.841
2026-04-10 22:00,60,"L_GUA11159_LOS_ALMENDROS/Cell:eNodeB Function Name=L_GUA11159_LOS_ALMENDROS, Local Cell ID=3, Cell Name=L_GUA11159_LOS_ALMENDROS_3, eNodeB ID=11159, Cell FDD TDD indication=CELL_FDD",Reliable,391.115,33.386
2026-04-10 22:00,60,"L_GUA11159_LOS_ALMENDROS/Cell:eNodeB Function Name=L_GUA11159_LOS_ALMENDROS, Local Cell ID=2, Cell Name=L_GUA11159_LOS_ALMENDROS_2, eNodeB ID=11159, Cell FDD TDD indication=CELL_FDD",Reliable,526.283,101.09
2026-04-10 22:00,60,"L_GUA11159_LOS_ALMENDROS/Cell:eNodeB Function Name=L_GUA11159_LOS_ALMENDROS, Local Cell ID=1, Cell Name=L_GUA11159_LOS_ALMENDROS_1, eNodeB ID=11159, Cell FDD TDD indication=CELL_FDD",Reliable,2565.158,215.967
2026-04-10 22:00,60,"L_GUA11093_PRADERA_SUR/Cell:eNodeB Function Name=L_GUA11093_PRADERA_SUR, Local Cell ID=9, Cell Name=L_GUA11093_PRADERA_SUR_9, eNodeB ID=11093, Cell FDD TDD indication=CELL_FDD",Reliable,1703.622,210.931
2026-04-10 22:00,60,"L_GUA11093_PRADERA_SUR/Cell:eNodeB Function Name=L_GUA11093_PRADERA_SUR, Local Cell ID=8, Cell Name=L_GUA11093_PRADERA_SUR_8, eNodeB ID=11093, Cell FDD TDD indication=CELL_FDD",Reliable,1899.314,301.757
2026-04-10 22:00,60,"L_GUA11093_PRADERA_SUR/Cell:eNodeB Function Name=L_GUA11093_PRADERA_SUR, Local Cell ID=7, Cell Name=L_GUA11093_PRADERA_SUR_7, eNodeB ID=11093, Cell FDD TDD indication=CELL_FDD",Reliable,41.894,7.977
2026-04-10 22:00,60,"L_GUA11093_PRADERA_SUR/Cell:eNodeB Function Name=L_GUA11093_PRADERA_SUR, Local Cell ID=3, Cell Name=L_GUA11093_PRADERA_SUR_3, eNodeB ID=11093, Cell FDD TDD indication=CELL_FDD",Reliable,1535.826,125.167
2026-04-10 22:00,60,"L_GUA11093_PRADERA_SUR/Cell:eNodeB Function Name=L_GUA11093_PRADERA_SUR, Local Cell ID=2, Cell Name=L_GUA11093_PRADERA_SUR_2, eNodeB ID=11093, Cell FDD TDD indication=CELL_FDD",Reliable,933.518,107.696
2026-04-10 22:00,60,"L_GUA11093_PRADERA_SUR/Cell:eNodeB Function Name=L_GUA11093_PRADERA_SUR, Local Cell ID=1, Cell Name=L_GUA11093_PRADERA_SUR_1, eNodeB ID=11093, Cell FDD TDD indication=CELL_FDD",Reliable,821.116,95.107
2026-04-10 22:00,60,"L_GUA11187_VALDIVIA_GYE/Cell:eNodeB Function Name=L_GUA11187_VALDIVIA_GYE, Local Cell ID=9, Cell Name=L_GUA11187_VALDIVIA_GYE_9, eNodeB ID=11187, Cell FDD TDD indication=CELL_FDD",Reliable,927.414,100.269
2026-04-10 22:00,60,"L_GUA11187_VALDIVIA_GYE/Cell:eNodeB Function Name=L_GUA11187_VALDIVIA_GYE, Local Cell ID=8, Cell Name=L_GUA11187_VALDIVIA_GYE_8, eNodeB ID=11187, Cell FDD TDD indication=CELL_FDD",Reliable,1105.64,125.642
2026-04-10 22:00,60,"L_GUA11187_VALDIVIA_GYE/Cell:eNodeB Function Name=L_GUA11187_VALDIVIA_GYE, Local Cell ID=7, Cell Name=L_GUA11187_VALDIVIA_GYE_7, eNodeB ID=11187, Cell FDD TDD indication=CELL_FDD",Reliable,433.403,204.054
2026-04-10 22:00,60,"L_GUA11187_VALDIVIA_GYE/Cell:eNodeB Function Name=L_GUA11187_VALDIVIA_GYE, Local Cell ID=3, Cell Name=L_GUA11187_VALDIVIA_GYE_3, eNodeB ID=11187, Cell FDD TDD indication=CELL_FDD",Reliable,2151.366,771.942
2026-04-10 22:00,60,"L_GUA11187_VALDIVIA_GYE/Cell:eNodeB Function Name=L_GUA11187_VALDIVIA_GYE, Local Cell ID=2, Cell Name=L_GUA11187_VALDIVIA_GYE_2, eNodeB ID=11187, Cell FDD TDD indication=CELL_FDD",Reliable,630.564,65.53
2026-04-10 22:00,60,"L_GUA11187_VALDIVIA_GYE/Cell:eNodeB Function Name=L_GUA11187_VALDIVIA_GYE, Local Cell ID=1, Cell Name=L_GUA11187_VALDIVIA_GYE_1, eNodeB ID=11187, Cell FDD TDD indication=CELL_FDD",Reliable,759.699,106.397
2026-04-10 22:00,60,"L_GUA11175_PUERTO_MARITIMO_SUR/Cell:eNodeB Function Name=L_GUA11175_PUERTO_MARITIMO_SUR, Local Cell ID=9, Cell Name=L_GUA11175_PUERTO_MARITIMO_SUR_9, eNodeB ID=11175, Cell FDD TDD indication=CELL_FDD",Reliable,0.105,0.037
2026-04-10 22:00,60,"L_GUA11175_PUERTO_MARITIMO_SUR/Cell:eNodeB Function Name=L_GUA11175_PUERTO_MARITIMO_SUR, Local Cell ID=8, Cell Name=L_GUA11175_PUERTO_MARITIMO_SUR_8, eNodeB ID=11175, Cell FDD TDD indication=CELL_FDD",Reliable,17.906,1.87
2026-04-10 22:00,60,"L_GUA11175_PUERTO_MARITIMO_SUR/Cell:eNodeB Function Name=L_GUA11175_PUERTO_MARITIMO_SUR, Local Cell ID=7, Cell Name=L_GUA11175_PUERTO_MARITIMO_SUR_7, eNodeB ID=11175, Cell FDD TDD indication=CELL_FDD",Reliable,262.138,42.842
2026-04-10 22:00,60,"L_GUA11175_PUERTO_MARITIMO_SUR/Cell:eNodeB Function Name=L_GUA11175_PUERTO_MARITIMO_SUR, Local Cell ID=3, Cell Name=L_GUA11175_PUERTO_MARITIMO_SUR_3, eNodeB ID=11175, Cell FDD TDD indication=CELL_FDD",Reliable,536.823,44.185
2026-04-10 22:00,60,"L_GUA11175_PUERTO_MARITIMO_SUR/Cell:eNodeB Function Name=L_GUA11175_PUERTO_MARITIMO_SUR, Local Cell ID=2, Cell Name=L_GUA11175_PUERTO_MARITIMO_SUR_2, eNodeB ID=11175, Cell FDD TDD indication=CELL_FDD",Reliable,869.342,60.121
2026-04-10 22:00,60,"L_GUA11175_PUERTO_MARITIMO_SUR/Cell:eNodeB Function Name=L_GUA11175_PUERTO_MARITIMO_SUR, Local Cell ID=1, Cell Name=L_GUA11175_PUERTO_MARITIMO_SUR_1, eNodeB ID=11175, Cell FDD TDD indication=CELL_FDD",Reliable,620.067,72.58
2026-04-10 22:00,60,"L_GUA11097_SALADO_GYE/Cell:eNodeB Function Name=L_GUA11097_SALADO_GYE, Local Cell ID=9, Cell Name=L_GUA11097_SALADO_GYE_9, eNodeB ID=11097, Cell FDD TDD indication=CELL_FDD",Reliable,58.892,9.249
2026-04-10 22:00,60,"L_GUA11097_SALADO_GYE/Cell:eNodeB Function Name=L_GUA11097_SALADO_GYE, Local Cell ID=8, Cell Name=L_GUA11097_SALADO_GYE_8, eNodeB ID=11097, Cell FDD TDD indication=CELL_FDD",Reliable,319.265,34.15
2026-04-10 22:00,60,"L_GUA11097_SALADO_GYE/Cell:eNodeB Function Name=L_GUA11097_SALADO_GYE, Local Cell ID=7, Cell Name=L_GUA11097_SALADO_GYE_7, eNodeB ID=11097, Cell FDD TDD indication=CELL_FDD",Reliable,1317.734,1784.873
2026-04-10 22:00,60,"L_GUA11097_SALADO_GYE/Cell:eNodeB Function Name=L_GUA11097_SALADO_GYE, Local Cell ID=3, Cell Name=L_GUA11097_SALADO_GYE_3, eNodeB ID=11097, Cell FDD TDD indication=CELL_FDD",Reliable,719.386,60.935
2026-04-10 22:00,60,"L_GUA11097_SALADO_GYE/Cell:eNodeB Function Name=L_GUA11097_SALADO_GYE, Local Cell ID=2, Cell Name=L_GUA11097_SALADO_GYE_2, eNodeB ID=11097, Cell FDD TDD indication=CELL_FDD",Reliable,1468.325,123.377
2026-04-10 22:00,60,"L_GUA11097_SALADO_GYE/Cell:eNodeB Function Name=L_GUA11097_SALADO_GYE, Local Cell ID=1, Cell Name=L_GUA11097_SALADO_GYE_1, eNodeB ID=11097, Cell FDD TDD indication=CELL_FDD",Reliable,1271.8,137.675
2026-04-10 22:00,60,"L_GUA11099_SAN_EDUARDO_2/Cell:eNodeB Function Name=L_GUA11099_SAN_EDUARDO_2, Local Cell ID=9, Cell Name=L_GUA11099_SAN_EDUARDO_2_9, eNodeB ID=11099, Cell FDD TDD indication=CELL_FDD",Reliable,106.585,13.446
2026-04-10 22:00,60,"L_GUA11099_SAN_EDUARDO_2/Cell:eNodeB Function Name=L_GUA11099_SAN_EDUARDO_2, Local Cell ID=8, Cell Name=L_GUA11099_SAN_EDUARDO_2_8, eNodeB ID=11099, Cell FDD TDD indication=CELL_FDD",Reliable,37.197,5.183
2026-04-10 22:00,60,"L_GUA11099_SAN_EDUARDO_2/Cell:eNodeB Function Name=L_GUA11099_SAN_EDUARDO_2, Local Cell ID=7, Cell Name=L_GUA11099_SAN_EDUARDO_2_7, eNodeB ID=11099, Cell FDD TDD indication=CELL_FDD",Reliable,551.167,69.885
2026-04-10 22:00,60,"L_GUA11099_SAN_EDUARDO_2/Cell:eNodeB Function Name=L_GUA11099_SAN_EDUARDO_2, Local Cell ID=3, Cell Name=L_GUA11099_SAN_EDUARDO_2_3, eNodeB ID=11099, Cell FDD TDD indication=CELL_FDD",Reliable,1515.039,196.811
2026-04-10 22:00,60,"L_GUA11099_SAN_EDUARDO_2/Cell:eNodeB Function Name=L_GUA11099_SAN_EDUARDO_2, Local Cell ID=2, Cell Name=L_GUA11099_SAN_EDUARDO_2_2, eNodeB ID=11099, Cell FDD TDD indication=CELL_FDD",Reliable,922.233,102.883
2026-04-10 22:00,60,"L_GUA11099_SAN_EDUARDO_2/Cell:eNodeB Function Name=L_GUA11099_SAN_EDUARDO_2, Local Cell ID=1, Cell Name=L_GUA11099_SAN_EDUARDO_2_1, eNodeB ID=11099, Cell FDD TDD indication=CELL_FDD",Reliable,2738.375,305.629
2026-04-10 22:00,60,"L_GUA11147_JARDINES_DEL_SALADO/Cell:eNodeB Function Name=L_GUA11147_JARDINES_DEL_SALADO, Local Cell ID=9, Cell Name=L_GUA11147_JARDINES_DEL_SALADO_9, eNodeB ID=11147, Cell FDD TDD indication=CELL_FDD",Reliable,3733.499,154.331
2026-04-10 22:00,60,"L_GUA11147_JARDINES_DEL_SALADO/Cell:eNodeB Function Name=L_GUA11147_JARDINES_DEL_SALADO, Local Cell ID=8, Cell Name=L_GUA11147_JARDINES_DEL_SALADO_8, eNodeB ID=11147, Cell FDD TDD indication=CELL_FDD",Reliable,161.278,6.708
2026-04-10 22:00,60,"L_GUA11147_JARDINES_DEL_SALADO/Cell:eNodeB Function Name=L_GUA11147_JARDINES_DEL_SALADO, Local Cell ID=7, Cell Name=L_GUA11147_JARDINES_DEL_SALADO_7, eNodeB ID=11147, Cell FDD TDD indication=CELL_FDD",Reliable,475.774,24.649
2026-04-10 22:00,60,"L_GUA11147_JARDINES_DEL_SALADO/Cell:eNodeB Function Name=L_GUA11147_JARDINES_DEL_SALADO, Local Cell ID=3, Cell Name=L_GUA11147_JARDINES_DEL_SALADO_3, eNodeB ID=11147, Cell FDD TDD indication=CELL_FDD",Reliable,955.12,74.377
2026-04-10 22:00,60,"L_GUA11147_JARDINES_DEL_SALADO/Cell:eNodeB Function Name=L_GUA11147_JARDINES_DEL_SALADO, Local Cell ID=2, Cell Name=L_GUA11147_JARDINES_DEL_SALADO_2, eNodeB ID=11147, Cell FDD TDD indication=CELL_FDD",Reliable,116.154,50.034
2026-04-10 22:00,60,"L_GUA11147_JARDINES_DEL_SALADO/Cell:eNodeB Function Name=L_GUA11147_JARDINES_DEL_SALADO, Local Cell ID=1, Cell Name=L_GUA11147_JARDINES_DEL_SALADO_1, eNodeB ID=11147, Cell FDD TDD indication=CELL_FDD",Reliable,656.585,183.15
2026-04-10 22:00,60,"PIC_OLM_OLMEDO_COUB_UL/Cell:eNodeB Function Name=PIC_OLM_OLMEDO_COUB_L, Local Cell ID=7, Cell Name=PIC_OLM_OLMEDO_COUB_APT_7, eNodeB ID=44413, Cell FDD TDD indication=CELL_FDD",Reliable,609.187,108.549
2026-04-10 22:00,60,"PIC_OLM_OLMEDO_COUB_UL/Cell:eNodeB Function Name=PIC_OLM_OLMEDO_COUB_L, Local Cell ID=8, Cell Name=PIC_OLM_OLMEDO_COUB_APT_8, eNodeB ID=44413, Cell FDD TDD indication=CELL_FDD",Reliable,485.827,43.519
2026-04-10 22:00,60,"PIC_OLM_OLMEDO_COUB_UL/Cell:eNodeB Function Name=PIC_OLM_OLMEDO_COUB_L, Local Cell ID=9, Cell Name=PIC_OLM_OLMEDO_COUB_APT_9, eNodeB ID=44413, Cell FDD TDD indication=CELL_FDD",Reliable,912.014,68.905
2026-04-10 22:00,60,"ESM_QND_QUININDE_SUR_UL/Cell:eNodeB Function Name=ESM_QND_QUININDE_SUR_L, Local Cell ID=7, Cell Name=ESM_QND_QUININDE_SUR_APT_7, eNodeB ID=44628, Cell FDD TDD indication=CELL_FDD",Reliable,1974.776,141.733
2026-04-10 22:00,60,"ESM_QND_QUININDE_SUR_UL/Cell:eNodeB Function Name=ESM_QND_QUININDE_SUR_L, Local Cell ID=8, Cell Name=ESM_QND_QUININDE_SUR_APT_8, eNodeB ID=44628, Cell FDD TDD indication=CELL_FDD",Reliable,132.018,31.485
2026-04-10 22:00,60,"ESM_QND_QUININDE_SUR_UL/Cell:eNodeB Function Name=ESM_QND_QUININDE_SUR_L, Local Cell ID=9, Cell Name=ESM_QND_QUININDE_SUR_APT_9, eNodeB ID=44628, Cell FDD TDD indication=CELL_FDD",Reliable,2372.463,95.284
2026-04-10 22:00,60,"ESM_QND_QUININDE_UL/Cell:eNodeB Function Name=ESM_QND_QUININDE_L, Local Cell ID=7, Cell Name=ESM_QND_QUININDE_APT_7, eNodeB ID=44627, Cell FDD TDD indication=CELL_FDD",Reliable,82.446,8.025
2026-04-10 22:00,60,"ESM_QND_QUININDE_UL/Cell:eNodeB Function Name=ESM_QND_QUININDE_L, Local Cell ID=8, Cell Name=ESM_QND_QUININDE_APT_8, eNodeB ID=44627, Cell FDD TDD indication=CELL_FDD",Reliable,1156.457,56.196
2026-04-10 22:00,60,"ESM_QND_QUININDE_UL/Cell:eNodeB Function Name=ESM_QND_QUININDE_L, Local Cell ID=9, Cell Name=ESM_QND_QUININDE_APT_9, eNodeB ID=44627, Cell FDD TDD indication=CELL_FDD",Reliable,790.431,102.776
2026-04-10 22:00,60,"L_GUA11078_LA_CHALA/Cell:eNodeB Function Name=L_GUA11078_LA_CHALA, Local Cell ID=9, Cell Name=L_GUA11078_LA_CHALA_9, eNodeB ID=11078, Cell FDD TDD indication=CELL_FDD",Reliable,75.146,7.519
2026-04-10 22:00,60,"L_GUA11078_LA_CHALA/Cell:eNodeB Function Name=L_GUA11078_LA_CHALA, Local Cell ID=8, Cell Name=L_GUA11078_LA_CHALA_8, eNodeB ID=11078, Cell FDD TDD indication=CELL_FDD",Reliable,181.27,41.959
2026-04-10 22:00,60,"L_GUA11078_LA_CHALA/Cell:eNodeB Function Name=L_GUA11078_LA_CHALA, Local Cell ID=7, Cell Name=L_GUA11078_LA_CHALA_7, eNodeB ID=11078, Cell FDD TDD indication=CELL_FDD",Reliable,189.119,23.879
2026-04-10 22:00,60,"L_GUA11078_LA_CHALA/Cell:eNodeB Function Name=L_GUA11078_LA_CHALA, Local Cell ID=3, Cell Name=L_GUA11078_LA_CHALA_3, eNodeB ID=11078, Cell FDD TDD indication=CELL_FDD",Reliable,1157.147,329.863
2026-04-10 22:00,60,"L_GUA11078_LA_CHALA/Cell:eNodeB Function Name=L_GUA11078_LA_CHALA, Local Cell ID=2, Cell Name=L_GUA11078_LA_CHALA_2, eNodeB ID=11078, Cell FDD TDD indication=CELL_FDD",Reliable,324.941,54.113
2026-04-10 22:00,60,"L_GUA11078_LA_CHALA/Cell:eNodeB Function Name=L_GUA11078_LA_CHALA, Local Cell ID=1, Cell Name=L_GUA11078_LA_CHALA_1, eNodeB ID=11078, Cell FDD TDD indication=CELL_FDD",Reliable,641.272,53.969
2026-04-10 22:00,60,"COT_SAL_LOCOA_UL/Cell:eNodeB Function Name=COT_SAL_LOCOA_L, Local Cell ID=7, Cell Name=COT_SAL_LOCOA_APT_7, eNodeB ID=43503, Cell FDD TDD indication=CELL_FDD",Reliable,943.763,80.773
2026-04-10 22:00,60,"COT_SAL_LOCOA_UL/Cell:eNodeB Function Name=COT_SAL_LOCOA_L, Local Cell ID=8, Cell Name=COT_SAL_LOCOA_APT_8, eNodeB ID=43503, Cell FDD TDD indication=CELL_FDD",Reliable,1926.906,129.129
2026-04-10 22:00,60,"COT_SAL_LOCOA_UL/Cell:eNodeB Function Name=COT_SAL_LOCOA_L, Local Cell ID=9, Cell Name=COT_SAL_LOCOA_APT_9, eNodeB ID=43503, Cell FDD TDD indication=CELL_FDD",Reliable,2281.125,246.533
2026-04-10 22:00,60,"L_GUA11023_ESCLUSAS/Cell:eNodeB Function Name=L_GUA11023_ESCLUSAS, Local Cell ID=9, Cell Name=L_GUA11023_ESCLUSAS_9, eNodeB ID=11023, Cell FDD TDD indication=CELL_FDD",Reliable,395.153,37.661
2026-04-10 22:00,60,"L_GUA11023_ESCLUSAS/Cell:eNodeB Function Name=L_GUA11023_ESCLUSAS, Local Cell ID=8, Cell Name=L_GUA11023_ESCLUSAS_8, eNodeB ID=11023, Cell FDD TDD indication=CELL_FDD",Reliable,588.346,56.631
2026-04-10 22:00,60,"L_GUA11023_ESCLUSAS/Cell:eNodeB Function Name=L_GUA11023_ESCLUSAS, Local Cell ID=7, Cell Name=L_GUA11023_ESCLUSAS_7, eNodeB ID=11023, Cell FDD TDD indication=CELL_FDD",Reliable,1676.885,144.829
2026-04-10 22:00,60,"L_GUA11023_ESCLUSAS/Cell:eNodeB Function Name=L_GUA11023_ESCLUSAS, Local Cell ID=3, Cell Name=L_GUA11023_ESCLUSAS_3, eNodeB ID=11023, Cell FDD TDD indication=CELL_FDD",Reliable,1519.149,145.845
2026-04-10 22:00,60,"L_GUA11023_ESCLUSAS/Cell:eNodeB Function Name=L_GUA11023_ESCLUSAS, Local Cell ID=2, Cell Name=L_GUA11023_ESCLUSAS_2, eNodeB ID=11023, Cell FDD TDD indication=CELL_FDD",Reliable,1753.475,111.133
2026-04-10 22:00,60,"L_GUA11023_ESCLUSAS/Cell:eNodeB Function Name=L_GUA11023_ESCLUSAS, Local Cell ID=1, Cell Name=L_GUA11023_ESCLUSAS_1, eNodeB ID=11023, Cell FDD TDD indication=CELL_FDD",Reliable,925.303,86.98
2026-04-10 22:00,60,"L_GUA11200_LAS_ACACIAS_NGYE/Cell:eNodeB Function Name=L_GUA11200_LAS_ACACIAS_NGYE, Local Cell ID=9, Cell Name=L_GUA11200_LAS_ACACIAS_NGYE_9, eNodeB ID=11200, Cell FDD TDD indication=CELL_FDD",Reliable,223.081,31.91
2026-04-10 22:00,60,"L_GUA11200_LAS_ACACIAS_NGYE/Cell:eNodeB Function Name=L_GUA11200_LAS_ACACIAS_NGYE, Local Cell ID=8, Cell Name=L_GUA11200_LAS_ACACIAS_NGYE_8, eNodeB ID=11200, Cell FDD TDD indication=CELL_FDD",Reliable,610.527,90.997
2026-04-10 22:00,60,"L_GUA11200_LAS_ACACIAS_NGYE/Cell:eNodeB Function Name=L_GUA11200_LAS_ACACIAS_NGYE, Local Cell ID=7, Cell Name=L_GUA11200_LAS_ACACIAS_NGYE_7, eNodeB ID=11200, Cell FDD TDD indication=CELL_FDD",Reliable,861.364,82.473
2026-04-10 22:00,60,"L_GUA11200_LAS_ACACIAS_NGYE/Cell:eNodeB Function Name=L_GUA11200_LAS_ACACIAS_NGYE, Local Cell ID=3, Cell Name=L_GUA11200_LAS_ACACIAS_NGYE_3, eNodeB ID=11200, Cell FDD TDD indication=CELL_FDD",Reliable,1428.705,140.765
2026-04-10 22:00,60,"L_GUA11200_LAS_ACACIAS_NGYE/Cell:eNodeB Function Name=L_GUA11200_LAS_ACACIAS_NGYE, Local Cell ID=2, Cell Name=L_GUA11200_LAS_ACACIAS_NGYE_2, eNodeB ID=11200, Cell FDD TDD indication=CELL_FDD",Reliable,2352.565,309.957
2026-04-10 22:00,60,"L_GUA11200_LAS_ACACIAS_NGYE/Cell:eNodeB Function Name=L_GUA11200_LAS_ACACIAS_NGYE, Local Cell ID=1, Cell Name=L_GUA11200_LAS_ACACIAS_NGYE_1, eNodeB ID=11200, Cell FDD TDD indication=CELL_FDD",Reliable,1720.144,100.135
2026-04-10 22:00,60,"L_GUA11081_LA_PAZ/Cell:eNodeB Function Name=L_GUA11081_LA_PAZ, Local Cell ID=9, Cell Name=L_GUA11081_LA_PAZ_9, eNodeB ID=11081, Cell FDD TDD indication=CELL_FDD",Reliable,1870.356,369.81
2026-04-10 22:00,60,"L_GUA11081_LA_PAZ/Cell:eNodeB Function Name=L_GUA11081_LA_PAZ, Local Cell ID=8, Cell Name=L_GUA11081_LA_PAZ_8, eNodeB ID=11081, Cell FDD TDD indication=CELL_FDD",Reliable,401.095,57.41
2026-04-10 22:00,60,"L_GUA11081_LA_PAZ/Cell:eNodeB Function Name=L_GUA11081_LA_PAZ, Local Cell ID=7, Cell Name=L_GUA11081_LA_PAZ_7, eNodeB ID=11081, Cell FDD TDD indication=CELL_FDD",Reliable,1432.863,127.588
2026-04-10 22:00,60,"L_GUA11081_LA_PAZ/Cell:eNodeB Function Name=L_GUA11081_LA_PAZ, Local Cell ID=3, Cell Name=L_GUA11081_LA_PAZ_3, eNodeB ID=11081, Cell FDD TDD indication=CELL_FDD",Reliable,2242.398,245.926
2026-04-10 22:00,60,"L_GUA11081_LA_PAZ/Cell:eNodeB Function Name=L_GUA11081_LA_PAZ, Local Cell ID=2, Cell Name=L_GUA11081_LA_PAZ_2, eNodeB ID=11081, Cell FDD TDD indication=CELL_FDD",Reliable,1309.81,93.029
2026-04-10 22:00,60,"L_GUA11081_LA_PAZ/Cell:eNodeB Function Name=L_GUA11081_LA_PAZ, Local Cell ID=1, Cell Name=L_GUA11081_LA_PAZ_1, eNodeB ID=11081, Cell FDD TDD indication=CELL_FDD",Reliable,1970.29,152.908
2026-04-10 22:00,60,"L_GUA11302_GUA_GYE_208/Cell:eNodeB Function Name=L_GUA11302_GUA_GYE_208, Local Cell ID=3, Cell Name=L_GUA11302_GUA_GYE_208_3, eNodeB ID=11302, Cell FDD TDD indication=CELL_FDD",Reliable,923.838,75.128
2026-04-10 22:00,60,"L_GUA11302_GUA_GYE_208/Cell:eNodeB Function Name=L_GUA11302_GUA_GYE_208, Local Cell ID=2, Cell Name=L_GUA11302_GUA_GYE_208_2, eNodeB ID=11302, Cell FDD TDD indication=CELL_FDD",Reliable,420.333,74.903
2026-04-10 22:00,60,"L_GUA11302_GUA_GYE_208/Cell:eNodeB Function Name=L_GUA11302_GUA_GYE_208, Local Cell ID=1, Cell Name=L_GUA11302_GUA_GYE_208_1, eNodeB ID=11302, Cell FDD TDD indication=CELL_FDD",Reliable,196.066,19.115
2026-04-10 22:00,60,"L_GUA11079_LA_FLORESTA_GYE/Cell:eNodeB Function Name=L_GUA11079_LA_FLORESTA_GYE, Local Cell ID=9, Cell Name=L_GUA11079_LA_FLORESTA_GYE_9, eNodeB ID=11079, Cell FDD TDD indication=CELL_FDD",Reliable,651.657,91.822
2026-04-10 22:00,60,"L_GUA11079_LA_FLORESTA_GYE/Cell:eNodeB Function Name=L_GUA11079_LA_FLORESTA_GYE, Local Cell ID=8, Cell Name=L_GUA11079_LA_FLORESTA_GYE_8, eNodeB ID=11079, Cell FDD TDD indication=CELL_FDD",Reliable,151.106,46.581
2026-04-10 22:00,60,"L_GUA11079_LA_FLORESTA_GYE/Cell:eNodeB Function Name=L_GUA11079_LA_FLORESTA_GYE, Local Cell ID=7, Cell Name=L_GUA11079_LA_FLORESTA_GYE_7, eNodeB ID=11079, Cell FDD TDD indication=CELL_FDD",Reliable,34.856,10.83
2026-04-10 22:00,60,"L_GUA11079_LA_FLORESTA_GYE/Cell:eNodeB Function Name=L_GUA11079_LA_FLORESTA_GYE, Local Cell ID=3, Cell Name=L_GUA11079_LA_FLORESTA_GYE_3, eNodeB ID=11079, Cell FDD TDD indication=CELL_FDD",Reliable,1267.854,182.878
2026-04-10 22:00,60,"L_GUA11079_LA_FLORESTA_GYE/Cell:eNodeB Function Name=L_GUA11079_LA_FLORESTA_GYE, Local Cell ID=2, Cell Name=L_GUA11079_LA_FLORESTA_GYE_2, eNodeB ID=11079, Cell FDD TDD indication=CELL_FDD",Reliable,905.593,271.372
2026-04-10 22:00,60,"L_GUA11079_LA_FLORESTA_GYE/Cell:eNodeB Function Name=L_GUA11079_LA_FLORESTA_GYE, Local Cell ID=1, Cell Name=L_GUA11079_LA_FLORESTA_GYE_1, eNodeB ID=11079, Cell FDD TDD indication=CELL_FDD",Reliable,1061.554,105.123
2026-04-10 22:00,60,"L_GUA11019_LETAMENDI/Cell:eNodeB Function Name=L_GUA11019_LETAMENDI, Local Cell ID=9, Cell Name=L_GUA11019_LETAMENDI_9, eNodeB ID=11019, Cell FDD TDD indication=CELL_FDD",Reliable,109.573,7.503
2026-04-10 22:00,60,"L_GUA11019_LETAMENDI/Cell:eNodeB Function Name=L_GUA11019_LETAMENDI, Local Cell ID=8, Cell Name=L_GUA11019_LETAMENDI_8, eNodeB ID=11019, Cell FDD TDD indication=CELL_FDD",Reliable,10.782,0.977
2026-04-10 22:00,60,"L_GUA11019_LETAMENDI/Cell:eNodeB Function Name=L_GUA11019_LETAMENDI, Local Cell ID=7, Cell Name=L_GUA11019_LETAMENDI_7, eNodeB ID=11019, Cell FDD TDD indication=CELL_FDD",Reliable,159.72,19.592
2026-04-10 22:00,60,"L_GUA11019_LETAMENDI/Cell:eNodeB Function Name=L_GUA11019_LETAMENDI, Local Cell ID=3, Cell Name=L_GUA11019_LETAMENDI_3, eNodeB ID=11019, Cell FDD TDD indication=CELL_FDD",Reliable,1409.156,143.632
2026-04-10 22:00,60,"L_GUA11019_LETAMENDI/Cell:eNodeB Function Name=L_GUA11019_LETAMENDI, Local Cell ID=2, Cell Name=L_GUA11019_LETAMENDI_2, eNodeB ID=11019, Cell FDD TDD indication=CELL_FDD",Reliable,1328.229,91.529
2026-04-10 22:00,60,"L_GUA11019_LETAMENDI/Cell:eNodeB Function Name=L_GUA11019_LETAMENDI, Local Cell ID=1, Cell Name=L_GUA11019_LETAMENDI_1, eNodeB ID=11019, Cell FDD TDD indication=CELL_FDD",Reliable,1261.909,159.335
2026-04-10 22:00,60,"L_GUA11269_LOS_ESTEROS_GYE/Cell:eNodeB Function Name=L_GUA11269_LOS_ESTEROS_GYE, Local Cell ID=3, Cell Name=L_GUA11269_LOS_ESTEROS_GYE_3, eNodeB ID=11269, Cell FDD TDD indication=CELL_FDD",Reliable,1921.378,461.195
2026-04-10 22:00,60,"L_GUA11269_LOS_ESTEROS_GYE/Cell:eNodeB Function Name=L_GUA11269_LOS_ESTEROS_GYE, Local Cell ID=2, Cell Name=L_GUA11269_LOS_ESTEROS_GYE_2, eNodeB ID=11269, Cell FDD TDD indication=CELL_FDD",Reliable,1324.969,209.639
2026-04-10 22:00,60,"L_GUA11269_LOS_ESTEROS_GYE/Cell:eNodeB Function Name=L_GUA11269_LOS_ESTEROS_GYE, Local Cell ID=1, Cell Name=L_GUA11269_LOS_ESTEROS_GYE_1, eNodeB ID=11269, Cell FDD TDD indication=CELL_FDD",Reliable,718.423,356.929
2026-04-10 22:00,60,"L_GUA11082_LA_SAIBA/Cell:eNodeB Function Name=L_GUA11082_LA_SAIBA, Local Cell ID=9, Cell Name=L_GUA11082_LA_SAIBA_9, eNodeB ID=11082, Cell FDD TDD indication=CELL_FDD",Reliable,249.667,20.128
2026-04-10 22:00,60,"L_GUA11082_LA_SAIBA/Cell:eNodeB Function Name=L_GUA11082_LA_SAIBA, Local Cell ID=8, Cell Name=L_GUA11082_LA_SAIBA_8, eNodeB ID=11082, Cell FDD TDD indication=CELL_FDD",Reliable,555.831,32.73
2026-04-10 22:00,60,"L_GUA11082_LA_SAIBA/Cell:eNodeB Function Name=L_GUA11082_LA_SAIBA, Local Cell ID=7, Cell Name=L_GUA11082_LA_SAIBA_7, eNodeB ID=11082, Cell FDD TDD indication=CELL_FDD",Reliable,236.843,13.385
2026-04-10 22:00,60,"L_GUA11082_LA_SAIBA/Cell:eNodeB Function Name=L_GUA11082_LA_SAIBA, Local Cell ID=3, Cell Name=L_GUA11082_LA_SAIBA_3, eNodeB ID=11082, Cell FDD TDD indication=CELL_FDD",Reliable,593.787,102.555
2026-04-10 22:00,60,"L_GUA11082_LA_SAIBA/Cell:eNodeB Function Name=L_GUA11082_LA_SAIBA, Local Cell ID=2, Cell Name=L_GUA11082_LA_SAIBA_2, eNodeB ID=11082, Cell FDD TDD indication=CELL_FDD",Reliable,2751.146,466.217
2026-04-10 22:00,60,"L_GUA11082_LA_SAIBA/Cell:eNodeB Function Name=L_GUA11082_LA_SAIBA, Local Cell ID=1, Cell Name=L_GUA11082_LA_SAIBA_1, eNodeB ID=11082, Cell FDD TDD indication=CELL_FDD",Reliable,797.814,662.761
2026-04-10 22:00,60,"L_GUA11015_PUERTO_NUEVO/Cell:eNodeB Function Name=L_GUA11015_PUERTO_NUEVO, Local Cell ID=9, Cell Name=L_GUA11015_PUERTO_NUEVO_9, eNodeB ID=11015, Cell FDD TDD indication=CELL_FDD",Reliable,78.157,5.674
2026-04-10 22:00,60,"L_GUA11015_PUERTO_NUEVO/Cell:eNodeB Function Name=L_GUA11015_PUERTO_NUEVO, Local Cell ID=8, Cell Name=L_GUA11015_PUERTO_NUEVO_8, eNodeB ID=11015, Cell FDD TDD indication=CELL_FDD",Reliable,376.743,36.572
2026-04-10 22:00,60,"L_GUA11015_PUERTO_NUEVO/Cell:eNodeB Function Name=L_GUA11015_PUERTO_NUEVO, Local Cell ID=7, Cell Name=L_GUA11015_PUERTO_NUEVO_7, eNodeB ID=11015, Cell FDD TDD indication=CELL_FDD",Reliable,839.17,278.921
2026-04-10 22:00,60,"L_GUA11015_PUERTO_NUEVO/Cell:eNodeB Function Name=L_GUA11015_PUERTO_NUEVO, Local Cell ID=3, Cell Name=L_GUA11015_PUERTO_NUEVO_3, eNodeB ID=11015, Cell FDD TDD indication=CELL_FDD",Reliable,940.087,97.921
2026-04-10 22:00,60,"L_GUA11015_PUERTO_NUEVO/Cell:eNodeB Function Name=L_GUA11015_PUERTO_NUEVO, Local Cell ID=2, Cell Name=L_GUA11015_PUERTO_NUEVO_2, eNodeB ID=11015, Cell FDD TDD indication=CELL_FDD",Reliable,1878.884,227.023
2026-04-10 22:00,60,"L_GUA11015_PUERTO_NUEVO/Cell:eNodeB Function Name=L_GUA11015_PUERTO_NUEVO, Local Cell ID=1, Cell Name=L_GUA11015_PUERTO_NUEVO_1, eNodeB ID=11015, Cell FDD TDD indication=CELL_FDD",Reliable,3323.654,417.414
2026-04-10 22:00,60,"L_GUA11083_LA_UNION_GYE/Cell:eNodeB Function Name=L_GUA11083_LA_UNION_GYE, Local Cell ID=3, Cell Name=L_GUA11083_LA_UNION_GYE_3, eNodeB ID=11083, Cell FDD TDD indication=CELL_FDD",Reliable,913.422,91.475
2026-04-10 22:00,60,"L_GUA11083_LA_UNION_GYE/Cell:eNodeB Function Name=L_GUA11083_LA_UNION_GYE, Local Cell ID=2, Cell Name=L_GUA11083_LA_UNION_GYE_2, eNodeB ID=11083, Cell FDD TDD indication=CELL_FDD",Reliable,325.75,97.638
2026-04-10 22:00,60,"L_GUA11083_LA_UNION_GYE/Cell:eNodeB Function Name=L_GUA11083_LA_UNION_GYE, Local Cell ID=1, Cell Name=L_GUA11083_LA_UNION_GYE_1, eNodeB ID=11083, Cell FDD TDD indication=CELL_FDD",Reliable,1518.389,157.203
2026-04-10 22:00,60,"L_GUA11105_UNION_SUR/Cell:eNodeB Function Name=L_GUA11105_UNION_SUR, Local Cell ID=9, Cell Name=L_GUA11105_UNION_SUR_9, eNodeB ID=11105, Cell FDD TDD indication=CELL_FDD",Reliable,24.617,3.254
2026-04-10 22:00,60,"L_GUA11105_UNION_SUR/Cell:eNodeB Function Name=L_GUA11105_UNION_SUR, Local Cell ID=8, Cell Name=L_GUA11105_UNION_SUR_8, eNodeB ID=11105, Cell FDD TDD indication=CELL_FDD",Reliable,948.148,118.885
2026-04-10 22:00,60,"L_GUA11105_UNION_SUR/Cell:eNodeB Function Name=L_GUA11105_UNION_SUR, Local Cell ID=7, Cell Name=L_GUA11105_UNION_SUR_7, eNodeB ID=11105, Cell FDD TDD indication=CELL_FDD",Reliable,1465.235,796.443
2026-04-10 22:00,60,"L_GUA11105_UNION_SUR/Cell:eNodeB Function Name=L_GUA11105_UNION_SUR, Local Cell ID=3, Cell Name=L_GUA11105_UNION_SUR_3, eNodeB ID=11105, Cell FDD TDD indication=CELL_FDD",Reliable,987.45,305.854
2026-04-10 22:00,60,"L_GUA11105_UNION_SUR/Cell:eNodeB Function Name=L_GUA11105_UNION_SUR, Local Cell ID=2, Cell Name=L_GUA11105_UNION_SUR_2, eNodeB ID=11105, Cell FDD TDD indication=CELL_FDD",Reliable,4525.175,693.781
2026-04-10 22:00,60,"L_GUA11105_UNION_SUR/Cell:eNodeB Function Name=L_GUA11105_UNION_SUR, Local Cell ID=1, Cell Name=L_GUA11105_UNION_SUR_1, eNodeB ID=11105, Cell FDD TDD indication=CELL_FDD",Reliable,907.195,113.43
2026-04-10 22:00,60,"L_GUA11127_BASE_NAVAL/Cell:eNodeB Function Name=L_GUA11127_BASE_NAVAL, Local Cell ID=9, Cell Name=L_GUA11127_BASE_NAVAL_9, eNodeB ID=11127, Cell FDD TDD indication=CELL_FDD",Reliable,123.734,31.275
2026-04-10 22:00,60,"L_GUA11127_BASE_NAVAL/Cell:eNodeB Function Name=L_GUA11127_BASE_NAVAL, Local Cell ID=8, Cell Name=L_GUA11127_BASE_NAVAL_8, eNodeB ID=11127, Cell FDD TDD indication=CELL_FDD",Reliable,275.132,20.394
2026-04-10 22:00,60,"L_GUA11127_BASE_NAVAL/Cell:eNodeB Function Name=L_GUA11127_BASE_NAVAL, Local Cell ID=7, Cell Name=L_GUA11127_BASE_NAVAL_7, eNodeB ID=11127, Cell FDD TDD indication=CELL_FDD",Reliable,184.741,200.203
2026-04-10 22:00,60,"L_GUA11127_BASE_NAVAL/Cell:eNodeB Function Name=L_GUA11127_BASE_NAVAL, Local Cell ID=3, Cell Name=L_GUA11127_BASE_NAVAL_3, eNodeB ID=11127, Cell FDD TDD indication=CELL_FDD",Reliable,604.547,45.343
2026-04-10 22:00,60,"L_GUA11127_BASE_NAVAL/Cell:eNodeB Function Name=L_GUA11127_BASE_NAVAL, Local Cell ID=2, Cell Name=L_GUA11127_BASE_NAVAL_2, eNodeB ID=11127, Cell FDD TDD indication=CELL_FDD",Reliable,2315.582,230.114
2026-04-10 22:00,60,"L_GUA11127_BASE_NAVAL/Cell:eNodeB Function Name=L_GUA11127_BASE_NAVAL, Local Cell ID=1, Cell Name=L_GUA11127_BASE_NAVAL_1, eNodeB ID=11127, Cell FDD TDD indication=CELL_FDD",Reliable,796.902,175.581
2026-04-10 22:00,60,"L_GUA11182_UNION_DE_BANANEROS/Cell:eNodeB Function Name=L_GUA11182_UNION_DE_BANANEROS, Local Cell ID=9, Cell Name=L_GUA11182_UNION_DE_BANANEROS_9, eNodeB ID=11182, Cell FDD TDD indication=CELL_FDD",Reliable,292.026,36.059
2026-04-10 22:00,60,"L_GUA11182_UNION_DE_BANANEROS/Cell:eNodeB Function Name=L_GUA11182_UNION_DE_BANANEROS, Local Cell ID=8, Cell Name=L_GUA11182_UNION_DE_BANANEROS_8, eNodeB ID=11182, Cell FDD TDD indication=CELL_FDD",Reliable,545.55,111.876
2026-04-10 22:00,60,"L_GUA11182_UNION_DE_BANANEROS/Cell:eNodeB Function Name=L_GUA11182_UNION_DE_BANANEROS, Local Cell ID=7, Cell Name=L_GUA11182_UNION_DE_BANANEROS_7, eNodeB ID=11182, Cell FDD TDD indication=CELL_FDD",Reliable,990.252,69.632
2026-04-10 22:00,60,"L_GUA11182_UNION_DE_BANANEROS/Cell:eNodeB Function Name=L_GUA11182_UNION_DE_BANANEROS, Local Cell ID=3, Cell Name=L_GUA11182_UNION_DE_BANANEROS_3, eNodeB ID=11182, Cell FDD TDD indication=CELL_FDD",Reliable,794.474,70.807
2026-04-10 22:00,60,"L_GUA11182_UNION_DE_BANANEROS/Cell:eNodeB Function Name=L_GUA11182_UNION_DE_BANANEROS, Local Cell ID=2, Cell Name=L_GUA11182_UNION_DE_BANANEROS_2, eNodeB ID=11182, Cell FDD TDD indication=CELL_FDD",Reliable,2273.205,148.959
2026-04-10 22:00,60,"L_GUA11182_UNION_DE_BANANEROS/Cell:eNodeB Function Name=L_GUA11182_UNION_DE_BANANEROS, Local Cell ID=1, Cell Name=L_GUA11182_UNION_DE_BANANEROS_1, eNodeB ID=11182, Cell FDD TDD indication=CELL_FDD",Reliable,785.798,68.357
2026-04-10 22:00,60,"L_GUA11262_ESCLUSAS_OESTE/Cell:eNodeB Function Name=L_GUA11262_ESCLUSAS_OESTE, Local Cell ID=3, Cell Name=L_GUA11262_ESCLUSAS_OESTE_3, eNodeB ID=11262, Cell FDD TDD indication=CELL_FDD",Reliable,79.951,4.277
2026-04-10 22:00,60,"L_GUA11262_ESCLUSAS_OESTE/Cell:eNodeB Function Name=L_GUA11262_ESCLUSAS_OESTE, Local Cell ID=2, Cell Name=L_GUA11262_ESCLUSAS_OESTE_2, eNodeB ID=11262, Cell FDD TDD indication=CELL_FDD",Reliable,851.623,113.963
2026-04-10 22:00,60,"L_GUA11262_ESCLUSAS_OESTE/Cell:eNodeB Function Name=L_GUA11262_ESCLUSAS_OESTE, Local Cell ID=1, Cell Name=L_GUA11262_ESCLUSAS_OESTE_1, eNodeB ID=11262, Cell FDD TDD indication=CELL_FDD",Reliable,72.178,6.235
2026-04-10 22:00,60,"L_GUA11280_GUA_GYE_203/Cell:eNodeB Function Name=L_GUA11280_GUA_GYE_203, Local Cell ID=3, Cell Name=L_GUA11280_GUA_GYE_203_3, eNodeB ID=11280, Cell FDD TDD indication=CELL_FDD",Reliable,825.549,87.011
2026-04-10 22:00,60,"L_GUA11280_GUA_GYE_203/Cell:eNodeB Function Name=L_GUA11280_GUA_GYE_203, Local Cell ID=2, Cell Name=L_GUA11280_GUA_GYE_203_2, eNodeB ID=11280, Cell FDD TDD indication=CELL_FDD",Reliable,2274.605,185.537
2026-04-10 22:00,60,"L_GUA11280_GUA_GYE_203/Cell:eNodeB Function Name=L_GUA11280_GUA_GYE_203, Local Cell ID=1, Cell Name=L_GUA11280_GUA_GYE_203_1, eNodeB ID=11280, Cell FDD TDD indication=CELL_FDD",Reliable,523.463,60.47
2026-04-10 22:00,60,"L_GUA11292_GUA_GYE_JULIO_POTES/Cell:eNodeB Function Name=L_GUA11292_GUA_GYE_JULIO_POTES, Local Cell ID=9, Cell Name=L_GUA11292_GUA_GYE_JULIO_POTES_9, eNodeB ID=11292, Cell FDD TDD indication=CELL_FDD",Reliable,259.818,42.881
2026-04-10 22:00,60,"L_GUA11292_GUA_GYE_JULIO_POTES/Cell:eNodeB Function Name=L_GUA11292_GUA_GYE_JULIO_POTES, Local Cell ID=8, Cell Name=L_GUA11292_GUA_GYE_JULIO_POTES_8, eNodeB ID=11292, Cell FDD TDD indication=CELL_FDD",Reliable,149.657,20.43
2026-04-10 22:00,60,"L_GUA11292_GUA_GYE_JULIO_POTES/Cell:eNodeB Function Name=L_GUA11292_GUA_GYE_JULIO_POTES, Local Cell ID=7, Cell Name=L_GUA11292_GUA_GYE_JULIO_POTES_7, eNodeB ID=11292, Cell FDD TDD indication=CELL_FDD",Reliable,178.377,27.643
2026-04-10 22:00,60,"L_GUA11292_GUA_GYE_JULIO_POTES/Cell:eNodeB Function Name=L_GUA11292_GUA_GYE_JULIO_POTES, Local Cell ID=3, Cell Name=L_GUA11292_GUA_GYE_JULIO_POTES_3, eNodeB ID=11292, Cell FDD TDD indication=CELL_FDD",Reliable,464.479,90.543
2026-04-10 22:00,60,"L_GUA11292_GUA_GYE_JULIO_POTES/Cell:eNodeB Function Name=L_GUA11292_GUA_GYE_JULIO_POTES, Local Cell ID=2, Cell Name=L_GUA11292_GUA_GYE_JULIO_POTES_2, eNodeB ID=11292, Cell FDD TDD indication=CELL_FDD",Reliable,622.928,152.192
2026-04-10 22:00,60,"L_GUA11292_GUA_GYE_JULIO_POTES/Cell:eNodeB Function Name=L_GUA11292_GUA_GYE_JULIO_POTES, Local Cell ID=1, Cell Name=L_GUA11292_GUA_GYE_JULIO_POTES_1, eNodeB ID=11292, Cell FDD TDD indication=CELL_FDD",Reliable,814.522,130.903
2026-04-10 22:00,60,"L_GUA11434_GUA_GYE_GUAYAS_Y_QUIL/Cell:eNodeB Function Name=L_GUA11434_GUA_GYE_GUAYAS_Y_QUIL, Local Cell ID=9, Cell Name=L_GUA11434_GUA_GYE_GUAYAS_Y_QUIL_9, eNodeB ID=11434, Cell FDD TDD indication=CELL_FDD",Reliable,4148.399,243.45
2026-04-10 22:00,60,"L_GUA11434_GUA_GYE_GUAYAS_Y_QUIL/Cell:eNodeB Function Name=L_GUA11434_GUA_GYE_GUAYAS_Y_QUIL, Local Cell ID=8, Cell Name=L_GUA11434_GUA_GYE_GUAYAS_Y_QUIL_8, eNodeB ID=11434, Cell FDD TDD indication=CELL_FDD",Reliable,2697.789,302.039
2026-04-10 22:00,60,"L_GUA11434_GUA_GYE_GUAYAS_Y_QUIL/Cell:eNodeB Function Name=L_GUA11434_GUA_GYE_GUAYAS_Y_QUIL, Local Cell ID=7, Cell Name=L_GUA11434_GUA_GYE_GUAYAS_Y_QUIL_7, eNodeB ID=11434, Cell FDD TDD indication=CELL_FDD",Reliable,313.416,16.323
2026-04-10 22:00,60,"L_GUA11434_GUA_GYE_GUAYAS_Y_QUIL/Cell:eNodeB Function Name=L_GUA11434_GUA_GYE_GUAYAS_Y_QUIL, Local Cell ID=3, Cell Name=L_GUA11434_GUA_GYE_GUAYAS_Y_QUIL_3, eNodeB ID=11434, Cell FDD TDD indication=CELL_FDD",Reliable,3585.319,401.182
2026-04-10 22:00,60,"L_GUA11434_GUA_GYE_GUAYAS_Y_QUIL/Cell:eNodeB Function Name=L_GUA11434_GUA_GYE_GUAYAS_Y_QUIL, Local Cell ID=2, Cell Name=L_GUA11434_GUA_GYE_GUAYAS_Y_QUIL_2, eNodeB ID=11434, Cell FDD TDD indication=CELL_FDD",Reliable,1463.73,131.04
2026-04-10 22:00,60,"L_GUA11434_GUA_GYE_GUAYAS_Y_QUIL/Cell:eNodeB Function Name=L_GUA11434_GUA_GYE_GUAYAS_Y_QUIL, Local Cell ID=1, Cell Name=L_GUA11434_GUA_GYE_GUAYAS_Y_QUIL_1, eNodeB ID=11434, Cell FDD TDD indication=CELL_FDD",Reliable,436.912,37.049
2026-04-10 22:00,60,"L_GUA11211_GUA_GYE_H_GUASM_S/Cell:eNodeB Function Name=L_GUA11211_GUA_GYE_H_GUASM_S, Local Cell ID=9, Cell Name=L_GUA11211_GUA_GYE_H_GUASM_S_9, eNodeB ID=11211, Cell FDD TDD indication=CELL_FDD",Reliable,2835.526,302.615
2026-04-10 22:00,60,"L_GUA11211_GUA_GYE_H_GUASM_S/Cell:eNodeB Function Name=L_GUA11211_GUA_GYE_H_GUASM_S, Local Cell ID=8, Cell Name=L_GUA11211_GUA_GYE_H_GUASM_S_8, eNodeB ID=11211, Cell FDD TDD indication=CELL_FDD",Reliable,526.26,64.793
2026-04-10 22:00,60,"L_GUA11211_GUA_GYE_H_GUASM_S/Cell:eNodeB Function Name=L_GUA11211_GUA_GYE_H_GUASM_S, Local Cell ID=7, Cell Name=L_GUA11211_GUA_GYE_H_GUASM_S_7, eNodeB ID=11211, Cell FDD TDD indication=CELL_FDD",Reliable,616.582,109.821
2026-04-10 22:00,60,"L_GUA11211_GUA_GYE_H_GUASM_S/Cell:eNodeB Function Name=L_GUA11211_GUA_GYE_H_GUASM_S, Local Cell ID=3, Cell Name=L_GUA11211_GUA_GYE_H_GUASM_S_3, eNodeB ID=11211, Cell FDD TDD indication=CELL_FDD",Reliable,2078.51,281.279
2026-04-10 22:00,60,"L_GUA11211_GUA_GYE_H_GUASM_S/Cell:eNodeB Function Name=L_GUA11211_GUA_GYE_H_GUASM_S, Local Cell ID=2, Cell Name=L_GUA11211_GUA_GYE_H_GUASM_S_2, eNodeB ID=11211, Cell FDD TDD indication=CELL_FDD",Reliable,431.097,56.952
2026-04-10 22:00,60,"L_GUA11211_GUA_GYE_H_GUASM_S/Cell:eNodeB Function Name=L_GUA11211_GUA_GYE_H_GUASM_S, Local Cell ID=1, Cell Name=L_GUA11211_GUA_GYE_H_GUASM_S_1, eNodeB ID=11211, Cell FDD TDD indication=CELL_FDD",Reliable,263.178,44.276
2026-04-10 22:00,60,"L_GUA11009_EL_GUASMO/Cell:eNodeB Function Name=L_GUA11009_EL_GUASMO, Local Cell ID=9, Cell Name=L_GUA11009_EL_GUASMO_9, eNodeB ID=11009, Cell FDD TDD indication=CELL_FDD",Reliable,1609.561,132.205
2026-04-10 22:00,60,"L_GUA11009_EL_GUASMO/Cell:eNodeB Function Name=L_GUA11009_EL_GUASMO, Local Cell ID=8, Cell Name=L_GUA11009_EL_GUASMO_8, eNodeB ID=11009, Cell FDD TDD indication=CELL_FDD",Reliable,418.922,43.644
2026-04-10 22:00,60,"L_GUA11009_EL_GUASMO/Cell:eNodeB Function Name=L_GUA11009_EL_GUASMO, Local Cell ID=7, Cell Name=L_GUA11009_EL_GUASMO_7, eNodeB ID=11009, Cell FDD TDD indication=CELL_FDD",Reliable,84.437,1171.641
2026-04-10 22:00,60,"L_GUA11009_EL_GUASMO/Cell:eNodeB Function Name=L_GUA11009_EL_GUASMO, Local Cell ID=3, Cell Name=L_GUA11009_EL_GUASMO_3, eNodeB ID=11009, Cell FDD TDD indication=CELL_FDD",Reliable,1221.574,121.447
2026-04-10 22:00,60,"L_GUA11009_EL_GUASMO/Cell:eNodeB Function Name=L_GUA11009_EL_GUASMO, Local Cell ID=2, Cell Name=L_GUA11009_EL_GUASMO_2, eNodeB ID=11009, Cell FDD TDD indication=CELL_FDD",Reliable,1197.148,187.684
2026-04-10 22:00,60,"L_GUA11009_EL_GUASMO/Cell:eNodeB Function Name=L_GUA11009_EL_GUASMO, Local Cell ID=1, Cell Name=L_GUA11009_EL_GUASMO_1, eNodeB ID=11009, Cell FDD TDD indication=CELL_FDD",Reliable,607.483,607.671
2026-04-10 22:00,60,"L_GUA11037_GUASMO_SUR_TEM/Cell:eNodeB Function Name=L_GUA11037_GUASMO_SUR_TEM, Local Cell ID=9, Cell Name=L_GUA11037_GUASMO_SUR_TEM_9, eNodeB ID=11037, Cell FDD TDD indication=CELL_FDD",Reliable,1190.991,152.425
2026-04-10 22:00,60,"L_GUA11037_GUASMO_SUR_TEM/Cell:eNodeB Function Name=L_GUA11037_GUASMO_SUR_TEM, Local Cell ID=8, Cell Name=L_GUA11037_GUASMO_SUR_TEM_8, eNodeB ID=11037, Cell FDD TDD indication=CELL_FDD",Reliable,530.118,51.579
2026-04-10 22:00,60,"L_GUA11037_GUASMO_SUR_TEM/Cell:eNodeB Function Name=L_GUA11037_GUASMO_SUR_TEM, Local Cell ID=7, Cell Name=L_GUA11037_GUASMO_SUR_TEM_7, eNodeB ID=11037, Cell FDD TDD indication=CELL_FDD",Reliable,749.158,67.312
2026-04-10 22:00,60,"L_GUA11037_GUASMO_SUR_TEM/Cell:eNodeB Function Name=L_GUA11037_GUASMO_SUR_TEM, Local Cell ID=3, Cell Name=L_GUA11037_GUASMO_SUR_TEM_3, eNodeB ID=11037, Cell FDD TDD indication=CELL_FDD",Reliable,1540.273,133.083
2026-04-10 22:00,60,"L_GUA11037_GUASMO_SUR_TEM/Cell:eNodeB Function Name=L_GUA11037_GUASMO_SUR_TEM, Local Cell ID=2, Cell Name=L_GUA11037_GUASMO_SUR_TEM_2, eNodeB ID=11037, Cell FDD TDD indication=CELL_FDD",Reliable,1394.352,101.027
2026-04-10 22:00,60,"L_GUA11037_GUASMO_SUR_TEM/Cell:eNodeB Function Name=L_GUA11037_GUASMO_SUR_TEM, Local Cell ID=1, Cell Name=L_GUA11037_GUASMO_SUR_TEM_1, eNodeB ID=11037, Cell FDD TDD indication=CELL_FDD",Reliable,1353.819,312.412
2026-04-10 22:00,60,"L_GUA11048_MALL_DEL_SUR/Cell:eNodeB Function Name=L_GUA11048_MALL_DEL_SUR, Local Cell ID=9, Cell Name=L_GUA11048_MALL_DEL_SUR_9, eNodeB ID=11048, Cell FDD TDD indication=CELL_FDD",Reliable,431.218,59.076
2026-04-10 22:00,60,"L_GUA11048_MALL_DEL_SUR/Cell:eNodeB Function Name=L_GUA11048_MALL_DEL_SUR, Local Cell ID=8, Cell Name=L_GUA11048_MALL_DEL_SUR_8, eNodeB ID=11048, Cell FDD TDD indication=CELL_FDD",Reliable,1470.806,103.39
2026-04-10 22:00,60,"L_GUA11048_MALL_DEL_SUR/Cell:eNodeB Function Name=L_GUA11048_MALL_DEL_SUR, Local Cell ID=7, Cell Name=L_GUA11048_MALL_DEL_SUR_7, eNodeB ID=11048, Cell FDD TDD indication=CELL_FDD",Reliable,467.578,45.016
2026-04-10 22:00,60,"L_GUA11048_MALL_DEL_SUR/Cell:eNodeB Function Name=L_GUA11048_MALL_DEL_SUR, Local Cell ID=3, Cell Name=L_GUA11048_MALL_DEL_SUR_3, eNodeB ID=11048, Cell FDD TDD indication=CELL_FDD",Reliable,575.183,58.322
2026-04-10 22:00,60,"L_GUA11048_MALL_DEL_SUR/Cell:eNodeB Function Name=L_GUA11048_MALL_DEL_SUR, Local Cell ID=2, Cell Name=L_GUA11048_MALL_DEL_SUR_2, eNodeB ID=11048, Cell FDD TDD indication=CELL_FDD",Reliable,3663.926,320.389
2026-04-10 22:00,60,"L_GUA11048_MALL_DEL_SUR/Cell:eNodeB Function Name=L_GUA11048_MALL_DEL_SUR, Local Cell ID=1, Cell Name=L_GUA11048_MALL_DEL_SUR_1, eNodeB ID=11048, Cell FDD TDD indication=CELL_FDD",Reliable,2202.041,211.89
2026-04-10 22:00,60,"L_GUA11072_FERTISA/Cell:eNodeB Function Name=L_GUA11072_FERTISA, Local Cell ID=9, Cell Name=L_GUA11072_FERTISA_9, eNodeB ID=11072, Cell FDD TDD indication=CELL_FDD",Reliable,354.337,26.407
2026-04-10 22:00,60,"L_GUA11072_FERTISA/Cell:eNodeB Function Name=L_GUA11072_FERTISA, Local Cell ID=8, Cell Name=L_GUA11072_FERTISA_8, eNodeB ID=11072, Cell FDD TDD indication=CELL_FDD",Reliable,1427.1,95.97
2026-04-10 22:00,60,"L_GUA11072_FERTISA/Cell:eNodeB Function Name=L_GUA11072_FERTISA, Local Cell ID=7, Cell Name=L_GUA11072_FERTISA_7, eNodeB ID=11072, Cell FDD TDD indication=CELL_FDD",Reliable,15.544,2.598
2026-04-10 22:00,60,"L_GUA11072_FERTISA/Cell:eNodeB Function Name=L_GUA11072_FERTISA, Local Cell ID=3, Cell Name=L_GUA11072_FERTISA_3, eNodeB ID=11072, Cell FDD TDD indication=CELL_FDD",Reliable,1328.572,262.242
2026-04-10 22:00,60,"L_GUA11072_FERTISA/Cell:eNodeB Function Name=L_GUA11072_FERTISA, Local Cell ID=2, Cell Name=L_GUA11072_FERTISA_2, eNodeB ID=11072, Cell FDD TDD indication=CELL_FDD",Reliable,328.224,26.521
2026-04-10 22:00,60,"L_GUA11072_FERTISA/Cell:eNodeB Function Name=L_GUA11072_FERTISA, Local Cell ID=1, Cell Name=L_GUA11072_FERTISA_1, eNodeB ID=11072, Cell FDD TDD indication=CELL_FDD",Reliable,1314.622,92.506
2026-04-10 22:00,60,"L_GUA11266_GUA_GYE_204/Cell:eNodeB Function Name=L_GUA11266_GUA_GYE_204, Local Cell ID=3, Cell Name=L_GUA11266_GUA_GYE_LA_FLORESTA_TRES_3, eNodeB ID=11266, Cell FDD TDD indication=CELL_FDD",Reliable,704.354,102.161
2026-04-10 22:00,60,"L_GUA11266_GUA_GYE_204/Cell:eNodeB Function Name=L_GUA11266_GUA_GYE_204, Local Cell ID=2, Cell Name=L_GUA11266_GUA_GYE_LA_FLORESTA_TRES_2, eNodeB ID=11266, Cell FDD TDD indication=CELL_FDD",Reliable,495.766,47.841
2026-04-10 22:00,60,"L_GUA11266_GUA_GYE_204/Cell:eNodeB Function Name=L_GUA11266_GUA_GYE_204, Local Cell ID=1, Cell Name=L_GUA11266_GUA_GYE_LA_FLORESTA_TRES_1, eNodeB ID=11266, Cell FDD TDD indication=CELL_FDD",Reliable,281.102,46.559
2026-04-10 22:00,60,"L_GUA11007_GUAYAQUIL_CISNE/Cell:eNodeB Function Name=L_GUA11007_GUAYAQUIL_CISNE, Local Cell ID=9, Cell Name=L_GUA11007_GUAYAQUIL_CISNE_9, eNodeB ID=11007, Cell FDD TDD indication=CELL_FDD",Reliable,199.258,19.348
2026-04-10 22:00,60,"L_GUA11007_GUAYAQUIL_CISNE/Cell:eNodeB Function Name=L_GUA11007_GUAYAQUIL_CISNE, Local Cell ID=8, Cell Name=L_GUA11007_GUAYAQUIL_CISNE_8, eNodeB ID=11007, Cell FDD TDD indication=CELL_FDD",Reliable,1160.992,295.038
2026-04-10 22:00,60,"L_GUA11007_GUAYAQUIL_CISNE/Cell:eNodeB Function Name=L_GUA11007_GUAYAQUIL_CISNE, Local Cell ID=7, Cell Name=L_GUA11007_GUAYAQUIL_CISNE_7, eNodeB ID=11007, Cell FDD TDD indication=CELL_FDD",Reliable,763.053,83.439
2026-04-10 22:00,60,"L_GUA11007_GUAYAQUIL_CISNE/Cell:eNodeB Function Name=L_GUA11007_GUAYAQUIL_CISNE, Local Cell ID=3, Cell Name=L_GUA11007_GUAYAQUIL_CISNE_3, eNodeB ID=11007, Cell FDD TDD indication=CELL_FDD",Reliable,2353.491,178.846
2026-04-10 22:00,60,"L_GUA11007_GUAYAQUIL_CISNE/Cell:eNodeB Function Name=L_GUA11007_GUAYAQUIL_CISNE, Local Cell ID=2, Cell Name=L_GUA11007_GUAYAQUIL_CISNE_2, eNodeB ID=11007, Cell FDD TDD indication=CELL_FDD",Reliable,3085.474,323.395
2026-04-10 22:00,60,"L_GUA11007_GUAYAQUIL_CISNE/Cell:eNodeB Function Name=L_GUA11007_GUAYAQUIL_CISNE, Local Cell ID=1, Cell Name=L_GUA11007_GUAYAQUIL_CISNE_1, eNodeB ID=11007, Cell FDD TDD indication=CELL_FDD",Reliable,546.224,92.118
2026-04-10 22:00,60,"L_GUA11012_ISLA_TRINITARIA/Cell:eNodeB Function Name=L_GUA11012_ISLA_TRINITARIA, Local Cell ID=9, Cell Name=L_GUA11012_ISLA_TRINITARIA_9, eNodeB ID=11012, Cell FDD TDD indication=CELL_FDD",Reliable,1395.305,219.048
2026-04-10 22:00,60,"L_GUA11012_ISLA_TRINITARIA/Cell:eNodeB Function Name=L_GUA11012_ISLA_TRINITARIA, Local Cell ID=8, Cell Name=L_GUA11012_ISLA_TRINITARIA_8, eNodeB ID=11012, Cell FDD TDD indication=CELL_FDD",Reliable,1602.592,214.52
2026-04-10 22:00,60,"L_GUA11012_ISLA_TRINITARIA/Cell:eNodeB Function Name=L_GUA11012_ISLA_TRINITARIA, Local Cell ID=7, Cell Name=L_GUA11012_ISLA_TRINITARIA_7, eNodeB ID=11012, Cell FDD TDD indication=CELL_FDD",Reliable,1629.501,237.383
2026-04-10 22:00,60,"L_GUA11012_ISLA_TRINITARIA/Cell:eNodeB Function Name=L_GUA11012_ISLA_TRINITARIA, Local Cell ID=3, Cell Name=L_GUA11012_ISLA_TRINITARIA_3, eNodeB ID=11012, Cell FDD TDD indication=CELL_FDD",Reliable,4074.608,399.708
2026-04-10 22:00,60,"L_GUA11012_ISLA_TRINITARIA/Cell:eNodeB Function Name=L_GUA11012_ISLA_TRINITARIA, Local Cell ID=2, Cell Name=L_GUA11012_ISLA_TRINITARIA_2, eNodeB ID=11012, Cell FDD TDD indication=CELL_FDD",Reliable,1139.833,84.729
2026-04-10 22:00,60,"L_GUA11012_ISLA_TRINITARIA/Cell:eNodeB Function Name=L_GUA11012_ISLA_TRINITARIA, Local Cell ID=1, Cell Name=L_GUA11012_ISLA_TRINITARIA_1, eNodeB ID=11012, Cell FDD TDD indication=CELL_FDD",Reliable,1415.516,162.714
2026-04-10 22:00,60,"L_GUA11058_BATALLON/Cell:eNodeB Function Name=L_GUA11058_BATALLON, Local Cell ID=9, Cell Name=L_GUA11058_BATALLON_9, eNodeB ID=11058, Cell FDD TDD indication=CELL_FDD",Reliable,1317.117,108.611
2026-04-10 22:00,60,"L_GUA11058_BATALLON/Cell:eNodeB Function Name=L_GUA11058_BATALLON, Local Cell ID=8, Cell Name=L_GUA11058_BATALLON_8, eNodeB ID=11058, Cell FDD TDD indication=CELL_FDD",Reliable,316.211,34.795
2026-04-10 22:00,60,"L_GUA11058_BATALLON/Cell:eNodeB Function Name=L_GUA11058_BATALLON, Local Cell ID=7, Cell Name=L_GUA11058_BATALLON_7, eNodeB ID=11058, Cell FDD TDD indication=CELL_FDD",Reliable,1435.653,272.339
2026-04-10 22:00,60,"L_GUA11058_BATALLON/Cell:eNodeB Function Name=L_GUA11058_BATALLON, Local Cell ID=3, Cell Name=L_GUA11058_BATALLON_3, eNodeB ID=11058, Cell FDD TDD indication=CELL_FDD",Reliable,610.098,51.508
2026-04-10 22:00,60,"L_GUA11058_BATALLON/Cell:eNodeB Function Name=L_GUA11058_BATALLON, Local Cell ID=2, Cell Name=L_GUA11058_BATALLON_2, eNodeB ID=11058, Cell FDD TDD indication=CELL_FDD",Reliable,574.915,108.952
2026-04-10 22:00,60,"L_GUA11058_BATALLON/Cell:eNodeB Function Name=L_GUA11058_BATALLON, Local Cell ID=1, Cell Name=L_GUA11058_BATALLON_1, eNodeB ID=11058, Cell FDD TDD indication=CELL_FDD",Reliable,1191.508,121.865
2026-04-10 22:00,60,"L_GUA11084_LETAMENDI_SUR/Cell:eNodeB Function Name=L_GUA11084_LETAMENDI_SUR, Local Cell ID=9, Cell Name=L_GUA11084_LETAMENDI_SUR_9, eNodeB ID=11084, Cell FDD TDD indication=CELL_FDD",Reliable,346.543,26.707
2026-04-10 22:00,60,"L_GUA11084_LETAMENDI_SUR/Cell:eNodeB Function Name=L_GUA11084_LETAMENDI_SUR, Local Cell ID=8, Cell Name=L_GUA11084_LETAMENDI_SUR_8, eNodeB ID=11084, Cell FDD TDD indication=CELL_FDD",Reliable,575.276,38.194
2026-04-10 22:00,60,"L_GUA11084_LETAMENDI_SUR/Cell:eNodeB Function Name=L_GUA11084_LETAMENDI_SUR, Local Cell ID=7, Cell Name=L_GUA11084_LETAMENDI_SUR_7, eNodeB ID=11084, Cell FDD TDD indication=CELL_FDD",Reliable,1640.593,179.778
2026-04-10 22:00,60,"L_GUA11084_LETAMENDI_SUR/Cell:eNodeB Function Name=L_GUA11084_LETAMENDI_SUR, Local Cell ID=3, Cell Name=L_GUA11084_LETAMENDI_SUR_3, eNodeB ID=11084, Cell FDD TDD indication=CELL_FDD",Reliable,600.743,27.428
2026-04-10 22:00,60,"L_GUA11084_LETAMENDI_SUR/Cell:eNodeB Function Name=L_GUA11084_LETAMENDI_SUR, Local Cell ID=2, Cell Name=L_GUA11084_LETAMENDI_SUR_2, eNodeB ID=11084, Cell FDD TDD indication=CELL_FDD",Reliable,508.276,54.926
2026-04-10 22:00,60,"L_GUA11084_LETAMENDI_SUR/Cell:eNodeB Function Name=L_GUA11084_LETAMENDI_SUR, Local Cell ID=1, Cell Name=L_GUA11084_LETAMENDI_SUR_1, eNodeB ID=11084, Cell FDD TDD indication=CELL_FDD",Reliable,1423.757,280.064
2026-04-10 22:00,60,"L_GUA11085_MADRIGAL/Cell:eNodeB Function Name=L_GUA11085_MADRIGAL, Local Cell ID=9, Cell Name=L_GUA11085_MADRIGAL_9, eNodeB ID=11085, Cell FDD TDD indication=CELL_FDD",Reliable,1717.33,111.762
2026-04-10 22:00,60,"L_GUA11085_MADRIGAL/Cell:eNodeB Function Name=L_GUA11085_MADRIGAL, Local Cell ID=8, Cell Name=L_GUA11085_MADRIGAL_8, eNodeB ID=11085, Cell FDD TDD indication=CELL_FDD",Reliable,472.63,35.127
2026-04-10 22:00,60,"L_GUA11085_MADRIGAL/Cell:eNodeB Function Name=L_GUA11085_MADRIGAL, Local Cell ID=7, Cell Name=L_GUA11085_MADRIGAL_7, eNodeB ID=11085, Cell FDD TDD indication=CELL_FDD",Reliable,542.611,53.704
2026-04-10 22:00,60,"L_GUA11085_MADRIGAL/Cell:eNodeB Function Name=L_GUA11085_MADRIGAL, Local Cell ID=3, Cell Name=L_GUA11085_MADRIGAL_3, eNodeB ID=11085, Cell FDD TDD indication=CELL_FDD",Reliable,1036.525,112.028
2026-04-10 22:00,60,"L_GUA11085_MADRIGAL/Cell:eNodeB Function Name=L_GUA11085_MADRIGAL, Local Cell ID=2, Cell Name=L_GUA11085_MADRIGAL_2, eNodeB ID=11085, Cell FDD TDD indication=CELL_FDD",Reliable,2542.688,329.797
2026-04-10 22:00,60,"L_GUA11085_MADRIGAL/Cell:eNodeB Function Name=L_GUA11085_MADRIGAL, Local Cell ID=1, Cell Name=L_GUA11085_MADRIGAL_1, eNodeB ID=11085, Cell FDD TDD indication=CELL_FDD",Reliable,2123.703,268.794
2026-04-10 22:00,60,"L_GUA11096_PUERTO_LISA/Cell:eNodeB Function Name=L_GUA11096_PUERTO_LISA, Local Cell ID=9, Cell Name=L_GUA11096_PUERTO_LISA_9, eNodeB ID=11096, Cell FDD TDD indication=CELL_FDD",Reliable,239.64,20.913
2026-04-10 22:00,60,"L_GUA11096_PUERTO_LISA/Cell:eNodeB Function Name=L_GUA11096_PUERTO_LISA, Local Cell ID=8, Cell Name=L_GUA11096_PUERTO_LISA_8, eNodeB ID=11096, Cell FDD TDD indication=CELL_FDD",Reliable,334.544,79.395
2026-04-10 22:00,60,"L_GUA11096_PUERTO_LISA/Cell:eNodeB Function Name=L_GUA11096_PUERTO_LISA, Local Cell ID=7, Cell Name=L_GUA11096_PUERTO_LISA_7, eNodeB ID=11096, Cell FDD TDD indication=CELL_FDD",Reliable,871.148,78.263
2026-04-10 22:00,60,"L_GUA11096_PUERTO_LISA/Cell:eNodeB Function Name=L_GUA11096_PUERTO_LISA, Local Cell ID=3, Cell Name=L_GUA11096_PUERTO_LISA_3, eNodeB ID=11096, Cell FDD TDD indication=CELL_FDD",Reliable,1511.474,105.667
2026-04-10 22:00,60,"L_GUA11096_PUERTO_LISA/Cell:eNodeB Function Name=L_GUA11096_PUERTO_LISA, Local Cell ID=2, Cell Name=L_GUA11096_PUERTO_LISA_2, eNodeB ID=11096, Cell FDD TDD indication=CELL_FDD",Reliable,2726.18,342.941
2026-04-10 22:00,60,"L_GUA11096_PUERTO_LISA/Cell:eNodeB Function Name=L_GUA11096_PUERTO_LISA, Local Cell ID=1, Cell Name=L_GUA11096_PUERTO_LISA_1, eNodeB ID=11096, Cell FDD TDD indication=CELL_FDD",Reliable,1522.023,295.404
2026-04-10 22:00,60,"L_GUA11104_TRINIPUERTO/Cell:eNodeB Function Name=L_GUA11104_TRINIPUERTO, Local Cell ID=9, Cell Name=L_GUA11104_TRINIPUERTO_9, eNodeB ID=11104, Cell FDD TDD indication=CELL_FDD",Reliable,669.718,107.503
2026-04-10 22:00,60,"L_GUA11104_TRINIPUERTO/Cell:eNodeB Function Name=L_GUA11104_TRINIPUERTO, Local Cell ID=8, Cell Name=L_GUA11104_TRINIPUERTO_8, eNodeB ID=11104, Cell FDD TDD indication=CELL_FDD",Reliable,1148.179,110.892
2026-04-10 22:00,60,"L_GUA11104_TRINIPUERTO/Cell:eNodeB Function Name=L_GUA11104_TRINIPUERTO, Local Cell ID=7, Cell Name=L_GUA11104_TRINIPUERTO_7, eNodeB ID=11104, Cell FDD TDD indication=CELL_FDD",Reliable,918.661,104.329
2026-04-10 22:00,60,"L_GUA11104_TRINIPUERTO/Cell:eNodeB Function Name=L_GUA11104_TRINIPUERTO, Local Cell ID=3, Cell Name=L_GUA11104_TRINIPUERTO_3, eNodeB ID=11104, Cell FDD TDD indication=CELL_FDD",Reliable,5943.48,734.02
2026-04-10 22:00,60,"L_GUA11104_TRINIPUERTO/Cell:eNodeB Function Name=L_GUA11104_TRINIPUERTO, Local Cell ID=2, Cell Name=L_GUA11104_TRINIPUERTO_2, eNodeB ID=11104, Cell FDD TDD indication=CELL_FDD",Reliable,1496.002,168.412
2026-04-10 22:00,60,"L_GUA11104_TRINIPUERTO/Cell:eNodeB Function Name=L_GUA11104_TRINIPUERTO, Local Cell ID=1, Cell Name=L_GUA11104_TRINIPUERTO_1, eNodeB ID=11104, Cell FDD TDD indication=CELL_FDD",Reliable,478.543,64.939
2026-04-10 22:00,60,"L_GUA11129_BATALLON_CENTRO/Cell:eNodeB Function Name=L_GUA11129_BATALLON_CENTRO, Local Cell ID=9, Cell Name=L_GUA11129_BATALLON_CENTRO_9, eNodeB ID=11129, Cell FDD TDD indication=CELL_FDD",Reliable,668.548,68.611
2026-04-10 22:00,60,"L_GUA11129_BATALLON_CENTRO/Cell:eNodeB Function Name=L_GUA11129_BATALLON_CENTRO, Local Cell ID=8, Cell Name=L_GUA11129_BATALLON_CENTRO_8, eNodeB ID=11129, Cell FDD TDD indication=CELL_FDD",Reliable,702.566,53.324
2026-04-10 22:00,60,"L_GUA11129_BATALLON_CENTRO/Cell:eNodeB Function Name=L_GUA11129_BATALLON_CENTRO, Local Cell ID=7, Cell Name=L_GUA11129_BATALLON_CENTRO_7, eNodeB ID=11129, Cell FDD TDD indication=CELL_FDD",Reliable,594.645,70.661
2026-04-10 22:00,60,"L_GUA11129_BATALLON_CENTRO/Cell:eNodeB Function Name=L_GUA11129_BATALLON_CENTRO, Local Cell ID=3, Cell Name=L_GUA11129_BATALLON_CENTRO_3, eNodeB ID=11129, Cell FDD TDD indication=CELL_FDD",Reliable,1319.404,94.361
2026-04-10 22:00,60,"L_GUA11129_BATALLON_CENTRO/Cell:eNodeB Function Name=L_GUA11129_BATALLON_CENTRO, Local Cell ID=2, Cell Name=L_GUA11129_BATALLON_CENTRO_2, eNodeB ID=11129, Cell FDD TDD indication=CELL_FDD",Reliable,795.595,90.946
2026-04-10 22:00,60,"L_GUA11129_BATALLON_CENTRO/Cell:eNodeB Function Name=L_GUA11129_BATALLON_CENTRO, Local Cell ID=1, Cell Name=L_GUA11129_BATALLON_CENTRO_1, eNodeB ID=11129, Cell FDD TDD indication=CELL_FDD",Reliable,1143.232,109.747
2026-04-10 22:00,60,"L_GUA11173_PORTETE_SUR/Cell:eNodeB Function Name=L_GUA11173_PORTETE_SUR, Local Cell ID=9, Cell Name=L_GUA11173_PORTETE_SUR_9, eNodeB ID=11173, Cell FDD TDD indication=CELL_FDD",Reliable,318.366,27.924
2026-04-10 22:00,60,"L_GUA11173_PORTETE_SUR/Cell:eNodeB Function Name=L_GUA11173_PORTETE_SUR, Local Cell ID=8, Cell Name=L_GUA11173_PORTETE_SUR_8, eNodeB ID=11173, Cell FDD TDD indication=CELL_FDD",Reliable,396.653,70.213
2026-04-10 22:00,60,"L_GUA11173_PORTETE_SUR/Cell:eNodeB Function Name=L_GUA11173_PORTETE_SUR, Local Cell ID=7, Cell Name=L_GUA11173_PORTETE_SUR_7, eNodeB ID=11173, Cell FDD TDD indication=CELL_FDD",Reliable,485.616,31.749
2026-04-10 22:00,60,"L_GUA11173_PORTETE_SUR/Cell:eNodeB Function Name=L_GUA11173_PORTETE_SUR, Local Cell ID=3, Cell Name=L_GUA11173_PORTETE_SUR_3, eNodeB ID=11173, Cell FDD TDD indication=CELL_FDD",Reliable,995.26,114.519
2026-04-10 22:00,60,"L_GUA11173_PORTETE_SUR/Cell:eNodeB Function Name=L_GUA11173_PORTETE_SUR, Local Cell ID=2, Cell Name=L_GUA11173_PORTETE_SUR_2, eNodeB ID=11173, Cell FDD TDD indication=CELL_FDD",Reliable,2885.13,183.836
2026-04-10 22:00,60,"L_GUA11173_PORTETE_SUR/Cell:eNodeB Function Name=L_GUA11173_PORTETE_SUR, Local Cell ID=1, Cell Name=L_GUA11173_PORTETE_SUR_1, eNodeB ID=11173, Cell FDD TDD indication=CELL_FDD",Reliable,555.582,48.769
2026-04-10 22:00,60,"L_GUA11253_GUA_GYE_231/Cell:eNodeB Function Name=L_GUA11253_GUA_GYE_231, Local Cell ID=3, Cell Name=L_GUA11253_GUA_GYE_231_3, eNodeB ID=11253, Cell FDD TDD indication=CELL_FDD",Reliable,351.904,76.387
2026-04-10 22:00,60,"L_GUA11253_GUA_GYE_231/Cell:eNodeB Function Name=L_GUA11253_GUA_GYE_231, Local Cell ID=2, Cell Name=L_GUA11253_GUA_GYE_231_2, eNodeB ID=11253, Cell FDD TDD indication=CELL_FDD",Reliable,828.824,72.508
2026-04-10 22:00,60,"L_GUA11253_GUA_GYE_231/Cell:eNodeB Function Name=L_GUA11253_GUA_GYE_231, Local Cell ID=1, Cell Name=L_GUA11253_GUA_GYE_231_1, eNodeB ID=11253, Cell FDD TDD indication=CELL_FDD",Reliable,1037.945,135.021
2026-04-10 22:00,60,"L_GUA11282_GUA_GYE_BARRIO_LINDO/Cell:eNodeB Function Name=L_GUA11282_GUA_GYE_BARRIO_LINDO, Local Cell ID=3, Cell Name=L_GUA11282_GUA_GYE_BARRIO_LINDO_3, eNodeB ID=11282, Cell FDD TDD indication=CELL_FDD",Reliable,1925.459,123.862
2026-04-10 22:00,60,"L_GUA11282_GUA_GYE_BARRIO_LINDO/Cell:eNodeB Function Name=L_GUA11282_GUA_GYE_BARRIO_LINDO, Local Cell ID=2, Cell Name=L_GUA11282_GUA_GYE_BARRIO_LINDO_2, eNodeB ID=11282, Cell FDD TDD indication=CELL_FDD",Reliable,603.874,36.562
2026-04-10 22:00,60,"L_GUA11282_GUA_GYE_BARRIO_LINDO/Cell:eNodeB Function Name=L_GUA11282_GUA_GYE_BARRIO_LINDO, Local Cell ID=1, Cell Name=L_GUA11282_GUA_GYE_BARRIO_LINDO_1, eNodeB ID=11282, Cell FDD TDD indication=CELL_FDD",Reliable,1625.944,109.772
2026-04-10 22:00,60,"L_GUA11338_GUA_GYE_PERIMETRAL/Cell:eNodeB Function Name=L_GUA11338_GUA_GYE_PERIMETRAL, Local Cell ID=3, Cell Name=L_GUA11338_GUA_GYE_PERIMETRAL_3, eNodeB ID=11338, Cell FDD TDD indication=CELL_FDD",Reliable,1005.055,99.228
2026-04-10 22:00,60,"L_GUA11338_GUA_GYE_PERIMETRAL/Cell:eNodeB Function Name=L_GUA11338_GUA_GYE_PERIMETRAL, Local Cell ID=2, Cell Name=L_GUA11338_GUA_GYE_PERIMETRAL_2, eNodeB ID=11338, Cell FDD TDD indication=CELL_FDD",Reliable,599.169,29.18
2026-04-10 22:00,60,"L_GUA11338_GUA_GYE_PERIMETRAL/Cell:eNodeB Function Name=L_GUA11338_GUA_GYE_PERIMETRAL, Local Cell ID=1, Cell Name=L_GUA11338_GUA_GYE_PERIMETRAL_1, eNodeB ID=11338, Cell FDD TDD indication=CELL_FDD",Reliable,931.56,150.466
2026-04-10 22:00,60,"L_GUA11344_GUA_GYE_FUERZA_DE_LOS_POBRES/Cell:eNodeB Function Name=L_GUA11344_GUA_GYE_FUERZA_DE_LOS_POBRES, Local Cell ID=3, Cell Name=L_GUA11344_GUA_GYE_FUERZA_DE_LOS_POBRES_3, eNodeB ID=11344, Cell FDD TDD indication=CELL_FDD",Reliable,1062.336,92.47
2026-04-10 22:00,60,"L_GUA11344_GUA_GYE_FUERZA_DE_LOS_POBRES/Cell:eNodeB Function Name=L_GUA11344_GUA_GYE_FUERZA_DE_LOS_POBRES, Local Cell ID=2, Cell Name=L_GUA11344_GUA_GYE_FUERZA_DE_LOS_POBRES_2, eNodeB ID=11344, Cell FDD TDD indication=CELL_FDD",Reliable,238.357,17.094
2026-04-10 22:00,60,"L_GUA11344_GUA_GYE_FUERZA_DE_LOS_POBRES/Cell:eNodeB Function Name=L_GUA11344_GUA_GYE_FUERZA_DE_LOS_POBRES, Local Cell ID=1, Cell Name=L_GUA11344_GUA_GYE_FUERZA_DE_LOS_POBRES_1, eNodeB ID=11344, Cell FDD TDD indication=CELL_FDD",Reliable,2022.962,145.588
2026-04-10 22:00,60,"L_GUA11027_URDANETA/Cell:eNodeB Function Name=L_GUA11027_URDANETA, Local Cell ID=3, Cell Name=L_GUA11027_URDANETA_3, eNodeB ID=11027, Cell FDD TDD indication=CELL_FDD",Reliable,847.793,130.543
2026-04-10 22:00,60,"L_GUA11027_URDANETA/Cell:eNodeB Function Name=L_GUA11027_URDANETA, Local Cell ID=2, Cell Name=L_GUA11027_URDANETA_2, eNodeB ID=11027, Cell FDD TDD indication=CELL_FDD",Reliable,1849.062,208.914
2026-04-10 22:00,60,"L_GUA11027_URDANETA/Cell:eNodeB Function Name=L_GUA11027_URDANETA, Local Cell ID=1, Cell Name=L_GUA11027_URDANETA_1, eNodeB ID=11027, Cell FDD TDD indication=CELL_FDD",Reliable,544.407,40.114
2026-04-10 22:00,60,"L_GUA11066_BARRIO_PUERTO_LISA/Cell:eNodeB Function Name=L_GUA11066_BARRIO_PUERTO_LISA, Local Cell ID=9, Cell Name=L_GUA11066_BARRIO_PUERTO_LISA_9, eNodeB ID=11066, Cell FDD TDD indication=CELL_FDD",Reliable,1076.49,98.408
2026-04-10 22:00,60,"L_GUA11066_BARRIO_PUERTO_LISA/Cell:eNodeB Function Name=L_GUA11066_BARRIO_PUERTO_LISA, Local Cell ID=8, Cell Name=L_GUA11066_BARRIO_PUERTO_LISA_8, eNodeB ID=11066, Cell FDD TDD indication=CELL_FDD",Reliable,42.69,4.188
2026-04-10 22:00,60,"L_GUA11066_BARRIO_PUERTO_LISA/Cell:eNodeB Function Name=L_GUA11066_BARRIO_PUERTO_LISA, Local Cell ID=7, Cell Name=L_GUA11066_BARRIO_PUERTO_LISA_7, eNodeB ID=11066, Cell FDD TDD indication=CELL_FDD",Reliable,743.672,51.589
2026-04-10 22:00,60,"L_GUA11066_BARRIO_PUERTO_LISA/Cell:eNodeB Function Name=L_GUA11066_BARRIO_PUERTO_LISA, Local Cell ID=3, Cell Name=L_GUA11066_BARRIO_PUERTO_LISA_3, eNodeB ID=11066, Cell FDD TDD indication=CELL_FDD",Reliable,896.591,159.552
2026-04-10 22:00,60,"L_GUA11066_BARRIO_PUERTO_LISA/Cell:eNodeB Function Name=L_GUA11066_BARRIO_PUERTO_LISA, Local Cell ID=2, Cell Name=L_GUA11066_BARRIO_PUERTO_LISA_2, eNodeB ID=11066, Cell FDD TDD indication=CELL_FDD",Reliable,664.571,79.912
2026-04-10 22:00,60,"L_GUA11066_BARRIO_PUERTO_LISA/Cell:eNodeB Function Name=L_GUA11066_BARRIO_PUERTO_LISA, Local Cell ID=1, Cell Name=L_GUA11066_BARRIO_PUERTO_LISA_1, eNodeB ID=11066, Cell FDD TDD indication=CELL_FDD",Reliable,906.267,97.577
2026-04-10 22:00,60,"L_GUA11075_GARAY/Cell:eNodeB Function Name=L_GUA11075_GARAY, Local Cell ID=9, Cell Name=L_GUA11075_GARAY_9, eNodeB ID=11075, Cell FDD TDD indication=CELL_FDD",Reliable,150.684,15.545
2026-04-10 22:00,60,"L_GUA11075_GARAY/Cell:eNodeB Function Name=L_GUA11075_GARAY, Local Cell ID=8, Cell Name=L_GUA11075_GARAY_8, eNodeB ID=11075, Cell FDD TDD indication=CELL_FDD",Reliable,315.213,30.954
2026-04-10 22:00,60,"L_GUA11075_GARAY/Cell:eNodeB Function Name=L_GUA11075_GARAY, Local Cell ID=7, Cell Name=L_GUA11075_GARAY_7, eNodeB ID=11075, Cell FDD TDD indication=CELL_FDD",Reliable,1640.93,305.911
2026-04-10 22:00,60,"L_GUA11075_GARAY/Cell:eNodeB Function Name=L_GUA11075_GARAY, Local Cell ID=3, Cell Name=L_GUA11075_GARAY_3, eNodeB ID=11075, Cell FDD TDD indication=CELL_FDD",Reliable,974.289,66.83
2026-04-10 22:00,60,"L_GUA11075_GARAY/Cell:eNodeB Function Name=L_GUA11075_GARAY, Local Cell ID=2, Cell Name=L_GUA11075_GARAY_2, eNodeB ID=11075, Cell FDD TDD indication=CELL_FDD",Reliable,888.514,81.978
2026-04-10 22:00,60,"L_GUA11075_GARAY/Cell:eNodeB Function Name=L_GUA11075_GARAY, Local Cell ID=1, Cell Name=L_GUA11075_GARAY_1, eNodeB ID=11075, Cell FDD TDD indication=CELL_FDD",Reliable,2187.708,181.409
2026-04-10 22:00,60,"L_GUA11164_CAPWELL/Cell:eNodeB Function Name=L_GUA11164_CAPWELL, Local Cell ID=9, Cell Name=L_GUA11164_CAPWELL_9, eNodeB ID=11164, Cell FDD TDD indication=CELL_FDD",Reliable,61.464,35.066
2026-04-10 22:00,60,"L_GUA11164_CAPWELL/Cell:eNodeB Function Name=L_GUA11164_CAPWELL, Local Cell ID=8, Cell Name=L_GUA11164_CAPWELL_8, eNodeB ID=11164, Cell FDD TDD indication=CELL_FDD",Reliable,114.073,5.068
2026-04-10 22:00,60,"L_GUA11164_CAPWELL/Cell:eNodeB Function Name=L_GUA11164_CAPWELL, Local Cell ID=7, Cell Name=L_GUA11164_CAPWELL_7, eNodeB ID=11164, Cell FDD TDD indication=CELL_FDD",Reliable,38.747,11.519
2026-04-10 22:00,60,"L_GUA11164_CAPWELL/Cell:eNodeB Function Name=L_GUA11164_CAPWELL, Local Cell ID=3, Cell Name=L_GUA11164_CAPWELL_3, eNodeB ID=11164, Cell FDD TDD indication=CELL_FDD",Reliable,695.393,72.545
2026-04-10 22:00,60,"L_GUA11164_CAPWELL/Cell:eNodeB Function Name=L_GUA11164_CAPWELL, Local Cell ID=2, Cell Name=L_GUA11164_CAPWELL_2, eNodeB ID=11164, Cell FDD TDD indication=CELL_FDD",Reliable,781.456,67.358
2026-04-10 22:00,60,"L_GUA11164_CAPWELL/Cell:eNodeB Function Name=L_GUA11164_CAPWELL, Local Cell ID=1, Cell Name=L_GUA11164_CAPWELL_1, eNodeB ID=11164, Cell FDD TDD indication=CELL_FDD",Reliable,116.21,4.395
2026-04-10 22:00,60,"L_GUA11184_URDANETA_SUR/Cell:eNodeB Function Name=L_GUA11184_URDANETA_SUR, Local Cell ID=9, Cell Name=L_GUA11184_URDANETA_SUR_9, eNodeB ID=11184, Cell FDD TDD indication=CELL_FDD",Reliable,32.25,8.551
2026-04-10 22:00,60,"L_GUA11184_URDANETA_SUR/Cell:eNodeB Function Name=L_GUA11184_URDANETA_SUR, Local Cell ID=8, Cell Name=L_GUA11184_URDANETA_SUR_8, eNodeB ID=11184, Cell FDD TDD indication=CELL_FDD",Reliable,488.312,44.809
2026-04-10 22:00,60,"L_GUA11184_URDANETA_SUR/Cell:eNodeB Function Name=L_GUA11184_URDANETA_SUR, Local Cell ID=7, Cell Name=L_GUA11184_URDANETA_SUR_7, eNodeB ID=11184, Cell FDD TDD indication=CELL_FDD",Reliable,14.846,3.758
2026-04-10 22:00,60,"L_GUA11184_URDANETA_SUR/Cell:eNodeB Function Name=L_GUA11184_URDANETA_SUR, Local Cell ID=3, Cell Name=L_GUA11184_URDANETA_SUR_3, eNodeB ID=11184, Cell FDD TDD indication=CELL_FDD",Reliable,474.713,64.586
2026-04-10 22:00,60,"L_GUA11184_URDANETA_SUR/Cell:eNodeB Function Name=L_GUA11184_URDANETA_SUR, Local Cell ID=2, Cell Name=L_GUA11184_URDANETA_SUR_2, eNodeB ID=11184, Cell FDD TDD indication=CELL_FDD",Reliable,739.952,66.023
2026-04-10 22:00,60,"L_GUA11184_URDANETA_SUR/Cell:eNodeB Function Name=L_GUA11184_URDANETA_SUR, Local Cell ID=1, Cell Name=L_GUA11184_URDANETA_SUR_1, eNodeB ID=11184, Cell FDD TDD indication=CELL_FDD",Reliable,1214.046,122.91
2026-04-10 22:00,60,"L_GUA11193_AYACUCHO_NORTE/Cell:eNodeB Function Name=L_GUA11193_AYACUCHO_NORTE, Local Cell ID=9, Cell Name=L_GUA11193_AYACUCHO_NORTE_9, eNodeB ID=11193, Cell FDD TDD indication=CELL_FDD",Reliable,1270.191,383.232
2026-04-10 22:00,60,"L_GUA11193_AYACUCHO_NORTE/Cell:eNodeB Function Name=L_GUA11193_AYACUCHO_NORTE, Local Cell ID=8, Cell Name=L_GUA11193_AYACUCHO_NORTE_8, eNodeB ID=11193, Cell FDD TDD indication=CELL_FDD",Reliable,29.971,4.915
2026-04-10 22:00,60,"L_GUA11193_AYACUCHO_NORTE/Cell:eNodeB Function Name=L_GUA11193_AYACUCHO_NORTE, Local Cell ID=7, Cell Name=L_GUA11193_AYACUCHO_NORTE_7, eNodeB ID=11193, Cell FDD TDD indication=CELL_FDD",Reliable,1397.855,141.738
2026-04-10 22:00,60,"L_GUA11193_AYACUCHO_NORTE/Cell:eNodeB Function Name=L_GUA11193_AYACUCHO_NORTE, Local Cell ID=3, Cell Name=L_GUA11193_AYACUCHO_NORTE_3, eNodeB ID=11193, Cell FDD TDD indication=CELL_FDD",Reliable,1108.966,226.967
2026-04-10 22:00,60,"L_GUA11193_AYACUCHO_NORTE/Cell:eNodeB Function Name=L_GUA11193_AYACUCHO_NORTE, Local Cell ID=2, Cell Name=L_GUA11193_AYACUCHO_NORTE_2, eNodeB ID=11193, Cell FDD TDD indication=CELL_FDD",Reliable,1050.317,136.029
2026-04-10 22:00,60,"L_GUA11193_AYACUCHO_NORTE/Cell:eNodeB Function Name=L_GUA11193_AYACUCHO_NORTE, Local Cell ID=1, Cell Name=L_GUA11193_AYACUCHO_NORTE_1, eNodeB ID=11193, Cell FDD TDD indication=CELL_FDD",Reliable,1919.94,149.008
2026-04-10 22:00,60,"L_GUA11199_MILAGROGYE/Cell:eNodeB Function Name=L_GUA11199_MILAGROGYE, Local Cell ID=9, Cell Name=L_GUA11199_MILAGROGYE_9, eNodeB ID=11199, Cell FDD TDD indication=CELL_FDD",Reliable,485.313,43.692
2026-04-10 22:00,60,"L_GUA11199_MILAGROGYE/Cell:eNodeB Function Name=L_GUA11199_MILAGROGYE, Local Cell ID=8, Cell Name=L_GUA11199_MILAGROGYE_8, eNodeB ID=11199, Cell FDD TDD indication=CELL_FDD",Reliable,696.137,216.597
2026-04-10 22:00,60,"L_GUA11199_MILAGROGYE/Cell:eNodeB Function Name=L_GUA11199_MILAGROGYE, Local Cell ID=7, Cell Name=L_GUA11199_MILAGROGYE_7, eNodeB ID=11199, Cell FDD TDD indication=CELL_FDD",Reliable,576.407,74.709
2026-04-10 22:00,60,"L_GUA11199_MILAGROGYE/Cell:eNodeB Function Name=L_GUA11199_MILAGROGYE, Local Cell ID=3, Cell Name=L_GUA11199_MILAGROGYE_3, eNodeB ID=11199, Cell FDD TDD indication=CELL_FDD",Reliable,730.278,109.709
2026-04-10 22:00,60,"L_GUA11199_MILAGROGYE/Cell:eNodeB Function Name=L_GUA11199_MILAGROGYE, Local Cell ID=2, Cell Name=L_GUA11199_MILAGROGYE_2, eNodeB ID=11199, Cell FDD TDD indication=CELL_FDD",Reliable,2034.061,113.22
2026-04-10 22:00,60,"L_GUA11199_MILAGROGYE/Cell:eNodeB Function Name=L_GUA11199_MILAGROGYE, Local Cell ID=1, Cell Name=L_GUA11199_MILAGROGYE_1, eNodeB ID=11199, Cell FDD TDD indication=CELL_FDD",Reliable,354.409,50.129
2026-04-10 22:00,60,"L_GUA11213_FORESTAL_GYE/Cell:eNodeB Function Name=L_GUA11213_FORESTAL_GYE, Local Cell ID=9, Cell Name=L_GUA11213_FORESTAL_GYE_9, eNodeB ID=11213, Cell FDD TDD indication=CELL_FDD",Reliable,99.252,9.897
2026-04-10 22:00,60,"L_GUA11213_FORESTAL_GYE/Cell:eNodeB Function Name=L_GUA11213_FORESTAL_GYE, Local Cell ID=8, Cell Name=L_GUA11213_FORESTAL_GYE_8, eNodeB ID=11213, Cell FDD TDD indication=CELL_FDD",Reliable,142.23,54.687
2026-04-10 22:00,60,"L_GUA11213_FORESTAL_GYE/Cell:eNodeB Function Name=L_GUA11213_FORESTAL_GYE, Local Cell ID=7, Cell Name=L_GUA11213_FORESTAL_GYE_7, eNodeB ID=11213, Cell FDD TDD indication=CELL_FDD",Reliable,103.956,38.078
2026-04-10 22:00,60,"L_GUA11213_FORESTAL_GYE/Cell:eNodeB Function Name=L_GUA11213_FORESTAL_GYE, Local Cell ID=3, Cell Name=L_GUA11213_FORESTAL_GYE_3, eNodeB ID=11213, Cell FDD TDD indication=CELL_FDD",Reliable,412.686,61.773
2026-04-10 22:00,60,"L_GUA11213_FORESTAL_GYE/Cell:eNodeB Function Name=L_GUA11213_FORESTAL_GYE, Local Cell ID=2, Cell Name=L_GUA11213_FORESTAL_GYE_2, eNodeB ID=11213, Cell FDD TDD indication=CELL_FDD",Reliable,816.797,87.811
2026-04-10 22:00,60,"L_GUA11213_FORESTAL_GYE/Cell:eNodeB Function Name=L_GUA11213_FORESTAL_GYE, Local Cell ID=1, Cell Name=L_GUA11213_FORESTAL_GYE_1, eNodeB ID=11213, Cell FDD TDD indication=CELL_FDD",Reliable,399.035,67.187
2026-04-10 22:00,60,"L_GUA11267_LA_UNIVERSAL/Cell:eNodeB Function Name=L_GUA11267_LA_UNIVERSAL, Local Cell ID=9, Cell Name=L_GUA11267_LA_UNIVERSAL_9, eNodeB ID=11267, Cell FDD TDD indication=CELL_FDD",Reliable,65.249,4.241
2026-04-10 22:00,60,"L_GUA11267_LA_UNIVERSAL/Cell:eNodeB Function Name=L_GUA11267_LA_UNIVERSAL, Local Cell ID=8, Cell Name=L_GUA11267_LA_UNIVERSAL_8, eNodeB ID=11267, Cell FDD TDD indication=CELL_FDD",Reliable,944.113,86.173
2026-04-10 22:00,60,"L_GUA11267_LA_UNIVERSAL/Cell:eNodeB Function Name=L_GUA11267_LA_UNIVERSAL, Local Cell ID=7, Cell Name=L_GUA11267_LA_UNIVERSAL_7, eNodeB ID=11267, Cell FDD TDD indication=CELL_FDD",Reliable,308.545,22.204
2026-04-10 22:00,60,"L_GUA11267_LA_UNIVERSAL/Cell:eNodeB Function Name=L_GUA11267_LA_UNIVERSAL, Local Cell ID=3, Cell Name=L_GUA11267_LA_UNIVERSAL_3, eNodeB ID=11267, Cell FDD TDD indication=CELL_FDD",Reliable,60.971,8.37
2026-04-10 22:00,60,"L_GUA11267_LA_UNIVERSAL/Cell:eNodeB Function Name=L_GUA11267_LA_UNIVERSAL, Local Cell ID=2, Cell Name=L_GUA11267_LA_UNIVERSAL_2, eNodeB ID=11267, Cell FDD TDD indication=CELL_FDD",Reliable,168.744,21.034
2026-04-10 22:00,60,"L_GUA11267_LA_UNIVERSAL/Cell:eNodeB Function Name=L_GUA11267_LA_UNIVERSAL, Local Cell ID=1, Cell Name=L_GUA11267_LA_UNIVERSAL_1, eNodeB ID=11267, Cell FDD TDD indication=CELL_FDD",Reliable,98.715,9.548
2026-04-10 22:00,60,"L_GUA11030_SAN_MARINO/Cell:eNodeB Function Name=L_GUA11030_SAN_MARINO, Local Cell ID=9, Cell Name=L_GUA11030_SAN_MARINO_9, eNodeB ID=11030, Cell FDD TDD indication=CELL_FDD",Reliable,28.004,4.339
2026-04-10 22:00,60,"L_GUA11030_SAN_MARINO/Cell:eNodeB Function Name=L_GUA11030_SAN_MARINO, Local Cell ID=8, Cell Name=L_GUA11030_SAN_MARINO_8, eNodeB ID=11030, Cell FDD TDD indication=CELL_FDD",Reliable,234.887,36.166
2026-04-10 22:00,60,"L_GUA11030_SAN_MARINO/Cell:eNodeB Function Name=L_GUA11030_SAN_MARINO, Local Cell ID=7, Cell Name=L_GUA11030_SAN_MARINO_7, eNodeB ID=11030, Cell FDD TDD indication=CELL_FDD",Reliable,259.114,14.159
2026-04-10 22:00,60,"L_GUA11030_SAN_MARINO/Cell:eNodeB Function Name=L_GUA11030_SAN_MARINO, Local Cell ID=3, Cell Name=L_GUA11030_SAN_MARINO_3, eNodeB ID=11030, Cell FDD TDD indication=CELL_FDD",Reliable,102.261,12.416
2026-04-10 22:00,60,"L_GUA11030_SAN_MARINO/Cell:eNodeB Function Name=L_GUA11030_SAN_MARINO, Local Cell ID=2, Cell Name=L_GUA11030_SAN_MARINO_2, eNodeB ID=11030, Cell FDD TDD indication=CELL_FDD",Reliable,1212.988,155.855
2026-04-10 22:00,60,"L_GUA11030_SAN_MARINO/Cell:eNodeB Function Name=L_GUA11030_SAN_MARINO, Local Cell ID=1, Cell Name=L_GUA11030_SAN_MARINO_1, eNodeB ID=11030, Cell FDD TDD indication=CELL_FDD",Reliable,293.456,28.115
2026-04-10 22:00,60,"L_GUA11721_GUA_GYE_CEIBOS PERIMETRAL/Cell:eNodeB Function Name=L_GUA11721_GUA_GYE_CEIBOS PERIMETRAL, Local Cell ID=9, Cell Name=L_GUA11721_GUA_GYE_CEIBOS PERIMETRAL_9, eNodeB ID=11721, Cell FDD TDD indication=CELL_FDD",Reliable,1021.894,96.021
2026-04-10 22:00,60,"L_GUA11721_GUA_GYE_CEIBOS PERIMETRAL/Cell:eNodeB Function Name=L_GUA11721_GUA_GYE_CEIBOS PERIMETRAL, Local Cell ID=8, Cell Name=L_GUA11721_GUA_GYE_CEIBOS PERIMETRAL_8, eNodeB ID=11721, Cell FDD TDD indication=CELL_FDD",Reliable,169.029,16.666
2026-04-10 22:00,60,"L_GUA11721_GUA_GYE_CEIBOS PERIMETRAL/Cell:eNodeB Function Name=L_GUA11721_GUA_GYE_CEIBOS PERIMETRAL, Local Cell ID=7, Cell Name=L_GUA11721_GUA_GYE_CEIBOS PERIMETRAL_7, eNodeB ID=11721, Cell FDD TDD indication=CELL_FDD",Reliable,1292.101,140.703
2026-04-10 22:00,60,"L_GUA11721_GUA_GYE_CEIBOS PERIMETRAL/Cell:eNodeB Function Name=L_GUA11721_GUA_GYE_CEIBOS PERIMETRAL, Local Cell ID=3, Cell Name=L_GUA11721_GUA_GYE_CEIBOS PERIMETRAL_3, eNodeB ID=11721, Cell FDD TDD indication=CELL_FDD",Reliable,1954.552,535.314
2026-04-10 22:00,60,"L_GUA11721_GUA_GYE_CEIBOS PERIMETRAL/Cell:eNodeB Function Name=L_GUA11721_GUA_GYE_CEIBOS PERIMETRAL, Local Cell ID=2, Cell Name=L_GUA11721_GUA_GYE_CEIBOS PERIMETRAL_2, eNodeB ID=11721, Cell FDD TDD indication=CELL_FDD",Reliable,1169.85,89.433
2026-04-10 22:00,60,"L_GUA11721_GUA_GYE_CEIBOS PERIMETRAL/Cell:eNodeB Function Name=L_GUA11721_GUA_GYE_CEIBOS PERIMETRAL, Local Cell ID=1, Cell Name=L_GUA11721_GUA_GYE_CEIBOS PERIMETRAL_1, eNodeB ID=11721, Cell FDD TDD indication=CELL_FDD",Reliable,1334.312,164.678
2026-04-10 22:00,60,"ORO_PAS_PASAJE_L/Cell:eNodeB Function Name=ORO_PAS_PASAJE_L, Local Cell ID=3, Cell Name=ORO_PAS_PASAJE_L21_3, eNodeB ID=22071, Cell FDD TDD indication=CELL_FDD",Reliable,2031.546,259.945
2026-04-10 22:00,60,"ORO_PAS_PASAJE_L/Cell:eNodeB Function Name=ORO_PAS_PASAJE_L, Local Cell ID=2, Cell Name=ORO_PAS_PASAJE_L21_2, eNodeB ID=22071, Cell FDD TDD indication=CELL_FDD",Reliable,4276.616,326.021
2026-04-10 22:00,60,"ORO_PAS_PASAJE_L/Cell:eNodeB Function Name=ORO_PAS_PASAJE_L, Local Cell ID=1, Cell Name=ORO_PAS_PASAJE_L21_1, eNodeB ID=22071, Cell FDD TDD indication=CELL_FDD",Reliable,1212.478,231.64
2026-04-10 22:00,60,"L_GUA11245_GUA_GYE_053/Cell:eNodeB Function Name=L_GUA11245_GUA_GYE_053, Local Cell ID=9, Cell Name=L_GUA11245_GUA_GYE_053_9, eNodeB ID=11245, Cell FDD TDD indication=CELL_FDD",Reliable,101.167,6.069
2026-04-10 22:00,60,"L_GUA11245_GUA_GYE_053/Cell:eNodeB Function Name=L_GUA11245_GUA_GYE_053, Local Cell ID=8, Cell Name=L_GUA11245_GUA_GYE_053_8, eNodeB ID=11245, Cell FDD TDD indication=CELL_FDD",Reliable,78.751,74.613
2026-04-10 22:00,60,"L_GUA11245_GUA_GYE_053/Cell:eNodeB Function Name=L_GUA11245_GUA_GYE_053, Local Cell ID=7, Cell Name=L_GUA11245_GUA_GYE_053_7, eNodeB ID=11245, Cell FDD TDD indication=CELL_FDD",Reliable,157.562,27.165
2026-04-10 22:00,60,"L_GUA11245_GUA_GYE_053/Cell:eNodeB Function Name=L_GUA11245_GUA_GYE_053, Local Cell ID=3, Cell Name=L_GUA11245_GUA_GYE_053_3, eNodeB ID=11245, Cell FDD TDD indication=CELL_FDD",Reliable,139.023,12.986
2026-04-10 22:00,60,"L_GUA11245_GUA_GYE_053/Cell:eNodeB Function Name=L_GUA11245_GUA_GYE_053, Local Cell ID=2, Cell Name=L_GUA11245_GUA_GYE_053_2, eNodeB ID=11245, Cell FDD TDD indication=CELL_FDD",Reliable,1105.286,134.198
2026-04-10 22:00,60,"L_GUA11245_GUA_GYE_053/Cell:eNodeB Function Name=L_GUA11245_GUA_GYE_053, Local Cell ID=1, Cell Name=L_GUA11245_GUA_GYE_053_1, eNodeB ID=11245, Cell FDD TDD indication=CELL_FDD",Reliable,368.28,36.957
2026-04-10 22:00,60,"L_GUA11112_MINISTERIO_DEL_LITORAL/Cell:eNodeB Function Name=L_GUA11112_MINISTERIO_DEL_LITORAL, Local Cell ID=9, Cell Name=L_GUA11112_MINISTERIO_DEL_LITORAL_9, eNodeB ID=11112, Cell FDD TDD indication=CELL_FDD",Reliable,11.768,10.991
2026-04-10 22:00,60,"L_GUA11112_MINISTERIO_DEL_LITORAL/Cell:eNodeB Function Name=L_GUA11112_MINISTERIO_DEL_LITORAL, Local Cell ID=8, Cell Name=L_GUA11112_MINISTERIO_DEL_LITORAL_8, eNodeB ID=11112, Cell FDD TDD indication=CELL_FDD",Reliable,18.27,19.78
2026-04-10 22:00,60,"L_GUA11112_MINISTERIO_DEL_LITORAL/Cell:eNodeB Function Name=L_GUA11112_MINISTERIO_DEL_LITORAL, Local Cell ID=7, Cell Name=L_GUA11112_MINISTERIO_DEL_LITORAL_7, eNodeB ID=11112, Cell FDD TDD indication=CELL_FDD",Reliable,328.95,58.782
2026-04-10 22:00,60,"L_GUA11112_MINISTERIO_DEL_LITORAL/Cell:eNodeB Function Name=L_GUA11112_MINISTERIO_DEL_LITORAL, Local Cell ID=3, Cell Name=L_GUA11112_MINISTERIO_DEL_LITORAL_3, eNodeB ID=11112, Cell FDD TDD indication=CELL_FDD",Reliable,24.167,4.443
2026-04-10 22:00,60,"L_GUA11112_MINISTERIO_DEL_LITORAL/Cell:eNodeB Function Name=L_GUA11112_MINISTERIO_DEL_LITORAL, Local Cell ID=2, Cell Name=L_GUA11112_MINISTERIO_DEL_LITORAL_2, eNodeB ID=11112, Cell FDD TDD indication=CELL_FDD",Reliable,86.683,8.034
2026-04-10 22:00,60,"L_GUA11112_MINISTERIO_DEL_LITORAL/Cell:eNodeB Function Name=L_GUA11112_MINISTERIO_DEL_LITORAL, Local Cell ID=1, Cell Name=L_GUA11112_MINISTERIO_DEL_LITORAL_1, eNodeB ID=11112, Cell FDD TDD indication=CELL_FDD",Reliable,215.794,6.283
2026-04-10 22:00,60,"L_GUA11102_TRMNL_TRRSTRE_GYE/Cell:eNodeB Function Name=L_GUA11102_TRMNL_TRRSTRE_GYE, Local Cell ID=9, Cell Name=L_GUA11102_TRMNL_TRRSTRE_GYE_9, eNodeB ID=11102, Cell FDD TDD indication=CELL_FDD",Reliable,975.308,143.409
2026-04-10 22:00,60,"L_GUA11102_TRMNL_TRRSTRE_GYE/Cell:eNodeB Function Name=L_GUA11102_TRMNL_TRRSTRE_GYE, Local Cell ID=8, Cell Name=L_GUA11102_TRMNL_TRRSTRE_GYE_8, eNodeB ID=11102, Cell FDD TDD indication=CELL_FDD",Reliable,569.338,79.816
2026-04-10 22:00,60,"L_GUA11102_TRMNL_TRRSTRE_GYE/Cell:eNodeB Function Name=L_GUA11102_TRMNL_TRRSTRE_GYE, Local Cell ID=7, Cell Name=L_GUA11102_TRMNL_TRRSTRE_GYE_7, eNodeB ID=11102, Cell FDD TDD indication=CELL_FDD",Reliable,958.765,123.03
2026-04-10 22:00,60,"L_GUA11059_COLINAS_DE_LA_FLORIDA/Cell:eNodeB Function Name=L_GUA11059_COLINAS_DE_LA_FLORIDA, Local Cell ID=9, Cell Name=L_GUA11059_COLINAS_DE_LA_FLORIDA_9, eNodeB ID=11059, Cell FDD TDD indication=CELL_FDD",Reliable,1613.991,129.719
2026-04-10 22:00,60,"L_GUA11059_COLINAS_DE_LA_FLORIDA/Cell:eNodeB Function Name=L_GUA11059_COLINAS_DE_LA_FLORIDA, Local Cell ID=8, Cell Name=L_GUA11059_COLINAS_DE_LA_FLORIDA_8, eNodeB ID=11059, Cell FDD TDD indication=CELL_FDD",Reliable,1749.186,423.72
2026-04-10 22:00,60,"L_GUA11059_COLINAS_DE_LA_FLORIDA/Cell:eNodeB Function Name=L_GUA11059_COLINAS_DE_LA_FLORIDA, Local Cell ID=7, Cell Name=L_GUA11059_COLINAS_DE_LA_FLORIDA_7, eNodeB ID=11059, Cell FDD TDD indication=CELL_FDD",Reliable,76.58,2.986
2026-04-10 22:00,60,"L_GUA11059_COLINAS_DE_LA_FLORIDA/Cell:eNodeB Function Name=L_GUA11059_COLINAS_DE_LA_FLORIDA, Local Cell ID=3, Cell Name=L_GUA11059_COLINAS_DE_LA_FLORIDA_3, eNodeB ID=11059, Cell FDD TDD indication=CELL_FDD",Reliable,1160.153,209.575
2026-04-10 22:00,60,"L_GUA11059_COLINAS_DE_LA_FLORIDA/Cell:eNodeB Function Name=L_GUA11059_COLINAS_DE_LA_FLORIDA, Local Cell ID=2, Cell Name=L_GUA11059_COLINAS_DE_LA_FLORIDA_2, eNodeB ID=11059, Cell FDD TDD indication=CELL_FDD",Reliable,1407.481,104.105
2026-04-10 22:00,60,"L_GUA11059_COLINAS_DE_LA_FLORIDA/Cell:eNodeB Function Name=L_GUA11059_COLINAS_DE_LA_FLORIDA, Local Cell ID=1, Cell Name=L_GUA11059_COLINAS_DE_LA_FLORIDA_1, eNodeB ID=11059, Cell FDD TDD indication=CELL_FDD",Reliable,970.176,67.647
2026-04-10 22:00,60,"L_GUA11040_MONTEBELLO_SURESTE/Cell:eNodeB Function Name=L_GUA11040_MONTEBELLO_SURESTE, Local Cell ID=9, Cell Name=L_GUA11040_MONTEBELLO_SURESTE_9, eNodeB ID=11040, Cell FDD TDD indication=CELL_FDD",Reliable,362.2,46.061
2026-04-10 22:00,60,"L_GUA11040_MONTEBELLO_SURESTE/Cell:eNodeB Function Name=L_GUA11040_MONTEBELLO_SURESTE, Local Cell ID=8, Cell Name=L_GUA11040_MONTEBELLO_SURESTE_8, eNodeB ID=11040, Cell FDD TDD indication=CELL_FDD",Reliable,44.432,3.916
2026-04-10 22:00,60,"L_GUA11040_MONTEBELLO_SURESTE/Cell:eNodeB Function Name=L_GUA11040_MONTEBELLO_SURESTE, Local Cell ID=7, Cell Name=L_GUA11040_MONTEBELLO_SURESTE_7, eNodeB ID=11040, Cell FDD TDD indication=CELL_FDD",Reliable,331.552,24.846
2026-04-10 22:00,60,"L_GUA11040_MONTEBELLO_SURESTE/Cell:eNodeB Function Name=L_GUA11040_MONTEBELLO_SURESTE, Local Cell ID=3, Cell Name=L_GUA11040_MONTEBELLO_SURESTE_3, eNodeB ID=11040, Cell FDD TDD indication=CELL_FDD",Reliable,1888.032,174.654
2026-04-10 22:00,60,"L_GUA11040_MONTEBELLO_SURESTE/Cell:eNodeB Function Name=L_GUA11040_MONTEBELLO_SURESTE, Local Cell ID=2, Cell Name=L_GUA11040_MONTEBELLO_SURESTE_2, eNodeB ID=11040, Cell FDD TDD indication=CELL_FDD",Reliable,868.496,79.476
2026-04-10 22:00,60,"L_GUA11040_MONTEBELLO_SURESTE/Cell:eNodeB Function Name=L_GUA11040_MONTEBELLO_SURESTE, Local Cell ID=1, Cell Name=L_GUA11040_MONTEBELLO_SURESTE_1, eNodeB ID=11040, Cell FDD TDD indication=CELL_FDD",Reliable,1980.352,281.761
2026-04-10 22:00,60,"L_GUA11100_SAN_FELIPE_CTE/Cell:eNodeB Function Name=L_GUA11100_SAN_FELIPE_CTE, Local Cell ID=9, Cell Name=L_GUA11100_SAN_FELIPE_CTE_9, eNodeB ID=11100, Cell FDD TDD indication=CELL_FDD",Reliable,414.446,67.308
2026-04-10 22:00,60,"L_GUA11100_SAN_FELIPE_CTE/Cell:eNodeB Function Name=L_GUA11100_SAN_FELIPE_CTE, Local Cell ID=8, Cell Name=L_GUA11100_SAN_FELIPE_CTE_8, eNodeB ID=11100, Cell FDD TDD indication=CELL_FDD",Reliable,212.52,17.251
2026-04-10 22:00,60,"L_GUA11100_SAN_FELIPE_CTE/Cell:eNodeB Function Name=L_GUA11100_SAN_FELIPE_CTE, Local Cell ID=7, Cell Name=L_GUA11100_SAN_FELIPE_CTE_7, eNodeB ID=11100, Cell FDD TDD indication=CELL_FDD",Reliable,114.475,16.935
2026-04-10 22:00,60,"L_GUA11100_SAN_FELIPE_CTE/Cell:eNodeB Function Name=L_GUA11100_SAN_FELIPE_CTE, Local Cell ID=3, Cell Name=L_GUA11100_SAN_FELIPE_CTE_3, eNodeB ID=11100, Cell FDD TDD indication=CELL_FDD",Reliable,505.321,88.965
2026-04-10 22:00,60,"L_GUA11100_SAN_FELIPE_CTE/Cell:eNodeB Function Name=L_GUA11100_SAN_FELIPE_CTE, Local Cell ID=2, Cell Name=L_GUA11100_SAN_FELIPE_CTE_2, eNodeB ID=11100, Cell FDD TDD indication=CELL_FDD",Reliable,933.601,84.459
2026-04-10 22:00,60,"L_GUA11100_SAN_FELIPE_CTE/Cell:eNodeB Function Name=L_GUA11100_SAN_FELIPE_CTE, Local Cell ID=1, Cell Name=L_GUA11100_SAN_FELIPE_CTE_1, eNodeB ID=11100, Cell FDD TDD indication=CELL_FDD",Reliable,3176.949,466.355
2026-04-10 22:00,60,"L_GUA11163_MAPASINGUE_OESTE/Cell:eNodeB Function Name=L_GUA11163_MAPASINGUE_OESTE, Local Cell ID=9, Cell Name=L_GUA11163_MAPASINGUE_OESTE_9, eNodeB ID=11163, Cell FDD TDD indication=CELL_FDD",Reliable,127.171,16.672
2026-04-10 22:00,60,"L_GUA11163_MAPASINGUE_OESTE/Cell:eNodeB Function Name=L_GUA11163_MAPASINGUE_OESTE, Local Cell ID=8, Cell Name=L_GUA11163_MAPASINGUE_OESTE_8, eNodeB ID=11163, Cell FDD TDD indication=CELL_FDD",Reliable,329.835,155.5
2026-04-10 22:00,60,"L_GUA11163_MAPASINGUE_OESTE/Cell:eNodeB Function Name=L_GUA11163_MAPASINGUE_OESTE, Local Cell ID=7, Cell Name=L_GUA11163_MAPASINGUE_OESTE_7, eNodeB ID=11163, Cell FDD TDD indication=CELL_FDD",Reliable,891.843,91.298
2026-04-10 22:00,60,"L_GUA11163_MAPASINGUE_OESTE/Cell:eNodeB Function Name=L_GUA11163_MAPASINGUE_OESTE, Local Cell ID=3, Cell Name=L_GUA11163_MAPASINGUE_OESTE_3, eNodeB ID=11163, Cell FDD TDD indication=CELL_FDD",Reliable,794.667,74.624
2026-04-10 22:00,60,"L_GUA11163_MAPASINGUE_OESTE/Cell:eNodeB Function Name=L_GUA11163_MAPASINGUE_OESTE, Local Cell ID=2, Cell Name=L_GUA11163_MAPASINGUE_OESTE_2, eNodeB ID=11163, Cell FDD TDD indication=CELL_FDD",Reliable,430.399,26.347
2026-04-10 22:00,60,"L_GUA11163_MAPASINGUE_OESTE/Cell:eNodeB Function Name=L_GUA11163_MAPASINGUE_OESTE, Local Cell ID=1, Cell Name=L_GUA11163_MAPASINGUE_OESTE_1, eNodeB ID=11163, Cell FDD TDD indication=CELL_FDD",Reliable,1368.705,150.623
2026-04-10 22:00,60,"L_GUA11174_LOS_ANGELES_GYE/Cell:eNodeB Function Name=L_GUA11174_LOS_ANGELES_GYE, Local Cell ID=9, Cell Name=L_GUA11174_LOS_ANGELES_GYE_9, eNodeB ID=11174, Cell FDD TDD indication=CELL_FDD",Reliable,0,0
2026-04-10 22:00,60,"L_GUA11174_LOS_ANGELES_GYE/Cell:eNodeB Function Name=L_GUA11174_LOS_ANGELES_GYE, Local Cell ID=8, Cell Name=L_GUA11174_LOS_ANGELES_GYE_8, eNodeB ID=11174, Cell FDD TDD indication=CELL_FDD",Reliable,1137.19,114.535
2026-04-10 22:00,60,"L_GUA11174_LOS_ANGELES_GYE/Cell:eNodeB Function Name=L_GUA11174_LOS_ANGELES_GYE, Local Cell ID=7, Cell Name=L_GUA11174_LOS_ANGELES_GYE_7, eNodeB ID=11174, Cell FDD TDD indication=CELL_FDD",Reliable,1569.18,309.381
2026-04-10 22:00,60,"L_GUA11174_LOS_ANGELES_GYE/Cell:eNodeB Function Name=L_GUA11174_LOS_ANGELES_GYE, Local Cell ID=3, Cell Name=L_GUA11174_LOS_ANGELES_GYE_3, eNodeB ID=11174, Cell FDD TDD indication=CELL_FDD",Reliable,0,0
2026-04-10 22:00,60,"L_GUA11174_LOS_ANGELES_GYE/Cell:eNodeB Function Name=L_GUA11174_LOS_ANGELES_GYE, Local Cell ID=2, Cell Name=L_GUA11174_LOS_ANGELES_GYE_2, eNodeB ID=11174, Cell FDD TDD indication=CELL_FDD",Reliable,0,0
2026-04-10 22:00,60,"L_GUA11174_LOS_ANGELES_GYE/Cell:eNodeB Function Name=L_GUA11174_LOS_ANGELES_GYE, Local Cell ID=1, Cell Name=L_GUA11174_LOS_ANGELES_GYE_1, eNodeB ID=11174, Cell FDD TDD indication=CELL_FDD",Reliable,0,0
2026-04-10 22:00,60,"L_GUA11246_COOP_LA_CONCORDIA/Cell:eNodeB Function Name=L_GUA11246_COOP_LA_CONCORDIA, Local Cell ID=9, Cell Name=L_GUA11246_COOP_LA_CONCORDIA_9, eNodeB ID=11246, Cell FDD TDD indication=CELL_FDD",Reliable,776.918,54.766
2026-04-10 22:00,60,"L_GUA11246_COOP_LA_CONCORDIA/Cell:eNodeB Function Name=L_GUA11246_COOP_LA_CONCORDIA, Local Cell ID=8, Cell Name=L_GUA11246_COOP_LA_CONCORDIA_8, eNodeB ID=11246, Cell FDD TDD indication=CELL_FDD",Reliable,51.441,19.615
2026-04-10 22:00,60,"L_GUA11246_COOP_LA_CONCORDIA/Cell:eNodeB Function Name=L_GUA11246_COOP_LA_CONCORDIA, Local Cell ID=7, Cell Name=L_GUA11246_COOP_LA_CONCORDIA_7, eNodeB ID=11246, Cell FDD TDD indication=CELL_FDD",Reliable,269.306,72.167
2026-04-10 22:00,60,"L_GUA11246_COOP_LA_CONCORDIA/Cell:eNodeB Function Name=L_GUA11246_COOP_LA_CONCORDIA, Local Cell ID=3, Cell Name=L_GUA11246_COOP_LA_CONCORDIA_3, eNodeB ID=11246, Cell FDD TDD indication=CELL_FDD",Reliable,872.229,156.223
2026-04-10 22:00,60,"L_GUA11246_COOP_LA_CONCORDIA/Cell:eNodeB Function Name=L_GUA11246_COOP_LA_CONCORDIA, Local Cell ID=2, Cell Name=L_GUA11246_COOP_LA_CONCORDIA_2, eNodeB ID=11246, Cell FDD TDD indication=CELL_FDD",Reliable,212.688,17.152
2026-04-10 22:00,60,"L_GUA11246_COOP_LA_CONCORDIA/Cell:eNodeB Function Name=L_GUA11246_COOP_LA_CONCORDIA, Local Cell ID=1, Cell Name=L_GUA11246_COOP_LA_CONCORDIA_1, eNodeB ID=11246, Cell FDD TDD indication=CELL_FDD",Reliable,1236.5,93.578
2026-04-10 22:00,60,"L_GUA11060_SAN_IGNACIO_DE_LOYOLA/Cell:eNodeB Function Name=L_GUA11060_SAN_IGNACIO_DE_LOYOLA, Local Cell ID=9, Cell Name=L_GUA11060_SAN_IGNACIO_DE_LOYOLA_9, eNodeB ID=11060, Cell FDD TDD indication=CELL_FDD",Reliable,1475.454,235.101
2026-04-10 22:00,60,"L_GUA11060_SAN_IGNACIO_DE_LOYOLA/Cell:eNodeB Function Name=L_GUA11060_SAN_IGNACIO_DE_LOYOLA, Local Cell ID=8, Cell Name=L_GUA11060_SAN_IGNACIO_DE_LOYOLA_8, eNodeB ID=11060, Cell FDD TDD indication=CELL_FDD",Reliable,111.682,13.747
2026-04-10 22:00,60,"L_GUA11060_SAN_IGNACIO_DE_LOYOLA/Cell:eNodeB Function Name=L_GUA11060_SAN_IGNACIO_DE_LOYOLA, Local Cell ID=7, Cell Name=L_GUA11060_SAN_IGNACIO_DE_LOYOLA_7, eNodeB ID=11060, Cell FDD TDD indication=CELL_FDD",Reliable,54.806,35.843
2026-04-10 22:00,60,"L_GUA11060_SAN_IGNACIO_DE_LOYOLA/Cell:eNodeB Function Name=L_GUA11060_SAN_IGNACIO_DE_LOYOLA, Local Cell ID=3, Cell Name=L_GUA11060_SAN_IGNACIO_DE_LOYOLA_3, eNodeB ID=11060, Cell FDD TDD indication=CELL_FDD",Reliable,1158.611,152.396
2026-04-10 22:00,60,"L_GUA11060_SAN_IGNACIO_DE_LOYOLA/Cell:eNodeB Function Name=L_GUA11060_SAN_IGNACIO_DE_LOYOLA, Local Cell ID=2, Cell Name=L_GUA11060_SAN_IGNACIO_DE_LOYOLA_2, eNodeB ID=11060, Cell FDD TDD indication=CELL_FDD",Reliable,1329.217,83.812
2026-04-10 22:00,60,"L_GUA11060_SAN_IGNACIO_DE_LOYOLA/Cell:eNodeB Function Name=L_GUA11060_SAN_IGNACIO_DE_LOYOLA, Local Cell ID=1, Cell Name=L_GUA11060_SAN_IGNACIO_DE_LOYOLA_1, eNodeB ID=11060, Cell FDD TDD indication=CELL_FDD",Reliable,403.197,43.504
2026-04-10 22:00,60,"L_GUA11111_MONTE_SINAI/Cell:eNodeB Function Name=L_GUA11111_MONTE_SINAI, Local Cell ID=9, Cell Name=L_GUA11111_MONTE_SINAI_9, eNodeB ID=11111, Cell FDD TDD indication=CELL_FDD",Reliable,861.384,190.638
2026-04-10 22:00,60,"L_GUA11111_MONTE_SINAI/Cell:eNodeB Function Name=L_GUA11111_MONTE_SINAI, Local Cell ID=8, Cell Name=L_GUA11111_MONTE_SINAI_8, eNodeB ID=11111, Cell FDD TDD indication=CELL_FDD",Reliable,239.697,15.557
2026-04-10 22:00,60,"L_GUA11111_MONTE_SINAI/Cell:eNodeB Function Name=L_GUA11111_MONTE_SINAI, Local Cell ID=7, Cell Name=L_GUA11111_MONTE_SINAI_7, eNodeB ID=11111, Cell FDD TDD indication=CELL_FDD",Reliable,1590.877,105.671
2026-04-10 22:00,60,"L_GUA11111_MONTE_SINAI/Cell:eNodeB Function Name=L_GUA11111_MONTE_SINAI, Local Cell ID=3, Cell Name=L_GUA11111_MONTE_SINAI_3, eNodeB ID=11111, Cell FDD TDD indication=CELL_FDD",Reliable,1771.688,131.089
2026-04-10 22:00,60,"L_GUA11111_MONTE_SINAI/Cell:eNodeB Function Name=L_GUA11111_MONTE_SINAI, Local Cell ID=2, Cell Name=L_GUA11111_MONTE_SINAI_2, eNodeB ID=11111, Cell FDD TDD indication=CELL_FDD",Reliable,1905.406,137.022
2026-04-10 22:00,60,"L_GUA11111_MONTE_SINAI/Cell:eNodeB Function Name=L_GUA11111_MONTE_SINAI, Local Cell ID=1, Cell Name=L_GUA11111_MONTE_SINAI_1, eNodeB ID=11111, Cell FDD TDD indication=CELL_FDD",Reliable,2139.057,205.543
2026-04-10 22:00,60,"L_GUA11145_FLORIDA_NORTE/Cell:eNodeB Function Name=L_GUA11145_FLORIDA_NORTE, Local Cell ID=9, Cell Name=L_GUA11145_FLORIDA_NORTE_9, eNodeB ID=11145, Cell FDD TDD indication=CELL_FDD",Reliable,214.218,22.709
2026-04-10 22:00,60,"L_GUA11145_FLORIDA_NORTE/Cell:eNodeB Function Name=L_GUA11145_FLORIDA_NORTE, Local Cell ID=8, Cell Name=L_GUA11145_FLORIDA_NORTE_8, eNodeB ID=11145, Cell FDD TDD indication=CELL_FDD",Reliable,446.922,17.08
2026-04-10 22:00,60,"L_GUA11145_FLORIDA_NORTE/Cell:eNodeB Function Name=L_GUA11145_FLORIDA_NORTE, Local Cell ID=7, Cell Name=L_GUA11145_FLORIDA_NORTE_7, eNodeB ID=11145, Cell FDD TDD indication=CELL_FDD",Reliable,210.706,29.238
2026-04-10 22:00,60,"L_GUA11145_FLORIDA_NORTE/Cell:eNodeB Function Name=L_GUA11145_FLORIDA_NORTE, Local Cell ID=3, Cell Name=L_GUA11145_FLORIDA_NORTE_3, eNodeB ID=11145, Cell FDD TDD indication=CELL_FDD",Reliable,1263.046,96.048
2026-04-10 22:00,60,"L_GUA11145_FLORIDA_NORTE/Cell:eNodeB Function Name=L_GUA11145_FLORIDA_NORTE, Local Cell ID=2, Cell Name=L_GUA11145_FLORIDA_NORTE_2, eNodeB ID=11145, Cell FDD TDD indication=CELL_FDD",Reliable,511.851,52.022
2026-04-10 22:00,60,"L_GUA11145_FLORIDA_NORTE/Cell:eNodeB Function Name=L_GUA11145_FLORIDA_NORTE, Local Cell ID=1, Cell Name=L_GUA11145_FLORIDA_NORTE_1, eNodeB ID=11145, Cell FDD TDD indication=CELL_FDD",Reliable,658.485,50.792
2026-04-10 22:00,60,"L_GUA11151_HORIZONTES_DEL_GUERRERO/Cell:eNodeB Function Name=L_GUA11151_HORIZONTES_DEL_GUERRERO, Local Cell ID=9, Cell Name=L_GUA11151_HORIZONTES_DEL_GUERRERO_9, eNodeB ID=11151, Cell FDD TDD indication=CELL_FDD",Reliable,220.881,18.02
2026-04-10 22:00,60,"L_GUA11151_HORIZONTES_DEL_GUERRERO/Cell:eNodeB Function Name=L_GUA11151_HORIZONTES_DEL_GUERRERO, Local Cell ID=8, Cell Name=L_GUA11151_HORIZONTES_DEL_GUERRERO_8, eNodeB ID=11151, Cell FDD TDD indication=CELL_FDD",Reliable,1492.338,900.434
2026-04-10 22:00,60,"L_GUA11151_HORIZONTES_DEL_GUERRERO/Cell:eNodeB Function Name=L_GUA11151_HORIZONTES_DEL_GUERRERO, Local Cell ID=7, Cell Name=L_GUA11151_HORIZONTES_DEL_GUERRERO_7, eNodeB ID=11151, Cell FDD TDD indication=CELL_FDD",Reliable,742.752,56.703
2026-04-10 22:00,60,"L_GUA11151_HORIZONTES_DEL_GUERRERO/Cell:eNodeB Function Name=L_GUA11151_HORIZONTES_DEL_GUERRERO, Local Cell ID=3, Cell Name=L_GUA11151_HORIZONTES_DEL_GUERRERO_3, eNodeB ID=11151, Cell FDD TDD indication=CELL_FDD",Reliable,8.558,0.945
2026-04-10 22:00,60,"L_GUA11151_HORIZONTES_DEL_GUERRERO/Cell:eNodeB Function Name=L_GUA11151_HORIZONTES_DEL_GUERRERO, Local Cell ID=2, Cell Name=L_GUA11151_HORIZONTES_DEL_GUERRERO_2, eNodeB ID=11151, Cell FDD TDD indication=CELL_FDD",Reliable,168.014,163.244
2026-04-10 22:00,60,"L_GUA11151_HORIZONTES_DEL_GUERRERO/Cell:eNodeB Function Name=L_GUA11151_HORIZONTES_DEL_GUERRERO, Local Cell ID=1, Cell Name=L_GUA11151_HORIZONTES_DEL_GUERRERO_1, eNodeB ID=11151, Cell FDD TDD indication=CELL_FDD",Reliable,392.865,68.913
2026-04-10 22:00,60,"L_GUA11153_PANCHO_JACOME/Cell:eNodeB Function Name=L_GUA11153_PANCHO_JACOME, Local Cell ID=9, Cell Name=L_GUA11153_PANCHO_JACOME_9, eNodeB ID=11153, Cell FDD TDD indication=CELL_FDD",Reliable,1220.866,99.288
2026-04-10 22:00,60,"L_GUA11153_PANCHO_JACOME/Cell:eNodeB Function Name=L_GUA11153_PANCHO_JACOME, Local Cell ID=8, Cell Name=L_GUA11153_PANCHO_JACOME_8, eNodeB ID=11153, Cell FDD TDD indication=CELL_FDD",Reliable,383.47,26.016
2026-04-10 22:00,60,"L_GUA11153_PANCHO_JACOME/Cell:eNodeB Function Name=L_GUA11153_PANCHO_JACOME, Local Cell ID=7, Cell Name=L_GUA11153_PANCHO_JACOME_7, eNodeB ID=11153, Cell FDD TDD indication=CELL_FDD",Reliable,775.222,142.239
2026-04-10 22:00,60,"L_GUA11153_PANCHO_JACOME/Cell:eNodeB Function Name=L_GUA11153_PANCHO_JACOME, Local Cell ID=3, Cell Name=L_GUA11153_PANCHO_JACOME_3, eNodeB ID=11153, Cell FDD TDD indication=CELL_FDD",Reliable,1720.844,1040.101
2026-04-10 22:00,60,"L_GUA11153_PANCHO_JACOME/Cell:eNodeB Function Name=L_GUA11153_PANCHO_JACOME, Local Cell ID=2, Cell Name=L_GUA11153_PANCHO_JACOME_2, eNodeB ID=11153, Cell FDD TDD indication=CELL_FDD",Reliable,178.872,9.821
2026-04-10 22:00,60,"L_GUA11153_PANCHO_JACOME/Cell:eNodeB Function Name=L_GUA11153_PANCHO_JACOME, Local Cell ID=1, Cell Name=L_GUA11153_PANCHO_JACOME_1, eNodeB ID=11153, Cell FDD TDD indication=CELL_FDD",Reliable,400.57,111.82
2026-04-10 22:00,60,"L_GUA11192_VOLUNTAD_DE_DIOS_NOROESTE/Cell:eNodeB Function Name=L_GUA11192_VOLUNTAD_DE_DIOS_NOROESTE, Local Cell ID=9, Cell Name=L_GUA11192_VOLUNTAD_DE_DIOS_NOROESTE_9, eNodeB ID=11192, Cell FDD TDD indication=CELL_FDD",Reliable,50.207,2.039
2026-04-10 22:00,60,"L_GUA11192_VOLUNTAD_DE_DIOS_NOROESTE/Cell:eNodeB Function Name=L_GUA11192_VOLUNTAD_DE_DIOS_NOROESTE, Local Cell ID=8, Cell Name=L_GUA11192_VOLUNTAD_DE_DIOS_NOROESTE_8, eNodeB ID=11192, Cell FDD TDD indication=CELL_FDD",Reliable,568.092,65.645
2026-04-10 22:00,60,"L_GUA11192_VOLUNTAD_DE_DIOS_NOROESTE/Cell:eNodeB Function Name=L_GUA11192_VOLUNTAD_DE_DIOS_NOROESTE, Local Cell ID=7, Cell Name=L_GUA11192_VOLUNTAD_DE_DIOS_NOROESTE_7, eNodeB ID=11192, Cell FDD TDD indication=CELL_FDD",Reliable,4707.198,401.462
2026-04-10 22:00,60,"L_GUA11192_VOLUNTAD_DE_DIOS_NOROESTE/Cell:eNodeB Function Name=L_GUA11192_VOLUNTAD_DE_DIOS_NOROESTE, Local Cell ID=3, Cell Name=L_GUA11192_VOLUNTAD_DE_DIOS_NOROESTE_3, eNodeB ID=11192, Cell FDD TDD indication=CELL_FDD",Reliable,1202.197,109.685
2026-04-10 22:00,60,"L_GUA11192_VOLUNTAD_DE_DIOS_NOROESTE/Cell:eNodeB Function Name=L_GUA11192_VOLUNTAD_DE_DIOS_NOROESTE, Local Cell ID=2, Cell Name=L_GUA11192_VOLUNTAD_DE_DIOS_NOROESTE_2, eNodeB ID=11192, Cell FDD TDD indication=CELL_FDD",Reliable,3546.562,393.038
2026-04-10 22:00,60,"L_GUA11192_VOLUNTAD_DE_DIOS_NOROESTE/Cell:eNodeB Function Name=L_GUA11192_VOLUNTAD_DE_DIOS_NOROESTE, Local Cell ID=1, Cell Name=L_GUA11192_VOLUNTAD_DE_DIOS_NOROESTE_1, eNodeB ID=11192, Cell FDD TDD indication=CELL_FDD",Reliable,1400.004,123.513
2026-04-10 22:00,60,"L_GUA11248_GUA_GYE_SOCIO_VIVIENDA/Cell:eNodeB Function Name=L_GUA11248_GUA_GYE_SOCIO_VIVIENDA, Local Cell ID=9, Cell Name=L_GUA11248_GUA_GYE_SOCIO_VIVIENDA_9, eNodeB ID=11248, Cell FDD TDD indication=CELL_FDD",Reliable,12.872,1.63
2026-04-10 22:00,60,"L_GUA11248_GUA_GYE_SOCIO_VIVIENDA/Cell:eNodeB Function Name=L_GUA11248_GUA_GYE_SOCIO_VIVIENDA, Local Cell ID=8, Cell Name=L_GUA11248_GUA_GYE_SOCIO_VIVIENDA_8, eNodeB ID=11248, Cell FDD TDD indication=CELL_FDD",Reliable,132.974,17.721
2026-04-10 22:00,60,"L_GUA11248_GUA_GYE_SOCIO_VIVIENDA/Cell:eNodeB Function Name=L_GUA11248_GUA_GYE_SOCIO_VIVIENDA, Local Cell ID=7, Cell Name=L_GUA11248_GUA_GYE_SOCIO_VIVIENDA_7, eNodeB ID=11248, Cell FDD TDD indication=CELL_FDD",Reliable,163.66,15.37
2026-04-10 22:00,60,"L_GUA11248_GUA_GYE_SOCIO_VIVIENDA/Cell:eNodeB Function Name=L_GUA11248_GUA_GYE_SOCIO_VIVIENDA, Local Cell ID=3, Cell Name=L_GUA11248_GUA_GYE_SOCIO_VIVIENDA_3, eNodeB ID=11248, Cell FDD TDD indication=CELL_FDD",Reliable,120.45,8.593
2026-04-10 22:00,60,"L_GUA11248_GUA_GYE_SOCIO_VIVIENDA/Cell:eNodeB Function Name=L_GUA11248_GUA_GYE_SOCIO_VIVIENDA, Local Cell ID=2, Cell Name=L_GUA11248_GUA_GYE_SOCIO_VIVIENDA_2, eNodeB ID=11248, Cell FDD TDD indication=CELL_FDD",Reliable,1047.118,74.863
2026-04-10 22:00,60,"L_GUA11248_GUA_GYE_SOCIO_VIVIENDA/Cell:eNodeB Function Name=L_GUA11248_GUA_GYE_SOCIO_VIVIENDA, Local Cell ID=1, Cell Name=L_GUA11248_GUA_GYE_SOCIO_VIVIENDA_1, eNodeB ID=11248, Cell FDD TDD indication=CELL_FDD",Reliable,369.34,36.989
2026-04-10 22:00,60,"L_GUA11275_GUA_GYE_015/Cell:eNodeB Function Name=L_GUA11275_GUA_GYE_015, Local Cell ID=3, Cell Name=L_GUA11275_GUA_GYE_015_3, eNodeB ID=11275, Cell FDD TDD indication=CELL_FDD",Reliable,2561.988,236.993
2026-04-10 22:00,60,"L_GUA11275_GUA_GYE_015/Cell:eNodeB Function Name=L_GUA11275_GUA_GYE_015, Local Cell ID=2, Cell Name=L_GUA11275_GUA_GYE_015_2, eNodeB ID=11275, Cell FDD TDD indication=CELL_FDD",Reliable,1187.022,137.552
2026-04-10 22:00,60,"L_GUA11275_GUA_GYE_015/Cell:eNodeB Function Name=L_GUA11275_GUA_GYE_015, Local Cell ID=1, Cell Name=L_GUA11275_GUA_GYE_015_1, eNodeB ID=11275, Cell FDD TDD indication=CELL_FDD",Reliable,0.256,0.062
2026-04-10 22:00,60,"L_GUA11320_GUA_GYE_SERGIO_TORAL_DOS/Cell:eNodeB Function Name=L_GUA11320_GUA_GYE_SERGIO_TORAL_DOS, Local Cell ID=9, Cell Name=L_GUA11320_GUA_GYE_SERGIO_TORAL_DOS_9, eNodeB ID=11320, Cell FDD TDD indication=CELL_FDD",Reliable,535.981,41.188
2026-04-10 22:00,60,"L_GUA11320_GUA_GYE_SERGIO_TORAL_DOS/Cell:eNodeB Function Name=L_GUA11320_GUA_GYE_SERGIO_TORAL_DOS, Local Cell ID=8, Cell Name=L_GUA11320_GUA_GYE_SERGIO_TORAL_DOS_8, eNodeB ID=11320, Cell FDD TDD indication=CELL_FDD",Reliable,1292.569,89.202
2026-04-10 22:00,60,"L_GUA11320_GUA_GYE_SERGIO_TORAL_DOS/Cell:eNodeB Function Name=L_GUA11320_GUA_GYE_SERGIO_TORAL_DOS, Local Cell ID=7, Cell Name=L_GUA11320_GUA_GYE_SERGIO_TORAL_DOS_7, eNodeB ID=11320, Cell FDD TDD indication=CELL_FDD",Reliable,260.874,31.253
2026-04-10 22:00,60,"L_GUA11320_GUA_GYE_SERGIO_TORAL_DOS/Cell:eNodeB Function Name=L_GUA11320_GUA_GYE_SERGIO_TORAL_DOS, Local Cell ID=3, Cell Name=L_GUA11320_GUA_GYE_SERGIO_TORAL_DOS_3, eNodeB ID=11320, Cell FDD TDD indication=CELL_FDD",Reliable,2197.142,213.902
2026-04-10 22:00,60,"L_GUA11320_GUA_GYE_SERGIO_TORAL_DOS/Cell:eNodeB Function Name=L_GUA11320_GUA_GYE_SERGIO_TORAL_DOS, Local Cell ID=2, Cell Name=L_GUA11320_GUA_GYE_SERGIO_TORAL_DOS_2, eNodeB ID=11320, Cell FDD TDD indication=CELL_FDD",Reliable,2117.393,209.643
2026-04-10 22:00,60,"L_GUA11320_GUA_GYE_SERGIO_TORAL_DOS/Cell:eNodeB Function Name=L_GUA11320_GUA_GYE_SERGIO_TORAL_DOS, Local Cell ID=1, Cell Name=L_GUA11320_GUA_GYE_SERGIO_TORAL_DOS_1, eNodeB ID=11320, Cell FDD TDD indication=CELL_FDD",Reliable,696.657,116.965
2026-04-10 22:00,60,"L_GUA11664_GUA_GYE_TRINIDAD_DE_DIOS/Cell:eNodeB Function Name=L_GUA11664_GUA_GYE_TRINIDAD_DE_DIOS, Local Cell ID=9, Cell Name=L_GUA11664_GUA_GYE_TRINIDAD_DE_DIOS_9, eNodeB ID=11664, Cell FDD TDD indication=CELL_FDD",Reliable,1111.751,193.382
2026-04-10 22:00,60,"L_GUA11664_GUA_GYE_TRINIDAD_DE_DIOS/Cell:eNodeB Function Name=L_GUA11664_GUA_GYE_TRINIDAD_DE_DIOS, Local Cell ID=8, Cell Name=L_GUA11664_GUA_GYE_TRINIDAD_DE_DIOS_8, eNodeB ID=11664, Cell FDD TDD indication=CELL_FDD",Reliable,769.519,71.677
2026-04-10 22:00,60,"L_GUA11664_GUA_GYE_TRINIDAD_DE_DIOS/Cell:eNodeB Function Name=L_GUA11664_GUA_GYE_TRINIDAD_DE_DIOS, Local Cell ID=7, Cell Name=L_GUA11664_GUA_GYE_TRINIDAD_DE_DIOS_7, eNodeB ID=11664, Cell FDD TDD indication=CELL_FDD",Reliable,1113.374,81.174
2026-04-10 22:00,60,"L_GUA11664_GUA_GYE_TRINIDAD_DE_DIOS/Cell:eNodeB Function Name=L_GUA11664_GUA_GYE_TRINIDAD_DE_DIOS, Local Cell ID=3, Cell Name=L_GUA11664_GUA_GYE_TRINIDAD_DE_DIOS_3, eNodeB ID=11664, Cell FDD TDD indication=CELL_FDD",Reliable,2034.383,237.855
2026-04-10 22:00,60,"L_GUA11664_GUA_GYE_TRINIDAD_DE_DIOS/Cell:eNodeB Function Name=L_GUA11664_GUA_GYE_TRINIDAD_DE_DIOS, Local Cell ID=2, Cell Name=L_GUA11664_GUA_GYE_TRINIDAD_DE_DIOS_2, eNodeB ID=11664, Cell FDD TDD indication=CELL_FDD",Reliable,2286.184,339.042
2026-04-10 22:00,60,"L_GUA11664_GUA_GYE_TRINIDAD_DE_DIOS/Cell:eNodeB Function Name=L_GUA11664_GUA_GYE_TRINIDAD_DE_DIOS, Local Cell ID=1, Cell Name=L_GUA11664_GUA_GYE_TRINIDAD_DE_DIOS_1, eNodeB ID=11664, Cell FDD TDD indication=CELL_FDD",Reliable,612.609,65.234
2026-04-10 22:00,60,"L_GUA11674_GUA_HOSPITAL_SINAI/Cell:eNodeB Function Name=L_GUA11674_GUA_HOSPITAL_SINAI, Local Cell ID=9, Cell Name=L_GUA11674_GUA_GYE_HOSPITAL_SINAI_9, eNodeB ID=11674, Cell FDD TDD indication=CELL_FDD",Reliable,301.032,26.331
2026-04-10 22:00,60,"L_GUA11674_GUA_HOSPITAL_SINAI/Cell:eNodeB Function Name=L_GUA11674_GUA_HOSPITAL_SINAI, Local Cell ID=8, Cell Name=L_GUA11674_GUA_GYE_HOSPITAL_SINAI_8, eNodeB ID=11674, Cell FDD TDD indication=CELL_FDD",Reliable,2407.158,234.305
2026-04-10 22:00,60,"L_GUA11674_GUA_HOSPITAL_SINAI/Cell:eNodeB Function Name=L_GUA11674_GUA_HOSPITAL_SINAI, Local Cell ID=7, Cell Name=L_GUA11674_GUA_GYE_HOSPITAL_SINAI_7, eNodeB ID=11674, Cell FDD TDD indication=CELL_FDD",Reliable,172.074,13.235
2026-04-10 22:00,60,"L_GUA11674_GUA_HOSPITAL_SINAI/Cell:eNodeB Function Name=L_GUA11674_GUA_HOSPITAL_SINAI, Local Cell ID=3, Cell Name=L_GUA11674_GUA_GYE_HOSPITAL_SINAI_3, eNodeB ID=11674, Cell FDD TDD indication=CELL_FDD",Reliable,870.407,80.905
2026-04-10 22:00,60,"L_GUA11674_GUA_HOSPITAL_SINAI/Cell:eNodeB Function Name=L_GUA11674_GUA_HOSPITAL_SINAI, Local Cell ID=2, Cell Name=L_GUA11674_GUA_GYE_HOSPITAL_SINAI_2, eNodeB ID=11674, Cell FDD TDD indication=CELL_FDD",Reliable,2697.55,596.164
2026-04-10 22:00,60,"L_GUA11674_GUA_HOSPITAL_SINAI/Cell:eNodeB Function Name=L_GUA11674_GUA_HOSPITAL_SINAI, Local Cell ID=1, Cell Name=L_GUA11674_GUA_GYE_HOSPITAL_SINAI_1, eNodeB ID=11674, Cell FDD TDD indication=CELL_FDD",Reliable,3247.079,204.957
2026-04-10 22:00,60,"L_GUA11050_SAMANES/Cell:eNodeB Function Name=L_GUA11050_SAMANES, Local Cell ID=9, Cell Name=L_GUA11050_SAMANES_9, eNodeB ID=11050, Cell FDD TDD indication=CELL_FDD",Reliable,655.353,70.767
2026-04-10 22:00,60,"L_GUA11050_SAMANES/Cell:eNodeB Function Name=L_GUA11050_SAMANES, Local Cell ID=8, Cell Name=L_GUA11050_SAMANES_8, eNodeB ID=11050, Cell FDD TDD indication=CELL_FDD",Reliable,703.181,56.203
2026-04-10 22:00,60,"L_GUA11050_SAMANES/Cell:eNodeB Function Name=L_GUA11050_SAMANES, Local Cell ID=7, Cell Name=L_GUA11050_SAMANES_7, eNodeB ID=11050, Cell FDD TDD indication=CELL_FDD",Reliable,350.519,35.947
2026-04-10 22:00,60,"L_GUA11050_SAMANES/Cell:eNodeB Function Name=L_GUA11050_SAMANES, Local Cell ID=3, Cell Name=L_GUA11050_SAMANES_3, eNodeB ID=11050, Cell FDD TDD indication=CELL_FDD",Reliable,221.715,37.373
2026-04-10 22:00,60,"L_GUA11050_SAMANES/Cell:eNodeB Function Name=L_GUA11050_SAMANES, Local Cell ID=2, Cell Name=L_GUA11050_SAMANES_2, eNodeB ID=11050, Cell FDD TDD indication=CELL_FDD",Reliable,231.944,148.776
2026-04-10 22:00,60,"L_GUA11050_SAMANES/Cell:eNodeB Function Name=L_GUA11050_SAMANES, Local Cell ID=1, Cell Name=L_GUA11050_SAMANES_1, eNodeB ID=11050, Cell FDD TDD indication=CELL_FDD",Reliable,240.739,25.331
2026-04-10 22:00,60,"L_GUA11683_GUA_DUR_HERRADURA/Cell:eNodeB Function Name=L_GUA11683_GUA_DUR_HERRADURA, Local Cell ID=9, Cell Name=L_GUA11683_GUA_DUR_HERRADURA_9, eNodeB ID=11683, Cell FDD TDD indication=CELL_FDD",Reliable,104.186,13.029
2026-04-10 22:00,60,"L_GUA11683_GUA_DUR_HERRADURA/Cell:eNodeB Function Name=L_GUA11683_GUA_DUR_HERRADURA, Local Cell ID=8, Cell Name=L_GUA11683_GUA_DUR_HERRADURA_8, eNodeB ID=11683, Cell FDD TDD indication=CELL_FDD",Reliable,977.551,108.852
2026-04-10 22:00,60,"L_GUA11683_GUA_DUR_HERRADURA/Cell:eNodeB Function Name=L_GUA11683_GUA_DUR_HERRADURA, Local Cell ID=7, Cell Name=L_GUA11683_GUA_DUR_HERRADURA_7, eNodeB ID=11683, Cell FDD TDD indication=CELL_FDD",Reliable,535.822,186.675
2026-04-10 22:00,60,"L_GUA11683_GUA_DUR_HERRADURA/Cell:eNodeB Function Name=L_GUA11683_GUA_DUR_HERRADURA, Local Cell ID=3, Cell Name=L_GUA11683_GUA_DUR_HERRADURA_3, eNodeB ID=11683, Cell FDD TDD indication=CELL_FDD",Reliable,948.638,116.084
2026-04-10 22:00,60,"L_GUA11683_GUA_DUR_HERRADURA/Cell:eNodeB Function Name=L_GUA11683_GUA_DUR_HERRADURA, Local Cell ID=2, Cell Name=L_GUA11683_GUA_DUR_HERRADURA_2, eNodeB ID=11683, Cell FDD TDD indication=CELL_FDD",Reliable,1205.249,75.403
2026-04-10 22:00,60,"L_GUA11683_GUA_DUR_HERRADURA/Cell:eNodeB Function Name=L_GUA11683_GUA_DUR_HERRADURA, Local Cell ID=1, Cell Name=L_GUA11683_GUA_DUR_HERRADURA_1, eNodeB ID=11683, Cell FDD TDD indication=CELL_FDD",Reliable,1288.574,209.047
2026-04-10 22:00,60,"L_GUA11223_PARQUE_CALIFORNIA/Cell:eNodeB Function Name=L_GUA11223_PARQUE_CALIFORNIA, Local Cell ID=3, Cell Name=L_GUA11223_PARQUE_CALIFORNIA_3, eNodeB ID=11223, Cell FDD TDD indication=CELL_FDD",Reliable,912.554,149.466
2026-04-10 22:00,60,"L_GUA11223_PARQUE_CALIFORNIA/Cell:eNodeB Function Name=L_GUA11223_PARQUE_CALIFORNIA, Local Cell ID=2, Cell Name=L_GUA11223_PARQUE_CALIFORNIA_2, eNodeB ID=11223, Cell FDD TDD indication=CELL_FDD",Reliable,2279.973,177.334
2026-04-10 22:00,60,"L_GUA11223_PARQUE_CALIFORNIA/Cell:eNodeB Function Name=L_GUA11223_PARQUE_CALIFORNIA, Local Cell ID=1, Cell Name=L_GUA11223_PARQUE_CALIFORNIA_1, eNodeB ID=11223, Cell FDD TDD indication=CELL_FDD",Reliable,199.986,46.831
2026-04-10 22:00,60,"L_GUA11223_PARQUE_CALIFORNIA/Cell:eNodeB Function Name=L_GUA11223_PARQUE_CALIFORNIA, Local Cell ID=9, Cell Name=L_GUA11223_PARQUE_CALIFORNIA_9, eNodeB ID=11223, Cell FDD TDD indication=CELL_FDD",Reliable,49.136,4.712
2026-04-10 22:00,60,"L_GUA11223_PARQUE_CALIFORNIA/Cell:eNodeB Function Name=L_GUA11223_PARQUE_CALIFORNIA, Local Cell ID=8, Cell Name=L_GUA11223_PARQUE_CALIFORNIA_8, eNodeB ID=11223, Cell FDD TDD indication=CELL_FDD",Reliable,426.3,28.551
2026-04-10 22:00,60,"L_GUA11223_PARQUE_CALIFORNIA/Cell:eNodeB Function Name=L_GUA11223_PARQUE_CALIFORNIA, Local Cell ID=7, Cell Name=L_GUA11223_PARQUE_CALIFORNIA_7, eNodeB ID=11223, Cell FDD TDD indication=CELL_FDD",Reliable,944.654,62.515
2026-04-10 22:00,60,"L_GUA11168_MONTEBELLO_NORTE/Cell:eNodeB Function Name=L_GUA11168_MONTEBELLO_NORTE, Local Cell ID=9, Cell Name=L_GUA11168_MONTEBELLO_NORTE_9, eNodeB ID=11168, Cell FDD TDD indication=CELL_FDD",Reliable,110.237,5.518
2026-04-10 22:00,60,"L_GUA11168_MONTEBELLO_NORTE/Cell:eNodeB Function Name=L_GUA11168_MONTEBELLO_NORTE, Local Cell ID=8, Cell Name=L_GUA11168_MONTEBELLO_NORTE_8, eNodeB ID=11168, Cell FDD TDD indication=CELL_FDD",Reliable,546.377,81.103
2026-04-10 22:00,60,"L_GUA11168_MONTEBELLO_NORTE/Cell:eNodeB Function Name=L_GUA11168_MONTEBELLO_NORTE, Local Cell ID=7, Cell Name=L_GUA11168_MONTEBELLO_NORTE_7, eNodeB ID=11168, Cell FDD TDD indication=CELL_FDD",Reliable,46.897,11.567
2026-04-10 22:00,60,"L_GUA11168_MONTEBELLO_NORTE/Cell:eNodeB Function Name=L_GUA11168_MONTEBELLO_NORTE, Local Cell ID=3, Cell Name=L_GUA11168_MONTEBELLO_NORTE_3, eNodeB ID=11168, Cell FDD TDD indication=CELL_FDD",Reliable,1474.866,100.061
2026-04-10 22:00,60,"L_GUA11168_MONTEBELLO_NORTE/Cell:eNodeB Function Name=L_GUA11168_MONTEBELLO_NORTE, Local Cell ID=2, Cell Name=L_GUA11168_MONTEBELLO_NORTE_2, eNodeB ID=11168, Cell FDD TDD indication=CELL_FDD",Reliable,1966.684,178.975
2026-04-10 22:00,60,"L_GUA11168_MONTEBELLO_NORTE/Cell:eNodeB Function Name=L_GUA11168_MONTEBELLO_NORTE, Local Cell ID=1, Cell Name=L_GUA11168_MONTEBELLO_NORTE_1, eNodeB ID=11168, Cell FDD TDD indication=CELL_FDD",Reliable,478.088,54.192
2026-04-10 22:00,60,"L_GUA11171_PASCUALES_NORTE/Cell:eNodeB Function Name=L_GUA11171_PASCUALES_NORTE, Local Cell ID=9, Cell Name=L_GUA11171_PASCUALES_NORTE_9, eNodeB ID=11171, Cell FDD TDD indication=CELL_FDD",Reliable,44.439,9.984
2026-04-10 22:00,60,"L_GUA11171_PASCUALES_NORTE/Cell:eNodeB Function Name=L_GUA11171_PASCUALES_NORTE, Local Cell ID=8, Cell Name=L_GUA11171_PASCUALES_NORTE_8, eNodeB ID=11171, Cell FDD TDD indication=CELL_FDD",Reliable,949.316,225.441
2026-04-10 22:00,60,"L_GUA11171_PASCUALES_NORTE/Cell:eNodeB Function Name=L_GUA11171_PASCUALES_NORTE, Local Cell ID=7, Cell Name=L_GUA11171_PASCUALES_NORTE_7, eNodeB ID=11171, Cell FDD TDD indication=CELL_FDD",Reliable,4132.705,517.496
2026-04-10 22:00,60,"L_GUA11171_PASCUALES_NORTE/Cell:eNodeB Function Name=L_GUA11171_PASCUALES_NORTE, Local Cell ID=3, Cell Name=L_GUA11171_PASCUALES_NORTE_3, eNodeB ID=11171, Cell FDD TDD indication=CELL_FDD",Reliable,58.553,6.247
2026-04-10 22:00,60,"L_GUA11171_PASCUALES_NORTE/Cell:eNodeB Function Name=L_GUA11171_PASCUALES_NORTE, Local Cell ID=2, Cell Name=L_GUA11171_PASCUALES_NORTE_2, eNodeB ID=11171, Cell FDD TDD indication=CELL_FDD",Reliable,5242.405,2889.073
2026-04-10 22:00,60,"L_GUA11171_PASCUALES_NORTE/Cell:eNodeB Function Name=L_GUA11171_PASCUALES_NORTE, Local Cell ID=1, Cell Name=L_GUA11171_PASCUALES_NORTE_1, eNodeB ID=11171, Cell FDD TDD indication=CELL_FDD",Reliable,8243.254,3047.235
2026-04-10 22:00,60,"L_GUA11177_SAN_IGNACIO_DE_LOYOLA_NORTE/Cell:eNodeB Function Name=L_GUA11177_SAN_IGNACIO_DE_LOYOLA_NORTE, Local Cell ID=9, Cell Name=L_GUA11177_SAN_IGNACIO_DE_LOYOLA_NORTE_9, eNodeB ID=11177, Cell FDD TDD indication=CELL_FDD",Unreliable,423.912,19.602
2026-04-10 22:00,60,"L_GUA11177_SAN_IGNACIO_DE_LOYOLA_NORTE/Cell:eNodeB Function Name=L_GUA11177_SAN_IGNACIO_DE_LOYOLA_NORTE, Local Cell ID=8, Cell Name=L_GUA11177_SAN_IGNACIO_DE_LOYOLA_NORTE_8, eNodeB ID=11177, Cell FDD TDD indication=CELL_FDD",Unreliable,222.013,15.201
2026-04-10 22:00,60,"L_GUA11177_SAN_IGNACIO_DE_LOYOLA_NORTE/Cell:eNodeB Function Name=L_GUA11177_SAN_IGNACIO_DE_LOYOLA_NORTE, Local Cell ID=7, Cell Name=L_GUA11177_SAN_IGNACIO_DE_LOYOLA_NORTE_7, eNodeB ID=11177, Cell FDD TDD indication=CELL_FDD",Unreliable,38.609,1.913
2026-04-10 22:00,60,"L_GUA11177_SAN_IGNACIO_DE_LOYOLA_NORTE/Cell:eNodeB Function Name=L_GUA11177_SAN_IGNACIO_DE_LOYOLA_NORTE, Local Cell ID=3, Cell Name=L_GUA11177_SAN_IGNACIO_DE_LOYOLA_NORTE_3, eNodeB ID=11177, Cell FDD TDD indication=CELL_FDD",Unreliable,576.898,47.062
2026-04-10 22:00,60,"L_GUA11177_SAN_IGNACIO_DE_LOYOLA_NORTE/Cell:eNodeB Function Name=L_GUA11177_SAN_IGNACIO_DE_LOYOLA_NORTE, Local Cell ID=2, Cell Name=L_GUA11177_SAN_IGNACIO_DE_LOYOLA_NORTE_2, eNodeB ID=11177, Cell FDD TDD indication=CELL_FDD",Unreliable,736.771,60.893
2026-04-10 22:00,60,"L_GUA11177_SAN_IGNACIO_DE_LOYOLA_NORTE/Cell:eNodeB Function Name=L_GUA11177_SAN_IGNACIO_DE_LOYOLA_NORTE, Local Cell ID=1, Cell Name=L_GUA11177_SAN_IGNACIO_DE_LOYOLA_NORTE_1, eNodeB ID=11177, Cell FDD TDD indication=CELL_FDD",Unreliable,126.168,12.953
2026-04-10 22:00,60,"L_GUA11197_EL_FORTIN/Cell:eNodeB Function Name=L_GUA11197_EL_FORTIN, Local Cell ID=9, Cell Name=L_GUA11197_EL_FORTIN_9, eNodeB ID=11197, Cell FDD TDD indication=CELL_FDD",Reliable,244.093,16.341
2026-04-10 22:00,60,"L_GUA11197_EL_FORTIN/Cell:eNodeB Function Name=L_GUA11197_EL_FORTIN, Local Cell ID=8, Cell Name=L_GUA11197_EL_FORTIN_8, eNodeB ID=11197, Cell FDD TDD indication=CELL_FDD",Reliable,568.707,96.776
2026-04-10 22:00,60,"L_GUA11197_EL_FORTIN/Cell:eNodeB Function Name=L_GUA11197_EL_FORTIN, Local Cell ID=7, Cell Name=L_GUA11197_EL_FORTIN_7, eNodeB ID=11197, Cell FDD TDD indication=CELL_FDD",Reliable,446.787,95.947
2026-04-10 22:00,60,"L_GUA11197_EL_FORTIN/Cell:eNodeB Function Name=L_GUA11197_EL_FORTIN, Local Cell ID=3, Cell Name=L_GUA11197_EL_FORTIN_3, eNodeB ID=11197, Cell FDD TDD indication=CELL_FDD",Reliable,1423.709,104.473
2026-04-10 22:00,60,"L_GUA11197_EL_FORTIN/Cell:eNodeB Function Name=L_GUA11197_EL_FORTIN, Local Cell ID=2, Cell Name=L_GUA11197_EL_FORTIN_2, eNodeB ID=11197, Cell FDD TDD indication=CELL_FDD",Reliable,1265.625,135.347
2026-04-10 22:00,60,"L_GUA11197_EL_FORTIN/Cell:eNodeB Function Name=L_GUA11197_EL_FORTIN, Local Cell ID=1, Cell Name=L_GUA11197_EL_FORTIN_1, eNodeB ID=11197, Cell FDD TDD indication=CELL_FDD",Reliable,162.756,19.873
2026-04-10 22:00,60,"L_GUA11198_MI_LOTE_2/Cell:eNodeB Function Name=L_GUA11198_MI_LOTE_2, Local Cell ID=9, Cell Name=L_GUA11198_MI_LOTE_2_9, eNodeB ID=11198, Cell FDD TDD indication=CELL_FDD",Reliable,6542.617,822.406
2026-04-10 22:00,60,"L_GUA11198_MI_LOTE_2/Cell:eNodeB Function Name=L_GUA11198_MI_LOTE_2, Local Cell ID=8, Cell Name=L_GUA11198_MI_LOTE_2_8, eNodeB ID=11198, Cell FDD TDD indication=CELL_FDD",Reliable,2343.692,105.794
2026-04-10 22:00,60,"L_GUA11198_MI_LOTE_2/Cell:eNodeB Function Name=L_GUA11198_MI_LOTE_2, Local Cell ID=7, Cell Name=L_GUA11198_MI_LOTE_2_7, eNodeB ID=11198, Cell FDD TDD indication=CELL_FDD",Reliable,279.415,29.318
2026-04-10 22:00,60,"L_GUA11198_MI_LOTE_2/Cell:eNodeB Function Name=L_GUA11198_MI_LOTE_2, Local Cell ID=3, Cell Name=L_GUA11198_MI_LOTE_2_3, eNodeB ID=11198, Cell FDD TDD indication=CELL_FDD",Reliable,3792.834,432.497
2026-04-10 22:00,60,"L_GUA11198_MI_LOTE_2/Cell:eNodeB Function Name=L_GUA11198_MI_LOTE_2, Local Cell ID=2, Cell Name=L_GUA11198_MI_LOTE_2_2, eNodeB ID=11198, Cell FDD TDD indication=CELL_FDD",Reliable,909.304,244.673
2026-04-10 22:00,60,"L_GUA11198_MI_LOTE_2/Cell:eNodeB Function Name=L_GUA11198_MI_LOTE_2, Local Cell ID=1, Cell Name=L_GUA11198_MI_LOTE_2_1, eNodeB ID=11198, Cell FDD TDD indication=CELL_FDD",Reliable,400.006,58.232
2026-04-10 22:00,60,"L_GUA11289_FLOR_DE_BASTION_5/Cell:eNodeB Function Name=L_GUA11289_FLOR_DE_BASTION_5, Local Cell ID=9, Cell Name=L_GUA11289_FLOR_DE_BASTION_5_9, eNodeB ID=11289, Cell FDD TDD indication=CELL_FDD",Reliable,678.159,102.055
2026-04-10 22:00,60,"L_GUA11289_FLOR_DE_BASTION_5/Cell:eNodeB Function Name=L_GUA11289_FLOR_DE_BASTION_5, Local Cell ID=8, Cell Name=L_GUA11289_FLOR_DE_BASTION_5_8, eNodeB ID=11289, Cell FDD TDD indication=CELL_FDD",Reliable,614.383,41.53
2026-04-10 22:00,60,"L_GUA11289_FLOR_DE_BASTION_5/Cell:eNodeB Function Name=L_GUA11289_FLOR_DE_BASTION_5, Local Cell ID=7, Cell Name=L_GUA11289_FLOR_DE_BASTION_5_7, eNodeB ID=11289, Cell FDD TDD indication=CELL_FDD",Reliable,25.111,2.81
2026-04-10 22:00,60,"L_GUA11289_FLOR_DE_BASTION_5/Cell:eNodeB Function Name=L_GUA11289_FLOR_DE_BASTION_5, Local Cell ID=3, Cell Name=L_GUA11289_FLOR_DE_BASTION_5_3, eNodeB ID=11289, Cell FDD TDD indication=CELL_FDD",Reliable,796.122,69.285
2026-04-10 22:00,60,"L_GUA11289_FLOR_DE_BASTION_5/Cell:eNodeB Function Name=L_GUA11289_FLOR_DE_BASTION_5, Local Cell ID=2, Cell Name=L_GUA11289_FLOR_DE_BASTION_5_2, eNodeB ID=11289, Cell FDD TDD indication=CELL_FDD",Reliable,139.398,31.318
2026-04-10 22:00,60,"L_GUA11289_FLOR_DE_BASTION_5/Cell:eNodeB Function Name=L_GUA11289_FLOR_DE_BASTION_5, Local Cell ID=1, Cell Name=L_GUA11289_FLOR_DE_BASTION_5_1, eNodeB ID=11289, Cell FDD TDD indication=CELL_FDD",Reliable,655.959,97.919
2026-04-10 22:00,60,"L_GUA11291_IGUANAS_UNO/Cell:eNodeB Function Name=L_GUA11291_IGUANAS_UNO, Local Cell ID=9, Cell Name=L_GUA11291_IGUANAS_UNO_9, eNodeB ID=11291, Cell FDD TDD indication=CELL_FDD",Reliable,1301.067,53.521
2026-04-10 22:00,60,"L_GUA11291_IGUANAS_UNO/Cell:eNodeB Function Name=L_GUA11291_IGUANAS_UNO, Local Cell ID=8, Cell Name=L_GUA11291_IGUANAS_UNO_8, eNodeB ID=11291, Cell FDD TDD indication=CELL_FDD",Reliable,516.512,80.192
2026-04-10 22:00,60,"L_GUA11291_IGUANAS_UNO/Cell:eNodeB Function Name=L_GUA11291_IGUANAS_UNO, Local Cell ID=7, Cell Name=L_GUA11291_IGUANAS_UNO_7, eNodeB ID=11291, Cell FDD TDD indication=CELL_FDD",Reliable,695.739,25.517
2026-04-10 22:00,60,"L_GUA11291_IGUANAS_UNO/Cell:eNodeB Function Name=L_GUA11291_IGUANAS_UNO, Local Cell ID=3, Cell Name=L_GUA11291_IGUANAS_UNO_3, eNodeB ID=11291, Cell FDD TDD indication=CELL_FDD",Reliable,816.074,95.048
2026-04-10 22:00,60,"L_GUA11291_IGUANAS_UNO/Cell:eNodeB Function Name=L_GUA11291_IGUANAS_UNO, Local Cell ID=2, Cell Name=L_GUA11291_IGUANAS_UNO_2, eNodeB ID=11291, Cell FDD TDD indication=CELL_FDD",Reliable,160.946,20.939
2026-04-10 22:00,60,"L_GUA11291_IGUANAS_UNO/Cell:eNodeB Function Name=L_GUA11291_IGUANAS_UNO, Local Cell ID=1, Cell Name=L_GUA11291_IGUANAS_UNO_1, eNodeB ID=11291, Cell FDD TDD indication=CELL_FDD",Reliable,165.143,54.463
2026-04-10 22:00,60,"L_GUA11676_GUA_GYE_LA_PLANADA/Cell:eNodeB Function Name=L_GUA11676_GUA_GYE_LA_PLANADA, Local Cell ID=9, Cell Name=L_GUA11676_GUA_GYE_LA_PLANADA_9, eNodeB ID=11676, Cell FDD TDD indication=CELL_FDD",Reliable,102.676,4.903
2026-04-10 22:00,60,"L_GUA11676_GUA_GYE_LA_PLANADA/Cell:eNodeB Function Name=L_GUA11676_GUA_GYE_LA_PLANADA, Local Cell ID=8, Cell Name=L_GUA11676_GUA_GYE_LA_PLANADA_8, eNodeB ID=11676, Cell FDD TDD indication=CELL_FDD",Reliable,968.556,265.509
2026-04-10 22:00,60,"L_GUA11676_GUA_GYE_LA_PLANADA/Cell:eNodeB Function Name=L_GUA11676_GUA_GYE_LA_PLANADA, Local Cell ID=7, Cell Name=L_GUA11676_GUA_GYE_LA_PLANADA_7, eNodeB ID=11676, Cell FDD TDD indication=CELL_FDD",Reliable,5293.287,469.097
2026-04-10 22:00,60,"L_GUA11676_GUA_GYE_LA_PLANADA/Cell:eNodeB Function Name=L_GUA11676_GUA_GYE_LA_PLANADA, Local Cell ID=3, Cell Name=L_GUA11676_GUA_GYE_LA_PLANADA_3, eNodeB ID=11676, Cell FDD TDD indication=CELL_FDD",Reliable,15.762,5.694
2026-04-10 22:00,60,"L_GUA11676_GUA_GYE_LA_PLANADA/Cell:eNodeB Function Name=L_GUA11676_GUA_GYE_LA_PLANADA, Local Cell ID=2, Cell Name=L_GUA11676_GUA_GYE_LA_PLANADA_2, eNodeB ID=11676, Cell FDD TDD indication=CELL_FDD",Reliable,1948.8,127.022
2026-04-10 22:00,60,"L_GUA11676_GUA_GYE_LA_PLANADA/Cell:eNodeB Function Name=L_GUA11676_GUA_GYE_LA_PLANADA, Local Cell ID=1, Cell Name=L_GUA11676_GUA_GYE_LA_PLANADA_1, eNodeB ID=11676, Cell FDD TDD indication=CELL_FDD",Reliable,1545.047,88.846
2026-04-10 22:00,60,"L_GUA11685_GUA_DUR_EL_RECREO_4/Cell:eNodeB Function Name=L_GUA11685_GUA_DUR_EL_RECREO_4, Local Cell ID=9, Cell Name=L_GUA11685_GUA_DUR_EL_RECREO_4_9, eNodeB ID=11685, Cell FDD TDD indication=CELL_FDD",Reliable,801.222,377.802
2026-04-10 22:00,60,"L_GUA11685_GUA_DUR_EL_RECREO_4/Cell:eNodeB Function Name=L_GUA11685_GUA_DUR_EL_RECREO_4, Local Cell ID=8, Cell Name=L_GUA11685_GUA_DUR_EL_RECREO_4_8, eNodeB ID=11685, Cell FDD TDD indication=CELL_FDD",Reliable,1416.619,157.124
2026-04-10 22:00,60,"L_GUA11685_GUA_DUR_EL_RECREO_4/Cell:eNodeB Function Name=L_GUA11685_GUA_DUR_EL_RECREO_4, Local Cell ID=7, Cell Name=L_GUA11685_GUA_DUR_EL_RECREO_4_7, eNodeB ID=11685, Cell FDD TDD indication=CELL_FDD",Reliable,126.574,10.215
2026-04-10 22:00,60,"L_GUA11685_GUA_DUR_EL_RECREO_4/Cell:eNodeB Function Name=L_GUA11685_GUA_DUR_EL_RECREO_4, Local Cell ID=3, Cell Name=L_GUA11685_GUA_DUR_EL_RECREO_4_3, eNodeB ID=11685, Cell FDD TDD indication=CELL_FDD",Reliable,1621.246,263.653
2026-04-10 22:00,60,"L_GUA11685_GUA_DUR_EL_RECREO_4/Cell:eNodeB Function Name=L_GUA11685_GUA_DUR_EL_RECREO_4, Local Cell ID=2, Cell Name=L_GUA11685_GUA_DUR_EL_RECREO_4_2, eNodeB ID=11685, Cell FDD TDD indication=CELL_FDD",Reliable,679.96,116.311
2026-04-10 22:00,60,"L_GUA11685_GUA_DUR_EL_RECREO_4/Cell:eNodeB Function Name=L_GUA11685_GUA_DUR_EL_RECREO_4, Local Cell ID=1, Cell Name=L_GUA11685_GUA_DUR_EL_RECREO_4_1, eNodeB ID=11685, Cell FDD TDD indication=CELL_FDD",Reliable,3455.9,377.149
2026-04-10 22:00,60,"L_GUA11352_PRIMAVERA/Cell:eNodeB Function Name=L_GUA11352_PRIMAVERA, Local Cell ID=9, Cell Name=L_GUA11352_PRIMAVERA_9, eNodeB ID=11352, Cell FDD TDD indication=CELL_FDD",Reliable,194.013,28.133
2026-04-10 22:00,60,"L_GUA11352_PRIMAVERA/Cell:eNodeB Function Name=L_GUA11352_PRIMAVERA, Local Cell ID=8, Cell Name=L_GUA11352_PRIMAVERA_8, eNodeB ID=11352, Cell FDD TDD indication=CELL_FDD",Reliable,1764.654,102.831
2026-04-10 22:00,60,"L_GUA11352_PRIMAVERA/Cell:eNodeB Function Name=L_GUA11352_PRIMAVERA, Local Cell ID=7, Cell Name=L_GUA11352_PRIMAVERA_7, eNodeB ID=11352, Cell FDD TDD indication=CELL_FDD",Reliable,536.866,58.134
2026-04-10 22:00,60,"L_GUA11352_PRIMAVERA/Cell:eNodeB Function Name=L_GUA11352_PRIMAVERA, Local Cell ID=3, Cell Name=L_GUA11352_PRIMAVERA_3, eNodeB ID=11352, Cell FDD TDD indication=CELL_FDD",Reliable,1423.886,566.961
2026-04-10 22:00,60,"L_GUA11352_PRIMAVERA/Cell:eNodeB Function Name=L_GUA11352_PRIMAVERA, Local Cell ID=2, Cell Name=L_GUA11352_PRIMAVERA_2, eNodeB ID=11352, Cell FDD TDD indication=CELL_FDD",Reliable,1043.983,239.696
2026-04-10 22:00,60,"L_GUA11352_PRIMAVERA/Cell:eNodeB Function Name=L_GUA11352_PRIMAVERA, Local Cell ID=1, Cell Name=L_GUA11352_PRIMAVERA_1, eNodeB ID=11352, Cell FDD TDD indication=CELL_FDD",Reliable,2490.371,180.2
2026-04-10 22:00,60,"L_GUA11364_EL_RECREO_1/Cell:eNodeB Function Name=L_GUA11364_EL_RECREO_1, Local Cell ID=9, Cell Name=L_GUA11364_EL_RECREO_1_9, eNodeB ID=11364, Cell FDD TDD indication=CELL_FDD",Reliable,2961.255,539.689
2026-04-10 22:00,60,"L_GUA11364_EL_RECREO_1/Cell:eNodeB Function Name=L_GUA11364_EL_RECREO_1, Local Cell ID=8, Cell Name=L_GUA11364_EL_RECREO_1_8, eNodeB ID=11364, Cell FDD TDD indication=CELL_FDD",Reliable,2387.202,312.352
2026-04-10 22:00,60,"L_GUA11364_EL_RECREO_1/Cell:eNodeB Function Name=L_GUA11364_EL_RECREO_1, Local Cell ID=7, Cell Name=L_GUA11364_EL_RECREO_1_7, eNodeB ID=11364, Cell FDD TDD indication=CELL_FDD",Reliable,2007.202,221.837
2026-04-10 22:00,60,"L_GUA11364_EL_RECREO_1/Cell:eNodeB Function Name=L_GUA11364_EL_RECREO_1, Local Cell ID=3, Cell Name=L_GUA11364_EL_RECREO_1_3, eNodeB ID=11364, Cell FDD TDD indication=CELL_FDD",Reliable,3754.153,513.14
2026-04-10 22:00,60,"L_GUA11364_EL_RECREO_1/Cell:eNodeB Function Name=L_GUA11364_EL_RECREO_1, Local Cell ID=2, Cell Name=L_GUA11364_EL_RECREO_1_2, eNodeB ID=11364, Cell FDD TDD indication=CELL_FDD",Reliable,3990.336,659.575
2026-04-10 22:00,60,"L_GUA11364_EL_RECREO_1/Cell:eNodeB Function Name=L_GUA11364_EL_RECREO_1, Local Cell ID=1, Cell Name=L_GUA11364_EL_RECREO_1_1, eNodeB ID=11364, Cell FDD TDD indication=CELL_FDD",Reliable,2039.393,198.488
2026-04-10 22:00,60,"L_GUA11369_ARBOLITO/Cell:eNodeB Function Name=L_GUA11369_ARBOLITO, Local Cell ID=9, Cell Name=L_GUA11369_ARBOLITO_9, eNodeB ID=11369, Cell FDD TDD indication=CELL_FDD",Reliable,122.298,12.32
2026-04-10 22:00,60,"L_GUA11369_ARBOLITO/Cell:eNodeB Function Name=L_GUA11369_ARBOLITO, Local Cell ID=8, Cell Name=L_GUA11369_ARBOLITO_8, eNodeB ID=11369, Cell FDD TDD indication=CELL_FDD",Reliable,806.849,36.849
2026-04-10 22:00,60,"L_GUA11369_ARBOLITO/Cell:eNodeB Function Name=L_GUA11369_ARBOLITO, Local Cell ID=7, Cell Name=L_GUA11369_ARBOLITO_7, eNodeB ID=11369, Cell FDD TDD indication=CELL_FDD",Reliable,391.938,25.231
2026-04-10 22:00,60,"L_GUA11369_ARBOLITO/Cell:eNodeB Function Name=L_GUA11369_ARBOLITO, Local Cell ID=3, Cell Name=L_GUA11369_ARBOLITO_3, eNodeB ID=11369, Cell FDD TDD indication=CELL_FDD",Reliable,598.734,61.515
2026-04-10 22:00,60,"L_GUA11369_ARBOLITO/Cell:eNodeB Function Name=L_GUA11369_ARBOLITO, Local Cell ID=2, Cell Name=L_GUA11369_ARBOLITO_2, eNodeB ID=11369, Cell FDD TDD indication=CELL_FDD",Reliable,589.676,32.826
2026-04-10 22:00,60,"L_GUA11369_ARBOLITO/Cell:eNodeB Function Name=L_GUA11369_ARBOLITO, Local Cell ID=1, Cell Name=L_GUA11369_ARBOLITO_1, eNodeB ID=11369, Cell FDD TDD indication=CELL_FDD",Reliable,753.378,65.036
2026-04-10 22:00,60,"L_GUA11371_FERIA_DE_DURAN/Cell:eNodeB Function Name=L_GUA11371_FERIA_DE_DURAN, Local Cell ID=3, Cell Name=L_GUA11371_FERIA_DE_DURAN_3, eNodeB ID=11371, Cell FDD TDD indication=CELL_FDD",Reliable,616.618,60.72
2026-04-10 22:00,60,"L_GUA11371_FERIA_DE_DURAN/Cell:eNodeB Function Name=L_GUA11371_FERIA_DE_DURAN, Local Cell ID=2, Cell Name=L_GUA11371_FERIA_DE_DURAN_2, eNodeB ID=11371, Cell FDD TDD indication=CELL_FDD",Reliable,1124.901,62.805
2026-04-10 22:00,60,"L_GUA11371_FERIA_DE_DURAN/Cell:eNodeB Function Name=L_GUA11371_FERIA_DE_DURAN, Local Cell ID=1, Cell Name=L_GUA11371_FERIA_DE_DURAN_1, eNodeB ID=11371, Cell FDD TDD indication=CELL_FDD",Reliable,624.083,69.058
2026-04-10 22:00,60,"L_GUA11372_PANORAMA/Cell:eNodeB Function Name=L_GUA11372_PANORAMA, Local Cell ID=9, Cell Name=L_GUA11372_PANORAMA_9, eNodeB ID=11372, Cell FDD TDD indication=CELL_FDD",Reliable,219.946,16.724
2026-04-10 22:00,60,"L_GUA11372_PANORAMA/Cell:eNodeB Function Name=L_GUA11372_PANORAMA, Local Cell ID=8, Cell Name=L_GUA11372_PANORAMA_8, eNodeB ID=11372, Cell FDD TDD indication=CELL_FDD",Reliable,347.172,22.836
2026-04-10 22:00,60,"L_GUA11372_PANORAMA/Cell:eNodeB Function Name=L_GUA11372_PANORAMA, Local Cell ID=7, Cell Name=L_GUA11372_PANORAMA_7, eNodeB ID=11372, Cell FDD TDD indication=CELL_FDD",Reliable,29.447,1.314
2026-04-10 22:00,60,"L_GUA11372_PANORAMA/Cell:eNodeB Function Name=L_GUA11372_PANORAMA, Local Cell ID=3, Cell Name=L_GUA11372_PANORAMA_3, eNodeB ID=11372, Cell FDD TDD indication=CELL_FDD",Reliable,185.401,14.784
2026-04-10 22:00,60,"L_GUA11372_PANORAMA/Cell:eNodeB Function Name=L_GUA11372_PANORAMA, Local Cell ID=2, Cell Name=L_GUA11372_PANORAMA_2, eNodeB ID=11372, Cell FDD TDD indication=CELL_FDD",Reliable,1812.504,126.894
2026-04-10 22:00,60,"L_GUA11372_PANORAMA/Cell:eNodeB Function Name=L_GUA11372_PANORAMA, Local Cell ID=1, Cell Name=L_GUA11372_PANORAMA_1, eNodeB ID=11372, Cell FDD TDD indication=CELL_FDD",Reliable,2588.416,421.033
2026-04-10 22:00,60,"L_GUA11373_SAN_GABRIEL_1/Cell:eNodeB Function Name=L_GUA11373_SAN_GABRIEL_1, Local Cell ID=9, Cell Name=L_GUA11373_SAN_GABRIEL_1_9, eNodeB ID=11373, Cell FDD TDD indication=CELL_FDD",Reliable,201.543,28.865
2026-04-10 22:00,60,"L_GUA11373_SAN_GABRIEL_1/Cell:eNodeB Function Name=L_GUA11373_SAN_GABRIEL_1, Local Cell ID=8, Cell Name=L_GUA11373_SAN_GABRIEL_1_8, eNodeB ID=11373, Cell FDD TDD indication=CELL_FDD",Reliable,464.189,36.999
2026-04-10 22:00,60,"L_GUA11373_SAN_GABRIEL_1/Cell:eNodeB Function Name=L_GUA11373_SAN_GABRIEL_1, Local Cell ID=7, Cell Name=L_GUA11373_SAN_GABRIEL_1_7, eNodeB ID=11373, Cell FDD TDD indication=CELL_FDD",Reliable,2186.723,171.223
2026-04-10 22:00,60,"L_GUA11373_SAN_GABRIEL_1/Cell:eNodeB Function Name=L_GUA11373_SAN_GABRIEL_1, Local Cell ID=3, Cell Name=L_GUA11373_SAN_GABRIEL_1_3, eNodeB ID=11373, Cell FDD TDD indication=CELL_FDD",Reliable,1982.448,227.072
2026-04-10 22:00,60,"L_GUA11373_SAN_GABRIEL_1/Cell:eNodeB Function Name=L_GUA11373_SAN_GABRIEL_1, Local Cell ID=2, Cell Name=L_GUA11373_SAN_GABRIEL_1_2, eNodeB ID=11373, Cell FDD TDD indication=CELL_FDD",Reliable,2383.891,211.081
2026-04-10 22:00,60,"L_GUA11373_SAN_GABRIEL_1/Cell:eNodeB Function Name=L_GUA11373_SAN_GABRIEL_1, Local Cell ID=1, Cell Name=L_GUA11373_SAN_GABRIEL_1_1, eNodeB ID=11373, Cell FDD TDD indication=CELL_FDD",Reliable,1318.625,868.023
2026-04-10 22:00,60,"L_GUA11392_PANORAMA_SUR/Cell:eNodeB Function Name=L_GUA11392_PANORAMA_SUR, Local Cell ID=9, Cell Name=L_GUA11392_PANORAMA_SUR_9, eNodeB ID=11392, Cell FDD TDD indication=CELL_FDD",Reliable,1259.539,166.133
2026-04-10 22:00,60,"L_GUA11392_PANORAMA_SUR/Cell:eNodeB Function Name=L_GUA11392_PANORAMA_SUR, Local Cell ID=8, Cell Name=L_GUA11392_PANORAMA_SUR_8, eNodeB ID=11392, Cell FDD TDD indication=CELL_FDD",Reliable,478.966,29.119
2026-04-10 22:00,60,"L_GUA11392_PANORAMA_SUR/Cell:eNodeB Function Name=L_GUA11392_PANORAMA_SUR, Local Cell ID=7, Cell Name=L_GUA11392_PANORAMA_SUR_7, eNodeB ID=11392, Cell FDD TDD indication=CELL_FDD",Reliable,1585.925,106.935
2026-04-10 22:00,60,"L_GUA11392_PANORAMA_SUR/Cell:eNodeB Function Name=L_GUA11392_PANORAMA_SUR, Local Cell ID=3, Cell Name=L_GUA11392_PANORAMA_SUR_3, eNodeB ID=11392, Cell FDD TDD indication=CELL_FDD",Reliable,6492.991,672.047
2026-04-10 22:00,60,"L_GUA11392_PANORAMA_SUR/Cell:eNodeB Function Name=L_GUA11392_PANORAMA_SUR, Local Cell ID=2, Cell Name=L_GUA11392_PANORAMA_SUR_2, eNodeB ID=11392, Cell FDD TDD indication=CELL_FDD",Reliable,2661.317,640.591
2026-04-10 22:00,60,"L_GUA11392_PANORAMA_SUR/Cell:eNodeB Function Name=L_GUA11392_PANORAMA_SUR, Local Cell ID=1, Cell Name=L_GUA11392_PANORAMA_SUR_1, eNodeB ID=11392, Cell FDD TDD indication=CELL_FDD",Reliable,1131.32,114.669
2026-04-10 22:00,60,"L_GUA11425_GUA_DUR_VIA_YAGUACHI/Cell:eNodeB Function Name=L_GUA11425_GUA_DUR_VIA_YAGUACHI, Local Cell ID=9, Cell Name=L_GUA11425_GUA_DUR_VIA_YAGUACHI_9, eNodeB ID=11425, Cell FDD TDD indication=CELL_FDD",Reliable,490.564,30.782
2026-04-10 22:00,60,"L_GUA11425_GUA_DUR_VIA_YAGUACHI/Cell:eNodeB Function Name=L_GUA11425_GUA_DUR_VIA_YAGUACHI, Local Cell ID=8, Cell Name=L_GUA11425_GUA_DUR_VIA_YAGUACHI_8, eNodeB ID=11425, Cell FDD TDD indication=CELL_FDD",Reliable,353.493,29.677
2026-04-10 22:00,60,"L_GUA11425_GUA_DUR_VIA_YAGUACHI/Cell:eNodeB Function Name=L_GUA11425_GUA_DUR_VIA_YAGUACHI, Local Cell ID=7, Cell Name=L_GUA11425_GUA_DUR_VIA_YAGUACHI_7, eNodeB ID=11425, Cell FDD TDD indication=CELL_FDD",Reliable,91.806,22.389
2026-04-10 22:00,60,"L_GUA11425_GUA_DUR_VIA_YAGUACHI/Cell:eNodeB Function Name=L_GUA11425_GUA_DUR_VIA_YAGUACHI, Local Cell ID=3, Cell Name=L_GUA11425_GUA_DUR_VIA_YAGUACHI_3, eNodeB ID=11425, Cell FDD TDD indication=CELL_FDD",Reliable,665.749,53.907
2026-04-10 22:00,60,"L_GUA11425_GUA_DUR_VIA_YAGUACHI/Cell:eNodeB Function Name=L_GUA11425_GUA_DUR_VIA_YAGUACHI, Local Cell ID=2, Cell Name=L_GUA11425_GUA_DUR_VIA_YAGUACHI_2, eNodeB ID=11425, Cell FDD TDD indication=CELL_FDD",Reliable,375.918,38.413
2026-04-10 22:00,60,"L_GUA11425_GUA_DUR_VIA_YAGUACHI/Cell:eNodeB Function Name=L_GUA11425_GUA_DUR_VIA_YAGUACHI, Local Cell ID=1, Cell Name=L_GUA11425_GUA_DUR_VIA_YAGUACHI_1, eNodeB ID=11425, Cell FDD TDD indication=CELL_FDD",Reliable,657.335,115.087
2026-04-10 22:00,60,"L_GUA11429_GUA_DUR_004/Cell:eNodeB Function Name=L_GUA11429_GUA_DUR_004, Local Cell ID=3, Cell Name=L_GUA11429_GUA_DUR_004_3, eNodeB ID=11429, Cell FDD TDD indication=CELL_FDD",Reliable,380.81,63.49
2026-04-10 22:00,60,"L_GUA11429_GUA_DUR_004/Cell:eNodeB Function Name=L_GUA11429_GUA_DUR_004, Local Cell ID=2, Cell Name=L_GUA11429_GUA_DUR_004_2, eNodeB ID=11429, Cell FDD TDD indication=CELL_FDD",Reliable,740.126,237.431
2026-04-10 22:00,60,"L_GUA11429_GUA_DUR_004/Cell:eNodeB Function Name=L_GUA11429_GUA_DUR_004, Local Cell ID=1, Cell Name=L_GUA11429_GUA_DUR_004_1, eNodeB ID=11429, Cell FDD TDD indication=CELL_FDD",Reliable,606.995,76.225
2026-04-10 22:00,60,"L_GUA11703_GUA_DUR_RECREO_NORTE/Cell:eNodeB Function Name=L_GUA11703_GUA_DUR_RECREO_NORTE, Local Cell ID=9, Cell Name=L_GUA11703_GUA_DUR_RECREO_NORTE_9, eNodeB ID=11703, Cell FDD TDD indication=CELL_FDD",Reliable,227.593,17.905
2026-04-10 22:00,60,"L_GUA11703_GUA_DUR_RECREO_NORTE/Cell:eNodeB Function Name=L_GUA11703_GUA_DUR_RECREO_NORTE, Local Cell ID=8, Cell Name=L_GUA11703_GUA_DUR_RECREO_NORTE_8, eNodeB ID=11703, Cell FDD TDD indication=CELL_FDD",Reliable,117.74,18.569
2026-04-10 22:00,60,"L_GUA11703_GUA_DUR_RECREO_NORTE/Cell:eNodeB Function Name=L_GUA11703_GUA_DUR_RECREO_NORTE, Local Cell ID=7, Cell Name=L_GUA11703_GUA_DUR_RECREO_NORTE_7, eNodeB ID=11703, Cell FDD TDD indication=CELL_FDD",Reliable,197.575,11.62
2026-04-10 22:00,60,"L_GUA11703_GUA_DUR_RECREO_NORTE/Cell:eNodeB Function Name=L_GUA11703_GUA_DUR_RECREO_NORTE, Local Cell ID=3, Cell Name=L_GUA11703_GUA_DUR_RECREO_NORTE_3, eNodeB ID=11703, Cell FDD TDD indication=CELL_FDD",Reliable,280.634,45.004
2026-04-10 22:00,60,"L_GUA11703_GUA_DUR_RECREO_NORTE/Cell:eNodeB Function Name=L_GUA11703_GUA_DUR_RECREO_NORTE, Local Cell ID=2, Cell Name=L_GUA11703_GUA_DUR_RECREO_NORTE_2, eNodeB ID=11703, Cell FDD TDD indication=CELL_FDD",Reliable,204.895,83.205
2026-04-10 22:00,60,"L_GUA11703_GUA_DUR_RECREO_NORTE/Cell:eNodeB Function Name=L_GUA11703_GUA_DUR_RECREO_NORTE, Local Cell ID=1, Cell Name=L_GUA11703_GUA_DUR_RECREO_NORTE_1, eNodeB ID=11703, Cell FDD TDD indication=CELL_FDD",Reliable,634.855,336.334
2026-04-10 22:00,60,"L_GUA11704_GUA_DUR_PRONACA/Cell:eNodeB Function Name=L_GUA11704_GUA_DUR_PRONACA, Local Cell ID=3, Cell Name=L_GUA11704_GUA_DUR_PRONACA_3, eNodeB ID=11704, Cell FDD TDD indication=CELL_FDD",Reliable,2504.174,388.521
2026-04-10 22:00,60,"L_GUA11704_GUA_DUR_PRONACA/Cell:eNodeB Function Name=L_GUA11704_GUA_DUR_PRONACA, Local Cell ID=2, Cell Name=L_GUA11704_GUA_DUR_PRONACA_2, eNodeB ID=11704, Cell FDD TDD indication=CELL_FDD",Reliable,433.214,56.127
2026-04-10 22:00,60,"L_GUA11704_GUA_DUR_PRONACA/Cell:eNodeB Function Name=L_GUA11704_GUA_DUR_PRONACA, Local Cell ID=1, Cell Name=L_GUA11704_GUA_DUR_PRONACA_1, eNodeB ID=11704, Cell FDD TDD indication=CELL_FDD",Reliable,2045.6,129.192
2026-04-10 22:00,60,"L_GUA11340_GUA_MIL_BELLAVISTA_NORTE/Cell:eNodeB Function Name=L_GUA11340_GUA_MIL_BELLAVISTA_NORTE, Local Cell ID=3, Cell Name=L_GUA11340_GUA_MIL_BELLAVISTA_NORTE_3, eNodeB ID=11340, Cell FDD TDD indication=CELL_FDD",Reliable,1031.491,73.627
2026-04-10 22:00,60,"L_GUA11340_GUA_MIL_BELLAVISTA_NORTE/Cell:eNodeB Function Name=L_GUA11340_GUA_MIL_BELLAVISTA_NORTE, Local Cell ID=2, Cell Name=L_GUA11340_GUA_MIL_BELLAVISTA_NORTE_2, eNodeB ID=11340, Cell FDD TDD indication=CELL_FDD",Reliable,2351.985,111.837
2026-04-10 22:00,60,"L_GUA11340_GUA_MIL_BELLAVISTA_NORTE/Cell:eNodeB Function Name=L_GUA11340_GUA_MIL_BELLAVISTA_NORTE, Local Cell ID=1, Cell Name=L_GUA11340_GUA_MIL_BELLAVISTA_NORTE_1, eNodeB ID=11340, Cell FDD TDD indication=CELL_FDD",Reliable,1175.269,92.242
2026-04-10 22:00,60,"L_GUA11340_GUA_MIL_BELLAVISTA_NORTE/Cell:eNodeB Function Name=L_GUA11340_GUA_MIL_BELLAVISTA_NORTE, Local Cell ID=9, Cell Name=L_GUA11340_GUA_MIL_BELLAVISTA_NORTE_9, eNodeB ID=11340, Cell FDD TDD indication=CELL_FDD",Reliable,598.429,46.458
2026-04-10 22:00,60,"L_GUA11340_GUA_MIL_BELLAVISTA_NORTE/Cell:eNodeB Function Name=L_GUA11340_GUA_MIL_BELLAVISTA_NORTE, Local Cell ID=8, Cell Name=L_GUA11340_GUA_MIL_BELLAVISTA_NORTE_8, eNodeB ID=11340, Cell FDD TDD indication=CELL_FDD",Reliable,653.76,54.786
2026-04-10 22:00,60,"L_GUA11340_GUA_MIL_BELLAVISTA_NORTE/Cell:eNodeB Function Name=L_GUA11340_GUA_MIL_BELLAVISTA_NORTE, Local Cell ID=7, Cell Name=L_GUA11340_GUA_MIL_BELLAVISTA_NORTE_7, eNodeB ID=11340, Cell FDD TDD indication=CELL_FDD",Reliable,1745.105,123.011
2026-04-10 22:00,60,"L_GUA11362_MILAGRO_NORESTE/Cell:eNodeB Function Name=L_GUA11362_MILAGRO_NORESTE, Local Cell ID=9, Cell Name=L_GUA11362_MILAGRO_NORESTE_9, eNodeB ID=11362, Cell FDD TDD indication=CELL_FDD",Reliable,536.105,49.703
2026-04-10 22:00,60,"L_GUA11362_MILAGRO_NORESTE/Cell:eNodeB Function Name=L_GUA11362_MILAGRO_NORESTE, Local Cell ID=8, Cell Name=L_GUA11362_MILAGRO_NORESTE_8, eNodeB ID=11362, Cell FDD TDD indication=CELL_FDD",Reliable,694.693,44.963
2026-04-10 22:00,60,"L_GUA11362_MILAGRO_NORESTE/Cell:eNodeB Function Name=L_GUA11362_MILAGRO_NORESTE, Local Cell ID=7, Cell Name=L_GUA11362_MILAGRO_NORESTE_7, eNodeB ID=11362, Cell FDD TDD indication=CELL_FDD",Reliable,2283.173,352.145
2026-04-10 22:00,60,"L_GUA11362_MILAGRO_NORESTE/Cell:eNodeB Function Name=L_GUA11362_MILAGRO_NORESTE, Local Cell ID=3, Cell Name=L_GUA11362_MILAGRO_NORESTE_3, eNodeB ID=11362, Cell FDD TDD indication=CELL_FDD",Reliable,1168.142,70.741
2026-04-10 22:00,60,"L_GUA11362_MILAGRO_NORESTE/Cell:eNodeB Function Name=L_GUA11362_MILAGRO_NORESTE, Local Cell ID=2, Cell Name=L_GUA11362_MILAGRO_NORESTE_2, eNodeB ID=11362, Cell FDD TDD indication=CELL_FDD",Reliable,851.389,107.586
2026-04-10 22:00,60,"L_GUA11362_MILAGRO_NORESTE/Cell:eNodeB Function Name=L_GUA11362_MILAGRO_NORESTE, Local Cell ID=1, Cell Name=L_GUA11362_MILAGRO_NORESTE_1, eNodeB ID=11362, Cell FDD TDD indication=CELL_FDD",Reliable,1297.416,101.995
2026-04-10 22:00,60,"L_GUA11363_MILAGRO_SUROESTE/Cell:eNodeB Function Name=L_GUA11363_MILAGRO_SUROESTE, Local Cell ID=9, Cell Name=L_GUA11363_MILAGRO_SUROESTE_9, eNodeB ID=11363, Cell FDD TDD indication=CELL_FDD",Reliable,1418.265,270.156
2026-04-10 22:00,60,"L_GUA11363_MILAGRO_SUROESTE/Cell:eNodeB Function Name=L_GUA11363_MILAGRO_SUROESTE, Local Cell ID=8, Cell Name=L_GUA11363_MILAGRO_SUROESTE_8, eNodeB ID=11363, Cell FDD TDD indication=CELL_FDD",Reliable,1282.022,144.453
2026-04-10 22:00,60,"L_GUA11363_MILAGRO_SUROESTE/Cell:eNodeB Function Name=L_GUA11363_MILAGRO_SUROESTE, Local Cell ID=7, Cell Name=L_GUA11363_MILAGRO_SUROESTE_7, eNodeB ID=11363, Cell FDD TDD indication=CELL_FDD",Reliable,2722.715,145.483
2026-04-10 22:00,60,"L_GUA11363_MILAGRO_SUROESTE/Cell:eNodeB Function Name=L_GUA11363_MILAGRO_SUROESTE, Local Cell ID=3, Cell Name=L_GUA11363_MILAGRO_SUROESTE_3, eNodeB ID=11363, Cell FDD TDD indication=CELL_FDD",Reliable,532.738,47.411
2026-04-10 22:00,60,"L_GUA11363_MILAGRO_SUROESTE/Cell:eNodeB Function Name=L_GUA11363_MILAGRO_SUROESTE, Local Cell ID=2, Cell Name=L_GUA11363_MILAGRO_SUROESTE_2, eNodeB ID=11363, Cell FDD TDD indication=CELL_FDD",Reliable,4375.871,456.224
2026-04-10 22:00,60,"L_GUA11363_MILAGRO_SUROESTE/Cell:eNodeB Function Name=L_GUA11363_MILAGRO_SUROESTE, Local Cell ID=1, Cell Name=L_GUA11363_MILAGRO_SUROESTE_1, eNodeB ID=11363, Cell FDD TDD indication=CELL_FDD",Reliable,1190.389,136.564
2026-04-10 22:00,60,"L_GUA11375_MILAGRO_ESTE/Cell:eNodeB Function Name=L_GUA11375_MILAGRO_ESTE, Local Cell ID=9, Cell Name=L_GUA11375_MILAGRO_ESTE_9, eNodeB ID=11375, Cell FDD TDD indication=CELL_FDD",Reliable,851.831,81.982
2026-04-10 22:00,60,"L_GUA11375_MILAGRO_ESTE/Cell:eNodeB Function Name=L_GUA11375_MILAGRO_ESTE, Local Cell ID=8, Cell Name=L_GUA11375_MILAGRO_ESTE_8, eNodeB ID=11375, Cell FDD TDD indication=CELL_FDD",Reliable,1818.56,261.713
2026-04-10 22:00,60,"L_GUA11375_MILAGRO_ESTE/Cell:eNodeB Function Name=L_GUA11375_MILAGRO_ESTE, Local Cell ID=7, Cell Name=L_GUA11375_MILAGRO_ESTE_7, eNodeB ID=11375, Cell FDD TDD indication=CELL_FDD",Reliable,823.713,86.784
2026-04-10 22:00,60,"L_GUA11375_MILAGRO_ESTE/Cell:eNodeB Function Name=L_GUA11375_MILAGRO_ESTE, Local Cell ID=3, Cell Name=L_GUA11375_MILAGRO_ESTE_3, eNodeB ID=11375, Cell FDD TDD indication=CELL_FDD",Reliable,100.867,13.138
2026-04-10 22:00,60,"L_GUA11375_MILAGRO_ESTE/Cell:eNodeB Function Name=L_GUA11375_MILAGRO_ESTE, Local Cell ID=2, Cell Name=L_GUA11375_MILAGRO_ESTE_2, eNodeB ID=11375, Cell FDD TDD indication=CELL_FDD",Reliable,265.445,29.936
2026-04-10 22:00,60,"L_GUA11375_MILAGRO_ESTE/Cell:eNodeB Function Name=L_GUA11375_MILAGRO_ESTE, Local Cell ID=1, Cell Name=L_GUA11375_MILAGRO_ESTE_1, eNodeB ID=11375, Cell FDD TDD indication=CELL_FDD",Reliable,118.512,12.618
2026-04-10 22:00,60,"L_GUA11376_MILAGRO_SUR/Cell:eNodeB Function Name=L_GUA11376_MILAGRO_SUR, Local Cell ID=9, Cell Name=L_GUA11376_MILAGRO_SUR_9, eNodeB ID=11376, Cell FDD TDD indication=CELL_FDD",Reliable,449.089,36.556
2026-04-10 22:00,60,"L_GUA11376_MILAGRO_SUR/Cell:eNodeB Function Name=L_GUA11376_MILAGRO_SUR, Local Cell ID=8, Cell Name=L_GUA11376_MILAGRO_SUR_8, eNodeB ID=11376, Cell FDD TDD indication=CELL_FDD",Reliable,2378.475,635.157
2026-04-10 22:00,60,"L_GUA11376_MILAGRO_SUR/Cell:eNodeB Function Name=L_GUA11376_MILAGRO_SUR, Local Cell ID=7, Cell Name=L_GUA11376_MILAGRO_SUR_7, eNodeB ID=11376, Cell FDD TDD indication=CELL_FDD",Reliable,830.139,141.403
2026-04-10 22:00,60,"L_GUA11376_MILAGRO_SUR/Cell:eNodeB Function Name=L_GUA11376_MILAGRO_SUR, Local Cell ID=3, Cell Name=L_GUA11376_MILAGRO_SUR_3, eNodeB ID=11376, Cell FDD TDD indication=CELL_FDD",Reliable,276.815,44.63
2026-04-10 22:00,60,"L_GUA11376_MILAGRO_SUR/Cell:eNodeB Function Name=L_GUA11376_MILAGRO_SUR, Local Cell ID=2, Cell Name=L_GUA11376_MILAGRO_SUR_2, eNodeB ID=11376, Cell FDD TDD indication=CELL_FDD",Reliable,760.335,94.884
2026-04-10 22:00,60,"L_GUA11376_MILAGRO_SUR/Cell:eNodeB Function Name=L_GUA11376_MILAGRO_SUR, Local Cell ID=1, Cell Name=L_GUA11376_MILAGRO_SUR_1, eNodeB ID=11376, Cell FDD TDD indication=CELL_FDD",Reliable,1028.966,113.412
2026-04-10 22:00,60,"L_GUA11377_MILAGRO_SURESTE/Cell:eNodeB Function Name=L_GUA11377_MILAGRO_SURESTE, Local Cell ID=9, Cell Name=L_GUA11377_MILAGRO_SURESTE_9, eNodeB ID=11377, Cell FDD TDD indication=CELL_FDD",Reliable,1677.387,309.509
2026-04-10 22:00,60,"L_GUA11377_MILAGRO_SURESTE/Cell:eNodeB Function Name=L_GUA11377_MILAGRO_SURESTE, Local Cell ID=8, Cell Name=L_GUA11377_MILAGRO_SURESTE_8, eNodeB ID=11377, Cell FDD TDD indication=CELL_FDD",Reliable,1372.768,267.679
2026-04-10 22:00,60,"L_GUA11377_MILAGRO_SURESTE/Cell:eNodeB Function Name=L_GUA11377_MILAGRO_SURESTE, Local Cell ID=7, Cell Name=L_GUA11377_MILAGRO_SURESTE_7, eNodeB ID=11377, Cell FDD TDD indication=CELL_FDD",Reliable,2476.356,403.862
2026-04-10 22:00,60,"L_GUA11377_MILAGRO_SURESTE/Cell:eNodeB Function Name=L_GUA11377_MILAGRO_SURESTE, Local Cell ID=3, Cell Name=L_GUA11377_MILAGRO_SURESTE_3, eNodeB ID=11377, Cell FDD TDD indication=CELL_FDD",Reliable,3833.67,314.607
2026-04-10 22:00,60,"L_GUA11377_MILAGRO_SURESTE/Cell:eNodeB Function Name=L_GUA11377_MILAGRO_SURESTE, Local Cell ID=2, Cell Name=L_GUA11377_MILAGRO_SURESTE_2, eNodeB ID=11377, Cell FDD TDD indication=CELL_FDD",Reliable,3485.024,239.808
2026-04-10 22:00,60,"L_GUA11377_MILAGRO_SURESTE/Cell:eNodeB Function Name=L_GUA11377_MILAGRO_SURESTE, Local Cell ID=1, Cell Name=L_GUA11377_MILAGRO_SURESTE_1, eNodeB ID=11377, Cell FDD TDD indication=CELL_FDD",Reliable,557.602,99.366
2026-04-10 22:00,60,"L_GUA11332_GUA_PLA_PAQUISHA/Cell:eNodeB Function Name=L_GUA11332_GUA_PLA_PAQUISHA, Local Cell ID=9, Cell Name=L_GUA11332_GUA_PLA_PAQUISHA_9, eNodeB ID=11332, Cell FDD TDD indication=CELL_FDD",Reliable,51.342,11.676
2026-04-10 22:00,60,"L_GUA11332_GUA_PLA_PAQUISHA/Cell:eNodeB Function Name=L_GUA11332_GUA_PLA_PAQUISHA, Local Cell ID=8, Cell Name=L_GUA11332_GUA_PLA_PAQUISHA_8, eNodeB ID=11332, Cell FDD TDD indication=CELL_FDD",Reliable,1141.242,429.55
2026-04-10 22:00,60,"L_GUA11332_GUA_PLA_PAQUISHA/Cell:eNodeB Function Name=L_GUA11332_GUA_PLA_PAQUISHA, Local Cell ID=7, Cell Name=L_GUA11332_GUA_PLA_PAQUISHA_7, eNodeB ID=11332, Cell FDD TDD indication=CELL_FDD",Reliable,777.854,170.463
2026-04-10 22:00,60,"L_GUA11332_GUA_PLA_PAQUISHA/Cell:eNodeB Function Name=L_GUA11332_GUA_PLA_PAQUISHA, Local Cell ID=3, Cell Name=L_GUA11332_GUA_PLA_PAQUISHA_3, eNodeB ID=11332, Cell FDD TDD indication=CELL_FDD",Reliable,174.754,20.137
2026-04-10 22:00,60,"L_GUA11332_GUA_PLA_PAQUISHA/Cell:eNodeB Function Name=L_GUA11332_GUA_PLA_PAQUISHA, Local Cell ID=2, Cell Name=L_GUA11332_GUA_PLA_PAQUISHA_2, eNodeB ID=11332, Cell FDD TDD indication=CELL_FDD",Reliable,1157.921,145.736
2026-04-10 22:00,60,"L_GUA11332_GUA_PLA_PAQUISHA/Cell:eNodeB Function Name=L_GUA11332_GUA_PLA_PAQUISHA, Local Cell ID=1, Cell Name=L_GUA11332_GUA_PLA_PAQUISHA_1, eNodeB ID=11332, Cell FDD TDD indication=CELL_FDD",Reliable,367.025,78.643
2026-04-10 22:00,60,"L_GUA11361_PLAYAS_NOROESTE/Cell:eNodeB Function Name=L_GUA11361_PLAYAS_NOROESTE, Local Cell ID=9, Cell Name=L_GUA11361_PLAYAS_NOROESTE_9, eNodeB ID=11361, Cell FDD TDD indication=CELL_FDD",Reliable,52.562,7.713
2026-04-10 22:00,60,"L_GUA11361_PLAYAS_NOROESTE/Cell:eNodeB Function Name=L_GUA11361_PLAYAS_NOROESTE, Local Cell ID=8, Cell Name=L_GUA11361_PLAYAS_NOROESTE_8, eNodeB ID=11361, Cell FDD TDD indication=CELL_FDD",Reliable,17.921,1.654
2026-04-10 22:00,60,"L_GUA11361_PLAYAS_NOROESTE/Cell:eNodeB Function Name=L_GUA11361_PLAYAS_NOROESTE, Local Cell ID=7, Cell Name=L_GUA11361_PLAYAS_NOROESTE_7, eNodeB ID=11361, Cell FDD TDD indication=CELL_FDD",Reliable,600.307,85.135
2026-04-10 22:00,60,"L_GUA11361_PLAYAS_NOROESTE/Cell:eNodeB Function Name=L_GUA11361_PLAYAS_NOROESTE, Local Cell ID=3, Cell Name=L_GUA11361_PLAYAS_NOROESTE_3, eNodeB ID=11361, Cell FDD TDD indication=CELL_FDD",Reliable,68.14,4.508
2026-04-10 22:00,60,"L_GUA11361_PLAYAS_NOROESTE/Cell:eNodeB Function Name=L_GUA11361_PLAYAS_NOROESTE, Local Cell ID=2, Cell Name=L_GUA11361_PLAYAS_NOROESTE_2, eNodeB ID=11361, Cell FDD TDD indication=CELL_FDD",Reliable,1125.109,116.565
2026-04-10 22:00,60,"L_GUA11361_PLAYAS_NOROESTE/Cell:eNodeB Function Name=L_GUA11361_PLAYAS_NOROESTE, Local Cell ID=1, Cell Name=L_GUA11361_PLAYAS_NOROESTE_1, eNodeB ID=11361, Cell FDD TDD indication=CELL_FDD",Reliable,1096.46,341.005
2026-04-10 22:00,60,"L_GUA11378_PLAYAS_ESTE/Cell:eNodeB Function Name=L_GUA11378_PLAYAS_ESTE, Local Cell ID=9, Cell Name=L_GUA11378_PLAYAS_ESTE_9, eNodeB ID=11378, Cell FDD TDD indication=CELL_FDD",Reliable,175.874,31.3
2026-04-10 22:00,60,"L_GUA11378_PLAYAS_ESTE/Cell:eNodeB Function Name=L_GUA11378_PLAYAS_ESTE, Local Cell ID=8, Cell Name=L_GUA11378_PLAYAS_ESTE_8, eNodeB ID=11378, Cell FDD TDD indication=CELL_FDD",Reliable,1042.34,228.291
2026-04-10 22:00,60,"L_GUA11378_PLAYAS_ESTE/Cell:eNodeB Function Name=L_GUA11378_PLAYAS_ESTE, Local Cell ID=7, Cell Name=L_GUA11378_PLAYAS_ESTE_7, eNodeB ID=11378, Cell FDD TDD indication=CELL_FDD",Reliable,533.057,21.955
2026-04-10 22:00,60,"L_GUA11378_PLAYAS_ESTE/Cell:eNodeB Function Name=L_GUA11378_PLAYAS_ESTE, Local Cell ID=3, Cell Name=L_GUA11378_PLAYAS_ESTE_3, eNodeB ID=11378, Cell FDD TDD indication=CELL_FDD",Reliable,1280.868,195.777
2026-04-10 22:00,60,"L_GUA11378_PLAYAS_ESTE/Cell:eNodeB Function Name=L_GUA11378_PLAYAS_ESTE, Local Cell ID=2, Cell Name=L_GUA11378_PLAYAS_ESTE_2, eNodeB ID=11378, Cell FDD TDD indication=CELL_FDD",Reliable,733.362,119.513
2026-04-10 22:00,60,"L_GUA11378_PLAYAS_ESTE/Cell:eNodeB Function Name=L_GUA11378_PLAYAS_ESTE, Local Cell ID=1, Cell Name=L_GUA11378_PLAYAS_ESTE_1, eNodeB ID=11378, Cell FDD TDD indication=CELL_FDD",Reliable,1341.444,324.877
2026-04-10 22:00,60,"TUN_AMB_MAYORISTA_AMBATO_UL/Cell:eNodeB Function Name=TUN_AMB_MAYORISTA_AMBATO_L, Local Cell ID=7, Cell Name=TUN_AMB_MAYORISTA_AMBATO_APT_7, eNodeB ID=44453, Cell FDD TDD indication=CELL_FDD",Reliable,6162.121,1174.708
2026-04-10 22:00,60,"TUN_AMB_MAYORISTA_AMBATO_UL/Cell:eNodeB Function Name=TUN_AMB_MAYORISTA_AMBATO_L, Local Cell ID=8, Cell Name=TUN_AMB_MAYORISTA_AMBATO_APT_8, eNodeB ID=44453, Cell FDD TDD indication=CELL_FDD",Reliable,4619.105,426.524
2026-04-10 22:00,60,"TUN_AMB_MAYORISTA_AMBATO_UL/Cell:eNodeB Function Name=TUN_AMB_MAYORISTA_AMBATO_L, Local Cell ID=9, Cell Name=TUN_AMB_MAYORISTA_AMBATO_APT_9, eNodeB ID=44453, Cell FDD TDD indication=CELL_FDD",Reliable,2851.864,391.782
2026-04-10 22:00,60,"PIC_UIO_EASYMACRO_UNIVERS_CENTRAL_UL/Cell:eNodeB Function Name=PIC_UIO_EASYMACRO_UNIVERS_CENTRALL21, Local Cell ID=3, Cell Name=PIC_UIO_EASYMACRO_UNIVERS_CENTRAL_3, eNodeB ID=43269, Cell FDD TDD indication=CELL_FDD",Reliable,150.999,17.993
2026-04-10 22:00,60,"PIC_UIO_EASYMACRO_UNIVERS_CENTRAL_UL/Cell:eNodeB Function Name=PIC_UIO_EASYMACRO_UNIVERS_CENTRALL21, Local Cell ID=2, Cell Name=PIC_UIO_EASYMACRO_UNIVERS_CENTRAL_2, eNodeB ID=43269, Cell FDD TDD indication=CELL_FDD",Reliable,4.408,1.17
2026-04-10 22:00,60,"PIC_UIO_EASYMACRO_UNIVERS_CENTRAL_UL/Cell:eNodeB Function Name=PIC_UIO_EASYMACRO_UNIVERS_CENTRALL21, Local Cell ID=1, Cell Name=PIC_UIO_EASYMACRO_UNIVERS_CENTRAL_1, eNodeB ID=43269, Cell FDD TDD indication=CELL_FDD",Reliable,134.499,13.518
2026-04-10 22:00,60,"PIC_UIO_EASYMACRO_ENTR_POLITECNICA_UL/Cell:eNodeB Function Name=PIC_UIO_EASYMACRO_ENTR_POLITECNICAL21, Local Cell ID=3, Cell Name=PIC_UIO_EASYMACRO_ENTR_POLITECNICA_3, eNodeB ID=43268, Cell FDD TDD indication=CELL_FDD",Reliable,1699.635,132.79
2026-04-10 22:00,60,"PIC_UIO_EASYMACRO_ENTR_POLITECNICA_UL/Cell:eNodeB Function Name=PIC_UIO_EASYMACRO_ENTR_POLITECNICAL21, Local Cell ID=2, Cell Name=PIC_UIO_EASYMACRO_ENTR_POLITECNICA_2, eNodeB ID=43268, Cell FDD TDD indication=CELL_FDD",Reliable,93.381,29.949
2026-04-10 22:00,60,"PIC_UIO_EASYMACRO_ENTR_POLITECNICA_UL/Cell:eNodeB Function Name=PIC_UIO_EASYMACRO_ENTR_POLITECNICAL21, Local Cell ID=1, Cell Name=PIC_UIO_EASYMACRO_ENTR_POLITECNICA_1, eNodeB ID=43268, Cell FDD TDD indication=CELL_FDD",Reliable,340.655,68.773
2026-04-10 22:00,60,"PIC_UIO_EASYMACRO_CENT_EXPO_QUITO_UL/Cell:eNodeB Function Name=PIC_UIO_EASYMACRO_CENT_EXPO_QUITOL21, Local Cell ID=2, Cell Name=PIC_UIO_EASYMACRO_CENT_EXPO_QUITO_2, eNodeB ID=44387, Cell FDD TDD indication=CELL_FDD",Reliable,214.535,94.975
2026-04-10 22:00,60,"PIC_UIO_EASYMACRO_CENT_EXPO_QUITO_UL/Cell:eNodeB Function Name=PIC_UIO_EASYMACRO_CENT_EXPO_QUITOL21, Local Cell ID=1, Cell Name=PIC_UIO_EASYMACRO_CENT_EXPO_QUITO_1, eNodeB ID=44387, Cell FDD TDD indication=CELL_FDD",Reliable,178.928,93.906
2026-04-10 22:00,60,"PIC_UIO_EASYMACRO_SECTOR_CUMANDA_UL/Cell:eNodeB Function Name=PIC_UIO_EASYMACRO_SECTOR_CUMANDAL21, Local Cell ID=3, Cell Name=PIC_UIO_EASYMACRO_SECTOR_CUMANDA3, eNodeB ID=43271, Cell FDD TDD indication=CELL_FDD",Reliable,73.694,7.816
2026-04-10 22:00,60,"PIC_UIO_EASYMACRO_SECTOR_CUMANDA_UL/Cell:eNodeB Function Name=PIC_UIO_EASYMACRO_SECTOR_CUMANDAL21, Local Cell ID=2, Cell Name=PIC_UIO_EASYMACRO_SECTOR_CUMANDA2, eNodeB ID=43271, Cell FDD TDD indication=CELL_FDD",Reliable,0.849,0.479
2026-04-10 22:00,60,"PIC_UIO_EASYMACRO_SECTOR_CUMANDA_UL/Cell:eNodeB Function Name=PIC_UIO_EASYMACRO_SECTOR_CUMANDAL21, Local Cell ID=1, Cell Name=PIC_UIO_EASYMACRO_SECTOR_CUMANDA1, eNodeB ID=43271, Cell FDD TDD indication=CELL_FDD",Reliable,66.4,6.07
2026-04-10 22:00,60,"IMB_GON_SAN_PABLO_UL/Cell:eNodeB Function Name=IMB_GON_SAN_PABLO_L, Local Cell ID=7, Cell Name=IMB_GON_SAN_PABLO_APT_7, eNodeB ID=44751, Cell FDD TDD indication=CELL_FDD",Reliable,7036.044,1132.926
2026-04-10 22:00,60,"IMB_GON_SAN_PABLO_UL/Cell:eNodeB Function Name=IMB_GON_SAN_PABLO_L, Local Cell ID=8, Cell Name=IMB_GON_SAN_PABLO_APT_8, eNodeB ID=44751, Cell FDD TDD indication=CELL_FDD",Reliable,2308.213,220.154
2026-04-10 22:00,60,"IMB_GON_SAN_PABLO_UL/Cell:eNodeB Function Name=IMB_GON_SAN_PABLO_L, Local Cell ID=9, Cell Name=IMB_GON_SAN_PABLO_APT_9, eNodeB ID=44751, Cell FDD TDD indication=CELL_FDD",Reliable,6617.54,1456.68
2026-04-10 22:00,60,"ORE_DAY_DAYUMA_UL/Cell:eNodeB Function Name=ORE_DAY_DAYUMA_L, Local Cell ID=9, Cell Name=ORE_DAY_DAYUMA_APT_9, eNodeB ID=43213, Cell FDD TDD indication=CELL_FDD",Reliable,8073.865,566.584
2026-04-10 22:00,60,"ORE_DAY_DAYUMA_UL/Cell:eNodeB Function Name=ORE_DAY_DAYUMA_L, Local Cell ID=8, Cell Name=ORE_DAY_DAYUMA_APT_8, eNodeB ID=43213, Cell FDD TDD indication=CELL_FDD",Reliable,7018.1,834.542
2026-04-10 22:00,60,"ORE_DAY_DAYUMA_UL/Cell:eNodeB Function Name=ORE_DAY_DAYUMA_L, Local Cell ID=7, Cell Name=ORE_DAY_DAYUMA_APT_7, eNodeB ID=43213, Cell FDD TDD indication=CELL_FDD",Reliable,956.232,53.606
2026-04-10 22:00,60,"SUC_PUT_BLOQUE_58_UL/Cell:eNodeB Function Name=SUC_PUT_BLOQUE_58_L, Local Cell ID=9, Cell Name=SUC_PUT_BLOQUE_58_APT_9, eNodeB ID=43214, Cell FDD TDD indication=CELL_FDD",Reliable,2703.02,495.899
2026-04-10 22:00,60,"SUC_PUT_BLOQUE_58_UL/Cell:eNodeB Function Name=SUC_PUT_BLOQUE_58_L, Local Cell ID=8, Cell Name=SUC_PUT_BLOQUE_58_APT_8, eNodeB ID=43214, Cell FDD TDD indication=CELL_FDD",Reliable,1725.498,152.988
2026-04-10 22:00,60,"SUC_PUT_BLOQUE_58_UL/Cell:eNodeB Function Name=SUC_PUT_BLOQUE_58_L, Local Cell ID=7, Cell Name=SUC_PUT_BLOQUE_58_APT_7, eNodeB ID=43214, Cell FDD TDD indication=CELL_FDD",Reliable,7770.421,1054.117
2026-04-10 22:00,60,"PI_UIO_MONTESERRIN_UL/Cell:eNodeB Function Name=PI_UIO_MONTESERRINL21, Local Cell ID=3, Cell Name=PI_UIO_MONTESERRIN_3, eNodeB ID=44012, Cell FDD TDD indication=CELL_FDD",Reliable,281.492,17.322
2026-04-10 22:00,60,"PI_UIO_MONTESERRIN_UL/Cell:eNodeB Function Name=PI_UIO_MONTESERRINL21, Local Cell ID=1, Cell Name=PI_UIO_MONTESERRIN_1, eNodeB ID=44012, Cell FDD TDD indication=CELL_FDD",Reliable,53.311,5.404
2026-04-10 22:00,60,"PI_UIO_MONTESERRIN_UL/Cell:eNodeB Function Name=PI_UIO_MONTESERRINL21, Local Cell ID=2, Cell Name=PI_UIO_MONTESERRIN_2, eNodeB ID=44012, Cell FDD TDD indication=CELL_FDD",Reliable,707.524,69.711
2026-04-10 22:00,60,"PI_UIO_MONTESERRIN_UL/Cell:eNodeB Function Name=PI_UIO_MONTESERRINL21, Local Cell ID=7, Cell Name=PI_UIO_MONTESERRIN_APT_7, eNodeB ID=44012, Cell FDD TDD indication=CELL_FDD",Reliable,1144.017,56.173
2026-04-10 22:00,60,"PI_UIO_MONTESERRIN_UL/Cell:eNodeB Function Name=PI_UIO_MONTESERRINL21, Local Cell ID=8, Cell Name=PI_UIO_MONTESERRIN_APT_8, eNodeB ID=44012, Cell FDD TDD indication=CELL_FDD",Reliable,52.681,57.798
2026-04-10 22:00,60,"PIC_CHI_LA_CHORRERA_UL/Cell:eNodeB Function Name=PIC_CHI_LA_CHORRERA_L, Local Cell ID=13, Cell Name=PIC_CHI_LA_CHORRERA_L19_13, eNodeB ID=43307, Cell FDD TDD indication=CELL_FDD",Reliable,281.561,26.369
2026-04-10 22:00,60,"PIC_CHI_LA_CHORRERA_UL/Cell:eNodeB Function Name=PIC_CHI_LA_CHORRERA_L, Local Cell ID=12, Cell Name=PIC_CHI_LA_CHORRERA_L19_12, eNodeB ID=43307, Cell FDD TDD indication=CELL_FDD",Reliable,718.061,52.3
2026-04-10 22:00,60,"PIC_CHI_LA_CHORRERA_UL/Cell:eNodeB Function Name=PIC_CHI_LA_CHORRERA_L, Local Cell ID=11, Cell Name=PIC_CHI_LA_CHORRERA_L19_11, eNodeB ID=43307, Cell FDD TDD indication=CELL_FDD",Reliable,141.843,10.555
2026-04-10 22:00,60,"PIC_CHI_LA_CHORRERA_UL/Cell:eNodeB Function Name=PIC_CHI_LA_CHORRERA_L, Local Cell ID=9, Cell Name=PIC_CHI_LA_CHORRERA_L7_9, eNodeB ID=43307, Cell FDD TDD indication=CELL_FDD",Reliable,1225.575,92.759
2026-04-10 22:00,60,"PIC_CHI_LA_CHORRERA_UL/Cell:eNodeB Function Name=PIC_CHI_LA_CHORRERA_L, Local Cell ID=8, Cell Name=PIC_CHI_LA_CHORRERA_L7_8, eNodeB ID=43307, Cell FDD TDD indication=CELL_FDD",Reliable,858.207,72.373
2026-04-10 22:00,60,"PIC_CHI_LA_CHORRERA_UL/Cell:eNodeB Function Name=PIC_CHI_LA_CHORRERA_L, Local Cell ID=7, Cell Name=PIC_CHI_LA_CHORRERA_L7_7, eNodeB ID=43307, Cell FDD TDD indication=CELL_FDD",Reliable,1661.717,48.65
2026-04-10 22:00,60,"SUC_LAG_VIA_A_COLOMBIA_UL/Cell:eNodeB Function Name=SUC_LAG_VIA_A_COLOMBIA_L, Local Cell ID=9, Cell Name=SUC_LAG_VIA_A_COLOMBIA_APT_9, eNodeB ID=43313, Cell FDD TDD indication=CELL_FDD",Reliable,1825.512,118.811
2026-04-10 22:00,60,"SUC_LAG_VIA_A_COLOMBIA_UL/Cell:eNodeB Function Name=SUC_LAG_VIA_A_COLOMBIA_L, Local Cell ID=8, Cell Name=SUC_LAG_VIA_A_COLOMBIA_APT_8, eNodeB ID=43313, Cell FDD TDD indication=CELL_FDD",Reliable,2242.932,343.71
2026-04-10 22:00,60,"SUC_LAG_VIA_A_COLOMBIA_UL/Cell:eNodeB Function Name=SUC_LAG_VIA_A_COLOMBIA_L, Local Cell ID=7, Cell Name=SUC_LAG_VIA_A_COLOMBIA_APT_7, eNodeB ID=43313, Cell FDD TDD indication=CELL_FDD",Reliable,2369.826,161.315
2026-04-10 22:00,60,"PIC_CAY_JUAN_MONTALVO_UL/Cell:eNodeB Function Name=PIC_CAY_JUAN_MONTALVO_L, Local Cell ID=9, Cell Name=PIC_CAY_JUAN_MONTALVO_L7_9, eNodeB ID=43306, Cell FDD TDD indication=CELL_FDD",Reliable,3214,336.883
2026-04-10 22:00,60,"PIC_CAY_JUAN_MONTALVO_UL/Cell:eNodeB Function Name=PIC_CAY_JUAN_MONTALVO_L, Local Cell ID=8, Cell Name=PIC_CAY_JUAN_MONTALVO_L7_8, eNodeB ID=43306, Cell FDD TDD indication=CELL_FDD",Reliable,2886.72,173.874
2026-04-10 22:00,60,"PIC_CAY_JUAN_MONTALVO_UL/Cell:eNodeB Function Name=PIC_CAY_JUAN_MONTALVO_L, Local Cell ID=7, Cell Name=PIC_CAY_JUAN_MONTALVO_L7_7, eNodeB ID=43306, Cell FDD TDD indication=CELL_FDD",Reliable,4428.481,403.076
2026-04-10 22:00,60,"PIC_MAC_FUERTE_MIL_ATAHUALPA_UL/Cell:eNodeB Function Name=PIC_MAC_FUERTE_MIL_ATAHUALPA_L, Local Cell ID=9, Cell Name=PIC_MAC_FUERTE_MIL_ATAHUALPA_L7_9, eNodeB ID=43309, Cell FDD TDD indication=CELL_FDD",Reliable,8474.718,1275.722
2026-04-10 22:00,60,"PIC_MAC_FUERTE_MIL_ATAHUALPA_UL/Cell:eNodeB Function Name=PIC_MAC_FUERTE_MIL_ATAHUALPA_L, Local Cell ID=8, Cell Name=PIC_MAC_FUERTE_MIL_ATAHUALPA_L7_8, eNodeB ID=43309, Cell FDD TDD indication=CELL_FDD",Reliable,189.288,25.816
2026-04-10 22:00,60,"PIC_MAC_FUERTE_MIL_ATAHUALPA_UL/Cell:eNodeB Function Name=PIC_MAC_FUERTE_MIL_ATAHUALPA_L, Local Cell ID=7, Cell Name=PIC_MAC_FUERTE_MIL_ATAHUALPA_L7_7, eNodeB ID=43309, Cell FDD TDD indication=CELL_FDD",Reliable,36.892,9.773
2026-04-10 22:00,60,"PAS_PUY_VIA_A_MACAS_UL/Cell:eNodeB Function Name=PAS_PUY_VIA_A_MACAS_L, Local Cell ID=9, Cell Name=PAS_PUY_VIA_A_MACAS_L7_9, eNodeB ID=43284, Cell FDD TDD indication=CELL_FDD",Reliable,3710.658,341.288
2026-04-10 22:00,60,"PAS_PUY_VIA_A_MACAS_UL/Cell:eNodeB Function Name=PAS_PUY_VIA_A_MACAS_L, Local Cell ID=8, Cell Name=PAS_PUY_VIA_A_MACAS_L7_8, eNodeB ID=43284, Cell FDD TDD indication=CELL_FDD",Reliable,968.355,113.215
2026-04-10 22:00,60,"PAS_PUY_VIA_A_MACAS_UL/Cell:eNodeB Function Name=PAS_PUY_VIA_A_MACAS_L, Local Cell ID=7, Cell Name=PAS_PUY_VIA_A_MACAS_L7_7, eNodeB ID=43284, Cell FDD TDD indication=CELL_FDD",Reliable,2513.057,165.902
2026-04-10 22:00,60,"PIC_CHI_SAN_NICOLASL7/Cell:eNodeB Function Name=PIC_CHI_SAN_NICOLASL7, Local Cell ID=9, Cell Name=PIC_CHI_SAN_NICOLAS_L7_9, eNodeB ID=43100, Cell FDD TDD indication=CELL_FDD",Reliable,318.442,29.529
2026-04-10 22:00,60,"PIC_CHI_SAN_NICOLASL7/Cell:eNodeB Function Name=PIC_CHI_SAN_NICOLASL7, Local Cell ID=8, Cell Name=PIC_CHI_SAN_NICOLAS_L7_8, eNodeB ID=43100, Cell FDD TDD indication=CELL_FDD",Reliable,295.843,79.042
2026-04-10 22:00,60,"PIC_CHI_SAN_NICOLASL7/Cell:eNodeB Function Name=PIC_CHI_SAN_NICOLASL7, Local Cell ID=7, Cell Name=PIC_CHI_SAN_NICOLAS_L7_7, eNodeB ID=43100, Cell FDD TDD indication=CELL_FDD",Reliable,616.205,65.937
2026-04-10 22:00,60,"COT_LAT_BYPASS_UL/Cell:eNodeB Function Name=COT_LAT_BYPASS_L, Local Cell ID=9, Cell Name=COT_LAT_BYPASS_L7_9, eNodeB ID=43302, Cell FDD TDD indication=CELL_FDD",Reliable,2664.23,382.362
2026-04-10 22:00,60,"COT_LAT_BYPASS_UL/Cell:eNodeB Function Name=COT_LAT_BYPASS_L, Local Cell ID=8, Cell Name=COT_LAT_BYPASS_L7_8, eNodeB ID=43302, Cell FDD TDD indication=CELL_FDD",Reliable,293.845,32.428
2026-04-10 22:00,60,"COT_LAT_BYPASS_UL/Cell:eNodeB Function Name=COT_LAT_BYPASS_L, Local Cell ID=7, Cell Name=COT_LAT_BYPASS_L7_7, eNodeB ID=43302, Cell FDD TDD indication=CELL_FDD",Reliable,1267.513,119.238
2026-04-10 22:00,60,"COT_LAT_CHAN_CHICO_UL/Cell:eNodeB Function Name=COT_LAT_CHAN_CHICO_L, Local Cell ID=9, Cell Name=COT_LAT_CHAN_CHICO_L7_9, eNodeB ID=43294, Cell FDD TDD indication=CELL_FDD",Reliable,4261.385,110.917
2026-04-10 22:00,60,"COT_LAT_CHAN_CHICO_UL/Cell:eNodeB Function Name=COT_LAT_CHAN_CHICO_L, Local Cell ID=8, Cell Name=COT_LAT_CHAN_CHICO_L7_8, eNodeB ID=43294, Cell FDD TDD indication=CELL_FDD",Reliable,36.997,9.282
2026-04-10 22:00,60,"COT_LAT_CHAN_CHICO_UL/Cell:eNodeB Function Name=COT_LAT_CHAN_CHICO_L, Local Cell ID=7, Cell Name=COT_LAT_CHAN_CHICO_L7_7, eNodeB ID=43294, Cell FDD TDD indication=CELL_FDD",Reliable,5894.848,313.015
2026-04-10 22:00,60,"IMB_IBA_MIN_LABOL7/Cell:eNodeB Function Name=IMB_IBA_MIN_LABOL7, Local Cell ID=9, Cell Name=IMB_IBA_MIN_LABO_L7_9, eNodeB ID=43532, Cell FDD TDD indication=CELL_FDD",Reliable,3199.293,255.736
2026-04-10 22:00,60,"IMB_IBA_MIN_LABOL7/Cell:eNodeB Function Name=IMB_IBA_MIN_LABOL7, Local Cell ID=8, Cell Name=IMB_IBA_MIN_LABO_L7_8, eNodeB ID=43532, Cell FDD TDD indication=CELL_FDD",Reliable,3005.657,455.34
2026-04-10 22:00,60,"IMB_IBA_MIN_LABOL7/Cell:eNodeB Function Name=IMB_IBA_MIN_LABOL7, Local Cell ID=7, Cell Name=IMB_IBA_MIN_LABO_L7_7, eNodeB ID=43532, Cell FDD TDD indication=CELL_FDD",Reliable,1610.391,143.938
2026-04-10 22:00,60,"PIC_CHI_SANTA_ISABEL_UL/Cell:eNodeB Function Name=PIC_CHI_SANTA_ISABEL_L, Local Cell ID=13, Cell Name=PIC_CHI_SANTA_ISABEL_L19_13, eNodeB ID=43320, Cell FDD TDD indication=CELL_FDD",Reliable,1.386,0.709
2026-04-10 22:00,60,"PIC_CHI_SANTA_ISABEL_UL/Cell:eNodeB Function Name=PIC_CHI_SANTA_ISABEL_L, Local Cell ID=12, Cell Name=PIC_CHI_SANTA_ISABEL_L19_12, eNodeB ID=43320, Cell FDD TDD indication=CELL_FDD",Reliable,1325.938,160.516
2026-04-10 22:00,60,"PIC_CHI_SANTA_ISABEL_UL/Cell:eNodeB Function Name=PIC_CHI_SANTA_ISABEL_L, Local Cell ID=11, Cell Name=PIC_CHI_SANTA_ISABEL_L19_11, eNodeB ID=43320, Cell FDD TDD indication=CELL_FDD",Reliable,1445.114,129.312
2026-04-10 22:00,60,"PIC_CHI_SANTA_ISABEL_UL/Cell:eNodeB Function Name=PIC_CHI_SANTA_ISABEL_L, Local Cell ID=8, Cell Name=PIC_CHI_SANTA_ISABEL_L7_8, eNodeB ID=43320, Cell FDD TDD indication=CELL_FDD",Reliable,5756.837,498.936
2026-04-10 22:00,60,"PIC_CHI_SANTA_ISABEL_UL/Cell:eNodeB Function Name=PIC_CHI_SANTA_ISABEL_L, Local Cell ID=7, Cell Name=PIC_CHI_SANTA_ISABEL_L7_7, eNodeB ID=43320, Cell FDD TDD indication=CELL_FDD",Reliable,3566.73,536.162
2026-04-10 22:00,60,"IMB_SJQ_CEMENTO_SELVA_ALEGRE_UL/Cell:eNodeB Function Name=IMB_SJQ_CEMENTO_SELVA_ALEGRE_L, Local Cell ID=8, Cell Name=IMB_SJQ_CEMENTO_SELVA_ALEGRE_L7_8, eNodeB ID=43315, Cell FDD TDD indication=CELL_FDD",Reliable,867.54,62.214
2026-04-10 22:00,60,"IMB_SJQ_CEMENTO_SELVA_ALEGRE_UL/Cell:eNodeB Function Name=IMB_SJQ_CEMENTO_SELVA_ALEGRE_L, Local Cell ID=7, Cell Name=IMB_SJQ_CEMENTO_SELVA_ALEGRE_L7_7, eNodeB ID=43315, Cell FDD TDD indication=CELL_FDD",Reliable,1071.809,135.378
2026-04-10 22:00,60,"PIC_UIO_SANTA_ROSA_UL/Cell:eNodeB Function Name=PIC_UIO_SANTA_ROSA_L, Local Cell ID=9, Cell Name=PIC_UIO_SANTA_ROSA_L7_9, eNodeB ID=43298, Cell FDD TDD indication=CELL_FDD",Reliable,846.147,100.978
2026-04-10 22:00,60,"PIC_UIO_SANTA_ROSA_UL/Cell:eNodeB Function Name=PIC_UIO_SANTA_ROSA_L, Local Cell ID=8, Cell Name=PIC_UIO_SANTA_ROSA_L7_8, eNodeB ID=43298, Cell FDD TDD indication=CELL_FDD",Reliable,940.73,77.081
2026-04-10 22:00,60,"PIC_UIO_SANTA_ROSA_UL/Cell:eNodeB Function Name=PIC_UIO_SANTA_ROSA_L, Local Cell ID=7, Cell Name=PIC_UIO_SANTA_ROSA_L7_7, eNodeB ID=43298, Cell FDD TDD indication=CELL_FDD",Reliable,1196.875,253.096
2026-04-10 22:00,60,"CAR_BOL_CABRAS_UL/Cell:eNodeB Function Name=CAR_BOL_CABRAS_L, Local Cell ID=9, Cell Name=CAR_BOL_CABRAS_L7_9, eNodeB ID=43303, Cell FDD TDD indication=CELL_FDD",Reliable,3717.329,1004.731
2026-04-10 22:00,60,"CAR_BOL_CABRAS_UL/Cell:eNodeB Function Name=CAR_BOL_CABRAS_L, Local Cell ID=8, Cell Name=CAR_BOL_CABRAS_L7_8, eNodeB ID=43303, Cell FDD TDD indication=CELL_FDD",Reliable,4947.994,1222.813
2026-04-10 22:00,60,"CAR_BOL_CABRAS_UL/Cell:eNodeB Function Name=CAR_BOL_CABRAS_L, Local Cell ID=7, Cell Name=CAR_BOL_CABRAS_L7_7, eNodeB ID=43303, Cell FDD TDD indication=CELL_FDD",Reliable,1463.11,101.787
2026-04-10 22:00,60,"NAP_TEN_NORTE_UL/Cell:eNodeB Function Name=NAP_TEN_NORTE_L, Local Cell ID=9, Cell Name=NAP_TEN_NORTE_L7_9, eNodeB ID=43295, Cell FDD TDD indication=CELL_FDD",Reliable,999.413,98.598
2026-04-10 22:00,60,"NAP_TEN_NORTE_UL/Cell:eNodeB Function Name=NAP_TEN_NORTE_L, Local Cell ID=8, Cell Name=NAP_TEN_NORTE_L7_8, eNodeB ID=43295, Cell FDD TDD indication=CELL_FDD",Reliable,3896.273,321.021
2026-04-10 22:00,60,"NAP_TEN_NORTE_UL/Cell:eNodeB Function Name=NAP_TEN_NORTE_L, Local Cell ID=7, Cell Name=NAP_TEN_NORTE_L7_7, eNodeB ID=43295, Cell FDD TDD indication=CELL_FDD",Reliable,4873.704,487.98
2026-04-10 22:00,60,"PIC_UIO_ORIENTE_QUITENOL7/Cell:eNodeB Function Name=PIC_UIO_ORIENTE_QUITENOL7, Local Cell ID=9, Cell Name=PIC_UIO_ORIENTE_QUITENO_L7_9, eNodeB ID=43312, Cell FDD TDD indication=CELL_FDD",Reliable,35.564,17.151
2026-04-10 22:00,60,"PIC_UIO_ORIENTE_QUITENOL7/Cell:eNodeB Function Name=PIC_UIO_ORIENTE_QUITENOL7, Local Cell ID=8, Cell Name=PIC_UIO_ORIENTE_QUITENO_L7_8, eNodeB ID=43312, Cell FDD TDD indication=CELL_FDD",Reliable,199.481,17.766
2026-04-10 22:00,60,"PIC_UIO_ORIENTE_QUITENOL7/Cell:eNodeB Function Name=PIC_UIO_ORIENTE_QUITENOL7, Local Cell ID=7, Cell Name=PIC_UIO_ORIENTE_QUITENO_L7_7, eNodeB ID=43312, Cell FDD TDD indication=CELL_FDD",Reliable,3305.028,247.179
2026-04-10 22:00,60,"PIC_YAR_OTON_UL/Cell:eNodeB Function Name=PIC_YAR_OTON_L, Local Cell ID=9, Cell Name=PIC_YAR_OTON_L7_9, eNodeB ID=43318, Cell FDD TDD indication=CELL_FDD",Reliable,1008.167,118.146
2026-04-10 22:00,60,"PIC_YAR_OTON_UL/Cell:eNodeB Function Name=PIC_YAR_OTON_L, Local Cell ID=8, Cell Name=PIC_YAR_OTON_L7_8, eNodeB ID=43318, Cell FDD TDD indication=CELL_FDD",Reliable,3199.268,311.521
2026-04-10 22:00,60,"PIC_YAR_OTON_UL/Cell:eNodeB Function Name=PIC_YAR_OTON_L, Local Cell ID=7, Cell Name=PIC_YAR_OTON_L7_7, eNodeB ID=43318, Cell FDD TDD indication=CELL_FDD",Reliable,521.856,52.502
2026-04-10 22:00,60,"STD_CON_CONCORDIA_NORTEL7/Cell:eNodeB Function Name=STD_CON_CONCORDIA_NORTEL7, Local Cell ID=9, Cell Name=STD_CON_CONCORDIA_NORTE_L7_9, eNodeB ID=43102, Cell FDD TDD indication=CELL_FDD",Reliable,825.165,76.808
2026-04-10 22:00,60,"STD_CON_CONCORDIA_NORTEL7/Cell:eNodeB Function Name=STD_CON_CONCORDIA_NORTEL7, Local Cell ID=8, Cell Name=STD_CON_CONCORDIA_NORTE_L7_8, eNodeB ID=43102, Cell FDD TDD indication=CELL_FDD",Reliable,169.501,172.221
2026-04-10 22:00,60,"STD_CON_CONCORDIA_NORTEL7/Cell:eNodeB Function Name=STD_CON_CONCORDIA_NORTEL7, Local Cell ID=7, Cell Name=STD_CON_CONCORDIA_NORTE_L7_7, eNodeB ID=43102, Cell FDD TDD indication=CELL_FDD",Reliable,197.909,43.488
2026-04-10 22:00,60,"PIC_CHI_SANTA_TERESITA_DEL_VALLE_UL/Cell:eNodeB Function Name=PIC_CHI_SANTA_TERESITA_DEL_VALLE_L, Local Cell ID=13, Cell Name=PIC_CHI_SANTA_TERESITA_DEL_VALLE_L19_13, eNodeB ID=43308, Cell FDD TDD indication=CELL_FDD",Reliable,235.574,16.831
2026-04-10 22:00,60,"PIC_CHI_SANTA_TERESITA_DEL_VALLE_UL/Cell:eNodeB Function Name=PIC_CHI_SANTA_TERESITA_DEL_VALLE_L, Local Cell ID=12, Cell Name=PIC_CHI_SANTA_TERESITA_DEL_VALLE_L19_12, eNodeB ID=43308, Cell FDD TDD indication=CELL_FDD",Reliable,64.225,11.633
2026-04-10 22:00,60,"PIC_CHI_SANTA_TERESITA_DEL_VALLE_UL/Cell:eNodeB Function Name=PIC_CHI_SANTA_TERESITA_DEL_VALLE_L, Local Cell ID=11, Cell Name=PIC_CHI_SANTA_TERESITA_DEL_VALLE_L19_11, eNodeB ID=43308, Cell FDD TDD indication=CELL_FDD",Reliable,1458.734,149.592
2026-04-10 22:00,60,"PIC_CHI_SANTA_TERESITA_DEL_VALLE_UL/Cell:eNodeB Function Name=PIC_CHI_SANTA_TERESITA_DEL_VALLE_L, Local Cell ID=9, Cell Name=PIC_CHI_SANTA_TERESITA_DEL_VALLE_L7_9, eNodeB ID=43308, Cell FDD TDD indication=CELL_FDD",Reliable,851.929,93.016
2026-04-10 22:00,60,"PIC_CHI_SANTA_TERESITA_DEL_VALLE_UL/Cell:eNodeB Function Name=PIC_CHI_SANTA_TERESITA_DEL_VALLE_L, Local Cell ID=8, Cell Name=PIC_CHI_SANTA_TERESITA_DEL_VALLE_L7_8, eNodeB ID=43308, Cell FDD TDD indication=CELL_FDD",Reliable,4035.588,354.556
2026-04-10 22:00,60,"PIC_CHI_SANTA_TERESITA_DEL_VALLE_UL/Cell:eNodeB Function Name=PIC_CHI_SANTA_TERESITA_DEL_VALLE_L, Local Cell ID=7, Cell Name=PIC_CHI_SANTA_TERESITA_DEL_VALLE_L7_7, eNodeB ID=43308, Cell FDD TDD indication=CELL_FDD",Reliable,157.516,70.962
2026-04-10 22:00,60,"PIC_TAB_TABACUNDO_OESTEL7/Cell:eNodeB Function Name=PIC_TAB_TABACUNDO_OESTEL7, Local Cell ID=9, Cell Name=PIC_TAB_TABACUNDO_OESTE_L7_9, eNodeB ID=43291, Cell FDD TDD indication=CELL_FDD",Reliable,1032.116,89.082
2026-04-10 22:00,60,"PIC_TAB_TABACUNDO_OESTEL7/Cell:eNodeB Function Name=PIC_TAB_TABACUNDO_OESTEL7, Local Cell ID=8, Cell Name=PIC_TAB_TABACUNDO_OESTE_L7_8, eNodeB ID=43291, Cell FDD TDD indication=CELL_FDD",Reliable,960.215,83.415
2026-04-10 22:00,60,"PIC_TAB_TABACUNDO_OESTEL7/Cell:eNodeB Function Name=PIC_TAB_TABACUNDO_OESTEL7, Local Cell ID=7, Cell Name=PIC_TAB_TABACUNDO_OESTE_L7_7, eNodeB ID=43291, Cell FDD TDD indication=CELL_FDD",Reliable,1472.096,108.661
2026-04-10 22:00,60,"PIC_UIO_COOP_COMITE_UL/Cell:eNodeB Function Name=PIC_UIO_COOP_COMITE_L, Local Cell ID=9, Cell Name=PIC_UIO_COOP_COMITE_L7_9, eNodeB ID=43310, Cell FDD TDD indication=CELL_FDD",Reliable,1873.338,198.482
2026-04-10 22:00,60,"PIC_UIO_COOP_COMITE_UL/Cell:eNodeB Function Name=PIC_UIO_COOP_COMITE_L, Local Cell ID=8, Cell Name=PIC_UIO_COOP_COMITE_L7_8, eNodeB ID=43310, Cell FDD TDD indication=CELL_FDD",Reliable,1659.337,106.11
2026-04-10 22:00,60,"PIC_UIO_COOP_COMITE_UL/Cell:eNodeB Function Name=PIC_UIO_COOP_COMITE_L, Local Cell ID=7, Cell Name=PIC_UIO_COOP_COMITE_L7_7, eNodeB ID=43310, Cell FDD TDD indication=CELL_FDD",Reliable,3227.858,345.222
2026-04-10 22:00,60,"TUN_QUE_YANAYACU_UL/Cell:eNodeB Function Name=TUN_QUE_YANAYACU_L, Local Cell ID=8, Cell Name=TUN_QUE_YANAYACU_L7_8, eNodeB ID=43323, Cell FDD TDD indication=CELL_FDD",Reliable,866.352,74.894
2026-04-10 22:00,60,"TUN_QUE_YANAYACU_UL/Cell:eNodeB Function Name=TUN_QUE_YANAYACU_L, Local Cell ID=7, Cell Name=TUN_QUE_YANAYACU_L7_7, eNodeB ID=43323, Cell FDD TDD indication=CELL_FDD",Reliable,4756.091,367.301
2026-04-10 22:00,60,"PIC_NAN_SAN_FRANCISCO_UL/Cell:eNodeB Function Name=PIC_NAN_SAN_FRANCISCO_L, Local Cell ID=9, Cell Name=PIC_NAN_SAN_FRANCISCO_L7_9, eNodeB ID=43317, Cell FDD TDD indication=CELL_FDD",Reliable,1191.492,82.046
2026-04-10 22:00,60,"PIC_NAN_SAN_FRANCISCO_UL/Cell:eNodeB Function Name=PIC_NAN_SAN_FRANCISCO_L, Local Cell ID=8, Cell Name=PIC_NAN_SAN_FRANCISCO_L7_8, eNodeB ID=43317, Cell FDD TDD indication=CELL_FDD",Reliable,1613.593,164.668
2026-04-10 22:00,60,"PIC_NAN_SAN_FRANCISCO_UL/Cell:eNodeB Function Name=PIC_NAN_SAN_FRANCISCO_L, Local Cell ID=7, Cell Name=PIC_NAN_SAN_FRANCISCO_L7_7, eNodeB ID=43317, Cell FDD TDD indication=CELL_FDD",Reliable,227.495,23.286
2026-04-10 22:00,60,"TUN_AMB_SOLCA_UL/Cell:eNodeB Function Name=TUN_AMB_SOLCA_L, Local Cell ID=9, Cell Name=TUN_AMB_SOLCA_L7_9, eNodeB ID=43285, Cell FDD TDD indication=CELL_FDD",Reliable,3368.99,213.674
2026-04-10 22:00,60,"TUN_AMB_SOLCA_UL/Cell:eNodeB Function Name=TUN_AMB_SOLCA_L, Local Cell ID=8, Cell Name=TUN_AMB_SOLCA_L7_8, eNodeB ID=43285, Cell FDD TDD indication=CELL_FDD",Reliable,5358.002,399.59
2026-04-10 22:00,60,"TUN_AMB_SOLCA_UL/Cell:eNodeB Function Name=TUN_AMB_SOLCA_L, Local Cell ID=7, Cell Name=TUN_AMB_SOLCA_L7_7, eNodeB ID=43285, Cell FDD TDD indication=CELL_FDD",Reliable,2540.052,243.637
2026-04-10 22:00,60,"TUN_AMB_HUACHI_BELEN_BAJO_UL/Cell:eNodeB Function Name=TUN_AMB_HUACHI_BELEN_BAJO_L, Local Cell ID=9, Cell Name=TUN_AMB_HUACHI_BELEN_BAJO_L7_9, eNodeB ID=43289, Cell FDD TDD indication=CELL_FDD",Reliable,4058.863,561.163
2026-04-10 22:00,60,"TUN_AMB_HUACHI_BELEN_BAJO_UL/Cell:eNodeB Function Name=TUN_AMB_HUACHI_BELEN_BAJO_L, Local Cell ID=8, Cell Name=TUN_AMB_HUACHI_BELEN_BAJO_L7_8, eNodeB ID=43289, Cell FDD TDD indication=CELL_FDD",Reliable,4177.493,704.103
2026-04-10 22:00,60,"TUN_AMB_HUACHI_BELEN_BAJO_UL/Cell:eNodeB Function Name=TUN_AMB_HUACHI_BELEN_BAJO_L, Local Cell ID=7, Cell Name=TUN_AMB_HUACHI_BELEN_BAJO_L7_7, eNodeB ID=43289, Cell FDD TDD indication=CELL_FDD",Reliable,4510.171,508.388
2026-04-10 22:00,60,"STD_VHE_ENTR_VALLE_HERMOSO_UL/Cell:eNodeB Function Name=STD_VHE_ENTR_VALLE_HERMOSO_L, Local Cell ID=9, Cell Name=STD_VHE_ENTR_VALLE_HERMOSO_L7_9, eNodeB ID=43292, Cell FDD TDD indication=CELL_FDD",Reliable,603.128,89.565
2026-04-10 22:00,60,"STD_VHE_ENTR_VALLE_HERMOSO_UL/Cell:eNodeB Function Name=STD_VHE_ENTR_VALLE_HERMOSO_L, Local Cell ID=8, Cell Name=STD_VHE_ENTR_VALLE_HERMOSO_L7_8, eNodeB ID=43292, Cell FDD TDD indication=CELL_FDD",Reliable,1738.201,313.186
2026-04-10 22:00,60,"STD_VHE_ENTR_VALLE_HERMOSO_UL/Cell:eNodeB Function Name=STD_VHE_ENTR_VALLE_HERMOSO_L, Local Cell ID=7, Cell Name=STD_VHE_ENTR_VALLE_HERMOSO_L7_7, eNodeB ID=43292, Cell FDD TDD indication=CELL_FDD",Reliable,1941.713,234.774
2026-04-10 22:00,60,"COT_MAN_ENTR_LA_MANA_UL/Cell:eNodeB Function Name=COT_MAN_ENTR_LA_MANA_L, Local Cell ID=9, Cell Name=COT_MAN_ENTR_LA_MANA_L7_9, eNodeB ID=43304, Cell FDD TDD indication=CELL_FDD",Reliable,1109.312,128.699
2026-04-10 22:00,60,"COT_MAN_ENTR_LA_MANA_UL/Cell:eNodeB Function Name=COT_MAN_ENTR_LA_MANA_L, Local Cell ID=8, Cell Name=COT_MAN_ENTR_LA_MANA_L7_8, eNodeB ID=43304, Cell FDD TDD indication=CELL_FDD",Reliable,4865.402,658.348
2026-04-10 22:00,60,"COT_MAN_ENTR_LA_MANA_UL/Cell:eNodeB Function Name=COT_MAN_ENTR_LA_MANA_L, Local Cell ID=7, Cell Name=COT_MAN_ENTR_LA_MANA_L7_7, eNodeB ID=43304, Cell FDD TDD indication=CELL_FDD",Reliable,0,0
2026-04-10 22:00,60,"L_GUA11152_LA_FLORIDA_OESTE/Cell:eNodeB Function Name=L_GUA11152_LA_FLORIDA_OESTE, Local Cell ID=9, Cell Name=L_GUA11152_LA_FLORIDA_OESTE_9, eNodeB ID=11152, Cell FDD TDD indication=CELL_FDD",Reliable,782.677,81.199
2026-04-10 22:00,60,"L_GUA11152_LA_FLORIDA_OESTE/Cell:eNodeB Function Name=L_GUA11152_LA_FLORIDA_OESTE, Local Cell ID=8, Cell Name=L_GUA11152_LA_FLORIDA_OESTE_8, eNodeB ID=11152, Cell FDD TDD indication=CELL_FDD",Reliable,894.712,186.074
2026-04-10 22:00,60,"L_GUA11152_LA_FLORIDA_OESTE/Cell:eNodeB Function Name=L_GUA11152_LA_FLORIDA_OESTE, Local Cell ID=7, Cell Name=L_GUA11152_LA_FLORIDA_OESTE_7, eNodeB ID=11152, Cell FDD TDD indication=CELL_FDD",Reliable,105.946,27.433
2026-04-10 22:00,60,"L_GUA11152_LA_FLORIDA_OESTE/Cell:eNodeB Function Name=L_GUA11152_LA_FLORIDA_OESTE, Local Cell ID=3, Cell Name=L_GUA11152_LA_FLORIDA_OESTE_3, eNodeB ID=11152, Cell FDD TDD indication=CELL_FDD",Reliable,1310.705,438.425
2026-04-10 22:00,60,"L_GUA11152_LA_FLORIDA_OESTE/Cell:eNodeB Function Name=L_GUA11152_LA_FLORIDA_OESTE, Local Cell ID=2, Cell Name=L_GUA11152_LA_FLORIDA_OESTE_2, eNodeB ID=11152, Cell FDD TDD indication=CELL_FDD",Reliable,553.051,60
2026-04-10 22:00,60,"L_GUA11152_LA_FLORIDA_OESTE/Cell:eNodeB Function Name=L_GUA11152_LA_FLORIDA_OESTE, Local Cell ID=1, Cell Name=L_GUA11152_LA_FLORIDA_OESTE_1, eNodeB ID=11152, Cell FDD TDD indication=CELL_FDD",Reliable,648.504,62.587
2026-04-10 22:00,60,"STD_CON_EASYMACRO_CONCORDIA_NORTE_UL/Cell:eNodeB Function Name=STD_CON_CONCORDIA_NORTE_L, Local Cell ID=2, Cell Name=STD_CON_EASYMACRO_CONCORDIA_NORTE_L21_2, eNodeB ID=43299, Cell FDD TDD indication=CELL_FDD",Reliable,1337.394,121.035
2026-04-10 22:00,60,"STD_CON_EASYMACRO_CONCORDIA_NORTE_UL/Cell:eNodeB Function Name=STD_CON_CONCORDIA_NORTE_L, Local Cell ID=1, Cell Name=STD_CON_EASYMACRO_CONCORDIA_NORTE_L21_1, eNodeB ID=43299, Cell FDD TDD indication=CELL_FDD",Reliable,536.184,32.784
2026-04-10 22:00,60,"PIC_CHI_EASYMACRO_SAN_NICOLAS_UL/Cell:eNodeB Function Name=PIC_CHI_EASYMACRO_SAN_NICOLAS, Local Cell ID=3, Cell Name=PIC_CHI_EASYMACRO_SAN_NICOLAS_L21_3, eNodeB ID=43288, Cell FDD TDD indication=CELL_FDD",Reliable,1338.006,137.035
2026-04-10 22:00,60,"PIC_CHI_EASYMACRO_SAN_NICOLAS_UL/Cell:eNodeB Function Name=PIC_CHI_EASYMACRO_SAN_NICOLAS, Local Cell ID=2, Cell Name=PIC_CHI_EASYMACRO_SAN_NICOLAS_L21_2, eNodeB ID=43288, Cell FDD TDD indication=CELL_FDD",Reliable,3859.641,78.638
2026-04-10 22:00,60,"PIC_CHI_EASYMACRO_SAN_NICOLAS_UL/Cell:eNodeB Function Name=PIC_CHI_EASYMACRO_SAN_NICOLAS, Local Cell ID=1, Cell Name=PIC_CHI_EASYMACRO_SAN_NICOLAS_L21_1, eNodeB ID=43288, Cell FDD TDD indication=CELL_FDD",Reliable,1068.908,85.033
2026-04-10 22:00,60,"PIC_UIO_MARCOPAMBA_UL/Cell:eNodeB Function Name=PIC_UIO_EASYMACRO_MARCOPAMBA_L, Local Cell ID=2, Cell Name=PIC_UIO_EASYMACRO_MARCOPAMBA_L21_2, eNodeB ID=43286, Cell FDD TDD indication=CELL_FDD",Reliable,1737.801,138.29
2026-04-10 22:00,60,"PIC_UIO_MARCOPAMBA_UL/Cell:eNodeB Function Name=PIC_UIO_EASYMACRO_MARCOPAMBA_L, Local Cell ID=1, Cell Name=PIC_UIO_EASYMACRO_MARCOPAMBA_L21_1, eNodeB ID=43286, Cell FDD TDD indication=CELL_FDD",Reliable,957.203,95.49
2026-04-10 22:00,60,"PIC_UIO_MARCOPAMBA_UL/Cell:eNodeB Function Name=PIC_UIO_EASYMACRO_MARCOPAMBA_L, Local Cell ID=8, Cell Name=PIC_UIO_MARCOPAMBA_L7_8, eNodeB ID=43286, Cell FDD TDD indication=CELL_FDD",Reliable,3071.608,258.822
2026-04-10 22:00,60,"PIC_UIO_MARCOPAMBA_UL/Cell:eNodeB Function Name=PIC_UIO_EASYMACRO_MARCOPAMBA_L, Local Cell ID=7, Cell Name=PIC_UIO_MARCOPAMBA_L7_7, eNodeB ID=43286, Cell FDD TDD indication=CELL_FDD",Reliable,2365.263,236.517
2026-04-10 22:00,60,"PIC_QUI_SAN_MIGUEL_ALTAPAMBA_UL/Cell:eNodeB Function Name=PIC_QUI_SAN_MIGUEL_ALTAPAMBA_L, Local Cell ID=9, Cell Name=PIC_QUI_SAN_MIGUEL_ALTAPAMBA_L7_9, eNodeB ID=43321, Cell FDD TDD indication=CELL_FDD",Reliable,705.024,112.351
2026-04-10 22:00,60,"PIC_QUI_SAN_MIGUEL_ALTAPAMBA_UL/Cell:eNodeB Function Name=PIC_QUI_SAN_MIGUEL_ALTAPAMBA_L, Local Cell ID=8, Cell Name=PIC_QUI_SAN_MIGUEL_ALTAPAMBA_L7_8, eNodeB ID=43321, Cell FDD TDD indication=CELL_FDD",Reliable,1257.049,313.121
2026-04-10 22:00,60,"PIC_QUI_SAN_MIGUEL_ALTAPAMBA_UL/Cell:eNodeB Function Name=PIC_QUI_SAN_MIGUEL_ALTAPAMBA_L, Local Cell ID=7, Cell Name=PIC_QUI_SAN_MIGUEL_ALTAPAMBA_L7_7, eNodeB ID=43321, Cell FDD TDD indication=CELL_FDD",Reliable,2144.014,194.023
2026-04-10 22:00,60,"ORE_COC_CAMP_PETROL_UL/Cell:eNodeB Function Name=ORE_COC_CAMP_PETROL_L, Local Cell ID=9, Cell Name=ORE_COC_CAMP_PETROL_L7_9, eNodeB ID=43305, Cell FDD TDD indication=CELL_FDD",Reliable,4923.254,461.575
2026-04-10 22:00,60,"ORE_COC_CAMP_PETROL_UL/Cell:eNodeB Function Name=ORE_COC_CAMP_PETROL_L, Local Cell ID=8, Cell Name=ORE_COC_CAMP_PETROL_L7_8, eNodeB ID=43305, Cell FDD TDD indication=CELL_FDD",Reliable,10807.091,1205.186
2026-04-10 22:00,60,"ORE_COC_CAMP_PETROL_UL/Cell:eNodeB Function Name=ORE_COC_CAMP_PETROL_L, Local Cell ID=7, Cell Name=ORE_COC_CAMP_PETROL_L7_7, eNodeB ID=43305, Cell FDD TDD indication=CELL_FDD",Reliable,7.651,0.367
2026-04-10 22:00,60,"ORE_DAY_PINDO_UL/Cell:eNodeB Function Name=ORE_DAY_PINDO_L, Local Cell ID=9, Cell Name=ORE_DAY_PINDO_L7_9, eNodeB ID=43300, Cell FDD TDD indication=CELL_FDD",Reliable,6634.309,762.432
2026-04-10 22:00,60,"ORE_DAY_PINDO_UL/Cell:eNodeB Function Name=ORE_DAY_PINDO_L, Local Cell ID=8, Cell Name=ORE_DAY_PINDO_L7_8, eNodeB ID=43300, Cell FDD TDD indication=CELL_FDD",Reliable,2727.972,454.694
2026-04-10 22:00,60,"ORE_DAY_PINDO_UL/Cell:eNodeB Function Name=ORE_DAY_PINDO_L, Local Cell ID=7, Cell Name=ORE_DAY_PINDO_L7_7, eNodeB ID=43300, Cell FDD TDD indication=CELL_FDD",Reliable,2187.665,165.174
2026-04-10 22:00,60,"PIC_PVM_ARASHA_UL/Cell:eNodeB Function Name=PIC_PVM_ARASHA_L, Local Cell ID=9, Cell Name=PIC_PVM_ARASHA_L7_9, eNodeB ID=43296, Cell FDD TDD indication=CELL_FDD",Reliable,1197.739,99.075
2026-04-10 22:00,60,"PIC_PVM_ARASHA_UL/Cell:eNodeB Function Name=PIC_PVM_ARASHA_L, Local Cell ID=8, Cell Name=PIC_PVM_ARASHA_L7_8, eNodeB ID=43296, Cell FDD TDD indication=CELL_FDD",Reliable,344.717,34.85
2026-04-10 22:00,60,"PIC_PVM_ARASHA_UL/Cell:eNodeB Function Name=PIC_PVM_ARASHA_L, Local Cell ID=7, Cell Name=PIC_PVM_ARASHA_L7_7, eNodeB ID=43296, Cell FDD TDD indication=CELL_FDD",Reliable,875.631,56.527
2026-04-10 22:00,60,"NAP_CHO_YURALPA_UL/Cell:eNodeB Function Name=NAP_CHO_YURALPA_L, Local Cell ID=7, Cell Name=NAP_CHO_YURALPA_L7_7, eNodeB ID=43293, Cell FDD TDD indication=CELL_FDD",Reliable,306.841,15.937
2026-04-10 22:00,60,"NAP_CHO_YURALPA_UL/Cell:eNodeB Function Name=NAP_CHO_YURALPA_L, Local Cell ID=8, Cell Name=NAP_CHO_YURALPA_L7_8, eNodeB ID=43293, Cell FDD TDD indication=CELL_FDD",Reliable,1111.129,132.984
2026-04-10 22:00,60,"NAP_CHO_YURALPA_UL/Cell:eNodeB Function Name=NAP_CHO_YURALPA_L, Local Cell ID=9, Cell Name=NAP_CHO_YURALPA_L7_9, eNodeB ID=43293, Cell FDD TDD indication=CELL_FDD",Reliable,302.657,27.098
2026-04-10 22:00,60,"PIC_GUA_REDONDEL_GUAYLLABAMBA_UL/Cell:eNodeB Function Name=PIC_GUA_REDONDEL_GUAYLLABAMBA_L, Local Cell ID=9, Cell Name=PIC_GUA_REDONDEL_GUAYLLABAMBA_L7_9, eNodeB ID=43319, Cell FDD TDD indication=CELL_FDD",Reliable,2718.294,376.734
2026-04-10 22:00,60,"PIC_GUA_REDONDEL_GUAYLLABAMBA_UL/Cell:eNodeB Function Name=PIC_GUA_REDONDEL_GUAYLLABAMBA_L, Local Cell ID=8, Cell Name=PIC_GUA_REDONDEL_GUAYLLABAMBA_L7_8, eNodeB ID=43319, Cell FDD TDD indication=CELL_FDD",Reliable,3197.729,568.932
2026-04-10 22:00,60,"PIC_GUA_REDONDEL_GUAYLLABAMBA_UL/Cell:eNodeB Function Name=PIC_GUA_REDONDEL_GUAYLLABAMBA_L, Local Cell ID=7, Cell Name=PIC_GUA_REDONDEL_GUAYLLABAMBA_L7_7, eNodeB ID=43319, Cell FDD TDD indication=CELL_FDD",Reliable,954.789,320.782
2026-04-10 22:00,60,"SUC_LIM_VICTORIA_UL/Cell:eNodeB Function Name=SUC_LIM_VICTORIA_L, Local Cell ID=9, Cell Name=SUC_LIM_VICTORIA_L7_9, eNodeB ID=43301, Cell FDD TDD indication=CELL_FDD",Reliable,1818.846,149.072
2026-04-10 22:00,60,"SUC_LIM_VICTORIA_UL/Cell:eNodeB Function Name=SUC_LIM_VICTORIA_L, Local Cell ID=8, Cell Name=SUC_LIM_VICTORIA_L7_8, eNodeB ID=43301, Cell FDD TDD indication=CELL_FDD",Reliable,3706.596,466.808
2026-04-10 22:00,60,"SUC_LIM_VICTORIA_UL/Cell:eNodeB Function Name=SUC_LIM_VICTORIA_L, Local Cell ID=7, Cell Name=SUC_LIM_VICTORIA_L7_7, eNodeB ID=43301, Cell FDD TDD indication=CELL_FDD",Reliable,2729.49,195.044
2026-04-10 22:00,60,"ESM_ESM_SAN_MATEO_UL/Cell:eNodeB Function Name=ESM_ESM_SAN_MATEO_L, Local Cell ID=9, Cell Name=ESM_ESM_SAN_MATEO_L7_9, eNodeB ID=43283, Cell FDD TDD indication=CELL_FDD",Reliable,264.175,59.086
2026-04-10 22:00,60,"ESM_ESM_SAN_MATEO_UL/Cell:eNodeB Function Name=ESM_ESM_SAN_MATEO_L, Local Cell ID=8, Cell Name=ESM_ESM_SAN_MATEO_L7_8, eNodeB ID=43283, Cell FDD TDD indication=CELL_FDD",Reliable,1934.605,273.315
2026-04-10 22:00,60,"ESM_ESM_SAN_MATEO_UL/Cell:eNodeB Function Name=ESM_ESM_SAN_MATEO_L, Local Cell ID=7, Cell Name=ESM_ESM_SAN_MATEO_L7_7, eNodeB ID=43283, Cell FDD TDD indication=CELL_FDD",Reliable,227.007,38.705
2026-04-10 22:00,60,"ESM_ESM_SANTA_CRUZ_UL/Cell:eNodeB Function Name=ESM_ESM_SANTA_CRUZ_L, Local Cell ID=9, Cell Name=ESM_ESM_SANTA_CRUZ_L7_9, eNodeB ID=43287, Cell FDD TDD indication=CELL_FDD",Reliable,510.896,70.904
2026-04-10 22:00,60,"ESM_ESM_SANTA_CRUZ_UL/Cell:eNodeB Function Name=ESM_ESM_SANTA_CRUZ_L, Local Cell ID=8, Cell Name=ESM_ESM_SANTA_CRUZ_L7_8, eNodeB ID=43287, Cell FDD TDD indication=CELL_FDD",Reliable,44.072,12.125
2026-04-10 22:00,60,"ESM_ESM_SANTA_CRUZ_UL/Cell:eNodeB Function Name=ESM_ESM_SANTA_CRUZ_L, Local Cell ID=7, Cell Name=ESM_ESM_SANTA_CRUZ_L7_7, eNodeB ID=43287, Cell FDD TDD indication=CELL_FDD",Reliable,333.54,106.077
2026-04-10 22:00,60,"ESM_MAL_MALIMPIA_UL/Cell:eNodeB Function Name=ESM_MAL_MALIMPIA_L, Local Cell ID=9, Cell Name=ESM_MAL_MALIMPIA_L7_9, eNodeB ID=43297, Cell FDD TDD indication=CELL_FDD",Reliable,2933.03,130.03
2026-04-10 22:00,60,"ESM_MAL_MALIMPIA_UL/Cell:eNodeB Function Name=ESM_MAL_MALIMPIA_L, Local Cell ID=8, Cell Name=ESM_MAL_MALIMPIA_L7_8, eNodeB ID=43297, Cell FDD TDD indication=CELL_FDD",Reliable,653.87,64.08
2026-04-10 22:00,60,"ESM_MAL_MALIMPIA_UL/Cell:eNodeB Function Name=ESM_MAL_MALIMPIA_L, Local Cell ID=7, Cell Name=ESM_MAL_MALIMPIA_L7_7, eNodeB ID=43297, Cell FDD TDD indication=CELL_FDD",Reliable,2721.372,582.799
2026-04-10 22:00,60,"ESM_SFR_EL_SALTO_UL/Cell:eNodeB Function Name=ESM_SFR_EL_SALTO_L, Local Cell ID=9, Cell Name=ESM_SFR_EL_SALTO_L7_9, eNodeB ID=43290, Cell FDD TDD indication=CELL_FDD",Reliable,5317.039,501.49
2026-04-10 22:00,60,"ESM_SFR_EL_SALTO_UL/Cell:eNodeB Function Name=ESM_SFR_EL_SALTO_L, Local Cell ID=8, Cell Name=ESM_SFR_EL_SALTO_L7_8, eNodeB ID=43290, Cell FDD TDD indication=CELL_FDD",Reliable,1195.854,162.987
2026-04-10 22:00,60,"ESM_SFR_EL_SALTO_UL/Cell:eNodeB Function Name=ESM_SFR_EL_SALTO_L, Local Cell ID=7, Cell Name=ESM_SFR_EL_SALTO_L7_7, eNodeB ID=43290, Cell FDD TDD indication=CELL_FDD",Reliable,2829.355,345.016
2026-04-10 22:00,60,"GAL_BEL_BELLAVISTA_UL/Cell:eNodeB Function Name=GAL_BEL_BELLAVISTA_L, Local Cell ID=9, Cell Name=GAL_BEL_BELLAVISTA_L7_9, eNodeB ID=43314, Cell FDD TDD indication=CELL_FDD",Reliable,2473.442,115.127
2026-04-10 22:00,60,"GAL_BEL_BELLAVISTA_UL/Cell:eNodeB Function Name=GAL_BEL_BELLAVISTA_L, Local Cell ID=8, Cell Name=GAL_BEL_BELLAVISTA_L7_8, eNodeB ID=43314, Cell FDD TDD indication=CELL_FDD",Reliable,6497.192,891.668
2026-04-10 22:00,60,"GAL_BEL_BELLAVISTA_UL/Cell:eNodeB Function Name=GAL_BEL_BELLAVISTA_L, Local Cell ID=7, Cell Name=GAL_BEL_BELLAVISTA_L7_7, eNodeB ID=43314, Cell FDD TDD indication=CELL_FDD",Reliable,443.082,48.264
2026-04-10 22:00,60,"PIC_SJM_ENTR_SAN_JOSE_MINAS_UL/Cell:eNodeB Function Name=PIC_SJM_ENTR_SAN_JOSE_MINAS_L, Local Cell ID=9, Cell Name=PIC_SJM_ENTR_SAN_JOSE_MINAS_L7_9, eNodeB ID=44225, Cell FDD TDD indication=CELL_FDD",Reliable,295.339,12.574
2026-04-10 22:00,60,"PIC_SJM_ENTR_SAN_JOSE_MINAS_UL/Cell:eNodeB Function Name=PIC_SJM_ENTR_SAN_JOSE_MINAS_L, Local Cell ID=8, Cell Name=PIC_SJM_ENTR_SAN_JOSE_MINAS_L7_8, eNodeB ID=44225, Cell FDD TDD indication=CELL_FDD",Reliable,2236.256,300.424
2026-04-10 22:00,60,"PIC_SJM_ENTR_SAN_JOSE_MINAS_UL/Cell:eNodeB Function Name=PIC_SJM_ENTR_SAN_JOSE_MINAS_L, Local Cell ID=7, Cell Name=PIC_SJM_ENTR_SAN_JOSE_MINAS_L7_7, eNodeB ID=44225, Cell FDD TDD indication=CELL_FDD",Reliable,1704.586,97.946
2026-04-10 22:00,60,"PIC_UIO_PARQUE_CUMANDAL7/Cell:eNodeB Function Name=PIC_UIO_PARQUE_CUMANDAL7, Local Cell ID=7, Cell Name=PIC_UIO_PARQUE_CUMANDA_L7_7, eNodeB ID=43208, Cell FDD TDD indication=CELL_FDD",Reliable,1182.224,97.198
2026-04-10 22:00,60,"PIC_UIO_PARQUE_CUMANDAL7/Cell:eNodeB Function Name=PIC_UIO_PARQUE_CUMANDAL7, Local Cell ID=8, Cell Name=PIC_UIO_PARQUE_CUMANDA_L7_8, eNodeB ID=43208, Cell FDD TDD indication=CELL_FDD",Reliable,691.94,38.218
2026-04-10 22:00,60,"PIC_UIO_PARQUE_CUMANDAL7/Cell:eNodeB Function Name=PIC_UIO_PARQUE_CUMANDAL7, Local Cell ID=9, Cell Name=PIC_UIO_PARQUE_CUMANDA_L7_9, eNodeB ID=43208, Cell FDD TDD indication=CELL_FDD",Reliable,637.269,131.565
2026-04-10 22:00,60,"SUC_SHU_SHUSHUFINDI_OESTE_UL/Cell:eNodeB Function Name=SUC_SHU_SHUSHUFINDI_OESTE_L, Local Cell ID=9, Cell Name=SUC_SHU_SUSHUFINDI_OESTE_L7_9, eNodeB ID=43322, Cell FDD TDD indication=CELL_FDD",Reliable,1463.019,117.317
2026-04-10 22:00,60,"SUC_SHU_SHUSHUFINDI_OESTE_UL/Cell:eNodeB Function Name=SUC_SHU_SHUSHUFINDI_OESTE_L, Local Cell ID=8, Cell Name=SUC_SHU_SUSHUFINDI_OESTE_L7_8, eNodeB ID=43322, Cell FDD TDD indication=CELL_FDD",Reliable,6529.559,1148.748
2026-04-10 22:00,60,"SUC_SHU_SHUSHUFINDI_OESTE_UL/Cell:eNodeB Function Name=SUC_SHU_SHUSHUFINDI_OESTE_L, Local Cell ID=7, Cell Name=SUC_SHU_SUSHUFINDI_OESTE_L7_7, eNodeB ID=43322, Cell FDD TDD indication=CELL_FDD",Reliable,7241.429,905.217
2026-04-10 22:00,60,"PIC_CHI_FAJARDO_UL/Cell:eNodeB Function Name=PIC_CHI_FAJARDO_L, Local Cell ID=9, Cell Name=PIC_CHI_FAJARDO_L7_9, eNodeB ID=44247, Cell FDD TDD indication=CELL_FDD",Reliable,3343.654,414.014
2026-04-10 22:00,60,"PIC_CHI_FAJARDO_UL/Cell:eNodeB Function Name=PIC_CHI_FAJARDO_L, Local Cell ID=8, Cell Name=PIC_CHI_FAJARDO_L7_8, eNodeB ID=44247, Cell FDD TDD indication=CELL_FDD",Reliable,3430.246,1673.076
2026-04-10 22:00,60,"PIC_CHI_FAJARDO_UL/Cell:eNodeB Function Name=PIC_CHI_FAJARDO_L, Local Cell ID=7, Cell Name=PIC_CHI_FAJARDO_L7_7, eNodeB ID=44247, Cell FDD TDD indication=CELL_FDD",Reliable,3128.358,243.321
2026-04-10 22:00,60,"ORE_LOR_LORETO_UL/Cell:eNodeB Function Name=ORE_LOR_LORETO_L, Local Cell ID=9, Cell Name=ORE_LOR_LORETO_L7_9, eNodeB ID=44866, Cell FDD TDD indication=CELL_FDD",Reliable,878.092,55.82
2026-04-10 22:00,60,"ORE_LOR_LORETO_UL/Cell:eNodeB Function Name=ORE_LOR_LORETO_L, Local Cell ID=8, Cell Name=ORE_LOR_LORETO_L7_8, eNodeB ID=44866, Cell FDD TDD indication=CELL_FDD",Reliable,1303.004,95.512
2026-04-10 22:00,60,"ORE_LOR_LORETO_UL/Cell:eNodeB Function Name=ORE_LOR_LORETO_L, Local Cell ID=7, Cell Name=ORE_LOR_LORETO_L7_7, eNodeB ID=44866, Cell FDD TDD indication=CELL_FDD",Reliable,3947.427,243.03
2026-04-10 22:00,60,"ORE_LOR_LORETO_UL/Cell:eNodeB Function Name=ORE_LOR_LORETO_L, Local Cell ID=10, Cell Name=ORE_LOR_LORETO_L7_10, eNodeB ID=44866, Cell FDD TDD indication=CELL_FDD",Reliable,2649.807,395.497
2026-04-10 22:00,60,"PIC_UIO_JOAQUIN_MANCHENO_UL/Cell:eNodeB Function Name=PIC_UIO_JOAQUIN_MANCHENO_L, Local Cell ID=9, Cell Name=PIC_UIO_JOAQUIN_MANCHENO_9, eNodeB ID=43622, Cell FDD TDD indication=CELL_FDD",Reliable,1647.114,120.419
2026-04-10 22:00,60,"PIC_UIO_JOAQUIN_MANCHENO_UL/Cell:eNodeB Function Name=PIC_UIO_JOAQUIN_MANCHENO_L, Local Cell ID=8, Cell Name=PIC_UIO_JOAQUIN_MANCHENO_8, eNodeB ID=43622, Cell FDD TDD indication=CELL_FDD",Reliable,689.702,73.227
2026-04-10 22:00,60,"PIC_UIO_JOAQUIN_MANCHENO_UL/Cell:eNodeB Function Name=PIC_UIO_JOAQUIN_MANCHENO_L, Local Cell ID=7, Cell Name=PIC_UIO_JOAQUIN_MANCHENO_7, eNodeB ID=43622, Cell FDD TDD indication=CELL_FDD",Reliable,4283.512,447.877
2026-04-10 22:00,60,"COT_PUJ_PUJILI_UL/Cell:eNodeB Function Name=COT_PUJ_PUJILI_L, Local Cell ID=9, Cell Name=COT_PUJ_PUJILI_L7_9, eNodeB ID=44680, Cell FDD TDD indication=CELL_FDD",Reliable,6835.356,460.791
2026-04-10 22:00,60,"COT_PUJ_PUJILI_UL/Cell:eNodeB Function Name=COT_PUJ_PUJILI_L, Local Cell ID=8, Cell Name=COT_PUJ_PUJILI_L7_8, eNodeB ID=44680, Cell FDD TDD indication=CELL_FDD",Reliable,3236.667,280.312
2026-04-10 22:00,60,"COT_PUJ_PUJILI_UL/Cell:eNodeB Function Name=COT_PUJ_PUJILI_L, Local Cell ID=7, Cell Name=COT_PUJ_PUJILI_L7_7, eNodeB ID=44680, Cell FDD TDD indication=CELL_FDD",Reliable,4836.678,533.899
2026-04-10 22:00,60,"TUN_AMB_HUACHI_BELEN_UL/Cell:eNodeB Function Name=TUN_AMB_HUACHI_BELEN_L, Local Cell ID=9, Cell Name=TUN_AMB_HUACHI_BELEN_L7_9, eNodeB ID=44488, Cell FDD TDD indication=CELL_FDD",Reliable,1894.322,577.98
2026-04-10 22:00,60,"TUN_AMB_HUACHI_BELEN_UL/Cell:eNodeB Function Name=TUN_AMB_HUACHI_BELEN_L, Local Cell ID=8, Cell Name=TUN_AMB_HUACHI_BELEN_L7_8, eNodeB ID=44488, Cell FDD TDD indication=CELL_FDD",Reliable,1216.93,120.296
2026-04-10 22:00,60,"TUN_AMB_HUACHI_BELEN_UL/Cell:eNodeB Function Name=TUN_AMB_HUACHI_BELEN_L, Local Cell ID=7, Cell Name=TUN_AMB_HUACHI_BELEN_L7_7, eNodeB ID=44488, Cell FDD TDD indication=CELL_FDD",Reliable,2133.605,411.317
2026-04-10 22:00,60,"PIC_UIO_MACARENA_UL/Cell:eNodeB Function Name=PIC_UIO_MACARENA_L, Local Cell ID=9, Cell Name=PIC_UIO_MACARENA_L7_9, eNodeB ID=44226, Cell FDD TDD indication=CELL_FDD",Reliable,5027.721,490.745
2026-04-10 22:00,60,"PIC_UIO_MACARENA_UL/Cell:eNodeB Function Name=PIC_UIO_MACARENA_L, Local Cell ID=8, Cell Name=PIC_UIO_MACARENA_L7_8, eNodeB ID=44226, Cell FDD TDD indication=CELL_FDD",Reliable,1911.041,192.113
2026-04-10 22:00,60,"PIC_UIO_MACARENA_UL/Cell:eNodeB Function Name=PIC_UIO_MACARENA_L, Local Cell ID=7, Cell Name=PIC_UIO_MACARENA_L7_7, eNodeB ID=44226, Cell FDD TDD indication=CELL_FDD",Reliable,1274.36,151.194
2026-04-10 22:00,60,"SUC_LAG_LAGO_SALIDA_UL/Cell:eNodeB Function Name=SUC_LAG_LAGO_SALIDA_L, Local Cell ID=9, Cell Name=SUC_LAG_LAGO_SALIDA_L7_9, eNodeB ID=43640, Cell FDD TDD indication=CELL_FDD",Reliable,3252.74,254.091
2026-04-10 22:00,60,"SUC_LAG_LAGO_SALIDA_UL/Cell:eNodeB Function Name=SUC_LAG_LAGO_SALIDA_L, Local Cell ID=8, Cell Name=SUC_LAG_LAGO_SALIDA_L7_8, eNodeB ID=43640, Cell FDD TDD indication=CELL_FDD",Reliable,1867.232,166.511
2026-04-10 22:00,60,"SUC_LAG_LAGO_SALIDA_UL/Cell:eNodeB Function Name=SUC_LAG_LAGO_SALIDA_L, Local Cell ID=7, Cell Name=SUC_LAG_LAGO_SALIDA_L7_7, eNodeB ID=43640, Cell FDD TDD indication=CELL_FDD",Reliable,4133.808,1062.889
2026-04-10 22:00,60,"SUC_LAG_SANTA_CECILIA_UL/Cell:eNodeB Function Name=SUC_LAG_SANTA_CECILIA_L, Local Cell ID=9, Cell Name=SUC_LAG_SANTA_CECILIA_L7_9, eNodeB ID=44827, Cell FDD TDD indication=CELL_FDD",Reliable,3520.697,426.832
2026-04-10 22:00,60,"SUC_LAG_SANTA_CECILIA_UL/Cell:eNodeB Function Name=SUC_LAG_SANTA_CECILIA_L, Local Cell ID=8, Cell Name=SUC_LAG_SANTA_CECILIA_L7_8, eNodeB ID=44827, Cell FDD TDD indication=CELL_FDD",Reliable,1266.305,166.372
2026-04-10 22:00,60,"SUC_LAG_SANTA_CECILIA_UL/Cell:eNodeB Function Name=SUC_LAG_SANTA_CECILIA_L, Local Cell ID=7, Cell Name=SUC_LAG_SANTA_CECILIA_L7_7, eNodeB ID=44827, Cell FDD TDD indication=CELL_FDD",Reliable,2078.954,182.671
2026-04-10 22:00,60,"PIC_UIO_109_UL (PARQUE_SUECIA)/Cell:eNodeB Function Name=PIC_UIO_PARQUE_SUECIA_L, Local Cell ID=7, Cell Name=PIC_UIO_PARQUE_SUECIA_APT_7, eNodeB ID=43552, Cell FDD TDD indication=CELL_FDD",Reliable,440.25,38.915
2026-04-10 22:00,60,"PIC_UIO_109_UL (PARQUE_SUECIA)/Cell:eNodeB Function Name=PIC_UIO_PARQUE_SUECIA_L, Local Cell ID=8, Cell Name=PIC_UIO_PARQUE_SUECIA_APT_8, eNodeB ID=43552, Cell FDD TDD indication=CELL_FDD",Reliable,372.988,46.103
2026-04-10 22:00,60,"COT_SIG_SIMAHURCO_UL/Cell:eNodeB Function Name=COT_SIG_SIMAHURCO_L, Local Cell ID=9, Cell Name=COT_SIG_SIMAHURCO_L7_9, eNodeB ID=44699, Cell FDD TDD indication=CELL_FDD",Reliable,4352.579,298.003
2026-04-10 22:00,60,"COT_SIG_SIMAHURCO_UL/Cell:eNodeB Function Name=COT_SIG_SIMAHURCO_L, Local Cell ID=8, Cell Name=COT_SIG_SIMAHURCO_L7_8, eNodeB ID=44699, Cell FDD TDD indication=CELL_FDD",Reliable,765.576,49.236
2026-04-10 22:00,60,"COT_SIG_SIMAHURCO_UL/Cell:eNodeB Function Name=COT_SIG_SIMAHURCO_L, Local Cell ID=7, Cell Name=COT_SIG_SIMAHURCO_L7_7, eNodeB ID=44699, Cell FDD TDD indication=CELL_FDD",Reliable,364.536,81.313
2026-04-10 22:00,60,"ORE_JOY_ENOKANQUI_UL/Cell:eNodeB Function Name=ORE_JOY_ENOKANQUI_L, Local Cell ID=9, Cell Name=ORE_JOY_ENOKANQUI_L7_9, eNodeB ID=44865, Cell FDD TDD indication=CELL_FDD",Reliable,801.916,91.822
2026-04-10 22:00,60,"ORE_JOY_ENOKANQUI_UL/Cell:eNodeB Function Name=ORE_JOY_ENOKANQUI_L, Local Cell ID=8, Cell Name=ORE_JOY_ENOKANQUI_L7_8, eNodeB ID=44865, Cell FDD TDD indication=CELL_FDD",Reliable,4091.434,225.671
2026-04-10 22:00,60,"ORE_JOY_ENOKANQUI_UL/Cell:eNodeB Function Name=ORE_JOY_ENOKANQUI_L, Local Cell ID=7, Cell Name=ORE_JOY_ENOKANQUI_L7_7, eNodeB ID=44865, Cell FDD TDD indication=CELL_FDD",Reliable,1214.629,135.082
2026-04-10 22:00,60,"CAR_TUL_TANQUES_DE_AGUA_UL/Cell:eNodeB Function Name=CAR_TUL_TANQUES_DE_AGUA_L, Local Cell ID=7, Cell Name=CAR_TUL_TANQUES_DE_AGUA_APT_7, eNodeB ID=44838, Cell FDD TDD indication=CELL_FDD",Reliable,2310.296,190.976
2026-04-10 22:00,60,"CAR_TUL_TANQUES_DE_AGUA_UL/Cell:eNodeB Function Name=CAR_TUL_TANQUES_DE_AGUA_L, Local Cell ID=8, Cell Name=CAR_TUL_TANQUES_DE_AGUA_APT_8, eNodeB ID=44838, Cell FDD TDD indication=CELL_FDD",Reliable,2655.741,293.01
2026-04-10 22:00,60,"CAR_TUL_TANQUES_DE_AGUA_UL/Cell:eNodeB Function Name=CAR_TUL_TANQUES_DE_AGUA_L, Local Cell ID=9, Cell Name=CAR_TUL_TANQUES_DE_AGUA_APT_9, eNodeB ID=44838, Cell FDD TDD indication=CELL_FDD",Reliable,2778.007,174.477
2026-04-10 22:00,60,"PIC_UIO_MIRALOMA_EL_INCA_UL/Cell:eNodeB Function Name=PIC_UIO_MIRALOMA_EL_INCA_L, Local Cell ID=8, Cell Name=PIC_UIO_MIRALOMA_EL_INCA_L7_8, eNodeB ID=44356, Cell FDD TDD indication=CELL_FDD",Reliable,1700.984,160.094
2026-04-10 22:00,60,"PIC_UIO_MIRALOMA_EL_INCA_UL/Cell:eNodeB Function Name=PIC_UIO_MIRALOMA_EL_INCA_L, Local Cell ID=7, Cell Name=PIC_UIO_MIRALOMA_EL_INCA_L7_7, eNodeB ID=44356, Cell FDD TDD indication=CELL_FDD",Reliable,5898.552,443.982
2026-04-10 22:00,60,"PI_UIO_CIPRESES_UL/Cell:eNodeB Function Name=PI_UIO_CIPRESESL21, Local Cell ID=1, Cell Name=PI_UIO_CIPRESES_1, eNodeB ID=44100, Cell FDD TDD indication=CELL_FDD",Reliable,165.158,22.904
2026-04-10 22:00,60,"PI_UIO_CIPRESES_UL/Cell:eNodeB Function Name=PI_UIO_CIPRESESL21, Local Cell ID=2, Cell Name=PI_UIO_CIPRESES_2, eNodeB ID=44100, Cell FDD TDD indication=CELL_FDD",Reliable,171.402,9.034
2026-04-10 22:00,60,"PIC_UIO_LOS_CABILDOS_ULN/Cell:eNodeB Function Name=PI_UIO_LOS_CABILDOSL21, Local Cell ID=1, Cell Name=PI_UIO_LOS_CABILDOS_1, eNodeB ID=44152, Cell FDD TDD indication=CELL_FDD",Reliable,388.082,29.744
2026-04-10 22:00,60,"PIC_UIO_LOS_CABILDOS_ULN/Cell:eNodeB Function Name=PI_UIO_LOS_CABILDOSL21, Local Cell ID=2, Cell Name=PI_UIO_LOS_CABILDOS_2, eNodeB ID=44152, Cell FDD TDD indication=CELL_FDD",Reliable,346.499,35.067
2026-04-10 22:00,60,"PI_UIO_LOS_TUNELES_UL/Cell:eNodeB Function Name=PI_UIO_LOS_TUNELESL21, Local Cell ID=1, Cell Name=PI_UIO_LOS_TUNELES_1, eNodeB ID=44153, Cell FDD TDD indication=CELL_FDD",Reliable,28.802,5.669
2026-04-10 22:00,60,"PI_UIO_LOS_TUNELES_UL/Cell:eNodeB Function Name=PI_UIO_LOS_TUNELESL21, Local Cell ID=2, Cell Name=PI_UIO_LOS_TUNELES_2, eNodeB ID=44153, Cell FDD TDD indication=CELL_FDD",Reliable,741.874,87.864
2026-04-10 22:00,60,"TU_AMB_COL_TEC_GUAYAQUIL_UL/Cell:eNodeB Function Name=TU_AMB_COL_TEC_GUAYAQUIL_L, Local Cell ID=3, Cell Name=TU_AMB_COL_TEC_GUAYAQUIL_3, eNodeB ID=44469, Cell FDD TDD indication=CELL_FDD",Reliable,473.743,22.007
2026-04-10 22:00,60,"TU_AMB_COL_TEC_GUAYAQUIL_UL/Cell:eNodeB Function Name=TU_AMB_COL_TEC_GUAYAQUIL_L, Local Cell ID=2, Cell Name=TU_AMB_COL_TEC_GUAYAQUIL_2, eNodeB ID=44469, Cell FDD TDD indication=CELL_FDD",Reliable,434.656,206.942
2026-04-10 22:00,60,"TU_AMB_COL_TEC_GUAYAQUIL_UL/Cell:eNodeB Function Name=TU_AMB_COL_TEC_GUAYAQUIL_L, Local Cell ID=1, Cell Name=TU_AMB_COL_TEC_GUAYAQUIL_1, eNodeB ID=44469, Cell FDD TDD indication=CELL_FDD",Reliable,722.199,72.724
2026-04-10 22:00,60,"AZU_CUE_HUAYNA_CAPAC_UL/Cell:eNodeB Function Name=AZU_CUE_HUAYNA_CAPAC_L, Local Cell ID=3, Cell Name=AZU_CUE_HUAYNA_CAPAC_L21_3, eNodeB ID=22149, Cell FDD TDD indication=CELL_FDD",Reliable,700.575,62.479
2026-04-10 22:00,60,"AZU_CUE_HUAYNA_CAPAC_UL/Cell:eNodeB Function Name=AZU_CUE_HUAYNA_CAPAC_L, Local Cell ID=2, Cell Name=AZU_CUE_HUAYNA_CAPAC_L21_2, eNodeB ID=22149, Cell FDD TDD indication=CELL_FDD",Reliable,1419.684,155.671
2026-04-10 22:00,60,"AZU_CUE_HUAYNA_CAPAC_UL/Cell:eNodeB Function Name=AZU_CUE_HUAYNA_CAPAC_L, Local Cell ID=1, Cell Name=AZU_CUE_HUAYNA_CAPAC_L21_1, eNodeB ID=22149, Cell FDD TDD indication=CELL_FDD",Reliable,1316.427,62.864
2026-04-10 22:00,60,"AZU_CUE_LA_SALLE_UL/Cell:eNodeB Function Name=AZU_CUE_LA_SALLE_L, Local Cell ID=9, Cell Name=AZU_CUE_LA_SALLE_L7_9, eNodeB ID=22168, Cell FDD TDD indication=CELL_FDD",Reliable,1664.494,589.955
2026-04-10 22:00,60,"AZU_CUE_LA_SALLE_UL/Cell:eNodeB Function Name=AZU_CUE_LA_SALLE_L, Local Cell ID=8, Cell Name=AZU_CUE_LA_SALLE_L7_8, eNodeB ID=22168, Cell FDD TDD indication=CELL_FDD",Reliable,899.123,57.768
2026-04-10 22:00,60,"AZU_CUE_LA_SALLE_UL/Cell:eNodeB Function Name=AZU_CUE_LA_SALLE_L, Local Cell ID=7, Cell Name=AZU_CUE_LA_SALLE_L7_7, eNodeB ID=22168, Cell FDD TDD indication=CELL_FDD",Reliable,3567.112,649.768
2026-04-10 22:00,60,"AZU_CUE_SOLCA_UL/Cell:eNodeB Function Name=AZU_CUE_SOLCA_L, Local Cell ID=9, Cell Name=AZU_CUE_SOLCA_L7_9, eNodeB ID=22131, Cell FDD TDD indication=CELL_FDD",Reliable,467.915,88.425
2026-04-10 22:00,60,"AZU_CUE_SOLCA_UL/Cell:eNodeB Function Name=AZU_CUE_SOLCA_L, Local Cell ID=8, Cell Name=AZU_CUE_SOLCA_L7_8, eNodeB ID=22131, Cell FDD TDD indication=CELL_FDD",Reliable,2072.565,384.893
2026-04-10 22:00,60,"AZU_CUE_SOLCA_UL/Cell:eNodeB Function Name=AZU_CUE_SOLCA_L, Local Cell ID=7, Cell Name=AZU_CUE_SOLCA_L7_7, eNodeB ID=22131, Cell FDD TDD indication=CELL_FDD",Reliable,1238.013,82.996
2026-04-10 22:00,60,"NAP_BAE_CUYUJA_UL/Cell:eNodeB Function Name=NAP_BAE_CUYUJA_L, Local Cell ID=8, Cell Name=NAP_BAE_CUYUJA_L7_8, eNodeB ID=44899, Cell FDD TDD indication=CELL_FDD",Reliable,719.158,39.527
2026-04-10 22:00,60,"NAP_BAE_CUYUJA_UL/Cell:eNodeB Function Name=NAP_BAE_CUYUJA_L, Local Cell ID=7, Cell Name=NAP_BAE_CUYUJA_L7_7, eNodeB ID=44899, Cell FDD TDD indication=CELL_FDD",Reliable,138.49,23.72
2026-04-10 22:00,60,"AZU_CUE_FATIMA_UL/Cell:eNodeB Function Name=AZU_CUE_FATIMA_L, Local Cell ID=3, Cell Name=AZU_CUE_FATIMA_L21_3, eNodeB ID=22132, Cell FDD TDD indication=CELL_FDD",Reliable,265.593,64.714
2026-04-10 22:00,60,"AZU_CUE_FATIMA_UL/Cell:eNodeB Function Name=AZU_CUE_FATIMA_L, Local Cell ID=2, Cell Name=AZU_CUE_FATIMA_L21_2, eNodeB ID=22132, Cell FDD TDD indication=CELL_FDD",Reliable,386.969,22.636
2026-04-10 22:00,60,"AZU_CUE_FATIMA_UL/Cell:eNodeB Function Name=AZU_CUE_FATIMA_L, Local Cell ID=1, Cell Name=AZU_CUE_FATIMA_L21_1, eNodeB ID=22132, Cell FDD TDD indication=CELL_FDD",Reliable,558.049,31.275
2026-04-10 22:00,60,"AZU_CUE_ORDONEZ_UL/Cell:eNodeB Function Name=AZU_CUE_ORDONEZ_L, Local Cell ID=9, Cell Name=AZU_CUE_ORDONEZ_L7_9, eNodeB ID=22216, Cell FDD TDD indication=CELL_FDD",Reliable,431.997,32.298
2026-04-10 22:00,60,"AZU_CUE_ORDONEZ_UL/Cell:eNodeB Function Name=AZU_CUE_ORDONEZ_L, Local Cell ID=8, Cell Name=AZU_CUE_ORDONEZ_L7_8, eNodeB ID=22216, Cell FDD TDD indication=CELL_FDD",Reliable,541.311,52.481
2026-04-10 22:00,60,"AZU_CUE_ORDONEZ_UL/Cell:eNodeB Function Name=AZU_CUE_ORDONEZ_L, Local Cell ID=7, Cell Name=AZU_CUE_ORDONEZ_L7_7, eNodeB ID=22216, Cell FDD TDD indication=CELL_FDD",Reliable,2793.325,153.292
2026-04-10 22:00,60,"AZU_CUE_BATAN_UL/Cell:eNodeB Function Name=AZU_CUE_BATAN_L, Local Cell ID=9, Cell Name=AZU_CUE_BATAN_L7_9, eNodeB ID=22140, Cell FDD TDD indication=CELL_FDD",Reliable,2099.22,150.888
2026-04-10 22:00,60,"AZU_CUE_BATAN_UL/Cell:eNodeB Function Name=AZU_CUE_BATAN_L, Local Cell ID=8, Cell Name=AZU_CUE_BATAN_L7_8, eNodeB ID=22140, Cell FDD TDD indication=CELL_FDD",Reliable,1344.204,101.574
2026-04-10 22:00,60,"AZU_CUE_BATAN_UL/Cell:eNodeB Function Name=AZU_CUE_BATAN_L, Local Cell ID=7, Cell Name=AZU_CUE_BATAN_L7_7, eNodeB ID=22140, Cell FDD TDD indication=CELL_FDD",Reliable,636.879,55.073
2026-04-10 22:00,60,"AZU_CUE_BATAN_UL/Cell:eNodeB Function Name=AZU_CUE_BATAN_L, Local Cell ID=3, Cell Name=AZU_CUE_BATAN_L21_3, eNodeB ID=22140, Cell FDD TDD indication=CELL_FDD",Reliable,582.482,43.841
2026-04-10 22:00,60,"AZU_CUE_BATAN_UL/Cell:eNodeB Function Name=AZU_CUE_BATAN_L, Local Cell ID=2, Cell Name=AZU_CUE_BATAN_L21_2, eNodeB ID=22140, Cell FDD TDD indication=CELL_FDD",Reliable,500.55,41.384
2026-04-10 22:00,60,"AZU_CUE_BATAN_UL/Cell:eNodeB Function Name=AZU_CUE_BATAN_L, Local Cell ID=1, Cell Name=AZU_CUE_BATAN_L21_1, eNodeB ID=22140, Cell FDD TDD indication=CELL_FDD",Reliable,537.159,110.454
2026-04-10 22:00,60,"AZU_CUE_REMIGIO_UL/Cell:eNodeB Function Name=AZU_CUE_REMIGIO_L, Local Cell ID=3, Cell Name=AZU_CUE_REMIGIO_L21_3, eNodeB ID=22141, Cell FDD TDD indication=CELL_FDD",Reliable,311.197,51.813
2026-04-10 22:00,60,"AZU_CUE_REMIGIO_UL/Cell:eNodeB Function Name=AZU_CUE_REMIGIO_L, Local Cell ID=2, Cell Name=AZU_CUE_REMIGIO_L21_2, eNodeB ID=22141, Cell FDD TDD indication=CELL_FDD",Reliable,1252.422,79.423
2026-04-10 22:00,60,"AZU_CUE_REMIGIO_UL/Cell:eNodeB Function Name=AZU_CUE_REMIGIO_L, Local Cell ID=1, Cell Name=AZU_CUE_REMIGIO_L21_1, eNodeB ID=22141, Cell FDD TDD indication=CELL_FDD",Reliable,985.916,54.632
2026-04-10 22:00,60,"AZU_CUE_ORO_VERDE_UL/Cell:eNodeB Function Name=AZU_CUE_ORO_VERDE_L, Local Cell ID=9, Cell Name=AZU_CUE_ORO_VERDE_L7_9, eNodeB ID=22158, Cell FDD TDD indication=CELL_FDD",Reliable,618.306,38.225
2026-04-10 22:00,60,"AZU_CUE_ORO_VERDE_UL/Cell:eNodeB Function Name=AZU_CUE_ORO_VERDE_L, Local Cell ID=8, Cell Name=AZU_CUE_ORO_VERDE_L7_8, eNodeB ID=22158, Cell FDD TDD indication=CELL_FDD",Reliable,701.222,72.604
2026-04-10 22:00,60,"AZU_CUE_ORO_VERDE_UL/Cell:eNodeB Function Name=AZU_CUE_ORO_VERDE_L, Local Cell ID=7, Cell Name=AZU_CUE_ORO_VERDE_L7_7, eNodeB ID=22158, Cell FDD TDD indication=CELL_FDD",Reliable,730.01,49.535
2026-04-10 22:00,60,"AZU_CUE_ORO_VERDE_UL/Cell:eNodeB Function Name=AZU_CUE_ORO_VERDE_L, Local Cell ID=3, Cell Name=AZU_CUE_ORO_VERDE_L21_3, eNodeB ID=22158, Cell FDD TDD indication=CELL_FDD",Reliable,1235.686,122.555
2026-04-10 22:00,60,"AZU_CUE_ORO_VERDE_UL/Cell:eNodeB Function Name=AZU_CUE_ORO_VERDE_L, Local Cell ID=2, Cell Name=AZU_CUE_ORO_VERDE_L21_2, eNodeB ID=22158, Cell FDD TDD indication=CELL_FDD",Reliable,1885.164,135.682
2026-04-10 22:00,60,"AZU_CUE_ORO_VERDE_UL/Cell:eNodeB Function Name=AZU_CUE_ORO_VERDE_L, Local Cell ID=1, Cell Name=AZU_CUE_ORO_VERDE_L21_1, eNodeB ID=22158, Cell FDD TDD indication=CELL_FDD",Reliable,910.757,87.395
2026-04-10 22:00,60,"AZU_CUE_DEL_ARRIERO_UL/Cell:eNodeB Function Name=AZU_CUE_DEL_ARRIERO_L, Local Cell ID=9, Cell Name=AZU_CUE_DELARRIERO_L7_9, eNodeB ID=22219, Cell FDD TDD indication=CELL_FDD",Reliable,695.062,71.169
2026-04-10 22:00,60,"AZU_CUE_DEL_ARRIERO_UL/Cell:eNodeB Function Name=AZU_CUE_DEL_ARRIERO_L, Local Cell ID=8, Cell Name=AZU_CUE_DELARRIERO_L7_8, eNodeB ID=22219, Cell FDD TDD indication=CELL_FDD",Reliable,1173.971,103.571
2026-04-10 22:00,60,"AZU_CUE_DEL_ARRIERO_UL/Cell:eNodeB Function Name=AZU_CUE_DEL_ARRIERO_L, Local Cell ID=7, Cell Name=AZU_CUE_DELARRIERO_L7_7, eNodeB ID=22219, Cell FDD TDD indication=CELL_FDD",Reliable,1344.286,71.835
2026-04-10 22:00,60,"AZU_CUE_DON_BOSCO_UL/Cell:eNodeB Function Name=AZU_CUE_DON_BOSCO_L, Local Cell ID=9, Cell Name=AZU_CUE_DON_BOSCO_L7_9, eNodeB ID=22174, Cell FDD TDD indication=CELL_FDD",Reliable,1031.884,114.384
2026-04-10 22:00,60,"AZU_CUE_DON_BOSCO_UL/Cell:eNodeB Function Name=AZU_CUE_DON_BOSCO_L, Local Cell ID=8, Cell Name=AZU_CUE_DON_BOSCO_L7_8, eNodeB ID=22174, Cell FDD TDD indication=CELL_FDD",Reliable,1161.944,101.41
2026-04-10 22:00,60,"AZU_CUE_DON_BOSCO_UL/Cell:eNodeB Function Name=AZU_CUE_DON_BOSCO_L, Local Cell ID=7, Cell Name=AZU_CUE_DON_BOSCO_L7_7, eNodeB ID=22174, Cell FDD TDD indication=CELL_FDD",Reliable,744.659,84.309
2026-04-10 22:00,60,"AZU_CUE_DON_BOSCO_UL/Cell:eNodeB Function Name=AZU_CUE_DON_BOSCO_L, Local Cell ID=3, Cell Name=AZU_CUE_DON_BOSCO_L21_3, eNodeB ID=22174, Cell FDD TDD indication=CELL_FDD",Reliable,477.321,26.92
2026-04-10 22:00,60,"AZU_CUE_DON_BOSCO_UL/Cell:eNodeB Function Name=AZU_CUE_DON_BOSCO_L, Local Cell ID=2, Cell Name=AZU_CUE_DON_BOSCO_L21_2, eNodeB ID=22174, Cell FDD TDD indication=CELL_FDD",Reliable,513.857,53.644
2026-04-10 22:00,60,"AZU_CUE_DON_BOSCO_UL/Cell:eNodeB Function Name=AZU_CUE_DON_BOSCO_L, Local Cell ID=1, Cell Name=AZU_CUE_DON_BOSCO_L21_1, eNodeB ID=22174, Cell FDD TDD indication=CELL_FDD",Reliable,2323.273,198.201
2026-04-10 22:00,60,"AZU_CUE_LA_VICTORIA_UL/Cell:eNodeB Function Name=AZU_CUE_LA_VICTORIA_L, Local Cell ID=9, Cell Name=AZU_CUE_LA_VICTORIA_L7_9, eNodeB ID=22229, Cell FDD TDD indication=CELL_FDD",Reliable,720.714,44.74
2026-04-10 22:00,60,"AZU_CUE_LA_VICTORIA_UL/Cell:eNodeB Function Name=AZU_CUE_LA_VICTORIA_L, Local Cell ID=8, Cell Name=AZU_CUE_LA_VICTORIA_L7_8, eNodeB ID=22229, Cell FDD TDD indication=CELL_FDD",Reliable,2972.587,694.675
2026-04-10 22:00,60,"AZU_CUE_LA_VICTORIA_UL/Cell:eNodeB Function Name=AZU_CUE_LA_VICTORIA_L, Local Cell ID=7, Cell Name=AZU_CUE_LA_VICTORIA_L7_7, eNodeB ID=22229, Cell FDD TDD indication=CELL_FDD",Reliable,141.273,14.422
2026-04-10 22:00,60,"AZU_CUE_MISICATA_UL/Cell:eNodeB Function Name=AZU_CUE_MISICATA_L, Local Cell ID=9, Cell Name=AZU_CUE_MISICATA_L7_9, eNodeB ID=22227, Cell FDD TDD indication=CELL_FDD",Reliable,788.864,33.861
2026-04-10 22:00,60,"AZU_CUE_MISICATA_UL/Cell:eNodeB Function Name=AZU_CUE_MISICATA_L, Local Cell ID=8, Cell Name=AZU_CUE_MISICATA_L7_8, eNodeB ID=22227, Cell FDD TDD indication=CELL_FDD",Reliable,625.804,20.377
2026-04-10 22:00,60,"AZU_CUE_MISICATA_UL/Cell:eNodeB Function Name=AZU_CUE_MISICATA_L, Local Cell ID=7, Cell Name=AZU_CUE_MISICATA_L7_7, eNodeB ID=22227, Cell FDD TDD indication=CELL_FDD",Reliable,958.969,67.359
2026-04-10 22:00,60,"AZU_CUE_YANUNCAY_UL/Cell:eNodeB Function Name=AZU_CUE_YANUNCAY_L, Local Cell ID=9, Cell Name=AZU_CUE_YANUNCAY_L7_9, eNodeB ID=22173, Cell FDD TDD indication=CELL_FDD",Reliable,563.935,51.259
2026-04-10 22:00,60,"AZU_CUE_YANUNCAY_UL/Cell:eNodeB Function Name=AZU_CUE_YANUNCAY_L, Local Cell ID=8, Cell Name=AZU_CUE_YANUNCAY_L7_8, eNodeB ID=22173, Cell FDD TDD indication=CELL_FDD",Reliable,1872.355,279.286
2026-04-10 22:00,60,"AZU_CUE_YANUNCAY_UL/Cell:eNodeB Function Name=AZU_CUE_YANUNCAY_L, Local Cell ID=7, Cell Name=AZU_CUE_YANUNCAY_L7_7, eNodeB ID=22173, Cell FDD TDD indication=CELL_FDD",Reliable,2187.293,250.252
2026-04-10 22:00,60,"AZU_CUE_NARANCAY_UL/Cell:eNodeB Function Name=AZU_CUE_NARANCAY_L, Local Cell ID=9, Cell Name=AZU_CUE_NARANCAY_L7_9, eNodeB ID=22565, Cell FDD TDD indication=CELL_FDD",Reliable,1169.647,157.245
2026-04-10 22:00,60,"AZU_CUE_NARANCAY_UL/Cell:eNodeB Function Name=AZU_CUE_NARANCAY_L, Local Cell ID=8, Cell Name=AZU_CUE_NARANCAY_L7_8, eNodeB ID=22565, Cell FDD TDD indication=CELL_FDD",Reliable,1607.585,312.981
2026-04-10 22:00,60,"AZU_CUE_NARANCAY_UL/Cell:eNodeB Function Name=AZU_CUE_NARANCAY_L, Local Cell ID=7, Cell Name=AZU_CUE_NARANCAY_L7_7, eNodeB ID=22565, Cell FDD TDD indication=CELL_FDD",Reliable,2679.762,440.678
2026-04-10 22:00,60,"AZU_CUE_RIO_SOL_UL/Cell:eNodeB Function Name=AZU_CUE_RIO_SOL_L, Local Cell ID=9, Cell Name=AZU_CUE_RIO_SOL_L7_9, eNodeB ID=22152, Cell FDD TDD indication=CELL_FDD",Reliable,1402.062,58.128
2026-04-10 22:00,60,"AZU_CUE_RIO_SOL_UL/Cell:eNodeB Function Name=AZU_CUE_RIO_SOL_L, Local Cell ID=8, Cell Name=AZU_CUE_RIO_SOL_L7_8, eNodeB ID=22152, Cell FDD TDD indication=CELL_FDD",Reliable,3865.757,398.762
2026-04-10 22:00,60,"AZU_CUE_RIO_SOL_UL/Cell:eNodeB Function Name=AZU_CUE_RIO_SOL_L, Local Cell ID=7, Cell Name=AZU_CUE_RIO_SOL_L7_7, eNodeB ID=22152, Cell FDD TDD indication=CELL_FDD",Reliable,1388.82,164.817
2026-04-10 22:00,60,"AZU_CUE_PARQUE_INDUSTRIAL_UL/Cell:eNodeB Function Name=AZU_CUE_PARQUE_INDUSTRIAL_L, Local Cell ID=9, Cell Name=AZU_CUE_PARQUE_INDUSTRIAL_L7_9, eNodeB ID=22170, Cell FDD TDD indication=CELL_FDD",Reliable,592.301,51.272
2026-04-10 22:00,60,"AZU_CUE_PARQUE_INDUSTRIAL_UL/Cell:eNodeB Function Name=AZU_CUE_PARQUE_INDUSTRIAL_L, Local Cell ID=8, Cell Name=AZU_CUE_PARQUE_INDUSTRIAL_L7_8, eNodeB ID=22170, Cell FDD TDD indication=CELL_FDD",Reliable,555.211,39.714
2026-04-10 22:00,60,"AZU_CUE_PARQUE_INDUSTRIAL_UL/Cell:eNodeB Function Name=AZU_CUE_PARQUE_INDUSTRIAL_L, Local Cell ID=7, Cell Name=AZU_CUE_PARQUE_INDUSTRIAL_L7_7, eNodeB ID=22170, Cell FDD TDD indication=CELL_FDD",Reliable,1669.816,253.649
2026-04-10 22:00,60,"AZU_CUE_PARQUE_INDUSTRIAL_UL/Cell:eNodeB Function Name=AZU_CUE_PARQUE_INDUSTRIAL_L, Local Cell ID=3, Cell Name=AZU_CUE_PARQUE_INDUSTRIAL_L21_3, eNodeB ID=22170, Cell FDD TDD indication=CELL_FDD",Reliable,2792.848,203.288
2026-04-10 22:00,60,"AZU_CUE_PARQUE_INDUSTRIAL_UL/Cell:eNodeB Function Name=AZU_CUE_PARQUE_INDUSTRIAL_L, Local Cell ID=2, Cell Name=AZU_CUE_PARQUE_INDUSTRIAL_L21_2, eNodeB ID=22170, Cell FDD TDD indication=CELL_FDD",Reliable,1229.869,67.075
2026-04-10 22:00,60,"AZU_CUE_PARQUE_INDUSTRIAL_UL/Cell:eNodeB Function Name=AZU_CUE_PARQUE_INDUSTRIAL_L, Local Cell ID=1, Cell Name=AZU_CUE_PARQUE_INDUSTRIAL_L21_1, eNodeB ID=22170, Cell FDD TDD indication=CELL_FDD",Reliable,5813.675,936.034
2026-04-10 22:00,60,"AZU_CUE_PATAMARCA_UL/Cell:eNodeB Function Name=AZU_CUE_PATAMARCA_L, Local Cell ID=9, Cell Name=AZU_CUE_PATAMARCA_L7_9, eNodeB ID=22147, Cell FDD TDD indication=CELL_FDD",Reliable,2613.76,131.98
2026-04-10 22:00,60,"AZU_CUE_PATAMARCA_UL/Cell:eNodeB Function Name=AZU_CUE_PATAMARCA_L, Local Cell ID=8, Cell Name=AZU_CUE_PATAMARCA_L7_8, eNodeB ID=22147, Cell FDD TDD indication=CELL_FDD",Reliable,1363.935,139.912
2026-04-10 22:00,60,"AZU_CUE_PATAMARCA_UL/Cell:eNodeB Function Name=AZU_CUE_PATAMARCA_L, Local Cell ID=7, Cell Name=AZU_CUE_PATAMARCA_L7_7, eNodeB ID=22147, Cell FDD TDD indication=CELL_FDD",Reliable,530.772,50.61
2026-04-10 22:00,60,"AZU_CUE_UNE_CUENCA_UL/Cell:eNodeB Function Name=AZU_CUE_UNE_CUENCA_L, Local Cell ID=9, Cell Name=AZU_CUE_UNECUENCA_L7_9, eNodeB ID=22218, Cell FDD TDD indication=CELL_FDD",Reliable,2070.678,178.92
2026-04-10 22:00,60,"AZU_CUE_UNE_CUENCA_UL/Cell:eNodeB Function Name=AZU_CUE_UNE_CUENCA_L, Local Cell ID=8, Cell Name=AZU_CUE_UNECUENCA_L7_8, eNodeB ID=22218, Cell FDD TDD indication=CELL_FDD",Reliable,2789.054,324.083
2026-04-10 22:00,60,"AZU_CUE_UNE_CUENCA_UL/Cell:eNodeB Function Name=AZU_CUE_UNE_CUENCA_L, Local Cell ID=7, Cell Name=AZU_CUE_UNECUENCA_L7_7, eNodeB ID=22218, Cell FDD TDD indication=CELL_FDD",Reliable,6269.382,1092.234
2026-04-10 22:00,60,"AZU_CUE_CHAULLABAMBA_UL/Cell:eNodeB Function Name=AZU_CUE_CHAULLABAMBA_L, Local Cell ID=9, Cell Name=AZU_CUE_CHAULLABAMBA_L7_9, eNodeB ID=22150, Cell FDD TDD indication=CELL_FDD",Reliable,542.654,33.122
2026-04-10 22:00,60,"AZU_CUE_CHAULLABAMBA_UL/Cell:eNodeB Function Name=AZU_CUE_CHAULLABAMBA_L, Local Cell ID=8, Cell Name=AZU_CUE_CHAULLABAMBA_L7_8, eNodeB ID=22150, Cell FDD TDD indication=CELL_FDD",Reliable,1805.968,230.451
2026-04-10 22:00,60,"AZU_CUE_CHAULLABAMBA_UL/Cell:eNodeB Function Name=AZU_CUE_CHAULLABAMBA_L, Local Cell ID=7, Cell Name=AZU_CUE_CHAULLABAMBA_L7_7, eNodeB ID=22150, Cell FDD TDD indication=CELL_FDD",Reliable,2018.519,41.742
2026-04-10 22:00,60,"AZU_CUE_CHAULLABAMBA_NORTE_UL/Cell:eNodeB Function Name=AZU_CUE_CHAULLABAMBA_NORTE_L, Local Cell ID=9, Cell Name=AZU_CUE_CHAULLABAMBA_NORTE_L7_9, eNodeB ID=22550, Cell FDD TDD indication=CELL_FDD",Reliable,240.388,19.437
2026-04-10 22:00,60,"AZU_CUE_CHAULLABAMBA_NORTE_UL/Cell:eNodeB Function Name=AZU_CUE_CHAULLABAMBA_NORTE_L, Local Cell ID=8, Cell Name=AZU_CUE_CHAULLABAMBA_NORTE_L7_8, eNodeB ID=22550, Cell FDD TDD indication=CELL_FDD",Reliable,932.759,139.75
2026-04-10 22:00,60,"AZU_CUE_CHAULLABAMBA_NORTE_UL/Cell:eNodeB Function Name=AZU_CUE_CHAULLABAMBA_NORTE_L, Local Cell ID=7, Cell Name=AZU_CUE_CHAULLABAMBA_NORTE_L7_7, eNodeB ID=22550, Cell FDD TDD indication=CELL_FDD",Reliable,337.682,37.916
2026-04-10 22:00,60,"AZU_CUE_RICACUENCA2_UL/Cell:eNodeB Function Name=AZU_CUE_RICACUENCA2_L, Local Cell ID=9, Cell Name=AZU_CUE_RICACUENCA2_L7_9, eNodeB ID=22211, Cell FDD TDD indication=CELL_FDD",Reliable,1249.656,160.764
2026-04-10 22:00,60,"AZU_CUE_RICACUENCA2_UL/Cell:eNodeB Function Name=AZU_CUE_RICACUENCA2_L, Local Cell ID=8, Cell Name=AZU_CUE_RICACUENCA2_L7_8, eNodeB ID=22211, Cell FDD TDD indication=CELL_FDD",Reliable,1137.821,113.365
2026-04-10 22:00,60,"AZU_CUE_RICACUENCA2_UL/Cell:eNodeB Function Name=AZU_CUE_RICACUENCA2_L, Local Cell ID=7, Cell Name=AZU_CUE_RICACUENCA2_L7_7, eNodeB ID=22211, Cell FDD TDD indication=CELL_FDD",Reliable,1623.115,261.148
2026-04-10 22:00,60,"AZU_CUE_CHIQUINTAD_UL/Cell:eNodeB Function Name=AZU_CUE_CHIQUINTAD_L, Local Cell ID=9, Cell Name=AZU_CUE_CHIQUINTAD_L7_9, eNodeB ID=22547, Cell FDD TDD indication=CELL_FDD",Reliable,597.32,1936.491
2026-04-10 22:00,60,"AZU_CUE_CHIQUINTAD_UL/Cell:eNodeB Function Name=AZU_CUE_CHIQUINTAD_L, Local Cell ID=8, Cell Name=AZU_CUE_CHIQUINTAD_L7_8, eNodeB ID=22547, Cell FDD TDD indication=CELL_FDD",Reliable,2144.96,274.843
2026-04-10 22:00,60,"AZU_CUE_CHIQUINTAD_UL/Cell:eNodeB Function Name=AZU_CUE_CHIQUINTAD_L, Local Cell ID=7, Cell Name=AZU_CUE_CHIQUINTAD_L7_7, eNodeB ID=22547, Cell FDD TDD indication=CELL_FDD",Reliable,588.977,52.263
2026-04-10 22:00,60,"AZU_CUE_MAYANCELA_UL/Cell:eNodeB Function Name=AZU_CUE_MAYANCELA_L, Local Cell ID=9, Cell Name=AZU_CUE_MAYANCELA_L7_9, eNodeB ID=22558, Cell FDD TDD indication=CELL_FDD",Reliable,1279.113,364.532
2026-04-10 22:00,60,"AZU_CUE_MAYANCELA_UL/Cell:eNodeB Function Name=AZU_CUE_MAYANCELA_L, Local Cell ID=8, Cell Name=AZU_CUE_MAYANCELA_L7_8, eNodeB ID=22558, Cell FDD TDD indication=CELL_FDD",Reliable,507.24,50.454
2026-04-10 22:00,60,"AZU_CUE_MAYANCELA_UL/Cell:eNodeB Function Name=AZU_CUE_MAYANCELA_L, Local Cell ID=7, Cell Name=AZU_CUE_MAYANCELA_L7_7, eNodeB ID=22558, Cell FDD TDD indication=CELL_FDD",Reliable,3866.951,2659.506
2026-04-10 22:00,60,"AZU_CUE_CAPULISPAMBA_UL/Cell:eNodeB Function Name=AZU_CUE_CAPULISPAMBA_L, Local Cell ID=9, Cell Name=AZU_CUE_CAPULISPAMBA_L7_9, eNodeB ID=22578, Cell FDD TDD indication=CELL_FDD",Reliable,973.908,98.633
2026-04-10 22:00,60,"AZU_CUE_CAPULISPAMBA_UL/Cell:eNodeB Function Name=AZU_CUE_CAPULISPAMBA_L, Local Cell ID=8, Cell Name=AZU_CUE_CAPULISPAMBA_L7_8, eNodeB ID=22578, Cell FDD TDD indication=CELL_FDD",Reliable,3190.755,343.823
2026-04-10 22:00,60,"AZU_CUE_CAPULISPAMBA_UL/Cell:eNodeB Function Name=AZU_CUE_CAPULISPAMBA_L, Local Cell ID=7, Cell Name=AZU_CUE_CAPULISPAMBA_L7_7, eNodeB ID=22578, Cell FDD TDD indication=CELL_FDD",Reliable,651.014,82.674
2026-04-10 22:00,60,"ORO_MCH_ESTE_UL/Cell:eNodeB Function Name=ORO_MCH_ESTE_L, Local Cell ID=9, Cell Name=ORO_MCH_ESTE_L7_9, eNodeB ID=22051, Cell FDD TDD indication=CELL_FDD",Reliable,182.411,14.746
2026-04-10 22:00,60,"ORO_MCH_ESTE_UL/Cell:eNodeB Function Name=ORO_MCH_ESTE_L, Local Cell ID=8, Cell Name=ORO_MCH_ESTE_L7_8, eNodeB ID=22051, Cell FDD TDD indication=CELL_FDD",Reliable,232.484,50.214
2026-04-10 22:00,60,"ORO_MCH_ESTE_UL/Cell:eNodeB Function Name=ORO_MCH_ESTE_L, Local Cell ID=7, Cell Name=ORO_MCH_ESTE_L7_7, eNodeB ID=22051, Cell FDD TDD indication=CELL_FDD",Reliable,362.315,42.724
2026-04-10 22:00,60,"ORO_MCH_ESTE_UL/Cell:eNodeB Function Name=ORO_MCH_ESTE_L, Local Cell ID=3, Cell Name=ORO_MCH_ESTE_L21_3, eNodeB ID=22051, Cell FDD TDD indication=CELL_FDD",Reliable,92.54,13.805
2026-04-10 22:00,60,"ORO_MCH_ESTE_UL/Cell:eNodeB Function Name=ORO_MCH_ESTE_L, Local Cell ID=2, Cell Name=ORO_MCH_ESTE_L21_2, eNodeB ID=22051, Cell FDD TDD indication=CELL_FDD",Reliable,154.269,36.555
2026-04-10 22:00,60,"ORO_MCH_ESTE_UL/Cell:eNodeB Function Name=ORO_MCH_ESTE_L, Local Cell ID=1, Cell Name=ORO_MCH_ESTE_L21_1, eNodeB ID=22051, Cell FDD TDD indication=CELL_FDD",Reliable,446.906,234.538
2026-04-10 22:00,60,"ORO_MCH_SHOPPING_UL/Cell:eNodeB Function Name=ORO_MCH_SHOPPING_L, Local Cell ID=9, Cell Name=ORO_MCH_SHOPPING_L7_9, eNodeB ID=22052, Cell FDD TDD indication=CELL_FDD",Reliable,584.328,45.689
2026-04-10 22:00,60,"ORO_MCH_SHOPPING_UL/Cell:eNodeB Function Name=ORO_MCH_SHOPPING_L, Local Cell ID=8, Cell Name=ORO_MCH_SHOPPING_L7_8, eNodeB ID=22052, Cell FDD TDD indication=CELL_FDD",Reliable,26.454,2.954
2026-04-10 22:00,60,"ORO_MCH_SHOPPING_UL/Cell:eNodeB Function Name=ORO_MCH_SHOPPING_L, Local Cell ID=7, Cell Name=ORO_MCH_SHOPPING_L7_7, eNodeB ID=22052, Cell FDD TDD indication=CELL_FDD",Reliable,555.511,147.369
2026-04-10 22:00,60,"ORO_MCH_SHOPPING_UL/Cell:eNodeB Function Name=ORO_MCH_SHOPPING_L, Local Cell ID=3, Cell Name=ORO_MCH_SHOPPING_L21_3, eNodeB ID=22052, Cell FDD TDD indication=CELL_FDD",Reliable,913.762,420.621
2026-04-10 22:00,60,"ORO_MCH_SHOPPING_UL/Cell:eNodeB Function Name=ORO_MCH_SHOPPING_L, Local Cell ID=2, Cell Name=ORO_MCH_SHOPPING_L21_2, eNodeB ID=22052, Cell FDD TDD indication=CELL_FDD",Reliable,636.514,58.838
2026-04-10 22:00,60,"ORO_MCH_SHOPPING_UL/Cell:eNodeB Function Name=ORO_MCH_SHOPPING_L, Local Cell ID=1, Cell Name=ORO_MCH_SHOPPING_L21_1, eNodeB ID=22052, Cell FDD TDD indication=CELL_FDD",Reliable,921.783,65.226
2026-04-10 22:00,60,"ORO_MCH_BRISAS_UL/Cell:eNodeB Function Name=ORO_MCH_BRISAS_L, Local Cell ID=9, Cell Name=ORO_MCH_BRISAS_L7_9, eNodeB ID=22054, Cell FDD TDD indication=CELL_FDD",Reliable,111.558,35.724
2026-04-10 22:00,60,"ORO_MCH_BRISAS_UL/Cell:eNodeB Function Name=ORO_MCH_BRISAS_L, Local Cell ID=8, Cell Name=ORO_MCH_BRISAS_L7_8, eNodeB ID=22054, Cell FDD TDD indication=CELL_FDD",Reliable,730.965,83.448
2026-04-10 22:00,60,"ORO_MCH_BRISAS_UL/Cell:eNodeB Function Name=ORO_MCH_BRISAS_L, Local Cell ID=7, Cell Name=ORO_MCH_BRISAS_L7_7, eNodeB ID=22054, Cell FDD TDD indication=CELL_FDD",Reliable,54.335,38.079
2026-04-10 22:00,60,"ORO_MCH_BRISAS_UL/Cell:eNodeB Function Name=ORO_MCH_BRISAS_L, Local Cell ID=3, Cell Name=ORO_MCH_BRISAS_L21_3, eNodeB ID=22054, Cell FDD TDD indication=CELL_FDD",Reliable,2037.653,143.282
2026-04-10 22:00,60,"ORO_MCH_BRISAS_UL/Cell:eNodeB Function Name=ORO_MCH_BRISAS_L, Local Cell ID=2, Cell Name=ORO_MCH_BRISAS_L21_2, eNodeB ID=22054, Cell FDD TDD indication=CELL_FDD",Reliable,1183.773,115.846
2026-04-10 22:00,60,"ORO_MCH_BRISAS_UL/Cell:eNodeB Function Name=ORO_MCH_BRISAS_L, Local Cell ID=1, Cell Name=ORO_MCH_BRISAS_L21_1, eNodeB ID=22054, Cell FDD TDD indication=CELL_FDD",Reliable,2524.065,225.346
2026-04-10 22:00,60,"ORO_MCH_URDESA_UL/Cell:eNodeB Function Name=ORO_MCH_URDESA_L, Local Cell ID=9, Cell Name=ORO_MCH_URDESA_L7_9, eNodeB ID=22055, Cell FDD TDD indication=CELL_FDD",Reliable,467.066,54.843
2026-04-10 22:00,60,"ORO_MCH_URDESA_UL/Cell:eNodeB Function Name=ORO_MCH_URDESA_L, Local Cell ID=8, Cell Name=ORO_MCH_URDESA_L7_8, eNodeB ID=22055, Cell FDD TDD indication=CELL_FDD",Reliable,1.234,0.694
2026-04-10 22:00,60,"ORO_MCH_URDESA_UL/Cell:eNodeB Function Name=ORO_MCH_URDESA_L, Local Cell ID=7, Cell Name=ORO_MCH_URDESA_L7_7, eNodeB ID=22055, Cell FDD TDD indication=CELL_FDD",Reliable,1116.627,66.134
2026-04-10 22:00,60,"ORO_MCH_URDESA_UL/Cell:eNodeB Function Name=ORO_MCH_URDESA_L, Local Cell ID=3, Cell Name=ORO_MCH_URDESA_L21_3, eNodeB ID=22055, Cell FDD TDD indication=CELL_FDD",Reliable,1052.442,47.097
2026-04-10 22:00,60,"ORO_MCH_URDESA_UL/Cell:eNodeB Function Name=ORO_MCH_URDESA_L, Local Cell ID=2, Cell Name=ORO_MCH_URDESA_L21_2, eNodeB ID=22055, Cell FDD TDD indication=CELL_FDD",Reliable,424.303,25.258
2026-04-10 22:00,60,"ORO_MCH_URDESA_UL/Cell:eNodeB Function Name=ORO_MCH_URDESA_L, Local Cell ID=1, Cell Name=ORO_MCH_URDESA_L21_1, eNodeB ID=22055, Cell FDD TDD indication=CELL_FDD",Reliable,148.072,12.974
2026-04-10 22:00,60,"ORO_MCH_NORTE_UL/Cell:eNodeB Function Name=ORO_MCH_NORTE_L, Local Cell ID=9, Cell Name=ORO_MCH_NORTE_L7_9, eNodeB ID=22056, Cell FDD TDD indication=CELL_FDD",Reliable,1110.283,55.715
2026-04-10 22:00,60,"ORO_MCH_NORTE_UL/Cell:eNodeB Function Name=ORO_MCH_NORTE_L, Local Cell ID=8, Cell Name=ORO_MCH_NORTE_L7_8, eNodeB ID=22056, Cell FDD TDD indication=CELL_FDD",Reliable,98.866,4.215
2026-04-10 22:00,60,"ORO_MCH_NORTE_UL/Cell:eNodeB Function Name=ORO_MCH_NORTE_L, Local Cell ID=7, Cell Name=ORO_MCH_NORTE_L7_7, eNodeB ID=22056, Cell FDD TDD indication=CELL_FDD",Reliable,119.406,15.679
2026-04-10 22:00,60,"ORO_MCH_NORTE_UL/Cell:eNodeB Function Name=ORO_MCH_NORTE_L, Local Cell ID=3, Cell Name=ORO_MCH_NORTE_L21_3, eNodeB ID=22056, Cell FDD TDD indication=CELL_FDD",Reliable,476.505,64.665
2026-04-10 22:00,60,"ORO_MCH_NORTE_UL/Cell:eNodeB Function Name=ORO_MCH_NORTE_L, Local Cell ID=2, Cell Name=ORO_MCH_NORTE_L21_2, eNodeB ID=22056, Cell FDD TDD indication=CELL_FDD",Reliable,658.945,61.28
2026-04-10 22:00,60,"ORO_MCH_NORTE_UL/Cell:eNodeB Function Name=ORO_MCH_NORTE_L, Local Cell ID=1, Cell Name=ORO_MCH_NORTE_L21_1, eNodeB ID=22056, Cell FDD TDD indication=CELL_FDD",Reliable,599.882,63.983
2026-04-10 22:00,60,"ORO_MCH_NORESTE_UL/Cell:eNodeB Function Name=ORO_MCH_NORESTE_L, Local Cell ID=9, Cell Name=ORO_MCH_NORESTE_L7_9, eNodeB ID=22057, Cell FDD TDD indication=CELL_FDD",Reliable,154.558,13.282
2026-04-10 22:00,60,"ORO_MCH_NORESTE_UL/Cell:eNodeB Function Name=ORO_MCH_NORESTE_L, Local Cell ID=8, Cell Name=ORO_MCH_NORESTE_L7_8, eNodeB ID=22057, Cell FDD TDD indication=CELL_FDD",Reliable,82.553,24.208
2026-04-10 22:00,60,"ORO_MCH_NORESTE_UL/Cell:eNodeB Function Name=ORO_MCH_NORESTE_L, Local Cell ID=7, Cell Name=ORO_MCH_NORESTE_L7_7, eNodeB ID=22057, Cell FDD TDD indication=CELL_FDD",Reliable,283.737,73.814
2026-04-10 22:00,60,"ORO_MCH_NORESTE_UL/Cell:eNodeB Function Name=ORO_MCH_NORESTE_L, Local Cell ID=3, Cell Name=ORO_MCH_NORESTE_L21_3, eNodeB ID=22057, Cell FDD TDD indication=CELL_FDD",Reliable,87.382,11.861
2026-04-10 22:00,60,"ORO_MCH_NORESTE_UL/Cell:eNodeB Function Name=ORO_MCH_NORESTE_L, Local Cell ID=2, Cell Name=ORO_MCH_NORESTE_L21_2, eNodeB ID=22057, Cell FDD TDD indication=CELL_FDD",Reliable,304.147,32.446
2026-04-10 22:00,60,"ORO_MCH_NORESTE_UL/Cell:eNodeB Function Name=ORO_MCH_NORESTE_L, Local Cell ID=1, Cell Name=ORO_MCH_NORESTE_L21_1, eNodeB ID=22057, Cell FDD TDD indication=CELL_FDD",Reliable,1836.772,81.453
2026-04-10 22:00,60,"ORO_MCH_MACHALA_UL/Cell:eNodeB Function Name=ORO_MCH_MACHALA_L, Local Cell ID=9, Cell Name=ORO_MCH_MACHALA_L7_9, eNodeB ID=22058, Cell FDD TDD indication=CELL_FDD",Reliable,624.33,49.374
2026-04-10 22:00,60,"ORO_MCH_MACHALA_UL/Cell:eNodeB Function Name=ORO_MCH_MACHALA_L, Local Cell ID=8, Cell Name=ORO_MCH_MACHALA_L7_8, eNodeB ID=22058, Cell FDD TDD indication=CELL_FDD",Reliable,301.688,24.538
2026-04-10 22:00,60,"ORO_MCH_MACHALA_UL/Cell:eNodeB Function Name=ORO_MCH_MACHALA_L, Local Cell ID=7, Cell Name=ORO_MCH_MACHALA_L7_7, eNodeB ID=22058, Cell FDD TDD indication=CELL_FDD",Reliable,877.537,159.005
2026-04-10 22:00,60,"ORO_MCH_MACHALA_UL/Cell:eNodeB Function Name=ORO_MCH_MACHALA_L, Local Cell ID=3, Cell Name=ORO_MCH_MACHALA_L21_3, eNodeB ID=22058, Cell FDD TDD indication=CELL_FDD",Reliable,967.73,120.864
2026-04-10 22:00,60,"ORO_MCH_MACHALA_UL/Cell:eNodeB Function Name=ORO_MCH_MACHALA_L, Local Cell ID=2, Cell Name=ORO_MCH_MACHALA_L21_2, eNodeB ID=22058, Cell FDD TDD indication=CELL_FDD",Reliable,388.46,58.204
2026-04-10 22:00,60,"ORO_MCH_MACHALA_UL/Cell:eNodeB Function Name=ORO_MCH_MACHALA_L, Local Cell ID=1, Cell Name=ORO_MCH_MACHALA_L21_1, eNodeB ID=22058, Cell FDD TDD indication=CELL_FDD",Reliable,2686.75,238.746
2026-04-10 22:00,60,"ORO_MCH_CENTRO_DOS_UL/Cell:eNodeB Function Name=ORO_MCH_CENTRO_DOS_L, Local Cell ID=9, Cell Name=ORO_MCH_CENTRO_DOS_L7_9, eNodeB ID=22059, Cell FDD TDD indication=CELL_FDD",Reliable,266.046,23.117
2026-04-10 22:00,60,"ORO_MCH_CENTRO_DOS_UL/Cell:eNodeB Function Name=ORO_MCH_CENTRO_DOS_L, Local Cell ID=8, Cell Name=ORO_MCH_CENTRO_DOS_L7_8, eNodeB ID=22059, Cell FDD TDD indication=CELL_FDD",Reliable,77.194,5.879
2026-04-10 22:00,60,"ORO_MCH_CENTRO_DOS_UL/Cell:eNodeB Function Name=ORO_MCH_CENTRO_DOS_L, Local Cell ID=7, Cell Name=ORO_MCH_CENTRO_DOS_L7_7, eNodeB ID=22059, Cell FDD TDD indication=CELL_FDD",Reliable,521.506,34.27
2026-04-10 22:00,60,"ORO_MCH_CENTRO_DOS_UL/Cell:eNodeB Function Name=ORO_MCH_CENTRO_DOS_L, Local Cell ID=3, Cell Name=ORO_MCH_CENTRO_DOS_L21_3, eNodeB ID=22059, Cell FDD TDD indication=CELL_FDD",Reliable,817.208,39.988
2026-04-10 22:00,60,"ORO_MCH_CENTRO_DOS_UL/Cell:eNodeB Function Name=ORO_MCH_CENTRO_DOS_L, Local Cell ID=2, Cell Name=ORO_MCH_CENTRO_DOS_L21_2, eNodeB ID=22059, Cell FDD TDD indication=CELL_FDD",Reliable,235.41,29.151
2026-04-10 22:00,60,"ORO_MCH_CENTRO_DOS_UL/Cell:eNodeB Function Name=ORO_MCH_CENTRO_DOS_L, Local Cell ID=1, Cell Name=ORO_MCH_CENTRO_DOS_L21_1, eNodeB ID=22059, Cell FDD TDD indication=CELL_FDD",Reliable,399.675,125.195
2026-04-10 22:00,60,"ORO_MCH_EL_CAMBIO_UL/Cell:eNodeB Function Name=ORO_MCH_EL_CAMBIO_L, Local Cell ID=9, Cell Name=ORO_MCH_EL_CAMBIO_L7_9, eNodeB ID=22060, Cell FDD TDD indication=CELL_FDD",Reliable,1151.676,187.092
2026-04-10 22:00,60,"ORO_MCH_EL_CAMBIO_UL/Cell:eNodeB Function Name=ORO_MCH_EL_CAMBIO_L, Local Cell ID=8, Cell Name=ORO_MCH_EL_CAMBIO_L7_8, eNodeB ID=22060, Cell FDD TDD indication=CELL_FDD",Reliable,539.953,107.619
2026-04-10 22:00,60,"ORO_MCH_EL_CAMBIO_UL/Cell:eNodeB Function Name=ORO_MCH_EL_CAMBIO_L, Local Cell ID=7, Cell Name=ORO_MCH_EL_CAMBIO_L7_7, eNodeB ID=22060, Cell FDD TDD indication=CELL_FDD",Reliable,288.491,38.276
2026-04-10 22:00,60,"ORO_MCH_EL_CAMBIO_UL/Cell:eNodeB Function Name=ORO_MCH_EL_CAMBIO_L, Local Cell ID=3, Cell Name=ORO_MCH_EL_CAMBIO_L21_3, eNodeB ID=22060, Cell FDD TDD indication=CELL_FDD",Reliable,4924.95,502.359
2026-04-10 22:00,60,"ORO_MCH_EL_CAMBIO_UL/Cell:eNodeB Function Name=ORO_MCH_EL_CAMBIO_L, Local Cell ID=2, Cell Name=ORO_MCH_EL_CAMBIO_L21_2, eNodeB ID=22060, Cell FDD TDD indication=CELL_FDD",Reliable,480.415,42.856
2026-04-10 22:00,60,"ORO_MCH_EL_CAMBIO_UL/Cell:eNodeB Function Name=ORO_MCH_EL_CAMBIO_L, Local Cell ID=1, Cell Name=ORO_MCH_EL_CAMBIO_L21_1, eNodeB ID=22060, Cell FDD TDD indication=CELL_FDD",Reliable,1108.88,254.443
2026-04-10 22:00,60,"ORO_MCH_AEROPUERTO_UL/Cell:eNodeB Function Name=ORO_MCH_AEROPUERTO_L, Local Cell ID=9, Cell Name=ORO_MCH_AEROPUERTO_L7_9, eNodeB ID=22061, Cell FDD TDD indication=CELL_FDD",Reliable,333.022,20.006
2026-04-10 22:00,60,"ORO_MCH_AEROPUERTO_UL/Cell:eNodeB Function Name=ORO_MCH_AEROPUERTO_L, Local Cell ID=8, Cell Name=ORO_MCH_AEROPUERTO_L7_8, eNodeB ID=22061, Cell FDD TDD indication=CELL_FDD",Reliable,675.592,61.298
2026-04-10 22:00,60,"ORO_MCH_AEROPUERTO_UL/Cell:eNodeB Function Name=ORO_MCH_AEROPUERTO_L, Local Cell ID=7, Cell Name=ORO_MCH_AEROPUERTO_L7_7, eNodeB ID=22061, Cell FDD TDD indication=CELL_FDD",Reliable,25.932,2.549
2026-04-10 22:00,60,"ORO_MCH_AEROPUERTO_UL/Cell:eNodeB Function Name=ORO_MCH_AEROPUERTO_L, Local Cell ID=3, Cell Name=ORO_MCH_AEROPUERTO_L21_3, eNodeB ID=22061, Cell FDD TDD indication=CELL_FDD",Reliable,1522.12,135.075
2026-04-10 22:00,60,"ORO_MCH_AEROPUERTO_UL/Cell:eNodeB Function Name=ORO_MCH_AEROPUERTO_L, Local Cell ID=2, Cell Name=ORO_MCH_AEROPUERTO_L21_2, eNodeB ID=22061, Cell FDD TDD indication=CELL_FDD",Reliable,1614.406,141.926
2026-04-10 22:00,60,"ORO_MCH_AEROPUERTO_UL/Cell:eNodeB Function Name=ORO_MCH_AEROPUERTO_L, Local Cell ID=1, Cell Name=ORO_MCH_AEROPUERTO_L21_1, eNodeB ID=22061, Cell FDD TDD indication=CELL_FDD",Reliable,506.044,43.383
2026-04-10 22:00,60,"ORO_MCH_ARIZAGA_UL/Cell:eNodeB Function Name=ORO_MCH_ARIZAGA_L, Local Cell ID=3, Cell Name=ORO_MCH_ARIZAGA_L21_3, eNodeB ID=22063, Cell FDD TDD indication=CELL_FDD",Reliable,1033.335,64.06
2026-04-10 22:00,60,"ORO_MCH_ARIZAGA_UL/Cell:eNodeB Function Name=ORO_MCH_ARIZAGA_L, Local Cell ID=2, Cell Name=ORO_MCH_ARIZAGA_L21_2, eNodeB ID=22063, Cell FDD TDD indication=CELL_FDD",Reliable,1199.927,149.745
2026-04-10 22:00,60,"ORO_MCH_ARIZAGA_UL/Cell:eNodeB Function Name=ORO_MCH_ARIZAGA_L, Local Cell ID=1, Cell Name=ORO_MCH_ARIZAGA_L21_1, eNodeB ID=22063, Cell FDD TDD indication=CELL_FDD",Reliable,381.629,122.708
2026-04-10 22:00,60,"ORO_MCH_OCTAVIA_UL/Cell:eNodeB Function Name=ORO_MCH_OCTAVIA_L, Local Cell ID=3, Cell Name=ORO_MCH_OCTAVIA_L21_3, eNodeB ID=22065, Cell FDD TDD indication=CELL_FDD",Reliable,1280.957,60.252
2026-04-10 22:00,60,"ORO_MCH_OCTAVIA_UL/Cell:eNodeB Function Name=ORO_MCH_OCTAVIA_L, Local Cell ID=2, Cell Name=ORO_MCH_OCTAVIA_L21_2, eNodeB ID=22065, Cell FDD TDD indication=CELL_FDD",Reliable,493.149,33.559
2026-04-10 22:00,60,"ORO_MCH_OCTAVIA_UL/Cell:eNodeB Function Name=ORO_MCH_OCTAVIA_L, Local Cell ID=1, Cell Name=ORO_MCH_OCTAVIA_L21_1, eNodeB ID=22065, Cell FDD TDD indication=CELL_FDD",Reliable,95.614,15.72
2026-04-10 22:00,60,"ORO_MCH_PUERTO_BOLIVAR_UL/Cell:eNodeB Function Name=ORO_MCH_PUERTO_BOLIVAR_L, Local Cell ID=9, Cell Name=ORO_MCH_PUERTO_BOLIVAR_L7_9, eNodeB ID=22067, Cell FDD TDD indication=CELL_FDD",Reliable,47.903,6.025
2026-04-10 22:00,60,"ORO_MCH_PUERTO_BOLIVAR_UL/Cell:eNodeB Function Name=ORO_MCH_PUERTO_BOLIVAR_L, Local Cell ID=8, Cell Name=ORO_MCH_PUERTO_BOLIVAR_L7_8, eNodeB ID=22067, Cell FDD TDD indication=CELL_FDD",Reliable,609.684,64.536
2026-04-10 22:00,60,"ORO_MCH_PUERTO_BOLIVAR_UL/Cell:eNodeB Function Name=ORO_MCH_PUERTO_BOLIVAR_L, Local Cell ID=7, Cell Name=ORO_MCH_PUERTO_BOLIVAR_L7_7, eNodeB ID=22067, Cell FDD TDD indication=CELL_FDD",Reliable,44.086,1.911
2026-04-10 22:00,60,"ORO_MCH_PUERTO_BOLIVAR_UL/Cell:eNodeB Function Name=ORO_MCH_PUERTO_BOLIVAR_L, Local Cell ID=3, Cell Name=ORO_MCH_PUERTO_BOLIVAR_L21_3, eNodeB ID=22067, Cell FDD TDD indication=CELL_FDD",Reliable,2015.747,134.188
2026-04-10 22:00,60,"ORO_MCH_PUERTO_BOLIVAR_UL/Cell:eNodeB Function Name=ORO_MCH_PUERTO_BOLIVAR_L, Local Cell ID=2, Cell Name=ORO_MCH_PUERTO_BOLIVAR_L21_2, eNodeB ID=22067, Cell FDD TDD indication=CELL_FDD",Reliable,1293.878,110.265
2026-04-10 22:00,60,"ORO_MCH_PUERTO_BOLIVAR_UL/Cell:eNodeB Function Name=ORO_MCH_PUERTO_BOLIVAR_L, Local Cell ID=1, Cell Name=ORO_MCH_PUERTO_BOLIVAR_L21_1, eNodeB ID=22067, Cell FDD TDD indication=CELL_FDD",Reliable,820.462,57.48
2026-04-10 22:00,60,"ORO_MCH_LA_UNION_COLOMBIANA_UL/Cell:eNodeB Function Name=ORO_MCH_LA_UNION_COLOMBIANA_L, Local Cell ID=9, Cell Name=ORO_MCH_LA_UNION_COLOMBIANA_L7_9, eNodeB ID=22544, Cell FDD TDD indication=CELL_FDD",Reliable,455.591,86.59
2026-04-10 22:00,60,"ORO_MCH_LA_UNION_COLOMBIANA_UL/Cell:eNodeB Function Name=ORO_MCH_LA_UNION_COLOMBIANA_L, Local Cell ID=8, Cell Name=ORO_MCH_LA_UNION_COLOMBIANA_L7_8, eNodeB ID=22544, Cell FDD TDD indication=CELL_FDD",Reliable,141.751,57.369
2026-04-10 22:00,60,"ORO_MCH_LA_UNION_COLOMBIANA_UL/Cell:eNodeB Function Name=ORO_MCH_LA_UNION_COLOMBIANA_L, Local Cell ID=7, Cell Name=ORO_MCH_LA_UNION_COLOMBIANA_L7_7, eNodeB ID=22544, Cell FDD TDD indication=CELL_FDD",Reliable,18.883,1.087
2026-04-10 22:00,60,"ORO_PAS_LA_PEANA_UL/Cell:eNodeB Function Name=ORO_PAS_LA_PEANA_L, Local Cell ID=9, Cell Name=ORO_PAS_LA_PEANA_L7_9, eNodeB ID=22553, Cell FDD TDD indication=CELL_FDD",Reliable,295.3,57.269
2026-04-10 22:00,60,"ORO_PAS_LA_PEANA_UL/Cell:eNodeB Function Name=ORO_PAS_LA_PEANA_L, Local Cell ID=8, Cell Name=ORO_PAS_LA_PEANA_L7_8, eNodeB ID=22553, Cell FDD TDD indication=CELL_FDD",Reliable,488.837,111.623
2026-04-10 22:00,60,"ORO_PAS_LA_PEANA_UL/Cell:eNodeB Function Name=ORO_PAS_LA_PEANA_L, Local Cell ID=7, Cell Name=ORO_PAS_LA_PEANA_L7_7, eNodeB ID=22553, Cell FDD TDD indication=CELL_FDD",Reliable,1396.819,219.213
2026-04-10 22:00,60,"ORO_MCH_CICOMACHALA_UL/Cell:eNodeB Function Name=ORO_MCH_CICOMCH_L, Local Cell ID=3, Cell Name=ORO_MCH_CICOMCH_L21_3, eNodeB ID=22311, Cell FDD TDD indication=CELL_FDD",Reliable,333.973,33.418
2026-04-10 22:00,60,"ORO_MCH_CICOMACHALA_UL/Cell:eNodeB Function Name=ORO_MCH_CICOMCH_L, Local Cell ID=2, Cell Name=ORO_MCH_CICOMCH_L21_2, eNodeB ID=22311, Cell FDD TDD indication=CELL_FDD",Reliable,975.822,147.094
2026-04-10 22:00,60,"ORO_MCH_CICOMACHALA_UL/Cell:eNodeB Function Name=ORO_MCH_CICOMCH_L, Local Cell ID=1, Cell Name=ORO_MCH_CICOMCH_L21_1, eNodeB ID=22311, Cell FDD TDD indication=CELL_FDD",Reliable,336.608,27.168
2026-04-10 22:00,60,"ORO_MCH_ARAUJO_UL/Cell:eNodeB Function Name=ORO_MCH_ ARAUJO_L, Local Cell ID=3, Cell Name=ORO_MCH_ARAUJO_L21_3, eNodeB ID=22329, Cell FDD TDD indication=CELL_FDD",Reliable,782.045,34.822
2026-04-10 22:00,60,"ORO_MCH_ARAUJO_UL/Cell:eNodeB Function Name=ORO_MCH_ ARAUJO_L, Local Cell ID=2, Cell Name=ORO_MCH_ARAUJO_L21_2, eNodeB ID=22329, Cell FDD TDD indication=CELL_FDD",Reliable,169.564,15.633
2026-04-10 22:00,60,"ORO_MCH_ARAUJO_UL/Cell:eNodeB Function Name=ORO_MCH_ ARAUJO_L, Local Cell ID=1, Cell Name=ORO_MCH_ARAUJO_L21_1, eNodeB ID=22329, Cell FDD TDD indication=CELL_FDD",Reliable,587.955,32.716
2026-04-10 22:00,60,"ORO_MCH_JUAN_MONTALVO_UL/Cell:eNodeB Function Name=ORO_MCH_ JUAN_MONTALVO_L, Local Cell ID=3, Cell Name=ORO_MCH_ JUAN_MONTALVO_L21_3, eNodeB ID=22330, Cell FDD TDD indication=CELL_FDD",Reliable,36.973,3.784
2026-04-10 22:00,60,"ORO_MCH_JUAN_MONTALVO_UL/Cell:eNodeB Function Name=ORO_MCH_ JUAN_MONTALVO_L, Local Cell ID=2, Cell Name=ORO_MCH_ JUAN_MONTALVO_L21_2, eNodeB ID=22330, Cell FDD TDD indication=CELL_FDD",Reliable,2079.329,152.096
2026-04-10 22:00,60,"ORO_MCH_JUAN_MONTALVO_UL/Cell:eNodeB Function Name=ORO_MCH_ JUAN_MONTALVO_L, Local Cell ID=1, Cell Name=ORO_MCH_ JUAN_MONTALVO_L21_1, eNodeB ID=22330, Cell FDD TDD indication=CELL_FDD",Reliable,37.598,3.064
2026-04-10 22:00,60,"ORO_MCH_ PALMERAS_UL/Cell:eNodeB Function Name=ORO_MCH_ PALMERAS_L, Local Cell ID=3, Cell Name=ORO_MCH_PALMERAS_L21_3, eNodeB ID=22331, Cell FDD TDD indication=CELL_FDD",Reliable,393.984,67.227
2026-04-10 22:00,60,"ORO_MCH_ PALMERAS_UL/Cell:eNodeB Function Name=ORO_MCH_ PALMERAS_L, Local Cell ID=2, Cell Name=ORO_MCH_PALMERAS_L21_2, eNodeB ID=22331, Cell FDD TDD indication=CELL_FDD",Reliable,1749.502,55.158
2026-04-10 22:00,60,"ORO_MCH_ PALMERAS_UL/Cell:eNodeB Function Name=ORO_MCH_ PALMERAS_L, Local Cell ID=1, Cell Name=ORO_MCH_PALMERAS_L21_1, eNodeB ID=22331, Cell FDD TDD indication=CELL_FDD",Reliable,807.319,110.027
2026-04-10 22:00,60,"ORO_IBE_IBERIA_UL/Cell:eNodeB Function Name=ORO_IBE_IBERIA_L, Local Cell ID=9, Cell Name=ORO_IBE_IBERIA_L7_9, eNodeB ID=22549, Cell FDD TDD indication=CELL_FDD",Reliable,465.364,26.817
2026-04-10 22:00,60,"ORO_IBE_IBERIA_UL/Cell:eNodeB Function Name=ORO_IBE_IBERIA_L, Local Cell ID=8, Cell Name=ORO_IBE_IBERIA_L7_8, eNodeB ID=22549, Cell FDD TDD indication=CELL_FDD",Reliable,35.415,3.387
2026-04-10 22:00,60,"ORO_IBE_IBERIA_UL/Cell:eNodeB Function Name=ORO_IBE_IBERIA_L, Local Cell ID=7, Cell Name=ORO_IBE_IBERIA_L7_7, eNodeB ID=22549, Cell FDD TDD indication=CELL_FDD",Reliable,712.659,80.714
2026-04-10 22:00,60,"ORO_MCH_VIA_BALOSA_UL/Cell:eNodeB Function Name=ORO_MCH_VIA_BALOSA_L, Local Cell ID=9, Cell Name=ORO_MCH_VIA_BALOSA_L7_9, eNodeB ID=22577, Cell FDD TDD indication=CELL_FDD",Reliable,380.461,30.777
2026-04-10 22:00,60,"ORO_MCH_VIA_BALOSA_UL/Cell:eNodeB Function Name=ORO_MCH_VIA_BALOSA_L, Local Cell ID=8, Cell Name=ORO_MCH_VIA_BALOSA_L7_8, eNodeB ID=22577, Cell FDD TDD indication=CELL_FDD",Reliable,726.635,161.535
2026-04-10 22:00,60,"ORO_MCH_VIA_BALOSA_UL/Cell:eNodeB Function Name=ORO_MCH_VIA_BALOSA_L, Local Cell ID=7, Cell Name=ORO_MCH_VIA_BALOSA_L7_7, eNodeB ID=22577, Cell FDD TDD indication=CELL_FDD",Reliable,248.129,10.254
2026-04-10 22:00,60,"AZU_CUE_TARQUI_UL/Cell:eNodeB Function Name=AZU_CUE_TARQUI_L, Local Cell ID=9, Cell Name=AZU_CUE_TARQUI_L7_9, eNodeB ID=22129, Cell FDD TDD indication=CELL_FDD",Reliable,651.862,74.12
2026-04-10 22:00,60,"AZU_CUE_TARQUI_UL/Cell:eNodeB Function Name=AZU_CUE_TARQUI_L, Local Cell ID=8, Cell Name=AZU_CUE_TARQUI_L7_8, eNodeB ID=22129, Cell FDD TDD indication=CELL_FDD",Reliable,189.343,25.84
2026-04-10 22:00,60,"AZU_CUE_TARQUI_UL/Cell:eNodeB Function Name=AZU_CUE_TARQUI_L, Local Cell ID=7, Cell Name=AZU_CUE_TARQUI_L7_7, eNodeB ID=22129, Cell FDD TDD indication=CELL_FDD",Reliable,1095.701,65.304
